char,kDefinition
而,and; and then; and yet; but; Kangxi radical 126
皇,"royal, imperial; ruler, superior"
行,"go; walk; move, travel; circulate; Kangxi radical 144"
人,man; people; mankind; someone else
希,"rare; hope, expect, strive for"
移,"change place, shift; move about"
白,"white; pure, unblemished; bright"
常,"common, normal, frequent, regular"
爾,"you; that, those; final particle"
異,"different, unusual, strange"
妃,"wife, spouse; imperial concubine"
知,"know, perceive, comprehend"
瑪,agate; cornelian
万,ten thousand; innumerable
凜,"shiver with cold or fear, fearful"
無,"negative, no, not; lack, have no"
至,"reach, arrive; extremely, very; Kangxi radical 133"
要,"necessary, essential; necessity"
好,"good, excellent, fine; well"
署,public office
炤,"illumine, light up; reflect"
得,"obtain, get, gain, acquire"
因,"cause, reason; by; because (of)"
用,"use, employ, apply, operate; use"
昇,"rise, ascent; peaceful; peace"
之,"marks preceding phrase as modifier of following phrase; it, him her, them; go to"
僥,"be lucky; by chance, by luck"
罪,"crime, sin, vice; evil; hardship"
洋,"ocean, sea; foreign; western"
以,"by means of; thereby, therefore; consider as; in order to"
色,"color, tint, hue, shade; form, body; beauty, desire for beauty; Kangxi radical 139"
礼,social custom; manners; courtesy; rites
餘,"surplus, excess, remainder"
百,"one hundred; numerous, many"
夜,"night, dark; in night; by night"
身,"body; trunk, hull; Kangxi radical 158"
庄,"village, hamlet; villa, manor"
入,"enter, come in(to), join"
弇,"cover over, hide; narrow-necked"
罡,"the stars making up the handle of the Big Dipper (Alkaid, Mizar, and Alioth)"
吞,"swallow; absorb, annex, engulf"
肆,"indulge; excess; numeral four; particle meaning now, therefore; shop"
可,"may, can, -able; possibly"
廪,granary; stockpile
䏻,"(same as 能) can; to be able to, capability; talent, energy"
槎,"raft; time, occasion; to hew"
分,divide; small unit of time etc.
計,"plan, plot; stratagem; scheme"
街,"street, road, thoroughfare"
㓜,(corrupted form of 幼) young; immature; weak; delicate
衣,"clothes, clothing; cover, skin; Kangxi radical 145"
鲁,"foolish, stupid, rash; vulgar"
個,"numerary adjunct, piece; single"
竈,furnace; kitchen stove
方,"a square, rectangle; a region; local"
例,"precedent, example; regulation"
并,"combine, annex; also, what's more"
輝,"brightness, luster, brilliance"
茂,"thick, lush, dense; talented"
弄,"do, play or fiddle with; alley"
尽,"exhaust, use up; deplete"
戈,"halberd, spear, lance; rad. 62"
平,"flat, level, even; peaceful"
嘿,"be silent, be quiet"
庵,Buddhist monastery or nunnery
祐,"divine intervention, protection"
氏,"clan, family; mister"
罷,"cease, finish, stop; give up"
䆒,(corrupted form of 究) to examine; to study; to investigate exhaustively
遥,"far away, distant, remote"
丸,"small round object; pellet, pill"
裔,"progeny, descendants, posterity"
愈,"more and more, even more"
厅,"hall, central room"
罟,net; snare; pressure come or go
祠,ancestral temple; offer sacrifice
八,"eight; all around, all sides"
团,"sphere, ball, circle; mass, lump"
置,"place, lay out; set aside"
末,"final, last, end; insignificant"
林,"forest, grove; surname"
國,"nation, country, nation-state"
厕,"mingle with; toilet, lavatory"
詩,"poetry; poem, verse, ode"
噐,"receptacle, vessel; instrument"
重,"heavy, weighty; double"
哈,sound of laughter
从,"from, by, since, whence, through"
嚶,seek friends; also used in names; the call of a bird
莒,a Zhou-dynasty vassal state in modern Shandong; (archaic) taro
乔,"tall, lofty; proud, stately"
該,"should, ought to, need to"
勿,"must not, do not; without, never"
對,"correct, right; facing, opposed"
芒,Miscanthus sinensis
切,"cut, mince, slice, carve"
結,"knot, tie; join, connect"
馬,horse; surname; Kangxi radical 187
受,"receive, accept, get; bear, stand"
三,three
心,"heart; mind, intelligence; soul; 5th lunar mansion, determinative star α Scorpii (Antares)"
戞,lance; tap or strike lightly
居,"live, dwell, reside, sit"
戛,lance; tap or strike lightly
解,"loosen, unfasten, untie; explain; hexagram ䷧"
姨,mother/wife's sister; concubine
被,passive indicator 'by'; bedding
娱,"pleasure, enjoyment, amusement"
罕,"rare, scarce; surname"
煜,"bright, shining, brilliant"
丑,"clown, comedian; second earthly branch"
为,"do, handle, govern, act; be"
肉,flesh; meat; Kangxi radical 130
宅,"residence, dwelling, home; grave"
咽,throat; pharynx
渚,"small sand bank, islet"
斥,"to scold, upbraid, accuse, reproach"
廩,"granary; stockpile, store"
燔,to roast; to burn
噀,spurt out of the mouth
舞,"dance, posture, prance; brandish"
采,"collect, gather; pick, pluck"
竣,"terminate, end, finish; quit"
案,"table, bench; legal case"
等,"rank, grade; to wait; equal, “and so forth”"
篭,cage; cage-like basket
歿,die; death; dead
畏,"fear, dread, awe, reverence"
虎,"tiger; brave, fierce; surname"
柩,coffin which contains corpse
辭,"words, speech, expression, phrase"
運,"luck, fortune; ship, transport"
朦,condition or appearance of moon
晁,"morning, dawn; surname"
願,"desire, want; wish; ambition"
喬,"tall, lofty; proud, stately"
及,extend; reach; come up to; and
商,"commerce, business, trade"
張,"stretch, extend, expand; sheet; 26th lunar mansion, determinative star υ¹ Hydrae"
冉,tender; weak; proceed gradually
夢,dream; visionary; wishful
候,wait; expect; visit; greet
媛,"beauty, beautiful woman"
黑,"black; dark; evil, sinister; Kangxi radical 203"
洶,"the rush of water; turbulent; noisy, restless"
屍,"corpse, carcass"
乕,"tiger; brave, fierce; surname"
配,"match, pair; equal; blend"
曰,say; Kangxi radical 73
外,"out, outside, external; foreign"
海,"sea, ocean; maritime"
肭,fat; seal
尒,"you, your"
選,"choose, select; elect; election"
苑,"pasture, park, garden; mansion"
仪,"ceremony, rites gifts; admire"
醉,"intoxicated, drunk; addicted to"
先,"first, former, previous"
安,"peaceful, tranquil, quiet"
牛,"cow, ox, bull; Kangxi radical 93; 9th lunar mansion, determinative star β Capricorni (Dabih)"
姚,"handsome, elegant; surname"
卄,"twenty, twentieth"
其,"his, her, its, their; that"
碾,"roller, crush; roll"
記,"record; keep in mind, remember"
准,"approve, allow, permit; in accord"
喫,"eat; drink; suffer, endure, bear"
迕,"obstinate, perverse"
開,"open; initiate, begin, start"
未,not yet; eighth earthly branch
羅,net for catching birds; gauze
䏷,medicine for a sore; a boil (injure by a sword or a knife)
咤,"scold, bellow, shout at, roar"
哦,oh? really? is that so?
慓,nimble
孔,"opening, hole, orifice; great"
凛,to shiver with cold or fear
敬,"respect, honor; respectfully"
下,"under, underneath, below; down; inferior; bring down"
畀,to give
含,hold in mouth; cherish; contain
僊,"Taoist super-being, transcendent, immortal"
漂,"float, drift; tossed about"
州,"administrative division, state"
修,study; repair; cultivate
燒,burn; bake; heat; roast
樂,"happy, glad; enjoyable; music"
特,"special, unique, distinguished"
荼,"thistle, sowthistle; bitter"
司,"take charge of, control, manage; officer"
喂,interjection to call attention
腐,"rot, decay, spoil; rotten"
姻,relatives by marriage
良,"good, virtuous, respectable"
喁,"the mouth of a fish at the surface of the water, gasping for breath"
婉,"amiable, congenial; restrained"
窀,to bury
咄,"noise of rage, cry out in anger"
媿,"ashamed, conscience-stricken"
仏,Buddha
斧,"axe, hatchet; chop, hew"
暮,"evening, dusk, sunset; ending"
閑,"fence, barrier; defend; idle time"
皮,"skin, hide, fur, feather; outer"
定,"decide, settle, fix"
冊,"book, volume"
六,number six
則,"rule, law, regulation; grades"
卧,lie down; crouch
衡,"measure, weigh, judge, consider"
佃,tenant farmer; be a tenant farmer
駐,"to be stationed at, reside at; to stop"
雜,"mixed, blended; mix, mingle"
閤,small side door; chamber
褒,"praise, commend, honor, cite"
兔,"rabbit, hare"
辟,"law, rule; open up, develop"
召,imperial decree; summon
肃,pay respects; reverently
斾,a pennon; a streamer
呫,"whisper; lick, taste; petty"
嬢,"troubled, oppressed; fat; mother"
欲,"desire, want, long for; intend"
沼,"lake, fishpond, swamps"
次,"order, sequence; next"
滋,"grow, multiply, increase; thrive"
庶,"numerous, various; multitude"
小,"small, tiny, insignificant"
畨,foreign; to repeat
弓,"bow; curved, arched; Kangxi radical 57"
晦,"dark, unclear, obscure; night"
矢,"arrow, dart; vow, swear"
止,"stop, halt, desist; detain"
㢴,"the west; western, European"
姑,father's sister; husband's mother
憂,"sad, grieved; grief, melancholy"
攵,"rap, tap; radical number 66"
嗜,"be fond of, have weakness for"
慎,"act with care, be cautious"
紫,"purple, violet; amethyst; surname"
𡻕,year of age
忌,"jealous, envious; fear"
麦,"wheat, barley, oats; simplified form of Kangxi radical 199"
捲,"curl, roll up; curly, rolled up"
众,"multitude, crowd; masses, public"
店,"shop, store; inn, hotel"
仗,"rely upon; protector; fight; war, weaponry"
久,"long time (ago); time passage, grow late"
庻,"numerous, various; multitude"
丞,"assist, aid, rescue"
廿,"twenty, twentieth"
亮,"bright, brilliant, radiant, light"
弃,"reject, abandon, discard"
志,"purpose, will, determination; annals"
佯,"pretend, feign; false, deceitful"
浦,"bank of river, shore; surname"
俞,"surname; consent, approve"
寘,"put aside, put down; discard"
向,"toward, direction, trend"
薊,"genus Cirsium, thistles; surname"
聒,"clamor, din, hubbub"
衍,"overflow, spill over, spread out"
奸,"crafty, villainous, false"
嫫,Huangdi's ugly concubine; nurse
劳,"labor, toil, do manual work"
前,"in front, forward; preceding"
硬,"hard, firm, strong; obstinate"
守,"defend, protect, guard, conserve"
盖,"cover, hide, protect"
宠,"favorite, concubine; favor"
諫,"remonstrate, admonish"
審,"examine, investigate; judge"
帯,belt
寳,"treasure, jewel; precious, rare"
寻,"seek, search, look for; ancient"
独,"alone, single, solitary, only"
爺,"father, grandfather"
少,"few, less, inadequate"
郪,name of a stream in Sichuan province
煆,"raging fire; to forge, work"
山,"mountain, hill, peak"
俸,"wages, salary, official emolument"
釘,"nail, spike; pursue closely"
岀,go out
啾,wailing of child; chirp
崿,cliffs
戔,"small, narrow, tiny, little"
早,early; soon; morning
君,"sovereign, monarch, ruler, chief, prince"
旱,drought; dry; dry land
䍐,"(standard form 罕) a net or snare, a flag, rare; strange; scarce; few, name of a place in ancient times"
思,"think, consider, ponder; final particle"
乇,"to depend on, to entrust with"
祀,"to sacrifice, worship"
奉,offer; receive; serve; respect
在,"be at, in, on; consist in, rest"
生,"life, living, lifetime; birth"
尋,"seek, search, look for; ancient"
子,"offspring, child; fruit, seed of; first earthly branch"
兵,"soldier, troops"
石,"stone, rock, mineral; Kangxi radical 112"
韋,tanned leather; surname; Kangxi radical 178
不,"no, not; un-; negative prefix"
粤,Guangdong and Guangxi provinces; initial particle
何,"what, why, where, which, how"
直,"straight, erect, vertical"
景,"scenery, view; conditions"
困,"to surround, besiege; to be surrounded; difficult; hexagram ䷮"
兹,"now, here; this; time, year"
曷,why? what? where?
度,"degree, system; manner; to consider"
怖,"terror, fear; frighten; terrified"
花,flower; blossoms
与,"and; with; to; for; give, grant"
宋,Song dynasty; surname
夲,"advance quickly; to go back and forth; origin, source"
主,"master, chief owner; host; lord"
吹,"blow; puff; brag, boast"
畢,"end, finish, conclude; completed; 19th lunar mansion, determinative star ε Tauri (Ain)"
如,"if, supposing; as if; like, as"
祗,"respect, look up to, revere"
品,"article, product, commodity"
辰,early morning; fifth earthly branch; Kangxi radical 161
獅,lion
府,prefecture; prefect; government
故,"ancient, old; reason, because"
教,"teach, class"
垂,"let down; suspend, hand; down"
隻,"single, one of pair, lone; measure word"
幾,"how many? how much?; a few, some"
伐,"cut down, subjugate, attack"
朝,dynasty; morning
厶,"private, secret; Kangxi radical 28"
眾,"masses, people, multitude, crowd"
理,"reason, logic; manage"
冐,"risk, brave, dare"
族,"a family clan, ethnic group, tribe"
尺,Chinese measure approx. 'foot'
象,"elephant; ivory; figure, image"
尚,"still, yet; even; fairly, rather"
加,"add to, increase, augment"
乞,beg; request
望,"to look at, look forward; to hope, expect"
柒,number seven
碎,"break, smash; broken, busted"
女,"woman, girl; feminine; Kangxi radical 38; 10th lunar mansion, determinative star ε Aquarii (Albali)"
梁,bridge; beam; rafters; surname
魏,kingdom of Wei; surname
杜,"stop, prevent; restrict; surname"
返,"return, revert to, restore"
歹,"bad, vicious, depraved, wicked"
儿,"son, child; Kangxi radical 10"
丶,dot; Kangxi radical 3
架,"rack, stand, prop; prop up"
建,"build, establish, erect, found"
弟,"young brother; junior; I, me"
多,"much, many; more than, over"
哥,elder brother
四,four
孤,"orphan, fatherless; solitary"
字,"letter, character, word"
玄,"deep, profound, abstruse; Kangxi radical 95"
哭,"weep, cry, wail"
寧,"repose, serenity, peace; peaceful"
王,"king, ruler; royal; surname"
布,"cotton cloth, textiles, linen"
半,half
益,"profit, benefit; advantage; hexagram ䷩"
祖,"ancestor, forefather; grandfather"
冕,crown; ceremonial cap
丕,"great, grand, glorious, distinguished"
我,"our, us, i, me, my, we"
甚,great extent; considerably
李,plum; judge; surname
寿,"old age, long life; lifespan"
每,"every, each"
華,flowery; illustrious; Chinese
蚕,silkworms
祜,"blessing, happiness, prosperity"
名,"name, rank, title, position"
爵,feudal title or rank
事,"affair, matter, business; to serve; accident, incident"
屏,"folding screen, shield"
奎,"stride of man; 15th lunar mansion, determinative star η Andromedae"
然,"yes, certainly; pledge, promise"
疾,"illness, disease, sickness; to hate"
内,inside
妻,wife
曵,"trail, tow, drag, pull"
究,"examine, investigate"
捧,hold up in two hands
烟,"smoke, soot; opium; tobacco, cigarettes"
打,"strike, hit, beat; fight; attack"
抑,"press down, repress; curb, hinder"
后,"queen, empress, sovereign; (simp. for 後) behind, rear, after"
鬼,"ghost; spirit of dead; devil; Kangxi radical 194; 23rd lunar mansion, determinative star θ Cancri"
侯,"marquis, lord; target in archery"
兀,to cut off the feet
唱,"sing, chant, call; ditty, song"
依,"rely on, be set in; consent, obey a wish"
卷,scroll; curl; make a comeback
陣,"column, row or file of troops"
侵,"invade, encroach upon, raid"
消,"vanish, die out; melt away"
烏,"crow, rook, raven; black, dark"
香,"fragrant, sweet-smelling; incense; Kangxi radical 186"
道,"path, road, street; method, way"
但,"only; but, however, yet, still"
冒,"risk, brave, dare"
眉,eyebrows; upper margin of book
庫,"armory, treasury, storehouse"
耳,"ear; merely, only; handle; Kangxi radical 128"
丿,line; Kangxi radical 4
忝,disgraced; ashamed; self-deprecating
屬,"class, category, type; to belong to"
屠,"butcher, slaughter, massacre"
必,"surely, most certainly; must"
羽,"feather, plume; wings; Kangxi radical 124"
死,die; dead; death
看,"look, see; examine, scrutinize"
時,"time, season; era, age, period"
支,"disperse, pay; support; branch"
罢,"cease, finish, stop; give up"
捕,"arrest, catch, seize"
房,"house, building; room; 4th lunar mansion, determinative star π Scorpii"
寺,"court, office; temple, monastery"
妥,"satisfactory, appropriate"
母,mother; female elders; female
基,"foundation, base"
數,number; several; count; fate
練,"practice, drill, exercise, train"
髙,"high, tall; lofty, elevated"
慱,sad
來,"come, coming; return, returning"
公,"fair, equitable; public; duke"
恩,"kindness, mercy, charity"
詎,interjection used to express surprise
果,fruit; result
效,"result, effect; effectiveness"
遁,"hide, conceal oneself; escape"
放,"put, release, free, liberate"
地,"earth; soil, ground; region"
民,"people, subjects, citizens"
有,"have, own, possess; exist"
固,"to become solid, solidify; strength"
壽,"old age, long life; lifespan"
吟,"sing, hum; recite; type of poetry"
己,"self, oneself; personal, private; 6th heavenly stem"
鎮,"town, market place; suppress"
尾,"tail, extremity; end, stern; 6th lunar mansion, determinative star μ¹ Scorpii (Xamidimura)"
将,"will, going to, future; general"
鄧,a county in Henan; surname
蜀,"one of the Three Kingdoms, established by Liu Bei"
涂,surname; name of certain rivers
巽,"south-east; mild, modest, obedient; trigram ☴; hexagram ䷸"
歇,"rest, stop, lodge"
衆,"multitude, crowd; masses, public"
冬,"winter, 11th lunar month"
冶,"smelt, fuse metals; cast, found"
覺,to wake up from sleep; conscious
凡,"all, any, every; ordinary, common"
須,"must, have to, necessary; moment; whiskers"
深,"deep; depth; far; very, extreme"
庐,"hut, cottage; name of a mountain"
呌,to call; to summon
任,"trust to, rely on, appoint; to bear, duty, office; allow"
乙,second; 2nd heavenly stem
𧹒,"buy, purchase; bribe, persuade"
米,hulled or husked uncooked rice
禀,"report to, petition"
愁,"anxiety; to worry about, be anxious"
據,"to occupy, take possession of; a base"
惮,"dread, shrink from, shirk, fear"
厚,thick; substantial; greatly
改,"change, alter; improve, remodel"
罔,net; deceive; libel; negative
静,"quiet, still, motionless; gentle"
敗,"be defeated, decline, fail"
神,"spirit, god, supernatural being"
祝,pray for happiness or blessings
刻,"carve, engrave; quarter hour"
雪,"snow; wipe away shame, avenge"
意,"thought, idea, opinion; think"
節,"knot, node, joint; section; hexagram ䷻"
仵,similar
所,"place, location; numerary adjunct"
户,door; family
納,"admit, take, receive, accept"
編,"knit, weave; arrange; compile"
匈,"breast, chest, thorax; clamor; the Hsiung Nu 'Huns'"
祕,"mysterious, secret, abstruse"
摂,"take in, absorb; act as deputy"
愕,"startled, alarmed, astonished"
撓,"scratch; disturb, bother; submit"
勺,"spoon, ladle; unit of volume"
难,"difficult, arduous, hard; unable"
危,"dangerous, precarious; high; 12th lunar mansion, determinative star α Aquarii (Sadalmelik)"
曉,"dawn, daybreak; clear, explicit"
朕,pronoun 'I'
盈,"fill; full, overflowing; surplus"
本,"root, origin, source; basis"
机,desk; machine; moment
馮,surname; gallop; by dint of
条,"clause, condition; string, stripe"
典,"law, canon; documentation; classic, scripture"
痍,"wound, bruise, sore"
症,"disease, illness, ailment"
病,"illness, sickness, disease"
染,dye; be contagious; infect
魂,"soul, spirit"
更,"more, still further, much more; to change, alter"
餌,"bait; bait, entice; dumplings"
磊,pile of rocks or stones; great
刈,"cut off, reap, mow; sickle"
息,"rest, put stop to, end, cease"
旨,"purpose, aim; excellent"
丁,"male adult; robust, vigorous; 4th heavenly stem"
䵟,"(same as 皯) black, black moles or black birthmarks on the face"
旺,prosper; prosperous; increase
碉,room made of stone; watchtower
硐,(variant of 洞) cave; chamber; pit
出,"go out, send out; stand; produce"
破,"break, ruin, destroy; rout"
昭,"bright, luminous; illustrious"
几,small table
短,"short; brief; deficient, lacking"
伎,"talent, skill, ability"
飢,"hunger, starving; hungry; a famine"
晋,"advance, increase; promote"
普,"universal, general, widespread"
悔,"repent, show remorse, regret"
翅,wings; fin
罸,"penalty, fine; punish, penalize"
學,"learning, knowledge; school"
乳,"breast, nipples; milk, suckle"
也,also; classical final particle of strong affirmation or identity
完,"complete, finish, settle; whole"
術,"art, skill, special feat; method, technique"
宣,"declare, announce, proclaim"
仍,"yet, still, as ever; again; keep -ing, continuing"
寃,"grievance, injustice, wrong"
寄,"send, transmit, mail; rely on"
適,"match, comfortable; just"
咲,"smile, laugh, giggle; snicker"
𧊵,rainbow
蛛,spider
著,manifest; (Cant.) to wear
呪,"curse, damn, incantation"
袍,"long gown, robe, cloak"
诸,"various, all, these; surname"
轉,"shift, move, turn"
交,"mix; intersect; exchange, communicate; deliver"
嚼,"prattle, be glib"
貯,"store, stockpile, hoard"
姦,"adultery, debauchery; debauch"
奴,"slave, servant"
詞,"words; phrase, expression"
喧,"lively, noisy; clamor, talk loudly"
妒,"jealous, envious"
妨,"interfere with, impede, obstruct"
委,"appoint, send, commission"
莫,"do not, is not, can not; negative"
吾,"i, my, our; resist, impede"
莊,"village, hamlet; villa; surname"
取,"take, receive, obtain; select"
只,"only, just, simply"
聘,"engage, employ; betroth"
叚,false
当,"bear, accept, undertake; just"
变,"change, transform, alter; rebel"
銕,"iron; strong, solid, firm"
发,"issue, dispatch, send out; hair"
翹,"turn up, lift, elevate, raise"
魯,"foolish, stupid, rash; vulgar"
群,"group, crowd, multitude, mob"
右,right; west; right-wing
荒,"wasteland, desert; uncultivated"
吠,bark
崐,Kunlun mountains in Jiangsu
都,"metropolis, capital; all, the whole; elegant, refined"
崤,mountain in Henan
吮,"suck with mouth, sip, lick"
吪,move
左,"left; east; unorthodox, improper"
号,"mark, sign; symbol; number"
他,"other, another; he, she, it"
巳,sixth earthly branch
芦,"rushes, reeds"
同,"same, similar; together with"
吊,"condole, mourn, pity; hang"
胡,"recklessly, foolishly; wildly"
由,"cause, reason; from"
㑹,"(non-classical of 會) to meet; to assemble, to co-operate, a society; a guild; an association"
牡,male of animals; bolt of door
漢,"the Chinese people, Chinese language"
併,"combine, annex"
漙,dewy
鳥,bird; Kangxi radical 196
樞,door hinge; pivot; center of power
犎,"the zebu, or humped-ox"
麩,bran
泠,"nice and cool, mild and comfortable"
活,"live, exist, survive; lively"
歩,step
歌,"song, lyrics; sing, chant; praise"
侣,companion; associate with
淒,"bitter cold, miserable, dreary"
係,"bind, tie up; involve, relation"
瑟,"large stringed musical instrument; dignified, massive; sound of wind"
正,"right, proper, correct"
麾,"a pennant, flag, banner; to signal to"
毒,"poison, venom; poisonous"
錦,"brocade, tapestry; embroidered"
勁,"strong, unyielding, tough, powerful"
离,rare beast; strange; elegant
句,sentence
銜,"bit; hold in mouth, bite; gag"
聶,whisper; surname
口,"mouth; open end; entrance, gate"
弹,"pellet, bullet, shot, shell"
化,"change, convert, reform; -ize"
俘,prisoner of war; take as prisoner
秦,feudal state of Qin; the Qin dynasty (from which the name 'China' comes)
者,that which; he who; those who
循,"obey, comply with, follow"
義,"right conduct, righteousness"
法,"law, rule, regulation, statute; France, French"
𢙢,to fear
流,"flow, circulate, drift; class"
羙,beautiful
脉,"blood vessels, veins, arteries"
庇,"cover, shield, shelter, protect"
应,"should, ought to, must"
举,"raise, lift up; recommend"
福,"happiness, good fortune, blessing"
庙,"temple, shrine; imperial court"
腮,lower part of face; jaw; gills of a fish
脫,"take off, peel off, strip"
廻,circle around; return; curving
合,"combine, unite, join; gather"
康,"peaceful, quiet; happy, healthy"
廵,to go on circuit; to cruise to patrol
零,"zero; fragment, fraction"
肥,"fat, plump, obese; fertile"
收,"gather together, collect; harvest"
股,"thighs, haunches, rump; share"
禹,legendary hsia dynasty founder
廷,court
羡,"envy, admire; praise; covet"
並,"equal to; side by side; also, what is more; both"
即,"promptly, quickly, immediately"
近,"near, close; approach; intimate"
紆,"bend, turn, twist; distort"
戰,"war, fighting, battle"
糁,a grain of rice; rice gruel mixed with meat
粹,pure; unadulterated; select
扇,fan; door panel
仰,"raise the head to look; look up to, rely on, admire"
捶,"strike with stick, lash, beat"
陶,"pottery, ceramics"
篇,"chapter, section, essay, article"
箋,"note, memo; stationery; comments"
随,"follow, listen to, submit to"
率,to lead; ratio; rate; limit
抓,"scratch; clutch, seize, grab"
隔,"separate, partition"
偉,"great, robust; extraordinary"
笑,"smile, laugh, giggle; snicker"
竜,dragon; symbolic of emperor
值,price
愛,"love, be fond of, like"
恨,"hatred, dislike; resent, hate"
閹,castrate; eunuch
稔,"ripe grain; harvest; to know, be familiar with"
悮,"impede; neglect, delay"
罨,medical compress; fish net
悶,"gloomy, depressed, melancholy"
沿,"follow a course, go along"
致,"send, deliver, present; cause"
罗,net for catching birds; gauze
厉,"whetstone; grind, sharpen; whet"
犯,"commit crime, violate; criminal"
稜,"corner, edge, angle; square block"
探,"find, locate; search, grope for"
经,classic works; pass through
授,"give to, transmit; confer"
㸃,"(same as 點) a dot; a spot; a speck, a point, a little; a mite, to count; to check on by one, to punctuate"
涕,"tear; snivel, nasal mucus"
喝,"drink; shout, call out"
妄,"absurd, foolish, reckless; false"
言,"words, speech; speak, say; Kangxi radical 149"
妾,concubine
始,"begin, start; then, only then"
啟,open; begin
㐲,name of an island
娩,give birth child; complaisant
婢,servant girl; your servant
唼,speaking evil; gobbling sound made by ducks
唵,used in Buddhist texts to transliterate non-Chinese sounds; to eat with the hand
嫂,"sister-in-law, elder brother's wife"
存,"exist, live, be; survive; remain"
衲,"mend, sew, patch; line; quilt"
焉,"thereupon, then; how? why? where?"
舜,"legendary ruler, last of the Five Emperors"
囚,"prisoner, convict; confine"
炉,"fireplace, stove, oven, furnace"
辱,"humiliate, insult, abuse"
圓,"circle; round, circular; complete"
圖,"diagram; chart, map, picture"
坤,"earth; feminine, female; trigram ☷; hexagram ䷁"
躬,"body; personally, in person"
報,"report, tell, announce"
云,"say, speak; clouds"
赤,red; bare; Kangxi radical 155
貧,"poor, impoverished, needy"
財,"wealth, valuables, riches"
些,"little, few; rather, somewhat"
烛,"candle, taper; shine, illuminate"
五,five; surname
记,"record; keep in mind, remember"
變,"change, transform, alter; rebel"
逢,"come upon, happen meet; flatter"
護,"protect, guard, defend, shelter"
𡉄,rascal
煇,"weld, solder"
宗,"lineage, ancestry; ancestor, clan"
岫,"mountain peak; cave, cavern"
落,"fall, drop; net income, surplus"
燭,"candle, taper; to shine, illuminate"
菱,"water-chestnut, water caltrop"
屛,folding screen
侘,"disappointed, forlorn"
履,"footwear, shoes; walk on, tread; hexagram ䷉"
仔,"small thing, child; young animal"
荅,answer: small bean; thick
爭,"to dispute, fight, contend, strive"
煙,"smoke, soot; opium; tobacco, cigarettes"
鄂,Hubei province; startled
鄒,a Zhou-dynasty state in modern Shandong
淆,"confused, in disarray, mixed up"
酉,a wine vessel; tenth earthly branch; Kangxi radical 164
已,already; finished; stop
体,"body; group, class, body, unit; inferior"
帝,"supreme ruler, emperor; god"
師,"teacher, master, specialist; multitude, troops; hexagram ䷆"
吕,surname; a musical note
那,"that, that one, those"
葬,"bury, inter"
游,"to swim; float, drift; wander, roam"
密,"dense, thick, close; intimate"
遡,go upstream; trace source; formerly
蠎,"python, boa constrictor"
融,"melt, fuse; blend, harmonize"
済,"help, aid, relieve; ferry, cross"
將,"will, going to, future; general"
命,"life; destiny, fate, luck; an order, instruction"
藥,"drugs, pharmaceuticals, medicine"
還,"still, yet, also, besides"
呼,"breathe sigh, exhale; call, shout"
蕤,"drooping leaves; fringe soft, delicate"
呻,"groan, moan; recite with intonation"
政,"government, political affairs"
㷔,(same as non-classical form of 焰) flame; blaze; glowing; brilliant
傳,"summon; propagate, transmit"
桓,variety of tree; surname
时,"time, season; era, age, period"
兮,exclamatory particle
桀,chicken roost; ancient emperor
碍,"obstruct, hinder, block, deter"
瑰,"extraordinary, fabulous; rose"
共,"together with, all, total; to share"
鳩,"pigeon, dove; collect, assemble"
殊,"different, special, unusual"
既,already; de facto; since; then
明,"bright, light, brilliant; clear"
瑜,flawless gem or jewel
棲,perch; roost; stay
森,forest; luxuriant vegetation
断,"sever, cut off; interrupt"
順,"obey, submit to, go along with"
伺,"serve, wait upon, attend; examine"
示,"show, manifest; demonstrate; Kangxi radical 113"
初,"beginning, initial, primary"
棄,"reject, abandon, discard"
磎,"mountain stream, creek"
刍,"mow, cut grass; hay, fodder"
痒,itch
凌,pure; virtuous; insult; maltreat
皆,"all, every, everybody"
鷺,"heron, egret; Ardea species (various)"
暗,"dark; obscure; in secret, covert"
冠,"cap, crown, headgear"
眩,"to confuse; dizzy, dazed, disoriented"
曳,"trail, tow, drag, pull"
冲,soar; pour boiling water over
飭,order; command; give command
皂,soap; black; menial servant
砲,"gun, cannon"
晉,"advance, increase; promote; hexagram ䷢"
砰,"sound of crashing stones, bang!"
昜,"to open out, to expand; bright, glorious"
具,"tool, implement; draw up, write"
甦,"be reborn; resuscitate, revive"
星,"a star, planet; any point of light; 25th lunar mansion, determinative star α Hydrae (Alphard)"
杲,bright sun; brilliant; high
是,"indeed, yes, right; to be; demonstrative pronoun, this, that"
杢,woodworker
產,"give birth, bring forth, produce"
似,"resemble, similar to; as if, seem"
杖,"cane, walking stick"
斟,to pour wine or tea into a cup; to gauge
曽,already; sign of past
琰,"jewel, gem; glitter of gems"
丈,"unit of length equal 3.3 meters; gentleman, man, husband"
兜,pouch
数,"number; several, count; fate"
男,"male, man; son; baron; surname"
免,spare; excuse from; evade
文,"literature, culture, writing"
券,"certificate, ticket; title deeds"
甫,"begin; man, father; great; a distance of ten li"
杏,apricot; almond
封,"letter, envelope; feudal"
申,"to state to a superior, report; extend; ninth earthly branch"
虜,"to capture, imprison, seize; a prison"
杓,"handle of cup, ladle, spoon; name of a constellation (the handle of the Big Dipper)"
檢,check; examine
略,"approximately, roughly; outline"
災,"calamity, disaster, catastrophe"
辦,"manage, do, handle; deal with"
的,"possessive, adjectival suffix"
乎,interrogative or exclamatory final particle
藴,collect
蘆,"rushes, reeds"
淸,clear
蘭,"orchid; elegant, graceful"
混,"to mix, blend, mingle; to bumble along"
寽,a handful; a pinch
圭,jade pointed at top
寗,a surname; peaceful; rather
灼,burn; broil; cauterize; bright
楽,"happy, glad; enjoyable; music"
㽞,"(abbreviated form of 留) to remain; to stay, to detain, to leave behind"
富,"abundant, ample; rich, wealthy"
蠏,crab
淹,"drown; cover with liquid, steep"
熖,"(same as 燄) flame; blazing, brilliant"
為,"do, handle, govern, act; be"
坌,"dust, earth; a bank of earth; to dig; to bring together"
蝎,scorpion
辞,"words, speech, expression, phrase"
清,"clear, pure, clean; peaceful"
寸,"inch; small, tiny; Kangxi radical 41"
蜂,"bee, wasp, hornet"
辛,"bitter; toilsome, laborious; 8th heavenly stem; Kangxi radical 160"
寶,"treasure, jewel; precious, rare"
淫,"obscene, licentious, lewd"
岂,how? what?
盗,"rob, steal; thief, bandit"
荷,"lotus, water lily; Holland"
燹,fire; wild fires
淮,river in Anhui province
爪,"claw, nail, talon; animal feet"
最,"most, extremely, exceedingly"
巍,"high, lofty, majestic, eminent"
崦,"a mountain in Kansu, where there is a cave into which the sun is said to sink at night"
爱,"love, be fond of, like"
崑,Kunlun mountains in Jiangsu province.
圈,to circle; a circle; corral
峯,"peak, summit; hump of camel"
朋,"friend, pal, acquaintance"
岩,cliff; rocks; mountain
榴,pomegranate
薈,"luxuriant, flourishing, abundant"
尼,Buddhist nun; transliteration
蓐,straw bed mat; rushes
盆,"basin, tub, pot, bowl"
朱,"cinnabar, vermilion; surname"
蔓,"creeping plants, tendrils, vines"
就,"just, simply; to come, go to; to approach, near"
葉,"leaf, petal; page of book; period"
㴱,"(ancient form of 深) deep, profound, far, very; extremely"
局,"bureau, office; circumstance"
㓻,(same as 剛) tough; unyielding; inflexible; hard
許,"allow, permit; promise; betroth"
訴,accuse; sue; inform; narrate
貳,accounting numeral for two
詈,"scold, abuse verbally, curse"
貼,"paste to, stick on; attached to"
濟,"to help, aid, relieve; to ferry, cross"
夅,to descend; to come down from heaven. to send down
訥,slow of speech; mumble; stammer
坐,"sit; seat; ride, travel by"
焙,dry over slow fire; bake; roast
塲,"open space, field, market"
漸,gradually; hexagram ䷴
于,"in, on, at; go to; surname"
梓,"Chinese catalpa, Catalpa ovata"
討,"to discuss; ask for, beg; demand; dun; marry"
塵,"dust, dirt, ashes, cinders"
賄,"bribe; riches, wealth"
士,"scholar, gentleman; soldier"
貫,a string of 1000 coins; to go through
棧,"warehouse; tavern, inn"
番,"to take turns; a turn, a time; to repeat"
请,"ask, request; invite; please"
㐫,"(same as 凶) cruel, unfortunate, sad"
谓,"say, tell; call, name; be called"
夷,ancient barbarian tribes
谷,"valley, gorge, ravine; Kangxi radical 150"
夏,"summer; great, grand, big"
槐,locust tree
失,"lose; make mistake, neglect"
豔,"plump, voluptuous, beautiful"
豦,a wild boar; to fight
貞,"virtuous, chaste, pure; loyal"
澮,"irrigation ditch, trench; river"
潜,"hide; hidden, secret, latent"
課,lesson; course; classwork
調,"transfer, move, change; tune"
諶,"sincere, faithful; surname"
諸,"several, various"
奠,pay respect; settle
奘,"large, powerful, stout, thick"
奕,"in sequence, orderly; abundant"
设,build; establish; display
樷,bushy; a grove; crowded
枯,"dried out, withered, decayed"
㸦,(non-classical form same as 互) mutually; together; each other (dialect) scratching or clawing to and fro
学,"learning, knowledge; school"
孝,"filial piety, obedience; mourning"
孙,"grandchild, descendent; surname"
满,"fill; full, satisfied"
袵,lapel; hidden lapel of coat
滿,"fill; full, satisfied"
極,"extreme, utmost, furthest, final"
瘧,intermittent fever; malaria
発,"issue, dispatch, send out, emit"
湯,"hot water; soup, gravy, broth"
橋,"bridge; beam, crosspiece"
宜,"suitable, right, fitting, proper"
發,"issue, dispatch, send out, emit"
軽,"light; easy, simple; gentle"
垩,"holy, sacred, sage; simplification of 堊 chalk; daub with chalk"
趫,nimble
趨,"hasten, hurry; be attracted to"
堕,"fall, sink, let fall; degenerate"
疝,"hernia, rupture"
疚,"chronic disease, chronic illness; sorrow"
蹉,"error, mistake, slip; failure"
姜,surname; ginger
疎,"neglect; careless, lax"
趙,surname; Warring States-era kingdom in modern Hebei and Shanxi
楚,name of feudal state; clear
桐,name applied various trees
塢,"entrenchment, bank, low wall"
執,hold in hand; keep; carry out
疲,"feel tired, be exhausted; weak"
域,"district, region, boundary; land"
踏,"step on, trample, tread on, walk"
埕,"a large, pear-shaped earthenware jar"
𦀇,the past; a classic
媚,"charming, attractive; flatter"
柳,"willow tree; pleasure; 24th lunar mansion, determinative star δ Hydrae"
畄,"stop, halt; stay, detain, keep"
複,"repeat, double, overlap"
娶,"marry, take wife"
栖,perch; roost; stay
西,west(ern); westward; occident; Kangxi radical 146
帚,"broom, broomstick"
工,"labor, work; worker, laborer"
憙,"like, love, enjoy; joyful thing"
施,"grant, bestow; give; act; name"
絀,"sew, stitch; insufficient"
懴,"regret, repent; confess sins"
懔,"be afraid of, to be in awe of"
綽,"graceful, delicate; spacious"
應,"should, ought to, must"
緒,end of thread; thread
慰,"comfort, console, calm"
残,"injure, spoil; oppress; broken"
世,generation; world; era
丘,hill; elder; empty; a name
慈,"kind, charitable, benevolent"
愧,"ashamed, conscience-stricken"
专,"monopolize, take sole possession"
缶,earthen crock or jar; Kangxi radical 121
獵,hunt; field sports
籟,bamboo flute; pipe; various sound
社,"god of the soil and altars to him; group of families; company, society"
扆,screen
粻,provisions
紂,royal name; saddle crupper
獧,rash; honest and straightforward
丆,kwukyel
殘,"injure, spoil; oppress; broken"
糾,"investigate, inspect"
紀,"record, annal, historical account"
绰,"graceful, delicate; spacious"
缾,"jar, bottle"
犀,"rhinoceros; sharp, well-tempered"
恭,"respectful, polite, reverent"
昂,"rise, raise; proud, bold; upright"
罽,a kind of woolen fabric
羌,Qiang nationality; surname
美,"beautiful, pretty; pleasing"
怱,"hastily, in haste, hurriedly"
硏,grind
恶,"evil, wicked, bad, foul"
献,"offer, present; show, display"
没,"not, have not, none; drown, sink"
日,sun; day; daytime
惸,"troubled, worried, distressed"
罘,screen used in ancient times
沾,"moisten, wet, soak; touch"
確,"sure, certain; real, true"
丐,beggar; beg; give
擒,"catch, capture, seize, arrest"
秸,"stalks of millet, corn"
珪,a jade table conferred upon feudal princes by the emperor as a symbol of dignity and authority
散,"scatter, disperse, break up"
撥,"move; dispel; distribute; plectrum, play stringed instrument"
珏,two pieces of jade joined together
摽,throw out; push out; strike
毘,"help, assist; connect, adjoin"
上,"top; superior, highest; go up, send up"
私,"private, personal; secret"
扛,carry on shoulders; lift
禎,"lucky, auspicious, good omen"
祧,an ancestral hall
敖,"ramble, play about; leisurely; surname"
攸,"distant, far; adverbial prefix"
禦,"defend, resist, hold out against"
禮,social custom; manners; courtesy; rites
殿,hall; palace; temple
毫,fine hair; measure of length
箇,"numerary adjunct, piece; single"
拖,"drag, tow, haul; delay, prolong"
投,"throw, cast, fling, pitch; jump"
祁,"pray; numerous, ample, abundant"
筭,"an ancient device for working with numbers; count, calculate, figure"
把,"hold, take; guard; regard as"
找,"search, seek, look for; find"
批,"comment, criticize; wholesale"
扵,"in, on, at, by, from; than; with reference to; compared with"
扳,pull; drag; right itself
扭,"turn, twist, wrench; seize, grasp"
竒,"strange, unusual, uncanny, occult"
按,"put hand on, press down with hand"
搃,"all, general; to summarize; the chief; to manage"
換,"change, exchange; substitute"
掩,"to cover (with the hand); shut, conceal; ambush"
接,receive; continue; catch; connect
穮,weed
掇,"collect, gather up, pick up"
穷,"poor, destitute, impoverished"
突,"suddenly, abruptly, unexpectedly"
窃,"secretly, stealthily; steal; thief"
挑,a load carried on the shoulders; to carry
苟,"careless, frivolous; illicit; grammatical particle: if, but, if only; surname; grass name"
矜,"pity, feel sorry for, show sympathy"
膈,diaphragm
臣,"minister, statesman, official; Kangxi radical 131"
底,"bottom, underneath, underside"
臨,"draw near, approach; descend; hexagram ䷒"
序,"series, serial order, sequence"
年,year; new-years; person's age
舉,"raise, lift up; recommend"
晨,"early morning, daybreak"
干,"oppose, offend; invade; dried"
座,"seat; stand, base"
胸,"breast, bosom, chest; thorax"
胼,"callus, calluses"
此,"this, these; in this case, then"
晏,"peaceful, quiet; clear; late in the day"
晟,"clear, bright; splendor, brightness"
庤,prepare
晝,"daytime, daylight"
腰,waist; kidney
腹,"stomach, belly, abdomen; inside"
巴,"greatly desire, anxiously hope"
差,"to differ; different, wrong; nearly, almost; an officer"
帀,"to go round, to make a circuit, to make a revolution, to turn round"
巧,"skillful, ingenious, clever"
涛,large waves
甜,"sweet, sweetness"
涝,"inundate, flood; torrent"
涒,meander
爷,"father, grandfather"
眼,"eye; eyelet, hole, opening"
般,"sort, manner, kind, category"
船,"ship, boat, vessel"
𩔗,"kind, species; to be similar to"
父,father; Kangxi radical 88
艸,grass; Kangxi radical 140
浮,"to float, drift, waft; to exceed; superfluous"
胠,open; throw away
矣,particle of completed action
徒,"disciple, follower; go on foot"
從,"from, by, since, whence, through"
注,"concentrate, focus, direct"
璽,"imperial signet, royal signet"
物,"thing, substance, creature"
後,"behind, rear, after; descendents"
彼,"that, there, those"
彡,hair; Kangxi radical 59
泪,"tears; weep, cry"
胞,"womb, placenta, fetal membrane"
忘,"forget; neglect; miss, omit"
怛,"grieved, saddened; worried"
忽,"suddenly, abruptly; neglect"
翁,"old man; father, father-in-law"
波,"waves, breakers; undulations"
忍,"endure, bear, suffer; forbear"
翩,"fly, flutter"
春,spring; wanton
泯,"destroy, eliminate; perish"
瓦,tile; earthenware pottery; girl
晃,"bright, dazzling; to sway, shake"
浪,"wave; wasteful, reckless"
肱,forearm
庿,"temple, shrine"
矮,"short, dwarf; low"
丹,cinnabar (native HgS); vermilion (artificial HgS used as pigment)
洞,"cave, grotto; ravine; hole"
聰,"intelligent, clever, bright"
弩,"cross-bow, bow; downward stroke"
弦,"string; hypotenuse, crescent"
版,printing blocks; edition
弘,"enlarge, expand; liberal, great"
式,"style, system, formula, rule"
䝨,"(non-classical form of 賢) virtuous; worthy; good, to esteem as worthy, excelling"
瓣,petal; segment; valves
去,"go away, leave, depart"
勛,meritorious deed; merits; rank
雰,"atmosphere; mist, fog"
嗟,"sigh, alas"
勝,"victory; excel, be better than"
難,"difficult, arduous, hard; unable"
連,"join, connect; continuous; even"
嘉,excellent; joyful; auspicious
佇,wait; look towards; turn one's back on
食,eat; meal; food; Kangxi radical 184
倒,fall over; lie down; take turns
効,"efficacious, effectiveness; to toil, to serve in the army"
逼,"compel, pressure, force; bother"
咳,cough
閃,"flash; avoid, dodge, evade"
閉,"shut, close; obstruct, block up"
里,unit of distance; village; lane; Kangxi radical 166
顺,"obey, submit to, go along with"
咬,"bite, gnaw"
雲,clouds; Yunnan province
閣,"chamber, pavilion; cabinet"
鹿,deer; surname; Kangxi radical 198
俊,"talented, capable; handsome"
俄,"sudden(ly), soon; Russian"
关,frontier pass; close; relation
闥,door; gate
途,"way, road, path, journey; course"
𠔃,an interjection of doubt or inquiry
𢧐,"war, fighting, battle"
器,"receptacle, vessel; instrument"
原,"source, origin, beginning"
噪,be noisy; chirp loudly
吒,"shout, roar, bellow; scold"
闲,"fence, guard; defend; idle time"
凄,"bitter cold, miserable, dreary"
仁,"humaneness, benevolence, kindness"
𠅙,"bright, clear"
和,"harmony, peace; peaceful, calm"
逡,"retreat, withdraw, fall back"
凑,"piece together, assemble"
凍,"freeze; cold, congeal; jelly"
嘵,garrulous; disturbed; restless
飮,drink; swallow; kind of drink
通,pass through; common; communicate
龜,turtle or tortoise; cuckold; Kangxi radical 213
鈍,"blunt, obtuse; dull; flat; dull-witted"
麽,"interrogative final particle; insignificant, small, tiny"
遍,"everywhere, all over, throughout"
鴟,"kite, horned owl; wine cups"
吃,"eat; drink; suffer, endure, bear"
偹,"prepare, ready, perfect"
削,"scrape off, pare, trim"
件,numerary adjunct for article; matter
針,needle; pin; tack; acupuncture
介,"forerunner, herald, harbinger; to lie between; sea shell; to wear armor"
各,"each, individually, every, all"
副,assist; supplement; assistant
哲,"wise, sagacious; wise man, sage"
鵝,goose
喪,mourning; mourn; funeral
唯,only; yes
唐,Tang dynasty; Chinese
则,"rule, law, regulation; grades"
銭,"money, currency, coins"
銑,mill
過,"pass, pass through, go across"
古,"old, classic, ancient"
麺,"flour, dough, noodles"
列,"a line; to arrange in order, classify"
唆,"make mischief, incite, instigate"
鈞,unit of measure equivalent to thirty catties
遊,"wander, roam, travel"
靜,"quiet, still, motionless; gentle"
鼠,"rat, mouse; Kangxi radical 208"
光,"light, brilliant, shine; only"
善,"good, virtuous, charitable, kind"
野,"open country, field; wilderness"
霖,"long spell of rain, copious rain"
顔,"face, facial appearance"
凶,"culprit; murder; bad, sad"
遂,"comply with, follow along; thereupon"
反,"reverse, opposite, contrary, anti"
喚,"call, summon; invite; be called"
今,"now, today, modern era"
鍰,"measure; money, coins"
剰,"leftovers, residue, remains"
創,"establish, create; knife cut"
黓,black
元,first; dollar; origin; head
靖,"pacify; appease; calm, peaceful"
喀,vomit; used in transliterations
霸,rule by might rather than right
鐘,clock; bell
遇,"meet, come across, encounter"
邢,surname; state in today's Hebei
頋,"to care for, to look after to regard; to turn the head round to look"
使,"cause, send on a mission, order; envoy, messenger, ambassador"
防,defend; prevent; embankment
邦,"nation, country, state"
午,seventh earthly branch
冷,"cold, cool; lonely"
侍,"serve, attend upon; attendant, servant; samurai"
隣,neighbor; neighboring; adjacent
匝,full circle; encircle
仐,"(non-standard Japanese variant of 傘) umbrella, parasol, parachute"
还,"still, yet, also, besides"
吩,"order, command, instruct"
佩,"belt ornament, pendant; wear at waist, tie to the belt; respect"
郎,"gentleman, young man; husband"
送,"see off, send off; dispatch, give"
骨,"bone; skeleton; frame, framework; Kangxi radical 188"
仕,official; serve government
邸,"official residence, residence of"
吻,kiss; the lips; coinciding
周,Zhou dynasty; circumference
隋,Sui dynasty; surname
隆,"prosperous, plentiful, abundant"
限,"boundary, limit, line"
邳,"a department in the state of Lu, modern Shandong"
郡,administrative division
传,"summon; propagate, transmit"
匠,"craftsman, artisan; workman"
驊,an excellent horse
作,"make; work; compose, write; act, perform"
呂,surname; a musical note
冥,"dark, gloomy, night; deep"
况,"condition, situation; furthermore"
酒,"wine, spirits, liquor, alcoholic beverage"
陬,"corner, cranny, nook, niche"
位,"throne; position, post; rank, status; seat"
馗,"cheekbone; path, road; intersection"
院,"courtyard, yard, court; school"
厘,"manage, control; thousandth part of tael"
卅,"thirty, thirtieth"
首,"head; first; leader, chief; a poem; Kangxi radical 185"
逆,"disobey, rebel; rebel, traitor"
南,south; southern part; southward
佻,frivolous; unsteady; delay
亲,"relatives, parents; intimate the hazel nut or filbert tree a thorny tree"
骸,"skeleton, body; leg bone"
佳,"good, auspicious; beautiful; delightful"
味,"taste, smell, odor; delicacy"
卡,"card, punch card; calorie"
盡,"exhaust, use up; deplete"
顇,"be worn out, be haggard"
馀,"surplus, excess, remainder"
題,"forehead; title, headline; theme"
頽,ruined
目,"eye; look, see; division, topic; Kangxi radical 109"
磋,"polish, buff; scrutinize"
磴,"steps on ledge, cliff, or hill"
磷,"phosphorus (element 15, P)"
磾,dyestuff (black-colored mineral)
礦,"mine; mineral, ore"
礬,alum
盞,"small cup or container; classifier for lamps, etc."
預,"prepare, arrange; in advance"
頌,"laud, acclaim; hymn; ode"
頗,"lean one side; very, rather"
盜,"rob, steal; thief, bandit"
碩,"great, eminent; large, big"
碪,stone slab used for washing clothes; an anvil
碶,"a flood-gate, a water-gate"
頼,"rely, depend on; accuse falsely"
盍,what? why not?
頭,"head; top; chief, first; boss"
領,"neck; collar; lead, guide"
监,"supervise, control, direct"
顧,look back; look at; look after
飧,"evening meal, supper; cooked food"
真,"real, actual, true, genuine"
硇,sal ammoniac
睥,"look askance at, glare at"
餉,rations and pay for soldiers
睡,"sleep, doze"
着,"make move, take action"
餅,"rice-cakes, biscuits"
餂,to obtain by hook
睪,spy on
飯,cooked rice; food; meal
瞻,look; look out for; respect
飲,drink; swallow; kind of drink
眠,"close eyes, sleep; hibernate"
眶,eye socket; rim of eye
睹,"look at, gaze at; observe"
餒,"hungry, starving, famished"
睫,eyelashes
矰,arrow with attached silk cord
相,"mutual, reciprocal, each other"
砧,anvil; flat stone
餠,"rice-cakes, biscuits"
砜,an organic compound
砕,"break, smash; broken, busted"
顯,"manifest, display; evident, clear"
研,"grind, rub; study, research"
砌,"to build, pile up; stone steps, brick walk"
顛,"top, peak, summit; upset"
硃,a red mole; cinnabar
顙,the forehead; to kowtow
省,"province; save, economize"
飛,fly; go quickly; dart; high; Kangxi radical 183
風,"wind; air; manners, atmosphere; Kangxi radical 182"
盾,"shield, shield-shaped object; currency sign for Dutch guilder"
盻,glare; stare
隱,"hide, conceal; hidden, secret"
窑,kiln; coal mine pit
隨,"follow, listen to, submit; to accompany; subsequently, then; hexagram ䷐"
穿,"penetrate, pierce, drill; wear"
空,"empty, hollow, bare, deserted"
隷,be subservient to; servant
窗,window
際,"border, boundary, juncture"
障,separate; shield; barricade
立,"stand; let stand; establish, set"
隠,"to hide, conceal, cover; to disappear, lurk; an open secret"
竅,"hole, opening, aperture"
竃,furnace; kitchen range
竁,bore
窟,"hole, cave; cellar; underground"
稷,god of cereals; minister of agriculture
雀,sparrow
稱,"call; name, brand; address; say"
種,seed; race; offspring; to plant
雄,male of species; hero; manly
税,taxes
稌,glutinous rice
程,"journey, trip; schedule, agenda"
雅,"elegant, graceful, refined"
稼,sow grain; sheaves of grain
稽,"examine, investigate; delay"
穴,"cave, den, hole; Kangxi radical 116"
穩,"stable, firm, solid, steady"
穢,"dirty, unclean; immoral, obscene"
積,"accumulate, store up, amass"
隼,aquiline (nose); a falcon
穌,"revive, to rise again; collect"
穋,rice
穆,"majestic, solemn, reverent; calm"
竖,"perpendicular, vertical; erect"
竝,"to combine, annex; also, what's more"
箸,chopsticks
陽,"the active, male principle in Chinese philosophy (yang); light; sun"
隂,"shady, secret, dark; mysterious; cold; the negative of female principle in nature"
範,"pattern, model, rule, law"
篁,bamboo grove; bamboo
管,"pipe, tube, duct; woodwind music"
階,"stairs, steps; rank, degree"
筵,feast
篋,"rattan box, suitcase, or case"
陵,"hill, mound; mausoleum"
除,"eliminate, remove, except"
粟,unhusked millet; grain
粛,pay respects; reverently
粘,"viscous, mucous; glutinous"
陳,"exhibit, display; plead; surname"
簿,"register, account book, notebook"
簸,winnower
篡,usurp
筦,a key; to be in charge; a pipe
笔,writing brush; write; stroke
隘,"narrow, confined; a strategic pass"
笏,tablet held by someone having authority
笄,a hairpin; fifteen-year-old girl
竺,India; bamboo; surname
竹,bamboo; flute; Kangxi radical 118
端,"end, extreme; head; beginning"
童,"child, boy, servant boy; virgin"
竢,"wait for, wait until, as soon as"
章,"composition; chapter, section"
笙,small gourd-shaped musical instrument
笠,bamboo hat; bamboo covering
策,"scheme, plan; to whip; urge"
筆,writing brush; write; stroke
笴,an arrow shaft
笨,"foolish, stupid, dull; awkward"
符,"i.d. tag, tally, symbol, charm"
笥,"a hamper, wicker basket"
稅,"taxes, revenue, duty; tax"
祚,"throne; bless; blessing, happiness"
靡,"divide, disperse, scatter"
面,"face; surface; plane; side, dimension; Kangxi radical 176"
靨,dimples
革,"leather, animal hides; Kangxi radical 177; hexagram ䷰"
鞍,saddle; any saddle-shaped object
鞏,"bind; firm, secure, strong"
祛,"expel, disperse, exorcise"
霣,fall
露,"dew; bare, open, exposed"
祸,"misfortune, calamity, disaster"
祭,"sacrifice to, worship"
靉,"cloudy sky; dark, obscure"
靑,"blue, green; young; Kangxi radical 174"
鞫,"interrogate, question"
項,"neck, nape of neck; sum; funds"
祓,"exorcise, remove evil; clean"
韓,fence; surname; Korea
韵,rhyme; vowel
祈,"pray; entreat, beseech"
祇,"the spirit of the earth; (same as 只) only, merely, but"
祆,"Ormazda, god of the Zoroastrians; extended to god of the Manicheans"
響,"make sound, make noise; sound"
頃,a moment; a measure of area equal to 100 mu or 6.7 hectares; to lean
秌,"(same as 秋) autumn, fall; year"
称,"call; name, brand; address; say"
秪,"only, merely"
秩,order; orderly; salary; decade
秋,"autumn, fall; year"
霜,frost; crystallized; candied
秃,bald
秀,"ear of grain; flowering, luxuriant; refined, elegant, graceful"
雨,rain; rainy; Kangxi radical 173
雖,"although, even if"
離,"leave, depart; go away; separate; trigram ☲; hexagram ䷝"
霍,"quickly, suddenly; surname"
霏,falling of snow and rain
禊,semi-annual ceremony of purification
禄,"blessing, happiness, prosperity"
禁,"restrict, prohibit, forbid"
禛,to receive blessings in a sincere spirit
震,"shake, quake, tremor; excite; trigram ☳; hexagram ䷲"
霄,"sky; clouds, mist; night"
禽,"birds, fowl; surname; capture"
雷,thunder
電,"electricity, electric; lightning"
牴,"gore, butt; resist"
牧,"tend cattle, shepherd"
𠀍,(same as 世) generation; world; era
犁,plow
犖,brindled ox; brindled in color
狼,wolf
狄,tribe from northern China; surname
狁,a tribe of Scythian nomads
状,form; appearance; shape; official
犮,to pull up
鿌,"cool, cold; disheartened"
犬,dog; radical number 94
爽,"happy, cheerful; refreshing"
爻,diagrams for divination
牂,"female sheep, ewe"
牆,wall
牟,"make; seek, get; barley; low"
牝,female of species; deep gorge
牙,"tooth, molars, teeth; serrated"
牌,"signboard, placard"
片,"slice, splinter, strip; rad. 91"
猖,"mad, wild, reckless, unruly"
猛,"violent, savage, cruel; bold"
珀,amber
玲,tinkling of jade
玖,black-colored jade
黙,"silent; quiet, still; dark"
黿,"large turtle, sea turtle"
猝,"abruptly, suddenly; abrupt"
鼂,a kind of sea turtle; surname
玉,"jade, precious stone, gem"
鼐,incense tripod
鼓,"drum; beat, top, strike; Kangxi radical 207"
珉,stone resembling jade
珍,"precious, valuable, rare"
現,"appear, manifest, become visible"
黏,"stick to; glutinous, sticky; glue"
班,"class, group, grade; squad; job"
珠,"precious stone, gem, jewel, pearl"
珞,kind of necklace
珎,"precious, valuable, rare"
獣,"beast, animal; bestial"
獐,"roebuck, hornless river deer"
獎,"prize, reward; give award to"
齎,take in both hands and offer to
齐,"even, uniform, of equal length"
齒,"teeth; gears, cogs; age; Kangxi radical 211"
齟,irregular teeth; discord
獄,"prison, jail; case; lawsuit"
猿,ape
猺,jackal; name of a tribe
猶,"like, similar to, just like, as"
猴,"monkey, ape; monkey-like"
猡,pig; Lolo aboriginal tribe
猟,hunt; field sports
獗,"unruly, wild, violent, lawless"
齊,"even, uniform, of equal length; Kangxi radical 210"
獨,"alone, single, solitary, only"
玆,"now, here; this; time, year"
玁,a dog with a long snout or muzzle
獻,"offer, present; show, display"
鼻,nose; first; Kangxi radical 209
獫,dog
爹,"father, daddy"
焭,"orphan; alone, desolate"
焰,"flame, blaze; glowing, blazing"
煗,warm
煕,"bright, splendid, glorious"
煒,brilliant red; glowing
焼,burn; bake; heat; roast
烽,signal fire; signal tower
烺,(said of fire) bright
炷,"candle wick, lamp wick; stick of incense"
炳,"bright, luminous; glorious"
炮,"large gun, cannon; artillery"
烱,"bright, brilliant, clear; hot"
烝,"rise, steam; many, numerous"
烙,"brand, burn; branding iron"
烘,"bake, roast; dry by fire"
烕,to destroy; to exterminate to extinguish
烊,to smelt; to melt
煞,"malignant deity; baleful, noxious; strike dead"
爲,"do, handle, govern, act; be"
爬,"crawl, creep; climb; scramble"
爚,bright; fiery
爐,"fireplace, stove, oven, furnace"
爊,"to stew, cook"
爆,"crackle, pop, burst, explode"
燻,"smoke, fog, vapor; smoke, cure"
燎,"to burn, set afire; to illuminate; a signal lamp"
燉,heat with fire; stew
燈,"lantern, lamp"
燁,"bright, glorious, splendid, flame"
熳,confused
熱,hot; heat; fever; restless; zeal
熟,well-cooked; ripe; familiar with
煬,roast; scorch; melt; flame
煩,"bother, vex, trouble; troublesome"
煢,alone; no friends or relatives
燕,"swallow (bird); comfort, enjoy"
𠫭,to join
燬,"burn down; blaze, fire"
燧,"flintstone; beacon, signal fire; torch"
燥,"dry, parched, arid; quick-tempered"
髻,"hair rolled up in a bun, topknot"
鬆,"lax, loose; loosen, relax"
疽,"ulcer, carbuncle, abscess"
鬚,"beard, whiskers; whisker-like"
鬯,sacrificial wine; unhindered; Kangxi radical 192
疫,"epidemic, plague, pestilence"
鬲,type of caldron with three hollow legs; name of a state; Kangxi radical 193
疑,"doubt, question, suspect"
痂,scab
髮,hair
瘖,"dumb, mute, unable speak"
瘁,"feel tired, be weary, be worn out"
痴,"foolish, stupid, dumb, silly"
痘,smallpox
痕,scar; mark; trace
痔,"hemorrhoids, piles"
高,"high, tall; lofty, elevated; Kangxi radical 189"
魍,"demons, mountain spirits"
魄,vigor; body; dark part of moon
畧,"approximately, roughly; outline"
疊,"repeat, duplicate; repetitious"
疆,"boundary, border, frontier"
畹,"a unit of area, thirty mou"
畸,"odd, fractional, remainder, odds"
當,"bear, accept, undertake; just"
畱,to detain; to entertain to keep; to put by
魁,chief; leader; best; monstrous
瘤,"tumor, lump, goiter"
瘥,to recover from any disease; an epidemic
𡱆,to belong to; allied
皈,"follow, comply with"
盂,basin; cup
皥,"bright, brilliant"
皓,"bright, luminous; clear; hoary"
皐,the high land along a river
皎,"white; bright, brilliant; clear"
騾,mule
驚,"frighten, surprise, startle"
登,"rise, mount, board, climb"
癸,10th heavenly stem
療,"be healed, cured, recover"
瘴,malaria pestilential vapors
瘦,"thin, emaciated, lean; meager"
馵,horse with white back legs
駈,"spur a horse on; expel, drive away"
駕,"to drive, sail, fly; a cart, carriage"
駭,"terrify, frighten, scare; shock"
騐,"to verity, to fulfil; to examine, to hold an inquest"
畜,"livestock, domestic animals"
瓜,"melon, gourd, cucumber; Kangxi radical 97"
瓠,bottle gourd; calabash; pot
鷕,call
麁,"rough, thick, course; rude"
麗,"beautiful, magnificent, elegant"
環,jade ring or bracelet; ring
瓮,earthen jar; jar for ashes
甕,earthen jar; jar for ashes
甑,"boiler for steaming rice, pot"
瓶,"jug, pitcher, vase, jar, bottle"
鷗,"seagull, tern; Larus species (various)"
璃,glass
璁,turquoise
琴,Chinese lute or guitar
琇,coarse variety of jasper or jade
黍,glutinous millet; Kangxi radical 202
黎,"surname; numerous, many; black"
琵,guitar-like instrument
瑯,kind of white cornelian
麻,"hemp, jute, flax; sesame; Kangxi radical 200"
瑕,"flaw in gem; fault, defect"
鷂,sparrow hawk; Circus species (various)
留,"stop, halt; stay, detain, keep"
田,"field, arable land, cultivated"
甪,"to loose, take off, get rid of"
魚,fish; surname; Kangxi radical 195
甲,"armor, shell; fingernails; 1st heavenly stem"
畊,"plow, cultivate"
畆,Chinese land measure; fields
甿,farming population
魘,"nightmare, bad dreams"
电,electricity; electric; lightning
鳧,"wild duck, teal; swim"
鶋,a sea-bird with a white breast
鳬,"wild duck, teal; swim"
鳯,male phoenix; symbol of joy
鳳,male phoenix; symbol of joy
甥,"niece, sister's child"
鳶,kite; Milvus species (various)
鴉,"crow, raven; Corvus species (various)"
鴝,mynah; Erithacus species (various)
綏,"soothe, appease, pacify; carriage harness"
衛,"guard, protect, defend"
衝,"rush against, charge ahead"
袂,sleeves
衾,"coverlet, quilt"
衰,"decline, falter, decrease; weaken"
衬,underwear; inner garments
衫,shirt; robe; gown; jacket
表,"show, express, manifest, display"
蠲,"millipede; glow-worm; bright, clear"
遠,"distant, remote, far; profound"
衅,consecrate sacrificial vessels by smearing blood; rift
血,blood; Kangxi radical 143
遟,"late, tardy; slow; delay"
衙,public office; official residence
達,"arrive at, reach; intelligent"
衖,lane; alley
遜,"humble, modest; yield"
遝,"mixed, abundant, assorted"
衒,"brag; show off, promote oneself"
袒,strip; lay bare; bared; naked
襟,"lapel, collar"
遐,"afar, distant; old, advanced in"
襞,"fold, pleat, crease"
襍,"mixed, blended; mix, mingle"
襄,"aid, help, assist; undress"
褘,ceremonial gowns of a queen
見,"see, observe, behold; perceive; Kangxi radical 147"
覆,cover; tip over; return; reply
裁,cut out; decrease
裀,"mat, coverlet; underwear"
袴,pants; trousers; panties
遏,"stop, suppress, curb, check; a bar"
袪,sleeves; cuff
袖,sleeve; put something in sleeve
裙,"skirt, apron, petticoat"
裾,"lapel, border of garment; skirt"
裹,"wrap, bind; encircle, confine"
裴,surname; look of a flowing gown
補,"mend, patch, fix, repair, restore"
覔,to search for; to look after
蕕,Caryopteris divaricata
薏,seed of Job's tears; lotus seed
邇,"be near, be close; recently"
邑,area; district; city; state; Kangxi radical 163
薅,to weed; to eradicate
蕪,luxurious growth of weeds
邙,mountain in Henan province
蔵,"hide, conceal; hoard, store up"
蔚,"luxuriant, thick; ornamental"
蓬,type of raspberry; fairyland
薔,rose
薩,"transliteration of 'sat' in 'bodhisattva,' etc."
蘇,"revive, resurrect; a species of thyme; transliteration of 'Soviet'"
邁,take a big stride; pass by
藿,"Agastache rugosa, Korean mint"
藩,fence; boundary; outlying border
薯,"yam, tuber, potato"
蓍,"milfoil, plant used in divination"
蠡,wood-boring insect; bore into wood
邱,surname; hill; mound; grave
葆,"reserve, preserve; conceal"
邲,ancient name of a place in Henan
蓊,luxuriant vegetation; lush
邵,surname; various place names
萬,ten thousand; innumerable
萊,"goosefoot, weed; fallow field"
萄,grapes
郁,"sweet smelling, rich in aroma; (Cant.) to move, hit"
蓄,"store, save, hoard, gather"
蒦,to measure; to calculate
蒞,"reach, arrive; manage"
葺,"thatch; fix, repair; pile up"
葡,grapes
葛,edible bean; surname
蜜,honey; sweet; nectar
蜉,mayfly
遲,"late, tardy; slow; delay"
蜯,"oysters, mussels; mother-of-pearl"
蜱,"a tick, mite"
蟲,worms; insects
蟬,cicada; continuous
蟄,to hibernate
炫,"shine, glitter; show off, flaunt"
蝌,tadpole
遵,"obey, comply with, follow; honor"
虚,false
避,avoid; turn aside; escape; hide
處,"place, locale; department"
蛾,moth
蛻,"molt, exuviate, shed"
蛮,"barbarians; barbarous, savage"
蛇,snake
號,"mark, sign; symbol; number"
遺,lose; articles lost; omit
遼,"distant, far"
視,"look at, inspect, observe, see"
越,"exceed, go beyond; the more ..."
追,"pursue, chase after; expel"
超,"jump over, leap over; surpass"
起,"rise, stand up; go up; begin"
赵,surname; ancient state
赱,"walk, go on foot; run; leave"
走,"walk, go on foot; run; leave; Kangxi radical 156"
述,"narrate, state, express"
蹌,walk rapidly
蹄,hoof; horse
迴,"revolve, rotate; curving, zigzag"
路,"road, path, street; journey"
跌,"stumble, slip, fall down; stamp"
足,"foot; attain, satisfy, enough; Kangxi radical 156"
迷,"bewitch, charm, infatuate"
迹,"traces, impressions, footprints"
赫,"bright, radiant, glowing"
逍,"ramble, stroll, jaunt, loiter"
貶,"decrease, lower; censure, criticize"
貴,"expensive, costly, valuable"
貲,property; wealth; to count
責,"one's responsibility, duty"
透,"penetrate, pass through"
逐,"chase, expel; one by one"
買,"buy, purchase; bribe, persuade"
适,"go, reach; appropriate, suitable"
贖,"buy, redeem; ransom; atone for"
贈,"give present; bestow, confer"
賺,"make money, earn; gain, profit"
賭,"bet, gamble, wager; compete"
質,"matter, material, substance"
賞,"reward, grant, bestow; appreciate"
賔,"guest, visitor; surname; submit"
賓,"guest, visitor; surname; submit"
賊,"thief, traitor"
逃,"escape, flee; abscond, dodge"
賁,forge ahead; energetic; surname; hexagram ䷕
辯,"dispute, argue, debate, discuss"
辨,"distinguish, discriminate"
辤,"words, speech; a sentence, an expression or phrase; a message"
迍,"falter, hesitate"
迈,take a big stride; pass by
过,"pass, pass through, go across"
迆,wind; walk out of straight path
迄,"extend, reach; until; till"
迁,"move, shift, change; transfer; relocate a capital city"
边,"edge, margin, side, border"
農,"agriculture, farming; farmer"
迓,"to go to meet, to receive, as a guest"
𤣥,dark; mystic
輒,then; each; rack on chariot for luggage or weapons
較,"compare; comparatively, more"
迪,"enlighten, advance; progress"
軏,cross-bar at the end of the poles of a cart
軍,"army, military; soldiers, troops"
軀,body
𤍠,hot (in temperature)
輔,cheek bone; protective; assist
輙,then; each; rack on chariot for luggage or weapons
辜,"crime, criminal offense"
迢,far; distant
轡,"bridle of horse, reins"
轟,"rumble, explosion, blast"
迤,wind; walk out of straight path
迥,"distant, far; separated; different"
迦,character for transliteration
迩,"be near, be close; recently"
逺,"distant, remote, far; profound"
詔,"decree, proclaim; imperial decree"
訶,"scold loudly, curse, abuse"
逹,"arrive at, reach; intelligent"
詠,"sing, hum, chant"
誓,"swear, pledge; oath"
誑,"deceive, lie, delude, cheat"
認,"recognize, know, understand"
誉,"fame, reputation; praise"
誇,"exaggerate; brag, boast; flaunt"
誄,"eulogize, praise the dead"
詹,"surname; talk too much, verbose"
詵,"inquire, question; numerous"
週,"week; turn, cycle; anniversary"
逑,"collect, unite; match, pair"
觉,to wake up from sleep; conscious
觔,catty
角,"horn; angle, corner; point; Kangxi radical 148; 1st lunar mansion, determinative star Spica"
见,"see, observe, behold; perceive"
親,"relatives, parents; intimate"
覩,"see, gaze at, witness"
覧,"look at, inspect; perceive"
觧,"loosen, unfasten, untie; explain"
觱,tartar horn; chilly wind
遄,to hurry; to go to and fro
誕,"to bear children, give birth; birth"
誘,"persuade, entice, induce; guide"
速,"quick, prompt, speedy"
豊,"abundant, lush, bountiful, plenty"
豉,fermented beans
豈,how? what?
谨,"prudent, cautious; attentive"
造,"construct, build, make, begin; prepare"
誣,make false accusation; defame
调,"transfer, move, change; tune"
说,"speak, say, talk; scold, upbraid"
详,"detailed, complete, thorough"
话,"speech, talk, language; dialect"
豫,"relaxed, comfortable, at ease; hexagram ䷏"
負,"load, burden; carry, bear"
貝,"sea shell; money, currency; Kangxi radical 154"
貍,fox
豹,"leopard, panther; surname"
豳,a Zhou-dynasty state
豬,"pig, hog"
诗,"poetry; poem, verse, ode"
证,"prove, confirm, verify; proof"
謝,thank; decline
謄,"copy, transcribe"
謁,"visit, pay respects to"
諼,"forget; lie, cheat, deceive"
諌,"remonstrate, admonish"
誰,who? whom? whose? anyone?
説,speak
說,"speak, say, talk; scold, upbraid"
謙,"humble, modest; hexagram ䷎"
謳,to sing; songs
識,"recognize, understand, know"
讼,"accuse; argue, dispute; litigate"
议,"consult, talk over, discuss"
计,"plan, plot; stratagem; scheme"
議,"consult, talk over, discuss"
譬,"metaphor, simile, example"
譜,"register, list, table; musical score"
羯,"wether, castrated ram; deer skin"
門,"gate, door, entrance, opening; Kangxi radical 169"
長,long; length; excel in; leader; Kangxi radical 168
翻,"flip over, upset, capsize"
翰,"writing brush, pen, pencil"
翠,color green; kingfisher
翕,agree
翔,"soar, glide, hover; detailed"
習,practice; flapping wings
翎,feather; plume; wing
翊,"flying; assist, help; respect"
閱,"examine, inspect, review, read"
羊,"sheep, goat; Kangxi radical 123"
閟,"hide, keep secret; hideaway"
閏,"intercalary; extra, surplus"
羣,"group, crowd, multitude, mob"
羞,"disgrace, shame; ashamed; shy"
間,"interval, space; place, between"
閔,"mourn, grieve; urge on, incite"
耀,"shine, sparkle, dazzle; glory"
錮,run metal into cracks; confine
耨,"hoe, rake; weed"
耘,weed
耗,"consume, use up; waste, squander"
耕,"plow, cultivate"
耒,handle of plow; plow; Kangxi radical 127
耐,"endure, bear; resist; patient"
錯,"error, blunder, mistake, wrong"
録,copy
錢,"money, currency, coins"
聖,"holy, sacred; sage"
錬,smelt metals
聃,ears without rims; a personal name
耿,"bright, shining; have guts"
耶,used in transliteration
鑠,"melt, smelt; shine"
鑪,"fireplace, stove, oven, furnace"
考,"examine, test; investigate"
老,"old, aged; experienced; Kangxi radical 125"
耆,"man of sixty; aged, old"
耇,wrinkled face of the elderly
鍮,brass
鏘,"tinkle, clang, jingle"
耋,aged; in one's eighties
耉,old age
鏡,mirror; lens; glass; glasses
鐔,dagger; small sword
聚,"assemble, meet together, collect"
經,classic works; pass through
附,"adhere to, append; rely on near to"
統,"govern, command, control; unite"
絕,"cut, sever, break off, terminate"
陈,"exhibit, display; plead; a surname"
終,"end; finally, in the end"
紹,"continue, carry on; hand down; to join"
累,"tired; implicate, involve; bother"
紛,"in disorder, scattered, tangled"
紙,paper
網,"net, web; network"
縁,hem
阿,prefix for people's names; used in transliteration
緩,"slow, leisurely; to postpone, delay"
緦,coarse cotton cloth used for mourning
緣,"hem, margin; reason, cause; karma, fate"
陁,"a steep bank, a declivity"
緞,satin
緑,green; chlorine
綿,"cotton wad; wool; soft, downy"
糗,parched wheat or rice; broken grain
陛,steps leading throne; throne
陞,"promote, rise, ascend"
精,essence; semen; spirit
粳,non-glutinous rice
粲,"polish; bright, radiant; smiling"
粮,"food, grain, provisions"
粧,toilet; make-up; dress up; adorn
糙,"coarse, harsh, rough, unpolished rice"
陌,foot path between rice fields
降,"descend, fall, drop; lower, down"
紊,"confused, disorder"
紅,"red, vermillion; blush, flush"
約,"treaty, agreement, covenant"
系,"system; line, link, connection"
糠,"chaff, bran, husks; poor"
糞,"manure, dung, night soil"
糜,"rice gruel, congee; mashed rice"
縛,to tie
縣,"county, district, subdivision"
问,"ask about, inquire after"
闢,"open; settle, develop, open up"
罫,hinder
罰,"penalty, fine; punish, penalize"
閻,village gate; surname
閼,"block, obstruct, stop up, conceal"
闔,"close; whole, entire; all; leaf"
闕,watch tower; palace
闘,"struggle, fight, compete, contend"
闷,"gloomy, depressed, melancholy"
细,"fine, tiny; slender, thin"
纳,"admit, take, receive, accept"
红,"red, vermillion; blush, flush"
纠,"investigate, inspect"
纓,"a chin strap, tassel; to annoy, bother"
續,"continue, carry on; succeed"
阳,'male' principle; light; sun
纊,cotton; silk
纂,"edit, compile; topknot, chignon"
阻,"impede, hinder, obstruct; oppose"
繭,"cocoon; callus, blister"
繒,silk fabrics; surname
繈,string of copper coins; swaddling clothes
繁,"complicated, complex, difficult"
纷,"in disorder, scattered, tangled"
终,"end; finally, in the end"
阙,watch tower; palace
阤,hill
阨,in distress; adverse; strategic; (Cant.) to swindle
缓,"slow, leisurely; to postpone, delay"
绣,embroider; embroidery; ornament
绢,kind of thick stiff silk
聡,"intelligent, clever, bright"
菽,"beans and peas, collectively"
酢,toast one's host with wine; to express juice by pressing
酣,enjoy intoxicants
芡,plant allied to the waterlily
芝,sesame; a purplish or brown mushroom thought to have miraculous powers; 'a divine and felicitous plant' (Karlgren)
酪,"cream, cheese; koumiss"
芍,peony; water chestnuts
芋,taro
酥,"butter; flaky, crispy, light, fluffy"
酩,drunk; intoxicated; tipsy
艾,"artemisia, mugwort"
酗,"drunk, to become violent under the influence of alcohol"
芬,"fragrance, aroma; perfume"
酎,"double-fermented wine, vintage wine"
酔,"intoxicated, drunk; addicted to"
酖,wine with bird poison added
舌,tongue; clapper of bell; Kangxi radical 135
醫,"medicine; to cure, heal; physician"
舩,"boat, ship, vessel"
醞,"liquor, spirits, wine; ferment"
舛,"oppose, deviate, be contrary to; Kangxi radical 136"
舒,"open up, unfold, stretch out; comfortable, easy"
醯,vinegar; pickle; acid
航,"sail; navigate; ship, boat"
醖,liquor
酬,"toast; reward, recompense"
醇,"rich, good as wine; pure, unmixed"
艮,Kangxi radical 138; trigram ☶; hexagram ䷳
艨,long and narrow war-boat
醐,purest cream
醒,wake up; sober up; startle
舷,"the sides of a boat, bulwarks; a gunwale"
芳,fragrant; virtuous; beautiful
芼,to choose; to select; greens
莞,"smiling; a kind of aquatic herb, clubrush, Scirpus lacustris"
苐,"sequence, number; grade, degree"
部,"part, division, section"
荣,"glory, honor; flourish, prosper"
荆,thorns; brambles; my wife; cane
莽,"thicket, underbrush; poisonous"
菴,small Buddhist monastery
郅,to go up to; flourishing; a superlative
郊,"suburbs; waste land, open spaces"
菩,"herb, aromatic plant"
菑,to weed grass; land which has been under cultivation for one year
菊,chrysanthemum
荀,surname; ancient state; plant
苦,"bitter; hardship, suffering"
鄞,county in Zhejiang province
若,"if, supposing, assuming; similar"
鄭,state in today's Henan; surname
鄰,neighbor; neighborhood
苛,"small, petty; harsh, rigorous"
苓,"fungus, tuber; licorice"
茹,roots; vegetables; eat; bear
茸,"soft, downy; buds, sprouts"
茶,tea
茵,"a cushion, mattress; wormwood; Skimmia japon"
茫,"vast, boundless, widespread"
茢,sedges; rushes
郵,"postal, mail; post office"
茍,"to be circumspect, cautious in one's behaviour (distinguish DKW 30790 gou3)"
英,"petal, flower, leaf; brave, a hero; England, English"
舊,"old, ancient; former, past"
錡,a kind of pen; a kind of chisel
育,"produce, give birth to; educate"
胚,embryo; unfinished things
胖,"fat, obese; fatty"
胄,"helmet, headpiece; descendant"
肾,"kidneys; testes, gizzard"
肺,lungs
肵,table
鈔,"paper money, bank notes; copy"
鉀,potassium (K)
鉄,"iron; strong, solid, firm"
胥,"all, together, mutually"
脚,"leg, foot; base, leg, foundation"
脊,"spine, backbone; ridge"
脅,ribs; armpits; flank; threaten
脂,"fat, grease, lard; grease"
金,gold; metals in general; money; Kangxi radical 167
能,"to be able; can, permitted to; ability"
胷,"breast, chest, thorax; clamor"
胳,"armpit, arms"
肢,human limbs; animal feet
肅,pay respects; reverently
聽,"hear, listen; understand; obey"
鉞,"broad-axe, a battle axe, halberd"
職,"duty, profession; office, post"
鋭,sharp
聵,deaf
聲,"sound, voice, noise; tone; music"
聱,bent and twisted; too complicated
錐,"gimlet, awl, drill, auger; bore"
銃,"ancient weapon, blunderbuss"
肖,"look like, resemble, be like"
銒,ancient wine vessel
銘,"inscribe, engrave; unforgettably"
銚,large hoe; surname; a spear
肈,to commence; to found; to devise. at first. to originate. to strike
脩,dried meat (used as teachers payment in ancient times)
释,"interpret, elucidate; release"
釐,"manage, control; thousandth part of tael"
釋,"interpret, elucidate; release"
臭,"smell, stink, emit foul odor"
自,"self, private, personal; from; Kangxi radical 132"
興,"thrive, prosper, flourish"
與,"and; with; to; for; give, grant"
舁,carry on one's shoulder
臾,"moment, instant, short while"
臻,"reach, arrive; utmost, superior"
臺,"tower, lookout; stage, platform"
腸,intestines; emotions; sausage
腎,"kidneys; testes, gizzard"
脯,dried meat; preserved fruits
臟,"internal organs, viscera"
臉,face; cheek; reputation
臈,year end sacrifice; dried meat
膿,pus
膽,"gall bladder; bravery, courage"
膏,"grease, fat; paste, ointment"
膂,"backbone, spinal column"
㐌,a tribe of savages in South China
啄,to peck; (Cant.) to slander
啼,"weep, whimper; howl, twitter"
啣,"hold in mouth; harbor, cherish"
啓,"open; begin, commence; explain"
嗚,"sound of crying, sobbing"
嗔,"be angry at, scold, rebuke"
嗏,(Cant.) imperative final particle
嗌,"the throat; to quarrel, choke"
喜,"like, love, enjoy; joyful thing"
喊,"shout, call out, yell; howl; cry"
喉,"throat, gullet, larynx; guttural"
唫,"to hum, to intone, etc. to close, to shut"
嗣,"to connect, inherit; descendants, heirs"
哀,"sad, mournful, pitiful; pity"
咿,descriptive of creaking; laugh
咱,"we, us"
咫,foot measure of Zhou dynasty
唪,"to recite, to intone or chant"
咨,"inquire, consult, discuss; plan"
咥,sound of a cat; bite; laugh
咢,sound; drumming
咐,"instruct, order"
哆,"tremble, shiver, shudder, quiver"
唎,"sound, noise; final particle"
唉,"alas, exclamation of surprise or pain"
唇,lips
哿,excellent; to commend to be able to
哮,cough; pant; roar
哩,mile
哨,"whistle, blow whistle; chirp"
員,"member; personnel, staff member"
哇,vomit; cry of an infant
嗷,loud clamor; sound of wailing
囿,"pen up; limit, constrain"
图,"diagram; chart, map, picture"
囹,"prison, enclosure"
圍,"surround, encircle, corral"
圎,"circle; round, circular; complete"
園,"garden; park, orchard"
土,"soil, earth; items made of earth"
團,"sphere, ball, circle; mass, lump"
嘆,"sigh, admire"
噲,"swallow, gulp down; greedy"
噬,bite; gnaw; snap at
噌,"scold, shout at"
噇,eating and drinking without restraint
嘻,"mirthful, happy; interjection"
嘴,"mouth, lips"
嘲,"ridicule, deride, scorn, jeer at"
嘱,"order, tell, instruct, leave word"
嘯,"roar, howl, scream; whistle"
嘛,final exclamatory particle
嘗,"taste; experience, experiment"
嘖,interjection of approval or admiration
嘏,"felicity, prosperity; large and strong"
噶,used in transliterations
嚀,"enjoin, instruct; charge"
嚅,talk indistinctly and falteringly
嚢,"bag, purse, sack; put in bag"
囘,"return, turn around; a time"
囑,"order, tell, instruct, leave word"
囉,"exclamatory final particle, nag"
嚷,"shout, brawl, make uproar, cry"
嚴,"strict, rigorous, rigid; stern"
叟,old man; elder
叙,"express, state, relate, narrate"
叔,father's younger brother
叱,"scold, shout at, bawl out"
収,"gather together, collect; harvest"
厮,servant; to make a disturbance
厭,"dislike, detest, reject; satiate"
厨,kitchen; closet; cupboard
厥,"personal pronoun he, she, it"
厠,"mingle with; toilet, lavatory"
厎,settle
厄,"adversity, difficulty, distress"
卿,"noble, high officer"
厰,"factory, plant, workshop, mill"
厳,"strict, rigorous, rigid; stern"
双,"set of two, pair, couple; both"
友,"friend, companion; fraternity"
又,"and, also, again, in addition"
叅,"to counsel, to consult together; to take part in; to intervene"
县,"county, district, subdivision"
吸,"inhale, suck in; absorb; attract"
呈,"submit, show; appear; petition"
吿,"tell, announce, inform; accuse"
吽,"'OM'; bellow; (Cant.) dull, stupid"
吶,"raise voice, yell out loud, shout; stammer"
吳,one of warring states; surname
吰,clang
听,"hear; understand; obey, comply"
否,"not, no, negative; final particle; hexagram ䷋"
呉,one of warring states; surname
呢,interrogative or emphatic final; (Cant.) this
呷,"suck, swallow, drink"
呶,talkative; clamour; hubbub
吏,"government official, magistrate"
吉,"lucky, propitious, good"
吐,"vomit, spew out, cough up"
娥,be beautiful; good; surname
婦,married women; woman; wife
婚,"get married; marriage, wedding"
婆,old woman; grandmother
婀,"be beautiful, be graceful"
姿,"one's manner, carriage, bearing"
娜,"elegant, graceful, delicate"
娛,"pleasure, enjoyment, amusement"
娘,mother; young girl; woman; wife
娄,surname; a constellation; to wear
威,"pomp, power; powerful; dominate"
婼,person
孀,widow
嬴,to win; to have a surplus; surname
嬰,"baby, infant; bother"
嬌,seductive and loveable; tender
嬉,"enjoy; play, amuse oneself"
嫌,"hate, detest; suspect; criticize"
嫁,"to marry, give a daughter in marriage"
媽,"mother, mama"
媲,"marry off, pair, match; compare"
姽,good
孚,brood over eggs; have confidence
妹,younger sister
妬,"jealous, envious"
妤,"beautiful, fair, handsome"
妝,"to adorn oneself, dress up, use make-up"
妙,"mysterious, subtle; exquisite"
妓,prostitute
姉,elder sister
姙,"conceive, be pregnant"
姊,elder sister
孟,"first in series; great, eminent"
寒,"cold, wintry, chilly"
實,"real, true, solid, honest"
寡,"widowed; alone, friendless"
寝,"sleep, rest; bed chamber"
寛,broad
寕,"repose, serenity, peace; peaceful"
寓,residence; lodge; dwell
家,"house, home, residence; family"
宻,"dense, thick, close; intimate"
容,"looks, appearance; figure, form"
宸,imperial; imperial palace
寨,"stockade, stronghold, outpost; brothel"
対,"correct, right; facing, opposed"
对,"correct, right; facing, opposed"
寬,"broad, wide; spacious, vast"
寫,"write; draw, sketch; compose"
孫,"grandchild, descendent; surname"
宄,a traitor; a villain
它,it; other
孽,evil; son of concubine; ghost
孺,child; blood relation; affection
孰,who? which? what? which one?
宴,"to entertain, feast; a feast, banquet"
季,quarter of year; season; surname
宰,to slaughter; to rule
宮,"palace, temple, dwelling, enclose"
宫,palace
宦,"officialdom, government official"
宥,"forgive, pardon, indulge"
室,"room, home, house, chamber; 13th lunar mansion, determinative star α Pegasi (Markab)"
客,"guest, traveller; customer"
宛,"seem, as if, crooked"
官,"official, public servant"
宕,stone quarry; cave dwelling
宐,"right, fitting, seemly"
填,"fill in, fill up; make good"
壌,"soil, loam, earth; rich"
壅,to obstruct
墮,"fall, sink, let fall; degenerate"
墨,ink; writing
境,"boundary, frontier; area, region"
墀,porch; courtyard; steps leading
塾,village school; private tutorage
塼,brick
塩,salt
堯,a legendary ancient emperor-sage
塞,"stop up, block, seal, cork; pass, frontier; fortress"
塔,"tower, spire, tall building"
塊,"piece, lump; dollar"
堵,"wall; stop, prevent; stop up"
壩,embankment; dam
壬,ninth heavenly stem
夕,"evening, night, dusk; slanted"
夋,to dawdle; the emperor Yao's father
处,"place, locale; department"
夂,go; Kangxi radical 34
夀,life; length of life; longevity
壮,"big, large; robust; name of tribe"
垣,low wall
垢,"dirt, filth, stains; dirty"
坫,a stand on which to replace goblets after drinking
坦,"flat, smooth; self-possessed"
坡,"slope, bank, hillside"
坟,"grave, mound; bulge; bulging"
均,"equal, even, fair; all, also"
坂,"hillside, inconvenient places"
圯,"bridge, bank"
埂,ditches for irrigation; hole
埃,"fine dust, dirt"
堪,"adequately capable of, worthy of"
堦,"stairs; a flight of steps; a degree, a class, a rank or step"
堠,"battlements, battlemented walls"
堊,white earth; to daub with white mud
堂,hall; government office
培,bank up with dirt; cultivate
埶,art
埵,hardened dirt or clay; cluster
埒,"enclosure, dike, embankment"
城,"castle; city, town; municipality"
埋,"bury, secrete, conceal"
奮,"strive, exert effort; arouse"
套,"case, cover, wrapper, envelope"
奪,"take by force, rob, snatch"
奩,lady's vanity case; trousseau
奧,"mysterious, obscure, profound"
奢,"extravagant, wasteful; exaggerate"
奝,large
奶,milk; woman's breasts; nurse
太,"very, too, much; big; extreme"
夹,be wedged or inserted between
夸,"extravagant, luxurious; handsome"
夭,"young, fresh-looking; die young"
夫,"man, male adult, husband; those"
奔,"run fast, flee; rush about; run"
天,"sky, heaven; god, celestial"
奄,"ere long; remain, tarry; feeble"
奇,"strange, unusual, uncanny, occult"
契,"deed, contract, bond; engrave"
奏,memorialize emperor; report
奈,"but, how; bear, stand, endure"
亥,twelfth earthly branch
亡,"death, destroyed; lose, perish"
亟,"urgently, immediately, extremely"
亝,"even, regular, uniform all alike; to arrange"
亜,Asia; second
亚,Asia; second
亦,"also, too; likewise"
仅,"only, merely, solely, just"
亷,"upright, honorable, honest"
亱,"night, dark; in night; by night"
京,capital city
享,enjoy
九,nine
乗,"ride, ascend; avail oneself of; numerary adjunct for vehicles"
乖,"rebel; crafty, shrewd"
亊,"affair, matter, business; to serve; accident, incident"
争,"dispute, fight, contend, strive"
了,to finish; particle of completed action
乾,"dry; warming principle of the sun, penetrating and fertilizing, heavenly generative principle (male); trigram ☰; hexagram ䷀"
伸,"extend, stretch out, open up; trust"
伴,"companion, comrade, partner; accompany"
伲,we (Shanghai dialect)
伤,"wound, injury; fall ill from"
伏,"crouch, crawl, lie hidden, conceal"
会,"assemble, meet together; meeting"
伙,"companion, colleague; utensils"
休,"rest, stop; retire; do not!"
伽,"transcription of Sanskrit 'gha' in Buddhist texts ('samgha', etc.); nursing; attending; entertainer (Japanese); temple; in Chinese this character is not used alone"
佑,"help, protect, bless"
佐,"assist, aid, second; subordinate"
低,"low; to lower, hang, bend, bow"
代,"replace, replacement (of person or generation); era, generation"
伍,"five, company of five; troops"
仼,"trust to, rely on, appoint; to bear, duty, office; allow"
仲,"middle brother; go between, mediator; surname"
仭,ancient unit of measure (8 feet); 'fathom'
佛,Buddha; of Buddhism; merciful person; Buddhist image; the dead (Japanese)
䋲,"(non-classical form of 繩) a rope; a cord, to restrain, to rectify; to correct"
䋄,(same as 網) web; net; network
䆫,(same as 窗) window
䄂,(ancient form) to pray and to curse (the ways of treating a patient in ancient times)
䀂,a big basin
七,seven
一,"one; a, an; alone"
䴡,(same as 麗) beautiful; elegant; fair; fine
䨴,gathering clouds
䢖,"to be scattered (over an area); to spread, to give an account of; to explain; to expound, to follow"
䘮,"(same as 喪) to lose; death; funeral, to mourn, to destroy"
䘚,"(same as 卒) a servant; an underling, a pawn in chess, abrupt; hurried"
䖝,(corrupted form of 虫 蟲) insects; worms
䔲,"name of a variety of grass, (same as 橙) the orange"
䓒,"(same as 蒯) Scirpus cyperinus var, concolor, a rush, from which many things are woven"
䒭,"(same as 等) rank; grade, same; equal, to wait, and so on; etc."
㕮,"to chew; to masticate, to dwell on, Chinese medicine term"
㝵,"(ancient form of 得) to get, complacent, (same as 礙) to obstruct, to hinder, to stop progress, to injure, to offend, to concern, hindrance, restraint"
㝎,(same as 定) to decide; to fix; to settle
㜑,"(same as 婆) an older woman, mother of one's husband, one's grandmother"
㛐,(non-classical form of 嫂) wife of one's elder's brother
㘴,"(same as 坐) to sit, a seat"
㗖,"(non-classical form of 啗) to eat; to chew; to bite. to entice; to lure, to contain; to, comprise"
㖃,"(interchangeable 吼) to roar of animals, angry tones, (interchangeable 詬) a sense of shame; to shame, to vomit"
㕶,"(Cant.) an expletive, exclamation"
㕥,"by means of; thereby, therefore; in order to"
㕣,"a marsh at the foot of the hills, (interchangeable 湢 沇) name of a river"
㳂,"to follow a course; to go along; to coast, to hand down; to continue, to conserve; along or by, as a road or a coast"
㱕,"(large seal type 歸) the marriage of a woman, to return to; to revert to; to go back, to belong to, to restore, to send back"
㭬,"(corrupted form of 椓) to beat; to tap; to thrash, castration as a punishment in ancient times, a castrate man, to accuse or charge"
㫁,"(non-classical form of 斷) to cut apart, to sever, to break; broken; to abstain from, to conclude"
㪯,"(non-classical form of 舉) to lift; to raise; to commend; to praise, entire; whole"
㨂,to beat; to strike; to attack
㧾,"to strike, to bale out; to clean up"
㦯,"(same as 或) a certain; some, perhaps; probably; maybe, or"
㤙,"(same as 恩) grace, favour, kindness, mercy"
㠯,"according to; to use; with, for"
㞑,"(standard form of 尾) the tail; the rear, last; final"
中,"central; center, middle; in the midst of; hit (target); attain"
丵,thick (grass)
临,"draw near, approach; descend"
乆,"long time (ago); time passage, grow late"
乄,SHIME: to find a place to dwell; sum; a measurement of paper; SHITE to do; (not to be confused with U3024 HANGZHOU NUMERAL FIVE)
乃,"then; really, indeed; as it turned out, after all; namely"
乂,"govern, control, manage; nurture"
丨,(same as 〡 HANGZHOU NUMERAL ONE) number one; line
丧,mourning; mourn; funeral
两,"two, both, pair, couple; ounce"
丢,discard
且,"moreover, also (post-subject); about to, will soon (pre-verb)"
佗,"other, he; surname; a load"
判,judge; discriminate; conclude
刺,"stab; prick, irritate; prod"
到,"go to, arrive, been to"
别,"separate, other; do not"
利,"gains, advantage, profit, merit"
刧,"disaster, misfortune; coerce"
別,"separate, other; do not"
刑,"punishment, penalty; law"
刋,"publication, periodical; publish"
功,"achievement, merit, good result"
办,"manage, do, handle; deal with"
劝,"recommend, advise, urge"
劒,"sword, dagger, saber"
劍,"sword, dagger, saber"
劉,"surname; kill, destroy"
劄,brief note; official communique
剷,"to level off, cut off, pare down, raze"
剤,medicinal preparation
剗,to level off; to trim; to pare down
劣,"bad, inferior; slightly"
净,"clean, pure; cleanse"
凊,surname
凈,"clean, pure; cleanse"
凃,mud; surname
凂,to request; to ask a favour of
减,"decrease, subtract, diminish"
凖,"rule, guideline, standard"
刄,"edged tool, cutlery, knife edge"
刀,knife; old coin; measure
凴,"to rely on, depend on; evidence, proof"
凰,female phoenix
凭,"lean on, depend on, rely on"
凨,"wind; air; manners, atmosphere"
卑,"humble, low, inferior; despise"
卞,"to be impatient, in a hurry; excitable"
单,"single, individual, only; lone"
卉,general term for plants; myriads
升,"arise, go up; hoist; advance; hexagram ䷭"
占,divine; observe; versify
卦,fortune telling; tell fortunes
却,"still, but; decline; retreat"
卲,"eminent, lofty; beautiful; surname"
印,"print, seal, stamp, chop, mark"
卨,used in old names; phonetic seol used in Korean names
十,"ten, tenth; complete; perfect"
勾,"hook, join, connect; entice"
勻,"equal, impartially, uniform, even"
勹,wrap; Kangxi radical 20
勲,meritorious deed; merits; rank
勢,"power, force; tendency"
務,"affairs, business; must, should"
勗,"enjoin, advise, excite"
動,"move, happen; movement, action"
勒,"strangle, tighten"
勑,reward; sincere
勇,"brave, courageous, fierce"
労,"labor, toil, do manual work"
劭,encourage; to excel; excellent
助,"help, aid, assist"
匀,equal
医,"cure, heal; doctor, medical"
匹,bolt of cloth; counter for horses
北,north; northern; northward
匕,"spoon, ladle; knife, dirk"
匐,fall prostrate; crawl
匆,"hastily, in haste, hurriedly"
包,"wrap, pack, bundle; package"
决,"decide, determine, judge"
假,"falsehood, deception; vacation"
停,"stop, suspend, delay; suitable"
做,"work, make; act"
偕,together; be in order
偏,inclined one side; slanting
偈,brave; martial; hasty; scudding
偃,"cease, lay off, lay down"
倨,"arrogant, haughty, rude"
倣,imitate
借,borrow; lend; make pretext of
健,"strong, robust, healthy; strength"
偰,"an ancestor of the Shāng emperors, said to be one of Shùn’s ministers"
偲,talented; urgent
偷,"to steal, burglar, thief"
傾,"upset, pour out, overflow"
傷,"wound, injury; fall ill from"
債,"debt, loan, liabilities"
備,"prepare, ready, perfect"
傖,"vulgar person, country man"
傑,"hero; outstanding, remarkable"
傅,"tutor, teacher; assist; surname"
偽,"false, counterfeit, bogus"
侗,"big; ignorant; rude, rustic"
侔,equal
侑,"help, assist, repay kindness"
倉,granary; berth; sea
倂,combine
俻,to prepare; to provide; to put in order; to complete perfection; completeness
俳,actor; vaudeville show; insincere
俯,"bow down, face down, look down"
信,"trust, believe; letter"
俟,"wait for, wait until, as soon as"
俗,"social customs; vulgar, unrefined"
便,"convenience, ease; expedient"
兴,"thrive, prosper, flourish"
兼,"unite, combine; connect; and"
冨,"abundant, ample; rich, wealthy"
冝,"suitable, right, fitting, proper"
冏,"(archaic form of 炯) light, bright"
再,"again, twice, re-"
兾,(same as 冀) to hope for; to wish
優,"superior, excellent; actor"
兄,elder brother
儘,utmost
儔,"companion, mate, colleague"
儒,Confucian scholar
儆,warn; warning
僣,"assume, usurp"
僞,"false, counterfeit, bogus"
僚,"companion, colleague; officials; bureaucracy; a pretty face"
僖,"joy, gladness, delight; surname"
僕,"slave, servant, I"
克,gram; overcome; transliteration
兩,"two, both, pair, couple; ounce"
全,"maintain, keep whole or intact"
兗,establish; one of nine empire divisions
兕,a female rhinoceros
兒,"son, child, oneself; final part"
木,"tree; wood, lumber; wooden"
朘,"wane, reduce, contract; exploit"
期,period of time; date; time limit
材,"material, stuff; timber; talent"
杆,pole; shaft of spear
杀,"kill, slaughter, murder; hurt"
朗,"clear, bright; distinct"
来,"come, coming; return, returning"
曲,"crooked, bent; wrong, false"
書,"book, letter, document; writings"
曝,"sun, air in sun, expose or dry in the sun"
曄,bright; radiant; thriving
暦,"calendar, era"
曾,already; sign of past
朔,first day of lunar month; the north
服,"clothes; wear, dress"
月,moon; month; Kangxi radical 74
桎,"fetters, shackles, handcuffs"
梭,weaver's shuttle; go to and fro
梠,a small beam supporting the rafters at the eaves
梅,plums; prunes; surname
桑,mulberry tree; surname
桉,eucalyptus
柵,fence; palisade; grid
桃,peach; marriage; surname
桂,cassia or cinnamon
栽,"to cultivate, plant; to care for plants"
根,"root, base(d on); foundation"
株,numerary adjunct for trees; root
栢,"cypress, cedar"
校,school; military field officer
梯,"ladder, steps, stairs; lean"
梹,the areca-nut; the betel-nut
椲,"(simplified form of 椲) a kind of wood (used as a kind of material to make basin and bowl, etc.); (same as 楎) a peg for hanging things on, a clothes-horse"
椰,"palm tree, coconut palm"
椒,"pepper, spices"
棱,"squared timber; angle, edge"
栒,cross bar
柴,"firewood, faggots, fuel"
枝,"branches, limbs; branch off"
枚,"stalk of shrub, trunk of tree"
枋,sandalwood; tree used as timber
枉,"useless, in vain; bent, crooked"
板,"plank, board; iron or tin plate"
杷,loquat
杵,pestle; baton used beat clothes
東,"east, eastern, eastward"
枵,"hollow stump of a tree; empty, thin"
柱,"pillar, post; support; lean on"
查,"investigate, examine, seek into"
柞,oak; spinous evergreen tree; to clear away trees
柝,watchman's rattle
柘,a thorny tree; sugarcane
某,certain thing or person
柄,"handle, lever, knob; authority"
柂,helm
枹,drumstick
枸,kind of aspen found in Sichuan
暝,"dark, obscure"
新,"new, recent, fresh, modern"
斯,"this, thus, such; to lop off; emphatic particle"
斫,"cut, chop, lop off"
敵,"enemy, foe, rival; resist"
斜,"slanting, sloping, inclined"
斛,dry measure equal to some five or ten dou (see 舒)
斗,"a dipper; unit of volume (ten 升 or litres); Kangxi radical 68; 8th lunar mansion, determinative star φ Sagittarii"
斕,multicolored
斑,"mottled, striped, freckle"
斉,"even, uniform, of equal length"
斵,to cut to pieces; to hack; to chop or hew; to carve for ornaments
旅,"trip, journey; travel; traveler; hexagram ䷷"
旃,silk banner with bent pole
旁,"side; by side, close by, near"
於,"in, at, on; interjection alas!"
斷,"sever, cut off; interrupt"
旌,banner or flag adorned with feathers; to signal
攻,"attack, assault; criticize"
攷,"examine, test; investigate"
敎,teach
敏,"fast, quick, clever, smart"
救,"save, rescue, relieve; help, aid"
敦,"esteem; honest, candid, sincere"
敢,"to dare, venture; bold, brave"
敘,"express, state, relate, narrate"
旋,"revolve, move in orbit; return"
昺,"bright, glorious; brilliant"
昼,"daytime, daylight"
昻,rise
昵,"intimate, close; approach"
昱,"bright light, sunlight; dazzling"
昨,"yesterday; in former times, past"
暑,hot
暎,sun beginning decline; reflect
暍,sunstroke
暄,"warm, comfortable; warm, genial"
晷,shadows of sun; time; sundial
旦,dawn; morning; day
易,change; easy
无,"negative, no, not; Kangxi radical 71"
旛,"a pennant, a banner"
旗,"banner, flag, streamer"
旧,"old, ancient; former, past"
昏,"dusk, nightfall, twilight, dark"
昌,"light of sun; good, proper"
昆,elder brother; descendants
浸,"soak, immerse, dip, percolate"
涯,"shore, bank, water's edge"
涙,tears; weep
涖,river in Hebei province; creek
涉,"ford stream, wade across"
涅,"blacken; black mud, slime"
浴,"bathe, wash; bath"
浩,"great, numerous, vast, abundant"
涵,"soak, wet; tolerate, be lenient"
涸,"dried up; exhausted, tired; dry"
淨,"pure, clean, unspoiled"
淦,river in Jiangxi province; water leaking into a boat
淡,"weak, watery; insipid, tasteless"
淜,roar of dashing waves
淘,wash in a sieve; weed out
淖,slush; mud
淑,"good, pure, virtuous, charming"
涿,"drip, dribble, trickle"
浅,"shallow, not deep; superficial"
泥,"mud, mire; earth, clay; plaster"
泣,"cry, sob, weep"
泗,mucous; nasal flow; sniffle; river in Shandong
浄,"pure, clean, unspoiled"
泄,leak; vent; flow; reveal
沽,buy and sell; inferior in quality
治,"govern, regulate, administer"
油,"oil, fat, grease, lard; paints"
河,river; stream; the Yellow River
洽,"to blend with, be in harmony; to penetrate; to cover; a river in Shenxi"
洲,continent; island; islet
洩,"leak, drip; vent or release"
津,ferry; saliva; ford
洟,"snivel, mucus from nose"
洗,"wash, rinse; clean, purify"
洎,until; till; soup; to soak
泽,"marsh, swamp; grace, brilliance"
泻,"drain off, leak; flow, pour down"
泰,"great, exalted, superior; big; hexagram ䷊"
添,"append, add to; increase"
潘,surname; water in which rice has been rinsed; a river that flows into the Han
濁,"muddy, turbid, dirty, filthy"
激,"arouse, excite, incite; quickly"
澑,"slide, glide, slip; slippery"
澆,"spray, water, sprinkle"
潮,"tide; moist, wet, damp; flow"
滬,Shanghai; river near Shanghai
潔,"clean, purify, pure"
漭,vast; expansive
漏,"leak, drip; funnel; hour glass"
漆,"varnish, lacquer, paint"
滯,"block up, obstruct; stagnant"
濃,"thick, strong, concentrated"
炙,"roast, broil; toast; cauterize"
炕,the brick-bed in northern China
炒,"fry, saute, roast, boil, cook"
炅,brilliance
灾,"calamity, disaster, catastrophe"
灶,"kitchen stove, cooking stove"
灵,"spirit, soul; spiritual world"
灰,"ashes; dust; lime, mortar"
灯,"lantern, lamp"
火,"fire, flame; burn; anger, rage"
灌,"pour; water; irrigate, flood"
瀝,"trickle, drip; strain; dregs"
濼,river in Shandong province
濺,"sprinkle, spray; spill, splash"
濤,large waves
濡,"immerse, moisten; wet, damp"
渴,"thirsty, parched; yearn, pine"
港,"port, harbor; small stream; bay"
温,lukewarm
渥,"moisten, soak; great, deep; dye; to enrich"
渣,"refuse, dregs, lees, sediment"
渡,"cross, ferry over; ferry"
渠,"ditch, canal, channel, gutter"
渊,"surge up, bubble up, gush forth"
渉,ford stream
滚,turn
滅,"extinguish; wipe out, exterminate"
溽,"moist, humid, muggy"
溺,drown; submerge in water; indulge
溷,"privy, latrine; turbid, dirty"
溱,river in Henan
溪,"mountain stream, creek"
溢,"overflow, brim over; full"
溜,"slide, glide, slip; slippery"
溘,"abruptly, suddenly, unexpectedly"
源,"spring; source, head; surname"
湿,"wet, moist, humid, damp; illness"
湼,black mud; slime
湲,flow
湮,"bury, sink, block up; stain"
湟,river in Qinghai province
湛,"deep; profound; clear; tranquil, placid"
欿,discontented; sad; gloomy
歙,to suck; a county's name in anhui
歐,"used in transliterating non-Chinese words such as Europe, ohm; surname"
欠,"owe, lack, be deficient; Kangxi radical 76"
欽,"respect, admire; respectful"
欺,"cheat, double-cross, deceive"
欹,fierce dog; interjection of pleas; (Cant.) strange
欣,"happy, joyous, delighted"
歛,"draw back, fold back; collect"
歟,"a final particle used to express admiration, doubt, surprise, or to mark a question"
歡,"happy, pleased, glad; joy; to enjoy"
歸,"return; return to, revert to"
歲,year; age; harvest
步,"step, pace; walk, stroll"
櫪,type of oak; stable
概,"generally, approximately"
槃,"tray; turn, rotate; search"
榼,wine glass
榮,"glory, honor; flourish, prosper"
榔,betel-nut tree
楼,building of two or more stories
櫛,"comb out; weed out, eliminate"
業,"profession, business, trade"
櫃,"cupboard, wardrobe, counter"
檻,"threshold, door-sill"
檜,"Chinese cypress, Chinese juniper"
機,"machine; moment, chance"
橊,(variant of 榴) pomegranate
橈,bent or twisted piece of wood; a paddle
樽,"goblet; jar, jug; lush"
樻,"cupboard, wardrobe, counter"
樹,"tree; plant; set up, establish"
樓,building of two or more stories
槳,"oar, paddle"
様,"shape, form, pattern, style"
求,"seek; demand, request; beseech"
汀,"sandbar, beach, bank, shore"
永,"long, perpetual, eternal, forever"
氣,"air, gas, steam, vapor; spirit"
気,"air, gas, steam, vapor; spirit"
氓,people; subjects; vassals
汙,"filthy, dirty, impure, polluted"
汚,"filthy, dirty, impure, polluted"
沛,"abundant, full, copious; sudden"
沙,"sand, gravel, pebbles; granulated"
沒,"not, have not, none; to drown, sink"
沉,"sink, submerge; addicted to"
沅,name of a river in western Hunan that flows into Dongting lake
汶,a river in Shandong province
汲,draw water from well; imbibe
汪,"vast, extensive, deep; surname"
江,large river; the Yangzi; surname
汝,you
氊,"felt; coarse fabrics use for rugs, carpets, wrappers etc."
殂,to die
殷,"many, great; abundant, flourishing"
毋,do not; not; surname; rad. 80
殼,"casing, shell, husk, hull, skin"
殻,"casing, shell, husk, hull, skin"
殺,"kill, slaughter, murder; hurt; to pare off, reduce, clip"
殹,an echo
段,"section, piece, division"
殳,name of old weapon; kill; rad. 79
殮,dress corpse for burial
殚,"utmost, entirely, quite; use up"
殗,sickness; repeated
殉,"die for cause, be martyr for"
毎,every
毬,"ball, anything round, sphere"
毛,"hair, fur, feathers; coarse"
比,"to compare, liken; comparison; than; hexagram ䷇"
庠,village school; teach
庚,7th heavenly stem
廒,a granary
廐,stable; barnyard
廌,unicorn
廉,"upright, honorable, honest"
庭,courtyard; spacious hall or yard
廕,"shade; protect, shade, cover"
幽,"quiet, secluded, tranquil; dark"
幻,"illusion, fantasy, mirage"
幹,trunk of tree or of human body
幷,combine
幰,curtain at front of carriage
床,"bed, couch; framework, chassis"
廓,"broad, wide, open, empty; to expand"
廟,"temple, shrine; imperial court"
徐,"slowly, quietly, calmly; composed, dignified"
律,"statute, principle, regulation"
彝,"Yi (nationality); tripod, wine vessel; rule"
徊,"linger, walk to and fro, hesitate"
征,"invade, attack, conquer"
往,"go, depart; past, formerly"
役,"service; a servant, laborer; to serve"
影,"shadow; image, reflection; photograph"
彦,elegant
形,"form, shape, appearance"
徵,"summon, recruit; musical note"
徳,virtue; ethics
微,"small, prefix micro-, trifling"
復,return; repeat; repeatedly; hexagram ䷗
御,"drive, ride; chariot; manage"
徙,"move one's abode, shift, migrate"
弋,"catch, arrest; shoot with bow"
弊,"evil, wrong, bad; criminal"
弆,to collect
异,"different, unusual, strange"
彚,"collect, compile, assemble; hedgehog"
延,"delay, postpone, defer"
廣,"broad, wide, extensive"
廢,"abrogate, terminate, discard"
弝,the part of a bow grasped when shooting
彗,broomstick; comet
归,"return; return to, revert to"
彌,"extensive, full; fill; complete"
弱,"weak; fragile, delicate"
弭,"stop, desist, end, quell"
德,"ethics, morality, virtue"
屡,"frequently, often, again and again"
属,"class, category, type; belong to"
展,"open, unfold; stretch, extend"
屐,"wooden shoes, clogs"
屋,"house; room; building, shelter"
屈,"bend, flex; bent, crooked; crouch"
屆,"numerary adjunct for time, term"
層,"story, layer, floor, stratum"
專,"monopolize, take sole possession"
尊,"respect, revere, venerate; honor"
尉,"officer, military rank"
専,"monopolize, take sole possession"
導,"direct, guide, lead, conduct"
尹,govern; oversee; director
尭,a legendary ancient emperor-sage
尨,shaggy haired dog; variegated
尤,"especially, particularly"
尔,"you; that, those; final particle"
巷,"alley, lane"
师,"teacher, master, specialist"
帆,sail; boat
帑,a treasury; public funds
帖,invitation card; notice
帳,"tent; screen, mosquito net"
帰,"return; return to, revert to"
帮,"help, assist; defend; shoe upper"
席,seat; mat; take seat; banquet
带,"belt, girdle, band, strap, zone"
帥,"commander, commander-in-chief"
岳,mountain peak; surname
岱,"Daishan, one of the Five Sacred Mountains in China"
岢,a county in Shānxī
岐,high; majestic; fork in road
屿,island
屹,to rise high; to stand erect
屯,"village, hamlet; camp; station; hexagram ䷂"
屨,straw sandals; tread on
屧,"wooden shoes, clogs"
岷,"Minshan mountain range in northern Sichuan and southern Gansu, Min River"
岸,"bank, shore; beach, coast"
峻,"high, steep, towering; stern"
巫,"wizard, sorcerer, witch, shaman"
川,"stream, river; flow; boil"
巖,"cliff, precipice; cave, grotto"
嶽,"mountain peak, summit"
嶺,"mountain ridge, mountain peak"
嶠,high pointed mountain
嶂,cliff; mountain barrier
嵎,mountain recess; canyon
嵌,"inlay, set in; fall into; rugged"
拇,thumb; big toe
拜,"do obeisance, bow, kowtow"
拘,"restrain, seize, detain"
拓,expand; open up; support or push
拏,"take; bring; grasp, hold; arrest"
拌,mix
拉,"pull, drag; seize, hold; lengthen"
拈,pick up with fingers; draw lots
拆,"to break up, split apart, rip open; to destroy"
抗,"resist, oppose, defy, reject"
拂,"shake off, brush away; dust"
抽,"draw out, pull out; sprout"
押,"mortgage, pledge; deposit; to pawn; to arrest, detain, guard"
抵,"resist, oppose; deny; off-set"
抝,"to bend, break; to argue"
抛,throw (away)
抚,"pat, console, comfort; pacify"
折,"break off, snap; bend"
捉,"grasp, clutch; catch, seize"
挺,"to stand upright, straighten; rigid"
振,"raise, excite, arouse action"
挫,push down; chop down; grind
挐,drag
挈,"assist, help, lead by hand"
持,"sustain, support; hold, grasp"
拽,"drag, tow; throw; twist"
拷,torture and interrogate; hit
拳,fist; various forms of boxing
拱,"fold hands on breast; bow, salute"
括,"include, embrace, enclose"
择,"select, choose, pick out"
拠,"to occupy, take possession of; a base, position"
捏,pick with fingers; knead; mold
扒,scratch; dig up; crawl; crouch
扎,pull up; pierce; struggle free
扈,"escort, retinue; insolent"
扁,"flat; tablet, signboard"
托,"to hold up with palm; to support, rely on"
扦,"probe, poke, prick, pierce"
技,"skill, ability, talent, ingenuity"
承,"inherit, receive; succeed"
扼,"grasp, clutch; choke, strangle"
扶,"support, help; protect; hold on"
捋,to pluck; to gather in the fingers; to rub; to scrape off
戾,"perverse, recalcitrant, rebellious"
播,"sow, spread; broadcast; cast away, reject"
擠,"crowd, squeeze, push against"
擔,"carry, bear, undertake"
操,"conduct, run, control, manage"
擇,"select, choose, pick out"
撿,to pick up
撼,"move, shake; (Cant.) to fight"
撲,"pound, beat, strike; attack"
撰,"compose, write, compile"
摶,roll around with hand; model
撫,"pat, console, comfort; pacify"
撝,"wave, brandish; modest, humble"
撑,"prop up, support; brace"
擬,"draft; intend, plan, propose"
攢,"save, hoard"
攝,"take in, absorb; act as deputy; administer, assist"
擿,"to select, to pick out from, to discard"
擾,"disturb, annoy, agitate"
摺,"fold, bend; twisted, curved"
摩,"rub, scour, grind; friction"
据,"to occupy, take possession of; a base, position"
掀,"lift, raise; stir"
捿,perch; roost; stay
捺,to press down heavily with the fingers
捷,"win, victory, triumph"
捭,to open; to spread out
捨,"discard, give up willingly; give alms"
掉,"turn, move; shake, wag; drop down"
掌,"palm of hand, sole of foot, paw"
摧,"destroy, break, injure"
携,"lead by hand, take with; carry"
搴,extract; seize; pluck up
搬,"transfer, move, remove, shift"
搓,to rub or roll between the hands
揵,carry
援,"aid, assist; lead; cite"
揜,"cover up; take by force, shut"
揚,"scatter, spread; praise"
掲,"to set (a table); to install, equip; to lay (a foundation)"
採,"gather, collect; pick, select"
掖,"support with the arms; stick in, tuck in; fold up"
恠,"strange, unusual, peculiar"
恥,"shame, humiliation; ashamed"
恙,"illness, sickness; indisposition"
恕,"forgive, excuse, show mercy"
恒,"constant, regular, persistent"
恐,"fear; fearful, apprehensive"
恍,seemingly; absent-minded
恃,"rely on, presume on, trust to"
悵,"disappointed, dissatisfied"
悲,"sorrow, grief; sorry, sad"
患,"suffer, worry about; suffering"
悛,"repent, reform"
悉,"know, learn about, comprehend"
恵,"favor, benefit, confer kindness"
恪,"respectful, reverent"
怿,"enjoy, be glad, be pleased"
怪,"strange, unusual, peculiar"
怨,"hatred, enmity, resentment"
性,"nature, character, sex"
急,"quick, quickly; urgent, pressing"
怊,"sad, disappointed"
念,"think of, recall, study"
忮,stubborn; perverse; aggressive
忠,"loyalty, devotion, fidelity"
忙,"busy, pressed for time; hustling"
懷,"bosom, breast; carry in bosom"
成,"completed, finished, fixed"
戎,"arms, armaments; military affair"
戍,"defend borders, guard frontiers"
戌,eleventh earthly branch
戊,5th heavenly stem
懿,"virtuous, admirable, esteemed"
懼,"fear, be afraid of, dread"
懶,"lazy, languid, listless"
慷,"ardent; generous, magnanimous"
懲,"punish, reprimand; warn"
懦,"weak, timid, cowardly"
懐,"bosom, breast; carry in bosom"
懍,"be afraid of, be awed by, be in awe"
懋,"splendid, grand, majestic"
憶,"remember, reflect upon; memory"
憲,"constitution, statute, law"
憨,"foolish, silly, coquettish"
戬,"exterminate, destroy; blessing"
截,"cut off, stop, obstruct, intersect"
或,"or, either, else; perhaps, maybe"
悸,"fearful, apprehensive, perturbed"
想,"think, speculate, plan, consider"
慶,"congratulate, celebrate"
惡,"evil, wicked, bad, foul"
惟,"but, however, nevertheless; only"
惓,"careful, sincere, candid"
情,"feeling, sentiment, emotion"
愒,"rest, stop"
愚,"stupid, doltish, foolish"
慮,"be concerned, worry about"
慧,"bright, intelligent; intelligence"
慢,"slow(ly), leisurely, sluggish"
慕,"long for, desire; admire"
慌,"nervous, panicky, frantic"
愿,"sincere, honest, virtuous"
愴,"sad, broken-hearted, disconsolate"
感,"feel, perceive, emotion"
愜,"be satisfied, be comfortable"
𰬈,string on musical instrument
