verse_no	luc_bat	qn_verse	nom_text
1	6	Trăm năm trong cõi người ta,	𤾓𢆥𥪝𡎝𠊛些
2	8	Chữ tài chữ SẮC khéo là CỢT nhau.	𡦂才𡦂色窖󰑼󰡒僥
3	6	Trải qua một cuộc bể dâu,	󰠵戈蔑局波橷
4	8	Những điều trông thấy ĐÃ đau đớn lòng.	仍調𬂙𧡊㐌𤴬疸𢚸
5	6	Lạ gì bỉ sắc tư phong,	𨔍之彼嗇斯豊
6	8	Trời xanh quen VỚI má hồng đánh ghen.	𡗶撑涓貝𦟐紅打悭
7	6	Cảo thơm lần GIỞ trước đèn,	稿𦹳吝捕畧畑
8	8	Phong tình có lục còn truyền sử xanh.	風情固錄群傳史撑
9	6	Rằng: năm Gia Tĩnh triều Minh,	浪𢆥嘉靖朝明
10	8	Bốn phương phẳng lặng hai kinh vững vàng	𦊚方滂𣼽𠄩京凭鐄
11	6	Có nhà viên ngoại họ Vương,	固茹員外户王
12	8	Gia tư NGHĨ cũng thường thường bực trung.	家資𢪀拱常常堛中
13	6	Một trai con thứ rốt lòng,	𠬠󰜩𡥵次卒𢚸
14	8	Vương Quan là chữ nối dòng nho gia.	王󰞹󰑼𡦂綏𣳔儒家
15	6	Đầu lòng hai ả tố nga,	頭𢚸𠄩妸素娥
16	8	Thuý Kiều là chị em là Thuý Vân.	翠翹󰑼姉㛪󰑼翠雲
17	6	Mai cốt cách tuyết tinh thần,	梅骨格雪精神
18	8	MỘT người MỘT vẻ mười phân vẹn mười.	󰓳𠊚󰓳𨤔𨒒分院𨒒
19	6	Vân xem trang trọng khác vời,	雲𫀅莊重恪潙
20	8	TƯ PHONG đầy đặn nét ngài nở nang.	姿丰苔𬊤湿𧍋𦬑囔
21	6	Hoa cười ngọc THỐT đoan trang,	花唭玉説端莊
22	8	Mây KHOE nước tóc tuyết nhường màu da.	𩄲誇渃󰖥雪讓牟𦝄
23	6	Kiều XEM sắc sảo mặn mà,	翹𫀅色稍漫麻
24	8	So bề tài sắc lại là phần hơn.	芻皮才色吏󰑼分欣
25	6	HƯƠNG thu thuỷ VẾT xuân sơn,	香秋水疸春山
26	8	Hoa GHEN thua thắm liễu hờn kém xanh.	花性輸審柳𪬡劍撑
27	6	Một hai nghiêng nước nghiêng thành,	𠬠𠄩迎渃迎城
28	8	Sắc đành TRỌI một tài đành hoạ hai.	色停隊󰓳才停和𠄩
29	6	Thông minh vốn sẵn tư trời,	聰明本産資𡗶
30	8	Pha nghề THƯ hoạ đủ mùi ca ngâm.	披芸書𪽗覩味𰙔吟
31	6	Cung thương làu bậc năm âm,	宫商漏堛𠄼音
32	8	Nghề riêng ăn đứt hồ cầm một trương.	芸𥢆咹󰡖胡琴𠬠張
33	8	Khúc nhà tay lựa nên XOANG ,	曲茹𢬣𢫘𢧚腔
34	8	Một thiên Bạc mệnh lại càng não nhân.	𠬠篇薄𠇮吏強󰞽人
35	6	Phong lưu rất mực hồng quần,	󰘩流窒墨紅裙
36	8	Xuân xanh xấp xỉ LÊN tuần cập kê.	春撑执齿𨖲旬及筓
37	6	ÊM NỀM trướng rủ màn che,	淹𧛋帳𢷀幔𩂏
38	8	Tường đông ong bướm đi về mặc ai.	墻東蜂𧊉𠫾𧗱默埃
39	6	NGÀY XUÂN con én đưa thoi,	𣈜春昆燕迻梭
40	8	Thiều quang chín chục đã ngoài sáu mươi.	韶光九󰁬㐌外𦒹𨑮
41	6	Cỏ non xanh tạn chân trời,	𦹵𡽫撑羡蹎𡗶
42	8	Cành lê trắng điểm một vài bông hoa.	挭梨𤽸點𠬠𠄽󰊎花
43	6	Thanh minh GIỮA tiết NGÀY ba,	清明𡧲節𣈜𠀧
44	8	Lễ là Tảo mộ GỌI là Đạp thanh.	礼󰑼掃墓噲󰑼踏晴
45	6	Gần xa nô nức yến anh,	𧵆賒奴󱋨燕鶧
46	8	Chị em sắm sửa bộ hành chơi xuân.	姉㛪懺所步行制春
47	6	Dập dìu tài tử giai nhân,	習耀才子佳人
48	8	Ngựa xe như nước áo quần như nen.	馭車如渃襖裙如𢬧
49	6	Ngổn ngang GÒ đống kéo lên,	衮昂坵埬撟𨖲
50	8	Thoi vàng VÓ rắc tro TÀN giấy bay.	梭鐄𥿠𫽘烣残紙悲
51	6	Tà tà bóng ngã về tây,	-匕䏾我𧗱西
52	8	Chị em thơ thẩn DAN tay ra về.	姉㛪他引󰇶𢬣𦋦𧗱
53	6	Bước dần theo ngọn tiểu khê,	𨀈寅蹺𦰟小溪
54	8	Lần xem phong cảnh có bề THANH THANH .	吝𫀅󰘩景固皮清清
55	6	Nao nao dòng nước uốn quanh,	㝹㝹𣳔渃捥觥
56	8	Nhịp cầu nhỏ nhỏ cuối ghềnh bắc ngang.	揲桥𡮈𡮈𡳳京北昂
57	6	TRỜ TRỜ nấm đất bên đường,	除除埝坦边塘
58	8	Rầu rầu ngọn cỏ nửa vàng nửa xanh.	油油𦰟𦹵姅鐄姅撑
59	6	"Rằng: ""Sao trong tiết Thanh minh,"	浪牢𥪝節清明
60	8	"""Mà đây hương khói vắng tanh thế mà?"""	麻低香𤐜永醒势麻
61	6	CHÀNG VƯƠNG mới dẫn gần xa:	払王買引𧵆賒
62	8	"""Đạm Tiên nàng ấy xưa là ca nhi."	淡仙娘意初󰑼𰙔兒
63	6	"""Nổi danh tài sắc một thì,"	-名才色𠬠時
64	8	SÁN QUANH ngoài cửa kém gì yến anh.	訕觥外𫔳儉之燕鶧
65	6	"""Kiếp hồng nhan có mong manh,"	刼紅顔固蒙萌
66	8	"""Nửa chừng xuân thoắt gãy cành thiên hương."	姅澄春説技梗天香
67	6	"""Có người khách ở viễn phương,"	固𠊚客扵遠方
68	8	“Xa nghe cũng PHỤC tiếng nàng tìm chơi.	賒𦖑拱復㗂娘尋制
69	8	“Thuyền tình vừa ghé ĐẾN NƠI ,	船情皮󰠼旦尼
70	8	"""Thì đà trâm gãy bình rơi bao giờ!"	時㐌簪技󰜍淶包徐
71	8	“ BUỒNG không LẠNH ngắt như tờ,	󱑹空冷𡴯如詞
72	8	"""Dấu xe ngựa đã rêu lờ mờ xanh."	𨁪車馭㐌󰷳瀘𣻕撑
73	6	"""Khóc than khôn xiết sự tình,"	哭嘆坤掣事情
74	8	"""Khéo vô duyên bấy là mình với ta!"	窖󰟁緣闭󰑼𠇮貝些
75	8	“Đã không duyên trước chăng LÀ ,	㐌空縁畧庄時
76	8	“Thì chi chút ĐÍCH gọi là duyên sau.	時之𡭧約噲󰑼縁娄
77	6	“Sắm xanh nếp CHỈ xe châu,	懺笙摄紙車珠
78	8	"""Vùi nông một nấm mặc dầu cỏ hoa."	䏽農𠬠埝默油𦹵花
79	6	"""Trải bao thỏ lặn ác tà,"	󰠵包兎吝鵶斜
80	8	"""Ấy mồ vô chủ ai mà viếng thăm!"""	𧘇墓󰟁主埃麻咏𠽄
81	6	Lòng đâu sẵn MỎN thương tâm,	𢚸󰠲産󰍹傷心
82	8	THOẠT nghe Kiều THOẮT đầm đầm châu sa:	説𦖑翹捝珠沙潭潭
83	6	"""Đau đớn thay phận đàn bà!"	𤴬疸台分弹󰜏
84	8	"""Lời rằng bạc mệnh cũng là lời chung."	𠳒浪泊𠇮拱󰑼𠳒終
85	6	"""Phũ phàng chi bấy hoá công!"	負旁之闭化工
86	8	"""Ngày xanh mòn mỏi má hồng phôi pha."	𣈜撑󰍹痗𦟐紅配坡
87	6	"""Sống làm vợ khắp người ta,"	𤯨爫𡞕泣𠊛些
88	8	“ HẠI thay nằm xuống là ma không chồng!	窖台𦣰𫴋󰑼魔空𫯳
89	6	"""Nào người phượng chạ loan chung,"	芇㝵鳯乍鸾終
90	8	"""Nào người tiếc lục tham hồng là ai?"	芇㝵惜綠貪紅󰑼埃
91	6	"""Đã không kẻ đoái người hoài,"	㐌空几兑㝵𢙇
92	8	“Sẵn đây ta CẮM một vài nén hương.	産低些劎𠬠𠄽𥘀香
93	6	"""Gọi là gặp gỡ giữa đường,"	噲󰑼﨤𫽻𡧲塘
94	8	"""Hoạ là người dưới suối vàng biết cho."""	和󰑼㝵󰡎𤂬鐄别朱
95	6	Lầm rầm khấn vái nhỏ to,	林滛𭝫拜𡮈蘇
96	8	Sụp ngồi và cáo trước mồ bước ra.	立𡎢𬏓诰畧墓𨀈󰑾
97	6	Một VÙNG cỏ áy bóng tà,	𠬠󰟀𦹵爱䏾斜
98	8	Gió hiu hiu thổi một vài NGỌN lau.	𩙌囂囂𠺙𠬠𬏓𦰟𦰤
99	6	Rút trâm sẵn giắt mái đầu,	𢯰簪産㩫𠃅頭
100	8	Vạch da cây vịnh bốn câu ba vần.	拍䏧核咏𦊚句𠀧韻
101	6	Lại càng mê MẢI tâm thần,	吏強迷買心神
102	8	Lại càng đứng lặng tần ngần chẳng ra.	吏強𨅸朗秦艰󰝸𦋦
103	6	Lại càng ủ dột nét hoa,	吏強塢突󰞺花
104	8	Sầu tuôn đứt nối châu sa vắn dài.	愁𣻆𢯟綏珠沙𥐆𨱽
105	6	"Vân rằng: ""Chị cũng nực cười,"	雲浪姉拱󱋨唭
106	8	""" cũng dư nước mắt khóc người đời xưa!"""	拱餘渃眜哭㝵𠁀初
107	6	"Rằng: ""Hồng nhan tự thủa sơ,"	浪紅顔自課初
108	8	"""Cái điều bạc mệnh có chừa ai đâu."	丐調泊𠇮固除埃󰠲
109	6	"""Nỗi niềm tưởng đến mà đau,"	浽念想旦麻𤴬
110	8	“Thấy người nằm ĐẤY biết sau thế nào?”	体㝵𦣰帝别娄󰟨芇
111	6	"Quan rằng: ""Chị nói hay sao?"	覌浪姉呐咍牢
112	8	""" Một điều là một vận vào khó nghe!"	𠬠調󰑼𠬠運𠓨苦𦖑
113	6	"""Ở đây âm khí nặng nề."	扵低陰氣𥘀伲
114	8	"""Bóng chiều đã ngả dặm về còn xa."""	䏾朝㐌我埮𧗱群賒
115	6	"Kiều rằng: ""Những đấng tài hoa,"	翹浪仍等才花
116	8	"""Thác là thể phách còn là tinh anh."	托󰑼体魄群󰑼精𮎦
117	6	"""Dễ hay tình lại gặp tình."	易台情吏及情
118	8	"""Chờ xem ắt thấy hiển linh bây giờ!"""	徐𫀅乙体顕灵碑除
119	6	Một lời nói chửa KỊP thưa,	𠬠𠳒呐渚吸䜹
120	8	Phút đâu trận gió cuốn cờ đến ngay.	丿󰠲陣𩙌捲旗旦𣦍
121	6	Ào ào GIÓ LỐC rung cây,	泑泑𩙌祿拸核
122	8	Ở trong dường có hương bay ít nhiều.	扵𥪝󰟯固香𠖤𠃣堯
123	6	Đè chừng ngọn gió lần theo,	提澄𦰟𩙌吝蹺
124	8	VẾT giày từng bước in rêu rành rành.	𤵖𩌂曾𨀈印尞伶伶
125	6	Mặt nhìn ai nấy đều kinh,	󰘚𥚆埃乃調󰟹
126	8	"Nàng rằng: ""Này thực tinh thành chẳng xa."	娘浪尼实精誠󰝸賒
127	6	“Hữu tình ta lại BIẾT ta,	有情些吏別些
128	8	“ CHẲNG nề u hiển mới là chị em.”	󰝸泥󰁏顕買󰑼姉㛪
129	6	Đã lòng hiển hiện cho xem,	㐌𢚸顕現朱𫀅
130	8	Tạ lòng nàng lại nối thêm VÀ lời.	謝𢚸娘吏𨁡添𬏓𠳒
131	6	Lòng thơ lai láng bồi hồi,	𢚸䜹来朗徘徊
132	8	Gốc cây lại vạch một bài cổ thi.	㭲核吏拍𠬠排古詩
133	8	Dùng dằng DỞ ở DỞ về ,	𣳔孕𢷣於𢷣𧗱
134	8	Nhạc vàng đâu đã tiếng nghe gần gần.	樂鐄󰠲㐌㗂𦖑𧵆𧵆
135	6	Trông chừng thấy một văn nhân,	𬂙澄体𠬠文人
136	8	Lỏng buông tay khấu bước lần dặm băng.	弄𢭾𢬣叩𨀈吝埮氷
137	6	Đề huề lưng túi gió trăng,	提𢹂𦝄󰠞𩙌𦝄
138	8	Sau chân theo một vài thằng con con.	𨍦蹎蹺𠬠𠄽繩昆昆
139	6	Tuyết in sắc ngựa câu giòn,	雪印色馭󰙃𤶐
140	8	Cỏ pha MÙI áo nhuộm non da trời.	𦹵坡味襖染𡽫䏧𡗶
141	6	Nẻo xa mới RÕ mặt người,	裊賒買𤑟󰘚㝵
142	8	Khách đà xuống ngựa tới nơi tự tình.	客㐌𫴋馭細尼敘情
143	6	GIAI NHÂN lần bước dặm xanh,	佳人吝𨀈埮撑
144	8	Một vùng như thể cây quỳnh cành dao.	𠬠𡓄如体核瓊梗瑤
145	6	Chàng Vương quen mặt ra chào,	払玉捐󰘚𦋦嘲
146	8	Hai e MẶT mặt nép vào dưới hoa.	𠄩翹依󰘚納𠓨󰡎花
147	6	Nguyên người quanh quất đâu xa,	原𠊛觥橘󰠲車
148	8	Họ Kim tên Trọng vốn nhà trâm anh.	户金𠸜重本茹簪纓
149	6	Nền phú hậu bực tài danh,	𪤍富厚堛才名
150	8	Văn chương nết đất thông minh tính trời.	文章揑坦通明性𡗶
151	6	Thiên tư tài mạo tót vời,	天資才貌捽為
152	8	Vào trong thanh nhã ra ngoài hào hoa.	𠓨𥪝󰘩雅𦋦外豪󰡛
153	6	Chung quanh vẫn đất nước nhà,	冬觥刎坦渃茹
154	8	Với Vương Quan trước VẪN là đồng thân.	貝王󰞹畧刎󰑼同親
155	6	VẪN nghe thơm nức hương lân,	刎𦖑𦹳󱋨鄕隣
156	8	Một nền Đồng- tước khoá xuân hai Kiều.	𠬠𪤍銅雀鎖春𠄩娇
157	6	Nước non cách mấy buồng thêu,	渃𡽫隔󰋇󰟀絩
158	8	Những là trộm DẤU thầm yêu chốc mòng.	仍󰑼濫唒忱腰祝蒙
159	6	May thay giải cấu tương phùng,	枚台邂逅相逢
160	8	Gặp tuần đố lá thoả lòng tìm hoa.	及旬妬𦲿妥𢚸尋花
161	6	Bóng hồng NHÁC thấy nẻo xa,	䏾紅落体裊賒
162	8	Xuân HƯƠNG thu cúc mặn mà cả hai.	春香秋菊曼麻奇𠄩
163	6	Người quốc sắc kẻ thiên tài,	㝵国色几天才
164	8	Tình trong như đã mặt ngoài còn e.	情𥪝如㐌󰘚外群依
165	6	Chập chờn cơn tỉnh cơn mê,	执廛干醒干迷
166	8	Rốn ngồi chẳng tiện dứt về chỉn khôn.	󰟱𡎢󰝸便𢴑𧗱㐱坤
167	6	Bóng tà như giục cơn buồn,	䏾斜如󰖢干盆
168	8	Khách đà lên ngựa người còn NGHÉ theo.	客㐌𨖲馭㝵群𥊘蹺
169	6	Dưới CẦU DẢI NƯỚC trong veo,	󰡎梂帶渃𤄯󰌄
170	8	Bên cầu tơ liễu bóng chiều THA LA .	边梂絲柳䏾朝他𦋦
171	6	Kiều từ trở gót trướng hoa,	翹自𧿨𨃴帳花
172	8	Mặt trời LẶN NÚI chiêng đà thu không.	󰘚𡗶吝𡶀鉦㐌收空
173	6	Gương nga VẠNH VẠNH đầy song,	𦎛娥永永苔蔥
174	8	Vàng gieo ngấn nước cây lồng bóng sân.	廣招痕渃核篭䏾𡑝
175	6	Hải đường lã ngọn đông lân,	海棠扡𦰟東鄰
176	8	Giọt sương treo nặng cành xuân LA đà.	湥霜撩𥘀梗春󰑼陀
177	6	ĐĂM ĐĂM lặng ngắm bóng HOA,	󰝡󰝡朗𥋴䏾花
178	8	Rộn đường gần với nỗi xa bời bời:	吨唐𧵆貝挼賒排排
179	6	"""Người mà đến thế thì thôi,"	㝵麻旦󰟨時催
180	8	"""Đời phồn hoa cũng là đời bỏ đi!"	𠁀繁花拱󰑼𠁀補𠫾
181	6	"""Người đâu gặp gỡ làm chi,"	𠊛󰠲扱𫽻爫之
182	8	"Trăm năm biết có duyên gì hay không?"""	𤾓𠄼別固緣之咍空
183	6	NGỔN ngang trăm mối bên lòng,	衮昂𤾓䋦边𢚸
184	8	Nên câu tuyệt diệu ngụ trong tính tình.	𢧚勾絶妙寓𥪝性情
185	6	Chênh chênh bóng nguyệt xế mành,	征征䏾月熾萌
186	8	Tựa loan bên triện một mình thiu thiu.	𢭸鸾边篆𠬠𠇮燒燒
187	6	Thoắt đâu thấy một tiểu kiều,	率󰠲体𠬠小娇
188	8	Có chiều phong vận có chiều thanh tân.	固朝󰘩韻固朝清新
189	6	Sương in mặt tuyết pha thân,	霜印󰘚雪坡身
190	8	Sen vàng lãng đãng như gần như xa.	蓮鐄朗蕩如𧵆如賒
191	6	CHÀO mừng ĐON hỏi dò la:	嘲𢜏噋𠳨𠻀󰑼
192	8	“ NGUỒN ĐÀO lạc lối đâu mà đến đây?”	源桃落𫮇󰠲麻旦低
193	6	"Thưa rằng: ""Thanh khí xưa nay,"	䜹浪聲氣初󰅒
194	8	“Mới CÙNG nhau lúc ban ngày đã quên?	買拱饒󰡜班𣈜㐌涓
195	6	"""Hàn gia ở mé tây thiên,"	寒家扵𠃅西阡
196	8	"""Dưới dòng nước chảy bên trên có cầu."	󰡎𣳔渃沚边𨕭固桥
197	6	"""Mấy lòng hạ cố đến nhau,"	󰋇𢚸下顧旦饒
198	8	"""Mấy lời hạ tứ ném châu gieo vàng."	󰋇𠳒下賜捻珠招鐄
199	6	"""Vâng trình hội chủ xem tường,"	𠳐呈會主𫀅詳
200	8	"""Mà xem trong sổ Đoạn trường có tên."	麻𫀅𥪝𢼂断膓固𠸜
201	6	"""Âu đành quả kiếp nhân duyên,"	欧停果刼因綠
202	8	"""Cũng người một hội một thuyền đâu xa!"	共㝵𠬠會𠬠船󰠲車
203	6	"""Này mười bài mới mới ra,"	尼𨑮排買買𫥨
204	8	"""Câu thần lại mượn bút hoa vẽ vời."""	勾神吏慢笔花󰖽潙
205	6	Kiều vâng lĩnh ý đề bài,	翹𠳐領意題排
206	8	Tay tiên một VẪY đủ mười khúc ngâm.	𢬣仙𠬠󰖽𨇜𨑮曲吟
207	6	Xem thơ THẮC THỎM khen thầm:	袩䜹𭝫𭈿𠸦󰠐
208	8	Giá đành tú khẩu cẩm tâm khác thường!	價停繡口錦心恪常
209	6	Ví đem vào tập Đoạn trường.	󰂇󰝂𠓨集断膓
210	8	Thì treo GIẢI nhất chi nhường cho ai!	時撩帶一之讓朱埃
211	6	Thềm hoa khách đã trở hài,	㙴花客㐌𧿨鞋
212	8	Nàng còn CẦM lại một hai TỰ tình.	娘群扲吏𠬠𠄩斜情
213	6	Gió đâu sịch bức mành mành	𩙌󰠲鄭幅甍甍
214	8	Tỉnh ra mới biết là mình chiêm bao.	醒𦋦買別浪𠇮占包
215	6	Trông theo nào thấy đâu nào,	𬂙蹺芇体󰠲芇
216	8	Hương thừa NHƯỜNG hãy ra vào đâu đây.	香乘讓唉𦋦𠓨󰠲低
217	6	Một mình lưỡng lự canh chầy,	𠬠𠇮󰡝慮更迡
218	8	Đường xa nghĩ nỗi sau này mà kinh.	塘賒𢪀挼娄尼麻󰟹
219	6	Hoa trôi bèo dạt đã đành,	花㵢䕯󰟅㐌停
220	8	Biết ĐÂU mình biết phận mình thế thôi.	别󰠲𠇮别分𠇮󰟨傕
221	8	Nỗi riêng lớp lớp sóng DỒI ,	浽𥢆笠笠㳥𣼭
222	8	Nghĩ đòi cơn lại sụt sùi đòi cơn.	𢪀隊干吏湥涞隊干
223	6	Giọng Kiều rền rĩ trướng loan,	喠娇𡃚𠯇帳鵉
224	8	Nhà huyên chợt tỉnh hỏi cơn cớ gì.	茹萱秩醒𠳨干㨿之
225	6	“Cớ CHI trằn trọc canh khuya,	㨿之陳濁更𣅘
226	8	"""Màu hoa lê hãy dầm dề giọt mưa?"""	牟花󰣀唉滛提湥湄
227	6	"Thưa rằng: ""Chút phận ngây thơ,"	踈浪𡭧分𬏝踈
228	8	"""Dưỡng sinh đôi nợ tóc tơ chưa đền."	養生堆女󰖥絲渚填
229	6	NGÀY ngày chơi mả Đạm Tiên,	𣈜𣈜󱉁𡏢淡仙
230	8	"""Nhắp đi thoắt thấy ứng liền chiêm bao."	𥃱𠫾率体應連占包
231	6	"""Đoạn trường là số thế nào,"	断膓󰑼𢼂󰡫芇
232	8	"""Bài ra thế ấy vịnh vào thế kia."	排𦋦󰡫意咏𠓨󰡫箕
233	6	"""Cứ trong mộng triệu mà suy,"	㨿𥪝夢兆麻推
234	8	"""Phận con thôi có ra gì mai sau!"""	分昆傕固𦋦之枚娄
235	6	"Dạy rằng: ""Mộng triệu cứ đâu,"	𠰺浪夢兆據󰠲
236	8	"""Bỗng không mua não chuốc sầu nghĩ nao!"""	俸空謨󰞽聀愁𢪀芇
237	6	Vâng lời khuyên giải thấp cao.	𠳐𠳒勸觧湿高
238	8	Chưa xong điều nghĩ đã dào MẠCH Tương.	渚衝調󰀩㐌滛眜湘
239	6	Ngoài song thỏ thẻ oanh vàng,	外窻兎矢莺鐄
240	8	Nách tường bông liễu bước sang NGANG duềnh.	腋墻󱖮柳𨀈𨖅昂溋
241	8	Hiên tà gác bóng CHÊNH CHÊNH ,	軒斜擱䏾鉦鉦
242	8	HÃY riêng riêng trạnh tấc riêng một mình.	唉𥢆𥢆鄭𡬷貞𠬠𠇮
243	6	Cho hay là thói hữu tình,	朱台󰑼退有情
244	8	Đố ai DỨT mối tơ mành cho xong!	妬埃𢴑䋦絲萌朱衝
245	6	Chàng Kim từ lại thư song,	払金自吏書窻
246	8	Nỗi nàng cánh cánh bên lòng BIẾNG KHUÂY .	浽娘更更边𢚸更亏
247	6	Sầu đong càng KHẮC càng đầy,	愁冬強刻強苔
248	8	Ba thu GIỌN lại một ngày dài ghê!	𠀧秋論吏𠬠𣈜𨱽稽
249	6	Mây Tần khoá kín song the,	𫡮秦鎖謹窻𦂛
250	8	Bụi hồng LIỆU NẺO đi về chiêm bao.	𦹷紅料裊𠫾𧗱占包
251	6	Tuần trăng khuyết đĩa dầu hao,	旬𦝄鈌𥒦油滈
252	8	Mặt mơ tưởng mặt lòng ngao ngán lòng.	󰘚𢠩想󰘚𢚸嗷喭𢚸
253	6	BUỒNG văn hơi giá như đồng,	󰟀文唏這如銅
254	8	Trúc se NGÓN thỏ tơ chùng phím loan.	竹痴󰇽兎絲𣳔泛鸾
255	6	Mành Tương phất phất gió đàn,	甍相拂拂𩙋弹
256	8	Hương DÂY mùi nhớ trà khan giọng tình.	香𦀊味女茶乾喠情
257	6	Ví chăng duyên nợ ba sinh,	󰂇庄綠女𠀧生
258	8	Làm chi đem thói khuynh thành trêu ngươi?	爫之眈󰡬碩城撩𤽗
259	6	Bâng khuâng nhớ cảnh nhớ người,	氷傾𢖵景𢖵𠊛
260	8	Nhớ nơi kỳ ngộ vội dời chân đi.	女尼奇遇倍移蹎𠫾
261	6	Một DÒNG cỏ mọc xanh rì,	𠬠𣳔𦹵木撑荑
262	8	Nước ngâm trong vắt thấy gì nữa đâu!	渃吟𥪝勿体之女󰠲
263	6	Gió chiều như giục cơn sầu,	𩙋𣋂如逐干愁
264	8	VI lau hiu hắt như màu CỚI trêu.	葦𦰤囂乙如牟𢭮撩
265	6	Nghề riêng nhớ ít tưởng nhiều,	藝𫁅𢖵𠃣想𡗊
266	8	Xăm xăm đè nẻo Lam- kiều lần sang.	侵侵提裊篮橋吝𨖅
267	6	Thẳm nghiêm kín CỐNG cao tường,	審嚴謹槓高墙
268	8	Cạn dòng lá thắm dứt đường chim xanh.	𣴓𣳔𦲿審𢴑塘𫚳撑
269	6	Lơ thơ tơ liễu buông mành,	閭舒絲柳󱖮萌
270	8	Con oanh học nói trên cành mỉa mai.	昆莺斈呐𨕭梗𠸍枚
271	6	Mấy lần cửa đóng then cài,	󰋇吝󰠮埬杄掑
272	8	Dẫy thềm hoa rụng biết người ở đâu?	𣲆㙴花𠰩别㝵於󰠲
273	6	Tần ngần đứng suốt giờ lâu,	秦銀𨅸椊除𥹰
274	8	DIỄU quanh chợt thấy mé sau có nhà.	妙觥秩体𠃅娄固茹
275	6	Là nhà Ngô Việt thương gia,	󰑼茹吳越商家
276	8	Buồng không để đó người xa chưa về.	󰟀空底妬㝵賒渚米
277	6	Lấy điều du học hỏi thuê,	𥙩調遊斈𠳨税
278	8	Túi đàn cặp sách đề huề dọn sang.	襊弹扱册提𢹂扽𨖅
279	6	Có cây có đá sẵn sàng,	固核固𥒥産床
280	8	Có hiên Lãm thuý nét vàng chưa phai.	固軒𬄦翠󰞺鐄渚派
281	6	Mừng thầm chốn ấy chữ bài,	𢜠󰠐准意𡦂排
282	8	Ba sinh âu hẳn duyên trời chi đây!	𠀧生欧罕綠𡗶之低
283	6	Song hồ nửa khép cánh mây,	窻糊姅怯𦑃𫡮
284	8	Tường đông ghé mắt ngày ngày hằng trông.	墻東𥊘眜𣈜𣈜恒𬂙
285	6	Tấc gang động khoá nguồn phong,	𡬷𡬼銅鎖源封
286	8	TUYỆT mù nào thấy bóng hồng vào ra.	絶𩂟芇体䏾紅𠓨𦋦
287	6	Nhẫn từ quán CÁC lân la,	忍自舘阁隣󰑼
288	8	Tuần trăng thấm thoát nay đà TRÒN hai.	旬𦝄審卒𫢩它𧷺𠄩
289	6	Cách tường phải buổi IM trời,	隔墻沛𣇜淹𡗶
290	8	Dưới đào dường có bóng người thướt tha.	󰡎桃羕固䏾㝵切他
291	6	Buông cầm xốc áo vội ra,	𢭾琴促襖倍𦋦
292	8	Hương còn NGÁT SỰC người đà vắng tanh.	香群𠯪𠶗㝵它永醒
293	6	Lần theo TƯỜNG gấm dạo quanh,	吝蹺墝錦𨄹觥
294	8	Trên đào nhác thấy một cành kim thoa.	𨕭桃落体𠬠挭金釵
295	6	Giơ tay với lấy về nhà,	𫼰𢬣𢭲𥙩𧗱茹
296	8	"""Này trong khuê các đâu mà đến đây?"	尼𥪝闺阁󰠲麻旦低
297	6	"""gẫm âu người ấy, báu này,"	𡄎歐㝵意宝尼
298	8	"""Chẳng duyên chưa dễ vào tay ai cầm!"""	庄緣渚易𠓨𢬣埃扲
299	6	Liền tay ngắm nghía biếng nằm,	連𢬣𥋴𥊘𠴠𢆥
300	8	Hãy còn thoang thoảng hương THẦM chưa phai.	唉群倘倘香󰠐渚派
301	6	Tan sương đã thấy bóng người,	散霜㐌体䏾㝵
302	8	Quanh tường ra ý tìm tòi ngẩn ngơ.	觥墻𦋦意尋摧󰡢𩵜
303	6	Sinh đà có ý đợi chờ,	生它󰡏意待徐
304	8	Cách tường lên tiếng xa đưa ướm lòng:	隔墻蓮㗂賒迻厭𢚸
305	6	“Thoa ĐÂU bắt được hư không,	釵󰠲扒特虚空
306	8	"""Biết đâu Hợp- phố mà mong châu về?"""	別󰠲合浦麻蒙珠𧗱
307	6	Tiếng Kiều nghe lọt bên kia:	㗂娇𦖑律边箕
308	8	"""Ơn lòng quân tử sá gì của rơi."	恩𢚸君子詫之𧵑淶
309	6	“Chiếc thoa NÀO của mấy mươi,	隻釵芇𧵑󰋇𨑮
310	8	“Mà lòng TRƯỢNG nghĩa khinh tài xiết bao!”	麻𢚸仗󰒂輕財掣包
311	6	"Sinh rằng: ""Lân lý ra vào,"	生浪隣里𦋦𠓨
312	8	"""Gần đây nào phải người nào xa xôi."	𧵆低芇沛㝵芇賒吹
313	6	“Được rày nhờ chút HƠI rơi,	特𣈙侞𡭧唏淶
314	8	"""Kể đà thiểu não lòng người bấy nay!"	計它少󰞽𢚸㝵闭󰅒
315	6	"""Bấy lâu mới được một ngày,"	闭𥹰買特𠬠𣈜
316	8	Dừng chân GẠN chút niềm tây gọi là.”	亭蹎伴𡭧念西𨆝󰑼
317	6	Vội VÀO thêm lấy của nhà,	倍𠓨添𥙩𧵑茹
318	8	Xuyến vàng HAI chiếc khăn là một vuông.	釧鐄𠄩隻巾𬗢𠬠󰉓
319	6	VIN mây rón bước ngọn tường,	援𫡮𨂚𨀈𦰟墻
320	8	Phải người hôm nọ rõ ràng chẳng nhe?	沛㝵腤怒𤑟𤉜庄而
321	6	Sượng sùng giữ ý rụt rè,	𠶤𠼾󰇾意突提
322	8	Kẻ nhìn rõ mặt người e cúi đầu.	几𥚆𤑟󰘚㝵𠵱𨆝頭
323	6	"Rằng: ""Từ ngẫu nhĩ gặp nhau,"	浪自偶尔扱饒
324	8	“ĐẮM trông trộm nhớ BÂY lâu đã chồn.	耽𬂙濫女碑𥹰㐌𤶐
325	6	“Xương mai tính đã RÒN mòn,	昌枚併㐌輸󰍹
326	8	“Lần lừa ai biết LẠI còn hôm nay.	吝𩢬埃別吏群暗󰅒
327	8	“ NĂM tròn như gởi cung mây,	𠄼𧷺如改宫𫡮
328	8	"""Trần trần một phận ấp cây đã liều."	陳陳𠬠分挹核㐌料
329	6	"""Tiện đây xin một hai điều,"	便抵嗔𠬠𠄩調
330	8	"""Đài gương soi đến dấu bèo cho chăng?"""	臺𦎛𤐝旦𨁪䕯朱庄
331	6	Ngần ngừ nàng mới thưa rằng:	銀馭娘買䜹浪
332	8	"""Thói nhà băng tuyết chất hằng phỉ phong."	𫗁茹氷雪質恒菲葑
333	6	"""Dầu khi lá thắm chỉ hồng,"	油欺𦲿審𥿗紅
334	8	"""Nên chăng thì cũng tại lòng mẹ cha."	𢧚庒時拱在𢚸媄吒
335	6	"""Nặng lòng xót liễu vì hoa,"	𥘀𢚸㤕柳爲花
336	8	“Trẻ CON đã biết đâu mà dám thưa!”	𥘷昆㐌別󰠲麻敢䜹
337	6	"Sinh rằng: ""Rày gió mai mưa,"	生浪𣈙󰊄枚湄
338	8	"""Ngày xuân đã dễ tình cờ mấy khi."	𣈜春㐌易情期󰋇欺
339	6	"""Dầu chăng xét tấm tình si,"	油庄察𬌓情痴
340	8	"""Thiệt đây mà có ích gì đến ai?"	舌低麻固益之旦埃
341	6	“Chút chi NHẮN bó một hai,	𡭧之𠴍咘𠬠𠄩
342	8	"""Cho đành rồi sẽ liệu bài mối manh."	朱停耒仕料排䋦萌
343	6	"""Khuôn thiêng dầu phụ tấc thành,"	悃𤍌油負𡬷誠
344	8	"""Cũng liều bỏ quá xuân xanh một đời."	拱料補过春撑𠬠𠁀
345	6	"""Lượng xuân dầu quyết hẹp hòi,"	量春油决狹囘
346	8	"""Công đeo đuổi chẳng thiệt thòi lắm ru!"""	功刁󱁲庄舌催禀由
347	6	LẶNG nghe lời nói như RU,	朗𦖑𠳒呐如油
348	8	Chiều xuân dễ khiến nét thu ngại ngùng.	朝春易遣󰞺秋𪿒顒
349	8	Rằng: “ KHI buổi mới lạ lùng,	浪欺𣇜買𨔍𨓡
350	8	"""Nể lòng có lẽ cầm lòng cho đang."	𠰚𢚸固󰠋扲𢚸朱登
351	6	"""Đã lòng quân tử đa mang,"	㐌𢚸君子多恾
352	8	"""Một lời vâng tạc đá vàng thuỷ chung""."	𠬠𠳒𠳐𮢶𥒥鐄始終
353	6	Được lời như cổi tấm lòng,	特𠳒如𪭯𬌓𢚸
354	8	GIỞ kim CHÂU với khăn hồng trao tay.	󰇾金珠買巾紅𢭂𢬣
355	6	"Rằng: ""Trăm năm cũng từ đây,"	浪𤾓𠄼拱自低
356	8	"""Của tin gọi một chút này làm ghi."""	𧵑信噲𠬠𪨀尼爫𥱬
357	6	Sẵn ta bả quạt hoa quì,	産𢬣把撅花葵
358	8	Với cành thoa ấy tức thì đổi trao.	貝梗釵意即時𢬭𢭂
359	6	Một lời VỪA GẮN tất giao,	𠬠𠳒皮哏漆膠
360	8	Mé sau dường có xôn xao tiếng người.	𠃅娄羕固𠮿嗃㗂㝵
361	6	Vội vàng lá rụng hoa rơi,	倍傍𦲿𣳔花淶
362	8	Chàng về THƯ VIỆN nàng rời lầu trang.	払󰡲书院娘移楼粧
363	6	Từ phen đá biết tuổi vàng,	自畨𥒥别歲鐄
364	8	Tình càng thấm thía lòng càng ngẩn ngơ.	情強滲𤀏𢚸強謹魚
365	6	Sông Tương một dải nông sờ,	滝湘𠬠𦄂農𣻄
366	8	Bên trông đầu nọ bên chờ cuối KIA .	边𬂙頭怒边除𡳳其
367	6	Một tường tuyết chở sương che,	𠬠墻雪渚霜𩂏
368	8	Tin xuân đâu dễ đi về cho năng.	信春󰠲易𠫾󰡲朱能
369	6	Lần lần ngày gió đêm trăng,	吝吝𣈜󰊄店𦝄
370	8	Thưa hồng rậm lục đã chừng xuân qua.	䜹紅葚錄㐌澄春戈
371	6	Ngày vừa sinh nhật ngoại gia,	𣈜皮生日外家
372	8	Trên hai đường dưới nữa là hai em.	𨕭𠄩堂󰡎女󰑼𠄩㛪
373	8	Tưng bừng sắm ÁO SỬA xiêm ,	熷𤇊懺襖所襜
374	8	Biện dâng một lễ xa ĐEM tấc thành.	卞𤼸𠬠礼賒󰠐𡬷誠
375	6	Nhà HƯƠNG thanh vắng một mình,	茹香清永𠬠𠇮
376	8	Gẫm cơ hội ngộ đã dành CÓ NAY .	𡄎机会遇㐌停固尼
377	6	Thì trân thức thức sẵn bày,	時珍式式産排
378	8	Gót sen thoắt thoắt dạo ngay mé tường.	𨃴蓮率率𬧖𣦍𠃅墙
379	6	Cách hoa sẽ dặng tiếng vàng,	隔花仕𠱆㗂鐄
380	8	Dưới hoa THẤY ĐÃ có chàng đứng trông.	󰡎花体㐌固払𨅸𬂙
381	6	“Trách lòng hờ hững BẤY lòng,	責𢚸哬𠾿闭𢚸
382	8	“Lửa hương chốc để lạnh lùng BẤY LÂU .	焒香祝底冷𫥌闭𥹰
383	6	"""Những là đắp nhớ đổi sầu,"	仍󰑼㙮汝対愁
384	8	“Tuyết sương nhuốm nửa MÁI đầu hoa râm.”	雪霜染姅買頭花森
385	6	"Nàng rằng: ""Gió bắt mưa cầm,"	娘浪󰊄扒湄扲
386	8	"""Đã cam tệ với tri âm bấy chầy."	㐌甘弊貝知音闭迡
387	6	"""Vắng nhà được buổi hôm nay,"	永茹特𣇜歆󰅒
388	8	“Lấy lòng gọi chat ra NƠI tạ lòng!”	𥙩𢚸哙𡭧𫥨尼謝𢚸
389	6	Lần theo núi giả đi vòng,	吝蹺𡶀假𠫾妄
390	8	Cuối tường dường có nẻo thông mới rào.	𡳳墻羕固裊通買摷
391	6	Xắn ngang mở MẶT động đào,	趂昂𨷑󰘚洞桃
392	8	Rẽ mây trông RÕ lối vào Thiên- thai.	枝𫡮𬂙𤑟𰦫𠓨天台
393	6	Mặt NHÌN mặt càng thêm tươi,	󰘚認󰘚強添鮮
394	8	Bên LỜI vạn phúc bên lời hàn huyên.	边𠳒萬福边𡗶寒喧
395	6	Sánh vai về chốn thư hiên,	聘󰒺𧗱准書軒
396	8	NGÂM lời phong nguyệt nặng nguyền non sông.	吟𠳒風月𥘀願𡽫滝
397	6	Trên yên bút giá THI đồng,	𨕭案笔架待筒
398	8	ĐẠM THANH một bức tranh tùng treo trên.	湥情𠬠幅幀松撩蓮
399	6	Phong sương được vẻ thiên nhiên,	󰘩霜特𨤔天然
400	8	PHỤC khen nét bút càng nhìn càng tươi.	󰣝𠸦湿笔強𥚆強鮮
401	6	Sinh rằng: “Phác hoạ MỚI rồi,	生浪扑畫買耒
402	8	"""Phẩm đề xin một vài lời thêm hoa."""	品題嗔𠬠𠄽𠳒添花
403	6	Tay tiên gió táp mưa sa,	𢬣仙󰊄匝湄沙
404	8	Khoảng trên dừng bút thảo và bốn câu.	壙𨕭停笔草𬏓𦊚勾
405	6	"Khen: ""Tài nhả ngọc phun châu,"	𠸦才吔玉噴珠
406	8	"""Nàng Ban ả Tạ cũng đâu thế này."	娘班妸謝拱󰠲世尼
407	6	“Kiếp tu xưa ví CHỬA dày,	刼修初󰂇渚𠫅
408	8	“Phúc nào ĐỔI được giá này cho ngang!”	福芇𢬭時價尼朱昂
409	6	"Nàng rằng: ""Trộm liếc dung quang,"	娘浪滥𥉬容光
410	8	"""Chẳng sân Ngọc bội thì phường Kim môn."	𫽄𡑝玉佩時坊金门
411	6	"""Nghĩ mình phận mỏng cánh chuồn,"	𢪀𠇮分蒙𦑃𧋃
412	8	"""Khuôn xanh biết có vuông tròn mà hay?"	囷撑別固󰉓𧷺麻咍
413	6	"""Nhớ từ năm hãy thơ ngây,"	𢖵自𫷜唉䜹𬏝
414	8	"""Có người tướng sĩ đoán ngay một lời:"	固𠊛相士断𣦍𠬠𠳒
415	6	"""Anh hoa phát tiết ra ngoài,"	𮎦󰡛發泄𦋦外
416	8	"""Nghìn thu bạc mệnh một đời tài hoa."	𠦳秋溥𠇮𠬠𠁀才󰡛
417	6	“Trông người lại NGẮM vào ta,	𬂙㝵吏𥋴𠓨些
418	8	"""Một dày một mỏng biết là có nên?"""	𠬠𠫅𠬠蒙別󰑼固𢧚
419	6	"Sinh rằng: ""Giải cấu là duyên,"	生浪邂逅󰑼緣
420	8	"""Xưa nay nhân định thắng thiên cũng nhiều."	初󰅒人定勝天拱𡗉
421	8	“ VÍ DÙ giải kết đến điều,	󰂇油觧結旦調
422	8	“Thì ĐEM vàng đá mà liều với thân!”	時󰠐鐄𥒥麻料貝身
423	6	Đủ điều trung khúc ân cần,	䚂調衷曲慇懃
424	8	Lòng xuân phới phới chén xuân tàng tàng.	𢚸春派藏󱋓春藏派
425	6	Ngày vui VẮN chẳng đầy gang,	𣈜盃𥐆𫽄𠫅𡱸
426	8	Trông ra ác đã ngậm gương non đoài.	𬂙𦋦鵶㐌吟𦎛𡽫兑
427	6	Vắng nhà chẳng tiện ngồi dai,	昹茹󰝸便𡎢佳
428	8	Giã chàng, nàng mới kíp dời song sa.	啫払娘買急移蔥紗
429	6	Đến nhà vừa thấy tin nhà,	旦茹皮体信茹
430	8	Hai thân còn dở tiệc hoa chưa về.	𠄩親群󰇥席花渚𧗱
431	6	Cửa ngoài vội rủ rèm the,	𫔳外倍𢷀𦆆絁
432	8	Xăm xăm băng lối vườn khuya một mình.	侵侵氷󰖁園𣅘𠬠𠇮
433	6	Nhặt thưa gương GIỌI đầu cành,	日䜹𦎛桧頭梗
434	8	Ngọn đèn trông SUỐT trướng huỳnh hắt hiu.	𦰟畑󰛎卒帳萤吃囂
435	6	Sinh vừa tựa án thiu thiu.	生皮𢭸案燒燒
436	8	Giở chiều như tỉnh giở chiều như mê.	󰇥朝如醒󰇥朝如迷
437	6	Tiếng sen sẽ động giấc hoè,	㗂蓮仕動聀槐
438	8	Bóng trăng đã TRỞ hoa lê lại gần.	䏾𦝄㐌𧿨花棃吏𧵆
439	6	Bâng khuâng đỉnh Giáp non thần,	氷傾嵿莢𡽫神
440	8	Còn ngờ giấc mộng đêm xuân mơ màng.	群𢪀聀梦店春𢠩恾
441	6	"Nàng rằng: ""Khoảng vắng đêm trường,"	娘浪曠永店長
442	8	“Vì hoa CHO phải DÒ đường tìm hoa.	爲花朱沛杜塘尋花
443	6	“Bây giờ TỎ mặt đôi ta,	悲除訴󰘚堆些
444	8	"""Biết đâu rồi nữa chẳng là chiêm bao?"""	別󰠲耒女庄󰑼占包
445	6	Vội mừng làm lễ rước vào,	倍𢜠爫礼逴𠓨
446	8	Đài sen nối sáp song đào thêm hương.	臺蓮浽蠟蔥桃添香
447	6	Tiên thề CÙNG TRÓT một chương,	箋誓拱律𠬠章
448	8	Tóc mây một món dao vàng MỘT đôi.	𩯀𫡮𠬠們刀鐄𠬠堆
449	6	Vầng trăng vặc vặc giữa trời,	暈𦝄𠒬𠒬𡧲𡗶
450	8	Đinh ninh hai MẶT một lời song song.	丁寧𠄩󰘚𠬠𠳒双双
451	6	Tóc tơ căn vặn tấc lòng,	󰖥絲根紊𡬷𢚸
452	8	Trăm năm tạc một chữ đồng TÀNG xương.	𤾓𢆥𮢶𠬠𡦂同藏昌
453	6	Chén hà sánh giọng quỳnh tương,	󱋓霞聘喠瓊漿
454	8	Giải là hương lộn bình gương bóng lồng.	𦄂𬗢香論屏𦎛䏾篭
455	6	"Sinh rằng: ""Gió mát trăng trong,"	生浪󰊄沫𦝄𥪝
456	8	"""Bấy lâu nay một chút lòng chưa cam."	闭𥹰󰅒𠬠𡭧𢚸渚甘
457	6	"""Chày sương chưa nện cầu Lam,"	𨃉霜渚𪤍梂藍
458	8	"""Sợ lần khân quá ra sàm sỡ chăng?"""	𢜝吝巾過𦋦讒所庄
459	6	"Nàng rằng: ""Hồng diệp xích thằng,"	娘浪紅葉赤绳
460	8	"""Một lời cũng đã tiếng rằng tương tri."	𠬠𠳒拱㐌㗂浪相知
461	6	"""Đừng điều nguyệt nọ hoa kia,"	停調月怒花箕
462	8	"""Ngoài ra ai lại tiếc gì với ai."""	外𦋦埃吏惜之貝埃
463	6	"Rằng: ""Nghe nổi tiếng cầm đài,"	払浪𦖑浽琴臺
464	8	"""Nước non luống những lắng tai Chung Kỳ."""	渃𡽫隴仍𠻴𦖻鍾期
465	6	"Thưa rằng: ""Tiện kỹ sá chi!"	䜹浪󰟼技詫之
466	8	"""Đã lòng dạy đến dạy thì phải vâng."""	㐌𢚸𠰺旦𠰺時沛𠳐
467	6	Hiên sau treo sẵn cầm trăng,	軒娄撩産琴𦝄
468	8	Vội vàng sinh đã tay nâng ngang mày.	倍傍生㐌𢬣㨢昂眉
469	8	Nàng rằng: “Nghề mọn riêng TÂY ,	娘浪芸𡮮𥢆西
470	8	“Làm chi cho NẶNG lòng NGƯỜI lắm thăn?”	爫之朱𥘀𢚸㝵凜申
471	6	So dần dây võ dây văn,	𢫘寅𦀊武𦀊文
472	8	Bốn dây to nhỏ theo vần cung thương.	𦊚𦀊蘇𡮈蹺韻宫商
473	6	Khúc đâu SỞ HÁN chiến trường,	曲󰠲楚漢戰場
474	8	Nghe ra tiếng sắt tiếng vàng CHEN nhau.	𦖑𦋦㗂鉄㗂鐄扦僥
475	6	Khúc đâu Tư- mã hoàng cầu,	曲󰠲司馬凰求
476	8	Nghe ra như oán như sầu phải chăng?	𦖑𦋦如怨如愁沛庄
477	6	Kê Khang này khúc Quảng- lăng,	稽康尼曲廣陵
478	8	Một rằng lưu thuỷ hai rằng hành vân.	𠬠浪流水𠄩浪行雲
479	6	Quá quan này khúc Chiêu- quân,	過𬮦尼曲昭君
480	8	Nửa phần LUYẾN chúa nửa phần tư gia.	姅分戀主姅分思家
481	6	Trong NHƯ tiếng hạc bay qua,	𥪝娘㗂䳽𠖤戈
482	8	Đục như tiếng suối mới sa nửa vời.	濁如㗂󰋞買沙姅潙
483	6	Tiếng khoan như gió thoảng ngoài,	㗂寬如𫗄倘外
484	8	Tiếng mau SẦM SẬP như trời đổ mưa.	㗂㕰立立如𡗶覩湄
485	6	Ngọn đèn khi tỏ khi mờ,	𦰟畑欺𤏣欺𤎎
486	8	Khiến người ngồi ĐẤY cũng ngơ ngẩn sầu.	遣㝵𡎢帝拱魚菫愁
487	6	Khi tựa gối khi cúi đầu,	欺𢭸𨆝欺儈頭
488	8	Khi vò chín khúc khi chau đôi mày.	欺紆𠃩曲欺珠堆眉
489	6	"Rằng: ""Hay thì thật là hay,"	浪咍時实󰑼咍
490	8	"""Nghe ra ngậm đắng nuốt cay thế nào!"	𦖑𦋦吟䔲𠽆𠹽世芇
491	8	“ LỰA chi những bực tiêu tao?	搊之仍堛簫騷
492	8	“ THIỆT lòng mình cũng nao nao lòng người?”	实𢚸𠇮拱㝹㝹𢚸㝵
493	6	"Rằng: ""Quen mất nết đi rồi,"	浪悁秩湿𠫾耒
494	8	"""Tẻ vui thôi cũng tính trời biết sao."	粃盃催拱性𡗶别牢
495	6	"""Lời vàng vâng lĩnh ý cao,"	𠳒鐄𠳐領意高
496	8	"""Hoạ dần dần bớt chút nào được không."""	和寅寅扒𡭧芇特空
497	6	Hoa hương càng tỏ thức hồng,	花香強訴式紅
498	8	Đầu mày cuối mặt càng nồng tấm yêu.	頭󰜣𡳃󰘚強濃𬌓腰
499	6	Sóng tình XEM đã xiêu xiêu,	㳥情𫀅㐌漂漂
500	8	Xem trong âu yếm có chiều lả lơi.	𫀅𥪝欧厌固朝𣳮淶
501	6	"Thưa rằng: ""Đừng lấy làm chơi,"	䜹浪停𥙩爫制
502	8	"""DẼ cho thưa hết một lời đã nao!"	𠖰朱䜹歇𠬠𠳒㐌㝹
503	8	“ VĨ chi một đoá yêu đào,	尾之𠬠朶夭桃
504	8	"""Vườn hồng chi dám ngăn rào chim xanh."	園紅之敢垠巢𪀄撑
505	6	"""Đã cho vào bực bố kinh,"	㐌朱𠓨堛布荆
506	8	"""Đạo tòng phu lấy chữ trinh làm đầu."	道從夫𥙩𡦂貞爫頭
507	6	"""Ra tuồng trên Bộc trong dâu,"	𦋦從𨕭𥾾𥪝𣘛
508	8	"""Thì con người ấy ai cầu làm chi!"	時昆㝵意埃求爫之
509	6	"""Phải điều ăn xổi ở thì,"	沛調咹𠾕於時
510	8	"""Tiết trăm năm nỡ bỏ đi một ngày!"	節𤾓𢆥女補𠫾𠬠𣈜
511	8	“ GẪM duyên kỳ ngộ xưa nay,	𡄎綠奇遇初𫢩
512	8	"""Lứa đôi ai lại đẹp tày Thôi Trương."	侶堆埃吏𫅠󰟴催張
513	6	"""Mây mưa đánh đổ đá vàng,"	𫡮湄打覩𥒥鐄
514	8	"""Quá chiều nên đã chán chường yến anh."	過朝𢧚㐌󱋓呈燕鶧
515	6	“Trong khi BÀY cánh liền cành,	𥪝欺排𦑃蓮梗
516	8	“Mà lòng rẻ rúng đã DÀNH một bên.	麻𢚸𥜤󰕪㐌呈𠬠边
517	6	"""Mái tây để lạnh hương nguyền,"	𠃅西底冷香願
518	8	"""Cho duyên đằm thắm ra duyên bẽ bàng."	朱綠潭審𦋦緣彼傍
519	6	“Gieo thoi trước chẳng GIỮ giàng,	招梭畧𫽄𡦂床
520	8	"""Để sau nên thẹn cùng chàng bởi ai?"	底娄𢧚𢢆拱払𪽝埃
521	6	"""Vội chi liễu ép hoa nài,"	倍之柳押花奈
522	8	“Còn thân CÒN MỘT đền bồi có khi!”	群身群𠬠填培固欺
523	6	Thấy lời đoan chính dễ nghe,	体𠳒端正易𦖑
524	8	Chàng càng thêm nể thêm vì mười phân.	払強添𠰚添爲𨑮分
525	6	Bóng tàu vừa lạt vẻ sân.	䏾艚皮𤁕𨤔𡑝
526	8	Tin đâu ĐÃ ĐẾN cửa ngăn gọi vào.	信󰠲㐌旦𫔳垠哙𠓨
527	8	Nàng thì vội trở buồng THÊU ,	娘時倍𧿨󰟀桃
528	8	Sinh thì dạo BƯỚC sân đào vội ra.	生時𨄹𨀈𡑝桃倍𦋦
529	6	Cửa sài vừa ngỏ then hoa,	󰘂柴皮𡉦杄花
530	8	Gia đồng vào gửi thư nhà mới sang.	家童𠓨𠳚書茹買郎
531	6	Đem tin thúc phụ từ đường,	󰠐信叔父辞堂
532	8	Bơ vơ lữ thấn tha hương đề huề.	巴爲旅󰊽他鄕提携
533	6	Liêu- dương cách trở sơn khê,	遼陽隔阻山溪
534	8	Xuân đường kíp gọi sinh về hộ tang.	椿堂急哙生𧗱𧦈䘮
535	6	MẮNG tin xiết nỗi kinh hoàng,	𠻵信掣浽󰟹惶
536	8	Băng mình LÉN trước đài trang tự tình.	氷𠇮輦畧臺粧叙情
537	6	Gót đầu mọi nỗi đinh ninh,	𨃴頭每浽叮咛
538	8	Nỗi nhà tang tóc nỗi mình xa xôi:	浽茹䘮󰖥浽𠇮車吹
539	6	"""Sự đâu chưa kịp đôi hồi,"	事󰠲渚及堆囘
540	8	"""Duyên đâu chưa kịp một lời trao tơ."	綠󰠲渚及𠬠𠳒𢭂絲
541	6	“Trăng THỀM còn đó trơ trơ,	𦝄㙴群妬㧅㧅
542	8	"""Dám xa xôi mặt mà thưa thớt lòng."	敢賒吹󰘚麻䜹撻𢚸
543	6	"""Ngoài nghìn dặm chốc ba đông,"	外𠦳埮祝𠀧冬
544	8	“Mối sầu khi gỡ CHƯA xong còn chầy.	䋦愁欺󰣞渚衝群迡
545	6	"""Gìn vàng giữ ngọc cho hay,"	纏鐄𡦂玉朱台
546	8	"""Cho đành lòng kẻ chân mây cuối trời!"""	朱停𢚸几蹎𫡮󱖺𡗶
547	6	Tai nghe ruột rối bời bời,	𦖻𦖑𫆧󰑚排排
548	8	NHỊN ngừng nàng mới giải lời trước sau:	忍𪟽娘買𤋵𠳒畧娄
549	6	"""Ông tơ ghét bỏ chi nhau,"	翁絲結補之僥
550	8	"""Chưa vui sum họp đã sầu chia phôi."	渚盃森合㐌愁支配
551	6	“Cùng nhau trót đã nặng lời,	拱饒卒㐌𥘀𠳒
552	8	"""Dẫu thay mái tóc dám dời lòng tơ."	酉台𠃅󰖥敢移𢚸絲
553	6	"""Quản bao tháng đợi năm chờ,"	管包𣎃待𢆥徐
554	8	"""Nghĩ người ăn gió nằm mưa xót thầm."	󰆹㝵咹𫗄𦣰湄㤕󰠐
555	6	“Đã nguyền ĐÔI chữ đồng tâm	㐌願堆𡦂同心
556	8	"""Trăm năm thề chẳng ôm cầm thuyền ai."	𤾓𢆥誓󰝸揞琴船埃
557	6	"""Còn non còn nước còn dài,"	群𡽫群渃群𨱽
558	8	"""Còn về còn nhớ đến người hôm nay!"""	群𧗱群女旦㝵暗𫢩
559	6	Dùng dằng chưa nỡ DỜI tay,	𣳔孕渚女移𢬣
560	8	Vừng đông TRÔNG đã đứng ngay nóc nhà.	暈東𬂙㐌鄧𣦍耨茹
561	6	Ngại NGẦN một bước một xa,	𪿒銀𠬠𨀈𠬠賒
562	8	Một lời trân trọng châu sa mấy hàng.	𠬠𠳒珍重珠沙󰋇行
563	6	Buộc yên quảy gánh vội vàng.	𥾾鞍𢮿挭倍傍
564	8	Mối sầu sẻ nửa bước đường chia hai.	䋦愁仕姅𨀈塘𢺺𠄩
565	6	Buồn NOI phong cảnh quê người,	忿内󰘩景闺㝵
566	8	TIẾNG CÂY quyên nhặt BÓNG trời nhạn thưa.	㗂核鵑日䏾𡗶鴈䜹
567	6	Não người nghe gió, RẰNG mưa,	󰞽㝵𦖑󰊄浪湄
568	8	Một ngày nặng gánh tương tư một ngày.	𠬠𣈜𥘀挭相思𠬠𣈜
569	6	Nàng THÌ đứng RŨ hiên tây,	娘時𨅸癒軒西
570	8	Chín hồi vấn vít như vầy mối tơ.	𠃩囬問曰如圍䋦絲
571	6	Trông chừng khói ngất song thưa,	𬂙澄𤌋𡴯窻䜹
572	8	Hoa trôi TRÁC thắm liễu xơ xác vàng.	花㵢卓審柳賖壳鐄
573	6	Tần ngần dạo gót lầu trang,	秦艮𭧙𨃴楼粧
574	8	Một đoàn mừng thọ ngoại hương mới về.	𠬠团𢜠壽外鄕買𧗱
575	6	Hàn huyên chưa kịp dã dề,	寒喧渚及瀉提
576	8	Sai nha bỗng thấy bốn bề xôn xao.	差衙俸𧡊𦊚皮𠮿嗃
577	6	Người nách thước kẻ tay đao,	𠊛𦟱𡱩几𢬣刀
578	8	Đầu trâu mặt ngựa ào ào như sôi.	頭𬌥󰘚馭呦呦如㵢
579	6	VƠ CHẰNG một lão một trai,	撝𢬂𠬠老𠬠󰛐
580	8	Một dây vô lại buộc hai thâm tình.	𠬠𦀊󰟁賴𥾾𠄩深情
581	6	Đầy nhà vang tiếng ruồi xanh,	苔茹󰠓㗂𧋆撑
582	8	Rụng rời khung dệt tan tành gói may.	𣳔涞空𦂾散情絵埋
583	6	Đồ tế nhuyễn của riêng tây,	圖細軟𧵑𥢆西
584	8	Sạch sành sanh QUÉT cho đầy túi tham.	泟𥑥生撅朱苔襊貪
585	6	Điều đâu bay buộc ai làm?	調󰠲𠖤卜埃爫
586	8	Này ai đan RẬP giật giàm bỗng dưng?	尼埃单泣秩緘俸仍
587	6	Hỏi ra sau mới biết rằng:	𠳨𦋦娄買别浪
588	8	Phải tên xưng xuất LÀ thằng bán tơ.	沛𠸜称出󰑼尙半絲
589	6	Một nhà hoảng hốt ngẩn ngơ,	𠬠茹恍惚󰡢魚
590	8	Tiếng oan dậy đất án ngờ RỰNG mây.	㗂寃𠰺坦案𪟽󰌋𫡮
591	6	Hạ từ van VÁI suốt ngày,	下辞𠹚㗑卒𣈗
592	8	Điếc tai lân tuất phũ tay tồi tàn.	的𦖻𡑝恤負𢬣摧殘
593	6	RƯỜNG cao rút ngược dây oan,	樑高𢫫虐𦀊寃
594	8	Dẫu NGƯỜI đá cũng nát gan lọ người!	酉㝵𥒥拱湿肝路㝵
595	6	Mặt trông đau đớn rụng rời,	󰘚𬂙𤴬疸𣳔涞
596	8	Oan này còn một kêu trời nhưng xa.	冤尼群𠬠呌𡗶仍賒
597	6	Một ngày lạ thói sai nha,	𠬠𣈜𨔍退差衙
598	8	Làm cho khốc hại chẳng qua vì tiền.	爫朱酷害󰝸戈爲钱
599	6	Sao cho cốt nhục vẹn tuyền.	牢朱骨肉院全
600	8	Trong khi ngộ biến tòng quyền biết sao?	𥪝欺遇变從權别牢
601	6	Duyên hội ngộ đức cù lao.	綠会遇󰆙劬劳
602	8	Chữ Tình Chữ Hiếu bên nào nặng hơn?	𡦂情𡦂孝边芇𥘀欣
603	6	Để lời thệ hải minh sơn,	底𠳒誓海盟山
604	8	Làm con trước phải đền ơn sinh thành.	爫昆畧沛填恩生成
605	6	Quyết tình nàng mới hạ tình:	決情娘買下情
606	8	“ DẼ cho để thiếp bán mình chuộc cha!”	𠖰朱底妾半命贖吒
607	6	Họ Chung có kẻ lại già,	户終固几吏𫅷
608	8	Cũng trong nha dịch lại là từ tâm.	拱𥪝衙役吏󰑼慈心
609	6	Thấy nàng hiếu trọng tình thâm,	体娘孝重情深
610	8	Vì nàng nghĩ cũng thương thầm xót vay.	爲娘𢪀拱傷󰠐㤕爲
611	6	Tính bài lót đó luồn đây,	併排律妬論低
612	8	Có ba trăm lạng việc này mới xuôi.	固𠀧𤾓两役尼買吹
613	6	Hãy CẦU tạm phó giam ngoài,	唉求暫付㩜外
614	8	Dặn nàng qui liệu trong đôi ba ngày.	𠸕娘規料𥪝堆𠀧𣈜
615	6	Thương NÀNG con trẻ thơ ngây,	傷娘昆𥘷䜹𬏝
616	8	GẶP cơn vạ gió tai bay bất kỳ.	扱干禍𫗄灾悲不期
617	6	Đau lòng tử biệt sinh ly,	𤴬𢚸死别生離
618	8	Thân còn CHẢ tiếc tiếc gì đến duyên!	身群渚惜惜之旦綠
619	6	Hạt mưa sá NGẠI phận hèn,	曷清咤𪿒分𢤞
620	8	LIỆU đem tấc cỏ quyết đền ba xuân.	料󰝡𡬷𦹵决填𠀧春
621	6	Sự lòng ngỏ với băng nhân,	事𢚸吘貝水人
622	8	Tin sương đồn đại xa gần xôn xao.	信霜吨𠰺賒𧵆𠮿敲
623	6	Gần miền có một mụ nào,	𧵆沔固𠬠媒芇
624	8	Đưa người viễn khách tìm vào vấn danh.	迻𠊛遠客尋𠓨問名
625	6	Hỏi tên rằng Mã Giám sinh,	𠳨𠸜浪馬監生
626	8	Hỏi quê rằng huyện Lâm- thanh TÁN gần”.	𠳨囯浪縣臨清散𧵆
627	6	Quá niên trạc ngoại BỐN tuần,	過年擢外𦊚旬
628	8	RÂU MÀY nhẵn nhụi áo quần bảnh bao.	鬚𪵟忍隊襖裙丙包
629	6	Trước thầy sau tớ lao xao,	畧柴娄伵牢敲
630	8	Nhà băng đưa mối rước vào lầu trang.	茹氷迻䋦逴𠓨楼粧
631	6	GHẾ trên ngồi tót SẮN sàng,	㨳𨕭𡎢卒産床
632	8	Buồng trong mối đã đưa nàng kíp ra.	󰟀𥪝䋦㐌迻娘急𦋦
633	6	Nỗi mình thêm tức nỗi nhà	浽𠇮登息浽茹
634	8	Thềm hoa một bước GIỌT hoa mấy hàng.	㙴花𠬠𨀈湥花󰋇行
635	6	Ngại ngùng NẢN gió e sương,	𪿒顒赧󰊄𠲖霜
636	8	NGỪNG hoa bóng thẹn trông gương mặt dày.	󰡤花䏾𢢆𬂙𦎛󰘚𠫅
637	6	Mối càng VUỐT tóc bắt tay,	䋦強𢵼󰖥扒𢬣
638	8	Nét buồn như cúc điệu gầy như mai.	湿忿如菊調𤷍如梅
639	6	Đắn đo cân sắc cân tài,	旦都斤色斤才
640	8	Ép cung cầm nguyệt thử bài quạt thơ.	押宫琴月此牌撅䜹
641	6	Mặn nồng một vẻ một ưa,	曼燶𠬠𨤔𠬠扵
642	8	Bằng lòng khách mới tuỳ cơ dặt dìu.	平𢚸客買隨机迭迢
643	6	"Rằng: ""Mua ngọc đến Lam- kiều"	浪摸玉旦藍橋
644	8	“Sính nghi xin dạy bao nhiêu ĐẤY CHIỀNG ”	聘󰀩嗔𠰺包僥帝呈
645	8	Mối rằng: “ ĐÁNG GIÁ nghìn vàng,	䋦浪登價𠦳鐄
646	8	“ GIỚP nhà nhờ lượng người thương dám nài.”	﨤茹侞量㝵傷敢奈
647	6	Cò kè bớt một thêm hai,	𪂲掑扒𠬠添𠄩
648	8	Giờ lâu ngã giá VÂNG ngoài bốn trăm.	徐𥹰我價𠳐外𦊚𤾓
649	6	Một lời thuyền đã êm giầm,	𠬠𠳒船㐌淹潭
650	8	Hãy đưa canh thiếp trước cầm làm ghi.	矣迻𦑃帖畧扲爫𥱬
651	6	Định THỜI nạp thái vu qui.	定時納釆于歸
652	8	Tiền lưng đã THẤY việc gì chẳng xong!	钱𦝄㐌𧡊役之庄衝
653	6	Một lời cậy với chung công,	𠬠𠳒𢚁貝終公
654	8	KHẤT từ tạm lĩnh Vương ông về nhà.	乞詞暫領王𪪳𧗱茹
655	6	Thương NÀNG con trẻ cha già,	傷娘昆𥘷吒𫅷
656	8	Nhìn nàng ông ĐÃ máu sa ruột rầu.	𥆾娘𪪳㐌𧖱沙𦛌油
657	6	"""Nuôi con những ước về sau,"	餒昆仍約𧗱娄
658	8	"""Trao tơ phải lứa gieo cầu đáng nơi."	𢭂絲沛侶招梂登尼
659	6	"""Trời làm chi cực bấy trời!"	𡗶爫之極闭𡗶
660	8	"""Này ai vu thác cho người hợp tan."	尼埃誣託朱𠊛合散
661	6	“Búa ĐAO bao quản thân tàn,	斧刀包管身殘
662	8	"""Nỡ đày đoạ trẻ càng oan khốc già."	女苔墮𥘷強寃酷𫅷
663	6	“Một LỜI sau trước cũng ra,	𠬠𠳒𨍦𫏾拱𦋦
664	8	“Thôi thì mặt khuất chẳng THÀ lòng đau.”	催時󰘚屈𫽄時𢚸𤴬
665	6	Theo lời như chảy dòng châu,	蹺𠳒如沚𣳔珠
666	8	Liều mình ông đã gieo đầu tường vôi.	料𠇮𪪳㐌招頭墙𪿙
667	6	Vội vàng kẻ giữ người coi,	倍傍几𡨹㝵嵬
668	8	Nhỏ to nàng lại tìm lời khuyên CAN :	𡮈蘇娘吏尋𠳒勸干
669	6	"""VĨ chi một mảnh hồng nhan,"	尾之󰓳𤗖紅顔
670	8	"""Tóc tơ chưa chút đền ơn sinh thành."	󰖥絲渚𡭧填恩生成
671	6	"""Dâng thư đã thẹn nàng Oanh,"	𤼸書㐌𢢆娘鶯
672	8	"""Lại thua ả Lý bán mình hay sao?"	吏輸妸李半𠇮咍年
673	8	“ ĐỐNG xuân tuổi hạc càng cao,	棟椿歲鶴強高
674	8	“Một cây gánh VÁC biết bao nhiêu cành.	𠬠核梗搏别包饒梗
675	8	“ LÒNG TƠ dù chẳng dứt tình,	𢚸絲油庄𢴑情
676	8	“Gió MÂY âu hẳn tan tành nước non.	󰊄𫡮欧罕散情渃󰝶
677	8	“ THÈ rằng liều một thân con,	時浪料𠬠身昆
678	8	"""Hoa dù rã cánh là còn xanh cây."	花油㐌𦑃𦲿群撑核
679	6	"""Phận sao đành vậy cũng vầy,"	分牢停丕拱丕
680	8	"""Cầm như chẳng đỗ những ngày còn xanh."	扲如󰝸杜仍𣈜群撑
681	6	“Cũng đừng tính quẩn TÍNH quanh,	拱停併窘算觥
682	8	"""Tan nhà là một thiệt mình là hai."""	散茹󰑼𠬠舌𠇮󰑼𠄩
683	6	Phải lời ông cũng êm tai,	沛𠳒翁拱淹𦖻
684	8	NHÌN nhau giọt VẮN giọt dài ngổn ngang.	認僥湥𥐆湥𨱽滚昂
685	6	Mé ngoài họ Mã vừa sang,	𠃅外户馬皮𨖅
686	8	Tờ hoa đã ký cân vàng mới trao.	詞花㐌記斤鐄買𢭂
687	6	Trăng già độc địa làm sao?	𦝄𫅷独地爫牢
688	8	Cầm dây chẳng lựa buộc vào tự nhiên!	扲𦀊庄攎𥾾𠓨自然
689	6	TRONG tay đã sẵn đồng tiền,	沖𢬣㐌産銅钱
690	8	Dầu lòng đổi trắng thay đen khó gì!	油𢚸対𤽸台顛苦之
691	6	Họ Chung ra sức giúp vì,	户終𦋦饬𢩾爲
692	8	Lễ tâm đã đặt tụng kỳ cũng xong.	礼心㐌達訟期拱衝
693	6	Việc nhà đã tạm thong dong,	𭛣茹㐌暫從容
694	8	Tinh kỳ giục giã đã mong độ về.	星期促者㐌蒙度𧗱
695	6	Một mình NÀNG ngọn đèn khuya,	𠬠命娘𦰟畑𣅘
696	8	Áo dầm giọt TỦI tóc xe MỐI sầu.	𬡢滛湥碎󰖥車䋦愁
697	6	Phận RẦU dầu vậy cũng dầu,	分油油丕拱油
698	8	"""xót lòng đeo đẳng bấy lâu một lời."	㤕𢚸刀等闭𥹰𠬠𠳒
699	6	"""Công trình kể biết mấy mươi."	功程計别󰋇𨑮
700	8	"""Vì ta khăng khít cho người dở dang."	爲些𠻞喫朱㝵󰇾揚
701	6	“Thề LÒNG chưa ráo chén vàng,	誓𢚸渚燥𡃹鐄
702	8	"""Lỗi thề thôi đã phụ phàng với hoa!"	𰦫誓催㐌負傍貝花
703	6	"""Trời Liêu non nước bao xa,"	𡗶遼𡽫渃包賒
704	8	"""Nghĩ đâu rẽ cửa chia nhà tự tôi!"	𢪀󰠲𢩽󰘂支茹自碎
705	6	"""Biết bao duyên nợ thề bồi,"	别包綠女誓倍
706	8	"""Kiếp này thôi thế thì thôi còn gì!"	劫尼催󰡫時催群之
707	6	"""Tái sinh chưa dứt hương thề,"	再生渚𢴑香誓
708	8	"""Làm thân trâu ngựa đền nghì trúc mai"	爫身𬌥馭填󰒂竹梅
709	6	“Nợ TÌNH chưa trả cho ai,	女情渚者朱埃
710	8	"Khối tình mang xuống Tuyền đài chưa tan."""	塊情芒𫴋泉臺渚散
711	6	NỖI riêng riêng những bàn hoàn,	念貞貞仍盘恒
712	8	Dầu chong trắng đĩa GIỌT tràn thấm khăn.	油炵𤽸𥐨湥阕瀋巾
713	6	Thuý Vân chợt tỉnh giấc xuân,	翠雲秩醒聀春
714	8	Dưới đèn ghé đến ân cần hỏi han:	󰡎畑𥊘旦慇懃𠳨𠻃
715	8	“ CƠ trời dâu bể đa đoan,	柯𡗶橷𣷭多端
716	8	"""Một nhà để chị riêng oan một mình."	𠬠茹底姉𥢆寃𠬠𠇮
717	8	“ MỘT MÌNH ngồi nhẫn TÀN CANH”	𠬠𠇮𡎢忍更殘
718	8	“Nỗi riêng còn mắc MƯỚI tình chi đây?”	浽貞群默買情之低
719	6	"Rằng: ""Lòng đương thổn thức đầy,"	浪𢚸登忖式苔
720	8	“ CON TƠ còn vướng mối này chưa xong.	昆絲群王䋦尼渚衝
721	8	“ HỞ môi ra cũng thẹn thùng,	許枚𦋦拱𢢆𢠅
722	8	"""Để lòng thì phụ tấm lòng với ai."	抵𢚸時負𬌓𢚸貝埃
723	6	"""Cậy em em có chịu lời,"	𢚁㛪㛪固𠹾𠳒
724	8	"""Ngồi lên cho chị lạy rồi sẽ thưa."	𡎢𨕭朱姉𥛉耒仕䜹
725	6	"""Giữa đường đứt gánh tương tư,"	𫡉塘坦挭相思
726	8	"""Keo loan chắp mối tơ thừa mặc em."	膠鸞执䋦絲乘默㛪
727	6	"""Kể từ khi gặp chàng Kim,"	計自欺及払金
728	8	"""Khi ngày quạt ước khi đêm chén thề."	欺𣈜撅約欺店󱋓誓
729	6	"""Sự đâu sóng gió bất kỳ,"	事󰠲㳥󰊄不期
730	8	“Hiếu tình CÓ NHẼ hai bề vẹn hai.	孝情固󰠋𠄩皮院𠄩
731	6	"""Ngày xuân em hãy còn dài,"	𣈜春㛪唉群𨱽
732	8	"""Xót tình máu mủ thay lời nước non."	㤕情𧖱湈台𠳒渃𡽫
733	6	"""Chị dù thịt nát xương mòn,"	姉油𬚸󰞺昌病
734	8	"""Ngậm cười chín suối cũng còn thơm lây."	唅唭𠃩𰦫拱群𦹳涞
735	6	"""Chiếc vành với bức tờ mây,"	隻㮠貝幅詞𫡮
736	8	"""Duyên này thì giữ vật này của chung."	綠尼時𡨹物尼𧵑終
737	6	"""Dầu em nên vợ nên chồng,"	油㛪𢧚𡞕𢧚𫯳
738	8	"""Xót người mệnh bạc ắt lòng chẳng quên."	㤕㝵𠇮泊乙𢚸庄涓
739	6	“MẤT người GỌI chút của tin,	秩㝵哙出𧵑信
740	8	"""Phím đàn với mảnh hương nguyền ngày xưa."	泛弹貝𤗖香願𣈗初
741	6	"""Mai sau dầu có bao giờ,"	枚𡢐油固包徐
742	8	“Đốt lò hương ấy so TƠ phím này.	焠󰌎香意攄𦀊泛尼
743	6	"""Trông ra ngọn cỏ lá cây,"	𬂙𦋦𦰟𦹵𦲿核
744	8	"""Thấy hiu hiu gió thì hay chị về."	体囂囂愈時台姉𧗱
745	6	"""Hồn còn mang nặng lời thề,"	魂群芒𥘀𠳒誓
746	8	“Nát thân bồ liễu CÒN nghì trúc mai.	󰞺身蒲柳群𡹠竹枚
747	6	"""Dạ đài cách mặt khuất lời,"	夜臺隔󰘚屈𠳒
748	8	“Rưới xin GIỌT NƯỚC cho người thác oan.	洒嗔湥渃朱𠊛托寃
749	6	"""Bây giờ trâm gãy gương tan,"	悲𣇞簪技𦎛散
750	8	"""Kể làm sao xiết muôn vàn ái ân!"	計爫牢掣𬮙萬愛恩
751	6	“Trăm nghìn GỞI lạy tình quân,	𤾓𠦳𠳚𥛉情君
752	8	“ TÓC TƠ VẮN VỎI có ngần ấy thôi.	󰖥絲𥐆尾固銀意催
753	6	"""Phận sao phận bạc như vôi!"	分牢分泊如𪿙
754	8	“Đã đành nước chảy BÈO trôi LỠ DƯỜNG .	㐌停渃沚䕯㵢𣳮羕
755	6	"""ỐI Kim lang! Hỡi Kim lang!"	喂金郎唉金郎
756	8	“Thôi thôi thiếp đã phụ chàng từ NAY !”	催催妾㐌負払自尼
757	6	Cạn lời hồn dứt máu say,	𣴓𠳒魂𠞹𧖱醝
758	8	Một hơi lặng ngắt đôi tay LẠNH đồng .	𠬠唏啷󰔺堆𢬣冷銅
759	6	Xuân huyên chợt tỉnh giấc nồng,	椿萱秩醒聀燶
760	8	Một nhà tấp nập kẻ trong người ngoài.	𠬠茹匝納几沖㝵外
761	6	Kẻ thang người thuốc bời bời,	几湯㝵𬟥排排
762	8	Mới dầu cơn vựng chưa phai giọt hồng.	買油千彙渚泒湥紅
763	6	Hỏi sao ra sự lạ lùng.	𠳨牢𦋦事𨔍𨓡
764	8	Kiều càng nức nở MỞ không ra lời.	翹強慝𦬑𩦓空𦋦𠳒
765	6	Nỗi nàng Vân mới rỉ tai:	挼娘雲買𠯇𦖻
766	8	Chiếc vành đây với tờ bồi ở đây.	隻㮠低貝詞掊扵低
767	6	BỞI cha làm lỗi duyên mày	𪽝吒爫𰦫綠眉
768	8	“Thôi thì NỖI ấy sau này đã em.	催時挼󰀎娄尼㐌㛪
769	6	"""Vì ai rụng cải rơi kim?"	爲埃𣳔改淶金
770	8	"""Để con bèo nổi mây chìm vì ai?"	底昆䕯浽𫡮沉爲埃
771	6	"""Lời con dặn lại một hai,"	𠳒昆𠸕吏𠬠𠄩
772	8	“Dẫu mòn NGẤN đá dám sai tấc vàng.”	油𤷱銀𥒥敢差𡬷鐄
773	6	Lạy thôi nàng lại rén chiềng:	𥛉催娘吏鍊呈
774	8	“Nhờ cha giả ĐƯỢC nghĩa chàng cho xuôi.	𢘾吒者特󰒂払朱吹
775	8	""" thốt chi thân phận tôi đòi,"	説之身分碎隊
776	8	“Dẫu rằng xương trắng quê người QUẢN đâu!”	酉浪昌𤽸闺㝵爱兜
777	6	Xiết ĐÂU TRONG nỗi thảm sầu!	掣兜𥪝浽󰌺愁
778	8	Khắc canh LẠI giục nam lâu mấy hồi.	刻更㐌𠽖南楼󰋇囘
779	6	Kiệu hoa đâu đã đến ngoài,	轎花󰠲㐌旦外
780	8	Quản huyền đâu đã giục người sinh ly.	管絃󰠲㐌𠽖𣈜生漓
781	6	Đau lòng kẻ ở người đi,	𤴬𢚸几扵𠊛𠫾
782	8	GIỌT rơi thấm đá tơ chia rũ tằm.	湥涞滲𥒥𫡮支愈蚕
783	8	Trời hôm mây kéo tối RẦM ,	𡗶歆𩄲矯最𨂘
784	8	Rầu rầu ngọn KHÓI đầm đầm cành sương.	油油𦰟𤐜潭潭梗霜
785	6	Rước DÂU về đến trú phường,	逴妯󰡲旦駐坊
786	8	Bốn bề xuân khoá một nàng ở trong.	𦊚皮春鎖𠬠娘扵𥪝
787	6	Ngập ngừng THẸN lục e hồng,	及󰡤𠼶綠𠲖紅
788	8	Nghĩ lòng lại xót xa lòng đòi phen.	議𢚸吏㤕車𢚸隊番
789	6	Phẩm tiên THUỞ đến tay hèn,	品仙課旦𢬣𪬡
790	8	Hoài công nắng giữ mưa gìn với ai!	𢙇功𬋟𡦂湄廛貝埃
791	6	Biết thân đến bước lạc loài,	别身旦𨀈落𩑛
792	8	Nhị đào THÈ LẤY TAY người tình CHUNG .	蘂桃時𢬦𢬣㝵情連
793	6	Vì TA ngăn ĐÓN gió đông.	爲些垠󰠣𫗄東
794	8	Thiệt lòng khi ở đau lòng khi đi.	舌𢚸欺扵𤴬𢚸欺𠫾
795	6	Trùng phùng dù hoạ có khi,	重逢油禍固欺
796	8	Thân này thôi có CÒN gì mà mong.	身尼催固群之麻蒙
797	6	Đã sinh ra số long đong,	㐌生𦋦𢼂竜冬
798	8	Còn ÔM lấy kiếp má hồng được sao?	群揞𥙩刼𦟐紅特牢
799	8	Trên yên NHÁC THẤY THANH dao ,	𨕭案落体青刀
800	8	Giấu cầm nàng đã gói vào RỌT khăn.	𨁪扲娘㐌𪭯𠓨湥巾
801	6	Phòng khi nước đã đến chân,	防欺渃㐌旦蹎
802	8	Dao này thì liệu với thân phận này .	刀尼時料貝身分尼
803	6	ĐIỂM SẦU một khắc một chầy,	點愁𠬠刻𠬠迡
804	8	Bâng khuâng như tỉnh như say một mình.	氷傾如醒如醝𠬠𠇮
805	6	Chẳng LÀ gã Mã giám sinh,	𫽄󰑼妸馬監生
806	8	Vẫn là một đứa phong tình đã quen.	刎󰑼𠬠𥒥󰘩情㐌涓
807	6	Quá chơi lại gặp hồi đen,	過制吏﨤囘顛
808	8	Quen VÙNG lại kiếm ăn miền nguyệt hoa.	涓漨吏劍咹沔月花
809	6	Lầu xanh có mụ Tú bà,	楼撑固媒秀󰜏
810	8	Làng chơi đã trở về NHÀ hết duyên.	郎制㐌阻󰡲茹歇綠
811	6	Tình cờ chẳng hẹn mà nên,	情期庄限麻𢧚
812	8	Mạt cưa mướp đắng đôi bên một phường.	󰘚鋸𦲾䔲堆边𠬠坊
813	6	Chung lưng mở một CỬA hàng,	終𦝄𨸈𠬠𫔳行
814	8	Quanh năm buôn phấn bán GƯƠNG đã lề.	觥𫷜奔粉半𦎛㐌例
815	6	Dạo tìm khắp chợ thì quê,	𨄹尋泣𢄂時闺
816	8	Giả danh hầu hạ dạy nghề ăn chơi.	啫名󰞌下𠰺芸咹制
817	6	Rủi may âu cũng sự trời,	𰦫埋欧拱事𡗶
818	8	Đoạn trường lại CHỌN mặt người vô duyên.	断膓吏論󰘚㝵󰀡綠
819	6	Xót nàng XÓT phận thuyền quyên,	㤕娘㤕分婵娟
820	8	Cành hoa đi bán vào thuyền lái buôn.	梗花𠫾半𠓨船梩奔
821	6	Mẹo lừa đã CHỚM vào khuôn,	卯𩢬㐌拈𠓨囷
822	8	Sính nghi rẻ giá nghinh hôn sẵn ngày.	聘󰀩𥜤價迎婚産𣈜
823	6	Mừng thầm cờ đã đến tay,	𢜠󰠐旗㐌旦𢬣
824	8	Càng nhìn vẻ ngọc càng say khúc VÀNG .	強𥚆𨤔玉強醝曲凰
825	6	Đã nên quốc sắc thiên hương,	㐌𢧚国色天香
826	8	Một cười này hẳn nghìn vàng chẳng ngoa.	𠬠唭尼罕𠦳鐄庄吪
827	6	"""Về đây nước trước bẻ hoa,"	米低渃畧披花
828	8	Vương tôn quý khách ắt là đua nhau.	王孫貴客乙󰑼都僥
829	6	BA BỐN trăm lạng thử đâu,	𠀧𦊚𤾓两此󰠳
830	8	Cũng đà vừa vốn còn sau thì lời.	拱㐌皮本群𨍦時利
831	6	Miếng ngon kề đến tạn nơi,	𠰘唁掑旦羡尼
832	8	Vốn nhà cũng tiếc của trời cũng tham.	本茹拱惜𧵑𡗶拱貪
833	6	Đào tiên đã bén tay phàm,	桃仙㐌𤊰𢬣凡
834	8	Thì vin cành QUÍT cho cam sự đời.	時攀梗橘朱柑事𠁀
835	6	Dưới trần mấy mặt làng chơi,	󰡎尘󰋇󰘚郎制
836	8	Chơi hoa CHƯA dễ mấy người biết hoa.	制花㐌易󰋇㝵别花
837	6	Nước vỏ lựu máu mào gà,	渃補榴𧖱𦙤𬷤
838	8	Mượn màu chiêu tập lại là còn nguyên.	𠼦牟招集吏󰑼群元
839	6	MẬP mờ đánh lận con đen,	䏢麻打吝昆顛
840	8	Bao nhiêu cũng bấy nhiêu tiền mất chi?	包饒拱闭饒錢秩之
841	6	Mụ già hoặc có điều gì,	媒𫅷或固調之
842	8	Liều công mất một buổi quì mà thôi.	料功秩𠬠𣇜跪麻傕
843	6	ĐẾN đây đường sá xa xôi,	旦低塘詫賒吹
844	8	Mà ta bất động nữa người sinh nghi.	麻些不動女㝵生𪟽
845	6	Tiếc thay một đoá [trà/đồ] mi,	惜台𠬠朶茶縻
846	8	Con ong đã mở đường đi lối về!	昆蜂㐌𨸈塘𠫾𨇒𧗱
847	6	Một cơn mưa gió nặng nề,	𠬠干湄𫗄󰠱尼
848	8	Thương gì đến ngọc tiếc gì đến hương.	傷之旦玉惜之旦香
849	6	TIỆC xuân một giấc mơ màng,	𠯪春𠬠聀𢠩恾
850	8	Đuốc hoa để ĐÓ MỘT NÀNG NGỒI trơ .	𤒘花底怒𠬠𡎢𡎢猪
851	6	Giọt riêng tầm tã tuôn mưa,	湥貞尋謝𣻆湄
852	8	Phần CĂM nỗi khách phần DƠ nỗi MÌNH.	分𠇮浽客分除浽春
853	6	Tuồng chi là CHỐN hôi tanh,	從之󰑼准灰腥
854	8	Thân nghìn vàng để ô danh má hồng.	身𠦳鐄底污名𦟐紅
855	6	Thôi còn chi nữa mà mong,	催群之女麻蒙
856	8	"""Đời người thôi thế là xong một đời!"""	𠁀㝵催世󰑼衝𠬠𠁀
857	6	GIẬN duyên tủi phận bời bời,	限綠悴分排排
858	8	Cầm dao nàng đã toan bài quyên sinh.	扲刀娘㐌筭排捐生
859	6	Nghĩ đi nghĩ lại một mình:	𢪀𠫾𢪀吏𠬠𠇮
860	8	Một mình thì chớ hai tình thì sao?	𠬠𠇮時渚𠄩情时牢
861	6	Sau dầu sinh sự thế nào,	𡢐油生事世芇
862	8	Truy nguyên chẳng kẻo luỵ vào song thân.	追原󰝸矫累𠓨双親
863	6	ĐÁNH LIỀU âu hãy THẢ dần,	打料欧唉且寅
864	8	Kíp chầy thôi cũng một lần LÀ thôi.	急迡催拱𠬠吝󰑼催
865	6	Những là đo đắn ngược xuôi,	仍󰑼都旦虐吹
866	8	Tiếng gà nghe đã gáy sôi mé tường.	㗂𬷤𦖑㐌嘅催𠃅墙
867	6	Lầu mai vừa rúc còi sương,	楼枚皮㗜𧥇霜
868	8	Mã sinh giục GIẠO vội vàng ra đi.	馬生𠽖𨄹倍傍𦋦𠫾
869	6	Đoạn trường thay lúc phân kỳ,	断膓台六分岐
870	8	Vó câu khấp khểnh bánh xe gập ghềnh.	𨀒𪀊泣警𨋣車岋𡹡
871	6	Bề ngoài mười dặm trường đình,	皮外𨑮𨤮長亭
872	8	Vương ông gánh tiệc tiễn hành đưa theo.	王𪪳梗席賤行迻蹺
873	8	Ngoài thì chủ khách DẶT DÌU ,	外時主客󰖧迢
874	8	Một nhà huyên với một Kiều ở trong.	𠬠茹萱貝𠬠娇於冲
875	6	Nhìn càng lã chã giọt hồng,	𥆾強吕渚湥紅
876	8	Rỉ tai nàng mới giải lòng thấp cao:	𠯇𦖻娘買𤋵𢚸𥰊高
877	8	“ VẢ sinh ra phận thơ đào,	且生𫥧分䜹桃
878	8	"""Công cha nghĩa mẹ kiếp nào giả xong!"	功吒󰒂媄劫芇者衝
879	8	“Lỡ làng nước ĐỤC PHA trong ,	吕廊渃濁披冲
880	8	"""Trăm năm để một tấm lòng từ đây."	𤾓𫷜底𠬠𬌓𢚸自低
881	6	"""Xem gương trong bấy nhiêu ngày,"	𫀅𦎛冲闭饒𣈜
882	8	"""Thân con chẳng kẻo mắc tay bợm già ."	身昆庄矫默𢬣姂妑
883	6	"""Khi về bỏ vắng trong nhà,"	欺󰡲補永冲茹
884	8	“Khi vào DÙI dắng khi ra vội vàng.	欺𠓨推孕欺𦋦倍傍
885	6	"""Khi ăn khi nói lỡ làng,"	欺咹欺呐吕郎
886	8	"""Khi thầy khi tớ xem thường xem khinh."	欺柴欺伵𫀅常𫀅輕
887	6	"""Khác màu kẻ quý người thanh,"	恪牟几貴𠊛清
888	8	“ NGẮM ra cho kỹ như hình con buôn.	𥋴𦋦朱技如形昆奔
889	6	"""Thôi con còn nói chi con,"	催昆群呐之昆
890	8	"""Sống nhờ đất khách thác chôn quê người!"""	𤯩𢘾坦客托坉圭㝵
891	6	Vương bà nghe bấy nhiêu lời,	王󰜏𦖑闭饒𠳒
892	8	Tiếng oan đã muốn RẠCH trời kêu lên.	㗂寃㐌悶𫼢𡗶呌𨖲
893	6	Vài CÂU chưa cạn chén khuyên,	𠄽勾渚𣴓𡃹勸
894	8	Mé ngoài nghỉ đã giục liền ruổi xe.	𠃅外𢪀㐌𠽖連󰖁車
895	8	Xót con lòng nặng BÌ BÌ ,	㤕昆𢚸󰠱皮皮
896	8	Trước yên ông LẠI NẰN NÌ thấp cao:	畧鞍𪪳吏奏呢𥰊高
897	8	“ XÓT thân LIỄU YẾU thơ đào,	㤕身柳要䜹桃
898	8	“ TRẤT nhà đến nỗi giấn vào TÔI NGƯƠI.	窒茄旦綏鎮𠓨的碎
899	6	"""Từ đây góc bể bên trời,"	自低𧣳𣷭边𡗶
900	8	"""Nắng mưa thủi thủi quê người một thân."	𬋟湄退退圭𠊛𠬠身
901	6	"""Nghìn tầm nhờ bóng tùng quân,"	𠦳尋如䏾松筠
902	8	"""Tuyết sương che chở cho thân cát đằng."""	雪霜𩂏𨔾朱身葛藤
903	6	Cạn lời khách mới thưa rằng:	𣴓𠳒客買䜹浪
904	8	"""Buộc chân thôi cũng xích thằng nhiệm trao."	𢯜蹎催拱赤绳冉𢭂
905	6	"""Mai sau dầu dến thế nào,"	枚𢖖油旦世芇
906	8	"""Kìa gương nhật nguyệt nọ dao quỉ thần."""	箕𦎛日月怒刀鬼神
907	6	Đùng dùng gió giục mây tần,	同同𫗄𠽖𫡮秦
908	8	một xe trong cõi hồng trần như bay.	𠬠車𥪝𡎝紅塵如𠖤
909	6	Trông vời GẠT LỆ phân tay,	𬂙爲拔淚分𢬣
910	8	Góc trời thăm thẳm ngày ngày đăm đăm.	谷𡗶審審𣈜𣈜󰠐󰠐
911	6	Nàng thì cõi khách xa xăm,	娘時𡎝客車侵
912	8	Bạc phau cầu giá đen DẦM ngàn mây.	泊抛梂這顛滛岸𫡮
913	6	Vi lau sát sát hơi may,	葦𦰤察察唏埋
914	8	Một trời THU để riêng SAY một người.	𠬠𡗶秩底貞差𠬠㝵
915	6	Dặm khuya ngắt tạnh mù KHƠI,	埮𣅘雪淨𩂟𣾺
916	8	Thấy trăng mà thẹn những lời non sông.	体𦝄麻𢢆仍𠳒𡽫滝
917	6	Rừng thu từng biếc ÚA hồng,	楼秋層碧癋紅
918	8	Nghe chim như nhắc tấm lòng thần hôn.	𦖑𫚳如弋𬌓𢚸辰昏
919	6	Những là lạ nước lạ non,	仍󰑼𨔍渃𨔍𡽫
920	8	Lâm- tri vừa một tháng tròn ĐẾN nơi.	臨淄皮𠬠𣎃𧷺旦尼
921	6	Xe châu dừng bánh cửa ngoài,	車珠停軿𫔳外
922	8	Rèm trong đã thấy một người bước ra.	簾冲㐌体𠬠㝵𨀈𦋦
923	6	THOẮT trông LỢT lợt màu DA,	脱𬂙𤁕𤁕牟𦝄
924	8	Ăn gì cao lớn đẫy đà làm sao?	咹之高𢀲𠰺它爫牢
925	6	Trước xe lơi lả han chào,	畧車雪吕嘆嘲
926	8	Vâng lời nàng mới bước vào TẠN nơi.	𠳐𠳒娘買𨀈𠓨羡尼
927	6	Bên thì mấy ả mày ngài,	边時󰋇妸𪵟𧍋
928	8	Bên thì ngồi bốn năm người làng chơi.	边時𡎢𦊚𠄼㝵廊制
929	6	Giữa thì hương NẾN hẳn hoi,	𡧲時香𤓢罕灰
930	8	TREO TRANH QUAN THÁNH trắng đôi lông mày.	撩幀官圣𤽸堆󰋃𪵟
931	6	Lầu xanh quen lối xưa nay,	楼撑捐𫮇初󰅒
932	8	Nghề này thì lấy ông này tiên sư.	芸尼時𥙩𪪳尼先師
933	6	Hương HÔM HOA sớm phụng thờ,	香𣋚花󰉲奉賒
934	8	Cô nào xấu MẼ CHO thưa mối hàng .	姑芇醜𩴬朱䜹䋦行
935	6	Cổi xiêm LỘT áo chán chường,	𪭯襜𢯰襖󱋓𠴔
936	8	Trước thần sẽ nguyện mảnh hương lầm dầm.	畧神仕願𤗖香淋滛
937	6	Đổi hoa LÓT DƯỚI chiếu nằm,	対花𢯰𠁑袑𦣰
938	8	Bướm ong bay lại ầm ầm tứ vi.	𧊉蜂悲吏喑喑罒𡆫
939	6	Kiều còn LIỆU ĐẤT biết gì,	娇群料坦別之
940	8	Cứ lời lạy xuống mụ thì khấn ngay:	拠𠳒𥛉𬺗媒时𭝫𣦍
941	6	"""Cửa hàng buôn bán cho may,"	𫔳行奔半朱枚
942	8	"""Đêm đêm Hàn thực ngày ngày Nguyên tiêu."	店店寒食𣈜𣈜元宵
943	6	"""Muôn nghìn người thấy cũng yêu,"	𬮙𠦳㝵体拱腰
944	8	“Xôn xao anh yến dập dìu trúc MAI .	𠮿嗃鶧燕習耀竹枝
945	6	"""Tin nhạn vẩn lá thơ bời,"	信鴈刎𦲿䜹排
946	8	"""Đưa người cửa trước rước người cửa sau."""	迻㝵󰘂畧逴㝵󰘂娄
947	6	Lạ tai nghe chửa biết đâu,	𨔍𦖻𦖑渚別󰠳
948	8	Xem tình ra cũng những màu dở dang.	𫀅情𦋦拱仍牟󰇾揚
949	6	Lễ xong hương hoả gia đường,	礼衝香火家堂
950	8	Tú bà vắt nóc lên giường ngồi ngay.	秀󰜏勿𧂭蓮床𡎢𣦍
951	8	Dạy rằng: “Con lạy mẹ ĐÂY ,	𠰺浪昆𥛉媄低
952	8	"""Lạy rồi thì lạy cậu mày bên kia"""	𥛉耒時𥛉舅眉边箕
953	6	"Nàng rằng: ""Phải bước lưu ly,"	娘浪沛𨀈流󰡞
954	8	"""Phận hèn vâng đã cam bề tiểu tinh."	分𪬡𠳐㐌甘皮小星
955	6	"""Điều đâu lấy yến làm anh,"	調󰠳𥙩燕爫鶧
956	8	“Ngây thơ chẳng biết VỚI danh phận gì.	𬏝䜹庄別買名分之
957	6	"""Đủ điều nạp thái vu qui,"	覩調納采于歸
958	8	“Đã khi CHUNG CHẠ lại khi đứng ngồi.	㐌欺鍾乍吏欺𨅸𡎢
959	6	"""Giờ ra thay bậc đổi ngôi,"	徐𦋦台堛対嵬
960	8	“Dám xin GỬI lại một lời cho minh.”	敢嗔-吏𠬠𠳒朱明
961	6	Mụ nghe nàng nói hay tình,	媒𦖑娘呐咍情
962	8	Bấy giờ mới nổi tam bành mụ lên:	閉徐買浽三彭媒蓮
963	6	"""Này này sự đã quả nhiên,"	尼尼事㐌果然
964	8	“Thôi đà cướp CỦA chồng min đi rồi!	催它刼𧵑𫯳綿𠫾耒
965	6	“Bảo THÌ đi dạo lấy người,	保時𠫾造𥙩㝵
966	8	"""Đem về rước khách kiếm lời mà ăn."	󰝡𧗱逴客劍利麻咹
967	6	“Tuồng vô nghĩa ở VÔ nhân,	從󰟁󰒂扵󰟁仁
968	8	"""Buồn mình trước đã tần mần thử chơi."	忿𠇮畧㐌秦緡此󱉁
969	6	"""Màu hồ đã mất đi rồi,"	牟糊㐌秩𠫾耒
970	8	"""Thôi thôi vốn liếng đi đời nhà ma!"	催催本另𠫾𠁀茹麻
971	6	"""Con kia đã bán cho ta,"	昆箕㐌半朱些
972	8	"""Nhập gia phải cứ phép nhà tao đây."	入家沛㨿法茹蚤低
973	8	“ LÃO kia có giở bài bây,	尼箕󰡏󰇾排碑
974	8	“Chẳng PHANG vào mặt mà mày ĐÀNH nghe.	庄坊𠓨󰘚麻眉仃𦖑
975	6	"""Cớ sao chịu tốt một bề,"	㨿牢𠹾卒𠬠皮
976	8	"""Gái tơ mà đã ngứa nghề sớm sao!"	𡛔絲麻㐌我芸󰉺牢
977	6	"""Phải làm cho biết phép tao!"""	沛爫朱別法蚤
978	8	Giật bì tiên rắp sấn vào ra tay.	𪮞皮鞭立𪮭𠓨𦋦𢬣
979	6	"Nàng rằng: ""Trời thẳm đất dày!"	娘浪𡗶審坦𠫅
980	8	"""Thân này đã bỏ những ngày ra đi!"	身尼㐌補仍𣈜𦋦𠫾
981	6	"""Thôi thì thôi có tiếc gì!"""	傕时傕固惜之
982	8	Sẵn dao tay áo tức thì giở ra.	産刀𢬣襖即時󰇥𦋦
983	6	Sợ gan nát ngọc liều hoa,	𢜝肝󰞺玉料花
984	8	Mụ còn trông mặt nàng đà quá tay.	媒群𬂙󰘚娘它過𢬣
985	6	Thương ôi tài sắc MỰC này,	傷喂才色墨尼
986	8	Một dao oan nghiệt dứt dây phong trần.	𠬠刀寃孽𢴑𦀊󰘩塵
987	6	Nỗi oan vỡ lở xa gần,	浽寃破𡋿賒𧵆
988	8	Trong nhà người chật một lần như nen.	冲茹㝵秩𠬠吝如𣑻
989	6	Nàng thì bặt bặt giấc tiên,	娘時弼弼聀仙
990	8	Mụ thì NGÁY NGÁY mắt nhìn hồn bay.	媒時𠬠𠬠󰘚𥚆魂𠖤
991	8	Vực nàng vào chốn HIÊN TÂY ,	域娘𠓨准軒西
992	8	Cắt người XEM sóc CHẠY thầy thuốc MEN.	割𠊛𫀅朔𧼋柴𬟥湯
993	6	Nào hay chưa hết trần duyên,	芇台渚歇塵緣
994	8	Trong mê dường đã đứng bên một nàng.	𥪝迷羕㐌等边𠬠娘
995	6	"Rỉ rằng: ""Nhân quả dở dang,"	𠯇浪因果󰇥揚
996	8	"""Đã toan trốn nợ đoạn trường được sao?"	㐌󰝺遁女断膓特牢
997	6	"""Số còn nặng nghiệp má đào,"	数群󰠱業𦟐桃
998	8	“Người dầu MUỐN quyết trời nào đã cho!	𠊛油悶決𡗶芇㐌朱
999	6	"""Hãy xin hết kiếp liễu bồ,"	唉嗔歇刼柳蒲
1000	8	"""Sông Tiền- Đường sẽ hẹn hò về sau""."	滝錢塘仕限㗅𧗱𨍦
1001	6	Thuốc thang suốt một ngày thâu,	𬟥湯卒𠬠𣈜輸
1002	8	Giấc mơ nghe đã dầu dầu vừa tan.	聀迷𦖑㐌油油皮散
1003	6	Tú bà chực sẵn bên màn,	秀󰜏直産边幔
1004	8	GIEO lời ỎN THÓT mơn man gỡ dần:	招𠳒𪢖𡁾綿蛮𫽻寅
1005	6	"""Một người dễ có mấy thân."	𠬠𠊛易固󰋇身
1006	8	Hoa xuân đương nhị ngày xuân còn dài.	花春登蘂𣈜春群𨱽
1007	6	Cũng là lỡ một lầm hai,	拱󰑼吕𠬠啉𠄩
1008	8	Đá vàng sao nỡ ép nài mưa mây!	𥒥鐄牢女押奈湄𫡮
1009	6	Lỡ chân trót đã vào đây,	吕蹎卒㐌𠓨低
1010	8	Khoá buồng xuân để đợi ngày đào non.	鎖󰟀春底行𣈜桃𡽫
1011	6	Người còn thì của hãy còn,	㝵群時𧵑唉群
1012	8	Tìm nơi xứng ĐỂ LÀ con cái nhà.	尋尼稱底󰑼昆丐茹
1013	6	Làm chi tội báo oan gia,	爫之罪报寃家
1014	8	"Thiệt mình mà hại đến ta hay gì?"""	舌𠇮麻害旦些咍之
1015	6	Kề tai mấy nỗi nằn nì,	拱𦖻󰋇浽𡅧呢
1016	8	Nàng nghe dường cũng thị phi rạch ròi.	娘𦖑󰟯拱是非𫼢𣑳
1017	6	Vả SUY thần mộng mấy lời,	𡲤推神夢󰋇𠳒
1018	8	Túc nhân THÌ cũng có trời ở trong.	夙姻時拱固𡗶於冲
1019	6	Kiếp này nợ giả chưa xong,	刼尼女者渚衝
1020	8	Làm chi THÌ CŨNG MỘT CHỒNG kiếp sau!	爫之時拱𠬠𫯳刼𨍦
1021	8	Lặng nghe TÂM NGẨM CÚI đầu ,	朗𦖑侵噤󱖺頭
1022	8	"Thưa rằng: ""Ai có muốn đâu thế này."	䜹浪埃固悶󰠲󰡫尼
1023	8	“ ĐƯỢC NHƯ lời thế là may,	時如𠳒世󰑼埋
1024	8	"""Hẳn rằng mai có như rày cho chăng!"	罕浪枚固如𣈙朱庄
1025	8	“ LỆ khi ong bướm đãi đằng,	戾欺蜂𧊉代騰
1026	8	"""Đến điều sống đục, sao bằng thác trong!"""	旦調𤯩濁牢平托冲
1027	6	"Mụ rằng: ""Con hãy thong dong,"	媒浪昆唉從容
1028	8	"""Phải điều lòng lại dối lòng mà chơi!"	沛調𢚸吏対𢚸麻󱉁
1029	6	"""Mai sau ở chẳng như lời,"	枚𨍦扵庄如𠳒
1030	8	"""Trên đầu có bóng mặt trời rạng soi."""	蓮頭固䏾󰘚𡗶𤎜𤐝
1031	6	Thấy lời quyết đoán hẳn hoi,	体𠳒决断罕灰
1032	8	Đành lòng nàng cũng sẽ nguôi nguôi dần.	停𢚸娘共仕𠿯𠿯寅
1033	6	Trước SAU Ngưng BIẾC khoá xuân,	󰁡𢖖󰁇碧鎖春
1034	8	VỆT non xa tấm trăng gần ở CHUNG.	𢵼𡽫賒󰌺𦝄𧵆扵終
1035	6	TƯ bề bát ngát xa trông,	𦊛皮八夊賒𬂙
1036	8	Cát vàng cồn nọ bụi hồng dặm kia.	吉鐄𡑱怒𡏧紅埮箕
1037	6	Bẽ bàng mây sớm đèn khuya.	彼嗙𫡮𣌋畑𣅘
1038	8	Nửa tình nửa cảnh như chia tấm lòng.	姅情姅景如支𬌓𢚸
1039	6	Tưởng người dưới nguyệt chén đồng,	想㝵󰡎月󱋓同
1040	8	Tin sương luống HÃY rày trông mai chờ.	信霜隴唉𣈙𬂙埋徐
1041	6	Bên trời góc bể bơ vơ,	边𡗶谷𣷭󰅲爲
1042	8	Tấm son gột rửa bao giờ cho phai.	󰌺𣘈滑𣳮包徐朱派
1043	6	Xót người tựa cửa hôm mai,	㤕㝵揨𫔳𣋚埋
1044	8	Quạt nồng ĐẮP lạnh những ai đó giờ?	撅燶答冷仍埃妬徐
1045	6	SÂN Lai cách mấy nắng mưa,	蓬萊隔󰋇𬋟湄
1046	8	Có khi gốc tử đã vừa người ôm.	󰡏欺㭲梓㐌皮㝵揞
1047	6	Buồn trông cửa bể GẦN hôm,	盆𬂙㪯𣷭𧵆𣋚
1048	8	Thuyền ai THOÁNG CÁNH GIÓ buồm xa xa.	船埃倘𦑃𬲇帆賒賒
1049	6	Buồn trông ngọn nước mới sa,	𢞂𬂙𦰟渃買沙
1050	8	Hoa trôi man mác biết là về đâu?	花㵢蛮莫別󰑼𧗱󰠳
1051	6	Buồn trông nội cỏ rầu rầu,	𢞂𬂙内𦹵油油
1052	8	Chân mây mặt đất một màu xanh xanh.	蹎𫡮󰘚坦𠬠牟撑撑
1053	6	Buồn trông gió cuốn mặt duềnh,	𢞂𬂙𩙌捲󰘚溋
1054	8	OM THÒM tiếng sóng kêu quanh ghế ngồi.	喑󰠐㗂㳥呌觥槣𡎢
1055	6	CHUNG quanh những nước non người,	冬觥仍渃𡽫㝵
1056	8	Đau lòng lưu lạc nên vài bốn câu.	𤴬𢚸流落𢧚𠄽𦊚勾
1057	6	Ngậm ngùi rủ bức rèm châu,	噤𠿯𢷀幅簾珠
1058	8	Cách lầu nghe có tiếng đâu hoạ vần.	隔楼𦖑固㗂󰠲和韻
1059	6	Một chàng vừa trạc thanh xuân,	𠬠払皮擢青春
1060	8	Hình dung chải chuốt áo khăn dịu dàng.	形容沚淬袄巾妙揚
1061	6	Nghĩ rằng cũng mạch thư hương,	𢪀浪拱脉書香
1062	8	Hỏi ra mới biết rằng chàng Sở khanh.	𠳨𦋦買別浪払楚卿
1063	6	Bóng nga thấp thoáng dưới mành.	䏾娥湿倘𠁑萌
1064	8	Trông NÀNG CHÀNG cũng ra tình đeo đai:	𬂙払娘拱𦋦情刀帶
1065	8	“ ÔI THAN sắc nước hương trời,	喂嘆色渃香𡗶
1066	8	"""Tiếc cho đâu bỗng lạc loài đến đây?"	惜朱󰠲俸落類旦低
1067	6	"""quế trong trăng hạnh trên mây,"	桂𥪝𦝄杏𨕭𫡮
1068	8	"""cát hồng nỡ để cho đầy đoạ hoa!"	葛洪女底朱苔墮花
1069	6	Hựu nhất thể vân:	又一体云
1070	6	"""Giá đành trong nguyệt trên mây,"	價停𥪝月𨕭𫡮
1071	8	Hoa sao hoa khéo giã giày bấy hoa?	花牢花窖也苔闭花
1072	6	NỔI gan riêng giận trời GIÀ,	汝肝貞陣𡗶𫅷
1073	8	"""Lòng này ai tỏ cho ta hỡi lòng?"	𢚸尼埃𤏣朱埃唉𢚸
1074	6	"""Thuyền quyên ví biết anh hùng,"	婵娟󰂇別𮎦䧺
1075	8	"""Ra tay tháo cũi sổ lồng như chơi!"""	𦋦𢬣操櫃𢼂篭如󱉁
1076	6	Tiếc điều lầm chẳng biết ta	惜調啉庄別些
1077	8	VỂ châu vớt ngọc dễ đà như chơi	𧗱珠𢵼玉易它如󱉁
1078	6	Song thu đã khép cánh ngoài,	窻秋㐌怯𦑃外
1079	8	Tai còn đồng vọng mấy lời sắt đanh.	𦖻群同望󰋇𠳒𨫊釘
1080	6	Nghĩ người thôi lại nghĩ mình,	𢪀㝵催吏𢪀𠇮
1081	8	Cám lòng chua xót lạt tình BƠ vơ.	感𢚸洙㤕𤁕情如爲
1082	6	Những là lần lữa nắng mưa,	仍󰑼吝吕𬋟湄
1083	8	Kiếp phong trần biết bao giờ là thôi?	刼󰘩塵別包𣇞󰑼催
1084	6	Đánh liều nhắn một hai lời,	打料𠴍𠬠𠄩𠳒
1085	8	Nhờ tay tế độ vớt người trầm luân.	洳𢬣济度𣾼㝵沉淪
1086	6	Mảnh tiên kể hết xa gần,	𰮳箋計歇賒𧵆
1087	8	Nỗi nhà báo đáp nỗi thân lạc loài.	浽茹报答浽身落𩑛
1088	6	HÔM DAO vừa rạng ngày mai,	歆刀皮𤎜𣈜梅
1089	8	Tiện hồng nàng mới nhắn lời gửi sang.	便鴻娘買𠴍𠳒𠳚郎
1090	6	Trời tây lãng đãng bóng vàng,	𡗶西朗蕩䏾鐄
1091	8	Phục thư đã thấy tin chàng đến nơi.	復書㐌体信払旦尼
1092	6	Mở xem một bức tiên mai,	𨷑𫀅蔑幅箋枚
1093	8	Rành rành tích việt có hai chữ đề.	伶伶昔越󰡏𠄩𡦂題
1094	6	Lấy trong ý tứ mà suy:	𥙩𥪝意思麻推
1095	8	Ngày hai mươi mốt tuất thì phải chăng?	𣈜𠄩𨑮𠬠戌時沛庄
1096	6	Chim hôm thoi thót về rừng,	𪀄歆催脱󰡲棱
1097	8	GIÁ [trà/đồ] mi đã ngậm TRĂNG nửa MÀNH.	架茶縻㐌唅𦝄姅萌
1098	6	Tường đông lay động bóng cành,	墻東𢯦動䏾梗
1099	8	Đẩy song đã thấy Sở khanh lẻn vào.	𢩽窻吔体楚卿蹥𠓨
1100	6	Sượng sùng đánh dạn ra chào,	尙崇打惮𦋦嘲
1101	8	ĐOẠN thôi nàng mới rỉ trao ân cần.	段催娘買𠯇𢭂慇懃
1102	8	Rằng: “Tôi bèo NƯỚC XÓT thân ,	浪碎䕯渃㤕身
1103	8	“Lạc ĐƯỜNG mang lấy nợ nần yến OANH.	落塘恾𥙩女𮥷燕莺
1104	6	"""Dám nhờ cốt nhục tử sinh,"	敢洳骨肉死生
1105	8	"""Còn nhiều kết cỏ ngậm vành về sau."""	群𡗉結𦹵唅鋉󰡲𨍦
1106	6	Lặng NGỒI THẤM THÍA gật đầu:	朗𡎢𠸬僣𡴯頭
1107	8	“Ta đây PHẢI MƯỢN ai đâu mà rằng!	些低沛慢埃󰠲麻浪
1108	6	"""Nàng đà biết đến ta chăng,"	娘它別旦些庄
1109	8	"""Bể trầm luân lấp cho bằng mới thôi!"""	𣷭沉淪垃朱平買催
1110	6	"Nàng rằng: ""Muôn sự ơn người,"	娘浪𬮙事恩㝵
1111	8	"""Thế nào xin quyết một bài cho xong?"""	󰟨芇嗔决𠬠排朱衝
1112	6	"Rằng: ""Ta có ngựa truy phong,"	浪些󰡏馭追󰘩
1113	8	"""Có tên dưới trướng vốn dòng kiện nhi."	󰡏𠸜𠁑帳本𣳔健兒
1114	6	“Thừa cơ LÉN KHẼ ra đi,	乘机𨇍𨀈𦋦𠫾
1115	8	“Ba mươi sáu chước chước gì LẠI hơn?	𠀧𨑮𦒹斫斫芇吏欣
1116	6	"""Dù khi gió kép mưa đơn,"	油欺𫗄夾湄单
1117	8	"""Có ta đây cũng chẳng cơn cớ gì!"""	固些低拱庄干㨿之
1118	6	Nghe lời nàng đã sinh nghi,	𦖑𠳒娘㐌生𪟽
1119	8	Song đà quá ĐẾN quản gì được thân.	双它過旦管之特身
1120	6	Cũng liều nhắm mắt giao chân,	拱料䏕眜跤蹎
1121	8	Mà xem con tạo xoay vần đến đâu.	麻𫀅昆造𡏦運旦󰠳
1122	6	Cùng nhau lẻn bước DƯỚI lầu,	拱饒𨇍𨀈𠁑楼
1123	8	Song song ngựa trước ngựa sau một đoàn.	双双馭畧馭娄𠬠团
1124	6	Đêm thu khắc VỢỈ canh tàn,	店秋刻潙更殘
1125	8	Gió cây trút lá trăng ngàn ngậm gương.	𫗄𣘃律𦲿𦝄𡶨唅𦎛
1126	6	Lối mòn cỏ lợt MÙI sương,	𫮇󰍹𦹵辣味霜
1127	8	Lòng quê đi một bước đường một đau.	𢚸闺𠫾𠬠𨀈塘𠬠𤴬
1128	6	Tiếng gà xao XÁC gáy mau,	㗂𬷤嗃𠳗嘅㕰
1129	8	Tiếng người đâu đã mé sau dậy dàng.	㗂㝵󰠳㐌𠃅𨍦𠰺揚
1130	6	Nàng càng thổn thức gan vàng,	娘強村式肝鐄
1131	8	Sở KHANH đã RẼ dây cương lối nào!	楚卿㐌雉𦀊綱𫮇芇
1132	6	Một mình khôn biết làm sao,	𠬠𠇮坤別爫牢
1133	8	Dặm rừng bước thấp bước cao hãi hùng.	埮棱𨀈𥰊𨀈高駭䧺
1134	6	Hoá nhi thật có nỡ lòng,	化兒实󰡏女𢚸
1135	8	Làm chi giày tía vò hồng lắm nao!	爫之𠫅紫紆紅𡗋㝹
1136	6	Một đoàn đổ đến trước sau,	𠬠团覩旦𫏾𨍦
1137	8	Vuốt đâu DƯỚI đất cánh đâu TRÊN trời?	𤢇󰠳󰡎坦𦑃󰠳𨕭𡗶
1138	6	Tú bà tốc thẳng đến nơi,	秀󰜏速𬆅旦尼
1139	8	HĂM HĂM áp điệu một hơi lại nhà.	音音押調𠬠唏吏茹
1140	6	HUNG HĂNG chẳng hỏi chẳng tra,	󰜌行庄𠳨庄查
1141	8	Đang tay vùi liễu giập hoa tơi bời.	登𢬣𡏧柳拉花哉排
1142	6	Thịt da ai cũng là người,	𬚸䏧埃拱󰑼㝵
1143	8	Lòng nào hồng rụng thắm rời chẳng đau.	𢚸芇紅𣳔𧺁淶庄𤴬
1144	6	Hết lời thú phục khẩn cầu,	歇𠳒首腹懇求
1145	8	Uốn lưng THỊT đổ CẤT đầu máu sa.	捥𦝄𡶀覩梏頭𧖱沙
1146	6	Rằng: “Tôi CHÚT phận đàn bà,	浪碎㤕分婵󰜏
1147	8	“Nước non lìa cửa lìa nhà đến đây.	渃𡽫󰡞𫔳󰡞茹旦低
1148	6	"""Bây giờ sống thác ở tay,"	悲除𤯩托扵𢬣
1149	8	"""Thân này đã đến thế này thì thôi!"	身尼㐌旦世尼時催
1150	6	"""Nhưng tôi có sá chi tôi,"	仍碎󰡏咤之碎
1151	8	“Phận tôi đành vậy vốn người ĐỂ đâu?	分碎停丕本㝵低󰠳
1152	6	"""Thân lươn bao quản lấm đầu,"	身𧐖包管壈頭
1153	8	“Chút lòng trinh bạch từ sau CŨNG chừa”	𡮍𢚸貞白自𨍦拱徐
1154	6	Được lời mụ mới tuỳ cơ,	特𠳒媒買隨机
1155	8	Bắt người bảo lĩnh BẮT tờ cung chiêu.	扒𠊛保領扒祠供招
1156	6	Bày vai CÓ ả Mã Kiều,	排𦠘󰡏妸馬娇
1157	8	Xót nàng ra mới đánh liều chịu đoan.	悴娘𦋦買打料𠹾端
1158	6	Mụ càng kể nhặt kể khoan,	媒強計日計寬
1159	8	ĐÓN RÀO đến mực nồng nàn mới tha.	頓摷旦墨燶𮥷買他
1160	6	Vực nàng vào nghỉ trong nhà,	域娘𠓨𢪀冲茹
1161	8	Mã Kiều lại HỞ ý ra dặn lời:	馬嬌吏𠼯意𦋦𠸕𠳒
1162	6	"""Thôi đà mắc lận thì thôi!"	催它默吝時催
1163	8	"""Đi đâu chẳng biết con người Sở Khanh?"	𠫾󰠳𫽄別昆㝵楚卿
1164	6	"""Bạc tình nổi tiếng lầu xanh,"	泊情浽㗂楼撑
1165	8	"""Một tay chôn biết mấy cành phù dung."	𠬠𢬣墫別󰋇梗芙蓉
1166	6	"""Đà đao sắp sẵn chước dùng,"	拖刀立産斫用
1167	8	"""Lạ gì một cốt một đồng xưa nay!"	𨔍之𠬠骨𠬠童初󰅒
1168	6	“Có ba TRĂM lạng trao tay,	固𠀧𤾓两𢭂𢬣
1169	8	“Không DƯNG chi có chuyện này trò kia.	空仍之固傳尼路箕
1170	6	"""Rồi ra trở mặt tức thì,"	耒𦋦𠭤󰘚卽時
1171	8	“Bớt lời KÊU chớ RẦY chi mà đời.”	扒𠳒呌渚淶之麻𠁀
1172	6	"Nàng rằng: ""Thề thốt nặng lời,"	娘浪誓説󰠱𠳒
1173	8	“Có đâu mà lại CÓ người hiểm sâu.”	󰡏󰠳麻吏固㝵險溇
1174	6	Còn đương suy trước nghĩ sau,	群登推畧𢪀娄
1175	8	Mặt mo đã thấy ở đâu dẫn vào.	󰘚模㐌体於󰠳引𠓨
1176	6	Sở khanh lên tiếng rêu rao:	楚卿蓮㗂嘹哰
1177	8	“ DỌ nghe rằng có con nào ở đây,	喥𦖑娘󰡏昆芇扵低
1178	6	"""Phao cho quyến gió rủ mây,"	抛朱眷𫗄𫫵𦝄
1179	8	"""Hãy xem có biết mặt này là ai?"""	唉𫀅固別󰘚尼󰑼埃
1180	6	"Nàng rằng: ""Thôi thế thì thôi,"	娘浪催󰡫時催
1181	8	“Rằng không, thì cũng LA TRỜI rằng không.”	浪空時拱𪡔𠳒浪空
1182	6	Sở khanh quát mắng đùng đùng,	楚卿咶噒同同
1183	8	Bước vào vừa rắp thị hùng ra tay.	𨀈𠓨皮立恃䧺𦋦𢬣
1184	6	"Nàng rằng: ""Trời nhẽ có hay!"	娘浪𡗶尔固咍
1185	8	"""Quyến anh rủ yến sự này tại ai?"	眷鶧𫫵燕事尼在埃
1186	6	"""Đem người dẩy xuống giếng thơi,"	󰝡𠊛𢩽𫴋井台
1187	8	"""Nói rồi rồi lại ăn lời được ngay!"	呐耒耒吏咹𠳒特𣦍
1188	6	"""Còn tiên tích việt ở tay,"	群箋昔越扵𢬣
1189	8	"""Rõ ràng mặt ấy mặt này chớ ai?"""	𤑟𤉜󰘚󰀎󰘚尼渚埃
1190	6	Lời ngay đông mặt trong ngoài,	𠳒𣦍冬󰘚冲外
1191	8	AI AI CŨNG GỚM MẶT NGƯỜI vô lương.	埃埃拱𡃍󰘚㝵󰟁良
1192	6	RIÊNG tình án đã rõ ràng,	𥢆情案㐌𤑟𤉜
1193	8	Dơ tuồng nghỉ mới kiếm đường tháo lui.	唋從𢪀買劍塘操𨆢
1194	6	Buồng riêng riêng những sụt sùi,	󰟀𥢆𥢆仍湥洡
1195	8	Nghĩ thân mà lại ngậm ngùi cho thân.	󰀩身麻吏唅𠿯朱身
1196	6	Tiếc thay trong giá trắng ngần,	惜台冲這𤽸銀
1197	8	Đến phong trần cũng phong trần như ai.	旦󰘩塵拱󰘩塵如埃
1198	6	Tẻ vui cũng một kiếp người,	粃盃拱𠬠刼𠊚
1199	8	Hồng nhan phải GIỐNG ở đời mãi ru!	紅顔沛眾扵𠁀買𠱋
1200	6	Kiếp xưa đã vụng đường tu,	刼初㐌唪塘修
1201	8	Kiếp này chẳng kẻo đền bù mới xuôi.	刼尼庄矫填蒲買吹
1202	6	Dẫu sao bình đã VỠ rồi,	酉牢𤭸㐌侶耒
1203	8	Lấy thân mà giả nợ đời cho xong.	𥙩身麻者女𠁀朱衝
1204	6	Vừa tuần nguyệt sáng gương trong,	皮旬月郎𦎛冲
1205	8	Tú bà SÍNH lại thong dong dặn dò:	秀󰜏聘吏從容吲𠻀
1206	6	"""Nghề chơi cũng lắm công phu,"	芸󱉁拱𡗋功夫
1207	8	“ CON NGƯỜI ta phải biết cho đủ điều.”	昆㝵些沛別朱覩調
1208	6	"Nàng rằng: ""Mưa gió dập dìu,"	娘浪湄𫗄㕸韶
1209	8	"""Liều thân thì cũng phải liều thế thôi!"""	料身時拱沛料世催
1210	6	"Mụ rằng: ""Ai cũng như ai,"	媒浪埃拱如埃
1211	8	“Người ta ai CÓ tiền hoài đến đây?	㝵些埃固钱𢙇旦低
1212	6	"""Ở trong còn lắm điều hay,"	扵冲群𡗋調咍
1213	8	"""Nỗi đêm khép mở nỗi ngày riêng chung."	挼店怯𨷑挼𣈜𥢆終
1214	6	"""Này con thuộc lấy làm lòng:"	尼昆属𥙩爫𢚸
1215	8	"""Vành ngoài bảy chữ vành trong tám nghề."	鑅外𬙞𡦂鑅冲糁芸
1216	6	"""Chơi cho liễu chán hoa chê,"	󱉁朱柳󰇏花吱
1217	8	"""Cho lăn lóc đá cho mê mẫn đời."	朱𡑝六𥒥朱迷敏𠁀
1218	6	“Khi KHOÉ hạnh khi nét ngài,	欺𦖑杳欺湿㝵
1219	8	"""Khi ngâm ngợi nguyệt khi cười cợt hoa."	欺吟𬢱月欺唭𠹳花
1220	6	"""Đều là nghề nghiệp trong nhà,"	調󰑼芸業冲茹
1221	8	"""Đủ ngần ấy nết mới là người soi."""	覩銀意湿買󰑼㝵𤐝
1222	6	CÚI đầu vâng dạy mấy lời,	哙頭𠳐代󰋇𠳒
1223	8	Dường chau nét nguyệt, dường phai CHIỀU hồng.	羕珠󰞺月羕派朝紅
1224	6	Những nghe nói đã thẹn thùng,	仍𦖑呐㐌𢢆樁
1225	8	Nước đời lắm nỗi lạ lùng khắt khe!	渃𠁀𡗋挼𨔍𨓡汔溪
1226	6	Xót mình cửa các phòng khuê,	淬𠇮擧閣房圭
1227	8	Vỡ lòng học lấy những nghề nghiệp hay!	捛𢚸𭓇𥙩仍芸業台
1228	6	Khéo là mặt dạn mày dày,	窖󰑼󰘚惮𫵇𠫅
1229	8	Kiếp người đã đến thế này thì thôi!	刼㝵㐌旦世尼時催
1230	6	Thương thay thân phận lạc loài,	傷咍身分落類
1231	8	Dẫu sao cũng ở tay người biết sao?	酉牢拱扵𢬣㝵別牢
1232	6	Lầu xanh mới rủ trướng đào,	楼撑買𢷀帳桃
1233	8	Càng treo giá ngọc càng cao phẩm người.	強撩價玉強高品㝵
1234	6	Biết bao bướm LẢ ong lơi,	別包𧊉也蜂淶
1235	8	Cuộc say đầy tháng, trận cười suốt đêm.	局醝苔𣎃陣唭卒店
1236	6	Dập dìu lá gió cành chim,	習耀𦲿𫗄梗𪀄
1237	8	Sớm đưa Tống Ngọc tối tìm Trường Khanh.	󰉺迻宋玉最尋長卿
1238	6	Khi tỉnh rượu lúc tàn canh,	欺醒𨢇六殘更
1239	8	Giật mình mình lại thương mình xót xa.	秩𠇮𠇮吏傷𠇮淬車
1240	6	Khi sao phong gấm rủ là,	欺牢封錦𢷀𬗢
1241	8	Giờ sao tan tác như hoa giữa đường.	除牢散作如花𡨌塘
1242	6	Mặt sao dày gió dạn sương,	󰘚牢𠫅𫗄磾霜
1243	8	Thân sao bướm chán ong chường bấy thân!	身牢𧊉󱋓蜂𠴔闭身
1244	6	Mặc người mưa Sở mây Tần,	默㝵湄楚𫡮秦
1245	8	Những mình nào biết có xuân là gì.	仍𠇮芇別固春󰑼之
1246	6	Đòi phen gió tựa, hoa kề,	隊畨𫗄𢭸花掑
1247	8	Nửa rèm tuyết ngậm, bốn HÈ trăng THÂU .	姅簾雪唅𦊚夏𦝄偷
1248	6	Cảnh nào cảnh chẳng đeo sầu,	景芇景庄刀愁
1249	8	Người buồn cảnh có vui đâu bao giờ?	㝵忿景固盃󰠳包徐
1250	6	Đòi phen nét vẽ câu thơ,	隊畨湿𦘧句䜹
1251	8	Cung cầm trong nguyệt, nước cờ dưới hoa.	宫琹𥪝月渃箕𠁑花
1252	6	Vui là vui gượng kẻo là,	盃󰑼盃強矫󰑼
1253	8	Ai tri âm đó mặn mà với ai?	埃知音妬漫麻貝埃
1254	6	THỜ Ơ gió trúc mưa mai,	徐唹𫗄竹湄梅
1255	8	NGẨN ngơ trăm nỗi DÙI mài một thân.	菫󰡣𤾓挼搥埋𠬠身
1256	6	ÔM lòng đòi đoạn xa gần,	𤋾𢚸隊段賒𧵆
1257	8	Chẳng vò mà rối chẳng dần mà đau.	庄紆麻󰑚庄𢴍麻𤴬
1258	6	Nhớ ơn chín chữ cao sâu,	汝恩𠃩𡦂高溇
1259	8	Một ngày một ngã bóng dâu tà tà.	𠬠㝵𠬠我䏾橷斜斜
1260	6	Dặm nghìn nước thẳm non xa,	埮𠦳渃瀋𡽫賒
1261	8	Nghĩ đâu thân phận con ra thế này!	𢪀󰠳身分昆𦋦世尼
1262	6	Sân hoè đôi chút thơ ngây,	𡑝槐堆拙䜹𬏝
1263	8	Trân CAM ai kẻ đỡ thay việc mình?	珍甘埃几拖台󰜋𠇮
1264	6	Nhớ lời nguyện ước ba sinh,	𢖵𠳒願約三生
1265	8	Xa xôi ai có BIẾT tình chăng ai?	賒吹埃󰡏別情庒埃
1266	6	Khi về hỏi liễu Chương Đài,	欺󰡲𠳨柳章臺
1267	8	Cành xuân đã bẻ cho người chuyên tay.	梗春㐌𢯏朱㝵專𢬣
1268	6	Tình sâu mong giả nghĩa dày,	情溇蒙者󰒂𠫅
1269	8	Hoa kia đã chắp CÂY này cho chưa?	花箕㐌执核尼朱渚
1270	6	Mối tình đòi đoạn vò tơ,	䋦情隊段紆絲
1271	8	Giấc hương quan luống NHỮNG mơ canh dài.	聀鄕䦕𨻫仍𢠩更𨱽
1272	6	Song sa võ võ phương trời,	窻紗宇宇方𡗶
1273	8	Nay hoàng hôn đã lại mai hôn hoàng.	󰅒黄昏㐌吏枚昏黄
1274	6	Lần lần thỏ bạc ác vàng,	吝吝兎泊鵶鐄
1275	8	Xót người trong hội Đoạn trường đòi cơn.	拙㝵𥪝会断膓隊干
1276	6	Đã cho lấy chữ hồng nhan,	㐌朱𥙩𡦂紅顔
1277	8	Làm cho cho hại cho tàn cho cân.	爫朱朱害朱殘朱斤
1278	6	Đã đày vào kiếp phong trần,	㐌苔𠓨刼󰘩塵
1279	8	Sao cho XUYẾT nhục một lần mới thôi.	牢朱叕辱𠬠吝買傕
1280	6	Khách du bỗng có một người,	客遊俸固𠬠㝵
1281	8	Kỳ Tâm họ Thúc cũng LOÀI thư hương.	其心户束拱𩑛書香
1282	6	Vốn người huyện Tích, châu Thường,	本㝵縣錫州常
1283	8	Theo nghiêm THÂN mở ngôi hàng Lâm Tri.	蹺嚴親𨷑𡾵行臨淄
1284	6	Hoa khôi mộ tiếng Kiều nhi,	花魁慕㗂翹兒
1285	8	Thiếp hồng tìm đến hương khuê gửi vào.	帖紅尋旦香圭𠳚𠓨
1286	6	Trướng tô giáp mặt hoa đào,	帳蘇夾󰘚花桃
1287	8	Vẻ nào chẳng mặn nét nào chẳng ưa.	𨤔芇庄漫󰞺芇庄扵
1288	8	Hải- đường mởn mởn cành TƠ ,	海棠蔓蔓梗󰡯
1289	8	Ngày xuân càng gió càng mưa càng nồng.	𣈜春強𫗄強湄強燶
1290	6	Nguyệt hoa hoa nguyệt não nùng,	月花花月󰞽燶
1291	8	Đêm xuân ai dễ cầm lòng được chăng!	店春埃易扲𢚸特庄
1292	6	Lạ gì thanh khí nhẽ hằng,	𨔍之声氣󰠋恒
1293	8	Một dây một buộc ai giằng cho ra?	𠬠𦀊𠬠𥾾埃𢬂朱𦋦
1294	6	Sớm đào tối mận lân la,	𣌋桃最槾憐󰑼
1295	8	Trước còn trăng gió sau ra đá vàng.	畧群𦝄𫗄娄𦋦𥒥鐄
1296	6	Dịp SAO may mắn lạ dường,	擛牢埋敏𨔍羕
1297	8	Lại vừa gặp khoảng NGHIÊM đường lại quê.	吏皮及曠嚴堂吏圭
1298	6	Sinh càng một tỉnh mười mê,	生強𠬠醒𨑮迷
1299	8	Ngày xuân lắm lúc QUÊN về với xuân.	𣈜春𡗋六𠫾米貝春
1300	6	Khi gió gác khi trăng sân,	欺𫗄阁欺𦝄𡑝
1301	8	Bầu tiên DỐC rượu câu thần nối thơ.	瓢仙篤𨢇勾神浽䜹
1302	6	Khi hương sớm khi MÂY trưa,	欺香𣌋欺𫡮昉
1303	8	Bàn vây LỪA nước đường tơ hoạ đàn.	盘𡆫馭渃塘絲和弹
1304	6	MỆT MỜ trong cuộc truy hoan,	疲𢠩冲局追歡
1305	8	Càng quen thuộc nết càng DAN díu tình.	強悁属󰞺強𢺤𢬢情
1306	6	Lạ cho cái sóng khuynh thành,	𨔍朱丐㳥傾城
1307	8	Làm cho đổ quán xiêu đình như chơi.	爫朱覩舘漂亭如󱉁
1308	6	Thúc sinh quen NẾT bốc rời,	束生悁󰞺卜淶
1309	8	Trăm nghìn đổ một trận cười như không.	𤾓𠦳覩𠬠陣唭如空
1310	6	Mụ càng tô lục chuốt hồng,	媒強蘇綠捽紅
1311	8	Máu tham NGỬI thấy hơi đồng THÌ mê.	𧖱貪哎𧡊唏銅時迷
1312	6	Dưới trăng quyên đã gọi hè,	󰡎𦝄鵑㐌哙夏
1313	8	Đầu tường lửa lựu lập loè đâm bông.	頭墻焒榴󰟧𤍶󰠐󱖮
1314	6	PHÒNG LA phải buổi thong dong,	房𬗢沛𣇜從容
1315	8	Thang HƯƠNG RỦ bức trướng hồng SẠCH hoa.	湯香󰡦幅帳紅泟花
1316	6	Rõ ràng trong ngọc trắng ngà,	𤑟𤉜冲玉𤽸牙
1317	8	Dày dày sẵn đúc một toà thiên nhiên.	𠫅𠫅産𤒘𠬠座天然
1318	6	Sinh càng tỏ nét càng khen,	生強𤏣󰞺強𠸦
1319	8	Ngụ tình tay thảo một thiên luật Đường.	寓情𢬣草𠬠偏律唐
1320	6	"Nàng rằng: ""Vâng biết lòng chàng,"	娘浪𠳐別𢚸払
1321	8	"""Lời lời châu ngọc hàng hàng gấm thêu."	𠳒行珠玉行𠳒錦絩
1322	6	"""Hay hèn nhẽ cũng nối điêu,"	咍㘋󰠋拱浽貂
1323	8	“Nỗi QUÊ NGHĨ một hai điều ngang ngang.	浽生𢪀𠬠𠄩調昂昂
1324	6	“Lòng CÒN gửi áng mây vàng,	𢚸群𠳚盎𫡮鐄
1325	8	“BẤN NGÒI xin hãy chịu chàng hôm nay.”	絆外嗔唉𠹾払歆󰅒
1326	6	"Rằng: ""Sao nói lạ lùng thay!"	浪牢呐𨔍𨓡台
1327	8	"""Cành kia chẳng phải cỗi này mà ra?"""	梗箕庄沛桧尼麻𦋦
1328	8	Nàng càng TỦI DỘT THU BA ,	娘強悴突秋波
1329	8	Đoạn trường LỤC ấy DỞ mà buồn tênh:	断膓録意󰇾麻盆星
1330	6	"""Thiếp như hoa đã lìa cành,"	妾如花㐌离梗
1331	8	“Chàng như con bướm LỰẢ vành mà chơi.	払如昆𧊉吕鑅麻󱉁
1332	6	"""Chúa xuân đành đã có nơi,"	主春仃㐌󰡏尼
1333	8	“ VẮN ngày thôi chớ dài lời làm chi!”	𥐆𣈜催渚𨱽𠳒爫之
1334	6	"Sinh rằng: ""Từ thuở tương tri,"	生浪自課相知
1335	8	"""Tấm riêng riêng những nặng vì nước non."	𬌓𥢆𥢆仍𥘀爲渃𡽫
1336	6	"""Trăm năm tính cuộc vuông tròn,"	𤾓𢆥併局𣃲𧷺
1337	8	“Phải dò cho đến ngọn nguồn NGÁC sông.”	沛𢲛朱旦𦰟源㴖滝
1338	6	"Nàng rằng: ""Muôn đội ơn lòng,"	娘浪𬮙隊恩𢚸
1339	8	"""xót e bên thú bên tòng dễ đâu."	㤕𠲖边娶边從易󰠳
1340	6	"""Bình- khang nấn ná bấy lâu,"	平康拫那闭𥹰
1341	8	"""Yêu hoa yêu được một màu điểm trang."	腰花腰特𠬠牟點粧
1342	8	“Rồi ra RỮA phấn XAO hương ,	耒𫥨𣳮粉𢭂香
1343	8	"""Lòng kia giữ được thường thường mãi chăng?"	𢚸箕𪧚特常常買庄
1344	8	“Vả trong thềm quế cung TRĂNG ,	𡲤冲㙴桂宫𦝄
1345	8	"""Chủ trương đành đã chị Hằng ở trong."	主張打㐌姉姮扵冲
1346	8	“ BẤY LÂU khăng khít dải đồng,	闭𥹰康潔帶同
1347	8	"""Thêm người người cũng chia lòng riêng tây."	添㝵㝵拱支𢚸貞西
1348	8	“ VĨ chi chút phận bèo mây,	尾之𡭧分瓢𫡮
1349	8	"""Làm cho bể ái khi đầy khi vơi."	爫朱𣷭爱欺苔欺潙
1350	6	"""Trăm điều ngang ngửa vì tôi,"	𤾓調昂󰏟爲碎
1351	8	"""Thân sau ai chịu tội trời ấy cho?"	身𢖖埃𠹾罪𡗶𧘇朱
1352	6	"""Như chàng có vững tay co,"	如払杏凭𢬣孤
1353	8	"""Mười phần cũng đắp điếm cho một vài."	𨑮分拱荅店朱𠬠𠄽
1354	6	"""Thế trong dù lớn hơn ngoài,"	世冲由𢀲欣外
1355	8	"""Trước hàm sư tử gửi người đằng la."	畧唅獅子𠳚㝵藤𦲿
1356	6	“Cúi đầu luồn DƯỚI mái nhà,	𪭯頭淪󰡎𠃅茹
1357	8	"""Giấm chua lại tội bằng ba lửa nồng."	󰖷咮吏罪平𠀧焒燶
1358	6	"""Ở trên còn có nhà thung,"	扵𨕭群固茹椿
1359	8	“ LÒNG trên trông xuống biết lòng có thương?	𢚸𨕭𬂙𬺗別𢚸杏傷
1360	6	"""Sá chi liễu ngõ hoa tường,"	咤之柳𡉦花墻
1361	8	"""Lầu xanh lại bỏ ra phường lầu xanh."	楼撑吏補𦋦坊楼撑
1362	6	"""Lại càng dơ dáng dại hình,"	吏強洳羕𤵺形
1363	8	"""Đành thân phận thiếp ngại danh giá chàng."	停身分妾𢪀名價払
1364	6	"""Thương sao cho vẹn thì thương,"	傷牢朱院時傷
1365	8	“Tính sao cho trọn mọi đường THÌ vâng.”	併牢朱論每塘時𠳐
1366	6	"Sinh rằng: ""Hay nói đè chừng,"	生浪咍呐提澄
1367	8	"""Lòng đây lòng đấy chưa từng hay sao?"	𢚸低𢚸帝渚曾咍牢
1368	6	“Đường xa chớ NGẠI Ngô Lào,	塘賒渚𪟽吳󰍈
1369	8	"""Trăm điều hãy cứ trông vào một ta."	𤾓調唉㨿𬂙𠓨𠬠些
1370	6	"""Đã gần chi có điều xa,"	㐌𧵆之󰡏調賒
1371	8	"""Đá vàng cũng quyết phong ba cũng liều."""	𥒥鐄拱决󰘩波拱料
1372	6	Cùng nhau căn vặn đến điều,	拱饒根紊旦調
1373	8	Chỉ non thề bể nặng gieo đến lời.	指𡽫誓𣷭𥘀招旦𠳒
1374	6	Nỉ non đêm VẮN tình dài,	𠰚𡽫店𥐆情𨱽
1375	8	Ngoài hiên thỏ đã non đoài ngậm gương.	外軒兎㐌𡽫兑唅𦎛
1376	6	Mượn điều trúc viện thừa lương,	慢調竹院乘凉
1377	8	Rước về hãy tạm giấu nàng một nơi.	逴󰡲唉暫𧿫娘𠬠尼
1378	6	Chiến hoà sắp sẵn hai bài,	󰇏和插産𠄩排
1379	8	Cậy tay thầy thợ mượn người dò la.	𢚁𢬣柴署摱㝵𠻀󰑼
1380	6	Bắn tin đến mặt Tú bà,	半信旦󰘚秀󰜏
1381	8	Thua cơ mụ cũng cầu hoà dám sao!	輸机媒拱求和敢牢
1382	6	Rõ ràng của dẫn tay trao,	𤑟𤉜𧵑引𢬣𢭂
1383	8	LỊCH DỜI một thiếp thân vào cửa công.	歷移𠬠帖申𠓨𫔳公
1384	6	Công RIÊNG hai NHẼ đều xong,	公私𠄩󰠋調衝
1385	8	Gót tiên TRÓT đã thoát vòng trần ai.	𨃴仙律㐌脱妄尘埃
1386	6	Một nhà sum họp trúc mai,	𠬠茹森合竹梅
1387	8	Càng sâu nghĩa bể càng dài tình sông.	強溇󰒂𣷭強𨱽情滝
1388	6	Hương càng SÓNG lửa càng nồng;	香強㳥焒強燶
1389	8	Càng sôi vẻ NGUYỆT càng lồng màu sen.	強吹𨤔月強篭牟蓮
1390	6	Nửa năm hơi tiếng vừa quen,	姅𢆥唏㗂皮悁
1391	8	Sân ngô cành biếc đã chen lá vàng.	𡑝梧梗碧㐌𢫔𦲿鐄
1392	6	HÈ thu VỪA nảy giò sương,	𡏘秋皮扔𥱰霜
1393	8	XE BỒ đã thấy xuân đường đến nơi.	車蒲㐌体椿當旦尼
1394	6	Phong lôi nổi trận bời bời,	󰘩雷浽陣排排
1395	8	SỐT lòng ƠI HỠI tính bài phân chia.	焠𢚸𠲖唉併排分支
1396	6	Quyết ngay biện bạch một bề,	决𣦍辨白𠬠皮
1397	8	Dạy cho má phấn lại về lầu xanh.	𠰺朱𦟐粉吏𧗱楼撑
1398	6	Thấy lời nghiêm huấn rành rành,	体𠳒嚴訓伶伶
1399	8	Đánh liều sinh mới lấy tình nài kêu.	打料生買𥙩情奈呌
1400	6	"Rằng: ""Con biết tội đã nhiều,"	浪昆別罪㐌𡗉
1401	8	"""Dẫu rằng sấm sét búa rìu cũng cam."	酉浪𩆐𩄰鈽鐐拱甘
1402	8	“ xót vì tay đã GIÚNG chàm,	㤕爲𢬣㐌𢪠藍
1403	8	"""Dại rồi còn biết khôn làm sao đây!"	𤵺耒群別坤爫牢低
1404	6	"""Cùng nhau vả tiếng một ngày,"	共僥𡲤㗂𠬠𣈜
1405	8	"""Ôm cầm ai nỡ dứt dây cho đành."	揞琹埃女𢴑𦀊朱停
1406	6	“Lượng trên QUYẾT chẳng thương tình,	量𨕭决󰝸傷情
1407	8	"""Bạc đen thôi có tiếc mình làm chi!"""	泊顛催󰡏惜𠇮爫之
1408	6	Thấy lời VÀNG đá tri tri,	体𠳒鐄𥒥知知
1409	8	Sốt gan ông mới cáo TÌ cửa công.	焠肝𪪳買告脾㪯公
1410	6	Đất bằng nổi sóng đùng đùng,	坦平浽㳥同同
1411	8	Phủ đường sai lá phiếu hồng thôi tra.	府堂差𦲿票紅催查
1412	8	Cùng nha u theo gót sai NHA.	拱僥蹺𨃴差󰡲
1413	8	Song song vào trước sân hoa lạy quì.	双双𠓨畧𡑝花𥛉跪
1414	6	Trông lên mặt sắt đen sì,	𬂙𨖲󰘚𨫊顛󰔿
1415	8	Lập UY trước đã RA UY nặng lời:	立威畧㐌威𫥨󰠱𠳒
1416	6	"""Gã kia dại nết chơi bời,"	妸箕𤵺󰞺󱉁排
1417	8	“Mà con người ẤY là người đong đưa!	麻昆㝵意󰑼㝵冬迻
1418	6	"""Tuồng chi hoa thải hương thừa,"	從之花貸香乘
1419	8	"""Mượn màu son phấn đánh lừa con đen."	慢牟𣘈粉打𩢬昆顛
1420	8	“Suy trong tình trạng NGUYÊN ĐƠN ,	推冲情狀原单
1421	8	"""Bề nào thì cũng chưa yên bề nào."	皮芇時拱渚安皮芇
1422	6	"""Phép công chiếu án luận vào,"	法公照案論𠓨
1423	8	"""Có hai đường ấy muốn sao mặc mình:"	󰡏𠄩塘意悶牢默𠇮
1424	8	“ Một là cứ phép gia hình,	𠬠󰑼㨿法加刑
1425	8	"""một là lại cứ lầu xanh phó về."""	󰜋󰑼吏拠楼撑付󰡲
1426	6	"Nàng rằng: ""Đã quyết một bề,"	娘浪㐌决𠬠皮
1427	8	“ DỆN này vương lấy tơ kia mấy lần!	󰔓尼王𥙩絲箕󰋇吝
1428	6	"""Đục trong thân cũng là thân,"	濁冲身拱󰑼身
1429	8	"""Yếu thơ vâng chịu trước sân lôi đình."""	要䜹𠳐𠹾畧𡑝雷霆
1430	6	"Dạy rằng cứ phép gia hình!"""	𠰺浪拠法加刑
1431	8	Ba cây CHẶT lại một cành mẫu đơn.	𠀧核秩吏𠬠梗牡丹
1432	6	Phận đành CHI dám kêu oan,	分仃之敢呌寃
1433	8	Đào HOEN quẹn má liễu tan tác mày.	桃󰍾𤷄𦟐柳散作眉
1434	6	Một sân lầm cát đã đầy,	𠬠𡑝淋葛㐌苔
1435	8	Gương lờ nước thuỷ mai gầy vóc sương.	𦎛矑渃水梅𤷍󰑀霜
1436	6	Nghĩ tình chàng Thúc mà thương,	󰀩情払束麻傷
1437	8	Nẻo xa trông thấy lòng càng xót xa.	裊車𬂙体𢚸強㤕賒
1438	6	"Khóc rằng: ""Oan khốc vì ta,"	哭浪寃酷爲些
1439	8	“Có nghe MÌNH trước CHẢ đà KẺO sau .	󰡏𦖑𠇮畧渚它矫𨍦
1440	6	"""Cạn lòng chẳng biết nghĩ sâu,"	𣴓𢚸󰝸別󰆹溇
1441	8	"""Để ai trăng tủi hoa sầu vì ai?"""	底埃𦝄悴花愁爲埃
1442	6	Phủ đường nghe thoảng vào tai,	府堂𦖑倘𠓨𦖻
1443	8	Động lòng lại gạn đến lời riêng tây.	動𢚸吏𠲟旦𠳒貞西
1444	6	Sụt sùi chàng mới thưa ngay,	湥洡払買䜹𣦍
1445	8	Đầu đuôi LẠI KỂ sự ngày cầu thân:	頭𡳪吏計事𣈜求𠦳
1446	6	"""Nàng đà tính hết xa gần,"	娘它併歇賒𧵆
1447	8	"""Từ xưa nàng đã biết thân có rày."	自初娘㐌別親固𣈙
1448	6	“Tại tôi XỨNG lấy một tay,	在碎称𥙩𠬠碎
1449	8	"""Để nàng cho đến nỗi này vì tôi."""	底娘朱旦浽尼爲碎
1450	6	Nghe lời nói cũng thương lời,	𦖑𠳒呐共傷𠳒
1451	8	Dẹp uy mới dạy MỞ bài giải vi.	擛威買𠰺𨷑排解𡆫
1452	6	"Rằng: ""Như hẳn có thế thì,"	浪如罕固世時
1453	8	“Trăng hoa NHƯNG cũng thị phi biết điều.”	𦝄花仍拱是非別調
1454	6	"Sinh rằng: ""xót phận bọt bèo,"	生浪㤕分浡䕯
1455	8	“Theo đòi CŨNG VẢ ít nhiều bút nghiên”	蹺隊拱𡲤𠃣𡗉笔硯
1456	6	"Cười rằng: ""Đã thế thì nên,"	唭浪㐌世時𢧚
1457	8	"""Mộc già hãy thử một thiên trình nghề."""	木枷唉此𠬠篇呈芸
1458	6	Nàng vâng CẤT bút tay đề,	娘𠳐拮笔𢬣題
1459	8	Tiên hoa trình trước án phê xem tường.	箋花呈𫏾案批袩詳
1460	6	Khen rằng: “Giá LẠT Thịnh Đường,	𠸦浪價𤁕盛唐
1461	8	"""Tài này sắc ấy nghìn vàng chưa cân."	才尼色意𠦳鐄渚斤
1462	6	"""thực là tài tử giai nhân,"	实󰑼才子佳人
1463	8	“Châu Trần NÀO có Châu Trần nào hơn!	朱陳芇固朱陳芇欣
1464	8	“Thôi đừng CHÁC dữ MUA hờn ,	催停卓󰇾摸𪬡
1465	8	"""Làm chi lỡ nhịp cho đàn ngang cung."	爫之呂揲朱弹昂宫
1466	6	"""Đã đưa đến trước cửa công,"	㐌迻旦畧㪯公
1467	8	“Ngoài thì là NHẼ song trong là tình.	外時󰑼𨤧双冲󰑼情
1468	6	"""Dâu con trong đạo gia đình,"	妯昆冲道家庭
1469	8	"""Thôi thì dẹp nỗi bất bình là xong!"""	催時揲浽不平󰑼衝
1470	6	KÍP THÌ sắm sửa LỄ công,	急時懺所礼公
1471	8	Kiệu hoa TINH gió đuốc hồng ĐIỂM sao.	轎花精𩙌𤒘紅點牢
1472	6	Bày hàng cổ VŨ xôn xao,	排行鼓舞𠮿嗃
1473	8	Song song đưa tới trướng đào sánh đôi.	双双迻細帳桃聘堆
1474	6	Thương vì NẾT trọng vì tài.	傷爲湿重爲才
1475	8	Thúc ông thôi cũng dẹp lời phong ba.	束𪪳催拱擛𠳒󰘩波
1476	6	Huệ HƯƠNG sực nức một nhà,	惠香𠶗󱋨𠬠茹
1477	8	Từng cay đắng lại mặn mà hơn xưa.	曾荄䔲吏漫𣻕欣初
1478	6	Mảng vui rượu sớm cờ trưa,	𠻵𠸟𨢇󰉺掑𣆐
1479	8	Đào đà BAY thắm sen vừa nảy xanh.	桃㐌𠖤審蓮皮扔撑
1480	6	Trướng hồ vắng vẻ đêm thanh,	帳糊永尾店清
1481	8	E tình nàng mới bày tình riêng chung:	𠲖情娘買排情貞終
1482	6	"""Phận bồ từ vẹn chữ tòng,"	分蒲自院𡦂從
1483	8	“Đổi thay nhạn CÁ đã CÙNG đầy niên.	対台鴈亇㐌拱苔年
1484	6	“Tin nhà ngày một THẦM tin,	信茹𣈜𠬠󰠐信
1485	8	"""Mặn tình cát luỹ lạt tình tao khang."	慢情葛藟𤁕情糟糠
1486	8	“ NGHĨ ra thật cũng nên dường,	𢪀𦋦实拱𢧚󰟯
1487	8	"""Tăm hơi ai kẻ giữ giàng cho ta?"	沁唏埃几𪧚床朱些
1488	6	"""Trộm nghe kẻ lớn trong nhà,"	濫𦖑几𢀲冲茹
1489	8	"""Ở vào khuôn phép nói ra mối giường."	扵𠓨囷法呐𫥨䋦𦀾
1490	8	“ E THAY những dạ phi thường,	𠲖咍仍胣非常
1491	8	“Dễ dò rốn bể khôn lường BỤNG sông!	易𠻀󰟱波坤量䏾滝
1492	6	"""Mà ta suốt một năm ròng,"	麻些卒𠬠𢆥𣳔
1493	8	“Thế nào cũng chẳng GIẤU GIUNG được nào.	世芇拱庄酉戎特芇
1494	8	“ BÂY GIỜ chưa tỏ tiêu hao,	悲除渚𤏣消耗
1495	8	"""Hoặc là trong có làm sao chăng là?"	或󰑼冲󰡏爫牢庄󰑼
1496	6	“Xin chàng LIỆU KÍP lại nhà,	嗔払料急吏茹
1497	8	“Trước LÀ đẹp ý sau ta biết tình.	畧󰑼𢢲意娄些別情
1498	6	"""Đêm ngày giữ mực giấu quanh,"	店𣈜𪧚墨𭔰觥
1499	8	"""Rày lần mai lữa như hình chưa thông."""	𣈙吝埋呂如形渚通
1500	6	Nghe lời khuyên DỖ thong dong,	𦖑𠳒勸𠴗從容
1501	8	ĐỊNH lòng sinh mới quyết LÒNG hồi trang.	定𢚸生買决情回裝
1502	6	Rạng ra gửi đến xuân đường,	𠓇𦋦𠳚旦椿堂
1503	8	Thúc ông cũng vội giục chàng ninh gia.	束𪪳拱倍󰖢払宁家
1504	6	Tiễn đưa một chén quan hà,	践迻𠬠󱋓𬮦河
1505	8	Xuân- đình thoắt đã DẠO ra Cao- đình.	春亭脱㐌遁𦋦臯亭
1506	6	Sông Tần một dải xanh xanh,	秦滝𠬠带撑撑
1507	8	Loi thoi bờ liễu mấy cành Dương- quan.	雷催坡柳󰋇梗楊䦕
1508	6	Cầm tay dài thở ngắn than,	扲𢬣𨱽咀𥐆嘆
1509	8	Chia phôi NGỪNG chén hợp tan nghẹn lời.	支配𪟽戰合散喭𠳒
1510	6	"Nàng rằng: ""Non nước xa khơi,"	娘浪𡽫渃賒𣾺
1511	8	"""Sao cho trong ấm thì ngoài mới êm."	牢朱冲蔭時外買淹
1512	6	"""Dễ loà yếm thắm trôn kim,"	易𤍶𦀫𧺁侖金
1513	8	“Làm chi bưng MẶT bắt chim khó lòng!	爫之氷󰘚扒𪀄苦𢚸
1514	6	"""Đôi ta chút nghĩa đèo bồng,"	堆些拙󰒂刀蓬
1515	8	“Đến nhà trước LIỆU nói sòng cho minh.	旦茹畧-呐崇朱明
1516	6	“Dù khi MƯA gió bất BÌNH,	油欺湄𫗄不平
1517	8	“ Lớn ĐÀNH uy lớn tôi đành phận tôi.	𢀲停威𢀲碎停分碎
1518	6	“Hơn điều giấu NGƯỢC giấu xuôi,	欣調𧿫虐𧿫吹
1519	8	"""Lại mang những việc tày trời đến sau."	吏恾仍𭛣󰟴𡗶旦𨍦
1520	6	"""Thương nhau xin nhớ lời nhau,"	傷饒嗔𠯆吝饒
1521	8	"""Năm chầy cũng chẳng đi đâu mà chầy."	𢆥迡拱庄𠫾󰠳麻迡
1522	6	“Chén đưa NHỚ bữa LẦN nay,	󱋓迻𠯆𩛷吝󰅒
1523	8	“Chén mừng xin đợi ĐÊM này năm sau.”	󱋓𢜠嗔待店尼𫷜𨍦
1524	8	Người lên ngựa kẻ chia BÂU ,	𠊛蓮馭几支袍
1525	8	Rừng phong, thu đã nhuốm màu quan san.	棱󰊈秋㐌染牟䦕山
1526	6	Dặm hồng bụi cuốn chinh an,	琰紅󰣟捲征鞍
1527	8	Trông người đã khuất mấy ngàn cây xanh.	𬂙㝵㐌屈󰋇岸核撑
1528	6	Người về chiếc bóng năm canh,	㝵米隻䏾𠄼更
1529	8	Kẻ đi muôn dặm một mình PHA PHÔI .	几𠫾𬮙埮𠬠𠇮坡配
1530	6	Vừng trăng ai SẺ làm đôi?	暈𦝄埃仕爫堆
1531	8	Nửa in gối chiếc nửa soi dặm trường!	姅印襘隻姅𤐝埮長
1532	6	Kể chi những nỗi dọc đường.	計之仍浽肓塘
1533	8	Buồng trong LẠI nỗi chủ trương ở nhà.	󰟀冲尼浽主張扵茹
1534	6	Vốn dòng họ Hoạn danh gia,	本𣳔户宦名家
1535	8	Con quan Lại bộ GỌI là Hoạn thư.	昆官吏部哙󰑼宦姐
1536	6	Duyên Đằng thuận nẻo gió đưa,	緣騰順裊󰊄迻
1537	8	Cùng chàng kết TÓC XE tơ những ngày	拱払結󰖥-絲仍𣈜
1538	6	Ở ăn thì nết cũng hay,	扵咹時󰞺拱咍
1539	8	Nói điều ràng BUỘC thì tay cũng già.	呐調𦀾𦄾時𢬣拱𫅷
1540	6	Từ nghe vườn mới thêm hoa,	自𦖑園買添花
1541	8	Miệng người đã lắm tin nhà thì không.	𠰘㝵㐌𡗋信茹時空
1542	6	Lửa tâm càng dập càng nồng,	焒心強拉強燶
1543	8	GIẬN người đen bạc ra lòng trăng hoa.	𠻆㝵顛泊𦋦𢚸𦝄花
1544	6	Ví bằng thú thật cùng ta,	󰂇平首实拱些
1545	8	Cũng dung kẻ dưới mới là ĐƯỜNG trên.	󰠃容几󰡎買󰑼塘𨕭
1546	6	Dại chi chẳng giữ lấy nền,	𤵺之庄𪧚𥙩𪤍
1547	8	Tốt chi mà CHÁC tiếng ghen vào mình?	卒之麻聀㗂悭𠓨𠇮
1548	6	Lại còn bưng bít giấu quanh,	吏群氷扒𭔰觥
1549	8	Làm chi những thói trẻ ranh nực cười!	爫之仍𫗁𥘷𬎸󱋨唭
1550	6	Tính rằng cách mặt khuất lời,	併浪隔󰘚屈𠳒
1551	8	Giấu ta ta cũng liệu bài GIẤU cho !	𭔰些些共料排󱃙朱
1552	6	Lo gì việc ấy mà lo,	𢗼之𭛣意麻𢗼
1553	8	Kiến trong miệng chén có bò đi đâu?	蜆𥪝𠰘󱋓󰡏補𠫾󰠳
1554	6	Làm cho nhìn chẳng được nhau,	爫朱𥚆庄特饒
1555	8	Làm cho đày đoạ cất đầu chẳng lên.	爫朱苔墮拮頭拯𨖲
1556	6	Làm cho trông thấy nhãn tiền.	爫朱𬂙体眼前
1557	8	Cho người thăm ván bán thuyền biết tay.	朱㝵𠽄板半船別𢬣
1558	6	TRONG lòng kín chẳng ai hay,	𥪝𢚸謹󰝸埃咍
1559	8	Ngoài tai để mặc gió bay mé ngoài.	外𦖻底默𫗄悲𠃅外
1560	6	TRONG lòng kín chẳng ai hay,	𥪝𢚸謹󰝸埃咍
1561	8	Mách tin ý cũng liệu bài TÂN công .	𫫗信意拱料排新功
1562	6	Tiểu thư nổi giận đùng đùng:	小姐浽陣同同
1563	8	“Gớm THAY thêu dệt ra lòng trêu ngươi!	𡃍咍絩𦂾𫥨𢚸撩𤽗
1564	8	“ LANG QUÂN nào phải như ai,	郎君芇沛如埃
1565	8	"""Điều này hẳn bởi những người thị phi!"""	調尼罕𪽝仍𠊛是非
1566	6	Vội vàng LÀM DỮ ra uy,	倍鐄爫𭁈𦋦威
1567	8	Đứa thì vả miệng gã thì bẻ răng.	𠀲時𡲤𠰘󰡗時𢯏𪘵
1568	8	Đứa thì vả miệng GÃ thì bẻ răng.	𠀲時𡲤𠰘󰡗時𢯏𪘵
1569	8	Nào ai còn dám nói năng một lời!	芇埃群敢呐能𠬠𠳒
1570	6	Buồng thêu khuya sớm thảnh thơi.	󰟀桃𣌉𣋽清台
1571	8	Ra vào một mực nói cười như không.	𦋦𠓨𠬠墨呐唭如空
1572	6	Đêm ngày lòng những DẶN lòng,	店𣈜𢚸仍吲𢚸
1573	8	Sinh đà về đến lầu hồng xuống yên.	生它󰡲旦楼紅󰡎鞍
1574	6	Lời tan hợp nỗi hàn huyên,	𠳒散合浽寒暄
1575	8	Chữ tình càng mặn chữ duyên càng nồng.	𡦂情強󰚷𡦂緣強燶
1576	6	Tẩy trần vui chén thong dong,	洗尘盃󱋓從容
1577	8	Nỗi lòng ai ở trong lòng mà ra?	浽𢚸埃扵𥪝𢚸麻𦋦
1578	6	Chàng về xem ý tứ nhà,	払󰡲𫀅意思茹
1579	8	Sự mình cũng rắp lân la giải bày.	事𠇮拱拉隣󰑼𤋵排
1580	8	Mấy phen cười TỈNH NÓI say ,	󰋇番唭醒呐醝
1581	8	Tóc tơ CHẲNG động mảy may sự tình.	󰖥絲庄動𡮳埋事情
1582	6	Nghĩ LÀ bưng kín miệng bình,	𢪀󰑼氷謹𠰘󰜍
1583	8	Nào ai có khảo mà mình ĐÃ xưng!	芇埃󰡏考麻𠇮吏称
1584	6	Những là e ấp dùng dằng,	仍󰑼𠲖邑用孕
1585	8	Rút dây sợ nữa động rừng lại thôi.	捽𦀊𢜝女動棱吏催
1586	6	Có khi vui chuyện mua cười,	󰡏欺盃傳摸唭
1587	8	Tiểu thư lại giở những LỜI đâu đâu.	小姐吏󰇥仍調󰠳󰠳
1588	6	"Rằng: ""Trong ngọc đá vàng thau,"	浪冲玉𥒥鐄鍮
1589	8	"""Mười phần ta đã tin nhau cả mười."	𨑮分些㐌信饒奇𨑮
1590	6	"""Khen cho những miệng dông dài,"	𠸦朱仍𠰘容𨱽
1591	8	“Bướm ong lại đặt những LỜI nọ kia.	𧊉蜂吏達仍調󰣁箕
1592	6	"""Thiếp dù vụng chẳng hay suy,"	妾油䏾庄咍推
1593	8	"""Đã dơ bụng nghĩ lại bia miệng cười!"""	㐌涂䏾󰆹吏碑𠰘唭
1594	6	Thấy lời thủng thỉnh như chơi,	体𠳒統請如󱉁
1595	8	Thuận lời chàng cũng nói xuôi đỡ đòn,	順𠳒払拱呐吹扡扽
1596	6	Những là cười phấn cợt son,	仍󰑼唭粉𠹳𣘈
1597	8	Đèn khuya chung bóng trăng tròn sánh vai.	畑𣅘鍾䏾𦝄𧷺聘𦠘
1598	6	Non XUÂN thuần vược bén mùi,	𡽫春蓴䱛变味
1599	8	GIẾNG vàng đã NẨY một vài TIN ngô.	汫鐄㐌扔𠬠𠄽信梧
1600	6	Chạnh niềm nhớ cảnh giang hồ,	鄭念𠯆景江湖
1601	8	Một NIỀM quan tái MẤY mùa gió trăng.	𠬠念䦕塞󰋇務𫗄𦝄
1602	6	Tình riêng chưa dám rỉ răng,	情貞渚敢𠯇𪘵
1603	8	Tiểu thư trước đã liệu chừng nhủ qua:	小姐畧㐌料澄乳戈
1604	6	"""Cách năm mây bạc xa xa,"	隔𠄼𫡮泊賒賒
1605	8	“Lâm tri cũng phải tính MÀ thần hôn.”	臨淄拱沛併調晨昏
1606	6	Được lời như MỞ tấc son,	特𠳒如𨷑𡬷𣘈
1607	8	Vó câu thẳng ruổi nước non XUÂN người.	𨀒󰙃𬆅𫮇渃𡽫春㝵
1608	6	Long LANH đáy nước in trời,	竜冬底渃印𡗶
1609	8	Thành xây khói biếc non phơi bóng vàng.	城磋𤌋碧𡽫披䏾鐄
1610	6	VÓ câu vừa GIÓNG dặm trường,	唏󰙃皮𢶢埮長
1611	8	Xe hương nàng ĐÃ thuận đường quy ninh.	車香娘㐌順塘歸寧
1612	6	Thưa nhà huyên hết mọi tình,	䜹茹萱歇每情
1613	8	Nỗi chàng ở bạc nỗi mình chịu đen.	浽払扵泊浽𠇮𠹾顛
1614	8	Nghĩ rằng: “ GIẬN ghẻ hờn ghen,	𢪀浪恨𤴪𪬡悭
1615	8	"""Xấu chàng mà có ai khen chi mình!"	醜払麻󰡏埃𠸦之𠇮
1616	6	"""Vậy nên ngảnh mặt làm thinh,"	丕𢧚𥋓󰘚爫清
1617	8	"""Mưu cao vốn đã rắp ranh những ngày."	謀高本㐌󰡥伶仍𣈜
1618	6	"""Lâm- tri đường bộ tháng chầy,"	臨淄塘步𣎃迡
1619	8	"""Mà đường hải đạo sang ngay thì gần."	麻塘海道𨖅𣦍時𧵆
1620	6	"""Dọn thuyền lựa mặt gia nhân,"	扽船攎󰘚家人
1621	8	"""Hãy đem dây xích buộc chân nàng về."	唉󰝡𦀊赤纀蹎娘𧗱
1622	6	"""Làm cho cho mệt cho mê,"	爫朱朱𤻻朱迷
1623	8	“Làm cho đau đớn ê chề cho COI .	爫朱𤴬疸𠲖提朱󰏤
1624	6	"""Trước cho bõ ghét những người,"	畧朱補恄仍㝵
1625	8	“ SAU cho để một trò cười về sau.”	畧朱底𠬠路唭󰡲娄
1626	6	Phu nhân khen chước cũng mầu,	夫人𠸦斫拱牟
1627	8	Chiều con mới dạy mặc dầu ra tay.	朝昆買𠰺默油𦋦𢬣
1628	6	Sửa sang buồm gió lèo mây,	所郎帆𫗄撩𫡮
1629	8	Khuyển Ưng lại chọn một VÀI côn quang.	犬鷹吏𪮙𠬠𠄽棍光
1630	6	Dặn dò hết các mọi đường,	吲𠻀歇各每塘
1631	8	Thuận phong một lá vượt sang bến Tề.	順風𠬠𦲿𣾼𨖅𣷷󰟴
1632	6	Nàng từ chiếc bóng song the,	娘自隻䏾窻𦂛
1633	8	Đường kia nỗi nọ như chia mối sầu.	塘箕浽怒如支䋦愁
1634	6	Bóng TANG đã xế ngang đầu,	䏾桑㐌熾昂頭
1635	8	Biết đâu ấm lạnh biết đâu ngọt bùi.	別󰠳蔭冷別󰠳𠮾裴
1636	6	Tóc thề đã chấm QUANH vai,	𩅘誓㐌枕觥𦠘
1637	8	Nào lời non nước nào lời sắt son?	芇𠳒𡽫渃芇𠳒鉄𣘈
1638	6	Sắn bìm chút phận con con,	𦼜󰡄𡮍分昆昆
1639	8	HƯƠNG duyên biết có vuông tròn cho chăng?	香緣別󰡏𣃲𧷺朱庄
1640	6	Thân sao nhiều ÁN bất bằng!	身牢𡗉按不平
1641	8	Liều như cung Quảng CHỊ Hằng nghĩ nao!	料如宫廣姉姮𢪀㝹
1642	6	Đêm thu gió lọt song đào,	店秋𫗄律窻桃
1643	8	Nửa vành trăng khuyết ba sao giữa trời.	姅鑅𦝄缺𠀧牢𡨌𡗶
1644	6	Nén hương đến trước Thiên đài,	󰠱香旦畧天臺
1645	8	Nỗi lòng khấn chửa cạn lời vân vân.	挼𢚸懇渚𣴓𠳒云云
1646	6	Dưới hoa dậy lũ ác nhân,	𠁑花𧻭𠎪惡人
1647	8	Ầm ầm khốc quỷ kinh thần mọc ra.	喑喑哭鬼󰟹神木𫥨
1648	6	Đầy sân gươm tuốt sáng loà,	苔𡑝鎌捽𤎜𤍶
1649	8	Thất kinh nàng chửa biết LÀ làm sao.	失󰟹娘渚別浪爫牢
1650	6	Thuốc mê đâu THOẮT tưới vào,	𬟥迷󰠳率洒𠓨
1651	8	Mơ màng như giấc chiêm bao biết gì.	𢠩恾如聀占包別之
1652	6	DẪY ngay lên ngựa tức thì,	𧿆𣦍𨖲馭即時
1653	8	PHÒNG ĐÀO viện sách bốn bề lửa CHONG.	房桃院𠕋𦊚皮焒炵
1654	6	Sẵn thây vô chủ bên sông,	産屍無主边滝
1655	8	Đem vào để đó LẪN sòng ai hay?	󰝂𠓨底妬吝崇埃台
1656	6	Tôi đòi phách lạc hồn bay,	碎隊魄落魂𠖤
1657	8	Pha càn bụi cỏ, gốc cây ẩn mình.	坡乾蓓𦹵㭲核隐𠇮
1658	6	Thúc ông nhà cũng gần quanh,	束翁茹拱𧵆觥
1659	8	Chợt trông ngọn lửa thất kinh rụng rời.	秩𬂙𦰟焒失󰟹𣳔涞
1660	6	Tớ thầy chạy thẳng đến nơi,	伵柴𧼋𣦎旦尼
1661	8	Tơi bời tưới lửa tìm người lao xao.	哉排洒焒尋㝵劳嗃
1662	6	Gió tung ngọn lửa càng cao,	𫗄嵩𦰟焒強高
1663	8	Tôi đòi tìm đủ nàng nào thấy đâu.	碎隊尋覩娘芇体󰠳
1664	6	Hớt hơ hớt hải nhìn nhau,	歇虚歇海𥚆饒
1665	8	Giếng sâu bụi rậm trước sau tìm quàng.	汫溇蓓葚畧娄尋光
1666	6	Chạy RA chốn cũ phòng hương,	𧼋𦋦准󱀄房香
1667	8	TRÔNG THAN thấy một đống xương cháy tàn.	𬂙炭体𠬠埬昌𤈜殘
1668	6	Ngay tình ai biết mưu gian,	𣦍情埃別謀肝
1669	8	Hẳn nàng thôi lại CÓ bàn rằng ai.	罕娘催吏󰡏盘浪埃
1670	6	Thúc ông SÙI SỤT vắn dài,	束𪪳洡湥𥐆𨱽
1671	8	Nghĩ con vắng vẻ thương người nết na.	𢪀昆永尾傷㝵󰞺那
1672	6	Di hài NHẶT GÓI về nhà,	遺骸抇𪭯󰡲茹
1673	8	Nào là khâm liệm nào là tang trai.	芇󰑼衾歛芇󰑼䘮斎
1674	6	Lễ thường đã VẸN một hai,	礼常㐌院𠬠𠄩
1675	8	Lục trình chàng cũng đến nơi bấy giờ.	陸程払拱旦尼闭徐
1676	6	Bước vào chốn cũ lầu thơ,	𨀈𠓨准󱀄楼䜹
1677	8	Gieo mình vật vã khóc THAN :	招𠇮勿把哭不
1678	6	Sang nhà cha tới trung đường,	𨖅茹吒細中堂
1679	8	Linh sàng bài vị thờ nàng ở trên.	灵床牌位蜍娘扵𨕭
1680	6	Hỡi ôi nói hết sự duyên,	唉喂呐歇事緣
1681	8	Tơ tình đứt ruột lửa phiền cháy gan.	絲情𠞹𫆧焒煩𤈜肝
1682	6	Gieo mình vật vã khóc than:	招𠇮勿把哭不
1683	8	"""Con người thế ấy thác oan thế này!"	昆㝵世意托寃世尼
1684	6	"""Chắc rằng mai trúc lại vầy,"	聀浪梅竹吏𡆫
1685	8	“Ai hay vĩnh quyết ĐẾN ngày đưa NHAU!”	埃咍永訣旦𣈜迻饒
1686	6	Thương càng nghĩ nghĩ càng đau,	傷強𪟽𪟽強𤴬
1687	8	Dễ ai RẤP thảm QUẠT sầu cho khuây.	易埃拉惨撅愁朱𢣧
1688	6	Gần miền nghe có một thầy,	𧵆沔𦖑󰡏𠬠柴
1689	8	Phi phù trí quỉ cao tay thông huyền.	𢒎符𦤶鬼高𢬣通玄
1690	6	Trên Tam BẢO dưới Cửu tuyền,	𨕭三宝𠁑九泉
1691	8	Tìm đâu thì cũng biết tin rõ ràng.	尋󰠲時拱別信𤑟𤉜
1692	6	Sắm sanh lễ vật ĐƯA sang,	懺生礼物迻𨖅
1693	8	Xin tìm cho thấy mặt nàng hỏi han.	真尋朱体󰘚娘𠳨嘆
1694	6	Đạo nhân phục trước tĩnh đàn,	道人伏畧凈𡊨
1695	8	Xuất thần giây phút chưa tàn nén hương.	出神𦀊丿渚殘𥘀香
1696	6	Trở về minh bạch nói tường:	阻𧗱明白呐詳
1697	8	"""Mặt nàng chẳng thấy việc nàng đã tra."	𩈘娘庄体𭛣娘㐌查
1698	6	“Người này nặng KIẾP oan gia,	𠊛尼󰠱刼寃家
1699	8	"""Còn nhiều nợ lắm sao đà thác cho!"	群𡗉女𡗋牢它托朱
1700	6	"""Mệnh cung đang mắc nạn to,"	𠇮宮登默难蘇
1701	8	"""Một năm nữa mới thăm dò được tin."	蔑𢆥女買𠽄𠻀特信
1702	6	"""Hai bên giáp mặt chiền chiền,"	𠄩边夾󰘚廛廛
1703	8	"""Muốn nhìn mà chẳng dám nhìn lạ thay!"""	悶𥚆麻庄敢𥚆𨔍台
1704	6	ĐIỀU ĐÂU nói lạ dường này,	調󰠲呐𨔍󰟯尼
1705	8	Sự nàng LÀ thế lời thầy dám tin.	事娘󰑼世𠳒柴敢信
1706	6	Chẳng qua đồng cốt quàng xiên,	庄戈童骨光川
1707	8	Người đâu mà lại thấy trên cõi trần?	㝵󰠳麻吏体𨕭𡎝尘
1708	6	Tiếc hoa những ngậm ngùi xuân,	惜花仍唅𠿯春
1709	8	Thân này dễ lại mấy lần gặp tiên!	身尼易吏󰋇吝及仙
1710	6	Nước trôi hoa rụng đã yên,	渃㵢花用㐌安
1711	8	HAY đâu địa ngục ở miền nhân gian.	咍󰠳地獄扵沔人間
1712	8	Khuyển Ưng đã đắt mưu GIAN ,	犬鵉㐌担謀肝
1713	8	Vực nàng đưa xuống để an dưới thuyền.	域娘迻𫴋底安𠁑船
1714	6	Buồm cao LÈO thẳng cánh suyền,	帆高撩𬆅𦑃耑
1715	8	Đè chừng huyện Tích băng miền vượt sang.	提澄縣錫氷沔𣾼𨖅
1716	6	Dỡ đò lên TRƯỚC sảnh đường,	󰇥渡蓮𨍦󱚷堂
1717	8	Khuyển Ưng hai đứa nộp nàng dâng công.	犬鵉𠄩𠀲納娘𤼸功
1718	6	Vực nàng tạm xuống môn phòng,	域娘暫𫴋门房
1719	8	Hãy còn thiếp thiếp giấc nồng chưa phai.	唉群帖帖聀燶渚派
1720	6	Hoàng lương NGHE tỉnh hồn mai,	黄梁𦖑醒魂梅
1721	8	Cửa nhà đâu mất lâu đài nào đây?	𫔳茹󰠳秩楼臺芇低
1722	6	Bàng hoàng dở tỉnh dở say,	徬徨󰇥醒󰇥醝
1723	8	Sảnh TRÊN MẮNG tiếng đòi ngay lên hầu.	󱚷𨕭𠻵㗂隊𣦍蓮侯
1724	6	A hoàn TRÊN DƯỚI giục mau,	了鬟𨕭󰡎𠽖毛
1725	8	Hãi hùng nàng mới theo sau MỌI người.	駭䧺娘買蹺𨍦每㝵
1726	6	NHÁC trông toà THOÁNG dãy dài,	𥋷𬖉座曠圯𨱽
1727	8	"""Thiên quan trủng tể"" có bài treo. trên."	天官家宰󰡏排撩𨖲
1728	6	BẰNG ngày NẾN thắp hai bên,	平𣈜𤓢𤏧𠄩边
1729	8	TRÊN giường thất bảo ngồi LÊN một bà.	𨕭床七宝𡎢𨕭𠬠󰜏
1730	6	Gạn gùng ngọn hỏi ngành tra,	𠲟𠴛𦰟𠳨梗查
1731	8	Sự mình nàng ĐÃ cứ mà gởi thưa.	事𠇮娘㐌拠麻𠳚䜹
1732	6	Bất tình nổi trận mây mưa.	不情浽陣𫡮湄
1733	8	Diếc nàng: “Những GIỐNG bơ thờ quen thân.	󰂋娘仍󰡔巴蜍悁身
1734	6	"""Con này chẳng phải thiện nhân,"	昆尼庄沛善人
1735	8	“Chẳng MÀU trốn chúa thì quân lộn	庄牟遁主時筠論𫯳
1736	6	"""Ra tuồng mèo mả cò đồng,"	𦋦從猫𡏢𪂮同
1737	8	"""Ra tuồng lúng túng chẳng xong bề nào."	𦋦從𨻫縱庄衝皮芇
1738	6	"""Đã đem mình bán cửa tao,"	㐌󰝂𠇮半㪯蚤
1739	8	“Lại còn khủng KHIỂN làm cao thế này!	吏群共犬爫高砌尼
1740	8	“ GIA PHÁP ĐÂỦ TRẺ nọ bay!	家法󰠲𥘷怒𠖤
1741	8	"""Hãy cho ba chục biết tay một lần."""	唉朱𠀧󰁭別𢬣𠬠吝
1742	6	A hoàn trên dưới dạ rân,	了鬟𨕭󰡎㖡噒
1743	8	Dẫu rằng trăm miệng khôn phân nhẽ NÀO .	酉浪𤾓𠰘坤分𨤧-
1744	6	Trúc côn ra sức CHẬP vào,	竹棍𦋦飭拉𠓨
1745	8	Thịt nào chẳng nát gan nào chẳng kinh.	𦧘芇庄󰞺肝芇庄󰟹
1746	6	Xót thay đào lý một cành,	㤕台桃李𠬠梗
1747	8	Một phen mưa gió tan tành một phen.	𠬠畨湄𫗄散情𠬠畨
1748	6	Hoa nô truyền dạy đổi tên,	花奴傳𠰺対𠸜
1749	8	PHÒNG THÊU dạy ép vào phiên thị tì.	房絩𠰺押𠓨番侍牌
1750	6	Ra vào theo lũ thanh y,	𦋦𠓨蹺𠎪青衣
1751	8	Dãi dầu tóc rối da chì quản bao.	𣹘油𫡮𰦫䏧𨨲管包
1752	6	QUẢN gia có một mụ nào,	管家󰡏𠬠媒芇
1753	8	Thấy người thấy nết ra vào mà thương.	体㝵体󰞺𦋦𠓨麻傷
1754	8	Khi chè chén khi thuốc THANG ,	欺茶󱋓欺𬟥易
1755	8	Đem lời phương tiện mở đường hiếu sinh.	󰝂𠳒方便𨷑塘好生
1756	6	"Dạy rằng: ""May rủi đã đành,"	𠰺浪埋𰦫㐌停
1757	8	"""Liễu bồ mình giữ lấy mình cho hay."	柳蒲𠇮𪧚𥙩𠇮朱台
1758	6	"""Cũng là oan nghiệp chi đây,"	拱󰑼寃業之低
1759	8	"""Sa cơ mới đến thế này chẳng dưng."	沙机買旦势尼𫽄仍
1760	6	"""Ở đây tai vách mạch rừng,"	扵低𦖻壁脉棱
1761	8	"""Thấy ai người cũ cũng đừng nhìn chi."	𧡊埃㝵𫇰拱停𥚆之
1762	6	"""Kẻo khi sấm sét bất kỳ,"	矯欺𩆐𩄰不期
1763	8	"""Con ong cái kiến kêu gì được oan!"""	昆蜂丐蜆呌之特寃
1764	6	Nàng càng GIỎ ngọc như chan,	娘強𥮊玉如滇
1765	8	NO lòng NO những bàn hoàn niềm tây.	𩛂𢚸𩛂仍盘桓念西
1766	6	Phong trần kiếp đã chịu đầy,	󰘩塵刼㐌𠹾苔
1767	8	Lầm than CŨNG có thứ này bằng hai!	淋炭拱󰡏次尼平𠄩
1768	6	LÀM sao bạc chẳng vừa thôi?	爫牢泊󰝸皮傕
1769	8	CHẰNG CHẰNG buộc mãi lấy người hồng nhan.	󰇿󰇿𥾾買𥙩㝵紅顔
1770	6	Đã đành túc trái tiền oan,	㐌停夙債前寃
1771	8	Cũng liều ngọc nát hoa tàn mà chi.	拱料玉󰞺花殘麻之
1772	6	Những là nương náu qua thì,	仍󰑼娘耨戈時
1773	8	Tiểu thư phải buổi mới về ninh gia.	小姐沛𣇜買󰡲寧家
1774	6	Mẹ con trò chuyện lân la,	媄昆路傳隣󰑼
1775	8	Phu nhân mới gọi nàng ra dạy lời:	夫人買噲娘𦋦𠰺𠳒
1776	6	"""Tiểu thư dưới trướng thiếu người,"	小姐𠁑帳少㝵
1777	8	“Cho về bên ấy theo đòi ĐÀI trang .”	朱󰡲边意蹺隊臺粧
1778	6	Lĩnh lời, nàng mới theo sang,	領𠳒娘買蹺𨖅
1779	8	Biết đâu địa ngục thiên đường là đâu.	別󰠲地獄天堂󰑼󰠲
1780	6	Sớm khuya khăn mặt lược đầu,	𣌋𣅘巾󰘚畧頭
1781	8	Phận con hầu giữ con hầu dám sai.	分昆候𪧚昆候敢差
1782	6	PHẢI đêm êm ả chiều trời,	沛店唵呵朝𡗶
1783	8	Trúc tơ hỏi đến nghề chơi mọi ngày.	竹絲𠳨旦芸制每𣈜
1784	6	Lĩnh lời nàng mới DẮT dây,	領𠳒娘買𢴑𦀊
1785	8	Nỉ non thánh thót dễ say lòng người.	𠰚𡽫咱𡁾易醝𢚸㝵
1786	6	Tiểu thư xem cũng thương tài,	小姐𫀅拱傷才
1787	8	Khuôn uy dường cũng BỚT vài bốn phân.	囷威󰟯拱扒𠄽𦊚分
1788	6	Cửa người đày đoạ XÓT thân,	㪯㝵苔墮㤕身
1789	8	Sớm NĂN NỈ bóng đêm ÂN HẬN lòng.	󰉚󱋔𠰚䏾店恩恨𢚸
1790	6	Lâm- tri chút nghĩa đèo bòng,	臨淄󰡑󰒂刃蓬
1791	8	Nước BÈO để chữ tương phùng kiếp sau.	渃䕯底𡦂相逢刼𨍦
1792	6	Bốn phương mây trắng một màu,	𦊚方𫡮𤽸𠬠牟
1793	8	Trông vời cố quốc biết đâu là nhà?	󰛎潙故囯別󰠳󰑼茹
1794	6	Lần lần tháng lọn ngày qua,	吝吝𣎃淪𣈜戈
1795	8	Nỗi gần, nào biết đường xa thế này.	浽𧵆芇別塘車世尼
1796	6	Lâm- tri từ thủa uyên bay,	臨淄自課鴛𠖤
1797	8	Phòng không thương kẻ tháng ngày chiếc thân.	房空傷几𣎃𣈜隻身
1798	6	Mày XANH trăng mới in ngần,	眉撑𦝄買印痕
1799	8	Phấn thừa hương cũ bội phần xót xa.	粉乘香󱀄倍分㤕車
1800	6	Sen tàn MAI lại CHIẾNG hoa,	蓮殘梅吏𦭒花
1801	8	Sầu dài ngày vắn đông đà sang xuân.	愁𨱽𣈜𥐆冬它郎春
1802	6	Tìm đâu cho thấy cố nhân?	尋󰠲朱体故人
1803	8	Lấy câu vận mệnh CỔI dần nhớ thương.	𥙩勾運𠇮𪭯寅𢖵傷
1804	6	Chạnh niềm NHỚ ĐẾN gia hương,	鄭念𢖵旦家鄕
1805	8	Nhớ quê chàng lại tìm đường thăm quê.	𢖵圭払吏尋塘深圭
1806	6	Tiểu thư đón cửa dã giề,	小姐迍𫔳吔提
1807	8	Hàn huyên vừa cạn mọi bề gần xa.	寒暄皮𣴓每皮𧵆賒
1808	6	Nhà HƯƠNG cao cuốn bức là,	茹香高捲幅羅
1809	8	Phòng trong truyền gọi nàng ra lạy mừng.	房𥪝傳哙娘𦋦𥛉𢜠
1810	6	Bước ra một bước một dừng,	𨀈𦋦𠬠𨀈𠬠𨀊
1811	8	Trông xa nàng đã tỏ chừng nẻo xa.	𬂙賒娘㐌𤏣澄裊賒
1812	6	Phải rằng nắng quáng đèn loà,	沛浪𬋟𤈛畑𤍶
1813	8	Rõ ràng ngồi đó chẳng là Thúc sinh?	𤑟𤉜𡎢妬庄󰑼束生
1814	6	Bây giờ tình mới RÕ tình,	碑徐情買𤑟情
1815	8	Thôi thôi đã mắc vào vành chẳng sai!	催催㐌默𠓨𫒥󰝸差
1816	6	Chước đâu có chước lạ đời,	斫󰠲󰡏斫𨔍𠁀
1817	8	Người đâu mà lại có người tinh ma.	㝵󰠲麻吏󰡏㝵精魔
1818	6	Rõ ràng thật lứa đôi ta,	𤑟𤉜实侶堆些
1819	8	Làm ra con ở chúa nhà đôi nơi.	爫𦋦昆於主茹堆尼
1820	6	Bề ngoài thớt thớt nói cười,	皮外噠噠呐唭
1821	8	Mà trong nham hiểm CHẾT người không dao.	麻冲岩險𣩂㝵空刀
1822	6	Bây giờ đất thấp trời cao,	碑除坦𥰊𡗶高
1823	8	Ăn làm sao nói làm sao bây giờ?	咹爫牢呐爫牢悲除
1824	6	Càng trông mặt càng ngẩn ngơ,	強𬂙󰘚強󰡢󰡣
1825	8	Ruột tằm đòi đoạn như tơ rối bời,	𫆧蟳隊󰞂如絲󰑚排
1826	6	Sợ uy dám chẳng vâng lời,	𢜝威敢󰝸𠳐𠳒
1827	8	Cúi đầu nép xuống sân mai một CHIỀU .	󱖺頭納𫴋𡑝梅𠬠󱴲
1828	6	Sinh đà phách lạc hồn xiêu:	生它魄落塊漂
1829	8	Thương ôi chẳng phải nàng Kiều ở đây?	傷喂󰝸沛娘娇扵低
1830	6	Nhân làm sao đến thế này?	因爫牢旦󰡫尼
1831	8	Thôi thôi ta đã mắc tay AI rồi!	催催些㐌默𢬣它耒
1832	6	Sợ quen dám hở ra lời,	𢜝悁敢𠼯𫥨𠳒
1833	8	Khôn ngăn giọt ngọc sụt sùi nhỏ sa.	坤拫湥玉湥洡𡮈沙
1834	6	Tiểu thư trông mặt hỏi tra:	小姐𬂙󰘚𠳨查
1835	8	"""Mới về có việc chi mà động dung?"""	買󰡲󰡏𭛣之麻動容
1836	6	"Sinh rằng: ""Hiếu phục vừa xong,"	生浪孝服皮衝
1837	8	“Suy lòng trắc Dĩ đau lòng CHUNG thiên!”	推𢚸陟𡵆𤴬𢚸冬天
1838	6	"Khen rằng: ""Hiếu tử đã nên!"	𠸦浪孝于㐌𢧚
1839	8	"""Tẩy trần mượn chén giải phiền đêm thu"""	洗塵慢󱋓解煩店秋
1840	6	Vợ chồng chén tạc chén thù,	㛪𫯳󱋓酢󱋓酬
1841	8	Bắt nàng đứng chực trì hồ hai nơi.	扒娘𨅸植持壼𠄩尼
1842	6	Bắt khoan bắt nhặt đến lời,	扒寬扒日旦𠳒
1843	8	Bắt quì tận mặt bắt mời tận tay.	扒跪尽󰘚扒𨑮尽𢬣
1844	6	Sinh càng như dại như ngây,	生強如𤵺如𬏝
1845	8	Giọt dài giọt VẮN chén đầy chén vơi.	湥𨱽湥𥐆󱋓苔󱋓潙
1846	6	DỬNG đi chợt nói chợt cười,	𢘩𠫾秩呐秩唭
1847	8	Cáo say chàng đã dạm bài lảng ra.	告醝払㐌淡排𤎜𦋦
1848	6	"Tiểu thư vội thét: ""Con Hoa!"	小姐倍𠯦昆花
1849	8	"""Khuyên chàng chẳng cạn thì ta có đòn."""	勸払庄𣴓時些󰡏扽
1850	6	Sinh càng nát ruột tan hồn.	生強󰞺𫆧散魂
1851	8	Chén mời phải ngậm bồ hòn ráo ngay.	󱋓𠶆沛唅蒲丸燥𣦍
1852	8	Tiểu thư cười TỈNH NÓI say ,	小姐唭醒呐醝
1853	8	Chưa xong cuộc rượu lại bày trò chơi.	渚重局𨢇吏排路󱉁
1854	6	"Rằng: ""Hoa nô đủ mọi tài,"	浪花奴覩每才
1855	8	"""Bản đàn thử dạo một bài chàng nghe."""	版弹呲𨄹𠬠排払𦖑
1856	6	Nàng đà tán hoán tê mê,	娘它散唤痺迷
1857	8	Vâng lời ra trước bình the vặn đàn.	𠳐𠳒𦋦𫏾屏𦂛󰟴弹
1858	6	Bốn dây như khóc như than,	𦊚𦀊如哭如嘆
1859	8	Khiến người trên tiệc cũng tan nát lòng.	遣㝵蓮蓆拱散󰞺𢚸
1860	6	Cùng trong một tiếng tơ đồng,	拱沖𠬠㗂絲桐
1861	8	Người ngoài cười nụ người trong khóc thầm.	㝵外唭𦵚㝵冲哭󰠐
1862	6	Giọt châu lã chã khôn cầm,	湥珠呂渚坤扲
1863	8	Cúi đầu chàng những gạt thầm giọt Tương.	𩠴頭払仍拔󰠐湥湘
1864	6	Tiểu thư lại NẠT lấy nàng:	小姐吏𠽇𥙩娘
1865	8	"""Cuộc vui gảy khúc đoạn trường ấy chi!"	局盃𢭮曲断膓意之
1866	6	"""Sao chẳng biết ý tứ gì?"	牢󰝸別意思之
1867	8	"""Cho chàng buồn bã tội thì tại ngươi."""	朱払盆𬐒罪時在𤽗
1868	6	Sinh càng thảm thiết bồi hồi,	生強惨切徘徊
1869	8	Vội vàng gượng nói gượng cười cho qua.	倍傍強呐強唭朱戈
1870	6	Khúc rồng canh đã điểm ba,	曲𧍰更㐌點𠀧
1871	8	Tiểu thư nhìn mặt dường đà cam tâm.	小姐𥚆󰘚羕它甘心
1872	6	Lòng riêng KHẤP KHỞI mừng thầm:	𢚸貞㕸𠳚𢜠󰠐
1873	8	“ BUỒN này đã bõ đau ngầm xưa nay!”	𢝙尼㐌補𤴬吟初󰅒
1874	6	Sinh thì gan héo ruột dày,	生時肝𤉗𫆧苔
1875	8	Nỗi lòng càng nghĩ càng cay đắng lòng.	浽𢚸強𢪀強荄䔲𢚸
1876	6	Người vào chung gối loan phòng,	𠊛𠓨鐘𪭯鵉房
1877	8	Nàng ra tựa bóng đèn chong canh dài.	娘𦋦𢭸䏾畑終更𨱽
1878	8	ĐẾN NAY mới BIẾT ĐẦU ĐUÔI ,	旦󰅒買別頭𡳪
1879	8	Máu ghen đâu có lạ đời nhà ghen!	𧖱悭󰠲󰡏𨔍𠁀茹悭
1880	6	Chước đâu rẽ thuý chia uyên.	斫󰠲𢪊翠𢺺鴛
1881	8	AI ra ĐƯỜNG NẤY ai nhìn được ai?	埃𦋦塘乃埃𥚆特埃
1882	8	Bây giờ một vực một TRỜI ,	悲除𠬠域𠬠𠳒
1883	8	Hết điều CHIỀU CHUỘNG hết lời thị phi.	歇調朝𡮶歇調是非
1884	6	Nhẹ như bấc nặng như chì,	珥如苝󰠱如𨨲
1885	8	Gỡ SAO ra NỢ còn gì là duyên?	𫽻牢𦋦女群之󰑼緣
1886	6	Lỡ DƯỜNG chút phận thuyền quyên,	吕󰟯𡭧分婵娟
1887	8	Bể sâu sóng cả có tuyền được vay?	𣷭溇㳥奇󰡏全特爲
1888	6	Một mình âm ỷ đêm chầy,	𠬠𠇮陰倚店迡
1889	8	Đĩa dầu vơi nước mắt đầy năm canh.	𥒦油潙渃𬑉苔𠄼更
1890	6	Sớm khuya hầu hạ đài doanh,	󰉚𣅘候下臺萾
1891	8	Tiểu thư chạm mặt đè tình hỏi tra.	小姐暫󰘚提情𠳨查
1892	6	Lựa lời nàng mới thưa qua:	攎𠳒娘買䜹戈
1893	8	Phải khi mình lại xót xa nỗi mình.	沛欺𠇮吏㤕賒浽𠇮
1894	6	Tiểu thư LẠI HỎI Thúc sinh:	小姐吏𠳨束生
1895	8	"""Cậy chàng tra lấy thực tình cho nao."""	忌払查𥙩实情朱㝹
1896	6	Sinh đà rát ruột như bào,	生它薩𫆧如胞
1897	8	Nói ra chẳng tiện trông vào chẳng XOANG .	呐𫥨庄便𬂙𠓨庄󰡵
1898	6	Những e lại luỵ đến nàng,	仍𠲖吏累旦娘
1899	8	Phô sòng mới sẽ LIỆU đường hỏi tra.	哺崇買仕料塘𠳨查
1900	6	Cúi đầu quì trước sân hoa,	󱖺頭跪畧𡑝花
1901	8	BẠCH cung nàng mới LÊN qua một tờ.	白供娘買𨖲戈𠬠祠
1902	6	Diện tiền trình với tiểu thư,	靣前呈貝小姐
1903	8	Thoắt xem dường có ngẩn ngơ NAO tình.	率󰏙󰟯󰡏󰡢󰡣㝹情
1904	6	Liền tay trao lại Thúc sinh,	連𢬣𢭂吏束生
1905	8	"Rằng: ""Tài nên trọng mà tình nên thương."	浪才𢧚重麻情𢧚傷
1906	6	"""Ví sinh có số giàu sang,"	󰂇生󰡏𢼂𢀭𢀨
1907	8	"""Giá này dẫu đúc nhà vàng cũng nên!"	債尼酉𤒘茹鐄拱𢧚
1908	6	"""Bể trần chìm nổi thuyền quyên,"	𣷭塵沉浽婵娟
1909	8	"""Hữu tài thương nỗi vô duyên lạ đời!"""	有才傷浽󰟁緣𨔍𠁀
1910	6	"Sinh rằng: ""Thật có như lời,"	生浪实󰡏如𠳒
1911	8	"""Hồng nhan bạc mệnh một người nào vay!"	紅顔泊𠇮𠬠㝵芇爲
1912	6	"""Nghìn xưa âu cũng thế này,"	𠦳初欧拱󰡫尼
1913	8	"""TỪ bi âu liệu bớt tay mới vừa."""	慈悲欧料扒𢬣買皮
1914	6	"Tiểu thư rằng: ""Ý trong tờ,"	小姐浪意冲詞
1915	8	"""Rắp đem mệnh bạc xin nhờ cửa không."	㕸󰝂𠇮泊嗔洳𫔳空
1916	6	"""Thôi thì thôi cũng chiều lòng,"	催時催拱朝𢚸
1917	8	“Cũng cho CHO NGHỈ trong vòng bước ra.	拱朱朱𢪀冲妄𨀈𦋦
1918	6	"""Sẵn Quan âm các vườn ta,"	産󰞹音閣園些
1919	8	"""Có cây trăm thước có hoa bốn mùa."	󰡏核𤾓𡱩󰡏花𦊚務
1920	6	“Có CỔ thụ có SAN HÔ,	󰡏古樹󰡏山瑚
1921	8	“Cho nàng ra đó giữ chùa TỤNG kinh.”	朱娘𦋦妬𪧚厨誦经
1922	6	Tưng Tưng trời mới bình minh,	曾曾𡗶買平明
1923	8	Hương hoa ngũ cúng sắm sanh lễ thường.	香花五供懺生礼常
1924	6	MỐNG ĐƯA đến trước Phật đường,	󰡡迻旦畧𫢋堂
1925	8	Tam qui ngũ giới cho nàng xuất gia.	三皈五戒朱娘出家
1926	6	Áo xanh đổi lấy cà sa,	襖撑対𥙩袈裟
1927	8	Pháp danh lại đổi tên ra Trạc Tuyền.	法名吏対𠸜𦋦濯泉
1928	6	Sớm khuya tính đủ dầu đèn,	󰉺𣅘併覩油畑
1929	8	Xuân Thu cắt sẵn hai tên hương trà.	春秋割産𠄩𠸜香茶
1930	6	Nàng từ lánh DẤU vườn hoa,	娘自另𨁪園花
1931	8	Dường gần rừng tía dường xa bụi hồng.	󰟯𧵆棱紫󰟯賒𡏧紅
1932	6	Nhân duyên đâu lại còn mong?	因緣󰠲吏群蒙
1933	8	Khỏi điều thẹn phấn tủi hồng THÔI thôi .	塊調𢢆粉𢣃紅催催
1934	8	Phật tiền thảm LẤP sầu KHƠI ,	𫢋前惨垃愁洃
1935	8	Ngày pho thủ tự đêm nồi tâm hương.	𣈜鋪手字店㘨心香
1936	6	Cho hay giọt nước cành dương,	朱台湥渃梗楊
1937	8	Lửa lòng tưới tắt mọi đường trần duyên.	󰌎𢚸洒𤎕每塘塵緣
1938	6	SỒNG NÂU từ trở mầu thiền,	𣙩𣘽自阻牟禅
1939	8	Sân thu trăng đã vài PHEN đứng đầu.	𡑝秋𦝄㐌𠄽番𨅸頭
1940	6	Quan phòng then nhặt lưới mau,	𬮦房杄日䋥毛
1941	8	Nói lời trước mặt rơi châu vắng người.	呐𠳒畧󰘚淶珠永㝵
1942	6	Gác kinh viện SÁCH đôi nơi,	閣经院𠕋堆尼
1943	8	Trong gang tấc lại gấp MƯỜI quan san.	冲𡬼𡬷吏扱𨑮䦕山
1944	8	Những là NGÂM thở GIỘT than ,	仍󰑼唅咀𠸂嘆
1945	8	Tiểu thư phải buổi vấn an về nhà.	小姐沛𣇜问安󰡲茹
1946	6	Thừa cơ sinh mới lẻn ra,	乘机生買輦𦋦
1947	8	Xăm xăm đến mé vườn hoa với nàng.	侵侵旦𠃅園花貝娘
1948	6	SỤT SÙI KỂ nỗi đoạn trường,	湥淶計挼断膓
1949	8	Giọt châu tầm tã ƯỚT tràng áo xanh:	湥珠尋謝昌長襖撑
1950	6	RẰNG cam chịu bạc với tình,	浪甘𠹾泊貝情
1951	8	“Chúa ĐÔNG để tội một mình cho hoa!	主東底罪𠬠𠇮朱花
1952	6	"""Thấp cơ thua trí đàn bà,"	𥰊机輸智弹󰜏
1953	8	"""Trông vào đau ruột nói ra ngại lời."	𬂙𠓨𤴬𫆧呐𫥨𪿒𠳒
1954	6	“Vì ta CHO luỵ đến NGƯỜI,	爲些朱累旦㝵
1955	8	“Cát lầm ngọc trắng thiệt THÒI xuân xanh.	葛淋玉𤽸舌催春撑
1956	8	“Quản chi trên gác dưới DUỀNH ,	管之蓮閣󰡎溋
1957	8	"""Cũng toan sống thác với tình cho xong."	拱筭𤯩托貝情朱衝
1958	6	"""Tông đường chút chửa cam lòng,"	宗堂𡮍渚甘𢚸
1959	8	"""Cắn răng bẻ một chữ đồng làm hai."	哏󰛈𢯏𠬠𡦂同爫𠄩
1960	6	"""Thẹn mình đá nát vàng phai,"	𢢆𠇮𥒥󰞺鐄派
1961	8	"""Trăm thân dễ chuộc một lời được sao!"""	𤾓身易贖𠬠𠳒特牢
1962	6	"Nàng rằng: ""Chiếc bách sóng đào,"	娘浪隻栢㳥濤
1963	8	“ PHÙ TRẦM cũng mặc lúc nào rủi may.	浽沉拱默六芇𰦫埋
1964	6	"""Chút thân quằn quại vũng lầy,"	𡮍身𠹴𠶔淎淶
1965	8	"""Sống thừa còn tưởng đến rày nữa sao!"	𤯩乘群想旦𣈙女牢
1966	6	"""Cũng liều một giọt mưa rào,"	拱料𠬠湥湄𩆋
1967	8	"""Mà cho thiên hạ trông vào cũng hay!"	麻朱天下𬂙𠓨拱台
1968	6	“chút vì cầm đã BÁM dây,	𡮍爲琹㐌󰐻𦀊
1969	8	"""Chẳng trăm năm cũng một ngày duyên ta."	庄𤾓𢆥拱𠬠𣈜緣些
1970	6	"""Liệu mà ra cửa cho ra,"	料麻𦋦𫔳朱𦋦
1971	8	"""Ấy là tình nặng ấy là ân sâu."""	意󰑼情󰠱意󰑼恩溇
1972	6	"Sinh rằng: ""Riêng tưởng bấy lâu,"	生浪貞想闭𥹰
1973	8	“Lòng người nham hiểm biết đâu mà LƯỜNG .	𢚸㝵岩險別󰠲麻量
1974	6	"""Nữa khi giông tố phũ phàng,"	女欺𬲄膆負傍
1975	8	“ THIỆT riêng đấy cũng lại càng cực đây.	舌貞蒂拱吏強極低
1976	8	“Liệu mà CAO chạy XA bay ,	料麻高𧼋賒𠖤
1977	8	"""Ái ân ta có ngần này mà thôi."	爱恩些󰡏銀尼麻催
1978	6	"""Bây giờ kẻ ngược người xuôi,"	碑除几虐㝵吹
1979	8	"""Biết bao giờ lại nối lời nước non?"	別包除吏𫃸𠳒渃𡽫
1980	6	"""Dẫu rằng sông cạn đá mòn,"	酉浪滝𣴓𥒥󰍹
1981	8	“Con tằm đến CHẾT cũng còn KÉOo tơ.”	昆蚕旦𣩂拱群矫絲
1982	6	Cùng nhau kể lể sau xưa,	共饒計礼娄初
1983	8	"""Nói rồi lại nói lời chưa hết lời."	呐耒吏呐𠳒渚歇𠳒
1984	6	Mặt trông tay chẳng nỡ rời,	󰘚𬂙𢬣󰝸女淶
1985	8	Hoa tì đã động tiếng người nẻo xa.	花婢㐌動㗂㝵裊賒
1986	6	NHỊN NGỪNG NUỐT tủi đứng ra,	忍󰋈呐悴𨅸𦋦
1987	8	Tiểu thư đâu đã gót hoa bước vào.	小姐󰠲㐌𨃴花𨀈𠓨
1988	6	Cười cười nói nói ngọt ngào,	唭唭呐呐𠮾嗷
1989	8	"Hỏi: ""Chàng mới ở chốn nào lại chơi?"""	𠳨払買扵准芇吏󱉁
1990	6	Dối quanh sinh mới liệu lời:	対光生買料𠳒
1991	8	"""Tìm hoa quá bước xem người viết kinh""."	尋花過𨀈袩㝵曰經
1992	6	"Khen rằng: ""Bút pháp đã tinh,"	𠸦浪笔法㐌精
1993	8	“So vào với thiếp HƯƠNG đình nào thua!	𬧺𠓨貝帖香亭芇輸
1994	6	"""Tiếc thay lưu lạc giang hồ,"	惜台流落江湖
1995	8	"""Nghìn vàng thật cũng nên mua lấy tài."""	𠦳鐄实拱𢧚模𥙩才
1996	6	THIỀN trà RÓT nước hồng mai,	船茶𣹕渃紅梅
1997	8	Thong dong nối gót thư trai cùng về.	從容綏𨃴書齋拱󰡲
1998	6	Nàng càng e lệ ủ ê,	娘強𠲖戾塢𠲖
1999	8	Rỉ tai hỏi lại hoa tì trước sau.	𠯇𦖻𠳨吏花婢畧𡢐
2000	6	"Hoa rằng: ""Bà đến đã lâu,"	花浪󰜏旦㐌𥹰
2001	8	"""Dón chân đứng núp độ đâu nữa giờ."	𨂚蹎𨅸納度󰠲姅除
2002	6	"""Rành rành kẽ tóc chân tơ,"	停停技󰖥蹎絲
2003	8	"""Mấy lời nghe hết đã dư tỏ tường:"	󰋇𠳒𦖑歇㐌餘𤏣詳
2004	6	"""Bao nhiêu đoạn khổ tình thương."	包饒󰞂苦情傷
2005	8	“Nỗi ông vật vã nỗi NÀNG thở than.	弹󰜏羕意体欧𠬠㝵
2006	6	"""Ngăn tôi đứng lại một bên,"	垠碎𨅸吏𠬠边
2007	8	"""Chán tai rồi mới bước lên trên lầu."""	󰇏𦖻耒買𨀈𨖲𨕭楼
2008	6	Nghe thôi kinh hãi xiết đâu:	𦖑崔󰟹駭掣󰠲
2009	8	“Đàn bà DƯỜNG ấy thấy âu một người!	弹󰜏羕意体欧𠬠㝵
2010	6	"""Ấy mới gan ấy mới tài!"	意買肝意買才
2011	8	“ Nghĩ càng thêm NGHĨ sởn gai rụng rời.	𢪀強添𢪀産荄用移
2012	6	"""Người đâu sâu sắc nước đời,"	㝵󰠲溇色渃𠁀
2013	8	“Mà chàng Thúc THỦ ra người bó tay.	麻払束手𦋦㝵抪𢬣
2014	6	"""Thực tang bắt được dường này,"	实賍扒特󰟯尼
2015	8	“Máu ghen ai cũng CAU mày CẮN răng .	𧖱悭埃拱槔眉哏𬹸
2016	6	“Thế mà ÊM chẳng đãi đằng,	世麻㛪󰝸代滕
2017	8	"""Chào mời vui vẻ nói năng dịu dàng."	朝𠶆𢝙𨤔呐能妙楊
2018	6	"""Giận ru ra dạ thế thường,"	𫺶由𫥨胣世常
2019	8	"""Cười ru mới thực khôn lường hiểm sâu."	唭𠱋買实坤量險𫐷
2020	6	"""Thân ta ta phải lo âu,"	身些些沛𢗼歐
2021	8	"""Miệng hùm nọc rắn ở đâu chốn này."	𠰘𤞻毒𧋻扵󰠲准尼
2022	6	"""Ví chăng gieo cánh cao bay,"	󰂇庄招𦑃高𠖤
2023	8	"""Rào cây lâu cũng có ngày bẻ hoa."	樔𣘃𥹰拱固𣈜披花
2024	6	"""Phận bèo bao quản nước sa,"	分䕯包管渃沙
2025	8	"""Lênh đênh đâu nữa cũng là lênh đênh."	泠汀󰠲女拱󰑼泠汀
2026	6	"""Chỉn e quê khách một mình,"	㐱𠲖圭客𠬠𠇮
2027	8	"""Tay không chưa dễ tìm vành ấm no."""	𢬣空渚易尋𨪪蔭𩛂
2028	6	Nghĩ đi nghĩ lại quanh co.	𢪀𠫾𢪀吏觥孤
2029	8	Phật tiền, sẵn có mọi đồ KIM ngân.	𫢋前産固每圖經銀
2030	6	Bên mình giắt để hộ thân,	边𠇮㩫底𧦈身
2031	8	Lần nghe canh đã một phần trống ba.	吝𦖑更㐌𠬠分𪔠𠀧
2032	6	Cất mình qua ngọn tường hoa,	拮𠇮戈𦰟墻花
2033	8	Lần đường theo bóng trăng tà về tây.	吝塘蹺䏾𦝄斜𧗱西
2034	6	Mịt mù dặm cát đồi cây,	𩆪𩂟淡吉頽核
2035	8	Tiếng gà điếm CỎ dấu giày cầu sương.	㗂𬷤店𦹵𨁪𩌂梂霜
2036	6	Canh khuya thân gái dặm trường,	更𣅘身𡛔琰長
2037	8	CHỈN e đường sá phần thương dãi dầu.	㐱𠲖塘詫分傷𤋵油
2038	6	Trời đông vừa rạng ngàn dâu,	𡗶東皮𤍎岸橷
2039	8	Bơ vơ nào đã biết đâu là nhà.	𠀧爲芇㐌別󰠲󰑼茄
2040	6	Chùa đâu trông thấy nẻo xa,	厨󰠲𬂙体裊車
2041	8	Rành rành “Chiêu ẩn am” ba chữ bài	伶伶招隐庵𠀧𡦂排
2042	6	Xăm xăm gõ CỬA BƯỚC VÀO	侵侵𢱗𫔳𨀈𠓨
2043	8	Trụ trì nghe tiếng rước mời vào trong.	住持𦖑㗂逴𨑮𠓨冲
2044	6	Thấy màu ăn mặc nâu sồng,	体牟咹默𣘽𣙩
2045	8	Giác- duyên sư trưởng lành lòng liền thương.	𮗓緣師長𫅜𢚸連傷
2046	6	Gạn gùng ngành ngọn cho tường,	𣵲󰠃梗𦰟朱詳
2047	8	Lạ lùng nàng hãy tìm đường nói quanh:	𨔍𨓡娘唉尋塘呐觥
2048	6	"""Tiểu thiền quê ở Bắc- kinh,"	小禅圭扵北京
2049	8	"""Qui sư qui Phật tu hành bấy lâu."	皈師皈𫢋修行闭𥹰
2050	6	"""Bản sư rồi cũng đến sau,"	本師耒拱旦𨍦
2051	8	"""Dạy đưa pháp bảo sang hầu sư huynh."""	𠰺迻法宝郎候師兄
2052	6	Rày vâng diện hiến rành rành,	𣈙𠳐面献冷冷
2053	8	Chuông vàng khánh bạc bên mình giở ra.	鐘鐄磬泊边𠇮󰇥𦋦
2054	6	XEM qua sư mới dạy qua:	袩戈師買𠰺戈
2055	8	“Phải nơi Hằng Thuỷ LÀ ta hậu tình.	沛尼恒水𨔍些厚情
2056	8	“ HIỀN ĐỒ đường sá một mình,	䝨徒塘詫𠬠𠇮
2057	8	"""Ở đây chờ đợi sư huynh ít ngày,"""	扵低徐待師兄𠃣𣈜
2058	6	Gởi thân được trốn am mây,	𠳚身特准庵𩄲
2059	8	Muối dưa đắp đổi tháng ngày thong dong,	㙁𦯬㙮対𣎃𣈜從容
2060	6	Kệ kinh câu cũ thuộc lòng,	偈經勾󱀄属𢚸
2061	8	Hương đèn việc CŨ trai phòng quen tay.	香畑役󱀄斎房悁𢬣
2062	8	Sớm khuya RA MÁI PHÊN mây ,	𣌋𣅘𦋦𠃅𤗹𩄲
2063	8	Ngọn đèn KHÊU nguyệt tiếng chày NỆN sương.	𦰟畑挑月㗂𣖖󰠱霜
2064	6	Thấy nàng thông tuệ khác thường,	体娘聰慧恪常
2065	8	Sư càng nể mặt nàng càng vững chân.	師強你󰘚娘強凭蹎
2066	6	Cửa THIỀN vừa TRĂNG cuối xuân,	𫔳婵皮𦝄𡳳春
2067	8	Bóng hoa đầy đất vẻ ngân ngang trời.	䏾花苔坦𨤔銀昂𡗶
2068	6	Gió quang mây tạnh thảnh thơi,	󰊄光𩄲淨請台
2069	8	Có người đàn việt lên chơi cửa già.	固㝵𡊨越𨖲制𫔳伽
2070	6	Giở đồ chuông khánh xem qua,	󰇥圖鐘磬袩戈
2071	8	Khen rằng: “Khéo HỆT của nhà Hoạn nương!”	𠸦浪窖頡𧵑茹宦娘
2072	6	Giác Duyên thực ý lo lường,	𮗓緣實意𢗼量
2073	8	Đêm thanh mới hỏi lại nàng trước sau.	𣎀清買誨吏娘𠠩𢖖
2074	6	Nghĩ rằng khôn nỗi giấu mầu,	𢪀浪坤浽鬪牟
2075	8	Sự mình nàng mới gót đầu bày ngay:	事𠇮娘買𨃴頭排𣦍
2076	6	"""Bây giờ sự đã dường này,"	悲除事㐌󰟯尼
2077	8	"""Phận hèn dù rủi dù may tại người."""	分䝨油磊油埋在㝵
2078	6	Giác Duyên nghe nói rụng rời,	𮗓緣𦖑呐𣳔涞
2079	8	Nửa thương nửa sợ bồi hồi chẳng xong.	姅傷姅𢜝徘徊庄衝
2080	8	Rỉ tai NÀNG MỚI DÃI lòng :	𠯇𦖻娘買𤋵𢚸
2081	8	"""Ở đây cửa Phật là không hẹp gì."	於低𫔳𫢋󰑼空狹之
2082	6	"""E chăng những sự bất kỳ,"	衣庄仍事不期
2083	8	"""Để nàng cho đến thế thì cũng thương."	底娘朱旦世時共伤
2084	6	"""Lánh xa trước liệu tìm đường,"	另車畧料尋塘
2085	8	"""Ngồi chờ nước đến nên dường còn quê."""	𡎥除渃旦𢧚󰟯群圭
2086	6	Có nhà MỤ Bạc bên kia,	固茹媒泊边箕
2087	8	Am mây quen lối đi về dầu hương.	庵𩄲涓磊𠫾󰡲油香
2088	6	Nhắn sang dặn hết mọi đường,	𠴍郎吲喝每塘
2089	8	Dọn nhà hãy tạm cho nàng CHỨA chân.	扽茹唉暫朱娘翥真
2090	6	Những mừng được chốn an thân,	仍𢜠特准安身
2091	8	Vội vàng nào kịp tính gần tính xa.	倍傍芇及併𧵆併賒
2092	6	Nào ngờ cũng tổ bợm già,	芇𪟽共祖姂𫅷
2093	8	Bạc bà học với Tú bà đồng môn.	泊󰜏𭓇貝秀󰜏同門
2094	6	Thấy nàng lạt phấn NHÀM son,	体娘𤁕粉󰕔𣘈
2095	8	Mừng thầm được THÓP bán buôn có lời.	𢜠󰠐特󰡭半奔固唎
2096	6	Hư không đặt bỏ nên lời,	虚空達補𢧚𠳒
2097	8	Nàng đà SỚN SÁC rụng rời lắm phen.	娘它𢀲󰡨用涞𡗋番
2098	6	Mụ càng xoi dói cho len,	媒強吹𠲝朱連
2099	8	Lấy lời hung hiểm ép duyên Châu Trần.	𥙩𠳒凶險押緣朱陳
2100	6	"Rằng: ""Nàng muôn dặm một thân,"	浪娘𬮙淡𠬠身
2101	8	“Lại mang nhứng tiếng dữ GẦN lành xa.	吏恾仍㗂与賒𫅜賒
2102	6	Khéo oan gia của phá gia,	害寃家𧵑破家
2103	8	"""Còn ai dám chứa vào nhà nữa đây."	群埃敢貯𠓨茹女低
2104	6	"""Kíp toan kiếm chốn xe dây,"	急筭劍准車𦀊
2105	8	"""Không dưng chưa dễ mà bay đường trời."	空仍渚易麻𠖤塘𡗶
2106	6	“Nơi gần thì chẳng tiện nơi,	尼𧵆時庄便尼
2107	8	"""Nơi xa thì chẳng có người nào xa."	尼賒時庄固㝵芇賒
2108	6	"""Này chàng Bạc Hạnh cháu nhà,"	尼払泊倖𡥙茹
2109	8	"""Cũng trong thân thích ruột rà chẳng ai."	共冲身戚𫆧𦚐庄埃
2110	6	“Cửa NHÀ buôn bán châu Thai,	𫔳茹奔半州台
2111	8	"""Thật thà có một đơn sai chẳng hề."	實他固𠬠单差庄𪟽
2112	6	"""Thế nào nàng cũng phải nghe."	世芇娘共沛𦖑
2113	8	"""Thành thân rồi sẽ liệu về châu Thai."	成身耒仕料𧗱州台
2114	6	“Bấy NAY ai lại biết ai,	闭󰅒埃吏別埃
2115	8	"""Dầu lòng bể rộng, sông dài thênh thênh."	油𢚸𣷭𢌌滝𨱽青青
2116	6	"""Nàng dù chẳng quyết thuận tình."	娘油庄决順情
2117	8	"""Trái lời nẻo trước luỵ mình đến sau."""	債𠇮裊畧累𠇮旦娄
2118	6	Nàng càng mặt ủ mày chau,	娘強󰘚塢眉朱
2119	8	Càng nghe mụ nói càng đau như dần.	強𦖑媒呐強𤴬如寅
2120	6	Nghĩ mình túng đất sẩy chân,	𢪀𠇮縱坦仕真
2121	8	Thế cùng nàng mới xa gần thở than:	世弯娘買賒𧵆咀嘆
2122	6	"""Thiếp như con én lạc đàn,"	妾如昆燕落弹
2123	8	“Phải cung rày đã sợ BÀN MẤY CUNG .	沛弓𣈙㐌𢜝磐𣛠弓
2124	6	"""Cùng đường dù tính chữ tòng,"	穹塘油併𡦂從
2125	8	"""Biết người biết mặt biết lòng làm sao?"	別㝵別󰘚別𢚸爫牢
2126	6	"""Nữa khi muôn một thế nào,"	女欺𬮙𠬠世芇
2127	8	“Bán hùm buôn QUỶ chắc vào lưng đâu?	半𤞻奔鬼聀𠓨𦝄󰠲
2128	6	"""Dù ai lòng có sở cầu,"	油埃𢚸固所求
2129	8	"""Tâm minh xin quyết với nhau một lời."	心盟嗔决貝僥𠬠𠳒
2130	6	"""Chứng minh có đất có trời,"	証明固坦固𡗶
2131	8	"""Bấy giờ vượt bể ra khơi quản gì."""	闭除𣾼𣷭𦋦𣾺管之
2132	8	Được LỜI i mụ mới ra đi,	特𡗶媒買𦋦𠫾
2133	8	Mách tin họ Bạc tức thì NÁY SINH .	𫫗信户泊卽時怩生
2134	6	Một nhà dọn dẹp linh đình,	𠬠茹扽擛令庭
2135	8	Quét sân đặt trác rửa bình thắp hương.	抉𡑝達逴𣳮󰜍𤏧香
2136	6	Bạc sinh quì xuống vội vàng,	泊生跪𫴋倍傍
2137	8	Quá lời nguyện hết Thành hoàng Thổ công.	過𠳒願歇城隍士公
2138	6	Trước sân lòng đã giải lòng,	畧𡑝𢚸㐌𤋵𢚸
2139	8	Trong màn làm lễ Tơ hồng kết duyên.	𥪝幔爫礼絲紅結緣
2140	6	Thành thân mới rước xuống thuyền,	成親買逴𫴋船
2141	8	Thuận buồm một lá xuôi miền châu Thai.	順󱏹𠬠𦲿吹沔州台
2142	6	Thuyền vừa đỗ bến thảnh thơi,	船皮杜𣷷清台
2143	8	Bạc sinh lên trước tìm nơi mọi ngày.	泊生𨖲畧尋尼每㝵
2144	6	Cũng nhà hàng viện xưa nay,	共茹行院初󰅒
2145	8	Cũng phường bán THỊT cũng TAY buôn người.	共坊半𦧘共𢬣奔𠊛
2146	6	Xem người định giá vừa rồi,	袩㝵定價皮耒
2147	8	Mối hàng một đã ra mười thì buông.	䋦行𠬠㐌𦋦𨑮時󰇵
2148	6	Mượn người thuê kiệu rước nàng,	曼㝵𠾔轎逴娘
2149	8	Bạc đem mặt Bạc kiếm đường cho xa.	泊󰝡󰘚泊劍塘朱車
2150	6	Kiệu hoa đặt trước thềm hoa,	轎花達畧㙴花
2151	8	Bên trong thấy một mụ ra vội vàng.	边冲体𠬠媒𦋦倍傍
2152	6	Đưa nàng vào lạy gia đường,	迻娘𠓨𥛉家堂
2153	8	Cũng thần mày trắng cũng phường lầu xanh.	共神眉𤽸共坊楼撑
2154	6	Thoạt trông nàng đã biết tình,	脱𬂙娘㐌別情
2155	8	Chim lồng khôn NHẼ cất mình bay cao.	𪀄篭坤𨤧拮𠇮𠖤髙
2156	6	Chém cha cái số hoa đào,	劍吒丐𢼂花桃
2157	8	Gỡ ra rồi lại buộc vào như chơi!	𨔉𦋦耒吏𫃚𠓨如制
2158	6	Nghĩ đời mà ngán cho đời,	𢪀代麻喭朱代
2159	8	Tài tình chi lắm cho trời đất ghen!	才情之𡗋朱𡗶坦悭
2160	6	Tiếc thay nước đã đánh phèn,	昔台渃㐌打矾
2161	8	Mà cho bùn lại NHUỐM lên mấy lần!	麻朱湓吏染蓮󰋇吝
2162	6	Hồng quân với khách hồng quần,	洪鈞貝客紅裙
2163	8	Đã xoay đến thế còn HẰN chưa tha.	㐌磋旦世群恨渚他
2164	6	Lỡ từ lạc bước bước ra,	吕自落𨀈𨀈𦋦
2165	8	Cái thân liệu những từ nhà liệu đi.	丐身料仍自茹料𠫾
2166	6	Đầu xanh đã tội tình gì?	頭撑㐌罪情之
2167	8	Má hồng ĐỀN quá nửa thì chưa thôi.	𦟐紅填過姅時渚他
2168	6	Biết thân chạy chẳng khỏi trời,	別身𧼋庄塊𡗶
2169	8	Cũng liều mặt phấn cho rồi ngày xanh.	拱料󰘚粉朱耒㝵撑
2170	6	Lần thâu gió mát ĐÊM thanh,	吝偷󰊄沫𣎀清
2171	8	Bỗng đâu có khách biên đình ĐẾN chơi.	俸󰠳固客边庭旦制
2172	6	Râu hùm CẰM én mày ngài,	鬚𤞻肣燕眉𧍋
2173	8	Vai năm tấc rộng thân mười thước cao.	𦠘𠄼𡬷𢌌身𨑮𡱩高
2174	6	Đường đường một đấng anh hào,	堂堂𠬠等𮎦豪
2175	8	Côn quyền hơn sức lược thao gồm tài.	棍拳欣飭畧韜𠁟才
2176	6	Đội trời đạp đất ở đời,	隊𡗶踏坦於代
2177	8	Họ Từ tên Hải vốn người Việt Đông.	户徐𠸜海本㝵越東
2178	6	Giang hồ quen thú vẫy vùng,	江糊涓趣浘漨
2179	8	Gươm đàn nửa gánh non sông một chèo.	鎌弹姅梗𡽫滝𠬠掉
2180	6	Qua chơi THẤY tiếng nàng Kiều,	戈制体㗂娘翹
2181	8	Tấm lòng nhi nữ cũng xiêu anh hùng.	𬌓𢚸兒女共漂𮎦䧺
2182	6	Thiếp danh đưa đến lầu hồng,	帖名迻旦楼紅
2183	8	Hai bên cùng liếc hai lòng cùng ưa.	𠄩边共𥆁𠄩𢚸共於
2184	6	Từ rằng: “Tâm ĐẢM tương cờ,	徐浪心胆相期
2185	8	"""Phải người trăng gió vật vờ hay sao!"	沛㝵𦝄𫗄沕潙咍牢
2186	6	"""Bấy lâu nghe tiếng má đào,"	闭𥹰𦖑㗂𦟐桃
2187	8	“Mắt xanh chẳng để ai vào CÓ không?	𬑉撑庄底埃𠓨同空
2188	6	"""Một đời được mấy anh hùng,"	𠬠代特󰋇𮎦䧺
2189	8	"""Bõ chi cá chậu chim lồng mà chơi!"""	補之󰠩𡊱𪀄篭麻制
2190	6	"Nàng rằng: ""Người dạy quá lời,"	娘浪㝵𠰺过𠳒
2191	8	"""Thân này còn dám xem ai làm thường."	身尼群敢袩埃爫常
2192	6	ĐỐT THAN chọn đá thử vàng,	炪熯𪮙𥒥此鐄
2193	8	"""Biết đâu mà gởi can trường vào đâu?"	別󰠲麻𠳚肝膓𠓨󰠲
2194	6	"""Còn như vào trước ra sau,"	群如𠓨畧𦋦娄
2195	8	"""Ai cho kén chọn vàng thau tại mình?"""	埃朱挸𪮙鐄鍮在𠇮
2196	6	"Từ rằng: ""Lời nói hữu tình,"	徐浪𠳒呐有情
2197	8	"""Khiến người lại nhớ câu Bình Nguyên Quân."	遣㝵吏女勾平原君
2198	6	"""Lại đây xem lại cho gần,"	吏低𫀅吏朱𧵆
2199	8	"""Phỏng tin được một vài phần hay không."""	倣信特𠬠𠄽分咍空
2200	6	"Thưa rằng: ""Lượng cả bao dung,"	䜹浪量奇包容
2201	8	"""Tấn Dương được thấy mây rồng có phen."	晋陽特体𩄲𧍰固畨
2202	6	"""Rộng thương cỏ nội hoa hèn,"	𢌌伤𦹵内花𪬡
2203	8	"""Chút thân bèo bọt dám phiền mai sau."""	𡮍身䕯浡敢煩枚娄
2204	6	Nghe lời vừa ý gật đầu,	𦖑𠳒皮意咭頭
2205	8	Cười rằng: “Tri kỉ TRƯỚC SAU mấy người!	唭浪知己畧娄󰋇㝵
2206	6	"""Khen cho con mắt tinh đời,"	𠸦朱昆𬑉精代
2207	8	“Anh hùng ĐỨNG giữa trần ai mới già.	𮎦䧺𨅸𡨌尘埃買𫅷
2208	6	"""Một lời đã biết đến ta,"	𠬠𠳒㐌別旦些
2209	8	"""Muôn chung nghìn tứ cũng là có nhau."""	𬮙鍾𠦳駟共󰑼固僥
2210	6	Hai bên ý hợp tâm đầu,	𠄩边意合心投
2211	8	Khi thân chẳng lọ là cầu mới thân.	欺親庄路󰑼求買親
2212	6	Ngỏ lời nói với băng nhân,	吘𠳒呐貝氷人
2213	8	Tiền trăm lại cứ nguyên ngân phát hoàn.	钱𤾓吏拠原銀發還
2214	6	PHÒNG riêng sửa chốn thanh nhàn,	房貞所准声𫔮
2215	8	Đặt giường thất bảo vây màn bát tiên.	達床七宝𡆫幔八仙
2216	6	Trai anh hùng gái thuyền quyên,	𤳆𮎦䧺𡛔婵娟
2217	8	Phỉ nguyền sánh phượng đẹp duyên cưỡi rồng.	菲願聘鳯𬙾緣騎𧏵
2218	6	Nửa năm hương lửa đương nồng,	姅𢆥香焒登燶
2219	8	Trượng phu thoắt đã động lòng bốn phương.	丈夫率㐌動𢚸𦊚方
2220	8	Trông vời trời bể mênh MANG ,	𬂙潙𡗶𣷭溟濛
2221	8	Thanh gươm yên ngựa lên đường thẳng dong.	青鎌鞍馭𨖲塘𬆅𢫝
2222	6	"Nàng rằng: ""Phận gái chữ tòng,"	娘浪分𡛔𡦂從
2223	8	“Chàng đi thiếp cũng QUYẾT lòng xin đi”.	払𠫾妾拱决𢚸嗔𠫾
2224	6	Từ rằng: “Tâm ĐẢM tương tri,	徐浪心胆相知
2225	8	"""Sao chưa thoát khỏi nữ nhi thường tình."	牢渚脱塊女兒常情
2226	6	"""Bao giờ mười vạn tinh binh,"	包除𨑮萬精兵
2227	8	“Tiếng ĐỒNG dậy đất bóng tinh rợp đường.	㗂󰡕𠰺坦䏾旌葉塘
2228	6	"""Làm cho rõ mặt phi thường,"	爫朱𤑟󰘚非常
2229	8	“ BẤY giờ ta sẽ rước nàng nghi gia.	碑除些仕逴娘宜家
2230	6	"""Bằng nay bốn bể không nhà,"	平󰅒𦊚𣷭空茹
2231	8	"""Theo càng thêm bận biết là đi đâu?"	蹺強添泮別󰑼𠫾󰠲
2232	6	"""Đành lòng chờ đó ít lâu,"	停𢚸除妬𠃣𥹰
2233	8	"""Chầy chăng là một năm sau vội gì!"""	迡庒󰑼𠬠𢆥𢖖倍之
2234	6	Quyết lời dứt áo ra đi,	决𠳒𢴑襖𦋦𠫾
2235	8	Gió mây BẰNG đã đến KỲ dặm khơi.	愈𫡮平㐌旦󰠍淡𣾺
2236	6	Nàng THÌ chiếc bóng song mai,	娘時隻䏾窻梅
2237	8	ĐÊM thâu đẵng đẵng nhặt cài then mây.	𣈜偷蕩蕩日掑扦𫡮
2238	6	Sân rêu chẳng vẽ dấu giày,	𡑝𦼔庄𡳒𨁪苔
2239	8	Cỏ cao hơn thước liễu gầy VÀ phân.	𦹵高欣𡱩柳𤷍𪽡分
2240	6	Đoái THƯƠNG muôn dặm tử phần,	兑傷𬮙淡梓粉
2241	8	Hồn quê theo ngọn mây Tần xa xa.	魂圭蹺𦰟𫡮秦賒賒
2242	6	Xót thay huyên cỗi xuân già,	㤕台萱扲椿𫅷
2243	8	Tấm lòng thương nhớ biết là có nguôi.	𬌓𢚸傷汝別󰑼󰡏𢢯
2244	6	Chốc LÀ mười mấy năm trời,	祝󰑼𨑮󰋇𢆥𡗶
2245	8	Còn ra khi đã da MỒI TÓC sương .	群𦋦欺㐌䏧蝟󰖥霜
2246	6	Tiếc thay chút nghĩa cũ càng,	惜台𫵀󰒂󱀄强
2247	8	Dầu lìa TƠ CHỈ còn vương tơ lòng.	酉离絲衹群王絲𢚸
2248	6	Duyên em dầu nối TƠ hồng,	緣㛪油𫃸絲紅
2249	8	May ra khi đã tay bồng tay mang.	埋𦋦欺㐌𢬣𢸚𢬣恾
2250	6	Tấc NIỀM cố quốc tha hương.	𡬷念故國他鄕
2251	8	Đường kia nỗi nọ NGỔN ngang bời bời.	塘箕浽怒滚昂排排
2252	6	Cánh hồng bay bổng tuyệt vời,	𦑃鴻𠖤俸絶潙
2253	8	Đã mòn con mắt phương trời đăm đăm.	㐌󰍹昆𬑉方𡗶󰝡󰝡
2254	6	Đêm ngày luống những âm thầm,	店𣈜𨻫仍音󰠐
2255	8	Lửa binh đâu đã ầm ầm một phương.	焒兵󰠲㐌喑喑𠬠方
2256	6	Ngất trời sát khí mơ màng,	𡴯𡗶殺氣𢠩恾
2257	8	Đầy sông kình ngạc chật đường giáp binh.	苔滝鯨鰐秩塘甲兵
2258	6	Người quen thuộc kẻ CHUNG quanh,	㝵悁属几冬觥
2259	8	RỦ nàng hãy tạm lánh mình một nơi.	𫫵娘唉暫另𠇮󰓳尼
2260	6	"Nàng rằng: ""Trước đã hẹn lời,"	娘浪畧㐌𭉑𠳒
2261	8	“Dẫu trong nguy hiểm dám RỜI ước xưa!”	酉冲危險敢涞約初
2262	6	Còn đang DÙI dắng ngẩn ngơ,	群當堆孕󰡢󰡣
2263	8	Mé ngoài đã thấy NGỌN cờ tiếng la.	𠃅外㐌体𦰟旗㗂𬫤
2264	6	Giáp binh kéo đến quanh nhà,	甲兵矫且觥茹
2265	8	Đồng THANH cùng GỞI : “Nào là phu nhân?”	同錢拱󰡚芇󰑼夫人
2266	6	Hai bên mười vị tướng quân,	𠄩边𨑮位將軍
2267	8	Đặt gươm cởi giáp trước sân khấu đầu.	撻鎌桧甲畧𡑝叩頭
2268	6	Cung nga thể nữ nối sau,	宮娥彩女綏𪢈
2269	8	"Rằng: ""Vâng lệnh chỉ rước chầu vu qui."""	浪𠳐令旨逴朝于歸
2270	6	Sẵn sàng phượng liễn loan nghi,	産床鳯輦鸾󰀩
2271	8	Hoa quan giấp giới hà y RÕ RÀNG .	花冠𤎒𤈪霞衣𤑟𤉜
2272	6	Dựng cờ nổi trống lên đường,	鄧旗浽𪔠𨖲塘
2273	8	Trúc tơ nổi trước đào vàng kéo sau.	竹絲浽畧桃鐄矫𨍦
2274	6	Hoả bài tiền lộ ruổi mau,	火碑前路󰖁毛
2275	8	Nam đình nghe động trống chầu đại doanh.	南庭𦖑動𫪹朝大营
2276	6	Kéo cờ luỹ phát súng thành,	矫旗壘發銃城
2277	8	Từ công ra ngựa thân nghênh cửa ngoài.	徐公𦋦馭親迎𫔳外
2278	6	Rỡ mình lạ vẻ cân đai,	焒𠇮𨔍𨤔帶巾
2279	8	Hãy còn hàm én mày ngài như xưa.	唉群𦛜燕眉𧍋如初
2280	6	"Cười rằng: ""Cá nước duyên ưa,"	唭浪󰠩渃緣於
2281	8	"""Nhớ lời nói những bao giờ hay không?"	𢖵𠳒呐仍包除咍空
2282	6	"""Anh hùng mới biết anh hùng,"	𮎦䧺買別𮎦䧺
2283	8	"""Rày xem phỏng đã cam lòng ấy chưa?"""	𣈙袩倣㐌甘𢚸意渚
2284	6	"Nàng rằng: ""Chút phận ngây thơ,"	娘浪󰡑分𬏝䜹
2285	8	"""Cũng may dây cát được nhờ bóng cây."	拱埋𦀊葛特洳䏾核
2286	6	"""Đến bây giờ mới thấy đây,"	旦悲徐買体低
2287	8	"""Mà lòng đã chắc những ngày một hai."""	麻𢚸㐌聀仍𣈜𠬠𠄩
2288	6	Cùng nhau trông mặt cả cười,	拱饒𬂙󰘚奇唭
2289	8	Dan tay về chốn trướng mai tự tình.	󰇶𢬣𧗱准帳梅叙情
2290	6	Tiệc bày thưởng tướng khao binh,	席排賞將󰍁兵
2291	8	Om thòm trống trận rập rình nhạc quân.	喑󰝂𫪹陣習情楽軍
2292	6	Vinh hoa bõ THUỞ phong trần,	荣花補課󰘩塵
2293	8	Chữ tình ngày lại thêm THÂN một ngày.	𡦂情𣈜吏添親𠬠𣈜
2294	6	Trong quân NHÂN lúc VUI vầy,	𥪝軍因六𢞂𡆫
2295	8	Thong dong mới kể sự ngày hàn vi:	從容買計事𣈜寒微
2296	6	Khi Vô Tích khi Lâm tri,	欺󰟁錫欺臨淄
2297	8	Nơi thì lừa đảo nơi thì xót thương.	尼時𩢬倒尼時㤕傷
2298	6	Tấm thân rày đã nhẹ nhàng,	󰌺身𣈙㐌珥讓
2299	8	Chút còn ân OÁN đôi đường chưa xong.	󰡑群恩愛堆塘渚衝
2300	6	Từ công nghe hết thuỷ chung,	徐公𦖑歇始終
2301	8	Bất bình nổi giận đùng đùng sấm vang.	不平浽陣同同𩆐󰠓
2302	6	Nghiêm quân chọn tướng sẵn sàng,	嚴軍𪮙將産床
2303	8	Dưới cờ một lệnh vội vàng ruổi sao.	󰡎旗𠬠令倍傍󰖁𣋀
2304	6	Ba quân chỉ ngọn cờ đào,	𠀧軍指𦰟旗桃
2305	8	Đạo ra Vô Tích đạo vào Lâm tri.	道𦋦󰀡錫道𠓨臨淄
2306	6	Mấy người phụ bạc xưa kia,	󰋇㝵負泊初箕
2307	8	Chiếu danh TÌM CHỌN bắt về ĐỢI tra.	照名尋𪮙扒𧗱待查
2308	6	Lại sai lệnh tiễn truyền qua,	吏差令箭傳戈
2309	8	Giữ giàng họ Thúc một nhà cho yên.	𪧚床户束𠬠茹朱安
2310	6	Mụ quản gia vãi Giác Duyên,	媒宦家娓𮗓緣
2311	8	Cũng sai lệnh tiễn đem tin rước mời.	拱差令節󰝂信逴𠶆
2312	6	Thệ sư kể hết mọi lời,	誓師計歇每𠳒
2313	8	Lòng lòng cũng giận người người chấp uy.	𢚸𢚸拱𠻆㝵㝵执威
2314	6	Đạo trời BÁO phục chỉn ghê,	道𡗶报復㐱稽
2315	8	Khéo thay một mẻ tóm về đòi nơi.	窖台𠬠󰀮糝𧗱隊尼
2316	6	Quân trung gươm lớn giáo dài,	軍中鎌𢀲槊𨱽
2317	8	Vệ trong thị lập cơ ngoài song phi.	𧗱冲侍立奇外双披
2318	6	Sẵn sàng tể chỉnh uy nghi,	産床󰟴整威󰀩
2319	8	Bác đồng chật đất tinh kỳ VẦY sân.	博銅秩坦旌旗󰡱𡑝
2320	6	Trướng hùm mở giữa trung quân,	帳𤞻𨷑𡨌中軍
2321	8	Từ công sánh với phu nhân cùng ngồi.	徐公聘貝夫人拱𡎢
2322	6	Tiên nghiêm trống chửa dứt hồi	先嚴𫪹渚𠞹回
2323	8	Điểm danh trước dẫn chực ngoài cửa viên.	點名𫏾引直外㪯轅
2324	6	"Từ rằng: ""Ân oán hai bên,"	徐浪恩怨𠄩边
2325	8	"""Mặc nàng xử quyết báo đền cho minh."""	默娘處决报填朱明
2326	8	Nàng rằng: “ NHỜ cậy uy linh,	娘浪洳𢚁威灵
2327	8	"""Hãy xin báo đáp ân tình cho phu."	唉嗔报答恩情朱孚
2328	6	“Báo ân rồi sẽ GIẢ thù.”	报恩耒仕者𫌵
2329	8	Từ rằng: “Việc ấy ĐÂY cho mặc nàng.”	徐浪役意低朱默娘
2330	6	Cho gươm TRUY đến Thúc lang,	朱鎌追旦束郎
2331	8	Mặt như chàm đổ thân dường [dẽ/cầy] run.	󰘚如藍覩身羕󰕵󰠖
2332	6	"Nàng rằng: ""Nghĩa nặng nghìn non,"	娘浪󰒂𥘀𠦳𡽫
2333	8	"""Lâm tri người cũ chàng còn nhớ không?"	臨淄㝵󱀄払群𢖵空
2334	8	“Sâm Thương chẳng vẹn chữ ĐỒNG ,	参商󰝸院𡦂同
2335	8	"""Tại ai, há dám phụ lòng cố nhân?"	在埃呵敢負𢚸故人
2336	6	"""Gấm trăm cuốn bạc nghìn cân,"	錦𤾓捲泊𠦳斤
2337	8	“Tạ lòng dễ xứng BÁO ân gọi là.	謝𢚸易称垠恩哙󰑼
2338	6	"""Vợ chàng quỷ quái tinh ma,"	㛪払鬼恠精魔
2339	8	"""Phen này kẻ cắp bà già gặp nhau."	畨尼几𠎨󰜏𫅷及饒
2340	6	"""Kiến bò miệng chén chưa lâu,"	蜆𨁏𠰘󱋓渚𥹰
2341	8	"""Mưu sâu cũng giả nghĩa sâu cho vừa."""	謀溇拱者󰒂溇朱皮
2342	6	Thúc sinh trông mặt bấy giờ,	束生𬂙󰘚闭除
2343	8	BỒ hôi chàng đã như mưa ướt dầm.	蒲洃払㐌如湄𣿌滛
2344	6	Lòng riêng mừng sợ khôn cầm,	𢚸貞𢜠𢜝坤扲
2345	8	Sợ thay MÀ lại mừng thầm cho ai.	𢜝台麻吏𢜠󰠐朱埃
2346	6	Mụ già sư trưởng thứ hai,	媒𫅷師長次𠄩
2347	8	Thoắt đưa đến trước vội mời RƯỚC LÊN .	脱迻且畧倍𨑮逴蓮
2348	6	Dắt tay mở mặt cho nhìn:	𢴑𢬣𨷑󰘚朱𥚆
2349	8	"""Hoa nô kia với Trạc Tuyền cũng tôi."	花怒箕貝濯泉拱碎
2350	6	"""Nhớ khi lỡ bước sẩy vời,"	𢖵欺侶𨀈仕潙
2351	8	"""Non vàng chưa dễ đền bồi tấm thương."	𡽫鐄渚易填倍󰌺傷
2352	6	"""Nghìn vàng gọi chút lễ thường."	𠦳鐄哙㤕礼常
2353	8	“ MỐI lòng Phiếu mẫu mấy vàng cho cân.”	媒𢚸漂母󰋇鐄朱斤
2354	6	Hai người trông mặt tần ngần,	𠄩㝵𬂙󰘚秦銀
2355	8	Nửa phần khiếp sợ nửa phần mừng vui.	姅分怯𢜝姅分𢜠盃
2356	6	"Nàng rằng: ""Xin hãy rốn ngồi,"	娘浪嗔唉󰟱𡎢
2357	8	"""Xem cho rõ mặt biết tôi báo thù."""	袩朱𤑟󰘚別碎报𫌵
2358	6	Kíp truyền chư tướng hiến phù.	急傳諸將献俘
2359	8	Lại đem các tích phạm tù hầu tra.	吏󰝂各跡犯囚候查
2360	6	Dưới cờ gươm tuốt MAI ra,	󰡎旗鎌捽埋𦋦
2361	8	Chính danh thủ phạm tên là Hoạn thư.	正名首犯𠸜󰑼宦姐
2362	6	XA trông nàng đã chào SƠ:	賒𬂙娘㐌嘲初
2363	8	"""Tiểu thư cũng có bây giờ đến đây!"	小姐拱󰡏碑徐旦低
2364	6	"""Đàn bà dễ có mấy tay,"	弹󰜏易󰡏󰋇𢬣
2365	8	"""Đời xưa mấy mặt đời này mấy gan!"	𠁀初󰋇󰘚𠁀尼󰋇肝
2366	8	“ DẼ dàng là thói hồng nhan,	易揚󰑼𫗁紅顔
2367	8	"""Càng cay ngặt lắm càng oan trái nhiều!"""	強荄󰠘𡗋強寃債𡗉
2368	6	Hoạn Thư phách lạc hồn xiêu,	宦姐魄落魄漂
2369	8	Khấu đầu dưới trướng LỰA điều kêu ca.	叩頭󰡎帳捛調呌𰙔
2370	6	Rằng: “Tôi chút DẠ đàn bà,	浪碎㤕胣弹󰜏
2371	8	"""Ghen tuông thì cũng người ta thường tình."	悭𡀢時拱㝵些常情
2372	6	"""Nghĩ cho khi gác viết kinh,"	𢪀朱欺阁曰經
2373	8	"""Với khi khỏi cửa dứt tình chẳng theo."	貝欺塊㪯𢴑情󰝸蹺
2374	6	“Lòng riêng riêng CŨNG kính yêu,	𢚸貞貞拱敬腰
2375	8	"""Chồng chung chưa dễ ai chiều cho ai."	𫯳鍾渚易埃朝朱埃
2376	6	"""Trót lòng gây việc chông gai,"	律𢚸𨠳役蔠荄
2377	8	"""Còn nhờ lượng bể thương bài nào chăng."""	群𢘾量𣷭傷排芇庄
2378	6	"Khen cho: ""Thật đã nên rằng,"	𠸦朱实㐌𢧚浪
2379	8	"""Khôn ngoan đến mực nói năng phải lời,"	坤頑旦墨呐能沛𠳒
2380	6	"""Tha ra thì cũng may đời,"	他𦋦時拱理𠁀
2381	8	"""Làm ra thì cũng ra người nhỏ nhen."	爫𦋦時拱𦋦㝵𡮈然
2382	6	"""Đã lòng tri quá thời nên."""	㐌𢚸知過時𢧚
2383	8	"""Truyền quân lệnh xuống trướng tiền tha ngay."""	傳軍令𬺗帳前他𣦍
2384	6	Tạ lòng lạy trước sân mây,	謝𢚸𥛉畧𡑝𫡮
2385	8	Cửa viên lại dắt một dây dẫn vào.	㪯辕吏𢴑𠬠𦀊引𠓨
2386	6	"Nàng rằng: ""lộng lộng trời cao,"	娘浪弄弄𡗶高
2387	8	"""Hại nhân nhân hại sự nào tại ta!"	害人人害事芇在些
2388	6	Trước là Bạc Hạnh Bạc bà,	畧󰑼泊倖泊󰜏
2389	8	Bên là Ưng Khuyển bên là Sở Khanh.	边󰑼鷹犬边󰑼楚卿
2390	6	Tú bà CÙNG Mã Giám sinh,	秀󰜏拱馬监生
2391	8	CÁC tên tội ấy đáng tình còn sao?	各𠸜罪󰀎登情群牢
2392	6	Lệnh quân truyền xuống nội đao,	令軍传𫴋内力
2393	8	Thề sao thì lại cứ sao gia hình.	誓牢時吏拠牢加刑
2394	6	Máu rơi thịt nát tan tành,	𧖱淶𦧘󰞺散情
2395	8	Ai ai trông thấy hồn kinh phách rời.	埃埃𬂙体魂󰟹魄涞
2396	6	Cho hay muôn sự tại trời,	朱台𬮙事在𡗶
2397	8	Phụ người chẳng bỏ khi người phụ ta.	負㝵拯補欺㝵負些
2398	6	Mấy người bạc ác tinh ma,	󰋇㝵萡惡精魔
2399	8	Mình làm mình chịu kêu mà ai thương!	𠇮爫𠇮𠹾呌麻埃傷
2400	6	Ba quân đông mặt pháp trường.	𠀧軍冬󰘚法場
2401	8	Thanh thiên bạch nhật rõ ràng cho coi.	青天白日𤑟𤉜朱𫀢
2402	6	Việc nàng báo phục vừa rồi,	𭛣娘报復皮耒
2403	8	Giác Duyên vội đã gởi lời từ qui.	𮗓緣倍㐌𠳚𠳒辞󰆕
2404	6	"Nàng rằng: ""Thiên tải nhất thì,"	娘浪千載壹時
2405	8	"""Cố nhân đã dễ mấy khi bàn hoàn."	故人㐌易󰋇欺盘桓
2406	6	"""Rồi đây bèo hợp mây tan,"	耒低䕯合迷散
2407	8	“Biết đâu hạc nội mây NHÀN là đâu.	別󰠲䳽内𫡮𫔮󰑼󰠲
2408	6	Sư rằng: “Cũng chẳng MẤY lâu,	師浪拱拯󰋇𥹰
2409	8	"""Trong năm năm lại gặp nhau đó mà."	冲𠄼𢆥吏及燒妬麻
2410	6	"""Nhớ ngày hành cước phương xa,"	汝𣈜行脚方賒
2411	8	"""Gặp sư Tam hợp vốn là tiên tri."	及師三合本󰑼先知
2412	6	"""Bảo cho hội hợp chi kỳ,"	保朱会合之期
2413	8	"""Năm nay là một nữa thì năm năm."	𢆥󰅒󰑼𠬠女時𠄼𢆥
2414	6	"""Mới hay tiền định chẳng lầm,"	買咍前定󰝸啉
2415	8	"""Đã tin điều trước ắt nhằm việc sau."	㐌信調畧乙𥄮𭛣娄
2416	6	"""Còn nhiều ân ái với nhau,"	群𡗉恩爱貝饒
2417	8	"""Cơ duyên nào đã hết đâu vội gì!"""	机緣芇㐌歇󰠲倍之
2418	6	"Nàng rằng: ""Tiền định tiên tri,"	娘浪前定先知
2419	8	"""Lời sư đã dạy ắt thì chẳng sai."	𠳒師㐌𠰺乙時庄差
2420	6	"""Hoạ bao giờ có gặp người,"	禍包徐󰡏及㝵
2421	8	"""Vì tôi cậy hỏi một lời chung thân."""	爲碎𢚁𠳨𠬠𠳒終身
2422	6	Giác Duyên vâng dặn ân cần,	𮗓緣𠳐引慇懃
2423	8	Tạ từ thoắt đã dời chân cõi ngoài.	謝辞脱㐌移蹎𡎝外
2424	6	Nàng từ ân oán rạch ròi,	娘自恩怨𫼢𢬗
2425	8	SÁT oan dường đã vơi vơi GÓC lòng.	殺寃󰟯㐌潙潙𮗓𢚸
2426	6	Tạ ơn lạy trước Từ công:	謝恩𥛉畧徐公
2427	8	“ CHÚT thân bồ liễu nào mong có rày!	拙身蒲柳芇蒙󰡏𣈙
2428	6	"""Trộm nhờ sấm sét ra tay,"	濫洳𩆐𩂶𦋦𢬣
2429	8	"""Tấc riêng như cất gánh đầy đổ đi,"	𡬷貞如拮梗苔覩𠫾
2430	6	"""Chạm xương chép dạ xiết chi,"	𪮻昌劄胣掣之
2431	8	"""Dễ đem gan óc đền nghì trời mây!"""	易󰝡肝腛填󰀩𡗶𫡮
2432	6	"Từ rằng: ""Quốc sĩ xưa nay,"	徐浪国士㧅󰅒
2433	8	"""Chọn người tri kỷ một ngày được chăng?"	𪮙㝵知己𠬠𣈜特庒
2434	6	"""Anh hùng tiếng đã gọi rằng,"	𮎦䧺㗂㐌哙浪
2435	8	"""Giữa đường dẫu thấy bất bằng mà tha!"	𡨌塘酉体不平麻他
2436	6	"""Huống chi việc cũng việc nhà,"	况之𭛣拱𭛣茹
2437	8	"""Lọ là thâm tạ với là tri ân."	路󰑼深謝買󰑼知恩
2438	6	"""Xót nàng còn chút song thân,"	㤕娘群𡮍双親
2439	8	“ BÂY nay kẻ Việt người Tần cách xa.	悲󰅒几越㝵秦隔賒
2440	8	“ SAO cho muôn dặm một nhà,	牢朱𬮙埮𠬠茹
2441	8	"""Cho người thấy mặt là ta cam lòng."""	朱㝵体󰘚󰑼些甘𢚸
2442	6	Vội truyền sửa tiệc quân trung,	倍傳所席軍中
2443	8	Muôn binh nghìn tướng hội đồng tẩy oan.	𬮙兵𠦳將会同洗寃
2444	6	Thừa cơ trúc chẻ ngói tan,	乘机竹扯󰏓散
2445	8	Binh uy từ ấy sấm ran trong ngoài.	兵威自意𩆐灡𥪝外
2446	6	Triều đình riêng một góc trời,	朝庭貞𠬠谷𡗶
2447	8	Gồm hai văn võ rạch đôi sơn hà.	𫡂𠄩文武𫼢堆山何
2448	6	Đòi cơn gió quét mưa sa,	隊干󰊄撅湄沙
2449	8	Huyện thành đạp đổ năm toà cõi Nam.	縣城踏覩𢆥座𡎝南
2450	6	Phong trần mài một lưỡi gươm,	風塵𥕄𠬠𥚇鎌
2451	8	Những loài giá áo túi cơm sá gì.	仍類架襖襊粓詫之
2452	6	Nghênh ngang một cõi biên thuỳ,	迎昂𠬠𡎝边陲
2453	8	THIẾU gì cô quả THIẾU gì bá vương!	少之孤寡少之𬡹王
2454	6	Trước cờ ai dám tranh cường,	畧旗埃敢争強
2455	8	Năm năm hùng cứ một phương hải tần.	𠄼𢆥䧺拠𠬠方海瀕
2456	6	Có quan tổng đốc trọng thần,	󰡏官總督重臣
2457	8	Là Hồ Tôn Hiến kinh luân gồm tài.	󰑼胡宗憲經綸𫡂才
2458	6	DẪY xe vâng chỉ đặc sai,	𢩽車𠳐旨特差
2459	8	Tiện nghi bát tiễu việc ngoài đổng nhung.	便宜八勦𭛣外董戈
2460	6	Biết Từ là đấng anh hùng,	別徐󰑼𨅸𮎦䧺
2461	8	Biết nàng cũng dự quân trung luận bàn.	別娘拱預軍中論盘
2462	6	Đóng quân làm chước CHIÊU an,	㨂軍爫斫招安
2463	8	Ngọc vàng gấm vóc sai quan thuyết hàng.	玉鐄錦󰑀差官説降
2464	6	Lại riêng một LỄ với nàng,	吏貞𠬠礼貝娘
2465	8	Hai tên thể nữ ngọc vàng nghìn cân.	𠄩𠸜彩女玉鐄𠦳斤
2466	6	Tin vào gửi trước trung quân,	信𠓨㗇畧中軍
2467	8	Từ công riêng NGHĨ mười phân hồ đồ.	徐公貞𪟽𨑮分糊塗
2468	6	Một tay gây dựng cơ đồ,	𠬠𢬣𨠳鄧基圖
2469	8	Bây lâu bể Sở sông Ngô tung hoành.	碑𥹰𣷭楚滝吳縱横
2470	6	Bó thân về với triều đình,	抪身󰡲貝朝庭
2471	8	Hàng thần lơ láo phận mình ra đâu?	降臣盧老分𠇮𦋦󰠳
2472	6	Áo xiêm buộc trói lấy nhau,	襖襜纀𬗔𥙩饒
2473	8	Vào luồn ra cúi công hầu mà chi?	𠓨倫𦋦󱖺公候麻之
2474	6	Sao bằng riêng một biên thuỳ,	牢朋貞𠬠边陲
2475	8	Sức này đã dễ làm gì được nhau!	飭尼㐌易爫之特饒
2476	6	Chọc trời quấy nước mặc dầu,	濁𡗶𢭴渃默油
2477	8	Dọc ngang nào biết trên đầu có ai!	育昂芇別𨕭頭󰡏埃
2478	6	Nàng thì thật dạ tin người,	娘時实胣信㝵
2479	8	Lễ nhiều nói ngọt nghe lời dễ xiêu.	礼𡗉呐𠮾𦖑𠳒易󰖫
2480	6	THÌ mình mặt nước cánh bèo,	時𠇮𩈘渃𦑃䕯
2481	8	Đã nhiều lưu lạc ĐÃ nhiều gian truân.	㐌𡗉流落㐌𡗉󰠡屯
2482	6	Bằng nay chịu tiếng vương thần.	平󰅒𠹾㗂王臣
2483	8	Thênh thênh đường cái thanh vân hẹp gì!	青青塘丐青雲俠之
2484	6	Công tư vẹn cả hai bề,	公私院奇𠄩皮
2485	8	Dần dà rồi sẽ liệu về cố hương.	寅夜耒仕料󰡲故鄕
2486	6	Cũng ngôi mệnh phụ đường đường,	拱𡾵𠇮婦堂堂
2487	8	Nở nang mày mặt rỡ ràng mẹ cha.	𦬑囊𠋥󰘚焒𠒥媄吒
2488	6	Trên vì nước dưới vì nhà,	𨕭爲渃󰡎爲茹
2489	8	Một là đắc hiếu hai là đắc trung.	𠬠󰑼得孝𠄩󰑼得忠
2490	6	Chẳng hơn chiếc bách giữa dòng,	󰝸欣隻栢𫡉𣳔
2491	8	E dè sóng gió hãi hùng cỏ hoa.	𠲖提㳥𫗄駭䧺𦹵花
2492	6	Nhân khi bàn bạc gần xa,	因欺盘萡𧵆賒
2493	8	Thừa cơ nàng mới bàn ra nói vào.	乘机娘買盘𦋦呐𠓨
2494	8	Rằng: “ TRONG thánh ĐẾ dồi dào,	浪𥪝圣帝𣼭󰠢
2495	8	"""Tưới ra đã khắp thấm vào đã sâu."	洒𦋦㐌泣渗𠓨㐌溇
2496	6	"""Bình thành công đức bấy lâu,"	平成功德闭𥹰
2497	8	“Ai ai cũng đội trên đầu BIẾT bao.	埃埃拱隊𨕭頭別包
2498	6	"""ngẫm từ dấy việc binh đao,"	𡄎自𧻭𭛣兵刀
2499	8	"""Đống xương Vô Định đã cao bằng đầu."	埬𩩫󰟁定㐌高平頭
2500	6	"""Làm chi để tiếng về sau,"	爫之抵㗂󰡲𨍦
2501	8	“Nghìn năm ai có khen đâu HOÀNG Sào!	𠦳𢆥埃󰡏𠸦󰠲亥巢
2502	6	"""Sao bằng lộc trọng quyền cao,"	牢平祿重權高
2503	8	“Công danh ai DẮT lối nào cho qua?”	功名埃𢴑𨇒芇朱戈
2504	6	Nghe lời nàng nói mặn mà,	𦖑𠳒娘呐𠼦麻
2505	8	Thế công Từ mới trở ra thế HÀNG .	󰟨攻徐買阻𦋦世長
2506	6	Chỉnh nghi tiếp sứ vội vàng,	整󰀩接使倍傍
2507	8	Hẹn kỳ thúc giáp quyết đường giải binh.	限期束甲决塘觧兵
2508	6	Tin lời thành hạ yêu minh,	信𠳒城下要盟
2509	8	Ngọn cờ ngơ ngác trống canh trễ tràng.	𦰟旗󰡣咢𫪹更雉長
2510	6	Việc BINH bỏ chẳng giữ giàng,	𭛣矢補庄𪧚床
2511	8	Vương sư dòm đã tỏ tường thực hư.	王師𥉰㐌訴詳实虚
2512	6	Hồ công quyết kế thừa cơ,	胡公决计乘机
2513	8	Lễ tiên binh hậu khắc cờ tập công.	礼先兵後刻期裏攻
2514	6	Kéo cờ chiêu phủ tiên phong,	矫旗招府先峰
2515	8	Lễ nghi dàn trước bác đồng phục sau.	礼󰀩攔畧搏銅伏娄
2516	6	Từ công hờ hững biết đâu?	徐公哬𠾿別󰠲
2517	8	Đại quan lễ phục ra đầu cửa viên.	大官礼服𦋦頭㪯轅
2518	6	Hồ công ám hiệu trận tiền,	胡公暗号陣前
2519	8	Ba bề phát súng bốn bên kéo cờ.	𠀧皮發銃𦊚边矯旗
2520	6	Đang khi bất ý chẳng ngờ,	登欺不意庄𪟽
2521	8	Hùm thiêng khi đã sa cơ cũng hèn.	𤞻𤍌欺㐌沙机拱𪬡
2522	6	Tử sinh liều giữa trận tiền,	死生料𡨌陣前
2523	8	Dạn dày cho biết gan liền tướng QUÂN .	弹苔朱別肝連將軍
2524	6	Khí thiêng khi đã về thần,	氣𤍌欺㐌󰡲神
2525	8	Nhơn nhơn còn đứng chôn chân giữa VÒNG .	然然群𨅸墫蹎𠓨𫒥
2526	6	Trơ như đá vững như đồng,	猪如𥒥凭如銅
2527	8	Ai lay chẳng chuyển ai rung chẳng rời.	埃𢯦庄轉埃𢫝庄移
2528	6	Quan QUÂN truy sát ĐUỔI dài,	官軍追殺-𨱽
2529	8	Ù Ù sát khí ngất trời ai đang.	𠶑𠶑殺氣𩁶𡗶埃󰎒
2530	6	Trong hào ngoài luỹ tan hoang,	冲壕外壘散塃
2531	8	Loạn quân vừa dắt tay nàng đến nơi,	乱軍皮𢴑𢬣娘旦尼
2532	6	Trong vòng tên đá bời bời,	冲妄𥏌𥒥排排
2533	8	Thấy Từ còn đứng giữa trời trơ trơ.	体徐群𨅸𡨌𡗶猪猪
2534	6	"Khóc rằng: ""Trí dũng có thừa,"	哭浪智勇󰡏乘
2535	8	"""Bởi nghe lời thiếp đến cơ hội này!"	𪽝𦖑𠳒妾旦机会尼
2536	6	"""Mặt nào trông thấy nhau đây?"	󰘚芇𬂙体饒低
2537	8	“ THÈ liều sống CHẾT một ngày với nhau.”	時料𤯩𣨰𠬠𣈜貝僥
2538	6	Dòng thu như XỐI cơn sầu,	𣳔秋如󰋞干愁
2539	8	Dứt lời nàng cũng gieo đầu một bên.	𢴑𠳒娘拱招頭𠬠边
2540	6	Lạ thay oan khí tương triền!	𨔍台寃氣相纏
2541	8	Nàng vừa phục xuống Từ liền ngã ra.	娘皮伏下徐連我𦋦
2542	6	Quan quân kẻ lại người qua,	官軍几吏㝵戈
2543	8	Xót nàng sẽ lại vực ra dần dần.	㤕娘仕吏域𦋦寅寅
2544	6	Đem vào đến trước trung quân,	󰝂𠓨旦畧中軍
2545	8	Hồ công thấy mặt ân cần hỏi han.	胡公体󰘚慇懃𠳨嘆
2546	6	"Rằng: ""Nàng chút phận hồng nhan,"	浪娘𫵀分紅顔
2547	8	Gặp cơn binh cách nhiều nàn cũng thương.	及干兵革𡗉𮥷拱傷
2548	6	Đã hay thành toán miếu đường,	㐌台成筭庙堂
2549	8	Giúp công cũng có lời nàng mới nên.	𢩾功拱󰡏𠳒娘買𢧚
2550	6	"""Bây giờ sự đã vẹn tuyền,"	碑徐事㐌萬全
2551	8	“Mặc lòng nghĩ ĐÓ muốn xin bề nào.”	默𢚸議妬悶嗔皮芇
2552	8	Nàng càng NHỎ ngọc TUÔN DÀO ,	娘強𥮊玉𣻆𩆋
2553	8	Ngập ngừng mới gởi thấp cao sự lòng.	吸󰡤買𠳚湿高事𢚸
2554	6	"Rằng: ""Từ là đấng anh hùng,"	浪徐󰑼𨅸𮎦䧺
2555	8	"""Dọc ngang trời rộng vẫy vùng bể khơi."	育昂𡗶𢌌尾漨𣷭𣾺
2556	6	Tin tôi nên quá nghe lời,	信碎𢧚过𦖑𠳒
2557	8	ĐƯA thân bách chiến làm tôi triều đình.	迻身百戰爫碎朝庭
2558	6	"""Ngỡ là phu quí phụ vinh,"	語󰑼夫貴婦荣
2559	8	"""Ai ngờ một phút tan tành thịt xương!"	埃𪟽𠬠丿散情𦧘昌
2560	6	"""Năm năm trời bể ngang tàng."	𠄼𢆥𡗶𣷭昂藏
2561	8	ĐEM mình đi bỏ chiến trường như không.	󰝂𠇮𠫾補戰場如空
2562	6	Khéo khuyên kể lấy làm công,	窖勸計𥙩爫功
2563	8	"""Kể bao nhiêu lại đau lòng bấy nhiêu!"	計包饒吏𤴬𢚸闭饒
2564	6	"""Xét mình công ít tội nhiều,"	察𠇮功𠃣罪𡗉
2565	8	"""Sống thừa tôi đã nên liều mình tôi."	𤯩乘碎㐌𢧚料𠇮碎
2566	6	"""Xin cho thiển thổ một doi,"	嗔朱浅土𠬠堆
2567	8	“Gọi là đắp ĐỂ lấy người tử sinh.”	哙󰑼答底𥙩㝵死生
2568	6	Hồ công nghe nói thương tình,	胡公𦖑呐傷情
2569	8	Truyền cho kiểu táng di hình bên sông.	傳朱藁葬遺形边滝
2570	6	Trong quân mở tiệc hạ công,	冲軍𨷑席賀功
2571	8	Xôn xao tơ trúc hội đồng quân quan.	𠮿嗃絲竹会同軍官
2572	6	Bắt nàng thị yến dưới màn,	扒娘侍晏󰡎幔
2573	8	Dở say lại ép VẶN đàn nhặt tâu.	󰇥醝吏押紊弹日奏
2574	6	Một cung gió TỦI mưa sầu,	𠬠宮𫗄悴湄愁
2575	8	Bốn CUNG NHỎ máu năm đầu ngón tay.	𦊚宮㳶𧖱𠄼頭𦰟𢬣
2576	6	Ve ngâm vượn hót nào tầy,	蟡吟猿唿芇󰟴
2577	8	Lọt tai Hồ cũng nhăn mày rơi châu.	律𦖻胡拱𤶑眉淶珠
2578	6	"Hỏi rằng: ""Này khúc ở đâu?"	𠳨浪尼曲扵󰠲
2579	8	"""Nghe ra muôn oán nghìn sầu lắm thay!"""	𦖑𦋦𬮙怨𠦳愁𡗋台
2580	6	Thưa rằng: “Bạc PHẬN khúc này,	䜹浪萡分曲尼
2581	8	"""Phổ vào đàn ấy những ngày còn thơ."	譜𠓨弹󰀎仍𣈜群𦭟
2582	6	"""Cung đàn lựa những ngày xưa."	宮弹𢫘仍𣈜初
2583	8	"""Mà gương bạc mệnh bây giờ là đây!"""	麻𦎛萡𠇮悲除󰑼低
2584	6	Nghe càng đắm ĐẮM càng say,	𦖑強󰠐󰠐強醝
2585	8	Lạ cho mặt sắt cũng ngây vì tình!	𨔍朱󰘚铁拱𬏝爲情
2586	6	"Dạy rằng: ""Hương lửa ba sinh."	𠰺浪香火𠀧生
2587	8	"""Dây loan xin nối cầm lành cho ai."""	𦀊鸞嗔綏琹冷朱埃
2588	6	"Thưa rằng: ""xót phận lạc loài."	䜹浪㤕分落𩑛
2589	8	"""Trong mình nghĩ đã có người thác oan."	𥪞𠇮𢪀㐌󰡏㝵托寃
2590	6	"""Còn chi nữa cánh hoa tàn,"	群之女𦑃花殘
2591	8	"""Tơ lòng đã dứt dây đàn Tiểu Lân."	絲𢚸㐌𢴑𦀊弹小憐
2592	6	“Rộng CHO còn mảnh hồng quần,	𢌌朱群𤗖紅裙
2593	8	"""Hơi tàn được thấy gốc phần là may."""	唏殘特体㭲枌󰑼埋
2594	6	Hạ công chén đã quá say,	賀功𡃹㐌过醝
2595	8	Hồ công đến lúc rạng ngày nhớ ra.	胡公旦六𠓇𣈜𢖵𦋦
2596	6	Nghĩ mình phương diện quốc gia,	𢪀𠇮方靣国家
2597	8	Quan trên nhắm xuống người ta trông vào.	官𨕭𥄮𫴋𠊛些𬂙𠓨
2598	6	Phải tuồng trăng gió hay sao.	沛從𦝄𫗄咍牢
2599	8	Sự này biết tính thế nào được đây?	事尼別併世芇特低
2600	6	TẢO nha vừa buổi sáng ngày,	早衙皮𣇜𠓇𣈜
2601	8	Quyết tình CÔNG mới đoán ngay một bài.	决情公買断𣦍𠬠排
2602	6	Lệnh quan ai dám HAN lời,	令官埃敢嘆𠳒
2603	8	Ép tình LÀ gán cho người thổ quan.	押情買擀朱㝵土官
2604	6	Ông tơ thật nhẽ đa đoan!	𪪳絲实𠰚𥒥端
2605	8	Xe tơ CHỬA khéo: vơ CÀN vơ xiên!	車絲渚󱋙撝乾撝千
2606	6	Kiệu hoa áp thẳng xuống thuyền,	󰖛花押𬆅𫴋船
2607	8	Lá màn rủ thấp ngọn đèn khêu cao.	𦲿幔𢷀湿𦰟畑挑高
2608	6	Nàng càng ủ liễu phai đào,	娘強塢柳派桃
2609	8	Trăm phần nào có phần nào phần tươi?	𤾓分芇󰡏分芇分鮮
2610	6	Đành thân cát DẬP sóng vùi,	停身吉拉㳥𣼯
2611	8	Cướp công cha mẹ thiệt đời thông minh.	刼功吒媄舌𠁀聰明
2612	6	Chân trời mặt biển lênh đênh,	蹎𡗶󰘚𣷭泠汀
2613	8	Nắm xương biết gửi tử sinh chốn nào?	埝昌別改死生准芇
2614	6	Duyên đâu ai dứt tơ đào,	緣󰠲埃𢴑絲桃
2615	8	Nợ đâu ai đã dắt vào TẠN tay?	女󰠲埃㐌𢴑𠓨羡𢬣
2616	6	Thân sao thân đến thế này?	身牢身旦势尼
2617	8	Còn ngày nào cũng dư ngày ấy thôi.	群𣈜芇拱餘𣈜𧘇催
2618	6	Đã không biết sống là vui,	㐌空別𤯩󰑼𢝙
2619	8	Hoài thân nào biết thiệt thòi là thương.	𢙇身芇別舌催󰑼傷
2620	6	Một mình cay đắng trăm đường,	󰓳𠇮荄䔲𤾓塘
2621	8	Thôi thì nát ngọc tan vàng thì thôi.	催時󰞺玉散鐄時催
2622	6	Mảnh GƯƠNG đã NGẬM non đoài,	󰡟𦎛㐌唅𡽫兑
2623	8	Một mình luống những đứng ngồi chưa xong.	𠬠𠇮𨻫仍𨅸𡎢渚衝
2624	6	Triều đâu nổi tiếng đùng đùng,	潮󰠲浽㗂同同
2625	8	Hỏi ra mới biết rằng sông Tiền Đường,	𠳨𦋦買別浪滝钱塘
2626	6	Nhớ lời thần mộng rõ ràng,	𢖵𠳒神夢𤑟𤉜
2627	8	Này thôi hết kiếp đoạn trường là đây!	尼催歇刼断膓󰑼低
2628	6	“Đạm Tiên nàng NHẼ CHO hay!	淡仙娘𠰚朱咍
2629	8	“Hẹn ta thì đợi DƯỚI này rước ta.”	限些時待𫴋尼逴些
2630	6	Dưới đèn sẵn bức tiên hoa,	󰡎畑産幅笺花
2631	8	Một thiên tuyệt bút gọi là để sau.	𠬠篇絶笔哙󰑼底𨍦
2632	6	Cửa bồng vội THÁC rèm châu,	𫔳蓬倍托簾珠
2633	8	Trời cao BỂ rộng một màu bao la.	𡗶高𣷭弄蔑牟包󰑼
2634	6	"Rằng: ""Từ Công hậu đãi ta,"	浪徐公厚待些
2635	8	"""Chút vì việc nước mà ra phụ lòng."	𡮍爲𭛣渃麻𦋦負𢚸
2636	6	"""Giết chồng mà lại lấy chồng,"	折𫯳麻吏𥙩𫯳
2637	8	“Mặt nào MÀ LẠI ĐỨNG trong cõi đời?	󰘚芇麻吏𨅸𥪝𡎝𠁀
2638	6	“Thôi thì một THÁC cho rồi,	催時𠬠托朱耒
2639	8	"""Tấm lòng phó mặc trên trời, dưới sông."""	󰌺𢚸付默𨕭𡗶󰡎滝
2640	6	Trông vời con nước mênh mông,	𬂙潙昆渃溟濛
2641	8	Đem mình gieo xuống giữa dòng trường giang.	󰝂𠇮招𫴋𡨌𣳔長江
2642	6	Thổ quan theo vớt vội vàng,	土官蹺𣾼倍鐄
2643	8	Thì đà đắm ngọc chìm hương ĐÃ rồi.	時它󰋖玉沉香㐌耒
2644	6	Thương thay cũng một THÂN người,	傷台拱𠬠身㝵
2645	8	Hại thay mang lấy sắc tài làm chi!	窖台恾𥙩色才爫之
2646	6	Những là oan khổ lưu ly,	仍󰑼寃苦流󰡞
2647	8	Chờ cho hết kiếp còn gì là thân!	除朱歇刼群之󰑼身
2648	6	Mười lăm năm bấy nhiêu lần,	𨑮𠄻𢆥闭饒吝
2649	8	Làm gương cho khách hồng quần thử soi!	爫𦎛朱客紅裙此𤐝
2650	6	Đời người đến thế thì thôi,	𠁀㝵旦势時催
2651	8	Trong cơ ÂM CỰC DƯƠNG HỒI khôn hay.	𥪝机陽極陰回坤台
2652	6	Mấy người VÌ nghĩa xưa nay,	󰋇㝵為󰒂初󰅒
2653	8	Trời làm chi đến LÂU ngày càng thương!	𡗶爫之旦𥹰𣈜強傷
2654	6	Giác Duyên từ tiết giã nàng,	𮗓緣自節啫娘
2655	8	TREO bầu quảy níp rộng đường vân du.	撩䕯掛𫌇𢌌塘雲遊
2656	6	Gặp bà Tam Hợp đạo cô,	及妑三合道姑
2657	8	Thong dong hỏi hết nhỏ to sự nàng:	從容𠳨歇𡮈蘇事娘
2658	6	"""Người sao hiếu nghĩa đủ đường,"	㝵牢孝󰒂覩塘
2659	8	"""Kiếp sao rặt những đoạn trường thế thôi?"""	刼牢秩仍断膓世催
2660	6	"Sư rằng: ""Phúc hoạ đạo trời,"	師浪福禍道𡗶
2661	8	"""Cỗi nguồn cũng ở lòng người mà ra."	桧源拱扵𢚸㝵麻𦋦
2662	6	"""Có trời mà cũng tại ta,"	固𡗶麻拱在些
2663	8	"""Tu là cỗi phúc tình là dây oan."	修󰑼桧福情󰑼𦀊寃
2664	6	"""Thuý Kiều sắo sảo khôn ngoan,"	翠翹色稍坤頑
2665	8	"""Vô duyên là phận hồng nhan đã đành."	󰟁緣󰑼分紅顔㐌停
2666	6	"""Lại mang lấy một chữ tình,"	吏恾𥙩𠬠𡦂情
2667	8	"""Khư khư mình buộc lấy mình vào trong."	墟墟𠇮𢯜𥙩𠇮𠓨冲
2668	6	“Vậy nên những CHỐN thong dong,	丕𢧚仍准從容
2669	8	"""Ở không yên ổn ngồi không vững vàng."	扵空安稳𡎢空凭鐄
2670	6	“Ma GIỦI lối quỷ đem đường,	麻󰈆𨇒鬼󰝡塘
2671	8	“Lại tìm những CHỐN đoạn trường mà đi.	吏尋仍性断膓麻𠫾
2672	6	"""Hết nan ấy đến nạn kia,"	歇𮥷意旦𮥷箕
2673	8	"""Thanh lâu hai lượt thanh y hai lần."	青楼𠄩𦀎青衣𠄩吝
2674	6	"""giữa vòng giáo dựng gươm trần,"	𡧲妄槊鄧鎌陳
2675	8	"""Kề răng hùm sói gửi thân tôi đòi."	掑𪘵𤞻𤢿改身碎隊
2676	6	“Giữa VÒNG nước dẫy sóng giồi,	𡨌妄渃𣲆㳥𣼭
2677	8	“Trước hàm rồng cá gieo MỒI thủy tinh.	畧頷𧏵󰠩招𠇮水星
2678	6	"""Oan kia theo mãi với tình,"	寃箕蹺買貝情
2679	8	"""Một mình mình biết một mình mình hay."	𠬠𠇮𠇮別𠬠𠇮𠇮咍
2680	8	“ LÀM CHO sống đoạ thác đày,	朱爫𤯩墮托苔
2681	8	"""Đoạn trường cho hết kiếp này mới thôi."""	断膓朱歇刼尼買催
2682	6	Giác Duyên nghe nói rụng rời:	𮗓緣𦖑呐𣳔涞
2683	8	"""Một đời nàng nhẽ thương ôi còn gì!"""	𠬠𠁀娘𠰚傷喂群之
2684	6	"Sư rằng: ""Song chẳng hề chi,"	師浪双󰝸兮之
2685	8	"""Nghiệp duyên cân lại nhắc đi còn nhiều."	業緣斤吏𢩮𠫾群𡗉
2686	6	"""Xét trong tội nghiệp Thuý Kiều,"	察𥪝罪業翠翹
2687	8	"""Mắc điều tình ái khỏi điều tà dâm."	默調情爱塊調邪淫
2688	8	“Lấy tình thâm GIẢ TÌNH thâm ,	𥙩情深者情深
2689	8	"""Bán mình đã động hiếu tâm đến trời."	半𠇮㐌動孝心旦𡗶
2690	6	“Hại một người cứu MUÔN người,	害𠬠㝵救𠬠㝵
2691	8	Biết đường khinh trọng biết lời phải chăng.	別塘轻重別𠳒沛庄
2692	6	"""Thửa công đức ấy ai bằng?"	所功󰆙󰀎埃平
2693	8	"""Túc khiên đã rửa lâng lâng sạch rồi."	夙愆㐌𣳮凌凌泟耒
2694	6	"""Khi nên trời cũng chiều người,"	欺𢧚𡗶拱朝㝵
2695	8	"""Nhẹ nhàng nợ trước đền bồi duyên sau."	珥讓女畧填倍緣娄
2696	6	"""Giác Duyên dù nhớ nghĩa nhau,"	𮗓緣油𢖵󰒂饒
2697	8	“Tiền Đường THẢ một BÈ lau rước người.	钱塘旦𠬠𥯤𦰤逴㝵
2698	6	"""Trước sau cho vẹn một lời,"	畧娄朱院𠬠𠳒
2699	8	"""Duyên ta mà cũng phúc trời chi không!"""	緣些麻拱福𡗶之空
2700	6	Giác Duyên nghe nói mừng lòng,	𮗓緣𦖑呐𢜠𢚸
2701	8	Lân la tìm thú bên sông Tiền Đường.	𡑝󰑼尋趣边滝钱塘
2702	6	Đánh tranh chụm nóc thảo đường,	打棦笘𧂭草堂
2703	8	Một gian nước biếc mây vàng chia đôi.	蔑間渃碧𫡮鐄支堆
2704	6	Thuê năm ngư phủ hai người,	𠾔𢆥鱼父𠄩㝵
2705	8	Đóng thuyền chực bến kết chài giăng sông.	㨂船直𣷷結𥾒扛滝
2706	6	Một lòng chẳng quảng mấy công,	𠬠𢚸庄管󰋇功
2707	8	Khéo TRONG gặp gỡ cũng trong CHUYỂN vần!	窖𥪝及𫽻拱𥪝轉運
2708	6	Kiều từ gieo xuống duềnh ngân,	翹自招𫴋溋銀
2709	8	Nước xuôi bỗng đã trôi dần TẠN nơi.	渃𣵶俸㐌㵢寅羡尼
2710	6	Ngư ông kéo lưới vớt người,	魚𪪳𢹣䋥𢵼㝵
2711	8	Gẫm lời Tam Hợp rõ mười chẳng ngoa.	𡄎𠳒三合𤑟𨑮庄吪
2712	6	Trên MAI lướt SƯỚT áo là,	𨕭枚洌𣹕襖󰑼
2713	8	Tuy dầm hơi nước chưa loà bóng gương.	雖滛唏渃渚𤍶䏾𦎛
2714	6	Giác Duyên nhìn thật mặt nàng,	𮗓緣𥚆实󰘚娘
2715	8	Nàng còn thiếp thiếp giấc vàng chưa phai.	娘群帖帖聀鐄渚泒
2716	6	Mơ màng phách quế hồn mai,	𢠩恾魄桂魂梅
2717	8	Đạm Tiên thoắt LẠI thấy người ngày xưa.	淡仙脱㐌体㝵𣈜初
2718	6	Rằng: “Tôi đã có lòng chờ,	浪碎㐌󰡏𢚸徐
2719	8	“Mất công ĐÃ mấy năm thừa ở đây.	秩功㐌󰋇𢆥乘扵低
2720	6	“Chị sao phận mỏng ĐỨC dày,	姉牢分蒙󱉎𠫅
2721	8	"""Kiếp này cũng vậy lòng này dễ ai!"	刼尼供丕𢚸尼易埃
2722	6	"""Tấm thành đã thấu đến trời,"	𬌓誠㐌透旦𡗶
2723	8	"""Bán mình là hiếu cứu người là nhân"	半𠇮󰑼孝救㝵󰑼仁
2724	6	“Một MÌNH vì nước vì dân.	𠬠𠇮爲渃爲民
2725	8	“ DƯƠNG công cất một đồng cân đã già.	陽功拮𠬠銅斤㐌𫅷
2726	6	"""Đoạn trường sổ rút tên ra,"	断膓𢼂捽𠸜𦋦
2727	8	“Đoạn trường thơ phải NGHÊNH mà giả nhau.	断膓䜹沛迎麻者饒
2728	8	“Còn nhiều hưởng thụ về LÂU ,	群𡗉享受󰡲耧
2729	8	“ DUYÊN xưa tròn trặn phúc sau dồi dào.”	緣初𧷺陣福𨍦𣼭𩆋
2730	6	Nàng còn ngơ ngẩn biết sao,	娘群魚󰡢別牢
2731	8	Trạc Tuyền! nghe tiếng GỌI vào bên tai.	濯泉𦖑㗂哙𠓨边𦖻
2732	6	Giật mình thoắt tỉnh giấc mai,	秩𠇮脱醒聀枚
2733	8	Bâng khuâng nào đã biết ai mà nhìn.	氷傾芇㐌別埃麻𥚆
2734	6	Trong thuyền nào thấy Đạm Tiên?	冲船芇体淡仙
2735	8	Bên mình chỉ thấy Giác Duyên ngồi kề.	边𠇮只体𮗓緣𡎢掑
2736	6	Thấy nhau mừng rỡ trăm bề,	体饒𢜠焒𤾓皮
2737	8	Dọn thuyền mới rước nàng về thảo lư.	扽船買逴娘󰡲草蘆
2738	6	Một nhà chung chạ sớm trưa,	𠬠茹終乍󰉚𬁑
2739	8	Gió trăng mát mặt muối dưa chay lòng.	𫗄𦝄沫󰘚㙁𦯬斎𢚸
2740	6	TƯ bề bát ngát mênh mông,	𦊛皮八𠯪溟濛
2741	8	Triều dâng hôm sớm mây lồng trước sau.	朝𤼸𣋚𣌋𫡮竜畧娄
2742	6	Nạn xưa trút sạch làu làu,	𮥷初淬泟漏漏
2743	8	Duyên xưa chưa dễ biết đâu chốn này.	緣初渚易別󰠲准尼
2744	6	Nỗi nàng tai nạn đã đầy,	浽娘灾𮥷㐌苔
2745	8	Nỗi chàng Kim Trọng bấy chầy mới thương.	浽払金重闭迡買傷
2746	6	Từ ngày muôn dặm PHÙ tang,	自𣈜𬮙埮持䘮
2747	8	Nửa năm ở đất Liêu Dương lại nhà.	姅𢆥扵坦遼楊吏茹
2748	6	Vội sang vườn Thuý dò la,	倍𨖅園翠𢲛󰑼
2749	8	Nhìn PHONG CẢNH CŨ nay đà khác xưa.	𥚆風景󱀄󰅒它恪初
2750	6	Đầy vườn cỏ mọc lau thưa,	苔園𦹵木𦰤䜹
2751	8	Song trăng quạnh quẽ vách mưa rã rời.	窻𦝄瓊𡎝壁湄也淶
2752	6	TRƯỚC sau nào thấy bóng người,	畧娄芇体䏾㝵
2753	8	Hoa đào năm ngoái còn cười gió đông.	花桃𢆥外群唭𫗄東
2754	6	XẬP xè én LẠNH lầu không,	士󰡴燕冷󰜑空
2755	8	Cỏ LAN mặt đất rêu phong dấu giày.	𦹵𬅉󰘚坦𦼔封𨁪𩌂
2756	6	Cuối tường gai góc mọc đầy,	𡳳墻核㭲木苔
2757	8	Đi về này những LỐI này năm xưa.	𠫾󰡲尼仍𫮇尼𢆥㧅
2758	6	Chung quanh LẠNH NHẴN như tờ,	冬觥冷眼如詞
2759	8	Nỗi niềm tâm sự bây giờ hỏi ai?	浽念心事悲除𠳨埃
2760	6	LÁNG GIỀNG có kẻ sang chơi,	郎盈󰡏几𨖅󱉁
2761	8	Lân la sẽ hỏi một hai sự tình.	燐󰑼仕𠳨𠬠𠄩事情
2762	6	Hỏi ông ông mắc tụng đình,	𠳨翁翁默訟庭
2763	8	Hỏi nàng nàng đã bán mình chuộc cha.	𠳨娘娘㐌半𠇮贖吒
2764	6	Hỏi nhà nhà đã dời xa,	𠳨茹茹㐌移賒
2765	8	Hỏi chàng Vương QUAN cùng là Thuý Vân.	𠳨払王󰞹拱󰑼翠雲
2766	6	Đều NAY sa sút khó khăn,	調尼沙卒庫巾
2767	8	THUÊ MAY BÁN VIẾT kiếm ăn lần hôi.	税埋半曰劍咹吝回
2768	6	Điều đâu sét đánh lưng trời,	調󰠲𩂶打𦝄𡗶
2769	8	THOẠT nghe chàng THOẮT rụng rời xiết bao.	脱𦖑払脱拥移掣包
2770	6	Vội han di trú nơi nao,	倍嘆移住尼芇
2771	8	Đánh đường chàng mới tìm vào tạn nơi.	打塘払買尋𠓨羡尼
2772	6	Nhà tranh vách đất tả tơi,	茹棦壁坦左哉
2773	8	Lau treo rèm nát trúc gài phên thưa.	𦰤撩簾󰞺竹掑𤗹䜹
2774	6	Một sân đất cỏ dầm mưa,	𠬠𡑝坦𦹵滛湄
2775	8	Càng ngao ngán nỗi càng ngơ ngẩn dường.	強嗷喭浽強魚󰡢󰟯
2776	8	Đánh liều lên tiếng NGOÀI TƯỜNG .	打料𨖲㗂外墻
2777	8	Chàng Vương nghe tiếng vội vàng CHẠY ra.	払王𦖑㗂倍傍𧼋𦋦
2778	6	Dắt tay vội rước vào nhà,	𢴑𢬣倍逴𠓨茹
2779	8	Mé sau viên ngoại ông bà ra ngay.	𠃅楼員外𪪳󰜏𦋦𣦍
2780	6	Khóc than kể hết niềm tây:	哭嘆計歇念西
2781	8	"""Chàng ôi biết nỗi nước này cho chưa?"	払喂別浽渃尼朱渚
2782	6	"""Kiều nhi phận mỏng như tờ,"	翹兒分蒙如詞
2783	8	"""Một lời đã lỗi tóc tơ với chàng."	𠬠𠳒㐌𰦫󰖥絲貝払
2784	6	"""Gặp cơn gia biến lạ dường,"	及干家变𨔍󰟯
2785	8	"""Bán mình nó phải tìm đường cứu cha."	半𠇮奴沛尋塘救吒
2786	6	"""Dùng dằng khi bước chân ra,"	用孕欺𨀈蹎𦋦
2787	8	"""Cực trăm nghìn nỗi dặn ba bốn lần."	極𤾓𠦳浽吲𠀧𦊚吝
2788	6	"""Trót lời nặng với lang quân,"	律𠳒󰠱貝郎君
2789	8	"""Mượn con em nó Thuý Vân thay lời."	摱昆㛪奴翠雲咍𠳒
2790	6	"""Gọi là giả chút nghĩa người,"	哙󰑼者󰡑󰒂㝵
2791	8	"""Sầu này dặc dặc muôn đời chưa quên."	愁尼弋弋𬮙𠁀渚悁
2792	6	"""Kiếp này duyên đã phụ duyên,"	刼尼緣㐌負緣
2793	8	“Dạ đài còn biết sẽ đền LAI sinh.	夜臺群別仕填耒生
2794	6	"""Mấy lời ký chú đinh ninh,"	󰋇𠳒記註叮嚀
2795	8	"""Ghi lòng để dạ cất mình ra đi."	𥱬𢚸低胣拮𠇮𦋦𠫾
2796	6	"""Phận sao bạc mấy Kiều nhi!"	分牢泊󰋇娇兒
2797	8	“Chàng Kim về đó con thì Ở đâu?”	払金󰡲妬昆時扵󰠲
2798	6	Ông bà càng nói càng đau,	𪪳婆強呐強𤴬
2799	8	Chàng càng nghe nói càng rầu như dưa.	払強𦖑呐強油如𦯬
2800	6	Vật mình GÀO gió tuôn mưa,	物𠇮咆𫗄𣻆湄
2801	8	Dầm dề giọt ngọc THẪN thờ hồn mai.	滛提湥玉引蜍魂梅
2802	6	Đau đòi đoạn ngất đòi thôi,	𤴬隊段𤴪隊催
2803	8	Tỉnh ra lại khóc khóc rồi lại mê.	醒𦋦吏哭哭耒吏迷
2804	6	Thấy chàng đau nỗi biệt ly,	体払𤴬浽别󰡞
2805	8	Nhịn ngừng ông mới vỗ về TỚI khuyên:	忍𪟽𪪳買撫󰡲吏-
2806	6	“Bây GIỜ ván đã đóng thuyền,	碑徐板㐌㨂船
2807	8	"""Đã đành phận bạc khôn đền tình chung."	㐌停分泊坤填情鍾
2808	6	"""Quá thương chút nghĩa đèo bòng."	过傷𡮍󰒂岹蓬
2809	8	“Nghìn vàng thân ấy THÌ hòng bỏ sao?”	𠦳鐄身𧘇時哄補牢
2810	6	Dỗ dành khuyên giải trăm chiều,	𠴗停勸觧𤾓朝
2811	8	Lửa phiền KHÔN dập càng khêu mối phiền.	焒煩坤摺強挑䋦煩
2812	8	Thề xưa giở đến kim HOÀN ,	誓初󰇥旦金環
2813	8	Của xưa lại giở đến đàn ĐẾN hương.	𧵑初吏󰇥旦弹貝香
2814	6	Sinh càng trông thấy càng thương,	生強𬂙体強傷
2815	8	Gan càng tức tối ruột càng xót xa.	肝強息𣋁𫆧強㤕車
2816	6	Rằng: “Tôi TRÓT quá chân ra,	浪碎卒过真𦋦
2817	8	"""Để cho đến nỗi trôi hoa dạt bèo."	底朱旦浽㵢花戞䕯
2818	6	"""Cùng nhau thề thốt đã nhiều"	拱饒誓説㐌𡗉
2819	8	"""Những điều vàng đá phải điều nói không!"	仍調鐄𥒥沛調呐空
2820	6	"""Chưa chăn gối cũng vợ chồng,"	渚𧜖𫋻拱𡞕𫯳
2821	8	“Lòng nào mà nỡ dứt lòng cho ĐANG .	𢚸芇麻女𢴑𢚸朱當
2822	6	"""Bao nhiêu của mấy ngày đường,"	包饒𧵑󰋇𣈜塘
2823	8	"""Còn tôi tôi một gặp nàng mới thôi."""	群碎碎𠬠吸娘買催
2824	6	Nỗi thương nói chẳng hết lời,	浽傷呐󰝸歇𠳒
2825	8	Tạ từ sinh mới sụt sùi trở ra.	謝辞生買湥洡跙𦋦
2826	6	Vội về sửa chốn vườn hoa,	倍󰡲所准園花
2827	8	Rước mời viên ngoại ông bà cùng sang.	連𠶆員外𪪳󰜏拱𨖅
2828	6	Thần hôn chăm chút lễ thường,	晨昏針拙礼常
2829	8	Dưỡng thân thay tấm lòng nàng ngày xưa.	养親台𬌓𢚸娘𣈜初
2830	8	Đinh ninh mài lệ chép THƠ ,	叮咛埋湥劄詩
2831	8	Cắt người tìm TÕI đưa tờ nhắn nhe.	割㝵尋隊迻詞𠴍㖇
2832	6	Biết bao công mượn của thuê,	別包功摱𧵑税
2833	8	Lâm tri mấy độ đi về dặm khơi.	臨淄󰋇度𠫾󰡲埮𣾺
2834	6	Người một nơi hỏi một nơi,	㝵𠬠尼𠳨𠬠尼
2835	8	Mênh mông nào biết bể trời nơi nao?	溟濛芇別𣷭𡗶尼芇
2836	6	Sinh càng thảm thiết khát khao,	生強惨切渴滈
2837	8	Như nung gan sắt như bào lòng son.	如燶肝鉄如鉋𢚸𣘈
2838	8	Ruột tằm ngày một héo DON .	𫆧蟳𣈜𠬠𤉗𤈊
2839	8	Tuyết sương ngày một hao MÒN hình ve.	雪霜𣈜𠬠耗𤷱𠇮蟡
2840	6	Thẩn THƠ lúc tỉnh lúc mê,	矧䜹六醒六迷
2841	8	Máu theo nước mắt HỒN lìa chiêm bao.	𧖱蹺渃𬑉魂󰡞占包
2842	6	Xuân huyên lo sợ xiết bao,	椿萱𢗼𢜝掣包
2843	8	Quá ra khi đến thế nào mà hay!	过𦋦欺旦世芇麻咍
2844	6	Vội vàng sắm sửa chọn ngày,	倍鐄懺所𪮙𣈜
2845	8	Duyên Vân sớm đã TÍNH dây cho chàng.	緣雲󰉚㐌併𦀊朱払
2846	6	Người yểu điệu kẻ văn chương,	㝵窈窕几文章
2847	8	Trai tài gái sắc xuân đương KỊP thì.	𤳇才𡛔色春登及時
2848	6	DẪU rằng vui chữ vu quy,	唒浪𢝙𡦂手歸
2849	8	Vui này đã cất sầu kia được nào!	𢝙尼㐌拮愁箕特芇
2850	6	Khi ăn ở lúc ra vào,	欺咹扵六𦋦𠓨
2851	8	Càng âu duyên mới càng dào tình xưa.	強欧緣買強𩆋情初
2852	6	Nỗi nàng nhớ đến bao giờ,	浽娘女旦包徐
2853	8	Tuôn châu đòi trận vò tơ trăm vòng.	𣻆珠隊陣紆絲𤾓妄
2854	6	Có khi vắng vẻ HƯƠNG phòng,	󰡏欺永𨤔香房
2855	8	Đốt lò hương giở phím đồng ngày xưa.	炪炉香󰇥泛桐𣈜初
2856	6	Bẻ bai rẩu rĩ tiếng tơ,	𢯏𢴾油𠯇㗂絲
2857	8	Trầm bay nhạt khói gió đưa lay rèm	沉󰆟𤁕𤌋𫗄迻𢯦簾
2858	8	Dường như bên CHÁI, TRƯỚC thềm ,	󰟯如边屋𫏾㙴
2859	8	Tiếng Kiều đồng vọng bóng xiêm mơ màng.	㗂嬌同望䏾襜𢠩恾
2860	6	Bởi lòng tạc đá ghi vàng,	𪽝𢚸𮢶𥒥𥱬鐄
2861	8	Tưởng nàng nên lại thấy nàng về đây.	想娘𢧚吏体娘󰡲低
2862	6	Những là phiền muộn đêm ngày,	仍󰑼煩闷店𣈜
2863	8	Xuân thu biết đã đổi thay mấy lần?	春秋別㐌对咍󰋇吝
2864	6	CHẾ khoa gặp hội trường văn,	制科及会塲文
2865	8	Vương Kim cùng chiếm bảng xuân một ngày.	王金拱占榜春𠬠𣈜
2866	6	Cửa trời rộng mở đường mây,	𫔳𡗶𢌌𨷑塘𫡮
2867	8	Hoa chào ngõ hạnh hương bay dặm phần.	花嘲𡉦杏香𠖤埮枌
2868	8	Chàng Vương nhớ đến XA GẦN ,	払王女旦𧵆賒
2869	8	Sang nhà Chung lão tạ ơn chu tuyền.	𨖅茹終老謝恩周旋
2870	6	Tình xưa ơn giải nghĩa đền,	情初恩者󰒂填
2871	8	Gia thân bèn mới kết duyên Châu Trần.	加親卞買結緣朱陳
2872	6	CHÀNG CÀNG nhẹ bước thanh vân,	払強珥𨀈青雲
2873	8	Nỗi nàng càng nghĩ xa gần càng thương.	浽娘強𪟽賒𧵆强傷
2874	6	Ấy ai dặn ngọc thề vàng,	意埃吲玉誓鐄
2875	8	Bây giờ Kim mã Ngọc đường với ai?	碑徐金馬玉堂貝埃
2876	6	Ngọn bèo chân sóng lạc loài,	𦰟䕯蹎㳥落𩑛
2877	8	Nghĩ mình vinh hiển thương người lưu ly.	𢪀𠇮荣顕傷㝵流󰡞
2878	6	Vâng ra ngoại nhậm Lâm- tri,	𠳐𦋦外任臨淄
2879	8	Quan sơn nghìn DẶM thê nhi một đoàn.	䦕山𠦳埮妻兒𠬠团
2880	6	Cầm đường ngày tháng thanh nhàn,	琹堂𣈜𣎃清𫔮
2881	8	Sớm khuya tiếng hạc tiếng đàn tiêu dao.	󰉚𣅘㗂䳽㗂弹逍遙
2882	6	Phòng xuân trướng rủ hoa đào,	房春帳𢷀花桃
2883	8	Nàng Vân nằm bỗng chiêm bao thấy nàng.	娘雲𦣰俸占包体娘
2884	6	Tỉnh ra mới rỉ cùng chàng,	醒𦋦買𠯇拱払
2885	8	Nghe lời chàng cũng hai đường tin nghi.	𦖑𠳒払拱𠄩塘信𪟽
2886	6	Nọ Lâm thanh với Lâm tri,	怒臨清貝臨淄
2887	8	Khác nhau một chữ hoặc khi có lầm.	恪饒𠬠𡦂或欺󰡏啉
2888	6	Trong cơ thanh khí tương tầm,	𥪝机声氣相尋
2889	8	Ở đây hoặc có giai âm chăng là?	扵低或固佳音庄󰑼
2890	6	Thăng đường chàng mới hỏi tra,	升堂払買𠳨查
2891	8	Họ Đô có kẻ lại già thưa lên:	户都󰡏几吏𫅷䜹𨖲
2892	6	“Sự này đã ngoại THẬP niên,	事尼㐌外十年
2893	8	"""Tôi đà biết mặt biết tên rành rành."	碎它別󰘚別𠸜冷冷
2894	6	"""Tú bà cùng Mã Giám sinh,"	秀󰜏拱馬監生
2895	8	"""Đi mua người ở Bắc Kinh đưa về."	𠫾摸㝵扵北京迻󰡲
2896	6	"""Thuý Kiều tài sắc ai bì!"	翠翹才色埃皮
2897	8	"""Có nghề đàn lại đủ nghề văn thơ."	󰡏芸弹吏覩芸文䜹
2898	6	"""Kiên trinh chẳng phải gan vừa,"	坚貞拯沛肝皮
2899	8	“Liều mình thế ấy phải LỪA thế kia.	料𠇮世𧘇沛欺世箕
2900	6	"""Phong trần chịu đã ê chề,"	風塵𠹾㐌𠲖痆
2901	8	"""Dây duyên sau lại gả về Thúc lang."	𦀊緣𡢐吏嫁󰡲束郎
2902	6	"""Phải tay vợ cả phũ phàng,"	沛𢬣𡞕奇負傍
2903	8	"""Bắt về Vô Tích toan đường bẻ hoa."	扒󰡲無錫筭塘𢯏花
2904	6	"""Dứt mình nàng phải trốn ra,"	𢴑𠇮娘沛遁𦋦
2905	8	"""Chẳng may lại gặp một nhà Bạc kia."	󰝸埋吏及𠬠茹泊箕
2906	6	"""Thoắt buôn về thoắt bán đi,"	脱奔𧗱脱半𠫾
2907	8	"""Mây trôi bèo nổi thiếu gì là nơi!"	𫡮㵢䕯浽少之󰑼尼
2908	6	"""Bỗng đâu lại gặp một người,"	俸󰠲吏及󰜋㝵
2909	8	“Hơn người trí dũng NGHIÊNG trời uy linh.	欣㝵知勇迎𡗶威灵
2910	6	“Trong tay MUÔN vạn tinh binh,	𥪝𢬣𬮙萬精兵
2911	8	"""Kéo về đóng chật một thành Lâm Tri."	𢹣󰡲埬秩𠬠城臨淄
2912	6	"""Tóc tơ các tích mọi khi,"	󰖥絲各跡每期
2913	8	“Oán thì GIẢ oán ân thì GIẢ ân.	怨時者怨恩時者恩
2914	6	"""Đã nên có nghĩa có nhân,"	㐌𢧚󰡏󰒂󰡏仁
2915	8	"""Trước sau trọn vẹn xa gần ngợi khen."	畧娄論院賒𧵆𬢱𠸦
2916	6	"""Chưa tường được họ được tên,"	渚詳特户特𠸜
2917	8	"""Sự này hỏi Thúc sinh viên mới tường."""	事尼𠳨束生員買詳
2918	6	Nghe lời Đô nói rõ ràng,	𦖑𠳒都呐𤑟𤉜
2919	8	Tức thì ĐƯA thiếp mời chàng Thúc sinh.	卽時迎帖𨑮払束生
2920	6	NỖI nàng hỏi hết phân minh,	浽娘𠳨歇分明
2921	8	Chồng con đâu tá tính danh là gì.	𫯳昆󰠲些姓名󰑼之
2922	6	Thúc rằng: “Gặp lúc LƯU ly,	束浪及六流󰡞
2923	8	“Trong QUÂN tôi hỏi thiếu gì tóc tơ.	冲軍碎𠳨少之󰖥絲
2924	6	"""Đại vương tên Hải họ Từ,"	大王𠸜海户徐
2925	8	"""Đánh quen trăm trận sức dư muôn người."	打悁𤾓陣飭餘𬮙㝵
2926	6	"""Gặp nàng ngày ở châu Thai,"	﨤娘時扵州台
2927	8	"""Lạ gì quốc sắc thiên tài phải duyên."	𨔍之囯色天才沛緣
2928	6	"""Vẫy vùng trong bấy nhiêu niên,"	浘漨𥪝闭饒年
2929	8	"""Làm nên động địa kinh thiên đùng đùng."	爫𢧚動地󰟹天同同
2930	6	"""Đại quân đồn đóng cõi Đông,"	大軍屯埬𡎝東
2931	8	"""Về sau chẳng biết vân mồng làm sao?"""	󰡲𨍦庄別雲夢爫牢
2932	6	Nghe tường ngành ngọn tiêu hao,	𦖑詳梗𦰟消耗
2933	8	Lòng riêng chàng luống lao đao THẪN thờ.	𢚸貞払𡏡劳刀󰡪蜍
2934	6	Xót thay chiếc lá bơ vơ,	㤕台隻𦲿𠀧爲
2935	8	Kiếp trần biết rũ bao giờ cho XONG ?	刼尘別𢷀包徐朱垂
2936	8	Hoa trôi nước , NƯỚC xuôi dòng,	花㵢渃渃𣵶𣳔
2937	8	Xót thân chìm nổi đau lòng hợp tan!	㤕身沉浽𤴬𢚸合散
2938	6	Lời xưa đã lỗi muôn vàn,	𠳒初㐌𰦫𰿘萬
2939	8	Mảnh GƯƠNG còn đó phím đàn còn đây.	𤗖𦎛群妬泛弹群低
2940	6	Đàn cầm khéo ngẩn ngơ dây,	弹琴窖謹魚𦀊
2941	8	LỬA hương biết có kiếp này nữa thôi?	󰌎香別古刼尼女催
2942	6	Bình bồng còn chút xa xôi,	萍蓬群㤕賒吹
2943	8	Đỉnh chung sao nỡ ăn ngồi CHO an!	󰞈鍾牢女咹𡎢朱安
2944	6	Rắp mong treo ấn từ quan,	㕸蒙撩印辞官
2945	8	Mấy sông cũng lội mấy ngàn cũng pha.	󰋇滝拱󰋞󰋇岸拱坡
2946	6	Dấn mình trong áng can qua,	𤄱𠇮𥪝󰠨干戈
2947	8	Vào sinh ra tử hoạ là thấy nhau.	𠓨生𦋦死禍󰑼体饒
2948	6	Nghĩ điều trời THẲM vực sâu,	𢪀調𡗶沱域溇
2949	8	Bóng chim tăm cá biết đâu mà nhìn!	䏾𪀄沁󰠩別󰠲麻𥚆
2950	6	NHỮNG là nấn ná đợi tin,	仙󰑼赧那待信
2951	8	Nắng mưa biết đã mấy phen đổi dời?	𪱆湄別㐌󰋇畨対移
2952	6	Năm mây bỗng thấy chiếu trời,	𠄼𫡮俸体詔𡗶
2953	8	Khâm ban sắc chỉ đến nơi rành rành:	欽頒勅旨旦尼伶伶
2954	6	Kim thì cải nhậm Nam Bình,	金時改任南平
2955	8	Chàng Vương cũng cải nhậm thành HOÀI Dương.	払王拱改任城淮陽
2956	6	Sắm xanh xe ngựa vội vàng,	懺生車馭倍鐄
2957	8	Hai nhà cũng thuận một đường phó quan.	𠄩茹拱順𠬠塘赴官
2958	6	Xảy nghe thế giặc đã tan,	侈𦖑势賊㐌散
2959	8	Sóng êm Phúc Kiến LỬA tàn CHIẾT GIANG .	㳥淹福建󰌎殘浙江
2960	6	Được tin Kim mới rủ Vương.	特信金買𫫵王
2961	8	Tiện đường cùng lại tìm nàng sau xưa.	便塘拱吏尋娘搂㧅
2962	6	Hàng Châu đến đó BÂY giờ,	杭州旦妬碑徐
2963	8	Thật tin hỏi được tóc tơ rành rành.	实信𠳨特󰖥絲伶伶
2964	6	"Rằng: ""Ngày hôm nọ giao binh,"	浪𣈜󰉚怒交兵
2965	8	Thất cơ Từ đã thu linh trận tiền.	失机徐㐌收灵陣前
2966	6	Nàng Kiều công cả chẳng đền,	娘娇功奇庄填
2967	8	Lệnh QUÂN lại bắt ép duyên thổ tù.	令軍吏扒押緣土酋
2968	6	Nàng đà gieo ngọc chìm châu,	娘它招玉沉珠
2969	8	Sông Tiền Đường đó ấy mồ hồng nhan.	滝錢塘妬意墓紅顔
2970	6	Thương ôi! Không hợp mà tan,	傷喂空合麻散
2971	8	Một nhà vinh hiển riêng oan một nàng!	𠬠茹荣顕貞寃𠬠娘
2972	6	Chiêu hồn thiết vị lễ thường,	招魂設位礼常
2973	8	Giải oan lập một đàn tràng bên sông.	觧寃立𠬠𡊨場边滝
2974	6	Ngọn triều non bạc trùng trùng,	𦰟潮𡽫泊重重
2975	8	VỜI trông còn tưởng cánh hồng lúc gieo.	渭𬂙群想𦑃鴻𣅶招
2976	6	Tình thâm biển thảm lạ điều,	情深变惨𨔍調
2977	8	Nào hồn tinh vệ biết theo chốn nào?	芇魂精󰡲別蹺准芇
2978	6	Cơ duyên đâu bỗng lạ sao,	机緣󰠲俸𨔍𫳵
2979	8	Giác Duyên đâu bỗng tìm vào đến NƠI .	𮗓緣󰠲俸尋𠓨旦巴
2980	6	Trông lên linh vị chữ bài,	𬂙𨖲灵位𡦂排
2981	8	CHỢT kinh mới hỏi: “Những người đâu ta?	秩󰟹買𠳨仍㝵󰠲些
2982	6	"""Với nàng thân thích gần xa,"	貝娘親戚𧵆賒
2983	8	“Người còn sao bỗng làm ma KHÓC người?”	㝵群牢俸爫魔哭㝵
2984	6	Nghe tin NGƠ NGÁC rụng rời,	𦖑信如楽𣳔涞
2985	8	Xúm quanh kể họ rộn lời hỏi tra:	森觥計户遁𠳒𠳨查
2986	6	"""Này chồng này mẹ này cha,"	尼𫯳尼媄尼吒
2987	8	"""Này là em ruột này là em dâu."	尼󰑼㛪𫆧尼󰑼㛪妯
2988	6	"""Thật tin nghe đã bấy lâu,"	实信𦖑㐌闭𥹰
2989	8	"""Pháp sư dạy thế sự đâu lạ dường!"""	法師𠰺世事󰠲𨔍󰟯
2990	8	Sư rằng: “ NHÂN quả với nàng,	師浪固果貝娘
2991	8	"""Lâm Tri buổi trước Tiền Đường buổi sau."	臨淄𣇜畧錢塘𣇜娄
2992	8	“Khi nàng gieo ngọc ĐÁY SÂU ,	欺娘招玉底溇
2993	8	“Đón THEO tôi đã gặp nhau rước về.	迍蹺碎㐌及僥逴𧗱
2994	6	"""Cùng nhau nương cửa Bồ đề,"	共僥娘𫔳菩提
2995	8	"""Thảo am đó cũng gần kề chẳng xa."	草庵妬拱𧵆掑庄賒
2996	6	"""Phật tiền ngày bạc lân la,"	𫢋前㝵泊鄰󰑼
2997	8	"""Đăm đăm nàng cũng nhớ nhà khôn khuây."""	󰠐󰠐娘共𢖵茹坤亏
2998	6	Nghe tin nở mặt MỞ mày,	𦖑信𦬑𩈘󰘉眉
2999	8	Mừng nào lại quá mừng này nữa chăng?	𢜠芇吏过𢜠尼女庄
3000	6	Từ phen chiếc lá lìa rừng,	自番隻𦲿󰡞棱
3001	8	Thăm tìm luống những liệu chừng nước mây.	𠽄尋𨻫仍料澄渃𩄲
3002	6	Rõ ràng hoa rụng hương bay,	𤑟𤉜花拥香𠖤
3003	8	Kiếp sau hoạ thấy kiếp NÀY hẳn thôi.	刼娄和体刼尼罕催
3004	6	Minh dương đôi ngả chắc rồi.	冥陽堆我聀耒
3005	8	Cõi trần mà lại thấy người Cửu NGUYÊN .	𡎝尘麻吏体㝵九原
3006	6	QUÂY nhau lạy tạ Giác Duyên,	𢮿僥𥛉謝𮗓緣
3007	8	Bộ hành một lũ theo liền một khi.	步行𠬠屡蹺連𠬠欺
3008	6	Pha lau vạch cỏ tìm đi,	坡𦰤拍𦹵尋𠫾
3009	8	Tình thâm luống hãy hồ nghi nửa phần.	情深𨻫唉狐𪟽姅分
3010	6	Quanh co theo dải giang tân,	觥孤蹺𦄂江津
3011	8	Khỏi rừng lau đã tới sân Phật đường.	塊棱牢㐌細𡑝𫢋堂
3012	6	Giác Duyên lên tiếng gọi nàng,	𮗓緣蓮㗂哙娘
3013	8	PHÒNG trong vội KHIẾN sen vàng bước ra.	房中倍遣蓮鐄𨀈𦋦
3014	6	NHÌN xem đủ mặt MỘT nhà,	𥚆𫀅󰖆󰘚𠬠茹
3015	8	Xuân già còn khoẻ huyên già còn tươi.	椿𫅷群跬萱𫅷群鮮
3016	6	Hai em PHƯƠNG trưởng hoà hai,	𠄩㛪方長和𠄩
3017	8	Nọ chàng Kim đó là người ngày xưa!	怒払金妬󰑼㝵𣈜初
3018	6	Tưởng bây giờ là bao giờ,	想悲除󰑼包除
3019	8	Rõ ràng mở mắt còn ngờ chiêm bao.	𤑟𤉜𨷑𬑉群𪟽占包
3020	6	SỤT SÙI thánh thót quẹn bào,	湥洡咱説卷袍
3021	8	Mừng mừng SỢ SỢ xiết bao là tình.	𢜠𢜠𢜝𢜝掣包󰑼情
3022	6	Huyên già dưới gối gieo mình,	萱𫅷󰡎檜招𠇮
3023	8	Khóc than mình kể sự mình đầu đuôi:	哭嘆𠇮計事𠇮頭𡳪
3024	6	"""Từ con lưu lạc quê người,"	自昆流洛圭㝵
3025	8	“Bèo trôi sóng vỗ chốc mười NĂM năm .	䕯㵢㳥撫祝𨑮𠄼𢆥
3026	6	"""Tính rằng sông nước cát lầm,"	併浪滝渃㵧淋
3027	8	“Kiếp này ai lại còn cầm GẶP đây!”	刼尼埃吏群扲及低
3028	6	Ông bà trông mặt CẦM tay,	𪪳󰜏𬂙󰘚𢭂𢬣
3029	8	Dung quang chẳng khác chi ngày bước ra.	容光庄恪之𣈗𨀈𦋦
3030	6	Bấy chầy dãi nguyệt dầu hoa,	闭迡𤋵月油花
3031	8	Mười phần xuân có gầy ba bốn phần.	𨑮分春固𤷍𠀧𦊚分
3032	6	Nỗi mừng ÔNG lấy chi cân?	浽𢜠𪪳𥙩之斤
3033	8	Lời tan hợp chuyện xa gần thiếu đâu.	𠳒散合傳賒𧵆少󰠲
3034	6	Hai em hỏi trước HAN sau,	𠄩㛪𠳨𫏾嘆𨍦
3035	8	Đứng trông nàng đã trở sầu làm tươi.	𨅸𬂙娘㐌阻愁爫鮮
3036	6	Quây nhau lạy trước Phật đài,	𢮿僥𥛉𫏾𫢋臺
3037	8	Tái sinh trần tạ lòng người từ bi.	再生陳謝𢚸㝵慈悲
3038	6	Kiệu hoa giục RƯỚC tức thì,	轎花𠽖󰡧卽時
3039	8	Vương ông dạy rước cùng về một nơi.	王翁𠰺󰡧拱𧗱𠬠尼
3040	6	"Nàng rằng: ""Chút phận hoa rơi."	娘浪𡮍分花涞
3041	8	"""Nửa đời nếm trải mọi mùi đắng cay."	姅𠁀唸󰠵每味䔲𠹽
3042	6	"""Tính rằng mặt nước chân mây,"	併浪󰘚渃蹎𩄲
3043	8	"""Lòng nào còn tưởng có rày nữa không?"	𢚸芇群想固𣈙女空
3044	8	“ THÌ rày tái thế tương phùng,	󰣡𣈙再世相逢
3045	8	"""Khát khao đã thoả tấm lòng lâu nay."	渴󰋫㐌妥𬌓𢚸𥹰󰅒
3046	6	"""Đã đem mình bỏ am mây,"	㐌󰝂𨉟補庵𩄲
3047	8	"""Tuổi này gửi với cỏ cây cũng vừa."	歲尼改貝𦹵𣘃拱皮
3048	6	"""Mùi thiền đã bén muối dưa,"	味禅㐌𤊰㙁𦯬
3049	8	"""Màu thiền ăn mặc đã ưa nâu sồng."	牟禅咹默㐌於𣘽𣙩
3050	6	“Sự đời đã tắt LỬA lòng,	事𠁀㐌𤎕󰌎𢚸
3051	8	“Còn CHEN vào chốn bụi hồng làm chi!	群𢫔𠓨准𡏧紅爫之
3052	6	"""Dở dang nào có hay gì,"	󰇥揚芇固咍之
3053	8	"""Đã tu tu trót qua thì thì thôi!"	㐌脩脩律戈時時催
3054	6	"""Trùng sinh ơn nặng bể trời,"	重生恩𥘀𣷭𡗶
3055	8	"""Lòng nào nỡ dứt nghĩa người ra đi?"""	𢚸芇女𢴑󰒂𠊛𦋦𠫾
3056	6	"Ông rằng: ""Bỉ thử nhất thì,"	翁浪彼此壹時
3057	8	"""Tu hành thì cũng phải khi tòng quyền."	修行時拱沛欺從權
3058	6	"""Phải điều cầu Phật cầu Tiên,"	沛調求𫢋求仙
3059	8	“Tình kia Hiếu nọ ai đền CHO đây?	情箕孝怒埃填朱低
3060	6	"""Độ sinh nhờ đức cao dày,"	度生汝󰆙高𠫅
3061	8	“Lập am rồi sẽ LÊN thầy ở chung.”	立庵耒仕𨖲柴於終
3062	6	Nghe lời nàng ĐÃ chiều lòng,	𦖑𠳒娘㐌朝𢚸
3063	8	Giã sư giã cảnh đều cùng bước ra.	啫師啫景調拱𨀈𦋦
3064	6	Một ĐOÀN về đến quan nha,	蔑團𧗱𦤾官衙
3065	8	Đoàn viên vội mở tiệc hoa vui vầy.	團圓倍𨷑席花𢝙圍
3066	6	Tàng tàng chén cúc dở say,	藏藏𡃹菊󰇥醝
3067	8	Đứng lên Vân mới giãi bày một hai.	𨅸𨖲雲買𤋵排蔑𠄩
3068	6	"Rằng: ""Trong tác hợp cơ trời,"	浪𥪞作合機𡗶
3069	8	“Hai bên GẶP GỠ một lời kết giao.	𠄩邊𠳖󰡙󰓳𠳒結交
3070	8	“ GẶP cơn bình địa BA đào,	吸汗平地𣷭濤
3071	8	“ VẬY đem duyên chị RƯỚC vào cho em.	丕󰝂緣姉󰡧𠓨朱㛪
3072	6	"""Cũng là phận cải duyên kim,"	拱纙分改緣金
3073	8	"""Cũng là máu chảy ruột mềm chớ sao?"	拱羅𧖱沚𫆧𦡙䐗𣋀
3074	6	"""Những là rày ước mai ao,"	仍羅𣈙約埋𬇚
3075	8	“ Mười NĂM năm ấy biết bao nhiêu tình!	󰁰𠄼𢆥意別包饒情
3076	6	"""Bây giờ gương vỡ lại lành,"	悲除𦎛󰡋吏𬙽
3077	8	"""Khuôn thiêng lừa lọc đã dành có nơi."	囷灵攎𤀓㐌溋固尼
3078	6	"""Còn duyên may lại còn người,"	群緣埋吏群𠊛
3079	8	"""Còn vừng trăng bạc còn lời nguyền xưa."	群暈𦝄泊群𠳒願初
3080	6	“Quả mai ba bảy KHI vừa,	菓梅𠀧𬙞欺皮
3081	8	"""Đào non sớm liệu xe tơ kịp thì."""	桃𡽫𣋽料車絲𠳖時
3082	6	Dứt lời nàng vội GẠT đi:	𢴑𠳒娘倍拔𠫾
3083	8	“Sự muôn NĂM cũ kể chi bây giờ?	事𬮙𠄼󱀄計之碑除
3084	6	"""Một lời tuy có ước xưa,"	𠬠𠳒雖固約初
3085	8	“Xét mình dãi gió dầu mưa đã NHIỀU .	察𠇮𤋵𫗄油湄㐌𡗉
3086	6	"""Nói càng hổ thẹn trăm chiều,"	呐強虎𢢆𤾓朝
3087	8	“ THÈ cho ngọn nước thuỷ triều chảy xuôi.”	時朱𦰟渃水潮沚吹
3088	6	"Chàng rằng: ""Nói cũng lạ đời,"	払浪呐拱𨔍代
3089	8	"""Dẫu lòng kia vậy còn lời ấy sao?"	酉𢚸箕丕群𠳒𧘇牢
3090	6	"""Một lời đã trót thâm giao,"	𠬠𠳒㐌率深交
3091	8	“Dưới TRỜI có đất trên cao có trời.	󰡎𡗶固坦蓮高固𡗶
3092	6	“Dẫu rằng vật đổi SAO dời,	唒浪物対牢移
3093	8	"""Tử sinh cũng giữ lấy lời tử sinh."	死生共𪧚𥙩𠳒死生
3094	8	“Duyên kia có phụ chi MÌNH ,	緣箕固負之𠇮
3095	8	"""Mà toan chia gánh chung tình làm hai?"""	麻筭支梗鍾情爫𠄩
3096	6	"Nàng rằng: ""Gia thất duyên hài."	娘浪家室緣諧
3097	8	“ XÓT lòng ân ái ai ai cũng lòng.	㤕𢚸恩愛埃埃拱𢚸
3098	6	“Nghĩ rằng trong SỰ vợ chồng,	𢪀浪冲事𡞕𫯳
3099	8	“Hoa thơm phong [NHỊ] TRĂNG VÒNG TRÒN GƯƠNG .	花𦹳封𦝄妄𧷺𧷺𦎛
3100	8	“ CHỮ Trinh đáng giá nghìn vàng,	𪧚貞登價𠦳鐄
3101	8	“Đuốc hoa chẳng thẹn VỚI chàng mai xưa.	𤒘花庄𢢆貝払枚初
3102	6	"""Thiếp từ ngộ biến đến giờ,"	妾自遇变旦徐
3103	8	"""Ong qua bướm lại đã thừa xấu xa."	蜂戈𧊉吏㐌乘醜車
3104	6	"""Như nàng lấy hiếu làm trinh,"	如娘𥙩孝爫貞
3105	8	"""Bụi nào cho đục được mình ấy vay?"	蓓芇朱濁特𠇮𧘇爲
3106	6	“Trời còn để có HÔM nay,	𡗶群底固歆󰅒
3107	8	“Tan sương BIẾT ngõ ÁNG mây giữa trời.	散霜別午盎𫡮𡨌𡗶
3108	6	"""Hoa tàn mà lại thêm tươi,"	花殘麻吏添鮮
3109	8	“Trăng TÀN mà lại hơn mười rằm XƯA.	𦝄殘麻吏欣𨑮𠄻初
3110	6	"""Có điều chi nữa mà ngờ,"	固調之女麻𪟽
3111	8	“Khách qua đường để hững hờ chàng TIÊU !”	客戈塘底𠾿哬払羊
3112	6	Nghe chàng nói đã hết điều,	𦖑払呐㐌歇調
3113	8	Hai thân thì cũng quyết theo một bài.	𠄩親時共决蹺𠬠排
3114	6	Hết lời khôn nhẽ chối lời,	歇𠳒坤𥙧咥𠳒
3115	8	Cúi đầu nàng những vắn dài thở than.	󰣂頭娘仍𥐆𨱽咀嘆
3116	6	Nhà vừa mở tiệc đoàn viên,	茹皮𨷑席團圓
3117	8	Hoa soi ngọn đuốc hồng chen bức là.	花𤐝𦰟𤒘紅杆幅󰑼
3118	6	Cùng nhau giao LẠY một nhà,	共僥交𥛉𠬠茹
3119	8	Lễ đà đủ lễ đôi LÀ đủ đôi.	礼它𨇜礼堆󰑼𨇜堆
3120	6	Động phòng dìu dặt chén mồi,	洞房迢迭󱋓瑁
3121	8	Bâng khuâng duyên mới ngậm ngùi tình xưa.	氷傾緣買吟𠿯情初
3122	6	Những từ sen ngó đào tơ,	仍自蓮𡉦桃絲
3123	8	Mười năm năm mới bây giờ là đây.	𨑮𠄼𢆥買悲除󰑼低
3124	6	Tình duyên ấy hợp tan này,	情緣意合散尼
3125	8	Bi hoan mấy nỗi đêm CHẦY trăng cao.	悲勸󰋇浽𣎀尼𦝄高
3126	6	Canh khuya bức gấm rủ thao,	更𣅘幅錦𢷀幍
3127	8	Dưới đèn tỏ NGHĨA má đào thêm xuân.	󰡎畑訴󰒂𦟐桃添春
3128	6	Tình nhân lại gặp tình nhân,	情人吏及情人
3129	8	Hoa xưa ong cũ mấy phân chung tình!	花初蜂󱀄󰋇分重情
3130	6	"Nàng rằng: ""Phận thiếp đã đành,"	娘浪分妾㐌仃
3131	8	"""Có làm chi nữa cái mình bỏ đi!"	固爫之女丐𠇮補𠫾
3132	6	"""Nghĩ chàng nghĩa cũ tình ghi,"	𢪀払󰒂󱀄情記
3133	8	"""Chiều lòng gọi có xướng tuỳ mảy may."	朝𢚸哙固唱隨𡮨枚
3134	6	"""Riêng lòng đã thẹn lắm thay,"	貞𢚸㐌𢢆𡗋咍
3135	8	"""Cũng đà mặt dạn mày dày khó coi!"	共㐌󰘚惮眉𠫅苦嵬
3136	6	“Những như âu YẾM vành ngoài,	仍如欧厌㮠外
3137	8	"""Còn toan mở mặt với người cho qua."	群筭󰡠󰘚貝㝵朱戈
3138	6	"""Lại như những thói người ta,"	吏如仍𫗂㝵些
3139	8	“ VỚT hương dưới đất bẻ hoa cuối mùa.	越香󰡎坦𢯏花𡳃務
3140	8	“ GIỞ NHƠ GIỞ NHUỐC bày trò,	共洳󰇥辱排路
3141	8	“Còn tình đâu nữa MÀ thù đấy thôi!	群情󰠲女麻𫌵帝催
3142	6	"""Người yêu ta xấu với người,"	㝵胺些󰡳貝㝵
3143	8	"""Yêu nhau thì lại bằng mười phụ nhau!"	胺僥时吏平𨑮負僥
3144	6	"""Cửa nhà dù tính về sau,"	𫔳茹油併𧗱娄
3145	8	"""Thì còn em đó lọ cầu chị đây."	時群㛪妬路求姉低
3146	6	"""Chữ trinh còn một chút này,"	𡦂貞群𠬠𡮍尼
3147	8	"""Chẳng cầm cho vững lại dày cho tan!"	庄扲木凭束𨃐朱散
3148	6	“Còn nhiều ân NGHĨA chan chan,	群𡗉恩󰒂滇滇
3149	8	“Hay gì vầy CÁI hoa tàn mà chơi!”	咍之𡆫丐花殘麻制
3150	6	"Chàng rằng: ""Gắn bó một lời,"	払浪哏咘𠬠𠳒
3151	8	"""Bỗng không cá nước chim trời lỡ nhau."	俸空󰠩渃𪀄𡗶𠴊僥
3152	6	"""Xót người lưu lạc bấy lâu,"	㤕㝵流洛闭𥹰
3153	8	“Tưởng thề thốt nặng NHỮNG đau đớn nhiều.	想誓説𥘀仍𤴬疸𡗉
3154	8	“Thương nhau sinh tử đã LIỀU .	傷僥生死㐌𡗉
3155	8	“ GẶP nhau còn THIẾU bấy nhiêu là tình.	迻僥群少闭饒󰑼情
3156	6	"""Chừng xuân tơ liễu còn xanh,"	澄春絲柳群撑
3157	8	“Nghĩ CHƯA CHỮA thoát khỏi vành ái ân.	議渚𬛒脱塊㮠爱恩
3158	6	"""Gương trong chẳng chút bụi trần,"	𦎛冲庄𡮍蓓尘
3159	8	"""Một lời quyết hẳn muôn phần kính thêm!"	𠬠𠳒决罕𬮙分敬添
3160	6	"""Bấy lâu đáy bể mò kim,"	闭𥹰渧𣷭摸針
3161	8	"""Là nhiều vàng đá phải tìm trăng hoa?"	󰑼𡗉鐄𥒥沛尋𦝄花
3162	6	"""Ai ngờ lại họp một nhà,"	埃𪟽吏合𠬠茹
3163	8	"""Lọ là chăn gối mới ra sắt cầm!"""	路󰑼𧜖𫋻買𦋦瑟琹
3164	6	Nghe lời sửa áo cài trâm,	𦖑𠳒所袄掑簪
3165	8	Khấu đầu lạy tạ cao thâm nghìn trùng:	叩頭𥛉謝高深𠦳重
3166	6	“Thân tàn DẰN đục khơi trong,	身殘𡊨濁恢冲
3167	8	"""Là nhờ quân tử khác lòng người ta."	󰑼洳君子恪𢚸㝵些
3168	6	“Mấy lời tâm ĐẢM ruột rà.	󰋇𠳒心胆𦛌𦚐
3169	8	“Tương tri NGHĨA ấy mới là tương tri!	相知󰒂意買󰑼相知
3170	6	“Chở che ĐÙM BỌC thiếu gì?	𨔾𨑤𧝓𦄾少之
3171	8	"""Trăm năm danh tiết cũng về đêm nay."""	𤾓𢆥名節共𧗱店尼
3172	6	THOẮT thôi tay lại cầm tay,	脱催𢬣吏扲𢬣
3173	8	Càng yêu vì nết càng say vì tình.	強𬁷爲󰞺強醝爲情
3174	6	Thêm nến giá nối hương bình,	添𤓢架浽香𤭸
3175	8	Cùng nhau lại chuốc chén quỳnh giao hoan.	共僥吏祝󱋓瓊交歡
3176	6	Tình xưa lai láng khôn hàn,	情初來𣼽坤寒
3177	8	Thong dong lại hỏi ngón đàn ngày xưa.	從容吏𠳨𦰟弹㝵初
3178	6	"Nàng rằng: ""Vì mấy đường tơ,"	娘浪爲󰋇塘絲
3179	8	"""Lầm người cho đến bây giờ mới thôi."	𡗋㝵朱旦碑除買催
3180	6	"""Ăn năn thì sự đã rồi,"	咹󱋔时事㐌耒
3181	8	"""Nể lòng người cũ vâng lời một phen."""	你𢚸㝵󱀄𠳐𠳒𠬠畨
3182	6	Phím đàn dìu dặt tay tiên,	泛弹迢迭𢬣仙
3183	8	Khói trầm cao thấp tiếng huyền gần xa.	𤌋沉高𥰊㗂弦𧵆車
3184	6	Khúc SAO đầm ấm dương hoà.	曲牢漂蔭陽和
3185	8	Ấy là hồ điệp hay là Trang sinh?	意󰑼蝴蝶咍󰑼莊生
3186	6	Khúc đâu êm ái xuân tình,	曲󰠲奄爱春情
3187	8	Ấy HỒN Thục đế hay MÌNH đỗ quyên?	意魂蜀帝咍舍杜鵑
3188	6	Trong sao châu NHỎ duềnh quyên!	冲牢朱㳶溋涓
3189	8	Ấm sao hạt ngọc Lam Điền mới đông!	荫牢曷玉蓝田買冬
3190	6	Lọt tai nghe suốt năm cung,	律𦖻𦖑卒𠄼宫
3191	8	Tiếng nào là chẳng não nùng xôn xao.	㗂芇󰑼庄恼濃𠮿嗃
3192	6	"Chàng rằng: ""Phổ ấy tay nào?"	払浪譜意𢬣芇
3193	8	"""Xưa sao sầu thảm nay sao vui vầy?"	初牢愁惨󰅒牢𠸟𡆫
3194	8	“ THƯƠNG vui bởi tại lòng này,	傷盃𪽝在𢚸尼
3195	8	"""Hay là khổ tận đến ngày cam lai?"""	咍󰑼苦尽旦㝵甘来
3196	6	Nàng rằng: “Vì chút HAY chơi,	娘浪爲𡮍台制
3197	8	"""Đoạn trường tiếng ấy hại người bấy lâu."	断膓㗂𧘇害㝵闭𥹰
3198	6	"""Một phen tri kỷ cùng nhau,"	𠬠畨知己共僥
3199	8	"""Cuốn dây từ đấy về sau cũng chừa."""	卷𦀊自帝󰡲娄共除
3200	6	Chuyện trò chưa cạn tóc tơ,	傳路渚𣴓󰖥絲
3201	8	Gà đà gáy sáng trời vừa rạng đông.	𬷤㐌嘅創𡗶皮𠓇東
3202	6	Tình riêng chàng lại nói sòng,	情貞払吏呐崇
3203	8	Một nhà ai cũng lạ lùng khen lao.	𠬠茹埃拱𨔍𨓡𠸦劳
3204	6	Cho hay thục nữ chí cao,	朱咍淑女志高
3205	8	Phải người sớm mận tối đào như ai?	沛㝵󰉚槾最桃如埃
3206	6	Hai tình vẹn vẽ hoà hai,	𠄩情院𡳒和𠄩
3207	8	Chẳng trong chăn NỆM cũng ngoài cầm thơ.	庄冲𧜖𧛋共外琴詩
3208	6	Khi chén rượu khi CUỘC cờ,	欺󱋓𨢇欺局棋
3209	8	Khi xem hoa nở khi chờ trăng lên.	欺𫀅花𦬑欺除𦝄𨖲
3210	6	Ba sinh đã phỉ mười nguyền,	𠀧生㐌菲𨑮願
3211	8	Duyên đôi lứa cũng là duyên bạn bầy.	緣堆侶共󰑼緣伴排
3212	6	Nhớ lời lập một am mây,	𢖵𠳒立𠬠庵𫡮
3213	8	Sai người thân THÍCH rước thầy Giác Duyên.	差㝵親戚逴柴𮗓緣
3214	6	Đến THÌ đóng cửa cài then,	旦時㨂𫔳掑杄
3215	8	Rêu trùm kẽ ngạch cỏ len mái nhà.	𦼔𠆳技額𦹵𨕭𠃅茹
3216	6	Sư đà HÁI thuốc phương xa,	師它挴󰡮方車
3217	8	Mây bay hạc lánh biết là tìm đâu?	𫡮𠖤鶴另別󰑼尋󰠲
3218	8	Nặng vì CHÚT nghĩa XƯA SAU ,	󰠱爲史󰒂初娄
3219	8	Trên am cứ giữ hương dầu hôm mai.	𨕭󰡐拠𪧚香油歆埋
3220	6	Một nhà phúc lộc gồm hai,	𠬠茹福祿𫡂𠄩
3221	8	HIÊN NIÊN DẶC dặc quan giai lần lần.	千年弋弋官堦吝吝
3222	6	Thừa gia chẳng hết nàng Vân:	承家庄歇娘云
3223	8	Một cây cù mộc một sân quế hoè.	𠬠𣘃樛木𠬠𡑝桂槐
3224	6	Phong lưu phú quý ai bì,	風流富貴埃皮
3225	8	VẦY xuân một cửa để bia muôn đời.	𡆫春𠬠𫔳底碑𬮙代
3226	6	GẪM hay muôn sự LÀ trời,	𡄎咍𬮙事󰑼𡗶
3227	8	Trời kia đã bắt làm người có thân.	𡗶箕㐌扒爫㝵固身
3228	6	Bắt phong trần phải phong trần,	扒風󰡰沛風󰡰
3229	8	Cho thanh cao mới được phần thanh cao.	朱清高買特分清高
3230	6	Có đâu thiên vị người nào,	固󰠲偏爲㝵芇
3231	8	Chữ tài chữ mệnh dồi dào cả hai.	𡦂才𡦂𠇮𣼭滛奇𠄩
3232	6	Có tài mà cậy chi tài,	固才麻忌之才
3233	8	Chữ tài liền với chữ tai một vần.	𡦂才連貝𡦂灾𠬠韻
3234	6	Đã mang lấy nghiệp vào thân,	㐌芒𥙩業𠓨身
3235	8	Cũng đừng trách lẫn TRỜI gần CHẲNG xa .	共仃責吝𠳒𧵆庄車
3236	6	Thiện căn ở tại lòng ta,	善根於在𢚸些
3237	8	Chữ Tâm kia mới BẰNG ba chữ tài.	𡦂心箕買十𠀧𡦂才
3238	6	Lời quê NHẶT GÓP dông dài,	𠳒圭抇𪭯容𨱽
3239	8	Mua vui cũng được một vài trống canh.	謨𠸟共特𠬠𠄽𪔠更
