book,page,column,nom_idx,syllable,ocr_char_old,predicted_nom,unicode,prob,in_dict,decision,image
stt11,page_0010,1,0,tháng,伪,倘,U+5018,0.6766,True,RESCUE_LOW_CONF,
stt11,page_0010,2,10,gia,刀,加,U+52A0,0.062,True,RESCUE_LOW_CONF,
stt11,page_0010,3,7,đời,丶,更,U+66F4,0.2012,False,NOT_IN_DICT,
stt11,page_0010,3,12,trọn,鬲,命,U+547D,0.2515,False,NOT_IN_DICT,
stt11,page_0010,3,14,trọn,屬,旦,U+65E6,0.0539,False,NOT_IN_DICT,
stt11,page_0010,6,1,hạ,平,下,U+4E0B,0.6188,True,RESCUE_LOW_CONF,
stt11,page_0010,7,7,ri,頥,順,U+9806,0.2118,False,NOT_IN_DICT,
stt11,page_0010,7,20,nhà,成,茹,U+8339,0.8943,True,RESCUE_GOLD_HIGH,
stt11,page_0010,8,0,mà,森,麻,U+9EBB,0.7845,True,RESCUE_GOLD_MED,
stt11,page_0010,8,8,lấy,柩,𢬦,U+22B26,0.5582,True,RESCUE_LOW_CONF,
stt11,page_0010,8,12,chở,𧵑,暗,U+6697,0.2185,False,NOT_IN_DICT,
stt11,page_0010,9,8,dạy,化,代,U+4EE3,0.9658,True,RESCUE_GOLD_HIGH,
stt11,page_0010,9,11,một,農,更,U+66F4,0.2361,True,RESCUE_LOW_CONF,
stt11,page_0010_p0028,2,0,sự,昇,𠊚,U+2029A,0.9668,False,NOT_IN_DICT,
stt11,page_0010_p0028,2,1,về,麻,麻,U+9EBB,0.9817,False,NOT_IN_DICT,
stt11,page_0010_p0028,2,2,i,除,除,U+9664,0.9694,False,NOT_IN_DICT,
stt11,page_0010_p0028,2,3,ghê,娄,娄,U+5A04,0.7653,False,NOT_IN_DICT,
stt11,page_0010_p0028,2,4,rê,歡,歇,U+6B47,0.9506,False,NOT_IN_DICT,
stt11,page_0010_p0028,2,5,gia,昇,𠊚,U+2029A,0.9489,False,NOT_IN_DICT,
stt11,page_0010_p0028,2,6,nước,莒,𠊚,U+2029A,0.5738,False,NOT_IN_DICT,
stt11,page_0010_p0028,2,7,ấy,功,功,U+529F,0.8413,False,NOT_IN_DICT,
stt11,page_0010_p0028,2,8,chẳng,業,娄,U+5A04,0.1178,False,NOT_IN_DICT,
stt11,page_0010_p0028,2,9,hay,共,共,U+5171,0.9127,False,NOT_IN_DICT,
stt11,page_0010_p0028,2,10,đức,色,㐌,U+340C,0.9338,False,NOT_IN_DICT,
stt11,page_0010_p0028,2,11,chúa,而,巴,U+5DF4,0.2776,False,NOT_IN_DICT,
stt11,page_0010_p0028,2,12,trời,澆,燒,U+71D2,0.8665,False,NOT_IN_DICT,
stt11,page_0010_p0028,2,13,trả,法,法,U+6CD5,0.966,False,NOT_IN_DICT,
stt11,page_0010_p0028,2,14,công,遇,邏,U+908F,0.8583,False,NOT_IN_DICT,
stt11,page_0010_p0028,2,15,nghiệp,固,固,U+56FA,0.8711,False,NOT_IN_DICT,
stt11,page_0010_p0028,2,16,cho,意,意,U+610F,0.9858,False,NOT_IN_DICT,
stt11,page_0010_p0028,2,17,mà,嗔,嗔,U+55D4,0.6763,False,NOT_IN_DICT,
stt11,page_0010_p0028,2,18,đến,共,共,U+5171,0.9369,False,NOT_IN_DICT,
stt11,page_0010_p0028,2,19,nhà,翁,翁,U+7FC1,0.929,False,NOT_IN_DICT,
stt11,page_0010_p0028,2,20,thờ,垩,垩,U+57A9,0.9721,False,NOT_IN_DICT,
stt11,page_0010_p0028,2,21,ông,施,葩,U+8469,0.978,False,NOT_IN_DICT,
stt11,page_0010_p0028,2,22,thánh,之,乙,U+4E59,0.0464,False,NOT_IN_DICT,
stt11,page_0010_p0028,3,1,na,街,事,U+4E8B,0.9729,False,NOT_IN_DICT,
stt11,page_0010_p0028,3,2,du,衣,𧗱,U+275F1,0.7821,False,NOT_IN_DICT,
stt11,page_0010_p0028,3,3,ở,計,衣,U+8863,0.8795,False,NOT_IN_DICT,
stt11,page_0010_p0028,3,4,thì,移,計,U+8A08,0.8265,False,NOT_IN_DICT,
stt11,page_0010_p0028,3,5,người,即,移,U+79FB,0.3108,False,NOT_IN_DICT,
stt11,page_0010_p0028,3,7,liệt,人,渃,U+6E03,0.6296,False,NOT_IN_DICT,
stt11,page_0010_p0028,3,8,cùng,庒,衣,U+8863,0.7566,False,NOT_IN_DICT,
stt11,page_0010_p0028,3,9,chịu,略,庒,U+5E92,0.9702,False,NOT_IN_DICT,
stt11,page_0010_p0028,3,10,các,行,庒,U+5E92,0.148,False,NOT_IN_DICT,
stt11,page_0010_p0028,3,11,phép,主,主,U+4E3B,0.6195,False,NOT_IN_DICT,
stt11,page_0010_p0028,3,12,sa,乔,主,U+4E3B,0.9752,False,NOT_IN_DICT,
stt11,page_0010_p0028,3,13,ca,把,𡗶,U+215F6,0.8495,False,NOT_IN_DICT,
stt11,page_0010_p0028,3,14,ra,功,把,U+628A,0.8591,False,NOT_IN_DICT,
stt11,page_0010_p0028,3,15,men,榮,功,U+529F,0.9367,False,NOT_IN_DICT,
stt11,page_0010_p0028,3,16,tô,朱,除,U+9664,0.1188,False,NOT_IN_DICT,
stt11,page_0010_p0028,3,18,mặt,旦,旦,U+65E6,0.9635,False,NOT_IN_DICT,
stt11,page_0010_p0028,3,20,kẻ,餘,蜍,U+870D,0.8271,False,NOT_IN_DICT,
stt11,page_0010_p0028,3,21,chơi,翁,翁,U+7FC1,0.9704,False,NOT_IN_DICT,
stt11,page_0010_p0028,3,22,vậy,垩,垩,U+57A9,0.9591,False,NOT_IN_DICT,
stt11,page_0010_p0028,3,23,sinh,皮,皮,U+76AE,0.365,False,NOT_IN_DICT,
stt11,page_0010_p0028,4,8,tay,㠯,召,U+53EC,0.9763,False,NOT_IN_DICT,
stt11,page_0010_p0028,4,10,thầy,法,法,U+6CD5,0.9953,False,NOT_IN_DICT,
stt11,page_0010_p0028,4,11,thánh,沙,沙,U+6C99,0.9439,False,NOT_IN_DICT,
stt11,page_0010_p0028,4,12,ấy,𰙔,𰙔,U+30654,0.3283,False,NOT_IN_DICT,
stt11,page_0010_p0028,4,13,ong,噀,秋,U+79CB,0.2076,False,NOT_IN_DICT,
stt11,page_0010_p0028,4,14,thánh,綿,綿,U+7DBF,0.8768,False,NOT_IN_DICT,
stt11,page_0010_p0028,4,15,bê,穌,鮮,U+9BAE,0.2576,False,NOT_IN_DICT,
stt11,page_0010_p0028,4,16,na,麻,麻,U+9EBB,0.7406,False,NOT_IN_DICT,
stt11,page_0010_p0028,4,17,du,盃,麻,U+9EBB,0.8363,False,NOT_IN_DICT,
stt11,page_0010_p0028,4,18,chép,末,盃,U+76C3,0.7588,False,NOT_IN_DICT,
stt11,page_0010_p0028,4,19,truyện,奴,末,U+672B,0.742,False,NOT_IN_DICT,
stt11,page_0010_p0028,4,20,người,几,如,U+5982,0.9466,False,NOT_IN_DICT,
stt11,page_0010_p0028,4,21,và,制,几,U+51E0,0.4031,False,NOT_IN_DICT,
stt11,page_0010_p0028,4,22,khen,丕,丕,U+4E15,0.4767,False,NOT_IN_DICT,
stt11,page_0010_p0028,4,23,lăm,生,生,U+751F,0.9165,False,NOT_IN_DICT,
stt11,page_0010_p0028,5,6,giê,女,本,U+672C,0.1176,False,NOT_IN_DICT,
stt11,page_0010_p0028,5,11,ra,号,式,U+5F0F,0.0575,False,NOT_IN_DICT,
stt11,page_0010_p0028,5,12,đời,柴,時,U+6642,0.2147,False,NOT_IN_DICT,
stt11,page_0010_p0028,5,14,cho,翁,翁,U+7FC1,0.3488,False,NOT_IN_DICT,
stt11,page_0010_p0028,5,15,đến,茄,下,U+4E0B,0.0369,False,NOT_IN_DICT,
stt11,page_0010_p0028,5,16,ông,垩,時,U+6642,0.1539,False,NOT_IN_DICT,
stt11,page_0010_p0028,5,19,này,人,𠊚,U+2029A,0.3689,False,NOT_IN_DICT,
stt11,page_0010_p0028,5,22,được,号,特,U+7279,0.0671,True,RESCUE_LOW_CONF,
stt11,page_0010_p0028,5,25,một,榮,中,U+4E2D,0.1557,False,NOT_IN_DICT,
stt11,page_0010_p0028,5,26,trăm,曰,命,U+547D,0.0726,False,NOT_IN_DICT,
stt11,page_0010_p0028,5,37,bốn,石,乄,U+4E44,0.073,False,NOT_IN_DICT,
stt11,page_0010_p0028,5,38,mươi,早,事,U+4E8B,0.1951,False,NOT_IN_DICT,
stt11,page_0010_p0028,5,39,tám,孤,卒,U+5352,0.0493,False,NOT_IN_DICT,
stt11,page_0010_p0028,5,40,148,嗜,几,U+51E0,0.0934,False,NOT_IN_DICT,
stt11,page_0010_p0028,6,1,mồng,垩,垩,U+57A9,0.8814,False,NOT_IN_DICT,
stt11,page_0010_p0028,6,2,bốn,尼,尼,U+5C3C,0.9194,False,NOT_IN_DICT,
stt11,page_0010_p0028,6,3,ông,生,生,U+751F,0.9748,False,NOT_IN_DICT,
stt11,page_0010_p0028,6,4,thánh,哷,於,U+65BC,0.9437,False,NOT_IN_DICT,
stt11,page_0010_p0028,6,19,rô,蒸,烝,U+70DD,0.5784,False,NOT_IN_DICT,
stt11,page_0010_p0028,6,20,lô,早,𠊚,U+2029A,0.3573,False,NOT_IN_DICT,
stt11,page_0010_p0028,6,21,viết,油,𠊚,U+2029A,0.689,False,NOT_IN_DICT,
stt11,page_0010_p0028,6,22,vồ,麻,麻,U+9EBB,0.9686,False,NOT_IN_DICT,
stt11,page_0010_p0028,6,23,truyện,異,麻,U+9EBB,0.4805,False,NOT_IN_DICT,
stt11,page_0010_p0028,7,3,này,苑,葩,U+8469,0.9438,False,NOT_IN_DICT,
stt11,page_0010_p0028,7,4,sinh,之,丕,U+4E15,0.1497,False,NOT_IN_DICT,
stt11,page_0010_p0028,7,5,ra,丕,丕,U+4E15,0.5359,False,NOT_IN_DICT,
stt11,page_0010_p0028,7,7,thành,次,次,U+6B21,0.9301,False,NOT_IN_DICT,
stt11,page_0010_p0028,7,8,mi,举,罪,U+7F6A,0.2012,False,NOT_IN_DICT,
stt11,page_0010_p0028,7,9,long,共,共,U+5171,0.9637,False,NOT_IN_DICT,
stt11,page_0010_p0028,7,10,là,朝,朝,U+671D,0.8998,False,NOT_IN_DICT,
stt11,page_0010_p0028,7,11,gương,朱,朱,U+6731,0.497,False,NOT_IN_DICT,
stt11,page_0010_p0028,7,12,các,固,固,U+56FA,0.9763,False,NOT_IN_DICT,
stt11,page_0010_p0028,7,13,cả,凜,凜,U+51DC,0.8613,False,NOT_IN_DICT,
stt11,page_0010_p0028,7,14,xem,時,時,U+6642,0.9844,False,NOT_IN_DICT,
stt11,page_0010_p0028,7,15,mà,庒,麻,U+9EBB,0.0018,True,RESCUE_LOW_CONF,
stt11,page_0010_p0028,7,16,bắt,計,計,U+8A08,0.9483,False,NOT_IN_DICT,
stt11,page_0010_p0028,7,17,chước,事,事,U+4E8B,0.9841,False,NOT_IN_DICT,
stt11,page_0010_p0028,7,18,vì,反,衣,U+8863,0.2107,False,NOT_IN_DICT,
stt11,page_0010_p0028,7,19,chưng,平,中,U+4E2D,0.3227,False,NOT_IN_DICT,
stt11,page_0010_p0028,7,20,người,執,昆,U+6606,0.0008,True,RESCUE_LOW_CONF,
stt11,page_0010_p0028,7,21,dù,灵,灵,U+7075,0.7671,False,NOT_IN_DICT,
stt11,page_0010_p0028,7,22,ma,魂,魂,U+9B42,0.7896,False,NOT_IN_DICT,
stt11,page_0010_p0028,8,0,cháu,㝵,𠊚,U+2029A,0.9682,False,NOT_IN_DICT,
stt11,page_0010_p0028,8,1,ông,些,些,U+4E9B,0.9862,False,NOT_IN_DICT,
stt11,page_0010_p0028,8,2,thánh,避,連,U+9023,0.9352,False,NOT_IN_DICT,
stt11,page_0010_p0028,8,3,pha,天,天,U+5929,0.9673,False,NOT_IN_DICT,
stt11,page_0010_p0028,8,4,pha,堂,堂,U+5802,0.9664,False,NOT_IN_DICT,
stt11,page_0010_p0028,8,7,ô,䏷,時,U+6642,0.9525,False,NOT_IN_DICT,
stt11,page_0010_p0028,8,8,thứ,昇,𠊚,U+2029A,0.9748,False,NOT_IN_DICT,
stt11,page_0010_p0028,8,9,bốn,仍,仍,U+4ECD,0.9874,False,NOT_IN_DICT,
stt11,page_0010_p0028,8,10,cùng,呫,穷,U+7A77,0.4086,True,RESCUE_LOW_CONF,
stt11,page_0010_p0028,8,11,giàu,斫,斫,U+65AB,0.9173,False,NOT_IN_DICT,
stt11,page_0010_p0028,8,12,có,共,世,U+4E16,0.0087,True,RESCUE_LOW_CONF,
stt11,page_0010_p0028,8,13,lắm,早,𠊚,U+2029A,0.8522,False,NOT_IN_DICT,
stt11,page_0010_p0028,8,14,thì,些,時,U+6642,0.0083,True,RESCUE_LOW_CONF,
stt11,page_0010_p0028,8,15,chăng,特,特,U+7279,0.9257,False,NOT_IN_DICT,
stt11,page_0010_p0028,8,16,kế,愧,塊,U+584A,0.9178,False,NOT_IN_DICT,
stt11,page_0010_p0028,8,17,sự,稠,腮,U+816E,0.7609,False,NOT_IN_DICT,
stt11,page_0010_p0028,8,18,ấy,思,昆,U+6606,0.5577,False,NOT_IN_DICT,
stt11,page_0010_p0028,8,19,bằng,昇,𠊚,U+2029A,0.9877,False,NOT_IN_DICT,
stt11,page_0010_p0028,8,20,giúp,該,該,U+8A72,0.7793,False,NOT_IN_DICT,
stt11,page_0010_p0028,8,21,linh,城,城,U+57CE,0.9587,False,NOT_IN_DICT,
stt11,page_0010_p0028,8,22,hồn,噶,喝,U+559D,0.2092,False,NOT_IN_DICT,
stt11,page_0010_p0028,9,6,trời,瓦,中,U+4E2D,0.1281,False,NOT_IN_DICT,
stt11,page_0010_p0028,9,11,phải,挿,沛,U+6C9B,0.0511,True,RESCUE_LOW_CONF,
stt11,page_0010_p0028,9,19,liều,判,料,U+6599,0.0428,True,RESCUE_LOW_CONF,
stt11,page_0010_p0028,9,20,mình,風,命,U+547D,0.1066,True,RESCUE_LOW_CONF,
stt11,page_0010_p0220,1,0,trăm,嘉,麻,U+9EBB,0.1429,False,NOT_IN_DICT,
stt11,page_0010_p0220,1,20,song,电,油,U+6CB9,0.0764,False,NOT_IN_DICT,
stt11,page_0010_p0220,2,0,mắng,拳,奉,U+5949,0.1575,False,NOT_IN_DICT,
stt11,page_0010_p0220,3,2,nhiều,女,如,U+5982,0.3931,False,NOT_IN_DICT,
stt11,page_0010_p0220,3,3,nữa,曉,燒,U+71D2,0.4992,False,NOT_IN_DICT,
stt11,page_0010_p0220,3,5,dạy,眠,代,U+4EE3,0.3154,True,RESCUE_LOW_CONF,
stt11,page_0010_p0220,3,9,vào,民,包,U+5305,0.2719,True,RESCUE_LOW_CONF,
stt11,page_0010_p0220,3,10,dây,姨,飭,U+98ED,0.1736,False,NOT_IN_DICT,
stt11,page_0010_p0220,3,11,neo,事,市,U+5E02,0.3102,False,NOT_IN_DICT,
stt11,page_0010_p0220,3,15,tàu,魄,矯,U+77EF,0.2912,False,NOT_IN_DICT,
stt11,page_0010_p0220,4,12,dữ,𤆛,与,U+4E0E,0.5042,True,RESCUE_LOW_CONF,
stt11,page_0010_p0220,4,15,lóc,攺,次,U+6B21,0.3028,False,NOT_IN_DICT,
stt11,page_0010_p0220,5,0,5,契,实,U+5B9E,0.8962,False,NOT_IN_DICT,
stt11,page_0010_p0220,5,4,bấy,苾,悲,U+60B2,0.258,True,RESCUE_LOW_CONF,
stt11,page_0010_p0220,5,14,khi,数,次,U+6B21,0.4574,False,NOT_IN_DICT,
stt11,page_0010_p0220,5,18,biển,渡,彼,U+5F7C,0.213,True,RESCUE_LOW_CONF,
stt11,page_0010_p0220,6,5,xem,衫,袩,U+88A9,0.3777,True,RESCUE_LOW_CONF,
stt11,page_0010_p0220,6,9,tiếng,肾,省,U+7701,0.7477,True,RESCUE_GOLD_MED,
stt11,page_0010_p0220,6,21,nguyen,領,翁,U+7FC1,0.3544,False,NOT_IN_DICT,
stt11,page_0010_p0220,7,4,rước,紳,綽,U+7DBD,0.5231,True,RESCUE_LOW_CONF,
stt11,page_0010_p0220,7,11,biển,憂,彼,U+5F7C,0.0282,True,RESCUE_LOW_CONF,
stt11,page_0010_p0220,7,20,rằng,眼,浪,U+6D6A,0.9739,True,RESCUE_GOLD_HIGH,
stt11,page_0010_p0220,8,8,chúng,碎,碎,U+788E,0.7096,False,NOT_IN_DICT,
stt11,page_0010_p0220,8,9,tôi,众,众,U+4F17,0.3273,False,NOT_IN_DICT,
stt11,page_0010_p0220,8,22,đi,超,移,U+79FB,0.037,True,RESCUE_LOW_CONF,
stt11,page_0010_p0220,9,5,nhà,成,茹,U+8339,0.0803,True,RESCUE_LOW_CONF,
stt11,page_0010_p0220,9,8,nhà,应,茹,U+8339,0.8809,True,RESCUE_GOLD_HIGH,
stt11,page_0010_p0220,9,13,săng,梭,棱,U+68F1,0.3342,True,RESCUE_LOW_CONF,
stt11,page_0010_p0220,9,16,xác,壹,壳,U+58F3,0.9291,True,RESCUE_GOLD_HIGH,
stt11,page_0010_p0220,9,21,sắt,銖,鉄,U+9244,0.5725,True,RESCUE_LOW_CONF,
stt11,page_0012,2,4,làm,𡿨,乄,U+4E44,0.0694,True,RESCUE_LOW_CONF,
stt11,page_0012,2,12,đủ,坊,堵,U+5835,0.1036,True,RESCUE_LOW_CONF,
stt11,page_0012,2,21,nghìn,顔,没,U+6CA1,0.0915,False,NOT_IN_DICT,
stt11,page_0012,3,19,trông,邕,遣,U+9063,0.0639,False,NOT_IN_DICT,
stt11,page_0012,4,5,còn,咩,群,U+7FA4,0.7765,True,RESCUE_GOLD_MED,
stt11,page_0012,5,9,cùng,艾,共,U+5171,0.685,True,RESCUE_LOW_CONF,
stt11,page_0012,5,13,sót,李,卒,U+5352,0.2448,True,RESCUE_LOW_CONF,
stt11,page_0012,5,18,nghĩa,美,义,U+4E49,0.0662,True,RESCUE_LOW_CONF,
stt11,page_0012,6,5,vua,帮,君,U+541B,0.337,True,RESCUE_LOW_CONF,
stt11,page_0012,6,14,r1,移,移,U+79FB,0.3346,False,NOT_IN_DICT,
stt11,page_0012,6,15,e,喚,城,U+57CE,0.111,False,NOT_IN_DICT,
stt11,page_0012,6,16,ro,曽,畧,U+7567,0.1297,False,NOT_IN_DICT,
stt11,page_0012,7,7,mình,仭,安,U+5B89,0.9069,False,NOT_IN_DICT,
stt11,page_0012,7,13,một,𫈼,秋,U+79CB,0.1471,False,NOT_IN_DICT,
stt11,page_0012,8,7,có,園,固,U+56FA,0.9159,True,RESCUE_GOLD_HIGH,
stt11,page_0012,8,15,ăn,喚,安,U+5B89,0.9742,True,RESCUE_GOLD_HIGH,
stt11,page_0012,8,21,hậu,魚,徳,U+5FB3,0.2086,False,NOT_IN_DICT,
stt11,page_0012,9,2,va,椲,像,U+50CF,0.0584,False,NOT_IN_DICT,
stt11,page_0012,9,18,dọn,連,迍,U+8FCD,0.043,True,RESCUE_LOW_CONF,
stt11,page_0014,2,7,trị,浴,泣,U+6CE3,0.1725,False,NOT_IN_DICT,
stt11,page_0014,2,20,lap,立,女,U+5973,0.2233,False,NOT_IN_DICT,
stt11,page_0014,3,15,dong,奮,庫,U+5EAB,0.4062,False,NOT_IN_DICT,
stt11,page_0014,4,5,mai,𭣣,折,U+6298,0.4377,False,NOT_IN_DICT,
stt11,page_0014,4,20,giê,夫,支,U+652F,0.1375,True,RESCUE_LOW_CONF,
stt11,page_0014,5,7,hai,顺,代,U+4EE3,0.9926,False,NOT_IN_DICT,
stt11,page_0014,5,15,vêu,腰,腰,U+8170,0.6686,False,NOT_IN_DICT,
stt11,page_0014,7,9,lên,遫,連,U+9023,0.0589,True,RESCUE_LOW_CONF,
stt11,page_0014,9,3,hậu,忽,位,U+4F4D,0.2877,False,NOT_IN_DICT,
stt11,page_0014,9,4,ấy,人,衣,U+8863,0.2218,True,RESCUE_LOW_CONF,
stt11,page_0016,1,15,ghê,針,計,U+8A08,0.9852,False,NOT_IN_DICT,
stt11,page_0016,2,9,phải,希,沛,U+6C9B,0.3986,True,RESCUE_LOW_CONF,
stt11,page_0016,2,10,rốn,朕,腰,U+8170,0.7047,False,NOT_IN_DICT,
stt11,page_0016,3,3,tai,聰,賊,U+8CCA,0.1242,False,NOT_IN_DICT,
stt11,page_0016,3,15,nào,事,𠊚,U+2029A,0.0727,False,NOT_IN_DICT,
stt11,page_0016,4,6,ý,八,勧,U+52E7,0.8222,False,NOT_IN_DICT,
stt11,page_0016,4,7,khuyên,觔,各,U+5404,0.8124,False,NOT_IN_DICT,
stt11,page_0016,4,12,gương,詞,差,U+5DEE,0.0736,False,NOT_IN_DICT,
stt11,page_0016,4,13,sáng,劄,創,U+5275,0.3279,True,RESCUE_LOW_CONF,
stt11,page_0016,5,8,là,卅,庒,U+5E92,0.8868,False,NOT_IN_DICT,
stt11,page_0016,5,10,phải,𨸲,沛,U+6C9B,0.537,True,RESCUE_LOW_CONF,
stt11,page_0016,5,16,là,兴,罗,U+7F57,0.1566,True,RESCUE_LOW_CONF,
stt11,page_0016,6,1,thịt,醐,調,U+8ABF,0.3636,False,NOT_IN_DICT,
stt11,page_0016,6,5,phải,弟,沛,U+6C9B,0.9356,True,RESCUE_GOLD_HIGH,
stt11,page_0016,6,12,còn,卑,群,U+7FA4,0.921,True,RESCUE_GOLD_HIGH,
stt11,page_0016,6,19,nghịch,運,連,U+9023,0.2502,False,NOT_IN_DICT,
stt11,page_0016,7,3,phải,吕,民,U+6C11,0.0671,False,NOT_IN_DICT,
stt11,page_0016,7,4,cậy,嫌,朱,U+6731,0.2239,False,NOT_IN_DICT,
stt11,page_0016,8,2,phải,姊,沛,U+6C9B,0.8914,True,RESCUE_GOLD_HIGH,
stt11,page_0016,8,18,mình,紛,命,U+547D,0.3339,True,RESCUE_LOW_CONF,
stt11,page_0016,8,20,dấu,斟,𧿫,U+27FEB,0.1099,True,RESCUE_LOW_CONF,
stt11,page_0018,1,0,vào,乞,包,U+5305,0.2024,True,RESCUE_LOW_CONF,
stt11,page_0018,1,6,nghìn,屛,弄,U+5F04,0.17,False,NOT_IN_DICT,
stt11,page_0018,1,11,mình,兮,命,U+547D,0.0636,True,RESCUE_LOW_CONF,
stt11,page_0018,1,12,là,卅,省,U+7701,0.1119,False,NOT_IN_DICT,
stt11,page_0018,2,7,thịt,越,壳,U+58F3,0.2816,False,NOT_IN_DICT,
stt11,page_0018,2,18,phi,王,丕,U+4E15,0.9656,True,RESCUE_GOLD_HIGH,
stt11,page_0018,2,20,trách,煑,責,U+8CAC,0.5809,True,RESCUE_LOW_CONF,
stt11,page_0018,3,5,rằng,飡,浪,U+6D6A,0.9585,True,RESCUE_GOLD_HIGH,
stt11,page_0018,3,9,tin,道,道,U+9053,0.9477,False,NOT_IN_DICT,
stt11,page_0018,3,10,đạo,信,信,U+4FE1,0.9862,False,NOT_IN_DICT,
stt11,page_0018,3,11,đức,灯,主,U+4E3B,0.7288,False,NOT_IN_DICT,
stt11,page_0018,4,9,làm,今,丕,U+4E15,0.1299,False,NOT_IN_DICT,
stt11,page_0018,5,0,sao,串,牢,U+7262,0.1135,True,RESCUE_LOW_CONF,
stt11,page_0018,5,17,ay,伐,衣,U+8863,0.9207,False,NOT_IN_DICT,
stt11,page_0018,5,19,hôm,欹,及,U+53CA,0.1187,False,NOT_IN_DICT,
stt11,page_0018,6,3,xem,拈,袩,U+88A9,0.679,True,RESCUE_LOW_CONF,
stt11,page_0018,6,10,cùng,仰,共,U+5171,0.936,True,RESCUE_GOLD_HIGH,
stt11,page_0018,6,13,lên,倒,連,U+9023,0.1128,True,RESCUE_LOW_CONF,
stt11,page_0018,7,6,tình,牆,堵,U+5835,0.1962,False,NOT_IN_DICT,
stt11,page_0018,7,23,chon,雀,准,U+51C6,0.2331,False,NOT_IN_DICT,
stt11,page_0018,9,14,608,糁,獄,U+7344,0.1751,False,NOT_IN_DICT,
stt11,page_0020,1,6,hồn,谓,塊,U+584A,0.543,True,RESCUE_LOW_CONF,
stt11,page_0020,2,20,chưa,涛,渚,U+6E1A,0.4923,True,RESCUE_LOW_CONF,
stt11,page_0020,2,21,sạch,疝,碎,U+788E,0.3902,False,NOT_IN_DICT,
stt11,page_0020,3,7,đã,包,㐌,U+340C,0.8535,True,RESCUE_GOLD_HIGH,
stt11,page_0020,3,17,lửa,煴,落,U+843D,0.9162,False,NOT_IN_DICT,
stt11,page_0020,6,5,dữ,典,燒,U+71D2,0.0907,False,NOT_IN_DICT,
stt11,page_0020,7,0,đê,辰,氐,U+6C10,0.006,True,RESCUE_LOW_CONF,
stt11,page_0020,7,1,a,𭮀,亜,U+4E9C,0.4478,True,RESCUE_LOW_CONF,
stt11,page_0020,7,5,rửa,沿,治,U+6CBB,0.1437,False,NOT_IN_DICT,
stt11,page_0020,7,13,ong,𧊵,翁,U+7FC1,0.0932,True,RESCUE_LOW_CONF,
stt11,page_0020,7,14,và,障,喡,U+55A1,0.0509,True,RESCUE_LOW_CONF,
stt11,page_0020,8,6,sạch,疝,死,U+6B7B,0.4105,False,NOT_IN_DICT,
stt11,page_0020,8,12,nói,唱,固,U+56FA,0.9855,False,NOT_IN_DICT,
stt11,page_0020,9,8,chó,涛,麻,U+9EBB,0.9457,False,NOT_IN_DICT,
stt11,page_0020,9,14,lửa,熳,强,U+5F3A,0.1738,False,NOT_IN_DICT,
stt11,page_0020,9,16,tội,𭻃,翁,U+7FC1,0.5904,False,NOT_IN_DICT,
stt11,page_0020,9,20,la,粤,𠊚,U+2029A,0.1732,False,NOT_IN_DICT,
stt11,page_0020,9,22,a,更,亜,U+4E9C,0.6307,True,RESCUE_LOW_CONF,
stt11,page_0022,1,0,đe,唆,四,U+56DB,0.0653,False,NOT_IN_DICT,
stt11,page_0022,1,16,khác,恰,恪,U+606A,0.7793,True,RESCUE_GOLD_MED,
stt11,page_0022,1,19,nấu,濟,耨,U+8028,0.272,True,RESCUE_LOW_CONF,
stt11,page_0022,1,22,sạch,丕,逐,U+9010,0.3397,False,NOT_IN_DICT,
stt11,page_0022,2,0,ở,觧,觧,U+89E7,0.3086,False,NOT_IN_DICT,
stt11,page_0022,2,1,lửa,燭,塊,U+584A,0.2416,False,NOT_IN_DICT,
stt11,page_0022,2,13,đâu,𠅙,兜,U+515C,0.189,True,RESCUE_LOW_CONF,
stt11,page_0022,3,0,dơ,浸,沛,U+6C9B,0.8244,False,NOT_IN_DICT,
stt11,page_0022,3,10,hai,叨,四,U+56DB,0.1784,False,NOT_IN_DICT,
stt11,page_0022,3,11,câu,摩,麻,U+9EBB,0.1028,False,NOT_IN_DICT,
stt11,page_0022,3,20,giảng,朅,講,U+8B1B,0.256,True,RESCUE_LOW_CONF,
stt11,page_0022,4,11,bê,殹,皮,U+76AE,0.5362,True,RESCUE_LOW_CONF,
stt11,page_0022,4,15,lấy,把,𢬦,U+22B26,0.7502,True,RESCUE_GOLD_MED,
stt11,page_0022,5,0,răng,悵,浪,U+6D6A,0.7528,True,RESCUE_GOLD_MED,
stt11,page_0022,5,7,nặng,晨,之,U+4E4B,0.6453,False,NOT_IN_DICT,
stt11,page_0022,6,7,ay,𫝄,衣,U+8863,0.6289,False,NOT_IN_DICT,
stt11,page_0022,6,9,hai,吩,咍,U+548D,0.26,True,RESCUE_LOW_CONF,
stt11,page_0022,6,15,nếu,憂,浪,U+6D6A,0.1941,False,NOT_IN_DICT,
stt11,page_0022,6,20,tha,故,赦,U+8D66,0.7942,True,RESCUE_GOLD_MED,
stt11,page_0022,7,0,thật,㬰,实,U+5B9E,0.9504,True,RESCUE_GOLD_HIGH,
stt11,page_0022,7,20,ây,人,衣,U+8863,0.4156,False,NOT_IN_DICT,
stt11,page_0022,9,2,rinh,盈,盈,U+76C8,0.692,False,NOT_IN_DICT,
stt11,page_0022,9,15,phải,姊,沛,U+6C9B,0.6387,True,RESCUE_LOW_CONF,
stt11,page_0024,1,2,gô,枝,枯,U+67AF,0.831,False,NOT_IN_DICT,
stt11,page_0024,1,6,rơm,撫,鎌,U+938C,0.0984,False,NOT_IN_DICT,
stt11,page_0024,2,2,lấy,柩,礼,U+793C,0.313,True,RESCUE_LOW_CONF,
stt11,page_0024,2,4,giảng,蠲,講,U+8B1B,0.6801,True,RESCUE_LOW_CONF,
stt11,page_0024,3,1,do,浄,沛,U+6C9B,0.4383,False,NOT_IN_DICT,
stt11,page_0024,3,7,mọn,閉,悶,U+60B6,0.4132,True,RESCUE_LOW_CONF,
stt11,page_0024,3,20,gồ,摂,想,U+60F3,0.5938,False,NOT_IN_DICT,
stt11,page_0024,3,21,hay,心,召,U+53EC,0.1114,False,NOT_IN_DICT,
stt11,page_0024,4,1,rơm,𭒡,徳,U+5FB3,0.1283,False,NOT_IN_DICT,
stt11,page_0024,4,20,đời,人,翁,U+7FC1,0.4877,False,NOT_IN_DICT,
stt11,page_0024,5,0,giu,枉,極,U+6975,0.148,False,NOT_IN_DICT,
stt11,page_0024,5,1,ong,馀,時,U+6642,0.2424,False,NOT_IN_DICT,
stt11,page_0024,5,15,rằng,𣸪,浪,U+6D6A,0.9885,True,RESCUE_GOLD_HIGH,
stt11,page_0024,5,19,do,净,沛,U+6C9B,0.2723,False,NOT_IN_DICT,
stt11,page_0024,5,22,vào,寫,徳,U+5FB3,0.2597,False,NOT_IN_DICT,
stt11,page_0024,6,0,đây,緡,穌,U+7A4C,0.0775,False,NOT_IN_DICT,
stt11,page_0024,6,1,chăng,能,僥,U+50E5,0.2319,False,NOT_IN_DICT,
stt11,page_0024,6,2,được,張,時,U+6642,0.1255,True,RESCUE_LOW_CONF,
stt11,page_0024,6,9,còn,煇,群,U+7FA4,0.4987,True,RESCUE_LOW_CONF,
stt11,page_0024,6,12,hay,労,四,U+56DB,0.1421,False,NOT_IN_DICT,
stt11,page_0024,6,18,đền,者,仍,U+4ECD,0.3204,False,NOT_IN_DICT,
stt11,page_0024,6,22,cho,中,朱,U+6731,0.1229,True,RESCUE_LOW_CONF,
stt11,page_0024,7,2,dáy,鴻,洩,U+6D29,0.4867,True,RESCUE_LOW_CONF,
stt11,page_0024,7,8,lên,逹,連,U+9023,0.9537,True,RESCUE_GOLD_HIGH,
stt11,page_0024,7,17,đáng,麾,堂,U+5802,0.4816,False,NOT_IN_DICT,
stt11,page_0024,9,11,ay,分,林,U+6797,0.8493,False,NOT_IN_DICT,
stt11,page_0024,9,14,ông,餘,時,U+6642,0.2541,False,NOT_IN_DICT,
stt11,page_0024,9,18,giu,扭,修,U+4FEE,0.0655,False,NOT_IN_DICT,
stt11,page_0024,9,22,sau,乞,老,U+8001,0.1202,False,NOT_IN_DICT,
stt11,page_0026,1,14,ba,沒,波,U+6CE2,0.089,True,RESCUE_LOW_CONF,
stt11,page_0026,1,16,tàu,繒,艚,U+825A,0.1077,True,RESCUE_LOW_CONF,
stt11,page_0026,2,7,rừng,族,棱,U+68F1,0.1149,True,RESCUE_LOW_CONF,
stt11,page_0026,2,21,nước,漏,渃,U+6E03,0.4539,True,RESCUE_LOW_CONF,
stt11,page_0026,3,1,lan,菊,蘭,U+862D,0.123,True,RESCUE_LOW_CONF,
stt11,page_0026,3,7,ô,匝,亜,U+4E9C,0.4788,False,NOT_IN_DICT,
stt11,page_0026,4,6,trổ,壮,杜,U+675C,0.5841,False,NOT_IN_DICT,
stt11,page_0026,4,22,nơi,兌,尼,U+5C3C,0.9249,True,RESCUE_GOLD_HIGH,
stt11,page_0026,5,20,là,𦊱,罗,U+7F57,0.2322,True,RESCUE_LOW_CONF,
stt11,page_0026,7,1,lửa,燭,仍,U+4ECD,0.2096,False,NOT_IN_DICT,
stt11,page_0026,7,3,nóng,煨,燶,U+71F6,0.0374,True,RESCUE_LOW_CONF,
stt11,page_0026,7,13,cầu,來,求,U+6C42,0.963,True,RESCUE_GOLD_HIGH,
stt11,page_0026,7,18,mi,乃,眉,U+7709,0.7006,True,RESCUE_GOLD_MED,
stt11,page_0026,8,10,ghét,紡,結,U+7D50,0.935,True,RESCUE_GOLD_HIGH,
stt11,page_0026,8,12,làm,分,乄,U+4E44,0.0875,True,RESCUE_LOW_CONF,
stt11,page_0026,8,18,ghét,紡,結,U+7D50,0.1608,True,RESCUE_LOW_CONF,
stt11,page_0026,8,21,ở,盈,亜,U+4E9C,0.7725,False,NOT_IN_DICT,
stt11,page_0026,8,22,đi,段,移,U+79FB,0.4142,True,RESCUE_LOW_CONF,
stt11,page_0026,8,23,long,电,重,U+91CD,0.26,False,NOT_IN_DICT,
stt11,page_0026,9,5,khuyên,勛,勧,U+52E7,0.2428,True,RESCUE_LOW_CONF,
stt11,page_0026,9,17,nói,明,呐,U+5450,0.2884,True,RESCUE_LOW_CONF,
stt11,page_0026,9,19,tôi,殚,碎,U+788E,0.4599,True,RESCUE_LOW_CONF,
stt11,page_0028,1,0,ai,垝,埃,U+57C3,0.6065,True,RESCUE_LOW_CONF,
stt11,page_0028,1,4,cả,留,哿,U+54FF,0.6113,True,RESCUE_LOW_CONF,
stt11,page_0028,2,6,thầy,槩,柴,U+67F4,0.9626,True,RESCUE_GOLD_HIGH,
stt11,page_0028,2,9,trấy,祸,主,U+4E3B,0.21,False,NOT_IN_DICT,
stt11,page_0028,2,10,về,券,麻,U+9EBB,0.9521,False,NOT_IN_DICT,
stt11,page_0028,2,16,o,亚,亜,U+4E9C,0.8223,False,NOT_IN_DICT,
stt11,page_0028,3,1,lời,厨,𡗶,U+215F6,0.1062,True,RESCUE_LOW_CONF,
stt11,page_0028,3,14,ngày,粤,婆,U+5A46,0.1723,False,NOT_IN_DICT,
stt11,page_0028,3,16,hai,㽞,倘,U+5018,0.5528,False,NOT_IN_DICT,
stt11,page_0028,3,17,tháng,他,道,U+9053,0.3406,False,NOT_IN_DICT,
stt11,page_0028,3,18,mười,遇,道,U+9053,0.1818,False,NOT_IN_DICT,
stt11,page_0028,4,4,thầy,爭,柴,U+67F4,0.343,True,RESCUE_LOW_CONF,
stt11,page_0028,5,1,giu,在,体,U+4F53,0.0873,False,NOT_IN_DICT,
stt11,page_0028,5,3,mắng,吟,吟,U+541F,0.0952,False,NOT_IN_DICT,
stt11,page_0028,5,8,khen,皆,時,U+6642,0.5558,False,NOT_IN_DICT,
stt11,page_0028,5,11,cả,醫,哿,U+54FF,0.0583,True,RESCUE_LOW_CONF,
stt11,page_0028,6,4,le,高,与,U+4E0E,0.2293,False,NOT_IN_DICT,
stt11,page_0028,6,10,gia,如,奴,U+5974,0.289,False,NOT_IN_DICT,
stt11,page_0028,6,15,cầu,來,求,U+6C42,0.901,True,RESCUE_GOLD_HIGH,
stt11,page_0028,7,7,ay,伏,衣,U+8863,0.8276,False,NOT_IN_DICT,
stt11,page_0028,7,13,chó,滿,渚,U+6E1A,0.512,False,NOT_IN_DICT,
stt11,page_0028,8,5,mình,局,命,U+547D,0.4549,True,RESCUE_LOW_CONF,
stt11,page_0028,8,15,hay,吸,些,U+4E9B,0.945,False,NOT_IN_DICT,
stt11,page_0028,9,19,năng,潮,䏻,U+43FB,0.7829,True,RESCUE_GOLD_MED,
stt11,page_0030,1,6,quên,酒,道,U+9053,0.1412,False,NOT_IN_DICT,
stt11,page_0030,1,7,nghĩa,美,義,U+7FA9,0.0228,True,RESCUE_LOW_CONF,
stt11,page_0030,1,10,xin,喚,嗔,U+55D4,0.8133,True,RESCUE_GOLD_MED,
stt11,page_0030,1,19,nóng,爐,燶,U+71F6,0.0458,True,RESCUE_LOW_CONF,
stt11,page_0030,1,22,nguyện,對,罰,U+7F70,0.2168,False,NOT_IN_DICT,
stt11,page_0030,2,19,vợ,𠁅,魔,U+9B54,0.0887,False,NOT_IN_DICT,
stt11,page_0030,3,0,xứ,豦,𠁅,U+20045,0.0476,True,RESCUE_LOW_CONF,
stt11,page_0030,3,1,sa,次,沙,U+6C99,0.6198,True,RESCUE_LOW_CONF,
stt11,page_0030,3,2,vê,鴝,飭,U+98ED,0.3062,False,NOT_IN_DICT,
stt11,page_0030,3,14,lần,卷,吝,U+541D,0.7443,True,RESCUE_GOLD_MED,
stt11,page_0030,4,16,lần,杏,各,U+5404,0.5099,True,RESCUE_LOW_CONF,
stt11,page_0030,5,18,hồn,諰,魂,U+9B42,0.8235,True,RESCUE_GOLD_MED,
stt11,page_0030,7,19,900,森,林,U+6797,0.6828,False,NOT_IN_DICT,
stt11,page_0030,8,5,la,噀,罗,U+7F57,0.0331,True,RESCUE_LOW_CONF,
stt11,page_0030,8,10,truyện,信,自,U+81EA,0.3809,False,NOT_IN_DICT,
stt11,page_0030,9,16,nước,洟,强,U+5F3A,0.137,False,NOT_IN_DICT,
stt11,page_0030,9,21,lên,趋,聀,U+8040,0.9467,False,NOT_IN_DICT,
stt11,page_0030,9,22,chức,我,時,U+6642,0.9422,False,NOT_IN_DICT,
stt11,page_0032,1,15,khen,署,喡,U+55A1,0.1178,False,NOT_IN_DICT,
stt11,page_0032,3,6,em,崦,俺,U+4FFA,0.3145,True,RESCUE_LOW_CONF,
stt11,page_0032,4,2,tháng,偽,倘,U+5018,0.9552,True,RESCUE_GOLD_HIGH,
stt11,page_0032,4,5,em,媚,俺,U+4FFA,0.3495,True,RESCUE_LOW_CONF,
stt11,page_0032,4,13,vào,𭁵,包,U+5305,0.7714,True,RESCUE_GOLD_MED,
stt11,page_0032,4,16,tiếng,嗜,省,U+7701,0.6292,True,RESCUE_LOW_CONF,
stt11,page_0032,4,20,rằng,良,浪,U+6D6A,0.8468,True,RESCUE_GOLD_MED,
stt11,page_0032,5,13,đói,姓,対,U+5BFE,0.7501,True,RESCUE_GOLD_MED,
stt11,page_0032,6,19,vào,民,包,U+5305,0.05,True,RESCUE_LOW_CONF,
stt11,page_0032,7,8,trắng,北,花,U+82B1,0.0643,False,NOT_IN_DICT,
stt11,page_0032,7,12,bàn,爲,盤,U+76E4,0.1006,True,RESCUE_LOW_CONF,
stt11,page_0032,7,19,bàn,盆,稽,U+7A3D,0.0943,False,NOT_IN_DICT,
stt11,page_0032,8,20,khỏi,怱,塊,U+584A,0.8951,True,RESCUE_GOLD_HIGH,
stt11,page_0032,9,1,giải,海,觧,U+89E7,0.9319,True,RESCUE_GOLD_HIGH,
stt11,page_0032,9,13,nước,痘,𢃄,U+220C4,0.1406,False,NOT_IN_DICT,
stt11,page_0032,9,22,sau,斈,娄,U+5A04,0.6242,True,RESCUE_LOW_CONF,
stt11,page_0034,1,6,lấy,把,𢬦,U+22B26,0.8733,True,RESCUE_GOLD_HIGH,
stt11,page_0034,1,19,đe,唆,欺,U+6B3A,0.0383,False,NOT_IN_DICT,
stt11,page_0034,2,7,hơn,攷,欣,U+6B23,0.1865,True,RESCUE_LOW_CONF,
stt11,page_0034,2,9,lòng,手,弄,U+5F04,0.9674,True,RESCUE_GOLD_HIGH,
stt11,page_0034,2,21,don,迤,迍,U+8FCD,0.1975,False,NOT_IN_DICT,
stt11,page_0034,3,10,ý,仅,衣,U+8863,0.3798,True,RESCUE_LOW_CONF,
stt11,page_0034,3,17,cho,半,朱,U+6731,0.4245,True,RESCUE_LOW_CONF,
stt11,page_0034,4,1,hay,吻,咍,U+548D,0.4281,True,RESCUE_LOW_CONF,
stt11,page_0034,4,12,chịu,巳,尼,U+5C3C,0.0645,False,NOT_IN_DICT,
stt11,page_0034,4,15,hay,野,庒,U+5E92,0.9749,False,NOT_IN_DICT,
stt11,page_0034,4,20,sấm,識,動,U+52D5,0.1006,False,NOT_IN_DICT,
stt11,page_0034,4,21,sét,唎,别,U+522B,0.3497,False,NOT_IN_DICT,
stt11,page_0034,5,1,táp,帆,把,U+628A,0.724,False,NOT_IN_DICT,
stt11,page_0034,5,4,năm,醯,耶,U+8036,0.1454,False,NOT_IN_DICT,
stt11,page_0034,5,5,sáu,花,㐌,U+340C,0.0712,False,NOT_IN_DICT,
stt11,page_0034,6,3,và,鷺,喡,U+55A1,0.4271,True,RESCUE_LOW_CONF,
stt11,page_0034,6,7,hãi,𰑊,㤥,U+3925,0.2549,True,RESCUE_LOW_CONF,
stt11,page_0034,6,10,chưa,传,渚,U+6E1A,0.8946,True,RESCUE_GOLD_HIGH,
stt11,page_0034,7,3,nói,呬,呐,U+5450,0.5065,True,RESCUE_LOW_CONF,
stt11,page_0034,7,8,20,祀,施,U+65BD,0.1758,False,NOT_IN_DICT,
stt11,page_0034,7,13,g101,蛛,疾,U+75BE,0.0808,False,NOT_IN_DICT,
stt11,page_0034,7,14,mau,邙,沛,U+6C9B,0.3164,False,NOT_IN_DICT,
stt11,page_0034,7,16,mu,某,真,U+771F,0.1588,False,NOT_IN_DICT,
stt11,page_0034,7,20,ngay,䏷,𣈜,U+2321C,0.0118,True,RESCUE_LOW_CONF,
stt11,page_0034,8,11,giảng,蠲,講,U+8B1B,0.7784,True,RESCUE_GOLD_MED,
stt11,page_0034,9,14,rằng,暝,浪,U+6D6A,0.6794,True,RESCUE_LOW_CONF,
stt11,page_0034,9,20,thắt,疾,疾,U+75BE,0.4257,False,NOT_IN_DICT,
stt11,page_0034,9,21,cổ,左,古,U+53E4,0.228,True,RESCUE_LOW_CONF,
stt11,page_0036,1,2,nói,岫,呐,U+5450,0.484,True,RESCUE_LOW_CONF,
stt11,page_0036,2,5,năng,駐,䏻,U+43FB,0.6454,True,RESCUE_LOW_CONF,
stt11,page_0036,3,6,rơm,穮,鎌,U+938C,0.1045,False,NOT_IN_DICT,
stt11,page_0036,3,9,sau,萎,娄,U+5A04,0.9053,True,RESCUE_GOLD_HIGH,
stt11,page_0036,3,14,ám,臈,暗,U+6697,0.0978,True,RESCUE_LOW_CONF,
stt11,page_0036,3,17,đấy,章,帝,U+5E1D,0.8547,True,RESCUE_GOLD_HIGH,
stt11,page_0036,4,4,nhau,冼,燒,U+71D2,0.4487,True,RESCUE_LOW_CONF,
stt11,page_0036,4,11,xa,賺,賖,U+8CD6,0.2643,True,RESCUE_LOW_CONF,
stt11,page_0036,4,14,đá,發,迈,U+8FC8,0.0832,False,NOT_IN_DICT,
stt11,page_0036,4,16,rơm,穢,楼,U+697C,0.1236,False,NOT_IN_DICT,
stt11,page_0036,4,17,thầy,華,柴,U+67F4,0.9831,True,RESCUE_GOLD_HIGH,
stt11,page_0036,5,0,5,奴,獄,U+7344,0.1293,False,NOT_IN_DICT,
stt11,page_0036,5,6,rốn,暎,朱,U+6731,0.4613,False,NOT_IN_DICT,
stt11,page_0036,5,10,liên,逸,㐌,U+340C,0.9639,False,NOT_IN_DICT,
stt11,page_0036,5,17,cả,舞,哿,U+54FF,0.1264,True,RESCUE_LOW_CONF,
stt11,page_0036,6,3,xem,𭃡,袩,U+88A9,0.7118,True,RESCUE_GOLD_MED,
stt11,page_0036,6,4,sóc,祖,朔,U+6714,0.3139,True,RESCUE_LOW_CONF,
stt11,page_0036,6,21,lần,荅,吝,U+541D,0.446,True,RESCUE_LOW_CONF,
stt11,page_0036,7,11,nghe,盜,宜,U+5B9C,0.8574,True,RESCUE_GOLD_HIGH,
stt11,page_0036,7,15,chăng,由,庒,U+5E92,0.9327,True,RESCUE_GOLD_HIGH,
stt11,page_0036,7,16,bỏ,徐,補,U+88DC,0.6909,True,RESCUE_LOW_CONF,
stt11,page_0036,7,17,con,见,昆,U+6606,0.8286,True,RESCUE_GOLD_MED,
stt11,page_0036,8,0,trọn,屬,徳,U+5FB3,0.0684,False,NOT_IN_DICT,
stt11,page_0036,8,2,thầy,笇,柴,U+67F4,0.9532,True,RESCUE_GOLD_HIGH,
stt11,page_0036,8,17,cất,捨,拮,U+62EE,0.6162,True,RESCUE_LOW_CONF,
stt11,page_0036,9,6,cất,捨,拮,U+62EE,0.8873,True,RESCUE_GOLD_HIGH,
stt11,page_0036,9,7,lấy,徊,𢬦,U+22B26,0.6455,True,RESCUE_LOW_CONF,
stt11,page_0036,9,12,đâm,辨,其,U+5176,0.5482,False,NOT_IN_DICT,
stt11,page_0040,1,21,chung,籐,終,U+7D42,0.2781,True,RESCUE_LOW_CONF,
stt11,page_0040,1,22,quanh,既,觥,U+89E5,0.0323,True,RESCUE_LOW_CONF,
stt11,page_0040,2,5,dây,姨,欽,U+6B3D,0.1316,False,NOT_IN_DICT,
stt11,page_0040,2,6,buộc,紏,創,U+5275,0.1005,False,NOT_IN_DICT,
stt11,page_0040,2,8,mình,厨,𠇮,U+201EE,0.2179,True,RESCUE_LOW_CONF,
stt11,page_0040,2,14,chớ,请,渚,U+6E1A,0.0498,True,RESCUE_LOW_CONF,
stt11,page_0040,2,17,lỗi,姦,磊,U+78CA,0.9658,True,RESCUE_GOLD_HIGH,
stt11,page_0040,2,21,mau,師,泖,U+6CD6,0.4416,False,NOT_IN_DICT,
stt11,page_0040,3,8,xem,福,𠊚,U+2029A,0.9817,False,NOT_IN_DICT,
stt11,page_0040,3,22,cuagi,之,之,U+4E4B,0.9827,False,NOT_IN_DICT,
stt11,page_0040,4,7,hai,学,咍,U+548D,0.1842,True,RESCUE_LOW_CONF,
stt11,page_0040,4,8,nghìn,𮊫,盈,U+76C8,0.0481,False,NOT_IN_DICT,
stt11,page_0040,4,9,lạng,碾,浪,U+6D6A,0.1654,False,NOT_IN_DICT,
stt11,page_0040,4,10,bạc,的,泊,U+6CCA,0.7193,True,RESCUE_GOLD_MED,
stt11,page_0040,4,16,nghìn,顔,歲,U+6B72,0.1294,False,NOT_IN_DICT,
stt11,page_0040,5,2,chăn,慎,襖,U+8956,0.3194,False,NOT_IN_DICT,
stt11,page_0040,5,3,che,較,枝,U+679D,0.1718,True,RESCUE_LOW_CONF,
stt11,page_0040,5,4,imình,𠇮,𠇮,U+201EE,0.8865,False,NOT_IN_DICT,
stt11,page_0040,5,11,năm,畜,南,U+5357,0.061,True,RESCUE_LOW_CONF,
stt11,page_0040,5,19,yêu,朕,暎,U+668E,0.1973,False,NOT_IN_DICT,
stt11,page_0040,5,20,lăm,鿄,凜,U+51DC,0.8854,False,NOT_IN_DICT,
stt11,page_0040,6,8,thịt,涸,爲,U+7232,0.6661,False,NOT_IN_DICT,
stt11,page_0040,6,13,ăn,喚,安,U+5B89,0.9821,True,RESCUE_GOLD_HIGH,
stt11,page_0040,6,17,hay,吩,咍,U+548D,0.1664,True,RESCUE_LOW_CONF,
stt11,page_0040,6,23,tìm,号,尋,U+5C0B,0.9454,True,RESCUE_GOLD_HIGH,
stt11,page_0040,7,8,quỷ,见,鬼,U+9B3C,0.6058,True,RESCUE_LOW_CONF,
stt11,page_0040,7,10,có,譜,語,U+8A9E,0.0974,False,NOT_IN_DICT,
stt11,page_0040,7,11,một,要,更,U+66F4,0.2519,True,RESCUE_LOW_CONF,
stt11,page_0040,7,15,băn,胖,群,U+7FA4,0.253,False,NOT_IN_DICT,
stt11,page_0040,7,16,súng,銑,感,U+611F,0.1362,False,NOT_IN_DICT,
stt11,page_0040,8,1,xuống,寃,窖,U+7A96,0.1885,False,NOT_IN_DICT,
stt11,page_0040,8,10,bắng,庒,庒,U+5E92,0.8248,False,NOT_IN_DICT,
stt11,page_0040,8,20,bắn,弹,群,U+7FA4,0.3882,False,NOT_IN_DICT,
stt11,page_0040,8,21,mình,風,𠇮,U+201EE,0.7518,True,RESCUE_GOLD_MED,
stt11,page_0040,8,23,đoan,数,断,U+65AD,0.9172,False,NOT_IN_DICT,
stt11,page_0040,9,13,khi,灰,欺,U+6B3A,0.869,True,RESCUE_GOLD_HIGH,
stt11,page_0040,9,17,45,椒,林,U+6797,0.6086,False,NOT_IN_DICT,
stt11,page_0042,1,1,nghi,按,拙,U+62D9,0.3332,False,NOT_IN_DICT,
stt11,page_0042,1,9,năm,在,欣,U+6B23,0.5214,False,NOT_IN_DICT,
stt11,page_0042,1,12,công,由,特,U+7279,0.5021,False,NOT_IN_DICT,
stt11,page_0042,3,6,đời,戌,代,U+4EE3,0.6529,True,RESCUE_LOW_CONF,
stt11,page_0042,3,15,1584,班,麻,U+9EBB,0.1443,False,NOT_IN_DICT,
stt11,page_0042,3,16,năm,森,糁,U+7CC1,0.3098,False,NOT_IN_DICT,
stt11,page_0042,4,12,la,黑,罗,U+7F57,0.0214,True,RESCUE_LOW_CONF,
stt11,page_0042,5,0,hai,心,分,U+5206,0.1219,False,NOT_IN_DICT,
stt11,page_0042,5,8,phố,𤇺,伂,U+4F02,0.1436,False,NOT_IN_DICT,
stt11,page_0042,5,9,rô,嘻,曳,U+66F3,0.0662,False,NOT_IN_DICT,
stt11,page_0042,5,10,lô,呫,中,U+4E2D,0.2421,False,NOT_IN_DICT,
stt11,page_0042,6,3,hai,吩,咍,U+548D,0.1231,True,RESCUE_LOW_CONF,
stt11,page_0042,6,14,ghét,絃,結,U+7D50,0.9431,True,RESCUE_GOLD_HIGH,
stt11,page_0042,7,16,lê,教,黎,U+9ECE,0.9522,True,RESCUE_GOLD_HIGH,
stt11,page_0042,8,1,quý,思,瑰,U+7470,0.0082,True,RESCUE_LOW_CONF,
stt11,page_0042,8,19,đâu,鳬,兜,U+515C,0.1664,True,RESCUE_LOW_CONF,
stt11,page_0042,8,20,lành,飬,冷,U+51B7,0.66,True,RESCUE_LOW_CONF,
stt11,page_0042,9,6,máu,邲,泖,U+6CD6,0.8788,True,RESCUE_GOLD_HIGH,
stt11,page_0042,9,9,người,与,𠊚,U+2029A,0.0008,True,RESCUE_LOW_CONF,
stt11,page_0042,9,12,lạy,桃,碎,U+788E,0.8885,False,NOT_IN_DICT,
stt11,page_0044,1,14,nghĩ,今,兮,U+516E,0.5304,False,NOT_IN_DICT,
stt11,page_0044,1,23,long,尋,弄,U+5F04,0.7517,False,NOT_IN_DICT,
stt11,page_0044,2,6,bao,乞,包,U+5305,0.8543,True,RESCUE_GOLD_HIGH,
stt11,page_0044,2,22,ke,對,事,U+4E8B,0.1629,False,NOT_IN_DICT,
stt11,page_0044,3,6,vui,益,盃,U+76C3,0.2144,True,RESCUE_LOW_CONF,
stt11,page_0044,3,21,rút,碎,椊,U+690A,0.2035,True,RESCUE_LOW_CONF,
stt11,page_0044,4,23,len,趙,連,U+9023,0.8619,True,RESCUE_GOLD_HIGH,
stt11,page_0044,5,2,phúc,隔,福,U+798F,0.9664,True,RESCUE_GOLD_HIGH,
stt11,page_0044,5,3,vui,遍,盃,U+76C3,0.6373,True,RESCUE_LOW_CONF,
stt11,page_0044,5,4,vẻ,伋,彼,U+5F7C,0.1162,True,RESCUE_LOW_CONF,
stt11,page_0044,5,6,cùng,好,穷,U+7A77,0.8127,True,RESCUE_GOLD_MED,
stt11,page_0044,7,13,303,巴,恩,U+6069,0.285,False,NOT_IN_DICT,
stt11,page_0044,7,14,năm,森,体,U+4F53,0.2258,False,NOT_IN_DICT,
stt11,page_0044,8,1,nam,蝕,把,U+628A,0.6598,False,NOT_IN_DICT,
stt11,page_0044,8,4,la,歇,時,U+6642,0.3477,False,NOT_IN_DICT,
stt11,page_0044,8,8,truyện,体,礼,U+793C,0.9784,False,NOT_IN_DICT,
stt11,page_0044,8,12,17,㸃,黙,U+9ED9,0.3219,False,NOT_IN_DICT,
stt11,page_0044,8,13,tháng,儒,倘,U+5018,0.0499,True,RESCUE_LOW_CONF,
stt11,page_0044,8,14,8,糁,糁,U+7CC1,0.6034,False,NOT_IN_DICT,
stt11,page_0044,8,15,tra,杏,查,U+67E5,0.0755,True,RESCUE_LOW_CONF,
stt11,page_0044,9,16,hai,喝,固,U+56FA,0.2397,False,NOT_IN_DICT,
stt11,page_0044,9,17,vợ,燭,嬏,U+5B0F,0.0373,True,RESCUE_LOW_CONF,
stt11,page_0044,9,18,chồng,奎,重,U+91CD,0.9313,True,RESCUE_GOLD_HIGH,
stt11,page_0044,9,20,chồng,奎,重,U+91CD,0.9464,True,RESCUE_GOLD_HIGH,
stt11,page_0044,9,23,mi,負,眉,U+7709,0.9192,True,RESCUE_GOLD_HIGH,
stt11,page_0046,1,0,ong,蛻,蜂,U+8702,0.0426,True,RESCUE_LOW_CONF,
stt11,page_0046,1,4,gia,如,加,U+52A0,0.211,True,RESCUE_LOW_CONF,
stt11,page_0046,1,10,gái,当,逹,U+9039,0.3175,False,NOT_IN_DICT,
stt11,page_0046,1,11,đặt,遠,連,U+9023,0.125,True,RESCUE_LOW_CONF,
stt11,page_0046,1,13,ca,般,欺,U+6B3A,0.2427,False,NOT_IN_DICT,
stt11,page_0046,2,0,bé,团,闭,U+95ED,0.0575,True,RESCUE_LOW_CONF,
stt11,page_0046,3,2,thánh,竈,當,U+7576,0.3554,False,NOT_IN_DICT,
stt11,page_0046,3,3,cả,畧,鬼,U+9B3C,0.4493,False,NOT_IN_DICT,
stt11,page_0046,3,5,vì,与,影,U+5F71,0.8554,False,NOT_IN_DICT,
stt11,page_0046,3,6,chưng,主,与,U+4E0E,0.2855,False,NOT_IN_DICT,
stt11,page_0046,3,7,khi,支,主,U+4E3B,0.9701,False,NOT_IN_DICT,
stt11,page_0046,4,11,ldm,凜,末,U+672B,0.2301,False,NOT_IN_DICT,
stt11,page_0046,4,16,là,昱,曰,U+66F0,0.138,False,NOT_IN_DICT,
stt11,page_0046,5,14,đời,氏,代,U+4EE3,0.9455,True,RESCUE_GOLD_HIGH,
stt11,page_0046,5,15,em,婘,俺,U+4FFA,0.7631,True,RESCUE_GOLD_MED,
stt11,page_0046,5,17,chị,姑,姊,U+59CA,0.6522,True,RESCUE_LOW_CONF,
stt11,page_0046,6,2,đức,気,時,U+6642,0.9761,False,NOT_IN_DICT,
stt11,page_0046,6,13,quỷ,曷,鬼,U+9B3C,0.0727,True,RESCUE_LOW_CONF,
stt11,page_0046,6,14,lấy,杷,𢬦,U+22B26,0.5988,True,RESCUE_LOW_CONF,
stt11,page_0046,6,15,hình,衫,碎,U+788E,0.2245,False,NOT_IN_DICT,
stt11,page_0046,6,20,đe,唆,迻,U+8FFB,0.0809,False,NOT_IN_DICT,
stt11,page_0046,7,0,mày,悲,悲,U+60B2,0.8509,False,NOT_IN_DICT,
stt11,page_0046,7,1,muốn,閑,悶,U+60B6,0.9141,True,RESCUE_GOLD_HIGH,
stt11,page_0046,7,7,chết,所,折,U+6298,0.9347,True,RESCUE_GOLD_HIGH,
stt11,page_0046,7,20,càng,閣,悶,U+60B6,0.3006,False,NOT_IN_DICT,
stt11,page_0046,8,13,xuong,竈,麻,U+9EBB,0.1882,False,NOT_IN_DICT,
stt11,page_0046,8,18,au,誑,証,U+8A3C,0.1303,False,NOT_IN_DICT,
stt11,page_0046,9,1,biết,到,别,U+522B,0.5944,True,RESCUE_LOW_CONF,
stt11,page_0046,9,5,sau,李,娄,U+5A04,0.0588,True,RESCUE_LOW_CONF,
stt11,page_0046,9,8,vậy,玊,丕,U+4E15,0.8642,True,RESCUE_GOLD_HIGH,
stt11,page_0046,9,11,6,老,老,U+8001,0.2384,False,NOT_IN_DICT,
stt11,page_0046,9,18,mình,𡱆,命,U+547D,0.7224,True,RESCUE_GOLD_MED,
stt11,page_0048,1,0,chước,劝,斫,U+65AB,0.4005,True,RESCUE_LOW_CONF,
stt11,page_0048,1,11,thánh,𠦡,垩,U+57A9,0.7815,True,RESCUE_GOLD_MED,
stt11,page_0048,1,14,là,衆,罗,U+7F57,0.0793,True,RESCUE_LOW_CONF,
stt11,page_0048,1,20,một,㡬,更,U+66F4,0.2247,True,RESCUE_LOW_CONF,
stt11,page_0048,2,4,xem,拈,袩,U+88A9,0.526,True,RESCUE_LOW_CONF,
stt11,page_0048,2,14,ăm,矰,棱,U+68F1,0.342,False,NOT_IN_DICT,
stt11,page_0048,3,17,bảy,㸃,罢,U+7F62,0.0591,True,RESCUE_LOW_CONF,
stt11,page_0048,4,0,mình,勝,命,U+547D,0.2882,True,RESCUE_LOW_CONF,
stt11,page_0048,4,3,dây,銕,鎌,U+938C,0.2141,False,NOT_IN_DICT,
stt11,page_0048,4,6,nút,突,次,U+6B21,0.5346,False,NOT_IN_DICT,
stt11,page_0048,4,9,mình,夙,命,U+547D,0.5138,True,RESCUE_LOW_CONF,
stt11,page_0048,4,18,nên,午,年,U+5E74,0.2417,True,RESCUE_LOW_CONF,
stt11,page_0048,4,20,chảy,仙,沚,U+6C9A,0.4348,True,RESCUE_LOW_CONF,
stt11,page_0048,5,13,nào,事,市,U+5E02,0.0324,True,RESCUE_LOW_CONF,
stt11,page_0048,5,17,một,炙,没,U+6CA1,0.1886,True,RESCUE_LOW_CONF,
stt11,page_0048,5,20,sống,耕,婁,U+5A41,0.105,False,NOT_IN_DICT,
stt11,page_0048,6,1,nằm,有,南,U+5357,0.4418,True,RESCUE_LOW_CONF,
stt11,page_0048,6,10,lăm,鿌,凜,U+51DC,0.721,False,NOT_IN_DICT,
stt11,page_0048,6,13,một,蔓,更,U+66F4,0.6919,True,RESCUE_LOW_CONF,
stt11,page_0048,6,15,rơm,穩,楼,U+697C,0.1646,False,NOT_IN_DICT,
stt11,page_0048,7,1,đứng,事,弄,U+5F04,0.406,False,NOT_IN_DICT,
stt11,page_0048,8,19,trinh,匀,貞,U+8C9E,0.6188,True,RESCUE_LOW_CONF,
stt11,page_0048,9,6,khi,歎,欺,U+6B3A,0.9821,True,RESCUE_GOLD_HIGH,
stt11,page_0050,1,0,cúi,蹌,噲,U+5672,0.5711,False,NOT_IN_DICT,
stt11,page_0050,1,6,nói,明,呐,U+5450,0.6759,True,RESCUE_LOW_CONF,
stt11,page_0050,1,8,một,晏,更,U+66F4,0.2236,True,RESCUE_LOW_CONF,
stt11,page_0050,3,18,mô,粮,姑,U+59D1,0.8666,False,NOT_IN_DICT,
stt11,page_0050,3,19,nhông,或,模,U+6A21,0.6931,False,NOT_IN_DICT,
stt11,page_0050,3,22,chị,抽,姑,U+59D1,0.1811,False,NOT_IN_DICT,
stt11,page_0050,4,4,quên,酒,泊,U+6CCA,0.4774,False,NOT_IN_DICT,
stt11,page_0050,4,15,chịu,已,召,U+53EC,0.6604,True,RESCUE_LOW_CONF,
stt11,page_0050,4,17,mô,掖,模,U+6A21,0.1922,True,RESCUE_LOW_CONF,
stt11,page_0050,4,18,nhong,㦯,戎,U+620E,0.055,True,RESCUE_LOW_CONF,
stt11,page_0050,4,22,loc,易,浪,U+6D6A,0.2697,False,NOT_IN_DICT,
stt11,page_0050,5,1,đức,𭤧,主,U+4E3B,0.9923,False,NOT_IN_DICT,
stt11,page_0050,5,12,lấy,把,𢬦,U+22B26,0.7811,True,RESCUE_GOLD_MED,
stt11,page_0050,5,15,nhong,式,戎,U+620E,0.0358,True,RESCUE_LOW_CONF,
stt11,page_0050,5,20,đức,𭤧,主,U+4E3B,0.9436,False,NOT_IN_DICT,
stt11,page_0050,6,8,những,事,事,U+4E8B,0.9025,False,NOT_IN_DICT,
stt11,page_0050,6,9,sự,仍,事,U+4E8B,0.0204,True,RESCUE_LOW_CONF,
stt11,page_0050,6,13,giống,踵,種,U+7A2E,0.651,True,RESCUE_LOW_CONF,
stt11,page_0050,7,21,chịu,匕,召,U+53EC,0.6954,True,RESCUE_LOW_CONF,
stt11,page_0050,8,1,nhiêu,焼,僥,U+50E5,0.1005,True,RESCUE_LOW_CONF,
stt11,page_0050,8,7,đức,仍,徳,U+5FB3,0.0356,True,RESCUE_LOW_CONF,
stt11,page_0050,8,12,yêu,朕,吏,U+540F,0.9766,False,NOT_IN_DICT,
stt11,page_0050,9,11,hơn,耿,欣,U+6B23,0.0679,True,RESCUE_LOW_CONF,
stt11,page_0052,1,11,áo,祇,袄,U+8884,0.9761,True,RESCUE_GOLD_HIGH,
stt11,page_0052,2,13,giu,袵,枯,U+67AF,0.2359,False,NOT_IN_DICT,
stt11,page_0052,2,22,ấy,父,衣,U+8863,0.0385,True,RESCUE_LOW_CONF,
stt11,page_0052,4,19,làm,凜,凜,U+51DC,0.832,False,NOT_IN_DICT,
stt11,page_0052,5,11,hỏi,唱,賊,U+8CCA,0.2928,False,NOT_IN_DICT,
stt11,page_0052,6,14,rối,姦,磊,U+78CA,0.8702,True,RESCUE_GOLD_HIGH,
stt11,page_0052,7,4,dô,壮,批,U+6279,0.1028,False,NOT_IN_DICT,
stt11,page_0052,7,7,đạo,煩,道,U+9053,0.2215,True,RESCUE_LOW_CONF,
stt11,page_0052,7,15,chăng,做,𠊚,U+2029A,0.9838,False,NOT_IN_DICT,
stt11,page_0052,8,19,mình,居,共,U+5171,0.9181,False,NOT_IN_DICT,
stt11,page_0052,9,1,chị,始,姉,U+59C9,0.4415,True,RESCUE_LOW_CONF,
stt11,page_0052,9,4,chước,列,斫,U+65AB,0.7038,True,RESCUE_GOLD_MED,
stt11,page_0052,9,5,hằng,怛,坦,U+5766,0.1109,False,NOT_IN_DICT,
stt11,page_0052,9,7,lóc,君,天,U+5929,0.3864,False,NOT_IN_DICT,
stt11,page_0052,9,10,tội,要,爲,U+7232,0.9364,False,NOT_IN_DICT,
stt11,page_0052,9,17,nói,穷,懶,U+61F6,0.069,False,NOT_IN_DICT,
stt11,page_0054,1,23,su,事,事,U+4E8B,0.7063,False,NOT_IN_DICT,
stt11,page_0054,2,17,tưởng,理,想,U+60F3,0.2775,True,RESCUE_LOW_CONF,
stt11,page_0054,3,0,nước,𣸪,渃,U+6E03,0.3789,True,RESCUE_LOW_CONF,
stt11,page_0054,3,5,nên,午,年,U+5E74,0.8221,True,RESCUE_GOLD_MED,
stt11,page_0054,3,16,chưa,滿,渚,U+6E1A,0.6181,True,RESCUE_LOW_CONF,
stt11,page_0054,4,8,mình,邱,命,U+547D,0.9393,True,RESCUE_GOLD_HIGH,
stt11,page_0054,5,2,đau,痂,仍,U+4ECD,0.1422,False,NOT_IN_DICT,
stt11,page_0054,5,3,đớn,疽,疸,U+75B8,0.6946,True,RESCUE_LOW_CONF,
stt11,page_0054,5,4,lắm,藥,凜,U+51DC,0.9004,True,RESCUE_GOLD_HIGH,
stt11,page_0054,5,11,c,樽,傳,U+50B3,0.2024,False,NOT_IN_DICT,
stt11,page_0054,5,19,conhiều,燒,燒,U+71D2,0.9332,False,NOT_IN_DICT,
stt11,page_0054,6,0,căm,扮,扲,U+6272,0.462,True,RESCUE_LOW_CONF,
stt11,page_0054,6,1,câu,栒,拘,U+62D8,0.6843,True,RESCUE_LOW_CONF,
stt11,page_0054,6,2,rút,粹,椊,U+690A,0.3667,True,RESCUE_LOW_CONF,
stt11,page_0054,6,9,hơn,攷,欣,U+6B23,0.8627,True,RESCUE_GOLD_HIGH,
stt11,page_0054,6,19,là,男,罗,U+7F57,0.0138,True,RESCUE_LOW_CONF,
stt11,page_0054,7,6,chớ,满,時,U+6642,0.2864,False,NOT_IN_DICT,
stt11,page_0054,7,12,sốt,燁,焠,U+7120,0.1178,True,RESCUE_LOW_CONF,
stt11,page_0054,8,5,đau,疥,於,U+65BC,0.094,False,NOT_IN_DICT,
stt11,page_0054,8,6,ngực,腮,魂,U+9B42,0.1961,False,NOT_IN_DICT,
stt11,page_0054,8,12,kiêu,𦀇,飭,U+98ED,0.1031,False,NOT_IN_DICT,
stt11,page_0054,8,20,càng,弘,强,U+5F3A,0.7358,True,RESCUE_GOLD_MED,
stt11,page_0054,8,21,ngays,将,時,U+6642,0.6848,False,NOT_IN_DICT,
stt11,page_0054,9,7,việc,後,役,U+5F79,0.1546,True,RESCUE_LOW_CONF,
stt11,page_0056,1,12,xin,喚,嗔,U+55D4,0.6792,True,RESCUE_LOW_CONF,
stt11,page_0056,1,16,roi,榴,徳,U+5FB3,0.2609,False,NOT_IN_DICT,
stt11,page_0056,2,6,lắm,凍,凜,U+51DC,0.7599,True,RESCUE_GOLD_MED,
stt11,page_0056,2,16,để,燕,歳,U+6B73,0.2816,False,NOT_IN_DICT,
stt11,page_0056,3,15,nhát,湼,湼,U+6E7C,0.3851,False,NOT_IN_DICT,
stt11,page_0056,4,0,gần,肵,𧵆,U+27D46,0.4485,True,RESCUE_LOW_CONF,
stt11,page_0056,5,0,khấn,昌,恩,U+6069,0.9466,False,NOT_IN_DICT,
stt11,page_0056,5,5,mình,犀,魂,U+9B42,0.3436,False,NOT_IN_DICT,
stt11,page_0056,5,11,lấy,抛,𢬦,U+22B26,0.7556,True,RESCUE_GOLD_MED,
stt11,page_0056,5,12,máu,邲,泖,U+6CD6,0.5559,True,RESCUE_LOW_CONF,
stt11,page_0056,7,9,làm,今,役,U+5F79,0.9583,False,NOT_IN_DICT,
stt11,page_0056,7,11,lầm,閑,丕,U+4E15,0.8678,False,NOT_IN_DICT,
stt11,page_0056,7,13,lấy,柩,渃,U+6E03,0.4053,False,NOT_IN_DICT,
stt11,page_0056,7,14,nước,垢,天,U+5929,0.9176,False,NOT_IN_DICT,
stt11,page_0056,7,21,conthương,賞,買,U+8CB7,0.2304,False,NOT_IN_DICT,
stt11,page_0056,9,20,đem,况,特,U+7279,0.1419,False,NOT_IN_DICT,
stt11,page_0058,1,8,con,凨,昆,U+6606,0.7887,True,RESCUE_GOLD_MED,
stt11,page_0058,2,0,còn,岸,群,U+7FA4,0.8693,True,RESCUE_GOLD_HIGH,
stt11,page_0058,2,17,đoạn,判,断,U+65AD,0.5053,True,RESCUE_LOW_CONF,
stt11,page_0058,2,18,linh,昊,灵,U+7075,0.5709,True,RESCUE_LOW_CONF,
stt11,page_0058,3,12,33,巴,巴,U+5DF4,0.9761,False,NOT_IN_DICT,
stt11,page_0058,4,0,đồn,唵,跪,U+8DEA,0.2519,False,NOT_IN_DICT,
stt11,page_0058,4,19,ngực,腮,尼,U+5C3C,0.2078,False,NOT_IN_DICT,
stt11,page_0058,4,22,commolien,連,連,U+9023,0.8421,False,NOT_IN_DICT,
stt11,page_0058,5,2,trái,懶,懶,U+61F6,0.9553,False,NOT_IN_DICT,
stt11,page_0058,5,3,tim,沁,沙,U+6C99,0.1356,False,NOT_IN_DICT,
stt11,page_0058,5,11,c,逢,連,U+9023,0.9647,False,NOT_IN_DICT,
stt11,page_0058,5,12,trêu,枹,拘,U+62D8,0.6774,False,NOT_IN_DICT,
stt11,page_0058,5,17,sắt,跌,疾,U+75BE,0.4385,False,NOT_IN_DICT,
stt11,page_0058,5,20,đồng,錮,創,U+5275,0.6928,False,NOT_IN_DICT,
stt11,page_0058,5,21,và,鷺,喡,U+55A1,0.045,True,RESCUE_LOW_CONF,
stt11,page_0058,6,1,giấm,吃,几,U+51E0,0.1346,False,NOT_IN_DICT,
stt11,page_0058,6,3,lên,遫,边,U+8FB9,0.9318,False,NOT_IN_DICT,
stt11,page_0058,6,11,một,婆,曳,U+66F3,0.2947,False,NOT_IN_DICT,
stt11,page_0058,6,14,năm,陬,位,U+4F4D,0.1348,False,NOT_IN_DICT,
stt11,page_0058,6,20,mão,愒,買,U+8CB7,0.1728,False,NOT_IN_DICT,
stt11,page_0058,7,0,gai,骸,㤥,U+3925,0.2253,False,NOT_IN_DICT,
stt11,page_0058,7,17,bằng,甲,平,U+5E73,0.468,True,RESCUE_LOW_CONF,
stt11,page_0058,7,22,hai,喧,咍,U+548D,0.3507,True,RESCUE_LOW_CONF,
stt11,page_0058,8,9,bằng,羊,弄,U+5F04,0.1651,False,NOT_IN_DICT,
stt11,page_0058,8,10,nhau,焼,燒,U+71D2,0.777,True,RESCUE_GOLD_MED,
stt11,page_0058,8,13,ngực,腮,賊,U+8CCA,0.3116,False,NOT_IN_DICT,
stt11,page_0058,8,19,ra,𬼘,些,U+4E9B,0.3537,False,NOT_IN_DICT,
stt11,page_0058,9,2,lấy,杷,𢬦,U+22B26,0.8148,True,RESCUE_GOLD_MED,
stt11,page_0058,9,15,hạ,𥙊,下,U+4E0B,0.2448,True,RESCUE_LOW_CONF,
stt11,page_0060,1,23,ay,分,把,U+628A,0.1516,False,NOT_IN_DICT,
stt11,page_0060,2,0,xác,壹,壳,U+58F3,0.922,True,RESCUE_GOLD_HIGH,
stt11,page_0060,2,7,rầy,豹,旦,U+65E6,0.3756,False,NOT_IN_DICT,
stt11,page_0060,3,13,ngàn,許,群,U+7FA4,0.1515,False,NOT_IN_DICT,
stt11,page_0060,3,14,hai,労,時,U+6642,0.0548,False,NOT_IN_DICT,
stt11,page_0060,4,1,mongsau,赵,老,U+8001,0.565,False,NOT_IN_DICT,
stt11,page_0060,4,9,du,存,没,U+6CA1,0.069,False,NOT_IN_DICT,
stt11,page_0060,5,16,cầm,拾,扲,U+6272,0.7787,True,RESCUE_GOLD_MED,
stt11,page_0060,6,5,sang,區,郎,U+90CE,0.5008,True,RESCUE_LOW_CONF,
stt11,page_0060,6,9,bằng,手,平,U+5E73,0.8296,True,RESCUE_GOLD_MED,
stt11,page_0060,7,2,từ,碎,碎,U+788E,0.255,False,NOT_IN_DICT,
stt11,page_0060,8,20,ám,弱,暗,U+6697,0.2284,True,RESCUE_LOW_CONF,
stt11,page_0060,9,1,một,藂,蔑,U+8511,0.3296,True,RESCUE_LOW_CONF,
stt11,page_0060,9,10,đi,𮑇,把,U+628A,0.8695,False,NOT_IN_DICT,
stt11,page_0060,9,11,săn,說,棱,U+68F1,0.1221,False,NOT_IN_DICT,
stt11,page_0060,9,12,phải,后,結,U+7D50,0.12,False,NOT_IN_DICT,
stt11,page_0060,9,14,đến,色,典,U+5178,0.0009,True,RESCUE_LOW_CONF,
stt11,page_0060,9,22,trs,底,麻,U+9EBB,0.521,False,NOT_IN_DICT,
stt11,page_0062,1,4,mời,遇,邁,U+9081,0.969,True,RESCUE_GOLD_HIGH,
stt11,page_0062,1,19,lấy,𣏌,𢬦,U+22B26,0.723,True,RESCUE_GOLD_MED,
stt11,page_0062,2,17,là,寽,罗,U+7F57,0.1914,True,RESCUE_LOW_CONF,
stt11,page_0062,2,18,tậu,造,法,U+6CD5,0.5735,False,NOT_IN_DICT,
stt11,page_0062,2,20,nước,短,礼,U+793C,0.2572,False,NOT_IN_DICT,
stt11,page_0062,3,3,là,咢,罗,U+7F57,0.0777,True,RESCUE_LOW_CONF,
stt11,page_0062,3,14,gần,財,𧵆,U+27D46,0.0901,True,RESCUE_LOW_CONF,
stt11,page_0062,3,16,mà,庿,麻,U+9EBB,0.6156,True,RESCUE_LOW_CONF,
stt11,page_0062,3,23,nghiep,荼,黎,U+9ECE,0.493,False,NOT_IN_DICT,
stt11,page_0062,5,5,qua,方,戈,U+6208,0.9162,True,RESCUE_GOLD_HIGH,
stt11,page_0062,5,17,lòi,練,穌,U+7A4C,0.3946,False,NOT_IN_DICT,
stt11,page_0062,5,18,tói,繳,欽,U+6B3D,0.1737,False,NOT_IN_DICT,
stt11,page_0062,5,19,cầm,扮,扲,U+6272,0.9241,True,RESCUE_GOLD_HIGH,
stt11,page_0062,7,14,trăm,哥,南,U+5357,0.3465,False,NOT_IN_DICT,
stt11,page_0062,7,15,năm,菑,南,U+5357,0.7434,True,RESCUE_GOLD_MED,
stt11,page_0062,7,17,chín,銑,外,U+5916,0.1838,False,NOT_IN_DICT,
stt11,page_0062,7,18,559,瓣,篩,U+7BE9,0.1485,False,NOT_IN_DICT,
stt11,page_0062,8,1,bay,㸃,𠊚,U+2029A,0.2055,False,NOT_IN_DICT,
stt11,page_0062,8,6,ri,殺,移,U+79FB,0.3264,False,NOT_IN_DICT,
stt11,page_0062,9,4,mẹ,疾,奴,U+5974,0.1424,False,NOT_IN_DICT,
stt11,page_0062,9,6,lăm,燻,凜,U+51DC,0.8475,False,NOT_IN_DICT,
stt11,page_0062,9,8,người,己,尼,U+5C3C,0.2267,False,NOT_IN_DICT,
stt11,page_0062,9,14,làm,𠁼,乄,U+4E44,0.1236,True,RESCUE_LOW_CONF,
stt11,page_0062,9,18,dòng,明,獄,U+7344,0.0918,False,NOT_IN_DICT,
stt11,page_0064,1,6,vua,帚,君,U+541B,0.328,True,RESCUE_LOW_CONF,
stt11,page_0064,1,9,trên,遲,連,U+9023,0.2843,True,RESCUE_LOW_CONF,
stt11,page_0064,1,17,trẻ,他,礼,U+793C,0.1445,True,RESCUE_LOW_CONF,
stt11,page_0064,2,2,trời,卒,浪,U+6D6A,0.2365,False,NOT_IN_DICT,
stt11,page_0064,2,5,cả,畢,哿,U+54FF,0.56,True,RESCUE_LOW_CONF,
stt11,page_0064,2,14,xuống,𡨚,南,U+5357,0.3987,False,NOT_IN_DICT,
stt11,page_0064,2,18,một,要,除,U+9664,0.2798,False,NOT_IN_DICT,
stt11,page_0064,2,20,thì,將,時,U+6642,0.9148,True,RESCUE_GOLD_HIGH,
stt11,page_0064,3,19,sáng,倒,創,U+5275,0.849,True,RESCUE_GOLD_MED,
stt11,page_0064,3,20,ngày,蝌,時,U+6642,0.4098,True,RESCUE_LOW_CONF,
stt11,page_0064,4,5,nguyên,預,願,U+9858,0.2385,False,NOT_IN_DICT,
stt11,page_0064,4,10,lắm,燻,凜,U+51DC,0.3144,True,RESCUE_LOW_CONF,
stt11,page_0064,4,15,sống,楼,楼,U+697C,0.8426,False,NOT_IN_DICT,
stt11,page_0064,4,16,lâu,班,瑟,U+745F,0.1618,False,NOT_IN_DICT,
stt11,page_0064,4,17,trị,汤,治,U+6CBB,0.2242,True,RESCUE_LOW_CONF,
stt11,page_0064,4,18,nước,㴱,渃,U+6E03,0.815,True,RESCUE_GOLD_MED,
stt11,page_0064,5,1,lần,谷,吝,U+541D,0.7948,True,RESCUE_GOLD_MED,
stt11,page_0064,5,3,đem,瓦,每,U+6BCF,0.121,False,NOT_IN_DICT,
stt11,page_0064,6,8,nước,㴱,渃,U+6E03,0.749,True,RESCUE_GOLD_MED,
stt11,page_0064,6,10,bao,乞,包,U+5305,0.863,True,RESCUE_GOLD_HIGH,
stt11,page_0064,6,14,ôm,璃,悶,U+60B6,0.1203,False,NOT_IN_DICT,
stt11,page_0064,6,15,lấy,桃,𢬦,U+22B26,0.7531,True,RESCUE_GOLD_MED,
stt11,page_0064,6,16,nhau,冼,燒,U+71D2,0.7443,True,RESCUE_GOLD_MED,
stt11,page_0064,7,16,rô,醬,凜,U+51DC,0.2378,False,NOT_IN_DICT,
stt11,page_0064,8,3,khác,胳,恪,U+606A,0.9545,True,RESCUE_GOLD_HIGH,
stt11,page_0064,8,7,đền,安,每,U+6BCF,0.5124,False,NOT_IN_DICT,
stt11,page_0064,9,1,bằng,手,平,U+5E73,0.8272,True,RESCUE_GOLD_MED,
stt11,page_0064,9,14,ôm,啓,福,U+798F,0.1413,False,NOT_IN_DICT,
stt11,page_0066,1,2,sạch,疝,泟,U+6CDF,0.2664,True,RESCUE_LOW_CONF,
stt11,page_0066,1,4,hơn,缺,欣,U+6B23,0.8471,True,RESCUE_GOLD_MED,
stt11,page_0066,2,1,thầy,築,柴,U+67F4,0.9836,True,RESCUE_GOLD_HIGH,
stt11,page_0066,2,8,thờ,姝,蜍,U+870D,0.9397,True,RESCUE_GOLD_HIGH,
stt11,page_0066,2,13,nghỉ,捨,持,U+6301,0.0418,True,RESCUE_LOW_CONF,
stt11,page_0066,3,12,vua,嘉,君,U+541B,0.3801,True,RESCUE_LOW_CONF,
stt11,page_0066,3,16,gần,敗,𧵆,U+27D46,0.6333,True,RESCUE_LOW_CONF,
stt11,page_0066,3,21,một,次,没,U+6CA1,0.2043,True,RESCUE_LOW_CONF,
stt11,page_0066,4,12,rô,噌,吒,U+5412,0.2149,False,NOT_IN_DICT,
stt11,page_0066,4,14,dở,阻,阻,U+963B,0.7114,False,NOT_IN_DICT,
stt11,page_0066,5,21,họp,尽,合,U+5408,0.0522,True,RESCUE_LOW_CONF,
stt11,page_0066,5,22,la,吏,吏,U+540F,0.9785,False,NOT_IN_DICT,
stt11,page_0066,6,6,nặng,碾,腮,U+816E,0.174,False,NOT_IN_DICT,
stt11,page_0066,6,9,giả,殷,役,U+5F79,0.8197,False,NOT_IN_DICT,
stt11,page_0066,6,14,101,為,固,U+56FA,0.6808,False,NOT_IN_DICT,
stt11,page_0066,6,17,y,从,衣,U+8863,0.06,True,RESCUE_LOW_CONF,
stt11,page_0066,6,18,xem,拈,袩,U+88A9,0.4975,True,RESCUE_LOW_CONF,
stt11,page_0066,6,20,cho,咥,咥,U+54A5,0.6251,False,NOT_IN_DICT,
stt11,page_0066,7,3,rô,醫,實,U+5BE6,0.2326,False,NOT_IN_DICT,
stt11,page_0066,7,7,mặt,来,末,U+672B,0.9709,True,RESCUE_GOLD_HIGH,
stt11,page_0066,7,11,lặng,嘲,朗,U+6717,0.3439,True,RESCUE_LOW_CONF,
stt11,page_0066,7,17,giờ,浄,除,U+9664,0.59,True,RESCUE_LOW_CONF,
stt11,page_0066,8,7,về,娄,娄,U+5A04,0.5696,False,NOT_IN_DICT,
stt11,page_0066,8,8,sau,書,娄,U+5A04,0.0348,True,RESCUE_LOW_CONF,
stt11,page_0066,8,16,lớn,類,懶,U+61F6,0.9213,True,RESCUE_GOLD_HIGH,
stt11,page_0066,8,21,đem,凡,犯,U+72AF,0.3154,False,NOT_IN_DICT,
stt11,page_0066,9,4,mà,庿,麻,U+9EBB,0.244,True,RESCUE_LOW_CONF,
stt11,page_0066,9,5,vào,乞,包,U+5305,0.3624,True,RESCUE_LOW_CONF,
stt11,page_0066,9,15,lòng,䓁,弄,U+5F04,0.6428,True,RESCUE_LOW_CONF,
stt11,page_0068,1,7,nghe,值,宜,U+5B9C,0.8798,True,RESCUE_GOLD_HIGH,
stt11,page_0068,1,9,phán,荊,判,U+5224,0.7504,True,RESCUE_GOLD_MED,
stt11,page_0068,1,18,khuyên,面,勧,U+52E7,0.2107,True,RESCUE_LOW_CONF,
stt11,page_0068,1,20,giữ,仲,佇,U+4F47,0.5767,True,RESCUE_LOW_CONF,
stt11,page_0068,2,8,lon,扁,旦,U+65E6,0.752,False,NOT_IN_DICT,
stt11,page_0068,2,21,sức,厉,饬,U+996C,0.4196,True,RESCUE_LOW_CONF,
stt11,page_0068,3,17,ra,與,曳,U+66F3,0.1254,False,NOT_IN_DICT,
stt11,page_0068,4,3,dòng,𨳩,用,U+7528,0.7586,True,RESCUE_GOLD_MED,
stt11,page_0068,4,11,dốc,馬,篤,U+7BE4,0.0368,True,RESCUE_LOW_CONF,
stt11,page_0068,4,12,lòng,寿,弄,U+5F04,0.9585,True,RESCUE_GOLD_HIGH,
stt11,page_0068,4,19,lời,月,没,U+6CA1,0.324,False,NOT_IN_DICT,
stt11,page_0068,5,10,hai,䝨,垩,U+57A9,0.3291,False,NOT_IN_DICT,
stt11,page_0068,5,12,em,婦,庒,U+5E92,0.3705,False,NOT_IN_DICT,
stt11,page_0068,5,18,mà,度,麻,U+9EBB,0.6471,True,RESCUE_LOW_CONF,
stt11,page_0068,5,20,dái,喫,曳,U+66F3,0.2134,True,RESCUE_LOW_CONF,
stt11,page_0068,6,14,lóc,㕥,吹,U+5439,0.22,False,NOT_IN_DICT,
stt11,page_0068,7,5,ý,仪,支,U+652F,0.1474,False,NOT_IN_DICT,
stt11,page_0068,7,10,hèn,閉,閑,U+9591,0.5844,True,RESCUE_LOW_CONF,
stt11,page_0068,8,4,chọn,羝,撰,U+64B0,0.3104,True,RESCUE_LOW_CONF,
stt11,page_0068,8,7,gưong,嗣,調,U+8ABF,0.2304,False,NOT_IN_DICT,
stt11,page_0068,9,7,có,末,固,U+56FA,0.3363,True,RESCUE_LOW_CONF,
stt11,page_0068,9,8,mất,固,事,U+4E8B,0.5482,False,NOT_IN_DICT,
stt11,page_0068,9,11,lòng,寿,弄,U+5F04,0.8686,True,RESCUE_GOLD_HIGH,
stt11,page_0068,9,12,giữ,倍,佇,U+4F47,0.5231,True,RESCUE_LOW_CONF,
stt11,page_0068,9,13,trọn,屬,魔,U+9B54,0.2156,False,NOT_IN_DICT,
stt11,page_0070,1,1,hèn,閉,閑,U+9591,0.0974,True,RESCUE_LOW_CONF,
stt11,page_0070,1,8,về,委,娄,U+5A04,0.0678,False,NOT_IN_DICT,
stt11,page_0070,2,0,hồn,竭,塊,U+584A,0.5626,True,RESCUE_LOW_CONF,
stt11,page_0070,2,1,người,早,𠊚,U+2029A,0.9931,True,RESCUE_GOLD_HIGH,
stt11,page_0070,2,20,người,早,𠊚,U+2029A,0.9285,True,RESCUE_GOLD_HIGH,
stt11,page_0070,2,21,chứng,途,稽,U+7A3D,0.0978,False,NOT_IN_DICT,
stt11,page_0070,3,3,sạch,巫,泟,U+6CDF,0.0392,True,RESCUE_LOW_CONF,
stt11,page_0070,3,10,trên,漸,連,U+9023,0.9184,True,RESCUE_GOLD_HIGH,
stt11,page_0070,3,15,hai,畄,咍,U+548D,0.1079,True,RESCUE_LOW_CONF,
stt11,page_0070,4,12,phạm,卵,犯,U+72AF,0.8419,True,RESCUE_GOLD_MED,
stt11,page_0070,5,8,trấy,祖,施,U+65BD,0.1013,False,NOT_IN_DICT,
stt11,page_0070,5,9,sang,區,郎,U+90CE,0.1602,True,RESCUE_LOW_CONF,
stt11,page_0070,5,21,wringhe,宜,宜,U+5B9C,0.8191,False,NOT_IN_DICT,
stt11,page_0070,6,14,đến,佃,仍,U+4ECD,0.4843,False,NOT_IN_DICT,
stt11,page_0070,6,18,day,吪,代,U+4EE3,0.5408,False,NOT_IN_DICT,
stt11,page_0070,7,2,vào,侯,包,U+5305,0.4567,True,RESCUE_LOW_CONF,
stt11,page_0070,7,3,thịt,䋄,調,U+8ABF,0.1642,False,NOT_IN_DICT,
stt11,page_0070,7,17,giờ,降,除,U+9664,0.8915,True,RESCUE_GOLD_HIGH,
stt11,page_0070,8,1,năm,畜,南,U+5357,0.8765,True,RESCUE_GOLD_HIGH,
stt11,page_0070,8,3,chặt,鉄,鉄,U+9244,0.9101,False,NOT_IN_DICT,
stt11,page_0070,8,14,chép,倒,創,U+5275,0.1574,False,NOT_IN_DICT,
stt11,page_0070,9,18,đi,矮,寺,U+5BFA,0.4075,False,NOT_IN_DICT,
stt11,page_0072,1,4,áo,㭬,衣,U+8863,0.8747,False,NOT_IN_DICT,
stt11,page_0072,1,8,on,温,綿,U+7DBF,0.0542,False,NOT_IN_DICT,
stt11,page_0072,1,13,nguyện,忍,召,U+53EC,0.2817,False,NOT_IN_DICT,
stt11,page_0072,2,18,hay,苦,咍,U+548D,0.4282,True,RESCUE_LOW_CONF,
stt11,page_0072,2,21,buon,盆,盆,U+76C6,0.7442,False,NOT_IN_DICT,
stt11,page_0072,3,15,cất,技,拮,U+62EE,0.5281,True,RESCUE_LOW_CONF,
stt11,page_0072,3,20,i,反,衣,U+8863,0.1396,False,NOT_IN_DICT,
stt11,page_0072,4,10,trời,秌,𡗶,U+215F6,0.833,True,RESCUE_GOLD_MED,
stt11,page_0072,4,11,xã,脫,凜,U+51DC,0.1271,False,NOT_IN_DICT,
stt11,page_0072,4,15,nghiệp,菜,𠊚,U+2029A,0.3447,False,NOT_IN_DICT,
stt11,page_0072,5,11,kẹp,刧,扒,U+6252,0.3175,False,NOT_IN_DICT,
stt11,page_0072,6,7,lăm,導,凜,U+51DC,0.6879,False,NOT_IN_DICT,
stt11,page_0072,6,9,tỏ,𣃥,訴,U+8A34,0.2129,True,RESCUE_LOW_CONF,
stt11,page_0072,6,19,pha,鼂,葩,U+8469,0.9466,True,RESCUE_GOLD_HIGH,
stt11,page_0072,7,10,thánh,美,垩,U+57A9,0.9556,True,RESCUE_GOLD_HIGH,
stt11,page_0072,8,11,nàv,尺,塊,U+584A,0.7081,False,NOT_IN_DICT,
stt11,page_0072,8,14,ngàn,顔,几,U+51E0,0.3151,False,NOT_IN_DICT,
stt11,page_0072,8,17,hai,呫,咍,U+548D,0.2977,True,RESCUE_LOW_CONF,
stt11,page_0072,8,18,1032,衅,綽,U+7DBD,0.1562,False,NOT_IN_DICT,
stt11,page_0074,1,3,ghét,紡,結,U+7D50,0.5568,True,RESCUE_LOW_CONF,
stt11,page_0074,1,8,hơn,散,欣,U+6B23,0.2591,True,RESCUE_LOW_CONF,
stt11,page_0074,1,13,thì,眸,時,U+6642,0.941,True,RESCUE_GOLD_HIGH,
stt11,page_0074,1,19,thật,宋,实,U+5B9E,0.664,True,RESCUE_LOW_CONF,
stt11,page_0074,2,2,va,肆,耨,U+8028,0.1565,False,NOT_IN_DICT,
stt11,page_0074,2,10,phô,帰,于,U+4E8E,0.2862,False,NOT_IN_DICT,
stt11,page_0074,2,11,rô,醫,𠊚,U+2029A,0.1586,False,NOT_IN_DICT,
stt11,page_0074,3,4,day,吪,代,U+4EE3,0.7353,False,NOT_IN_DICT,
stt11,page_0074,3,5,buộc,紆,外,U+5916,0.1024,False,NOT_IN_DICT,
stt11,page_0074,3,8,vào,𭁵,包,U+5305,0.4747,True,RESCUE_LOW_CONF,
stt11,page_0074,3,16,xác,帝,壳,U+58F3,0.9914,True,RESCUE_GOLD_HIGH,
stt11,page_0074,3,18,vua,看,君,U+541B,0.165,True,RESCUE_LOW_CONF,
stt11,page_0074,3,20,bỏ,神,補,U+88DC,0.6896,True,RESCUE_LOW_CONF,
stt11,page_0074,4,1,muông,獧,獄,U+7344,0.4219,False,NOT_IN_DICT,
stt11,page_0074,5,12,pha,施,葩,U+8469,0.1741,True,RESCUE_LOW_CONF,
stt11,page_0074,5,20,mot,戛,蔑,U+8511,0.216,False,NOT_IN_DICT,
stt11,page_0074,6,1,hai,略,咍,U+548D,0.2177,True,RESCUE_LOW_CONF,
stt11,page_0074,6,11,một,兾,蔑,U+8511,0.3775,True,RESCUE_LOW_CONF,
stt11,page_0074,6,13,ga,欿,勉,U+52C9,0.4479,False,NOT_IN_DICT,
stt11,page_0074,6,14,la,寒,歇,U+6B47,0.4586,False,NOT_IN_DICT,
stt11,page_0074,6,17,hai,听,烏,U+70CF,0.4671,False,NOT_IN_DICT,
stt11,page_0074,6,18,là,理,四,U+56DB,0.3763,False,NOT_IN_DICT,
stt11,page_0074,6,20,cô,如,姑,U+59D1,0.0629,True,RESCUE_LOW_CONF,
stt11,page_0074,7,3,sinh,王,生,U+751F,0.8355,True,RESCUE_GOLD_MED,
stt11,page_0074,7,4,phô,燎,欺,U+6B3A,0.139,False,NOT_IN_DICT,
stt11,page_0074,7,8,bốn,墨,罢,U+7F62,0.5933,False,NOT_IN_DICT,
stt11,page_0074,7,10,0,塢,傷,U+50B7,0.0461,False,NOT_IN_DICT,
stt11,page_0074,8,3,là,眾,時,U+6642,0.0654,True,RESCUE_LOW_CONF,
stt11,page_0074,8,4,thợ,男,署,U+7F72,0.1834,True,RESCUE_LOW_CONF,
stt11,page_0074,8,8,trổ,曽,凜,U+51DC,0.7038,False,NOT_IN_DICT,
stt11,page_0074,8,12,thợ,罢,署,U+7F72,0.2395,True,RESCUE_LOW_CONF,
stt11,page_0074,8,15,làm,𡿨,乄,U+4E44,0.2113,True,RESCUE_LOW_CONF,
stt11,page_0074,9,3,dạy,喉,代,U+4EE3,0.474,True,RESCUE_LOW_CONF,
stt11,page_0074,9,4,đem,瓦,祝,U+795D,0.0748,False,NOT_IN_DICT,
stt11,page_0074,9,20,rạch,正,死,U+6B7B,0.0889,False,NOT_IN_DICT,
stt11,page_0076,1,0,thịt,翩,極,U+6975,0.1662,False,NOT_IN_DICT,
stt11,page_0076,1,1,mình,紛,𠇮,U+201EE,0.4872,True,RESCUE_LOW_CONF,
stt11,page_0076,1,9,ám,聴,明,U+660E,0.134,False,NOT_IN_DICT,
stt11,page_0076,1,15,đi,趨,移,U+79FB,0.2103,True,RESCUE_LOW_CONF,
stt11,page_0076,1,17,năm,爾,南,U+5357,0.4293,True,RESCUE_LOW_CONF,
stt11,page_0076,1,18,ông,等,翁,U+7FC1,0.0483,True,RESCUE_LOW_CONF,
stt11,page_0076,1,20,này,尽,尼,U+5C3C,0.9676,True,RESCUE_GOLD_HIGH,
stt11,page_0076,2,0,bỏ,斾,補,U+88DC,0.3048,True,RESCUE_LOW_CONF,
stt11,page_0076,2,20,người,厚,𠊚,U+2029A,0.9173,True,RESCUE_GOLD_HIGH,
stt11,page_0076,3,0,vào,囙,包,U+5305,0.4213,True,RESCUE_LOW_CONF,
stt11,page_0076,3,2,hòm,啄,要,U+8981,0.0872,False,NOT_IN_DICT,
stt11,page_0076,3,4,bỏ,掩,補,U+88DC,0.7057,True,RESCUE_GOLD_MED,
stt11,page_0076,3,6,biể,渡,𦝄,U+26744,0.1682,False,NOT_IN_DICT,
stt11,page_0076,3,7,biếhỏi,塊,塊,U+584A,0.9383,False,NOT_IN_DICT,
stt11,page_0076,4,11,mastruoc,畧,畧,U+7567,0.9851,False,NOT_IN_DICT,
stt11,page_0076,5,14,hai,喝,咍,U+548D,0.1552,True,RESCUE_LOW_CONF,
stt11,page_0076,6,2,ram,监,易,U+6613,0.205,False,NOT_IN_DICT,
stt11,page_0076,6,11,ngày,解,時,U+6642,0.5328,True,RESCUE_LOW_CONF,
stt11,page_0076,6,13,bảy,㸃,昆,U+6606,0.1449,False,NOT_IN_DICT,
stt11,page_0076,6,15,chín,鈍,爲,U+7232,0.0723,False,NOT_IN_DICT,
stt11,page_0076,7,0,dòng,湘,𣳔,U+23CD4,0.3245,True,RESCUE_LOW_CONF,
stt11,page_0076,7,17,bé,团,闭,U+95ED,0.0062,True,RESCUE_LOW_CONF,
stt11,page_0076,7,19,lớn,搠,懶,U+61F6,0.7817,True,RESCUE_GOLD_MED,
stt11,page_0076,8,6,đức,短,主,U+4E3B,0.4821,False,NOT_IN_DICT,
stt11,page_0076,8,22,mammuon,閑,悶,U+60B6,0.8223,False,NOT_IN_DICT,
stt11,page_0076,9,1,sang,品,郎,U+90CE,0.3551,True,RESCUE_LOW_CONF,
stt11,page_0076,9,19,giảng,謨,講,U+8B1B,0.1262,True,RESCUE_LOW_CONF,
stt11,page_0078,1,0,xem,枯,袩,U+88A9,0.6106,True,RESCUE_LOW_CONF,
stt11,page_0078,1,11,sa,次,沙,U+6C99,0.14,True,RESCUE_LOW_CONF,
stt11,page_0078,1,16,cô,妓,姑,U+59D1,0.952,True,RESCUE_GOLD_HIGH,
stt11,page_0078,1,17,mắng,嗟,慄,U+6144,0.0718,False,NOT_IN_DICT,
stt11,page_0078,3,4,khác,怜,恪,U+606A,0.8082,True,RESCUE_GOLD_MED,
stt11,page_0078,3,15,mất,求,末,U+672B,0.9198,True,RESCUE_GOLD_HIGH,
stt11,page_0078,4,13,vui,盆,盆,U+76C6,0.1764,False,NOT_IN_DICT,
stt11,page_0078,5,5,lên,赳,連,U+9023,0.8443,True,RESCUE_GOLD_MED,
stt11,page_0078,5,11,sói,獨,棱,U+68F1,0.3766,False,NOT_IN_DICT,
stt11,page_0078,5,13,căn,限,枯,U+67AF,0.1414,False,NOT_IN_DICT,
stt11,page_0078,5,14,chiên,松,補,U+88DC,0.4577,False,NOT_IN_DICT,
stt11,page_0078,5,15,chăn,禛,爲,U+7232,0.9501,False,NOT_IN_DICT,
stt11,page_0078,6,0,coi,𤧚,塊,U+584A,0.1008,False,NOT_IN_DICT,
stt11,page_0078,6,1,sóc,相,朔,U+6714,0.0961,True,RESCUE_LOW_CONF,
stt11,page_0078,6,17,giả,做,假,U+5047,0.2194,True,RESCUE_LOW_CONF,
stt11,page_0078,7,13,kính,𤼲,敬,U+656C,0.1158,True,RESCUE_LOW_CONF,
stt11,page_0078,8,0,nghi,捨,拙,U+62D9,0.2112,False,NOT_IN_DICT,
stt11,page_0078,8,2,một,兾,更,U+66F4,0.2597,True,RESCUE_LOW_CONF,
stt11,page_0078,8,8,chối,请,渚,U+6E1A,0.2438,False,NOT_IN_DICT,
stt11,page_0078,8,16,sấy,士,時,U+6642,0.8684,False,NOT_IN_DICT,
stt11,page_0078,8,19,xuống,以,重,U+91CD,0.2884,False,NOT_IN_DICT,
stt11,page_0078,9,17,ra,婢,曳,U+66F3,0.3766,False,NOT_IN_DICT,
stt11,page_0078,9,20,rút,择,捽,U+637D,0.2619,True,RESCUE_LOW_CONF,
stt11,page_0078,9,21,bao,后,卢,U+5362,0.0736,False,NOT_IN_DICT,
stt11,page_0080,1,2,về,歩,式,U+5F0F,0.2434,False,NOT_IN_DICT,
stt11,page_0080,1,4,về,淑,於,U+65BC,0.1154,False,NOT_IN_DICT,
stt11,page_0080,1,5,nhà,旋,茹,U+8339,0.9317,True,RESCUE_GOLD_HIGH,
stt11,page_0080,1,8,là,熙,邏,U+908F,0.0578,True,RESCUE_LOW_CONF,
stt11,page_0080,1,11,giá,迄,這,U+9019,0.0721,True,RESCUE_LOW_CONF,
stt11,page_0080,2,5,đi,髻,移,U+79FB,0.1579,True,RESCUE_LOW_CONF,
stt11,page_0080,2,10,lấy,桃,𢬦,U+22B26,0.7363,True,RESCUE_GOLD_MED,
stt11,page_0080,2,14,một,羡,更,U+66F4,0.1267,True,RESCUE_LOW_CONF,
stt11,page_0080,2,16,nhặm,琰,天,U+5929,0.1944,False,NOT_IN_DICT,
stt11,page_0080,4,10,hãi,𰑊,㤥,U+3925,0.2418,True,RESCUE_LOW_CONF,
stt11,page_0080,4,11,sợ,惲,𢜝,U+2271D,0.7719,True,RESCUE_GOLD_MED,
stt11,page_0080,4,13,đi,接,移,U+79FB,0.1026,True,RESCUE_LOW_CONF,
stt11,page_0080,5,14,dám,敀,敢,U+6562,0.0909,True,RESCUE_LOW_CONF,
stt11,page_0080,6,1,ấy,凜,凜,U+51DC,0.8834,False,NOT_IN_DICT,
stt11,page_0080,6,2,lắm,衣,衣,U+8863,0.8332,False,NOT_IN_DICT,
stt11,page_0080,6,7,thì,曄,時,U+6642,0.9508,True,RESCUE_GOLD_HIGH,
stt11,page_0080,6,13,thầu,築,柴,U+67F4,0.981,False,NOT_IN_DICT,
stt11,page_0080,7,5,7,靜,嬏,U+5B0F,0.0771,False,NOT_IN_DICT,
stt11,page_0080,7,6,năm,先,饬,U+996C,0.1675,False,NOT_IN_DICT,
stt11,page_0080,7,9,đày,莒,四,U+56DB,0.315,False,NOT_IN_DICT,
stt11,page_0080,7,11,đi,撥,棱,U+68F1,0.2669,False,NOT_IN_DICT,
stt11,page_0080,7,17,giả,魁,假,U+5047,0.0456,True,RESCUE_LOW_CONF,
stt11,page_0080,7,19,dân,鹿,徳,U+5FB3,0.3362,False,NOT_IN_DICT,
stt11,page_0080,8,8,phi,之,奴,U+5974,0.9869,False,NOT_IN_DICT,
stt11,page_0080,8,21,thật,突,实,U+5B9E,0.8908,True,RESCUE_GOLD_HIGH,
stt11,page_0080,9,16,khác,啓,恪,U+606A,0.9307,True,RESCUE_GOLD_HIGH,
stt11,page_0086,1,13,698,尅,老,U+8001,0.165,False,NOT_IN_DICT,
stt11,page_0086,2,1,chín,銚,勉,U+52C9,0.0975,False,NOT_IN_DICT,
stt11,page_0086,3,5,rô,噶,實,U+5BE6,0.2605,False,NOT_IN_DICT,
stt11,page_0086,3,21,đức,𭤧,主,U+4E3B,0.5041,False,NOT_IN_DICT,
stt11,page_0086,5,2,lắm,漙,凜,U+51DC,0.8538,True,RESCUE_GOLD_HIGH,
stt11,page_0086,5,9,nhà,花,蜍,U+870D,0.7579,False,NOT_IN_DICT,
stt11,page_0086,5,11,đâu,莞,几,U+51E0,0.3205,False,NOT_IN_DICT,
stt11,page_0086,5,13,làm,勺,与,U+4E0E,0.0862,False,NOT_IN_DICT,
stt11,page_0086,6,0,đền,𤼲,麻,U+9EBB,0.2934,False,NOT_IN_DICT,
stt11,page_0086,6,3,đền,慢,徳,U+5FB3,0.1918,False,NOT_IN_DICT,
stt11,page_0086,6,14,pha,了,葩,U+8469,0.8893,True,RESCUE_GOLD_HIGH,
stt11,page_0086,6,16,đền,㱕,固,U+56FA,0.1259,False,NOT_IN_DICT,
stt11,page_0086,6,19,đền,展,中,U+4E2D,0.4513,False,NOT_IN_DICT,
stt11,page_0086,7,6,lu,呫,時,U+6642,0.0848,False,NOT_IN_DICT,
stt11,page_0086,7,7,ca,歙,𰙔,U+30654,0.5167,True,RESCUE_LOW_CONF,
stt11,page_0086,8,4,bàn,虵,盤,U+76E4,0.0399,True,RESCUE_LOW_CONF,
stt11,page_0086,8,5,thờ,涂,於,U+65BC,0.4322,True,RESCUE_LOW_CONF,
stt11,page_0086,8,9,rô,噶,無,U+7121,0.0352,False,NOT_IN_DICT,
stt11,page_0086,8,11,pha,各,各,U+5404,0.972,False,NOT_IN_DICT,
stt11,page_0086,8,13,làm,卷,乄,U+4E44,0.0648,True,RESCUE_LOW_CONF,
stt11,page_0086,8,16,rầy,𬮈,别,U+522B,0.2745,False,NOT_IN_DICT,
stt11,page_0086,8,19,t,垩,垩,U+57A9,0.5886,False,NOT_IN_DICT,
stt11,page_0086,8,20,pha,鬯,垩,U+57A9,0.941,False,NOT_IN_DICT,
stt11,page_0086,8,21,pa,丶,葩,U+8469,0.4725,False,NOT_IN_DICT,
stt11,page_0086,9,7,bàn,盆,盤,U+76E4,0.2387,True,RESCUE_LOW_CONF,
stt11,page_0086,9,10,bàn,造,盤,U+76E4,0.044,True,RESCUE_LOW_CONF,
stt11,page_0086,9,11,gố,枚,枯,U+67AF,0.8209,False,NOT_IN_DICT,
stt11,page_0086,9,12,vông,瓦,几,U+51E0,0.1307,False,NOT_IN_DICT,
stt11,page_0086,9,17,về,未,耒,U+8012,0.0551,True,RESCUE_LOW_CONF,
stt11,page_0088,1,0,vê,鴟,爲,U+7232,0.0948,True,RESCUE_LOW_CONF,
stt11,page_0088,1,1,tê,蹐,躋,U+8E8B,0.4357,True,RESCUE_LOW_CONF,
stt11,page_0088,2,0,thương,衡,𠊚,U+2029A,0.1625,False,NOT_IN_DICT,
stt11,page_0088,2,8,sự,玄,丕,U+4E15,0.3425,False,NOT_IN_DICT,
stt11,page_0088,2,10,nhà,𬽣,佇,U+4F47,0.1246,False,NOT_IN_DICT,
stt11,page_0088,2,11,thờ,甫,於,U+65BC,0.1191,True,RESCUE_LOW_CONF,
stt11,page_0088,2,12,thì,而,爲,U+7232,0.2415,False,NOT_IN_DICT,
stt11,page_0088,2,13,phải,半,事,U+4E8B,0.2142,False,NOT_IN_DICT,
stt11,page_0088,2,14,lẽ,茹,女,U+5973,0.1857,False,NOT_IN_DICT,
stt11,page_0088,2,15,lẽ,女,於,U+65BC,0.0853,False,NOT_IN_DICT,
stt11,page_0088,2,16,lăm,取,麻,U+9EBB,0.2309,False,NOT_IN_DICT,
stt11,page_0088,2,17,vì,馀,寺,U+5BFA,0.2399,False,NOT_IN_DICT,
stt11,page_0088,2,18,chưng,古,古,U+53E4,0.1109,False,NOT_IN_DICT,
stt11,page_0088,2,19,trong,時,礼,U+793C,0.1141,False,NOT_IN_DICT,
stt11,page_0088,2,20,nước,其,中,U+4E2D,0.0664,False,NOT_IN_DICT,
stt11,page_0088,2,21,có,中,中,U+4E2D,0.0582,False,NOT_IN_DICT,
stt11,page_0088,2,22,hàng,沛,理,U+7406,0.0839,False,NOT_IN_DICT,
stt11,page_0088,2,23,phố,如,如,U+5982,0.1899,False,NOT_IN_DICT,
stt11,page_0088,2,24,bán,理,呐,U+5450,0.0596,False,NOT_IN_DICT,
stt11,page_0088,2,25,của,寸,柴,U+67F4,0.2064,False,NOT_IN_DICT,
stt11,page_0088,2,26,nọ,凜,渃,U+6E03,0.1477,False,NOT_IN_DICT,
stt11,page_0088,2,27,của,鹿,時,U+6642,0.1165,False,NOT_IN_DICT,
stt11,page_0088,2,28,kia,忌,别,U+522B,0.0495,False,NOT_IN_DICT,
stt11,page_0088,2,29,trong,爲,㡳,U+3873,0.1309,False,NOT_IN_DICT,
stt11,page_0088,2,30,nhà,底,徳,U+5FB3,0.1069,False,NOT_IN_DICT,
stt11,page_0088,2,31,có,惡,於,U+65BC,0.0469,False,NOT_IN_DICT,
stt11,page_0088,2,32,nhiều,况,時,U+6642,0.3806,False,NOT_IN_DICT,
stt11,page_0088,2,33,nơi,夜,代,U+4EE3,0.0827,False,NOT_IN_DICT,
stt11,page_0088,2,35,nhiều,弟,昆,U+6606,0.0859,False,NOT_IN_DICT,
stt11,page_0088,2,36,việc,阨,時,U+6642,0.0758,False,NOT_IN_DICT,
stt11,page_0088,2,37,thì,公,爲,U+7232,0.0489,False,NOT_IN_DICT,
stt11,page_0088,2,38,ta,每,𠊚,U+2029A,0.3404,False,NOT_IN_DICT,
stt11,page_0088,2,40,nào,理,𠊚,U+2029A,0.0588,False,NOT_IN_DICT,
stt11,page_0088,2,42,thờ,皪,於,U+65BC,0.1187,True,RESCUE_LOW_CONF,
stt11,page_0088,3,0,phương,奉,奉,U+5949,0.6152,False,NOT_IN_DICT,
stt11,page_0088,3,11,về,闲,𧗱,U+275F1,0.6092,True,RESCUE_LOW_CONF,
stt11,page_0088,4,7,khác,𠗆,各,U+5404,0.2348,False,NOT_IN_DICT,
stt11,page_0088,4,15,việc,没,役,U+5F79,0.9882,True,RESCUE_GOLD_HIGH,
stt11,page_0088,5,16,đến,曳,旦,U+65E6,0.0021,True,RESCUE_LOW_CONF,
stt11,page_0088,5,20,sa,秋,沙,U+6C99,0.2018,True,RESCUE_LOW_CONF,
stt11,page_0088,6,8,phải,仰,沛,U+6C9B,0.8582,True,RESCUE_GOLD_HIGH,
stt11,page_0088,6,18,kia,宴,其,U+5176,0.512,True,RESCUE_LOW_CONF,
stt11,page_0088,6,21,phun,畸,四,U+56DB,0.0833,False,NOT_IN_DICT,
stt11,page_0088,7,0,phy,批,批,U+6279,0.8728,False,NOT_IN_DICT,
stt11,page_0088,7,2,ô,奴,塊,U+584A,0.3219,False,NOT_IN_DICT,
stt11,page_0088,7,9,có,景,𠊚,U+2029A,0.2078,False,NOT_IN_DICT,
stt11,page_0088,7,15,ngươi,然,易,U+6613,0.7959,False,NOT_IN_DICT,
stt11,page_0088,8,3,về,肖,𧗱,U+275F1,0.2194,True,RESCUE_LOW_CONF,
stt11,page_0088,8,11,kia,奠,其,U+5176,0.4488,True,RESCUE_LOW_CONF,
stt11,page_0088,8,20,buôn,等,奉,U+5949,0.1301,False,NOT_IN_DICT,
stt11,page_0088,8,21,bán,申,半,U+534A,0.2578,True,RESCUE_LOW_CONF,
stt11,page_0088,9,7,xua,詎,謨,U+8B28,0.1767,False,NOT_IN_DICT,
stt11,page_0088,9,8,ra,寒,囉,U+56C9,0.1168,True,RESCUE_LOW_CONF,
stt11,page_0088,9,18,trong,甲,中,U+4E2D,0.9531,True,RESCUE_GOLD_HIGH,
stt11,page_0090,1,4,rầy,蜀,罰,U+7F70,0.4573,False,NOT_IN_DICT,
stt11,page_0090,2,1,lễ,花,礼,U+793C,0.5598,True,RESCUE_LOW_CONF,
stt11,page_0090,3,0,linh,尺,灵,U+7075,0.8028,True,RESCUE_GOLD_MED,
stt11,page_0090,3,23,ga,歌,歇,U+6B47,0.501,False,NOT_IN_DICT,
stt11,page_0090,4,1,sa,秋,沙,U+6C99,0.6604,True,RESCUE_LOW_CONF,
stt11,page_0090,4,13,gia,反,加,U+52A0,0.5,True,RESCUE_LOW_CONF,
stt11,page_0090,4,14,cóp,风,合,U+5408,0.081,True,RESCUE_LOW_CONF,
stt11,page_0090,5,6,lên,遫,連,U+9023,0.8542,True,RESCUE_GOLD_HIGH,
stt11,page_0090,5,16,đem,尼,祝,U+795D,0.0809,False,NOT_IN_DICT,
stt11,page_0090,5,20,lên,趙,連,U+9023,0.9075,True,RESCUE_GOLD_HIGH,
stt11,page_0090,7,10,điều,姻,調,U+8ABF,0.0709,True,RESCUE_LOW_CONF,
stt11,page_0090,7,15,nhổ,哇,咀,U+5480,0.1468,False,NOT_IN_DICT,
stt11,page_0090,7,19,cật,肢,法,U+6CD5,0.2037,False,NOT_IN_DICT,
stt11,page_0090,7,21,bàn,盡,邁,U+9081,0.0611,False,NOT_IN_DICT,
stt11,page_0090,8,4,phá,歿,破,U+7834,0.841,True,RESCUE_GOLD_MED,
stt11,page_0090,8,6,dõ,拈,拙,U+62D9,0.3057,False,NOT_IN_DICT,
stt11,page_0090,9,9,nước,浸,渃,U+6E03,0.7765,True,RESCUE_GOLD_MED,
stt11,page_0090,9,13,bn,命,命,U+547D,0.6891,False,NOT_IN_DICT,
stt11,page_0090,9,15,là,四,罗,U+7F57,0.0455,True,RESCUE_LOW_CONF,
stt11,page_0090,9,21,chén,𢧐,聀,U+8040,0.8953,False,NOT_IN_DICT,
stt11,page_0092,1,2,thờ,𨿽,蜍,U+870D,0.8057,True,RESCUE_GOLD_MED,
stt11,page_0092,1,20,vua,帯,事,U+4E8B,0.0848,False,NOT_IN_DICT,
stt11,page_0092,1,21,phải,辞,碎,U+788E,0.1007,False,NOT_IN_DICT,
stt11,page_0092,2,3,ngươi,䏻,包,U+5305,0.2983,False,NOT_IN_DICT,
stt11,page_0092,2,15,mất,湲,渃,U+6E03,0.452,False,NOT_IN_DICT,
stt11,page_0092,2,16,nước,末,末,U+672B,0.9872,False,NOT_IN_DICT,
stt11,page_0092,2,19,sống,㸃,我,U+6211,0.0718,False,NOT_IN_DICT,
stt11,page_0092,3,10,đền,晏,於,U+65BC,0.316,False,NOT_IN_DICT,
stt11,page_0092,3,12,này,包,尼,U+5C3C,0.4572,True,RESCUE_LOW_CONF,
stt11,page_0092,4,2,cô,娜,抛,U+629B,0.1979,False,NOT_IN_DICT,
stt11,page_0092,5,4,i,表,衣,U+8863,0.5824,False,NOT_IN_DICT,
stt11,page_0092,5,20,cô,洲,姚,U+59DA,0.2363,False,NOT_IN_DICT,
stt11,page_0092,5,21,tô,願,穌,U+7A4C,0.87,True,RESCUE_GOLD_HIGH,
stt11,page_0092,6,16,một,遂,更,U+66F4,0.7154,True,RESCUE_GOLD_MED,
stt11,page_0092,7,0,phương,奉,奏,U+594F,0.4872,False,NOT_IN_DICT,
stt11,page_0092,8,5,nộp,細,納,U+7D0D,0.0767,True,RESCUE_LOW_CONF,
stt11,page_0092,8,14,trai,朝,𤳇,U+24CC7,0.1747,True,RESCUE_LOW_CONF,
stt11,page_0092,9,12,thờ,鎗,蜍,U+870D,0.8815,True,RESCUE_GOLD_HIGH,
stt11,page_0092,9,16,thưởng,煑,賞,U+8CDE,0.0471,True,RESCUE_LOW_CONF,
stt11,page_0094,1,9,chê,咬,吱,U+5431,0.3252,True,RESCUE_LOW_CONF,
stt11,page_0094,2,2,phải,浄,沛,U+6C9B,0.7887,True,RESCUE_GOLD_MED,
stt11,page_0094,2,15,tôi,秤,砕,U+7815,0.4599,True,RESCUE_LOW_CONF,
stt11,page_0094,2,16,phải,浄,沛,U+6C9B,0.7207,True,RESCUE_GOLD_MED,
stt11,page_0094,2,17,khốn,因,困,U+56F0,0.5644,True,RESCUE_LOW_CONF,
stt11,page_0094,2,18,trên,座,連,U+9023,0.8365,True,RESCUE_GOLD_MED,
stt11,page_0094,3,5,tôi,那,砕,U+7815,0.2259,True,RESCUE_LOW_CONF,
stt11,page_0094,3,11,đâu,尭,兜,U+515C,0.1419,True,RESCUE_LOW_CONF,
stt11,page_0094,3,16,áo,茯,袄,U+8884,0.9752,True,RESCUE_GOLD_HIGH,
stt11,page_0094,4,3,đốt,絀,焠,U+7120,0.106,True,RESCUE_LOW_CONF,
stt11,page_0094,4,4,lưng,廢,𦝄,U+26744,0.5299,True,RESCUE_LOW_CONF,
stt11,page_0094,4,6,còn,牂,群,U+7FA4,0.8674,True,RESCUE_GOLD_HIGH,
stt11,page_0094,4,18,đội,啄,隊,U+968A,0.4804,True,RESCUE_LOW_CONF,
stt11,page_0094,5,3,đời,丶,於,U+65BC,0.1304,False,NOT_IN_DICT,
stt11,page_0094,5,9,ném,閣,賖,U+8CD6,0.4181,False,NOT_IN_DICT,
stt11,page_0094,5,21,ay,从,衣,U+8863,0.2393,False,NOT_IN_DICT,
stt11,page_0094,5,22,ay,避,連,U+9023,0.4418,False,NOT_IN_DICT,
stt11,page_0094,5,23,trơi,丞,𡗶,U+215F6,0.7778,False,NOT_IN_DICT,
stt11,page_0094,7,0,300,将,時,U+6642,0.9021,False,NOT_IN_DICT,
stt11,page_0094,7,6,phun,嬪,堵,U+5835,0.1,False,NOT_IN_DICT,
stt11,page_0094,8,5,xứ,康,𠙚,U+2065A,0.0791,True,RESCUE_LOW_CONF,
stt11,page_0094,9,7,trời,忘,𡗶,U+215F6,0.0712,True,RESCUE_LOW_CONF,
stt11,page_0094,9,14,vua,寿,君,U+541B,0.0484,True,RESCUE_LOW_CONF,
stt11,page_0094,9,17,thờ,𨿽,蜍,U+870D,0.9231,True,RESCUE_GOLD_HIGH,
stt11,page_0094,9,21,commen,净,𠊚,U+2029A,0.2012,False,NOT_IN_DICT,
stt11,page_0096,1,10,phô,庵,哺,U+54FA,0.14,True,RESCUE_LOW_CONF,
stt11,page_0096,1,11,ông,尋,翁,U+7FC1,0.3643,True,RESCUE_LOW_CONF,
stt11,page_0096,1,12,chớ,炳,渚,U+6E1A,0.4275,True,RESCUE_LOW_CONF,
stt11,page_0096,1,13,sợ,悸,𢜝,U+2271D,0.1504,True,RESCUE_LOW_CONF,
stt11,page_0096,2,7,trên,䢖,連,U+9023,0.9282,True,RESCUE_GOLD_HIGH,
stt11,page_0096,3,9,tra,杳,曰,U+66F0,0.0928,False,NOT_IN_DICT,
stt11,page_0096,3,17,phun,責,遣,U+9063,0.2481,False,NOT_IN_DICT,
stt11,page_0096,4,2,nghe,適,宜,U+5B9C,0.6708,True,RESCUE_LOW_CONF,
stt11,page_0096,4,9,tay,趨,腮,U+816E,0.2898,True,RESCUE_LOW_CONF,
stt11,page_0096,4,19,đau,痘,户,U+6237,0.1186,False,NOT_IN_DICT,
stt11,page_0096,4,21,nó,承,於,U+65BC,0.1048,False,NOT_IN_DICT,
stt11,page_0096,5,7,móc,琴,法,U+6CD5,0.2359,False,NOT_IN_DICT,
stt11,page_0096,5,8,sắt,木,体,U+4F53,0.2573,False,NOT_IN_DICT,
stt11,page_0096,5,9,rach,症,能,U+80FD,0.6473,False,NOT_IN_DICT,
stt11,page_0096,5,11,thịt,翩,調,U+8ABF,0.6274,False,NOT_IN_DICT,
stt11,page_0096,5,13,ra,愕,罢,U+7F62,0.117,False,NOT_IN_DICT,
stt11,page_0096,6,0,lấy,桃,礼,U+793C,0.6608,True,RESCUE_LOW_CONF,
stt11,page_0096,6,14,khi,肆,欺,U+6B3A,0.4148,True,RESCUE_LOW_CONF,
stt11,page_0096,6,20,ri,援,移,U+79FB,0.3972,False,NOT_IN_DICT,
stt11,page_0096,7,15,được,事,事,U+4E8B,0.9465,False,NOT_IN_DICT,
stt11,page_0096,7,16,sự,特,特,U+7279,0.9498,False,NOT_IN_DICT,
stt11,page_0096,7,20,là,罢,罗,U+7F57,0.0779,True,RESCUE_LOW_CONF,
stt11,page_0096,7,21,người,早,𠊚,U+2029A,0.9942,True,RESCUE_GOLD_HIGH,
stt11,page_0096,8,1,trên,浩,法,U+6CD5,0.7251,False,NOT_IN_DICT,
stt11,page_0096,8,2,trời,承,𡗶,U+215F6,0.0524,True,RESCUE_LOW_CONF,
stt11,page_0096,8,11,mấy,仅,道,U+9053,0.969,False,NOT_IN_DICT,
stt11,page_0096,9,7,đạo,廼,道,U+9053,0.0752,True,RESCUE_LOW_CONF,
stt11,page_0096,9,10,đạo,徔,道,U+9053,0.0726,True,RESCUE_LOW_CONF,
stt11,page_0096,9,12,bấy,除,閉,U+9589,0.0076,True,RESCUE_LOW_CONF,
stt11,page_0096,9,13,giờ,用,闭,U+95ED,0.2582,False,NOT_IN_DICT,
stt11,page_0098,1,3,phun,嘖,賞,U+8CDE,0.2103,False,NOT_IN_DICT,
stt11,page_0098,1,8,đem,炮,曳,U+66F3,0.2854,False,NOT_IN_DICT,
stt11,page_0098,1,12,quỷ,厯,恩,U+6069,0.2643,False,NOT_IN_DICT,
stt11,page_0098,1,18,quỳ,踡,跪,U+8DEA,0.8635,True,RESCUE_GOLD_HIGH,
stt11,page_0098,1,19,gối,蹌,噲,U+5672,0.354,True,RESCUE_LOW_CONF,
stt11,page_0098,2,20,tro,炉,炉,U+7089,0.475,False,NOT_IN_DICT,
stt11,page_0098,5,2,lấy,𢪷,𢬦,U+22B26,0.1603,True,RESCUE_LOW_CONF,
stt11,page_0098,5,3,roi,榴,檑,U+6A91,0.6371,True,RESCUE_LOW_CONF,
stt11,page_0098,5,4,chì,鏘,鉄,U+9244,0.2208,False,NOT_IN_DICT,
stt11,page_0098,5,10,lòng,尋,弄,U+5F04,0.667,True,RESCUE_LOW_CONF,
stt11,page_0098,5,15,chịu,已,召,U+53EC,0.4439,True,RESCUE_LOW_CONF,
stt11,page_0098,7,14,hai,㘴,咍,U+548D,0.0011,True,RESCUE_LOW_CONF,
stt11,page_0098,7,17,mươi,尺,綿,U+7DBF,0.1184,False,NOT_IN_DICT,
stt11,page_0098,8,6,ti,刁,司,U+53F8,0.6892,True,RESCUE_LOW_CONF,
stt11,page_0098,9,2,này,他,尼,U+5C3C,0.3454,True,RESCUE_LOW_CONF,
stt11,page_0098,9,7,nước,温,魂,U+9B42,0.2339,False,NOT_IN_DICT,
stt11,page_0098,9,8,on,匆,仍,U+4ECD,0.2213,False,NOT_IN_DICT,
stt11,page_0100,1,15,giảng,謂,事,U+4E8B,0.9663,False,NOT_IN_DICT,
stt11,page_0100,2,10,đi,趨,麻,U+9EBB,0.7198,False,NOT_IN_DICT,
stt11,page_0100,2,11,rừng,檢,棱,U+68F1,0.3256,True,RESCUE_LOW_CONF,
stt11,page_0100,3,4,hay,陌,咍,U+548D,0.1509,True,RESCUE_LOW_CONF,
stt11,page_0100,3,6,rô,醫,實,U+5BE6,0.2647,False,NOT_IN_DICT,
stt11,page_0100,3,18,vào,宅,包,U+5305,0.6507,True,RESCUE_LOW_CONF,
stt11,page_0100,4,7,số,𭣣,赦,U+8D66,0.4973,False,NOT_IN_DICT,
stt11,page_0100,4,16,tốt,夲,卒,U+5352,0.4536,True,RESCUE_LOW_CONF,
stt11,page_0100,5,12,thốt,說,穷,U+7A77,0.2359,False,NOT_IN_DICT,
stt11,page_0100,5,15,dâm,途,滛,U+6EDB,0.1499,True,RESCUE_LOW_CONF,
stt11,page_0100,5,19,ng,庒,庒,U+5E92,0.948,False,NOT_IN_DICT,
stt11,page_0100,6,12,một,如,如,U+5982,0.951,False,NOT_IN_DICT,
stt11,page_0100,7,3,đi,爹,吏,U+540F,0.1503,False,NOT_IN_DICT,
stt11,page_0100,7,5,lại,之,咍,U+548D,0.0789,False,NOT_IN_DICT,
stt11,page_0100,7,16,áo,秋,袄,U+8884,0.9019,True,RESCUE_GOLD_HIGH,
stt11,page_0100,8,18,mình,合,命,U+547D,0.3095,True,RESCUE_LOW_CONF,
stt11,page_0100,9,2,hai,防,分,U+5206,0.797,False,NOT_IN_DICT,
stt11,page_0100,9,3,phần,㕣,仍,U+4ECD,0.1085,False,NOT_IN_DICT,
stt11,page_0102,1,17,một,犀,更,U+66F4,0.3116,True,RESCUE_LOW_CONF,
stt11,page_0102,2,7,quanh,跳,觥,U+89E5,0.6575,True,RESCUE_LOW_CONF,
stt11,page_0102,2,8,răng,懷,浪,U+6D6A,0.8284,True,RESCUE_GOLD_MED,
stt11,page_0102,2,17,chịu,已,召,U+53EC,0.8845,True,RESCUE_GOLD_HIGH,
stt11,page_0102,2,19,rửa,泣,浪,U+6D6A,0.1816,False,NOT_IN_DICT,
stt11,page_0102,3,7,đức,匀,主,U+4E3B,0.5938,False,NOT_IN_DICT,
stt11,page_0102,4,13,chịu,吕,召,U+53EC,0.6129,True,RESCUE_LOW_CONF,
stt11,page_0102,4,19,quan,架,柴,U+67F4,0.8484,False,NOT_IN_DICT,
stt11,page_0102,4,20,thầy,宦,官,U+5B98,0.936,False,NOT_IN_DICT,
stt11,page_0102,5,8,quở,喂,踈,U+8E08,0.1441,False,NOT_IN_DICT,
stt11,page_0102,5,18,đi,髮,移,U+79FB,0.2396,True,RESCUE_LOW_CONF,
stt11,page_0102,5,19,tu,𪧐,脩,U+8129,0.6859,True,RESCUE_LOW_CONF,
stt11,page_0102,6,1,âu,誰,詐,U+8A50,0.1821,False,NOT_IN_DICT,
stt11,page_0102,6,4,dái,奧,曳,U+66F3,0.18,True,RESCUE_LOW_CONF,
stt11,page_0102,7,0,1,庄,庒,U+5E92,0.9411,False,NOT_IN_DICT,
stt11,page_0102,7,2,làm,巜,乄,U+4E44,0.0546,True,RESCUE_LOW_CONF,
stt11,page_0102,7,3,vậy,不,丕,U+4E15,0.8973,True,RESCUE_GOLD_HIGH,
stt11,page_0102,7,4,nếu,易,裊,U+88CA,0.07,True,RESCUE_LOW_CONF,
stt11,page_0102,7,7,tin,传,信,U+4FE1,0.771,True,RESCUE_GOLD_MED,
stt11,page_0102,7,9,s,欽,砕,U+7815,0.4028,False,NOT_IN_DICT,
stt11,page_0102,7,10,sớinhà,理,欽,U+6B3D,0.5983,False,NOT_IN_DICT,
stt11,page_0102,8,1,nón,𡽪,欺,U+6B3A,0.2149,False,NOT_IN_DICT,
stt11,page_0102,8,2,cô,房,姑,U+59D1,0.6319,True,RESCUE_LOW_CONF,
stt11,page_0102,8,3,cùng,生,共,U+5171,0.2538,True,RESCUE_LOW_CONF,
stt11,page_0102,8,16,chết,擇,我,U+6211,0.5306,False,NOT_IN_DICT,
stt11,page_0102,8,17,hay,曰,咍,U+548D,0.0913,True,RESCUE_LOW_CONF,
stt11,page_0102,9,4,trốn,連,迍,U+8FCD,0.4429,True,RESCUE_LOW_CONF,
stt11,page_0102,9,10,hay,为,対,U+5BFE,0.1899,False,NOT_IN_DICT,
stt11,page_0102,9,16,hay,𠮦,庒,U+5E92,0.2076,False,NOT_IN_DICT,
stt11,page_0102,9,19,xá,居,命,U+547D,0.108,False,NOT_IN_DICT,
stt11,page_0102,9,21,giặc,賤,跪,U+8DEA,0.2951,False,NOT_IN_DICT,
stt11,page_0104,1,8,rô,碧,書,U+66F8,0.1841,False,NOT_IN_DICT,
stt11,page_0104,1,13,tha,敖,赦,U+8D66,0.9843,True,RESCUE_GOLD_HIGH,
stt11,page_0104,1,17,ti,早,𤰞,U+24C1E,0.8182,True,RESCUE_GOLD_MED,
stt11,page_0104,1,18,nho,帮,儒,U+5112,0.6287,True,RESCUE_LOW_CONF,
stt11,page_0104,1,19,đi,趋,移,U+79FB,0.263,True,RESCUE_LOW_CONF,
stt11,page_0104,2,15,ri,夂,衣,U+8863,0.284,False,NOT_IN_DICT,
stt11,page_0104,2,16,y,移,於,U+65BC,0.1405,False,NOT_IN_DICT,
stt11,page_0104,3,6,xin,𫤰,真,U+771F,0.5859,True,RESCUE_LOW_CONF,
stt11,page_0104,4,4,về,爾,𧗱,U+275F1,0.4589,True,RESCUE_LOW_CONF,
stt11,page_0104,5,7,le,畱,离,U+79BB,0.8605,True,RESCUE_GOLD_HIGH,
stt11,page_0104,7,7,điều,姻,調,U+8ABF,0.8229,True,RESCUE_GOLD_MED,
stt11,page_0104,7,10,điều,訥,調,U+8ABF,0.1241,True,RESCUE_LOW_CONF,
stt11,page_0104,8,0,nghề,𠯵,古,U+53E4,0.1741,False,NOT_IN_DICT,
stt11,page_0104,8,1,xấu,刄,丑,U+4E11,0.9482,True,RESCUE_GOLD_HIGH,
stt11,page_0104,8,3,đi,授,赦,U+8D66,0.1624,False,NOT_IN_DICT,
stt11,page_0104,9,9,sức,妨,饬,U+996C,0.507,True,RESCUE_LOW_CONF,
stt11,page_0104,9,18,hay,風,賊,U+8CCA,0.0505,False,NOT_IN_DICT,
stt11,page_0104,9,20,nào,帀,市,U+5E02,0.6144,True,RESCUE_LOW_CONF,
stt11,page_0106,1,12,mẹ,族,楼,U+697C,0.061,False,NOT_IN_DICT,
stt11,page_0106,2,2,dạy,附,代,U+4EE3,0.7551,True,RESCUE_GOLD_MED,
stt11,page_0106,2,3,dỗ,唯,杜,U+675C,0.0652,True,RESCUE_LOW_CONF,
stt11,page_0106,2,7,về,赤,娄,U+5A04,0.4864,False,NOT_IN_DICT,
stt11,page_0106,2,8,cùng,豈,古,U+53E4,0.1602,False,NOT_IN_DICT,
stt11,page_0106,2,20,giảng,謨,講,U+8B1B,0.4473,True,RESCUE_LOW_CONF,
stt11,page_0106,2,21,đầu,覺,穷,U+7A77,0.1052,False,NOT_IN_DICT,
stt11,page_0106,3,1,chịu,以,召,U+53EC,0.9317,True,RESCUE_GOLD_HIGH,
stt11,page_0106,3,12,về,歩,末,U+672B,0.2376,False,NOT_IN_DICT,
stt11,page_0106,3,20,i,亥,於,U+65BC,0.0937,False,NOT_IN_DICT,
stt11,page_0106,4,0,la,㒷,罗,U+7F57,0.2138,True,RESCUE_LOW_CONF,
stt11,page_0106,4,14,núi,華,禁,U+7981,0.1514,False,NOT_IN_DICT,
stt11,page_0106,4,17,biển,凌,沙,U+6C99,0.0914,False,NOT_IN_DICT,
stt11,page_0106,5,6,một,災,更,U+66F4,0.4527,True,RESCUE_LOW_CONF,
stt11,page_0106,5,9,xác,亮,壳,U+58F3,0.7651,True,RESCUE_GOLD_MED,
stt11,page_0106,6,1,sống,融,瑟,U+745F,0.4159,False,NOT_IN_DICT,
stt11,page_0106,6,10,sống,甦,群,U+7FA4,0.1641,False,NOT_IN_DICT,
stt11,page_0106,6,12,rằng,悢,浪,U+6D6A,0.8838,True,RESCUE_GOLD_HIGH,
stt11,page_0106,7,14,cho,然,朱,U+6731,0.4169,True,RESCUE_LOW_CONF,
stt11,page_0106,8,1,cầm,扵,扲,U+6272,0.9165,True,RESCUE_GOLD_HIGH,
stt11,page_0106,8,6,sống,𤍠,各,U+5404,0.0646,False,NOT_IN_DICT,
stt11,page_0106,8,7,thiên,吞,天,U+5929,0.2066,True,RESCUE_LOW_CONF,
stt11,page_0106,8,10,phép,小,抄,U+6284,0.0815,False,NOT_IN_DICT,
stt11,page_0106,8,12,làm,法,法,U+6CD5,0.6917,False,NOT_IN_DICT,
stt11,page_0106,8,16,lắm,鿄,凜,U+51DC,0.3865,True,RESCUE_LOW_CONF,
stt11,page_0106,9,1,rôn,尊,𠊚,U+2029A,0.183,False,NOT_IN_DICT,
stt11,page_0106,9,2,dù,燬,凜,U+51DC,0.0572,False,NOT_IN_DICT,
stt11,page_0106,9,9,nặng,晨,事,U+4E8B,0.5088,False,NOT_IN_DICT,
stt11,page_0108,1,7,khoét,决,求,U+6C42,0.1193,False,NOT_IN_DICT,
stt11,page_0108,1,10,một,承,更,U+66F4,0.492,True,RESCUE_LOW_CONF,
stt11,page_0108,1,12,chật,被,秩,U+79E9,0.2504,True,RESCUE_LOW_CONF,
stt11,page_0108,1,14,một,承,更,U+66F4,0.4932,True,RESCUE_LOW_CONF,
stt11,page_0108,1,20,ginuyet,穴,次,U+6B21,0.0642,False,NOT_IN_DICT,
stt11,page_0108,2,0,chôn,樽,傳,U+50B3,0.1128,False,NOT_IN_DICT,
stt11,page_0108,2,3,vậy,还,丕,U+4E15,0.788,True,RESCUE_GOLD_MED,
stt11,page_0108,2,10,mươi,過,邁,U+9081,0.8816,True,RESCUE_GOLD_HIGH,
stt11,page_0108,2,18,com,餌,厨,U+53A8,0.3343,False,NOT_IN_DICT,
stt11,page_0108,2,21,nhieu,燒,燒,U+71D2,0.328,False,NOT_IN_DICT,
stt11,page_0108,3,1,áo,衣,袄,U+8884,0.8272,True,RESCUE_GOLD_MED,
stt11,page_0108,3,2,nhặm,琰,秩,U+79E9,0.3211,False,NOT_IN_DICT,
stt11,page_0108,3,3,mìnhép,命,命,U+547D,0.9555,False,NOT_IN_DICT,
stt11,page_0108,3,4,thịt,押,押,U+62BC,0.7343,False,NOT_IN_DICT,
stt11,page_0108,3,5,một,烟,調,U+8ABF,0.2924,False,NOT_IN_DICT,
stt11,page_0108,3,6,ngày,弟,更,U+66F4,0.2796,False,NOT_IN_DICT,
stt11,page_0108,3,7,một,将,時,U+6642,0.8016,False,NOT_IN_DICT,
stt11,page_0108,3,19,ăn,嗚,功,U+529F,0.0704,False,NOT_IN_DICT,
stt11,page_0108,4,0,com,餌,厨,U+53A8,0.1994,False,NOT_IN_DICT,
stt11,page_0108,4,1,đoạn,鄰,断,U+65AD,0.9081,True,RESCUE_GOLD_HIGH,
stt11,page_0108,4,11,rửa,𣳚,渃,U+6E03,0.2834,False,NOT_IN_DICT,
stt11,page_0108,4,17,cười,嗅,唭,U+552D,0.2042,True,RESCUE_LOW_CONF,
stt11,page_0108,5,18,kia,眞,其,U+5176,0.9492,True,RESCUE_GOLD_HIGH,
stt11,page_0108,5,20,áo,祇,袄,U+8884,0.8556,True,RESCUE_GOLD_HIGH,
stt11,page_0108,6,8,một,孫,更,U+66F4,0.5611,True,RESCUE_LOW_CONF,
stt11,page_0108,7,11,răng,屐,浪,U+6D6A,0.8269,True,RESCUE_GOLD_MED,
stt11,page_0108,7,12,thầy,𣐱,柴,U+67F4,0.6698,True,RESCUE_LOW_CONF,
stt11,page_0108,7,13,dạy,呼,代,U+4EE3,0.9363,True,RESCUE_GOLD_HIGH,
stt11,page_0108,7,15,áo,杖,袄,U+8884,0.8761,True,RESCUE_GOLD_HIGH,
stt11,page_0108,8,6,cỏi,擒,檜,U+6A9C,0.5902,False,NOT_IN_DICT,
stt11,page_0108,8,8,làm,丘,奴,U+5974,0.0828,False,NOT_IN_DICT,
stt11,page_0108,9,0,làm,始,召,U+53EC,0.4189,False,NOT_IN_DICT,
stt11,page_0110,1,5,cho,妓,朱,U+6731,0.8085,True,RESCUE_GOLD_MED,
stt11,page_0110,1,17,lòng,异,弄,U+5F04,0.2415,True,RESCUE_LOW_CONF,
stt11,page_0110,1,19,một,魯,蔑,U+8511,0.4201,True,RESCUE_LOW_CONF,
stt11,page_0110,3,4,ngựa,駐,馭,U+99AD,0.1005,True,RESCUE_LOW_CONF,
stt11,page_0110,3,17,đẩy,振,格,U+683C,0.2058,False,NOT_IN_DICT,
stt11,page_0110,3,19,lồ,普,邁,U+9081,0.1207,False,NOT_IN_DICT,
stt11,page_0110,4,0,sâu,婆,淶,U+6DF6,0.312,False,NOT_IN_DICT,
stt11,page_0110,4,7,bao,𮎛,包,U+5305,0.8578,True,RESCUE_GOLD_HIGH,
stt11,page_0110,4,10,nên,夲,我,U+6211,0.3074,False,NOT_IN_DICT,
stt11,page_0110,4,13,đá,發,底,U+5E95,0.3376,False,NOT_IN_DICT,
stt11,page_0110,4,21,đầy,乂,召,U+53EC,0.192,False,NOT_IN_DICT,
stt11,page_0110,5,16,sao,半,牢,U+7262,0.152,True,RESCUE_LOW_CONF,
stt11,page_0110,6,10,điều,誣,别,U+522B,0.0443,False,NOT_IN_DICT,
stt11,page_0110,6,12,đoan,封,連,U+9023,0.8127,False,NOT_IN_DICT,
stt11,page_0110,6,18,lạy,抛,𥙷,U+25677,0.4386,False,NOT_IN_DICT,
stt11,page_0110,6,19,người,早,𠊚,U+2029A,0.9937,True,RESCUE_GOLD_HIGH,
stt11,page_0110,7,0,tha,敵,赦,U+8D66,0.15,True,RESCUE_LOW_CONF,
stt11,page_0110,7,12,mài,埃,埃,U+57C3,0.8819,False,NOT_IN_DICT,
stt11,page_0110,7,17,ti,可,司,U+53F8,0.3944,True,RESCUE_LOW_CONF,
stt11,page_0110,8,13,x1,槎,拮,U+62EE,0.2447,False,NOT_IN_DICT,
stt11,page_0110,8,14,0,烏,烏,U+70CF,0.9754,False,NOT_IN_DICT,
stt11,page_0110,8,16,net,湟,湼,U+6E7C,0.7746,False,NOT_IN_DICT,
stt11,page_0110,8,17,kieu,驕,噲,U+5672,0.3102,False,NOT_IN_DICT,
stt11,page_0110,9,1,chó,往,生,U+751F,0.1923,False,NOT_IN_DICT,
stt11,page_0110,9,8,cả,蜀,竒,U+7AD2,0.4106,True,RESCUE_LOW_CONF,
stt11,page_0110,9,11,nhạo,楽,𠊚,U+2029A,0.7098,False,NOT_IN_DICT,
stt11,page_0112,1,5,nhao,槳,凜,U+51DC,0.1227,False,NOT_IN_DICT,
stt11,page_0112,1,16,thẳng,内,過,U+904E,0.0747,False,NOT_IN_DICT,
stt11,page_0112,1,17,giu,根,極,U+6975,0.2999,False,NOT_IN_DICT,
stt11,page_0112,2,3,mình,舩,命,U+547D,0.8122,True,RESCUE_GOLD_MED,
stt11,page_0112,3,6,ấy,仅,衣,U+8863,0.6003,True,RESCUE_LOW_CONF,
stt11,page_0112,5,1,năng,駐,䏻,U+43FB,0.5019,True,RESCUE_LOW_CONF,
stt11,page_0112,5,20,yêu,勝,腰,U+8170,0.0908,True,RESCUE_LOW_CONF,
stt11,page_0112,6,1,xấu,鬯,湼,U+6E7C,0.7265,False,NOT_IN_DICT,
stt11,page_0112,6,2,nết,烏,烏,U+70CF,0.1117,False,NOT_IN_DICT,
stt11,page_0112,6,3,làm,逺,乄,U+4E44,0.094,True,RESCUE_LOW_CONF,
stt11,page_0112,6,4,chi,久,之,U+4E4B,0.6487,True,RESCUE_LOW_CONF,
stt11,page_0112,6,15,băng,辛,眉,U+7709,0.9711,False,NOT_IN_DICT,
stt11,page_0112,6,17,ăn,妄,唯,U+552F,0.1738,False,NOT_IN_DICT,
stt11,page_0112,6,21,chúa,复,主,U+4E3B,0.4059,True,RESCUE_LOW_CONF,
stt11,page_0112,8,0,sức,餂,飭,U+98ED,0.5859,True,RESCUE_LOW_CONF,
stt11,page_0112,8,2,thiên,傷,天,U+5929,0.0307,True,RESCUE_LOW_CONF,
stt11,page_0112,8,3,hạ,夲,下,U+4E0B,0.1637,True,RESCUE_LOW_CONF,
stt11,page_0112,8,4,chịu,廷,爲,U+7232,0.0564,False,NOT_IN_DICT,
stt11,page_0112,8,5,đạo,呂,道,U+9053,0.0169,True,RESCUE_LOW_CONF,
stt11,page_0112,8,9,lần,杏,更,U+66F4,0.8359,False,NOT_IN_DICT,
stt11,page_0112,8,14,một,兾,体,U+4F53,0.9909,False,NOT_IN_DICT,
stt11,page_0112,8,15,đồng,囿,更,U+66F4,0.6484,False,NOT_IN_DICT,
stt11,page_0112,8,21,ruộng,畹,唯,U+552F,0.0539,False,NOT_IN_DICT,
stt11,page_0112,9,2,giảng,讁,講,U+8B1B,0.378,True,RESCUE_LOW_CONF,
stt11,page_0112,9,11,mới,罢,黙,U+9ED9,0.3562,False,NOT_IN_DICT,
stt11,page_0112,9,14,xác,亮,壳,U+58F3,0.6393,True,RESCUE_LOW_CONF,
stt11,page_0112,9,16,đi,趨,昆,U+6606,0.4091,False,NOT_IN_DICT,
stt11,page_0112,9,19,rằng,𰑊,浪,U+6D6A,0.9372,True,RESCUE_GOLD_HIGH,
stt11,page_0114,1,0,lạy,福,福,U+798F,0.0399,False,NOT_IN_DICT,
stt11,page_0114,1,1,thầy,亲,柴,U+67F4,0.9566,True,RESCUE_GOLD_HIGH,
stt11,page_0114,1,2,xin,奠,真,U+771F,0.6977,True,RESCUE_LOW_CONF,
stt11,page_0114,1,6,sống,報,瑟,U+745F,0.0817,False,NOT_IN_DICT,
stt11,page_0114,1,7,người,遇,賊,U+8CCA,0.0796,False,NOT_IN_DICT,
stt11,page_0114,1,9,một,兾,更,U+66F4,0.5548,True,RESCUE_LOW_CONF,
stt11,page_0114,1,14,sống,融,封,U+5C01,0.1717,False,NOT_IN_DICT,
stt11,page_0114,1,17,và,景,𠊚,U+2029A,0.0806,False,NOT_IN_DICT,
stt11,page_0114,3,18,táp,露,罪,U+7F6A,0.19,False,NOT_IN_DICT,
stt11,page_0114,3,19,sấm,觱,憾,U+61BE,0.1499,False,NOT_IN_DICT,
stt11,page_0114,4,0,sét,霜,别,U+522B,0.1194,False,NOT_IN_DICT,
stt11,page_0114,5,10,đa,𭮺,懶,U+61F6,0.5614,False,NOT_IN_DICT,
stt11,page_0114,6,4,đi,嘏,移,U+79FB,0.1318,True,RESCUE_LOW_CONF,
stt11,page_0114,6,12,tấy,衣,衣,U+8863,0.8077,False,NOT_IN_DICT,
stt11,page_0114,6,21,chúng,夕,及,U+53CA,0.1389,False,NOT_IN_DICT,
stt11,page_0114,7,9,phô,唵,陣,U+9663,0.1111,False,NOT_IN_DICT,
stt11,page_0114,7,11,buộc,糾,約,U+7D04,0.1527,False,NOT_IN_DICT,
stt11,page_0114,7,15,cội,擒,檜,U+6A9C,0.6143,True,RESCUE_LOW_CONF,
stt11,page_0114,8,1,nghĩ,号,𠊚,U+2029A,0.229,False,NOT_IN_DICT,
stt11,page_0114,8,3,cây,枝,核,U+6838,0.4393,True,RESCUE_LOW_CONF,
stt11,page_0114,8,5,xuống,寃,富,U+5BCC,0.1074,False,NOT_IN_DICT,
stt11,page_0114,8,7,người,杲,𠊚,U+2029A,0.7131,True,RESCUE_GOLD_MED,
stt11,page_0114,8,11,hay,必,庒,U+5E92,0.9427,False,NOT_IN_DICT,
stt11,page_0114,8,19,rút,粹,椊,U+690A,0.3667,True,RESCUE_LOW_CONF,
stt11,page_0114,8,21,ben,边,边,U+8FB9,0.9263,False,NOT_IN_DICT,
stt11,page_0114,9,10,thầy,華,塊,U+584A,0.8176,False,NOT_IN_DICT,
stt11,page_0114,9,13,cả,器,奇,U+5947,0.4803,True,RESCUE_LOW_CONF,
stt11,page_0114,9,15,tin,仿,信,U+4FE1,0.8917,True,RESCUE_GOLD_HIGH,
stt11,page_0116,1,0,lắm,禁,凜,U+51DC,0.3038,True,RESCUE_LOW_CONF,
stt11,page_0116,1,13,một,单,更,U+66F4,0.3172,True,RESCUE_LOW_CONF,
stt11,page_0116,2,8,chút,刦,拙,U+62D9,0.0856,True,RESCUE_LOW_CONF,
stt11,page_0116,2,19,đi,放,移,U+79FB,0.0171,True,RESCUE_LOW_CONF,
stt11,page_0116,3,3,chớ,滬,渚,U+6E1A,0.0833,True,RESCUE_LOW_CONF,
stt11,page_0116,3,9,tắt,燔,哿,U+54FF,0.6241,False,NOT_IN_DICT,
stt11,page_0116,3,15,một,单,更,U+66F4,0.2099,True,RESCUE_LOW_CONF,
stt11,page_0116,3,18,toan,𨒫,筭,U+7B6D,0.0847,True,RESCUE_LOW_CONF,
stt11,page_0116,4,2,giơ,挐,事,U+4E8B,0.1411,False,NOT_IN_DICT,
stt11,page_0116,4,10,sợ,懷,𢜝,U+2271D,0.5624,True,RESCUE_LOW_CONF,
stt11,page_0116,4,12,hay,罗,咍,U+548D,0.0291,True,RESCUE_LOW_CONF,
stt11,page_0116,4,17,run,懷,憾,U+61BE,0.1898,False,NOT_IN_DICT,
stt11,page_0116,4,18,tay,咫,塊,U+584A,0.103,False,NOT_IN_DICT,
stt11,page_0116,4,21,xuống,寛,官,U+5B98,0.113,False,NOT_IN_DICT,
stt11,page_0116,5,1,lạy,袍,襖,U+8956,0.2577,False,NOT_IN_DICT,
stt11,page_0116,7,10,thầy,皆,柴,U+67F4,0.7859,True,RESCUE_GOLD_MED,
stt11,page_0116,7,13,nhà,𭣵,茹,U+8339,0.8791,True,RESCUE_GOLD_HIGH,
stt11,page_0116,7,20,cả,贈,哿,U+54FF,0.4841,True,RESCUE_LOW_CONF,
stt11,page_0116,7,21,và,嘴,孾,U+5B7E,0.0638,False,NOT_IN_DICT,
stt11,page_0116,8,20,làm,采,退,U+9000,0.5032,False,NOT_IN_DICT,
stt11,page_0116,9,18,phá,歿,破,U+7834,0.9039,True,RESCUE_GOLD_HIGH,
stt11,page_0118,1,0,rôn,尊,蓮,U+84EE,0.179,False,NOT_IN_DICT,
stt11,page_0118,1,2,giết,几,几,U+51E0,0.9495,False,NOT_IN_DICT,
stt11,page_0118,1,3,kẻ,折,物,U+7269,0.5409,False,NOT_IN_DICT,
stt11,page_0118,1,4,cả,部,哿,U+54FF,0.7866,True,RESCUE_GOLD_MED,
stt11,page_0118,1,11,dọn,連,迍,U+8FCD,0.4897,True,RESCUE_LOW_CONF,
stt11,page_0118,2,4,quỳ,䋲,跪,U+8DEA,0.7579,True,RESCUE_GOLD_MED,
stt11,page_0118,3,11,giờ,泽,除,U+9664,0.9711,True,RESCUE_GOLD_HIGH,
stt11,page_0118,4,9,lạy,祧,礼,U+793C,0.0564,True,RESCUE_LOW_CONF,
stt11,page_0118,5,5,dám,敬,敢,U+6562,0.8293,True,RESCUE_GOLD_MED,
stt11,page_0118,6,15,chép,創,創,U+5275,0.1364,False,NOT_IN_DICT,
stt11,page_0118,6,18,quyển,冊,麻,U+9EBB,0.1496,False,NOT_IN_DICT,
stt11,page_0118,6,19,sách,卷,徳,U+5FB3,0.1066,False,NOT_IN_DICT,
stt11,page_0118,7,19,la,要,中,U+4E2D,0.1243,False,NOT_IN_DICT,
stt11,page_0118,8,10,vợ,偹,嬏,U+5B0F,0.8074,True,RESCUE_GOLD_MED,
stt11,page_0118,9,8,chay,茶,𡗶,U+215F6,0.3938,False,NOT_IN_DICT,
stt11,page_0118,9,12,nhăm,琰,糁,U+7CC1,0.1255,False,NOT_IN_DICT,
stt11,page_0118,9,14,cho,策,朱,U+6731,0.0731,True,RESCUE_LOW_CONF,
stt11,page_0118,9,16,thit,姻,獄,U+7344,0.0667,False,NOT_IN_DICT,
stt11,page_0120,1,4,nhà,戾,没,U+6CA1,0.2258,False,NOT_IN_DICT,
stt11,page_0120,1,9,vào,乞,包,U+5305,0.746,True,RESCUE_GOLD_MED,
stt11,page_0120,1,20,vua,焉,法,U+6CD5,0.0763,False,NOT_IN_DICT,
stt11,page_0120,2,8,trối,沽,皮,U+76AE,0.3138,False,NOT_IN_DICT,
stt11,page_0120,3,19,già,叙,麻,U+9EBB,0.0978,False,NOT_IN_DICT,
stt11,page_0120,3,20,chín,銑,仍,U+4ECD,0.0637,False,NOT_IN_DICT,
stt11,page_0120,5,3,là,思,孛,U+5B5B,0.1715,False,NOT_IN_DICT,
stt11,page_0120,5,7,gần,財,𧵆,U+27D46,0.068,True,RESCUE_LOW_CONF,
stt11,page_0120,5,13,lóc,如,如,U+5982,0.2346,False,NOT_IN_DICT,
stt11,page_0120,5,21,để,𫝕,底,U+5E95,0.9459,True,RESCUE_GOLD_HIGH,
stt11,page_0120,6,0,sống,𦀇,封,U+5C01,0.1087,False,NOT_IN_DICT,
stt11,page_0120,6,4,chiên,弦,移,U+79FB,0.2249,False,NOT_IN_DICT,
stt11,page_0120,6,6,sói,獗,智,U+667A,0.0775,False,NOT_IN_DICT,
stt11,page_0120,6,7,rừng,擾,棱,U+68F1,0.5157,True,RESCUE_LOW_CONF,
stt11,page_0120,6,8,cắn,恨,浪,U+6D6A,0.2655,False,NOT_IN_DICT,
stt11,page_0120,6,12,đầy,首,徳,U+5FB3,0.2465,False,NOT_IN_DICT,
stt11,page_0120,7,14,giúp,朝,執,U+57F7,0.8725,True,RESCUE_GOLD_HIGH,
stt11,page_0120,8,4,nặng,晨,曩,U+66E9,0.0521,True,RESCUE_LOW_CONF,
stt11,page_0120,8,10,lấy,𥘍,礼,U+793C,0.9472,True,RESCUE_GOLD_HIGH,
stt11,page_0120,8,11,tro,粘,𢬦,U+22B26,0.2046,False,NOT_IN_DICT,
stt11,page_0120,8,12,rải,滚,徳,U+5FB3,0.2425,False,NOT_IN_DICT,
stt11,page_0120,8,21,ien,倒,連,U+9023,0.7635,False,NOT_IN_DICT,
stt11,page_0120,9,10,quở,課,味,U+5473,0.1206,False,NOT_IN_DICT,
stt11,page_0120,9,13,muông,微,獄,U+7344,0.4168,False,NOT_IN_DICT,
stt11,page_0122,1,8,ấy,㕣,衣,U+8863,0.451,True,RESCUE_LOW_CONF,
stt11,page_0122,1,17,tốt,奉,卒,U+5352,0.3499,True,RESCUE_LOW_CONF,
stt11,page_0122,1,21,sống,蕤,封,U+5C01,0.5267,False,NOT_IN_DICT,
stt11,page_0122,2,0,da,股,𦝄,U+26744,0.3707,True,RESCUE_LOW_CONF,
stt11,page_0122,2,17,hát,唱,喝,U+559D,0.2875,True,RESCUE_LOW_CONF,
stt11,page_0122,3,7,ây,仅,壳,U+58F3,0.1024,False,NOT_IN_DICT,
stt11,page_0122,3,18,quen,濁,道,U+9053,0.3015,False,NOT_IN_DICT,
stt11,page_0122,3,19,đem,𭂫,曳,U+66F3,0.0581,False,NOT_IN_DICT,
stt11,page_0122,3,20,áo,祇,袄,U+8884,0.8353,True,RESCUE_GOLD_MED,
stt11,page_0122,4,7,thuấn,皆,髙,U+9AD9,0.3861,False,NOT_IN_DICT,
stt11,page_0122,5,5,ra,呼,囉,U+56C9,0.0204,True,RESCUE_LOW_CONF,
stt11,page_0122,5,13,bốm,果,朱,U+6731,0.2061,False,NOT_IN_DICT,
stt11,page_0122,5,16,402,郁,矯,U+77EF,0.0868,False,NOT_IN_DICT,
stt11,page_0122,6,0,ngay,聘,𣈜,U+2321C,0.0091,True,RESCUE_LOW_CONF,
stt11,page_0122,6,12,dạo,逍,道,U+9053,0.9673,True,RESCUE_GOLD_HIGH,
stt11,page_0122,7,15,li,留,离,U+79BB,0.4724,True,RESCUE_LOW_CONF,
stt11,page_0122,7,18,bởi,黑,罢,U+7F62,0.9699,True,RESCUE_GOLD_HIGH,
stt11,page_0122,7,19,tốt,奉,卒,U+5352,0.3859,True,RESCUE_LOW_CONF,
stt11,page_0122,7,20,nết,湟,𣵀,U+23D40,0.1428,True,RESCUE_LOW_CONF,
stt11,page_0122,8,11,còn,岸,群,U+7FA4,0.9262,True,RESCUE_GOLD_HIGH,
stt11,page_0122,8,16,rê,梭,移,U+79FB,0.1619,False,NOT_IN_DICT,
stt11,page_0122,9,7,si,搓,模,U+6A21,0.19,False,NOT_IN_DICT,
stt11,page_0122,9,10,rối,紹,磊,U+78CA,0.583,True,RESCUE_LOW_CONF,
stt11,page_0122,9,17,công,崑,离,U+79BB,0.0713,False,NOT_IN_DICT,
stt11,page_0122,9,18,tan,教,敬,U+656C,0.2378,False,NOT_IN_DICT,
stt11,page_0122,9,20,thứ,吹,次,U+6B21,0.1054,True,RESCUE_LOW_CONF,
stt11,page_0122,9,21,hai,官,咍,U+548D,0.0313,True,RESCUE_LOW_CONF,
stt11,page_0124,1,7,pha,爹,主,U+4E3B,0.0991,False,NOT_IN_DICT,
stt11,page_0124,1,17,vồ,魚,曰,U+66F0,0.9378,False,NOT_IN_DICT,
stt11,page_0124,1,19,rối,蠡,磊,U+78CA,0.2057,True,RESCUE_LOW_CONF,
stt11,page_0124,1,22,vua,言,壳,U+58F3,0.6134,False,NOT_IN_DICT,
stt11,page_0124,2,20,khác,憕,恪,U+606A,0.9647,True,RESCUE_GOLD_HIGH,
stt11,page_0124,3,10,năm,陬,曰,U+66F0,0.4883,False,NOT_IN_DICT,
stt11,page_0124,3,13,họp,分,吏,U+540F,0.9621,False,NOT_IN_DICT,
stt11,page_0124,5,3,giết,批,折,U+6298,0.8986,True,RESCUE_GOLD_HIGH,
stt11,page_0124,5,6,đợi,例,代,U+4EE3,0.417,True,RESCUE_LOW_CONF,
stt11,page_0124,5,14,hay,百,庒,U+5E92,0.092,False,NOT_IN_DICT,
stt11,page_0124,6,0,vua,嘉,君,U+541B,0.2165,True,RESCUE_LOW_CONF,
stt11,page_0124,6,15,về,券,娄,U+5A04,0.1263,False,NOT_IN_DICT,
stt11,page_0124,7,10,theo,曉,燒,U+71D2,0.5969,True,RESCUE_LOW_CONF,
stt11,page_0124,7,15,ngay,宣,求,U+6C42,0.3967,False,NOT_IN_DICT,
stt11,page_0124,7,19,dạy,火,代,U+4EE3,0.8307,True,RESCUE_GOLD_MED,
stt11,page_0124,8,4,pha,上,於,U+65BC,0.1018,False,NOT_IN_DICT,
stt11,page_0124,8,9,núi,尚,离,U+79BB,0.7741,False,NOT_IN_DICT,
stt11,page_0124,8,15,khi,坂,次,U+6B21,0.6635,False,NOT_IN_DICT,
stt11,page_0124,8,16,ở,主,古,U+53E4,0.1383,False,NOT_IN_DICT,
stt11,page_0124,8,20,thương,偕,傷,U+50B7,0.076,True,RESCUE_LOW_CONF,
stt11,page_0124,9,14,ghê,対,杜,U+675C,0.1146,False,NOT_IN_DICT,
stt11,page_0124,9,21,tê,隨,躋,U+8E8B,0.4704,True,RESCUE_LOW_CONF,
stt11,page_0126,1,2,chữa,朝,𦔳,U+26533,0.7317,True,RESCUE_GOLD_MED,
stt11,page_0126,1,5,kẻo,轎,矯,U+77EF,0.9696,True,RESCUE_GOLD_HIGH,
stt11,page_0126,1,8,dối,財,対,U+5BFE,0.0484,True,RESCUE_LOW_CONF,
stt11,page_0126,1,12,về,赤,娄,U+5A04,0.3468,False,NOT_IN_DICT,
stt11,page_0126,2,11,nghiệp,𬜻,業,U+696D,0.0351,True,RESCUE_LOW_CONF,
stt11,page_0126,2,17,tốt,辛,卒,U+5352,0.9031,True,RESCUE_GOLD_HIGH,
stt11,page_0126,4,5,ra,哩,代,U+4EE3,0.9974,False,NOT_IN_DICT,
stt11,page_0126,5,6,mô,糗,模,U+6A21,0.7557,True,RESCUE_GOLD_MED,
stt11,page_0126,5,7,vô,研,年,U+5E74,0.1022,False,NOT_IN_DICT,
stt11,page_0126,6,13,chọn,棧,移,U+79FB,0.1105,False,NOT_IN_DICT,
stt11,page_0126,7,0,lọn,帰,廩,U+5EE9,0.1214,False,NOT_IN_DICT,
stt11,page_0126,7,4,thợ,男,署,U+7F72,0.0015,True,RESCUE_LOW_CONF,
stt11,page_0126,7,18,gương,朔,群,U+7FA4,0.0727,False,NOT_IN_DICT,
stt11,page_0126,8,14,thợ,男,署,U+7F72,0.3904,True,RESCUE_LOW_CONF,
stt11,page_0126,8,16,le,當,离,U+79BB,0.9487,True,RESCUE_GOLD_HIGH,
stt11,page_0126,8,22,ngăm,朞,吟,U+541F,0.0458,True,RESCUE_LOW_CONF,
stt11,page_0126,9,0,sự,於,赦,U+8D66,0.3489,False,NOT_IN_DICT,
stt11,page_0126,9,3,khi,坡,欺,U+6B3A,0.9877,True,RESCUE_GOLD_HIGH,
stt11,page_0126,9,9,áo,仸,袄,U+8884,0.9512,True,RESCUE_GOLD_HIGH,
stt11,page_0126,9,10,chưa,法,渚,U+6E1A,0.703,True,RESCUE_GOLD_MED,
stt11,page_0128,1,0,trời,忘,𡗶,U+215F6,0.2094,True,RESCUE_LOW_CONF,
stt11,page_0128,1,2,xuống,寃,盆,U+76C6,0.3754,False,NOT_IN_DICT,
stt11,page_0128,2,20,mà,庫,茹,U+8339,0.1307,False,NOT_IN_DICT,
stt11,page_0128,3,6,mắng,蓐,奏,U+594F,0.1085,False,NOT_IN_DICT,
stt11,page_0128,3,13,vợ,偹,仍,U+4ECD,0.3763,False,NOT_IN_DICT,
stt11,page_0128,3,15,dạy,以,吏,U+540F,0.9426,False,NOT_IN_DICT,
stt11,page_0128,4,5,rộng,媵,曠,U+66E0,0.0879,True,RESCUE_LOW_CONF,
stt11,page_0128,4,8,một,苐,更,U+66F4,0.4913,True,RESCUE_LOW_CONF,
stt11,page_0128,4,19,xin,𫤰,嗔,U+55D4,0.6686,True,RESCUE_LOW_CONF,
stt11,page_0128,5,22,lại,連,吏,U+540F,0.8998,True,RESCUE_GOLD_HIGH,
stt11,page_0128,6,0,tốt,辛,卒,U+5352,0.8844,True,RESCUE_GOLD_HIGH,
stt11,page_0128,6,1,hơn,坡,欣,U+6B23,0.921,True,RESCUE_GOLD_HIGH,
stt11,page_0128,6,3,mình,师,命,U+547D,0.9505,True,RESCUE_GOLD_HIGH,
stt11,page_0128,6,10,chồng,奎,重,U+91CD,0.9305,True,RESCUE_GOLD_HIGH,
stt11,page_0128,6,16,rượu,騮,贖,U+8D16,0.086,False,NOT_IN_DICT,
stt11,page_0128,6,20,ruộng,畹,吒,U+5412,0.1229,False,NOT_IN_DICT,
stt11,page_0128,6,21,uống,吒,麻,U+9EBB,0.9068,False,NOT_IN_DICT,
stt11,page_0128,6,22,manguoi,府,𠊚,U+2029A,0.9426,False,NOT_IN_DICT,
stt11,page_0128,7,14,ruộng,略,賊,U+8CCA,0.1089,False,NOT_IN_DICT,
stt11,page_0128,7,18,đổ,坊,堵,U+5835,0.3782,True,RESCUE_LOW_CONF,
stt11,page_0128,7,22,lọ,浴,路,U+8DEF,0.4953,True,RESCUE_LOW_CONF,
stt11,page_0128,8,5,rượu,醞,調,U+8ABF,0.4112,False,NOT_IN_DICT,
stt11,page_0128,8,17,có,国,固,U+56FA,0.9345,True,RESCUE_GOLD_HIGH,
stt11,page_0128,9,12,một,身,更,U+66F4,0.3133,True,RESCUE_LOW_CONF,
stt11,page_0128,9,21,giơ,拏,事,U+4E8B,0.1055,False,NOT_IN_DICT,
stt11,page_0130,1,5,lên,迴,時,U+6642,0.9811,False,NOT_IN_DICT,
stt11,page_0130,1,11,gio,拏,事,U+4E8B,0.1021,False,NOT_IN_DICT,
stt11,page_0130,1,13,tay,閣,腮,U+816E,0.178,True,RESCUE_LOW_CONF,
stt11,page_0130,1,20,pha,苑,葩,U+8469,0.6404,True,RESCUE_LOW_CONF,
stt11,page_0130,1,21,in,𭥦,願,U+9858,0.3383,False,NOT_IN_DICT,
stt11,page_0130,2,2,si,槐,核,U+6838,0.3068,False,NOT_IN_DICT,
stt11,page_0130,2,11,khi,竣,欺,U+6B3A,0.2481,True,RESCUE_LOW_CONF,
stt11,page_0130,2,13,sống,熱,瑟,U+745F,0.3769,False,NOT_IN_DICT,
stt11,page_0130,2,17,chết,批,折,U+6298,0.2279,True,RESCUE_LOW_CONF,
stt11,page_0130,3,5,ghê,討,計,U+8A08,0.1118,False,NOT_IN_DICT,
stt11,page_0130,3,6,ri,極,計,U+8A08,0.1784,False,NOT_IN_DICT,
stt11,page_0130,3,8,da,那,謨,U+8B28,0.3845,False,NOT_IN_DICT,
stt11,page_0130,3,10,nước,𣸪,於,U+65BC,0.6552,True,RESCUE_LOW_CONF,
stt11,page_0130,3,13,li,方,皮,U+76AE,0.3957,False,NOT_IN_DICT,
stt11,page_0130,4,4,su,扶,秋,U+79CB,0.9022,True,RESCUE_GOLD_HIGH,
stt11,page_0130,4,13,một,𫈼,歳,U+6B73,0.0882,False,NOT_IN_DICT,
stt11,page_0130,4,14,ngàn,顔,更,U+66F4,0.6584,False,NOT_IN_DICT,
stt11,page_0130,4,17,chín,鋭,及,U+53CA,0.1051,False,NOT_IN_DICT,
stt11,page_0130,4,18,mươi,反,罢,U+7F62,0.0958,False,NOT_IN_DICT,
stt11,page_0130,4,20,1197,彝,極,U+6975,0.1778,False,NOT_IN_DICT,
stt11,page_0130,5,1,mười,反,召,U+53EC,0.2051,False,NOT_IN_DICT,
stt11,page_0130,5,2,bốn,詈,𠊚,U+2029A,0.2167,False,NOT_IN_DICT,
stt11,page_0130,5,5,lô,䏻,福,U+798F,0.512,False,NOT_IN_DICT,
stt11,page_0130,6,8,một,喚,垩,U+57A9,0.9517,False,NOT_IN_DICT,
stt11,page_0130,6,12,199,禄,浪,U+6D6A,0.2346,False,NOT_IN_DICT,
stt11,page_0130,6,18,ay,入,衣,U+8863,0.3327,False,NOT_IN_DICT,
stt11,page_0130,6,19,ma,腐,麻,U+9EBB,0.8247,True,RESCUE_GOLD_MED,
stt11,page_0130,6,21,giác,賊,賊,U+8CCA,0.2089,False,NOT_IN_DICT,
stt11,page_0130,7,1,nước,咲,渃,U+6E03,0.7846,True,RESCUE_GOLD_MED,
stt11,page_0130,7,13,mình,邵,贖,U+8D16,0.4463,False,NOT_IN_DICT,
stt11,page_0130,8,4,càng,路,強,U+5F37,0.1582,True,RESCUE_LOW_CONF,
stt11,page_0130,8,10,càng,庫,强,U+5F3A,0.5283,True,RESCUE_LOW_CONF,
stt11,page_0130,8,15,ngày,驛,時,U+6642,0.8871,True,RESCUE_GOLD_HIGH,
stt11,page_0130,9,4,mình,那,命,U+547D,0.886,True,RESCUE_GOLD_HIGH,
stt11,page_0130,9,15,bốn,苦,時,U+6642,0.9732,False,NOT_IN_DICT,
stt11,page_0132,1,1,sa,悲,悲,U+60B2,0.8388,False,NOT_IN_DICT,
stt11,page_0132,1,6,chức,敢,聀,U+8040,0.5415,True,RESCUE_LOW_CONF,
stt11,page_0132,1,12,việc,段,役,U+5F79,0.0728,True,RESCUE_LOW_CONF,
stt11,page_0132,1,22,minh,師,命,U+547D,0.0675,True,RESCUE_LOW_CONF,
stt11,page_0132,2,2,com,舒,厨,U+53A8,0.1363,False,NOT_IN_DICT,
stt11,page_0132,2,14,sự,子,事,U+4E8B,0.1006,True,RESCUE_LOW_CONF,
stt11,page_0132,2,21,kẻ,凭,几,U+51E0,0.5136,True,RESCUE_LOW_CONF,
stt11,page_0132,3,12,ha,奈,固,U+56FA,0.2625,False,NOT_IN_DICT,
stt11,page_0132,3,15,lần,苓,沫,U+6CAB,0.1822,False,NOT_IN_DICT,
stt11,page_0132,3,16,nước,淒,彼,U+5F7C,0.1406,False,NOT_IN_DICT,
stt11,page_0132,3,18,lụt,雄,懶,U+61F6,0.6592,False,NOT_IN_DICT,
stt11,page_0132,3,21,tran,葡,𠊚,U+2029A,0.4127,False,NOT_IN_DICT,
stt11,page_0132,4,11,nước,㴱,渃,U+6E03,0.329,True,RESCUE_LOW_CONF,
stt11,page_0132,4,13,vâng,印,群,U+7FA4,0.4016,False,NOT_IN_DICT,
stt11,page_0132,5,0,trộm,遄,徳,U+5FB3,0.2314,False,NOT_IN_DICT,
stt11,page_0132,5,3,để,𫝕,底,U+5E95,0.7932,True,RESCUE_GOLD_MED,
stt11,page_0132,5,18,rê,複,寺,U+5BFA,0.072,False,NOT_IN_DICT,
stt11,page_0132,5,19,gia,成,加,U+52A0,0.1958,True,RESCUE_LOW_CONF,
stt11,page_0132,5,20,phạt,胃,𠊚,U+2029A,0.3724,False,NOT_IN_DICT,
stt11,page_0132,6,4,lối,裰,渃,U+6E03,0.1785,False,NOT_IN_DICT,
stt11,page_0132,6,9,phải,節,沛,U+6C9B,0.8811,True,RESCUE_GOLD_HIGH,
stt11,page_0132,6,10,con,于,干,U+5E72,0.455,False,NOT_IN_DICT,
stt11,page_0132,6,15,ta,然,些,U+4E9B,0.8989,True,RESCUE_GOLD_HIGH,
stt11,page_0132,6,22,để,哀,底,U+5E95,0.9576,True,RESCUE_GOLD_HIGH,
stt11,page_0132,7,0,i,犮,計,U+8A08,0.5432,False,NOT_IN_DICT,
stt11,page_0132,7,1,ghê,討,核,U+6838,0.2055,False,NOT_IN_DICT,
stt11,page_0132,7,16,thấy,兮,命,U+547D,0.1249,False,NOT_IN_DICT,
stt11,page_0132,7,21,bỏ,傳,時,U+6642,0.7213,False,NOT_IN_DICT,
stt11,page_0132,8,1,hèn,開,閑,U+9591,0.08,True,RESCUE_LOW_CONF,
stt11,page_0132,8,9,vô,兵,穷,U+7A77,0.8827,False,NOT_IN_DICT,
stt11,page_0132,9,1,răm,椒,林,U+6797,0.4371,False,NOT_IN_DICT,
stt11,page_0132,9,10,đao,逍,道,U+9053,0.9167,True,RESCUE_GOLD_HIGH,
stt11,page_0134,1,2,i,良,我,U+6211,0.1209,False,NOT_IN_DICT,
stt11,page_0134,1,3,rê,投,移,U+79FB,0.2494,False,NOT_IN_DICT,
stt11,page_0134,1,20,ri,稜,娄,U+5A04,0.483,False,NOT_IN_DICT,
stt11,page_0134,1,23,là,𬻝,罢,U+7F62,0.1243,False,NOT_IN_DICT,
stt11,page_0134,2,14,hai,心,咍,U+548D,0.1598,True,RESCUE_LOW_CONF,
stt11,page_0134,2,18,chém,别,功,U+529F,0.1514,False,NOT_IN_DICT,
stt11,page_0134,3,1,cháy,垤,𤈜,U+2421C,0.1152,True,RESCUE_LOW_CONF,
stt11,page_0134,3,11,sau,毒,尼,U+5C3C,0.4798,False,NOT_IN_DICT,
stt11,page_0134,4,14,chữa,勔,𦔳,U+26533,0.8149,True,RESCUE_GOLD_MED,
stt11,page_0134,5,21,gả,婀,𡛔,U+216D4,0.3852,False,NOT_IN_DICT,
stt11,page_0134,6,2,nài,拳,奏,U+594F,0.2161,False,NOT_IN_DICT,
stt11,page_0134,6,8,mấy,蜀,買,U+8CB7,0.9701,True,RESCUE_GOLD_HIGH,
stt11,page_0134,6,9,tháng,偽,倘,U+5018,0.8992,True,RESCUE_GOLD_HIGH,
stt11,page_0134,6,11,quan,䆠,官,U+5B98,0.971,True,RESCUE_GOLD_HIGH,
stt11,page_0134,6,15,rô,勇,實,U+5BE6,0.2091,False,NOT_IN_DICT,
stt11,page_0134,6,18,đem,凡,包,U+5305,0.2885,False,NOT_IN_DICT,
stt11,page_0134,7,4,lo,古,炉,U+7089,0.08,False,NOT_IN_DICT,
stt11,page_0134,7,14,đem,尼,尼,U+5C3C,0.2144,False,NOT_IN_DICT,
stt11,page_0134,7,15,vợ,嬙,嬏,U+5B0F,0.0234,True,RESCUE_LOW_CONF,
stt11,page_0134,7,17,ba,凰,墓,U+5893,0.318,False,NOT_IN_DICT,
stt11,page_0134,8,9,làm,尚,固,U+56FA,0.314,False,NOT_IN_DICT,
stt11,page_0134,8,11,vợ,媚,嬏,U+5B0F,0.5809,True,RESCUE_LOW_CONF,
stt11,page_0134,9,2,trầy,祗,徳,U+5FB3,0.1788,False,NOT_IN_DICT,
stt11,page_0134,9,18,chớ,请,渚,U+6E1A,0.2921,True,RESCUE_LOW_CONF,
stt11,page_0134,9,23,mot,戞,更,U+66F4,0.5993,False,NOT_IN_DICT,
stt11,page_0136,1,0,xưng,枋,称,U+79F0,0.0414,True,RESCUE_LOW_CONF,
stt11,page_0136,1,12,chớ,清,渚,U+6E1A,0.6617,True,RESCUE_LOW_CONF,
stt11,page_0136,1,15,vợ,偹,曳,U+66F3,0.1355,False,NOT_IN_DICT,
stt11,page_0136,1,22,chăng,尼,𠊚,U+2029A,0.7315,False,NOT_IN_DICT,
stt11,page_0136,2,4,lo,芦,卢,U+5362,0.3835,True,RESCUE_LOW_CONF,
stt11,page_0136,2,10,than,業,葉,U+8449,0.1563,False,NOT_IN_DICT,
stt11,page_0136,4,0,chồng,奎,重,U+91CD,0.9111,True,RESCUE_GOLD_HIGH,
stt11,page_0136,4,9,đẻ,脈,時,U+6642,0.7236,False,NOT_IN_DICT,
stt11,page_0136,4,17,mẹ,嫂,模,U+6A21,0.3678,False,NOT_IN_DICT,
stt11,page_0136,6,3,lấy,他,礼,U+793C,0.5322,True,RESCUE_LOW_CONF,
stt11,page_0136,6,6,xức,防,饬,U+996C,0.2943,False,NOT_IN_DICT,
stt11,page_0136,6,7,miệng,迴,皿,U+76BF,0.0419,True,RESCUE_LOW_CONF,
stt11,page_0136,6,8,bắt,体,体,U+4F53,0.8821,False,NOT_IN_DICT,
stt11,page_0136,6,23,lo,少,炉,U+7089,0.0939,False,NOT_IN_DICT,
stt11,page_0136,7,3,lóc,以,麻,U+9EBB,0.508,False,NOT_IN_DICT,
stt11,page_0136,8,1,một,蠆,更,U+66F4,0.3993,True,RESCUE_LOW_CONF,
stt11,page_0136,8,5,chôn,壿,𠊚,U+2029A,0.1497,False,NOT_IN_DICT,
stt11,page_0136,9,12,mình,尒,旦,U+65E6,0.799,False,NOT_IN_DICT,
stt11,page_0138,2,11,đôi,啄,恩,U+6069,0.9649,False,NOT_IN_DICT,
stt11,page_0138,2,15,ấy,号,盈,U+76C8,0.2612,False,NOT_IN_DICT,
stt11,page_0138,2,20,thầy,寺,柴,U+67F4,0.9196,True,RESCUE_GOLD_HIGH,
stt11,page_0138,2,21,cả,岀,竒,U+7AD2,0.3789,True,RESCUE_LOW_CONF,
stt11,page_0138,4,0,mẹ,盆,益,U+76CA,0.3221,False,NOT_IN_DICT,
stt11,page_0138,4,7,cách,烙,打,U+6253,0.0757,False,NOT_IN_DICT,
stt11,page_0138,5,0,5,丕,丕,U+4E15,0.9615,False,NOT_IN_DICT,
stt11,page_0138,5,1,vậy,䏷,時,U+6642,0.897,False,NOT_IN_DICT,
stt11,page_0138,5,2,ngày,審,朱,U+6731,0.1978,False,NOT_IN_DICT,
stt11,page_0138,5,21,thắng,業,事,U+4E8B,0.0715,False,NOT_IN_DICT,
stt11,page_0138,6,5,ngỡ,該,語,U+8A9E,0.2375,True,RESCUE_LOW_CONF,
stt11,page_0138,6,6,là,遥,邏,U+908F,0.717,True,RESCUE_GOLD_MED,
stt11,page_0138,6,13,đồ,壮,杜,U+675C,0.3739,False,NOT_IN_DICT,
stt11,page_0138,6,20,nào,中,市,U+5E02,0.083,True,RESCUE_LOW_CONF,
stt11,page_0138,6,22,tôi,那,碎,U+788E,0.2146,True,RESCUE_LOW_CONF,
stt11,page_0138,7,10,lành,会,冷,U+51B7,0.4042,True,RESCUE_LOW_CONF,
stt11,page_0138,7,15,trai,朝,𤳇,U+24CC7,0.1245,True,RESCUE_LOW_CONF,
stt11,page_0138,7,16,xinh,清,渚,U+6E1A,0.4594,False,NOT_IN_DICT,
stt11,page_0138,7,19,khi,放,次,U+6B21,0.2696,False,NOT_IN_DICT,
stt11,page_0138,8,5,thắng,志,戈,U+6208,0.1699,False,NOT_IN_DICT,
stt11,page_0138,8,14,nói,明,呐,U+5450,0.7049,True,RESCUE_GOLD_MED,
stt11,page_0138,9,1,dạy,㕮,代,U+4EE3,0.926,True,RESCUE_GOLD_HIGH,
stt11,page_0138,9,7,đốt,焙,焠,U+7120,0.3848,True,RESCUE_LOW_CONF,
stt11,page_0140,1,3,vậv,丕,丕,U+4E15,0.9638,False,NOT_IN_DICT,
stt11,page_0140,1,22,to,亦,柴,U+67F4,0.1399,False,NOT_IN_DICT,
stt11,page_0140,2,12,lo,𠮦,沛,U+6C9B,0.8801,False,NOT_IN_DICT,
stt11,page_0140,2,21,vô,步,位,U+4F4D,0.0695,False,NOT_IN_DICT,
stt11,page_0140,3,14,300,戛,事,U+4E8B,0.1284,False,NOT_IN_DICT,
stt11,page_0140,3,15,năm,拆,年,U+5E74,0.0494,True,RESCUE_LOW_CONF,
stt11,page_0140,4,0,ngày,暍,時,U+6642,0.6759,True,RESCUE_LOW_CONF,
stt11,page_0140,4,5,ê,啄,依,U+4F9D,0.0468,True,RESCUE_LOW_CONF,
stt11,page_0140,5,13,nước,游,渃,U+6E03,0.1286,True,RESCUE_LOW_CONF,
stt11,page_0140,5,21,sạch,疵,沚,U+6C9A,0.1418,True,RESCUE_LOW_CONF,
stt11,page_0140,6,13,ma,塢,丐,U+4E10,0.1525,False,NOT_IN_DICT,
stt11,page_0140,6,15,a,𮕜,亜,U+4E9C,0.1712,True,RESCUE_LOW_CONF,
stt11,page_0140,7,0,lăm,懔,凜,U+51DC,0.8055,False,NOT_IN_DICT,
stt11,page_0140,7,9,khi,放,次,U+6B21,0.7272,False,NOT_IN_DICT,
stt11,page_0140,7,19,nước,朕,渃,U+6E03,0.8812,True,RESCUE_GOLD_HIGH,
stt11,page_0140,7,22,sa,伏,沙,U+6C99,0.4322,True,RESCUE_LOW_CONF,
stt11,page_0140,8,20,chước,殉,斫,U+65AB,0.9188,True,RESCUE_GOLD_HIGH,
stt11,page_0140,9,10,yêu,朋,恩,U+6069,0.15,False,NOT_IN_DICT,
stt11,page_0140,9,17,kia,𰥍,其,U+5176,0.7193,True,RESCUE_GOLD_MED,
stt11,page_0142,3,1,lánh,弓,另,U+53E6,0.8992,True,RESCUE_GOLD_HIGH,
stt11,page_0142,3,4,vào,厄,包,U+5305,0.6739,True,RESCUE_LOW_CONF,
stt11,page_0142,3,15,giảng,溜,悶,U+60B6,0.1118,False,NOT_IN_DICT,
stt11,page_0142,4,8,giảng,描,講,U+8B1B,0.2143,True,RESCUE_LOW_CONF,
stt11,page_0142,4,15,máy,霄,眉,U+7709,0.5759,False,NOT_IN_DICT,
stt11,page_0142,5,1,giảng,𣼛,講,U+8B1B,0.7637,True,RESCUE_GOLD_MED,
stt11,page_0142,5,5,e,咳,浪,U+6D6A,0.1062,False,NOT_IN_DICT,
stt11,page_0142,5,8,quở,嘿,果,U+679C,0.0936,False,NOT_IN_DICT,
stt11,page_0142,5,10,răng,湛,浪,U+6D6A,0.6085,True,RESCUE_LOW_CONF,
stt11,page_0142,5,18,day,吹,秋,U+79CB,0.1628,False,NOT_IN_DICT,
stt11,page_0142,5,20,ra,浮,𠊚,U+2029A,0.5826,False,NOT_IN_DICT,
stt11,page_0142,6,0,nơi,忍,尼,U+5C3C,0.9882,True,RESCUE_GOLD_HIGH,
stt11,page_0142,6,1,đây,似,低,U+4F4E,0.1005,True,RESCUE_LOW_CONF,
stt11,page_0142,6,3,mây,霄,眉,U+7709,0.4646,True,RESCUE_LOW_CONF,
stt11,page_0142,6,19,pha,匕,先,U+5148,0.0877,False,NOT_IN_DICT,
stt11,page_0142,7,4,thứ,乆,次,U+6B21,0.432,True,RESCUE_LOW_CONF,
stt11,page_0142,7,5,chín,鈍,沙,U+6C99,0.121,False,NOT_IN_DICT,
stt11,page_0142,7,6,mắng,肈,群,U+7FA4,0.1729,False,NOT_IN_DICT,
stt11,page_0142,7,10,nhân,分,固,U+56FA,0.9854,True,RESCUE_GOLD_HIGH,
stt11,page_0142,7,11,đức,仁,仍,U+4ECD,0.1224,False,NOT_IN_DICT,
stt11,page_0142,7,19,thầy,皆,柴,U+67F4,0.9669,True,RESCUE_GOLD_HIGH,
stt11,page_0142,8,17,giữ,仲,佇,U+4F47,0.5807,True,RESCUE_LOW_CONF,
stt11,page_0142,8,18,việc,没,役,U+5F79,0.3233,True,RESCUE_LOW_CONF,
stt11,page_0142,9,2,hay,㘴,咍,U+548D,0.0769,True,RESCUE_LOW_CONF,
stt11,page_0142,9,3,xem,帖,袩,U+88A9,0.5546,True,RESCUE_LOW_CONF,
stt11,page_0142,9,8,ý,急,意,U+610F,0.5791,True,RESCUE_LOW_CONF,
stt11,page_0142,9,22,chang,片,庒,U+5E92,0.6803,True,RESCUE_LOW_CONF,
stt11,page_0144,1,10,trấy,花,徳,U+5FB3,0.362,False,NOT_IN_DICT,
stt11,page_0144,1,12,nước,游,渃,U+6E03,0.0794,True,RESCUE_LOW_CONF,
stt11,page_0144,1,15,sa,伙,沙,U+6C99,0.1473,True,RESCUE_LOW_CONF,
stt11,page_0144,1,19,tô,獣,穌,U+7A4C,0.0405,True,RESCUE_LOW_CONF,
stt11,page_0144,1,21,so,易,芻,U+82BB,0.0347,True,RESCUE_LOW_CONF,
stt11,page_0144,2,15,đoạn,封,断,U+65AD,0.7172,True,RESCUE_GOLD_MED,
stt11,page_0144,2,16,giã,防,者,U+8005,0.1405,True,RESCUE_LOW_CONF,
stt11,page_0144,2,20,lên,迴,連,U+9023,0.8301,True,RESCUE_GOLD_MED,
stt11,page_0144,3,17,rầu,而,旦,U+65E6,0.1309,False,NOT_IN_DICT,
stt11,page_0144,3,19,rằng,恨,浪,U+6D6A,0.8879,True,RESCUE_GOLD_HIGH,
stt11,page_0144,3,21,chang,庄,庒,U+5E92,0.9053,True,RESCUE_GOLD_HIGH,
stt11,page_0144,4,6,ru,呻,由,U+7531,0.2673,True,RESCUE_LOW_CONF,
stt11,page_0144,4,10,rằng,淳,浪,U+6D6A,0.9219,True,RESCUE_GOLD_HIGH,
stt11,page_0144,5,2,gần,敗,𧵆,U+27D46,0.2118,True,RESCUE_LOW_CONF,
stt11,page_0144,5,4,lên,嶃,連,U+9023,0.9265,True,RESCUE_GOLD_HIGH,
stt11,page_0144,6,10,lên,選,連,U+9023,0.8806,True,RESCUE_GOLD_HIGH,
stt11,page_0144,7,7,in,即,如,U+5982,0.1262,False,NOT_IN_DICT,
stt11,page_0144,8,14,ngàn,軒,四,U+56DB,0.4307,False,NOT_IN_DICT,
stt11,page_0144,8,15,hai,㽞,𠊚,U+2029A,0.1953,False,NOT_IN_DICT,
stt11,page_0144,8,16,trăm,哥,𠊚,U+2029A,0.2007,False,NOT_IN_DICT,
stt11,page_0144,8,17,bốn,詈,召,U+53EC,0.1319,False,NOT_IN_DICT,
stt11,page_0144,8,19,sáu,𧺫,拘,U+62D8,0.1844,False,NOT_IN_DICT,
stt11,page_0144,8,20,1246,婢,年,U+5E74,0.5461,False,NOT_IN_DICT,
stt11,page_0144,8,21,năm,丿,𠊚,U+2029A,0.1126,False,NOT_IN_DICT,
stt11,page_0144,9,4,kê,著,稽,U+7A3D,0.2853,True,RESCUE_LOW_CONF,
stt11,page_0146,1,16,r1,移,移,U+79FB,0.5346,False,NOT_IN_DICT,
stt11,page_0146,1,22,giau,廟,創,U+5275,0.3849,False,NOT_IN_DICT,
stt11,page_0146,2,13,sang,轟,郎,U+90CE,0.5154,True,RESCUE_LOW_CONF,
stt11,page_0146,2,21,học,方,安,U+5B89,0.1195,False,NOT_IN_DICT,
stt11,page_0146,3,0,hành,可,行,U+884C,0.2214,True,RESCUE_LOW_CONF,
stt11,page_0146,3,2,đang,办,中,U+4E2D,0.08,False,NOT_IN_DICT,
stt11,page_0146,3,13,đạo,恩,道,U+9053,0.0467,True,RESCUE_LOW_CONF,
stt11,page_0146,3,14,dạy,花,代,U+4EE3,0.091,True,RESCUE_LOW_CONF,
stt11,page_0146,4,3,xem,他,袩,U+88A9,0.291,True,RESCUE_LOW_CONF,
stt11,page_0146,4,14,ấy,期,欺,U+6B3A,0.24,False,NOT_IN_DICT,
stt11,page_0146,4,22,chiudao,道,道,U+9053,0.5309,False,NOT_IN_DICT,
stt11,page_0146,5,2,nết,泡,湼,U+6E7C,0.7838,True,RESCUE_GOLD_MED,
stt11,page_0146,5,18,chước,劝,斫,U+65AB,0.6391,True,RESCUE_LOW_CONF,
stt11,page_0146,6,3,thuê,挑,秩,U+79E9,0.2065,False,NOT_IN_DICT,
stt11,page_0146,6,16,học,季,各,U+5404,0.2318,False,NOT_IN_DICT,
stt11,page_0146,6,19,dối,财,対,U+5BFE,0.5315,True,RESCUE_LOW_CONF,
stt11,page_0146,7,7,tiền,曳,連,U+9023,0.0251,True,RESCUE_LOW_CONF,
stt11,page_0146,7,22,biết,到,别,U+522B,0.8243,True,RESCUE_GOLD_MED,
stt11,page_0146,8,22,bỏ,神,補,U+88DC,0.5689,True,RESCUE_LOW_CONF,
stt11,page_0146,9,1,nặng,曷,曩,U+66E9,0.0158,True,RESCUE_LOW_CONF,
stt11,page_0146,9,15,tiền,残,燒,U+71D2,0.301,False,NOT_IN_DICT,
stt11,page_0146,9,21,tiền,疾,時,U+6642,0.2801,False,NOT_IN_DICT,
stt11,page_0148,1,4,dức,息,恩,U+6069,0.1551,False,NOT_IN_DICT,
stt11,page_0148,1,10,tiền,残,燒,U+71D2,0.485,False,NOT_IN_DICT,
stt11,page_0148,1,12,liền,䢖,連,U+9023,0.7094,True,RESCUE_GOLD_MED,
stt11,page_0148,1,13,ám,琚,虎,U+864E,0.1178,False,NOT_IN_DICT,
stt11,page_0148,1,17,nạn,雄,强,U+5F3A,0.3446,False,NOT_IN_DICT,
stt11,page_0148,2,1,ý,仍,衣,U+8863,0.0976,True,RESCUE_LOW_CONF,
stt11,page_0148,3,16,tiếng,喻,省,U+7701,0.3619,True,RESCUE_LOW_CONF,
stt11,page_0148,3,19,đức,藥,徳,U+5FB3,0.0192,True,RESCUE_LOW_CONF,
stt11,page_0148,4,1,là,𮊁,罗,U+7F57,0.1962,True,RESCUE_LOW_CONF,
stt11,page_0148,4,4,chi,技,枝,U+679D,0.7219,True,RESCUE_GOLD_MED,
stt11,page_0148,4,7,năm,極,極,U+6975,0.2844,False,NOT_IN_DICT,
stt11,page_0148,4,8,năm,之,仍,U+4ECD,0.9433,False,NOT_IN_DICT,
stt11,page_0148,6,4,tối,𭆞,最,U+6700,0.8016,True,RESCUE_GOLD_MED,
stt11,page_0148,7,0,kín,饉,謹,U+8B39,0.1625,True,RESCUE_LOW_CONF,
stt11,page_0148,7,12,xe,槎,楼,U+697C,0.3392,False,NOT_IN_DICT,
stt11,page_0148,7,14,tê,腎,躋,U+8E8B,0.2532,True,RESCUE_LOW_CONF,
stt11,page_0148,7,16,làm,八,乄,U+4E44,0.0576,True,RESCUE_LOW_CONF,
stt11,page_0148,7,21,xem,禮,袩,U+88A9,0.1679,True,RESCUE_LOW_CONF,
stt11,page_0148,8,6,mằng,蓐,省,U+7701,0.8412,False,NOT_IN_DICT,
stt11,page_0148,9,4,thấy,详,佇,U+4F47,0.2689,False,NOT_IN_DICT,
stt11,page_0148,9,10,cho,李,朱,U+6731,0.5438,True,RESCUE_LOW_CONF,
stt11,page_0148,9,11,mình,仰,命,U+547D,0.9297,True,RESCUE_GOLD_HIGH,
stt11,page_0150,2,7,day,吟,代,U+4EE3,0.6669,False,NOT_IN_DICT,
stt11,page_0150,2,19,thấy,作,信,U+4FE1,0.0714,False,NOT_IN_DICT,
stt11,page_0150,3,0,ăm,羯,棱,U+68F1,0.2589,False,NOT_IN_DICT,
stt11,page_0150,3,10,thánh,𦍒,垩,U+57A9,0.8479,True,RESCUE_GOLD_MED,
stt11,page_0150,3,11,giu,梹,橛,U+6A5B,0.3409,False,NOT_IN_DICT,
stt11,page_0150,3,21,backetus,妃,把,U+628A,0.8517,False,NOT_IN_DICT,
stt11,page_0150,4,3,giu,瓶,抛,U+629B,0.0677,False,NOT_IN_DICT,
stt11,page_0150,4,4,ong,蜉,螉,U+8789,0.1895,True,RESCUE_LOW_CONF,
stt11,page_0150,4,5,giảng,諵,講,U+8B1B,0.3955,True,RESCUE_LOW_CONF,
stt11,page_0150,4,6,cho,中,朱,U+6731,0.9172,True,RESCUE_GOLD_HIGH,
stt11,page_0150,4,11,tin,位,信,U+4FE1,0.8341,True,RESCUE_GOLD_MED,
stt11,page_0150,4,14,thì,𡬝,女,U+5973,0.0776,False,NOT_IN_DICT,
stt11,page_0150,4,19,tạ,留,道,U+9053,0.0906,False,NOT_IN_DICT,
stt11,page_0150,4,20,đoạn,封,断,U+65AD,0.476,True,RESCUE_LOW_CONF,
stt11,page_0150,5,0,biến,度,变,U+53D8,0.0627,True,RESCUE_LOW_CONF,
stt11,page_0150,5,3,hai,石,咍,U+548D,0.1537,True,RESCUE_LOW_CONF,
stt11,page_0150,5,6,kê,勢,稽,U+7A3D,0.1912,True,RESCUE_LOW_CONF,
stt11,page_0150,5,7,rê,拜,移,U+79FB,0.5924,False,NOT_IN_DICT,
stt11,page_0150,5,17,trấy,椹,補,U+88DC,0.1387,False,NOT_IN_DICT,
stt11,page_0150,5,18,về,倒,𧗱,U+275F1,0.7843,True,RESCUE_GOLD_MED,
stt11,page_0150,6,1,chưa,涛,渚,U+6E1A,0.8072,True,RESCUE_GOLD_MED,
stt11,page_0150,6,10,phải,姉,沛,U+6C9B,0.7297,True,RESCUE_GOLD_MED,
stt11,page_0150,6,11,vào,因,包,U+5305,0.037,True,RESCUE_LOW_CONF,
stt11,page_0150,7,0,nguyện,顇,願,U+9858,0.9374,True,RESCUE_GOLD_HIGH,
stt11,page_0150,7,18,quen,消,道,U+9053,0.1289,False,NOT_IN_DICT,
stt11,page_0150,7,19,năng,猷,䏻,U+43FB,0.4503,True,RESCUE_LOW_CONF,
stt11,page_0150,8,8,trẩy,花,礼,U+793C,0.1122,True,RESCUE_LOW_CONF,
stt11,page_0150,8,13,nơi,巳,尼,U+5C3C,0.8851,True,RESCUE_GOLD_HIGH,
stt11,page_0150,8,20,ngày,明,時,U+6642,0.7781,True,RESCUE_GOLD_MED,
stt11,page_0152,1,7,của,右,古,U+53E4,0.975,True,RESCUE_GOLD_HIGH,
stt11,page_0152,1,10,càng,宛,强,U+5F3A,0.4517,True,RESCUE_LOW_CONF,
stt11,page_0152,1,13,càng,弦,仍,U+4ECD,0.5667,False,NOT_IN_DICT,
stt11,page_0152,1,21,trẩy,化,傷,U+50B7,0.3782,False,NOT_IN_DICT,
stt11,page_0152,2,3,măng,澤,麻,U+9EBB,0.7249,False,NOT_IN_DICT,
stt11,page_0152,2,16,đi,裁,移,U+79FB,0.0339,True,RESCUE_LOW_CONF,
stt11,page_0152,4,6,đoan,婦,綿,U+7DBF,0.1248,False,NOT_IN_DICT,
stt11,page_0152,4,11,cho,荣,朱,U+6731,0.7276,True,RESCUE_GOLD_MED,
stt11,page_0152,5,3,nói,旧,呐,U+5450,0.4871,True,RESCUE_LOW_CONF,
stt11,page_0152,5,10,rằng,復,浪,U+6D6A,0.8912,True,RESCUE_GOLD_HIGH,
stt11,page_0152,6,0,hãv,灾,矣,U+77E3,0.1873,False,NOT_IN_DICT,
stt11,page_0152,6,2,đoan,封,断,U+65AD,0.8855,False,NOT_IN_DICT,
stt11,page_0152,6,3,trao,押,捽,U+637D,0.3611,False,NOT_IN_DICT,
stt11,page_0152,6,9,trên,盂,連,U+9023,0.9686,True,RESCUE_GOLD_HIGH,
stt11,page_0152,7,2,răng,淮,浪,U+6D6A,0.6469,True,RESCUE_LOW_CONF,
stt11,page_0152,7,12,au,詎,宜,U+5B9C,0.7036,False,NOT_IN_DICT,
stt11,page_0152,7,13,là,𠕋,𠊚,U+2029A,0.3749,False,NOT_IN_DICT,
stt11,page_0152,8,6,ấy,白,衣,U+8863,0.3806,True,RESCUE_LOW_CONF,
stt11,page_0152,8,8,đi,𭣵,棱,U+68F1,0.3249,False,NOT_IN_DICT,
stt11,page_0152,9,6,răng,𰑊,浪,U+6D6A,0.9572,True,RESCUE_GOLD_HIGH,
stt11,page_0152,9,20,xem,枮,袩,U+88A9,0.2746,True,RESCUE_LOW_CONF,
stt11,page_0154,1,12,núi,离,与,U+4E0E,0.1488,False,NOT_IN_DICT,
stt11,page_0154,1,21,khiến,玄,天,U+5929,0.0509,False,NOT_IN_DICT,
stt11,page_0154,2,11,lắm,嶂,凜,U+51DC,0.4942,True,RESCUE_LOW_CONF,
stt11,page_0154,3,2,cả,肆,竒,U+7AD2,0.4005,True,RESCUE_LOW_CONF,
stt11,page_0154,3,5,thay,𠮦,台,U+53F0,0.043,True,RESCUE_LOW_CONF,
stt11,page_0154,3,9,măng,嚀,代,U+4EE3,0.0529,False,NOT_IN_DICT,
stt11,page_0154,3,17,rước,淖,連,U+9023,0.0511,True,RESCUE_LOW_CONF,
stt11,page_0154,4,19,ở,支,吏,U+540F,0.385,False,NOT_IN_DICT,
stt11,page_0154,4,20,giữa,卿,中,U+4E2D,0.4597,False,NOT_IN_DICT,
stt11,page_0154,5,4,rừng,撥,棱,U+68F1,0.0929,True,RESCUE_LOW_CONF,
stt11,page_0154,5,8,vậy,𠀉,丕,U+4E15,0.9531,True,RESCUE_GOLD_HIGH,
stt11,page_0154,5,9,đoạn,判,断,U+65AD,0.8899,True,RESCUE_GOLD_HIGH,
stt11,page_0154,5,22,riêng,續,盈,U+76C8,0.633,True,RESCUE_LOW_CONF,
stt11,page_0154,6,0,một,𡚶,更,U+66F4,0.4409,True,RESCUE_LOW_CONF,
stt11,page_0154,6,20,xuống,𥧄,富,U+5BCC,0.1196,False,NOT_IN_DICT,
stt11,page_0154,7,17,lào,年,牢,U+7262,0.0548,True,RESCUE_LOW_CONF,
stt11,page_0154,7,21,trẻ,䄂,礼,U+793C,0.5407,True,RESCUE_LOW_CONF,
stt11,page_0154,8,0,nết,𫝗,湼,U+6E7C,0.0695,True,RESCUE_LOW_CONF,
stt11,page_0154,8,3,già,酖,鉄,U+9244,0.1364,False,NOT_IN_DICT,
stt11,page_0154,8,11,mọn,閏,悶,U+60B6,0.7812,True,RESCUE_GOLD_MED,
stt11,page_0154,8,14,cả,胃,竒,U+7AD2,0.4134,True,RESCUE_LOW_CONF,
stt11,page_0154,8,17,trên,遫,連,U+9023,0.9521,True,RESCUE_GOLD_HIGH,
stt11,page_0154,9,1,chó,法,渚,U+6E1A,0.7456,False,NOT_IN_DICT,
stt11,page_0154,9,2,hà,𠔃,奇,U+5947,0.2033,False,NOT_IN_DICT,
stt11,page_0154,9,10,ý,合,燒,U+71D2,0.7497,False,NOT_IN_DICT,
stt11,page_0154,9,19,bé,用,闭,U+95ED,0.096,True,RESCUE_LOW_CONF,
stt11,page_0156,1,10,lăm,漙,凜,U+51DC,0.8646,False,NOT_IN_DICT,
stt11,page_0156,2,3,muốn,開,悶,U+60B6,0.6421,True,RESCUE_LOW_CONF,
stt11,page_0156,2,9,mắc,㸃,黙,U+9ED9,0.7443,True,RESCUE_GOLD_MED,
stt11,page_0156,2,11,một,𫈼,更,U+66F4,0.8303,True,RESCUE_GOLD_MED,
stt11,page_0156,2,13,mắc,㸃,黙,U+9ED9,0.8116,True,RESCUE_GOLD_MED,
stt11,page_0156,2,20,cầu,來,求,U+6C42,0.97,True,RESCUE_GOLD_HIGH,
stt11,page_0156,3,3,phép,礼,朱,U+6731,0.2599,False,NOT_IN_DICT,
stt11,page_0156,3,8,cầu,來,求,U+6C42,0.9196,True,RESCUE_GOLD_HIGH,
stt11,page_0156,3,15,núi,卨,离,U+79BB,0.2093,False,NOT_IN_DICT,
stt11,page_0156,3,17,đi,後,移,U+79FB,0.1455,True,RESCUE_LOW_CONF,
stt11,page_0156,3,18,xa,躱,賖,U+8CD6,0.6062,True,RESCUE_LOW_CONF,
stt11,page_0156,3,19,để,麁,底,U+5E95,0.8648,True,RESCUE_GOLD_HIGH,
stt11,page_0156,4,0,lăm,漙,凜,U+51DC,0.7676,False,NOT_IN_DICT,
stt11,page_0156,5,22,mot,戞,㦯,U+39AF,0.2342,False,NOT_IN_DICT,
stt11,page_0156,6,14,cầu,來,求,U+6C42,0.8557,True,RESCUE_GOLD_HIGH,
stt11,page_0156,6,20,làm,豉,衣,U+8863,0.2191,False,NOT_IN_DICT,
stt11,page_0156,6,21,viecay,役,役,U+5F79,0.9,False,NOT_IN_DICT,
stt11,page_0156,7,21,làm,舜,佇,U+4F47,0.1652,False,NOT_IN_DICT,
stt11,page_0156,8,1,là,罢,罗,U+7F57,0.3018,True,RESCUE_LOW_CONF,
stt11,page_0156,8,3,trọng,車,重,U+91CD,0.0494,True,RESCUE_LOW_CONF,
stt11,page_0156,8,9,càng,弦,强,U+5F3A,0.1444,True,RESCUE_LOW_CONF,
stt11,page_0156,8,10,hơn,敢,女,U+5973,0.9217,False,NOT_IN_DICT,
stt11,page_0156,8,19,sâu,楼,除,U+9664,0.3171,False,NOT_IN_DICT,
stt11,page_0156,9,3,ra,纓,囉,U+56C9,0.0383,True,RESCUE_LOW_CONF,
stt11,page_0156,9,15,trâu,輔,懶,U+61F6,0.2247,False,NOT_IN_DICT,
stt11,page_0156,9,16,bò,楼,楼,U+697C,0.3326,False,NOT_IN_DICT,
stt11,page_0156,9,17,gà,𭸟,特,U+7279,0.346,False,NOT_IN_DICT,
stt11,page_0156,9,18,lợn,𢓜,格,U+683C,0.1386,False,NOT_IN_DICT,
stt11,page_0158,1,8,ghê,誓,稽,U+7A3D,0.1186,True,RESCUE_LOW_CONF,
stt11,page_0158,1,18,gậy,据,我,U+6211,0.2052,False,NOT_IN_DICT,
stt11,page_0158,1,19,cắm,捧,扲,U+6272,0.1985,True,RESCUE_LOW_CONF,
stt11,page_0158,1,21,ấy,𠮥,乙,U+4E59,0.1276,True,RESCUE_LOW_CONF,
stt11,page_0158,1,22,gây,梠,把,U+628A,0.2319,False,NOT_IN_DICT,
stt11,page_0158,2,5,lá,典,更,U+66F4,0.3593,False,NOT_IN_DICT,
stt11,page_0158,2,9,nước,㴱,餅,U+9905,0.1987,False,NOT_IN_DICT,
stt11,page_0158,2,10,chảy,址,法,U+6CD5,0.1249,False,NOT_IN_DICT,
stt11,page_0158,2,19,gây,桃,極,U+6975,0.0776,False,NOT_IN_DICT,
stt11,page_0158,3,5,chảy,沙,沚,U+6C9A,0.4444,True,RESCUE_LOW_CONF,
stt11,page_0158,3,17,khí,粲,𠊚,U+2029A,0.0515,False,NOT_IN_DICT,
stt11,page_0158,3,22,rong,中,中,U+4E2D,0.9641,False,NOT_IN_DICT,
stt11,page_0158,4,1,năm,𭈹,篩,U+7BE9,0.1079,False,NOT_IN_DICT,
stt11,page_0158,4,3,chưa,清,渚,U+6E1A,0.8998,True,RESCUE_GOLD_HIGH,
stt11,page_0158,4,6,lây,陳,淶,U+6DF6,0.0525,True,RESCUE_LOW_CONF,
stt11,page_0158,4,13,nhiều,澮,凜,U+51DC,0.7355,False,NOT_IN_DICT,
stt11,page_0158,4,14,lắm,燒,燒,U+71D2,0.8104,False,NOT_IN_DICT,
stt11,page_0158,5,5,nào,事,市,U+5E02,0.1698,True,RESCUE_LOW_CONF,
stt11,page_0158,5,11,hãy,关,時,U+6642,0.2403,False,NOT_IN_DICT,
stt11,page_0158,5,13,chết,拘,折,U+6298,0.8891,True,RESCUE_GOLD_HIGH,
stt11,page_0158,5,22,xưng,秆,称,U+79F0,0.513,True,RESCUE_LOW_CONF,
stt11,page_0158,6,1,hạ,尽,下,U+4E0B,0.3177,True,RESCUE_LOW_CONF,
stt11,page_0158,6,15,tin,位,道,U+9053,0.7222,False,NOT_IN_DICT,
stt11,page_0158,6,21,lam,湮,凜,U+51DC,0.7947,False,NOT_IN_DICT,
stt11,page_0158,7,6,người,旱,𠊚,U+2029A,0.9296,True,RESCUE_GOLD_HIGH,
stt11,page_0158,7,11,chước,列,斫,U+65AB,0.0347,True,RESCUE_LOW_CONF,
stt11,page_0158,7,12,nhạo,楽,𠊚,U+2029A,0.8929,False,NOT_IN_DICT,
stt11,page_0158,7,16,giả,般,假,U+5047,0.121,True,RESCUE_LOW_CONF,
stt11,page_0158,7,19,giữa,艸,神,U+795E,0.1658,False,NOT_IN_DICT,
stt11,page_0158,7,20,đường,度,唐,U+5510,0.6328,True,RESCUE_LOW_CONF,
stt11,page_0158,8,5,kêu,呼,呌,U+544C,0.8118,True,RESCUE_GOLD_MED,
stt11,page_0158,8,13,tôi,拜,砕,U+7815,0.4051,True,RESCUE_LOW_CONF,
stt11,page_0158,8,15,chôn,坪,連,U+9023,0.1714,False,NOT_IN_DICT,
stt11,page_0158,8,22,mac,黙,黙,U+9ED9,0.8992,False,NOT_IN_DICT,
stt11,page_0158,9,12,giả,般,役,U+5F79,0.2967,False,NOT_IN_DICT,
stt11,page_0160,1,5,thưa,睡,踈,U+8E08,0.8994,True,RESCUE_GOLD_HIGH,
stt11,page_0160,1,9,biết,己,別,U+5225,0.5153,True,RESCUE_LOW_CONF,
stt11,page_0160,1,14,thật,矣,折,U+6298,0.9542,False,NOT_IN_DICT,
stt11,page_0160,1,15,ay,口,实,U+5B9E,0.9084,False,NOT_IN_DICT,
stt11,page_0160,1,21,nhạo,身,𠊚,U+2029A,0.1106,False,NOT_IN_DICT,
stt11,page_0160,1,22,con,艮,昆,U+6606,0.4171,True,RESCUE_LOW_CONF,
stt11,page_0160,3,4,nước,爱,渃,U+6E03,0.6063,True,RESCUE_LOW_CONF,
stt11,page_0160,4,2,ấy,𤓰,衣,U+8863,0.2797,True,RESCUE_LOW_CONF,
stt11,page_0160,4,4,trốn,連,迍,U+8FCD,0.6351,True,RESCUE_LOW_CONF,
stt11,page_0160,4,6,rừng,枝,棱,U+68F1,0.4139,True,RESCUE_LOW_CONF,
stt11,page_0160,4,13,thì,直,阿,U+963F,0.1067,False,NOT_IN_DICT,
stt11,page_0160,4,14,tỏ,跡,訴,U+8A34,0.6019,True,RESCUE_LOW_CONF,
stt11,page_0160,4,15,ra,冊,罗,U+7F57,0.0558,False,NOT_IN_DICT,
stt11,page_0160,5,9,lo,沾,卢,U+5362,0.0306,True,RESCUE_LOW_CONF,
stt11,page_0160,5,12,sệt,悔,矯,U+77EF,0.1021,False,NOT_IN_DICT,
stt11,page_0160,6,6,kẻo,外,矯,U+77EF,0.8606,True,RESCUE_GOLD_HIGH,
stt11,page_0160,6,8,chước,茢,斫,U+65AB,0.1111,True,RESCUE_LOW_CONF,
stt11,page_0160,6,13,núi,离,离,U+79BB,0.1421,False,NOT_IN_DICT,
stt11,page_0160,7,4,mắng,蓐,弄,U+5F04,0.0485,False,NOT_IN_DICT,
stt11,page_0160,7,11,núi,离,連,U+9023,0.3635,False,NOT_IN_DICT,
stt11,page_0160,8,12,quỳ,睠,跪,U+8DEA,0.9047,True,RESCUE_GOLD_HIGH,
stt11,page_0160,8,13,gối,竈,重,U+91CD,0.1599,False,NOT_IN_DICT,
stt11,page_0160,8,14,xuống,噲,噲,U+5672,0.7142,False,NOT_IN_DICT,
stt11,page_0160,8,15,giữa,艸,城,U+57CE,0.1953,False,NOT_IN_DICT,
stt11,page_0160,8,22,cuan,官,官,U+5B98,0.9927,False,NOT_IN_DICT,
stt11,page_0160,9,3,cây,楼,核,U+6838,0.2771,True,RESCUE_LOW_CONF,
stt11,page_0160,9,6,vậy,正,丕,U+4E15,0.7398,True,RESCUE_GOLD_MED,
stt11,page_0160,9,9,thấy,浮,穷,U+7A77,0.2229,False,NOT_IN_DICT,
stt11,page_0160,9,11,thì,有,事,U+4E8B,0.178,False,NOT_IN_DICT,
stt11,page_0160,9,12,về,𡵯,娄,U+5A04,0.3309,False,NOT_IN_DICT,
stt11,page_0160,9,15,bảo,淂,保,U+4FDD,0.1513,True,RESCUE_LOW_CONF,
stt11,page_0160,9,17,quan,在,官,U+5B98,0.2689,True,RESCUE_LOW_CONF,
stt11,page_0160,9,19,trước,長,多,U+591A,0.1919,False,NOT_IN_DICT,
stt11,page_0160,9,22,xem,砧,袩,U+88A9,0.5279,True,RESCUE_LOW_CONF,
stt11,page_0162,1,5,nói,烟,呐,U+5450,0.2906,True,RESCUE_LOW_CONF,
stt11,page_0162,1,13,cho,因,朱,U+6731,0.0255,True,RESCUE_LOW_CONF,
stt11,page_0162,1,16,thấy,详,户,U+6237,0.1479,False,NOT_IN_DICT,
stt11,page_0162,1,17,liền,事,主,U+4E3B,0.1646,False,NOT_IN_DICT,
stt11,page_0162,1,18,xin,奠,与,U+4E0E,0.1253,False,NOT_IN_DICT,
stt11,page_0162,1,19,giảng,越,主,U+4E3B,0.175,False,NOT_IN_DICT,
stt11,page_0162,2,0,trời,序,𡗶,U+215F6,0.2914,True,RESCUE_LOW_CONF,
stt11,page_0162,2,7,sóng,淂,群,U+7FA4,0.2122,False,NOT_IN_DICT,
stt11,page_0162,2,11,yên,𡚶,安,U+5B89,0.969,True,RESCUE_GOLD_HIGH,
stt11,page_0162,3,10,chưa,滿,渚,U+6E1A,0.2178,True,RESCUE_LOW_CONF,
stt11,page_0162,4,21,thì,荀,欺,U+6B3A,0.977,False,NOT_IN_DICT,
stt11,page_0162,4,22,ngươi,身,畧,U+7567,0.974,False,NOT_IN_DICT,
stt11,page_0162,5,0,mừng,似,仍,U+4ECD,0.4772,False,NOT_IN_DICT,
stt11,page_0162,5,17,sống,剰,渚,U+6E1A,0.3612,False,NOT_IN_DICT,
stt11,page_0162,5,19,yêu,腸,道,U+9053,0.9034,False,NOT_IN_DICT,
stt11,page_0162,6,16,truyền,岱,群,U+7FA4,0.9867,False,NOT_IN_DICT,
stt11,page_0162,6,19,ghê,衣,賊,U+8CCA,0.1232,False,NOT_IN_DICT,
stt11,page_0162,6,20,rê,升,古,U+53E4,0.9764,False,NOT_IN_DICT,
stt11,page_0162,6,21,gia,撥,之,U+4E4B,0.9444,False,NOT_IN_DICT,
stt11,page_0162,7,0,thì,百,髙,U+9AD9,0.3171,False,NOT_IN_DICT,
stt11,page_0162,7,15,vô,将,如,U+5982,0.0475,False,NOT_IN_DICT,
stt11,page_0162,7,16,cùng,好,下,U+4E0B,0.0832,False,NOT_IN_DICT,
stt11,page_0162,7,21,sánh,簸,欣,U+6B23,0.1169,False,NOT_IN_DICT,
stt11,page_0162,8,3,mai,𢪛,枚,U+679A,0.0095,True,RESCUE_LOW_CONF,
stt11,page_0162,8,10,phép,河,為,U+70BA,0.1198,False,NOT_IN_DICT,
stt11,page_0162,8,11,lạ,逆,於,U+65BC,0.0894,False,NOT_IN_DICT,
stt11,page_0162,9,14,trăm,再,古,U+53E4,0.0528,False,NOT_IN_DICT,
stt11,page_0162,9,15,sáu,𧺫,户,U+6237,0.0816,False,NOT_IN_DICT,
stt11,page_0162,9,16,mươi,见,麻,U+9EBB,0.1224,False,NOT_IN_DICT,
stt11,page_0162,9,18,266,柳,中,U+4E2D,0.3569,False,NOT_IN_DICT,
stt11,page_0164,1,2,lễ,𭂫,礼,U+793C,0.9266,True,RESCUE_GOLD_HIGH,
stt11,page_0164,1,8,10,嘗,喝,U+559D,0.1123,False,NOT_IN_DICT,
stt11,page_0164,1,16,rô,瑪,功,U+529F,0.0759,False,NOT_IN_DICT,
stt11,page_0164,1,17,ma,薯,魔,U+9B54,0.0388,True,RESCUE_LOW_CONF,
stt11,page_0164,2,2,bốn,十,𠊚,U+2029A,0.0849,False,NOT_IN_DICT,
stt11,page_0164,2,3,đạo,遇,些,U+4E9B,0.1122,False,NOT_IN_DICT,
stt11,page_0164,2,4,quen,約,泊,U+6CCA,0.2514,False,NOT_IN_DICT,
stt11,page_0164,2,8,ta,越,城,U+57CE,0.2564,False,NOT_IN_DICT,
stt11,page_0164,2,19,nào,平,市,U+5E02,0.4979,True,RESCUE_LOW_CONF,
stt11,page_0164,3,3,rô,曾,實,U+5BE6,0.5127,False,NOT_IN_DICT,
stt11,page_0164,3,8,họp,令,合,U+5408,0.0558,True,RESCUE_LOW_CONF,
stt11,page_0164,3,20,hạ,奏,吝,U+541D,0.156,False,NOT_IN_DICT,
stt11,page_0164,4,9,lạy,桃,礼,U+793C,0.2259,True,RESCUE_LOW_CONF,
stt11,page_0164,4,12,cả,器,竒,U+7AD2,0.7333,True,RESCUE_GOLD_MED,
stt11,page_0164,4,13,trên,進,連,U+9023,0.8779,True,RESCUE_GOLD_HIGH,
stt11,page_0164,4,16,là,兴,欺,U+6B3A,0.1401,False,NOT_IN_DICT,
stt11,page_0164,4,19,nhất,夂,次,U+6B21,0.632,False,NOT_IN_DICT,
stt11,page_0164,5,7,sống,𡙇,爲,U+7232,0.9547,False,NOT_IN_DICT,
stt11,page_0164,5,9,đạo,逍,道,U+9053,0.6805,True,RESCUE_LOW_CONF,
stt11,page_0164,5,14,công,昆,昆,U+6606,0.9811,False,NOT_IN_DICT,
stt11,page_0164,5,15,tan,敬,㪚,U+3A9A,0.1786,True,RESCUE_LOW_CONF,
stt11,page_0164,5,20,rửa,𣳚,渃,U+6E03,0.1901,False,NOT_IN_DICT,
stt11,page_0164,6,20,lạy,𥙷,礼,U+793C,0.1752,True,RESCUE_LOW_CONF,
stt11,page_0164,7,4,lấy,相,礼,U+793C,0.6773,True,RESCUE_LOW_CONF,
stt11,page_0164,7,10,mười,過,邁,U+9081,0.3198,True,RESCUE_LOW_CONF,
stt11,page_0164,7,16,gánh,授,君,U+541B,0.4421,False,NOT_IN_DICT,
stt11,page_0164,7,20,nền,塲,塊,U+584A,0.4453,False,NOT_IN_DICT,
stt11,page_0164,8,0,đền,幾,没,U+6CA1,0.3107,False,NOT_IN_DICT,
stt11,page_0164,8,5,nền,堪,衣,U+8863,0.5928,False,NOT_IN_DICT,
stt11,page_0164,8,13,vê,蝎,离,U+79BB,0.155,False,NOT_IN_DICT,
stt11,page_0164,8,15,hôm,敵,歆,U+6B46,0.0543,True,RESCUE_LOW_CONF,
stt11,page_0164,9,16,ngày,䍧,時,U+6642,0.6115,True,RESCUE_LOW_CONF,
stt11,page_0164,9,21,đền,度,蔑,U+8511,0.1253,False,NOT_IN_DICT,
stt11,page_0166,1,7,cả,野,竒,U+7AD2,0.0489,True,RESCUE_LOW_CONF,
stt11,page_0166,1,10,nhà,旋,茹,U+8339,0.8519,True,RESCUE_GOLD_HIGH,
stt11,page_0166,2,3,cũng,我,我,U+6211,0.165,False,NOT_IN_DICT,
stt11,page_0166,2,5,đền,蛾,蜍,U+870D,0.8783,False,NOT_IN_DICT,
stt11,page_0166,2,6,thờ,殿,殿,U+6BBF,0.5464,False,NOT_IN_DICT,
stt11,page_0166,2,16,lô,禄,福,U+798F,0.1307,False,NOT_IN_DICT,
stt11,page_0166,2,20,nơi,𢚩,尼,U+5C3C,0.9665,True,RESCUE_GOLD_HIGH,
stt11,page_0166,3,17,hạ,卡,𡗶,U+215F6,0.2262,False,NOT_IN_DICT,
stt11,page_0166,4,16,chưng,然,烝,U+70DD,0.0175,True,RESCUE_LOW_CONF,
stt11,page_0166,4,20,thờ,舞,蜍,U+870D,0.9363,True,RESCUE_GOLD_HIGH,
stt11,page_0166,5,11,i,長,衣,U+8863,0.2593,False,NOT_IN_DICT,
stt11,page_0166,5,12,ghê,封,計,U+8A08,0.9458,False,NOT_IN_DICT,
stt11,page_0166,5,13,rê,叚,移,U+79FB,0.1201,False,NOT_IN_DICT,
stt11,page_0166,6,8,hai,吐,如,U+5982,0.0965,False,NOT_IN_DICT,
stt11,page_0166,6,19,ý,兵,意,U+610F,0.1095,True,RESCUE_LOW_CONF,
stt11,page_0166,6,20,kính,勾,約,U+7D04,0.2428,False,NOT_IN_DICT,
stt11,page_0166,8,12,cũng,找,我,U+6211,0.4643,False,NOT_IN_DICT,
stt11,page_0166,8,13,mừng,的,此,U+6B64,0.1185,False,NOT_IN_DICT,
stt11,page_0166,8,22,trên,津,連,U+9023,0.5427,True,RESCUE_LOW_CONF,
stt11,page_0166,9,6,bốn,器,黎,U+9ECE,0.2006,False,NOT_IN_DICT,
stt11,page_0166,9,13,yếu,了,穷,U+7A77,0.1676,False,NOT_IN_DICT,
stt11,page_0166,9,19,trên,逖,連,U+9023,0.7875,True,RESCUE_GOLD_MED,
stt11,page_0166,9,20,cho,𭄞,朱,U+6731,0.8116,True,RESCUE_GOLD_MED,
stt11,page_0166,9,22,chước,珎,斫,U+65AB,0.8047,True,RESCUE_GOLD_MED,
stt11,page_0168,1,8,rất,摽,慄,U+6144,0.3394,True,RESCUE_LOW_CONF,
stt11,page_0168,2,0,năm,䏻,極,U+6975,0.2657,False,NOT_IN_DICT,
stt11,page_0168,2,7,ý,白,衣,U+8863,0.7123,True,RESCUE_GOLD_MED,
stt11,page_0168,2,15,ta,守,旦,U+65E6,0.1892,False,NOT_IN_DICT,
stt11,page_0168,3,7,chước,劝,旦,U+65E6,0.3268,False,NOT_IN_DICT,
stt11,page_0168,4,3,ấy,彡,乙,U+4E59,0.0746,True,RESCUE_LOW_CONF,
stt11,page_0168,4,11,ai,故,埃,U+57C3,0.0658,True,RESCUE_LOW_CONF,
stt11,page_0168,4,14,chước,刈,斫,U+65AB,0.6174,True,RESCUE_LOW_CONF,
stt11,page_0168,4,15,chăng,序,庒,U+5E92,0.0547,True,RESCUE_LOW_CONF,
stt11,page_0168,4,17,phúc,㓜,於,U+65BC,0.2948,False,NOT_IN_DICT,
stt11,page_0168,4,18,đâu,𡨚,兜,U+515C,0.1139,True,RESCUE_LOW_CONF,
stt11,page_0168,4,20,thánh,今,安,U+5B89,0.0914,False,NOT_IN_DICT,
stt11,page_0168,4,21,nào,帀,市,U+5E02,0.548,True,RESCUE_LOW_CONF,
stt11,page_0168,5,0,mà,老,女,U+5973,0.0854,True,RESCUE_LOW_CONF,
stt11,page_0168,5,1,i,事,烏,U+70CF,0.0721,False,NOT_IN_DICT,
stt11,page_0168,5,2,ghê,计,子,U+5B50,0.1104,False,NOT_IN_DICT,
stt11,page_0168,5,3,rê,孫,移,U+79FB,0.1294,False,NOT_IN_DICT,
stt11,page_0168,5,4,gia,以,功,U+529F,0.2116,False,NOT_IN_DICT,
stt11,page_0168,5,5,cho,吿,朱,U+6731,0.2388,True,RESCUE_LOW_CONF,
stt11,page_0168,5,6,thì,为,寺,U+5BFA,0.0314,True,RESCUE_LOW_CONF,
stt11,page_0168,5,7,thức,或,些,U+4E9B,0.2615,False,NOT_IN_DICT,
stt11,page_0168,5,8,và,衆,事,U+4E8B,0.2066,False,NOT_IN_DICT,
stt11,page_0168,5,10,chay,泰,先,U+5148,0.9883,False,NOT_IN_DICT,
stt11,page_0168,5,16,gi,支,离,U+79BB,0.826,False,NOT_IN_DICT,
stt11,page_0168,5,19,nghĩa,㕝,畧,U+7567,0.2259,False,NOT_IN_DICT,
stt11,page_0168,6,7,thì,匈,古,U+53E4,0.2009,False,NOT_IN_DICT,
stt11,page_0168,6,13,nguyện,頋,願,U+9858,0.9888,True,RESCUE_GOLD_HIGH,
stt11,page_0168,6,21,ngays,時,時,U+6642,0.9142,False,NOT_IN_DICT,
stt11,page_0168,7,3,nhong,㦯,戎,U+620E,0.014,True,RESCUE_LOW_CONF,
stt11,page_0168,7,7,dức,息,恩,U+6069,0.1535,False,NOT_IN_DICT,
stt11,page_0168,7,8,lác,𫟒,柴,U+67F4,0.3777,False,NOT_IN_DICT,
stt11,page_0168,7,9,chăng,茂,庒,U+5E92,0.9083,True,RESCUE_GOLD_HIGH,
stt11,page_0168,8,6,một,苐,更,U+66F4,0.3508,True,RESCUE_LOW_CONF,
stt11,page_0168,8,7,lê,札,礼,U+793C,0.9376,False,NOT_IN_DICT,
stt11,page_0168,8,20,chay,本,朱,U+6731,0.2416,False,NOT_IN_DICT,
stt11,page_0168,8,21,một,身,更,U+66F4,0.4115,True,RESCUE_LOW_CONF,
stt11,page_0168,8,22,bữa,餂,餒,U+9912,0.2781,False,NOT_IN_DICT,
stt11,page_0168,9,7,trọng,查,重,U+91CD,0.8514,True,RESCUE_GOLD_HIGH,
stt11,page_0168,9,8,lăm,濓,凜,U+51DC,0.8962,False,NOT_IN_DICT,
stt11,page_0168,9,12,tám,撥,糁,U+7CC1,0.7475,True,RESCUE_GOLD_MED,
stt11,page_0168,9,16,chước,姚,姚,U+59DA,0.2437,False,NOT_IN_DICT,
stt11,page_0168,9,17,giu,瓶,麻,U+9EBB,0.1123,False,NOT_IN_DICT,
stt11,page_0168,9,18,dêu,𭃡,𥘉,U+25609,0.2965,False,NOT_IN_DICT,
stt11,page_0168,9,19,xưa,奠,婆,U+5A46,0.084,False,NOT_IN_DICT,
stt11,page_0170,1,2,tám,袴,糁,U+7CC1,0.4154,True,RESCUE_LOW_CONF,
stt11,page_0170,1,15,lọn,年,命,U+547D,0.303,False,NOT_IN_DICT,
stt11,page_0170,1,21,làm,𡿨,時,U+6642,0.3557,False,NOT_IN_DICT,
stt11,page_0170,2,0,ông,各,各,U+5404,0.9852,False,NOT_IN_DICT,
stt11,page_0170,2,2,lộc,重,吏,U+540F,0.341,False,NOT_IN_DICT,
stt11,page_0170,2,3,được,建,時,U+6642,0.0024,True,RESCUE_LOW_CONF,
stt11,page_0170,2,4,ba,尽,𡗶,U+215F6,0.9488,False,NOT_IN_DICT,
stt11,page_0170,3,18,trăm,𠦡,垩,U+57A9,0.9367,False,NOT_IN_DICT,
stt11,page_0170,3,19,hai,保,保,U+4FDD,0.9815,False,NOT_IN_DICT,
stt11,page_0170,3,20,mươi,禄,禄,U+7984,0.477,False,NOT_IN_DICT,
stt11,page_0170,3,21,bốn,特,特,U+7279,0.974,False,NOT_IN_DICT,
stt11,page_0170,3,22,năm,巴,巴,U+5DF4,0.3813,False,NOT_IN_DICT,
stt11,page_0170,4,0,chin,森,秋,U+79CB,0.0816,False,NOT_IN_DICT,
stt11,page_0170,4,1,si,冶,边,U+8FB9,0.1503,False,NOT_IN_DICT,
stt11,page_0170,4,2,nô,𠾖,罪,U+7F6A,0.2474,False,NOT_IN_DICT,
stt11,page_0170,4,3,pha,解,補,U+88DC,0.3057,False,NOT_IN_DICT,
stt11,page_0170,6,8,4,舉,畧,U+7567,0.3014,False,NOT_IN_DICT,
stt11,page_0170,6,9,năm,餠,本,U+672C,0.4241,False,NOT_IN_DICT,
stt11,page_0170,6,22,cả,好,竒,U+7AD2,0.3546,True,RESCUE_LOW_CONF,
stt11,page_0170,7,7,ta,𬼘,些,U+4E9B,0.9861,True,RESCUE_GOLD_HIGH,
stt11,page_0170,7,22,thư,鍳,事,U+4E8B,0.1499,False,NOT_IN_DICT,
stt11,page_0170,8,3,bốn,𠔃,卒,U+5352,0.0522,False,NOT_IN_DICT,
stt11,page_0170,8,4,đạo,過,道,U+9053,0.0262,True,RESCUE_LOW_CONF,
stt11,page_0170,8,5,vêu,勝,用,U+7528,0.1428,False,NOT_IN_DICT,
stt11,page_0170,8,6,nhau,疾,燒,U+71D2,0.9083,True,RESCUE_GOLD_HIGH,
stt11,page_0170,8,9,thật,契,实,U+5B9E,0.8314,True,RESCUE_GOLD_MED,
stt11,page_0170,9,0,hiền,貯,𠊚,U+2029A,0.095,False,NOT_IN_DICT,
stt11,page_0170,9,10,đày,莒,苔,U+82D4,0.0536,True,RESCUE_LOW_CONF,
stt11,page_0170,9,18,giữa,弹,神,U+795E,0.2636,False,NOT_IN_DICT,
stt11,page_0170,9,19,biển,凌,彼,U+5F7C,0.0736,True,RESCUE_LOW_CONF,
stt11,page_0170,9,22,sa,涿,沙,U+6C99,0.7752,True,RESCUE_GOLD_MED,
stt11,page_0170,9,23,r,移,移,U+79FB,0.7065,False,NOT_IN_DICT,
stt11,page_0172,1,11,i,白,泊,U+6CCA,0.2739,False,NOT_IN_DICT,
stt11,page_0172,1,14,gia,叔,加,U+52A0,0.1003,True,RESCUE_LOW_CONF,
stt11,page_0172,1,18,mát,涂,沫,U+6CAB,0.2156,True,RESCUE_LOW_CONF,
stt11,page_0172,1,19,tê,蹻,躋,U+8E8B,0.3959,True,RESCUE_LOW_CONF,
stt11,page_0172,1,20,ri,投,移,U+79FB,0.5794,False,NOT_IN_DICT,
stt11,page_0172,1,21,xác,壹,壳,U+58F3,0.5814,True,RESCUE_LOW_CONF,
stt11,page_0172,2,8,về,𡵯,城,U+57CE,0.6857,False,NOT_IN_DICT,
stt11,page_0172,3,7,cho,少,朱,U+6731,0.2595,True,RESCUE_LOW_CONF,
stt11,page_0172,3,10,thánh,葉,垩,U+57A9,0.8934,True,RESCUE_GOLD_HIGH,
stt11,page_0172,3,15,231,当,𠊚,U+2029A,0.0647,False,NOT_IN_DICT,
stt11,page_0172,3,16,năm,𭁡,巴,U+5DF4,0.2383,False,NOT_IN_DICT,
stt11,page_0172,4,2,1,衣,衣,U+8863,0.6668,False,NOT_IN_DICT,
stt11,page_0172,5,6,nước,𨖥,渃,U+6E03,0.9099,True,RESCUE_GOLD_HIGH,
stt11,page_0172,5,8,ga,猡,特,U+7279,0.153,False,NOT_IN_DICT,
stt11,page_0172,5,16,me,侯,模,U+6A21,0.2468,False,NOT_IN_DICT,
stt11,page_0172,5,19,sô,鄒,歇,U+6B47,0.3591,False,NOT_IN_DICT,
stt11,page_0172,6,2,chọn,機,移,U+79FB,0.1467,False,NOT_IN_DICT,
stt11,page_0172,7,9,chưa,法,渚,U+6E1A,0.4763,True,RESCUE_LOW_CONF,
stt11,page_0172,7,12,5,醯,施,U+65BD,0.5807,False,NOT_IN_DICT,
stt11,page_0172,7,21,ở,部,帝,U+5E1D,0.2327,False,NOT_IN_DICT,
stt11,page_0172,8,1,về,用,𧗱,U+275F1,0.4283,True,RESCUE_LOW_CONF,
stt11,page_0172,8,12,năm,凜,凜,U+51DC,0.8229,False,NOT_IN_DICT,
stt11,page_0172,8,17,ong,蟬,獅,U+7345,0.1179,False,NOT_IN_DICT,
stt11,page_0174,1,6,ve,蝎,船,U+8239,0.0444,False,NOT_IN_DICT,
stt11,page_0174,2,9,chới,汸,渚,U+6E1A,0.6539,False,NOT_IN_DICT,
stt11,page_0174,3,8,mình,鳳,命,U+547D,0.4805,True,RESCUE_LOW_CONF,
stt11,page_0174,3,15,dạy,吒,代,U+4EE3,0.7502,True,RESCUE_GOLD_MED,
stt11,page_0174,3,20,lời,剤,創,U+5275,0.1731,False,NOT_IN_DICT,
stt11,page_0174,3,22,trên,避,連,U+9023,0.8551,True,RESCUE_GOLD_HIGH,
stt11,page_0174,4,7,rinh,盈,浪,U+6D6A,0.505,False,NOT_IN_DICT,
stt11,page_0174,4,9,a,𭮀,亞,U+4E9E,0.0678,True,RESCUE_LOW_CONF,
stt11,page_0174,4,15,nghĩa,美,义,U+4E49,0.0486,True,RESCUE_LOW_CONF,
stt11,page_0174,5,6,mẹ,錢,埃,U+57C3,0.1681,False,NOT_IN_DICT,
stt11,page_0174,5,21,nguyện,顇,願,U+9858,0.8271,True,RESCUE_GOLD_MED,
stt11,page_0174,6,10,chăng,忠,庒,U+5E92,0.6718,True,RESCUE_LOW_CONF,
stt11,page_0174,6,16,tìm,乎,尋,U+5C0B,0.9922,True,RESCUE_GOLD_HIGH,
stt11,page_0174,7,5,kể,討,計,U+8A08,0.9398,True,RESCUE_GOLD_HIGH,
stt11,page_0174,7,8,cả,爭,竒,U+7AD2,0.3642,True,RESCUE_LOW_CONF,
stt11,page_0174,7,12,mồ,㦯,唐,U+5510,0.1116,False,NOT_IN_DICT,
stt11,page_0174,7,15,bụa,姉,姊,U+59CA,0.6345,False,NOT_IN_DICT,
stt11,page_0174,8,8,chăng,茂,庒,U+5E92,0.0256,True,RESCUE_LOW_CONF,
stt11,page_0174,8,15,cùng,我,戈,U+6208,0.8818,False,NOT_IN_DICT,
stt11,page_0174,9,6,thắng,当,𤯝,U+24BDD,0.0461,True,RESCUE_LOW_CONF,
stt11,page_0174,9,13,lăm,筆,福,U+798F,0.2708,False,NOT_IN_DICT,
stt11,page_0176,1,1,rửa,𣳚,召,U+53EC,0.2423,False,NOT_IN_DICT,
stt11,page_0176,1,15,chê,跂,吱,U+5431,0.2148,True,RESCUE_LOW_CONF,
stt11,page_0176,2,3,mắng,搴,群,U+7FA4,0.0899,False,NOT_IN_DICT,
stt11,page_0176,2,12,chăng,片,庒,U+5E92,0.7695,True,RESCUE_GOLD_MED,
stt11,page_0176,2,13,chê,史,吱,U+5431,0.097,True,RESCUE_LOW_CONF,
stt11,page_0176,2,15,vợ,婿,嬏,U+5B0F,0.7782,True,RESCUE_GOLD_MED,
stt11,page_0176,3,13,phải,净,沛,U+6C9B,0.3346,True,RESCUE_LOW_CONF,
stt11,page_0176,3,14,nao,弟,市,U+5E02,0.6203,True,RESCUE_LOW_CONF,
stt11,page_0176,3,21,tray,祀,礼,U+793C,0.1737,False,NOT_IN_DICT,
stt11,page_0176,3,22,d,趍,棱,U+68F1,0.139,False,NOT_IN_DICT,
stt11,page_0176,4,12,thánh,葉,垩,U+57A9,0.8853,True,RESCUE_GOLD_HIGH,
stt11,page_0176,4,15,ve,鷂,飭,U+98ED,0.0853,False,NOT_IN_DICT,
stt11,page_0176,4,17,nhớ,𢚰,惜,U+60DC,0.1492,False,NOT_IN_DICT,
stt11,page_0176,5,0,cả,𤔄,哿,U+54FF,0.3415,True,RESCUE_LOW_CONF,
stt11,page_0176,5,3,rằng,腹,浪,U+6D6A,0.9719,True,RESCUE_GOLD_HIGH,
stt11,page_0176,5,4,lạy,祧,礼,U+793C,0.1849,True,RESCUE_LOW_CONF,
stt11,page_0176,6,3,ở,孤,於,U+65BC,0.9825,True,RESCUE_GOLD_HIGH,
stt11,page_0176,6,8,tôi,呷,砕,U+7815,0.1642,True,RESCUE_LOW_CONF,
stt11,page_0176,6,11,ví,变,黄,U+9EC4,0.2718,False,NOT_IN_DICT,
stt11,page_0176,6,12,băng,干,平,U+5E73,0.6302,False,NOT_IN_DICT,
stt11,page_0176,6,13,tôi,平,砕,U+7815,0.3954,True,RESCUE_LOW_CONF,
stt11,page_0176,7,11,xin,獎,嗔,U+55D4,0.6212,True,RESCUE_LOW_CONF,
stt11,page_0176,7,12,thương,傉,傷,U+50B7,0.038,True,RESCUE_LOW_CONF,
stt11,page_0176,7,16,cùng,艾,共,U+5171,0.1402,True,RESCUE_LOW_CONF,
stt11,page_0176,7,18,tôi,尹,砕,U+7815,0.5179,True,RESCUE_LOW_CONF,
stt11,page_0176,7,21,dao,足,及,U+53CA,0.1989,False,NOT_IN_DICT,
stt11,page_0176,8,11,làm,𡿨,乄,U+4E44,0.1187,True,RESCUE_LOW_CONF,
stt11,page_0176,9,16,chăng,店,庒,U+5E92,0.5827,True,RESCUE_LOW_CONF,
stt11,page_0176,9,21,xua,枅,林,U+6797,0.1698,False,NOT_IN_DICT,
stt11,page_0178,1,11,bấy,因,闭,U+95ED,0.0453,True,RESCUE_LOW_CONF,
stt11,page_0178,1,13,đầy,茗,苔,U+82D4,0.0455,True,RESCUE_LOW_CONF,
stt11,page_0178,1,15,nuôi,𡚶,挼,U+633C,0.0307,True,RESCUE_LOW_CONF,
stt11,page_0178,2,1,nhà,茢,茹,U+8339,0.566,True,RESCUE_LOW_CONF,
stt11,page_0178,2,5,dân,㠯,麻,U+9EBB,0.198,False,NOT_IN_DICT,
stt11,page_0178,2,14,phải,净,沛,U+6C9B,0.3952,True,RESCUE_LOW_CONF,
stt11,page_0178,2,18,dữ,𤆛,与,U+4E0E,0.9483,True,RESCUE_GOLD_HIGH,
stt11,page_0178,2,20,bởi,咢,罢,U+7F62,0.5967,True,RESCUE_LOW_CONF,
stt11,page_0178,3,7,phải,净,沛,U+6C9B,0.181,True,RESCUE_LOW_CONF,
stt11,page_0178,4,0,gái,妙,𡛔,U+216D4,0.3268,True,RESCUE_LOW_CONF,
stt11,page_0178,4,1,già,銑,鉄,U+9244,0.4778,False,NOT_IN_DICT,
stt11,page_0178,4,15,mình,局,命,U+547D,0.0686,True,RESCUE_LOW_CONF,
stt11,page_0178,4,20,khích,釋,称,U+79F0,0.2083,False,NOT_IN_DICT,
stt11,page_0178,4,21,đi,鼓,枝,U+679D,0.1986,False,NOT_IN_DICT,
stt11,page_0178,5,3,xuống,寃,當,U+7576,0.2046,False,NOT_IN_DICT,
stt11,page_0178,5,4,nơi,巳,尼,U+5C3C,0.8507,True,RESCUE_GOLD_HIGH,
stt11,page_0178,5,5,lấm,材,林,U+6797,0.476,False,NOT_IN_DICT,
stt11,page_0178,5,7,do,妤,沛,U+6C9B,0.8158,False,NOT_IN_DICT,
stt11,page_0178,5,12,dây,洩,曳,U+66F3,0.1573,True,RESCUE_LOW_CONF,
stt11,page_0178,5,16,áo,茯,袄,U+8884,0.968,True,RESCUE_GOLD_HIGH,
stt11,page_0178,6,0,xin,莫,真,U+771F,0.7167,True,RESCUE_GOLD_MED,
stt11,page_0178,6,3,đội,塚,隊,U+968A,0.9257,True,RESCUE_GOLD_HIGH,
stt11,page_0178,6,11,ngày,耼,時,U+6642,0.866,True,RESCUE_GOLD_HIGH,
stt11,page_0178,7,3,mắng,辱,吒,U+5412,0.1215,False,NOT_IN_DICT,
stt11,page_0178,7,4,tiếng,嗜,時,U+6642,0.0798,False,NOT_IN_DICT,
stt11,page_0178,7,7,đòi,深,丕,U+4E15,0.97,False,NOT_IN_DICT,
stt11,page_0178,7,8,về,畨,隊,U+968A,0.7508,False,NOT_IN_DICT,
stt11,page_0178,7,11,ngày,牌,命,U+547D,0.7264,False,NOT_IN_DICT,
stt11,page_0178,8,1,giờ,際,除,U+9664,0.7282,True,RESCUE_GOLD_MED,
stt11,page_0178,8,5,đủ,坊,堵,U+5835,0.6216,True,RESCUE_LOW_CONF,
stt11,page_0178,8,19,vậy,圣,丕,U+4E15,0.9616,True,RESCUE_GOLD_HIGH,
stt11,page_0178,9,7,là,嘿,邏,U+908F,0.0876,True,RESCUE_LOW_CONF,
stt11,page_0178,9,8,hãm,脂,𨺻,U+28EBB,0.785,True,RESCUE_GOLD_MED,
stt11,page_0178,9,12,thiên,𨱗,天,U+5929,0.1417,True,RESCUE_LOW_CONF,
stt11,page_0178,9,16,làm,愛,乄,U+4E44,0.0627,True,RESCUE_LOW_CONF,
stt11,page_0178,9,17,nhà,菽,茹,U+8339,0.8128,True,RESCUE_GOLD_MED,
stt11,page_0180,1,4,hèn,関,閑,U+9591,0.2559,True,RESCUE_LOW_CONF,
stt11,page_0180,1,6,mình,𭥦,命,U+547D,0.9789,True,RESCUE_GOLD_HIGH,
stt11,page_0180,1,17,vua,席,君,U+541B,0.0774,True,RESCUE_LOW_CONF,
stt11,page_0180,1,19,làm,衆,重,U+91CD,0.4721,False,NOT_IN_DICT,
stt11,page_0180,2,5,thưa,姝,踈,U+8E08,0.871,True,RESCUE_GOLD_HIGH,
stt11,page_0180,2,6,rằng,眼,浪,U+6D6A,0.92,True,RESCUE_GOLD_HIGH,
stt11,page_0180,2,7,chớ,焰,渚,U+6E1A,0.2933,True,RESCUE_LOW_CONF,
stt11,page_0180,2,11,nào,屰,市,U+5E02,0.6812,True,RESCUE_LOW_CONF,
stt11,page_0180,3,1,mình,𫢉,命,U+547D,0.9246,True,RESCUE_GOLD_HIGH,
stt11,page_0180,3,8,nguyện,頋,願,U+9858,0.9675,True,RESCUE_GOLD_HIGH,
stt11,page_0180,4,7,hay,宣,咍,U+548D,0.058,True,RESCUE_LOW_CONF,
stt11,page_0180,4,13,ai,埂,埃,U+57C3,0.7865,True,RESCUE_GOLD_MED,
stt11,page_0180,4,20,một,侵,戈,U+6208,0.2625,False,NOT_IN_DICT,
stt11,page_0180,5,17,cho,娘,悶,U+60B6,0.6981,False,NOT_IN_DICT,
stt11,page_0180,5,18,mẹ,生,悶,U+60B6,0.8392,False,NOT_IN_DICT,
stt11,page_0180,6,2,rằng,浸,浪,U+6D6A,0.8691,True,RESCUE_GOLD_HIGH,
stt11,page_0180,7,2,thôi,口,碎,U+788E,0.557,False,NOT_IN_DICT,
stt11,page_0180,7,15,rằng,腹,浪,U+6D6A,0.8266,True,RESCUE_GOLD_MED,
stt11,page_0180,7,18,bà,他,把,U+628A,0.5665,True,RESCUE_LOW_CONF,
stt11,page_0180,8,7,nguyện,親,願,U+9858,0.799,True,RESCUE_GOLD_MED,
stt11,page_0180,8,16,nóng,煨,燶,U+71F6,0.2582,True,RESCUE_LOW_CONF,
stt11,page_0180,9,18,rằng,帳,浪,U+6D6A,0.7495,True,RESCUE_GOLD_MED,
stt11,page_0180,9,19,lóc,連,連,U+9023,0.8071,False,NOT_IN_DICT,
stt11,page_0182,1,1,dây,姨,鎌,U+938C,0.0649,False,NOT_IN_DICT,
stt11,page_0182,1,2,buộc,糾,外,U+5916,0.6243,False,NOT_IN_DICT,
stt11,page_0182,1,8,lôi,蠡,磊,U+78CA,0.5464,False,NOT_IN_DICT,
stt11,page_0182,1,20,chăng,夲,庒,U+5E92,0.9202,True,RESCUE_GOLD_HIGH,
stt11,page_0182,2,9,răng,臨,浪,U+6D6A,0.8753,True,RESCUE_GOLD_HIGH,
stt11,page_0182,2,11,tóc,逹,速,U+901F,0.2209,True,RESCUE_LOW_CONF,
stt11,page_0182,3,15,ở,重,末,U+672B,0.3847,False,NOT_IN_DICT,
stt11,page_0182,3,16,cùng,𠀍,邛,U+909B,0.0605,True,RESCUE_LOW_CONF,
stt11,page_0182,4,5,mẹ,嫂,唉,U+5509,0.0841,False,NOT_IN_DICT,
stt11,page_0182,4,21,thì,与,与,U+4E0E,0.1121,False,NOT_IN_DICT,
stt11,page_0182,6,0,tiếng,将,省,U+7701,0.2698,True,RESCUE_LOW_CONF,
stt11,page_0182,6,14,rõ,吕,灵,U+7075,0.349,False,NOT_IN_DICT,
stt11,page_0182,6,17,nai,臻,矯,U+77EF,0.4738,False,NOT_IN_DICT,
stt11,page_0182,6,19,nước,湯,渃,U+6E03,0.8404,True,RESCUE_GOLD_MED,
stt11,page_0182,7,3,uống,丑,㕵,U+3575,0.372,True,RESCUE_LOW_CONF,
stt11,page_0182,7,6,nặng,屨,腰,U+8170,0.2121,False,NOT_IN_DICT,
stt11,page_0182,7,15,ra,皂,𠊚,U+2029A,0.174,False,NOT_IN_DICT,
stt11,page_0182,8,17,gần,数,断,U+65AD,0.458,False,NOT_IN_DICT,
stt11,page_0182,8,19,liên,逹,連,U+9023,0.8712,True,RESCUE_GOLD_HIGH,
stt11,page_0182,9,2,hèn,闥,閑,U+9591,0.3258,True,RESCUE_LOW_CONF,
stt11,page_0182,9,4,lánh,月,另,U+53E6,0.3744,True,RESCUE_LOW_CONF,
stt11,page_0184,1,0,mình,犀,命,U+547D,0.4376,True,RESCUE_LOW_CONF,
stt11,page_0184,1,14,nước,渡,渃,U+6E03,0.3439,True,RESCUE_LOW_CONF,
stt11,page_0184,1,20,bốn,器,畧,U+7567,0.1574,False,NOT_IN_DICT,
stt11,page_0184,2,6,thiên,𨱗,天,U+5929,0.0841,True,RESCUE_LOW_CONF,
stt11,page_0184,2,17,cam,捧,扲,U+6272,0.9715,False,NOT_IN_DICT,
stt11,page_0184,3,7,câm,𫝆,分,U+5206,0.1665,False,NOT_IN_DICT,
stt11,page_0184,4,0,người,早,𠊚,U+2029A,0.9931,True,RESCUE_GOLD_HIGH,
stt11,page_0184,4,18,chăng,成,庒,U+5E92,0.1316,True,RESCUE_LOW_CONF,
stt11,page_0184,5,17,vui,遜,盃,U+76C3,0.9134,True,RESCUE_GOLD_HIGH,
stt11,page_0184,6,2,trời,辰,𡗶,U+215F6,0.9274,True,RESCUE_GOLD_HIGH,
stt11,page_0184,6,8,áo,袂,襖,U+8956,0.0272,True,RESCUE_LOW_CONF,
stt11,page_0184,6,15,ve,蝎,綽,U+7DBD,0.0768,False,NOT_IN_DICT,
stt11,page_0184,6,17,yêu,服,腰,U+8170,0.2601,True,RESCUE_LOW_CONF,
stt11,page_0184,7,0,rách,疝,泟,U+6CDF,0.2152,True,RESCUE_LOW_CONF,
stt11,page_0184,7,4,ngửi,文,支,U+652F,0.3624,False,NOT_IN_DICT,
stt11,page_0184,7,7,băng,甲,庄,U+5E84,0.1584,False,NOT_IN_DICT,
stt11,page_0184,7,11,yêu,胳,腰,U+8170,0.541,True,RESCUE_LOW_CONF,
stt11,page_0184,7,13,hám,腐,渚,U+6E1A,0.2773,False,NOT_IN_DICT,
stt11,page_0184,7,21,trọng,皇,重,U+91CD,0.8965,True,RESCUE_GOLD_HIGH,
stt11,page_0184,9,1,ở,日,奴,U+5974,0.3198,False,NOT_IN_DICT,
stt11,page_0184,9,13,trọng,厘,重,U+91CD,0.916,True,RESCUE_GOLD_HIGH,
stt11,page_0184,9,17,trên,䢖,連,U+9023,0.8289,True,RESCUE_GOLD_MED,
stt11,page_0186,1,5,ra,煕,囉,U+56C9,0.0071,True,RESCUE_LOW_CONF,
stt11,page_0186,1,14,ngàn,断,咍,U+548D,0.1769,False,NOT_IN_DICT,
stt11,page_0186,1,15,hai,呾,實,U+5BE6,0.215,False,NOT_IN_DICT,
stt11,page_0186,1,16,trăm,戛,巴,U+5DF4,0.8031,False,NOT_IN_DICT,
stt11,page_0186,1,18,mốt,徔,没,U+6CA1,0.0443,True,RESCUE_LOW_CONF,
stt11,page_0186,1,19,1231,𢎯,更,U+66F4,0.2373,False,NOT_IN_DICT,
stt11,page_0186,1,20,năm,抑,獅,U+7345,0.1967,False,NOT_IN_DICT,
stt11,page_0186,2,0,ngay,睥,𣈜,U+2321C,0.0058,True,RESCUE_LOW_CONF,
stt11,page_0186,2,2,mươl,邁,邁,U+9081,0.9558,False,NOT_IN_DICT,
stt11,page_0186,2,6,phát,𭛁,歳,U+6B73,0.0756,False,NOT_IN_DICT,
stt11,page_0186,2,10,ngày,早,礼,U+793C,0.751,False,NOT_IN_DICT,
stt11,page_0186,2,11,hai,略,咍,U+548D,0.0163,True,RESCUE_LOW_CONF,
stt11,page_0186,2,12,mươi,𨕙,邁,U+9081,0.7979,True,RESCUE_GOLD_MED,
stt11,page_0186,2,14,tháng,郎,仍,U+4ECD,0.1957,False,NOT_IN_DICT,
stt11,page_0186,3,14,giảng,協,赦,U+8D66,0.3765,False,NOT_IN_DICT,
stt11,page_0186,3,19,biết,倒,别,U+522B,0.5248,True,RESCUE_LOW_CONF,
stt11,page_0186,3,21,lên,遇,連,U+9023,0.2388,True,RESCUE_LOW_CONF,
stt11,page_0186,4,19,lên,逹,連,U+9023,0.9163,True,RESCUE_GOLD_HIGH,
stt11,page_0186,4,20,rừng,㧞,棱,U+68F1,0.2798,True,RESCUE_LOW_CONF,
stt11,page_0186,5,14,a,巫,亜,U+4E9C,0.3776,True,RESCUE_LOW_CONF,
stt11,page_0186,6,2,tra,要,翁,U+7FC1,0.2566,False,NOT_IN_DICT,
stt11,page_0186,6,3,ong,𧊵,我,U+6211,0.11,False,NOT_IN_DICT,
stt11,page_0186,6,11,mỏ,羙,美,U+7F8E,0.8433,False,NOT_IN_DICT,
stt11,page_0186,6,17,ấy,身,乙,U+4E59,0.0696,True,RESCUE_LOW_CONF,
stt11,page_0186,7,0,cả,身,哿,U+54FF,0.2389,True,RESCUE_LOW_CONF,
stt11,page_0186,7,1,nước,瞻,渃,U+6E03,0.6763,True,RESCUE_LOW_CONF,
stt11,page_0186,7,14,một,吳,更,U+66F4,0.3965,True,RESCUE_LOW_CONF,
stt11,page_0186,7,20,là,男,𠊚,U+2029A,0.5117,False,NOT_IN_DICT,
stt11,page_0186,8,0,giu,拇,塊,U+584A,0.1312,False,NOT_IN_DICT,
stt11,page_0186,8,1,ra,𬻝,罢,U+7F62,0.186,False,NOT_IN_DICT,
stt11,page_0186,8,2,phát,𭛁,遣,U+9063,0.1071,False,NOT_IN_DICT,
stt11,page_0186,8,6,kẻ,事,事,U+4E8B,0.9444,False,NOT_IN_DICT,
stt11,page_0186,9,10,mà,裔,麻,U+9EBB,0.4374,True,RESCUE_LOW_CONF,
stt11,page_0186,9,11,ghét,炫,麻,U+9EBB,0.3086,False,NOT_IN_DICT,
stt11,page_0186,9,12,đạo,過,吏,U+540F,0.0622,False,NOT_IN_DICT,
stt11,page_0186,9,19,bây,苾,悲,U+60B2,0.0274,True,RESCUE_LOW_CONF,
stt11,page_0188,1,2,phán,尹,判,U+5224,0.9204,True,RESCUE_GOLD_HIGH,
stt11,page_0188,1,21,khi,擬,欺,U+6B3A,0.8268,True,RESCUE_GOLD_MED,
stt11,page_0188,2,14,rằng,𣸪,浪,U+6D6A,0.5738,True,RESCUE_LOW_CONF,
stt11,page_0188,2,16,cha,此,吒,U+5412,0.9293,True,RESCUE_GOLD_HIGH,
stt11,page_0188,2,19,ra,惸,𠊚,U+2029A,0.5004,False,NOT_IN_DICT,
stt11,page_0188,3,2,mắng,溱,除,U+9664,0.1898,False,NOT_IN_DICT,
stt11,page_0188,3,9,ra,将,𠊚,U+2029A,0.2961,False,NOT_IN_DICT,
stt11,page_0188,3,19,răng,復,浪,U+6D6A,0.9515,True,RESCUE_GOLD_HIGH,
stt11,page_0188,3,20,bay,𭠠,群,U+7FA4,0.187,False,NOT_IN_DICT,
stt11,page_0188,4,5,xem,𭃡,袩,U+88A9,0.2344,True,RESCUE_LOW_CONF,
stt11,page_0188,4,11,già,廐,鉄,U+9244,0.2987,False,NOT_IN_DICT,
stt11,page_0188,4,16,phán,尹,判,U+5224,0.5364,True,RESCUE_LOW_CONF,
stt11,page_0188,5,13,già,就,瑟,U+745F,0.1488,False,NOT_IN_DICT,
stt11,page_0188,5,14,còng,捧,扲,U+6272,0.5571,False,NOT_IN_DICT,
stt11,page_0188,6,10,răng,恨,浪,U+6D6A,0.7017,True,RESCUE_GOLD_MED,
stt11,page_0188,6,11,vốn,蜀,塊,U+584A,0.1674,False,NOT_IN_DICT,
stt11,page_0188,6,21,đến,最,欺,U+6B3A,0.5348,False,NOT_IN_DICT,
stt11,page_0188,7,5,đuối,姓,対,U+5BFE,0.3958,True,RESCUE_LOW_CONF,
stt11,page_0188,7,8,già,鈍,慰,U+6170,0.4373,False,NOT_IN_DICT,
stt11,page_0188,7,10,thấy,洋,尼,U+5C3C,0.9739,False,NOT_IN_DICT,
stt11,page_0188,9,4,tra,哭,時,U+6642,0.2001,False,NOT_IN_DICT,
stt11,page_0188,9,12,buôn,奪,几,U+51E0,0.9727,False,NOT_IN_DICT,
stt11,page_0188,9,18,cửa,争,牢,U+7262,0.1109,False,NOT_IN_DICT,
stt11,page_0190,2,3,giảng,城,城,U+57CE,0.5941,False,NOT_IN_DICT,
stt11,page_0190,2,5,biết,卧,别,U+522B,0.5021,True,RESCUE_LOW_CONF,
stt11,page_0190,3,5,bội,位,位,U+4F4D,0.3164,False,NOT_IN_DICT,
stt11,page_0190,3,12,tỏ,𣃥,訴,U+8A34,0.3605,True,RESCUE_LOW_CONF,
stt11,page_0190,3,14,chịu,吊,召,U+53EC,0.9817,True,RESCUE_GOLD_HIGH,
stt11,page_0190,3,18,khỏi,惚,塊,U+584A,0.9169,True,RESCUE_GOLD_HIGH,
stt11,page_0190,4,5,chẳng,秀,群,U+7FA4,0.5987,False,NOT_IN_DICT,
stt11,page_0190,4,6,còn,烊,群,U+7FA4,0.1024,True,RESCUE_LOW_CONF,
stt11,page_0190,4,11,biết,邑,别,U+522B,0.8983,True,RESCUE_GOLD_HIGH,
stt11,page_0190,5,16,vào,囘,包,U+5305,0.9023,True,RESCUE_GOLD_HIGH,
stt11,page_0190,6,20,kẻo,知,矯,U+77EF,0.9305,True,RESCUE_GOLD_HIGH,
stt11,page_0190,7,9,hãy,尺,矣,U+77E3,0.8657,True,RESCUE_GOLD_HIGH,
stt11,page_0190,7,19,đoạn,封,断,U+65AD,0.9329,True,RESCUE_GOLD_HIGH,
stt11,page_0190,8,0,một,呉,更,U+66F4,0.5741,True,RESCUE_LOW_CONF,
stt11,page_0190,8,8,thầy,我,柴,U+67F4,0.8284,True,RESCUE_GOLD_MED,
stt11,page_0190,8,9,ấy,父,柴,U+67F4,0.8433,False,NOT_IN_DICT,
stt11,page_0190,8,14,can,縛,奴,U+5974,0.9912,False,NOT_IN_DICT,
stt11,page_0190,8,18,chớ,凊,枝,U+679D,0.05,False,NOT_IN_DICT,
stt11,page_0190,8,19,học,孝,為,U+70BA,0.1578,False,NOT_IN_DICT,
stt11,page_0190,9,15,mà,勝,麻,U+9EBB,0.8743,True,RESCUE_GOLD_HIGH,
stt11,page_0190,9,17,thấy,淂,兮,U+516E,0.1845,False,NOT_IN_DICT,
stt11,page_0190,9,18,lại,市,吏,U+540F,0.8595,True,RESCUE_GOLD_HIGH,
stt11,page_0190,9,19,dạy,叱,曳,U+66F3,0.3334,True,RESCUE_LOW_CONF,
stt11,page_0190,9,21,trên,迦,連,U+9023,0.3352,True,RESCUE_LOW_CONF,
stt11,page_0192,1,0,rừng,援,棱,U+68F1,0.3684,True,RESCUE_LOW_CONF,
stt11,page_0192,1,11,thấy,首,行,U+884C,0.3687,False,NOT_IN_DICT,
stt11,page_0192,1,16,sáu,赱,老,U+8001,0.2992,True,RESCUE_LOW_CONF,
stt11,page_0192,2,7,rằng,陽,浪,U+6D6A,0.9096,True,RESCUE_GOLD_HIGH,
stt11,page_0192,2,12,tra,嚶,𠊚,U+2029A,0.3465,False,NOT_IN_DICT,
stt11,page_0192,2,13,ong,𧊵,蜂,U+8702,0.0948,True,RESCUE_LOW_CONF,
stt11,page_0192,2,14,ở,支,吏,U+540F,0.2872,False,NOT_IN_DICT,
stt11,page_0192,2,19,giết,栁,折,U+6298,0.5702,True,RESCUE_LOW_CONF,
stt11,page_0192,2,20,hết,馭,歇,U+6B47,0.7918,True,RESCUE_GOLD_MED,
stt11,page_0192,3,3,can,諫,讀,U+8B80,0.1314,False,NOT_IN_DICT,
stt11,page_0192,4,6,giảng,滿,講,U+8B1B,0.4608,True,RESCUE_LOW_CONF,
stt11,page_0192,5,0,bây,甚,悲,U+60B2,0.0524,True,RESCUE_LOW_CONF,
stt11,page_0192,5,16,cất,技,拮,U+62EE,0.8449,True,RESCUE_GOLD_MED,
stt11,page_0192,5,19,kẻo,舛,矯,U+77EF,0.1289,True,RESCUE_LOW_CONF,
stt11,page_0192,5,21,nói,旧,呐,U+5450,0.5212,True,RESCUE_LOW_CONF,
stt11,page_0192,6,7,lo,芦,乃,U+4E43,0.1075,False,NOT_IN_DICT,
stt11,page_0192,6,8,hai,㽞,咍,U+548D,0.4151,True,RESCUE_LOW_CONF,
stt11,page_0192,6,13,vua,帚,君,U+541B,0.324,True,RESCUE_LOW_CONF,
stt11,page_0192,7,8,vua,帚,君,U+541B,0.0869,True,RESCUE_LOW_CONF,
stt11,page_0192,7,12,can,諫,讓,U+8B93,0.1066,False,NOT_IN_DICT,
stt11,page_0192,7,18,đầu,亮,兜,U+515C,0.3588,False,NOT_IN_DICT,
stt11,page_0192,8,8,đặt,遟,逹,U+9039,0.2135,True,RESCUE_LOW_CONF,
stt11,page_0192,8,10,là,𭻃,𥘉,U+25609,0.4749,False,NOT_IN_DICT,
stt11,page_0192,8,13,trá,雄,対,U+5BFE,0.8408,False,NOT_IN_DICT,
stt11,page_0192,9,2,đạo,廵,泣,U+6CE3,0.0791,False,NOT_IN_DICT,
stt11,page_0192,9,5,chớ,涝,渚,U+6E1A,0.7602,True,RESCUE_GOLD_MED,
stt11,page_0192,9,7,cha,此,吒,U+5412,0.9802,True,RESCUE_GOLD_HIGH,
stt11,page_0192,9,12,vậv,不,丕,U+4E15,0.9772,False,NOT_IN_DICT,
stt11,page_0192,9,17,về,削,𧗱,U+275F1,0.7689,True,RESCUE_GOLD_MED,
stt11,page_0192,9,18,đền,受,没,U+6CA1,0.1484,False,NOT_IN_DICT,
stt11,page_0194,1,3,giết,析,折,U+6298,0.9668,True,RESCUE_GOLD_HIGH,
stt11,page_0194,2,2,khỏi,捏,塊,U+584A,0.0184,True,RESCUE_LOW_CONF,
stt11,page_0194,2,14,dạy,㕥,代,U+4EE3,0.72,True,RESCUE_GOLD_MED,
stt11,page_0194,3,0,trên,邂,連,U+9023,0.9404,True,RESCUE_GOLD_HIGH,
stt11,page_0194,3,1,rừng,校,棱,U+68F1,0.332,True,RESCUE_LOW_CONF,
stt11,page_0194,3,10,lon,獻,廪,U+5EEA,0.1146,False,NOT_IN_DICT,
stt11,page_0194,4,12,về,渉,事,U+4E8B,0.2682,False,NOT_IN_DICT,
stt11,page_0194,5,2,thầy,棐,柴,U+67F4,0.7358,True,RESCUE_GOLD_MED,
stt11,page_0194,5,3,phù,净,求,U+6C42,0.3864,False,NOT_IN_DICT,
stt11,page_0194,5,10,ví,李,黄,U+9EC4,0.2987,False,NOT_IN_DICT,
stt11,page_0194,6,0,ngày,委,時,U+6642,0.0541,True,RESCUE_LOW_CONF,
stt11,page_0194,6,1,sau,小,朱,U+6731,0.2022,False,NOT_IN_DICT,
stt11,page_0194,6,2,nguôi,思,爲,U+7232,0.105,False,NOT_IN_DICT,
stt11,page_0194,6,8,hãy,突,君,U+541B,0.3483,False,NOT_IN_DICT,
stt11,page_0194,6,12,gái,姊,昆,U+6606,0.9604,False,NOT_IN_DICT,
stt11,page_0194,6,15,ở,成,古,U+53E4,0.1379,False,NOT_IN_DICT,
stt11,page_0194,6,17,làm,切,城,U+57CE,0.9429,False,NOT_IN_DICT,
stt11,page_0194,7,3,chơi,禽,愈,U+6108,0.1329,False,NOT_IN_DICT,
stt11,page_0194,9,13,lẽ,埋,理,U+7406,0.9398,True,RESCUE_GOLD_HIGH,
stt11,page_0194,9,22,hay,变,安,U+5B89,0.1097,False,NOT_IN_DICT,
stt11,page_0196,1,9,họa,対,対,U+5BFE,0.3696,False,NOT_IN_DICT,
stt11,page_0196,1,12,nước,𣸪,坦,U+5766,0.7544,False,NOT_IN_DICT,
stt11,page_0196,1,15,chàng,在,尼,U+5C3C,0.5374,False,NOT_IN_DICT,
stt11,page_0196,1,18,g,之,罪,U+7F6A,0.5346,False,NOT_IN_DICT,
stt11,page_0196,1,21,y,八,固,U+56FA,0.8694,False,NOT_IN_DICT,
stt11,page_0196,2,3,nhau,焼,燒,U+71D2,0.622,True,RESCUE_LOW_CONF,
stt11,page_0196,2,7,yêu,胳,腰,U+8170,0.6884,True,RESCUE_LOW_CONF,
stt11,page_0196,2,13,nếu,憂,𠊚,U+2029A,0.3895,False,NOT_IN_DICT,
stt11,page_0196,2,18,toan,守,衣,U+8863,0.1298,False,NOT_IN_DICT,
stt11,page_0196,3,6,lời,裔,几,U+51E0,0.3012,False,NOT_IN_DICT,
stt11,page_0196,3,18,đức,庶,主,U+4E3B,0.5488,False,NOT_IN_DICT,
stt11,page_0196,4,3,hộ,記,麻,U+9EBB,0.363,False,NOT_IN_DICT,
stt11,page_0196,4,9,lo,沾,卢,U+5362,0.0722,True,RESCUE_LOW_CONF,
stt11,page_0196,4,12,nghỉ,携,持,U+6301,0.0462,True,RESCUE_LOW_CONF,
stt11,page_0196,5,4,dành,佇,佇,U+4F47,0.23,False,NOT_IN_DICT,
stt11,page_0196,5,10,lon,庵,𠊚,U+2029A,0.0806,False,NOT_IN_DICT,
stt11,page_0196,5,14,thương,係,傷,U+50B7,0.0573,True,RESCUE_LOW_CONF,
stt11,page_0196,6,6,mà,夸,麻,U+9EBB,0.114,True,RESCUE_LOW_CONF,
stt11,page_0196,6,12,ở,方,穷,U+7A77,0.1783,False,NOT_IN_DICT,
stt11,page_0196,6,21,thấy,戊,官,U+5B98,0.0987,False,NOT_IN_DICT,
stt11,page_0196,7,3,hãy,災,唉,U+5509,0.0986,True,RESCUE_LOW_CONF,
stt11,page_0196,7,5,gần,財,𧵆,U+27D46,0.3298,True,RESCUE_LOW_CONF,
stt11,page_0196,7,6,mình,殿,𠇮,U+201EE,0.2176,True,RESCUE_LOW_CONF,
stt11,page_0196,7,8,quở,㗚,果,U+679C,0.2545,False,NOT_IN_DICT,
stt11,page_0196,7,15,lo,哭,哭,U+54ED,0.0638,False,NOT_IN_DICT,
stt11,page_0196,7,16,buồn,盈,支,U+652F,0.0411,False,NOT_IN_DICT,
stt11,page_0196,8,21,chớ,防,渚,U+6E1A,0.1301,True,RESCUE_LOW_CONF,
stt11,page_0196,9,9,quan,毘,鬼,U+9B3C,0.3666,False,NOT_IN_DICT,
stt11,page_0196,9,10,tên,典,曳,U+66F3,0.5442,False,NOT_IN_DICT,
stt11,page_0196,9,11,là,先,先,U+5148,0.6507,False,NOT_IN_DICT,
stt11,page_0196,9,12,a,迪,亜,U+4E9C,0.1817,True,RESCUE_LOW_CONF,
stt11,page_0196,9,17,răng,膓,浪,U+6D6A,0.6163,True,RESCUE_LOW_CONF,
stt11,page_0196,9,18,bấy,恋,悲,U+60B2,0.1002,True,RESCUE_LOW_CONF,
stt11,page_0196,9,20,chúng,夕,众,U+4F17,0.144,True,RESCUE_LOW_CONF,
stt11,page_0198,1,13,cả,身,弄,U+5F04,0.1983,False,NOT_IN_DICT,
stt11,page_0198,1,20,trị,沉,治,U+6CBB,0.0589,True,RESCUE_LOW_CONF,
stt11,page_0198,2,0,xứ,嬴,𠙚,U+2065A,0.0591,True,RESCUE_LOW_CONF,
stt11,page_0198,2,10,phải,節,沛,U+6C9B,0.7663,True,RESCUE_GOLD_MED,
stt11,page_0198,2,12,tri,似,治,U+6CBB,0.1455,False,NOT_IN_DICT,
stt11,page_0198,2,13,dân,歸,民,U+6C11,0.0724,True,RESCUE_LOW_CONF,
stt11,page_0198,3,8,điều,溷,旦,U+65E6,0.0719,False,NOT_IN_DICT,
stt11,page_0198,3,17,nửa,如,麻,U+9EBB,0.2323,False,NOT_IN_DICT,
stt11,page_0198,4,21,ấy,今,竒,U+7AD2,0.2135,False,NOT_IN_DICT,
stt11,page_0198,5,6,thấy,即,离,U+79BB,0.0866,False,NOT_IN_DICT,
stt11,page_0198,5,11,trị,后,治,U+6CBB,0.1498,True,RESCUE_LOW_CONF,
stt11,page_0198,5,19,mọi,母,每,U+6BCF,0.3577,True,RESCUE_LOW_CONF,
stt11,page_0198,6,3,còn,岸,群,U+7FA4,0.9851,True,RESCUE_GOLD_HIGH,
stt11,page_0198,6,4,trộm,温,盈,U+76C8,0.1366,False,NOT_IN_DICT,
stt11,page_0198,6,8,dữ,尚,与,U+4E0E,0.9806,True,RESCUE_GOLD_HIGH,
stt11,page_0198,6,12,trọng,堂,重,U+91CD,0.8849,True,RESCUE_GOLD_HIGH,
stt11,page_0198,6,14,và,衛,𠊚,U+2029A,0.0922,False,NOT_IN_DICT,
stt11,page_0198,7,6,tin,位,信,U+4FE1,0.8039,True,RESCUE_GOLD_MED,
stt11,page_0198,7,9,toan,𭔿,筭,U+7B6D,0.4982,True,RESCUE_LOW_CONF,
stt11,page_0198,8,4,đội,陬,隊,U+968A,0.0999,True,RESCUE_LOW_CONF,
stt11,page_0198,8,17,trên,酌,楼,U+697C,0.3912,False,NOT_IN_DICT,
stt11,page_0198,9,2,thầy,聚,柴,U+67F4,0.9628,True,RESCUE_GOLD_HIGH,
stt11,page_0198,9,3,giảng,遵,边,U+8FB9,0.0561,False,NOT_IN_DICT,
stt11,page_0198,9,18,nước,㴱,渃,U+6E03,0.7338,True,RESCUE_GOLD_MED,
stt11,page_0198,9,21,tọ,亦,下,U+4E0B,0.0629,False,NOT_IN_DICT,
stt11,page_0200,1,0,mình,每,𠇮,U+201EE,0.4614,True,RESCUE_LOW_CONF,
stt11,page_0200,1,5,cả,㝵,奇,U+5947,0.1581,True,RESCUE_LOW_CONF,
stt11,page_0200,1,7,nước,𤨔,渃,U+6E03,0.4058,True,RESCUE_LOW_CONF,
stt11,page_0200,1,15,4,舉,畧,U+7567,0.4659,False,NOT_IN_DICT,
stt11,page_0200,1,19,ăn,每,安,U+5B89,0.4145,True,RESCUE_LOW_CONF,
stt11,page_0200,2,7,ngày,哻,時,U+6642,0.0135,True,RESCUE_LOW_CONF,
stt11,page_0200,2,20,đòi,漲,隊,U+968A,0.4134,True,RESCUE_LOW_CONF,
stt11,page_0200,3,1,mà,昧,麻,U+9EBB,0.9206,True,RESCUE_GOLD_HIGH,
stt11,page_0200,3,2,giã,喝,者,U+8005,0.239,True,RESCUE_LOW_CONF,
stt11,page_0200,3,9,rôi,姦,磊,U+78CA,0.793,False,NOT_IN_DICT,
stt11,page_0200,4,17,trị,冶,治,U+6CBB,0.1869,True,RESCUE_LOW_CONF,
stt11,page_0200,5,8,ngoan,頏,頑,U+9811,0.1444,True,RESCUE_LOW_CONF,
stt11,page_0200,5,16,về,肖,𧗱,U+275F1,0.3658,True,RESCUE_LOW_CONF,
stt11,page_0200,5,17,rừng,撥,楼,U+697C,0.6037,True,RESCUE_LOW_CONF,
stt11,page_0200,6,5,về,甪,𧗱,U+275F1,0.8095,True,RESCUE_GOLD_MED,
stt11,page_0200,6,9,khi,更,欺,U+6B3A,0.9687,True,RESCUE_GOLD_HIGH,
stt11,page_0200,6,13,15,梅,林,U+6797,0.5566,False,NOT_IN_DICT,
stt11,page_0200,6,20,thầy,華,柴,U+67F4,0.9826,True,RESCUE_GOLD_HIGH,
stt11,page_0200,6,21,mình,犀,命,U+547D,0.5389,True,RESCUE_LOW_CONF,
stt11,page_0200,7,0,già,𮧻,鉄,U+9244,0.1092,False,NOT_IN_DICT,
stt11,page_0200,8,7,35,萬,邁,U+9081,0.5329,False,NOT_IN_DICT,
stt11,page_0200,8,8,năm,瓣,林,U+6797,0.1273,False,NOT_IN_DICT,
stt11,page_0200,8,11,gương,𩔗,年,U+5E74,0.9663,False,NOT_IN_DICT,
stt11,page_0200,9,10,nước,汸,渃,U+6E03,0.0902,True,RESCUE_LOW_CONF,
stt11,page_0200,9,20,hồn,緦,魂,U+9B42,0.549,True,RESCUE_LOW_CONF,
stt11,page_0202,1,1,thanh,屠,渚,U+6E1A,0.3232,False,NOT_IN_DICT,
stt11,page_0202,1,4,nước,𦀇,仍,U+4ECD,0.3014,False,NOT_IN_DICT,
stt11,page_0202,1,16,đời,婆,代,U+4EE3,0.619,True,RESCUE_LOW_CONF,
stt11,page_0202,2,5,ong,蠎,翁,U+7FC1,0.3172,True,RESCUE_LOW_CONF,
stt11,page_0202,3,9,hộ,如,詐,U+8A50,0.1698,False,NOT_IN_DICT,
stt11,page_0202,4,17,năm,訴,群,U+7FA4,0.1532,False,NOT_IN_DICT,
stt11,page_0202,4,19,25,訴,欺,U+6B3A,0.1275,False,NOT_IN_DICT,
stt11,page_0202,5,2,mot,臭,更,U+66F4,0.65,False,NOT_IN_DICT,
stt11,page_0202,5,6,ngày,明,時,U+6642,0.8615,True,RESCUE_GOLD_HIGH,
stt11,page_0202,5,7,lễ,衣,時,U+6642,0.209,False,NOT_IN_DICT,
stt11,page_0202,5,14,đến,發,碎,U+788E,0.1131,False,NOT_IN_DICT,
stt11,page_0202,6,1,một,眞,更,U+66F4,0.5532,True,RESCUE_LOW_CONF,
stt11,page_0202,6,2,hai,甥,咍,U+548D,0.1785,True,RESCUE_LOW_CONF,
stt11,page_0202,6,3,điều,錮,調,U+8ABF,0.0473,True,RESCUE_LOW_CONF,
stt11,page_0202,6,16,giu,袵,班,U+73ED,0.1129,False,NOT_IN_DICT,
stt11,page_0202,6,18,kinh,奈,斈,U+6588,0.1233,False,NOT_IN_DICT,
stt11,page_0202,6,25,chưa,法,昆,U+6606,0.85,False,NOT_IN_DICT,
stt11,page_0202,7,1,đẻ,脈,魂,U+9B42,0.1697,False,NOT_IN_DICT,
stt11,page_0202,7,9,răng,晷,忌,U+5FCC,0.2779,False,NOT_IN_DICT,
stt11,page_0202,7,14,trời,兗,自,U+81EA,0.3784,False,NOT_IN_DICT,
stt11,page_0202,7,16,cho,尔,朱,U+6731,0.2017,True,RESCUE_LOW_CONF,
stt11,page_0202,8,15,mẹ,侵,疾,U+75BE,0.0876,False,NOT_IN_DICT,
stt11,page_0202,8,20,khấn,忌,意,U+610F,0.1798,False,NOT_IN_DICT,
stt11,page_0202,8,21,ngày,晦,時,U+6642,0.2813,True,RESCUE_LOW_CONF,
stt11,page_0202,9,2,thánh,葉,垩,U+57A9,0.7451,True,RESCUE_GOLD_MED,
stt11,page_0202,9,3,am,淹,俺,U+4FFA,0.8824,False,NOT_IN_DICT,
stt11,page_0202,9,4,lô,姑,炉,U+7089,0.3395,True,RESCUE_LOW_CONF,
stt11,page_0202,9,13,cha,陀,吒,U+5412,0.6342,True,RESCUE_LOW_CONF,
stt11,page_0202,9,18,khi,芡,次,U+6B21,0.3312,False,NOT_IN_DICT,
stt11,page_0204,1,12,trên,䢖,皮,U+76AE,0.4529,False,NOT_IN_DICT,
stt11,page_0204,1,16,ghét,絃,宜,U+5B9C,0.0424,False,NOT_IN_DICT,
stt11,page_0204,1,18,hữu,犮,女,U+5973,0.307,False,NOT_IN_DICT,
stt11,page_0204,3,19,chẳng,蔵,廪,U+5EEA,0.169,False,NOT_IN_DICT,
stt11,page_0204,3,21,hồ,𮓙,虖,U+8656,0.564,True,RESCUE_LOW_CONF,
stt11,page_0204,4,0,ngươi,䏻,仍,U+4ECD,0.0671,False,NOT_IN_DICT,
stt11,page_0204,4,9,gì,文,之,U+4E4B,0.8659,True,RESCUE_GOLD_HIGH,
stt11,page_0204,4,18,ai,庾,埃,U+57C3,0.5563,True,RESCUE_LOW_CONF,
stt11,page_0204,4,21,đường,想,唐,U+5510,0.2369,True,RESCUE_LOW_CONF,
stt11,page_0204,5,3,chóng,機,獄,U+7344,0.0962,False,NOT_IN_DICT,
stt11,page_0204,5,16,chứng,征,列,U+5217,0.2296,False,NOT_IN_DICT,
stt11,page_0204,5,21,minh,恥,命,U+547D,0.9645,True,RESCUE_GOLD_HIGH,
stt11,page_0204,5,22,cung,戈,邛,U+909B,0.0231,True,RESCUE_LOW_CONF,
stt11,page_0204,6,7,nhà,芡,如,U+5982,0.0389,True,RESCUE_LOW_CONF,
stt11,page_0204,7,3,đức,勹,主,U+4E3B,0.3596,False,NOT_IN_DICT,
stt11,page_0204,7,14,đâu,克,意,U+610F,0.1889,False,NOT_IN_DICT,
stt11,page_0204,7,21,giữ,竹,佇,U+4F47,0.8914,True,RESCUE_GOLD_HIGH,
stt11,page_0204,8,11,trẻ,䄂,礼,U+793C,0.5009,True,RESCUE_LOW_CONF,
stt11,page_0204,8,12,mon,圈,悶,U+60B6,0.5293,False,NOT_IN_DICT,
stt11,page_0204,8,13,đâu,凭,兜,U+515C,0.047,True,RESCUE_LOW_CONF,
stt11,page_0204,8,16,xem,枯,袩,U+88A9,0.5153,True,RESCUE_LOW_CONF,
stt11,page_0204,9,0,vậy,正,丕,U+4E15,0.9495,True,RESCUE_GOLD_HIGH,
stt11,page_0204,9,6,rốn,攢,拱,U+62F1,0.1013,False,NOT_IN_DICT,
stt11,page_0204,9,18,ây,仪,衣,U+8863,0.4626,False,NOT_IN_DICT,
stt11,page_0204,9,21,nhieu,燒,僥,U+50E5,0.3893,False,NOT_IN_DICT,
stt11,page_0206,1,0,lời,查,例,U+4F8B,0.0812,True,RESCUE_LOW_CONF,
stt11,page_0206,1,12,vậy,丑,丕,U+4E15,0.6955,True,RESCUE_LOW_CONF,
stt11,page_0206,1,15,đem,尼,包,U+5305,0.2004,False,NOT_IN_DICT,
stt11,page_0206,2,17,lô,喂,沙,U+6C99,0.4379,False,NOT_IN_DICT,
stt11,page_0206,3,0,ý,白,尼,U+5C3C,0.187,False,NOT_IN_DICT,
stt11,page_0206,4,3,rất,惸,慄,U+6144,0.5566,True,RESCUE_LOW_CONF,
stt11,page_0206,4,11,khôn,額,襖,U+8956,0.4365,False,NOT_IN_DICT,
stt11,page_0206,4,12,ngoan,坤,時,U+6642,0.4419,False,NOT_IN_DICT,
stt11,page_0206,4,14,hãi,刻,制,U+5236,0.1801,False,NOT_IN_DICT,
stt11,page_0206,4,19,hai,𫞃,咍,U+548D,0.0575,True,RESCUE_LOW_CONF,
stt11,page_0206,5,6,con,崑,昆,U+6606,0.9713,True,RESCUE_GOLD_HIGH,
stt11,page_0206,5,8,dường,荒,责,U+8D23,0.1351,False,NOT_IN_DICT,
stt11,page_0206,5,11,thầy,皆,柴,U+67F4,0.9398,True,RESCUE_GOLD_HIGH,
stt11,page_0206,5,12,cả,野,哿,U+54FF,0.3277,True,RESCUE_LOW_CONF,
stt11,page_0206,5,14,tav,魏,腮,U+816E,0.6706,False,NOT_IN_DICT,
stt11,page_0206,5,15,rất,懦,慄,U+6144,0.1152,True,RESCUE_LOW_CONF,
stt11,page_0206,5,20,để,𫝕,底,U+5E95,0.8401,True,RESCUE_GOLD_MED,
stt11,page_0206,6,6,lăm,擬,邁,U+9081,0.8456,False,NOT_IN_DICT,
stt11,page_0206,6,7,bậc,比,林,U+6797,0.4989,False,NOT_IN_DICT,
stt11,page_0206,6,18,lên,䢖,連,U+9023,0.9549,True,RESCUE_GOLD_HIGH,
stt11,page_0206,7,2,mình,犀,命,U+547D,0.9421,True,RESCUE_GOLD_HIGH,
stt11,page_0206,7,15,hãi,悮,麻,U+9EBB,0.637,False,NOT_IN_DICT,
stt11,page_0206,7,16,mà,席,為,U+70BA,0.1881,False,NOT_IN_DICT,
stt11,page_0206,8,0,rô,由,油,U+6CB9,0.3222,False,NOT_IN_DICT,
stt11,page_0206,8,2,mô,㨗,模,U+6A21,0.711,True,RESCUE_GOLD_MED,
stt11,page_0206,8,14,việc,從,役,U+5F79,0.3952,True,RESCUE_LOW_CONF,
stt11,page_0206,8,18,hơn,放,欣,U+6B23,0.8684,True,RESCUE_GOLD_HIGH,
stt11,page_0206,8,21,đêm,患,店,U+5E97,0.1998,True,RESCUE_LOW_CONF,
stt11,page_0206,9,1,khuya,方,古,U+53E4,0.2982,False,NOT_IN_DICT,
stt11,page_0206,9,7,nguyện,顧,願,U+9858,0.963,True,RESCUE_GOLD_HIGH,
stt11,page_0206,9,13,khiêm,譁,謙,U+8B19,0.0608,True,RESCUE_LOW_CONF,
stt11,page_0206,9,14,nhường,誇,該,U+8A72,0.3439,False,NOT_IN_DICT,
stt11,page_0206,9,15,yêu,餒,腰,U+8170,0.1249,True,RESCUE_LOW_CONF,
stt11,page_0206,9,17,ta,𬼘,些,U+4E9B,0.9173,True,RESCUE_GOLD_HIGH,
stt11,page_0206,9,20,minh,帥,命,U+547D,0.0458,True,RESCUE_LOW_CONF,
stt11,page_0208,1,9,lời,肏,例,U+4F8B,0.0393,True,RESCUE_LOW_CONF,
stt11,page_0208,1,12,ý,久,衣,U+8863,0.0616,True,RESCUE_LOW_CONF,
stt11,page_0208,1,21,trời,麻,𡗶,U+215F6,0.3737,True,RESCUE_LOW_CONF,
stt11,page_0208,1,22,hằng,怛,坦,U+5766,0.2382,False,NOT_IN_DICT,
stt11,page_0208,2,0,hằng,𦙁,仍,U+4ECD,0.0819,False,NOT_IN_DICT,
stt11,page_0208,2,3,trên,率,連,U+9023,0.9702,True,RESCUE_GOLD_HIGH,
stt11,page_0208,2,11,bầu,復,信,U+4FE1,0.0955,False,NOT_IN_DICT,
stt11,page_0208,3,6,lời,裔,自,U+81EA,0.4242,False,NOT_IN_DICT,
stt11,page_0208,3,7,dèm,説,該,U+8A72,0.6404,False,NOT_IN_DICT,
stt11,page_0208,3,8,chê,咬,吱,U+5431,0.2932,True,RESCUE_LOW_CONF,
stt11,page_0208,3,16,chửi,並,沚,U+6C9A,0.5253,False,NOT_IN_DICT,
stt11,page_0208,3,17,rủa,巢,無,U+7121,0.096,False,NOT_IN_DICT,
stt11,page_0208,3,21,hữu,犮,双,U+53CC,0.5021,False,NOT_IN_DICT,
stt11,page_0208,4,0,ở,嵐,於,U+65BC,0.915,True,RESCUE_GOLD_HIGH,
stt11,page_0208,4,1,nết,凜,湼,U+6E7C,0.296,True,RESCUE_LOW_CONF,
stt11,page_0208,4,20,ga,將,特,U+7279,0.2394,False,NOT_IN_DICT,
stt11,page_0208,5,0,sa,次,沙,U+6C99,0.6573,True,RESCUE_LOW_CONF,
stt11,page_0208,5,13,rô,由,由,U+7531,0.3515,False,NOT_IN_DICT,
stt11,page_0208,5,16,khen,舟,𠊚,U+2029A,0.5918,False,NOT_IN_DICT,
stt11,page_0208,5,21,thánh,𠦡,垩,U+57A9,0.9098,True,RESCUE_GOLD_HIGH,
stt11,page_0208,6,1,lô,炒,炉,U+7089,0.235,True,RESCUE_LOW_CONF,
stt11,page_0208,7,13,c,主,主,U+4E3B,0.1609,False,NOT_IN_DICT,
stt11,page_0208,7,14,chúa,各,各,U+5404,0.8173,False,NOT_IN_DICT,
stt11,page_0208,7,15,cáchánh,垩,垩,U+57A9,0.8666,False,NOT_IN_DICT,
stt11,page_0208,7,21,phai,姊,沛,U+6C9B,0.8368,True,RESCUE_GOLD_MED,
stt11,page_0208,7,22,vang,𣱵,𣱵,U+23C75,0.4366,False,NOT_IN_DICT,
stt11,page_0208,8,1,đâu,堯,兜,U+515C,0.2621,True,RESCUE_LOW_CONF,
stt11,page_0208,8,21,dức,万,㐌,U+340C,0.1839,False,NOT_IN_DICT,
stt11,page_0208,9,2,năng,溺,終,U+7D42,0.1151,False,NOT_IN_DICT,
stt11,page_0208,9,17,xuống,蜜,軍,U+8ECD,0.1,False,NOT_IN_DICT,
stt11,page_0210,1,4,này,鳧,爲,U+7232,0.1397,False,NOT_IN_DICT,
stt11,page_0210,1,5,đâu,危,尼,U+5C3C,0.9828,False,NOT_IN_DICT,
stt11,page_0210,1,9,ông,爺,翁,U+7FC1,0.1363,True,RESCUE_LOW_CONF,
stt11,page_0210,1,15,khen,㗖,下,U+4E0B,0.4085,False,NOT_IN_DICT,
stt11,page_0210,1,20,thánh,尹,重,U+91CD,0.1468,False,NOT_IN_DICT,
stt11,page_0210,2,0,phô,瘤,呐,U+5450,0.1311,False,NOT_IN_DICT,
stt11,page_0210,2,2,men,㱕,傷,U+50B7,0.0956,False,NOT_IN_DICT,
stt11,page_0210,2,3,tô,𭔸,穌,U+7A4C,0.7742,True,RESCUE_GOLD_MED,
stt11,page_0210,3,2,ăn,喚,旦,U+65E6,0.4455,False,NOT_IN_DICT,
stt11,page_0210,3,21,cũng,抄,共,U+5171,0.4322,True,RESCUE_LOW_CONF,
stt11,page_0210,4,3,mầu,年,中,U+4E2D,0.2683,False,NOT_IN_DICT,
stt11,page_0210,4,7,trời,后,𡗶,U+215F6,0.1186,True,RESCUE_LOW_CONF,
stt11,page_0210,4,18,chóng,掇,事,U+4E8B,0.6718,False,NOT_IN_DICT,
stt11,page_0210,5,3,nghĩa,更,道,U+9053,0.1245,False,NOT_IN_DICT,
stt11,page_0210,5,4,sâu,娑,漊,U+6F0A,0.1077,True,RESCUE_LOW_CONF,
stt11,page_0210,5,10,irơ,尽,衣,U+8863,0.0903,False,NOT_IN_DICT,
stt11,page_0210,6,0,hai,帖,强,U+5F3A,0.0834,False,NOT_IN_DICT,
stt11,page_0210,6,7,li,岀,离,U+79BB,0.9747,True,RESCUE_GOLD_HIGH,
stt11,page_0210,7,8,ma,塢,事,U+4E8B,0.1564,False,NOT_IN_DICT,
stt11,page_0210,7,13,bé,用,下,U+4E0B,0.1639,False,NOT_IN_DICT,
stt11,page_0210,8,11,kinh,怪,支,U+652F,0.8401,False,NOT_IN_DICT,
stt11,page_0210,8,19,kinh,沙,主,U+4E3B,0.9789,False,NOT_IN_DICT,
stt11,page_0210,9,4,sẽ,付,仕,U+4ED5,0.4687,True,RESCUE_LOW_CONF,
stt11,page_0210,9,17,gả,河,中,U+4E2D,0.9873,False,NOT_IN_DICT,
stt11,page_0210,9,19,một,移,衣,U+8863,0.673,False,NOT_IN_DICT,
stt11,page_0212,1,19,chay,嗏,除,U+9664,0.0876,False,NOT_IN_DICT,
stt11,page_0212,2,2,roi,榴,檑,U+6A91,0.1782,True,RESCUE_LOW_CONF,
stt11,page_0212,2,12,cùng,㝎,共,U+5171,0.065,True,RESCUE_LOW_CONF,
stt11,page_0212,3,0,r1,授,移,U+79FB,0.6046,False,NOT_IN_DICT,
stt11,page_0212,3,17,sạch,还,碎,U+788E,0.1619,False,NOT_IN_DICT,
stt11,page_0212,3,21,lọn,扁,畧,U+7567,0.1348,False,NOT_IN_DICT,
stt11,page_0212,4,2,bà,媿,把,U+628A,0.6368,True,RESCUE_LOW_CONF,
stt11,page_0212,4,10,vóc,糾,外,U+5916,0.6155,False,NOT_IN_DICT,
stt11,page_0212,4,13,lành,癸,冷,U+51B7,0.6221,True,RESCUE_LOW_CONF,
stt11,page_0212,5,1,áo,袂,袄,U+8884,0.878,True,RESCUE_GOLD_HIGH,
stt11,page_0212,5,2,nhặm,淡,隊,U+968A,0.2014,False,NOT_IN_DICT,
stt11,page_0212,5,3,mình,令,命,U+547D,0.8941,True,RESCUE_GOLD_HIGH,
stt11,page_0212,5,9,về,削,𧗱,U+275F1,0.1556,True,RESCUE_LOW_CONF,
stt11,page_0212,6,6,tôi,那,用,U+7528,0.3708,False,NOT_IN_DICT,
stt11,page_0212,7,1,lời,圈,礼,U+793C,0.1056,False,NOT_IN_DICT,
stt11,page_0212,7,10,nói,呬,呐,U+5450,0.3137,True,RESCUE_LOW_CONF,
stt11,page_0212,8,10,sang,卧,郎,U+90CE,0.7255,True,RESCUE_GOLD_MED,
stt11,page_0212,9,8,nhược,羞,𠰥,U+20C25,0.0353,True,RESCUE_LOW_CONF,
stt11,page_0212,9,9,bằng,年,平,U+5E73,0.2568,True,RESCUE_LOW_CONF,
stt11,page_0212,9,10,cả,肆,哿,U+54FF,0.2077,True,RESCUE_LOW_CONF,
stt11,page_0212,9,13,ở,𭤧,咍,U+548D,0.5766,False,NOT_IN_DICT,
stt11,page_0214,1,10,em,𡜞,俺,U+4FFA,0.8816,True,RESCUE_GOLD_HIGH,
stt11,page_0214,2,1,thấy,洋,代,U+4EE3,0.0853,False,NOT_IN_DICT,
stt11,page_0214,2,9,xem,禮,袩,U+88A9,0.5184,True,RESCUE_LOW_CONF,
stt11,page_0214,3,9,mặt,求,末,U+672B,0.8651,True,RESCUE_GOLD_HIGH,
stt11,page_0214,3,11,xem,福,袩,U+88A9,0.6667,True,RESCUE_LOW_CONF,
stt11,page_0214,4,2,anh,妻,孾,U+5B7E,0.1819,True,RESCUE_LOW_CONF,
stt11,page_0214,5,13,lần,隱,除,U+9664,0.5749,False,NOT_IN_DICT,
stt11,page_0214,6,1,va,衆,孾,U+5B7E,0.2792,False,NOT_IN_DICT,
stt11,page_0214,6,16,rõ,呂,召,U+53EC,0.7978,False,NOT_IN_DICT,
stt11,page_0214,7,2,mắt,冲,沫,U+6CAB,0.0474,True,RESCUE_LOW_CONF,
stt11,page_0214,7,17,cả,身,竒,U+7AD2,0.4117,True,RESCUE_LOW_CONF,
stt11,page_0214,8,1,già,埶,虚,U+865A,0.1277,False,NOT_IN_DICT,
stt11,page_0214,8,4,sách,母,些,U+4E9B,0.2757,False,NOT_IN_DICT,
stt11,page_0214,8,5,va,紫,𢃄,U+220C4,0.1123,False,NOT_IN_DICT,
stt11,page_0214,8,7,ri,匝,無,U+7121,0.1085,False,NOT_IN_DICT,
stt11,page_0214,8,18,trồi,清,渚,U+6E1A,0.8592,False,NOT_IN_DICT,
stt11,page_0214,9,0,già,就,慰,U+6170,0.3923,False,NOT_IN_DICT,
stt11,page_0214,9,3,đọc,婆,讀,U+8B80,0.0111,True,RESCUE_LOW_CONF,
stt11,page_0214,9,15,một,蔓,更,U+66F4,0.4848,True,RESCUE_LOW_CONF,
stt11,page_0214,9,17,rửa,况,罪,U+7F6A,0.2518,False,NOT_IN_DICT,
stt11,page_0216,1,1,già,麾,慰,U+6170,0.2345,False,NOT_IN_DICT,
stt11,page_0216,1,2,ấy,之,麻,U+9EBB,0.3735,False,NOT_IN_DICT,
stt11,page_0216,1,16,khi,早,𠊚,U+2029A,0.9813,False,NOT_IN_DICT,
stt11,page_0216,1,17,người,欺,欺,U+6B3A,0.4926,False,NOT_IN_DICT,
stt11,page_0216,1,19,về,专,末,U+672B,0.215,False,NOT_IN_DICT,
stt11,page_0216,2,7,lắm,導,凜,U+51DC,0.8032,True,RESCUE_GOLD_MED,
stt11,page_0216,2,14,tay,咫,於,U+65BC,0.6147,False,NOT_IN_DICT,
stt11,page_0216,2,16,hai,受,忌,U+5FCC,0.1073,False,NOT_IN_DICT,
stt11,page_0216,2,20,bay,導,凜,U+51DC,0.8536,False,NOT_IN_DICT,
stt11,page_0216,2,21,d,用,困,U+56F0,0.4156,False,NOT_IN_DICT,
stt11,page_0216,3,4,va,丵,𢃄,U+220C4,0.0767,False,NOT_IN_DICT,
stt11,page_0216,5,2,này,𮎛,尼,U+5C3C,0.9864,True,RESCUE_GOLD_HIGH,
stt11,page_0216,5,6,héo,好,特,U+7279,0.1721,False,NOT_IN_DICT,
stt11,page_0216,5,21,thấy,徔,省,U+7701,0.1028,False,NOT_IN_DICT,
stt11,page_0216,6,5,do,浸,洩,U+6D29,0.6672,False,NOT_IN_DICT,
stt11,page_0216,6,10,xem,夜,袩,U+88A9,0.3177,True,RESCUE_LOW_CONF,
stt11,page_0216,6,22,mày,負,眉,U+7709,0.9331,True,RESCUE_GOLD_HIGH,
stt11,page_0216,7,20,chon,佇,行,U+884C,0.4671,False,NOT_IN_DICT,
stt11,page_0216,8,5,gối,蹌,噲,U+5672,0.4593,True,RESCUE_LOW_CONF,
stt11,page_0216,8,6,xuống,富,富,U+5BCC,0.3469,False,NOT_IN_DICT,
stt11,page_0216,8,7,lạy,他,礼,U+793C,0.2435,True,RESCUE_LOW_CONF,
stt11,page_0216,9,3,muốn,闔,朗,U+6717,0.1526,False,NOT_IN_DICT,
stt11,page_0216,9,12,chịu,𮍌,召,U+53EC,0.0552,True,RESCUE_LOW_CONF,
stt11,page_0216,9,20,răng,悵,浪,U+6D6A,0.9093,True,RESCUE_GOLD_HIGH,
stt11,page_0218,1,14,hai,留,安,U+5B89,0.2076,False,NOT_IN_DICT,
stt11,page_0218,1,23,lam,而,折,U+6298,0.063,False,NOT_IN_DICT,
stt11,page_0218,2,11,tròi,族,奏,U+594F,0.1255,False,NOT_IN_DICT,
stt11,page_0218,3,5,hãi,懷,㤥,U+3925,0.572,True,RESCUE_LOW_CONF,
stt11,page_0218,3,7,rằng,堪,浪,U+6D6A,0.6544,True,RESCUE_LOW_CONF,
stt11,page_0218,3,10,rầy,蜀,眉,U+7709,0.1636,False,NOT_IN_DICT,
stt11,page_0218,3,12,mùa,各,各,U+5404,0.5146,False,NOT_IN_DICT,
stt11,page_0218,3,17,mùa,券,務,U+52D9,0.0546,True,RESCUE_LOW_CONF,
stt11,page_0218,3,21,ngửi,熳,𦝄,U+26744,0.0828,False,NOT_IN_DICT,
stt11,page_0218,4,21,thơm,爹,冷,U+51B7,0.17,False,NOT_IN_DICT,
stt11,page_0218,5,14,rửa,沿,罪,U+7F6A,0.1533,False,NOT_IN_DICT,
stt11,page_0218,5,15,tội,𭻃,罪,U+7F6A,0.1972,True,RESCUE_LOW_CONF,
stt11,page_0218,6,0,ma,塢,邁,U+9081,0.1769,False,NOT_IN_DICT,
stt11,page_0218,6,2,hai,哆,咍,U+548D,0.1337,True,RESCUE_LOW_CONF,
stt11,page_0218,6,19,thay,𠮦,咍,U+548D,0.0391,True,RESCUE_LOW_CONF,
stt11,page_0218,7,1,là,具,邏,U+908F,0.0327,True,RESCUE_LOW_CONF,
stt11,page_0218,7,6,thấy,竹,分,U+5206,0.0804,False,NOT_IN_DICT,
stt11,page_0218,7,9,va,帮,四,U+56DB,0.1833,False,NOT_IN_DICT,
stt11,page_0218,7,10,lê,移,拙,U+62D9,0.0995,False,NOT_IN_DICT,
stt11,page_0218,7,11,ri,㳟,像,U+50CF,0.2341,False,NOT_IN_DICT,
stt11,page_0218,8,0,quý,實,貴,U+8CB4,0.0082,True,RESCUE_LOW_CONF,
stt11,page_0218,9,0,thưa,陣,踈,U+8E08,0.7077,True,RESCUE_GOLD_MED,
stt11,page_0218,9,7,một,晏,更,U+66F4,0.5941,True,RESCUE_LOW_CONF,
stt11,page_0218,9,14,nao,弟,市,U+5E02,0.3346,True,RESCUE_LOW_CONF,
stt11,page_0220,1,11,ấy,瓜,衣,U+8863,0.3673,True,RESCUE_LOW_CONF,
stt11,page_0220,1,12,lạy,桃,礼,U+793C,0.0983,True,RESCUE_LOW_CONF,
stt11,page_0220,1,16,rằng,眼,浪,U+6D6A,0.1914,True,RESCUE_LOW_CONF,
stt11,page_0220,1,18,dốc,罵,篤,U+7BE4,0.2739,True,RESCUE_LOW_CONF,
stt11,page_0220,3,0,giờ,降,除,U+9664,0.9769,True,RESCUE_GOLD_HIGH,
stt11,page_0220,3,12,tế,癸,祭,U+796D,0.2917,True,RESCUE_LOW_CONF,
stt11,page_0220,3,15,ví,蛮,共,U+5171,0.158,False,NOT_IN_DICT,
stt11,page_0220,3,16,bằng,午,平,U+5E73,0.3708,True,RESCUE_LOW_CONF,
stt11,page_0220,3,19,lạy,福,礼,U+793C,0.1109,True,RESCUE_LOW_CONF,
stt11,page_0220,4,19,chớ,法,渚,U+6E1A,0.6445,True,RESCUE_LOW_CONF,
stt11,page_0220,5,6,trông,菴,筭,U+7B6D,0.1143,True,RESCUE_LOW_CONF,
stt11,page_0220,5,16,giảng,燭,道,U+9053,0.1516,False,NOT_IN_DICT,
stt11,page_0220,6,0,rằng,腹,浪,U+6D6A,0.8448,True,RESCUE_GOLD_MED,
stt11,page_0220,6,1,phô,燎,哺,U+54FA,0.0384,True,RESCUE_LOW_CONF,
stt11,page_0220,6,3,chớ,涝,渚,U+6E1A,0.7891,True,RESCUE_GOLD_MED,
stt11,page_0220,6,4,nghĩ,号,多,U+591A,0.1597,False,NOT_IN_DICT,
stt11,page_0220,6,7,chịu,臣,召,U+53EC,0.8793,True,RESCUE_GOLD_HIGH,
stt11,page_0220,7,5,vui,逼,盃,U+76C3,0.3115,True,RESCUE_LOW_CONF,
stt11,page_0220,7,11,sống,剰,封,U+5C01,0.074,False,NOT_IN_DICT,
stt11,page_0220,8,5,bỏ,神,補,U+88DC,0.4923,True,RESCUE_LOW_CONF,
stt11,page_0220,8,9,được,将,特,U+7279,0.5291,True,RESCUE_LOW_CONF,
stt11,page_0220,8,15,tật,疫,疾,U+75BE,0.1757,True,RESCUE_LOW_CONF,
stt11,page_0220,8,16,nguyên,忍,疾,U+75BE,0.19,False,NOT_IN_DICT,
stt11,page_0220,8,20,bỏ,适,補,U+88DC,0.6674,True,RESCUE_LOW_CONF,
stt11,page_0220,8,21,chết,襍,折,U+6298,0.1328,True,RESCUE_LOW_CONF,
stt11,page_0222,1,8,ri,順,穌,U+7A4C,0.9169,False,NOT_IN_DICT,
stt11,page_0222,2,3,trăm,朂,盈,U+76C8,0.0646,False,NOT_IN_DICT,
stt11,page_0222,2,9,đem,𭂫,包,U+5305,0.3012,False,NOT_IN_DICT,
stt11,page_0222,2,10,đi,燬,盤,U+76E4,0.1345,False,NOT_IN_DICT,
stt11,page_0222,2,15,rửa,落,召,U+53EC,0.1639,False,NOT_IN_DICT,
stt11,page_0222,3,6,cầm,捺,扲,U+6272,0.7015,True,RESCUE_GOLD_MED,
stt11,page_0222,3,19,da,歿,及,U+53CA,0.1309,False,NOT_IN_DICT,
stt11,page_0222,3,21,đốt,燭,焠,U+7120,0.2535,True,RESCUE_LOW_CONF,
stt11,page_0222,4,2,quanh,號,觥,U+89E5,0.3731,True,RESCUE_LOW_CONF,
stt11,page_0222,4,8,ấy,身,双,U+53CC,0.8696,False,NOT_IN_DICT,
stt11,page_0222,5,0,mát,漆,沫,U+6CAB,0.4546,True,RESCUE_LOW_CONF,
stt11,page_0222,6,8,đức,厉,主,U+4E3B,0.2917,False,NOT_IN_DICT,
stt11,page_0222,6,21,lay,祀,礼,U+793C,0.9229,False,NOT_IN_DICT,
stt11,page_0222,7,2,chậm,湛,固,U+56FA,0.0743,False,NOT_IN_DICT,
stt11,page_0222,7,19,trối,咐,㐌,U+340C,0.1592,False,NOT_IN_DICT,
stt11,page_0222,8,6,làm,丘,茹,U+8339,0.9601,False,NOT_IN_DICT,
stt11,page_0224,1,12,này,弓,尼,U+5C3C,0.1411,True,RESCUE_LOW_CONF,
stt11,page_0224,1,18,trăm,𠕅,𠊚,U+2029A,0.4506,False,NOT_IN_DICT,
stt11,page_0224,1,21,hai,𫞃,些,U+4E9B,0.1043,False,NOT_IN_DICT,
stt11,page_0224,1,22,232,舜,時,U+6642,0.2112,False,NOT_IN_DICT,
stt11,page_0224,2,3,tri,沿,渃,U+6E03,0.278,False,NOT_IN_DICT,
stt11,page_0224,2,12,ri,稜,移,U+79FB,0.3904,False,NOT_IN_DICT,
stt11,page_0224,2,17,u,來,娄,U+5A04,0.8012,False,NOT_IN_DICT,
stt11,page_0224,3,1,sáu,尅,老,U+8001,0.3787,True,RESCUE_LOW_CONF,
stt11,page_0224,4,4,thờ,緣,蜍,U+870D,0.7214,True,RESCUE_GOLD_MED,
stt11,page_0224,4,6,cất,按,拮,U+62EE,0.8603,True,RESCUE_GOLD_HIGH,
stt11,page_0224,4,10,u,𢘻,娄,U+5A04,0.4946,False,NOT_IN_DICT,
stt11,page_0224,4,14,xác,壹,壳,U+58F3,0.9749,True,RESCUE_GOLD_HIGH,
stt11,page_0224,4,15,hai,心,咍,U+548D,0.0704,True,RESCUE_LOW_CONF,
stt11,page_0224,4,17,em,崦,俺,U+4FFA,0.9151,True,RESCUE_GOLD_HIGH,
stt11,page_0224,5,13,xác,壹,壳,U+58F3,0.8988,True,RESCUE_GOLD_HIGH,
stt11,page_0224,5,14,bà,舥,把,U+628A,0.7325,True,RESCUE_GOLD_MED,
stt11,page_0224,5,16,xê,栖,篩,U+7BE9,0.6943,True,RESCUE_LOW_CONF,
stt11,page_0224,6,7,máu,帥,泖,U+6CD6,0.8065,True,RESCUE_GOLD_MED,
stt11,page_0224,6,15,chảy,址,沚,U+6C9A,0.3634,True,RESCUE_LOW_CONF,
stt11,page_0224,6,19,một,妥,更,U+66F4,0.4775,True,RESCUE_LOW_CONF,
stt11,page_0224,6,20,nghìn,寿,弄,U+5F04,0.4757,False,NOT_IN_DICT,
stt11,page_0224,6,21,năm,婢,碎,U+788E,0.0873,False,NOT_IN_DICT,
stt11,page_0224,7,2,xăng,廒,𦝄,U+26744,0.5841,False,NOT_IN_DICT,
stt11,page_0224,7,3,ấy,彡,衣,U+8863,0.1621,True,RESCUE_LOW_CONF,
stt11,page_0224,8,13,sang,郾,郎,U+90CE,0.631,True,RESCUE_LOW_CONF,
stt11,page_0224,8,14,trọng,連,重,U+91CD,0.8766,True,RESCUE_GOLD_HIGH,
stt11,page_0224,8,19,dường,羌,壳,U+58F3,0.2771,False,NOT_IN_DICT,
stt11,page_0224,9,0,ngay,聘,時,U+6642,0.802,False,NOT_IN_DICT,
stt11,page_0224,9,6,kê,勢,稽,U+7A3D,0.2069,True,RESCUE_LOW_CONF,
stt11,page_0226,1,8,rô,粤,實,U+5BE6,0.113,False,NOT_IN_DICT,
stt11,page_0226,2,1,du,迄,安,U+5B89,0.0828,False,NOT_IN_DICT,
stt11,page_0226,2,4,ong,蠎,移,U+79FB,0.1246,False,NOT_IN_DICT,
stt11,page_0226,2,14,hơn,皎,重,U+91CD,0.8826,False,NOT_IN_DICT,
stt11,page_0226,2,19,đầy,君,苔,U+82D4,0.0272,True,RESCUE_LOW_CONF,
stt11,page_0226,3,9,lọn,庵,命,U+547D,0.3913,False,NOT_IN_DICT,
stt11,page_0226,4,7,mà,庪,麻,U+9EBB,0.0016,True,RESCUE_LOW_CONF,
stt11,page_0226,4,10,nhường,簿,吏,U+540F,0.21,False,NOT_IN_DICT,
stt11,page_0226,6,4,1,衣,共,U+5171,0.0634,False,NOT_IN_DICT,
stt11,page_0226,6,9,giảng,𣼛,吏,U+540F,0.3498,False,NOT_IN_DICT,
stt11,page_0226,6,19,lạ,造,法,U+6CD5,0.9947,False,NOT_IN_DICT,
stt11,page_0226,6,22,troảis,列,列,U+5217,0.7555,False,NOT_IN_DICT,
stt11,page_0226,7,21,cao,去,共,U+5171,0.5413,False,NOT_IN_DICT,
stt11,page_0226,8,17,chê,歧,支,U+652F,0.2577,True,RESCUE_LOW_CONF,
stt11,page_0226,9,3,hai,为,召,U+53EC,0.198,False,NOT_IN_DICT,
stt11,page_0226,9,10,hay,岂,咍,U+548D,0.4633,True,RESCUE_LOW_CONF,
stt11,page_0226,9,20,ay,似,欺,U+6B3A,0.2508,False,NOT_IN_DICT,
stt11,page_0226,9,21,la,𤰞,𠊚,U+2029A,0.7337,False,NOT_IN_DICT,
stt11,page_0226,9,22,vua,着,美,U+7F8E,0.1358,False,NOT_IN_DICT,
stt11,page_0228,1,9,tê,堦,躋,U+8E8B,0.6768,True,RESCUE_LOW_CONF,
stt11,page_0228,1,17,đày,落,茹,U+8339,0.1122,False,NOT_IN_DICT,
stt11,page_0228,1,18,đi,矮,移,U+79FB,0.1169,True,RESCUE_LOW_CONF,
stt11,page_0228,1,19,nước,侯,渃,U+6E03,0.3619,True,RESCUE_LOW_CONF,
stt11,page_0228,2,2,non,𡽪,徳,U+5FB3,0.0873,False,NOT_IN_DICT,
stt11,page_0228,2,8,mang,甚,些,U+4E9B,0.2459,False,NOT_IN_DICT,
stt11,page_0228,2,11,ấy,奴,乙,U+4E59,0.246,True,RESCUE_LOW_CONF,
stt11,page_0228,2,12,thấy,浮,行,U+884C,0.0466,False,NOT_IN_DICT,
stt11,page_0228,2,13,người,早,𠊚,U+2029A,0.9938,True,RESCUE_GOLD_HIGH,
stt11,page_0228,2,15,trẩy,祗,徳,U+5FB3,0.4378,False,NOT_IN_DICT,
stt11,page_0228,2,18,nước,沫,沫,U+6CAB,0.7731,False,NOT_IN_DICT,
stt11,page_0228,2,19,mắt,法,隊,U+968A,0.0993,False,NOT_IN_DICT,
stt11,page_0228,3,8,hộ,詔,户,U+6237,0.1016,True,RESCUE_LOW_CONF,
stt11,page_0228,3,20,tàu,船,嬏,U+5B0F,0.1244,False,NOT_IN_DICT,
stt11,page_0228,4,1,người,昜,𠊚,U+2029A,0.007,True,RESCUE_LOW_CONF,
stt11,page_0228,4,7,nghìn,鄜,爲,U+7232,0.1531,False,NOT_IN_DICT,
stt11,page_0228,4,14,đày,茤,苔,U+82D4,0.1257,True,RESCUE_LOW_CONF,
stt11,page_0228,4,17,đá,媛,徳,U+5FB3,0.1168,False,NOT_IN_DICT,
stt11,page_0228,4,20,tàu,矰,姚,U+59DA,0.0646,False,NOT_IN_DICT,
stt11,page_0228,4,22,về,券,耒,U+8012,0.0414,True,RESCUE_LOW_CONF,
stt11,page_0228,5,7,cả,粤,竒,U+7AD2,0.0451,True,RESCUE_LOW_CONF,
stt11,page_0228,5,11,lăm,漙,凜,U+51DC,0.4949,False,NOT_IN_DICT,
stt11,page_0228,6,8,người,粤,𠊚,U+2029A,0.9252,True,RESCUE_GOLD_HIGH,
stt11,page_0228,6,13,thấy,件,兮,U+516E,0.1282,False,NOT_IN_DICT,
stt11,page_0228,6,14,bốn,𠔃,道,U+9053,0.7578,False,NOT_IN_DICT,
stt11,page_0228,6,20,nước,𣸪,渃,U+6E03,0.6768,True,RESCUE_LOW_CONF,
stt11,page_0228,6,22,phal,沛,沛,U+6C9B,0.9015,False,NOT_IN_DICT,
stt11,page_0228,7,8,pha,上,死,U+6B7B,0.1103,False,NOT_IN_DICT,
stt11,page_0228,7,9,nguyện,顇,願,U+9858,0.886,True,RESCUE_GOLD_HIGH,
stt11,page_0228,7,15,một,或,更,U+66F4,0.3001,True,RESCUE_LOW_CONF,
stt11,page_0228,7,17,tốt,琵,於,U+65BC,0.3074,False,NOT_IN_DICT,
stt11,page_0228,7,21,nu,凼,离,U+79BB,0.2833,False,NOT_IN_DICT,
stt11,page_0228,8,2,lên,挈,𠊚,U+2029A,0.264,False,NOT_IN_DICT,
stt11,page_0228,8,3,chỉ,避,連,U+9023,0.857,False,NOT_IN_DICT,
stt11,page_0228,8,4,đến,趙,棱,U+68F1,0.1109,False,NOT_IN_DICT,
stt11,page_0228,8,18,đào,均,麻,U+9EBB,0.204,False,NOT_IN_DICT,
stt11,page_0228,9,11,hạ,尽,下,U+4E0B,0.2232,True,RESCUE_LOW_CONF,
stt11,page_0228,9,12,nghe,盜,宜,U+5B9C,0.7789,True,RESCUE_GOLD_MED,
stt11,page_0228,9,19,một,喚,更,U+66F4,0.0915,True,RESCUE_LOW_CONF,
stt11,page_0228,9,21,nam,𡚖,歇,U+6B47,0.6068,False,NOT_IN_DICT,
stt11,page_0232,1,4,hạ,干,下,U+4E0B,0.1004,True,RESCUE_LOW_CONF,
stt11,page_0232,1,7,lạ,迆,主,U+4E3B,0.2935,False,NOT_IN_DICT,
stt11,page_0232,1,16,hãi,𰑊,㤥,U+3925,0.3472,True,RESCUE_LOW_CONF,
stt11,page_0232,2,7,năm,斷,論,U+8AD6,0.0753,False,NOT_IN_DICT,
stt11,page_0232,2,15,biển,凌,彼,U+5F7C,0.1186,True,RESCUE_LOW_CONF,
stt11,page_0232,2,17,cạn,汻,沛,U+6C9B,0.0778,False,NOT_IN_DICT,
stt11,page_0232,2,20,để,夜,底,U+5E95,0.9068,True,RESCUE_GOLD_HIGH,
stt11,page_0232,3,1,hạ,夲,下,U+4E0B,0.0848,True,RESCUE_LOW_CONF,
stt11,page_0232,3,5,xác,覺,壳,U+58F3,0.8064,True,RESCUE_GOLD_MED,
stt11,page_0232,3,7,có,回,固,U+56FA,0.9224,True,RESCUE_GOLD_HIGH,
stt11,page_0232,3,9,năm,靜,矯,U+77EF,0.1717,False,NOT_IN_DICT,
stt11,page_0232,3,13,đem,𭂫,包,U+5305,0.3428,False,NOT_IN_DICT,
stt11,page_0232,3,17,mộ,凰,墓,U+5893,0.2478,True,RESCUE_LOW_CONF,
stt11,page_0232,4,1,nước,篋,渃,U+6E03,0.7227,True,RESCUE_GOLD_MED,
stt11,page_0232,4,5,mẹ,娗,埃,U+57C3,0.1564,False,NOT_IN_DICT,
stt11,page_0232,5,10,nước,労,匿,U+533F,0.0261,True,RESCUE_LOW_CONF,
stt11,page_0232,5,16,lóc,咳,咍,U+548D,0.2705,False,NOT_IN_DICT,
stt11,page_0232,5,17,thương,恁,傷,U+50B7,0.2516,True,RESCUE_LOW_CONF,
stt11,page_0232,6,2,bãi,里,罢,U+7F62,0.2982,True,RESCUE_LOW_CONF,
stt11,page_0232,6,13,ấy,攵,奴,U+5974,0.0835,False,NOT_IN_DICT,
stt11,page_0232,6,18,ăm,稽,棱,U+68F1,0.2628,False,NOT_IN_DICT,
stt11,page_0232,8,0,trẻ,他,礼,U+793C,0.9075,True,RESCUE_GOLD_HIGH,
stt11,page_0232,8,3,rằng,底,浪,U+6D6A,0.2293,True,RESCUE_LOW_CONF,
stt11,page_0232,8,8,đây,欣,低,U+4F4E,0.0114,True,RESCUE_LOW_CONF,
stt11,page_0232,8,9,bao,乞,娄,U+5A04,0.1379,False,NOT_IN_DICT,
stt11,page_0232,8,17,thiên,奈,天,U+5929,0.1548,True,RESCUE_LOW_CONF,
stt11,page_0232,9,10,mai,放,赦,U+8D66,0.2729,False,NOT_IN_DICT,
stt11,page_0232,9,13,quân,年,女,U+5973,0.3726,False,NOT_IN_DICT,
stt11,page_0232,9,14,giù,梅,折,U+6298,0.5309,False,NOT_IN_DICT,
stt11,page_0232,9,16,rẽ,祀,姚,U+59DA,0.3883,False,NOT_IN_DICT,
stt11,page_0232,9,17,biển,𨹧,麻,U+9EBB,0.2379,False,NOT_IN_DICT,
stt11,page_0232,9,19,hai,迢,咍,U+548D,0.1145,True,RESCUE_LOW_CONF,
stt11,page_0234,1,9,trong,奎,重,U+91CD,0.9829,False,NOT_IN_DICT,
stt11,page_0234,1,10,hơn,掖,欣,U+6B23,0.269,True,RESCUE_LOW_CONF,
stt11,page_0234,1,21,đế,存,氐,U+6C10,0.0027,True,RESCUE_LOW_CONF,
stt11,page_0234,3,5,ra,罗,代,U+4EE3,0.9439,False,NOT_IN_DICT,
stt11,page_0234,3,14,trăm,孫,昆,U+6606,0.0746,False,NOT_IN_DICT,
stt11,page_0234,4,4,xi,火,吹,U+5439,0.0734,True,RESCUE_LOW_CONF,
stt11,page_0234,5,2,thành,械,城,U+57CE,0.9412,True,RESCUE_GOLD_HIGH,
stt11,page_0234,5,14,xi,吸,曳,U+66F3,0.5775,False,NOT_IN_DICT,
stt11,page_0234,6,17,khuyên,唱,理,U+7406,0.8732,False,NOT_IN_DICT,
stt11,page_0234,7,3,ấy,乆,衣,U+8863,0.483,True,RESCUE_LOW_CONF,
stt11,page_0234,7,5,nghe,皆,宜,U+5B9C,0.3374,True,RESCUE_LOW_CONF,
stt11,page_0234,7,13,thương,傉,傷,U+50B7,0.9176,True,RESCUE_GOLD_HIGH,
stt11,page_0234,7,17,già,税,穌,U+7A4C,0.0954,False,NOT_IN_DICT,
stt11,page_0234,7,18,mà,庪,麻,U+9EBB,0.8102,True,RESCUE_GOLD_MED,
stt11,page_0234,7,22,songnua,女,女,U+5973,0.9916,False,NOT_IN_DICT,
stt11,page_0234,8,1,chó,潜,渚,U+6E1A,0.9333,False,NOT_IN_DICT,
stt11,page_0234,8,7,bà,肥,把,U+628A,0.7838,True,RESCUE_GOLD_MED,
stt11,page_0234,8,11,khuyên,勛,勧,U+52E7,0.632,True,RESCUE_LOW_CONF,
stt11,page_0234,8,18,sống,執,時,U+6642,0.4176,False,NOT_IN_DICT,
stt11,page_0234,9,0,chết,析,折,U+6298,0.0717,True,RESCUE_LOW_CONF,
stt11,page_0236,1,18,thật,𥬇,实,U+5B9E,0.795,True,RESCUE_GOLD_MED,
stt11,page_0236,1,19,bỏ,葡,補,U+88DC,0.7137,True,RESCUE_GOLD_MED,
stt11,page_0236,1,21,mà,爲,徳,U+5FB3,0.0851,False,NOT_IN_DICT,
stt11,page_0236,2,11,ở,支,吏,U+540F,0.5999,False,NOT_IN_DICT,
stt11,page_0236,3,0,là,罢,邏,U+908F,0.0773,True,RESCUE_LOW_CONF,
stt11,page_0236,3,4,chớ,渃,渚,U+6E1A,0.1011,True,RESCUE_LOW_CONF,
stt11,page_0236,3,7,vua,帝,事,U+4E8B,0.391,False,NOT_IN_DICT,
stt11,page_0236,3,19,mặt,字,末,U+672B,0.6325,True,RESCUE_LOW_CONF,
stt11,page_0236,3,22,răng,渴,浪,U+6D6A,0.7035,True,RESCUE_GOLD_MED,
stt11,page_0236,4,3,dể,昜,易,U+6613,0.8796,True,RESCUE_GOLD_HIGH,
stt11,page_0236,4,8,sao,中,柴,U+67F4,0.3997,False,NOT_IN_DICT,
stt11,page_0236,4,14,một,災,更,U+66F4,0.1528,True,RESCUE_LOW_CONF,
stt11,page_0236,4,15,khi,飲,欺,U+6B3A,0.4713,True,RESCUE_LOW_CONF,
stt11,page_0236,5,0,me,媛,埃,U+57C3,0.1213,False,NOT_IN_DICT,
stt11,page_0236,5,19,còn,咩,群,U+7FA4,0.8632,True,RESCUE_GOLD_HIGH,
stt11,page_0236,5,20,lo,呌,哭,U+54ED,0.0679,False,NOT_IN_DICT,
stt11,page_0236,6,9,mình,届,𠇮,U+201EE,0.524,True,RESCUE_LOW_CONF,
stt11,page_0236,7,14,bảy,數,罢,U+7F62,0.036,True,RESCUE_LOW_CONF,
stt11,page_0236,7,21,hal,唱,咍,U+548D,0.334,False,NOT_IN_DICT,
stt11,page_0236,8,3,mười,遍,邁,U+9081,0.9653,True,RESCUE_GOLD_HIGH,
stt11,page_0236,8,19,đạo,題,道,U+9053,0.3063,True,RESCUE_LOW_CONF,
stt11,page_0236,8,20,thì,吏,实,U+5B9E,0.4569,False,NOT_IN_DICT,
stt11,page_0236,8,21,làm,女,乄,U+4E44,0.0421,True,RESCUE_LOW_CONF,
stt11,page_0236,9,1,ta,甚,些,U+4E9B,0.8647,True,RESCUE_GOLD_HIGH,
stt11,page_0236,9,7,nay,忌,尼,U+5C3C,0.9756,True,RESCUE_GOLD_HIGH,
stt11,page_0236,9,10,một,箋,更,U+66F4,0.696,True,RESCUE_LOW_CONF,
stt11,page_0238,1,1,tạo,𨖥,遣,U+9063,0.1171,False,NOT_IN_DICT,
stt11,page_0238,1,5,mẹ,娛,埃,U+57C3,0.1772,False,NOT_IN_DICT,
stt11,page_0238,1,14,bảy,罫,罢,U+7F62,0.0947,True,RESCUE_LOW_CONF,
stt11,page_0238,2,6,là,畢,埃,U+57C3,0.3012,False,NOT_IN_DICT,
stt11,page_0238,2,9,đẻ,臟,賊,U+8CCA,0.1238,False,NOT_IN_DICT,
stt11,page_0238,2,13,một,浸,没,U+6CA1,0.6439,True,RESCUE_LOW_CONF,
stt11,page_0238,2,20,ra,惸,囉,U+56C9,0.0558,True,RESCUE_LOW_CONF,
stt11,page_0238,3,0,một,灰,更,U+66F4,0.3648,True,RESCUE_LOW_CONF,
stt11,page_0238,3,1,lần,杏,吝,U+541D,0.6471,True,RESCUE_LOW_CONF,
stt11,page_0238,3,2,về,赤,耒,U+8012,0.0233,True,RESCUE_LOW_CONF,
stt11,page_0238,3,5,y,父,衣,U+8863,0.2956,True,RESCUE_LOW_CONF,
stt11,page_0238,3,8,thấy,详,牢,U+7262,0.0697,False,NOT_IN_DICT,
stt11,page_0238,3,9,con,洋,群,U+7FA4,0.9606,True,RESCUE_GOLD_HIGH,
stt11,page_0238,3,10,sống,執,封,U+5C01,0.1481,False,NOT_IN_DICT,
stt11,page_0238,3,12,lo,芦,哭,U+54ED,0.2298,False,NOT_IN_DICT,
stt11,page_0238,3,22,sáng,则,別,U+5225,0.543,False,NOT_IN_DICT,
stt11,page_0238,4,11,đẻ,脹,𦝄,U+26744,0.3381,False,NOT_IN_DICT,
stt11,page_0238,4,21,càng,弟,强,U+5F3A,0.4895,True,RESCUE_LOW_CONF,
stt11,page_0238,5,4,mẹ,嫂,埃,U+57C3,0.433,False,NOT_IN_DICT,
stt11,page_0238,5,15,lo,芦,卢,U+5362,0.0483,True,RESCUE_LOW_CONF,
stt11,page_0238,5,16,nuôi,終,終,U+7D42,0.2173,False,NOT_IN_DICT,
stt11,page_0238,5,21,bú,弟,帝,U+5E1D,0.2283,False,NOT_IN_DICT,
stt11,page_0238,6,10,mình,合,𠇮,U+201EE,0.4084,True,RESCUE_LOW_CONF,
stt11,page_0238,6,19,thật,臾,实,U+5B9E,0.8933,True,RESCUE_GOLD_HIGH,
stt11,page_0238,6,20,th,時,時,U+6642,0.9734,False,NOT_IN_DICT,
stt11,page_0238,7,23,vay,不,丕,U+4E15,0.9766,False,NOT_IN_DICT,
stt11,page_0238,8,14,trăm,喜,寺,U+5BFA,0.1241,False,NOT_IN_DICT,
stt11,page_0238,8,15,sáu,起,迈,U+8FC8,0.4061,False,NOT_IN_DICT,
stt11,page_0238,8,17,165,椒,極,U+6975,0.6867,False,NOT_IN_DICT,
stt11,page_0238,8,18,năm,辦,断,U+65AD,0.1228,False,NOT_IN_DICT,
stt11,page_0238,9,2,bôn,举,畧,U+7567,0.1992,False,NOT_IN_DICT,
stt11,page_0238,9,3,ong,斧,翁,U+7FC1,0.8513,True,RESCUE_GOLD_HIGH,
stt11,page_0238,9,6,r1,移,移,U+79FB,0.367,False,NOT_IN_DICT,
stt11,page_0238,9,8,u,杏,娄,U+5A04,0.1753,False,NOT_IN_DICT,
stt11,page_0240,1,6,ra,聘,生,U+751F,0.1043,False,NOT_IN_DICT,
stt11,page_0240,1,17,một,徔,些,U+4E9B,0.2122,False,NOT_IN_DICT,
stt11,page_0240,2,13,năm,𢬵,如,U+5982,0.2554,False,NOT_IN_DICT,
stt11,page_0240,2,21,a,花,移,U+79FB,0.1529,False,NOT_IN_DICT,
stt11,page_0240,2,22,nuôi,溪,沙,U+6C99,0.1245,False,NOT_IN_DICT,
stt11,page_0240,3,5,đạo,逆,些,U+4E9B,0.2057,False,NOT_IN_DICT,
stt11,page_0240,3,22,để,夜,底,U+5E95,0.8354,True,RESCUE_GOLD_MED,
stt11,page_0240,4,4,giờ,隂,除,U+9664,0.8359,True,RESCUE_GOLD_MED,
stt11,page_0240,4,7,thư,卡,次,U+6B21,0.0137,True,RESCUE_LOW_CONF,
stt11,page_0240,4,20,chịu,吕,召,U+53EC,0.9591,True,RESCUE_GOLD_HIGH,
stt11,page_0240,5,14,gửi,㫁,中,U+4E2D,0.3021,False,NOT_IN_DICT,
stt11,page_0240,5,15,thư,中,安,U+5B89,0.5522,False,NOT_IN_DICT,
stt11,page_0240,5,19,hai,四,咍,U+548D,0.0717,True,RESCUE_LOW_CONF,
stt11,page_0240,5,20,ba,囚,巴,U+5DF4,0.7424,True,RESCUE_GOLD_MED,
stt11,page_0240,5,22,t000000000201,聶,悶,U+60B6,0.0895,False,NOT_IN_DICT,
stt11,page_0240,6,13,kíp,意,急,U+6025,0.0624,True,RESCUE_LOW_CONF,
stt11,page_0240,7,3,nói,呬,内,U+5185,0.0316,True,RESCUE_LOW_CONF,
stt11,page_0240,7,8,lăm,椒,林,U+6797,0.6378,True,RESCUE_LOW_CONF,
stt11,page_0240,7,9,tháng,𠋣,倘,U+5018,0.4997,True,RESCUE_LOW_CONF,
stt11,page_0240,7,10,chạp,𦠼,賖,U+8CD6,0.4184,False,NOT_IN_DICT,
stt11,page_0240,7,11,ong,抛,把,U+628A,0.1443,False,NOT_IN_DICT,
stt11,page_0240,7,19,răng,恨,浪,U+6D6A,0.4873,True,RESCUE_LOW_CONF,
stt11,page_0240,7,22,đạo,廵,徳,U+5FB3,0.1011,False,NOT_IN_DICT,
stt11,page_0240,8,9,dòng,泪,用,U+7528,0.5424,True,RESCUE_LOW_CONF,
stt11,page_0240,8,12,khi,臾,欺,U+6B3A,0.0883,True,RESCUE_LOW_CONF,
stt11,page_0240,8,15,bấy,甚,垩,U+57A9,0.1308,False,NOT_IN_DICT,
stt11,page_0240,9,12,nghĩa,必,双,U+53CC,0.5261,False,NOT_IN_DICT,
stt11,page_0240,9,21,bỏ,䄂,補,U+88DC,0.5408,True,RESCUE_LOW_CONF,
stt11,page_0240,9,22,oat,蜜,害,U+5BB3,0.2838,False,NOT_IN_DICT,
stt11,page_0242,1,0,biển,渡,彼,U+5F7C,0.0598,True,RESCUE_LOW_CONF,
stt11,page_0242,1,3,chịu,户,召,U+53EC,0.9352,True,RESCUE_GOLD_HIGH,
stt11,page_0242,2,0,ri,𢪩,移,U+79FB,0.4432,False,NOT_IN_DICT,
stt11,page_0242,3,15,lẻ,口,咍,U+548D,0.1092,False,NOT_IN_DICT,
stt11,page_0242,4,0,hai,喧,咍,U+548D,0.0433,True,RESCUE_LOW_CONF,
stt11,page_0242,4,2,lám,椒,林,U+6797,0.5289,False,NOT_IN_DICT,
stt11,page_0242,5,0,nước,涯,渃,U+6E03,0.4379,True,RESCUE_LOW_CONF,
stt11,page_0242,5,1,i,㐫,衣,U+8863,0.4936,False,NOT_IN_DICT,
stt11,page_0242,5,3,tô,魴,穌,U+7A4C,0.2409,True,RESCUE_LOW_CONF,
stt11,page_0242,5,15,năm,辦,椊,U+690A,0.1074,False,NOT_IN_DICT,
stt11,page_0242,5,21,ấv,入,官,U+5B98,0.2615,False,NOT_IN_DICT,
stt11,page_0242,6,8,giảng,補,朗,U+6717,0.115,False,NOT_IN_DICT,
stt11,page_0242,6,22,a,逆,亜,U+4E9C,0.2101,True,RESCUE_LOW_CONF,
stt11,page_0242,7,0,là,景,恩,U+6069,0.125,False,NOT_IN_DICT,
stt11,page_0242,7,4,i,夂,支,U+652F,0.7568,False,NOT_IN_DICT,
stt11,page_0242,7,10,dòng,泪,准,U+51C6,0.4217,False,NOT_IN_DICT,
stt11,page_0242,7,17,nước,漢,渃,U+6E03,0.1584,True,RESCUE_LOW_CONF,
stt11,page_0242,8,0,trọng,座,重,U+91CD,0.9804,True,RESCUE_GOLD_HIGH,
stt11,page_0242,8,12,dạ,胞,跪,U+8DEA,0.3172,False,NOT_IN_DICT,
stt11,page_0242,8,20,chưa,滿,渚,U+6E1A,0.3358,True,RESCUE_LOW_CONF,
stt11,page_0242,8,21,biết,州,別,U+5225,0.2316,True,RESCUE_LOW_CONF,
stt11,page_0242,9,5,về,𡵯,於,U+65BC,0.4058,False,NOT_IN_DICT,
stt11,page_0242,9,11,vậy,玉,丕,U+4E15,0.9248,True,RESCUE_GOLD_HIGH,
stt11,page_0242,9,13,một,改,更,U+66F4,0.7883,True,RESCUE_GOLD_MED,
stt11,page_0242,9,21,thấy,伐,城,U+57CE,0.139,False,NOT_IN_DICT,
stt11,page_0242,9,22,rất,懷,慄,U+6144,0.1439,True,RESCUE_LOW_CONF,
stt11,page_0244,1,6,ăm,杖,秋,U+79CB,0.9504,False,NOT_IN_DICT,
stt11,page_0244,1,12,mặt,東,棱,U+68F1,0.1047,False,NOT_IN_DICT,
stt11,page_0244,1,17,hai,𰑊,奴,U+5974,0.3501,False,NOT_IN_DICT,
stt11,page_0244,1,21,do,汚,渃,U+6E03,0.1972,False,NOT_IN_DICT,
stt11,page_0244,1,22,oue,穢,殻,U+6BBB,0.3503,False,NOT_IN_DICT,
stt11,page_0244,2,16,chiu,已,及,U+53CA,0.3106,False,NOT_IN_DICT,
stt11,page_0244,2,22,đến,白,旦,U+65E6,0.2033,True,RESCUE_LOW_CONF,
stt11,page_0244,3,16,cái,与,丐,U+4E10,0.1918,True,RESCUE_LOW_CONF,
stt11,page_0244,3,19,xỏ,𨢄,願,U+9858,0.0975,False,NOT_IN_DICT,
stt11,page_0244,3,22,tay,𨢄,腮,U+816E,0.3075,True,RESCUE_LOW_CONF,
stt11,page_0244,5,19,toan,旱,筭,U+7B6D,0.2648,True,RESCUE_LOW_CONF,
stt11,page_0244,5,20,ở,求,事,U+4E8B,0.2419,False,NOT_IN_DICT,
stt11,page_0244,5,21,đồng,望,童,U+7AE5,0.6412,True,RESCUE_LOW_CONF,
stt11,page_0244,6,0,trinh,員,貞,U+8C9E,0.1439,True,RESCUE_LOW_CONF,
stt11,page_0244,6,4,đời,民,代,U+4EE3,0.1515,True,RESCUE_LOW_CONF,
stt11,page_0244,6,14,18,糁,於,U+65BC,0.2381,False,NOT_IN_DICT,
stt11,page_0244,6,18,rô,曹,實,U+5BE6,0.1965,False,NOT_IN_DICT,
stt11,page_0244,7,0,trị,沿,治,U+6CBB,0.0843,True,RESCUE_LOW_CONF,
stt11,page_0244,7,6,hạ,奈,下,U+4E0B,0.5725,True,RESCUE_LOW_CONF,
stt11,page_0244,7,14,lạy,祗,時,U+6642,0.1514,False,NOT_IN_DICT,
stt11,page_0244,7,16,đe,峻,安,U+5B89,0.1363,False,NOT_IN_DICT,
stt11,page_0244,7,19,giờ,泽,除,U+9664,0.95,True,RESCUE_GOLD_HIGH,
stt11,page_0244,8,14,lạy,袍,蜍,U+870D,0.8287,False,NOT_IN_DICT,
stt11,page_0244,9,11,đang,劣,边,U+8FB9,0.276,False,NOT_IN_DICT,
stt11,page_0244,9,14,ở,玄,市,U+5E02,0.7618,False,NOT_IN_DICT,
stt11,page_0244,9,21,đến,日,旦,U+65E6,0.9537,True,RESCUE_GOLD_HIGH,
stt11,page_0246,1,2,vua,泰,君,U+541B,0.0793,True,RESCUE_LOW_CONF,
stt11,page_0246,1,14,vua,寿,壳,U+58F3,0.1392,False,NOT_IN_DICT,
stt11,page_0246,2,18,hồn,谓,魂,U+9B42,0.456,True,RESCUE_LOW_CONF,
stt11,page_0246,2,19,sa,次,沙,U+6C99,0.1603,True,RESCUE_LOW_CONF,
stt11,page_0246,3,17,tội,界,罪,U+7F6A,0.1577,True,RESCUE_LOW_CONF,
stt11,page_0246,3,18,lồi,為,磊,U+78CA,0.7474,False,NOT_IN_DICT,
stt11,page_0246,3,20,bụt,人,時,U+6642,0.2188,False,NOT_IN_DICT,
stt11,page_0246,3,21,ấy,孛,孛,U+5B5B,0.9788,False,NOT_IN_DICT,
stt11,page_0246,3,22,là,等,罗,U+7F57,0.0226,True,RESCUE_LOW_CONF,
stt11,page_0246,4,13,ngục,似,獄,U+7344,0.1933,True,RESCUE_LOW_CONF,
stt11,page_0246,5,1,quyền,𫞐,推,U+63A8,0.2184,False,NOT_IN_DICT,
stt11,page_0246,5,2,trị,讼,治,U+6CBB,0.1529,True,RESCUE_LOW_CONF,
stt11,page_0246,5,3,nước,始,渃,U+6E03,0.7423,True,RESCUE_GOLD_MED,
stt11,page_0246,5,6,liều,華,時,U+6642,0.0791,False,NOT_IN_DICT,
stt11,page_0246,5,11,hạ,奈,下,U+4E0B,0.169,True,RESCUE_LOW_CONF,
stt11,page_0246,5,13,sống,融,封,U+5C01,0.0864,False,NOT_IN_DICT,
stt11,page_0246,5,21,vua,耒,君,U+541B,0.0858,True,RESCUE_LOW_CONF,
stt11,page_0246,6,4,đức,厉,主,U+4E3B,0.5155,False,NOT_IN_DICT,
stt11,page_0246,7,1,đền,晏,没,U+6CA1,0.0773,False,NOT_IN_DICT,
stt11,page_0246,7,8,hỏi,毎,每,U+6BCF,0.9268,True,RESCUE_GOLD_HIGH,
stt11,page_0246,8,4,ca,歙,𰙔,U+30654,0.0419,True,RESCUE_LOW_CONF,
stt11,page_0246,8,13,mọi,母,每,U+6BCF,0.7023,True,RESCUE_GOLD_MED,
stt11,page_0246,9,8,sang,却,郎,U+90CE,0.7929,True,RESCUE_GOLD_MED,
stt11,page_0246,9,18,mọi,而,㐌,U+340C,0.1407,False,NOT_IN_DICT,
stt11,page_0246,9,19,sự,可,曰,U+66F0,0.223,False,NOT_IN_DICT,
stt11,page_0246,9,22,tội,可,分,U+5206,0.0894,False,NOT_IN_DICT,
stt11,page_0248,2,11,hay,㽞,次,U+6B21,0.2475,False,NOT_IN_DICT,
stt11,page_0248,2,16,nước,遊,渃,U+6E03,0.5695,True,RESCUE_LOW_CONF,
stt11,page_0248,2,17,khiến,僂,婆,U+5A46,0.0793,False,NOT_IN_DICT,
stt11,page_0248,2,19,đạo,扈,灵,U+7075,0.1142,False,NOT_IN_DICT,
stt11,page_0248,3,6,năm,融,觧,U+89E7,0.1197,False,NOT_IN_DICT,
stt11,page_0248,3,14,lăm,禦,凜,U+51DC,0.8516,False,NOT_IN_DICT,
stt11,page_0248,3,18,phô,减,油,U+6CB9,0.5134,False,NOT_IN_DICT,
stt11,page_0248,3,19,ông,夅,翁,U+7FC1,0.7581,True,RESCUE_GOLD_MED,
stt11,page_0248,3,20,thấy,皆,帝,U+5E1D,0.0539,False,NOT_IN_DICT,
stt11,page_0248,4,2,trẻ,祖,礼,U+793C,0.3959,True,RESCUE_LOW_CONF,
stt11,page_0248,4,7,điều,姻,調,U+8ABF,0.4257,True,RESCUE_LOW_CONF,
stt11,page_0248,4,10,dễ,我,次,U+6B21,0.1728,False,NOT_IN_DICT,
stt11,page_0248,4,12,khi,数,欺,U+6B3A,0.0651,True,RESCUE_LOW_CONF,
stt11,page_0248,4,21,mặt,丰,末,U+672B,0.7759,True,RESCUE_GOLD_MED,
stt11,page_0248,5,1,một,蔓,更,U+66F4,0.5061,True,RESCUE_LOW_CONF,
stt11,page_0248,5,8,chớ,汸,渚,U+6E1A,0.8513,True,RESCUE_GOLD_HIGH,
stt11,page_0248,6,10,chửi,止,些,U+4E9B,0.6414,False,NOT_IN_DICT,
stt11,page_0248,6,11,rủa,曽,實,U+5BE6,0.0733,False,NOT_IN_DICT,
stt11,page_0248,6,20,lấy,商,礼,U+793C,0.1664,True,RESCUE_LOW_CONF,
stt11,page_0248,6,21,lời,祀,𢬦,U+22B26,0.5913,False,NOT_IN_DICT,
stt11,page_0248,7,4,chửi,甿,些,U+4E9B,0.5975,False,NOT_IN_DICT,
stt11,page_0248,7,5,bụt,斈,孛,U+5B5B,0.8774,True,RESCUE_GOLD_HIGH,
stt11,page_0248,7,6,đâu,光,兜,U+515C,0.3951,True,RESCUE_LOW_CONF,
stt11,page_0248,7,13,hạ,夲,下,U+4E0B,0.1166,True,RESCUE_LOW_CONF,
stt11,page_0248,7,21,răng,落,浪,U+6D6A,0.5963,True,RESCUE_LOW_CONF,
stt11,page_0248,8,2,xem,福,袩,U+88A9,0.4223,True,RESCUE_LOW_CONF,
stt11,page_0248,8,12,chưa,滿,朱,U+6731,0.0363,True,RESCUE_LOW_CONF,
stt11,page_0248,8,16,gọi,麽,噲,U+5672,0.8298,True,RESCUE_GOLD_MED,
stt11,page_0248,8,17,là,竹,者,U+8005,0.0684,False,NOT_IN_DICT,
stt11,page_0248,8,21,vô,每,每,U+6BCF,0.4253,False,NOT_IN_DICT,
stt11,page_0248,8,22,cung,穿,穷,U+7A77,0.9562,False,NOT_IN_DICT,
stt11,page_0248,9,21,trong,甲,中,U+4E2D,0.974,True,RESCUE_GOLD_HIGH,
stt11,page_0248,9,22,sách,粤,間,U+9593,0.1591,False,NOT_IN_DICT,
stt11,page_0250,1,13,tỏ,欬,訴,U+8A34,0.7713,True,RESCUE_GOLD_MED,
stt11,page_0250,1,14,ra,淂,時,U+6642,0.1155,False,NOT_IN_DICT,
stt11,page_0250,1,16,tội,正,罪,U+7F6A,0.0302,True,RESCUE_LOW_CONF,
stt11,page_0250,1,17,lối,昼,磊,U+78CA,0.7813,True,RESCUE_GOLD_MED,
stt11,page_0250,1,21,răng,爾,浪,U+6D6A,0.941,True,RESCUE_GOLD_HIGH,
stt11,page_0250,1,22,những,伲,仍,U+4ECD,0.9813,True,RESCUE_GOLD_HIGH,
stt11,page_0250,2,8,trộm,溫,時,U+6642,0.9567,False,NOT_IN_DICT,
stt11,page_0250,3,4,sách,𫤰,欺,U+6B3A,0.1575,False,NOT_IN_DICT,
stt11,page_0250,3,12,chớ,防,渚,U+6E1A,0.9006,True,RESCUE_GOLD_HIGH,
stt11,page_0250,3,22,chi,乏,之,U+4E4B,0.4932,True,RESCUE_LOW_CONF,
stt11,page_0250,4,8,đâu,𠅙,兜,U+515C,0.2046,True,RESCUE_LOW_CONF,
stt11,page_0250,4,11,phải,浄,沛,U+6C9B,0.6615,True,RESCUE_LOW_CONF,
stt11,page_0250,4,17,ngục,微,城,U+57CE,0.0957,False,NOT_IN_DICT,
stt11,page_0250,5,3,phạt,府,列,U+5217,0.1307,False,NOT_IN_DICT,
stt11,page_0250,5,24,couthermans,几,几,U+51E0,0.9488,False,NOT_IN_DICT,
stt11,page_0250,6,0,u,迷,遣,U+9063,0.2886,False,NOT_IN_DICT,
stt11,page_0250,6,1,mê,畨,迷,U+8FF7,0.0376,True,RESCUE_LOW_CONF,
stt11,page_0250,7,21,chono,朱,朱,U+6731,0.9845,False,NOT_IN_DICT,
stt11,page_0250,8,11,còn,烊,群,U+7FA4,0.876,True,RESCUE_GOLD_HIGH,
stt11,page_0250,9,2,núi,尚,离,U+79BB,0.5302,False,NOT_IN_DICT,
stt11,page_0250,9,9,và,章,喡,U+55A1,0.2758,True,RESCUE_LOW_CONF,
stt11,page_0250,9,13,hạ,尽,朱,U+6731,0.7264,False,NOT_IN_DICT,
stt11,page_0250,9,15,hay,必,特,U+7279,0.8937,True,RESCUE_GOLD_HIGH,
stt11,page_0250,9,16,người,早,𠊚,U+2029A,0.9901,True,RESCUE_GOLD_HIGH,
stt11,page_0252,1,4,vật,牧,麻,U+9EBB,0.6583,False,NOT_IN_DICT,
stt11,page_0252,1,8,hạ,卡,下,U+4E0B,0.6122,True,RESCUE_LOW_CONF,
stt11,page_0252,1,9,thì,珝,時,U+6642,0.459,True,RESCUE_LOW_CONF,
stt11,page_0252,1,15,băng,干,弄,U+5F04,0.1711,False,NOT_IN_DICT,
stt11,page_0252,1,18,sách,周,固,U+56FA,0.131,False,NOT_IN_DICT,
stt11,page_0252,1,22,den,習,旦,U+65E6,0.3696,False,NOT_IN_DICT,
stt11,page_0252,2,12,khi,奠,欺,U+6B3A,0.2916,True,RESCUE_LOW_CONF,
stt11,page_0252,2,16,trời,秋,秋,U+79CB,0.8199,False,NOT_IN_DICT,
stt11,page_0252,3,10,truyền,皆,悶,U+60B6,0.3974,False,NOT_IN_DICT,
stt11,page_0252,3,15,sách,恩,固,U+56FA,0.2585,False,NOT_IN_DICT,
stt11,page_0252,3,19,den,曰,旦,U+65E6,0.9537,False,NOT_IN_DICT,
stt11,page_0252,4,7,tường,徉,詳,U+8A73,0.0401,True,RESCUE_LOW_CONF,
stt11,page_0252,4,10,phô,燔,哺,U+54FA,0.2094,True,RESCUE_LOW_CONF,
stt11,page_0252,4,22,che,岐,枝,U+679D,0.4857,True,RESCUE_LOW_CONF,
stt11,page_0252,5,0,5,爊,塊,U+584A,0.1347,False,NOT_IN_DICT,
stt11,page_0252,5,8,phô,賄,哺,U+54FA,0.14,True,RESCUE_LOW_CONF,
stt11,page_0252,5,12,tội,乎,唯,U+552F,0.1423,False,NOT_IN_DICT,
stt11,page_0252,5,15,phạm,肥,犯,U+72AF,0.069,True,RESCUE_LOW_CONF,
stt11,page_0252,5,17,nay,包,尼,U+5C3C,0.0679,True,RESCUE_LOW_CONF,
stt11,page_0252,7,4,lời,窗,例,U+4F8B,0.1314,True,RESCUE_LOW_CONF,
stt11,page_0252,7,16,bấy,目,闭,U+95ED,0.0994,True,RESCUE_LOW_CONF,
stt11,page_0252,9,15,cũng,找,拙,U+62D9,0.1873,False,NOT_IN_DICT,
stt11,page_0254,1,5,nay,忠,尼,U+5C3C,0.896,True,RESCUE_GOLD_HIGH,
stt11,page_0254,1,10,phải,弟,沛,U+6C9B,0.7598,True,RESCUE_GOLD_MED,
stt11,page_0254,2,1,lấy,𫀃,𢬦,U+22B26,0.4245,True,RESCUE_LOW_CONF,
stt11,page_0254,2,8,nhược,君,𠰥,U+20C25,0.0273,True,RESCUE_LOW_CONF,
stt11,page_0254,2,20,phô,帰,哺,U+54FA,0.0841,True,RESCUE_LOW_CONF,
stt11,page_0254,3,6,quỳ,屍,跪,U+8DEA,0.2892,True,RESCUE_LOW_CONF,
stt11,page_0254,3,9,rửa,沿,召,U+53EC,0.2809,False,NOT_IN_DICT,
stt11,page_0254,3,12,chóng,扳,格,U+683C,0.3387,False,NOT_IN_DICT,
stt11,page_0254,3,21,chiu,乃,召,U+53EC,0.4911,False,NOT_IN_DICT,
stt11,page_0254,5,8,cũng,拽,赦,U+8D66,0.9862,False,NOT_IN_DICT,
stt11,page_0254,5,11,tội,亦,朱,U+6731,0.9349,False,NOT_IN_DICT,
stt11,page_0254,5,20,đạo,廵,爲,U+7232,0.4071,False,NOT_IN_DICT,
stt11,page_0254,7,0,ông,得,𠊚,U+2029A,0.4301,False,NOT_IN_DICT,
stt11,page_0254,7,3,lời,裔,例,U+4F8B,0.1384,True,RESCUE_LOW_CONF,
stt11,page_0254,7,6,làm,分,乄,U+4E44,0.0302,True,RESCUE_LOW_CONF,
stt11,page_0254,7,7,dấu,斟,𧿫,U+27FEB,0.204,True,RESCUE_LOW_CONF,
stt11,page_0254,7,13,buộc,紂,外,U+5916,0.1991,False,NOT_IN_DICT,
stt11,page_0254,7,14,trói,編,餒,U+9912,0.1817,False,NOT_IN_DICT,
stt11,page_0254,7,21,lừa,炤,中,U+4E2D,0.317,False,NOT_IN_DICT,
stt11,page_0254,7,22,vạy,丕,丕,U+4E15,0.9723,False,NOT_IN_DICT,
stt11,page_0254,8,0,mươi,及,麻,U+9EBB,0.1622,False,NOT_IN_DICT,
stt11,page_0254,8,6,songle,离,双,U+53CC,0.6351,False,NOT_IN_DICT,
stt11,page_0254,8,21,lam,凍,凜,U+51DC,0.3448,False,NOT_IN_DICT,
stt11,page_0254,9,2,đạo,逍,道,U+9053,0.8642,True,RESCUE_GOLD_HIGH,
stt11,page_0254,9,3,cất,按,拮,U+62EE,0.7791,True,RESCUE_GOLD_MED,
stt11,page_0254,9,11,lấy,他,礼,U+793C,0.7217,True,RESCUE_GOLD_MED,
stt11,page_0254,9,16,bà,旭,把,U+628A,0.6648,True,RESCUE_LOW_CONF,
stt11,page_0256,1,7,roi,挑,姚,U+59DA,0.1539,False,NOT_IN_DICT,
stt11,page_0256,1,8,da,股,欺,U+6B3A,0.0721,False,NOT_IN_DICT,
stt11,page_0256,1,16,một,箋,与,U+4E0E,0.2108,False,NOT_IN_DICT,
stt11,page_0256,1,19,giờ,隂,除,U+9664,0.8095,True,RESCUE_GOLD_MED,
stt11,page_0256,2,5,mắt,味,沫,U+6CAB,0.6779,True,RESCUE_LOW_CONF,
stt11,page_0256,2,6,ra,愕,罢,U+7F62,0.0942,False,NOT_IN_DICT,
stt11,page_0256,2,11,vui,通,末,U+672B,0.4228,False,NOT_IN_DICT,
stt11,page_0256,2,14,kêu,卧,呌,U+544C,0.6174,True,RESCUE_LOW_CONF,
stt11,page_0256,2,20,cam,扵,扲,U+6272,0.8574,False,NOT_IN_DICT,
stt11,page_0256,3,4,mười,反,迈,U+8FC8,0.07,True,RESCUE_LOW_CONF,
stt11,page_0256,4,8,một,復,更,U+66F4,0.1884,True,RESCUE_LOW_CONF,
stt11,page_0256,4,9,chim,鵠,浪,U+6D6A,0.2544,False,NOT_IN_DICT,
stt11,page_0256,4,12,đem,冗,包,U+5305,0.2942,False,NOT_IN_DICT,
stt11,page_0256,4,16,ăn,字,安,U+5B89,0.2918,True,RESCUE_LOW_CONF,
stt11,page_0256,5,5,hậu,以,位,U+4F4D,0.5072,False,NOT_IN_DICT,
stt11,page_0256,5,11,phô,賄,哺,U+54FA,0.1607,True,RESCUE_LOW_CONF,
stt11,page_0256,5,16,viếng,承,永,U+6C38,0.3131,True,RESCUE_LOW_CONF,
stt11,page_0256,6,3,phải,祐,沛,U+6C9B,0.8635,True,RESCUE_GOLD_HIGH,
stt11,page_0256,6,5,lăm,藥,凜,U+51DC,0.9022,False,NOT_IN_DICT,
stt11,page_0256,6,7,tin,位,信,U+4FE1,0.3109,True,RESCUE_LOW_CONF,
stt11,page_0256,7,2,mười,遇,邁,U+9081,0.966,True,RESCUE_GOLD_HIGH,
stt11,page_0256,7,4,ngày,曝,時,U+6642,0.8712,True,RESCUE_GOLD_HIGH,
stt11,page_0256,7,7,đòi,成,隊,U+968A,0.8419,True,RESCUE_GOLD_MED,
stt11,page_0256,9,7,nở,妄,孾,U+5B7E,0.6073,False,NOT_IN_DICT,
stt11,page_0256,9,11,ngan,帖,旦,U+65E6,0.3583,False,NOT_IN_DICT,
stt11,page_0256,9,14,héo,好,吏,U+540F,0.2457,False,NOT_IN_DICT,
stt11,page_0256,9,16,thấy,休,体,U+4F53,0.8107,True,RESCUE_GOLD_MED,
stt11,page_0256,9,21,phải,涉,沛,U+6C9B,0.6414,True,RESCUE_LOW_CONF,
stt11,page_0258,1,6,nghĩa,必,奴,U+5974,0.1764,False,NOT_IN_DICT,
stt11,page_0258,2,9,một,彧,更,U+66F4,0.6781,True,RESCUE_LOW_CONF,
stt11,page_0258,2,12,dữ,奘,共,U+5171,0.3418,False,NOT_IN_DICT,
stt11,page_0258,2,13,lắm,漙,凜,U+51DC,0.8565,True,RESCUE_GOLD_HIGH,
stt11,page_0258,2,14,khiến,廣,遣,U+9063,0.3275,True,RESCUE_LOW_CONF,
stt11,page_0258,2,17,bánh,胼,軿,U+8EFF,0.0271,True,RESCUE_LOW_CONF,
stt11,page_0258,2,20,trấu,錢,奏,U+594F,0.2266,True,RESCUE_LOW_CONF,
stt11,page_0258,2,21,sắt,决,扶,U+6276,0.2028,False,NOT_IN_DICT,
stt11,page_0258,3,0,nhọn,𠷰,福,U+798F,0.2527,False,NOT_IN_DICT,
stt11,page_0258,3,1,lăm,漢,凜,U+51DC,0.9225,False,NOT_IN_DICT,
stt11,page_0258,3,3,buộc,紂,鄧,U+9127,0.3523,False,NOT_IN_DICT,
stt11,page_0258,3,6,giữa,佇,佇,U+4F47,0.6297,False,NOT_IN_DICT,
stt11,page_0258,3,7,bánh,胼,軿,U+8EFF,0.0275,True,RESCUE_LOW_CONF,
stt11,page_0258,3,8,xe,李,車,U+8ECA,0.142,True,RESCUE_LOW_CONF,
stt11,page_0258,3,12,bánh,用,麻,U+9EBB,0.2097,False,NOT_IN_DICT,
stt11,page_0258,3,13,xe,事,連,U+9023,0.1367,False,NOT_IN_DICT,
stt11,page_0258,3,17,xương,曷,眉,U+7709,0.2782,False,NOT_IN_DICT,
stt11,page_0258,4,2,buộc,糾,鄧,U+9127,0.1831,False,NOT_IN_DICT,
stt11,page_0258,4,13,bánh,用,軿,U+8EFF,0.0662,True,RESCUE_LOW_CONF,
stt11,page_0258,4,16,một,箋,更,U+66F4,0.8136,True,RESCUE_GOLD_MED,
stt11,page_0258,4,19,tấm,粉,糁,U+7CC1,0.3207,True,RESCUE_LOW_CONF,
stt11,page_0258,5,11,phải,邸,沛,U+6C9B,0.9599,True,RESCUE_GOLD_HIGH,
stt11,page_0258,5,12,nao,弟,市,U+5E02,0.6172,True,RESCUE_LOW_CONF,
stt11,page_0258,5,17,xem,𥘎,体,U+4F53,0.7211,False,NOT_IN_DICT,
stt11,page_0258,5,21,vay,不,丕,U+4E15,0.9108,False,NOT_IN_DICT,
stt11,page_0258,6,0,kêu,身,呌,U+544C,0.7483,True,RESCUE_GOLD_MED,
stt11,page_0258,6,1,lên,潮,𠊚,U+2029A,0.1449,False,NOT_IN_DICT,
stt11,page_0258,6,10,lăm,漙,弄,U+5F04,0.442,False,NOT_IN_DICT,
stt11,page_0258,6,11,vua,弄,体,U+4F53,0.9877,False,NOT_IN_DICT,
stt11,page_0258,7,11,can,謙,義,U+7FA9,0.1252,False,NOT_IN_DICT,
stt11,page_0258,7,15,ra,嬰,𠊚,U+2029A,0.5172,False,NOT_IN_DICT,
stt11,page_0258,8,0,dữ,烏,与,U+4E0E,0.9633,True,RESCUE_GOLD_HIGH,
stt11,page_0258,8,12,lắm,藥,凜,U+51DC,0.8991,True,RESCUE_GOLD_HIGH,
stt11,page_0258,8,15,chém,胡,功,U+529F,0.0786,False,NOT_IN_DICT,
stt11,page_0258,8,18,hậu,伍,皇,U+7687,0.4265,False,NOT_IN_DICT,
stt11,page_0258,9,12,ri,發,移,U+79FB,0.5141,False,NOT_IN_DICT,
stt11,page_0258,9,18,ủi,尅,慰,U+6170,0.9536,True,RESCUE_GOLD_HIGH,
stt11,page_0258,9,22,chịu,匕,召,U+53EC,0.3947,True,RESCUE_LOW_CONF,
stt11,page_0260,1,10,ngày,聃,時,U+6642,0.9469,True,RESCUE_GOLD_HIGH,
stt11,page_0260,1,20,chém,胡,功,U+529F,0.1428,False,NOT_IN_DICT,
stt11,page_0260,2,9,ngửa,玆,語,U+8A9E,0.1878,True,RESCUE_LOW_CONF,
stt11,page_0260,2,19,xin,婆,真,U+771F,0.187,True,RESCUE_LOW_CONF,
stt11,page_0260,2,20,ba,四,巴,U+5DF4,0.7287,True,RESCUE_GOLD_MED,
stt11,page_0260,3,0,là,要,更,U+66F4,0.7928,False,NOT_IN_DICT,
stt11,page_0260,3,2,đoạn,判,断,U+65AD,0.007,True,RESCUE_LOW_CONF,
stt11,page_0260,3,3,chớ,濟,断,U+65AD,0.942,False,NOT_IN_DICT,
stt11,page_0260,3,10,xác,克,宜,U+5B9C,0.3016,False,NOT_IN_DICT,
stt11,page_0260,3,15,cho,昧,朱,U+6731,0.9472,True,RESCUE_GOLD_HIGH,
stt11,page_0260,4,0,lên,遫,連,U+9023,0.869,True,RESCUE_GOLD_HIGH,
stt11,page_0260,4,5,tỏ,𣃥,訴,U+8A34,0.6973,True,RESCUE_LOW_CONF,
stt11,page_0260,4,8,là,寽,𠊚,U+2029A,0.5067,False,NOT_IN_DICT,
stt11,page_0260,6,8,chó,凌,渚,U+6E1A,0.7598,False,NOT_IN_DICT,
stt11,page_0260,6,19,đem,凡,鬼,U+9B3C,0.4997,False,NOT_IN_DICT,
stt11,page_0260,7,2,lên,遼,連,U+9023,0.5716,True,RESCUE_LOW_CONF,
stt11,page_0260,7,6,nai,氏,衣,U+8863,0.7517,False,NOT_IN_DICT,
stt11,page_0260,7,20,đá,發,奴,U+5974,0.1412,False,NOT_IN_DICT,
stt11,page_0260,8,2,răn,鄰,断,U+65AD,0.27,False,NOT_IN_DICT,
stt11,page_0260,8,8,ngàn,鄜,歳,U+6B73,0.2132,False,NOT_IN_DICT,
stt11,page_0260,9,4,một,箋,更,U+66F4,0.8225,True,RESCUE_GOLD_MED,
stt11,page_0260,9,12,nhà,於,茹,U+8339,0.9524,True,RESCUE_GOLD_HIGH,
stt11,page_0262,2,9,thánh,衆,歇,U+6B47,0.6036,False,NOT_IN_DICT,
stt11,page_0262,3,16,307,奔,碎,U+788E,0.1219,False,NOT_IN_DICT,
stt11,page_0262,4,7,ở,支,世,U+4E16,0.9129,False,NOT_IN_DICT,
stt11,page_0262,4,22,tr,尽,𡗶,U+215F6,0.6835,False,NOT_IN_DICT,
stt11,page_0262,5,10,dạ,胞,跪,U+8DEA,0.2111,False,NOT_IN_DICT,
stt11,page_0262,5,15,chước,耐,斫,U+65AB,0.8555,True,RESCUE_GOLD_HIGH,
stt11,page_0262,7,2,tối,勗,最,U+6700,0.1234,True,RESCUE_LOW_CONF,
stt11,page_0262,7,3,tăm,浴,沁,U+6C81,0.0859,True,RESCUE_LOW_CONF,
stt11,page_0262,7,4,ngây,秀,店,U+5E97,0.7232,False,NOT_IN_DICT,
stt11,page_0262,7,8,và,衆,茹,U+8339,0.4335,False,NOT_IN_DICT,
stt11,page_0262,7,11,dữ,尚,与,U+4E0E,0.0169,True,RESCUE_LOW_CONF,
stt11,page_0262,7,17,ngày,皥,矯,U+77EF,0.7617,False,NOT_IN_DICT,
stt11,page_0262,7,20,đạo,廵,垩,U+57A9,0.3148,False,NOT_IN_DICT,
stt11,page_0262,7,22,trờil,華,主,U+4E3B,0.4915,False,NOT_IN_DICT,
stt11,page_0262,8,2,sáu,起,老,U+8001,0.3875,True,RESCUE_LOW_CONF,
stt11,page_0262,8,6,rô,増,喝,U+559D,0.299,False,NOT_IN_DICT,
stt11,page_0262,9,5,ở,支,於,U+65BC,0.0296,True,RESCUE_LOW_CONF,
stt11,page_0262,9,10,ri,校,樞,U+6A1E,0.1068,False,NOT_IN_DICT,
stt11,page_0262,9,11,a,更,亜,U+4E9C,0.0572,True,RESCUE_LOW_CONF,
stt11,page_0262,9,14,i,支,及,U+53CA,0.1133,False,NOT_IN_DICT,
stt11,page_0262,9,15,chi,衣,衣,U+8863,0.2673,False,NOT_IN_DICT,
stt11,page_0262,9,16,tô,無,穌,U+7A4C,0.0813,True,RESCUE_LOW_CONF,
stt11,page_0262,9,22,ở,支,吏,U+540F,0.6936,False,NOT_IN_DICT,
stt11,page_0264,1,1,ấy,以,乙,U+4E59,0.2169,True,RESCUE_LOW_CONF,
stt11,page_0264,1,5,ma,恐,罰,U+7F70,0.1603,False,NOT_IN_DICT,
stt11,page_0264,1,21,chữa,即,𦔳,U+26533,0.1574,True,RESCUE_LOW_CONF,
stt11,page_0264,2,0,kẻo,矮,矯,U+77EF,0.9018,True,RESCUE_GOLD_HIGH,
stt11,page_0264,2,10,ri,發,亜,U+4E9C,0.2683,False,NOT_IN_DICT,
stt11,page_0264,3,2,xua,柩,樞,U+6A1E,0.131,True,RESCUE_LOW_CONF,
stt11,page_0264,4,7,đạo,徔,尼,U+5C3C,0.1495,False,NOT_IN_DICT,
stt11,page_0264,4,13,hai,呼,咍,U+548D,0.3762,True,RESCUE_LOW_CONF,
stt11,page_0264,4,15,cả,肆,竒,U+7AD2,0.4974,True,RESCUE_LOW_CONF,
stt11,page_0264,4,20,xin,婆,真,U+771F,0.4665,True,RESCUE_LOW_CONF,
stt11,page_0264,4,22,thăng,𢘻,民,U+6C11,0.0732,False,NOT_IN_DICT,
stt11,page_0264,5,5,lối,恊,傷,U+50B7,0.2494,False,NOT_IN_DICT,
stt11,page_0264,6,1,đâu,党,兜,U+515C,0.335,True,RESCUE_LOW_CONF,
stt11,page_0264,6,4,thầy,報,柴,U+67F4,0.1569,True,RESCUE_LOW_CONF,
stt11,page_0264,6,12,rách,症,泟,U+6CDF,0.1667,True,RESCUE_LOW_CONF,
stt11,page_0264,6,14,min,㱕,綿,U+7DBF,0.1276,True,RESCUE_LOW_CONF,
stt11,page_0264,6,15,hỏi,吶,呐,U+5450,0.399,False,NOT_IN_DICT,
stt11,page_0264,6,20,rách,症,袄,U+8884,0.2129,False,NOT_IN_DICT,
stt11,page_0264,7,0,vậy,丞,丕,U+4E15,0.5655,True,RESCUE_LOW_CONF,
stt11,page_0264,7,10,xé,茯,低,U+4F4E,0.1409,False,NOT_IN_DICT,
stt11,page_0264,7,11,áo,熾,城,U+57CE,0.3102,False,NOT_IN_DICT,
stt11,page_0264,7,15,i,身,衣,U+8863,0.4176,False,NOT_IN_DICT,
stt11,page_0264,7,18,gia,事,車,U+8ECA,0.8547,False,NOT_IN_DICT,
stt11,page_0264,7,20,hai,为,咍,U+548D,0.0646,True,RESCUE_LOW_CONF,
stt11,page_0264,7,21,thầy,皆,柴,U+67F4,0.9725,True,RESCUE_GOLD_HIGH,
stt11,page_0264,8,0,ngày,暍,時,U+6642,0.2856,True,RESCUE_LOW_CONF,
stt11,page_0264,8,1,sau,飬,娄,U+5A04,0.313,True,RESCUE_LOW_CONF,
stt11,page_0264,8,9,chớ,满,時,U+6642,0.9373,False,NOT_IN_DICT,
stt11,page_0264,9,0,điều,烟,湖,U+6E56,0.1068,False,NOT_IN_DICT,
stt11,page_0264,9,4,ấy,伏,衣,U+8863,0.5591,True,RESCUE_LOW_CONF,
stt11,page_0264,9,8,rằng,情,浪,U+6D6A,0.1874,True,RESCUE_LOW_CONF,
stt11,page_0264,9,13,là,畢,罗,U+7F57,0.2328,True,RESCUE_LOW_CONF,
stt11,page_0264,9,14,người,嶺,蔑,U+8511,0.0451,False,NOT_IN_DICT,
stt11,page_0264,9,23,nhieu,燒,燒,U+71D2,0.2991,False,NOT_IN_DICT,
stt11,page_0266,1,3,chia,真,真,U+771F,0.7796,False,NOT_IN_DICT,
stt11,page_0266,1,19,xé,娥,城,U+57CE,0.5089,False,NOT_IN_DICT,
stt11,page_0266,1,20,áo,祇,袄,U+8884,0.9744,True,RESCUE_GOLD_HIGH,
stt11,page_0266,2,2,hai,留,丕,U+4E15,0.9565,False,NOT_IN_DICT,
stt11,page_0266,2,18,cả,庄,庒,U+5E92,0.8626,False,NOT_IN_DICT,
stt11,page_0266,2,19,chăng,吟,省,U+7701,0.44,False,NOT_IN_DICT,
stt11,page_0266,3,3,thầy,𤍽,柴,U+67F4,0.9227,True,RESCUE_GOLD_HIGH,
stt11,page_0266,3,6,rối,編,邁,U+9081,0.1882,False,NOT_IN_DICT,
stt11,page_0266,3,14,và,衆,奴,U+5974,0.7589,False,NOT_IN_DICT,
stt11,page_0266,3,22,phải,浄,沛,U+6C9B,0.5856,True,RESCUE_LOW_CONF,
stt11,page_0266,5,5,ra,響,代,U+4EE3,0.8978,False,NOT_IN_DICT,
stt11,page_0266,5,13,ba,也,巴,U+5DF4,0.0423,True,RESCUE_LOW_CONF,
stt11,page_0266,5,14,trăm,房,邁,U+9081,0.218,False,NOT_IN_DICT,
stt11,page_0266,5,16,năm,婢,年,U+5E74,0.028,True,RESCUE_LOW_CONF,
stt11,page_0266,6,1,hai,百,曰,U+66F0,0.092,False,NOT_IN_DICT,
stt11,page_0266,6,3,bay,罰,𠊚,U+2029A,0.1932,False,NOT_IN_DICT,
stt11,page_0266,6,6,gia,叔,加,U+52A0,0.268,True,RESCUE_LOW_CONF,
stt11,page_0266,6,9,chặt,攢,塊,U+584A,0.0742,False,NOT_IN_DICT,
stt11,page_0266,6,10,truyen,岱,役,U+5F79,0.0535,False,NOT_IN_DICT,
stt11,page_0266,7,4,si,又,吹,U+5439,0.2387,False,NOT_IN_DICT,
stt11,page_0266,7,8,trị,江,沛,U+6C9B,0.3027,False,NOT_IN_DICT,
stt11,page_0266,7,10,rô,寒,罰,U+7F70,0.0946,False,NOT_IN_DICT,
stt11,page_0266,8,1,ra,埒,代,U+4EE3,0.1959,False,NOT_IN_DICT,
stt11,page_0266,8,3,nước,活,渃,U+6E03,0.6451,True,RESCUE_LOW_CONF,
stt11,page_0266,9,21,vua,苐,君,U+541B,0.1601,True,RESCUE_LOW_CONF,
stt11,page_0268,1,5,lòng,尋,弄,U+5F04,0.9375,True,RESCUE_GOLD_HIGH,
stt11,page_0268,1,6,vua,帝,弄,U+5F04,0.6435,False,NOT_IN_DICT,
stt11,page_0268,1,12,hèn,閉,閑,U+9591,0.1845,True,RESCUE_LOW_CONF,
stt11,page_0268,1,13,tay,𢙢,腮,U+816E,0.2209,True,RESCUE_LOW_CONF,
stt11,page_0268,2,6,mắng,奪,爲,U+7232,0.4996,False,NOT_IN_DICT,
stt11,page_0268,2,7,tiếng,腎,省,U+7701,0.3367,True,RESCUE_LOW_CONF,
stt11,page_0268,2,9,ấy,公,事,U+4E8B,0.9671,False,NOT_IN_DICT,
stt11,page_0268,2,10,thì,盻,時,U+6642,0.1512,True,RESCUE_LOW_CONF,
stt11,page_0268,3,0,rằng,寝,浪,U+6D6A,0.7469,True,RESCUE_GOLD_MED,
stt11,page_0268,3,1,mày,胷,眉,U+7709,0.7032,True,RESCUE_GOLD_MED,
stt11,page_0268,3,17,sống,乖,每,U+6BCF,0.5662,False,NOT_IN_DICT,
stt11,page_0268,3,19,làm,停,乄,U+4E44,0.0343,True,RESCUE_LOW_CONF,
stt11,page_0268,3,20,sao,牟,牢,U+7262,0.419,True,RESCUE_LOW_CONF,
stt11,page_0268,4,5,năm,愁,於,U+65BC,0.6758,False,NOT_IN_DICT,
stt11,page_0268,4,7,hôi,疾,灰,U+7070,0.2049,True,RESCUE_LOW_CONF,
stt11,page_0268,4,8,hám,癘,徳,U+5FB3,0.16,False,NOT_IN_DICT,
stt11,page_0268,4,11,v,人,主,U+4E3B,0.6114,False,NOT_IN_DICT,
stt11,page_0268,4,15,thom,貧,貪,U+8CAA,0.1583,False,NOT_IN_DICT,
stt11,page_0268,4,18,cùng,察,穷,U+7A77,0.3092,True,RESCUE_LOW_CONF,
stt11,page_0268,5,3,thư,末,下,U+4E0B,0.3478,False,NOT_IN_DICT,
stt11,page_0268,5,8,hay,㽞,咍,U+548D,0.5136,True,RESCUE_LOW_CONF,
stt11,page_0268,5,11,về,付,𧗱,U+275F1,0.8707,True,RESCUE_GOLD_HIGH,
stt11,page_0268,5,13,chớ,落,渚,U+6E1A,0.7139,True,RESCUE_GOLD_MED,
stt11,page_0268,6,7,xem,帖,袩,U+88A9,0.5002,True,RESCUE_LOW_CONF,
stt11,page_0268,6,11,lo,片,卢,U+5362,0.7064,True,RESCUE_GOLD_MED,
stt11,page_0268,6,14,ngươi,皓,强,U+5F3A,0.0814,False,NOT_IN_DICT,
stt11,page_0268,6,17,chảy,北,沚,U+6C9A,0.6003,True,RESCUE_LOW_CONF,
stt11,page_0268,9,22,nua,女,女,U+5973,0.9602,False,NOT_IN_DICT,
stt11,page_0270,1,1,măng,蓐,奏,U+594F,0.5697,False,NOT_IN_DICT,
stt11,page_0270,1,5,đòi,成,衣,U+8863,0.2559,False,NOT_IN_DICT,
stt11,page_0270,1,12,cho,失,朱,U+6731,0.8898,True,RESCUE_GOLD_HIGH,
stt11,page_0270,1,15,ý,分,衣,U+8863,0.0364,True,RESCUE_LOW_CONF,
stt11,page_0270,3,0,sơ,事,𢜝,U+2271D,0.8289,False,NOT_IN_DICT,
stt11,page_0270,3,4,chém,胡,㓜,U+34DC,0.2783,False,NOT_IN_DICT,
stt11,page_0270,3,19,nghe,者,宜,U+5B9C,0.8726,True,RESCUE_GOLD_HIGH,
stt11,page_0270,4,11,chặt,攬,檑,U+6A91,0.149,False,NOT_IN_DICT,
stt11,page_0270,4,16,chặt,攬,檜,U+6A9C,0.0512,False,NOT_IN_DICT,
stt11,page_0270,5,7,trời,忘,𡗶,U+215F6,0.6481,True,RESCUE_LOW_CONF,
stt11,page_0270,5,10,chặt,攬,檜,U+6A9C,0.1381,False,NOT_IN_DICT,
stt11,page_0270,5,12,tay,𤧚,腮,U+816E,0.7113,True,RESCUE_GOLD_MED,
stt11,page_0270,5,22,chem,如,功,U+529F,0.3582,False,NOT_IN_DICT,
stt11,page_0270,6,0,cành,授,挭,U+632D,0.3468,True,RESCUE_LOW_CONF,
stt11,page_0270,6,2,lá,要,要,U+8981,0.5297,False,NOT_IN_DICT,
stt11,page_0270,6,6,trái,藥,凜,U+51DC,0.144,False,NOT_IN_DICT,
stt11,page_0270,6,11,chặt,攢,檜,U+6A9C,0.176,False,NOT_IN_DICT,
stt11,page_0270,6,12,bàn,𡸁,盤,U+76E4,0.2954,True,RESCUE_LOW_CONF,
stt11,page_0270,6,22,chém,卲,别,U+522B,0.2482,False,NOT_IN_DICT,
stt11,page_0270,7,1,tay,想,腮,U+816E,0.2763,True,RESCUE_LOW_CONF,
stt11,page_0270,7,3,trái,繭,懶,U+61F6,0.6019,False,NOT_IN_DICT,
stt11,page_0270,7,4,vế,陛,些,U+4E9B,0.2327,False,NOT_IN_DICT,
stt11,page_0270,7,7,lưng,媵,𦝄,U+26744,0.3495,True,RESCUE_LOW_CONF,
stt11,page_0270,7,21,răng,浸,浪,U+6D6A,0.8365,True,RESCUE_GOLD_MED,
stt11,page_0270,7,22,tôi,醉,碎,U+788E,0.9065,True,RESCUE_GOLD_HIGH,
stt11,page_0270,8,0,lạy,柵,礼,U+793C,0.2912,True,RESCUE_LOW_CONF,
stt11,page_0270,8,12,tay,悶,麻,U+9EBB,0.952,False,NOT_IN_DICT,
stt11,page_0270,8,18,còn,帰,群,U+7FA4,0.2327,True,RESCUE_LOW_CONF,
stt11,page_0270,9,11,chống,搬,排,U+6392,0.2457,False,NOT_IN_DICT,
stt11,page_0270,9,12,ay,公,衣,U+8863,0.2522,False,NOT_IN_DICT,
stt11,page_0270,9,13,vậv,丕,丕,U+4E15,0.9868,False,NOT_IN_DICT,
stt11,page_0270,9,16,chúa,碎,碎,U+788E,0.5441,False,NOT_IN_DICT,
stt11,page_0270,9,17,tôi,主,主,U+4E3B,0.8456,False,NOT_IN_DICT,
stt11,page_0272,1,10,nói,州,群,U+7FA4,0.8895,False,NOT_IN_DICT,
stt11,page_0272,1,17,đầu,碩,頭,U+982D,0.3713,True,RESCUE_LOW_CONF,
stt11,page_0272,1,21,non,谓,魂,U+9B42,0.4129,False,NOT_IN_DICT,
stt11,page_0272,2,0,lên,翹,連,U+9023,0.8912,True,RESCUE_GOLD_HIGH,
stt11,page_0272,2,3,chịu,㠯,召,U+53EC,0.9806,True,RESCUE_GOLD_HIGH,
stt11,page_0272,3,6,đời,氏,代,U+4EE3,0.0729,True,RESCUE_LOW_CONF,
stt11,page_0272,3,16,trăm,戛,𠊚,U+2029A,0.3653,False,NOT_IN_DICT,
stt11,page_0272,3,17,400,𣄳,姊,U+59CA,0.1306,False,NOT_IN_DICT,
stt11,page_0272,4,1,mươi,過,邁,U+9081,0.8568,True,RESCUE_GOLD_HIGH,
stt11,page_0272,4,12,mi,胷,眉,U+7709,0.8891,True,RESCUE_GOLD_HIGH,
stt11,page_0272,5,4,lô,呫,咍,U+548D,0.286,False,NOT_IN_DICT,
stt11,page_0272,5,6,mười,過,邁,U+9081,0.9805,True,RESCUE_GOLD_HIGH,
stt11,page_0272,5,9,trai,粻,𤳇,U+24CC7,0.7789,True,RESCUE_GOLD_MED,
stt11,page_0272,5,15,cha,毗,吒,U+5412,0.9039,True,RESCUE_GOLD_HIGH,
stt11,page_0272,6,12,bây,困,歇,U+6B47,0.8897,False,NOT_IN_DICT,
stt11,page_0272,6,13,giờ,泽,除,U+9664,0.9391,True,RESCUE_GOLD_HIGH,
stt11,page_0272,7,1,du,好,逹,U+9039,0.2219,False,NOT_IN_DICT,
stt11,page_0272,7,18,a,亟,亜,U+4E9C,0.5349,True,RESCUE_LOW_CONF,
stt11,page_0272,7,21,day,哦,代,U+4EE3,0.9451,False,NOT_IN_DICT,
stt11,page_0272,8,6,lạy,翹,礼,U+793C,0.4996,True,RESCUE_LOW_CONF,
stt11,page_0272,8,11,lạy,袖,礼,U+793C,0.2906,True,RESCUE_LOW_CONF,
stt11,page_0272,8,21,lạy,袍,礼,U+793C,0.0374,True,RESCUE_LOW_CONF,
stt11,page_0272,9,1,thấy,片,行,U+884C,0.0622,False,NOT_IN_DICT,
stt11,page_0272,9,11,lăm,懔,固,U+56FA,0.1587,False,NOT_IN_DICT,
stt11,page_0272,9,16,gây,搃,打,U+6253,0.9626,False,NOT_IN_DICT,
stt11,page_0272,9,20,val,撝,共,U+5171,0.2077,False,NOT_IN_DICT,
stt11,page_0272,9,21,long,祐,拮,U+62EE,0.0851,False,NOT_IN_DICT,
stt11,page_0274,1,4,hai,嗢,咍,U+548D,0.5988,True,RESCUE_LOW_CONF,
stt11,page_0274,1,12,đau,疝,边,U+8FB9,0.3126,False,NOT_IN_DICT,
stt11,page_0274,2,6,day,哦,囉,U+56C9,0.1623,False,NOT_IN_DICT,
stt11,page_0274,2,8,ra,哷,囉,U+56C9,0.0747,True,RESCUE_LOW_CONF,
stt11,page_0274,2,17,thờ,事,事,U+4E8B,0.9856,False,NOT_IN_DICT,
stt11,page_0274,2,18,sự,蜍,蜍,U+870D,0.9747,False,NOT_IN_DICT,
stt11,page_0274,3,9,phô,脯,哺,U+54FA,0.0537,True,RESCUE_LOW_CONF,
stt11,page_0274,3,17,nghĩa,差,义,U+4E49,0.0472,True,RESCUE_LOW_CONF,
stt11,page_0274,4,15,để,昜,𠊚,U+2029A,0.9092,False,NOT_IN_DICT,
stt11,page_0274,4,18,bỏ,神,𥙷,U+25677,0.0104,True,RESCUE_LOW_CONF,
stt11,page_0274,4,20,lò,姑,炉,U+7089,0.0329,True,RESCUE_LOW_CONF,
stt11,page_0274,5,4,ngày,興,時,U+6642,0.7591,True,RESCUE_GOLD_MED,
stt11,page_0274,5,10,nao,屰,市,U+5E02,0.2884,True,RESCUE_LOW_CONF,
stt11,page_0274,5,22,themereratiousness,团,用,U+7528,0.1742,False,NOT_IN_DICT,
stt11,page_0274,6,0,giò,際,除,U+9664,0.9748,False,NOT_IN_DICT,
stt11,page_0274,6,5,lắm,禦,凜,U+51DC,0.922,True,RESCUE_GOLD_HIGH,
stt11,page_0274,6,19,giã,喝,者,U+8005,0.1932,True,RESCUE_LOW_CONF,
stt11,page_0274,7,20,ru,曲,由,U+7531,0.1952,True,RESCUE_LOW_CONF,
stt11,page_0274,8,0,khiến,農,漊,U+6F0A,0.1128,False,NOT_IN_DICT,
stt11,page_0274,8,10,nao,革,市,U+5E02,0.2479,True,RESCUE_LOW_CONF,
stt11,page_0274,8,20,sách,四,油,U+6CB9,0.1291,False,NOT_IN_DICT,
stt11,page_0274,9,2,rửa,泻,仍,U+4ECD,0.2257,False,NOT_IN_DICT,
stt11,page_0274,9,9,dụ,劉,呐,U+5450,0.1592,False,NOT_IN_DICT,
stt11,page_0274,9,19,toan,羊,筭,U+7B6D,0.647,True,RESCUE_LOW_CONF,
stt11,page_0276,1,0,cho,李,朱,U+6731,0.8193,True,RESCUE_GOLD_MED,
stt11,page_0276,1,5,day,喉,代,U+4EE3,0.8977,False,NOT_IN_DICT,
stt11,page_0276,1,11,thịt,烟,朔,U+6714,0.3616,False,NOT_IN_DICT,
stt11,page_0276,1,21,sôi,溜,渇,U+6E07,0.144,False,NOT_IN_DICT,
stt11,page_0276,2,1,đổ,坊,堵,U+5835,0.7905,True,RESCUE_GOLD_MED,
stt11,page_0276,2,2,cả,蜀,竒,U+7AD2,0.5088,True,RESCUE_LOW_CONF,
stt11,page_0276,2,4,mình,兮,命,U+547D,0.9885,True,RESCUE_GOLD_HIGH,
stt11,page_0276,2,12,va,卑,鬼,U+9B3C,0.2657,False,NOT_IN_DICT,
stt11,page_0276,2,13,lay,花,礼,U+793C,0.7082,False,NOT_IN_DICT,
stt11,page_0276,2,14,voi,盈,碎,U+788E,0.6349,False,NOT_IN_DICT,
stt11,page_0276,2,15,cung,戈,空,U+7A7A,0.0353,True,RESCUE_LOW_CONF,
stt11,page_0276,2,16,rượu,醐,賊,U+8CCA,0.2073,False,NOT_IN_DICT,
stt11,page_0276,2,19,miệng,迴,皿,U+76BF,0.0851,True,RESCUE_LOW_CONF,
stt11,page_0276,3,6,xem,帖,袩,U+88A9,0.6359,True,RESCUE_LOW_CONF,
stt11,page_0276,4,20,thịt,張,歇,U+6B47,0.2908,False,NOT_IN_DICT,
stt11,page_0276,6,2,là,寽,罗,U+7F57,0.2119,True,RESCUE_LOW_CONF,
stt11,page_0276,6,3,nhạo,𫟒,葉,U+8449,0.5354,False,NOT_IN_DICT,
stt11,page_0276,6,4,mình,感,命,U+547D,0.588,True,RESCUE_LOW_CONF,
stt11,page_0276,6,7,treo,擦,撩,U+64A9,0.0761,True,RESCUE_LOW_CONF,
stt11,page_0276,6,10,lên,避,連,U+9023,0.531,True,RESCUE_LOW_CONF,
stt11,page_0276,6,12,máu,邲,泖,U+6CD6,0.2733,True,RESCUE_LOW_CONF,
stt11,page_0276,6,16,đất,垣,坦,U+5766,0.1115,True,RESCUE_LOW_CONF,
stt11,page_0276,6,20,việc,伎,役,U+5F79,0.6804,True,RESCUE_LOW_CONF,
stt11,page_0276,7,13,ngày,明,時,U+6642,0.4443,True,RESCUE_LOW_CONF,
stt11,page_0276,8,1,hai,哆,咍,U+548D,0.0576,True,RESCUE_LOW_CONF,
stt11,page_0276,8,2,anh,妾,孾,U+5B7E,0.9331,True,RESCUE_GOLD_HIGH,
stt11,page_0276,9,19,da,腹,𦝄,U+26744,0.4736,True,RESCUE_LOW_CONF,
stt11,page_0278,1,5,lột,侓,律,U+5F8B,0.0936,True,RESCUE_LOW_CONF,
stt11,page_0278,1,6,da,朘,𦝄,U+26744,0.4032,True,RESCUE_LOW_CONF,
stt11,page_0278,1,15,la,𮟃,邏,U+908F,0.1564,True,RESCUE_LOW_CONF,
stt11,page_0278,1,18,hai,畄,咍,U+548D,0.0637,True,RESCUE_LOW_CONF,
stt11,page_0278,2,5,cầm,掛,扲,U+6272,0.4486,True,RESCUE_LOW_CONF,
stt11,page_0278,2,10,dữ,奘,官,U+5B98,0.9057,False,NOT_IN_DICT,
stt11,page_0278,2,12,răng,准,連,U+9023,0.8674,False,NOT_IN_DICT,
stt11,page_0278,2,15,đầu,朝,㓜,U+34DC,0.3782,False,NOT_IN_DICT,
stt11,page_0278,2,20,đi,聲,移,U+79FB,0.4067,True,RESCUE_LOW_CONF,
stt11,page_0278,3,0,tìm,斗,尋,U+5C0B,0.5868,True,RESCUE_LOW_CONF,
stt11,page_0278,3,6,chóng,搬,排,U+6392,0.2134,False,NOT_IN_DICT,
stt11,page_0278,3,9,nhạo,楽,咥,U+54A5,0.2916,False,NOT_IN_DICT,
stt11,page_0278,3,10,vậv,丕,丕,U+4E15,0.9815,False,NOT_IN_DICT,
stt11,page_0278,3,19,máu,帥,泖,U+6CD6,0.6067,True,RESCUE_LOW_CONF,
stt11,page_0278,5,13,la,選,邏,U+908F,0.7947,True,RESCUE_GOLD_MED,
stt11,page_0278,6,5,ra,婢,代,U+4EE3,0.7954,False,NOT_IN_DICT,
stt11,page_0278,6,13,bam,巴,巴,U+5DF4,0.9636,False,NOT_IN_DICT,
stt11,page_0278,7,1,mươi,足,迈,U+8FC8,0.096,True,RESCUE_LOW_CONF,
stt11,page_0278,7,2,chin,鈔,命,U+547D,0.2044,False,NOT_IN_DICT,
stt11,page_0278,7,7,ni,忠,尼,U+5C3C,0.9687,True,RESCUE_GOLD_HIGH,
stt11,page_0278,7,12,truven,岱,固,U+56FA,0.1639,False,NOT_IN_DICT,
stt11,page_0278,8,1,rô,醬,喡,U+55A1,0.3227,False,NOT_IN_DICT,
stt11,page_0278,8,10,lên,趙,連,U+9023,0.9293,True,RESCUE_GOLD_HIGH,
stt11,page_0278,8,21,nghĩa,支,义,U+4E49,0.1433,True,RESCUE_LOW_CONF,
stt11,page_0278,9,1,dạy,哈,代,U+4EE3,0.5597,True,RESCUE_LOW_CONF,
stt11,page_0278,9,3,một,長,更,U+66F4,0.2042,True,RESCUE_LOW_CONF,
stt11,page_0278,9,10,làm,勺,乄,U+4E44,0.1131,True,RESCUE_LOW_CONF,
stt11,page_0278,9,12,trang,増,塊,U+584A,0.1101,False,NOT_IN_DICT,
stt11,page_0278,9,13,trố,荘,麻,U+9EBB,0.1536,False,NOT_IN_DICT,
stt11,page_0278,9,14,khéo,竅,强,U+5F3A,0.1112,False,NOT_IN_DICT,
stt11,page_0278,9,17,vua,𠰥,麻,U+9EBB,0.5499,False,NOT_IN_DICT,
stt11,page_0278,9,21,đạo,足,体,U+4F53,0.3437,False,NOT_IN_DICT,
stt11,page_0278,9,22,làm,口,乄,U+4E44,0.1127,True,RESCUE_LOW_CONF,
stt11,page_0280,1,9,đạo,恩,道,U+9053,0.5359,True,RESCUE_LOW_CONF,
stt11,page_0280,1,11,trong,忠,中,U+4E2D,0.9534,True,RESCUE_GOLD_HIGH,
stt11,page_0280,1,15,một,要,更,U+66F4,0.7785,True,RESCUE_GOLD_MED,
stt11,page_0280,1,17,già,慰,慰,U+6170,0.9177,False,NOT_IN_DICT,
stt11,page_0280,1,21,tu,穌,穌,U+7A4C,0.7047,False,NOT_IN_DICT,
stt11,page_0280,2,3,gánh,授,挭,U+632D,0.2674,True,RESCUE_LOW_CONF,
stt11,page_0280,2,16,gánh,押,挭,U+632D,0.609,True,RESCUE_LOW_CONF,
stt11,page_0280,3,4,sê,榔,篩,U+7BE9,0.8668,False,NOT_IN_DICT,
stt11,page_0280,3,6,ni,凡,尼,U+5C3C,0.734,True,RESCUE_GOLD_MED,
stt11,page_0280,4,2,gánh,授,挭,U+632D,0.6108,True,RESCUE_LOW_CONF,
stt11,page_0280,4,8,gánh,粳,挭,U+632D,0.3631,True,RESCUE_LOW_CONF,
stt11,page_0280,4,10,phát,唱,𠊚,U+2029A,0.6835,False,NOT_IN_DICT,
stt11,page_0280,5,10,hỏi,毎,麻,U+9EBB,0.7382,False,NOT_IN_DICT,
stt11,page_0280,5,20,thì,有,固,U+56FA,0.0841,False,NOT_IN_DICT,
stt11,page_0280,6,9,cũng,找,我,U+6211,0.2931,False,NOT_IN_DICT,
stt11,page_0280,7,10,cả,穿,竒,U+7AD2,0.28,True,RESCUE_LOW_CONF,
stt11,page_0280,7,20,chó,请,渚,U+6E1A,0.6141,False,NOT_IN_DICT,
stt11,page_0280,8,19,tao,番,蚤,U+86A4,0.2096,True,RESCUE_LOW_CONF,
stt11,page_0280,8,20,mày,傳,眉,U+7709,0.3913,True,RESCUE_LOW_CONF,
stt11,page_0280,9,10,đốt,燬,焠,U+7120,0.2996,True,RESCUE_LOW_CONF,
stt11,page_0280,9,14,chớ,满,渚,U+6E1A,0.1906,True,RESCUE_LOW_CONF,
stt11,page_0280,9,17,chịu,盡,功,U+529F,0.1836,False,NOT_IN_DICT,
stt11,page_0280,9,18,sự,曰,曰,U+66F0,0.2056,False,NOT_IN_DICT,
stt11,page_0280,9,20,sự,言,事,U+4E8B,0.1961,True,RESCUE_LOW_CONF,
stt11,page_0280,9,21,tôi,凈,碎,U+788E,0.1118,True,RESCUE_LOW_CONF,
stt11,page_0282,1,13,rằng,寝,浪,U+6D6A,0.9665,True,RESCUE_GOLD_HIGH,
stt11,page_0282,1,19,thì,茍,折,U+6298,0.8027,False,NOT_IN_DICT,
stt11,page_0282,2,11,dạy,啄,代,U+4EE3,0.4403,True,RESCUE_LOW_CONF,
stt11,page_0282,2,13,lòi,練,穌,U+7A4C,0.313,False,NOT_IN_DICT,
stt11,page_0282,2,14,tói,緼,欽,U+6B3D,0.312,False,NOT_IN_DICT,
stt11,page_0282,2,16,mình,傘,命,U+547D,0.9664,True,RESCUE_GOLD_HIGH,
stt11,page_0282,2,18,mà,底,麻,U+9EBB,0.0481,True,RESCUE_LOW_CONF,
stt11,page_0282,3,4,già,尉,慰,U+6170,0.6271,False,NOT_IN_DICT,
stt11,page_0282,3,12,xin,堕,碎,U+788E,0.927,False,NOT_IN_DICT,
stt11,page_0282,5,7,thấy,洋,行,U+884C,0.0958,False,NOT_IN_DICT,
stt11,page_0282,5,13,kêu,渊,呌,U+544C,0.7905,True,RESCUE_GOLD_MED,
stt11,page_0282,5,14,trắng,侵,浪,U+6D6A,0.9576,False,NOT_IN_DICT,
stt11,page_0282,6,8,phải,洋,沛,U+6C9B,0.5455,True,RESCUE_LOW_CONF,
stt11,page_0282,6,18,mà,為,麻,U+9EBB,0.915,True,RESCUE_GOLD_HIGH,
stt11,page_0282,6,20,lắm,懔,凜,U+51DC,0.8797,True,RESCUE_GOLD_HIGH,
stt11,page_0282,6,21,lavalitiousness,礼,礼,U+793C,0.6474,False,NOT_IN_DICT,
stt11,page_0282,7,4,thịt,朋,𤳇,U+24CC7,0.2466,False,NOT_IN_DICT,
stt11,page_0282,8,0,rằng,堪,浪,U+6D6A,0.7746,True,RESCUE_GOLD_MED,
stt11,page_0282,8,16,thật,矣,实,U+5B9E,0.9296,True,RESCUE_GOLD_HIGH,
stt11,page_0282,9,16,bay,𭠠,弄,U+5F04,0.78,False,NOT_IN_DICT,
stt11,page_0282,9,18,dữ,𤆛,与,U+4E0E,0.512,True,RESCUE_LOW_CONF,
stt11,page_0282,9,22,tốt,癸,𠊚,U+2029A,0.2707,False,NOT_IN_DICT,
stt11,page_0284,1,1,làm,口,乄,U+4E44,0.009,True,RESCUE_LOW_CONF,
stt11,page_0284,1,3,quan,涇,奴,U+5974,0.058,False,NOT_IN_DICT,
stt11,page_0284,1,4,nghe,㝡,浪,U+6D6A,0.0798,True,RESCUE_LOW_CONF,
stt11,page_0284,1,5,sự,可,乄,U+4E44,0.1642,False,NOT_IN_DICT,
stt11,page_0284,1,7,thì,丶,曳,U+66F3,0.4521,False,NOT_IN_DICT,
stt11,page_0284,1,8,đá,之,麻,U+9EBB,0.8675,False,NOT_IN_DICT,
stt11,page_0284,1,9,mà,事,麻,U+9EBB,0.4887,True,RESCUE_LOW_CONF,
stt11,page_0284,1,10,răng,数,棱,U+68F1,0.4569,False,NOT_IN_DICT,
stt11,page_0284,1,11,hai,皆,咍,U+548D,0.1954,True,RESCUE_LOW_CONF,
stt11,page_0284,1,14,và,置,喡,U+55A1,0.284,True,RESCUE_LOW_CONF,
stt11,page_0284,1,15,cầm,抄,扲,U+6272,0.9359,True,RESCUE_GOLD_HIGH,
stt11,page_0284,2,10,đốt,煙,曳,U+66F3,0.1267,False,NOT_IN_DICT,
stt11,page_0284,2,11,lưng,勝,𦝄,U+26744,0.3887,True,RESCUE_LOW_CONF,
stt11,page_0284,2,13,thánh,𡬦,爲,U+7232,0.2592,False,NOT_IN_DICT,
stt11,page_0284,2,16,thấy,乎,命,U+547D,0.0946,False,NOT_IN_DICT,
stt11,page_0284,2,18,vui,道,盈,U+76C8,0.332,False,NOT_IN_DICT,
stt11,page_0284,3,0,mặt,求,末,U+672B,0.2696,True,RESCUE_LOW_CONF,
stt11,page_0284,3,13,aoda,色,㐌,U+340C,0.9164,False,NOT_IN_DICT,
stt11,page_0284,4,6,đời,𫞖,代,U+4EE3,0.0616,True,RESCUE_LOW_CONF,
stt11,page_0284,4,14,trăm,勇,罢,U+7F62,0.2778,False,NOT_IN_DICT,
stt11,page_0284,4,16,307,婢,獅,U+7345,0.0594,False,NOT_IN_DICT,
stt11,page_0284,6,4,nghĩa,必,召,U+53EC,0.2347,False,NOT_IN_DICT,
stt11,page_0284,6,13,rô,獸,曳,U+66F3,0.0839,False,NOT_IN_DICT,
stt11,page_0284,7,0,giu,桉,極,U+6975,0.1017,False,NOT_IN_DICT,
stt11,page_0284,7,1,ong,蜱,螉,U+8789,0.0433,True,RESCUE_LOW_CONF,
stt11,page_0284,7,7,thấy,洋,官,U+5B98,0.2243,False,NOT_IN_DICT,
stt11,page_0284,7,16,đồ,没,没,U+6CA1,0.4811,False,NOT_IN_DICT,
stt11,page_0284,7,18,chưng,誉,烝,U+70DD,0.0503,True,RESCUE_LOW_CONF,
stt11,page_0284,7,19,khi,欲,次,U+6B21,0.2415,False,NOT_IN_DICT,
stt11,page_0284,7,22,giu,扭,麻,U+9EBB,0.0843,False,NOT_IN_DICT,
stt11,page_0284,8,7,thì,将,時,U+6642,0.9688,True,RESCUE_GOLD_HIGH,
stt11,page_0284,8,8,chỉ,拷,拮,U+62EE,0.3285,False,NOT_IN_DICT,
stt11,page_0284,9,2,rê,發,移,U+79FB,0.5138,False,NOT_IN_DICT,
stt11,page_0286,1,1,ngày,門,時,U+6642,0.1895,True,RESCUE_LOW_CONF,
stt11,page_0286,1,2,đem,凭,㐌,U+340C,0.1937,False,NOT_IN_DICT,
stt11,page_0286,1,8,xem,福,袩,U+88A9,0.2451,True,RESCUE_LOW_CONF,
stt11,page_0286,1,14,trông,罨,益,U+76CA,0.0633,False,NOT_IN_DICT,
stt11,page_0286,4,14,giảng,燭,渃,U+6E03,0.2971,False,NOT_IN_DICT,
stt11,page_0286,4,16,thật,宋,事,U+4E8B,0.3877,False,NOT_IN_DICT,
stt11,page_0286,4,17,kẻo,卿,实,U+5B9E,0.2294,False,NOT_IN_DICT,
stt11,page_0286,4,18,còn,帰,矯,U+77EF,0.145,False,NOT_IN_DICT,
stt11,page_0286,4,19,tin,侍,群,U+7FA4,0.944,False,NOT_IN_DICT,
stt11,page_0286,5,10,la,𤰞,罗,U+7F57,0.1071,True,RESCUE_LOW_CONF,
stt11,page_0286,5,11,si,枉,亜,U+4E9C,0.7996,False,NOT_IN_DICT,
stt11,page_0286,5,14,nước,游,恪,U+606A,0.9145,False,NOT_IN_DICT,
stt11,page_0286,5,15,khác,烙,朱,U+6731,0.7959,False,NOT_IN_DICT,
stt11,page_0286,5,18,nước,涙,於,U+65BC,0.1356,True,RESCUE_LOW_CONF,
stt11,page_0286,5,19,kê,𮃛,棱,U+68F1,0.188,False,NOT_IN_DICT,
stt11,page_0286,5,21,a,移,把,U+628A,0.0535,False,NOT_IN_DICT,
stt11,page_0286,6,4,muôn,涸,用,U+7528,0.1039,False,NOT_IN_DICT,
stt11,page_0286,7,0,xứ,豦,𠁅,U+20045,0.1335,True,RESCUE_LOW_CONF,
stt11,page_0286,7,5,nước,涯,渃,U+6E03,0.5461,True,RESCUE_LOW_CONF,
stt11,page_0286,7,6,khác,胳,恪,U+606A,0.9464,True,RESCUE_GOLD_HIGH,
stt11,page_0286,7,9,đấy,焼,時,U+6642,0.0375,False,NOT_IN_DICT,
stt11,page_0286,7,11,còn,煇,群,U+7FA4,0.9792,True,RESCUE_GOLD_HIGH,
stt11,page_0286,7,12,tối,曷,昌,U+660C,0.3155,False,NOT_IN_DICT,
stt11,page_0286,7,13,tăm,必,乄,U+4E44,0.1205,False,NOT_IN_DICT,
stt11,page_0286,7,18,người,早,𠊚,U+2029A,0.9649,True,RESCUE_GOLD_HIGH,
stt11,page_0286,7,19,thấy,浮,穷,U+7A77,0.1122,False,NOT_IN_DICT,
stt11,page_0286,8,5,e,繄,殿,U+6BBF,0.0911,False,NOT_IN_DICT,
stt11,page_0286,8,9,bớ,槐,扒,U+6252,0.9863,False,NOT_IN_DICT,
stt11,page_0286,8,18,ông,年,特,U+7279,0.1013,False,NOT_IN_DICT,
stt11,page_0286,8,20,an,為,垩,U+57A9,0.5285,False,NOT_IN_DICT,
stt11,page_0286,8,21,rê,後,形,U+5F62,0.3855,False,NOT_IN_DICT,
stt11,page_0286,9,0,tìm,乎,尋,U+5C0B,0.3509,True,RESCUE_LOW_CONF,
stt11,page_0286,9,6,ong,弃,翁,U+7FC1,0.6977,True,RESCUE_LOW_CONF,
stt11,page_0286,9,16,phải,仰,沛,U+6C9B,0.3509,True,RESCUE_LOW_CONF,
stt11,page_0286,9,20,trị,假,㐌,U+340C,0.0537,False,NOT_IN_DICT,
stt11,page_0288,1,13,thờ,鱠,蜍,U+870D,0.5367,True,RESCUE_LOW_CONF,
stt11,page_0288,1,20,đâu,𡨚,兜,U+515C,0.0263,True,RESCUE_LOW_CONF,
stt11,page_0288,2,14,dô,嗷,仕,U+4ED5,0.3037,False,NOT_IN_DICT,
stt11,page_0288,2,18,rô,瑪,悲,U+60B2,0.1416,False,NOT_IN_DICT,
stt11,page_0288,2,19,ma,𭔿,固,U+56FA,0.1961,False,NOT_IN_DICT,
stt11,page_0288,3,21,rut,梓,椊,U+690A,0.3314,False,NOT_IN_DICT,
stt11,page_0288,4,8,giảng,竝,城,U+57CE,0.1557,False,NOT_IN_DICT,
stt11,page_0288,4,13,lời,𠛴,例,U+4F8B,0.062,True,RESCUE_LOW_CONF,
stt11,page_0288,4,15,ai,攻,女,U+5973,0.129,False,NOT_IN_DICT,
stt11,page_0288,4,18,giảng,域,倘,U+5018,0.1398,False,NOT_IN_DICT,
stt11,page_0288,4,19,cho,步,朱,U+6731,0.0283,True,RESCUE_LOW_CONF,
stt11,page_0288,4,20,mặc,即,歇,U+6B47,0.4498,False,NOT_IN_DICT,
stt11,page_0288,5,20,rút,擁,捽,U+637D,0.0682,True,RESCUE_LOW_CONF,
stt11,page_0288,6,8,thưa,煉,踈,U+8E08,0.8306,True,RESCUE_GOLD_MED,
stt11,page_0288,6,12,ngày,皥,時,U+6642,0.2386,True,RESCUE_LOW_CONF,
stt11,page_0288,7,0,lấv,祀,礼,U+793C,0.5153,False,NOT_IN_DICT,
stt11,page_0288,7,2,trâu,楼,楼,U+697C,0.3561,False,NOT_IN_DICT,
stt11,page_0288,7,3,mà,䆒,麻,U+9EBB,0.0457,True,RESCUE_LOW_CONF,
stt11,page_0288,7,4,đơm,庶,麻,U+9EBB,0.3726,False,NOT_IN_DICT,
stt11,page_0288,7,5,một,苐,更,U+66F4,0.5352,True,RESCUE_LOW_CONF,
stt11,page_0288,7,6,tế,羣,祭,U+796D,0.243,True,RESCUE_LOW_CONF,
stt11,page_0288,7,9,chiên,毬,瑟,U+745F,0.2282,False,NOT_IN_DICT,
stt11,page_0288,8,5,muốn,間,悶,U+60B6,0.8089,True,RESCUE_GOLD_MED,
stt11,page_0288,8,22,vay,不,丕,U+4E15,0.9946,False,NOT_IN_DICT,
stt11,page_0288,9,5,làm,丘,𠊚,U+2029A,0.335,False,NOT_IN_DICT,
stt11,page_0288,9,18,rê,𢪩,移,U+79FB,0.671,False,NOT_IN_DICT,
stt11,page_0288,9,19,can,十,干,U+5E72,0.2076,True,RESCUE_LOW_CONF,
stt11,page_0290,1,9,chớ,法,渚,U+6E1A,0.5747,True,RESCUE_LOW_CONF,
stt11,page_0290,1,21,xưa,飲,𥘉,U+25609,0.0962,True,RESCUE_LOW_CONF,
stt11,page_0290,2,1,oán,恐,死,U+6B7B,0.2206,False,NOT_IN_DICT,
stt11,page_0290,3,4,ra,異,𠊚,U+2029A,0.6903,False,NOT_IN_DICT,
stt11,page_0290,3,6,khuyên,勘,勧,U+52E7,0.852,True,RESCUE_GOLD_HIGH,
stt11,page_0290,3,7,rằng,𣸪,浪,U+6D6A,0.9378,True,RESCUE_GOLD_HIGH,
stt11,page_0290,3,11,sống,報,悶,U+60B6,0.8166,False,NOT_IN_DICT,
stt11,page_0290,3,19,chóng,掇,恪,U+606A,0.1259,False,NOT_IN_DICT,
stt11,page_0290,4,14,có,又,固,U+56FA,0.0112,True,RESCUE_LOW_CONF,
stt11,page_0290,4,15,nghĩa,因,固,U+56FA,0.1411,False,NOT_IN_DICT,
stt11,page_0290,5,1,cùng,某,共,U+5171,0.7655,True,RESCUE_GOLD_MED,
stt11,page_0290,5,14,nghe,豈,宜,U+5B9C,0.8094,True,RESCUE_GOLD_MED,
stt11,page_0290,5,18,một,羡,更,U+66F4,0.5813,True,RESCUE_LOW_CONF,
stt11,page_0290,6,8,ở,去,古,U+53E4,0.4699,False,NOT_IN_DICT,
stt11,page_0290,6,14,đốt,灼,焠,U+7120,0.1503,True,RESCUE_LOW_CONF,
stt11,page_0290,6,15,khi,之,曳,U+66F3,0.072,False,NOT_IN_DICT,
stt11,page_0290,6,17,nghĩ,号,兮,U+516E,0.241,False,NOT_IN_DICT,
stt11,page_0290,6,18,ông,兊,翁,U+7FC1,0.8363,True,RESCUE_GOLD_MED,
stt11,page_0290,6,21,ngoan,頓,須,U+9808,0.095,False,NOT_IN_DICT,
stt11,page_0290,7,1,hay,𫞃,咍,U+548D,0.0389,True,RESCUE_LOW_CONF,
stt11,page_0290,7,2,bây,困,除,U+9664,0.4705,False,NOT_IN_DICT,
stt11,page_0290,7,10,chớ,滅,渚,U+6E1A,0.1747,True,RESCUE_LOW_CONF,
stt11,page_0290,7,14,đe,癹,多,U+591A,0.1481,False,NOT_IN_DICT,
stt11,page_0290,8,5,min,烰,我,U+6211,0.4297,False,NOT_IN_DICT,
stt11,page_0290,8,6,cũng,我,我,U+6211,0.251,False,NOT_IN_DICT,
stt11,page_0290,8,7,chăng,秀,低,U+4F4E,0.0773,False,NOT_IN_DICT,
stt11,page_0290,8,8,dái,喚,曳,U+66F3,0.294,True,RESCUE_LOW_CONF,
stt11,page_0290,8,10,chịu,吕,召,U+53EC,0.1205,True,RESCUE_LOW_CONF,
stt11,page_0290,9,16,đổi,姓,対,U+5BFE,0.8878,True,RESCUE_GOLD_HIGH,
stt11,page_0292,1,1,thịt,朋,朝,U+671D,0.5452,False,NOT_IN_DICT,
stt11,page_0292,1,10,đem,𭂫,犯,U+72AF,0.0532,False,NOT_IN_DICT,
stt11,page_0292,1,11,đi,殼,移,U+79FB,0.2026,True,RESCUE_LOW_CONF,
stt11,page_0292,1,14,câu,抱,拘,U+62D8,0.9473,True,RESCUE_GOLD_HIGH,
stt11,page_0292,4,10,rút,捋,捽,U+637D,0.2597,True,RESCUE_LOW_CONF,
stt11,page_0292,4,13,lạy,袍,𥙷,U+25677,0.1429,False,NOT_IN_DICT,
stt11,page_0292,4,17,trọng,連,重,U+91CD,0.9496,True,RESCUE_GOLD_HIGH,
stt11,page_0292,4,19,mình,仰,命,U+547D,0.9602,True,RESCUE_GOLD_HIGH,
stt11,page_0292,5,12,lước,約,㓜,U+34DC,0.098,False,NOT_IN_DICT,
stt11,page_0292,7,10,cởi,檢,於,U+65BC,0.4562,False,NOT_IN_DICT,
stt11,page_0292,7,11,áo,衣,檜,U+6A9C,0.3268,False,NOT_IN_DICT,
stt11,page_0292,8,0,buộc,紛,命,U+547D,0.0788,False,NOT_IN_DICT,
stt11,page_0292,8,15,đấng,𫠉,𠊚,U+2029A,0.3297,False,NOT_IN_DICT,
stt11,page_0292,9,1,giảng,滋,渚,U+6E1A,0.2485,False,NOT_IN_DICT,
stt11,page_0292,9,10,chịu,𠯁,召,U+53EC,0.9868,True,RESCUE_GOLD_HIGH,
stt11,page_0292,9,14,ngày,門,時,U+6642,0.8001,True,RESCUE_GOLD_MED,
stt11,page_0292,9,18,rút,採,捽,U+637D,0.3991,True,RESCUE_LOW_CONF,
stt11,page_0292,9,19,giảng,該,該,U+8A72,0.4369,False,NOT_IN_DICT,
stt11,page_0292,9,21,lời,剡,創,U+5275,0.2527,False,NOT_IN_DICT,
stt11,page_0294,2,9,trời,未,𡗶,U+215F6,0.5412,True,RESCUE_LOW_CONF,
stt11,page_0294,2,12,mình,仰,命,U+547D,0.5365,True,RESCUE_LOW_CONF,
stt11,page_0294,2,21,dây,姨,欽,U+6B3D,0.0395,False,NOT_IN_DICT,
stt11,page_0294,3,15,và,翠,罰,U+7F70,0.5499,False,NOT_IN_DICT,
stt11,page_0294,3,16,mình,十,事,U+4E8B,0.1265,False,NOT_IN_DICT,
stt11,page_0294,3,17,người,搃,𠊚,U+2029A,0.8694,True,RESCUE_GOLD_HIGH,
stt11,page_0294,3,18,khỏi,女,塊,U+584A,0.3372,True,RESCUE_LOW_CONF,
stt11,page_0294,3,19,nửa,昧,女,U+5973,0.7902,True,RESCUE_GOLD_MED,
stt11,page_0294,4,6,âu,誑,語,U+8A9E,0.3218,False,NOT_IN_DICT,
stt11,page_0294,5,1,xuống,過,些,U+4E9B,0.2858,False,NOT_IN_DICT,
stt11,page_0294,5,17,của,万,古,U+53E4,0.819,True,RESCUE_GOLD_MED,
stt11,page_0294,5,18,thơm,養,貪,U+8CAA,0.1078,True,RESCUE_LOW_CONF,
stt11,page_0294,5,19,xức,防,饬,U+996C,0.5299,False,NOT_IN_DICT,
stt11,page_0294,6,16,biết,州,别,U+522B,0.0959,True,RESCUE_LOW_CONF,
stt11,page_0294,6,20,bổn,采,本,U+672C,0.4358,True,RESCUE_LOW_CONF,
stt11,page_0294,8,0,giữa,弹,代,U+4EE3,0.2142,False,NOT_IN_DICT,
stt11,page_0294,8,19,về,妄,燒,U+71D2,0.3228,False,NOT_IN_DICT,
stt11,page_0294,8,20,nước,勝,渃,U+6E03,0.044,True,RESCUE_LOW_CONF,
stt11,page_0294,8,21,da,那,勧,U+52E7,0.0803,False,NOT_IN_DICT,
stt11,page_0294,9,0,phô,𥙷,𥙷,U+25677,0.5742,False,NOT_IN_DICT,
stt11,page_0294,9,7,bởi,吴,罢,U+7F62,0.9061,True,RESCUE_GOLD_HIGH,
stt11,page_0294,9,12,chảy,北,沚,U+6C9A,0.723,True,RESCUE_GOLD_MED,
stt11,page_0294,9,13,ra,婢,囉,U+56C9,0.0551,True,RESCUE_LOW_CONF,
stt11,page_0294,9,14,liên,庫,連,U+9023,0.8237,True,RESCUE_GOLD_MED,
stt11,page_0296,1,0,nước,灌,渃,U+6E03,0.8372,True,RESCUE_GOLD_MED,
stt11,page_0296,3,4,già,銃,鉄,U+9244,0.0759,False,NOT_IN_DICT,
stt11,page_0296,4,13,gần,財,𧵆,U+27D46,0.7721,True,RESCUE_GOLD_MED,
stt11,page_0296,5,3,mình,肈,命,U+547D,0.9718,True,RESCUE_GOLD_HIGH,
stt11,page_0296,6,4,chớ,渃,渚,U+6E1A,0.646,True,RESCUE_LOW_CONF,
stt11,page_0296,6,12,chay,条,安,U+5B89,0.3888,False,NOT_IN_DICT,
stt11,page_0296,6,13,năm,齟,蚤,U+86A4,0.2546,False,NOT_IN_DICT,
stt11,page_0296,6,20,1,斥,主,U+4E3B,0.8617,False,NOT_IN_DICT,
stt11,page_0296,6,21,r,朱,朱,U+6731,0.9552,False,NOT_IN_DICT,
stt11,page_0296,7,10,rằng,𭰗,浪,U+6D6A,0.9459,True,RESCUE_GOLD_HIGH,
stt11,page_0296,8,10,già,銑,翁,U+7FC1,0.2904,False,NOT_IN_DICT,
stt11,page_0296,8,14,chay,条,斈,U+6588,0.3214,False,NOT_IN_DICT,
stt11,page_0296,8,16,mình,因,命,U+547D,0.472,True,RESCUE_LOW_CONF,
stt11,page_0298,1,5,mẹ,健,埃,U+57C3,0.5692,False,NOT_IN_DICT,
stt11,page_0298,2,0,nghiệp,荣,黎,U+9ECE,0.3512,False,NOT_IN_DICT,
stt11,page_0298,2,6,măng,鷕,時,U+6642,0.4163,False,NOT_IN_DICT,
stt11,page_0298,2,10,chịu,吕,庒,U+5E92,0.9536,False,NOT_IN_DICT,
stt11,page_0298,2,14,gở,怿,恠,U+6060,0.2935,False,NOT_IN_DICT,
stt11,page_0298,3,19,kẻo,秌,矯,U+77EF,0.8386,True,RESCUE_GOLD_MED,
stt11,page_0298,4,11,rê,殺,安,U+5B89,0.5438,False,NOT_IN_DICT,
stt11,page_0298,5,1,nói,𠯲,呐,U+5450,0.5877,True,RESCUE_LOW_CONF,
stt11,page_0298,6,3,thầy,時,時,U+6642,0.1709,False,NOT_IN_DICT,
stt11,page_0298,6,17,đem,尼,实,U+5B9E,0.2154,False,NOT_IN_DICT,
stt11,page_0298,6,19,ấy,彡,乙,U+4E59,0.1357,True,RESCUE_LOW_CONF,
stt11,page_0298,7,10,níu,拂,篩,U+7BE9,0.4253,False,NOT_IN_DICT,
stt11,page_0298,7,13,xuống,𥨫,當,U+7576,0.0428,False,NOT_IN_DICT,
stt11,page_0298,7,19,cứng,旦,折,U+6298,0.7647,False,NOT_IN_DICT,
stt11,page_0298,8,0,que,梅,枸,U+67B8,0.4494,False,NOT_IN_DICT,
stt11,page_0298,8,15,bởi,丢,垩,U+57A9,0.0884,False,NOT_IN_DICT,
stt11,page_0298,8,16,me,候,奴,U+5974,0.3608,False,NOT_IN_DICT,
stt11,page_0298,9,3,chóng,扳,求,U+6C42,0.2351,False,NOT_IN_DICT,
stt11,page_0298,9,20,ai,堤,埃,U+57C3,0.7466,True,RESCUE_GOLD_MED,
stt2,page_0012,1,2,bát,六,吟,U+541F,0.1255,False,NOT_IN_DICT,
stt2,page_0012,1,3,nhật,曰,自,U+81EA,0.1986,False,NOT_IN_DICT,
stt2,page_0012,2,0,sơ,祓,翁,U+7FC1,0.161,False,NOT_IN_DICT,
stt2,page_0012,2,2,nhật,公,垩,U+57A9,0.8395,False,NOT_IN_DICT,
stt2,page_0012,2,4,thánh,君,那,U+90A3,0.9823,False,NOT_IN_DICT,
stt2,page_0012,2,6,ina,那,樞,U+6A1E,0.5574,False,NOT_IN_DICT,
stt2,page_0012,2,11,vì,乕,道,U+9053,0.7271,False,NOT_IN_DICT,
stt2,page_0012,3,9,ong,幹,矯,U+77EF,0.0825,False,NOT_IN_DICT,
stt2,page_0012,4,3,ri,傾,懶,U+61F6,0.1919,False,NOT_IN_DICT,
stt2,page_0012,5,0,ô,怎,烏,U+70CF,0.2311,True,RESCUE_LOW_CONF,
stt2,page_0012,5,1,ki,冥,箕,U+7B95,0.0554,True,RESCUE_LOW_CONF,
stt2,page_0012,5,2,khi,般,欺,U+6B3A,0.922,True,RESCUE_GOLD_HIGH,
stt2,page_0012,5,5,nước,裙,君,U+541B,0.168,False,NOT_IN_DICT,
stt2,page_0012,5,13,đi,麽,多,U+591A,0.0334,True,RESCUE_LOW_CONF,
stt2,page_0012,5,20,aé,何,倘,U+5018,0.2733,False,NOT_IN_DICT,
stt2,page_0012,6,9,ki,冥,其,U+5176,0.9259,True,RESCUE_GOLD_HIGH,
stt2,page_0012,6,11,đòi,師,命,U+547D,0.1942,False,NOT_IN_DICT,
stt2,page_0012,6,14,quở,噪,果,U+679C,0.103,False,NOT_IN_DICT,
stt2,page_0012,7,5,dêu,銕,鎌,U+938C,0.1326,False,NOT_IN_DICT,
stt2,page_0012,7,8,dể,昜,易,U+6613,0.7794,True,RESCUE_GOLD_MED,
stt2,page_0012,7,9,vua,局,君,U+541B,0.2656,True,RESCUE_LOW_CONF,
stt2,page_0012,7,12,bụt,季,孛,U+5B5B,0.9676,True,RESCUE_GOLD_HIGH,
stt2,page_0012,7,15,thưa,煉,踈,U+8E08,0.9451,True,RESCUE_GOLD_HIGH,
stt2,page_0012,7,18,vua,局,君,U+541B,0.5081,True,RESCUE_LOW_CONF,
stt2,page_0012,8,0,phải,雄,沛,U+6C9B,0.3529,True,RESCUE_LOW_CONF,
stt2,page_0012,8,6,dêu,纊,䏻,U+43FB,0.1051,False,NOT_IN_DICT,
stt2,page_0012,8,8,rô,屠,批,U+6279,0.7103,False,NOT_IN_DICT,
stt2,page_0012,8,21,tôi,暉,碎,U+788E,0.8666,True,RESCUE_GOLD_HIGH,
stt2,page_0012,9,6,tưởng,摠,想,U+60F3,0.6865,True,RESCUE_LOW_CONF,
stt2,page_0012,9,9,tao,奎,蚤,U+86A4,0.4106,True,RESCUE_LOW_CONF,
stt2,page_0012,9,12,bụt,寺,𠊚,U+2029A,0.0898,False,NOT_IN_DICT,
stt2,page_0012,9,16,ru,呻,𠊚,U+2029A,0.7847,False,NOT_IN_DICT,
stt2,page_0014,1,2,bụt,学,孛,U+5B5B,0.5865,True,RESCUE_LOW_CONF,
stt2,page_0014,1,5,một,覄,没,U+6CA1,0.3386,True,RESCUE_LOW_CONF,
stt2,page_0014,1,9,trời,羣,林,U+6797,0.1496,False,NOT_IN_DICT,
stt2,page_0014,1,10,dựng,却,鄧,U+9127,0.4101,True,RESCUE_LOW_CONF,
stt2,page_0014,1,12,trời,季,𡗶,U+215F6,0.0665,True,RESCUE_LOW_CONF,
stt2,page_0014,1,16,vật,救,物,U+7269,0.7042,True,RESCUE_GOLD_MED,
stt2,page_0014,1,20,bụt,学,孛,U+5B5B,0.7974,True,RESCUE_GOLD_MED,
stt2,page_0014,2,0,diệt,我,城,U+57CE,0.4168,False,NOT_IN_DICT,
stt2,page_0014,2,3,chó,传,渚,U+6E1A,0.7442,False,NOT_IN_DICT,
stt2,page_0014,2,4,chó,乙,乙,U+4E59,0.1418,False,NOT_IN_DICT,
stt2,page_0014,2,6,vua,相,用,U+7528,0.1254,False,NOT_IN_DICT,
stt2,page_0014,2,9,này,侣,尼,U+5C3C,0.4256,True,RESCUE_LOW_CONF,
stt2,page_0014,2,21,vua,月,君,U+541B,0.2411,True,RESCUE_LOW_CONF,
stt2,page_0014,3,4,rằng,履,浪,U+6D6A,0.7725,True,RESCUE_GOLD_MED,
stt2,page_0014,5,5,tội,運,罪,U+7F6A,0.4359,True,RESCUE_LOW_CONF,
stt2,page_0014,5,7,hai,㘴,咍,U+548D,0.3939,True,RESCUE_LOW_CONF,
stt2,page_0014,5,10,sa,郎,沙,U+6C99,0.5739,True,RESCUE_LOW_CONF,
stt2,page_0014,5,11,se,獅,篩,U+7BE9,0.4965,False,NOT_IN_DICT,
stt2,page_0014,5,13,tê,司,司,U+53F8,0.5047,False,NOT_IN_DICT,
stt2,page_0014,5,20,sa,小,礼,U+793C,0.4753,False,NOT_IN_DICT,
stt2,page_0014,6,8,vua,姻,君,U+541B,0.0866,True,RESCUE_LOW_CONF,
stt2,page_0014,6,10,nói,呵,呐,U+5450,0.6575,True,RESCUE_LOW_CONF,
stt2,page_0014,6,19,đem,危,𠊚,U+2029A,0.9438,False,NOT_IN_DICT,
stt2,page_0014,6,21,đi,繈,矯,U+77EF,0.0936,False,NOT_IN_DICT,
stt2,page_0014,7,13,lăm,濼,用,U+7528,0.1285,False,NOT_IN_DICT,
stt2,page_0014,7,14,hơn,伙,些,U+4E9B,0.4038,False,NOT_IN_DICT,
stt2,page_0014,8,15,mặt,柘,末,U+672B,0.0858,True,RESCUE_LOW_CONF,
stt2,page_0014,8,18,kẻo,冠,矯,U+77EF,0.8707,True,RESCUE_GOLD_HIGH,
stt2,page_0014,8,20,ta,陞,些,U+4E9B,0.7227,True,RESCUE_GOLD_MED,
stt2,page_0014,9,7,giữ,侍,佇,U+4F47,0.3128,True,RESCUE_LOW_CONF,
stt2,page_0014,9,14,kẻo,犒,矯,U+77EF,0.3068,True,RESCUE_LOW_CONF,
stt2,page_0014,9,17,sói,族,像,U+50CF,0.0987,False,NOT_IN_DICT,
stt2,page_0014,9,22,giữ,县,共,U+5171,0.1738,False,NOT_IN_DICT,
stt2,page_0016,1,8,đã,丘,㐌,U+340C,0.0342,True,RESCUE_LOW_CONF,
stt2,page_0016,1,11,bốn,深,末,U+672B,0.1697,False,NOT_IN_DICT,
stt2,page_0016,1,17,muốn,阁,悶,U+60B6,0.7009,True,RESCUE_GOLD_MED,
stt2,page_0016,1,22,lòi,練,䏻,U+43FB,0.2891,False,NOT_IN_DICT,
stt2,page_0016,2,0,tói,纎,願,U+9858,0.1685,False,NOT_IN_DICT,
stt2,page_0016,2,2,buộc,郊,外,U+5916,0.234,False,NOT_IN_DICT,
stt2,page_0016,2,9,đem,危,强,U+5F3A,0.1739,False,NOT_IN_DICT,
stt2,page_0016,2,12,đường,庚,唐,U+5510,0.3141,True,RESCUE_LOW_CONF,
stt2,page_0016,3,0,lăm,褾,凜,U+51DC,0.6452,False,NOT_IN_DICT,
stt2,page_0016,3,10,đút,烱,道,U+9053,0.0786,False,NOT_IN_DICT,
stt2,page_0016,3,11,cho,失,朱,U+6731,0.1188,True,RESCUE_LOW_CONF,
stt2,page_0016,3,12,kẻo,嘱,朱,U+6731,0.8351,False,NOT_IN_DICT,
stt2,page_0016,3,21,của,右,古,U+53E4,0.3891,True,RESCUE_LOW_CONF,
stt2,page_0016,4,7,đi,徒,麻,U+9EBB,0.0878,False,NOT_IN_DICT,
stt2,page_0016,4,10,se,御,弄,U+5F04,0.05,False,NOT_IN_DICT,
stt2,page_0016,5,6,phô,面,甫,U+752B,0.3328,True,RESCUE_LOW_CONF,
stt2,page_0016,5,9,phô,俌,甫,U+752B,0.1461,True,RESCUE_LOW_CONF,
stt2,page_0016,5,16,hai,嗌,罪,U+7F6A,0.145,False,NOT_IN_DICT,
stt2,page_0016,5,19,nhưng,只,明,U+660E,0.2761,False,NOT_IN_DICT,
stt2,page_0016,5,20,ca,境,魔,U+9B54,0.2188,False,NOT_IN_DICT,
stt2,page_0016,6,0,được,仍,仍,U+4ECD,0.9292,False,NOT_IN_DICT,
stt2,page_0016,6,1,phúc,麻,麻,U+9EBB,0.9669,False,NOT_IN_DICT,
stt2,page_0016,6,2,chịu,𭔿,翁,U+7FC1,0.7608,False,NOT_IN_DICT,
stt2,page_0016,6,3,chết,垩,垩,U+57A9,0.9742,False,NOT_IN_DICT,
stt2,page_0016,6,6,đức,歌,歌,U+6B4C,0.6152,False,NOT_IN_DICT,
stt2,page_0016,6,7,chúa,浦,甫,U+752B,0.3701,False,NOT_IN_DICT,
stt2,page_0016,6,8,giê,哭,哭,U+54ED,0.9687,False,NOT_IN_DICT,
stt2,page_0016,6,9,su,云,之,U+4E4B,0.3342,False,NOT_IN_DICT,
stt2,page_0016,6,10,người,漂,凜,U+51DC,0.4563,False,NOT_IN_DICT,
stt2,page_0016,6,11,đã,爲,爲,U+7232,0.9863,False,NOT_IN_DICT,
stt2,page_0016,6,12,rình,传,渚,U+6E1A,0.8446,False,NOT_IN_DICT,
stt2,page_0016,6,20,chức,支,支,U+652F,0.9643,False,NOT_IN_DICT,
stt2,page_0016,6,21,trong,秋,秋,U+79CB,0.9593,False,NOT_IN_DICT,
stt2,page_0016,7,13,giảng,諶,𠊚,U+2029A,0.6622,False,NOT_IN_DICT,
stt2,page_0016,7,17,lòi,練,穌,U+7A4C,0.0617,False,NOT_IN_DICT,
stt2,page_0016,7,18,tói,緞,賊,U+8CCA,0.0816,False,NOT_IN_DICT,
stt2,page_0016,7,19,cầm,半,扲,U+6272,0.7911,True,RESCUE_GOLD_MED,
stt2,page_0016,8,1,như,文,茹,U+8339,0.2698,True,RESCUE_LOW_CONF,
stt2,page_0016,8,11,rê,醫,稽,U+7A3D,0.2844,False,NOT_IN_DICT,
stt2,page_0016,8,12,rê,撥,黎,U+9ECE,0.0319,True,RESCUE_LOW_CONF,
stt2,page_0016,8,14,ghê,衣,衣,U+8863,0.9883,False,NOT_IN_DICT,
stt2,page_0016,8,15,c,共,共,U+5171,0.8805,False,NOT_IN_DICT,
stt2,page_0016,8,18,ghê,薔,稽,U+7A3D,0.1845,True,RESCUE_LOW_CONF,
stt2,page_0016,8,20,xa,君,尼,U+5C3C,0.9407,False,NOT_IN_DICT,
stt2,page_0016,8,21,nơi,車,車,U+8ECA,0.8923,False,NOT_IN_DICT,
stt2,page_0016,9,4,lắm,原,凜,U+51DC,0.297,True,RESCUE_LOW_CONF,
stt2,page_0016,9,11,cười,唄,唭,U+552D,0.1924,True,RESCUE_LOW_CONF,
stt2,page_0016,9,14,anh,琵,孾,U+5B7E,0.8509,True,RESCUE_GOLD_HIGH,
stt2,page_0016,9,15,em,鐘,俺,U+4FFA,0.0482,True,RESCUE_LOW_CONF,
stt2,page_0016,9,16,cầu,水,求,U+6C42,0.9564,True,RESCUE_GOLD_HIGH,
stt2,page_0016,9,22,mortthay,某,柴,U+67F4,0.413,False,NOT_IN_DICT,
stt2,page_0018,1,0,phải,序,沛,U+6C9B,0.8845,True,RESCUE_GOLD_HIGH,
stt2,page_0018,1,4,chóng,據,排,U+6392,0.4361,False,NOT_IN_DICT,
stt2,page_0018,1,13,khác,𢡖,恪,U+606A,0.9722,True,RESCUE_GOLD_HIGH,
stt2,page_0018,1,15,cắn,懷,浪,U+6D6A,0.386,False,NOT_IN_DICT,
stt2,page_0018,2,9,xu,揠,樞,U+6A1E,0.4318,True,RESCUE_LOW_CONF,
stt2,page_0018,2,20,đã,征,証,U+8A3C,0.1582,False,NOT_IN_DICT,
stt2,page_0018,3,14,ao,潮,拗,U+62D7,0.5607,True,RESCUE_LOW_CONF,
stt2,page_0018,3,20,giê,克,支,U+652F,0.9531,True,RESCUE_GOLD_HIGH,
stt2,page_0018,3,21,su,敢,秋,U+79CB,0.9557,True,RESCUE_GOLD_HIGH,
stt2,page_0018,4,0,dái,或,曳,U+66F3,0.7819,True,RESCUE_GOLD_MED,
stt2,page_0018,4,4,rô,曙,喝,U+559D,0.0953,False,NOT_IN_DICT,
stt2,page_0018,4,7,ngăn,限,垠,U+57A0,0.1306,True,RESCUE_LOW_CONF,
stt2,page_0018,4,14,chi,文,之,U+4E4B,0.9911,True,RESCUE_GOLD_HIGH,
stt2,page_0018,4,17,hại,丢,害,U+5BB3,0.0534,True,RESCUE_LOW_CONF,
stt2,page_0018,4,21,sư,解,獅,U+7345,0.8338,True,RESCUE_GOLD_MED,
stt2,page_0018,5,1,xay,俊,傷,U+50B7,0.2842,False,NOT_IN_DICT,
stt2,page_0018,5,14,chó,活,徳,U+5FB3,0.336,False,NOT_IN_DICT,
stt2,page_0018,5,16,như,文,如,U+5982,0.9457,True,RESCUE_GOLD_HIGH,
stt2,page_0018,5,17,hạt,乾,紇,U+7D07,0.039,True,RESCUE_LOW_CONF,
stt2,page_0018,5,18,gao,按,拮,U+62EE,0.2435,False,NOT_IN_DICT,
stt2,page_0018,5,20,muốn,隘,悶,U+60B6,0.5571,True,RESCUE_LOW_CONF,
stt2,page_0018,5,22,sư,那,獅,U+7345,0.0484,True,RESCUE_LOW_CONF,
stt2,page_0018,6,1,xay,俊,佐,U+4F50,0.1191,False,NOT_IN_DICT,
stt2,page_0018,6,4,đâm,危,强,U+5F3A,0.3116,False,NOT_IN_DICT,
stt2,page_0018,6,6,gạo,秩,麻,U+9EBB,0.3162,False,NOT_IN_DICT,
stt2,page_0018,6,14,trước,驊,黙,U+9ED9,0.0998,False,NOT_IN_DICT,
stt2,page_0018,6,15,mặt,栖,事,U+4E8B,0.1033,False,NOT_IN_DICT,
stt2,page_0018,7,2,giục,迎,逐,U+9010,0.7252,True,RESCUE_GOLD_MED,
stt2,page_0018,7,3,nó,竝,奴,U+5974,0.0276,True,RESCUE_LOW_CONF,
stt2,page_0018,7,4,chôn,摩,凜,U+51DC,0.277,False,NOT_IN_DICT,
stt2,page_0018,7,6,trong,趣,城,U+57CE,0.2571,False,NOT_IN_DICT,
stt2,page_0018,7,9,mới,首,買,U+8CB7,0.7683,True,RESCUE_GOLD_MED,
stt2,page_0018,7,19,bắt,扣,扒,U+6252,0.9156,True,RESCUE_GOLD_HIGH,
stt2,page_0018,8,2,rày,罽,灵,U+7075,0.0887,False,NOT_IN_DICT,
stt2,page_0018,8,15,si,擾,樞,U+6A1E,0.1705,False,NOT_IN_DICT,
stt2,page_0018,8,21,rô,普,蔑,U+8511,0.0509,False,NOT_IN_DICT,
stt2,page_0018,8,22,ma,現,邁,U+9081,0.0393,False,NOT_IN_DICT,
stt2,page_0018,9,0,tôi,碑,碎,U+788E,0.9503,True,RESCUE_GOLD_HIGH,
stt2,page_0018,9,3,cùng,舟,共,U+5171,0.6187,True,RESCUE_LOW_CONF,
stt2,page_0018,9,4,muông,艨,獄,U+7344,0.1559,False,NOT_IN_DICT,
stt2,page_0018,9,11,biển,店,店,U+5E97,0.8736,False,NOT_IN_DICT,
stt2,page_0018,9,18,là,眠,号,U+53F7,0.0725,True,RESCUE_LOW_CONF,
stt2,page_0018,9,21,quân,言,官,U+5B98,0.9338,False,NOT_IN_DICT,
stt2,page_0018,9,22,giữ,得,佇,U+4F47,0.4357,True,RESCUE_LOW_CONF,
stt2,page_0020,1,2,dữ,𬼘,共,U+5171,0.193,False,NOT_IN_DICT,
stt2,page_0020,1,6,lành,净,冷,U+51B7,0.8839,True,RESCUE_GOLD_HIGH,
stt2,page_0020,1,18,dồ,唯,杜,U+675C,0.1683,False,NOT_IN_DICT,
stt2,page_0020,2,6,chăng,產,麻,U+9EBB,0.2241,False,NOT_IN_DICT,
stt2,page_0020,2,8,khen,首,省,U+7701,0.1507,False,NOT_IN_DICT,
stt2,page_0020,2,11,sạch,证,沚,U+6C9A,0.1893,True,RESCUE_LOW_CONF,
stt2,page_0020,2,13,đâu,舉,兠,U+5160,0.1212,True,RESCUE_LOW_CONF,
stt2,page_0020,2,16,ước,衆,約,U+7D04,0.4549,True,RESCUE_LOW_CONF,
stt2,page_0020,2,17,ao,𭃡,拗,U+62D7,0.5684,True,RESCUE_LOW_CONF,
stt2,page_0020,3,1,tử,每,女,U+5973,0.1478,False,NOT_IN_DICT,
stt2,page_0020,3,7,vuốt,律,焠,U+7120,0.2189,False,NOT_IN_DICT,
stt2,page_0020,3,12,gì,文,之,U+4E4B,0.141,True,RESCUE_LOW_CONF,
stt2,page_0020,3,14,căn,眼,浪,U+6D6A,0.2242,False,NOT_IN_DICT,
stt2,page_0020,3,16,cùng,芳,共,U+5171,0.8963,True,RESCUE_GOLD_HIGH,
stt2,page_0020,4,12,ví,戎,㐌,U+340C,0.1047,False,NOT_IN_DICT,
stt2,page_0020,5,2,nó,如,奴,U+5974,0.9137,True,RESCUE_GOLD_HIGH,
stt2,page_0020,5,3,căn,眼,垠,U+57A0,0.0141,True,RESCUE_LOW_CONF,
stt2,page_0020,5,8,làm,乍,乄,U+4E44,0.1547,True,RESCUE_LOW_CONF,
stt2,page_0020,5,9,chớ,藩,渚,U+6E1A,0.8651,True,RESCUE_GOLD_HIGH,
stt2,page_0020,6,0,mới,㸔,買,U+8CB7,0.3016,True,RESCUE_LOW_CONF,
stt2,page_0020,6,17,rác,祚,秋,U+79CB,0.4966,False,NOT_IN_DICT,
stt2,page_0020,7,1,trong,翹,赦,U+8D66,0.0874,False,NOT_IN_DICT,
stt2,page_0020,7,2,tay,翹,思,U+601D,0.3829,True,RESCUE_LOW_CONF,
stt2,page_0020,7,11,lửa,始,把,U+628A,0.1123,False,NOT_IN_DICT,
stt2,page_0020,7,14,muông,嫁,燶,U+71F6,0.0866,False,NOT_IN_DICT,
stt2,page_0020,7,15,dữ,共,共,U+5171,0.2904,False,NOT_IN_DICT,
stt2,page_0020,7,16,xé,俊,低,U+4F4E,0.3431,False,NOT_IN_DICT,
stt2,page_0020,7,18,dập,蟄,執,U+57F7,0.2932,False,NOT_IN_DICT,
stt2,page_0020,7,20,ra,哩,𠊚,U+2029A,0.0996,False,NOT_IN_DICT,
stt2,page_0020,8,1,chết,浙,折,U+6298,0.9791,True,RESCUE_GOLD_HIGH,
stt2,page_0020,8,8,bày,側,塊,U+584A,0.1678,False,NOT_IN_DICT,
stt2,page_0020,8,20,cùng,異,共,U+5171,0.0613,True,RESCUE_LOW_CONF,
stt2,page_0020,9,16,sốt/6,煒,沛,U+6C9B,0.1798,False,NOT_IN_DICT,
stt2,page_0020,9,17,một,𫞖,蔑,U+8511,0.3953,True,RESCUE_LOW_CONF,
stt2,page_0022,1,0,vì,房,為,U+70BA,0.8422,True,RESCUE_GOLD_MED,
stt2,page_0022,2,5,đường,庚,唐,U+5510,0.8228,True,RESCUE_GOLD_MED,
stt2,page_0022,2,6,sống,甜,排,U+6392,0.1294,False,NOT_IN_DICT,
stt2,page_0022,2,15,sống,甜,封,U+5C01,0.1678,False,NOT_IN_DICT,
stt2,page_0022,2,16,thật,宵,實,U+5BE6,0.1243,True,RESCUE_LOW_CONF,
stt2,page_0022,2,17,chớ,禇,渚,U+6E1A,0.9373,True,RESCUE_GOLD_HIGH,
stt2,page_0022,2,19,cầu,𣱵,求,U+6C42,0.8371,True,RESCUE_GOLD_MED,
stt2,page_0022,3,4,chưng,藥,勉,U+52C9,0.0824,False,NOT_IN_DICT,
stt2,page_0022,3,5,sống,郵,封,U+5C01,0.0951,False,NOT_IN_DICT,
stt2,page_0022,3,17,ai,矦,埃,U+57C3,0.9092,True,RESCUE_GOLD_HIGH,
stt2,page_0022,3,18,muốn,開,悶,U+60B6,0.7938,True,RESCUE_GOLD_MED,
stt2,page_0022,3,19,đẹp,𫟒,葉,U+8449,0.4956,True,RESCUE_LOW_CONF,
stt2,page_0022,3,20,lòng,善,弄,U+5F04,0.9005,True,RESCUE_GOLD_HIGH,
stt2,page_0022,4,8,ta,陛,些,U+4E9B,0.9538,True,RESCUE_GOLD_HIGH,
stt2,page_0022,4,18,bắt,于,碎,U+788E,0.3665,False,NOT_IN_DICT,
stt2,page_0022,5,7,khỏi,摺,塊,U+584A,0.8866,True,RESCUE_GOLD_HIGH,
stt2,page_0022,5,12,anh,姜,孾,U+5B7E,0.6841,True,RESCUE_LOW_CONF,
stt2,page_0022,5,13,em,姽,俺,U+4FFA,0.0554,True,RESCUE_LOW_CONF,
stt2,page_0022,5,17,là,丑,垩,U+57A9,0.4942,False,NOT_IN_DICT,
stt2,page_0022,6,0,thánh,𨐌,垩,U+57A9,0.9257,True,RESCUE_GOLD_HIGH,
stt2,page_0022,6,5,vậy,元,丕,U+4E15,0.7049,True,RESCUE_GOLD_MED,
stt2,page_0022,6,8,chưa,诸,渚,U+6E1A,0.9065,True,RESCUE_GOLD_HIGH,
stt2,page_0022,6,9,tỏ,新,訴,U+8A34,0.3818,True,RESCUE_LOW_CONF,
stt2,page_0022,7,0,là,荘,号,U+53F7,0.0428,True,RESCUE_LOW_CONF,
stt2,page_0022,7,13,mắt,拓,拘,U+62D8,0.205,False,NOT_IN_DICT,
stt2,page_0022,8,1,chớ,虧,渚,U+6E1A,0.8334,True,RESCUE_GOLD_MED,
stt2,page_0022,8,2,đoạn,隆,段,U+6BB5,0.9819,True,RESCUE_GOLD_HIGH,
stt2,page_0022,8,5,1,衣,衣,U+8863,0.2137,False,NOT_IN_DICT,
stt2,page_0022,8,9,nước,涯,渃,U+6E03,0.6657,True,RESCUE_LOW_CONF,
stt2,page_0022,9,8,roi,橊,礼,U+793C,0.7528,False,NOT_IN_DICT,
stt2,page_0022,9,13,câu,匈,共,U+5171,0.57,False,NOT_IN_DICT,
stt2,page_0022,9,20,concu,海,𢬦,U+22B26,0.3965,False,NOT_IN_DICT,
stt2,page_0024,1,0,măm,靉,盛,U+76DB,0.1952,False,NOT_IN_DICT,
stt2,page_0024,1,4,tích,録,跡,U+8DE1,0.1207,True,RESCUE_LOW_CONF,
stt2,page_0024,1,8,đá,磣,破,U+7834,0.241,False,NOT_IN_DICT,
stt2,page_0024,1,10,cạnh,𮗓,几,U+51E0,0.1258,False,NOT_IN_DICT,
stt2,page_0024,1,11,nhọn,𠷰,葩,U+8469,0.1091,False,NOT_IN_DICT,
stt2,page_0024,2,13,dạy,𢧐,代,U+4EE3,0.2107,True,RESCUE_LOW_CONF,
stt2,page_0024,3,5,thánh,𠂯,垩,U+57A9,0.9364,True,RESCUE_GOLD_HIGH,
stt2,page_0024,3,7,vào,须,包,U+5305,0.9159,True,RESCUE_GOLD_HIGH,
stt2,page_0024,3,14,trong,勧,動,U+52D5,0.4417,False,NOT_IN_DICT,
stt2,page_0024,4,8,tôi,磾,碎,U+788E,0.9608,True,RESCUE_GOLD_HIGH,
stt2,page_0024,4,9,phải,滯,沛,U+6C9B,0.6551,True,RESCUE_LOW_CONF,
stt2,page_0024,5,1,ao,砌,拗,U+62D7,0.3353,True,RESCUE_LOW_CONF,
stt2,page_0024,5,4,đức,夜,徵,U+5FB5,0.0787,False,NOT_IN_DICT,
stt2,page_0024,5,20,âm,丶,省,U+7701,0.1196,False,NOT_IN_DICT,
stt2,page_0024,5,22,ra,将,囉,U+56C9,0.0749,True,RESCUE_LOW_CONF,
stt2,page_0024,6,5,xu,福,樞,U+6A1E,0.7105,True,RESCUE_GOLD_MED,
stt2,page_0024,6,8,vui,盂,盃,U+76C3,0.9018,True,RESCUE_GOLD_HIGH,
stt2,page_0024,6,9,mặt,病,塊,U+584A,0.0801,False,NOT_IN_DICT,
stt2,page_0024,6,14,gạo,楉,多,U+591A,0.2612,False,NOT_IN_DICT,
stt2,page_0024,6,15,đức,例,拮,U+62EE,0.7709,False,NOT_IN_DICT,
stt2,page_0024,7,1,đâm,𭺛,徳,U+5FB3,0.2114,False,NOT_IN_DICT,
stt2,page_0024,7,23,cắn,限,浪,U+6D6A,0.6824,False,NOT_IN_DICT,
stt2,page_0024,7,25,chet,我,折,U+6298,0.8633,False,NOT_IN_DICT,
stt2,page_0024,8,3,trong,蛮,重,U+91CD,0.3739,False,NOT_IN_DICT,
stt2,page_0024,8,20,to,舞,穌,U+7A4C,0.0609,True,RESCUE_LOW_CONF,
stt2,page_0024,8,24,nóing,祿,浪,U+6D6A,0.9601,False,NOT_IN_DICT,
stt2,page_0024,9,13,tên,老,先,U+5148,0.2416,True,RESCUE_LOW_CONF,
stt2,page_0026,1,3,làm,氏,衣,U+8863,0.9711,False,NOT_IN_DICT,
stt2,page_0026,2,5,tim,胚,賊,U+8CCA,0.1648,False,NOT_IN_DICT,
stt2,page_0026,2,7,xem,依,麻,U+9EBB,0.3325,False,NOT_IN_DICT,
stt2,page_0026,2,9,sẽ,俊,此,U+6B64,0.1077,False,NOT_IN_DICT,
stt2,page_0026,3,4,thành,加,城,U+57CE,0.7214,True,RESCUE_GOLD_MED,
stt2,page_0026,3,8,ki,𫞲,其,U+5176,0.9831,True,RESCUE_GOLD_HIGH,
stt2,page_0026,3,17,đầu,虎,兠,U+5160,0.3456,False,NOT_IN_DICT,
stt2,page_0026,4,8,nghiệp,昔,業,U+696D,0.7413,True,RESCUE_GOLD_MED,
stt2,page_0026,4,17,chịu,民,召,U+53EC,0.9418,True,RESCUE_GOLD_HIGH,
stt2,page_0026,4,18,chết,扣,折,U+6298,0.0899,True,RESCUE_LOW_CONF,
stt2,page_0026,5,1,ti,牟,𠊚,U+2029A,0.2075,False,NOT_IN_DICT,
stt2,page_0026,5,4,động,𭄴,動,U+52D5,0.3888,True,RESCUE_LOW_CONF,
stt2,page_0026,5,12,một,禹,連,U+9023,0.1219,False,NOT_IN_DICT,
stt2,page_0026,6,0,sau,勢,耨,U+8028,0.1808,False,NOT_IN_DICT,
stt2,page_0026,7,11,này,位,特,U+7279,0.9335,False,NOT_IN_DICT,
stt2,page_0026,7,12,nhà,特,没,U+6CA1,0.4238,False,NOT_IN_DICT,
stt2,page_0026,7,13,được,爲,真,U+771F,0.0843,False,NOT_IN_DICT,
stt2,page_0026,7,14,tram,霖,麻,U+9EBB,0.1319,False,NOT_IN_DICT,
stt2,page_0026,8,0,mông,氏,没,U+6CA1,0.4716,False,NOT_IN_DICT,
stt2,page_0026,8,2,lê,祀,礼,U+793C,0.6965,False,NOT_IN_DICT,
stt2,page_0026,8,7,đem,免,㐌,U+340C,0.1687,False,NOT_IN_DICT,
stt2,page_0026,8,13,đến,𭮺,碎,U+788E,0.1234,False,NOT_IN_DICT,
stt2,page_0026,8,20,ô,得,烏,U+70CF,0.4729,True,RESCUE_LOW_CONF,
stt2,page_0026,9,2,truvện,傳,傳,U+50B3,0.9867,False,NOT_IN_DICT,
stt2,page_0028,1,5,rô,晋,腰,U+8170,0.093,False,NOT_IN_DICT,
stt2,page_0028,1,16,đi,𣄳,多,U+591A,0.0747,True,RESCUE_LOW_CONF,
stt2,page_0028,2,1,gióp,樞,樞,U+6A1E,0.4465,False,NOT_IN_DICT,
stt2,page_0028,2,4,chốc,裾,祝,U+795D,0.7506,True,RESCUE_GOLD_MED,
stt2,page_0028,2,8,trắng,斛,班,U+73ED,0.2778,False,NOT_IN_DICT,
stt2,page_0028,2,13,xuống,寄,矯,U+77EF,0.1782,False,NOT_IN_DICT,
stt2,page_0028,2,14,lại,卷,赦,U+8D66,0.1115,False,NOT_IN_DICT,
stt2,page_0028,2,15,làm,直,事,U+4E8B,0.0495,False,NOT_IN_DICT,
stt2,page_0028,2,16,một,戌,市,U+5E02,0.1043,False,NOT_IN_DICT,
stt2,page_0028,2,20,chim,鴟,盈,U+76C8,0.0528,False,NOT_IN_DICT,
stt2,page_0028,3,2,răn,蛇,城,U+57CE,0.1276,False,NOT_IN_DICT,
stt2,page_0028,3,3,và,带,喡,U+55A1,0.0885,True,RESCUE_LOW_CONF,
stt2,page_0028,3,6,độc,生,毒,U+6BD2,0.0362,True,RESCUE_LOW_CONF,
stt2,page_0028,3,14,rô,晋,批,U+6279,0.1298,False,NOT_IN_DICT,
stt2,page_0028,3,21,ăn,呼,安,U+5B89,0.6597,True,RESCUE_LOW_CONF,
stt2,page_0028,4,2,thưa,縣,踈,U+8E08,0.4948,True,RESCUE_LOW_CONF,
stt2,page_0028,4,5,làm,瘁,牢,U+7262,0.4057,False,NOT_IN_DICT,
stt2,page_0028,4,6,sao,古,古,U+53E4,0.804,False,NOT_IN_DICT,
stt2,page_0028,4,9,xưa,夜,初,U+521D,0.2128,True,RESCUE_LOW_CONF,
stt2,page_0028,4,12,chưa,潜,渚,U+6E1A,0.3313,True,RESCUE_LOW_CONF,
stt2,page_0028,4,15,dơ,浮,沛,U+6C9B,0.194,False,NOT_IN_DICT,
stt2,page_0028,4,16,làm,神,洩,U+6D29,0.464,False,NOT_IN_DICT,
stt2,page_0028,5,1,phán,刾,判,U+5224,0.7862,True,RESCUE_GOLD_MED,
stt2,page_0028,5,5,cho,年,呐,U+5450,0.112,False,NOT_IN_DICT,
stt2,page_0028,5,6,nên,朱,年,U+5E74,0.2499,True,RESCUE_LOW_CONF,
stt2,page_0028,5,7,sạch,汪,朱,U+6731,0.5554,False,NOT_IN_DICT,
stt2,page_0028,5,12,dơ,㱕,把,U+628A,0.1004,False,NOT_IN_DICT,
stt2,page_0028,6,10,hồ,明,胡,U+80E1,0.1055,True,RESCUE_LOW_CONF,
stt2,page_0028,6,13,biết,㓻,别,U+522B,0.4065,True,RESCUE_LOW_CONF,
stt2,page_0028,7,4,li,内,离,U+79BB,0.932,True,RESCUE_GOLD_HIGH,
stt2,page_0028,7,8,cơ,賁,蔑,U+8511,0.3062,False,NOT_IN_DICT,
stt2,page_0028,7,10,vua,相,軍,U+8ECD,0.8404,False,NOT_IN_DICT,
stt2,page_0028,7,21,cửa,举,朱,U+6731,0.4274,False,NOT_IN_DICT,
stt2,page_0028,8,18,lành,袷,冷,U+51B7,0.5255,True,RESCUE_LOW_CONF,
stt2,page_0028,8,20,ra,開,理,U+7406,0.6105,False,NOT_IN_DICT,
stt2,page_0028,8,22,goi,喻,噲,U+5672,0.557,False,NOT_IN_DICT,
stt2,page_0028,9,0,hỏi,雖,每,U+6BCF,0.502,True,RESCUE_LOW_CONF,
stt2,page_0028,9,2,phô,隔,甫,U+752B,0.062,True,RESCUE_LOW_CONF,
stt2,page_0028,9,5,việc,祿,役,U+5F79,0.387,True,RESCUE_LOW_CONF,
stt2,page_0028,9,9,răng,晨,浪,U+6D6A,0.9425,True,RESCUE_GOLD_HIGH,
stt2,page_0028,9,16,mời,返,迈,U+8FC8,0.8992,False,NOT_IN_DICT,
stt2,page_0030,1,5,bây,甚,悲,U+60B2,0.5183,True,RESCUE_LOW_CONF,
stt2,page_0030,1,9,thánhê,批,批,U+6279,0.8438,False,NOT_IN_DICT,
stt2,page_0030,1,10,rô,嘻,凜,U+51DC,0.6001,False,NOT_IN_DICT,
stt2,page_0030,1,14,khăn,申,巾,U+5DFE,0.355,True,RESCUE_LOW_CONF,
stt2,page_0030,2,0,dơ,厅,行,U+884C,0.0823,False,NOT_IN_DICT,
stt2,page_0030,2,2,là,丑,号,U+53F7,0.0409,True,RESCUE_LOW_CONF,
stt2,page_0030,2,4,dỗ,唯,几,U+51E0,0.7974,False,NOT_IN_DICT,
stt2,page_0030,2,8,đường,擬,連,U+9023,0.922,False,NOT_IN_DICT,
stt2,page_0030,2,11,đàng,盡,塊,U+584A,0.2876,False,NOT_IN_DICT,
stt2,page_0030,3,2,chưa,满,渚,U+6E1A,0.5622,True,RESCUE_LOW_CONF,
stt2,page_0030,4,11,cùng,芳,共,U+5171,0.455,True,RESCUE_LOW_CONF,
stt2,page_0030,4,15,giú,樞,樞,U+6A1E,0.8799,False,NOT_IN_DICT,
stt2,page_0030,5,4,dơ,汙,役,U+5F79,0.2093,False,NOT_IN_DICT,
stt2,page_0030,5,9,chọn,每,撰,U+64B0,0.0898,True,RESCUE_LOW_CONF,
stt2,page_0030,5,21,trước,累,畧,U+7567,0.9728,True,RESCUE_GOLD_HIGH,
stt2,page_0030,6,4,giô,蘇,蘇,U+8607,0.8173,False,NOT_IN_DICT,
stt2,page_0030,6,10,thật,嗜,實,U+5BE6,0.156,True,RESCUE_LOW_CONF,
stt2,page_0030,6,12,mời,返,迈,U+8FC8,0.7731,False,NOT_IN_DICT,
stt2,page_0030,6,13,thầy,桒,柴,U+67F4,0.0746,True,RESCUE_LOW_CONF,
stt2,page_0030,6,19,đức,𠑶,功,U+529F,0.4762,False,NOT_IN_DICT,
stt2,page_0030,7,5,trả,昭,把,U+628A,0.6055,True,RESCUE_LOW_CONF,
stt2,page_0030,7,12,mọn,圈,悶,U+60B6,0.7895,True,RESCUE_GOLD_MED,
stt2,page_0030,8,5,bội,低,佐,U+4F50,0.2029,False,NOT_IN_DICT,
stt2,page_0030,8,12,thì,㫖,寺,U+5BFA,0.9353,True,RESCUE_GOLD_HIGH,
stt2,page_0032,1,1,rô,膺,連,U+9023,0.2758,False,NOT_IN_DICT,
stt2,page_0032,1,3,rửa,活,眉,U+7709,0.3925,False,NOT_IN_DICT,
stt2,page_0032,1,15,đoạn,茋,段,U+6BB5,0.9242,True,RESCUE_GOLD_HIGH,
stt2,page_0032,1,17,giết,刑,折,U+6298,0.5801,True,RESCUE_LOW_CONF,
stt2,page_0032,1,20,tề,盾,道,U+9053,0.2219,False,NOT_IN_DICT,
stt2,page_0032,1,22,disstrong,王,重,U+91CD,0.561,False,NOT_IN_DICT,
stt2,page_0032,2,11,tan,事,責,U+8CAC,0.074,False,NOT_IN_DICT,
stt2,page_0032,2,13,đợi,持,待,U+5F85,0.6151,True,RESCUE_LOW_CONF,
stt2,page_0032,2,15,sóng,拜,弄,U+5F04,0.0762,True,RESCUE_LOW_CONF,
stt2,page_0032,3,0,rô,噶,喝,U+559D,0.1478,False,NOT_IN_DICT,
stt2,page_0032,3,13,đi,魏,多,U+591A,0.0294,True,RESCUE_LOW_CONF,
stt2,page_0032,3,14,giảng,諶,講,U+8B1B,0.0356,True,RESCUE_LOW_CONF,
stt2,page_0032,3,15,một,禹,蔑,U+8511,0.5568,True,RESCUE_LOW_CONF,
stt2,page_0032,3,21,quan,直,官,U+5B98,0.0538,True,RESCUE_LOW_CONF,
stt2,page_0032,4,0,cai,兹,該,U+8A72,0.6319,True,RESCUE_LOW_CONF,
stt2,page_0032,4,18,dây,低,低,U+4F4E,0.9525,False,NOT_IN_DICT,
stt2,page_0032,5,2,đầy,貫,苔,U+82D4,0.0873,True,RESCUE_LOW_CONF,
stt2,page_0032,5,18,khỏi,摺,塊,U+584A,0.3595,True,RESCUE_LOW_CONF,
stt2,page_0032,5,20,tăm,沿,沁,U+6C81,0.0655,True,RESCUE_LOW_CONF,
stt2,page_0032,6,2,lầm,牀,林,U+6797,0.4957,True,RESCUE_LOW_CONF,
stt2,page_0032,6,14,đem,免,𠊚,U+2029A,0.4159,False,NOT_IN_DICT,
stt2,page_0032,7,12,tương,𰂸,像,U+50CF,0.7417,True,RESCUE_GOLD_MED,
stt2,page_0032,7,16,tro,炉,油,U+6CB9,0.2377,False,NOT_IN_DICT,
stt2,page_0032,7,20,xuống,寶,僥,U+50E5,0.1632,False,NOT_IN_DICT,
stt2,page_0032,8,14,đá,磣,多,U+591A,0.0312,True,RESCUE_LOW_CONF,
stt2,page_0032,8,18,chôn,塼,傳,U+50B3,0.3463,False,NOT_IN_DICT,
stt2,page_0032,8,21,mắng,嘱,除,U+9664,0.282,False,NOT_IN_DICT,
stt2,page_0032,9,0,tiếng,質,省,U+7701,0.1409,True,RESCUE_LOW_CONF,
stt2,page_0032,9,9,con,寺,寺,U+5BFA,0.971,False,NOT_IN_DICT,
stt2,page_0032,9,12,lòi,練,結,U+7D50,0.3958,False,NOT_IN_DICT,
stt2,page_0032,9,13,tói,歸,最,U+6700,0.0986,False,NOT_IN_DICT,
stt2,page_0032,9,14,buộc,邸,外,U+5916,0.1576,False,NOT_IN_DICT,
stt2,page_0032,9,21,đem,笙,特,U+7279,0.221,False,NOT_IN_DICT,
stt2,page_0034,1,0,vào,呂,包,U+5305,0.7601,True,RESCUE_GOLD_MED,
stt2,page_0034,1,3,ấy,韵,邁,U+9081,0.2303,False,NOT_IN_DICT,
stt2,page_0034,1,17,thì,畨,寺,U+5BFA,0.8524,True,RESCUE_GOLD_HIGH,
stt2,page_0034,1,20,giận,傳,徳,U+5FB3,0.5447,False,NOT_IN_DICT,
stt2,page_0034,2,0,là,衆,号,U+53F7,0.0611,True,RESCUE_LOW_CONF,
stt2,page_0034,2,14,tiếng,首,省,U+7701,0.4731,True,RESCUE_LOW_CONF,
stt2,page_0034,2,20,dù,神,油,U+6CB9,0.8858,True,RESCUE_GOLD_HIGH,
stt2,page_0034,3,1,lấp,兹,塊,U+584A,0.2229,False,NOT_IN_DICT,
stt2,page_0034,3,2,đất,埋,共,U+5171,0.6972,False,NOT_IN_DICT,
stt2,page_0034,3,5,thì,街,寺,U+5BFA,0.474,True,RESCUE_LOW_CONF,
stt2,page_0034,3,6,cũng,丹,麻,U+9EBB,0.1744,False,NOT_IN_DICT,
stt2,page_0034,3,7,hãy,多,矣,U+77E3,0.7775,True,RESCUE_GOLD_MED,
stt2,page_0034,3,9,sống,𠂯,拱,U+62F1,0.1139,False,NOT_IN_DICT,
stt2,page_0034,3,20,vì,唐,為,U+70BA,0.7807,True,RESCUE_GOLD_MED,
stt2,page_0034,4,9,điều,姻,調,U+8ABF,0.9516,True,RESCUE_GOLD_HIGH,
stt2,page_0034,4,10,ấy,収,衣,U+8863,0.4378,True,RESCUE_LOW_CONF,
stt2,page_0034,4,16,đi,桀,麻,U+9EBB,0.8705,False,NOT_IN_DICT,
stt2,page_0034,5,6,khỏi,耽,塊,U+584A,0.6142,True,RESCUE_LOW_CONF,
stt2,page_0034,5,14,mỏ,𫠉,先,U+5148,0.4739,False,NOT_IN_DICT,
stt2,page_0034,6,14,này,后,尼,U+5C3C,0.6798,True,RESCUE_LOW_CONF,
stt2,page_0034,7,20,ra,昭,囉,U+56C9,0.1132,True,RESCUE_LOW_CONF,
stt2,page_0034,8,1,mẹ,娘,讓,U+8B93,0.0692,False,NOT_IN_DICT,
stt2,page_0034,8,10,lấp,隘,泣,U+6CE3,0.0831,True,RESCUE_LOW_CONF,
stt2,page_0034,8,17,càng,鴉,施,U+65BD,0.0619,False,NOT_IN_DICT,
stt2,page_0034,9,9,nhà,是,麻,U+9EBB,0.8991,False,NOT_IN_DICT,
stt2,page_0034,9,15,cũng,壬,共,U+5171,0.0297,True,RESCUE_LOW_CONF,
stt2,page_0036,1,4,là,㸃,乳,U+4E73,0.0694,False,NOT_IN_DICT,
stt2,page_0036,1,7,xi,𥟀,拮,U+62EE,0.1089,False,NOT_IN_DICT,
stt2,page_0036,1,9,đoạn,隨,段,U+6BB5,0.7999,True,RESCUE_GOLD_MED,
stt2,page_0036,1,15,bấy,國,闭,U+95ED,0.5318,True,RESCUE_LOW_CONF,
stt2,page_0036,1,16,nhiêu,曉,僥,U+50E5,0.8847,True,RESCUE_GOLD_HIGH,
stt2,page_0036,2,0,già,豬,楼,U+697C,0.1515,False,NOT_IN_DICT,
stt2,page_0036,2,3,thì,走,寺,U+5BFA,0.9561,True,RESCUE_GOLD_HIGH,
stt2,page_0036,2,15,vây,平,丕,U+4E15,0.2025,False,NOT_IN_DICT,
stt2,page_0036,2,17,đức,伤,泑,U+6CD1,0.1173,False,NOT_IN_DICT,
stt2,page_0036,3,18,sê,捷,楼,U+697C,0.1501,False,NOT_IN_DICT,
stt2,page_0036,3,19,ti,移,移,U+79FB,0.408,False,NOT_IN_DICT,
stt2,page_0036,4,12,sáu,衣,於,U+65BC,0.1518,False,NOT_IN_DICT,
stt2,page_0036,4,13,mươi,適,邁,U+9081,0.6348,True,RESCUE_LOW_CONF,
stt2,page_0036,5,0,mồng,爱,夢,U+5922,0.8543,True,RESCUE_GOLD_HIGH,
stt2,page_0036,5,4,la,毘,𠊚,U+2029A,0.1253,False,NOT_IN_DICT,
stt2,page_0036,5,5,xi,梯,楼,U+697C,0.1575,False,NOT_IN_DICT,
stt2,page_0036,5,12,038struyen,傳,傳,U+50B3,0.96,False,NOT_IN_DICT,
stt2,page_0036,6,7,xi,曉,拮,U+62EE,0.1284,False,NOT_IN_DICT,
stt2,page_0036,6,9,tê,㸔,躋,U+8E8B,0.0351,True,RESCUE_LOW_CONF,
stt2,page_0036,6,14,ma,君,尼,U+5C3C,0.9245,False,NOT_IN_DICT,
stt2,page_0036,6,19,hiền,着,𠊚,U+2029A,0.1592,False,NOT_IN_DICT,
stt2,page_0036,6,20,lành,哈,冷,U+51B7,0.382,True,RESCUE_LOW_CONF,
stt2,page_0036,7,0,tốt,瘁,卒,U+5352,0.1081,True,RESCUE_LOW_CONF,
stt2,page_0036,7,8,lắm,椉,凜,U+51DC,0.1867,True,RESCUE_LOW_CONF,
stt2,page_0036,7,11,nước,裙,坦,U+5766,0.6331,False,NOT_IN_DICT,
stt2,page_0036,8,13,nơi,辰,寺,U+5BFA,0.8561,False,NOT_IN_DICT,
stt2,page_0036,8,17,la,罡,罪,U+7F6A,0.1988,False,NOT_IN_DICT,
stt2,page_0036,9,10,c,榼,棱,U+68F1,0.3057,False,NOT_IN_DICT,
stt2,page_0036,9,18,dấu,纠,約,U+7D04,0.2488,False,NOT_IN_DICT,
stt2,page_0036,9,19,câu,扵,枸,U+67B8,0.2955,True,RESCUE_LOW_CONF,
stt2,page_0036,9,20,rút2%,擠,樞,U+6A1E,0.0955,False,NOT_IN_DICT,
stt2,page_0038,1,6,thì,春,寺,U+5BFA,0.5829,True,RESCUE_LOW_CONF,
stt2,page_0038,1,8,mới,骨,買,U+8CB7,0.4369,True,RESCUE_LOW_CONF,
stt2,page_0038,1,14,muông,據,悲,U+60B2,0.0918,False,NOT_IN_DICT,
stt2,page_0038,1,15,dữ,共,共,U+5171,0.4137,False,NOT_IN_DICT,
stt2,page_0038,1,20,người,爭,𠊚,U+2029A,0.9745,True,RESCUE_GOLD_HIGH,
stt2,page_0038,2,8,chó,清,渚,U+6E1A,0.6433,False,NOT_IN_DICT,
stt2,page_0038,2,20,dạy,卅,代,U+4EE3,0.9424,True,RESCUE_GOLD_HIGH,
stt2,page_0038,3,2,săn,能,結,U+7D50,0.2041,False,NOT_IN_DICT,
stt2,page_0038,3,16,ăn,妄,安,U+5B89,0.5445,True,RESCUE_LOW_CONF,
stt2,page_0038,3,17,thịt,胸,那,U+90A3,0.3334,False,NOT_IN_DICT,
stt2,page_0038,3,20,núi,冉,皮,U+76AE,0.521,False,NOT_IN_DICT,
stt2,page_0038,4,8,hùm,猛,徳,U+5FB3,0.0998,False,NOT_IN_DICT,
stt2,page_0038,4,9,gấu,猖,願,U+9858,0.1817,False,NOT_IN_DICT,
stt2,page_0038,4,10,chó,狂,徳,U+5FB3,0.2321,False,NOT_IN_DICT,
stt2,page_0038,4,11,sói,德,共,U+5171,0.9502,False,NOT_IN_DICT,
stt2,page_0038,4,14,muông,據,恪,U+606A,0.9127,False,NOT_IN_DICT,
stt2,page_0038,4,15,khác,怊,於,U+65BC,0.9625,False,NOT_IN_DICT,
stt2,page_0038,4,18,hang,屬,寺,U+5BFA,0.1115,False,NOT_IN_DICT,
stt2,page_0038,4,20,càng,䏻,强,U+5F3A,0.7608,True,RESCUE_GOLD_MED,
stt2,page_0038,6,2,ô,馬,烏,U+70CF,0.8931,True,RESCUE_GOLD_HIGH,
stt2,page_0038,6,5,lên,題,連,U+9023,0.948,True,RESCUE_GOLD_HIGH,
stt2,page_0038,6,6,núi,胄,皮,U+76AE,0.21,False,NOT_IN_DICT,
stt2,page_0038,6,14,răng,厳,浪,U+6D6A,0.2623,True,RESCUE_LOW_CONF,
stt2,page_0038,6,17,em,嬉,每,U+6BCF,0.3401,False,NOT_IN_DICT,
stt2,page_0038,7,0,hay,呪,咍,U+548D,0.2162,True,RESCUE_LOW_CONF,
stt2,page_0038,7,1,đêm,疾,店,U+5E97,0.7796,True,RESCUE_GOLD_MED,
stt2,page_0038,7,2,nay,右,尼,U+5C3C,0.4027,True,RESCUE_LOW_CONF,
stt2,page_0038,7,6,su,我,秋,U+79CB,0.9907,True,RESCUE_GOLD_HIGH,
stt2,page_0038,7,9,min,婢,綿,U+7DBF,0.2326,True,RESCUE_LOW_CONF,
stt2,page_0038,7,18,sa,证,沙,U+6C99,0.8993,True,RESCUE_GOLD_HIGH,
stt2,page_0038,8,1,đường,𬞈,唐,U+5510,0.0427,True,RESCUE_LOW_CONF,
stt2,page_0038,8,10,đường,族,凜,U+51DC,0.137,False,NOT_IN_DICT,
stt2,page_0038,9,0,kẻ,加,几,U+51E0,0.3659,True,RESCUE_LOW_CONF,
stt2,page_0038,9,7,mặt,稱,官,U+5B98,0.8591,False,NOT_IN_DICT,
stt2,page_0038,9,15,la,華,羅,U+7F85,0.9269,True,RESCUE_GOLD_HIGH,
stt2,page_0038,9,16,xi,瘥,移,U+79FB,0.1227,False,NOT_IN_DICT,
stt2,page_0040,1,7,lại,至,吏,U+540F,0.9563,True,RESCUE_GOLD_HIGH,
stt2,page_0040,1,13,gở,悻,𢜝,U+2271D,0.0992,False,NOT_IN_DICT,
stt2,page_0040,2,4,kíp,君,弄,U+5F04,0.0935,False,NOT_IN_DICT,
stt2,page_0040,2,5,phải,禘,沛,U+6C9B,0.7668,True,RESCUE_GOLD_MED,
stt2,page_0040,2,6,sa,祖,沙,U+6C99,0.1127,True,RESCUE_LOW_CONF,
stt2,page_0040,2,7,chốn,淮,准,U+51C6,0.0744,True,RESCUE_LOW_CONF,
stt2,page_0040,2,16,quan,言,女,U+5973,0.9694,False,NOT_IN_DICT,
stt2,page_0040,2,21,liền,肆,連,U+9023,0.8295,True,RESCUE_GOLD_MED,
stt2,page_0040,3,0,lấy,祻,礼,U+793C,0.4465,True,RESCUE_LOW_CONF,
stt2,page_0040,3,1,dùi,樻,棱,U+68F1,0.2395,False,NOT_IN_DICT,
stt2,page_0040,4,1,nghĩ,丐,召,U+53EC,0.1374,False,NOT_IN_DICT,
stt2,page_0040,4,4,dái,事,事,U+4E8B,0.875,False,NOT_IN_DICT,
stt2,page_0040,4,5,sự,或,曳,U+66F3,0.9306,False,NOT_IN_DICT,
stt2,page_0040,4,11,đức,衒,共,U+5171,0.7157,False,NOT_IN_DICT,
stt2,page_0040,4,23,tôi,𦀇,碎,U+788E,0.0695,True,RESCUE_LOW_CONF,
stt2,page_0040,5,9,cầm,玲,扲,U+6272,0.9137,True,RESCUE_GOLD_HIGH,
stt2,page_0040,5,18,già,耗,瑟,U+745F,0.6544,False,NOT_IN_DICT,
stt2,page_0040,6,5,xin,頃,嗔,U+55D4,0.4145,True,RESCUE_LOW_CONF,
stt2,page_0040,6,8,lấy,永,礼,U+793C,0.2519,True,RESCUE_LOW_CONF,
stt2,page_0040,6,10,mọn,閣,歇,U+6B47,0.1234,False,NOT_IN_DICT,
stt2,page_0040,6,14,giã,嗜,時,U+6642,0.0919,False,NOT_IN_DICT,
stt2,page_0040,7,5,giờ,原,徐,U+5F90,0.5077,True,RESCUE_LOW_CONF,
stt2,page_0040,7,12,trả,犯,把,U+628A,0.0353,True,RESCUE_LOW_CONF,
stt2,page_0040,7,18,cho,殊,功,U+529F,0.9859,False,NOT_IN_DICT,
stt2,page_0040,7,21,bấy,哥,悲,U+60B2,0.1446,True,RESCUE_LOW_CONF,
stt2,page_0040,8,3,lào,萍,牢,U+7262,0.9189,True,RESCUE_GOLD_HIGH,
stt2,page_0040,8,4,phải,𠨙,沛,U+6C9B,0.8423,True,RESCUE_GOLD_MED,
stt2,page_0040,9,4,ăn,綏,安,U+5B89,0.2851,True,RESCUE_LOW_CONF,
stt2,page_0040,9,5,phải,𠨙,沛,U+6C9B,0.7033,True,RESCUE_GOLD_MED,
stt2,page_0040,9,6,xương,渴,昌,U+660C,0.0902,True,RESCUE_LOW_CONF,
stt2,page_0040,9,7,cá,汀,汀,U+6C40,0.1677,False,NOT_IN_DICT,
stt2,page_0040,9,12,có,群,群,U+7FA4,0.8899,False,NOT_IN_DICT,
stt2,page_0040,9,18,rình,俗,伶,U+4F36,0.4522,True,RESCUE_LOW_CONF,
stt2,page_0040,9,19,chết,孤,折,U+6298,0.8356,True,RESCUE_GOLD_MED,
stt2,page_0040,9,21,ra,将,囉,U+56C9,0.2394,True,RESCUE_LOW_CONF,
stt2,page_0042,1,6,la,芒,柴,U+67F4,0.2247,False,NOT_IN_DICT,
stt2,page_0042,1,7,xi,懋,塊,U+584A,0.0965,False,NOT_IN_DICT,
stt2,page_0042,1,10,mẹ,羡,模,U+6A21,0.076,False,NOT_IN_DICT,
stt2,page_0042,2,5,thắng,為,為,U+70BA,0.2593,False,NOT_IN_DICT,
stt2,page_0042,2,6,ấy,食,衣,U+8863,0.6837,True,RESCUE_LOW_CONF,
stt2,page_0042,2,12,xương,爲,昌,U+660C,0.0455,True,RESCUE_LOW_CONF,
stt2,page_0042,2,13,cá,丁,汀,U+6C40,0.0561,False,NOT_IN_DICT,
stt2,page_0042,2,20,đã,征,㐌,U+340C,0.1024,True,RESCUE_LOW_CONF,
stt2,page_0042,3,2,thẳng,憑,為,U+70BA,0.1897,False,NOT_IN_DICT,
stt2,page_0042,3,9,sau,𩔗,連,U+9023,0.0656,False,NOT_IN_DICT,
stt2,page_0042,3,11,phải,滯,沛,U+6C9B,0.8495,True,RESCUE_GOLD_MED,
stt2,page_0042,3,13,đau,疔,𥘉,U+25609,0.222,False,NOT_IN_DICT,
stt2,page_0042,4,14,thì,㫖,寺,U+5BFA,0.9442,True,RESCUE_GOLD_HIGH,
stt2,page_0042,4,15,day,哦,代,U+4EE3,0.9717,False,NOT_IN_DICT,
stt2,page_0042,4,16,treo,𨻶,撩,U+64A9,0.0586,True,RESCUE_LOW_CONF,
stt2,page_0042,4,17,lên,廻,連,U+9023,0.915,True,RESCUE_GOLD_HIGH,
stt2,page_0042,5,18,chút,避,把,U+628A,0.1196,False,NOT_IN_DICT,
stt2,page_0042,6,4,đoạn,衛,断,U+65AD,0.7873,True,RESCUE_GOLD_MED,
stt2,page_0042,6,16,chấm,福,袩,U+88A9,0.3491,False,NOT_IN_DICT,
stt2,page_0042,7,0,chảy,征,沚,U+6C9A,0.1841,True,RESCUE_LOW_CONF,
stt2,page_0042,7,6,xức,聊,聀,U+8040,0.1102,True,RESCUE_LOW_CONF,
stt2,page_0042,7,7,mặt,栖,末,U+672B,0.1386,True,RESCUE_LOW_CONF,
stt2,page_0042,7,11,thơm,膂,貪,U+8CAA,0.224,True,RESCUE_LOW_CONF,
stt2,page_0042,7,19,bảy,厾,罢,U+7F62,0.1752,True,RESCUE_LOW_CONF,
stt2,page_0042,8,4,giết,町,折,U+6298,0.6095,True,RESCUE_LOW_CONF,
stt2,page_0042,8,6,phải,滞,沛,U+6C9B,0.887,True,RESCUE_GOLD_HIGH,
stt2,page_0042,8,8,bụt,雷,孛,U+5B5B,0.4487,True,RESCUE_LOW_CONF,
stt2,page_0042,8,11,thìn,詩,寺,U+5BFA,0.9365,False,NOT_IN_DICT,
stt2,page_0042,8,12,giết,两,折,U+6298,0.3338,True,RESCUE_LOW_CONF,
stt2,page_0042,8,18,thưa,竦,踈,U+8E08,0.9416,True,RESCUE_GOLD_HIGH,
stt2,page_0042,9,0,đem,名,徳,U+5FB3,0.0979,False,NOT_IN_DICT,
stt2,page_0042,9,2,bụt,母,特,U+7279,0.4054,False,NOT_IN_DICT,
stt2,page_0042,9,3,đi,桀,多,U+591A,0.0879,True,RESCUE_LOW_CONF,
stt2,page_0042,9,11,tăm,㳂,碎,U+788E,0.9507,False,NOT_IN_DICT,
stt2,page_0042,9,13,sạch,𣴑,朱,U+6731,0.7336,False,NOT_IN_DICT,
stt2,page_0042,9,16,mới,㸔,寺,U+5BFA,0.9687,False,NOT_IN_DICT,
stt2,page_0044,1,0,nghĩ,亐,四,U+56DB,0.3937,False,NOT_IN_DICT,
stt2,page_0044,1,7,mừng,阴,明,U+660E,0.9762,True,RESCUE_GOLD_HIGH,
stt2,page_0044,1,11,bụt,生,孛,U+5B5B,0.8658,True,RESCUE_GOLD_HIGH,
stt2,page_0044,1,18,ném,玲,扲,U+6272,0.2962,False,NOT_IN_DICT,
stt2,page_0044,1,20,ao,湖,拗,U+62D7,0.2935,True,RESCUE_LOW_CONF,
stt2,page_0044,2,4,nữ,文,女,U+5973,0.9595,True,RESCUE_GOLD_HIGH,
stt2,page_0044,2,14,nung,鑲,膿,U+81BF,0.0609,True,RESCUE_LOW_CONF,
stt2,page_0044,2,15,sắt,𡙇,鉄,U+9244,0.0982,True,RESCUE_LOW_CONF,
stt2,page_0044,2,20,bảy,羅,罢,U+7F62,0.5215,True,RESCUE_LOW_CONF,
stt2,page_0044,3,3,lược,器,歇,U+6B47,0.135,False,NOT_IN_DICT,
stt2,page_0044,3,6,lửa,短,塊,U+584A,0.1484,False,NOT_IN_DICT,
stt2,page_0044,3,15,bụt,寺,除,U+9664,0.4919,False,NOT_IN_DICT,
stt2,page_0044,3,20,lửa,焙,些,U+4E9B,0.3438,False,NOT_IN_DICT,
stt2,page_0044,4,6,một,昇,蔑,U+8511,0.5315,True,RESCUE_LOW_CONF,
stt2,page_0044,4,12,hai,出,𠊚,U+2029A,0.8871,False,NOT_IN_DICT,
stt2,page_0044,4,22,marang,屐,浪,U+6D6A,0.9862,False,NOT_IN_DICT,
stt2,page_0044,5,1,đi,桀,結,U+7D50,0.53,False,NOT_IN_DICT,
stt2,page_0044,5,12,chết,拊,折,U+6298,0.6338,True,RESCUE_LOW_CONF,
stt2,page_0044,6,2,mẹ,摂,疾,U+75BE,0.1538,False,NOT_IN_DICT,
stt2,page_0044,6,5,sống,辨,禁,U+7981,0.1947,False,NOT_IN_DICT,
stt2,page_0044,6,10,rày,園,昆,U+6606,0.1552,False,NOT_IN_DICT,
stt2,page_0044,6,17,trên,達,連,U+9023,0.619,True,RESCUE_LOW_CONF,
stt2,page_0044,7,8,mặt,和,末,U+672B,0.1853,True,RESCUE_LOW_CONF,
stt2,page_0044,7,14,xem,祝,袩,U+88A9,0.1267,True,RESCUE_LOW_CONF,
stt2,page_0044,7,16,sang,氣,創,U+5275,0.9454,True,RESCUE_GOLD_HIGH,
stt2,page_0044,7,17,vo,無,無,U+7121,0.3098,False,NOT_IN_DICT,
stt2,page_0044,7,19,nưa,文,女,U+5973,0.6025,False,NOT_IN_DICT,
stt2,page_0044,8,10,sợ,慷,麻,U+9EBB,0.613,False,NOT_IN_DICT,
stt2,page_0044,8,13,dài,郎,曳,U+66F3,0.0845,True,RESCUE_LOW_CONF,
stt2,page_0044,9,16,lên,魑,連,U+9023,0.5951,True,RESCUE_LOW_CONF,
stt2,page_0044,9,18,kìm,霠,穌,U+7A4C,0.1145,False,NOT_IN_DICT,
stt2,page_0044,9,19,sắt,鑠,鉄,U+9244,0.028,True,RESCUE_LOW_CONF,
stt2,page_0044,9,21,thịt,萊,城,U+57CE,0.1821,False,NOT_IN_DICT,
stt2,page_0046,1,0,ra,㝵,𠊚,U+2029A,0.984,False,NOT_IN_DICT,
stt2,page_0046,1,1,khi,䍐,囉,U+56C9,0.4957,False,NOT_IN_DICT,
stt2,page_0046,1,2,n,耿,欺,U+6B3A,0.9901,False,NOT_IN_DICT,
stt2,page_0046,1,3,kảy,鄂,罢,U+7F62,0.2089,False,NOT_IN_DICT,
stt2,page_0046,1,14,sữa,涖,陳,U+9673,0.0764,False,NOT_IN_DICT,
stt2,page_0046,1,17,lại,生,吏,U+540F,0.8961,True,RESCUE_GOLD_HIGH,
stt2,page_0046,1,19,nhiều,垩,垩,U+57A9,0.9545,False,NOT_IN_DICT,
stt2,page_0046,1,20,thánh,倦,僥,U+50E5,0.8829,False,NOT_IN_DICT,
stt2,page_0046,2,14,sơ,慱,𢜝,U+2271D,0.4885,False,NOT_IN_DICT,
stt2,page_0046,3,5,thưởng,看,賞,U+8CDE,0.0862,True,RESCUE_LOW_CONF,
stt2,page_0046,3,7,chớ,𡱆,渚,U+6E1A,0.0646,True,RESCUE_LOW_CONF,
stt2,page_0046,3,8,đoạn,𢍆,渚,U+6E1A,0.3567,False,NOT_IN_DICT,
stt2,page_0046,3,15,cháy,蛭,𤈜,U+2421C,0.1843,True,RESCUE_LOW_CONF,
stt2,page_0046,4,4,đội,嫁,隊,U+968A,0.1618,True,RESCUE_LOW_CONF,
stt2,page_0046,4,12,hai,唫,昆,U+6606,0.449,False,NOT_IN_DICT,
stt2,page_0046,4,18,la,密,時,U+6642,0.4437,False,NOT_IN_DICT,
stt2,page_0046,4,19,xi,猴,烏,U+70CF,0.638,False,NOT_IN_DICT,
stt2,page_0046,5,5,đoạn,悶,段,U+6BB5,0.8884,True,RESCUE_GOLD_HIGH,
stt2,page_0046,5,8,phó,補,補,U+88DC,0.6379,False,NOT_IN_DICT,
stt2,page_0046,5,18,câu,祗,奴,U+5974,0.0784,False,NOT_IN_DICT,
stt2,page_0046,5,19,rút,粹,椊,U+690A,0.0904,True,RESCUE_LOW_CONF,
stt2,page_0046,6,3,ngồi,难,姚,U+59DA,0.1129,False,NOT_IN_DICT,
stt2,page_0046,6,5,mặt,和,連,U+9023,0.4255,False,NOT_IN_DICT,
stt2,page_0046,6,6,nước,话,渃,U+6E03,0.1424,True,RESCUE_LOW_CONF,
stt2,page_0046,7,4,sáu,𭭕,移,U+79FB,0.2547,False,NOT_IN_DICT,
stt2,page_0046,7,6,tám,释,𠊚,U+2029A,0.9529,False,NOT_IN_DICT,
stt2,page_0046,7,12,xuống,廟,餅,U+9905,0.1361,False,NOT_IN_DICT,
stt2,page_0046,7,20,ông,李,翁,U+7FC1,0.2838,True,RESCUE_LOW_CONF,
stt2,page_0046,8,0,la,番,垩,U+57A9,0.9503,False,NOT_IN_DICT,
stt2,page_0046,8,2,ô,葛,特,U+7279,0.0894,False,NOT_IN_DICT,
stt2,page_0046,8,5,nước,活,塊,U+584A,0.8885,False,NOT_IN_DICT,
stt2,page_0046,8,9,mắt,橋,体,U+4F53,0.1962,False,NOT_IN_DICT,
stt2,page_0046,8,14,chói,桎,閉,U+9589,0.1808,False,NOT_IN_DICT,
stt2,page_0046,8,15,lọi,株,燒,U+71D2,0.1974,False,NOT_IN_DICT,
stt2,page_0046,8,20,tối,是,最,U+6700,0.0131,True,RESCUE_LOW_CONF,
stt2,page_0046,9,1,liên,肆,連,U+9023,0.5485,True,RESCUE_LOW_CONF,
stt2,page_0046,9,3,chém,叔,约,U+7EA6,0.134,False,NOT_IN_DICT,
stt2,page_0046,9,17,ba,匹,巴,U+5DF4,0.5645,True,RESCUE_LOW_CONF,
stt2,page_0048,2,1,bon,𠾖,末,U+672B,0.2501,False,NOT_IN_DICT,
stt2,page_0048,2,4,giem,塩,盤,U+76E4,0.3942,False,NOT_IN_DICT,
stt2,page_0048,3,12,bi,應,悲,U+60B2,0.1505,True,RESCUE_LOW_CONF,
stt2,page_0048,4,3,sau,華,婁,U+5A41,0.0282,True,RESCUE_LOW_CONF,
stt2,page_0048,4,13,song,衣,衣,U+8863,0.7857,False,NOT_IN_DICT,
stt2,page_0048,4,14,le,双,双,U+53CC,0.886,False,NOT_IN_DICT,
stt2,page_0048,4,15,khi,賎,欺,U+6B3A,0.8533,True,RESCUE_GOLD_HIGH,
stt2,page_0048,5,3,nhường,癯,讓,U+8B93,0.3035,True,RESCUE_LOW_CONF,
stt2,page_0048,5,16,hay,呪,咍,U+548D,0.0813,True,RESCUE_LOW_CONF,
stt2,page_0048,5,21,pháp,㕛,灵,U+7075,0.9766,False,NOT_IN_DICT,
stt2,page_0048,5,22,phôn,魄,魂,U+9B42,0.9837,False,NOT_IN_DICT,
stt2,page_0048,6,0,ta,陲,些,U+4E9B,0.962,True,RESCUE_GOLD_HIGH,
stt2,page_0048,6,3,lần,衣,吝,U+541D,0.7632,True,RESCUE_GOLD_MED,
stt2,page_0048,6,6,kia,夏,其,U+5176,0.865,True,RESCUE_GOLD_HIGH,
stt2,page_0048,6,8,nghĩa,𠵊,主,U+4E3B,0.1307,False,NOT_IN_DICT,
stt2,page_0048,6,12,thình,生,生,U+751F,0.9393,False,NOT_IN_DICT,
stt2,page_0048,6,22,này,仁,尼,U+5C3C,0.0072,True,RESCUE_LOW_CONF,
stt2,page_0048,6,23,maxin,嗔,嗔,U+55D4,0.1142,False,NOT_IN_DICT,
stt2,page_0048,7,11,mình,公,明,U+660E,0.0269,True,RESCUE_LOW_CONF,
stt2,page_0048,7,18,không,屋,空,U+7A7A,0.3319,True,RESCUE_LOW_CONF,
stt2,page_0048,7,19,có,共,共,U+5171,0.8027,False,NOT_IN_DICT,
stt2,page_0048,7,20,uống,哇,㕵,U+3575,0.3783,True,RESCUE_LOW_CONF,
stt2,page_0048,7,22,chảng,庄,庄,U+5E84,0.4771,False,NOT_IN_DICT,
stt2,page_0048,8,3,nữa,立,女,U+5973,0.9392,True,RESCUE_GOLD_HIGH,
stt2,page_0048,8,20,nước,倨,連,U+9023,0.6344,False,NOT_IN_DICT,
stt2,page_0048,9,1,lần,衣,吝,U+541D,0.2958,True,RESCUE_LOW_CONF,
stt2,page_0048,9,3,dân,茂,民,U+6C11,0.3751,True,RESCUE_LOW_CONF,
stt2,page_0048,9,6,nước,婼,渃,U+6E03,0.5127,True,RESCUE_LOW_CONF,
stt2,page_0048,9,18,nến,襞,推,U+63A8,0.0789,False,NOT_IN_DICT,
stt2,page_0050,1,0,chén,𢧐,矯,U+77EF,0.1491,False,NOT_IN_DICT,
stt2,page_0050,1,1,ca,般,𰙔,U+30654,0.3507,True,RESCUE_LOW_CONF,
stt2,page_0050,1,3,xê,按,城,U+57CE,0.5328,False,NOT_IN_DICT,
stt2,page_0050,1,7,chuộc,賭,麻,U+9EBB,0.963,False,NOT_IN_DICT,
stt2,page_0050,1,14,su,壮,秋,U+79CB,0.8055,True,RESCUE_GOLD_MED,
stt2,page_0050,1,16,lấy,𥘍,𢬦,U+22B26,0.5342,True,RESCUE_LOW_CONF,
stt2,page_0050,1,17,máu,聊,泖,U+6CD6,0.2298,True,RESCUE_LOW_CONF,
stt2,page_0050,1,20,chuộc,賻,贖,U+8D16,0.477,True,RESCUE_LOW_CONF,
stt2,page_0050,2,2,ngày,曷,㝵,U+3775,0.3637,True,RESCUE_LOW_CONF,
stt2,page_0050,2,8,một,壽,没,U+6CA1,0.6461,True,RESCUE_LOW_CONF,
stt2,page_0050,2,13,đem,卷,尼,U+5C3C,0.3188,False,NOT_IN_DICT,
stt2,page_0050,3,21,làm,必,忌,U+5FCC,0.35,False,NOT_IN_DICT,
stt2,page_0050,5,7,nhường,議,謙,U+8B19,0.5778,False,NOT_IN_DICT,
stt2,page_0050,5,10,cất,虎,召,U+53EC,0.4268,False,NOT_IN_DICT,
stt2,page_0050,5,11,xác,秩,法,U+6CD5,0.5268,False,NOT_IN_DICT,
stt2,page_0050,5,12,trong,衲,把,U+628A,0.0625,False,NOT_IN_DICT,
stt2,page_0050,5,15,một,魯,垩,U+57A9,0.8217,False,NOT_IN_DICT,
stt2,page_0050,5,17,cất,扶,代,U+4EE3,0.9323,False,NOT_IN_DICT,
stt2,page_0050,5,19,ngõ,于,外,U+5916,0.8654,False,NOT_IN_DICT,
stt2,page_0050,5,22,intexpleman,下,下,U+4E0B,0.9449,False,NOT_IN_DICT,
stt2,page_0050,6,19,nhiều,𣷝,澆,U+6F86,0.0524,True,RESCUE_LOW_CONF,
stt2,page_0050,6,22,vi,店,為,U+70BA,0.82,True,RESCUE_GOLD_MED,
stt2,page_0050,6,23,cong,功,功,U+529F,0.8921,False,NOT_IN_DICT,
stt2,page_0050,7,7,sau,轉,寺,U+5BFA,0.105,False,NOT_IN_DICT,
stt2,page_0050,8,7,vì,唐,死,U+6B7B,0.991,False,NOT_IN_DICT,
stt2,page_0050,8,17,sáu,都,老,U+8001,0.2067,True,RESCUE_LOW_CONF,
stt2,page_0050,8,18,tháng,偹,倘,U+5018,0.758,True,RESCUE_GOLD_MED,
stt2,page_0050,8,19,tám,祗,糁,U+7CC1,0.114,True,RESCUE_LOW_CONF,
stt2,page_0050,9,9,ri,授,罪,U+7F6A,0.5128,False,NOT_IN_DICT,
stt2,page_0050,9,10,la,罪,南,U+5357,0.0996,False,NOT_IN_DICT,
stt2,page_0050,9,11,tê,淆,爲,U+7232,0.1942,False,NOT_IN_DICT,
stt2,page_0050,9,16,%,祖,沙,U+6C99,0.7138,False,NOT_IN_DICT,
stt2,page_0052,1,0,nghĩa,晝,义,U+4E49,0.025,True,RESCUE_LOW_CONF,
stt2,page_0052,1,13,rô,屠,喝,U+559D,0.1147,False,NOT_IN_DICT,
stt2,page_0052,1,15,ghét,䏻,結,U+7D50,0.9522,True,RESCUE_GOLD_HIGH,
stt2,page_0052,2,12,đ,道,道,U+9053,0.9781,False,NOT_IN_DICT,
stt2,page_0052,2,14,giết,判,折,U+6298,0.7634,True,RESCUE_GOLD_MED,
stt2,page_0052,2,17,xi,拜,扶,U+6276,0.1178,False,NOT_IN_DICT,
stt2,page_0052,2,20,vậy,示,丕,U+4E15,0.8622,True,RESCUE_GOLD_HIGH,
stt2,page_0052,3,9,đi,独,䏻,U+43FB,0.3389,False,NOT_IN_DICT,
stt2,page_0052,4,1,sai,请,債,U+50B5,0.9412,False,NOT_IN_DICT,
stt2,page_0052,4,2,kẻ,理,理,U+7406,0.9777,False,NOT_IN_DICT,
stt2,page_0052,4,3,theo,断,断,U+65AD,0.8037,False,NOT_IN_DICT,
stt2,page_0052,4,4,mà,㝵,𠊚,U+2029A,0.9821,False,NOT_IN_DICT,
stt2,page_0052,4,5,giết,諫,連,U+9023,0.0453,False,NOT_IN_DICT,
stt2,page_0052,4,6,bấy,官,官,U+5B98,0.9171,False,NOT_IN_DICT,
stt2,page_0052,4,7,giờ,庄,先,U+5148,0.1578,False,NOT_IN_DICT,
stt2,page_0052,4,8,người,直,宜,U+5B9C,0.2478,False,NOT_IN_DICT,
stt2,page_0052,4,9,măng,連,連,U+9023,0.3708,False,NOT_IN_DICT,
stt2,page_0052,4,14,tiếng,打,折,U+6298,0.8505,False,NOT_IN_DICT,
stt2,page_0052,4,15,sự,团,闭,U+95ED,0.2705,False,NOT_IN_DICT,
stt2,page_0052,4,16,ấy,徐,徐,U+5F90,0.49,False,NOT_IN_DICT,
stt2,page_0052,4,17,xin,㝵,𠊚,U+2029A,0.9736,False,NOT_IN_DICT,
stt2,page_0052,4,18,thầy,嘛,麻,U+9EBB,0.2968,False,NOT_IN_DICT,
stt2,page_0052,4,19,cả,喝,省,U+7701,0.8573,False,NOT_IN_DICT,
stt2,page_0052,4,20,rửa,事,事,U+4E8B,0.9293,False,NOT_IN_DICT,
stt2,page_0052,4,21,tội,代,衣,U+8863,0.5469,False,NOT_IN_DICT,
stt2,page_0052,5,4,mình,還,罪,U+7F6A,0.5027,False,NOT_IN_DICT,
stt2,page_0052,5,13,giở,祖,阻,U+963B,0.1935,True,RESCUE_LOW_CONF,
stt2,page_0052,5,16,hay,呢,台,U+53F0,0.0212,True,RESCUE_LOW_CONF,
stt2,page_0052,6,1,hay,吰,咍,U+548D,0.2844,True,RESCUE_LOW_CONF,
stt2,page_0052,6,5,di,䏻,結,U+7D50,0.7092,False,NOT_IN_DICT,
stt2,page_0052,6,15,rửa,君,乄,U+4E44,0.0382,False,NOT_IN_DICT,
stt2,page_0052,7,2,sông,滯,僥,U+50E5,0.1909,False,NOT_IN_DICT,
stt2,page_0052,7,20,cất,扶,拮,U+62EE,0.2538,True,RESCUE_LOW_CONF,
stt2,page_0052,8,1,hai,收,功,U+529F,0.1947,False,NOT_IN_DICT,
stt2,page_0052,8,3,sông,麾,年,U+5E74,0.2466,False,NOT_IN_DICT,
stt2,page_0052,8,6,một,夅,没,U+6CA1,0.4822,True,RESCUE_LOW_CONF,
stt2,page_0052,8,21,lạ,𭩮,邏,U+908F,0.0623,True,RESCUE_LOW_CONF,
stt2,page_0052,9,3,la,芒,柴,U+67F4,0.2567,False,NOT_IN_DICT,
stt2,page_0054,1,0,người,是,𠊚,U+2029A,0.2221,True,RESCUE_LOW_CONF,
stt2,page_0054,1,1,nam,身,欺,U+6B3A,0.092,False,NOT_IN_DICT,
stt2,page_0054,1,4,cầu,未,求,U+6C42,0.2187,True,RESCUE_LOW_CONF,
stt2,page_0054,1,11,lăm,源,弄,U+5F04,0.5073,False,NOT_IN_DICT,
stt2,page_0054,1,12,thì,封,寺,U+5BFA,0.0238,True,RESCUE_LOW_CONF,
stt2,page_0054,1,18,xuống,䨴,每,U+6BCF,0.1816,False,NOT_IN_DICT,
stt2,page_0054,1,19,sông,麗,凜,U+51DC,0.1099,False,NOT_IN_DICT,
stt2,page_0054,2,11,quỳ,昵,跪,U+8DEA,0.5203,True,RESCUE_LOW_CONF,
stt2,page_0054,2,12,xuống,𡸁,蘇,U+8607,0.0529,False,NOT_IN_DICT,
stt2,page_0054,2,16,lạy,𥙷,襖,U+8956,0.2592,False,NOT_IN_DICT,
stt2,page_0054,2,19,giê,寺,支,U+652F,0.7067,True,RESCUE_GOLD_MED,
stt2,page_0054,3,0,ô,馮,烏,U+70CF,0.7521,True,RESCUE_GOLD_MED,
stt2,page_0054,3,2,lấy,𦀇,調,U+8ABF,0.3226,False,NOT_IN_DICT,
stt2,page_0054,3,8,phải,沖,沛,U+6C9B,0.8733,True,RESCUE_GOLD_HIGH,
stt2,page_0054,3,9,chết,町,折,U+6298,0.9128,True,RESCUE_GOLD_HIGH,
stt2,page_0054,3,15,bấy,周,闭,U+95ED,0.1253,True,RESCUE_LOW_CONF,
stt2,page_0054,3,18,nổi,按,挼,U+633C,0.8545,True,RESCUE_GOLD_HIGH,
stt2,page_0054,3,19,lên,題,連,U+9023,0.3329,True,RESCUE_LOW_CONF,
stt2,page_0054,4,3,già,雜,瑟,U+745F,0.3313,False,NOT_IN_DICT,
stt2,page_0054,4,6,phải,滯,沛,U+6C9B,0.8243,True,RESCUE_GOLD_MED,
stt2,page_0054,4,7,nao,带,市,U+5E02,0.8803,True,RESCUE_GOLD_HIGH,
stt2,page_0054,4,10,mất,教,秩,U+79E9,0.8654,True,RESCUE_GOLD_HIGH,
stt2,page_0054,4,13,sốt,烽,庫,U+5EAB,0.1605,False,NOT_IN_DICT,
stt2,page_0054,4,17,mặt,輒,末,U+672B,0.2806,True,RESCUE_LOW_CONF,
stt2,page_0054,5,9,tạ,㤙,恩,U+6069,0.9138,False,NOT_IN_DICT,
stt2,page_0054,6,1,năm,献,動,U+52D5,0.1894,False,NOT_IN_DICT,
stt2,page_0054,7,2,xi,樓,撰,U+64B0,0.1028,False,NOT_IN_DICT,
stt2,page_0054,7,13,gã,𢖍,阿,U+963F,0.1337,False,NOT_IN_DICT,
stt2,page_0054,7,16,ra,㘴,囉,U+56C9,0.0488,True,RESCUE_LOW_CONF,
stt2,page_0054,7,21,mô,積,模,U+6A21,0.384,True,RESCUE_LOW_CONF,
stt2,page_0054,8,2,này,泥,尼,U+5C3C,0.8028,True,RESCUE_GOLD_MED,
stt2,page_0054,8,9,hay,喀,咍,U+548D,0.1237,True,RESCUE_LOW_CONF,
stt2,page_0054,8,11,một,䴡,没,U+6CA1,0.7047,True,RESCUE_GOLD_MED,
stt2,page_0054,8,15,hay,既,咍,U+548D,0.0672,True,RESCUE_LOW_CONF,
stt2,page_0054,8,18,quý,首,貴,U+8CB4,0.0487,True,RESCUE_LOW_CONF,
stt2,page_0054,9,1,là,平,囉,U+56C9,0.0746,True,RESCUE_LOW_CONF,
stt2,page_0054,9,6,le,内,离,U+79BB,0.8608,True,RESCUE_GOLD_HIGH,
stt2,page_0056,1,5,trọn,扁,命,U+547D,0.1507,False,NOT_IN_DICT,
stt2,page_0056,1,12,xi,櫪,樞,U+6A1E,0.4941,False,NOT_IN_DICT,
stt2,page_0056,1,13,xi,獅,沛,U+6C9B,0.0929,False,NOT_IN_DICT,
stt2,page_0056,1,15,a,商,阿,U+963F,0.1621,True,RESCUE_LOW_CONF,
stt2,page_0056,1,16,tên,步,先,U+5148,0.9053,True,RESCUE_GOLD_HIGH,
stt2,page_0056,1,18,khuênh,傾,懶,U+61F6,0.3622,False,NOT_IN_DICT,
stt2,page_0056,1,19,xi,穆,秩,U+79E9,0.1526,False,NOT_IN_DICT,
stt2,page_0056,1,20,ong,隣,翁,U+7FC1,0.2468,True,RESCUE_LOW_CONF,
stt2,page_0056,2,0,tiếng,喝,省,U+7701,0.3197,True,RESCUE_LOW_CONF,
stt2,page_0056,2,5,tài,寸,弄,U+5F04,0.1769,False,NOT_IN_DICT,
stt2,page_0056,2,9,đòi,深,隊,U+968A,0.3726,True,RESCUE_LOW_CONF,
stt2,page_0056,3,1,phải,序,沛,U+6C9B,0.9437,True,RESCUE_GOLD_HIGH,
stt2,page_0056,3,7,chước,刷,斫,U+65AB,0.6668,True,RESCUE_LOW_CONF,
stt2,page_0056,3,8,nào,带,市,U+5E02,0.2584,True,RESCUE_LOW_CONF,
stt2,page_0056,3,16,già,蕤,瑟,U+745F,0.7233,False,NOT_IN_DICT,
stt2,page_0056,3,18,năm,駈,極,U+6975,0.2972,False,NOT_IN_DICT,
stt2,page_0056,3,20,gái,巧,𡛔,U+216D4,0.4587,True,RESCUE_LOW_CONF,
stt2,page_0056,4,2,nghề,云,要,U+8981,0.0597,False,NOT_IN_DICT,
stt2,page_0056,4,6,dặn,惮,陣,U+9663,0.269,False,NOT_IN_DICT,
stt2,page_0056,4,14,nó,如,奴,U+5974,0.8592,True,RESCUE_GOLD_HIGH,
stt2,page_0056,4,19,gái,如,𡛔,U+216D4,0.4991,True,RESCUE_LOW_CONF,
stt2,page_0056,4,20,ấy,執,衣,U+8863,0.0616,True,RESCUE_LOW_CONF,
stt2,page_0056,5,10,làm,亦,共,U+5171,0.1375,False,NOT_IN_DICT,
stt2,page_0056,5,17,le,㐫,离,U+79BB,0.5188,True,RESCUE_LOW_CONF,
stt2,page_0056,5,20,a,預,阿,U+963F,0.1409,True,RESCUE_LOW_CONF,
stt2,page_0056,6,5,muốn,園,悶,U+60B6,0.763,True,RESCUE_GOLD_MED,
stt2,page_0056,6,6,nghe,喧,宜,U+5B9C,0.1258,True,RESCUE_LOW_CONF,
stt2,page_0056,6,9,mắng,举,矯,U+77EF,0.1036,False,NOT_IN_DICT,
stt2,page_0056,6,15,nghĩ,𠔃,其,U+5176,0.2033,False,NOT_IN_DICT,
stt2,page_0056,6,20,dở,杜,杜,U+675C,0.0913,False,NOT_IN_DICT,
stt2,page_0056,7,6,hay,此,咍,U+548D,0.3307,True,RESCUE_LOW_CONF,
stt2,page_0056,7,7,là,鿄,柴,U+67F4,0.2593,False,NOT_IN_DICT,
stt2,page_0056,7,19,ru,呻,由,U+7531,0.0611,True,RESCUE_LOW_CONF,
stt2,page_0056,7,21,bà,如,寺,U+5BFA,0.6234,False,NOT_IN_DICT,
stt2,page_0056,7,23,biết,脚,别,U+522B,0.5365,True,RESCUE_LOW_CONF,
stt2,page_0056,8,1,min,𡚖,綿,U+7DBF,0.8997,True,RESCUE_GOLD_HIGH,
stt2,page_0056,8,6,min,𡚖,綿,U+7DBF,0.2989,True,RESCUE_LOW_CONF,
stt2,page_0056,8,16,ghét,䏻,綿,U+7DBF,0.2115,False,NOT_IN_DICT,
stt2,page_0056,8,21,ghét,然,年,U+5E74,0.1097,False,NOT_IN_DICT,
stt2,page_0056,8,24,min,磊,綿,U+7DBF,0.08,True,RESCUE_LOW_CONF,
stt2,page_0056,9,6,oán,慰,悲,U+60B2,0.0813,False,NOT_IN_DICT,
stt2,page_0056,9,13,min,魏,綿,U+7DBF,0.7597,True,RESCUE_GOLD_MED,
stt2,page_0056,9,15,min,𡚖,時,U+6642,0.1918,False,NOT_IN_DICT,
stt2,page_0058,1,7,hồn,魏,魂,U+9B42,0.9203,True,RESCUE_GOLD_HIGH,
stt2,page_0058,1,11,nhiều,障,澆,U+6F86,0.0597,True,RESCUE_LOW_CONF,
stt2,page_0058,1,20,dữ,嬰,唭,U+552D,0.1092,False,NOT_IN_DICT,
stt2,page_0058,2,9,tà,邢,事,U+4E8B,0.5395,False,NOT_IN_DICT,
stt2,page_0058,2,10,dâm,端,群,U+7FA4,0.1745,False,NOT_IN_DICT,
stt2,page_0058,3,2,ví,𠰥,𠰥,U+20C25,0.2103,False,NOT_IN_DICT,
stt2,page_0058,4,1,là,雲,罪,U+7F6A,0.1904,False,NOT_IN_DICT,
stt2,page_0058,5,5,săm,歲,懴,U+61F4,0.2675,False,NOT_IN_DICT,
stt2,page_0058,5,6,sửa,户,所,U+6240,0.7254,True,RESCUE_GOLD_MED,
stt2,page_0058,5,7,sư,解,獅,U+7345,0.881,True,RESCUE_GOLD_HIGH,
stt2,page_0058,5,8,tử,母,子,U+5B50,0.5638,True,RESCUE_LOW_CONF,
stt2,page_0058,5,9,dọn,速,迍,U+8FCD,0.048,True,RESCUE_LOW_CONF,
stt2,page_0058,6,3,lòi,緑,穌,U+7A4C,0.5181,False,NOT_IN_DICT,
stt2,page_0058,6,4,tói,緑,願,U+9858,0.5033,False,NOT_IN_DICT,
stt2,page_0058,6,20,đồng,章,群,U+7FA4,0.0827,False,NOT_IN_DICT,
stt2,page_0058,7,1,ví,產,每,U+6BCF,0.2574,False,NOT_IN_DICT,
stt2,page_0058,7,3,toan,善,筭,U+7B6D,0.5126,True,RESCUE_LOW_CONF,
stt2,page_0058,7,4,hiếp,睂,道,U+9053,0.1293,False,NOT_IN_DICT,
stt2,page_0058,7,9,lo,五,庄,U+5E84,0.866,False,NOT_IN_DICT,
stt2,page_0058,7,13,chữa,耿,𦔳,U+26533,0.845,True,RESCUE_GOLD_MED,
stt2,page_0058,7,16,cùng,功,共,U+5171,0.5891,True,RESCUE_LOW_CONF,
stt2,page_0058,7,20,già,礬,瑟,U+745F,0.3462,False,NOT_IN_DICT,
stt2,page_0058,8,1,chết,竒,折,U+6298,0.9751,True,RESCUE_GOLD_HIGH,
stt2,page_0058,8,4,cửa,朝,朗,U+6717,0.2049,False,NOT_IN_DICT,
stt2,page_0058,8,15,gan,則,𧵆,U+27D46,0.1933,False,NOT_IN_DICT,
stt2,page_0058,8,16,ngay,術,𧗱,U+275F1,0.9248,False,NOT_IN_DICT,
stt2,page_0058,8,17,ve,時,時,U+6642,0.8665,False,NOT_IN_DICT,
stt2,page_0058,8,18,nha,變,柴,U+67F4,0.1832,False,NOT_IN_DICT,
stt2,page_0058,9,1,lo,克,卢,U+5362,0.7308,True,RESCUE_GOLD_MED,
stt2,page_0058,9,5,năn,雅,唯,U+552F,0.7659,True,RESCUE_GOLD_MED,
stt2,page_0058,9,8,kíp,君,急,U+6025,0.0389,True,RESCUE_LOW_CONF,
stt2,page_0058,9,11,bà,虵,把,U+628A,0.8097,True,RESCUE_GOLD_MED,
stt2,page_0058,9,12,già,蕤,瑟,U+745F,0.4508,False,NOT_IN_DICT,
stt2,page_0060,1,3,dở,壮,特,U+7279,0.4527,False,NOT_IN_DICT,
stt2,page_0060,1,7,đi,針,踈,U+8E08,0.2015,False,NOT_IN_DICT,
stt2,page_0060,1,18,một,舞,没,U+6CA1,0.7345,True,RESCUE_GOLD_MED,
stt2,page_0060,1,21,cứng,𥄂,亘,U+4E98,0.069,True,RESCUE_LOW_CONF,
stt2,page_0060,2,0,cổ,云,古,U+53E4,0.9468,True,RESCUE_GOLD_HIGH,
stt2,page_0060,2,1,lắm,原,凜,U+51DC,0.7065,True,RESCUE_GOLD_MED,
stt2,page_0060,2,4,thiếc,羯,影,U+5F71,0.1593,False,NOT_IN_DICT,
stt2,page_0060,2,7,mềm,廢,渃,U+6E03,0.2745,False,NOT_IN_DICT,
stt2,page_0060,2,10,dở,牡,拱,U+62F1,0.1533,False,NOT_IN_DICT,
stt2,page_0060,3,3,rác,柞,秋,U+79CB,0.1588,False,NOT_IN_DICT,
stt2,page_0060,3,8,đêm,庻,店,U+5E97,0.6017,True,RESCUE_LOW_CONF,
stt2,page_0060,3,19,nghe,順,宜,U+5B9C,0.2666,True,RESCUE_LOW_CONF,
stt2,page_0060,3,20,điều,軀,調,U+8ABF,0.7744,True,RESCUE_GOLD_MED,
stt2,page_0060,4,1,đòi,豫,隊,U+968A,0.0382,True,RESCUE_LOW_CONF,
stt2,page_0060,4,16,thưa,妹,踈,U+8E08,0.7171,True,RESCUE_GOLD_MED,
stt2,page_0060,5,5,nước,援,渃,U+6E03,0.8709,True,RESCUE_GOLD_HIGH,
stt2,page_0060,5,6,xi,獅,篩,U+7BE9,0.4751,False,NOT_IN_DICT,
stt2,page_0060,5,7,xi,槐,拮,U+62EE,0.1238,False,NOT_IN_DICT,
stt2,page_0060,5,16,nếu,簑,烏,U+70CF,0.3941,False,NOT_IN_DICT,
stt2,page_0060,5,17,mày,返,迈,U+8FC8,0.8764,True,RESCUE_GOLD_HIGH,
stt2,page_0060,6,13,trằng,晨,浪,U+6D6A,0.9449,False,NOT_IN_DICT,
stt2,page_0060,7,9,nghe,疽,宜,U+5B9C,0.3536,True,RESCUE_LOW_CONF,
stt2,page_0060,7,18,mày,返,迈,U+8FC8,0.3322,True,RESCUE_LOW_CONF,
stt2,page_0060,8,0,trong,群,群,U+7FA4,0.93,False,NOT_IN_DICT,
stt2,page_0060,8,1,nữa,立,女,U+5973,0.5679,True,RESCUE_LOW_CONF,
stt2,page_0060,8,7,thưa,陈,踈,U+8E08,0.228,True,RESCUE_LOW_CONF,
stt2,page_0060,9,2,liền,逐,連,U+9023,0.8452,True,RESCUE_GOLD_MED,
stt2,page_0060,9,5,dạy,𢧐,代,U+4EE3,0.8865,True,RESCUE_GOLD_HIGH,
stt2,page_0060,9,8,mặt,栖,末,U+672B,0.2498,True,RESCUE_LOW_CONF,
stt2,page_0060,9,10,cung,女,共,U+5171,0.7391,True,RESCUE_GOLD_MED,
stt2,page_0060,9,13,lừ,自,自,U+81EA,0.8287,False,NOT_IN_DICT,
stt2,page_0060,9,14,ray,尼,尼,U+5C3C,0.8494,False,NOT_IN_DICT,
stt2,page_0060,9,15,ve,術,𧗱,U+275F1,0.6948,False,NOT_IN_DICT,
stt2,page_0060,9,16,sau,麺,連,U+9023,0.212,False,NOT_IN_DICT,
stt2,page_0060,9,19,nưa,恠,女,U+5973,0.7141,False,NOT_IN_DICT,
stt2,page_0062,1,6,rướm,僣,倘,U+5018,0.1674,False,NOT_IN_DICT,
stt2,page_0062,1,7,máu,卿,泖,U+6CD6,0.9433,True,RESCUE_GOLD_HIGH,
stt2,page_0062,1,8,lại,玊,吏,U+540F,0.9691,True,RESCUE_GOLD_HIGH,
stt2,page_0062,1,20,giận,惮,陣,U+9663,0.3739,True,RESCUE_LOW_CONF,
stt2,page_0062,2,6,đoạn,𭣵,段,U+6BB5,0.9359,True,RESCUE_GOLD_HIGH,
stt2,page_0062,2,12,lên,道,於,U+65BC,0.1625,False,NOT_IN_DICT,
stt2,page_0062,2,14,dặn,惮,陣,U+9663,0.1609,False,NOT_IN_DICT,
stt2,page_0062,2,21,này,色,尼,U+5C3C,0.4864,True,RESCUE_LOW_CONF,
stt2,page_0062,3,0,một,差,蔑,U+8511,0.5111,True,RESCUE_LOW_CONF,
stt2,page_0062,3,4,hai,出,道,U+9053,0.4147,False,NOT_IN_DICT,
stt2,page_0062,3,15,vẻ,𬒳,彼,U+5F7C,0.0274,True,RESCUE_LOW_CONF,
stt2,page_0062,4,3,kẻ,况,几,U+51E0,0.9443,True,RESCUE_GOLD_HIGH,
stt2,page_0062,4,13,dồ,牡,杜,U+675C,0.1528,False,NOT_IN_DICT,
stt2,page_0062,4,18,a,傾,阿,U+963F,0.6526,True,RESCUE_LOW_CONF,
stt2,page_0062,5,19,hay,此,特,U+7279,0.952,True,RESCUE_GOLD_HIGH,
stt2,page_0062,6,3,lành,合,冷,U+51B7,0.5942,True,RESCUE_LOW_CONF,
stt2,page_0062,6,10,yêu,攵,夭,U+592D,0.236,True,RESCUE_LOW_CONF,
stt2,page_0062,7,0,lên,遠,蓮,U+84EE,0.2242,True,RESCUE_LOW_CONF,
stt2,page_0062,7,1,rừng,禮,棱,U+68F1,0.033,True,RESCUE_LOW_CONF,
stt2,page_0062,7,4,muông,𡥛,麻,U+9EBB,0.1265,False,NOT_IN_DICT,
stt2,page_0062,7,8,săn,塾,麻,U+9EBB,0.1514,False,NOT_IN_DICT,
stt2,page_0062,7,12,nước,裙,渃,U+6E03,0.529,True,RESCUE_LOW_CONF,
stt2,page_0062,8,7,gạo,若,㐌,U+340C,0.3622,False,NOT_IN_DICT,
stt2,page_0062,8,11,trấu,棲,楼,U+697C,0.6134,False,NOT_IN_DICT,
stt2,page_0062,8,19,hồn,應,魂,U+9B42,0.9273,True,RESCUE_GOLD_HIGH,
stt2,page_0062,9,3,thịt,𫝃,那,U+90A3,0.2251,False,NOT_IN_DICT,
stt2,page_0062,9,8,đàng,耆,堂,U+5802,0.793,True,RESCUE_GOLD_MED,
stt2,page_0062,9,12,hay,收,時,U+6642,0.1608,False,NOT_IN_DICT,
stt2,page_0062,9,14,da,雄,碎,U+788E,0.2701,False,NOT_IN_DICT,
stt2,page_0064,1,2,sự,手,事,U+4E8B,0.2537,True,RESCUE_LOW_CONF,
stt2,page_0064,1,10,nghe,值,宜,U+5B9C,0.4698,True,RESCUE_LOW_CONF,
stt2,page_0064,1,16,kìm,鉀,鋪,U+92EA,0.0725,False,NOT_IN_DICT,
stt2,page_0064,2,0,cặp,孤,想,U+60F3,0.1459,False,NOT_IN_DICT,
stt2,page_0064,2,5,đi,法,塊,U+584A,0.1022,False,NOT_IN_DICT,
stt2,page_0064,2,14,ấy,仁,衣,U+8863,0.9933,True,RESCUE_GOLD_HIGH,
stt2,page_0064,2,16,trở,𠯁,四,U+56DB,0.3789,False,NOT_IN_DICT,
stt2,page_0064,2,17,mặt,種,矯,U+77EF,0.2448,False,NOT_IN_DICT,
stt2,page_0064,3,6,ngày,呼,時,U+6642,0.4892,True,RESCUE_LOW_CONF,
stt2,page_0064,3,8,bú,姊,呐,U+5450,0.2525,False,NOT_IN_DICT,
stt2,page_0064,3,11,cho,殊,朱,U+6731,0.9488,True,RESCUE_GOLD_HIGH,
stt2,page_0064,3,13,rày,蜀,鬼,U+9B3C,0.1358,False,NOT_IN_DICT,
stt2,page_0064,4,1,sao,庫,沛,U+6C9B,0.2626,False,NOT_IN_DICT,
stt2,page_0064,4,14,đem,𭺛,先,U+5148,0.1759,False,NOT_IN_DICT,
stt2,page_0064,5,2,chữa,取,𦔳,U+26533,0.7725,True,RESCUE_GOLD_MED,
stt2,page_0064,5,12,chết,竒,折,U+6298,0.9747,True,RESCUE_GOLD_HIGH,
stt2,page_0064,5,21,thanthanh,芼,垩,U+57A9,0.9112,False,NOT_IN_DICT,
stt2,page_0064,6,3,xuống,衰,饒,U+9952,0.3517,False,NOT_IN_DICT,
stt2,page_0064,6,7,già,乾,義,U+7FA9,0.2515,False,NOT_IN_DICT,
stt2,page_0064,6,15,sau,羅,群,U+7FA4,0.0514,False,NOT_IN_DICT,
stt2,page_0064,7,5,chớ,涛,渚,U+6E1A,0.8754,True,RESCUE_GOLD_HIGH,
stt2,page_0064,7,7,ấv,衣,衣,U+8863,0.9808,False,NOT_IN_DICT,
stt2,page_0064,7,10,phê,孔,批,U+6279,0.9314,True,RESCUE_GOLD_HIGH,
stt2,page_0064,7,11,rô,屠,實,U+5BE6,0.4923,False,NOT_IN_DICT,
stt2,page_0064,8,0,đã,抵,㐌,U+340C,0.2519,True,RESCUE_LOW_CONF,
stt2,page_0064,8,4,lại,建,吏,U+540F,0.7431,True,RESCUE_GOLD_MED,
stt2,page_0064,8,10,bà,如,把,U+628A,0.7074,True,RESCUE_GOLD_MED,
stt2,page_0064,9,0,quen,有,道,U+9053,0.161,False,NOT_IN_DICT,
stt2,page_0064,9,8,đức,貞,主,U+4E3B,0.1582,False,NOT_IN_DICT,
stt2,page_0064,9,15,chữa,取,𦔳,U+26533,0.9144,True,RESCUE_GOLD_HIGH,
stt2,page_0064,9,19,phê,抑,批,U+6279,0.0875,True,RESCUE_LOW_CONF,
stt2,page_0066,1,3,chăng,余,庄,U+5E84,0.6035,True,RESCUE_LOW_CONF,
stt2,page_0066,1,20,ngươi,貼,盈,U+76C8,0.0757,False,NOT_IN_DICT,
stt2,page_0066,2,8,pô,穌,穌,U+7A4C,0.8747,False,NOT_IN_DICT,
stt2,page_0066,2,9,lô,户,卢,U+5362,0.7548,True,RESCUE_GOLD_MED,
stt2,page_0066,2,16,chữa,取,𦔳,U+26533,0.9143,True,RESCUE_GOLD_HIGH,
stt2,page_0066,2,18,ví,哲,垩,U+57A9,0.0703,False,NOT_IN_DICT,
stt2,page_0066,2,21,hồ,相,胡,U+80E1,0.1339,True,RESCUE_LOW_CONF,
stt2,page_0066,3,1,thì,毳,寺,U+5BFA,0.6673,True,RESCUE_LOW_CONF,
stt2,page_0066,3,19,đoạn,随,段,U+6BB5,0.9312,True,RESCUE_GOLD_HIGH,
stt2,page_0066,4,1,đi,兹,多,U+591A,0.0103,True,RESCUE_LOW_CONF,
stt2,page_0066,4,3,bà,迥,把,U+628A,0.7919,True,RESCUE_GOLD_MED,
stt2,page_0066,4,10,mừng,閔,明,U+660E,0.5179,True,RESCUE_LOW_CONF,
stt2,page_0066,4,13,đội,椓,隊,U+968A,0.0942,True,RESCUE_LOW_CONF,
stt2,page_0066,5,2,trong,執,動,U+52D5,0.3459,False,NOT_IN_DICT,
stt2,page_0066,5,3,nhà,遂,如,U+5982,0.8471,True,RESCUE_GOLD_MED,
stt2,page_0066,5,8,láng,朝,馭,U+99AD,0.175,False,NOT_IN_DICT,
stt2,page_0066,5,12,giữ,晋,佇,U+4F47,0.1908,True,RESCUE_LOW_CONF,
stt2,page_0066,5,16,chạy,采,英,U+82F1,0.082,False,NOT_IN_DICT,
stt2,page_0066,5,17,di,䏻,結,U+7D50,0.8,False,NOT_IN_DICT,
stt2,page_0066,6,2,trốn,述,迍,U+8FCD,0.4187,True,RESCUE_LOW_CONF,
stt2,page_0066,6,14,đánh,好,打,U+6253,0.9682,True,RESCUE_GOLD_HIGH,
stt2,page_0066,6,17,chạy,家,没,U+6CA1,0.2574,False,NOT_IN_DICT,
stt2,page_0066,7,4,đòi,蘇,隊,U+968A,0.0574,True,RESCUE_LOW_CONF,
stt2,page_0066,7,9,đã,后,主,U+4E3B,0.4511,False,NOT_IN_DICT,
stt2,page_0066,7,18,su,救,秋,U+79CB,0.9948,True,RESCUE_GOLD_HIGH,
stt2,page_0066,8,9,than,模,疾,U+75BE,0.2194,False,NOT_IN_DICT,
stt2,page_0066,8,12,mảnh,蠎,𢜝,U+2271D,0.0723,False,NOT_IN_DICT,
stt2,page_0066,8,13,sành,炷,强,U+5F3A,0.0801,False,NOT_IN_DICT,
stt2,page_0066,8,17,bắt,扎,扒,U+6252,0.2086,True,RESCUE_LOW_CONF,
stt2,page_0066,9,4,trên,更,連,U+9023,0.5252,True,RESCUE_LOW_CONF,
stt2,page_0066,9,5,ấy,仁,衣,U+8863,0.7476,True,RESCUE_GOLD_MED,
stt2,page_0066,9,7,đi,麩,多,U+591A,0.02,True,RESCUE_LOW_CONF,
stt2,page_0068,1,19,au,謳,調,U+8ABF,0.1687,False,NOT_IN_DICT,
stt2,page_0068,1,20,là,発,号,U+53F7,0.0808,True,RESCUE_LOW_CONF,
stt2,page_0068,3,14,ta,陛,些,U+4E9B,0.7334,True,RESCUE_GOLD_MED,
stt2,page_0068,3,16,chắp,報,執,U+57F7,0.4042,True,RESCUE_LOW_CONF,
stt2,page_0068,4,1,lạy,裀,襖,U+8956,0.2832,False,NOT_IN_DICT,
stt2,page_0068,4,4,giê,或,支,U+652F,0.4332,True,RESCUE_LOW_CONF,
stt2,page_0068,5,0,tôi,徐,碎,U+788E,0.3833,True,RESCUE_LOW_CONF,
stt2,page_0068,5,8,cùng,庐,穹,U+7A79,0.1305,True,RESCUE_LOW_CONF,
stt2,page_0068,5,12,n,𨢄,魂,U+9B42,0.7996,False,NOT_IN_DICT,
stt2,page_0068,5,16,đoan,篋,段,U+6BB5,0.7755,False,NOT_IN_DICT,
stt2,page_0068,6,0,hồn,媿,魂,U+9B42,0.3727,True,RESCUE_LOW_CONF,
stt2,page_0068,6,12,yêu,朕,腰,U+8170,0.0823,True,RESCUE_LOW_CONF,
stt2,page_0068,6,17,đổi,廷,対,U+5BFE,0.3053,True,RESCUE_LOW_CONF,
stt2,page_0068,6,18,đất,亡,式,U+5F0F,0.0782,False,NOT_IN_DICT,
stt2,page_0068,7,2,chắn,庄,庄,U+5E84,0.8469,False,NOT_IN_DICT,
stt2,page_0068,7,4,đổi,封,対,U+5BFE,0.8392,True,RESCUE_GOLD_MED,
stt2,page_0068,7,11,dọn,遠,迍,U+8FCD,0.0544,True,RESCUE_LOW_CONF,
stt2,page_0068,7,12,cất,捨,拮,U+62EE,0.6011,True,RESCUE_LOW_CONF,
stt2,page_0068,8,6,đấy,辛,帝,U+5E1D,0.4417,True,RESCUE_LOW_CONF,
stt2,page_0068,8,8,đem,宠,麻,U+9EBB,0.1839,False,NOT_IN_DICT,
stt2,page_0068,8,12,trắng,吽,觥,U+89E5,0.2742,False,NOT_IN_DICT,
stt2,page_0068,8,15,đầu,𦖦,頭,U+982D,0.0545,True,RESCUE_LOW_CONF,
stt2,page_0068,9,4,gã,將,綿,U+7DBF,0.05,False,NOT_IN_DICT,
stt2,page_0068,9,9,lại,運,吏,U+540F,0.4326,True,RESCUE_LOW_CONF,
stt2,page_0070,1,0,căm,捧,扲,U+6272,0.6053,True,RESCUE_LOW_CONF,
stt2,page_0070,1,3,biến,產,黄,U+9EC4,0.3718,False,NOT_IN_DICT,
stt2,page_0070,1,4,đi,法,結,U+7D50,0.2539,False,NOT_IN_DICT,
stt2,page_0070,2,2,măng,漭,除,U+9664,0.0944,False,NOT_IN_DICT,
stt2,page_0070,2,3,tiếng,蜀,省,U+7701,0.5527,True,RESCUE_LOW_CONF,
stt2,page_0070,2,5,đã,孔,㐌,U+340C,0.9276,True,RESCUE_GOLD_HIGH,
stt2,page_0070,2,13,đi,祗,𢬦,U+22B26,0.2317,False,NOT_IN_DICT,
stt2,page_0070,2,16,pha,塟,葩,U+8469,0.9499,True,RESCUE_GOLD_HIGH,
stt2,page_0070,2,17,li,肉,离,U+79BB,0.9402,True,RESCUE_GOLD_HIGH,
stt2,page_0070,3,4,hay,治,欺,U+6B3A,0.7798,False,NOT_IN_DICT,
stt2,page_0070,3,18,xuốngừ,自,自,U+81EA,0.89,False,NOT_IN_DICT,
stt2,page_0070,4,6,a,附,傷,U+50B7,0.2654,False,NOT_IN_DICT,
stt2,page_0070,4,7,ga,將,特,U+7279,0.0445,False,NOT_IN_DICT,
stt2,page_0070,4,16,at,道,共,U+5171,0.0512,False,NOT_IN_DICT,
stt2,page_0070,4,19,gần,敗,𧵆,U+27D46,0.1127,True,RESCUE_LOW_CONF,
stt2,page_0070,4,20,thành,垣,城,U+57CE,0.5893,True,RESCUE_LOW_CONF,
stt2,page_0070,5,5,đỉnh,酉,明,U+660E,0.2239,False,NOT_IN_DICT,
stt2,page_0070,5,6,núi,茵,离,U+79BB,0.2185,False,NOT_IN_DICT,
stt2,page_0070,5,8,lô,著,實,U+5BE6,0.451,False,NOT_IN_DICT,
stt2,page_0070,5,14,lưa,煜,罪,U+7F6A,0.0433,False,NOT_IN_DICT,
stt2,page_0070,5,15,so,爐,曠,U+66E0,0.0748,False,NOT_IN_DICT,
stt2,page_0070,5,18,ném,聡,糁,U+7CC1,0.1462,False,NOT_IN_DICT,
stt2,page_0070,5,19,da,妬,多,U+591A,0.0739,True,RESCUE_LOW_CONF,
stt2,page_0070,6,0,gieo,𧺫,磊,U+78CA,0.1913,False,NOT_IN_DICT,
stt2,page_0070,6,3,góm,憶,憾,U+61BE,0.2961,False,NOT_IN_DICT,
stt2,page_0070,6,4,ghiếc,亦,懶,U+61F6,0.0915,False,NOT_IN_DICT,
stt2,page_0070,6,11,đồng,個,沚,U+6C9A,0.0801,False,NOT_IN_DICT,
stt2,page_0070,6,12,19,证,沚,U+6C9A,0.54,False,NOT_IN_DICT,
stt2,page_0070,6,13,th,䍐,麻,U+9EBB,0.3015,False,NOT_IN_DICT,
stt2,page_0070,6,15,xuong,寳,論,U+8AD6,0.1969,False,NOT_IN_DICT,
stt2,page_0070,6,17,cay,投,移,U+79FB,0.3248,False,NOT_IN_DICT,
stt2,page_0070,6,18,co,擒,檜,U+6A9C,0.6097,False,NOT_IN_DICT,
stt2,page_0070,6,19,ruộng,親,葩,U+8469,0.1358,False,NOT_IN_DICT,
stt2,page_0070,7,0,cùng,并,共,U+5171,0.6465,True,RESCUE_LOW_CONF,
stt2,page_0070,7,5,cất,我,拮,U+62EE,0.8263,True,RESCUE_GOLD_MED,
stt2,page_0070,7,14,che,雪,凜,U+51DC,0.2361,False,NOT_IN_DICT,
stt2,page_0070,9,6,địa,比,地,U+5730,0.9595,True,RESCUE_GOLD_HIGH,
stt2,page_0072,1,13,hai,吩,南,U+5357,0.1206,False,NOT_IN_DICT,
stt2,page_0072,1,15,năm,面,南,U+5357,0.0343,True,RESCUE_LOW_CONF,
stt2,page_0072,2,8,bê,滅,麻,U+9EBB,0.1836,False,NOT_IN_DICT,
stt2,page_0072,2,12,ong,𣦝,外,U+5916,0.1183,False,NOT_IN_DICT,
stt2,page_0072,3,2,nhật,甘,時,U+6642,0.0854,False,NOT_IN_DICT,
stt2,page_0072,3,19,dòng,挺,用,U+7528,0.8083,True,RESCUE_GOLD_MED,
stt2,page_0072,4,5,đàng,瘥,僥,U+50E5,0.2516,False,NOT_IN_DICT,
stt2,page_0072,5,6,tai,赤,姑,U+59D1,0.3702,False,NOT_IN_DICT,
stt2,page_0072,5,13,một,磊,没,U+6CA1,0.0098,True,RESCUE_LOW_CONF,
stt2,page_0072,5,15,một,為,没,U+6CA1,0.3861,True,RESCUE_LOW_CONF,
stt2,page_0072,6,5,sáu,教,於,U+65BC,0.1716,False,NOT_IN_DICT,
stt2,page_0072,6,7,dòng,调,用,U+7528,0.5303,True,RESCUE_LOW_CONF,
stt2,page_0072,7,3,bắt,扵,扒,U+6252,0.9015,True,RESCUE_GOLD_HIGH,
stt2,page_0072,7,9,nan,那,那,U+90A3,0.9927,False,NOT_IN_DICT,
stt2,page_0072,7,10,ga,俄,像,U+50CF,0.1494,False,NOT_IN_DICT,
stt2,page_0072,7,12,là,深,其,U+5176,0.2185,False,NOT_IN_DICT,
stt2,page_0072,8,8,đi,麩,結,U+7D50,0.7561,False,NOT_IN_DICT,
stt2,page_0072,8,10,hai,𭣣,咍,U+548D,0.4504,True,RESCUE_LOW_CONF,
stt2,page_0072,8,17,giận,倬,陣,U+9663,0.3727,True,RESCUE_LOW_CONF,
stt2,page_0072,9,13,su,取,秋,U+79CB,0.9813,True,RESCUE_GOLD_HIGH,
stt2,page_0072,9,16,0,烏,烏,U+70CF,0.7937,False,NOT_IN_DICT,
stt2,page_0072,9,18,ka,歌,歇,U+6B47,0.693,False,NOT_IN_DICT,
stt2,page_0072,9,19,một,事,蔑,U+8511,0.5637,True,RESCUE_LOW_CONF,
stt2,page_0074,1,1,hai,咯,咍,U+548D,0.5711,True,RESCUE_LOW_CONF,
stt2,page_0074,1,9,ong,蠎,翁,U+7FC1,0.0384,True,RESCUE_LOW_CONF,
stt2,page_0074,1,11,trước,群,贖,U+8D16,0.1172,False,NOT_IN_DICT,
stt2,page_0074,1,13,dòng,涵,用,U+7528,0.5931,True,RESCUE_LOW_CONF,
stt2,page_0074,1,17,và,鷺,喡,U+55A1,0.1187,True,RESCUE_LOW_CONF,
stt2,page_0074,1,20,thầy,空,柴,U+67F4,0.9,True,RESCUE_GOLD_HIGH,
stt2,page_0074,2,0,nhiều,磨,澆,U+6F86,0.022,True,RESCUE_LOW_CONF,
stt2,page_0074,2,1,năm,瓠,飭,U+98ED,0.1262,False,NOT_IN_DICT,
stt2,page_0074,2,6,hay,临,字,U+5B57,0.2479,False,NOT_IN_DICT,
stt2,page_0074,2,10,khéo,雲,害,U+5BB3,0.0364,True,RESCUE_LOW_CONF,
stt2,page_0074,2,18,khi,貶,欺,U+6B3A,0.9748,True,RESCUE_GOLD_HIGH,
stt2,page_0074,3,5,đội,陁,沛,U+6C9B,0.1914,False,NOT_IN_DICT,
stt2,page_0074,4,5,chết,孤,折,U+6298,0.7034,True,RESCUE_GOLD_MED,
stt2,page_0074,4,12,nay,右,尼,U+5C3C,0.894,True,RESCUE_GOLD_HIGH,
stt2,page_0074,4,19,chiu,𡰱,召,U+53EC,0.9325,False,NOT_IN_DICT,
stt2,page_0074,5,15,mừng,阴,明,U+660E,0.9653,True,RESCUE_GOLD_HIGH,
stt2,page_0074,5,17,lại,在,吏,U+540F,0.6964,True,RESCUE_LOW_CONF,
stt2,page_0074,6,3,sáu,𭭕,老,U+8001,0.0715,True,RESCUE_LOW_CONF,
stt2,page_0074,6,10,tội,遝,罪,U+7F6A,0.1186,True,RESCUE_LOW_CONF,
stt2,page_0074,6,16,mừng,阴,明,U+660E,0.9831,True,RESCUE_GOLD_HIGH,
stt2,page_0074,7,0,bắt,机,扒,U+6252,0.9303,True,RESCUE_GOLD_HIGH,
stt2,page_0074,7,6,tôi,群,碎,U+788E,0.8372,True,RESCUE_GOLD_MED,
stt2,page_0074,7,7,dường,荒,義,U+7FA9,0.2402,False,NOT_IN_DICT,
stt2,page_0074,7,15,thầy,𭪙,柴,U+67F4,0.8608,True,RESCUE_GOLD_HIGH,
stt2,page_0074,8,2,nhà,過,如,U+5982,0.6515,True,RESCUE_LOW_CONF,
stt2,page_0074,8,4,giữ,珠,珠,U+73E0,0.3037,False,NOT_IN_DICT,
stt2,page_0074,8,10,học,𭓕,𭓇,U+2D4C7,0.3315,True,RESCUE_LOW_CONF,
stt2,page_0074,8,14,hai,呪,事,U+4E8B,0.1641,False,NOT_IN_DICT,
stt2,page_0074,8,15,khi,貶,欺,U+6B3A,0.5611,True,RESCUE_LOW_CONF,
stt2,page_0074,8,16,đã,極,欺,U+6B3A,0.8127,False,NOT_IN_DICT,
stt2,page_0074,8,17,chiu,𡰱,召,U+53EC,0.9044,False,NOT_IN_DICT,
stt2,page_0074,9,10,chẳng,庇,庄,U+5E84,0.3147,True,RESCUE_LOW_CONF,
stt2,page_0074,9,17,trên,遵,連,U+9023,0.0595,True,RESCUE_LOW_CONF,
stt2,page_0076,1,0,song,尺,双,U+53CC,0.5916,True,RESCUE_LOW_CONF,
stt2,page_0076,1,1,le,内,离,U+79BB,0.8778,True,RESCUE_GOLD_HIGH,
stt2,page_0076,1,11,chịu,五,召,U+53EC,0.0922,True,RESCUE_LOW_CONF,
stt2,page_0076,1,19,dộng,溷,用,U+7528,0.1234,True,RESCUE_LOW_CONF,
stt2,page_0076,2,9,sáu,表,老,U+8001,0.042,True,RESCUE_LOW_CONF,
stt2,page_0076,2,20,xe,平,車,U+8ECA,0.47,True,RESCUE_LOW_CONF,
stt2,page_0076,3,6,gập,孤,奴,U+5974,0.2475,False,NOT_IN_DICT,
stt2,page_0076,3,13,dây,後,讓,U+8B93,0.17,False,NOT_IN_DICT,
stt2,page_0076,3,14,tai,聰,思,U+601D,0.0547,True,RESCUE_LOW_CONF,
stt2,page_0076,4,16,đường,擔,塘,U+5858,0.0641,True,RESCUE_LOW_CONF,
stt2,page_0076,5,0,hẹp,秋,秋,U+79CB,0.1169,False,NOT_IN_DICT,
stt2,page_0076,5,9,rộng,暱,曠,U+66E0,0.1594,True,RESCUE_LOW_CONF,
stt2,page_0076,5,14,giảng,渴,𠊚,U+2029A,0.915,False,NOT_IN_DICT,
stt2,page_0076,5,17,kẻo,趫,矯,U+77EF,0.025,True,RESCUE_LOW_CONF,
stt2,page_0076,6,3,chưa,诸,渚,U+6E1A,0.8594,True,RESCUE_GOLD_HIGH,
stt2,page_0076,6,4,từng,屬,唐,U+5510,0.1258,False,NOT_IN_DICT,
stt2,page_0076,6,12,lan,那,那,U+90A3,0.9478,False,NOT_IN_DICT,
stt2,page_0076,6,13,gá,俄,御,U+5FA1,0.1191,False,NOT_IN_DICT,
stt2,page_0076,6,14,sa,涵,沙,U+6C99,0.9024,True,RESCUE_GOLD_HIGH,
stt2,page_0076,6,15,ki,具,其,U+5176,0.8795,True,RESCUE_GOLD_HIGH,
stt2,page_0076,6,20,phan,港,僥,U+50E5,0.0811,False,NOT_IN_DICT,
stt2,page_0076,7,1,cô,城,姑,U+59D1,0.9415,True,RESCUE_GOLD_HIGH,
stt2,page_0076,7,6,sau,轉,連,U+9023,0.5169,False,NOT_IN_DICT,
stt2,page_0076,7,7,coi,兹,該,U+8A72,0.7391,False,NOT_IN_DICT,
stt2,page_0076,8,18,chở,瀦,渚,U+6E1A,0.9209,True,RESCUE_GOLD_HIGH,
stt2,page_0076,9,1,cùng,言,穹,U+7A79,0.0907,True,RESCUE_LOW_CONF,
stt2,page_0076,9,6,cùng,定,穷,U+7A77,0.1921,True,RESCUE_LOW_CONF,
stt2,page_0076,9,18,rút,猝,椊,U+690A,0.4326,True,RESCUE_LOW_CONF,
stt2,page_0078,1,6,ởnơi,君,垩,U+57A9,0.2882,False,NOT_IN_DICT,
stt2,page_0078,1,18,kẻo,几,几,U+51E0,0.9285,False,NOT_IN_DICT,
stt2,page_0078,2,20,quê,𥁞,圭,U+572D,0.5512,True,RESCUE_LOW_CONF,
stt2,page_0078,3,5,đã,托,㐌,U+340C,0.5689,True,RESCUE_LOW_CONF,
stt2,page_0078,3,11,trá,敵,詐,U+8A50,0.0797,True,RESCUE_LOW_CONF,
stt2,page_0078,3,19,hay,呪,特,U+7279,0.9325,True,RESCUE_GOLD_HIGH,
stt2,page_0078,4,4,trời,癸,𡗶,U+215F6,0.7683,True,RESCUE_GOLD_MED,
stt2,page_0078,4,16,dối,封,対,U+5BFE,0.7651,True,RESCUE_GOLD_MED,
stt2,page_0078,5,2,đâu,𮗜,兠,U+5160,0.1231,True,RESCUE_LOW_CONF,
stt2,page_0078,5,7,chết,部,折,U+6298,0.9646,True,RESCUE_GOLD_HIGH,
stt2,page_0078,5,8,bây,惡,悲,U+60B2,0.9748,True,RESCUE_GOLD_HIGH,
stt2,page_0078,5,14,nào,屰,市,U+5E02,0.4053,True,RESCUE_LOW_CONF,
stt2,page_0078,5,19,một,𦀇,蔑,U+8511,0.0569,True,RESCUE_LOW_CONF,
stt2,page_0078,6,1,vua,涸,君,U+541B,0.6185,True,RESCUE_LOW_CONF,
stt2,page_0078,6,6,nước,婼,渃,U+6E03,0.4129,True,RESCUE_LOW_CONF,
stt2,page_0078,6,10,lành,袷,冷,U+51B7,0.8222,True,RESCUE_GOLD_MED,
stt2,page_0078,6,11,đoạn,封,断,U+65AD,0.6928,True,RESCUE_LOW_CONF,
stt2,page_0078,6,12,nguyện,顇,願,U+9858,0.2539,True,RESCUE_LOW_CONF,
stt2,page_0078,6,19,dâng,為,秋,U+79CB,0.9533,False,NOT_IN_DICT,
stt2,page_0078,7,9,hai,呪,各,U+5404,0.9538,False,NOT_IN_DICT,
stt2,page_0078,7,16,đâm,挑,城,U+57CE,0.1138,False,NOT_IN_DICT,
stt2,page_0078,7,18,ngực,膽,魂,U+9B42,0.2375,False,NOT_IN_DICT,
stt2,page_0078,8,6,đàng,業,堂,U+5802,0.9513,True,RESCUE_GOLD_HIGH,
stt2,page_0078,8,8,đầu,𦖦,頭,U+982D,0.4023,True,RESCUE_LOW_CONF,
stt2,page_0078,8,14,sau,𩔗,時,U+6642,0.1992,False,NOT_IN_DICT,
stt2,page_0078,8,15,theo,如,如,U+5982,0.3927,False,NOT_IN_DICT,
stt2,page_0078,8,16,như,燒,如,U+5982,0.0246,True,RESCUE_LOW_CONF,
stt2,page_0078,8,19,hai,吻,咍,U+548D,0.0973,True,RESCUE_LOW_CONF,
stt2,page_0078,8,21,kia,耳,其,U+5176,0.9371,True,RESCUE_GOLD_HIGH,
stt2,page_0078,9,1,chịu,瓦,召,U+53EC,0.9213,True,RESCUE_GOLD_HIGH,
stt2,page_0078,9,9,ong,碎,体,U+4F53,0.4411,False,NOT_IN_DICT,
stt2,page_0078,9,11,cha,咽,旦,U+65E6,0.9779,False,NOT_IN_DICT,
stt2,page_0078,9,16,giã,嗜,者,U+8005,0.1696,True,RESCUE_LOW_CONF,
stt2,page_0080,1,3,mạnh,益,孟,U+5B5F,0.2582,True,RESCUE_LOW_CONF,
stt2,page_0080,1,5,thà,寺,時,U+6642,0.0141,True,RESCUE_LOW_CONF,
stt2,page_0080,1,6,chết,所,折,U+6298,0.5356,True,RESCUE_LOW_CONF,
stt2,page_0080,1,8,nghìn,群,秋,U+79CB,0.1505,False,NOT_IN_DICT,
stt2,page_0080,1,9,lần,冬,吝,U+541D,0.0636,True,RESCUE_LOW_CONF,
stt2,page_0080,1,11,thà,寺,庄,U+5E84,0.7611,False,NOT_IN_DICT,
stt2,page_0080,1,21,sinh,麾,生,U+751F,0.3238,True,RESCUE_LOW_CONF,
stt2,page_0080,2,2,sáu,鬆,娄,U+5A04,0.089,False,NOT_IN_DICT,
stt2,page_0080,3,11,tám,耨,封,U+5C01,0.5453,False,NOT_IN_DICT,
stt2,page_0080,3,17,và,筭,喡,U+55A1,0.8583,True,RESCUE_GOLD_HIGH,
stt2,page_0080,4,7,đổi,封,対,U+5BFE,0.81,True,RESCUE_GOLD_MED,
stt2,page_0080,4,11,sống,荆,礼,U+793C,0.1037,False,NOT_IN_DICT,
stt2,page_0080,4,13,cùng,庐,穹,U+7A79,0.0745,True,RESCUE_LOW_CONF,
stt2,page_0080,4,16,sống,𠂯,封,U+5C01,0.1997,False,NOT_IN_DICT,
stt2,page_0080,5,4,su,状,秋,U+79CB,0.9854,True,RESCUE_GOLD_HIGH,
stt2,page_0080,5,5,ra,㽞,囉,U+56C9,0.3859,True,RESCUE_LOW_CONF,
stt2,page_0080,5,15,nghìn,群,𠊚,U+2029A,0.3006,False,NOT_IN_DICT,
stt2,page_0080,5,16,năm,駈,飭,U+98ED,0.192,False,NOT_IN_DICT,
stt2,page_0080,5,17,trăm,慕,秋,U+79CB,0.1962,False,NOT_IN_DICT,
stt2,page_0080,5,18,chín,銑,勉,U+52C9,0.2764,False,NOT_IN_DICT,
stt2,page_0080,5,20,bảy,羝,罢,U+7F62,0.2975,True,RESCUE_LOW_CONF,
stt2,page_0080,5,21,năm,訴,南,U+5357,0.0447,True,RESCUE_LOW_CONF,
stt2,page_0080,6,0,mông,爱,夢,U+5922,0.5285,True,RESCUE_LOW_CONF,
stt2,page_0080,6,1,sau,教,老,U+8001,0.6631,False,NOT_IN_DICT,
stt2,page_0080,6,4,đô,遊,主,U+4E3B,0.1829,False,NOT_IN_DICT,
stt2,page_0080,7,1,thành,烕,城,U+57CE,0.4614,True,RESCUE_LOW_CONF,
stt2,page_0080,7,2,sê,推,獅,U+7345,0.6022,False,NOT_IN_DICT,
stt2,page_0080,7,3,sa,所,强,U+5F3A,0.0547,False,NOT_IN_DICT,
stt2,page_0080,7,7,một,麗,没,U+6CA1,0.1235,True,RESCUE_LOW_CONF,
stt2,page_0080,7,10,trinh,𦣻,貞,U+8C9E,0.6651,True,RESCUE_LOW_CONF,
stt2,page_0080,7,17,đô,遊,安,U+5B89,0.3015,False,NOT_IN_DICT,
stt2,page_0080,7,19,tê,接,棲,U+68F2,0.0505,True,RESCUE_LOW_CONF,
stt2,page_0080,8,8,hợp,公,𠊚,U+2029A,0.6735,False,NOT_IN_DICT,
stt2,page_0080,9,4,lành,於,道,U+9053,0.9771,False,NOT_IN_DICT,
stt2,page_0080,9,14,but,季,孛,U+5B5B,0.6178,False,NOT_IN_DICT,
stt2,page_0082,1,5,hỏng,貳,調,U+8ABF,0.0842,False,NOT_IN_DICT,
stt2,page_0082,1,11,hai,吮,咍,U+548D,0.0896,True,RESCUE_LOW_CONF,
stt2,page_0082,1,12,chị,端,姉,U+59C9,0.3744,True,RESCUE_LOW_CONF,
stt2,page_0082,1,13,em,淹,俺,U+4FFA,0.9355,True,RESCUE_GOLD_HIGH,
stt2,page_0082,1,16,đã,新,㐌,U+340C,0.0848,True,RESCUE_LOW_CONF,
stt2,page_0082,2,11,chước,衛,斫,U+65AB,0.2921,True,RESCUE_LOW_CONF,
stt2,page_0082,2,12,bay,厯,悲,U+60B2,0.8509,True,RESCUE_GOLD_HIGH,
stt2,page_0082,2,16,thưng,双,双,U+53CC,0.9241,False,NOT_IN_DICT,
stt2,page_0082,3,0,mở,緩,美,U+7F8E,0.1545,True,RESCUE_LOW_CONF,
stt2,page_0082,3,1,lòng,嘉,弄,U+5F04,0.8747,True,RESCUE_GOLD_HIGH,
stt2,page_0082,3,9,phải,添,沛,U+6C9B,0.7756,True,RESCUE_GOLD_MED,
stt2,page_0082,3,15,lỏ,益,古,U+53E4,0.0871,False,NOT_IN_DICT,
stt2,page_0082,4,4,hai,喧,咍,U+548D,0.4789,True,RESCUE_LOW_CONF,
stt2,page_0082,4,6,em,嬢,俺,U+4FFA,0.2095,True,RESCUE_LOW_CONF,
stt2,page_0082,4,7,chịu,应,召,U+53EC,0.2318,True,RESCUE_LOW_CONF,
stt2,page_0082,4,21,là,罪,号,U+53F7,0.0784,True,RESCUE_LOW_CONF,
stt2,page_0082,5,1,lời,移,移,U+79FB,0.3944,False,NOT_IN_DICT,
stt2,page_0082,5,2,dố,𤰞,𤰞,U+24C1E,0.7505,False,NOT_IN_DICT,
stt2,page_0082,5,3,mà,陛,些,U+4E9B,0.9521,False,NOT_IN_DICT,
stt2,page_0082,5,4,còn,旦,旦,U+65E6,0.9563,False,NOT_IN_DICT,
stt2,page_0082,5,13,khác,夜,悶,U+60B6,0.1434,False,NOT_IN_DICT,
stt2,page_0082,5,14,thì,杜,林,U+6797,0.4362,False,NOT_IN_DICT,
stt2,page_0082,5,15,day,麻,麻,U+9EBB,0.9704,False,NOT_IN_DICT,
stt2,page_0082,5,16,đem,群,群,U+7FA4,0.8957,False,NOT_IN_DICT,
stt2,page_0082,5,17,di,意,意,U+610F,0.9451,False,NOT_IN_DICT,
stt2,page_0082,5,18,chém,恪,恪,U+606A,0.9663,False,NOT_IN_DICT,
stt2,page_0082,5,19,đương,寺,寺,U+5BFA,0.9171,False,NOT_IN_DICT,
stt2,page_0082,5,20,khi,代,代,U+4EE3,0.9886,False,NOT_IN_DICT,
stt2,page_0082,6,9,hay,吹,𠊚,U+2029A,0.9866,False,NOT_IN_DICT,
stt2,page_0082,6,13,ô,姚,於,U+65BC,0.0366,True,RESCUE_LOW_CONF,
stt2,page_0082,6,14,phi,石,丕,U+4E15,0.9825,True,RESCUE_GOLD_HIGH,
stt2,page_0082,6,21,mặt,相,末,U+672B,0.3166,True,RESCUE_LOW_CONF,
stt2,page_0082,7,5,vẻ,值,彼,U+5F7C,0.0485,True,RESCUE_LOW_CONF,
stt2,page_0082,7,7,trên,庫,連,U+9023,0.4828,True,RESCUE_LOW_CONF,
stt2,page_0082,7,13,0,好,女,U+5973,0.2101,False,NOT_IN_DICT,
stt2,page_0082,7,15,trai,顇,願,U+9858,0.3385,False,NOT_IN_DICT,
stt2,page_0082,7,18,mọt,每,每,U+6BCF,0.9576,False,NOT_IN_DICT,
stt2,page_0082,7,19,mu,海,每,U+6BCF,0.9649,False,NOT_IN_DICT,
stt2,page_0082,8,14,chế,牌,補,U+88DC,0.5277,False,NOT_IN_DICT,
stt2,page_0082,8,15,nhạo,楽,時,U+6642,0.2968,False,NOT_IN_DICT,
stt2,page_0082,9,6,tốt,濘,𡨧,U+21A27,0.0749,True,RESCUE_LOW_CONF,
stt2,page_0082,9,16,hai,临,没,U+6CA1,0.515,False,NOT_IN_DICT,
stt2,page_0084,1,2,lại,逹,吏,U+540F,0.5514,True,RESCUE_LOW_CONF,
stt2,page_0084,1,8,dâng,郡,鄧,U+9127,0.0291,True,RESCUE_LOW_CONF,
stt2,page_0084,1,17,dọn,追,迍,U+8FCD,0.301,True,RESCUE_LOW_CONF,
stt2,page_0084,2,2,lành,合,冷,U+51B7,0.7888,True,RESCUE_GOLD_MED,
stt2,page_0084,2,3,đem,老,尼,U+5C3C,0.2131,False,NOT_IN_DICT,
stt2,page_0084,2,7,hộp,匝,油,U+6CB9,0.1243,False,NOT_IN_DICT,
stt2,page_0084,2,11,thơm,香,貪,U+8CAA,0.0279,True,RESCUE_LOW_CONF,
stt2,page_0084,2,12,tho,敢,收,U+6536,0.3738,True,RESCUE_LOW_CONF,
stt2,page_0084,2,17,dưới,夢,𢃄,U+220C4,0.0705,True,RESCUE_LOW_CONF,
stt2,page_0084,3,5,giá,道,這,U+9019,0.0353,True,RESCUE_LOW_CONF,
stt2,page_0084,3,15,đem,危,爲,U+7232,0.1826,False,NOT_IN_DICT,
stt2,page_0084,3,16,của,云,古,U+53E4,0.8884,True,RESCUE_GOLD_HIGH,
stt2,page_0084,3,20,nhạo,藥,悲,U+60B2,0.3839,False,NOT_IN_DICT,
stt2,page_0084,4,1,đoạn,隨,段,U+6BB5,0.9522,True,RESCUE_GOLD_HIGH,
stt2,page_0084,4,4,chém,勒,刧,U+5227,0.3692,False,NOT_IN_DICT,
stt2,page_0084,4,16,sợ,恨,怍,U+600D,0.1346,True,RESCUE_LOW_CONF,
stt2,page_0084,5,7,ấy,弥,称,U+79F0,0.5148,False,NOT_IN_DICT,
stt2,page_0084,5,10,cũng,我,拱,U+62F1,0.9032,True,RESCUE_GOLD_HIGH,
stt2,page_0084,5,15,chịu,云,召,U+53EC,0.973,True,RESCUE_GOLD_HIGH,
stt2,page_0084,6,4,bây,咫,除,U+9664,0.9832,False,NOT_IN_DICT,
stt2,page_0084,6,11,lâu,靜,凜,U+51DC,0.1391,False,NOT_IN_DICT,
stt2,page_0084,7,1,tê,隋,躋,U+8E8B,0.0793,True,RESCUE_LOW_CONF,
stt2,page_0084,7,7,hai,啄,咍,U+548D,0.1867,True,RESCUE_LOW_CONF,
stt2,page_0084,8,4,su,北,秋,U+79CB,0.2453,True,RESCUE_LOW_CONF,
stt2,page_0084,8,8,hai,出,咍,U+548D,0.3359,True,RESCUE_LOW_CONF,
stt2,page_0084,8,15,năm,離,勧,U+52E7,0.3694,False,NOT_IN_DICT,
stt2,page_0084,9,1,bảy,㢤,多,U+591A,0.1533,False,NOT_IN_DICT,
stt2,page_0084,9,6,a,傾,阿,U+963F,0.2289,True,RESCUE_LOW_CONF,
stt2,page_0084,9,7,duỗé,在,意,U+610F,0.0465,False,NOT_IN_DICT,
stt2,page_0086,2,2,li,鬯,离,U+79BB,0.892,True,RESCUE_GOLD_HIGH,
stt2,page_0086,2,4,ri,接,移,U+79FB,0.6082,False,NOT_IN_DICT,
stt2,page_0086,2,10,xuống,鬆,郎,U+90CE,0.3016,False,NOT_IN_DICT,
stt2,page_0086,2,20,nghe,喧,宜,U+5B9C,0.0462,True,RESCUE_LOW_CONF,
stt2,page_0086,3,5,cha,旧,吒,U+5412,0.5196,True,RESCUE_LOW_CONF,
stt2,page_0086,3,21,ngăm,𫝆,吟,U+541F,0.1724,True,RESCUE_LOW_CONF,
stt2,page_0086,4,5,thì,畨,寺,U+5BFA,0.948,True,RESCUE_GOLD_HIGH,
stt2,page_0086,4,6,nhớ,欣,汝,U+6C5D,0.9165,True,RESCUE_GOLD_HIGH,
stt2,page_0086,4,11,cùng,庐,穹,U+7A79,0.0544,True,RESCUE_LOW_CONF,
stt2,page_0086,4,13,lá,萬,柴,U+67F4,0.0716,False,NOT_IN_DICT,
stt2,page_0086,4,21,phải,潼,沛,U+6C9B,0.7698,True,RESCUE_GOLD_MED,
stt2,page_0086,5,1,nắng,爆,曩,U+66E9,0.0545,True,RESCUE_LOW_CONF,
stt2,page_0086,5,11,lại,廷,尼,U+5C3C,0.0357,True,RESCUE_LOW_CONF,
stt2,page_0086,5,12,ước,的,約,U+7D04,0.0604,True,RESCUE_LOW_CONF,
stt2,page_0086,5,13,vao,𭃡,㓜,U+34DC,0.347,False,NOT_IN_DICT,
stt2,page_0086,5,15,do,皆,堵,U+5835,0.5258,False,NOT_IN_DICT,
stt2,page_0086,5,17,muon,閣,悶,U+60B6,0.8161,False,NOT_IN_DICT,
stt2,page_0086,5,18,chiu,只,召,U+53EC,0.369,False,NOT_IN_DICT,
stt2,page_0086,5,19,mau,卿,泖,U+6CD6,0.1721,False,NOT_IN_DICT,
stt2,page_0086,5,20,chay,旧,些,U+4E9B,0.2165,False,NOT_IN_DICT,
stt2,page_0086,6,8,nước,𥚑,渃,U+6E03,0.2423,True,RESCUE_LOW_CONF,
stt2,page_0086,7,0,lăm,燥,凜,U+51DC,0.641,False,NOT_IN_DICT,
stt2,page_0086,7,3,trở,品,罪,U+7F6A,0.1211,False,NOT_IN_DICT,
stt2,page_0086,7,16,tháng,房,湯,U+6E6F,0.2594,False,NOT_IN_DICT,
stt2,page_0086,7,17,bắc,比,北,U+5317,0.0528,True,RESCUE_LOW_CONF,
stt2,page_0086,8,0,ta,陛,些,U+4E9B,0.9938,True,RESCUE_GOLD_HIGH,
stt2,page_0086,8,3,trắng,連,連,U+9023,0.9277,False,NOT_IN_DICT,
stt2,page_0086,8,4,lên,解,泖,U+6CD6,0.2099,False,NOT_IN_DICT,
stt2,page_0086,8,5,xuống,廓,蘇,U+8607,0.074,False,NOT_IN_DICT,
stt2,page_0086,8,13,vì,夸,為,U+70BA,0.9322,True,RESCUE_GOLD_HIGH,
stt2,page_0086,8,16,trăng,觧,泖,U+6CD6,0.1793,False,NOT_IN_DICT,
stt2,page_0086,8,20,chước,那,斫,U+65AB,0.9484,True,RESCUE_GOLD_HIGH,
stt2,page_0086,9,6,thần,天,神,U+795E,0.9075,True,RESCUE_GOLD_HIGH,
stt2,page_0086,9,7,kihần,神,其,U+5176,0.6319,False,NOT_IN_DICT,
stt2,page_0086,9,12,cóp,汲,𥘉,U+25609,0.3581,False,NOT_IN_DICT,
stt2,page_0086,9,21,nhieu,曉,僥,U+50E5,0.2864,False,NOT_IN_DICT,
stt2,page_0088,2,4,vua,兩,君,U+541B,0.5331,True,RESCUE_LOW_CONF,
stt2,page_0088,2,17,ông,奔,翁,U+7FC1,0.0701,True,RESCUE_LOW_CONF,
stt2,page_0088,2,21,du,在,生,U+751F,0.052,False,NOT_IN_DICT,
stt2,page_0088,3,5,kẻo,趙,矯,U+77EF,0.113,True,RESCUE_LOW_CONF,
stt2,page_0088,3,9,sau,靜,耨,U+8028,0.0974,False,NOT_IN_DICT,
stt2,page_0088,3,15,vua,兩,連,U+9023,0.2171,False,NOT_IN_DICT,
stt2,page_0088,4,10,núi,离,离,U+79BB,0.1514,False,NOT_IN_DICT,
stt2,page_0088,4,14,ghê,誓,稽,U+7A3D,0.4595,True,RESCUE_LOW_CONF,
stt2,page_0088,4,16,xuống,麽,論,U+8AD6,0.0643,False,NOT_IN_DICT,
stt2,page_0088,4,19,chọn,復,撰,U+64B0,0.2907,True,RESCUE_LOW_CONF,
stt2,page_0088,5,0,nơi,石,尼,U+5C3C,0.9237,True,RESCUE_GOLD_HIGH,
stt2,page_0088,5,2,cho,休,朱,U+6731,0.0156,True,RESCUE_LOW_CONF,
stt2,page_0088,5,24,thánh,主,垩,U+57A9,0.8872,True,RESCUE_GOLD_HIGH,
stt2,page_0088,6,2,gương,麺,創,U+5275,0.1282,False,NOT_IN_DICT,
stt2,page_0088,6,12,giữ,停,佇,U+4F47,0.3537,True,RESCUE_LOW_CONF,
stt2,page_0088,6,15,sống,朝,封,U+5C01,0.4679,False,NOT_IN_DICT,
stt2,page_0088,6,16,một,𫞖,蔑,U+8511,0.0608,True,RESCUE_LOW_CONF,
stt2,page_0088,7,9,sau,轉,連,U+9023,0.2129,False,NOT_IN_DICT,
stt2,page_0088,8,6,nghỉ,巧,持,U+6301,0.0426,True,RESCUE_LOW_CONF,
stt2,page_0088,8,8,cùng,房,穷,U+7A77,0.3533,True,RESCUE_LOW_CONF,
stt2,page_0088,9,3,giê,卉,支,U+652F,0.8916,True,RESCUE_GOLD_HIGH,
stt2,page_0088,9,4,su,状,秋,U+79CB,0.9897,True,RESCUE_GOLD_HIGH,
stt2,page_0088,9,13,một,瓦,没,U+6CA1,0.1786,True,RESCUE_LOW_CONF,
stt2,page_0088,9,14,nghìn,解,磊,U+78CA,0.0867,False,NOT_IN_DICT,
stt2,page_0088,9,17,bảy,異,罢,U+7F62,0.3352,True,RESCUE_LOW_CONF,
stt2,page_0090,1,2,tê,靖,躋,U+8E8B,0.1051,True,RESCUE_LOW_CONF,
stt2,page_0090,2,2,cu,氏,該,U+8A72,0.3446,False,NOT_IN_DICT,
stt2,page_0090,2,3,cai,滋,些,U+4E9B,0.8542,False,NOT_IN_DICT,
stt2,page_0090,2,8,rồng,𨺚,除,U+9664,0.1954,False,NOT_IN_DICT,
stt2,page_0090,2,11,lăm,屧,廪,U+5EEA,0.5665,False,NOT_IN_DICT,
stt2,page_0090,2,12,hay,呼,咍,U+548D,0.093,True,RESCUE_LOW_CONF,
stt2,page_0090,2,13,ăn,咬,安,U+5B89,0.1007,True,RESCUE_LOW_CONF,
stt2,page_0090,3,3,tê,隋,躋,U+8E8B,0.1874,True,RESCUE_LOW_CONF,
stt2,page_0090,3,5,do,申,由,U+7531,0.9067,True,RESCUE_GOLD_HIGH,
stt2,page_0090,3,6,rô,普,曳,U+66F3,0.139,False,NOT_IN_DICT,
stt2,page_0090,3,7,đã,孔,㐌,U+340C,0.4616,True,RESCUE_LOW_CONF,
stt2,page_0090,3,14,cũng,撰,𠊚,U+2029A,0.8463,False,NOT_IN_DICT,
stt2,page_0090,4,3,li,嚼,离,U+79BB,0.762,True,RESCUE_GOLD_MED,
stt2,page_0090,4,6,ô,曷,烏,U+70CF,0.9555,True,RESCUE_GOLD_HIGH,
stt2,page_0090,4,15,ngày,睜,時,U+6642,0.5646,True,RESCUE_LOW_CONF,
stt2,page_0090,5,1,ấy,𨺚,除,U+9664,0.5618,False,NOT_IN_DICT,
stt2,page_0090,5,7,tên,光,礼,U+793C,0.7971,False,NOT_IN_DICT,
stt2,page_0090,5,22,bụng,奉,賖,U+8CD6,0.4809,False,NOT_IN_DICT,
stt2,page_0090,6,7,đâm,㧾,把,U+628A,0.5335,False,NOT_IN_DICT,
stt2,page_0090,6,17,giết,新,特,U+7279,0.5292,False,NOT_IN_DICT,
stt2,page_0090,6,20,rồng,𨺚,与,U+4E0E,0.9846,False,NOT_IN_DICT,
stt2,page_0090,6,22,aythi,寺,寺,U+5BFA,0.9136,False,NOT_IN_DICT,
stt2,page_0090,7,11,đã,妃,㐌,U+340C,0.8217,True,RESCUE_GOLD_MED,
stt2,page_0090,7,15,ấy,位,衣,U+8863,0.3835,True,RESCUE_LOW_CONF,
stt2,page_0090,7,17,thưa,肆,𠊚,U+2029A,0.9386,False,NOT_IN_DICT,
stt2,page_0090,7,22,to,確,判,U+5224,0.7504,False,NOT_IN_DICT,
stt2,page_0090,7,23,te,祭,祭,U+796D,0.1869,False,NOT_IN_DICT,
stt2,page_0090,8,13,thơm,奢,貪,U+8CAA,0.4995,True,RESCUE_LOW_CONF,
stt2,page_0090,8,14,đã,拒,㐌,U+340C,0.5659,True,RESCUE_LOW_CONF,
stt2,page_0090,8,17,sau,犎,婁,U+5A41,0.0362,True,RESCUE_LOW_CONF,
stt2,page_0090,8,18,sẽ,任,仕,U+4ED5,0.7574,True,RESCUE_GOLD_MED,
stt2,page_0090,8,19,đem,免,仍,U+4ECD,0.1129,False,NOT_IN_DICT,
stt2,page_0090,9,0,cho,恭,朱,U+6731,0.8816,True,RESCUE_GOLD_HIGH,
stt2,page_0090,9,1,hết,教,歇,U+6B47,0.7072,True,RESCUE_GOLD_MED,
stt2,page_0090,9,5,vàng,輩,黄,U+9EC4,0.7314,True,RESCUE_GOLD_MED,
stt2,page_0090,9,15,đêm,底,店,U+5E97,0.9131,True,RESCUE_GOLD_HIGH,
stt2,page_0090,9,21,thinh,形,形,U+5F62,0.6775,False,NOT_IN_DICT,
stt2,page_0090,9,23,quy,畏,鬼,U+9B3C,0.8229,False,NOT_IN_DICT,
stt2,page_0092,1,12,đòi,脉,隊,U+968A,0.1269,True,RESCUE_LOW_CONF,
stt2,page_0092,1,13,ông,貧,翁,U+7FC1,0.9549,True,RESCUE_GOLD_HIGH,
stt2,page_0092,2,7,vua,峒,君,U+541B,0.1849,True,RESCUE_LOW_CONF,
stt2,page_0092,2,10,xấu,留,死,U+6B7B,0.0814,False,NOT_IN_DICT,
stt2,page_0092,2,14,ta,陛,些,U+4E9B,0.167,True,RESCUE_LOW_CONF,
stt2,page_0092,2,17,đã,死,碎,U+788E,0.3158,False,NOT_IN_DICT,
stt2,page_0092,3,0,ăn,喚,安,U+5B89,0.9672,True,RESCUE_GOLD_HIGH,
stt2,page_0092,3,4,tay,塊,腮,U+816E,0.0776,True,RESCUE_LOW_CONF,
stt2,page_0092,3,17,rô,屠,連,U+9023,0.3086,False,NOT_IN_DICT,
stt2,page_0092,4,3,chối,最,最,U+6700,0.2034,False,NOT_IN_DICT,
stt2,page_0092,4,9,ví,彦,麻,U+9EBB,0.2418,False,NOT_IN_DICT,
stt2,page_0092,5,9,sao,斥,燒,U+71D2,0.0116,True,RESCUE_LOW_CONF,
stt2,page_0092,5,11,bấy,因,闭,U+95ED,0.0601,True,RESCUE_LOW_CONF,
stt2,page_0092,5,16,lắm,亷,凜,U+51DC,0.3185,True,RESCUE_LOW_CONF,
stt2,page_0092,5,21,bat,孤,秋,U+79CB,0.1351,False,NOT_IN_DICT,
stt2,page_0092,6,0,chây,真,真,U+771F,0.4676,False,NOT_IN_DICT,
stt2,page_0092,6,1,tay,𨢄,思,U+601D,0.1539,True,RESCUE_LOW_CONF,
stt2,page_0092,6,9,sáu,教,移,U+79FB,0.171,False,NOT_IN_DICT,
stt2,page_0092,6,11,đòng,掩,林,U+6797,0.2811,False,NOT_IN_DICT,
stt2,page_0092,6,13,sau,靜,連,U+9023,0.2299,False,NOT_IN_DICT,
stt2,page_0092,6,14,cật,胠,法,U+6CD5,0.1303,False,NOT_IN_DICT,
stt2,page_0092,6,17,trước,曄,時,U+6642,0.3517,False,NOT_IN_DICT,
stt2,page_0092,6,18,bụng,羅,黙,U+9ED9,0.2703,False,NOT_IN_DICT,
stt2,page_0092,6,21,đòn,范,姑,U+59D1,0.1212,False,NOT_IN_DICT,
stt2,page_0092,7,5,gãy,枝,移,U+79FB,0.0996,False,NOT_IN_DICT,
stt2,page_0092,7,6,răng,樷,棱,U+68F1,0.1173,False,NOT_IN_DICT,
stt2,page_0092,7,11,liêm,鑪,鎌,U+938C,0.2533,True,RESCUE_LOW_CONF,
stt2,page_0092,7,13,thịt,𦏲,拘,U+62D8,0.2409,False,NOT_IN_DICT,
stt2,page_0092,7,15,sau,薅,持,U+6301,0.0381,False,NOT_IN_DICT,
stt2,page_0092,7,20,đốt,燭,麻,U+9EBB,0.6527,False,NOT_IN_DICT,
stt2,page_0092,7,24,tichay,合,公,U+516C,0.0856,False,NOT_IN_DICT,
stt2,page_0092,8,1,nào,屰,市,U+5E02,0.934,True,RESCUE_GOLD_HIGH,
stt2,page_0092,8,6,thì,對,寺,U+5BFA,0.1452,True,RESCUE_LOW_CONF,
stt2,page_0092,8,8,lấy,祁,楼,U+697C,0.1821,False,NOT_IN_DICT,
stt2,page_0092,8,9,mảnh,捧,特,U+7279,0.0474,False,NOT_IN_DICT,
stt2,page_0092,8,11,cạo,弦,多,U+591A,0.5107,False,NOT_IN_DICT,
stt2,page_0092,8,20,nhà,迅,茹,U+8339,0.7255,True,RESCUE_GOLD_MED,
stt2,page_0092,9,0,năm,甑,勧,U+52E7,0.5414,False,NOT_IN_DICT,
stt2,page_0092,9,5,dí,𠅘,帝,U+5E1D,0.8231,False,NOT_IN_DICT,
stt2,page_0092,9,7,sốt,煇,焠,U+7120,0.1851,True,RESCUE_LOW_CONF,
stt2,page_0092,9,8,khỏi,堪,塊,U+584A,0.8695,True,RESCUE_GOLD_HIGH,
stt2,page_0092,9,9,năm,伍,執,U+57F7,0.2126,False,NOT_IN_DICT,
stt2,page_0092,9,11,day,我,代,U+4EE3,0.9634,False,NOT_IN_DICT,
stt2,page_0092,9,12,đóng,豫,㨂,U+3A02,0.7434,True,RESCUE_GOLD_MED,
stt2,page_0092,9,15,rút,抨,椊,U+690A,0.5752,True,RESCUE_LOW_CONF,
stt2,page_0092,9,18,lấy,祁,礼,U+793C,0.7692,True,RESCUE_GOLD_MED,
stt2,page_0092,9,19,kềm,琴,麻,U+9EBB,0.0895,False,NOT_IN_DICT,
stt2,page_0092,9,20,sắt,篋,僥,U+50E5,0.203,False,NOT_IN_DICT,
stt2,page_0092,9,22,cặp,孤,奴,U+5974,0.6687,False,NOT_IN_DICT,
stt2,page_0094,1,0,cả,百,黙,U+9ED9,0.1916,False,NOT_IN_DICT,
stt2,page_0094,1,4,qua,戊,戈,U+6208,0.5799,True,RESCUE_LOW_CONF,
stt2,page_0094,1,10,bắn,丰,沛,U+6C9B,0.7517,False,NOT_IN_DICT,
stt2,page_0094,2,8,sao,寕,牢,U+7262,0.2582,True,RESCUE_LOW_CONF,
stt2,page_0094,2,9,để,𮝾,底,U+5E95,0.7536,True,RESCUE_GOLD_MED,
stt2,page_0094,2,18,răng,𥟀,魔,U+9B54,0.1372,False,NOT_IN_DICT,
stt2,page_0094,2,23,gays,𢪊,批,U+6279,0.1961,False,NOT_IN_DICT,
stt2,page_0094,3,8,lửa,短,棱,U+68F1,0.2715,False,NOT_IN_DICT,
stt2,page_0094,3,12,xương,曷,昌,U+660C,0.2659,True,RESCUE_LOW_CONF,
stt2,page_0094,3,13,không,𠁅,空,U+7A7A,0.0445,True,RESCUE_LOW_CONF,
stt2,page_0094,3,16,rút,擠,碎,U+788E,0.7399,False,NOT_IN_DICT,
stt2,page_0094,4,22,chế,折,誓,U+8A93,0.2032,False,NOT_IN_DICT,
stt2,page_0094,5,0,song,厚,双,U+53CC,0.0357,True,RESCUE_LOW_CONF,
stt2,page_0094,5,5,sai,羌,事,U+4E8B,0.3077,False,NOT_IN_DICT,
stt2,page_0094,5,6,một,虚,没,U+6CA1,0.2657,True,RESCUE_LOW_CONF,
stt2,page_0094,5,10,nhổ,孔,獄,U+7344,0.1001,False,NOT_IN_DICT,
stt2,page_0094,5,12,cho,殊,朱,U+6731,0.8981,True,RESCUE_GOLD_HIGH,
stt2,page_0094,5,13,người,号,𠊚,U+2029A,0.9829,True,RESCUE_GOLD_HIGH,
stt2,page_0094,5,16,con,功,昆,U+6606,0.7115,True,RESCUE_GOLD_MED,
stt2,page_0094,5,19,răng,稜,奏,U+594F,0.2858,False,NOT_IN_DICT,
stt2,page_0094,6,1,liên,題,連,U+9023,0.9149,True,RESCUE_GOLD_HIGH,
stt2,page_0094,6,7,rằng,厳,浪,U+6D6A,0.8691,True,RESCUE_GOLD_HIGH,
stt2,page_0094,6,15,đầu,鳬,姚,U+59DA,0.0338,True,RESCUE_LOW_CONF,
stt2,page_0094,6,16,hãy,矦,壳,U+58F3,0.2449,False,NOT_IN_DICT,
stt2,page_0094,7,3,cùng,宕,郎,U+90CE,0.0904,False,NOT_IN_DICT,
stt2,page_0094,7,4,bấy,内,除,U+9664,0.289,False,NOT_IN_DICT,
stt2,page_0094,7,9,lắm,屧,凜,U+51DC,0.4818,True,RESCUE_LOW_CONF,
stt2,page_0094,7,18,đừng,灯,仃,U+4EC3,0.4106,True,RESCUE_LOW_CONF,
stt2,page_0094,8,6,đem,光,燒,U+71D2,0.3191,False,NOT_IN_DICT,
stt2,page_0094,8,15,hai,吸,欺,U+6B3A,0.9796,False,NOT_IN_DICT,
stt2,page_0094,8,21,sống,丑,時,U+6642,0.2085,False,NOT_IN_DICT,
stt2,page_0094,9,0,thì,都,寺,U+5BFA,0.685,True,RESCUE_LOW_CONF,
stt2,page_0094,9,3,ngơi,護,該,U+8A72,0.117,False,NOT_IN_DICT,
stt2,page_0094,9,16,ai,授,法,U+6CD5,0.8901,False,NOT_IN_DICT,
stt2,page_0096,1,2,hai,听,咍,U+548D,0.3445,True,RESCUE_LOW_CONF,
stt2,page_0096,1,6,tám,教,碎,U+788E,0.1084,False,NOT_IN_DICT,
stt2,page_0096,1,18,lạ,遝,罪,U+7F6A,0.6184,False,NOT_IN_DICT,
stt2,page_0096,1,19,ấy,在,衣,U+8863,0.8688,True,RESCUE_GOLD_HIGH,
stt2,page_0096,2,3,trăm,奡,最,U+6700,0.2191,False,NOT_IN_DICT,
stt2,page_0096,2,5,đi,發,多,U+591A,0.5709,True,RESCUE_LOW_CONF,
stt2,page_0096,2,17,bấy,闘,閉,U+9589,0.0399,True,RESCUE_LOW_CONF,
stt2,page_0096,2,18,nhiêu,曉,僥,U+50E5,0.1941,True,RESCUE_LOW_CONF,
stt2,page_0096,3,8,bấy,惡,悲,U+60B2,0.5643,True,RESCUE_LOW_CONF,
stt2,page_0096,3,16,su,敢,秋,U+79CB,0.5099,True,RESCUE_LOW_CONF,
stt2,page_0096,4,3,ta,世,些,U+4E9B,0.765,True,RESCUE_GOLD_MED,
stt2,page_0096,4,5,giết,而,折,U+6298,0.0369,True,RESCUE_LOW_CONF,
stt2,page_0096,4,15,hào,嚴,殻,U+6BBB,0.2763,False,NOT_IN_DICT,
stt2,page_0096,5,6,nhà,忌,囚,U+56DA,0.5507,False,NOT_IN_DICT,
stt2,page_0096,6,0,cửa,奉,㪯,U+3AAF,0.1498,True,RESCUE_LOW_CONF,
stt2,page_0096,6,3,mở,義,美,U+7F8E,0.3903,True,RESCUE_LOW_CONF,
stt2,page_0096,6,9,trốn,連,迍,U+8FCD,0.0449,True,RESCUE_LOW_CONF,
stt2,page_0096,7,1,đã,岳,㐌,U+340C,0.7586,True,RESCUE_GOLD_MED,
stt2,page_0096,7,12,chàng,庄,庄,U+5E84,0.9149,False,NOT_IN_DICT,
stt2,page_0096,7,13,cho,失,朱,U+6731,0.8236,True,RESCUE_GOLD_MED,
stt2,page_0096,8,9,vua,句,衣,U+8863,0.9336,False,NOT_IN_DICT,
stt2,page_0096,8,13,hôn,潔,浪,U+6D6A,0.1038,False,NOT_IN_DICT,
stt2,page_0096,8,14,hào,燉,殻,U+6BBB,0.147,False,NOT_IN_DICT,
stt2,page_0096,8,17,đem,危,特,U+7279,0.4284,False,NOT_IN_DICT,
stt2,page_0096,8,20,cao,爲,髙,U+9AD9,0.9004,True,RESCUE_GOLD_HIGH,
stt2,page_0096,8,22,chém,句,功,U+529F,0.1843,False,NOT_IN_DICT,
stt2,page_0096,9,0,ông,斟,翁,U+7FC1,0.164,True,RESCUE_LOW_CONF,
stt2,page_0096,9,6,dấu,舜,枸,U+67B8,0.6882,False,NOT_IN_DICT,
stt2,page_0096,9,17,cởi,檜,檜,U+6A9C,0.365,False,NOT_IN_DICT,
stt2,page_0098,1,6,trời,本,𡗶,U+215F6,0.3184,True,RESCUE_LOW_CONF,
stt2,page_0098,1,10,khỏi,魂,塊,U+584A,0.514,True,RESCUE_LOW_CONF,
stt2,page_0098,2,0,nơi,位,尼,U+5C3C,0.9301,True,RESCUE_GOLD_HIGH,
stt2,page_0098,2,4,làm,恭,徳,U+5FB3,0.2188,False,NOT_IN_DICT,
stt2,page_0098,2,23,ro,屠,實,U+5BE6,0.1412,False,NOT_IN_DICT,
stt2,page_0098,3,4,su,天,黙,U+9ED9,0.4655,False,NOT_IN_DICT,
stt2,page_0098,3,5,ra,氏,熾,U+71BE,0.1266,False,NOT_IN_DICT,
stt2,page_0098,3,6,đời,花,朱,U+6731,0.1498,False,NOT_IN_DICT,
stt2,page_0098,3,7,cho,天,朱,U+6731,0.2129,True,RESCUE_LOW_CONF,
stt2,page_0098,3,13,một,丧,道,U+9053,0.5218,False,NOT_IN_DICT,
stt2,page_0098,3,15,nam,解,勧,U+52E7,0.6588,False,NOT_IN_DICT,
stt2,page_0098,4,1,tam,抵,黎,U+9ECE,0.4241,False,NOT_IN_DICT,
stt2,page_0098,4,2,ông,夅,翁,U+7FC1,0.8486,True,RESCUE_GOLD_MED,
stt2,page_0098,5,9,gri,教,赦,U+8D66,0.2285,False,NOT_IN_DICT,
stt2,page_0098,7,8,thầy,芽,柴,U+67F4,0.9215,True,RESCUE_GOLD_HIGH,
stt2,page_0098,7,11,nướng,環,奏,U+594F,0.0933,False,NOT_IN_DICT,
stt2,page_0098,7,15,lò,庐,炉,U+7089,0.4013,True,RESCUE_LOW_CONF,
stt2,page_0098,7,22,s000000020,劍,創,U+5275,0.8785,False,NOT_IN_DICT,
stt2,page_0098,8,2,lửa,超,加,U+52A0,0.2318,False,NOT_IN_DICT,
stt2,page_0098,8,5,một,莭,蔑,U+8511,0.3152,True,RESCUE_LOW_CONF,
stt2,page_0098,8,6,lần,𠫭,吝,U+541D,0.2888,True,RESCUE_LOW_CONF,
stt2,page_0098,8,10,chín,今,命,U+547D,0.1391,False,NOT_IN_DICT,
stt2,page_0098,8,12,đã,西,㐌,U+340C,0.0979,True,RESCUE_LOW_CONF,
stt2,page_0098,9,11,giở,祖,阻,U+963B,0.1321,True,RESCUE_LOW_CONF,
stt2,page_0098,9,13,giở,祖,阻,U+963B,0.5356,True,RESCUE_LOW_CONF,
stt2,page_0098,9,14,lại,廷,吏,U+540F,0.6406,True,RESCUE_LOW_CONF,
stt2,page_0098,9,15,bánh,降,餅,U+9905,0.2883,True,RESCUE_LOW_CONF,
stt2,page_0098,9,18,chóng,振,於,U+65BC,0.1137,False,NOT_IN_DICT,
stt2,page_0100,1,7,nao,希,市,U+5E02,0.5188,True,RESCUE_LOW_CONF,
stt2,page_0100,1,14,mể,度,疾,U+75BE,0.2316,False,NOT_IN_DICT,
stt2,page_0100,1,23,dưới,滯,𢃄,U+220C4,0.5797,True,RESCUE_LOW_CONF,
stt2,page_0100,4,8,đàng,耋,堂,U+5802,0.8363,True,RESCUE_GOLD_MED,
stt2,page_0100,5,3,vui,肉,离,U+79BB,0.8122,False,NOT_IN_DICT,
stt2,page_0100,6,1,thánh,呈,垩,U+57A9,0.8717,True,RESCUE_GOLD_HIGH,
stt2,page_0100,6,3,lên,廻,連,U+9023,0.5964,True,RESCUE_LOW_CONF,
stt2,page_0100,6,8,trước,綽,綽,U+7DBD,0.1604,False,NOT_IN_DICT,
stt2,page_0100,6,15,sách,典,拱,U+62F1,0.2284,False,NOT_IN_DICT,
stt2,page_0100,7,3,lang,後,債,U+50B5,0.2929,False,NOT_IN_DICT,
stt2,page_0100,7,4,sa,注,沙,U+6C99,0.9222,True,RESCUE_GOLD_HIGH,
stt2,page_0100,7,8,thai,脫,時,U+6642,0.1703,False,NOT_IN_DICT,
stt2,page_0100,7,18,dấu,科,𧿫,U+27FEB,0.6196,True,RESCUE_LOW_CONF,
stt2,page_0100,7,19,câu,救,枸,U+67B8,0.4567,True,RESCUE_LOW_CONF,
stt2,page_0100,9,7,đầu,𫥢,兠,U+5160,0.2735,False,NOT_IN_DICT,
stt2,page_0100,9,11,con,兄,昆,U+6606,0.9214,True,RESCUE_GOLD_HIGH,
stt2,page_0102,1,13,ngày,曷,㝵,U+3775,0.699,True,RESCUE_LOW_CONF,
stt2,page_0102,1,20,nghĩa,𠵊,遣,U+9063,0.153,False,NOT_IN_DICT,
stt2,page_0102,2,3,vua,胡,弄,U+5F04,0.2512,False,NOT_IN_DICT,
stt2,page_0102,2,14,vua,布,君,U+541B,0.0919,True,RESCUE_LOW_CONF,
stt2,page_0102,3,0,yêu,矢,夭,U+592D,0.4954,True,RESCUE_LOW_CONF,
stt2,page_0102,3,8,hiền,昏,賢,U+8CE2,0.0469,True,RESCUE_LOW_CONF,
stt2,page_0102,3,9,lành,哈,冷,U+51B7,0.8958,True,RESCUE_GOLD_HIGH,
stt2,page_0102,4,6,ve,憨,為,U+70BA,0.0199,True,RESCUE_LOW_CONF,
stt2,page_0102,4,19,mừng,朗,明,U+660E,0.9162,True,RESCUE_GOLD_HIGH,
stt2,page_0102,5,12,và,索,事,U+4E8B,0.2979,False,NOT_IN_DICT,
stt2,page_0102,6,15,khiêm,禅,謙,U+8B19,0.5473,True,RESCUE_LOW_CONF,
stt2,page_0102,6,19,coi,兹,該,U+8A72,0.1669,False,NOT_IN_DICT,
stt2,page_0102,7,1,vây,不,丕,U+4E15,0.9002,False,NOT_IN_DICT,
stt2,page_0102,7,2,từ,辟,聀,U+8040,0.8478,False,NOT_IN_DICT,
stt2,page_0102,7,18,khi,敢,欺,U+6B3A,0.8878,True,RESCUE_GOLD_HIGH,
stt2,page_0102,7,19,trước,釋,事,U+4E8B,0.0733,False,NOT_IN_DICT,
stt2,page_0102,8,7,một,𡸁,没,U+6CA1,0.4791,True,RESCUE_LOW_CONF,
stt2,page_0102,9,5,bà,细,把,U+628A,0.6329,True,RESCUE_LOW_CONF,
stt2,page_0102,9,12,đêm,底,店,U+5E97,0.8692,True,RESCUE_GOLD_HIGH,
stt2,page_0102,9,20,kẻ,孔,几,U+51E0,0.6201,True,RESCUE_LOW_CONF,
stt2,page_0104,1,6,đêm,庅,店,U+5E97,0.8992,True,RESCUE_GOLD_HIGH,
stt2,page_0104,1,7,thì,𭔹,寺,U+5BFA,0.9625,True,RESCUE_GOLD_HIGH,
stt2,page_0104,1,10,lại,迷,吏,U+540F,0.1972,True,RESCUE_LOW_CONF,
stt2,page_0104,1,13,mừng,困,明,U+660E,0.6626,True,RESCUE_LOW_CONF,
stt2,page_0104,1,17,một,魯,没,U+6CA1,0.3913,True,RESCUE_LOW_CONF,
stt2,page_0104,2,0,về,尾,尾,U+5C3E,0.1712,False,NOT_IN_DICT,
stt2,page_0104,2,11,còn,再,群,U+7FA4,0.8616,True,RESCUE_GOLD_HIGH,
stt2,page_0104,3,0,rất,悰,慄,U+6144,0.6532,True,RESCUE_LOW_CONF,
stt2,page_0104,3,5,a,順,懶,U+61F6,0.4643,False,NOT_IN_DICT,
stt2,page_0104,3,10,hát,陽,喝,U+559D,0.6973,True,RESCUE_LOW_CONF,
stt2,page_0104,4,22,ni,巳,尼,U+5C3C,0.2225,True,RESCUE_LOW_CONF,
stt2,page_0104,5,10,ngươi,弱,丐,U+4E10,0.0725,False,NOT_IN_DICT,
stt2,page_0104,5,13,ấn,憶,德,U+5FB7,0.1725,False,NOT_IN_DICT,
stt2,page_0104,5,18,đá,磣,移,U+79FB,0.121,False,NOT_IN_DICT,
stt2,page_0104,6,4,mềm,陵,渃,U+6E03,0.0623,False,NOT_IN_DICT,
stt2,page_0104,7,2,mới,㸔,買,U+8CB7,0.7444,True,RESCUE_GOLD_MED,
stt2,page_0104,7,13,một,𫞖,連,U+9023,0.2474,False,NOT_IN_DICT,
stt2,page_0104,7,14,áo,𥚃,襖,U+8956,0.7196,True,RESCUE_GOLD_MED,
stt2,page_0104,7,15,la,遥,邏,U+908F,0.0833,True,RESCUE_LOW_CONF,
stt2,page_0104,8,0,ao,顧,襖,U+8956,0.9649,False,NOT_IN_DICT,
stt2,page_0104,8,7,lạ,無,邏,U+908F,0.0424,True,RESCUE_LOW_CONF,
stt2,page_0104,8,8,lắm,淳,凜,U+51DC,0.4669,True,RESCUE_LOW_CONF,
stt2,page_0104,8,10,trắng,酣,能,U+80FD,0.1891,False,NOT_IN_DICT,
stt2,page_0104,8,12,nhẹ,亦,女,U+5973,0.1435,False,NOT_IN_DICT,
stt2,page_0104,8,14,ai,坂,埃,U+57C3,0.8166,True,RESCUE_GOLD_MED,
stt2,page_0104,8,18,giống,誓,種,U+7A2E,0.3644,True,RESCUE_LOW_CONF,
stt2,page_0104,9,0,đến,魯,歇,U+6B47,0.14,False,NOT_IN_DICT,
stt2,page_0104,9,13,đày,玄,塊,U+584A,0.3575,False,NOT_IN_DICT,
stt2,page_0104,9,18,nghi,拈,稜,U+7A1C,0.0497,False,NOT_IN_DICT,
stt2,page_0104,9,19,trên,處,連,U+9023,0.0753,True,RESCUE_LOW_CONF,
stt2,page_0106,1,0,mông,爱,夢,U+5922,0.3065,True,RESCUE_LOW_CONF,
stt2,page_0106,1,1,chin,孰,勉,U+52C9,0.5843,False,NOT_IN_DICT,
stt2,page_0106,1,4,a,愆,阿,U+963F,0.5519,True,RESCUE_LOW_CONF,
stt2,page_0106,1,6,lô,户,卢,U+5362,0.2943,True,RESCUE_LOW_CONF,
stt2,page_0106,2,2,này,危,尼,U+5C3C,0.9622,True,RESCUE_GOLD_HIGH,
stt2,page_0106,2,8,lê,添,黎,U+9ECE,0.4411,True,RESCUE_LOW_CONF,
stt2,page_0106,3,2,vua,列,君,U+541B,0.0739,True,RESCUE_LOW_CONF,
stt2,page_0106,3,6,thì,對,寺,U+5BFA,0.8622,True,RESCUE_GOLD_HIGH,
stt2,page_0106,3,15,tuổi,岸,歳,U+6B73,0.0685,True,RESCUE_LOW_CONF,
stt2,page_0106,4,7,nghĩa,姜,義,U+7FA9,0.1622,True,RESCUE_LOW_CONF,
stt2,page_0106,4,16,nghe,𪧐,宜,U+5B9C,0.9067,True,RESCUE_GOLD_HIGH,
stt2,page_0106,4,20,bẻ,𬒳,破,U+7834,0.4799,False,NOT_IN_DICT,
stt2,page_0106,5,0,răng,豔,殻,U+6BBB,0.0815,False,NOT_IN_DICT,
stt2,page_0106,5,18,lửa,斑,代,U+4EE3,0.8122,False,NOT_IN_DICT,
stt2,page_0106,6,3,đun,掩,把,U+628A,0.288,False,NOT_IN_DICT,
stt2,page_0106,6,4,lửa,如,罢,U+7F62,0.1382,False,NOT_IN_DICT,
stt2,page_0106,6,8,củi,擒,檜,U+6A9C,0.183,True,RESCUE_LOW_CONF,
stt2,page_0106,6,9,ngọn,花,壳,U+58F3,0.1649,False,NOT_IN_DICT,
stt2,page_0106,7,3,soi,煬,曠,U+66E0,0.1477,False,NOT_IN_DICT,
stt2,page_0106,7,7,ném,老,支,U+652F,0.2423,False,NOT_IN_DICT,
stt2,page_0106,7,10,lửa,死,包,U+5305,0.5791,False,NOT_IN_DICT,
stt2,page_0106,7,20,liền,厘,蓮,U+84EE,0.539,True,RESCUE_LOW_CONF,
stt2,page_0106,8,4,gieo,昭,塊,U+584A,0.2955,False,NOT_IN_DICT,
stt2,page_0106,8,11,khỏi,魂,塊,U+584A,0.9012,True,RESCUE_GOLD_HIGH,
stt2,page_0106,8,14,lên,期,連,U+9023,0.814,True,RESCUE_GOLD_MED,
stt2,page_0106,8,16,nghỉ,時,姑,U+59D1,0.1087,False,NOT_IN_DICT,
stt2,page_0106,8,18,mẻ,度,沫,U+6CAB,0.1081,False,NOT_IN_DICT,
stt2,page_0106,9,9,thánh,耋,垩,U+57A9,0.8373,True,RESCUE_GOLD_MED,
stt2,page_0106,9,11,chữa,取,𦔳,U+26533,0.7816,True,RESCUE_GOLD_MED,
stt2,page_0106,9,14,sâu,楼,漊,U+6F0A,0.1912,True,RESCUE_LOW_CONF,
stt2,page_0106,9,15,răng,陵,棱,U+68F1,0.3994,False,NOT_IN_DICT,
stt2,page_0108,1,3,kẻ,九,几,U+51E0,0.9503,True,RESCUE_GOLD_HIGH,
stt2,page_0108,1,9,là,晋,核,U+6838,0.2148,False,NOT_IN_DICT,
stt2,page_0108,1,10,gieo,哲,翁,U+7FC1,0.3501,False,NOT_IN_DICT,
stt2,page_0108,2,5,giết,册,折,U+6298,0.6845,True,RESCUE_LOW_CONF,
stt2,page_0108,2,7,bao,𮎛,包,U+5305,0.945,True,RESCUE_GOLD_HIGH,
stt2,page_0108,4,5,ra,呬,囉,U+56C9,0.0628,True,RESCUE_LOW_CONF,
stt2,page_0108,4,15,năm,𰚾,勧,U+52E7,0.3156,False,NOT_IN_DICT,
stt2,page_0108,4,18,năm,菌,南,U+5357,0.0904,True,RESCUE_LOW_CONF,
stt2,page_0108,5,2,ni,石,尼,U+5C3C,0.9067,True,RESCUE_GOLD_HIGH,
stt2,page_0108,6,0,xưa,傾,𥘉,U+25609,0.3042,True,RESCUE_LOW_CONF,
stt2,page_0108,6,2,thành,風,城,U+57CE,0.359,True,RESCUE_LOW_CONF,
stt2,page_0108,6,20,hai,喝,咍,U+548D,0.1924,True,RESCUE_LOW_CONF,
stt2,page_0108,7,1,ni,𢙢,尼,U+5C3C,0.8245,True,RESCUE_GOLD_MED,
stt2,page_0108,7,2,si,視,核,U+6838,0.0964,False,NOT_IN_DICT,
stt2,page_0108,7,10,anh,要,孾,U+5B7E,0.962,True,RESCUE_GOLD_HIGH,
stt2,page_0108,7,11,em,媲,俺,U+4FFA,0.0716,True,RESCUE_LOW_CONF,
stt2,page_0108,7,15,bởi,𠲘,罢,U+7F62,0.5794,True,RESCUE_LOW_CONF,
stt2,page_0108,8,6,càng,深,丕,U+4E15,0.29,False,NOT_IN_DICT,
stt2,page_0108,8,9,trước,難,寺,U+5BFA,0.3326,False,NOT_IN_DICT,
stt2,page_0108,8,12,ghét,袪,欺,U+6B3A,0.2161,False,NOT_IN_DICT,
stt2,page_0108,8,17,đường,虗,唐,U+5510,0.4259,True,RESCUE_LOW_CONF,
stt2,page_0108,9,0,thì,赶,寺,U+5BFA,0.971,True,RESCUE_GOLD_HIGH,
stt2,page_0108,9,5,sau,辨,椊,U+690A,0.1221,False,NOT_IN_DICT,
stt2,page_0108,9,9,rô,普,鋪,U+92EA,0.1531,False,NOT_IN_DICT,
stt2,page_0108,9,15,dái,卑,曳,U+66F3,0.3352,True,RESCUE_LOW_CONF,
stt2,page_0110,1,4,đi,度,多,U+591A,0.491,True,RESCUE_LOW_CONF,
stt2,page_0110,1,8,hai,密,巴,U+5DF4,0.8759,False,NOT_IN_DICT,
stt2,page_0110,1,14,nghĩa,𠵊,支,U+652F,0.0939,False,NOT_IN_DICT,
stt2,page_0110,1,17,ngày,尋,㝵,U+3775,0.5982,True,RESCUE_LOW_CONF,
stt2,page_0110,1,18,trước,雜,時,U+6642,0.0935,False,NOT_IN_DICT,
stt2,page_0110,2,0,le,脅,离,U+79BB,0.8563,True,RESCUE_GOLD_HIGH,
stt2,page_0110,2,1,thầy,探,柴,U+67F4,0.8289,True,RESCUE_GOLD_MED,
stt2,page_0110,2,7,nhà,遂,茹,U+8339,0.6657,True,RESCUE_LOW_CONF,
stt2,page_0110,2,11,xin,冥,真,U+771F,0.5035,True,RESCUE_LOW_CONF,
stt2,page_0110,3,3,chớ,滿,渚,U+6E1A,0.9007,True,RESCUE_GOLD_HIGH,
stt2,page_0110,3,17,chước,祈,斫,U+65AB,0.865,True,RESCUE_GOLD_HIGH,
stt2,page_0110,3,20,cho,殊,朱,U+6731,0.9499,True,RESCUE_GOLD_HIGH,
stt2,page_0110,4,0,càng,旌,強,U+5F37,0.2727,True,RESCUE_LOW_CONF,
stt2,page_0110,4,5,chăng,岳,𠊚,U+2029A,0.9634,False,NOT_IN_DICT,
stt2,page_0110,5,7,xưng,羽,称,U+79F0,0.4115,True,RESCUE_LOW_CONF,
stt2,page_0110,5,18,thì,奏,寺,U+5BFA,0.6306,True,RESCUE_LOW_CONF,
stt2,page_0110,6,6,tôi,𤇺,碎,U+788E,0.6486,True,RESCUE_LOW_CONF,
stt2,page_0110,6,16,hại,属,官,U+5B98,0.4912,False,NOT_IN_DICT,
stt2,page_0110,6,20,sự,可,功,U+529F,0.1323,False,NOT_IN_DICT,
stt2,page_0110,7,6,đoạn,𭄿,断,U+65AD,0.7877,True,RESCUE_GOLD_MED,
stt2,page_0110,7,13,đem,光,燒,U+71D2,0.2194,False,NOT_IN_DICT,
stt2,page_0110,7,19,măng,濟,𠊚,U+2029A,0.0834,False,NOT_IN_DICT,
stt2,page_0110,8,0,tiếng,咱,省,U+7701,0.2856,True,RESCUE_LOW_CONF,
stt2,page_0110,8,4,đi,後,多,U+591A,0.5467,True,RESCUE_LOW_CONF,
stt2,page_0110,8,6,giữa,佇,佇,U+4F47,0.8334,False,NOT_IN_DICT,
stt2,page_0110,9,10,điều,朝,調,U+8ABF,0.8474,True,RESCUE_GOLD_MED,
stt2,page_0110,9,12,một,舞,之,U+4E4B,0.9956,False,NOT_IN_DICT,
stt2,page_0110,9,13,lần,衣,没,U+6CA1,0.526,False,NOT_IN_DICT,
stt2,page_0112,1,12,chết,孤,折,U+6298,0.3921,True,RESCUE_LOW_CONF,
stt2,page_0112,1,13,sau,耨,連,U+9023,0.49,False,NOT_IN_DICT,
stt2,page_0112,1,20,ấy,瓜,衣,U+8863,0.9896,True,RESCUE_GOLD_HIGH,
stt2,page_0112,2,17,ra,隅,囉,U+56C9,0.431,True,RESCUE_LOW_CONF,
stt2,page_0112,2,18,trước,𮝻,時,U+6642,0.0586,False,NOT_IN_DICT,
stt2,page_0112,3,2,rày,圖,朝,U+671D,0.1181,False,NOT_IN_DICT,
stt2,page_0112,3,9,ngờ,与,多,U+591A,0.0979,False,NOT_IN_DICT,
stt2,page_0112,3,16,cứng,互,曳,U+66F3,0.1361,False,NOT_IN_DICT,
stt2,page_0112,5,4,em,議,俺,U+4FFA,0.2081,True,RESCUE_LOW_CONF,
stt2,page_0112,5,20,chém,知,智,U+667A,0.1243,False,NOT_IN_DICT,
stt2,page_0112,6,0,nó,如,奴,U+5974,0.8259,True,RESCUE_GOLD_MED,
stt2,page_0112,6,15,vua,刈,君,U+541B,0.3948,True,RESCUE_LOW_CONF,
stt2,page_0112,6,16,là,平,号,U+53F7,0.0272,True,RESCUE_LOW_CONF,
stt2,page_0112,7,0,thẳng,靣,髙,U+9AD9,0.1744,False,NOT_IN_DICT,
stt2,page_0112,7,4,chớ,虧,渚,U+6E1A,0.7993,True,RESCUE_GOLD_MED,
stt2,page_0112,7,6,tôi,碍,碎,U+788E,0.1933,True,RESCUE_LOW_CONF,
stt2,page_0112,7,17,vậy,右,丕,U+4E15,0.4024,True,RESCUE_LOW_CONF,
stt2,page_0112,7,21,trước,顯,欺,U+6B3A,0.5425,False,NOT_IN_DICT,
stt2,page_0112,8,6,theo,僥,𠊚,U+2029A,0.8869,False,NOT_IN_DICT,
stt2,page_0112,8,8,kẻo,簿,理,U+7406,0.6793,False,NOT_IN_DICT,
stt2,page_0112,8,15,trời,於,𡗶,U+215F6,0.3245,True,RESCUE_LOW_CONF,
stt2,page_0112,8,16,đã,任,㐌,U+340C,0.6321,True,RESCUE_LOW_CONF,
stt2,page_0112,9,15,chăng,知,㐌,U+340C,0.1603,False,NOT_IN_DICT,
stt2,page_0112,9,17,chém,胡,為,U+70BA,0.2951,False,NOT_IN_DICT,
stt2,page_0114,1,0,thì,扇,寺,U+5BFA,0.8471,True,RESCUE_GOLD_MED,
stt2,page_0114,1,7,chịu,民,召,U+53EC,0.0495,True,RESCUE_LOW_CONF,
stt2,page_0114,1,20,bây,恐,悲,U+60B2,0.2558,True,RESCUE_LOW_CONF,
stt2,page_0114,2,1,dạy,𤍠,赦,U+8D66,0.7018,False,NOT_IN_DICT,
stt2,page_0114,2,2,tha,代,代,U+4EE3,0.768,False,NOT_IN_DICT,
stt2,page_0114,2,3,thăng,耇,𤯝,U+24BDD,0.1611,False,NOT_IN_DICT,
stt2,page_0114,2,6,chém,如,加,U+52A0,0.091,False,NOT_IN_DICT,
stt2,page_0114,2,10,xi,摂,瑟,U+745F,0.1326,False,NOT_IN_DICT,
stt2,page_0114,2,16,trước,郡,重,U+91CD,0.9257,False,NOT_IN_DICT,
stt2,page_0114,3,1,trước,粹,軍,U+8ECD,0.057,False,NOT_IN_DICT,
stt2,page_0114,3,9,em,媚,命,U+547D,0.7516,False,NOT_IN_DICT,
stt2,page_0114,4,6,đời,云,丕,U+4E15,0.1414,False,NOT_IN_DICT,
stt2,page_0114,4,9,lời,初,礼,U+793C,0.2504,False,NOT_IN_DICT,
stt2,page_0114,4,12,giê,迂,支,U+652F,0.8494,True,RESCUE_GOLD_MED,
stt2,page_0114,4,16,bay,恐,悲,U+60B2,0.0911,True,RESCUE_LOW_CONF,
stt2,page_0114,5,3,đấu,斜,𧿫,U+27FEB,0.1935,False,NOT_IN_DICT,
stt2,page_0114,5,4,nào,弔,市,U+5E02,0.3797,True,RESCUE_LOW_CONF,
stt2,page_0114,5,8,bay,恐,悲,U+60B2,0.3401,True,RESCUE_LOW_CONF,
stt2,page_0114,5,12,đong,陳,㨂,U+3A02,0.5753,True,RESCUE_LOW_CONF,
stt2,page_0114,5,14,bay,恋,悲,U+60B2,0.4898,True,RESCUE_LOW_CONF,
stt2,page_0114,5,15,đấu,紏,呌,U+544C,0.1095,False,NOT_IN_DICT,
stt2,page_0114,6,2,đức,交,主,U+4E3B,0.4217,False,NOT_IN_DICT,
stt2,page_0114,6,6,một,舜,蔑,U+8511,0.2373,True,RESCUE_LOW_CONF,
stt2,page_0114,6,9,vợ,媚,婦,U+5A66,0.592,True,RESCUE_LOW_CONF,
stt2,page_0114,8,13,hai,出,𠊚,U+2029A,0.1947,False,NOT_IN_DICT,
stt2,page_0114,8,15,sàu,教,核,U+6838,0.1179,False,NOT_IN_DICT,
stt2,page_0114,9,0,mong,差,夢,U+5922,0.527,True,RESCUE_LOW_CONF,
stt2,page_0114,9,1,mươi,遍,迈,U+8FC8,0.0343,True,RESCUE_LOW_CONF,
stt2,page_0114,9,3,thánh,𡸁,垩,U+57A9,0.9331,True,RESCUE_GOLD_HIGH,
stt2,page_0114,9,5,li,醫,离,U+79BB,0.9138,True,RESCUE_GOLD_HIGH,
stt2,page_0116,1,12,sau,粹,連,U+9023,0.5797,False,NOT_IN_DICT,
stt2,page_0116,2,16,đến,佃,理,U+7406,0.1557,False,NOT_IN_DICT,
stt2,page_0116,2,17,tôi,遝,罪,U+7F6A,0.8644,False,NOT_IN_DICT,
stt2,page_0116,3,5,phạm,征,犯,U+72AF,0.9233,True,RESCUE_GOLD_HIGH,
stt2,page_0116,3,13,lam,而,仍,U+4ECD,0.3705,False,NOT_IN_DICT,
stt2,page_0116,3,14,ch,之,之,U+4E4B,0.2244,False,NOT_IN_DICT,
stt2,page_0116,4,7,nước,活,渃,U+6E03,0.098,True,RESCUE_LOW_CONF,
stt2,page_0116,4,9,lang,溘,没,U+6CA1,0.1547,False,NOT_IN_DICT,
stt2,page_0116,4,12,một,磊,𠊚,U+2029A,0.9922,False,NOT_IN_DICT,
stt2,page_0116,5,2,quý,青,貴,U+8CB4,0.4552,True,RESCUE_LOW_CONF,
stt2,page_0116,5,8,lê,聚,黎,U+9ECE,0.5942,True,RESCUE_LOW_CONF,
stt2,page_0116,5,9,ê,衣,依,U+4F9D,0.1623,True,RESCUE_LOW_CONF,
stt2,page_0116,5,16,chang,庄,庒,U+5E92,0.0201,True,RESCUE_LOW_CONF,
stt2,page_0116,5,18,v,馮,為,U+70BA,0.6483,False,NOT_IN_DICT,
stt2,page_0116,6,0,nết,虗,涅,U+6D85,0.431,True,RESCUE_LOW_CONF,
stt2,page_0116,6,7,hay,四,咍,U+548D,0.0618,True,RESCUE_LOW_CONF,
stt2,page_0116,6,8,mê,珠,迷,U+8FF7,0.1298,True,RESCUE_LOW_CONF,
stt2,page_0116,6,18,giống,禋,種,U+7A2E,0.6546,True,RESCUE_LOW_CONF,
stt2,page_0116,6,19,tội,遝,罪,U+7F6A,0.8572,True,RESCUE_GOLD_HIGH,
stt2,page_0116,7,0,nào,右,市,U+5E02,0.1005,True,RESCUE_LOW_CONF,
stt2,page_0116,7,1,trọng,臺,重,U+91CD,0.0893,True,RESCUE_LOW_CONF,
stt2,page_0116,7,21,pha,衆,葩,U+8469,0.636,True,RESCUE_LOW_CONF,
stt2,page_0116,8,10,pha,古,朱,U+6731,0.8451,False,NOT_IN_DICT,
stt2,page_0116,8,13,1,衣,衣,U+8863,0.8248,False,NOT_IN_DICT,
stt2,page_0116,8,16,gia,率,車,U+8ECA,0.848,False,NOT_IN_DICT,
stt2,page_0116,8,19,năm,面,願,U+9858,0.389,False,NOT_IN_DICT,
stt2,page_0116,9,3,liên,遲,連,U+9023,0.6255,True,RESCUE_LOW_CONF,
stt2,page_0116,9,4,xi,橈,楼,U+697C,0.1472,False,NOT_IN_DICT,
stt2,page_0116,9,7,hai,瓜,咍,U+548D,0.1233,True,RESCUE_LOW_CONF,
stt2,page_0116,9,8,pha,兹,葩,U+8469,0.8794,True,RESCUE_GOLD_HIGH,
stt2,page_0116,9,14,lê,系,黎,U+9ECE,0.2295,True,RESCUE_LOW_CONF,
stt2,page_0118,1,6,thánh,丑,垩,U+57A9,0.9485,True,RESCUE_GOLD_HIGH,
stt2,page_0118,1,8,pha,張,葩,U+8469,0.0327,True,RESCUE_LOW_CONF,
stt2,page_0118,1,14,của,云,古,U+53E4,0.0474,True,RESCUE_LOW_CONF,
stt2,page_0118,1,20,phải,汴,沛,U+6C9B,0.7315,True,RESCUE_GOLD_MED,
stt2,page_0118,2,2,pha,毛,葩,U+8469,0.4266,True,RESCUE_LOW_CONF,
stt2,page_0118,3,18,thánh,葉,翁,U+7FC1,0.7293,False,NOT_IN_DICT,
stt2,page_0118,4,6,mùa,券,冷,U+51B7,0.649,False,NOT_IN_DICT,
stt2,page_0118,5,13,nay,𡰪,尼,U+5C3C,0.4872,True,RESCUE_LOW_CONF,
stt2,page_0118,6,2,làm,和,柴,U+67F4,0.1779,False,NOT_IN_DICT,
stt2,page_0118,6,3,sự,寧,事,U+4E8B,0.0385,True,RESCUE_LOW_CONF,
stt2,page_0118,6,5,bây,啓,悲,U+60B2,0.7615,True,RESCUE_GOLD_MED,
stt2,page_0118,6,22,giờ,佺,除,U+9664,0.9048,True,RESCUE_GOLD_HIGH,
stt2,page_0118,7,2,sợ,烽,𢜝,U+2271D,0.772,True,RESCUE_GOLD_MED,
stt2,page_0118,7,4,xuống,𭔃,意,U+610F,0.3047,False,NOT_IN_DICT,
stt2,page_0118,7,6,xanh,𦾔,坦,U+5766,0.8336,False,NOT_IN_DICT,
stt2,page_0118,7,8,sùi,灌,徳,U+5FB3,0.2201,False,NOT_IN_DICT,
stt2,page_0118,7,11,ra,岷,囉,U+56C9,0.0079,True,RESCUE_LOW_CONF,
stt2,page_0118,7,17,kinh,奮,蚤,U+86A4,0.1381,False,NOT_IN_DICT,
stt2,page_0118,8,4,dám,率,願,U+9858,0.0842,False,NOT_IN_DICT,
stt2,page_0118,8,5,cãi,㐫,改,U+6539,0.8095,True,RESCUE_GOLD_MED,
stt2,page_0118,8,8,làm,氏,曳,U+66F3,0.4973,False,NOT_IN_DICT,
stt2,page_0118,8,12,vâng,彝,邦,U+90A6,0.0455,True,RESCUE_LOW_CONF,
stt2,page_0120,1,3,trước,聽,時,U+6642,0.4024,False,NOT_IN_DICT,
stt2,page_0120,1,8,lại,建,吏,U+540F,0.3363,True,RESCUE_LOW_CONF,
stt2,page_0120,1,10,lành,給,冷,U+51B7,0.6786,True,RESCUE_LOW_CONF,
stt2,page_0120,1,16,vậy,左,女,U+5973,0.7752,False,NOT_IN_DICT,
stt2,page_0120,2,5,gớm,幰,憾,U+61BE,0.6441,True,RESCUE_LOW_CONF,
stt2,page_0120,2,6,ghiếc,悔,恠,U+6060,0.372,False,NOT_IN_DICT,
stt2,page_0120,2,10,ngươi,𦤺,約,U+7D04,0.1631,False,NOT_IN_DICT,
stt2,page_0120,2,12,ghét,弦,結,U+7D50,0.1346,True,RESCUE_LOW_CONF,
stt2,page_0120,2,18,kia,夏,其,U+5176,0.8536,True,RESCUE_GOLD_HIGH,
stt2,page_0120,3,2,giải,𪠘,觧,U+89E7,0.3094,True,RESCUE_LOW_CONF,
stt2,page_0120,3,8,chưa,徳,渚,U+6E1A,0.115,True,RESCUE_LOW_CONF,
stt2,page_0120,3,10,hay,吟,咍,U+548D,0.0039,True,RESCUE_LOW_CONF,
stt2,page_0120,3,18,liền,𦀇,連,U+9023,0.0952,True,RESCUE_LOW_CONF,
stt2,page_0120,3,19,dái,寧,朱,U+6731,0.2019,False,NOT_IN_DICT,
stt2,page_0120,4,3,chăng,產,庄,U+5E84,0.0153,True,RESCUE_LOW_CONF,
stt2,page_0120,4,5,đóng,豫,支,U+652F,0.1024,False,NOT_IN_DICT,
stt2,page_0120,4,7,lại,克,吏,U+540F,0.7275,True,RESCUE_GOLD_MED,
stt2,page_0120,4,12,răng,哀,翁,U+7FC1,0.1313,False,NOT_IN_DICT,
stt2,page_0120,4,15,xưng,務,称,U+79F0,0.0219,True,RESCUE_LOW_CONF,
stt2,page_0120,5,3,nghĩa,晝,弄,U+5F04,0.1625,False,NOT_IN_DICT,
stt2,page_0120,5,20,một,磊,没,U+6CA1,0.3922,True,RESCUE_LOW_CONF,
stt2,page_0120,6,2,về,侑,𧗱,U+275F1,0.9211,True,RESCUE_GOLD_HIGH,
stt2,page_0120,6,3,nhà,遍,襖,U+8956,0.0867,False,NOT_IN_DICT,
stt2,page_0120,6,13,mai,理,埋,U+57CB,0.7763,True,RESCUE_GOLD_MED,
stt2,page_0120,6,20,khác,條,恪,U+606A,0.9156,True,RESCUE_GOLD_HIGH,
stt2,page_0120,6,22,wranghe,直,宜,U+5B9C,0.8717,False,NOT_IN_DICT,
stt2,page_0120,7,7,gọi,膏,噲,U+5672,0.0695,True,RESCUE_LOW_CONF,
stt2,page_0120,7,11,rèn,娜,把,U+628A,0.0885,False,NOT_IN_DICT,
stt2,page_0120,8,0,ấy,伏,衣,U+8863,0.4039,True,RESCUE_LOW_CONF,
stt2,page_0120,8,11,đáng,耆,當,U+7576,0.5909,True,RESCUE_LOW_CONF,
stt2,page_0120,8,12,sa,应,沙,U+6C99,0.803,True,RESCUE_GOLD_MED,
stt2,page_0120,8,20,vô,好,㐌,U+340C,0.2423,False,NOT_IN_DICT,
stt2,page_0120,9,3,đức,幻,包,U+5305,0.252,False,NOT_IN_DICT,
stt2,page_0122,1,4,thịt,蘭,極,U+6975,0.1658,False,NOT_IN_DICT,
stt2,page_0122,1,7,trọn,籥,命,U+547D,0.0804,False,NOT_IN_DICT,
stt2,page_0122,1,10,thí,証,施,U+65BD,0.9386,True,RESCUE_GOLD_HIGH,
stt2,page_0122,1,13,nhà,英,茹,U+8339,0.8448,True,RESCUE_GOLD_MED,
stt2,page_0122,1,19,chân,夏,真,U+771F,0.8187,True,RESCUE_GOLD_MED,
stt2,page_0122,1,21,tìm,昼,尋,U+5C0B,0.3794,True,RESCUE_LOW_CONF,
stt2,page_0122,2,1,thánh,盞,垩,U+57A9,0.6566,True,RESCUE_LOW_CONF,
stt2,page_0122,2,2,pha,敬,葩,U+8469,0.0991,True,RESCUE_LOW_CONF,
stt2,page_0122,2,17,mềm,侵,底,U+5E95,0.1858,False,NOT_IN_DICT,
stt2,page_0122,3,1,xưa,効,𥘉,U+25609,0.1443,True,RESCUE_LOW_CONF,
stt2,page_0122,3,2,nữa,立,女,U+5973,0.2091,True,RESCUE_LOW_CONF,
stt2,page_0122,3,5,cởi,梅,願,U+9858,0.3007,False,NOT_IN_DICT,
stt2,page_0122,3,6,áo,視,襖,U+8956,0.1129,True,RESCUE_LOW_CONF,
stt2,page_0122,3,14,kẹp,却,断,U+65AD,0.112,False,NOT_IN_DICT,
stt2,page_0122,3,15,sắt,巷,瑟,U+745F,0.2893,True,RESCUE_LOW_CONF,
stt2,page_0122,3,16,chặt,技,秩,U+79E9,0.421,True,RESCUE_LOW_CONF,
stt2,page_0122,4,0,lông,老,意,U+610F,0.3077,False,NOT_IN_DICT,
stt2,page_0122,4,1,ngựa,取,馭,U+99AD,0.5941,True,RESCUE_LOW_CONF,
stt2,page_0122,4,7,nón,嵌,欺,U+6B3A,0.3197,False,NOT_IN_DICT,
stt2,page_0122,4,9,đoạn,匠,段,U+6BB5,0.6993,True,RESCUE_LOW_CONF,
stt2,page_0122,4,12,thí,陁,施,U+65BD,0.8588,True,RESCUE_GOLD_HIGH,
stt2,page_0122,4,17,khó,渾,庫,U+5EAB,0.9516,True,RESCUE_GOLD_HIGH,
stt2,page_0122,4,19,giầy,堦,過,U+904E,0.0872,False,NOT_IN_DICT,
stt2,page_0122,5,0,đi,後,多,U+591A,0.8399,True,RESCUE_GOLD_MED,
stt2,page_0122,5,11,lêu,父,各,U+5404,0.2876,False,NOT_IN_DICT,
stt2,page_0122,5,14,ô,長,烏,U+70CF,0.9404,True,RESCUE_GOLD_HIGH,
stt2,page_0122,6,1,hai,吮,咍,U+548D,0.4096,True,RESCUE_LOW_CONF,
stt2,page_0122,6,4,sau,静,楼,U+697C,0.0343,True,RESCUE_LOW_CONF,
stt2,page_0122,6,14,pha,敬,葩,U+8469,0.2592,True,RESCUE_LOW_CONF,
stt2,page_0122,6,15,lang,凌,法,U+6CD5,0.5323,False,NOT_IN_DICT,
stt2,page_0122,6,16,sa,汪,及,U+53CA,0.2066,False,NOT_IN_DICT,
stt2,page_0122,6,20,về,徒,𧗱,U+275F1,0.3228,True,RESCUE_LOW_CONF,
stt2,page_0122,7,15,biết,剥,别,U+522B,0.8203,True,RESCUE_GOLD_MED,
stt2,page_0122,7,17,đã,尫,㐌,U+340C,0.8098,True,RESCUE_GOLD_MED,
stt2,page_0122,8,6,chiêm,虚,㐌,U+340C,0.159,False,NOT_IN_DICT,
stt2,page_0122,8,8,hay,吮,咍,U+548D,0.088,True,RESCUE_LOW_CONF,
stt2,page_0122,8,10,chước,砌,斫,U+65AB,0.0796,True,RESCUE_LOW_CONF,
stt2,page_0122,8,15,chắng,注,庄,U+5E84,0.4631,False,NOT_IN_DICT,
stt2,page_0122,9,2,nhường,旗,讓,U+8B93,0.8069,True,RESCUE_GOLD_MED,
stt2,page_0122,9,15,vồ,彚,𠊚,U+2029A,0.2423,False,NOT_IN_DICT,
stt2,page_0124,1,7,hay,呱,咍,U+548D,0.4198,True,RESCUE_LOW_CONF,
stt2,page_0124,1,10,một,犀,蔑,U+8511,0.3785,True,RESCUE_LOW_CONF,
stt2,page_0124,1,15,em,𡘤,麻,U+9EBB,0.0805,False,NOT_IN_DICT,
stt2,page_0124,2,1,tội,那,罪,U+7F6A,0.936,True,RESCUE_GOLD_HIGH,
stt2,page_0124,2,3,cùng,妥,共,U+5171,0.4481,True,RESCUE_LOW_CONF,
stt2,page_0124,2,5,nữa,立,女,U+5973,0.168,True,RESCUE_LOW_CONF,
stt2,page_0124,2,6,vồ,丑,釪,U+91EA,0.003,True,RESCUE_LOW_CONF,
stt2,page_0124,2,7,xem,祝,証,U+8A3C,0.1647,False,NOT_IN_DICT,
stt2,page_0124,3,4,giải,澼,觧,U+89E7,0.3406,True,RESCUE_LOW_CONF,
stt2,page_0124,3,7,mời,五,迈,U+8FC8,0.4555,False,NOT_IN_DICT,
stt2,page_0124,3,13,chịu,法,召,U+53EC,0.8963,True,RESCUE_GOLD_HIGH,
stt2,page_0124,3,14,xin,頁,真,U+771F,0.5227,True,RESCUE_LOW_CONF,
stt2,page_0124,3,16,một,䘮,没,U+6CA1,0.5163,True,RESCUE_LOW_CONF,
stt2,page_0124,3,17,lỗ,暑,盈,U+76C8,0.4255,False,NOT_IN_DICT,
stt2,page_0124,3,22,hang,詹,差,U+5DEE,0.1881,False,NOT_IN_DICT,
stt2,page_0124,4,4,ăn,妄,安,U+5B89,0.959,True,RESCUE_GOLD_HIGH,
stt2,page_0124,4,8,đã,先,㐌,U+340C,0.3847,True,RESCUE_LOW_CONF,
stt2,page_0124,4,11,trước,释,業,U+696D,0.0946,False,NOT_IN_DICT,
stt2,page_0124,4,17,chôn,𭔱,凜,U+51DC,0.6411,False,NOT_IN_DICT,
stt2,page_0124,5,0,sống,君,封,U+5C01,0.2623,False,NOT_IN_DICT,
stt2,page_0124,5,4,chín,伍,飭,U+98ED,0.1533,False,NOT_IN_DICT,
stt2,page_0124,5,5,năm,餉,南,U+5357,0.0273,True,RESCUE_LOW_CONF,
stt2,page_0124,5,8,một,䘮,没,U+6CA1,0.0265,True,RESCUE_LOW_CONF,
stt2,page_0124,5,9,ngày,蜀,㝵,U+3775,0.0575,True,RESCUE_LOW_CONF,
stt2,page_0124,5,11,một,奔,没,U+6CA1,0.5281,True,RESCUE_LOW_CONF,
stt2,page_0124,5,12,tấm,捲,糁,U+7CC1,0.0313,True,RESCUE_LOW_CONF,
stt2,page_0124,5,13,bánh,斥,軿,U+8EFF,0.0506,True,RESCUE_LOW_CONF,
stt2,page_0124,5,18,nước,话,渃,U+6E03,0.817,True,RESCUE_GOLD_MED,
stt2,page_0124,6,2,sắt,琴,瑟,U+745F,0.4347,True,RESCUE_LOW_CONF,
stt2,page_0124,6,4,lông,罨,𠊚,U+2029A,0.1414,False,NOT_IN_DICT,
stt2,page_0124,6,5,ngựa,恥,固,U+56FA,0.1268,False,NOT_IN_DICT,
stt2,page_0124,6,16,chăn,複,襖,U+8956,0.5697,False,NOT_IN_DICT,
stt2,page_0124,7,0,hang,𭕭,唐,U+5510,0.1691,False,NOT_IN_DICT,
stt2,page_0124,7,2,lẽo,子,丕,U+4E15,0.129,False,NOT_IN_DICT,
stt2,page_0124,7,6,vậy,憂,丕,U+4E15,0.3643,True,RESCUE_LOW_CONF,
stt2,page_0124,7,7,vui,虚,盃,U+76C3,0.6402,True,RESCUE_LOW_CONF,
stt2,page_0124,7,10,trước,肆,連,U+9023,0.075,False,NOT_IN_DICT,
stt2,page_0124,7,11,làm,名,乄,U+4E44,0.0713,True,RESCUE_LOW_CONF,
stt2,page_0124,7,14,coi,𭣵,該,U+8A72,0.5967,False,NOT_IN_DICT,
stt2,page_0124,7,19,áo,視,襖,U+8956,0.8661,True,RESCUE_GOLD_HIGH,
stt2,page_0124,8,5,ngon,吃,意,U+610F,0.1159,False,NOT_IN_DICT,
stt2,page_0124,8,6,mĩ,裹,美,U+7F8E,0.1817,True,RESCUE_LOW_CONF,
stt2,page_0124,8,11,đêm,疝,皮,U+76AE,0.0846,False,NOT_IN_DICT,
stt2,page_0124,8,13,nghỉ,巧,庄,U+5E84,0.035,False,NOT_IN_DICT,
stt2,page_0124,8,14,sốt,煇,焠,U+7120,0.0581,True,RESCUE_LOW_CONF,
stt2,page_0124,8,17,lóc,咲,哭,U+54ED,0.7666,False,NOT_IN_DICT,
stt2,page_0124,8,20,bắt,膽,悲,U+60B2,0.1256,False,NOT_IN_DICT,
stt2,page_0124,8,21,chước,惡,斫,U+65AB,0.3592,True,RESCUE_LOW_CONF,
stt2,page_0124,9,0,các,公,各,U+5404,0.7051,True,RESCUE_GOLD_MED,
stt2,page_0124,9,3,cho,妹,朱,U+6731,0.1359,True,RESCUE_LOW_CONF,
stt2,page_0124,9,5,ngày,屛,㝵,U+3775,0.5225,True,RESCUE_LOW_CONF,
stt2,page_0124,9,6,sau,弹,群,U+7FA4,0.203,False,NOT_IN_DICT,
stt2,page_0124,9,10,xuống,叡,下,U+4E0B,0.0303,True,RESCUE_LOW_CONF,
stt2,page_0124,9,11,giúp,孫,事,U+4E8B,0.0745,False,NOT_IN_DICT,
stt2,page_0124,9,13,an,岳,共,U+5171,0.4846,False,NOT_IN_DICT,
stt2,page_0124,9,18,vậy,還,逐,U+9010,0.3122,False,NOT_IN_DICT,
stt2,page_0126,1,0,quên,首,道,U+9053,0.1343,False,NOT_IN_DICT,
stt2,page_0126,1,5,sự,李,事,U+4E8B,0.9598,True,RESCUE_GOLD_HIGH,
stt2,page_0126,2,3,sau,毒,婁,U+5A41,0.042,True,RESCUE_LOW_CONF,
stt2,page_0126,3,14,sửa,𢦶,所,U+6240,0.4248,True,RESCUE_LOW_CONF,
stt2,page_0126,3,17,hiếp,屠,眉,U+7709,0.5393,False,NOT_IN_DICT,
stt2,page_0126,4,10,đến,佃,油,U+6CB9,0.0677,False,NOT_IN_DICT,
stt2,page_0126,4,12,tội,遜,罪,U+7F6A,0.9688,True,RESCUE_GOLD_HIGH,
stt2,page_0126,4,13,xưa,夜,𥘉,U+25609,0.6319,True,RESCUE_LOW_CONF,
stt2,page_0126,4,20,cùng,剪,穷,U+7A77,0.8538,True,RESCUE_GOLD_HIGH,
stt2,page_0126,5,6,bấy,冏,闭,U+95ED,0.0542,True,RESCUE_LOW_CONF,
stt2,page_0126,5,9,tai,聘,腮,U+816E,0.0397,True,RESCUE_LOW_CONF,
stt2,page_0126,5,11,nghe,暄,贖,U+8D16,0.3457,False,NOT_IN_DICT,
stt2,page_0126,5,17,nghe,𫆅,願,U+9858,0.1349,False,NOT_IN_DICT,
stt2,page_0126,5,20,bởi,美,罢,U+7F62,0.7818,True,RESCUE_GOLD_MED,
stt2,page_0126,6,8,toan,善,筭,U+7B6D,0.1547,True,RESCUE_LOW_CONF,
stt2,page_0126,6,19,hay,吹,庒,U+5E92,0.2585,False,NOT_IN_DICT,
stt2,page_0126,6,20,lời,廟,固,U+56FA,0.0706,False,NOT_IN_DICT,
stt2,page_0126,7,7,một,舜,没,U+6CA1,0.3313,True,RESCUE_LOW_CONF,
stt2,page_0126,7,8,ngày,尋,㝵,U+3775,0.4782,True,RESCUE_LOW_CONF,
stt2,page_0126,7,9,một,丧,蔑,U+8511,0.2029,True,RESCUE_LOW_CONF,
stt2,page_0126,7,19,trước,綽,連,U+9023,0.2584,False,NOT_IN_DICT,
stt2,page_0126,8,8,đi,徒,結,U+7D50,0.1683,False,NOT_IN_DICT,
stt2,page_0126,8,9,nước,短,渃,U+6E03,0.8026,True,RESCUE_GOLD_MED,
stt2,page_0126,8,10,i,冺,些,U+4E9B,0.094,False,NOT_IN_DICT,
stt2,page_0126,8,12,li,𡗚,离,U+79BB,0.7783,True,RESCUE_GOLD_MED,
stt2,page_0126,8,16,lúc,云,之,U+4E4B,0.6534,False,NOT_IN_DICT,
stt2,page_0126,8,17,ca,教,𰙔,U+30654,0.0513,True,RESCUE_LOW_CONF,
stt2,page_0126,8,20,ấy,瓜,衣,U+8863,0.4266,True,RESCUE_LOW_CONF,
stt2,page_0126,9,14,ví,在,爲,U+7232,0.0008,True,RESCUE_LOW_CONF,
stt2,page_0126,9,20,min,紹,綿,U+7DBF,0.5349,True,RESCUE_LOW_CONF,
stt2,page_0128,1,3,ấy,团,闭,U+95ED,0.2607,False,NOT_IN_DICT,
stt2,page_0128,1,16,dọn,遄,麻,U+9EBB,0.9216,False,NOT_IN_DICT,
stt2,page_0128,1,19,bấy,圎,闭,U+95ED,0.411,True,RESCUE_LOW_CONF,
stt2,page_0128,2,4,thương,𠋣,連,U+9023,0.1228,False,NOT_IN_DICT,
stt2,page_0128,4,5,răng,嚴,浪,U+6D6A,0.9696,True,RESCUE_GOLD_HIGH,
stt2,page_0128,4,18,giới,粮,械,U+68B0,0.0637,True,RESCUE_LOW_CONF,
stt2,page_0128,5,6,này,辰,尼,U+5C3C,0.8293,True,RESCUE_GOLD_MED,
stt2,page_0128,5,10,lên,座,麻,U+9EBB,0.2444,False,NOT_IN_DICT,
stt2,page_0128,5,12,cũ,妻,娄,U+5A04,0.0534,True,RESCUE_LOW_CONF,
stt2,page_0128,5,17,nơi,厯,尼,U+5C3C,0.8804,True,RESCUE_GOLD_HIGH,
stt2,page_0128,5,21,mà,昧,麻,U+9EBB,0.9183,True,RESCUE_GOLD_HIGH,
stt2,page_0128,6,3,áo,複,襖,U+8956,0.894,True,RESCUE_GOLD_HIGH,
stt2,page_0128,6,19,hang,屬,庫,U+5EAB,0.3225,False,NOT_IN_DICT,
stt2,page_0128,7,4,giục,遂,囉,U+56C9,0.1376,False,NOT_IN_DICT,
stt2,page_0128,7,11,sau,𩔗,連,U+9023,0.1679,False,NOT_IN_DICT,
stt2,page_0128,7,12,lại,委,吏,U+540F,0.2875,True,RESCUE_LOW_CONF,
stt2,page_0128,7,13,đi,数,移,U+79FB,0.0612,True,RESCUE_LOW_CONF,
stt2,page_0128,7,17,đi,麩,多,U+591A,0.0548,True,RESCUE_LOW_CONF,
stt2,page_0128,8,2,cô,然,姑,U+59D1,0.9453,True,RESCUE_GOLD_HIGH,
stt2,page_0128,8,7,nước,滛,渃,U+6E03,0.1161,True,RESCUE_LOW_CONF,
stt2,page_0128,8,12,một,磊,没,U+6CA1,0.4509,True,RESCUE_LOW_CONF,
stt2,page_0128,9,10,chước,祈,事,U+4E8B,0.5072,False,NOT_IN_DICT,
stt2,page_0130,2,0,hay,唯,咍,U+548D,0.2277,True,RESCUE_LOW_CONF,
stt2,page_0130,2,2,cùng,要,共,U+5171,0.889,True,RESCUE_GOLD_HIGH,
stt2,page_0130,2,5,đày,玄,四,U+56DB,0.7521,False,NOT_IN_DICT,
stt2,page_0130,2,9,hai,吰,𠊚,U+2029A,0.986,False,NOT_IN_DICT,
stt2,page_0130,2,14,rậm,堪,麻,U+9EBB,0.0919,False,NOT_IN_DICT,
stt2,page_0130,2,15,rạp,獵,模,U+6A21,0.185,False,NOT_IN_DICT,
stt2,page_0130,3,18,hùm,臉,糁,U+7CC1,0.1075,False,NOT_IN_DICT,
stt2,page_0130,3,20,sư,卿,獅,U+7345,0.4618,True,RESCUE_LOW_CONF,
stt2,page_0130,4,0,tử,廿,子,U+5B50,0.2866,True,RESCUE_LOW_CONF,
stt2,page_0130,4,6,răn,怪,朱,U+6731,0.1951,False,NOT_IN_DICT,
stt2,page_0130,4,19,vây,園,僥,U+50E5,0.0941,False,NOT_IN_DICT,
stt2,page_0130,5,7,âm,之,乄,U+4E44,0.1432,False,NOT_IN_DICT,
stt2,page_0130,5,8,làm,示,朱,U+6731,0.9679,False,NOT_IN_DICT,
stt2,page_0130,5,13,sọ,慱,鬼,U+9B3C,0.816,False,NOT_IN_DICT,
stt2,page_0130,5,20,kéo,囑,矯,U+77EF,0.1076,True,RESCUE_LOW_CONF,
stt2,page_0130,6,7,đau,疝,别,U+522B,0.2234,False,NOT_IN_DICT,
stt2,page_0130,6,22,troàicanh,思,朱,U+6731,0.5615,False,NOT_IN_DICT,
stt2,page_0130,7,11,xuống,塞,窣,U+7AA3,0.1279,False,NOT_IN_DICT,
stt2,page_0130,8,4,ri,預,願,U+9858,0.3674,False,NOT_IN_DICT,
stt2,page_0130,8,13,sưởi,灶,恠,U+6060,0.1589,False,NOT_IN_DICT,
stt2,page_0130,8,17,thơm,奢,貪,U+8CAA,0.5418,True,RESCUE_LOW_CONF,
stt2,page_0130,8,19,đã,花,㐌,U+340C,0.5059,True,RESCUE_LOW_CONF,
stt2,page_0130,9,0,mạnh,盂,孟,U+5B5F,0.697,True,RESCUE_LOW_CONF,
stt2,page_0132,1,7,xina,那,把,U+628A,0.1784,False,NOT_IN_DICT,
stt2,page_0132,1,11,xem,祸,拗,U+62D7,0.4688,False,NOT_IN_DICT,
stt2,page_0132,1,20,dữ,此,邁,U+9081,0.0599,False,NOT_IN_DICT,
stt2,page_0132,2,4,chịu,足,召,U+53EC,0.9074,True,RESCUE_GOLD_HIGH,
stt2,page_0132,2,6,mô,授,模,U+6A21,0.6531,True,RESCUE_LOW_CONF,
stt2,page_0132,2,20,chiu,𡰱,召,U+53EC,0.9452,False,NOT_IN_DICT,
stt2,page_0132,3,10,đem,泥,礼,U+793C,0.1348,False,NOT_IN_DICT,
stt2,page_0132,4,15,nghi,我,丐,U+4E10,0.0807,False,NOT_IN_DICT,
stt2,page_0132,5,22,đã,年,㐌,U+340C,0.0102,True,RESCUE_LOW_CONF,
stt2,page_0132,6,3,vì,庭,為,U+70BA,0.3739,True,RESCUE_LOW_CONF,
stt2,page_0132,6,11,đã,仼,㐌,U+340C,0.6552,True,RESCUE_LOW_CONF,
stt2,page_0132,6,18,đã,年,㐌,U+340C,0.2468,True,RESCUE_LOW_CONF,
stt2,page_0132,7,17,năm,郁,動,U+52D5,0.2288,False,NOT_IN_DICT,
stt2,page_0132,7,19,sáu,叔,老,U+8001,0.1446,True,RESCUE_LOW_CONF,
stt2,page_0132,7,20,năm,酢,願,U+9858,0.1039,False,NOT_IN_DICT,
stt2,page_0132,8,1,mọt,磊,蔑,U+8511,0.1795,False,NOT_IN_DICT,
stt2,page_0132,8,4,sa,涵,垩,U+57A9,0.2295,False,NOT_IN_DICT,
stt2,page_0132,9,2,ghét,然,結,U+7D50,0.903,True,RESCUE_GOLD_HIGH,
stt2,page_0134,1,10,phi,至,丕,U+4E15,0.8485,True,RESCUE_GOLD_MED,
stt2,page_0134,1,11,li,嚼,离,U+79BB,0.6447,True,RESCUE_LOW_CONF,
stt2,page_0134,1,12,xê,腰,連,U+9023,0.0733,False,NOT_IN_DICT,
stt2,page_0134,1,16,hai,𨺚,咍,U+548D,0.1043,True,RESCUE_LOW_CONF,
stt2,page_0134,1,18,l,衣,衣,U+8863,0.8623,False,NOT_IN_DICT,
stt2,page_0134,2,9,đòn,扼,㐌,U+340C,0.3424,False,NOT_IN_DICT,
stt2,page_0134,3,10,quan,言,跪,U+8DEA,0.1087,False,NOT_IN_DICT,
stt2,page_0134,3,17,vui,盂,盃,U+76C3,0.7576,True,RESCUE_GOLD_MED,
stt2,page_0134,3,18,và,哮,喡,U+55A1,0.1085,True,RESCUE_LOW_CONF,
stt2,page_0134,4,5,sau,葬,連,U+9023,0.0931,False,NOT_IN_DICT,
stt2,page_0134,4,16,rạc,廢,落,U+843D,0.6755,True,RESCUE_LOW_CONF,
stt2,page_0134,6,11,sai,羌,斈,U+6588,0.1292,False,NOT_IN_DICT,
stt2,page_0134,6,15,muông,玁,共,U+5171,0.2013,False,NOT_IN_DICT,
stt2,page_0134,7,7,dệu,姚,欺,U+6B3A,0.1193,False,NOT_IN_DICT,
stt2,page_0134,7,12,van,渠,萬,U+842C,0.1515,False,NOT_IN_DICT,
stt2,page_0134,7,13,van,之,𠊚,U+2029A,0.6504,False,NOT_IN_DICT,
stt2,page_0134,7,15,bón,𠾖,罢,U+7F62,0.2079,False,NOT_IN_DICT,
stt2,page_0134,7,20,chim,應,邁,U+9081,0.1666,False,NOT_IN_DICT,
stt2,page_0134,7,21,ac,翻,調,U+8ABF,0.1516,False,NOT_IN_DICT,
stt2,page_0134,8,7,chín,瓠,勉,U+52C9,0.3519,False,NOT_IN_DICT,
stt2,page_0134,8,9,năm,醇,願,U+9858,0.5742,False,NOT_IN_DICT,
stt2,page_0134,8,12,muông,稼,像,U+50CF,0.1789,False,NOT_IN_DICT,
stt2,page_0136,1,2,muốn,圈,悶,U+60B6,0.9614,True,RESCUE_GOLD_HIGH,
stt2,page_0136,3,0,ông,貧,翁,U+7FC1,0.3486,True,RESCUE_LOW_CONF,
stt2,page_0136,3,3,lên,㮚,連,U+9023,0.798,True,RESCUE_GOLD_MED,
stt2,page_0136,3,6,mồng,要,夢,U+5922,0.556,True,RESCUE_LOW_CONF,
stt2,page_0136,3,7,bảy,異,罢,U+7F62,0.3697,True,RESCUE_LOW_CONF,
stt2,page_0136,3,8,tháng,传,倘,U+5018,0.8182,True,RESCUE_GOLD_MED,
stt2,page_0136,3,17,vua,建,連,U+9023,0.8799,False,NOT_IN_DICT,
stt2,page_0136,3,18,valentê,暗,時,U+6642,0.1967,False,NOT_IN_DICT,
stt2,page_0136,4,1,chịu,又,召,U+53EC,0.4291,True,RESCUE_LOW_CONF,
stt2,page_0136,4,5,vua,相,君,U+541B,0.1031,True,RESCUE_LOW_CONF,
stt2,page_0136,5,9,vua,述,君,U+541B,0.2739,True,RESCUE_LOW_CONF,
stt2,page_0136,5,13,đày,兹,苔,U+82D4,0.1328,True,RESCUE_LOW_CONF,
stt2,page_0136,6,1,thật,座,实,U+5B9E,0.8774,True,RESCUE_GOLD_HIGH,
stt2,page_0136,6,9,vua,句,君,U+541B,0.0871,True,RESCUE_LOW_CONF,
stt2,page_0136,6,11,kia,篡,其,U+5176,0.7472,True,RESCUE_GOLD_MED,
stt2,page_0136,6,13,giục,極,逐,U+9010,0.0615,True,RESCUE_LOW_CONF,
stt2,page_0136,6,15,nước,踞,渃,U+6E03,0.1095,True,RESCUE_LOW_CONF,
stt2,page_0136,6,19,nước,浂,破,U+7834,0.1056,False,NOT_IN_DICT,
stt2,page_0136,7,5,sa,应,沙,U+6C99,0.3837,True,RESCUE_LOW_CONF,
stt2,page_0136,7,7,ên,蓬,蓮,U+84EE,0.3835,False,NOT_IN_DICT,
stt2,page_0136,7,10,mạnh,应,孟,U+5B5F,0.5969,True,RESCUE_LOW_CONF,
stt2,page_0136,8,19,bởi,黑,罢,U+7F62,0.2679,True,RESCUE_LOW_CONF,
stt2,page_0136,9,4,này,辰,尼,U+5C3C,0.6015,True,RESCUE_LOW_CONF,
stt2,page_0136,9,5,xin,首,真,U+771F,0.8438,True,RESCUE_GOLD_MED,
stt2,page_0136,9,10,theo,僥,饒,U+9952,0.0271,True,RESCUE_LOW_CONF,
stt2,page_0136,9,15,sau,犎,婁,U+5A41,0.0807,True,RESCUE_LOW_CONF,
stt2,page_0138,1,6,sen,遵,連,U+9023,0.0243,True,RESCUE_LOW_CONF,
stt2,page_0138,1,21,tin,弦,信,U+4FE1,0.8895,True,RESCUE_GOLD_HIGH,
stt2,page_0138,2,17,vua,句,寺,U+5BFA,0.2654,False,NOT_IN_DICT,
stt2,page_0138,3,11,chức,耶,聀,U+8040,0.2535,True,RESCUE_LOW_CONF,
stt2,page_0138,3,17,chăng,住,庄,U+5E84,0.3261,True,RESCUE_LOW_CONF,
stt2,page_0138,4,15,hậu,瓜,体,U+4F53,0.5421,False,NOT_IN_DICT,
stt2,page_0138,4,21,thì,街,寺,U+5BFA,0.9284,True,RESCUE_GOLD_HIGH,
stt2,page_0138,5,3,nước,蹉,渃,U+6E03,0.5514,True,RESCUE_LOW_CONF,
stt2,page_0138,5,9,lại,蓬,連,U+9023,0.1491,False,NOT_IN_DICT,
stt2,page_0138,5,14,rô,嘻,嗔,U+55D4,0.1886,False,NOT_IN_DICT,
stt2,page_0138,5,19,đức,厉,功,U+529F,0.1883,False,NOT_IN_DICT,
stt2,page_0138,5,22,chầy,虚,尼,U+5C3C,0.0524,True,RESCUE_LOW_CONF,
stt2,page_0138,6,0,kíp,君,急,U+6025,0.1084,True,RESCUE_LOW_CONF,
stt2,page_0138,6,8,vua,月,君,U+541B,0.2708,True,RESCUE_LOW_CONF,
stt2,page_0138,6,9,valentê,嗜,喡,U+55A1,0.4784,False,NOT_IN_DICT,
stt2,page_0138,6,13,một,屛,蔑,U+8511,0.1709,True,RESCUE_LOW_CONF,
stt2,page_0138,6,17,chạy,家,求,U+6C42,0.1557,False,NOT_IN_DICT,
stt2,page_0138,6,19,giặc,姑,姑,U+59D1,0.8474,False,NOT_IN_DICT,
stt2,page_0138,6,20,côtô,穌,穌,U+7A4C,0.9466,False,NOT_IN_DICT,
stt2,page_0138,7,14,đấy,辛,帝,U+5E1D,0.7033,True,RESCUE_GOLD_MED,
stt2,page_0138,7,16,đốt,柟,連,U+9023,0.7033,False,NOT_IN_DICT,
stt2,page_0138,8,4,con,混,昆,U+6606,0.0699,True,RESCUE_LOW_CONF,
stt2,page_0138,8,11,lửa,𢙢,茹,U+8339,0.0682,False,NOT_IN_DICT,
stt2,page_0138,8,15,lửa,居,茹,U+8339,0.1864,False,NOT_IN_DICT,
stt2,page_0138,8,21,thánh,丑,垩,U+57A9,0.9437,True,RESCUE_GOLD_HIGH,
stt2,page_0138,9,1,sen,遂,連,U+9023,0.5019,True,RESCUE_LOW_CONF,
stt2,page_0138,9,7,nước,麁,渃,U+6E03,0.7856,True,RESCUE_GOLD_MED,
stt2,page_0140,1,2,sức,衡,饬,U+996C,0.2129,True,RESCUE_LOW_CONF,
stt2,page_0140,1,6,già,慰,蘇,U+8607,0.2105,False,NOT_IN_DICT,
stt2,page_0140,1,9,nghỉ,菩,特,U+7279,0.1178,False,NOT_IN_DICT,
stt2,page_0140,1,12,dang,虗,堂,U+5802,0.9752,False,NOT_IN_DICT,
stt2,page_0140,2,12,được,诗,特,U+7279,0.3435,True,RESCUE_LOW_CONF,
stt2,page_0140,2,13,ba,恐,巴,U+5DF4,0.1005,True,RESCUE_LOW_CONF,
stt2,page_0140,2,15,tám,稔,糁,U+7CC1,0.0359,True,RESCUE_LOW_CONF,
stt2,page_0140,3,1,mươihai,公,城,U+57CE,0.1511,False,NOT_IN_DICT,
stt2,page_0140,3,4,eu,夭,夭,U+592D,0.7314,False,NOT_IN_DICT,
stt2,page_0140,3,5,la,昇,𠊚,U+2029A,0.2293,False,NOT_IN_DICT,
stt2,page_0140,3,7,a%,何,阿,U+963F,0.1971,False,NOT_IN_DICT,
stt2,page_0140,4,10,na,郡,那,U+90A3,0.3193,True,RESCUE_LOW_CONF,
stt2,page_0140,4,16,catalônha,寸,寺,U+5BFA,0.0922,False,NOT_IN_DICT,
stt2,page_0140,4,21,vua,沗,君,U+541B,0.6555,True,RESCUE_LOW_CONF,
stt2,page_0140,5,4,là,茫,形,U+5F62,0.0822,False,NOT_IN_DICT,
stt2,page_0140,5,5,da,𫆀,耶,U+8036,0.5538,True,RESCUE_LOW_CONF,
stt2,page_0140,5,7,ong,解,閉,U+9589,0.3359,False,NOT_IN_DICT,
stt2,page_0140,5,16,lo,芦,中,U+4E2D,0.1754,False,NOT_IN_DICT,
stt2,page_0140,6,13,nghĩa,姜,把,U+628A,0.9567,False,NOT_IN_DICT,
stt2,page_0140,7,5,đuối,府,対,U+5BFE,0.7682,True,RESCUE_GOLD_MED,
stt2,page_0140,7,12,vì,廌,為,U+70BA,0.9071,True,RESCUE_GOLD_HIGH,
stt2,page_0140,7,21,bon,采,罢,U+7F62,0.5766,False,NOT_IN_DICT,
stt2,page_0140,8,13,ông,弁,翁,U+7FC1,0.888,True,RESCUE_GOLD_HIGH,
stt2,page_0140,8,14,ấy,仁,衣,U+8863,0.9772,True,RESCUE_GOLD_HIGH,
stt2,page_0140,9,2,làm,𫠦,困,U+56F0,0.2879,False,NOT_IN_DICT,
stt2,page_0142,1,0,hào,蔽,𦝄,U+26744,0.1709,False,NOT_IN_DICT,
stt2,page_0142,1,6,hiền,置,冷,U+51B7,0.4005,False,NOT_IN_DICT,
stt2,page_0142,1,9,thà,寺,時,U+6642,0.0046,True,RESCUE_LOW_CONF,
stt2,page_0142,1,13,vua,疱,吏,U+540F,0.1084,False,NOT_IN_DICT,
stt2,page_0142,2,3,điều,錮,調,U+8ABF,0.2973,True,RESCUE_LOW_CONF,
stt2,page_0142,3,15,ru,呻,由,U+7531,0.489,True,RESCUE_LOW_CONF,
stt2,page_0142,4,12,vua,花,君,U+541B,0.0456,True,RESCUE_LOW_CONF,
stt2,page_0142,4,18,trẻ,祕,礼,U+793C,0.739,True,RESCUE_GOLD_MED,
stt2,page_0142,5,0,đòn,扼,㐌,U+340C,0.1239,False,NOT_IN_DICT,
stt2,page_0142,5,5,đánh,日,打,U+6253,0.8977,True,RESCUE_GOLD_HIGH,
stt2,page_0142,5,8,đánh,壬,打,U+6253,0.5566,True,RESCUE_LOW_CONF,
stt2,page_0142,5,10,sức,西,饬,U+996C,0.0354,True,RESCUE_LOW_CONF,
stt2,page_0142,5,12,xé,戲,賊,U+8CCA,0.2085,False,NOT_IN_DICT,
stt2,page_0142,5,13,thịt,來,調,U+8ABF,0.1522,False,NOT_IN_DICT,
stt2,page_0142,6,9,sức,衡,饬,U+996C,0.2825,True,RESCUE_LOW_CONF,
stt2,page_0142,6,13,đòn,掩,極,U+6975,0.0714,False,NOT_IN_DICT,
stt2,page_0142,6,17,dữ,共,共,U+5171,0.3912,False,NOT_IN_DICT,
stt2,page_0142,7,3,kéo,判,料,U+6599,0.4931,False,NOT_IN_DICT,
stt2,page_0142,7,13,câu,胸,泊,U+6CCA,0.2692,False,NOT_IN_DICT,
stt2,page_0142,7,16,thịt,硇,呐,U+5450,0.21,False,NOT_IN_DICT,
stt2,page_0142,7,18,nơi,辰,尼,U+5C3C,0.9109,True,RESCUE_GOLD_HIGH,
stt2,page_0142,8,4,đuốc,燈,曠,U+66E0,0.1882,False,NOT_IN_DICT,
stt2,page_0142,8,9,vôi,猛,碎,U+788E,0.4366,False,NOT_IN_DICT,
stt2,page_0142,8,13,và,嚅,喡,U+55A1,0.0744,True,RESCUE_LOW_CONF,
stt2,page_0142,9,1,dữ,𫤰,共,U+5171,0.2559,False,NOT_IN_DICT,
stt2,page_0142,9,4,chưa,遁,奴,U+5974,0.9661,False,NOT_IN_DICT,
stt2,page_0142,9,9,sôi,㷔,麻,U+9EBB,0.945,False,NOT_IN_DICT,
stt2,page_0142,9,15,chì,𦤺,枝,U+679D,0.2141,False,NOT_IN_DICT,
stt2,page_0142,9,18,hạt,能,紇,U+7D07,0.0584,True,RESCUE_LOW_CONF,
stt2,page_0142_p0132,1,5,lấy,祁,礼,U+793C,0.7845,True,RESCUE_GOLD_MED,
stt2,page_0142_p0132,1,6,sành,姓,性,U+6027,0.1819,False,NOT_IN_DICT,
stt2,page_0142_p0132,1,14,nến,履,魔,U+9B54,0.1913,False,NOT_IN_DICT,
stt2,page_0142_p0132,1,16,đốt,烱,焠,U+7120,0.1143,True,RESCUE_LOW_CONF,
stt2,page_0142_p0132,2,8,dữ,共,共,U+5171,0.1968,False,NOT_IN_DICT,
stt2,page_0142_p0132,2,9,kial,其,其,U+5176,0.8429,False,NOT_IN_DICT,
stt2,page_0142_p0132,2,13,dữ,些,女,U+5973,0.3425,False,NOT_IN_DICT,
stt2,page_0142_p0132,3,4,chịu,𡰣,召,U+53EC,0.864,True,RESCUE_GOLD_HIGH,
stt2,page_0142_p0132,3,6,đòn,陁,把,U+628A,0.1001,False,NOT_IN_DICT,
stt2,page_0142_p0132,3,17,trẻ,袍,礼,U+793C,0.8572,True,RESCUE_GOLD_HIGH,
stt2,page_0142_p0132,4,7,thêm,孫,渃,U+6E03,0.2151,False,NOT_IN_DICT,
stt2,page_0142_p0132,4,15,là,平,中,U+4E2D,0.1145,False,NOT_IN_DICT,
stt2,page_0142_p0132,5,2,hùm,脫,矯,U+77EF,0.2309,False,NOT_IN_DICT,
stt2,page_0142_p0132,5,3,hay,呪,咍,U+548D,0.0515,True,RESCUE_LOW_CONF,
stt2,page_0142_p0132,5,17,dạy,孔,代,U+4EE3,0.9961,True,RESCUE_GOLD_HIGH,
stt2,page_0142_p0132,5,23,chung,𦀇,終,U+7D42,0.0711,True,RESCUE_LOW_CONF,
stt2,page_0142_p0132,6,10,rút,禪,椊,U+690A,0.1679,True,RESCUE_LOW_CONF,
stt2,page_0142_p0132,6,16,và,業,喡,U+55A1,0.1749,True,RESCUE_LOW_CONF,
stt2,page_0142_p0132,8,5,trắng,解,耶,U+8036,0.1618,False,NOT_IN_DICT,
stt2,page_0142_p0132,8,12,x,虎,法,U+6CD5,0.2787,False,NOT_IN_DICT,
stt2,page_0142_p0132,9,0,che,性,枝,U+679D,0.2176,True,RESCUE_LOW_CONF,
stt2,page_0142_p0132,9,2,năm,献,動,U+52D5,0.5652,False,NOT_IN_DICT,
stt2,page_0142_p0132,9,3,lẻ,梅,橛,U+6A5B,0.3661,False,NOT_IN_DICT,
stt2,page_0142_p0132,9,4,năm,飯,飭,U+98ED,0.3571,False,NOT_IN_DICT,
stt2,page_0146,1,11,khiêng,軽,鮮,U+9BAE,0.1915,False,NOT_IN_DICT,
stt2,page_0146,1,13,nổi,授,挼,U+633C,0.0868,True,RESCUE_LOW_CONF,
stt2,page_0146,1,21,th,詩,寺,U+5BFA,0.5769,False,NOT_IN_DICT,
stt2,page_0146,2,3,thầy,深,柴,U+67F4,0.9647,True,RESCUE_GOLD_HIGH,
stt2,page_0146,2,5,mới,胥,買,U+8CB7,0.8794,True,RESCUE_GOLD_HIGH,
stt2,page_0146,2,6,nổi,沒,没,U+6CA1,0.3274,False,NOT_IN_DICT,
stt2,page_0146,2,10,nhà,恭,如,U+5982,0.6079,True,RESCUE_LOW_CONF,
stt2,page_0146,2,15,một,虚,没,U+6CA1,0.7211,True,RESCUE_GOLD_MED,
stt2,page_0146,3,11,gia,豬,瑟,U+745F,0.3721,False,NOT_IN_DICT,
stt2,page_0146,5,0,mư,遍,邁,U+9081,0.9177,False,NOT_IN_DICT,
stt2,page_0146,5,1,ba,四,巴,U+5DF4,0.6025,True,RESCUE_LOW_CONF,
stt2,page_0146,5,2,ong,貧,翁,U+7FC1,0.6238,True,RESCUE_LOW_CONF,
stt2,page_0146,6,8,sợ,隱,𢜝,U+2271D,0.2638,True,RESCUE_LOW_CONF,
stt2,page_0146,6,14,ngoan,有,頑,U+9811,0.308,True,RESCUE_LOW_CONF,
stt2,page_0146,7,6,một,犀,没,U+6CA1,0.5301,True,RESCUE_LOW_CONF,
stt2,page_0146,7,12,phù,状,扶,U+6276,0.7502,True,RESCUE_GOLD_MED,
stt2,page_0146,7,13,hộ,讓,䕶,U+4576,0.0198,True,RESCUE_LOW_CONF,
stt2,page_0146,7,20,chớ,请,渚,U+6E1A,0.6612,True,RESCUE_LOW_CONF,
stt2,page_0146,9,8,vậy,聖,丕,U+4E15,0.0933,True,RESCUE_LOW_CONF,
stt2,page_0148,1,0,tinh,𤰞,星,U+661F,0.0068,True,RESCUE_LOW_CONF,
stt2,page_0148,1,2,nô,如,奴,U+5974,0.7412,True,RESCUE_GOLD_MED,
stt2,page_0148,1,6,nước,既,於,U+65BC,0.205,True,RESCUE_LOW_CONF,
stt2,page_0148,1,7,pha,範,葩,U+8469,0.2593,True,RESCUE_LOW_CONF,
stt2,page_0148,1,10,na,即,那,U+90A3,0.9267,True,RESCUE_GOLD_HIGH,
stt2,page_0148,1,12,xi,沙,沙,U+6C99,0.6525,False,NOT_IN_DICT,
stt2,page_0148,1,13,sa,槎,拮,U+62EE,0.1858,False,NOT_IN_DICT,
stt2,page_0148,1,19,18,扵,格,U+683C,0.2344,False,NOT_IN_DICT,
stt2,page_0148,2,3,nhà,燕,茹,U+8339,0.2084,True,RESCUE_LOW_CONF,
stt2,page_0148,2,17,nhà,孟,茹,U+8339,0.6248,True,RESCUE_LOW_CONF,
stt2,page_0148,2,19,núi,因,因,U+56E0,0.4298,False,NOT_IN_DICT,
stt2,page_0148,2,20,người,晋,𠊚,U+2029A,0.964,True,RESCUE_GOLD_HIGH,
stt2,page_0148,3,7,đẹp,𫟒,葉,U+8449,0.039,True,RESCUE_LOW_CONF,
stt2,page_0148,3,15,xin,求,求,U+6C42,0.7187,False,NOT_IN_DICT,
stt2,page_0148,3,16,cầu,嗔,嗔,U+55D4,0.6268,False,NOT_IN_DICT,
stt2,page_0148,5,18,song,叔,双,U+53CC,0.9108,True,RESCUE_GOLD_HIGH,
stt2,page_0148,6,0,phúc,婦,福,U+798F,0.8532,True,RESCUE_GOLD_HIGH,
stt2,page_0148,6,13,án,要,安,U+5B89,0.9693,True,RESCUE_GOLD_HIGH,
stt2,page_0148,6,20,khuva,亐,与,U+4E0E,0.205,False,NOT_IN_DICT,
stt2,page_0148,6,21,dậv,曳,曳,U+66F3,0.8967,False,NOT_IN_DICT,
stt2,page_0148,7,4,ma,廣,魔,U+9B54,0.588,True,RESCUE_LOW_CONF,
stt2,page_0148,8,12,rồng,𨺚,除,U+9664,0.4426,False,NOT_IN_DICT,
stt2,page_0148,9,19,giê,寸,支,U+652F,0.8293,True,RESCUE_GOLD_MED,
stt2,page_0150,1,4,dái,寓,曳,U+66F3,0.6495,True,RESCUE_LOW_CONF,
stt2,page_0150,1,19,âm,些,呌,U+544C,0.8516,False,NOT_IN_DICT,
stt2,page_0150,1,20,ầm,上,四,U+56DB,0.1545,False,NOT_IN_DICT,
stt2,page_0150,2,2,gió,爺,愈,U+6108,0.201,True,RESCUE_LOW_CONF,
stt2,page_0150,2,7,lo,事,卢,U+5362,0.2032,True,RESCUE_LOW_CONF,
stt2,page_0150,2,15,chốn,淮,准,U+51C6,0.2267,True,RESCUE_LOW_CONF,
stt2,page_0150,3,2,núi,罸,离,U+79BB,0.2934,False,NOT_IN_DICT,
stt2,page_0150,3,7,nhăm,夜,勧,U+52E7,0.3437,False,NOT_IN_DICT,
stt2,page_0150,3,9,tiếng,首,仁,U+4EC1,0.7085,False,NOT_IN_DICT,
stt2,page_0150,3,15,mọi,海,尼,U+5C3C,0.4739,False,NOT_IN_DICT,
stt2,page_0150,4,10,trẻ,袵,礼,U+793C,0.4351,True,RESCUE_LOW_CONF,
stt2,page_0150,4,12,hay,密,咍,U+548D,0.5137,True,RESCUE_LOW_CONF,
stt2,page_0150,4,13,giữ,呼,佇,U+4F47,0.6996,True,RESCUE_LOW_CONF,
stt2,page_0150,5,0,nữ,立,女,U+5973,0.6339,True,RESCUE_LOW_CONF,
stt2,page_0150,5,4,sô,蜀,与,U+4E0E,0.148,False,NOT_IN_DICT,
stt2,page_0150,5,5,ê,宻,依,U+4F9D,0.0246,True,RESCUE_LOW_CONF,
stt2,page_0150,5,18,đấy,居,帝,U+5E1D,0.7745,True,RESCUE_GOLD_MED,
stt2,page_0150,6,4,ví,灰,拮,U+62EE,0.1225,False,NOT_IN_DICT,
stt2,page_0150,7,5,cười,具,麻,U+9EBB,0.953,False,NOT_IN_DICT,
stt2,page_0150,7,14,sẽ,伴,仕,U+4ED5,0.8235,True,RESCUE_GOLD_MED,
stt2,page_0150,8,8,tăm,证,意,U+610F,0.1714,False,NOT_IN_DICT,
stt2,page_0150,8,16,gói,㑹,中,U+4E2D,0.2093,False,NOT_IN_DICT,
stt2,page_0150,8,19,rách,征,施,U+65BD,0.0864,False,NOT_IN_DICT,
stt2,page_0150,9,1,giả,個,假,U+5047,0.2369,True,RESCUE_LOW_CONF,
stt2,page_0150,9,2,hình,如,如,U+5982,0.9027,False,NOT_IN_DICT,
stt2,page_0150,9,3,như,形,几,U+51E0,0.3736,False,NOT_IN_DICT,
stt2,page_0150,9,7,khi,貶,欺,U+6B3A,0.9327,True,RESCUE_GOLD_HIGH,
stt2,page_0150,9,12,thầy,集,柴,U+67F4,0.8277,True,RESCUE_GOLD_MED,
stt2,page_0150,9,19,đường,痕,恪,U+606A,0.1005,False,NOT_IN_DICT,
stt2,page_0152,1,2,đâu,傖,兜,U+515C,0.3736,True,RESCUE_LOW_CONF,
stt2,page_0152,1,5,lạy,祻,補,U+88DC,0.461,False,NOT_IN_DICT,
stt2,page_0152,1,8,thương,研,伤,U+4F24,0.0989,True,RESCUE_LOW_CONF,
stt2,page_0152,1,15,đêm,庻,店,U+5E97,0.8256,True,RESCUE_GOLD_MED,
stt2,page_0152,1,16,hùm,捨,修,U+4FEE,0.1553,False,NOT_IN_DICT,
stt2,page_0152,1,17,ăn,妄,安,U+5B89,0.9909,True,RESCUE_GOLD_HIGH,
stt2,page_0152,2,0,dái,或,曳,U+66F3,0.8063,True,RESCUE_GOLD_MED,
stt2,page_0152,2,9,lửa,炕,結,U+7D50,0.2068,False,NOT_IN_DICT,
stt2,page_0152,2,15,sưởi,灶,杜,U+675C,0.4137,False,NOT_IN_DICT,
stt2,page_0152,2,21,đóng,視,棟,U+68DF,0.1456,True,RESCUE_LOW_CONF,
stt2,page_0152,3,0,cửa,報,朗,U+6717,0.1262,False,NOT_IN_DICT,
stt2,page_0152,3,13,khỏi,魂,塊,U+584A,0.9089,True,RESCUE_GOLD_HIGH,
stt2,page_0152,4,0,động,致,動,U+52D5,0.5785,True,RESCUE_LOW_CONF,
stt2,page_0152,4,4,ngày,哷,時,U+6642,0.9291,True,RESCUE_GOLD_HIGH,
stt2,page_0152,4,7,ra,密,囉,U+56C9,0.1682,True,RESCUE_LOW_CONF,
stt2,page_0152,4,13,mặc,黔,黙,U+9ED9,0.0701,True,RESCUE_LOW_CONF,
stt2,page_0152,4,14,áo,禋,襖,U+8956,0.9719,True,RESCUE_GOLD_HIGH,
stt2,page_0152,5,0,hỏi,咿,每,U+6BCF,0.4805,True,RESCUE_LOW_CONF,
stt2,page_0152,5,1,răng,眉,眉,U+7709,0.9897,False,NOT_IN_DICT,
stt2,page_0152,5,2,mày,晨,浪,U+6D6A,0.8696,False,NOT_IN_DICT,
stt2,page_0152,5,3,là,戬,邏,U+908F,0.043,True,RESCUE_LOW_CONF,
stt2,page_0152,5,4,ai,旅,埃,U+57C3,0.8862,True,RESCUE_GOLD_HIGH,
stt2,page_0152,5,5,ai,丶,朱,U+6731,0.1491,False,NOT_IN_DICT,
stt2,page_0152,5,20,hôm,敔,歆,U+6B46,0.878,True,RESCUE_GOLD_HIGH,
stt2,page_0152,6,9,động,致,動,U+52D5,0.5814,True,RESCUE_LOW_CONF,
stt2,page_0152,6,11,bấy,商,闭,U+95ED,0.1923,True,RESCUE_LOW_CONF,
stt2,page_0152,6,14,đã,牴,㐌,U+340C,0.0234,True,RESCUE_LOW_CONF,
stt2,page_0152,7,1,dái,浅,曳,U+66F3,0.7867,True,RESCUE_GOLD_MED,
stt2,page_0152,7,9,đường,瘧,塘,U+5858,0.1272,True,RESCUE_LOW_CONF,
stt2,page_0152,7,15,xin,頁,真,U+771F,0.689,True,RESCUE_LOW_CONF,
stt2,page_0152,8,0,ra,将,囉,U+56C9,0.3796,True,RESCUE_LOW_CONF,
stt2,page_0152,8,7,soi,爐,焠,U+7120,0.1143,False,NOT_IN_DICT,
stt2,page_0152,8,18,tội,還,罪,U+7F6A,0.9345,True,RESCUE_GOLD_HIGH,
stt2,page_0152,9,5,ngăm,𪞘,吟,U+541F,0.4537,True,RESCUE_LOW_CONF,
stt2,page_0152,9,6,rằng,移,浪,U+6D6A,0.4473,True,RESCUE_LOW_CONF,
stt2,page_0152,9,7,thương,辟,伤,U+4F24,0.0531,True,RESCUE_LOW_CONF,
stt2,page_0152,9,8,hõi,矣,矣,U+77E3,0.792,False,NOT_IN_DICT,
stt2,page_0152,9,18,rày,遂,罰,U+7F70,0.2255,False,NOT_IN_DICT,
stt2,page_0152,9,19,lại,生,吏,U+540F,0.5937,True,RESCUE_LOW_CONF,
stt2,page_0154,1,0,toan,𫵠,筭,U+7B6D,0.6487,True,RESCUE_LOW_CONF,
stt2,page_0154,1,4,ru,雲,魂,U+9B42,0.8964,False,NOT_IN_DICT,
stt2,page_0154,1,6,suy,雅,𠊚,U+2029A,0.991,False,NOT_IN_DICT,
stt2,page_0154,1,14,gieo,如,塊,U+584A,0.1946,False,NOT_IN_DICT,
stt2,page_0154,1,18,ấy,不,衣,U+8863,0.6201,True,RESCUE_LOW_CONF,
stt2,page_0154,1,20,đốt,墻,塊,U+584A,0.1093,False,NOT_IN_DICT,
stt2,page_0154,2,2,sau,麦,婁,U+5A41,0.7118,True,RESCUE_GOLD_MED,
stt2,page_0154,2,4,ra,㽞,囉,U+56C9,0.3775,True,RESCUE_LOW_CONF,
stt2,page_0154,2,5,bấy,閒,闭,U+95ED,0.6031,True,RESCUE_LOW_CONF,
stt2,page_0154,2,11,xác,洗,壳,U+58F3,0.3157,True,RESCUE_LOW_CONF,
stt2,page_0154,2,12,thịt,網,調,U+8ABF,0.3182,False,NOT_IN_DICT,
stt2,page_0154,2,18,đã,知,㐌,U+340C,0.4482,True,RESCUE_LOW_CONF,
stt2,page_0154,3,1,vào,乞,包,U+5305,0.5693,True,RESCUE_LOW_CONF,
stt2,page_0154,3,2,lửa,跖,渃,U+6E03,0.2597,False,NOT_IN_DICT,
stt2,page_0154,3,5,nóng,營,燶,U+71F6,0.1297,True,RESCUE_LOW_CONF,
stt2,page_0154,3,9,huống,既,阮,U+962E,0.1361,False,NOT_IN_DICT,
stt2,page_0154,3,10,lọ,𨺚,路,U+8DEF,0.5669,True,RESCUE_LOW_CONF,
stt2,page_0154,3,11,là,晋,罢,U+7F62,0.2963,False,NOT_IN_DICT,
stt2,page_0154,4,3,lối,氣,磊,U+78CA,0.6351,True,RESCUE_LOW_CONF,
stt2,page_0154,4,10,lại,生,吏,U+540F,0.9316,True,RESCUE_GOLD_HIGH,
stt2,page_0154,4,15,một,舞,没,U+6CA1,0.7076,True,RESCUE_GOLD_MED,
stt2,page_0154,5,6,lại,在,安,U+5B89,0.8783,False,NOT_IN_DICT,
stt2,page_0154,5,12,cởi,檜,檜,U+6A9C,0.409,False,NOT_IN_DICT,
stt2,page_0154,5,13,áo,顧,襖,U+8956,0.9672,True,RESCUE_GOLD_HIGH,
stt2,page_0154,6,1,đi,法,多,U+591A,0.0162,True,RESCUE_LOW_CONF,
stt2,page_0154,6,6,thầy,棐,柴,U+67F4,0.9511,True,RESCUE_GOLD_HIGH,
stt2,page_0154,6,16,xui,次,鬼,U+9B3C,0.9342,False,NOT_IN_DICT,
stt2,page_0154,8,2,tôi,工,群,U+7FA4,0.0917,False,NOT_IN_DICT,
stt2,page_0154,8,11,nhà,委,如,U+5982,0.4179,True,RESCUE_LOW_CONF,
stt2,page_0154,8,15,tôi,群,碎,U+788E,0.0277,True,RESCUE_LOW_CONF,
stt2,page_0154,8,20,tôi,𦀇,碎,U+788E,0.1703,True,RESCUE_LOW_CONF,
stt2,page_0154,9,8,be,波,陂,U+9642,0.0738,True,RESCUE_LOW_CONF,
stt2,page_0154,9,11,lại,連,吏,U+540F,0.6259,True,RESCUE_LOW_CONF,
stt2,page_0154,9,17,kia,良,其,U+5176,0.7731,True,RESCUE_GOLD_MED,
stt2,page_0156,1,3,coi,魂,瑰,U+7470,0.0633,True,RESCUE_LOW_CONF,
stt2,page_0156,1,4,sóc,菊,補,U+88DC,0.0944,False,NOT_IN_DICT,
stt2,page_0156,1,16,chăng,床,時,U+6642,0.8379,False,NOT_IN_DICT,
stt2,page_0156,1,19,gì,乆,旦,U+65E6,0.215,False,NOT_IN_DICT,
stt2,page_0156,1,21,ăn,呼,安,U+5B89,0.3165,True,RESCUE_LOW_CONF,
stt2,page_0156,2,0,chay,奎,蚤,U+86A4,0.5957,False,NOT_IN_DICT,
stt2,page_0156,2,1,hãm,循,𨺻,U+28EBB,0.8231,True,RESCUE_GOLD_MED,
stt2,page_0156,2,7,khi,貶,欺,U+6B3A,0.9761,True,RESCUE_GOLD_HIGH,
stt2,page_0156,2,8,chết,昕,折,U+6298,0.3533,True,RESCUE_LOW_CONF,
stt2,page_0156,3,0,đoạn,漸,断,U+65AD,0.9027,True,RESCUE_GOLD_HIGH,
stt2,page_0156,3,8,lửa,恕,强,U+5F3A,0.0478,False,NOT_IN_DICT,
stt2,page_0156,3,9,cháy,𦀇,𤈜,U+2421C,0.4188,True,RESCUE_LOW_CONF,
stt2,page_0156,3,11,ngày,呼,時,U+6642,0.7808,True,RESCUE_GOLD_MED,
stt2,page_0156,3,13,đã,死,欺,U+6B3A,0.7518,False,NOT_IN_DICT,
stt2,page_0156,3,17,cũ,凄,如,U+5982,0.4927,False,NOT_IN_DICT,
stt2,page_0156,4,0,lại,進,吏,U+540F,0.8914,True,RESCUE_GOLD_HIGH,
stt2,page_0156,4,3,xưa,夜,初,U+521D,0.2023,True,RESCUE_LOW_CONF,
stt2,page_0156,4,5,vừa,庙,皮,U+76AE,0.2841,True,RESCUE_LOW_CONF,
stt2,page_0156,4,12,sau,繛,呌,U+544C,0.8865,False,NOT_IN_DICT,
stt2,page_0156,5,4,phạm,肥,犯,U+72AF,0.9799,True,RESCUE_GOLD_HIGH,
stt2,page_0156,5,17,ra,岷,囉,U+56C9,0.3236,True,RESCUE_LOW_CONF,
stt2,page_0156,6,2,bấy,闲,闭,U+95ED,0.3593,True,RESCUE_LOW_CONF,
stt2,page_0156,6,5,mắng,凑,莽,U+83BD,0.0454,True,RESCUE_LOW_CONF,
stt2,page_0156,6,7,rằng,良,浪,U+6D6A,0.9467,True,RESCUE_GOLD_HIGH,
stt2,page_0156,6,9,nghĩ,弓,特,U+7279,0.0899,False,NOT_IN_DICT,
stt2,page_0156,6,10,là,乇,時,U+6642,0.174,True,RESCUE_LOW_CONF,
stt2,page_0156,6,11,đã,冠,㐌,U+340C,0.1656,True,RESCUE_LOW_CONF,
stt2,page_0156,7,11,đi,麩,唐,U+5510,0.1623,False,NOT_IN_DICT,
stt2,page_0156,7,12,đường,瘧,唐,U+5510,0.0797,True,RESCUE_LOW_CONF,
stt2,page_0156,7,19,gần,𫠦,𧵆,U+27D46,0.4625,True,RESCUE_LOW_CONF,
stt2,page_0156,8,2,xin,宴,嗔,U+55D4,0.6597,True,RESCUE_LOW_CONF,
stt2,page_0156,8,12,biến,麽,外,U+5916,0.7412,False,NOT_IN_DICT,
stt2,page_0156,9,5,tháng,传,倘,U+5018,0.8231,True,RESCUE_GOLD_MED,
stt2,page_0158,1,10,đã,仼,固,U+56FA,0.9508,False,NOT_IN_DICT,
stt2,page_0158,2,3,giả,攸,假,U+5047,0.0962,True,RESCUE_LOW_CONF,
stt2,page_0158,3,6,núi,昺,离,U+79BB,0.2924,False,NOT_IN_DICT,
stt2,page_0158,3,9,6,吞,老,U+8001,0.0904,False,NOT_IN_DICT,
stt2,page_0158,3,15,cướp,机,城,U+57CE,0.1539,False,NOT_IN_DICT,
stt2,page_0158,3,19,phải,斥,衣,U+8863,0.7532,False,NOT_IN_DICT,
stt2,page_0158,4,4,còn,佯,群,U+7FA4,0.5401,True,RESCUE_LOW_CONF,
stt2,page_0158,4,10,mươi,𫞓,歳,U+6B73,0.384,False,NOT_IN_DICT,
stt2,page_0158,4,11,lăm,迤,邁,U+9081,0.4088,False,NOT_IN_DICT,
stt2,page_0158,4,12,tuổi,林,林,U+6797,0.6789,False,NOT_IN_DICT,
stt2,page_0158,4,18,con,思,昆,U+6606,0.3249,True,RESCUE_LOW_CONF,
stt2,page_0158,5,4,đâu,既,欺,U+6B3A,0.0605,False,NOT_IN_DICT,
stt2,page_0158,5,7,tôi,群,碎,U+788E,0.9122,True,RESCUE_GOLD_HIGH,
stt2,page_0158,5,11,bây,厯,悲,U+60B2,0.8723,True,RESCUE_GOLD_HIGH,
stt2,page_0158,5,14,dái,民,曳,U+66F3,0.097,True,RESCUE_LOW_CONF,
stt2,page_0158,5,16,quỳ,思,鬼,U+9B3C,0.9222,False,NOT_IN_DICT,
stt2,page_0158,5,19,chăng,在,庄,U+5E84,0.3151,True,RESCUE_LOW_CONF,
stt2,page_0158,6,1,còn,佯,群,U+7FA4,0.3733,True,RESCUE_LOW_CONF,
stt2,page_0158,6,6,đem,𭺛,燒,U+71D2,0.0896,False,NOT_IN_DICT,
stt2,page_0158,6,14,rơm,穮,撰,U+64B0,0.111,False,NOT_IN_DICT,
stt2,page_0158,6,16,một,舜,没,U+6CA1,0.4364,True,RESCUE_LOW_CONF,
stt2,page_0158,7,1,nơi,召,尼,U+5C3C,0.9776,True,RESCUE_GOLD_HIGH,
stt2,page_0158,7,11,nước,蹉,渃,U+6E03,0.8161,True,RESCUE_GOLD_MED,
stt2,page_0158,7,17,hai,恱,跪,U+8DEA,0.209,False,NOT_IN_DICT,
stt2,page_0158,7,18,tháng,俻,倘,U+5018,0.3803,True,RESCUE_LOW_CONF,
stt2,page_0158,8,14,ngoài,变,破,U+7834,0.2938,False,NOT_IN_DICT,
stt2,page_0158,8,15,biến,外,外,U+5916,0.9799,False,NOT_IN_DICT,
stt2,page_0160,1,3,xuống,𡨜,餅,U+9905,0.1104,False,NOT_IN_DICT,
stt2,page_0160,1,5,sống,𭺾,封,U+5C01,0.1436,False,NOT_IN_DICT,
stt2,page_0160,1,8,ơn,息,恩,U+6069,0.4593,True,RESCUE_LOW_CONF,
stt2,page_0160,1,16,lội,原,磊,U+78CA,0.6264,True,RESCUE_LOW_CONF,
stt2,page_0160,1,18,biển,漆,彼,U+5F7C,0.274,True,RESCUE_LOW_CONF,
stt2,page_0160,2,4,cá,丁,行,U+884C,0.1457,False,NOT_IN_DICT,
stt2,page_0160,2,5,lớn,履,願,U+9858,0.1776,False,NOT_IN_DICT,
stt2,page_0160,2,7,trước,群,事,U+4E8B,0.1863,False,NOT_IN_DICT,
stt2,page_0160,3,15,kia,夏,其,U+5176,0.343,True,RESCUE_LOW_CONF,
stt2,page_0160,3,17,đầu,𫥢,兠,U+5160,0.2178,False,NOT_IN_DICT,
stt2,page_0160,4,2,làm,差,乄,U+4E44,0.0015,True,RESCUE_LOW_CONF,
stt2,page_0160,4,8,nhiều,既,僥,U+50E5,0.6857,False,NOT_IN_DICT,
stt2,page_0160,4,16,toan,善,筭,U+7B6D,0.2161,True,RESCUE_LOW_CONF,
stt2,page_0160,5,13,atina,那,那,U+90A3,0.9822,False,NOT_IN_DICT,
stt2,page_0160,5,20,một,䘮,没,U+6CA1,0.7095,True,RESCUE_GOLD_MED,
stt2,page_0160,6,4,đi,𦀇,灵,U+7075,0.3574,False,NOT_IN_DICT,
stt2,page_0160,6,12,năm,菌,南,U+5357,0.933,True,RESCUE_GOLD_HIGH,
stt2,page_0160,6,17,nhau,陪,僥,U+50E5,0.9292,True,RESCUE_GOLD_HIGH,
stt2,page_0160,6,18,thầy,菜,柴,U+67F4,0.4216,True,RESCUE_LOW_CONF,
stt2,page_0160,6,19,xin,有,嗔,U+55D4,0.0351,True,RESCUE_LOW_CONF,
stt2,page_0160,7,2,vồ,星,求,U+6C42,0.9341,False,NOT_IN_DICT,
stt2,page_0160,7,5,đoan,蒞,灵,U+7075,0.6963,False,NOT_IN_DICT,
stt2,page_0160,7,12,chốn,桂,准,U+51C6,0.2159,True,RESCUE_LOW_CONF,
stt2,page_0160,7,18,đời,錢,代,U+4EE3,0.5774,True,RESCUE_LOW_CONF,
stt2,page_0160,9,14,gái,好,𡛔,U+216D4,0.1597,True,RESCUE_LOW_CONF,
stt2,page_0160,9,16,hãi,恢,㤥,U+3925,0.2246,True,RESCUE_LOW_CONF,
stt2,page_0162,1,2,sự,李,命,U+547D,0.7967,False,NOT_IN_DICT,
stt2,page_0162,1,5,phong,用,波,U+6CE2,0.2142,False,NOT_IN_DICT,
stt2,page_0162,1,15,bấy,囦,闭,U+95ED,0.3549,True,RESCUE_LOW_CONF,
stt2,page_0162,1,18,dốc,善,篤,U+7BE4,0.1401,True,RESCUE_LOW_CONF,
stt2,page_0162,2,10,bông,尾,庄,U+5E84,0.1725,False,NOT_IN_DICT,
stt2,page_0162,2,17,vải,觸,腮,U+816E,0.0976,False,NOT_IN_DICT,
stt2,page_0162,3,2,sáu,教,老,U+8001,0.2271,True,RESCUE_LOW_CONF,
stt2,page_0162,3,4,mới,首,買,U+8CB7,0.4506,True,RESCUE_LOW_CONF,
stt2,page_0162,3,9,sau,静,𠊚,U+2029A,0.0858,False,NOT_IN_DICT,
stt2,page_0162,3,12,đi,𰬈,其,U+5176,0.7478,False,NOT_IN_DICT,
stt2,page_0162,3,15,đã,任,㐌,U+340C,0.0017,True,RESCUE_LOW_CONF,
stt2,page_0162,4,5,hay,吮,咍,U+548D,0.0702,True,RESCUE_LOW_CONF,
stt2,page_0162,4,12,cất,去,拮,U+62EE,0.8034,True,RESCUE_GOLD_MED,
stt2,page_0162,5,5,này,在,尼,U+5C3C,0.0296,True,RESCUE_LOW_CONF,
stt2,page_0162,7,13,tám,於,糁,U+7CC1,0.2085,True,RESCUE_LOW_CONF,
stt2,page_0162,7,16,năm,師,勧,U+52E7,0.1299,False,NOT_IN_DICT,
stt2,page_0162,8,1,bon,举,末,U+672B,0.1375,False,NOT_IN_DICT,
stt2,page_0162,8,6,tinh%,星,星,U+661F,0.8931,False,NOT_IN_DICT,
stt2,page_0162,9,3,rô,溍,稽,U+7A3D,0.0934,False,NOT_IN_DICT,
stt2,page_0162,9,4,ma,珠,理,U+7406,0.3045,False,NOT_IN_DICT,
stt2,page_0162,9,7,thầv,柴,柴,U+67F4,0.9469,False,NOT_IN_DICT,
stt2,page_0162,9,11,va,褘,撑,U+6491,0.17,False,NOT_IN_DICT,
stt2,page_0164,1,3,trước,粹,畧,U+7567,0.0592,True,RESCUE_LOW_CONF,
stt2,page_0164,1,4,mặt,桓,樞,U+6A1E,0.1477,False,NOT_IN_DICT,
stt2,page_0164,2,1,nước,侯,渃,U+6E03,0.1221,True,RESCUE_LOW_CONF,
stt2,page_0164,2,2,rô,晋,𠊚,U+2029A,0.1833,False,NOT_IN_DICT,
stt2,page_0164,2,7,la,罟,罢,U+7F62,0.216,False,NOT_IN_DICT,
stt2,page_0164,2,12,măng,唪,奏,U+594F,0.1207,False,NOT_IN_DICT,
stt2,page_0164,3,5,lăm,渠,凜,U+51DC,0.5614,False,NOT_IN_DICT,
stt2,page_0164,3,9,khác,收,恪,U+606A,0.9364,True,RESCUE_GOLD_HIGH,
stt2,page_0164,3,10,theo,僥,燒,U+71D2,0.018,True,RESCUE_LOW_CONF,
stt2,page_0164,3,16,đòi,縁,隊,U+968A,0.0649,True,RESCUE_LOW_CONF,
stt2,page_0164,5,3,sao,夲,牢,U+7262,0.4714,True,RESCUE_LOW_CONF,
stt2,page_0164,5,15,ao,淘,拗,U+62D7,0.1094,True,RESCUE_LOW_CONF,
stt2,page_0164,6,4,nhiệm,用,冉,U+5189,0.1059,True,RESCUE_LOW_CONF,
stt2,page_0164,7,13,bấy,固,闭,U+95ED,0.0856,True,RESCUE_LOW_CONF,
stt2,page_0164,8,0,hay,收,咍,U+548D,0.1086,True,RESCUE_LOW_CONF,
stt2,page_0164,8,2,nghĩa,達,義,U+7FA9,0.1228,True,RESCUE_LOW_CONF,
stt2,page_0164,8,3,nghe,首,宜,U+5B9C,0.9617,True,RESCUE_GOLD_HIGH,
stt2,page_0164,8,12,nếu,衾,𠊚,U+2029A,0.3087,False,NOT_IN_DICT,
stt2,page_0164,9,2,ru,岫,由,U+7531,0.4056,True,RESCUE_LOW_CONF,
stt2,page_0166,1,7,thắng,芍,𤯝,U+24BDD,0.1638,True,RESCUE_LOW_CONF,
stt2,page_0166,2,14,trở,別,連,U+9023,0.6834,False,NOT_IN_DICT,
stt2,page_0166,2,15,mặt,栖,末,U+672B,0.0543,True,RESCUE_LOW_CONF,
stt2,page_0166,2,19,vua,烱,君,U+541B,0.0277,True,RESCUE_LOW_CONF,
stt2,page_0166,3,0,nghe,盾,宜,U+5B9C,0.9247,True,RESCUE_GOLD_HIGH,
stt2,page_0166,4,7,mặt,桐,末,U+672B,0.2049,True,RESCUE_LOW_CONF,
stt2,page_0166,4,11,g,謁,調,U+8ABF,0.7252,False,NOT_IN_DICT,
stt2,page_0166,4,13,vua,月,君,U+541B,0.6961,True,RESCUE_LOW_CONF,
stt2,page_0166,4,17,quan,言,官,U+5B98,0.9487,True,RESCUE_GOLD_HIGH,
stt2,page_0166,5,8,thăng,而,孟,U+5B5F,0.3502,False,NOT_IN_DICT,
stt2,page_0166,5,15,dở,社,杜,U+675C,0.7824,False,NOT_IN_DICT,
stt2,page_0166,6,8,truyền,侍,傳,U+50B3,0.9498,True,RESCUE_GOLD_HIGH,
stt2,page_0166,7,0,điều,退,調,U+8ABF,0.8645,True,RESCUE_GOLD_HIGH,
stt2,page_0166,7,4,hào,瞂,徵,U+5FB5,0.114,False,NOT_IN_DICT,
stt2,page_0166,9,2,khác,𢡖,恪,U+606A,0.9893,True,RESCUE_GOLD_HIGH,
stt2,page_0166,9,6,ti,昇,𤰞,U+24C1E,0.5405,True,RESCUE_LOW_CONF,
stt2,page_0166,9,17,quanay,似,衣,U+8863,0.9806,False,NOT_IN_DICT,
stt2,page_0168,3,2,là,垩,号,U+53F7,0.0318,True,RESCUE_LOW_CONF,
stt2,page_0168,3,4,làm,口,乄,U+4E44,0.0933,True,RESCUE_LOW_CONF,
stt2,page_0168,3,14,đã,托,㐌,U+340C,0.4327,True,RESCUE_LOW_CONF,
stt2,page_0168,3,18,ví,哲,每,U+6BCF,0.0982,False,NOT_IN_DICT,
stt2,page_0168,4,10,lời,有,南,U+5357,0.0994,False,NOT_IN_DICT,
stt2,page_0168,5,2,trá,兹,詐,U+8A50,0.264,True,RESCUE_LOW_CONF,
stt2,page_0168,5,5,đem,𭺛,麻,U+9EBB,0.1508,False,NOT_IN_DICT,
stt2,page_0168,5,7,tối,暈,最,U+6700,0.6137,True,RESCUE_LOW_CONF,
stt2,page_0168,5,17,tay,翹,思,U+601D,0.2317,True,RESCUE_LOW_CONF,
stt2,page_0168,5,18,để,感,底,U+5E95,0.0171,True,RESCUE_LOW_CONF,
stt2,page_0168,6,5,nguyện,𩔊,願,U+9858,0.9675,True,RESCUE_GOLD_HIGH,
stt2,page_0168,6,6,rằng,良,浪,U+6D6A,0.9549,True,RESCUE_GOLD_HIGH,
stt2,page_0168,7,17,liền,遲,連,U+9023,0.8999,True,RESCUE_GOLD_HIGH,
stt2,page_0168,8,0,quỳ,昵,跪,U+8DEA,0.9213,True,RESCUE_GOLD_HIGH,
stt2,page_0168,8,14,dạy,𢦤,代,U+4EE3,0.5781,True,RESCUE_LOW_CONF,
stt2,page_0168,9,2,nhà,義,茹,U+8339,0.6514,True,RESCUE_LOW_CONF,
stt2,page_0168,9,8,chay,荼,奉,U+5949,0.3277,False,NOT_IN_DICT,
stt2,page_0168,9,10,ngày,曝,時,U+6642,0.6594,True,RESCUE_LOW_CONF,
stt2,page_0170,2,9,sáu,耘,老,U+8001,0.1843,True,RESCUE_LOW_CONF,
stt2,page_0170,2,12,măng,凑,味,U+5473,0.216,False,NOT_IN_DICT,
stt2,page_0170,3,7,bắt,我,扒,U+6252,0.9541,True,RESCUE_GOLD_HIGH,
stt2,page_0170,4,2,đòn,柂,主,U+4E3B,0.1927,False,NOT_IN_DICT,
stt2,page_0170,5,9,trước,弹,移,U+79FB,0.0632,False,NOT_IN_DICT,
stt2,page_0170,5,10,mặt,稍,神,U+795E,0.1924,False,NOT_IN_DICT,
stt2,page_0170,6,14,trăm,板,称,U+79F0,0.1251,False,NOT_IN_DICT,
stt2,page_0170,6,17,mốt,戛,蔑,U+8511,0.2729,True,RESCUE_LOW_CONF,
stt2,page_0170,6,18,năm,献,朝,U+671D,0.0933,False,NOT_IN_DICT,
stt2,page_0170,6,19,ong,𡬦,翁,U+7FC1,0.5547,True,RESCUE_LOW_CONF,
stt2,page_0170,7,16,va,啼,連,U+9023,0.623,False,NOT_IN_DICT,
stt2,page_0170,8,1,làm,捧,林,U+6797,0.7936,False,NOT_IN_DICT,
stt2,page_0170,8,4,phao,班,垩,U+57A9,0.9135,False,NOT_IN_DICT,
stt2,page_0170,8,16,truyện,将,傳,U+50B3,0.9342,True,RESCUE_GOLD_HIGH,
stt2,page_0170,9,0,hai,臨,咍,U+548D,0.1746,True,RESCUE_LOW_CONF,
stt2,page_0170,9,4,anh,妻,孾,U+5B7E,0.9495,True,RESCUE_GOLD_HIGH,
stt2,page_0170,9,5,em,鐘,俺,U+4FFA,0.0597,True,RESCUE_LOW_CONF,
stt2,page_0170,9,7,nhà,英,茹,U+8339,0.1216,True,RESCUE_LOW_CONF,
stt2,page_0170,9,13,thành,滅,城,U+57CE,0.9166,True,RESCUE_GOLD_HIGH,
stt2,page_0170,9,14,bi,懋,悲,U+60B2,0.8053,True,RESCUE_GOLD_MED,
stt2,page_0172,1,18,ta,世,些,U+4E9B,0.0608,True,RESCUE_LOW_CONF,
stt2,page_0172,2,2,lê,𮮐,黎,U+9ECE,0.1034,True,RESCUE_LOW_CONF,
stt2,page_0172,3,1,một,盈,没,U+6CA1,0.524,True,RESCUE_LOW_CONF,
stt2,page_0172,3,2,ngày,曙,時,U+6642,0.8481,True,RESCUE_GOLD_MED,
stt2,page_0172,3,15,le,𡗚,离,U+79BB,0.8412,True,RESCUE_GOLD_MED,
stt2,page_0172,4,4,thăng,应,司,U+53F8,0.1111,False,NOT_IN_DICT,
stt2,page_0172,5,2,gi,如,加,U+52A0,0.4193,False,NOT_IN_DICT,
stt2,page_0172,5,16,mang,唪,蜍,U+870D,0.2187,False,NOT_IN_DICT,
stt2,page_0172,5,17,tieng,咱,呐,U+5450,0.2419,False,NOT_IN_DICT,
stt2,page_0172,5,18,vua,尼,君,U+541B,0.3102,True,RESCUE_LOW_CONF,
stt2,page_0172,6,4,đón,䢌,迍,U+8FCD,0.516,True,RESCUE_LOW_CONF,
stt2,page_0172,6,5,giữa,手,極,U+6975,0.0972,False,NOT_IN_DICT,
stt2,page_0172,6,10,rằng,蒗,浪,U+6D6A,0.6558,True,RESCUE_LOW_CONF,
stt2,page_0172,6,13,sửa,別,阿,U+963F,0.1087,False,NOT_IN_DICT,
stt2,page_0172,6,14,hai,吮,阿,U+963F,0.193,False,NOT_IN_DICT,
stt2,page_0172,7,14,thờ,𠏉,蜍,U+870D,0.4508,True,RESCUE_LOW_CONF,
stt2,page_0172,8,0,hộ,謔,䕶,U+4576,0.0354,True,RESCUE_LOW_CONF,
stt2,page_0172,8,5,phán,刾,判,U+5224,0.9632,True,RESCUE_GOLD_HIGH,
stt2,page_0172,8,9,chỉ,者,古,U+53E4,0.1228,False,NOT_IN_DICT,
stt2,page_0172,8,12,thẳng,凼,朱,U+6731,0.0484,False,NOT_IN_DICT,
stt2,page_0172,8,18,bụt,生,𠊚,U+2029A,0.1096,False,NOT_IN_DICT,
stt2,page_0172,9,5,thì,封,寺,U+5BFA,0.932,True,RESCUE_GOLD_HIGH,
stt2,page_0172,9,12,hai,吮,咍,U+548D,0.2422,True,RESCUE_LOW_CONF,
stt2,page_0172,9,14,em,硊,俺,U+4FFA,0.1844,True,RESCUE_LOW_CONF,
stt2,page_0174,1,7,cầm,𫝆,寺,U+5BFA,0.434,False,NOT_IN_DICT,
stt2,page_0174,1,15,sau,巍,婁,U+5A41,0.0981,True,RESCUE_LOW_CONF,
stt2,page_0174,1,17,đòi,圖,碎,U+788E,0.1612,False,NOT_IN_DICT,
stt2,page_0174,1,19,răng,張,浪,U+6D6A,0.9358,True,RESCUE_GOLD_HIGH,
stt2,page_0174,2,5,mặt,桓,樞,U+6A1E,0.2928,False,NOT_IN_DICT,
stt2,page_0174,2,7,ru,岫,由,U+7531,0.3534,True,RESCUE_LOW_CONF,
stt2,page_0174,2,10,bày,桃,排,U+6392,0.1897,True,RESCUE_LOW_CONF,
stt2,page_0174,2,12,thờ,臻,蜍,U+870D,0.4421,True,RESCUE_LOW_CONF,
stt2,page_0174,2,13,phượng,拳,奉,U+5949,0.7734,False,NOT_IN_DICT,
stt2,page_0174,3,20,dựng,和,鄧,U+9127,0.0381,True,RESCUE_LOW_CONF,
stt2,page_0174,4,1,mặt,栢,末,U+672B,0.1475,True,RESCUE_LOW_CONF,
stt2,page_0174,4,8,dựng,勵,鄧,U+9127,0.4421,True,RESCUE_LOW_CONF,
stt2,page_0174,4,10,mặt,蕕,拘,U+62D8,0.1192,False,NOT_IN_DICT,
stt2,page_0174,4,11,trăng,鄰,𤳇,U+24CC7,0.5023,False,NOT_IN_DICT,
stt2,page_0174,5,0,măng,吟,吟,U+541F,0.0359,False,NOT_IN_DICT,
stt2,page_0174,5,4,răng,宸,浪,U+6D6A,0.9658,True,RESCUE_GOLD_HIGH,
stt2,page_0174,5,14,và,卑,喡,U+55A1,0.1354,True,RESCUE_LOW_CONF,
stt2,page_0174,6,4,của,財,𮪍,U+2EA8D,0.0968,False,NOT_IN_DICT,
stt2,page_0174,6,5,cha,师,吒,U+5412,0.1821,True,RESCUE_LOW_CONF,
stt2,page_0174,7,0,bấy,𭔿,翁,U+7FC1,0.4364,False,NOT_IN_DICT,
stt2,page_0174,7,1,giờ,垂,垩,U+57A9,0.8871,False,NOT_IN_DICT,
stt2,page_0174,7,2,2017,抛,抛,U+629B,0.2678,False,NOT_IN_DICT,
stt2,page_0174,7,3,0001000000,𤰞,𤰞,U+24C1E,0.5831,False,NOT_IN_DICT,
stt2,page_0174,7,4,2000,如,奴,U+5974,0.9756,False,NOT_IN_DICT,
stt2,page_0174,7,5,nôngiau,奏,奏,U+594F,0.9248,False,NOT_IN_DICT,
stt2,page_0174,7,6,vi,羽,君,U+541B,0.6769,False,NOT_IN_DICT,
stt2,page_0174,7,7,văng,浪,浪,U+6D6A,0.7597,False,NOT_IN_DICT,
stt2,page_0174,7,9,của,貼,欺,U+6B3A,0.1722,False,NOT_IN_DICT,
stt2,page_0174,7,16,mất,頼,秩,U+79E9,0.1854,True,RESCUE_LOW_CONF,
stt2,page_0174,8,17,dái,浅,曳,U+66F3,0.8831,True,RESCUE_GOLD_HIGH,
stt2,page_0174,9,12,vua,尼,現,U+73FE,0.2466,False,NOT_IN_DICT,
stt2,page_0174,9,14,đòi,涿,連,U+9023,0.2588,False,NOT_IN_DICT,
stt2,page_0174,9,18,mặt,未,徳,U+5FB3,0.3965,False,NOT_IN_DICT,
stt2,page_0174,9,19,trời,不,𡗶,U+215F6,0.1035,True,RESCUE_LOW_CONF,
stt2,page_0176,1,7,lắm,亷,凜,U+51DC,0.3988,True,RESCUE_LOW_CONF,
stt2,page_0176,2,2,ru,曲,油,U+6CB9,0.354,True,RESCUE_LOW_CONF,
stt2,page_0176,2,5,hai,顺,咍,U+548D,0.4882,True,RESCUE_LOW_CONF,
stt2,page_0176,2,8,ấy,仅,衣,U+8863,0.9539,True,RESCUE_GOLD_HIGH,
stt2,page_0176,2,9,liền,遲,連,U+9023,0.8354,True,RESCUE_GOLD_MED,
stt2,page_0176,2,10,quỳ,昛,跪,U+8DEA,0.6371,True,RESCUE_LOW_CONF,
stt2,page_0176,3,12,liền,遲,連,U+9023,0.5967,True,RESCUE_LOW_CONF,
stt2,page_0176,3,16,than,煗,燒,U+71D2,0.2366,False,NOT_IN_DICT,
stt2,page_0176,4,0,vua,走,君,U+541B,0.2241,True,RESCUE_LOW_CONF,
stt2,page_0176,4,4,đòi,涵,命,U+547D,0.3212,False,NOT_IN_DICT,
stt2,page_0176,4,5,xem,祈,礼,U+793C,0.593,False,NOT_IN_DICT,
stt2,page_0176,5,7,ong,尋,翁,U+7FC1,0.0491,True,RESCUE_LOW_CONF,
stt2,page_0176,5,10,li,啻,离,U+79BB,0.9065,True,RESCUE_GOLD_HIGH,
stt2,page_0176,5,13,lau,奏,奏,U+594F,0.9066,False,NOT_IN_DICT,
stt2,page_0176,5,18,leg,之,之,U+4E4B,0.952,False,NOT_IN_DICT,
stt2,page_0176,6,13,phán,刾,判,U+5224,0.9857,True,RESCUE_GOLD_HIGH,
stt2,page_0176,7,0,nơi,召,尼,U+5C3C,0.8361,True,RESCUE_GOLD_MED,
stt2,page_0176,7,2,thả,耳,且,U+4E14,0.5728,True,RESCUE_LOW_CONF,
stt2,page_0176,7,5,ra,咿,囉,U+56C9,0.5249,True,RESCUE_LOW_CONF,
stt2,page_0176,7,9,thịt,斕,那,U+90A3,0.1065,False,NOT_IN_DICT,
stt2,page_0176,7,19,mà,陶,麻,U+9EBB,0.0484,True,RESCUE_LOW_CONF,
stt2,page_0176,8,2,cắn,喂,浪,U+6D6A,0.1531,False,NOT_IN_DICT,
stt2,page_0176,8,4,liếm,欽,歛,U+6B5B,0.0756,True,RESCUE_LOW_CONF,
stt2,page_0176,8,15,hùm,撿,修,U+4FEE,0.3879,False,NOT_IN_DICT,
stt2,page_0176,8,17,gấu,獵,徳,U+5FB3,0.1269,False,NOT_IN_DICT,
stt2,page_0176,9,0,lắm,屧,凜,U+51DC,0.7273,True,RESCUE_GOLD_MED,
stt2,page_0176,9,2,lấy,𥘎,礼,U+793C,0.6164,True,RESCUE_LOW_CONF,
stt2,page_0176,9,10,cắn,眼,昆,U+6606,0.3246,False,NOT_IN_DICT,
stt2,page_0176,9,14,gian,陣,陣,U+9663,0.4919,False,NOT_IN_DICT,
stt2,page_0176,9,16,can,恨,浪,U+6D6A,0.748,False,NOT_IN_DICT,
stt2,page_0176,9,17,chet,打,折,U+6298,0.8301,False,NOT_IN_DICT,
stt2,page_0178,1,3,bấy,轡,悲,U+60B2,0.188,True,RESCUE_LOW_CONF,
stt2,page_0178,1,7,hai,玄,咍,U+548D,0.4285,True,RESCUE_LOW_CONF,
stt2,page_0178,2,4,bụt,季,孛,U+5B5B,0.9616,True,RESCUE_GOLD_HIGH,
stt2,page_0178,2,15,hai,屹,咍,U+548D,0.2989,True,RESCUE_LOW_CONF,
stt2,page_0178,3,1,răng,嚴,浪,U+6D6A,0.8077,True,RESCUE_GOLD_MED,
stt2,page_0178,3,7,tôi,母,碎,U+788E,0.7201,True,RESCUE_GOLD_MED,
stt2,page_0178,3,12,một,禹,固,U+56FA,0.9464,False,NOT_IN_DICT,
stt2,page_0178,4,5,muông,猶,矯,U+77EF,0.1407,False,NOT_IN_DICT,
stt2,page_0178,4,6,cắn,恨,衣,U+8863,0.4841,False,NOT_IN_DICT,
stt2,page_0178,4,7,chúng,反,碎,U+788E,0.1558,False,NOT_IN_DICT,
stt2,page_0178,4,12,but,李,囉,U+56C9,0.6616,False,NOT_IN_DICT,
stt2,page_0178,5,0,cáo,去,告,U+544A,0.2657,True,RESCUE_LOW_CONF,
stt2,page_0178,5,9,nơi,在,尼,U+5C3C,0.8187,True,RESCUE_GOLD_MED,
stt2,page_0178,5,14,chay,家,衆,U+8846,0.3162,False,NOT_IN_DICT,
stt2,page_0178,5,17,căn,限,浪,U+6D6A,0.7277,False,NOT_IN_DICT,
stt2,page_0178,6,6,nhiều,陳,澆,U+6F86,0.0196,True,RESCUE_LOW_CONF,
stt2,page_0178,6,10,kịp,反,及,U+53CA,0.8322,True,RESCUE_GOLD_MED,
stt2,page_0178,7,9,muông,據,䏻,U+43FB,0.1402,False,NOT_IN_DICT,
stt2,page_0178,8,18,vua,相,君,U+541B,0.3742,True,RESCUE_LOW_CONF,
stt2,page_0178,9,14,một,尊,没,U+6CA1,0.4486,True,RESCUE_LOW_CONF,
stt2,page_0178,9,18,dọn,迹,蔑,U+8511,0.1239,False,NOT_IN_DICT,
stt2,page_0180,1,12,muông,𰂸,塊,U+584A,0.8722,False,NOT_IN_DICT,
stt2,page_0180,1,16,lửa,頗,塊,U+584A,0.9655,False,NOT_IN_DICT,
stt2,page_0180,2,6,đội,匝,徳,U+5FB3,0.1681,False,NOT_IN_DICT,
stt2,page_0180,2,14,vua,述,君,U+541B,0.125,True,RESCUE_LOW_CONF,
stt2,page_0180,3,0,xưa,𧘻,𥘉,U+25609,0.4347,True,RESCUE_LOW_CONF,
stt2,page_0180,3,17,tin,隂,麻,U+9EBB,0.9585,False,NOT_IN_DICT,
stt2,page_0180,4,12,x1,抚,移,U+79FB,0.1808,False,NOT_IN_DICT,
stt2,page_0180,4,13,r,晋,實,U+5BE6,0.0956,False,NOT_IN_DICT,
stt2,page_0180,4,16,trước,粹,時,U+6642,0.2614,False,NOT_IN_DICT,
stt2,page_0180,5,3,vì,庶,為,U+70BA,0.5537,True,RESCUE_LOW_CONF,
stt2,page_0180,5,10,và,嵓,喡,U+55A1,0.0622,True,RESCUE_LOW_CONF,
stt2,page_0180,5,15,trấy,祻,補,U+88DC,0.096,False,NOT_IN_DICT,
stt2,page_0180,5,16,đi,数,多,U+591A,0.0191,True,RESCUE_LOW_CONF,
stt2,page_0180,5,18,mi,㸔,眉,U+7709,0.9669,True,RESCUE_GOLD_HIGH,
stt2,page_0180,6,3,lòi,𣗥,秩,U+79E9,0.3288,False,NOT_IN_DICT,
stt2,page_0180,6,10,đi,君,結,U+7D50,0.4798,False,NOT_IN_DICT,
stt2,page_0180,6,14,nơi,召,尼,U+5C3C,0.8346,True,RESCUE_GOLD_MED,
stt2,page_0180,7,7,lạ,罡,垩,U+57A9,0.4097,False,NOT_IN_DICT,
stt2,page_0180,7,8,nơi,若,尼,U+5C3C,0.125,True,RESCUE_LOW_CONF,
stt2,page_0180,7,10,lùng,屏,弄,U+5F04,0.2855,True,RESCUE_LOW_CONF,
stt2,page_0180,8,8,rút,禪,椊,U+690A,0.2066,True,RESCUE_LOW_CONF,
stt2,page_0180,8,13,sống,無,無,U+7121,0.5287,False,NOT_IN_DICT,
stt2,page_0180,8,14,vô,𭁡,寺,U+5BFA,0.0857,False,NOT_IN_DICT,
stt2,page_0180,8,17,hay,吻,咍,U+548D,0.1783,True,RESCUE_LOW_CONF,
stt2,page_0180,9,14,chiu,呂,仍,U+4ECD,0.3821,False,NOT_IN_DICT,
stt2,page_0182,1,0,nhưng,傾,仍,U+4ECD,0.9565,True,RESCUE_GOLD_HIGH,
stt2,page_0182,1,3,sống,𭺾,秋,U+79CB,0.1056,False,NOT_IN_DICT,
stt2,page_0182,1,7,trị,汝,於,U+65BC,0.1118,False,NOT_IN_DICT,
stt2,page_0182,2,2,chúng,分,众,U+4F17,0.1278,True,RESCUE_LOW_CONF,
stt2,page_0182,2,11,trông,竜,書,U+66F8,0.4145,False,NOT_IN_DICT,
stt2,page_0182,2,15,lành,合,冷,U+51B7,0.7571,True,RESCUE_GOLD_MED,
stt2,page_0182,2,17,trông,卷,義,U+7FA9,0.0944,False,NOT_IN_DICT,
stt2,page_0182,3,0,lửa,燧,朱,U+6731,0.2268,False,NOT_IN_DICT,
stt2,page_0182,3,4,cùng,奕,穷,U+7A77,0.0115,True,RESCUE_LOW_CONF,
stt2,page_0182,3,6,chó,消,渚,U+6E1A,0.9553,False,NOT_IN_DICT,
stt2,page_0182,3,8,nghe,盲,宜,U+5B9C,0.75,True,RESCUE_GOLD_MED,
stt2,page_0182,3,17,giận,淖,陣,U+9663,0.7022,True,RESCUE_GOLD_MED,
stt2,page_0182,4,11,chì,錯,鋪,U+92EA,0.1218,False,NOT_IN_DICT,
stt2,page_0182,4,12,nau,熸,焠,U+7120,0.1638,False,NOT_IN_DICT,
stt2,page_0182,4,14,so,濡,儒,U+5112,0.1568,False,NOT_IN_DICT,
stt2,page_0182,4,16,do,覩,覩,U+89A9,0.1137,False,NOT_IN_DICT,
stt2,page_0182,4,17,vao,色,創,U+5275,0.2037,False,NOT_IN_DICT,
stt2,page_0182,4,18,mieng,四,四,U+56DB,0.3494,False,NOT_IN_DICT,
stt2,page_0182,5,18,buộc,紅,鄧,U+9127,0.8264,False,NOT_IN_DICT,
stt2,page_0182,6,3,lên,生,多,U+591A,0.1444,False,NOT_IN_DICT,
stt2,page_0182,7,0,mừng,閃,明,U+660E,0.9905,True,RESCUE_GOLD_HIGH,
stt2,page_0182,7,11,ngày,曝,時,U+6642,0.7333,True,RESCUE_GOLD_MED,
stt2,page_0182,7,14,sau,轉,連,U+9023,0.3298,False,NOT_IN_DICT,
stt2,page_0182,7,15,vua,祜,𥙷,U+25677,0.0768,False,NOT_IN_DICT,
stt2,page_0182,7,16,trấy,共,共,U+5171,0.9042,False,NOT_IN_DICT,
stt2,page_0182,8,2,thành,㓕,城,U+57CE,0.9812,True,RESCUE_GOLD_HIGH,
stt2,page_0182,8,12,vi,常,喡,U+55A1,0.4653,False,NOT_IN_DICT,
stt2,page_0182,8,13,r1,移,移,U+79FB,0.4366,False,NOT_IN_DICT,
stt2,page_0182,8,15,den,旦,旦,U+65E6,0.8104,False,NOT_IN_DICT,
stt2,page_0182,8,16,mung,明,明,U+660E,0.9005,False,NOT_IN_DICT,
stt2,page_0182,9,16,trả,巳,代,U+4EE3,0.7877,False,NOT_IN_DICT,
stt2,page_0184,1,14,ông,垩,翁,U+7FC1,0.0076,True,RESCUE_LOW_CONF,
stt2,page_0184,1,15,thánh,兮,垩,U+57A9,0.1354,True,RESCUE_LOW_CONF,
stt2,page_0184,2,7,buộc,煞,翁,U+7FC1,0.1673,False,NOT_IN_DICT,
stt2,page_0184,2,12,exuống,蜜,寡,U+5BE1,0.1715,False,NOT_IN_DICT,
stt2,page_0184,2,13,biển,庭,麻,U+9EBB,0.3543,False,NOT_IN_DICT,
stt2,page_0184,3,2,nổi,没,汝,U+6C5D,0.1315,True,RESCUE_LOW_CONF,
stt2,page_0184,3,4,sau,辞,連,U+9023,0.399,False,NOT_IN_DICT,
stt2,page_0184,4,18,phải,歸,沛,U+6C9B,0.0215,True,RESCUE_LOW_CONF,
stt2,page_0184,5,1,đạo,遭,道,U+9053,0.8926,True,RESCUE_GOLD_HIGH,
stt2,page_0184,5,8,sau,麺,連,U+9023,0.4128,False,NOT_IN_DICT,
stt2,page_0184,6,9,hai,吟,咍,U+548D,0.1742,True,RESCUE_LOW_CONF,
stt2,page_0184,6,18,hai,唯,咍,U+548D,0.2443,True,RESCUE_LOW_CONF,
stt2,page_0184,7,0,mươi,迂,迈,U+8FC8,0.8722,True,RESCUE_GOLD_HIGH,
stt2,page_0184,7,1,sau,耘,老,U+8001,0.0878,False,NOT_IN_DICT,
stt2,page_0184,7,4,giu,福,樞,U+6A1E,0.5461,False,NOT_IN_DICT,
stt2,page_0184,7,5,li,膏,离,U+79BB,0.9513,True,RESCUE_GOLD_HIGH,
stt2,page_0184,7,11,vì,志,為,U+70BA,0.4292,True,RESCUE_LOW_CONF,
stt2,page_0184,8,2,này,在,尼,U+5C3C,0.1826,True,RESCUE_LOW_CONF,
stt2,page_0184,8,11,a,随,阿,U+963F,0.571,True,RESCUE_LOW_CONF,
stt2,page_0184,9,2,gương,数,封,U+5C01,0.1201,False,NOT_IN_DICT,
stt2,page_0186,1,0,sang,部,郎,U+90CE,0.8402,True,RESCUE_GOLD_MED,
stt2,page_0186,1,5,lêu,𠩤,脩,U+8129,0.2504,False,NOT_IN_DICT,
stt2,page_0186,1,6,xi,撓,撰,U+64B0,0.1146,False,NOT_IN_DICT,
stt2,page_0186,1,12,thánh,𠦡,把,U+628A,0.8516,False,NOT_IN_DICT,
stt2,page_0186,2,17,lớn,頼,邁,U+9081,0.3019,False,NOT_IN_DICT,
stt2,page_0186,3,2,này,居,尼,U+5C3C,0.6391,True,RESCUE_LOW_CONF,
stt2,page_0186,3,6,lấy,𥘍,礼,U+793C,0.5754,True,RESCUE_LOW_CONF,
stt2,page_0186,3,9,e,收,依,U+4F9D,0.2538,True,RESCUE_LOW_CONF,
stt2,page_0186,3,10,lêu,嘹,察,U+5BDF,0.3282,False,NOT_IN_DICT,
stt2,page_0186,3,11,xi,様,秩,U+79E9,0.2293,False,NOT_IN_DICT,
stt2,page_0186,3,13,nghe,喧,宜,U+5B9C,0.0682,True,RESCUE_LOW_CONF,
stt2,page_0186,3,17,lấy,衲,礼,U+793C,0.0604,True,RESCUE_LOW_CONF,
stt2,page_0186,4,1,của,職,拱,U+62F1,0.0784,False,NOT_IN_DICT,
stt2,page_0186,4,5,mới,㸔,買,U+8CB7,0.4502,True,RESCUE_LOW_CONF,
stt2,page_0186,4,15,đã,珏,㐌,U+340C,0.7005,True,RESCUE_GOLD_MED,
stt2,page_0186,4,18,chưa,诸,渚,U+6E1A,0.356,True,RESCUE_LOW_CONF,
stt2,page_0186,5,2,con,混,昆,U+6606,0.8632,True,RESCUE_GOLD_HIGH,
stt2,page_0186,5,17,nghe,䝨,浪,U+6D6A,0.1174,True,RESCUE_LOW_CONF,
stt2,page_0186,6,13,yêu,夫,夭,U+592D,0.6737,True,RESCUE_LOW_CONF,
stt2,page_0186,6,15,lăm,藥,凜,U+51DC,0.5241,False,NOT_IN_DICT,
stt2,page_0186,7,0,chế,随,油,U+6CB9,0.0662,False,NOT_IN_DICT,
stt2,page_0186,8,0,đoan,改,段,U+6BB5,0.5425,False,NOT_IN_DICT,
stt2,page_0186,8,2,treo,孫,撩,U+64A9,0.1303,True,RESCUE_LOW_CONF,
stt2,page_0186,8,8,da,股,腰,U+8170,0.1672,False,NOT_IN_DICT,
stt2,page_0186,8,9,đầu,𩔊,頭,U+982D,0.0605,True,RESCUE_LOW_CONF,
stt2,page_0186,8,11,đi,数,結,U+7D50,0.2726,False,NOT_IN_DICT,
stt2,page_0186,8,13,con,混,昆,U+6606,0.8743,True,RESCUE_GOLD_HIGH,
stt2,page_0186,8,14,mat,相,想,U+60F3,0.1133,False,NOT_IN_DICT,
stt2,page_0186,9,3,trán,懶,懶,U+61F6,0.8999,False,NOT_IN_DICT,
stt2,page_0186,9,5,lấy,神,礼,U+793C,0.1695,True,RESCUE_LOW_CONF,
stt2,page_0186,9,7,đồng,個,因,U+56E0,0.1253,False,NOT_IN_DICT,
stt2,page_0186,9,16,ấv,伐,衣,U+8863,0.9787,False,NOT_IN_DICT,
stt2,page_0188,1,0,lại,主,吏,U+540F,0.9688,True,RESCUE_GOLD_HIGH,
stt2,page_0188,1,1,bắt,机,扒,U+6252,0.976,True,RESCUE_GOLD_HIGH,
stt2,page_0188,1,17,vô,壬,每,U+6BCF,0.8208,False,NOT_IN_DICT,
stt2,page_0188,2,8,sư,脚,魂,U+9B42,0.3799,False,NOT_IN_DICT,
stt2,page_0188,2,9,tử,廿,于,U+4E8E,0.2405,True,RESCUE_LOW_CONF,
stt2,page_0188,2,10,cắn,畏,呌,U+544C,0.0861,False,NOT_IN_DICT,
stt2,page_0188,2,18,lửa,燈,中,U+4E2D,0.7055,False,NOT_IN_DICT,
stt2,page_0188,3,1,cháy,蛭,𤈜,U+2421C,0.444,True,RESCUE_LOW_CONF,
stt2,page_0188,3,6,tề,呷,𤰞,U+24C1E,0.4355,False,NOT_IN_DICT,
stt2,page_0188,3,8,la,罪,囉,U+56C9,0.098,True,RESCUE_LOW_CONF,
stt2,page_0188,3,10,lửa,奴,茹,U+8339,0.1092,False,NOT_IN_DICT,
stt2,page_0188,3,12,muông,據,穌,U+7A4C,0.2275,False,NOT_IN_DICT,
stt2,page_0188,4,9,nguyện,履,願,U+9858,0.8875,True,RESCUE_GOLD_HIGH,
stt2,page_0188,5,0,nói,必,呐,U+5450,0.4519,True,RESCUE_LOW_CONF,
stt2,page_0188,5,17,hay,恱,特,U+7279,0.6635,True,RESCUE_LOW_CONF,
stt2,page_0188,5,18,quan,直,官,U+5B98,0.9664,True,RESCUE_GOLD_HIGH,
stt2,page_0188,6,1,toan,壽,筭,U+7B6D,0.7976,True,RESCUE_GOLD_MED,
stt2,page_0188,6,4,nghìn,顔,寺,U+5BFA,0.4018,False,NOT_IN_DICT,
stt2,page_0188,6,12,irởi,忝,𡗶,U+215F6,0.8267,False,NOT_IN_DICT,
stt2,page_0188,6,15,nghe,喧,宜,U+5B9C,0.315,True,RESCUE_LOW_CONF,
stt2,page_0188,7,2,kẻo,趙,矯,U+77EF,0.0507,True,RESCUE_LOW_CONF,
stt2,page_0188,7,10,giu,摳,樞,U+6A1E,0.1573,False,NOT_IN_DICT,
stt2,page_0188,8,2,giục,極,逐,U+9010,0.5352,True,RESCUE_LOW_CONF,
stt2,page_0188,8,12,đâu,撫,欺,U+6B3A,0.1833,False,NOT_IN_DICT,
stt2,page_0188,9,12,nghe,肾,宜,U+5B9C,0.2177,True,RESCUE_LOW_CONF,
stt2,page_0188,9,13,một,乖,没,U+6CA1,0.5406,True,RESCUE_LOW_CONF,
stt2,page_0190,1,1,li,啻,离,U+79BB,0.9327,True,RESCUE_GOLD_HIGH,
stt2,page_0190,1,13,mày,唉,唉,U+5509,0.4779,False,NOT_IN_DICT,
stt2,page_0190,2,0,buộc,新,鄧,U+9127,0.1752,False,NOT_IN_DICT,
stt2,page_0190,2,1,trói,編,綴,U+7DB4,0.0737,True,RESCUE_LOW_CONF,
stt2,page_0190,2,5,nghe,首,宜,U+5B9C,0.042,True,RESCUE_LOW_CONF,
stt2,page_0190,3,0,buộc,紆,鄧,U+9127,0.493,False,NOT_IN_DICT,
stt2,page_0190,3,1,trói,編,綴,U+7DB4,0.4437,True,RESCUE_LOW_CONF,
stt2,page_0190,3,8,trước,𭈹,綽,U+7DBD,0.0499,False,NOT_IN_DICT,
stt2,page_0190,3,10,thánh,伐,衣,U+8863,0.948,False,NOT_IN_DICT,
stt2,page_0190,3,11,ấy,垩,垩,U+57A9,0.8272,False,NOT_IN_DICT,
stt2,page_0190,3,13,cầm,玲,扲,U+6272,0.9537,True,RESCUE_GOLD_HIGH,
stt2,page_0190,3,14,dây,銕,飭,U+98ED,0.1161,False,NOT_IN_DICT,
stt2,page_0190,3,15,trói,緑,厭,U+53AD,0.0548,False,NOT_IN_DICT,
stt2,page_0190,3,17,hỏi,畮,噲,U+5672,0.074,True,RESCUE_LOW_CONF,
stt2,page_0190,5,3,dố,唯,麻,U+9EBB,0.1841,False,NOT_IN_DICT,
stt2,page_0190,5,4,e,疾,依,U+4F9D,0.2792,True,RESCUE_LOW_CONF,
stt2,page_0190,5,8,cấm,藥,欺,U+6B3A,0.1175,False,NOT_IN_DICT,
stt2,page_0190,5,10,thăng,耇,逐,U+9010,0.9071,False,NOT_IN_DICT,
stt2,page_0190,5,12,cain,即,𰙔,U+30654,0.3769,False,NOT_IN_DICT,
stt2,page_0190,5,14,em,燧,折,U+6298,0.9562,False,NOT_IN_DICT,
stt2,page_0190,5,15,giục,还,姑,U+59D1,0.1707,False,NOT_IN_DICT,
stt2,page_0190,5,17,e,咳,君,U+541B,0.4963,False,NOT_IN_DICT,
stt2,page_0190,5,18,ro,曲,由,U+7531,0.0747,True,RESCUE_LOW_CONF,
stt2,page_0190,6,3,muôn,之,勉,U+52C9,0.1267,False,NOT_IN_DICT,
stt2,page_0190,6,4,trẻ,袖,礼,U+793C,0.1548,True,RESCUE_LOW_CONF,
stt2,page_0190,6,6,thăng,馬,仍,U+4ECD,0.1056,False,NOT_IN_DICT,
stt2,page_0190,6,8,đa,𫆀,𦔳,U+26533,0.6673,False,NOT_IN_DICT,
stt2,page_0190,6,13,giục,通,逐,U+9010,0.674,True,RESCUE_LOW_CONF,
stt2,page_0190,7,3,ném,珍,於,U+65BC,0.1867,False,NOT_IN_DICT,
stt2,page_0190,7,6,tế,隋,贖,U+8D16,0.1733,False,NOT_IN_DICT,
stt2,page_0190,7,8,giục,通,逐,U+9010,0.3096,True,RESCUE_LOW_CONF,
stt2,page_0190,7,10,nê,旅,泥,U+6CE5,0.0513,True,RESCUE_LOW_CONF,
stt2,page_0190,7,13,phê,孔,批,U+6279,0.0123,True,RESCUE_LOW_CONF,
stt2,page_0190,8,4,la,罷,罢,U+7F62,0.4415,False,NOT_IN_DICT,
stt2,page_0190,8,5,mông,豦,蒙,U+8499,0.0256,True,RESCUE_LOW_CONF,
stt2,page_0190,8,14,lắm,藥,凜,U+51DC,0.6603,True,RESCUE_LOW_CONF,
stt2,page_0190,9,7,bấy,怨,悲,U+60B2,0.8636,True,RESCUE_GOLD_HIGH,
stt2,page_0190,9,12,ii,离,离,U+79BB,0.9265,False,NOT_IN_DICT,
stt2,page_0190,9,13,a,百,阿,U+963F,0.583,True,RESCUE_LOW_CONF,
stt2,page_0190,9,15,danh,打,打,U+6253,0.8516,False,NOT_IN_DICT,
stt2,page_0192,1,5,tôi,磾,碎,U+788E,0.9484,True,RESCUE_GOLD_HIGH,
stt2,page_0192,1,8,đã,死,㐌,U+340C,0.7853,True,RESCUE_GOLD_MED,
stt2,page_0192,1,10,dồ,社,杜,U+675C,0.8703,False,NOT_IN_DICT,
stt2,page_0192,1,12,nhiều,庚,澆,U+6F86,0.0424,True,RESCUE_LOW_CONF,
stt2,page_0192,2,1,rày,爾,昆,U+6606,0.2697,False,NOT_IN_DICT,
stt2,page_0192,2,3,mình,𫢉,命,U+547D,0.6007,True,RESCUE_LOW_CONF,
stt2,page_0192,2,13,đòi,師,官,U+5B98,0.1574,False,NOT_IN_DICT,
stt2,page_0192,3,3,trói,𣗥,穌,U+7A4C,0.7557,False,NOT_IN_DICT,
stt2,page_0192,3,11,đã,后,𠊚,U+2029A,0.6066,False,NOT_IN_DICT,
stt2,page_0192,4,14,đốt,趙,麻,U+9EBB,0.6446,False,NOT_IN_DICT,
stt2,page_0192,5,6,chảy,阯,沚,U+6C9A,0.5181,True,RESCUE_LOW_CONF,
stt2,page_0192,5,18,lò,坫,炉,U+7089,0.1265,True,RESCUE_LOW_CONF,
stt2,page_0192,6,1,tắt,燧,燒,U+71D2,0.1135,False,NOT_IN_DICT,
stt2,page_0192,6,15,một,𭔱,更,U+66F4,0.333,True,RESCUE_LOW_CONF,
stt2,page_0192,7,5,liêng,羡,灵,U+7075,0.9731,True,RESCUE_GOLD_HIGH,
stt2,page_0192,7,7,thôi,遇,退,U+9000,0.7883,True,RESCUE_GOLD_MED,
stt2,page_0192,7,9,năm,醖,耶,U+8036,0.2197,False,NOT_IN_DICT,
stt2,page_0192,7,10,trăm,緗,林,U+6797,0.1042,True,RESCUE_LOW_CONF,
stt2,page_0192,8,8,nữ,立,女,U+5973,0.0927,True,RESCUE_LOW_CONF,
stt2,page_0192,8,14,sợ,傳,𢜝,U+2271D,0.7398,True,RESCUE_GOLD_MED,
stt2,page_0192,8,15,một,差,蔑,U+8511,0.1618,True,RESCUE_LOW_CONF,
stt2,page_0192,8,17,ba,巳,把,U+628A,0.1059,True,RESCUE_LOW_CONF,
stt2,page_0192,9,2,nữa,竝,女,U+5973,0.0411,True,RESCUE_LOW_CONF,
stt2,page_0192,9,8,thánh,季,垩,U+57A9,0.8323,True,RESCUE_GOLD_MED,
stt2,page_0192,9,13,nóng,飧,燶,U+71F6,0.0602,True,RESCUE_LOW_CONF,
stt2,page_0192,9,18,ơnơi,君,尼,U+5C3C,0.8473,False,NOT_IN_DICT,
stt2,page_0194,1,5,lạnh,洽,法,U+6CD5,0.4067,False,NOT_IN_DICT,
stt2,page_0194,1,8,nước,涯,渃,U+6E03,0.4516,True,RESCUE_LOW_CONF,
stt2,page_0194,1,17,ấy,在,欺,U+6B3A,0.0849,False,NOT_IN_DICT,
stt2,page_0194,2,4,làm,星,乄,U+4E44,0.0554,True,RESCUE_LOW_CONF,
stt2,page_0194,2,7,đem,𭺛,燒,U+71D2,0.3577,False,NOT_IN_DICT,
stt2,page_0194,2,16,di,結,移,U+79FB,0.0236,True,RESCUE_LOW_CONF,
stt2,page_0194,3,0,giục,運,逐,U+9010,0.5613,True,RESCUE_LOW_CONF,
stt2,page_0194,3,9,tay,𨢄,腮,U+816E,0.1337,True,RESCUE_LOW_CONF,
stt2,page_0194,3,16,giuli,爵,穷,U+7A77,0.1575,False,NOT_IN_DICT,
stt2,page_0194,4,1,mặt,栢,末,U+672B,0.1156,True,RESCUE_LOW_CONF,
stt2,page_0194,4,7,run,臨,憾,U+61BE,0.2689,False,NOT_IN_DICT,
stt2,page_0194,4,16,đi,爹,多,U+591A,0.019,True,RESCUE_LOW_CONF,
stt2,page_0194,4,17,bà,𡚱,把,U+628A,0.7418,True,RESCUE_GOLD_MED,
stt2,page_0194,5,2,mặt,桓,末,U+672B,0.1922,True,RESCUE_LOW_CONF,
stt2,page_0194,5,6,linh,浸,灵,U+7075,0.6246,True,RESCUE_LOW_CONF,
stt2,page_0194,5,10,xác,表,壳,U+58F3,0.7567,True,RESCUE_GOLD_MED,
stt2,page_0194,5,13,bà,如,把,U+628A,0.7435,True,RESCUE_GOLD_MED,
stt2,page_0194,5,16,sô,那,那,U+90A3,0.8624,False,NOT_IN_DICT,
stt2,page_0194,6,17,bây,啓,悲,U+60B2,0.3515,True,RESCUE_LOW_CONF,
stt2,page_0194,7,12,hiền,腎,賢,U+8CE2,0.0502,True,RESCUE_LOW_CONF,
stt2,page_0194,7,14,thì,粛,寺,U+5BFA,0.8682,True,RESCUE_GOLD_HIGH,
stt2,page_0194,8,13,cháng,在,庄,U+5E84,0.8583,False,NOT_IN_DICT,
stt2,page_0194,8,14,cung,腐,饬,U+996C,0.2438,False,NOT_IN_DICT,
stt2,page_0194,8,15,vi,馮,為,U+70BA,0.6653,True,RESCUE_LOW_CONF,
stt2,page_0194,8,16,chung,藥,逐,U+9010,0.3063,False,NOT_IN_DICT,
stt2,page_0194,9,1,vượt,潮,補,U+88DC,0.1058,False,NOT_IN_DICT,
stt2,page_0194,9,2,biến,麽,变,U+53D8,0.0309,True,RESCUE_LOW_CONF,
stt2,page_0194,9,3,phải,淨,沛,U+6C9B,0.7657,True,RESCUE_GOLD_MED,
stt2,page_0194,9,4,chìm,把,把,U+628A,0.8016,False,NOT_IN_DICT,
stt2,page_0194,9,11,xac,虎,壳,U+58F3,0.8763,False,NOT_IN_DICT,
stt2,page_0194,9,14,trời,澑,魔,U+9B54,0.2055,False,NOT_IN_DICT,
stt2,page_0194,9,15,giạt,𣏌,礼,U+793C,0.5487,False,NOT_IN_DICT,
stt2,page_0196,1,6,mất,教,末,U+672B,0.1443,True,RESCUE_LOW_CONF,
stt2,page_0196,2,13,290,呪,姑,U+59D1,0.0932,False,NOT_IN_DICT,
stt2,page_0196,3,4,phô,陣,甫,U+752B,0.2502,True,RESCUE_LOW_CONF,
stt2,page_0196,3,7,rô,呻,由,U+7531,0.2861,False,NOT_IN_DICT,
stt2,page_0196,4,12,vì,庤,為,U+70BA,0.0334,True,RESCUE_LOW_CONF,
stt2,page_0196,4,16,chảng,庄,𠊚,U+2029A,0.3413,False,NOT_IN_DICT,
stt2,page_0196,6,2,lon,屬,命,U+547D,0.1029,False,NOT_IN_DICT,
stt2,page_0196,6,3,là,将,囉,U+56C9,0.1279,True,RESCUE_LOW_CONF,
stt2,page_0196,6,12,này,濺,於,U+65BC,0.0451,False,NOT_IN_DICT,
stt2,page_0196,7,2,là,飛,号,U+53F7,0.0696,True,RESCUE_LOW_CONF,
stt2,page_0196,7,4,xi,梯,楼,U+697C,0.3907,False,NOT_IN_DICT,
stt2,page_0196,7,10,thờ,際,除,U+9664,0.6611,True,RESCUE_LOW_CONF,
stt2,page_0196,8,4,lấy,柩,礼,U+793C,0.5556,True,RESCUE_LOW_CONF,
stt2,page_0196,8,5,đá,𠗆,碎,U+788E,0.8234,False,NOT_IN_DICT,
stt2,page_0196,8,6,ghè,誓,稽,U+7A3D,0.484,False,NOT_IN_DICT,
stt2,page_0196,8,7,răng,樷,棱,U+68F1,0.2526,False,NOT_IN_DICT,
stt2,page_0196,9,10,cùng,后,穷,U+7A77,0.1801,True,RESCUE_LOW_CONF,
stt2,page_0196,9,16,trên,廻,連,U+9023,0.8413,True,RESCUE_GOLD_MED,
stt2,page_0198,1,8,truyện,儔,傳,U+50B3,0.7579,True,RESCUE_GOLD_MED,
stt2,page_0198,1,12,này,君,尼,U+5C3C,0.8991,True,RESCUE_GOLD_HIGH,
stt2,page_0198,1,13,lên,吞,𡗶,U+215F6,0.3388,False,NOT_IN_DICT,
stt2,page_0198,1,14,trời,还,及,U+53CA,0.1721,False,NOT_IN_DICT,
stt2,page_0198,1,15,19,狁,勉,U+52C9,0.1529,False,NOT_IN_DICT,
stt2,page_0198,1,16,tháng,肭,悶,U+60B6,0.0399,False,NOT_IN_DICT,
stt2,page_0198,1,18,tra,杳,查,U+67E5,0.6842,True,RESCUE_LOW_CONF,
stt2,page_0198,1,19,vào,似,包,U+5305,0.7726,True,RESCUE_GOLD_MED,
stt2,page_0198,2,8,tôn,尋,尊,U+5C0A,0.0206,True,RESCUE_LOW_CONF,
stt2,page_0198,2,12,một,𭁡,没,U+6CA1,0.6359,True,RESCUE_LOW_CONF,
stt2,page_0198,2,16,phun,遁,嗔,U+55D4,0.2169,False,NOT_IN_DICT,
stt2,page_0198,2,17,xi,程,模,U+6A21,0.0611,False,NOT_IN_DICT,
stt2,page_0198,3,0,ông,卧,命,U+547D,0.2213,False,NOT_IN_DICT,
stt2,page_0198,3,7,li,嚼,离,U+79BB,0.7323,True,RESCUE_GOLD_MED,
stt2,page_0198,3,13,li,嚼,阿,U+963F,0.4585,False,NOT_IN_DICT,
stt2,page_0198,3,16,mot,桑,尋,U+5C0B,0.1952,False,NOT_IN_DICT,
stt2,page_0198,4,3,bắt,和,扒,U+6252,0.8397,True,RESCUE_GOLD_MED,
stt2,page_0198,4,12,răng,厳,浪,U+6D6A,0.9594,True,RESCUE_GOLD_HIGH,
stt2,page_0198,5,9,phun,道,嗔,U+55D4,0.154,False,NOT_IN_DICT,
stt2,page_0198,5,10,xi,撓,楼,U+697C,0.1819,False,NOT_IN_DICT,
stt2,page_0198,5,11,ông,降,獄,U+7344,0.1515,False,NOT_IN_DICT,
stt2,page_0198,6,4,khác,𠗆,恪,U+606A,0.9598,True,RESCUE_GOLD_HIGH,
stt2,page_0198,7,0,chớ,浩,渚,U+6E1A,0.9338,True,RESCUE_GOLD_HIGH,
stt2,page_0198,7,16,sống,乗,封,U+5C01,0.2775,False,NOT_IN_DICT,
stt2,page_0198,8,8,khỏi,堀,塊,U+584A,0.8702,True,RESCUE_GOLD_HIGH,
stt2,page_0198,9,17,hợp,会,合,U+5408,0.0373,True,RESCUE_LOW_CONF,
stt2,page_0200,1,8,nghĩa,妻,義,U+7FA9,0.2302,True,RESCUE_LOW_CONF,
stt2,page_0200,1,18,cởi,檜,檜,U+6A9C,0.4706,False,NOT_IN_DICT,
stt2,page_0200,1,19,áo,禎,襖,U+8956,0.512,True,RESCUE_LOW_CONF,
stt2,page_0200,2,7,đòn,補,極,U+6975,0.5988,False,NOT_IN_DICT,
stt2,page_0200,2,8,đau,病,𥘉,U+25609,0.4018,False,NOT_IN_DICT,
stt2,page_0200,2,14,ròng,之,乙,U+4E59,0.1773,False,NOT_IN_DICT,
stt2,page_0200,2,16,xuống,箸,寡,U+5BE1,0.1782,False,NOT_IN_DICT,
stt2,page_0200,3,13,sao,本,牢,U+7262,0.9684,True,RESCUE_GOLD_HIGH,
stt2,page_0200,3,19,nghe,嗔,宜,U+5B9C,0.0611,True,RESCUE_LOW_CONF,
stt2,page_0200,4,2,càng,除,强,U+5F3A,0.5015,True,RESCUE_LOW_CONF,
stt2,page_0200,4,11,lửa,奴,燒,U+71D2,0.1899,False,NOT_IN_DICT,
stt2,page_0200,4,12,bây,怨,塊,U+584A,0.1115,False,NOT_IN_DICT,
stt2,page_0200,4,16,dấu,弭,𧿫,U+27FEB,0.1093,True,RESCUE_LOW_CONF,
stt2,page_0200,5,8,nước,𮝾,渃,U+6E03,0.2914,True,RESCUE_LOW_CONF,
stt2,page_0200,5,10,mẻ,浸,沫,U+6CAB,0.3065,False,NOT_IN_DICT,
stt2,page_0200,5,18,phải,片,庄,U+5E84,0.7065,False,NOT_IN_DICT,
stt2,page_0200,6,7,sôi,燔,油,U+6CB9,0.1535,False,NOT_IN_DICT,
stt2,page_0200,6,16,chữa,取,𦔳,U+26533,0.8069,True,RESCUE_GOLD_MED,
stt2,page_0200,7,2,nóng,烺,魔,U+9B54,0.1787,False,NOT_IN_DICT,
stt2,page_0200,7,8,bắt,和,扒,U+6252,0.8009,True,RESCUE_GOLD_MED,
stt2,page_0200,7,13,ra,署,囉,U+56C9,0.0626,True,RESCUE_LOW_CONF,
stt2,page_0200,7,16,hết,散,歇,U+6B47,0.9794,True,RESCUE_GOLD_HIGH,
stt2,page_0200,8,4,tôi,些,些,U+4E9B,0.6375,False,NOT_IN_DICT,
stt2,page_0200,8,6,thăng,南,𤯝,U+24BDD,0.3533,False,NOT_IN_DICT,
stt2,page_0200,8,13,càng,碎,麻,U+9EBB,0.1122,False,NOT_IN_DICT,
stt2,page_0200,8,16,càng,君,寺,U+5BFA,0.2588,False,NOT_IN_DICT,
stt2,page_0200,9,5,ấv,化,衣,U+8863,0.9757,False,NOT_IN_DICT,
stt2,page_0200,9,6,liên,吏,連,U+9023,0.0104,True,RESCUE_LOW_CONF,
stt2,page_0200,9,8,đem,名,鬼,U+9B3C,0.116,False,NOT_IN_DICT,
stt2,page_0200,9,14,sau,尋,禁,U+7981,0.105,False,NOT_IN_DICT,
stt2,page_0202,1,0,hùm,檢,修,U+4FEE,0.2603,False,NOT_IN_DICT,
stt2,page_0202,1,7,le,内,特,U+7279,0.253,False,NOT_IN_DICT,
stt2,page_0202,1,8,hai,唯,昆,U+6606,0.6111,False,NOT_IN_DICT,
stt2,page_0202,1,9,con,活,昆,U+6606,0.0905,True,RESCUE_LOW_CONF,
stt2,page_0202,1,10,hùm,檢,体,U+4F53,0.1508,False,NOT_IN_DICT,
stt2,page_0202,1,20,vào,徵,徳,U+5FB3,0.1967,False,NOT_IN_DICT,
stt2,page_0202,2,3,cúi,噲,噲,U+5672,0.7101,False,NOT_IN_DICT,
stt2,page_0202,3,5,răng,禳,浪,U+6D6A,0.7334,True,RESCUE_GOLD_MED,
stt2,page_0202,3,13,vo,任,㐌,U+340C,0.2454,False,NOT_IN_DICT,
stt2,page_0202,3,14,cung,劳,當,U+7576,0.1762,False,NOT_IN_DICT,
stt2,page_0202,4,5,chi,乏,些,U+4E9B,0.2799,False,NOT_IN_DICT,
stt2,page_0202,4,13,trói,練,穌,U+7A4C,0.729,False,NOT_IN_DICT,
stt2,page_0202,4,15,tay,翹,欺,U+6B3A,0.1777,False,NOT_IN_DICT,
stt2,page_0202,5,7,ăn,𠕷,安,U+5B89,0.7774,True,RESCUE_GOLD_MED,
stt2,page_0202,6,1,đem,名,尼,U+5C3C,0.0496,False,NOT_IN_DICT,
stt2,page_0202,6,2,của,賊,獄,U+7344,0.1504,False,NOT_IN_DICT,
stt2,page_0202,6,16,giữ,停,佇,U+4F47,0.7953,True,RESCUE_GOLD_MED,
stt2,page_0202,7,8,xuống,塲,實,U+5BE6,0.1336,False,NOT_IN_DICT,
stt2,page_0202,7,9,sông,滬,徳,U+5FB3,0.2099,False,NOT_IN_DICT,
stt2,page_0202,8,15,sát,瑟,末,U+672B,0.184,False,NOT_IN_DICT,
stt2,page_0202,8,17,lưa,烘,固,U+56FA,0.2043,False,NOT_IN_DICT,
stt2,page_0202,9,9,tao,番,蚤,U+86A4,0.8548,True,RESCUE_GOLD_HIGH,
stt2,page_0202,9,10,nung,飧,燶,U+71F6,0.0798,True,RESCUE_LOW_CONF,
stt2,page_0202,9,14,này,在,尼,U+5C3C,0.3788,True,RESCUE_LOW_CONF,
stt2,page_0204,1,3,cười,𬼘,唭,U+552D,0.1801,True,RESCUE_LOW_CONF,
stt2,page_0204,1,4,thì,賁,寺,U+5BFA,0.8508,True,RESCUE_GOLD_HIGH,
stt2,page_0204,1,6,nấu,煩,特,U+7279,0.0712,False,NOT_IN_DICT,
stt2,page_0204,1,7,chì,牒,時,U+6642,0.4759,False,NOT_IN_DICT,
stt2,page_0204,1,9,sôi,燔,朱,U+6731,0.9362,False,NOT_IN_DICT,
stt2,page_0204,2,4,phải,淨,沛,U+6C9B,0.7217,True,RESCUE_GOLD_MED,
stt2,page_0204,2,5,nao,屰,市,U+5E02,0.0886,True,RESCUE_LOW_CONF,
stt2,page_0204,2,9,rằng,旅,浪,U+6D6A,0.9568,True,RESCUE_GOLD_HIGH,
stt2,page_0204,2,12,nào,带,市,U+5E02,0.3322,True,RESCUE_LOW_CONF,
stt2,page_0204,3,4,nào,带,市,U+5E02,0.7047,True,RESCUE_GOLD_MED,
stt2,page_0204,3,6,mới,首,買,U+8CB7,0.31,True,RESCUE_LOW_CONF,
stt2,page_0204,3,9,đã,乞,也,U+4E5F,0.226,True,RESCUE_LOW_CONF,
stt2,page_0204,3,16,mạnh,並,孛,U+5B5B,0.1071,False,NOT_IN_DICT,
stt2,page_0204,4,3,bụt,字,孛,U+5B5B,0.9292,True,RESCUE_GOLD_HIGH,
stt2,page_0204,4,16,chém,知,曰,U+66F0,0.1279,False,NOT_IN_DICT,
stt2,page_0204,5,8,phun,遁,嗔,U+55D4,0.2739,False,NOT_IN_DICT,
stt2,page_0204,5,9,xi,撓,秩,U+79E9,0.4149,False,NOT_IN_DICT,
stt2,page_0204,5,10,ông,蠎,翁,U+7FC1,0.0294,True,RESCUE_LOW_CONF,
stt2,page_0204,5,12,xuống,塲,實,U+5BE6,0.1598,False,NOT_IN_DICT,
stt2,page_0204,5,15,răng,宸,浪,U+6D6A,0.8964,True,RESCUE_GOLD_HIGH,
stt2,page_0204,5,16,lối,碎,碎,U+788E,0.8629,False,NOT_IN_DICT,
stt2,page_0204,6,5,phép,清,法,U+6CD5,0.9114,True,RESCUE_GOLD_HIGH,
stt2,page_0204,6,6,vô,壬,牢,U+7262,0.0987,False,NOT_IN_DICT,
stt2,page_0204,6,7,cùng,𥥆,於,U+65BC,0.2567,False,NOT_IN_DICT,
stt2,page_0204,6,9,đội,國,固,U+56FA,0.7041,False,NOT_IN_DICT,
stt2,page_0204,6,11,nghìn,群,群,U+7FA4,0.1424,False,NOT_IN_DICT,
stt2,page_0204,7,8,lên,𣁽,連,U+9023,0.7539,True,RESCUE_GOLD_MED,
stt2,page_0204,7,9,nước,薩,浪,U+6D6A,0.2807,False,NOT_IN_DICT,
stt2,page_0204,7,11,trị,後,治,U+6CBB,0.0904,True,RESCUE_LOW_CONF,
stt2,page_0204,7,16,mặt,柄,末,U+672B,0.0981,True,RESCUE_LOW_CONF,
stt2,page_0204,8,0,vui,盂,盃,U+76C3,0.5483,True,RESCUE_LOW_CONF,
stt2,page_0204,8,2,vô,每,每,U+6BCF,0.5995,False,NOT_IN_DICT,
stt2,page_0204,8,3,cùng,庭,穷,U+7A77,0.2595,True,RESCUE_LOW_CONF,
stt2,page_0204,8,5,đoạn,故,段,U+6BB5,0.4647,True,RESCUE_LOW_CONF,
stt2,page_0204,8,13,xác,荒,壳,U+58F3,0.7445,True,RESCUE_GOLD_MED,
stt2,page_0204,8,15,thưởng,貫,賞,U+8CDE,0.2789,True,RESCUE_LOW_CONF,
stt2,page_0204,8,17,cùng,培,穷,U+7A77,0.0746,True,RESCUE_LOW_CONF,
stt2,page_0204,9,1,tám,極,糁,U+7CC1,0.1833,True,RESCUE_LOW_CONF,
stt2,page_0204,9,3,thánh,瑟,垩,U+57A9,0.9224,True,RESCUE_GOLD_HIGH,
stt2,page_0204,9,4,xi,撓,扶,U+6276,0.1023,False,NOT_IN_DICT,
stt2,page_0204,9,6,ong,辭,翁,U+7FC1,0.134,True,RESCUE_LOW_CONF,
stt2,page_0206,1,0,ông,兌,翁,U+7FC1,0.3848,True,RESCUE_LOW_CONF,
stt2,page_0206,1,2,xi,摂,楼,U+697C,0.1847,False,NOT_IN_DICT,
stt2,page_0206,1,3,mê,眉,眉,U+7709,0.967,False,NOT_IN_DICT,
stt2,page_0206,1,4,ong,醉,翁,U+7FC1,0.2479,True,RESCUE_LOW_CONF,
stt2,page_0206,2,1,cha,师,吒,U+5412,0.9644,True,RESCUE_GOLD_HIGH,
stt2,page_0206,2,8,se,桐,篩,U+7BE9,0.6655,False,NOT_IN_DICT,
stt2,page_0206,2,17,viết,舀,曰,U+66F0,0.0136,True,RESCUE_LOW_CONF,
stt2,page_0206,3,3,giê,寺,支,U+652F,0.4224,True,RESCUE_LOW_CONF,
stt2,page_0206,3,7,thay,玄,台,U+53F0,0.0519,True,RESCUE_LOW_CONF,
stt2,page_0206,3,13,bè,注,麻,U+9EBB,0.8209,False,NOT_IN_DICT,
stt2,page_0206,3,15,giữ,行,佇,U+4F47,0.1904,True,RESCUE_LOW_CONF,
stt2,page_0206,3,18,lau,妻,娄,U+5A04,0.0531,True,RESCUE_LOW_CONF,
stt2,page_0206,4,3,nước,署,凜,U+51DC,0.1285,False,NOT_IN_DICT,
stt2,page_0206,4,4,rô,瑪,艚,U+825A,0.0545,False,NOT_IN_DICT,
stt2,page_0206,4,5,ma,兹,語,U+8A9E,0.0875,False,NOT_IN_DICT,
stt2,page_0206,4,8,thành,例,城,U+57CE,0.8826,True,RESCUE_GOLD_HIGH,
stt2,page_0206,4,12,trai,紊,茶,U+8336,0.2038,False,NOT_IN_DICT,
stt2,page_0206,4,15,bắt,机,扒,U+6252,0.1843,True,RESCUE_LOW_CONF,
stt2,page_0206,5,2,da,𫆀,耶,U+8036,0.2341,True,RESCUE_LOW_CONF,
stt2,page_0206,5,11,giữ,呼,碎,U+788E,0.1984,False,NOT_IN_DICT,
stt2,page_0206,5,19,rô,嚌,皮,U+76AE,0.1162,False,NOT_IN_DICT,
stt2,page_0206,6,11,xi,複,楼,U+697C,0.0605,False,NOT_IN_DICT,
stt2,page_0206,6,12,mê,眉,眉,U+7709,0.9902,False,NOT_IN_DICT,
stt2,page_0206,6,13,ong,鼐,翁,U+7FC1,0.3226,True,RESCUE_LOW_CONF,
stt2,page_0206,6,15,già,蕤,秩,U+79E9,0.1738,False,NOT_IN_DICT,
stt2,page_0206,7,0,trăm,祐,林,U+6797,0.1632,True,RESCUE_LOW_CONF,
stt2,page_0206,7,5,giục,通,逐,U+9010,0.4806,True,RESCUE_LOW_CONF,
stt2,page_0206,7,13,đòn,祐,枯,U+67AF,0.1837,False,NOT_IN_DICT,
stt2,page_0206,7,19,ngày,曝,時,U+6642,0.3809,True,RESCUE_LOW_CONF,
stt2,page_0206,8,2,đương,常,當,U+7576,0.5701,True,RESCUE_LOW_CONF,
stt2,page_0206,8,8,mạnh,益,孟,U+5B5F,0.3705,True,RESCUE_LOW_CONF,
stt2,page_0206,8,9,sức,灰,饬,U+996C,0.6164,True,RESCUE_LOW_CONF,
stt2,page_0206,9,11,đóng,使,便,U+4FBF,0.1245,False,NOT_IN_DICT,
stt2,page_0206,9,12,đinh,打,灯,U+706F,0.0413,True,RESCUE_LOW_CONF,
stt2,page_0208,1,12,sức,痴,饬,U+996C,0.341,True,RESCUE_LOW_CONF,
stt2,page_0208,1,15,chịu,花,召,U+53EC,0.6148,True,RESCUE_LOW_CONF,
stt2,page_0208,2,14,lẻ,椒,林,U+6797,0.572,False,NOT_IN_DICT,
stt2,page_0208,2,15,chín,劭,勉,U+52C9,0.2152,False,NOT_IN_DICT,
stt2,page_0208,3,4,xi,摧,撰,U+64B0,0.1761,False,NOT_IN_DICT,
stt2,page_0208,3,5,mê,眉,眉,U+7709,0.9793,False,NOT_IN_DICT,
stt2,page_0208,3,6,ong,碍,願,U+9858,0.114,False,NOT_IN_DICT,
stt2,page_0208,4,0,kẻ,加,几,U+51E0,0.8662,True,RESCUE_GOLD_HIGH,
stt2,page_0208,4,8,là,果,囉,U+56C9,0.048,True,RESCUE_LOW_CONF,
stt2,page_0208,4,15,mới,冒,買,U+8CB7,0.2181,True,RESCUE_LOW_CONF,
stt2,page_0208,4,19,xin,哨,嗔,U+55D4,0.745,True,RESCUE_GOLD_MED,
stt2,page_0208,5,0,ẳm,瘖,棱,U+68F1,0.3087,False,NOT_IN_DICT,
stt2,page_0208,5,1,lấy,𥘍,礼,U+793C,0.2993,True,RESCUE_LOW_CONF,
stt2,page_0208,5,16,chưa,清,渚,U+6E1A,0.8896,True,RESCUE_GOLD_HIGH,
stt2,page_0208,6,16,chôn,詩,特,U+7279,0.3241,False,NOT_IN_DICT,
stt2,page_0208,7,1,ghét,紱,結,U+7D50,0.607,True,RESCUE_LOW_CONF,
stt2,page_0208,7,11,là,罷,柴,U+67F4,0.1354,False,NOT_IN_DICT,
stt2,page_0208,8,0,thánh,差,差,U+5DEE,0.7562,False,NOT_IN_DICT,
stt2,page_0208,8,2,mê,眉,眉,U+7709,0.9525,False,NOT_IN_DICT,
stt2,page_0208,8,3,ong,爾,翁,U+7FC1,0.1638,True,RESCUE_LOW_CONF,
stt2,page_0208,9,3,lê,聚,黎,U+9ECE,0.6669,True,RESCUE_LOW_CONF,
stt2,page_0208,9,15,tháng,腸,暗,U+6697,0.0642,False,NOT_IN_DICT,
stt2,page_0210,1,0,ong,坌,翁,U+7FC1,0.5616,True,RESCUE_LOW_CONF,
stt2,page_0210,2,5,nhớ,放,汝,U+6C5D,0.7374,True,RESCUE_GOLD_MED,
stt2,page_0210,2,19,thích,等,移,U+79FB,0.1322,False,NOT_IN_DICT,
stt2,page_0210,3,1,mặt,栢,末,U+672B,0.2953,True,RESCUE_LOW_CONF,
stt2,page_0210,3,11,mật,藩,長,U+9577,0.1283,False,NOT_IN_DICT,
stt2,page_0210,3,17,ngon,雲,生,U+751F,0.0726,False,NOT_IN_DICT,
stt2,page_0210,3,18,ngọt,沉,每,U+6BCF,0.1815,False,NOT_IN_DICT,
stt2,page_0210,5,9,thành,瓦,城,U+57CE,0.9052,True,RESCUE_GOLD_HIGH,
stt2,page_0210,6,6,càng,麁,強,U+5F37,0.3795,True,RESCUE_LOW_CONF,
stt2,page_0210,6,7,chói,蛭,𤈜,U+2421C,0.0738,True,RESCUE_LOW_CONF,
stt2,page_0210,6,8,lọi,殊,朱,U+6731,0.1866,False,NOT_IN_DICT,
stt2,page_0210,6,11,mắt,相,赦,U+8D66,0.1058,False,NOT_IN_DICT,
stt2,page_0210,6,18,sáng,厠,創,U+5275,0.9101,True,RESCUE_GOLD_HIGH,
stt2,page_0210,7,8,đày,玄,其,U+5176,0.8906,False,NOT_IN_DICT,
stt2,page_0210,7,16,le,𭐖,离,U+79BB,0.5681,True,RESCUE_LOW_CONF,
stt2,page_0210,8,5,đá,𭮺,麻,U+9EBB,0.9501,False,NOT_IN_DICT,
stt2,page_0210,8,7,ném,珞,於,U+65BC,0.2103,False,NOT_IN_DICT,
stt2,page_0210,8,10,thánh,𠦡,垩,U+57A9,0.8636,True,RESCUE_GOLD_HIGH,
stt2,page_0210,8,11,mê,㸔,眉,U+7709,0.8832,False,NOT_IN_DICT,
stt2,page_0210,8,12,lê,恭,黎,U+9ECE,0.254,True,RESCUE_LOW_CONF,
stt2,page_0210,8,15,ngot,呪,吒,U+5412,0.2152,False,NOT_IN_DICT,
stt2,page_0210,8,16,hơn,宻,察,U+5BDF,0.378,False,NOT_IN_DICT,
stt2,page_0210,8,17,mật,欣,欣,U+6B23,0.8507,False,NOT_IN_DICT,
stt2,page_0210,9,0,ong,碍,翁,U+7FC1,0.1549,True,RESCUE_LOW_CONF,
stt2,page_0210,9,2,thương,𠋣,伤,U+4F24,0.2454,True,RESCUE_LOW_CONF,
stt2,page_0210,9,5,lấy,𥘎,礼,U+793C,0.8787,True,RESCUE_GOLD_HIGH,
stt2,page_0210,9,6,áo,禝,襖,U+8956,0.8755,True,RESCUE_GOLD_HIGH,
stt2,page_0210,9,9,chịu,局,麻,U+9EBB,0.5882,False,NOT_IN_DICT,
stt2,page_0210,9,15,chim,鴟,盈,U+76C8,0.1692,False,NOT_IN_DICT,
stt2,page_0212,1,2,la,咤,囉,U+56C9,0.2578,True,RESCUE_LOW_CONF,
stt2,page_0212,1,3,lãy,祀,礼,U+793C,0.4271,False,NOT_IN_DICT,
stt2,page_0212,1,4,cánh,瘦,挭,U+632D,0.1036,False,NOT_IN_DICT,
stt2,page_0212,1,6,che,帖,枝,U+679D,0.2717,True,RESCUE_LOW_CONF,
stt2,page_0212,1,9,kẻo,趫,歳,U+6B73,0.0474,False,NOT_IN_DICT,
stt2,page_0212,1,13,thà,詩,時,U+6642,0.0438,True,RESCUE_LOW_CONF,
stt2,page_0212,1,18,thà,詩,時,U+6642,0.0131,True,RESCUE_LOW_CONF,
stt2,page_0212,2,6,sau,静,連,U+9023,0.2483,False,NOT_IN_DICT,
stt2,page_0212,3,0,đàng,耋,堂,U+5802,0.9625,True,RESCUE_GOLD_HIGH,
stt2,page_0212,3,1,xem,社,袩,U+88A9,0.1423,True,RESCUE_LOW_CONF,
stt2,page_0212,3,2,sóc,初,朔,U+6714,0.2446,True,RESCUE_LOW_CONF,
stt2,page_0212,4,0,mươi,还,迈,U+8FC8,0.9583,True,RESCUE_GOLD_HIGH,
stt2,page_0212,4,1,chin,珍,於,U+65BC,0.4262,False,NOT_IN_DICT,
stt2,page_0212,4,4,ao,洳,拗,U+62D7,0.2629,True,RESCUE_LOW_CONF,
stt2,page_0212,4,8,viết,口,曰,U+66F0,0.9799,True,RESCUE_GOLD_HIGH,
stt2,page_0212,4,9,vồ,𦀇,姑,U+59D1,0.1039,False,NOT_IN_DICT,
stt2,page_0212,5,4,ra,嵎,囉,U+56C9,0.0279,True,RESCUE_LOW_CONF,
stt2,page_0212,5,7,rô,嘻,共,U+5171,0.0589,False,NOT_IN_DICT,
stt2,page_0212,6,15,lánh,君,另,U+53E6,0.288,True,RESCUE_LOW_CONF,
stt2,page_0212,7,2,nước,𮝾,渃,U+6E03,0.8797,True,RESCUE_GOLD_HIGH,
stt2,page_0212,8,6,thờ,臻,蜍,U+870D,0.7285,True,RESCUE_GOLD_MED,
stt2,page_0212,8,14,đất,四,坦,U+5766,0.7011,True,RESCUE_GOLD_MED,
stt2,page_0212,9,2,hết,散,歇,U+6B47,0.5216,True,RESCUE_LOW_CONF,
stt2,page_0212,9,6,đi,兹,多,U+591A,0.0149,True,RESCUE_LOW_CONF,
stt2,page_0212,9,10,sóc,相,朔,U+6714,0.4994,True,RESCUE_LOW_CONF,
stt2,page_0212,9,13,xôli,因,离,U+79BB,0.5509,False,NOT_IN_DICT,
stt2,page_0214,1,5,đã,丑,㐌,U+340C,0.4271,True,RESCUE_LOW_CONF,
stt2,page_0214,1,8,đức,缶,主,U+4E3B,0.4892,False,NOT_IN_DICT,
stt2,page_0214,1,18,vì,唐,為,U+70BA,0.8776,True,RESCUE_GOLD_HIGH,
stt2,page_0214,2,0,mươi,適,迈,U+8FC8,0.8391,True,RESCUE_GOLD_MED,
stt2,page_0214,2,19,trấy,难,𥙷,U+25677,0.095,False,NOT_IN_DICT,
stt2,page_0214,3,4,bi,厯,悲,U+60B2,0.4296,True,RESCUE_LOW_CONF,
stt2,page_0214,3,7,cậy,忘,忌,U+5FCC,0.694,True,RESCUE_LOW_CONF,
stt2,page_0214,3,12,sống,睡,封,U+5C01,0.158,False,NOT_IN_DICT,
stt2,page_0214,4,0,rày,愚,悶,U+60B6,0.2661,False,NOT_IN_DICT,
stt2,page_0214,4,10,mình,𫝇,命,U+547D,0.7833,True,RESCUE_GOLD_MED,
stt2,page_0214,4,19,sợ,悸,𢜝,U+2271D,0.1764,True,RESCUE_LOW_CONF,
stt2,page_0214,4,21,xơ,舊,功,U+529F,0.0958,False,NOT_IN_DICT,
stt2,page_0214,5,12,đánh,和,打,U+6253,0.8753,True,RESCUE_GOLD_HIGH,
stt2,page_0214,5,19,giệt,㓕,城,U+57CE,0.4316,False,NOT_IN_DICT,
stt2,page_0214,6,4,ê,眩,依,U+4F9D,0.1468,True,RESCUE_LOW_CONF,
stt2,page_0214,7,5,nước,屐,渃,U+6E03,0.7337,True,RESCUE_GOLD_MED,
stt2,page_0214,7,10,ao,所,拗,U+62D7,0.5522,True,RESCUE_LOW_CONF,
stt2,page_0214,7,15,thờ,稌,蜍,U+870D,0.4623,True,RESCUE_LOW_CONF,
stt2,page_0214,8,11,vua,刄,君,U+541B,0.5416,True,RESCUE_LOW_CONF,
stt2,page_0214,8,12,dạy,𢧐,代,U+4EE3,0.9723,True,RESCUE_GOLD_HIGH,
stt2,page_0214,8,14,giữ,将,佇,U+4F47,0.5057,True,RESCUE_LOW_CONF,
stt2,page_0214,8,17,biết,孔,𠊚,U+2029A,0.9775,False,NOT_IN_DICT,
stt2,page_0214,8,20,trá,烦,奴,U+5974,0.1494,False,NOT_IN_DICT,
stt2,page_0214,9,3,che,随,𠊚,U+2029A,0.3182,False,NOT_IN_DICT,
stt2,page_0214,9,4,con,昂,昆,U+6606,0.5844,True,RESCUE_LOW_CONF,
stt2,page_0214,9,5,mắt,相,末,U+672B,0.1331,True,RESCUE_LOW_CONF,
stt2,page_0214,9,19,nơi,只,尼,U+5C3C,0.0853,True,RESCUE_LOW_CONF,
stt2,page_0216,1,1,tấm,扵,糁,U+7CC1,0.1541,True,RESCUE_LOW_CONF,
stt2,page_0216,1,13,chỉ,舌,古,U+53E4,0.1201,False,NOT_IN_DICT,
stt2,page_0216,1,14,vua,好,君,U+541B,0.3032,True,RESCUE_LOW_CONF,
stt2,page_0216,1,18,cấm,葉,禁,U+7981,0.0629,True,RESCUE_LOW_CONF,
stt2,page_0216,1,19,sự,奪,事,U+4E8B,0.7318,True,RESCUE_GOLD_MED,
stt2,page_0216,2,12,lấy,祖,礼,U+793C,0.7153,True,RESCUE_GOLD_MED,
stt2,page_0216,2,13,chùy,積,棱,U+68F1,0.2749,False,NOT_IN_DICT,
stt2,page_0216,2,18,nát,禮,涅,U+6D85,0.2267,True,RESCUE_LOW_CONF,
stt2,page_0216,4,2,một,惡,没,U+6CA1,0.36,True,RESCUE_LOW_CONF,
stt2,page_0216,4,3,áo,複,襖,U+8956,0.9315,True,RESCUE_GOLD_HIGH,
stt2,page_0216,4,4,đỏ,诸,堵,U+5835,0.7103,True,RESCUE_GOLD_MED,
stt2,page_0216,4,7,vua,姻,君,U+541B,0.27,True,RESCUE_LOW_CONF,
stt2,page_0216,4,10,mặc,熟,𠊚,U+2029A,0.2243,False,NOT_IN_DICT,
stt2,page_0216,5,1,vua,布,君,U+541B,0.082,True,RESCUE_LOW_CONF,
stt2,page_0216,5,7,chết,升,折,U+6298,0.9534,True,RESCUE_GOLD_HIGH,
stt2,page_0216,5,15,ngựa,取,馭,U+99AD,0.3345,True,RESCUE_LOW_CONF,
stt2,page_0216,5,17,cánh,理,固,U+56FA,0.0502,False,NOT_IN_DICT,
stt2,page_0216,6,2,sau,逾,連,U+9023,0.7464,False,NOT_IN_DICT,
stt2,page_0216,6,5,bay,恐,悲,U+60B2,0.1158,True,RESCUE_LOW_CONF,
stt2,page_0216,6,16,đoan,殿,段,U+6BB5,0.7671,False,NOT_IN_DICT,
stt2,page_0216,6,19,quân,筝,軍,U+8ECD,0.6909,True,RESCUE_LOW_CONF,
stt2,page_0216,7,2,cơ,竒,奇,U+5947,0.4636,True,RESCUE_LOW_CONF,
stt2,page_0216,7,12,vua,因,体,U+4F53,0.1486,False,NOT_IN_DICT,
stt2,page_0216,8,4,mạnh,並,孟,U+5B5F,0.6277,True,RESCUE_LOW_CONF,
stt2,page_0216,8,6,mà,紫,喡,U+55A1,0.1637,False,NOT_IN_DICT,
stt2,page_0216,8,10,uống,呼,麻,U+9EBB,0.1415,False,NOT_IN_DICT,
stt2,page_0216,8,13,cơ,竒,箕,U+7B95,0.0163,True,RESCUE_LOW_CONF,
stt2,page_0216,9,11,ở,瓶,於,U+65BC,0.6613,True,RESCUE_LOW_CONF,
stt2,page_0216,9,12,một,奔,没,U+6CA1,0.7916,True,RESCUE_GOLD_MED,
stt2,page_0218,1,2,quỳ,缩,跪,U+8DEA,0.3955,True,RESCUE_LOW_CONF,
stt2,page_0218,1,6,xin,宴,真,U+771F,0.4059,True,RESCUE_LOW_CONF,
stt2,page_0218,2,14,xuông,庵,喡,U+55A1,0.2749,False,NOT_IN_DICT,
stt2,page_0218,2,18,được,将,時,U+6642,0.6188,True,RESCUE_LOW_CONF,
stt2,page_0218,3,1,và,峯,喡,U+55A1,0.2532,True,RESCUE_LOW_CONF,
stt2,page_0218,3,3,nước,医,渃,U+6E03,0.5696,True,RESCUE_LOW_CONF,
stt2,page_0218,3,10,gió,葡,共,U+5171,0.8244,False,NOT_IN_DICT,
stt2,page_0218,3,12,sấm,霍,僥,U+50E5,0.5048,False,NOT_IN_DICT,
stt2,page_0218,3,13,sét,酉,調,U+8ABF,0.0789,False,NOT_IN_DICT,
stt2,page_0218,4,4,phần,㕣,分,U+5206,0.7783,True,RESCUE_GOLD_MED,
stt2,page_0218,4,17,chỉ,者,断,U+65AD,0.0841,False,NOT_IN_DICT,
stt2,page_0218,5,4,cáo,去,法,U+6CD5,0.2753,False,NOT_IN_DICT,
stt2,page_0218,5,20,lối,舜,固,U+56FA,0.0913,False,NOT_IN_DICT,
stt2,page_0218,6,1,g,之,之,U+4E4B,0.9353,False,NOT_IN_DICT,
stt2,page_0218,6,2,dau,權,批,U+6279,0.3343,False,NOT_IN_DICT,
stt2,page_0218,7,3,giê,秋,支,U+652F,0.0094,True,RESCUE_LOW_CONF,
stt2,page_0218,7,4,su,支,秋,U+79CB,0.0097,True,RESCUE_LOW_CONF,
stt2,page_0218,7,13,một,厚,蔑,U+8511,0.2332,True,RESCUE_LOW_CONF,
stt2,page_0218,7,15,sáu,教,老,U+8001,0.1439,True,RESCUE_LOW_CONF,
stt2,page_0218,8,0,hai,吮,咍,U+548D,0.0606,True,RESCUE_LOW_CONF,
stt2,page_0218,8,1,mươl,返,迈,U+8FC8,0.615,False,NOT_IN_DICT,
stt2,page_0218,8,6,ri,接,拮,U+62EE,0.2541,False,NOT_IN_DICT,
stt2,page_0218,9,6,0,烏,烏,U+70CF,0.8563,False,NOT_IN_DICT,
stt2,page_0218,9,8,ong,碍,翁,U+7FC1,0.1975,True,RESCUE_LOW_CONF,
stt2,page_0218,9,10,nước,侯,沫,U+6CAB,0.0879,False,NOT_IN_DICT,
stt2,page_0218,9,12,lang,蘭,於,U+65BC,0.1364,False,NOT_IN_DICT,
stt2,page_0218,9,13,sa,孙,沙,U+6C99,0.7739,True,RESCUE_GOLD_MED,
stt2,page_0218,9,15,me,𩬊,移,U+79FB,0.1227,False,NOT_IN_DICT,
stt2,page_0218,9,18,thai,脫,暗,U+6697,0.2773,False,NOT_IN_DICT,
stt2,page_0220,2,6,đã,任,㐌,U+340C,0.3975,True,RESCUE_LOW_CONF,
stt2,page_0220,2,7,chọn,庚,撰,U+64B0,0.1871,True,RESCUE_LOW_CONF,
stt2,page_0220,2,10,bà,迴,把,U+628A,0.2207,True,RESCUE_LOW_CONF,
stt2,page_0220,2,11,ấy,致,衣,U+8863,0.1376,True,RESCUE_LOW_CONF,
stt2,page_0220,3,2,xin,夏,真,U+771F,0.6243,True,RESCUE_LOW_CONF,
stt2,page_0220,3,17,của,財,黙,U+9ED9,0.0692,False,NOT_IN_DICT,
stt2,page_0220,4,2,đã,孔,㐌,U+340C,0.3361,True,RESCUE_LOW_CONF,
stt2,page_0220,4,8,giữ,狩,佇,U+4F47,0.7366,True,RESCUE_GOLD_MED,
stt2,page_0220,4,15,sự,李,事,U+4E8B,0.5606,True,RESCUE_LOW_CONF,
stt2,page_0220,5,0,dòng,润,用,U+7528,0.5466,True,RESCUE_LOW_CONF,
stt2,page_0220,5,2,thầy,李,柴,U+67F4,0.6466,True,RESCUE_LOW_CONF,
stt2,page_0220,5,7,sau,葬,楼,U+697C,0.0283,True,RESCUE_LOW_CONF,
stt2,page_0220,5,10,trước,難,黙,U+9ED9,0.0511,False,NOT_IN_DICT,
stt2,page_0220,5,17,xem,仏,徳,U+5FB3,0.1606,False,NOT_IN_DICT,
stt2,page_0220,5,18,sóc,相,朔,U+6714,0.0568,True,RESCUE_LOW_CONF,
stt2,page_0220,6,7,gánh,便,連,U+9023,0.1254,False,NOT_IN_DICT,
stt2,page_0220,6,9,nặng,履,腮,U+816E,0.1526,False,NOT_IN_DICT,
stt2,page_0220,6,12,tôi,奔,碎,U+788E,0.4724,True,RESCUE_LOW_CONF,
stt2,page_0220,6,13,dái,毀,曳,U+66F3,0.6047,True,RESCUE_LOW_CONF,
stt2,page_0220,7,2,ép,丹,押,U+62BC,0.3621,True,RESCUE_LOW_CONF,
stt2,page_0220,7,3,tôi,殚,碎,U+788E,0.8032,True,RESCUE_GOLD_MED,
stt2,page_0220,7,4,giữ,停,佇,U+4F47,0.6646,True,RESCUE_LOW_CONF,
stt2,page_0220,7,6,sửa,斫,所,U+6240,0.0682,True,RESCUE_LOW_CONF,
stt2,page_0220,7,11,làm,本,牢,U+7262,0.441,False,NOT_IN_DICT,
stt2,page_0220,7,12,nên,耳,年,U+5E74,0.7481,True,RESCUE_GOLD_MED,
stt2,page_0220,7,14,le,帝,离,U+79BB,0.9123,True,RESCUE_GOLD_HIGH,
stt2,page_0220,7,17,cãi,收,改,U+6539,0.398,True,RESCUE_LOW_CONF,
stt2,page_0220,8,6,trị,法,底,U+5E95,0.0996,False,NOT_IN_DICT,
stt2,page_0220,8,12,sa,郎,沙,U+6C99,0.5595,True,RESCUE_LOW_CONF,
stt2,page_0220,8,16,lu,庐,四,U+56DB,0.3183,False,NOT_IN_DICT,
stt2,page_0220,8,18,nô,户,户,U+6237,0.4164,False,NOT_IN_DICT,
stt2,page_0220,9,4,vồ,𠕷,每,U+6BCF,0.1781,False,NOT_IN_DICT,
stt2,page_0220,9,12,ấy,㕣,官,U+5B98,0.994,False,NOT_IN_DICT,
stt2,page_0222,1,10,vồ,毎,每,U+6BCF,0.2437,False,NOT_IN_DICT,
stt2,page_0222,2,0,bao,𠮥,包,U+5305,0.9512,True,RESCUE_GOLD_HIGH,
stt2,page_0222,2,3,ông,幹,翁,U+7FC1,0.0755,True,RESCUE_LOW_CONF,
stt2,page_0222,2,5,đày,兹,古,U+53E4,0.5834,False,NOT_IN_DICT,
stt2,page_0222,3,7,carôlô,歌,欺,U+6B3A,0.1492,False,NOT_IN_DICT,
stt2,page_0222,3,10,đã,西,㐌,U+340C,0.0467,True,RESCUE_LOW_CONF,
stt2,page_0222,3,16,sa,郎,沙,U+6C99,0.478,True,RESCUE_LOW_CONF,
stt2,page_0222,4,3,thương,衙,伤,U+4F24,0.4093,True,RESCUE_LOW_CONF,
stt2,page_0222,4,5,nó,女,女,U+5973,0.9165,False,NOT_IN_DICT,
stt2,page_0222,5,11,xi,槐,楼,U+697C,0.1534,False,NOT_IN_DICT,
stt2,page_0222,5,17,vo,任,曰,U+66F0,0.5278,False,NOT_IN_DICT,
stt2,page_0222,6,4,hãy,突,唉,U+5509,0.4637,True,RESCUE_LOW_CONF,
stt2,page_0222,6,7,mộ,壊,摸,U+6478,0.1175,False,NOT_IN_DICT,
stt2,page_0222,6,9,coi,兹,該,U+8A72,0.8086,False,NOT_IN_DICT,
stt2,page_0222,6,13,sa,郎,沙,U+6C99,0.4436,True,RESCUE_LOW_CONF,
stt2,page_0222,6,16,xac,清,壳,U+58F3,0.5756,False,NOT_IN_DICT,
stt2,page_0222,7,1,hay,屹,咍,U+548D,0.406,True,RESCUE_LOW_CONF,
stt2,page_0222,7,2,là,衆,罢,U+7F62,0.0801,False,NOT_IN_DICT,
stt2,page_0222,7,4,thầy,望,柴,U+67F4,0.8961,True,RESCUE_GOLD_HIGH,
stt2,page_0222,7,10,sáng,稜,棱,U+68F1,0.4539,False,NOT_IN_DICT,
stt2,page_0222,7,17,xác,毛,壳,U+58F3,0.5398,True,RESCUE_LOW_CONF,
stt2,page_0222,7,18,còn,佯,群,U+7FA4,0.6754,True,RESCUE_LOW_CONF,
stt2,page_0222,8,2,rắn,路,矯,U+77EF,0.0597,False,NOT_IN_DICT,
stt2,page_0222,8,4,ghiếc,师,懶,U+61F6,0.1047,False,NOT_IN_DICT,
stt2,page_0222,8,8,chạy,家,麻,U+9EBB,0.9359,False,NOT_IN_DICT,
stt2,page_0222,8,12,xăng,接,体,U+4F53,0.1825,False,NOT_IN_DICT,
stt2,page_0222,9,0,phút,丶,之,U+4E4B,0.5574,False,NOT_IN_DICT,
stt2,page_0222,9,7,thật,庚,实,U+5B9E,0.0744,True,RESCUE_LOW_CONF,
stt2,page_0222,9,11,tay,翹,思,U+601D,0.1632,True,RESCUE_LOW_CONF,
stt2,page_0224,1,3,vồ,壬,每,U+6BCF,0.0919,False,NOT_IN_DICT,
stt2,page_0224,1,6,đày,兹,苔,U+82D4,0.0806,True,RESCUE_LOW_CONF,
stt2,page_0224,1,15,sự,李,事,U+4E8B,0.4624,True,RESCUE_LOW_CONF,
stt2,page_0224,1,16,đày,兹,事,U+4E8B,0.292,False,NOT_IN_DICT,
stt2,page_0224,2,0,nghỉ,打,我,U+6211,0.107,False,NOT_IN_DICT,
stt2,page_0224,2,11,sau,尋,断,U+65AD,0.0804,False,NOT_IN_DICT,
stt2,page_0224,2,13,đã,死,㐌,U+340C,0.2721,True,RESCUE_LOW_CONF,
stt2,page_0224,2,16,sách,酒,油,U+6CB9,0.0552,False,NOT_IN_DICT,
stt2,page_0224,2,19,nến,飧,膿,U+81BF,0.1077,False,NOT_IN_DICT,
stt2,page_0224,3,0,sáp,𤇺,獄,U+7344,0.1069,False,NOT_IN_DICT,
stt2,page_0224,3,1,đốt,絀,賊,U+8CCA,0.1409,False,NOT_IN_DICT,
stt2,page_0224,3,17,bớt,孔,扒,U+6252,0.3925,True,RESCUE_LOW_CONF,
stt2,page_0224,3,18,sáp,炷,班,U+73ED,0.0405,False,NOT_IN_DICT,
stt2,page_0224,4,2,mắt,相,朔,U+6714,0.1337,False,NOT_IN_DICT,
stt2,page_0224,4,6,què,堠,几,U+51E0,0.8323,False,NOT_IN_DICT,
stt2,page_0224,5,9,ông,尋,翁,U+7FC1,0.0124,True,RESCUE_LOW_CONF,
stt2,page_0224,5,15,năm,豳,創,U+5275,0.3802,False,NOT_IN_DICT,
stt2,page_0224,6,2,môt,𫞖,蔑,U+8511,0.4052,False,NOT_IN_DICT,
stt2,page_0224,6,7,vì,庤,為,U+70BA,0.4055,True,RESCUE_LOW_CONF,
stt2,page_0224,6,9,truven,傳,傳,U+50B3,0.9849,False,NOT_IN_DICT,
stt2,page_0224,7,9,nước,應,悲,U+60B2,0.1601,False,NOT_IN_DICT,
stt2,page_0224,7,10,arabia,随,阿,U+963F,0.7674,False,NOT_IN_DICT,
stt2,page_0224,7,13,xưa,勧,𥘉,U+25609,0.2537,True,RESCUE_LOW_CONF,
stt2,page_0224,7,17,hồ,𢪷,胡,U+80E1,0.186,True,RESCUE_LOW_CONF,
stt2,page_0224,7,18,mét,瑪,調,U+8ABF,0.405,False,NOT_IN_DICT,
stt2,page_0224,7,19,kẻ,飛,几,U+51E0,0.9609,True,RESCUE_GOLD_HIGH,
stt2,page_0224,8,4,rô,晋,𠊚,U+2029A,0.1015,False,NOT_IN_DICT,
stt2,page_0224,8,14,học,孝,之,U+4E4B,0.2553,False,NOT_IN_DICT,
stt2,page_0224,8,15,vì,传,庄,U+5E84,0.2164,False,NOT_IN_DICT,
stt2,page_0224,8,19,sau,楚,楼,U+697C,0.0651,True,RESCUE_LOW_CONF,
stt2,page_0224,9,6,càng,雄,强,U+5F3A,0.1001,True,RESCUE_LOW_CONF,
stt2,page_0224,9,7,nhiều,南,僥,U+50E5,0.6959,False,NOT_IN_DICT,
stt2,page_0226,1,16,rắn,酪,假,U+5047,0.1853,False,NOT_IN_DICT,
stt2,page_0226,2,1,chim,遇,倘,U+5018,0.0474,False,NOT_IN_DICT,
stt2,page_0226,3,4,mà,來,麻,U+9EBB,0.9546,True,RESCUE_GOLD_HIGH,
stt2,page_0226,3,5,rằng,懷,浪,U+6D6A,0.2303,True,RESCUE_LOW_CONF,
stt2,page_0226,3,11,mạnh,益,孟,U+5B5F,0.4992,True,RESCUE_LOW_CONF,
stt2,page_0226,4,8,tôi,遜,罪,U+7F6A,0.6749,False,NOT_IN_DICT,
stt2,page_0226,4,19,do,汙,抒,U+6292,0.1942,False,NOT_IN_DICT,
stt2,page_0226,5,0,dáy,陣,強,U+5F37,0.2113,False,NOT_IN_DICT,
stt2,page_0226,5,3,phê,孤,批,U+6279,0.7489,True,RESCUE_GOLD_MED,
stt2,page_0226,5,6,phải,浄,沛,U+6C9B,0.9517,True,RESCUE_GOLD_HIGH,
stt2,page_0226,5,13,thăng,香,倘,U+5018,0.0912,False,NOT_IN_DICT,
stt2,page_0226,5,15,mét,相,胡,U+80E1,0.3806,False,NOT_IN_DICT,
stt2,page_0226,6,5,chối,盾,渚,U+6E1A,0.6209,False,NOT_IN_DICT,
stt2,page_0226,6,10,bày,非,孾,U+5B7E,0.2141,False,NOT_IN_DICT,
stt2,page_0226,6,15,gở,悴,唯,U+552F,0.0923,False,NOT_IN_DICT,
stt2,page_0226,7,4,sa,孙,沙,U+6C99,0.0032,True,RESCUE_LOW_CONF,
stt2,page_0226,7,5,địa,阤,此,U+6B64,0.3293,False,NOT_IN_DICT,
stt2,page_0226,7,8,cất,䏻,𢃄,U+220C4,0.2289,False,NOT_IN_DICT,
stt2,page_0226,7,19,là,㽞,号,U+53F7,0.0439,True,RESCUE_LOW_CONF,
stt2,page_0226,7,20,dòng,泪,用,U+7528,0.7302,True,RESCUE_GOLD_MED,
stt2,page_0226,8,3,phải,淨,沛,U+6C9B,0.7188,True,RESCUE_GOLD_MED,
stt2,page_0226,8,12,những,春,𠊚,U+2029A,0.3154,False,NOT_IN_DICT,
stt2,page_0226,8,13,trách,榮,我,U+6211,0.097,False,NOT_IN_DICT,
stt2,page_0226,8,14,thầy,𠇭,命,U+547D,0.1731,False,NOT_IN_DICT,
stt2,page_0226,8,15,mình,偈,命,U+547D,0.9269,True,RESCUE_GOLD_HIGH,
stt2,page_0226,8,19,lay,祀,礼,U+793C,0.3453,False,NOT_IN_DICT,
stt2,page_0226,9,0,đâm,据,每,U+6BCF,0.2227,False,NOT_IN_DICT,
stt2,page_0226,9,8,lên,逢,連,U+9023,0.1641,True,RESCUE_LOW_CONF,
stt2,page_0226,9,12,trên,遠,連,U+9023,0.5603,True,RESCUE_LOW_CONF,
stt2,page_0226,9,15,đàng,孝,堂,U+5802,0.7493,True,RESCUE_GOLD_MED,
stt2,page_0228,2,6,sáu,衣,底,U+5E95,0.1129,False,NOT_IN_DICT,
stt2,page_0228,2,7,tháng,传,仍,U+4ECD,0.1311,False,NOT_IN_DICT,
stt2,page_0228,2,10,vào,呂,包,U+5305,0.5362,True,RESCUE_LOW_CONF,
stt2,page_0228,3,9,bê,儘,皮,U+76AE,0.0664,True,RESCUE_LOW_CONF,
stt2,page_0228,3,10,ra,異,爲,U+7232,0.4795,False,NOT_IN_DICT,
stt2,page_0228,3,11,du,逢,道,U+9053,0.2966,False,NOT_IN_DICT,
stt2,page_0228,4,6,xu,柩,樞,U+6A1E,0.8581,True,RESCUE_GOLD_HIGH,
stt2,page_0228,4,10,0,烏,烏,U+70CF,0.9677,False,NOT_IN_DICT,
stt2,page_0228,5,1,chicô,姑,姑,U+59D1,0.4595,False,NOT_IN_DICT,
stt2,page_0228,5,6,dòng,𨳩,用,U+7528,0.8466,True,RESCUE_GOLD_MED,
stt2,page_0228,5,15,đi,妾,多,U+591A,0.0888,True,RESCUE_LOW_CONF,
stt2,page_0228,5,19,mô,侯,模,U+6A21,0.8418,True,RESCUE_GOLD_MED,
stt2,page_0228,6,2,1,依,渃,U+6E03,0.291,False,NOT_IN_DICT,
stt2,page_0228,6,7,ta,聖,𠊚,U+2029A,0.9829,False,NOT_IN_DICT,
stt2,page_0228,6,14,nước,扆,旦,U+65E6,0.948,False,NOT_IN_DICT,
stt2,page_0228,6,17,ga,𭸟,𧗱,U+275F1,0.1286,False,NOT_IN_DICT,
stt2,page_0228,7,1,nước,云,渃,U+6E03,0.2034,True,RESCUE_LOW_CONF,
stt2,page_0228,7,3,mừng,肉,明,U+660E,0.1136,True,RESCUE_LOW_CONF,
stt2,page_0228,7,11,trời,尉,朱,U+6731,0.9653,False,NOT_IN_DICT,
stt2,page_0228,7,18,sự,寧,事,U+4E8B,0.3079,True,RESCUE_LOW_CONF,
stt2,page_0228,8,2,chối,最,最,U+6700,0.7312,False,NOT_IN_DICT,
stt2,page_0228,8,5,vua,耐,寺,U+5BFA,0.1093,False,NOT_IN_DICT,
stt2,page_0228,8,6,chúng,教,曳,U+66F3,0.1434,False,NOT_IN_DICT,
stt2,page_0228,8,11,chang,在,庒,U+5E92,0.0202,True,RESCUE_LOW_CONF,
stt2,page_0228,9,3,bà,屡,婆,U+5A46,0.0869,True,RESCUE_LOW_CONF,
stt2,page_0228,9,6,nài,秦,𡗶,U+215F6,0.457,False,NOT_IN_DICT,
stt2,page_0228,9,11,đoạn,殷,段,U+6BB5,0.9168,True,RESCUE_GOLD_HIGH,
stt2,page_0228,9,18,muốn,周,悶,U+60B6,0.8244,True,RESCUE_GOLD_MED,
stt2,page_0230,1,0,làm,古,福,U+798F,0.2092,False,NOT_IN_DICT,
stt2,page_0230,1,13,chúng,蠡,歇,U+6B47,0.1666,False,NOT_IN_DICT,
stt2,page_0230,1,16,sau,聱,連,U+9023,0.2762,False,NOT_IN_DICT,
stt2,page_0230,1,19,đây,爬,低,U+4F4E,0.7843,True,RESCUE_GOLD_MED,
stt2,page_0230,2,16,lo,𠮦,卢,U+5362,0.2228,True,RESCUE_LOW_CONF,
stt2,page_0230,3,5,chớ,暦,渚,U+6E1A,0.8056,True,RESCUE_GOLD_MED,
stt2,page_0230,3,13,lời,圈,例,U+4F8B,0.0263,True,RESCUE_LOW_CONF,
stt2,page_0230,3,20,chưng,儆,徴,U+5FB4,0.0925,True,RESCUE_LOW_CONF,
stt2,page_0230,4,12,vua,闕,皮,U+76AE,0.3397,False,NOT_IN_DICT,
stt2,page_0230,4,14,dân,良,民,U+6C11,0.6483,True,RESCUE_LOW_CONF,
stt2,page_0230,5,1,trách,春,責,U+8CAC,0.5237,True,RESCUE_LOW_CONF,
stt2,page_0230,5,9,thì,春,傳,U+50B3,0.5082,False,NOT_IN_DICT,
stt2,page_0230,5,11,nghe,庭,宜,U+5B9C,0.1949,True,RESCUE_LOW_CONF,
stt2,page_0230,6,5,can,錬,模,U+6A21,0.0885,False,NOT_IN_DICT,
stt2,page_0230,6,12,vua,軻,丕,U+4E15,0.2912,False,NOT_IN_DICT,
stt2,page_0230,6,13,cầm,拾,扲,U+6272,0.5881,True,RESCUE_LOW_CONF,
stt2,page_0230,6,14,nhiều,丶,扲,U+6272,0.2204,False,NOT_IN_DICT,
stt2,page_0230,6,19,tàu,臈,艚,U+825A,0.0555,True,RESCUE_LOW_CONF,
stt2,page_0230,7,9,khi,歡,意,U+610F,0.975,False,NOT_IN_DICT,
stt2,page_0230,7,11,nước,隨,旦,U+65E6,0.8823,False,NOT_IN_DICT,
stt2,page_0230,7,19,ấy,取,衣,U+8863,0.847,True,RESCUE_GOLD_MED,
stt2,page_0230,8,3,bây,慰,悲,U+60B2,0.7571,True,RESCUE_GOLD_MED,
stt2,page_0230,8,11,giảng,萹,講,U+8B1B,0.2004,True,RESCUE_LOW_CONF,
stt2,page_0230,8,16,biết,則,别,U+522B,0.544,True,RESCUE_LOW_CONF,
stt2,page_0230,8,18,thật,戻,实,U+5B9E,0.0962,True,RESCUE_LOW_CONF,
stt2,page_0230,8,19,vua,向,奴,U+5974,0.1339,False,NOT_IN_DICT,
stt2,page_0230,8,20,nghe,疽,宜,U+5B9C,0.9652,True,RESCUE_GOLD_HIGH,
stt2,page_0230,9,3,chê,凌,曳,U+66F3,0.1147,False,NOT_IN_DICT,
stt2,page_0232,1,4,ga,樹,𧗱,U+275F1,0.0972,False,NOT_IN_DICT,
stt2,page_0232,1,13,giận,𫝕,浪,U+6D6A,0.7135,False,NOT_IN_DICT,
stt2,page_0232,2,3,về,衝,𧗱,U+275F1,0.1354,True,RESCUE_LOW_CONF,
stt2,page_0232,2,8,về,衝,𧗱,U+275F1,0.9311,True,RESCUE_GOLD_HIGH,
stt2,page_0232,2,13,giữa,神,形,U+5F62,0.1416,False,NOT_IN_DICT,
stt2,page_0232,2,16,chăng,在,生,U+751F,0.2949,True,RESCUE_LOW_CONF,
stt2,page_0232,2,17,các,名,各,U+5404,0.1202,True,RESCUE_LOW_CONF,
stt2,page_0232,3,1,một,殷,没,U+6CA1,0.0851,True,RESCUE_LOW_CONF,
stt2,page_0232,3,3,lại,杢,吏,U+540F,0.6926,True,RESCUE_LOW_CONF,
stt2,page_0232,3,5,lại,杢,吏,U+540F,0.6751,True,RESCUE_LOW_CONF,
stt2,page_0232,3,8,giữa,抑,如,U+5982,0.4568,False,NOT_IN_DICT,
stt2,page_0232,3,10,vua,阿,奴,U+5974,0.0769,False,NOT_IN_DICT,
stt2,page_0232,3,11,mắng,隣,莽,U+83BD,0.0388,True,RESCUE_LOW_CONF,
stt2,page_0232,4,3,tù,冈,囚,U+56DA,0.9369,True,RESCUE_GOLD_HIGH,
stt2,page_0232,4,10,hai,嗟,柴,U+67F4,0.2254,False,NOT_IN_DICT,
stt2,page_0232,4,14,cho,安,安,U+5B89,0.7247,False,NOT_IN_DICT,
stt2,page_0232,4,15,ăn,朱,安,U+5B89,0.2597,True,RESCUE_LOW_CONF,
stt2,page_0232,4,16,uống,咀,朱,U+6731,0.229,False,NOT_IN_DICT,
stt2,page_0232,4,19,sốt,雄,之,U+4E4B,0.2901,False,NOT_IN_DICT,
stt2,page_0232,5,8,thì,存,寺,U+5BFA,0.82,True,RESCUE_GOLD_MED,
stt2,page_0232,5,10,ra,巽,加,U+52A0,0.0341,True,RESCUE_LOW_CONF,
stt2,page_0232,5,16,còn,凈,群,U+7FA4,0.4912,True,RESCUE_LOW_CONF,
stt2,page_0232,5,19,thì,封,寺,U+5BFA,0.5388,True,RESCUE_LOW_CONF,
stt2,page_0232,6,0,vua,翅,刧,U+5227,0.0481,False,NOT_IN_DICT,
stt2,page_0232,6,4,trấy,祗,礼,U+793C,0.9786,False,NOT_IN_DICT,
stt2,page_0232,6,12,đoạn,嚴,没,U+6CA1,0.2754,False,NOT_IN_DICT,
stt2,page_0232,6,19,quân,奉,軍,U+8ECD,0.0507,True,RESCUE_LOW_CONF,
stt2,page_0232,7,11,giữ,胥,几,U+51E0,0.4221,False,NOT_IN_DICT,
stt2,page_0232,8,7,thì,存,寺,U+5BFA,0.4963,True,RESCUE_LOW_CONF,
stt2,page_0232,9,0,phê,托,批,U+6279,0.9523,True,RESCUE_GOLD_HIGH,
stt2,page_0232,9,8,quân,𥝝,軍,U+8ECD,0.2485,True,RESCUE_LOW_CONF,
stt2,page_0232,9,9,hoa,䘚,卒,U+5352,0.3526,False,NOT_IN_DICT,
stt2,page_0232,9,13,vua,廻,奴,U+5974,0.1046,False,NOT_IN_DICT,
stt2,page_0234,1,8,thì,薪,寺,U+5BFA,0.6645,True,RESCUE_LOW_CONF,
stt2,page_0234,1,16,mùa,分,命,U+547D,0.5278,False,NOT_IN_DICT,
stt2,page_0234,2,3,bê,两,皮,U+76AE,0.0676,True,RESCUE_LOW_CONF,
stt2,page_0234,2,4,ne,那,那,U+90A3,0.9839,False,NOT_IN_DICT,
stt2,page_0234,2,6,du,迓,遊,U+904A,0.0383,True,RESCUE_LOW_CONF,
stt2,page_0234,2,8,một,㡬,没,U+6CA1,0.3957,True,RESCUE_LOW_CONF,
stt2,page_0234,2,9,que,物,拘,U+62D8,0.1902,False,NOT_IN_DICT,
stt2,page_0234,3,1,voi,為,仍,U+4ECD,0.2638,False,NOT_IN_DICT,
stt2,page_0234,3,4,thay,太,次,U+6B21,0.1487,False,NOT_IN_DICT,
stt2,page_0234,3,5,thảy,丶,調,U+8ABF,0.7761,False,NOT_IN_DICT,
stt2,page_0234,3,11,nước,𠰥,徳,U+5FB3,0.1485,False,NOT_IN_DICT,
stt2,page_0234,3,12,gánh,硬,碎,U+788E,0.132,False,NOT_IN_DICT,
stt2,page_0234,3,18,thì,脊,寺,U+5BFA,0.1133,True,RESCUE_LOW_CONF,
stt2,page_0234,3,19,lại,委,寺,U+5BFA,0.4451,False,NOT_IN_DICT,
stt2,page_0234,4,0,lại,李,吏,U+540F,0.9795,True,RESCUE_GOLD_HIGH,
stt2,page_0234,4,2,còn,羊,群,U+7FA4,0.6091,True,RESCUE_LOW_CONF,
stt2,page_0234,4,5,này,扈,尼,U+5C3C,0.828,True,RESCUE_GOLD_MED,
stt2,page_0234,4,11,mừng,闲,明,U+660E,0.0898,True,RESCUE_LOW_CONF,
stt2,page_0234,4,16,thì,靣,貞,U+8C9E,0.2812,False,NOT_IN_DICT,
stt2,page_0234,4,17,hãi,交,皮,U+76AE,0.1535,False,NOT_IN_DICT,
stt2,page_0234,5,15,lai,杢,吏,U+540F,0.8268,True,RESCUE_GOLD_MED,
stt2,page_0234,5,19,giảng,篇,講,U+8B1B,0.0629,True,RESCUE_LOW_CONF,
stt2,page_0234,6,14,thịt,衲,那,U+90A3,0.2952,False,NOT_IN_DICT,
stt2,page_0234,6,15,ra,契,時,U+6642,0.1649,False,NOT_IN_DICT,
stt2,page_0234,7,1,muối,姦,每,U+6BCF,0.3428,False,NOT_IN_DICT,
stt2,page_0234,7,3,dấm,𬗫,贖,U+8D16,0.2859,False,NOT_IN_DICT,
stt2,page_0234,7,6,nơi,卷,尼,U+5C3C,0.6965,True,RESCUE_LOW_CONF,
stt2,page_0234,7,10,đau,病,於,U+65BC,0.1415,False,NOT_IN_DICT,
stt2,page_0234,7,14,đêm,虗,店,U+5E97,0.7874,True,RESCUE_GOLD_MED,
stt2,page_0234,7,15,thì,喬,寺,U+5BFA,0.6139,True,RESCUE_LOW_CONF,
stt2,page_0234,8,16,từ,囚,囚,U+56DA,0.9203,False,NOT_IN_DICT,
stt2,page_0234,9,3,nhà,花,茹,U+8339,0.2326,True,RESCUE_LOW_CONF,
stt2,page_0234,9,4,thì,脊,寺,U+5BFA,0.8932,True,RESCUE_GOLD_HIGH,
stt2,page_0234,9,10,trốn,連,㐌,U+340C,0.8934,False,NOT_IN_DICT,
stt2,page_0234,9,11,đi,號,迍,U+8FCD,0.1958,False,NOT_IN_DICT,
stt2,page_0234,9,13,sang,刋,旦,U+65E6,0.2506,False,NOT_IN_DICT,
stt2,page_0234,9,14,ngay,将,時,U+6642,0.5722,False,NOT_IN_DICT,
stt2,page_0236,1,0,dân,良,民,U+6C11,0.569,True,RESCUE_LOW_CONF,
stt2,page_0236,1,4,ý,仏,衣,U+8863,0.3705,True,RESCUE_LOW_CONF,
stt2,page_0236,1,8,sao,庫,牢,U+7262,0.2518,True,RESCUE_LOW_CONF,
stt2,page_0236,1,9,thì,爵,寺,U+5BFA,0.7815,True,RESCUE_GOLD_MED,
stt2,page_0236,1,11,vậv,石,丕,U+4E15,0.3868,False,NOT_IN_DICT,
stt2,page_0236,1,17,0,烏,与,U+4E0E,0.3371,False,NOT_IN_DICT,
stt2,page_0236,2,2,lại,走,吏,U+540F,0.8405,True,RESCUE_GOLD_MED,
stt2,page_0236,2,5,kia,夏,其,U+5176,0.878,True,RESCUE_GOLD_HIGH,
stt2,page_0236,2,6,lại,委,吏,U+540F,0.7924,True,RESCUE_GOLD_MED,
stt2,page_0236,2,7,rằng,羸,浪,U+6D6A,0.7186,True,RESCUE_GOLD_MED,
stt2,page_0236,3,2,vua,涸,君,U+541B,0.0345,True,RESCUE_LOW_CONF,
stt2,page_0236,3,6,khác,扵,恪,U+606A,0.2691,True,RESCUE_LOW_CONF,
stt2,page_0236,3,8,hơn,欤,欣,U+6B23,0.85,True,RESCUE_GOLD_HIGH,
stt2,page_0236,3,15,nghe,府,宜,U+5B9C,0.6672,True,RESCUE_LOW_CONF,
stt2,page_0236,4,14,con,比,昆,U+6606,0.9465,True,RESCUE_GOLD_HIGH,
stt2,page_0236,4,17,vợ,𤥨,嬏,U+5B0F,0.0397,True,RESCUE_LOW_CONF,
stt2,page_0236,5,7,chế,过,吱,U+5431,0.101,True,RESCUE_LOW_CONF,
stt2,page_0236,5,12,chê,艾,仍,U+4ECD,0.3998,False,NOT_IN_DICT,
stt2,page_0236,5,18,dối,討,対,U+5BFE,0.0294,True,RESCUE_LOW_CONF,
stt2,page_0236,6,8,bố,禇,麻,U+9EBB,0.3929,False,NOT_IN_DICT,
stt2,page_0236,6,10,và,貴,須,U+9808,0.3062,False,NOT_IN_DICT,
stt2,page_0236,7,10,ga,衙,獄,U+7344,0.1978,False,NOT_IN_DICT,
stt2,page_0236,7,13,lô,出,些,U+4E9B,0.2499,False,NOT_IN_DICT,
stt2,page_0236,7,14,ta,坐,些,U+4E9B,0.1936,True,RESCUE_LOW_CONF,
stt2,page_0236,7,20,lên,遼,連,U+9023,0.3781,True,RESCUE_LOW_CONF,
stt2,page_0236,8,6,ném,虗,悲,U+60B2,0.0917,False,NOT_IN_DICT,
stt2,page_0236,8,13,chung,癸,终,U+7EC8,0.0698,True,RESCUE_LOW_CONF,
stt2,page_0236,8,14,quanh,孔,觥,U+89E5,0.3708,True,RESCUE_LOW_CONF,
stt2,page_0236,8,15,thành,動,城,U+57CE,0.5354,True,RESCUE_LOW_CONF,
stt2,page_0236,8,17,đốt,厭,些,U+4E9B,0.547,False,NOT_IN_DICT,
stt2,page_0236,9,2,cháy,垤,𤈜,U+2421C,0.0521,True,RESCUE_LOW_CONF,
stt2,page_0236,9,7,do,予,沛,U+6C9B,0.2924,False,NOT_IN_DICT,
stt2,page_0236,9,9,thì,存,寺,U+5BFA,0.8914,True,RESCUE_GOLD_HIGH,
stt2,page_0236,9,11,sấm,露,魔,U+9B54,0.3009,False,NOT_IN_DICT,
stt2,page_0236,9,12,sét,𠁅,遣,U+9063,0.131,False,NOT_IN_DICT,
stt2,page_0236,9,14,xuống,靡,實,U+5BE6,0.1332,False,NOT_IN_DICT,
stt2,page_0236,9,17,mới,㝵,恩,U+6069,0.2128,False,NOT_IN_DICT,
stt2,page_0238,1,10,trong,牢,中,U+4E2D,0.9722,True,RESCUE_GOLD_HIGH,
stt2,page_0238,1,16,thờ,𠏉,除,U+9664,0.7979,True,RESCUE_GOLD_MED,
stt2,page_0238,2,12,tiếc,腊,惜,U+60DC,0.6677,True,RESCUE_LOW_CONF,
stt2,page_0238,2,18,hay,学,咍,U+548D,0.2152,True,RESCUE_LOW_CONF,
stt2,page_0238,2,19,các,於,各,U+5404,0.0442,True,RESCUE_LOW_CONF,
stt2,page_0238,3,1,lòng,憙,馬,U+99AC,0.2608,False,NOT_IN_DICT,
stt2,page_0238,3,6,về,銜,朱,U+6731,0.3494,False,NOT_IN_DICT,
stt2,page_0238,4,10,tà,那,那,U+90A3,0.3959,False,NOT_IN_DICT,
stt2,page_0238,4,11,dâm,鳯,願,U+9858,0.2088,False,NOT_IN_DICT,
stt2,page_0238,4,14,vào,邑,包,U+5305,0.6426,True,RESCUE_LOW_CONF,
stt2,page_0238,4,16,dày,席,帝,U+5E1D,0.9545,False,NOT_IN_DICT,
stt2,page_0238,5,1,sợ,昨,怍,U+600D,0.3611,True,RESCUE_LOW_CONF,
stt2,page_0238,5,2,run,夏,最,U+6700,0.236,False,NOT_IN_DICT,
stt2,page_0238,5,3,cả,晉,竒,U+7AD2,0.4253,True,RESCUE_LOW_CONF,
stt2,page_0238,5,4,và,瑺,喡,U+55A1,0.4683,True,RESCUE_LOW_CONF,
stt2,page_0238,5,7,trệt,儆,徳,U+5FB3,0.1203,False,NOT_IN_DICT,
stt2,page_0238,5,12,cam,吟,吟,U+541F,0.72,False,NOT_IN_DICT,
stt2,page_0238,6,4,thì,前,寺,U+5BFA,0.5621,True,RESCUE_LOW_CONF,
stt2,page_0238,6,6,mới,署,買,U+8CB7,0.3709,True,RESCUE_LOW_CONF,
stt2,page_0238,6,8,què,庵,跪,U+8DEA,0.8151,True,RESCUE_GOLD_MED,
stt2,page_0238,6,10,le,齒,离,U+79BB,0.8484,True,RESCUE_GOLD_MED,
stt2,page_0238,6,16,khi,庚,欺,U+6B3A,0.9306,True,RESCUE_GOLD_HIGH,
stt2,page_0238,7,7,mới,百,貝,U+8C9D,0.0997,True,RESCUE_LOW_CONF,
stt2,page_0238,7,15,dọn,連,其,U+5176,0.8789,False,NOT_IN_DICT,
stt2,page_0238,7,19,đầu,頌,頭,U+982D,0.0958,True,RESCUE_LOW_CONF,
stt2,page_0238,8,7,tà,那,折,U+6298,0.1887,False,NOT_IN_DICT,
stt2,page_0238,8,16,khi,廖,寺,U+5BFA,0.4706,False,NOT_IN_DICT,
stt2,page_0238,8,17,thì,肃,寺,U+5BFA,0.2131,True,RESCUE_LOW_CONF,
stt2,page_0238,8,18,dọn,述,𠊚,U+2029A,0.3588,False,NOT_IN_DICT,
stt2,page_0238,8,19,đế,辰,氐,U+6C10,0.023,True,RESCUE_LOW_CONF,
stt2,page_0238,9,8,với,翔,那,U+90A3,0.1137,False,NOT_IN_DICT,
stt2,page_0238,9,9,chẳng,本,庄,U+5E84,0.1047,True,RESCUE_LOW_CONF,
stt2,page_0238,9,12,sợ,時,𢜝,U+2271D,0.0496,True,RESCUE_LOW_CONF,
stt2,page_0238,9,17,đoạn,浸,段,U+6BB5,0.8322,True,RESCUE_GOLD_MED,
stt2,page_0240,1,0,mới,百,某,U+67D0,0.0687,True,RESCUE_LOW_CONF,
stt2,page_0240,1,7,sau,静,連,U+9023,0.2526,False,NOT_IN_DICT,
stt2,page_0240,2,1,đoạn,漸,断,U+65AD,0.9143,True,RESCUE_GOLD_HIGH,
stt2,page_0240,2,5,lấy,輙,礼,U+793C,0.0285,True,RESCUE_LOW_CONF,
stt2,page_0240,3,1,hùm,徳,傷,U+50B7,0.2704,False,NOT_IN_DICT,
stt2,page_0240,3,11,lấy,被,礼,U+793C,0.0331,True,RESCUE_LOW_CONF,
stt2,page_0240,3,15,ra,冥,加,U+52A0,0.0262,True,RESCUE_LOW_CONF,
stt2,page_0240,3,17,giữa,抑,𰙔,U+30654,0.1428,False,NOT_IN_DICT,
stt2,page_0240,4,17,mới,百,買,U+8CB7,0.4164,True,RESCUE_LOW_CONF,
stt2,page_0240,5,0,mừng,附,明,U+660E,0.2713,True,RESCUE_LOW_CONF,
stt2,page_0240,5,14,ngã,㢤,我,U+6211,0.0899,True,RESCUE_LOW_CONF,
stt2,page_0240,5,18,nghi,聘,省,U+7701,0.0972,False,NOT_IN_DICT,
stt2,page_0240,6,4,thì,爵,寺,U+5BFA,0.8064,True,RESCUE_GOLD_MED,
stt2,page_0240,7,0,dông,腐,底,U+5E95,0.0563,False,NOT_IN_DICT,
stt2,page_0240,7,2,nơi,后,髙,U+9AD9,0.1494,False,NOT_IN_DICT,
stt2,page_0240,7,4,thấp,会,翁,U+7FC1,0.0984,False,NOT_IN_DICT,
stt2,page_0240,7,5,rậm,琰,樞,U+6A1E,0.1309,False,NOT_IN_DICT,
stt2,page_0240,7,6,rạp,獵,困,U+56F0,0.5428,False,NOT_IN_DICT,
stt2,page_0240,7,8,lắm,凍,庄,U+5E84,0.1437,False,NOT_IN_DICT,
stt2,page_0240,7,14,qua,遇,過,U+904E,0.0704,True,RESCUE_LOW_CONF,
stt2,page_0240,7,17,mới,百,買,U+8CB7,0.1952,True,RESCUE_LOW_CONF,
stt2,page_0240,8,0,hay,喀,咍,U+548D,0.1208,True,RESCUE_LOW_CONF,
stt2,page_0240,8,7,giữa,抑,抛,U+629B,0.2924,False,NOT_IN_DICT,
stt2,page_0240,9,6,xác,微,殻,U+6BBB,0.2711,True,RESCUE_LOW_CONF,
stt2,page_0240,9,11,kính,政,敬,U+656C,0.9671,True,RESCUE_GOLD_HIGH,
stt2,page_0240,9,16,về,𧘻,徳,U+5FB3,0.2609,False,NOT_IN_DICT,
stt2,page_0242,1,0,nước,民,渃,U+6E03,0.3805,True,RESCUE_LOW_CONF,
stt2,page_0242,1,3,ga,獨,折,U+6298,0.0681,False,NOT_IN_DICT,
stt2,page_0242,1,5,măng,隣,罪,U+7F6A,0.0774,False,NOT_IN_DICT,
stt2,page_0242,2,3,cùng,摂,拱,U+62F1,0.8978,True,RESCUE_GOLD_HIGH,
stt2,page_0242,2,7,ra,興,加,U+52A0,0.0334,True,RESCUE_LOW_CONF,
stt2,page_0242,2,8,rước,犖,綽,U+7DBD,0.5055,True,RESCUE_LOW_CONF,
stt2,page_0242,2,9,mừng,咽,明,U+660E,0.1278,True,RESCUE_LOW_CONF,
stt2,page_0242,2,12,trước,鄰,綿,U+7DBF,0.1369,False,NOT_IN_DICT,
stt2,page_0242,2,17,xác,殷,殼,U+6BBC,0.0482,True,RESCUE_LOW_CONF,
stt2,page_0242,3,2,nhà,君,如,U+5982,0.1241,True,RESCUE_LOW_CONF,
stt2,page_0242,3,8,cửa,本,㪯,U+3AAF,0.2064,True,RESCUE_LOW_CONF,
stt2,page_0242,3,18,vua,翅,塊,U+584A,0.0925,False,NOT_IN_DICT,
stt2,page_0242,5,4,thì,奇,寺,U+5BFA,0.9351,True,RESCUE_GOLD_HIGH,
stt2,page_0242,5,11,quỳ,庵,帝,U+5E1D,0.909,False,NOT_IN_DICT,
stt2,page_0242,5,15,cat,法,拮,U+62EE,0.3546,False,NOT_IN_DICT,
stt2,page_0242,5,17,xác,𡻕,浪,U+6D6A,0.1205,False,NOT_IN_DICT,
stt2,page_0242,6,3,chôi,暦,渚,U+6E1A,0.5169,False,NOT_IN_DICT,
stt2,page_0242,6,17,sống,難,邦,U+90A6,0.0788,False,NOT_IN_DICT,
stt2,page_0242,8,4,và,𭘧,喡,U+55A1,0.3641,True,RESCUE_LOW_CONF,
stt2,page_0242,8,11,nạn,准,道,U+9053,0.1055,False,NOT_IN_DICT,
stt2,page_0242,8,14,nhiều,夕,対,U+5BFE,0.6972,False,NOT_IN_DICT,
stt2,page_0242,8,18,ay,入,衣,U+8863,0.4657,False,NOT_IN_DICT,
stt2,page_0242,9,5,con,花,昆,U+6606,0.2556,True,RESCUE_LOW_CONF,
stt2,page_0242,9,9,yêu,賜,腰,U+8170,0.6203,True,RESCUE_LOW_CONF,
stt2,page_0244,1,17,hai,呪,麻,U+9EBB,0.2555,False,NOT_IN_DICT,
stt2,page_0244,1,19,năm,息,道,U+9053,0.3172,False,NOT_IN_DICT,
stt2,page_0244,2,15,ki,毒,其,U+5176,0.5971,True,RESCUE_LOW_CONF,
stt2,page_0244,3,4,khi,厭,欺,U+6B3A,0.9362,True,RESCUE_GOLD_HIGH,
stt2,page_0244,3,5,chưa,屠,渚,U+6E1A,0.9589,True,RESCUE_GOLD_HIGH,
stt2,page_0244,3,19,thủy,永,求,U+6C42,0.3473,False,NOT_IN_DICT,
stt2,page_0244,4,14,ki,蔞,其,U+5176,0.9421,True,RESCUE_GOLD_HIGH,
stt2,page_0244,4,18,r1,移,移,U+79FB,0.1936,False,NOT_IN_DICT,
stt2,page_0244,5,5,vô,顛,帝,U+5E1D,0.9271,False,NOT_IN_DICT,
stt2,page_0244,5,7,trước,葬,歇,U+6B47,0.2885,False,NOT_IN_DICT,
stt2,page_0244,5,14,chúa,玉,主,U+4E3B,0.9684,True,RESCUE_GOLD_HIGH,
stt2,page_0244,5,19,goi,奢,𨆝,U+2819D,0.1894,False,NOT_IN_DICT,
stt2,page_0244,6,0,ki,䑓,朞,U+671E,0.4504,True,RESCUE_LOW_CONF,
stt2,page_0244,6,2,xi,次,吹,U+5439,0.1451,True,RESCUE_LOW_CONF,
stt2,page_0244,6,19,bảy,黙,歇,U+6B47,0.1884,False,NOT_IN_DICT,
stt2,page_0244,7,0,năm,厮,南,U+5357,0.0423,True,RESCUE_LOW_CONF,
stt2,page_0244,7,16,chức,承,聀,U+8040,0.9305,True,RESCUE_GOLD_HIGH,
stt2,page_0244,7,17,ấy,仅,衣,U+8863,0.9751,True,RESCUE_GOLD_HIGH,
stt2,page_0244,8,7,thay,友,丕,U+4E15,0.1837,False,NOT_IN_DICT,
stt2,page_0244,9,6,ma,駐,魔,U+9B54,0.0365,True,RESCUE_LOW_CONF,
stt2,page_0244,9,13,năm,酗,願,U+9858,0.2239,False,NOT_IN_DICT,
stt2,page_0246,1,17,pha,工,把,U+628A,0.0727,False,NOT_IN_DICT,
stt2,page_0246,1,20,cha,𠧒,吒,U+5412,0.794,True,RESCUE_GOLD_MED,
stt2,page_0246,2,0,cả,蜀,哿,U+54FF,0.4654,True,RESCUE_LOW_CONF,
stt2,page_0246,2,1,thay,出,台,U+53F0,0.0323,True,RESCUE_LOW_CONF,
stt2,page_0246,3,0,trên,遡,連,U+9023,0.8873,True,RESCUE_GOLD_HIGH,
stt2,page_0246,3,6,su,袂,秋,U+79CB,0.8789,True,RESCUE_GOLD_HIGH,
stt2,page_0246,3,17,là,異,号,U+53F7,0.0307,True,RESCUE_LOW_CONF,
stt2,page_0246,3,18,là,足,号,U+53F7,0.0313,True,RESCUE_LOW_CONF,
stt2,page_0246,4,0,đá,殿,碎,U+788E,0.1475,False,NOT_IN_DICT,
stt2,page_0246,4,7,làm,至,乄,U+4E44,0.0679,True,RESCUE_LOW_CONF,
stt2,page_0246,4,8,nền,褁,塊,U+584A,0.1298,False,NOT_IN_DICT,
stt2,page_0246,4,10,i,底,底,U+5E95,0.7225,False,NOT_IN_DICT,
stt2,page_0246,4,17,mày,返,迈,U+8FC8,0.9584,True,RESCUE_GOLD_HIGH,
stt2,page_0246,4,18,khóa,芍,課,U+8AB2,0.1712,True,RESCUE_LOW_CONF,
stt2,page_0246,5,0,khóa,耀,課,U+8AB2,0.143,True,RESCUE_LOW_CONF,
stt2,page_0246,5,16,trên,凰,蓮,U+84EE,0.0556,True,RESCUE_LOW_CONF,
stt2,page_0246,6,8,ay,伐,衣,U+8863,0.3361,False,NOT_IN_DICT,
stt2,page_0246,6,16,rô,箸,𠊚,U+2029A,0.1119,False,NOT_IN_DICT,
stt2,page_0246,6,17,tha,本,麻,U+9EBB,0.1565,False,NOT_IN_DICT,
stt2,page_0246,8,6,giê,壹,支,U+652F,0.5999,True,RESCUE_LOW_CONF,
stt2,page_0246,8,12,thì,靜,寺,U+5BFA,0.8797,True,RESCUE_GOLD_HIGH,
stt2,page_0246,8,14,xưng,郡,称,U+79F0,0.101,True,RESCUE_LOW_CONF,
stt2,page_0246,8,18,con,晃,昆,U+6606,0.9251,True,RESCUE_GOLD_HIGH,
stt2,page_0246,9,8,le,出,离,U+79BB,0.8393,True,RESCUE_GOLD_MED,
stt2,page_0248,1,7,100,林,林,U+6797,0.7982,False,NOT_IN_DICT,
stt2,page_0248,1,15,mát,味,朱,U+6731,0.6897,False,NOT_IN_DICT,
stt2,page_0248,1,17,tê,皐,車,U+8ECA,0.254,False,NOT_IN_DICT,
stt2,page_0248,1,18,rô,箸,實,U+5BE6,0.4927,False,NOT_IN_DICT,
stt2,page_0248,2,2,ngươi,貯,𦔳,U+26533,0.1623,False,NOT_IN_DICT,
stt2,page_0248,2,14,trở,以,召,U+53EC,0.6744,False,NOT_IN_DICT,
stt2,page_0248,2,16,khác,𠗆,格,U+683C,0.0919,True,RESCUE_LOW_CONF,
stt2,page_0248,3,16,ma,鬱,魔,U+9B54,0.8033,True,RESCUE_GOLD_MED,
stt2,page_0248,3,19,con,晃,昆,U+6606,0.7758,True,RESCUE_GOLD_MED,
stt2,page_0248,4,5,lồi,姦,磊,U+78CA,0.6434,False,NOT_IN_DICT,
stt2,page_0248,4,13,hơn,灰,欣,U+6B23,0.9069,True,RESCUE_GOLD_HIGH,
stt2,page_0248,5,5,đem,宠,尼,U+5C3C,0.2736,False,NOT_IN_DICT,
stt2,page_0248,6,0,hai,呪,四,U+56DB,0.4744,False,NOT_IN_DICT,
stt2,page_0248,6,1,mươi,道,迈,U+8FC8,0.7725,True,RESCUE_GOLD_MED,
stt2,page_0248,7,3,ông,奔,翁,U+7FC1,0.0831,True,RESCUE_LOW_CONF,
stt2,page_0248,7,5,kia,貫,其,U+5176,0.1543,True,RESCUE_LOW_CONF,
stt2,page_0248,8,0,gian,隨,間,U+9593,0.8699,True,RESCUE_GOLD_HIGH,
stt2,page_0248,8,5,hay,公,台,U+53F0,0.0699,True,RESCUE_LOW_CONF,
stt2,page_0248,8,6,vẽ,理,唯,U+552F,0.1699,False,NOT_IN_DICT,
stt2,page_0248,8,10,khéo,麽,堂,U+5802,0.2428,False,NOT_IN_DICT,
stt2,page_0248,9,11,các,公,各,U+5404,0.4159,True,RESCUE_LOW_CONF,
stt2,page_0250,2,4,vẽ,䴡,群,U+7FA4,0.6285,False,NOT_IN_DICT,
stt2,page_0250,3,5,chẳng,注,庄,U+5E84,0.1242,True,RESCUE_LOW_CONF,
stt2,page_0250,3,11,vẽ,𤂢,麻,U+9EBB,0.497,False,NOT_IN_DICT,
stt2,page_0250,3,15,ay,孤,衣,U+8863,0.4259,False,NOT_IN_DICT,
stt2,page_0250,3,18,rêu,缺,姚,U+59DA,0.0424,True,RESCUE_LOW_CONF,
stt2,page_0250,4,0,rô,归,仍,U+4ECD,0.1582,False,NOT_IN_DICT,
stt2,page_0250,4,1,ghét,法,結,U+7D50,0.4075,True,RESCUE_LOW_CONF,
stt2,page_0250,5,3,vua,固,君,U+541B,0.2735,True,RESCUE_LOW_CONF,
stt2,page_0250,5,11,từ,目,自,U+81EA,0.9115,True,RESCUE_GOLD_HIGH,
stt2,page_0250,5,13,ve,街,𧗱,U+275F1,0.9481,False,NOT_IN_DICT,
stt2,page_0250,6,4,vẽ,墀,群,U+7FA4,0.2224,False,NOT_IN_DICT,
stt2,page_0250,6,15,vu,否,盃,U+76C3,0.3269,False,NOT_IN_DICT,
stt2,page_0250,6,16,bay,用,用,U+7528,0.4131,False,NOT_IN_DICT,
stt2,page_0250,6,17,giỏ,除,除,U+9664,0.4085,False,NOT_IN_DICT,
stt2,page_0250,7,9,trời,奇,𡗶,U+215F6,0.0676,True,RESCUE_LOW_CONF,
stt2,page_0250,7,10,mà,案,省,U+7701,0.1074,False,NOT_IN_DICT,
stt2,page_0250,8,3,chim,均,仍,U+4ECD,0.0762,False,NOT_IN_DICT,
stt2,page_0250,8,10,ý,入,衣,U+8863,0.7105,True,RESCUE_GOLD_MED,
stt2,page_0250,8,11,căn,恨,垠,U+57A0,0.0221,True,RESCUE_LOW_CONF,
stt2,page_0250,8,17,liêm,錢,欽,U+6B3D,0.18,False,NOT_IN_DICT,
stt2,page_0250,8,18,chân,夏,真,U+771F,0.7932,True,RESCUE_GOLD_MED,
stt2,page_0250,9,9,trời,𫢉,𡗶,U+215F6,0.0482,True,RESCUE_LOW_CONF,
stt2,page_0250,9,12,mắng,屏,麻,U+9EBB,0.0883,False,NOT_IN_DICT,
stt2,page_0250,9,18,sắt,君,瑟,U+745F,0.1694,True,RESCUE_LOW_CONF,
stt2,page_0252,1,6,kẻo,𫮰,矯,U+77EF,0.2891,True,RESCUE_LOW_CONF,
stt2,page_0252,2,10,vẽ,泥,腮,U+816E,0.243,False,NOT_IN_DICT,
stt2,page_0252,2,15,khi,廞,欺,U+6B3A,0.9768,True,RESCUE_GOLD_HIGH,
stt2,page_0252,3,1,đốt,烟,焠,U+7120,0.0893,True,RESCUE_LOW_CONF,
stt2,page_0252,3,4,thì,翥,寺,U+5BFA,0.919,True,RESCUE_GOLD_HIGH,
stt2,page_0252,3,11,mạnh,应,孟,U+5B5F,0.3815,True,RESCUE_LOW_CONF,
stt2,page_0252,3,12,đốt,燔,倘,U+5018,0.222,False,NOT_IN_DICT,
stt2,page_0252,3,17,vẻ,產,腮,U+816E,0.2616,False,NOT_IN_DICT,
stt2,page_0252,4,10,sáng,则,列,U+5217,0.2713,False,NOT_IN_DICT,
stt2,page_0252,4,17,la,毘,罢,U+7F62,0.2521,False,NOT_IN_DICT,
stt2,page_0252,5,7,rước,翠,綽,U+7DBD,0.3532,True,RESCUE_LOW_CONF,
stt2,page_0252,5,11,thưởng,賡,賞,U+8CDE,0.1197,True,RESCUE_LOW_CONF,
stt2,page_0252,5,13,cùng,𡚶,穷,U+7A77,0.9228,True,RESCUE_GOLD_HIGH,
stt2,page_0252,6,3,ca,敬,歌,U+6B4C,0.2094,True,RESCUE_LOW_CONF,
stt2,page_0252,6,4,du,芝,边,U+8FB9,0.1414,False,NOT_IN_DICT,
stt2,page_0252,7,15,quý,春,貴,U+8CB4,0.09,True,RESCUE_LOW_CONF,
stt2,page_0252,8,5,thì,看,寺,U+5BFA,0.7854,True,RESCUE_GOLD_MED,
stt2,page_0252,8,6,muốn,同,創,U+5275,0.3841,False,NOT_IN_DICT,
stt2,page_0252,8,13,khó,坤,坤,U+5764,0.8114,False,NOT_IN_DICT,
stt2,page_0252,9,7,muốn,同,悶,U+60B6,0.0295,True,RESCUE_LOW_CONF,
stt2,page_0252,9,9,đàng,庚,唐,U+5510,0.142,True,RESCUE_LOW_CONF,
stt2,page_0252,9,10,nào,屰,市,U+5E02,0.9657,True,RESCUE_GOLD_HIGH,
stt2,page_0252,9,12,ý,仅,衣,U+8863,0.8006,True,RESCUE_GOLD_MED,
stt2,page_0252,9,16,thưa,陈,踈,U+8E08,0.8503,True,RESCUE_GOLD_HIGH,
stt2,page_0254,1,14,giê,圭,支,U+652F,0.9495,True,RESCUE_GOLD_HIGH,
stt2,page_0254,1,16,vậv,左,丕,U+4E15,0.7869,False,NOT_IN_DICT,
stt2,page_0254,2,3,hai,㕮,咍,U+548D,0.2561,True,RESCUE_LOW_CONF,
stt2,page_0254,2,5,thì,秦,寺,U+5BFA,0.6385,True,RESCUE_LOW_CONF,
stt2,page_0254,2,6,vào,已,包,U+5305,0.5604,True,RESCUE_LOW_CONF,
stt2,page_0254,2,8,thờ,𠏉,於,U+65BC,0.2341,True,RESCUE_LOW_CONF,
stt2,page_0254,3,13,khi,及,欺,U+6B3A,0.6107,True,RESCUE_LOW_CONF,
stt2,page_0254,4,7,mừng,咱,明,U+660E,0.7408,True,RESCUE_GOLD_MED,
stt2,page_0254,4,18,ma,慰,魔,U+9B54,0.0792,True,RESCUE_LOW_CONF,
stt2,page_0254,5,12,đàng,庚,唐,U+5510,0.647,True,RESCUE_LOW_CONF,
stt2,page_0254,5,14,nhà,花,茹,U+8339,0.1339,True,RESCUE_LOW_CONF,
stt2,page_0254,6,6,ca,教,𰙔,U+30654,0.2329,True,RESCUE_LOW_CONF,
stt2,page_0254,6,7,du,途,逹,U+9039,0.1873,False,NOT_IN_DICT,
stt2,page_0254,7,1,kêu,呼,呌,U+544C,0.8424,True,RESCUE_GOLD_MED,
stt2,page_0254,7,9,khi,砍,欺,U+6B3A,0.9329,True,RESCUE_GOLD_HIGH,
stt2,page_0254,7,10,ra,𫤰,𠊚,U+2029A,0.4645,False,NOT_IN_DICT,
stt2,page_0254,7,14,hơn,坂,欣,U+6B23,0.8017,True,RESCUE_GOLD_MED,
stt2,page_0254,7,17,khi,厭,欺,U+6B3A,0.9555,True,RESCUE_GOLD_HIGH,
stt2,page_0254,8,6,lần,荅,吝,U+541D,0.5262,True,RESCUE_LOW_CONF,
stt2,page_0254,8,14,một,激,没,U+6CA1,0.5125,True,RESCUE_LOW_CONF,
stt2,page_0254,8,16,ràng,辰,浪,U+6D6A,0.9852,False,NOT_IN_DICT,
stt2,page_0254,9,0,kẻ,九,几,U+51E0,0.8243,True,RESCUE_GOLD_MED,
stt2,page_0254,9,1,muốn,同,悶,U+60B6,0.0184,True,RESCUE_LOW_CONF,
stt2,page_0254,9,9,thêm,除,浪,U+6D6A,0.3224,False,NOT_IN_DICT,
stt2,page_0254,9,12,mới,舒,罰,U+7F70,0.2708,False,NOT_IN_DICT,
stt2,page_0254,9,15,thưởng,處,渚,U+6E1A,0.2814,False,NOT_IN_DICT,
stt2,page_0256,1,5,chọn,復,撰,U+64B0,0.2684,True,RESCUE_LOW_CONF,
stt2,page_0256,1,9,đẹp,蓬,書,U+66F8,0.3928,False,NOT_IN_DICT,
stt2,page_0256,2,5,mẹ,援,塊,U+584A,0.1738,False,NOT_IN_DICT,
stt2,page_0256,2,7,nhiều,覓,澆,U+6F86,0.0208,True,RESCUE_LOW_CONF,
stt2,page_0256,2,16,mà,酥,麻,U+9EBB,0.9154,True,RESCUE_GOLD_HIGH,
stt2,page_0256,2,17,nuôi,姿,挼,U+633C,0.1124,True,RESCUE_LOW_CONF,
stt2,page_0256,3,3,lại,逹,吏,U+540F,0.3868,True,RESCUE_LOW_CONF,
stt2,page_0256,3,16,coi,嚴,該,U+8A72,0.4025,False,NOT_IN_DICT,
stt2,page_0256,3,18,thầy,探,柴,U+67F4,0.9793,True,RESCUE_GOLD_HIGH,
stt2,page_0256,4,9,già,君,虚,U+865A,0.0938,False,NOT_IN_DICT,
stt2,page_0256,4,10,thì,脊,寺,U+5BFA,0.9544,True,RESCUE_GOLD_HIGH,
stt2,page_0256,4,11,coi,歲,該,U+8A72,0.5292,False,NOT_IN_DICT,
stt2,page_0256,4,17,chín,巍,結,U+7D50,0.1338,False,NOT_IN_DICT,
stt2,page_0256,5,15,cho,𭶻,朱,U+6731,0.0271,True,RESCUE_LOW_CONF,
stt2,page_0256,6,2,lạy,瓣,補,U+88DC,0.3215,False,NOT_IN_DICT,
stt2,page_0256,6,9,trước,群,軍,U+8ECD,0.1102,False,NOT_IN_DICT,
stt2,page_0256,6,10,sau,捧,連,U+9023,0.2125,False,NOT_IN_DICT,
stt2,page_0256,6,13,nào,弔,市,U+5E02,0.5468,True,RESCUE_LOW_CONF,
stt2,page_0256,6,16,thay,架,柴,U+67F4,0.9708,False,NOT_IN_DICT,
stt2,page_0256,7,3,dòng,溷,用,U+7528,0.9009,True,RESCUE_GOLD_HIGH,
stt2,page_0256,7,9,rước,绰,綽,U+7DBD,0.5546,True,RESCUE_LOW_CONF,
stt2,page_0256,7,17,sức,好,饬,U+996C,0.4915,True,RESCUE_LOW_CONF,
stt2,page_0256,8,11,thức,聀,聀,U+8040,0.945,False,NOT_IN_DICT,
stt2,page_0256,9,3,quý,思,鬼,U+9B3C,0.4288,False,NOT_IN_DICT,
stt2,page_0256,9,4,gớm,贈,尼,U+5C3C,0.181,False,NOT_IN_DICT,
stt2,page_0256,9,5,ghiếc,恠,憾,U+61BE,0.0987,False,NOT_IN_DICT,
stt2,page_0256,9,6,lăm,禦,每,U+6BCF,0.217,False,NOT_IN_DICT,
stt2,page_0256,9,12,trách,者,責,U+8CAC,0.4009,True,RESCUE_LOW_CONF,
stt2,page_0256,9,16,nơi,已,尼,U+5C3C,0.4311,True,RESCUE_LOW_CONF,
stt2,page_0258,1,4,rằng,履,浪,U+6D6A,0.8981,True,RESCUE_GOLD_HIGH,
stt2,page_0258,1,6,xưa,𭃨,𥘉,U+25609,0.3554,True,RESCUE_LOW_CONF,
stt2,page_0258,1,14,rày,蜀,道,U+9053,0.5072,False,NOT_IN_DICT,
stt2,page_0258,2,4,sức,劣,饬,U+996C,0.5854,True,RESCUE_LOW_CONF,
stt2,page_0258,2,8,ngần,眼,垠,U+57A0,0.0517,True,RESCUE_LOW_CONF,
stt2,page_0258,2,11,mới,𭻃,買,U+8CB7,0.8447,True,RESCUE_GOLD_MED,
stt2,page_0258,2,14,ấy,孤,浪,U+6D6A,0.1456,False,NOT_IN_DICT,
stt2,page_0258,3,12,quý,思,鬼,U+9B3C,0.9728,False,NOT_IN_DICT,
stt2,page_0258,4,8,ra,昇,麻,U+9EBB,0.8188,False,NOT_IN_DICT,
stt2,page_0258,4,17,các,裾,德,U+5FB7,0.1111,False,NOT_IN_DICT,
stt2,page_0258,5,1,khị,耿,欺,U+6B3A,0.8746,True,RESCUE_GOLD_HIGH,
stt2,page_0258,5,3,thì,赤,寺,U+5BFA,0.9772,True,RESCUE_GOLD_HIGH,
stt2,page_0258,5,4,thì,之,明,U+660E,0.0463,False,NOT_IN_DICT,
stt2,page_0258,5,13,gơm,愴,世,U+4E16,0.0513,False,NOT_IN_DICT,
stt2,page_0258,5,14,ghiec,两,那,U+90A3,0.1421,False,NOT_IN_DICT,
stt2,page_0258,5,17,sợ,悸,𢜝,U+2271D,0.2892,True,RESCUE_LOW_CONF,
stt2,page_0258,6,0,thì,有,寺,U+5BFA,0.7972,True,RESCUE_GOLD_MED,
stt2,page_0258,6,2,lửa,短,仍,U+4ECD,0.1663,False,NOT_IN_DICT,
stt2,page_0258,6,9,chảy,汪,沚,U+6C9A,0.0202,True,RESCUE_LOW_CONF,
stt2,page_0258,7,0,đã,既,無,U+7121,0.1895,False,NOT_IN_DICT,
stt2,page_0258,7,18,dùi,𧺫,把,U+628A,0.2208,False,NOT_IN_DICT,
stt2,page_0258,8,9,mai,理,埋,U+57CB,0.6937,True,RESCUE_LOW_CONF,
stt2,page_0258,9,10,ay,入,衣,U+8863,0.4099,False,NOT_IN_DICT,
stt2,page_0258,9,12,lời,適,例,U+4F8B,0.0638,True,RESCUE_LOW_CONF,
stt2,page_0258,9,15,sáng,灼,列,U+5217,0.5971,False,NOT_IN_DICT,
stt2,page_0260,1,7,giêgiung,赱,支,U+652F,0.9372,False,NOT_IN_DICT,
stt2,page_0260,1,16,g,之,之,U+4E4B,0.9707,False,NOT_IN_DICT,
stt2,page_0260,1,17,sot,煒,焠,U+7120,0.344,False,NOT_IN_DICT,
stt2,page_0260,2,15,thứ,又,次,U+6B21,0.4432,True,RESCUE_LOW_CONF,
stt2,page_0260,2,18,cô,然,姑,U+59D1,0.9839,True,RESCUE_GOLD_HIGH,
stt2,page_0260,2,19,mô,授,模,U+6A21,0.8448,True,RESCUE_GOLD_MED,
stt2,page_0260,3,2,ôm,著,實,U+5BE6,0.116,False,NOT_IN_DICT,
stt2,page_0260,3,12,khi,厥,欺,U+6B3A,0.0694,True,RESCUE_LOW_CONF,
stt2,page_0260,3,18,ra,異,罢,U+7F62,0.1087,False,NOT_IN_DICT,
stt2,page_0260,4,1,sáng,则,列,U+5217,0.2715,False,NOT_IN_DICT,
stt2,page_0260,5,0,cũng,女,共,U+5171,0.7369,True,RESCUE_GOLD_MED,
stt2,page_0260,5,6,ấy,仅,衣,U+8863,0.6725,True,RESCUE_LOW_CONF,
stt2,page_0260,5,10,trong,䏻,葩,U+8469,0.3984,False,NOT_IN_DICT,
stt2,page_0260,5,14,thì,赶,寺,U+5BFA,0.93,True,RESCUE_GOLD_HIGH,
stt2,page_0260,5,16,năm,森,朱,U+6731,0.231,False,NOT_IN_DICT,
stt2,page_0260,5,17,mươi,道,特,U+7279,0.1047,False,NOT_IN_DICT,
stt2,page_0260,6,1,khác,收,恪,U+606A,0.2424,True,RESCUE_LOW_CONF,
stt2,page_0260,6,2,chăng,应,庄,U+5E84,0.0354,True,RESCUE_LOW_CONF,
stt2,page_0260,6,4,phải,𨸲,沛,U+6C9B,0.5553,True,RESCUE_LOW_CONF,
stt2,page_0260,6,13,theo,院,燒,U+71D2,0.0485,True,RESCUE_LOW_CONF,
stt2,page_0260,6,17,các,清,恪,U+606A,0.3054,True,RESCUE_LOW_CONF,
stt2,page_0260,6,18,thầy,發,柴,U+67F4,0.0619,True,RESCUE_LOW_CONF,
stt2,page_0260,7,11,rày,蜀,眉,U+7709,0.3356,False,NOT_IN_DICT,
stt2,page_0260,7,17,lìa,者,离,U+79BB,0.7095,True,RESCUE_GOLD_MED,
stt2,page_0260,8,13,sáu,吞,各,U+5404,0.097,False,NOT_IN_DICT,
stt2,page_0260,8,17,lễ,林,林,U+6797,0.3148,False,NOT_IN_DICT,
stt2,page_0260,8,18,ông,礼,礼,U+793C,0.1622,False,NOT_IN_DICT,
stt2,page_0260,8,19,thánh,𠇾,麻,U+9EBB,0.4361,False,NOT_IN_DICT,
stt2,page_0260,8,20,này,屏,呐,U+5450,0.2263,False,NOT_IN_DICT,
stt2,page_0260,8,21,ngày,垩,施,U+65BD,0.0475,False,NOT_IN_DICT,
stt2,page_0260,8,22,ram,𭭾,垩,U+57A9,0.4209,False,NOT_IN_DICT,
stt2,page_0260,8,23,thang,尼,尼,U+5C3C,0.8287,False,NOT_IN_DICT,
stt2,page_0260,8,24,chin,學,時,U+6642,0.6232,False,NOT_IN_DICT,
stt2,page_0260,9,0,hai,咽,迈,U+8FC8,0.2995,False,NOT_IN_DICT,
stt2,page_0260,9,2,bòn,举,朱,U+6731,0.1678,False,NOT_IN_DICT,
stt2,page_0262,1,13,mừng,閃,些,U+4E9B,0.5278,False,NOT_IN_DICT,
stt2,page_0262,1,14,và,繁,喡,U+55A1,0.0923,True,RESCUE_LOW_CONF,
stt2,page_0262,1,18,lo,声,卢,U+5362,0.6422,True,RESCUE_LOW_CONF,
stt2,page_0262,2,8,1,衣,衣,U+8863,0.9623,False,NOT_IN_DICT,
stt2,page_0262,2,10,rê,誓,稽,U+7A3D,0.4412,False,NOT_IN_DICT,
stt2,page_0262,2,15,thấv,体,体,U+4F53,0.9906,False,NOT_IN_DICT,
stt2,page_0262,2,18,lối,忍,磊,U+78CA,0.5217,True,RESCUE_LOW_CONF,
stt2,page_0262,3,3,lại,主,吏,U+540F,0.7039,True,RESCUE_GOLD_MED,
stt2,page_0262,3,15,cùng,委,共,U+5171,0.8736,True,RESCUE_GOLD_HIGH,
stt2,page_0262,3,19,thì,粛,寺,U+5BFA,0.8814,True,RESCUE_GOLD_HIGH,
stt2,page_0262,4,2,ri,左,蘇,U+8607,0.9338,False,NOT_IN_DICT,
stt2,page_0262,4,9,tông,与,各,U+5404,0.8452,False,NOT_IN_DICT,
stt2,page_0262,5,14,lăm,夜,凜,U+51DC,0.5872,False,NOT_IN_DICT,
stt2,page_0262,5,17,thăng,省,省,U+7701,0.2255,False,NOT_IN_DICT,
stt2,page_0262,6,0,da,𫆀,耶,U+8036,0.4496,True,RESCUE_LOW_CONF,
stt2,page_0262,7,1,cho,未,朱,U+6731,0.7932,True,RESCUE_GOLD_MED,
stt2,page_0262,7,2,chức,麽,聀,U+8040,0.8089,True,RESCUE_GOLD_MED,
stt2,page_0262,7,3,ấy,張,衣,U+8863,0.4179,True,RESCUE_LOW_CONF,
stt2,page_0262,7,9,ngục,撼,獄,U+7344,0.9884,True,RESCUE_GOLD_HIGH,
stt2,page_0262,7,16,chớ,居,渚,U+6E1A,0.7126,True,RESCUE_GOLD_MED,
stt2,page_0262,7,19,năng,配,能,U+80FD,0.5791,True,RESCUE_LOW_CONF,
stt2,page_0262,8,2,là,鹿,麻,U+9EBB,0.6274,False,NOT_IN_DICT,
stt2,page_0262,8,7,sợ,庫,事,U+4E8B,0.1582,False,NOT_IN_DICT,
stt2,page_0262,8,10,trên,漸,連,U+9023,0.8413,True,RESCUE_GOLD_MED,
stt2,page_0262,8,12,lu,㕶,固,U+56FA,0.0804,False,NOT_IN_DICT,
stt2,page_0262,9,9,là,共,各,U+5404,0.5229,False,NOT_IN_DICT,
stt2,page_0262,9,14,me,速,迷,U+8FF7,0.5148,True,RESCUE_LOW_CONF,
stt2,page_0262,9,16,uong,王,枉,U+6789,0.4046,False,NOT_IN_DICT,
stt2,page_0262,9,18,ma,春,麻,U+9EBB,0.9208,True,RESCUE_GOLD_HIGH,
stt2,page_0264,1,11,tham,禽,罢,U+7F62,0.8328,False,NOT_IN_DICT,
stt2,page_0264,1,19,xác,教,殼,U+6BBC,0.0968,True,RESCUE_LOW_CONF,
stt2,page_0264,2,8,gương,别,几,U+51E0,0.2662,False,NOT_IN_DICT,
stt2,page_0264,3,4,chăng,本,生,U+751F,0.209,True,RESCUE_LOW_CONF,
stt2,page_0264,4,2,nhiều,𠰥,朱,U+6731,0.1161,False,NOT_IN_DICT,
stt2,page_0264,4,13,cách,懿,格,U+683C,0.5651,True,RESCUE_LOW_CONF,
stt2,page_0264,4,14,ay,八,衣,U+8863,0.3315,False,NOT_IN_DICT,
stt2,page_0264,5,10,hợp,会,合,U+5408,0.1133,True,RESCUE_LOW_CONF,
stt2,page_0264,6,3,khác,收,𠊚,U+2029A,0.834,False,NOT_IN_DICT,
stt2,page_0264,6,14,ngần,瑕,垠,U+57A0,0.0535,True,RESCUE_LOW_CONF,
stt2,page_0264,6,19,đã,毛,樞,U+6A1E,0.2374,False,NOT_IN_DICT,
stt2,page_0264,7,1,trước,驊,軍,U+8ECD,0.0566,False,NOT_IN_DICT,
stt2,page_0264,7,9,se,槎,樞,U+6A1E,0.8886,False,NOT_IN_DICT,
stt2,page_0264,7,13,thi,敵,末,U+672B,0.7329,False,NOT_IN_DICT,
stt2,page_0264,7,16,se,獅,樞,U+6A1E,0.5993,False,NOT_IN_DICT,
stt2,page_0264,8,9,em,媿,俺,U+4FFA,0.6303,True,RESCUE_LOW_CONF,
stt2,page_0264,8,16,ông,仐,翁,U+7FC1,0.0801,True,RESCUE_LOW_CONF,
stt2,page_0264,9,2,ông,屛,翁,U+7FC1,0.1563,True,RESCUE_LOW_CONF,
stt2,page_0264,9,10,và,幃,喡,U+55A1,0.7406,True,RESCUE_GOLD_MED,
stt2,page_0264,9,14,giữa,脚,如,U+5982,0.1807,False,NOT_IN_DICT,
stt2,page_0264,9,16,trước,肆,連,U+9023,0.1632,False,NOT_IN_DICT,
stt2,page_0264,9,17,mặt,未,末,U+672B,0.855,True,RESCUE_GOLD_HIGH,
stt2,page_0266,1,2,cả,冊,哿,U+54FF,0.3914,True,RESCUE_LOW_CONF,
stt2,page_0266,1,5,đạo,逋,道,U+9053,0.9322,True,RESCUE_GOLD_HIGH,
stt2,page_0266,1,10,hai,弦,咍,U+548D,0.3379,True,RESCUE_LOW_CONF,
stt2,page_0266,1,18,si,捃,瘥,U+7625,0.058,True,RESCUE_LOW_CONF,
stt2,page_0266,2,1,trông,罨,童,U+7AE5,0.4777,False,NOT_IN_DICT,
stt2,page_0266,2,15,đạo,逋,道,U+9053,0.9628,True,RESCUE_GOLD_HIGH,
stt2,page_0266,2,16,muốn,囹,悶,U+60B6,0.2365,True,RESCUE_LOW_CONF,
stt2,page_0266,3,17,ấy,長,衣,U+8863,0.7473,True,RESCUE_GOLD_MED,
stt2,page_0266,4,2,trời,𣸸,𡗶,U+215F6,0.0976,True,RESCUE_LOW_CONF,
stt2,page_0266,4,11,hơn,倐,欣,U+6B23,0.8564,True,RESCUE_GOLD_HIGH,
stt2,page_0266,4,13,se,獅,極,U+6975,0.1417,False,NOT_IN_DICT,
stt2,page_0266,4,17,hay,公,特,U+7279,0.8413,True,RESCUE_GOLD_MED,
stt2,page_0266,5,6,lăm,藥,無,U+7121,0.2682,False,NOT_IN_DICT,
stt2,page_0266,5,8,sánh,移,為,U+70BA,0.4261,False,NOT_IN_DICT,
stt2,page_0266,5,16,thì,奏,凜,U+51DC,0.1301,False,NOT_IN_DICT,
stt2,page_0266,6,10,kẻ,凢,几,U+51E0,0.5304,True,RESCUE_LOW_CONF,
stt2,page_0266,6,13,nghiệp,䇿,業,U+696D,0.0407,True,RESCUE_LOW_CONF,
stt2,page_0266,6,14,chớ,防,渚,U+6E1A,0.6608,True,RESCUE_LOW_CONF,
stt2,page_0266,7,3,giu,權,樞,U+6A1E,0.6933,False,NOT_IN_DICT,
stt2,page_0266,7,4,se,槎,燒,U+71D2,0.0843,False,NOT_IN_DICT,
stt2,page_0266,7,6,em,殗,悲,U+60B2,0.1586,False,NOT_IN_DICT,
stt2,page_0266,8,0,ngoài,蚓,外,U+5916,0.4023,True,RESCUE_LOW_CONF,
stt2,page_0266,8,2,ông,舜,翁,U+7FC1,0.2115,True,RESCUE_LOW_CONF,
stt2,page_0266,8,6,a,冈,阿,U+963F,0.6081,True,RESCUE_LOW_CONF,
stt2,page_0266,8,11,phi,左,丕,U+4E15,0.5808,True,RESCUE_LOW_CONF,
stt2,page_0266,8,16,đoạn,股,段,U+6BB5,0.3157,True,RESCUE_LOW_CONF,
stt2,page_0266,8,19,chia,受,吱,U+5431,0.1364,True,RESCUE_LOW_CONF,
stt2,page_0266,9,3,ra,巽,囉,U+56C9,0.0593,True,RESCUE_LOW_CONF,
stt2,page_0266,9,5,nhiều,兄,几,U+51E0,0.4365,False,NOT_IN_DICT,
stt2,page_0266,9,6,kẻ,序,几,U+51E0,0.0347,True,RESCUE_LOW_CONF,
stt2,page_0266,9,11,giảng,謝,歇,U+6B47,0.1008,False,NOT_IN_DICT,
stt2,page_0266,9,13,quanh,帆,跪,U+8DEA,0.077,False,NOT_IN_DICT,
stt2,page_0266,9,14,nước,会,碎,U+788E,0.2563,False,NOT_IN_DICT,
stt2,page_0266,9,15,giữ,極,極,U+6975,0.3496,False,NOT_IN_DICT,
stt2,page_0266,9,16,dêu,娜,抛,U+629B,0.2514,False,NOT_IN_DICT,
stt2,page_0268,1,0,nhiều,以,旦,U+65E6,0.5941,False,NOT_IN_DICT,
stt2,page_0268,1,17,khác,啓,恪,U+606A,0.7039,True,RESCUE_GOLD_MED,
stt2,page_0268,2,2,itiôphia,鳥,烏,U+70CF,0.1123,False,NOT_IN_DICT,
stt2,page_0268,2,3,leo,丕,丕,U+4E15,0.8155,False,NOT_IN_DICT,
stt2,page_0268,2,6,núi,出,离,U+79BB,0.2505,False,NOT_IN_DICT,
stt2,page_0268,2,7,non,巖,歇,U+6B47,0.1562,False,NOT_IN_DICT,
stt2,page_0268,2,9,đường,麁,唐,U+5510,0.8112,True,RESCUE_GOLD_MED,
stt2,page_0268,2,16,sang,劍,創,U+5275,0.8908,True,RESCUE_GOLD_HIGH,
stt2,page_0268,2,17,ke,九,几,U+51E0,0.5101,False,NOT_IN_DICT,
stt2,page_0268,2,18,con,凖,群,U+7FA4,0.0781,True,RESCUE_LOW_CONF,
stt2,page_0268,3,0,tối,曩,最,U+6700,0.4537,True,RESCUE_LOW_CONF,
stt2,page_0268,3,1,tăm,沱,沁,U+6C81,0.0663,True,RESCUE_LOW_CONF,
stt2,page_0268,3,3,linh,長,灵,U+7075,0.6854,True,RESCUE_LOW_CONF,
stt2,page_0268,3,8,đau,病,磊,U+78CA,0.0968,False,NOT_IN_DICT,
stt2,page_0268,3,11,thì,腎,時,U+6642,0.7229,True,RESCUE_GOLD_MED,
stt2,page_0268,3,12,ghét,兹,結,U+7D50,0.035,True,RESCUE_LOW_CONF,
stt2,page_0268,3,13,sáng,月,別,U+5225,0.3995,False,NOT_IN_DICT,
stt2,page_0268,3,16,được,传,特,U+7279,0.3057,True,RESCUE_LOW_CONF,
stt2,page_0268,4,7,chịu,尽,尼,U+5C3C,0.7218,False,NOT_IN_DICT,
stt2,page_0268,4,11,đem,鹿,特,U+7279,0.1425,False,NOT_IN_DICT,
stt2,page_0268,4,14,đồng,月,自,U+81EA,0.1892,False,NOT_IN_DICT,
stt2,page_0268,4,17,đá,廢,碎,U+788E,0.2775,False,NOT_IN_DICT,
stt2,page_0268,5,2,chưa,倨,傷,U+50B7,0.3647,False,NOT_IN_DICT,
stt2,page_0268,5,7,mà,庇,麻,U+9EBB,0.8789,True,RESCUE_GOLD_HIGH,
stt2,page_0268,5,8,chém,品,曰,U+66F0,0.1581,False,NOT_IN_DICT,
stt2,page_0268,5,15,mát,殊,沫,U+6CAB,0.1905,True,RESCUE_LOW_CONF,
stt2,page_0268,5,16,tê,醫,躋,U+8E8B,0.0778,True,RESCUE_LOW_CONF,
stt2,page_0268,5,19,trời,𠇮,𠇮,U+201EE,0.2594,False,NOT_IN_DICT,
stt2,page_0268,5,20,xác,屠,壳,U+58F3,0.4671,True,RESCUE_LOW_CONF,
stt2,page_0268,6,6,rô,普,𠊚,U+2029A,0.0877,False,NOT_IN_DICT,
stt2,page_0268,6,8,táng,尋,過,U+904E,0.3238,False,NOT_IN_DICT,
stt2,page_0268,6,11,thờ,殊,蜍,U+870D,0.1606,True,RESCUE_LOW_CONF,
stt2,page_0268,6,14,bà,按,婆,U+5A46,0.0181,True,RESCUE_LOW_CONF,
stt2,page_0268,6,17,a,陌,阿,U+963F,0.0461,True,RESCUE_LOW_CONF,
stt2,page_0268,6,18,ràv,曷,眉,U+7709,0.7965,False,NOT_IN_DICT,
stt2,page_0268,6,19,đã,记,㐌,U+340C,0.1402,True,RESCUE_LOW_CONF,
stt2,page_0268,7,2,sáu,耘,老,U+8001,0.196,True,RESCUE_LOW_CONF,
stt2,page_0268,7,10,cùng,兴,其,U+5176,0.1619,True,RESCUE_LOW_CONF,
stt2,page_0268,7,11,râu,髮,𠊚,U+2029A,0.2461,False,NOT_IN_DICT,
stt2,page_0268,7,12,da,朘,多,U+591A,0.1407,True,RESCUE_LOW_CONF,
stt2,page_0268,7,13,thịt,錮,朔,U+6714,0.3106,False,NOT_IN_DICT,
stt2,page_0268,7,16,ven,与,主,U+4E3B,0.5243,False,NOT_IN_DICT,
stt2,page_0268,7,17,chăng,忘,庒,U+5E92,0.4077,True,RESCUE_LOW_CONF,
stt2,page_0268,7,19,sốt,津,焠,U+7120,0.4449,True,RESCUE_LOW_CONF,
stt2,page_0268,8,5,ra,嘲,囉,U+56C9,0.1197,True,RESCUE_LOW_CONF,
stt2,page_0268,8,11,này,石,尼,U+5C3C,0.9281,True,RESCUE_GOLD_HIGH,
stt2,page_0268,8,12,khỏi,魂,塊,U+584A,0.1319,True,RESCUE_LOW_CONF,
stt2,page_0268,8,14,mươi,迊,边,U+8FB9,0.2123,False,NOT_IN_DICT,
stt2,page_0268,9,0,hai,貲,生,U+751F,0.187,False,NOT_IN_DICT,
stt2,page_0268,9,1,mươi,更,户,U+6237,0.2101,False,NOT_IN_DICT,
stt2,page_0268,9,2,lăm,板,林,U+6797,0.5606,True,RESCUE_LOW_CONF,
stt2,page_0268,9,5,giu,相,極,U+6975,0.0852,False,NOT_IN_DICT,
stt2,page_0268,9,14,là,專,尼,U+5C3C,0.292,False,NOT_IN_DICT,
stt2,page_0268,9,15,hai,喉,曳,U+66F3,0.3048,False,NOT_IN_DICT,
stt2,page_0268,9,18,tháng,胸,贖,U+8D16,0.3648,False,NOT_IN_DICT,
stt2,page_0270,1,1,có,恩,固,U+56FA,0.07,True,RESCUE_LOW_CONF,
stt2,page_0270,1,2,hai,苦,咍,U+548D,0.1262,True,RESCUE_LOW_CONF,
stt2,page_0270,1,3,vợ,𢕄,矯,U+77EF,0.1148,False,NOT_IN_DICT,
stt2,page_0270,1,6,nước,佐,法,U+6CD5,0.161,False,NOT_IN_DICT,
stt2,page_0270,1,12,trấn,𮅕,填,U+586B,0.0588,True,RESCUE_LOW_CONF,
stt2,page_0270,1,14,thay,合,各,U+5404,0.1436,False,NOT_IN_DICT,
stt2,page_0270,1,21,ra,喟,囉,U+56C9,0.0805,True,RESCUE_LOW_CONF,
stt2,page_0270,1,23,trọng,厘,魔,U+9B54,0.2835,False,NOT_IN_DICT,
stt2,page_0270,2,2,thì,奇,寺,U+5BFA,0.5259,True,RESCUE_LOW_CONF,
stt2,page_0270,2,5,hơn,歌,女,U+5973,0.3413,False,NOT_IN_DICT,
stt2,page_0270,2,6,nữa,友,女,U+5973,0.6128,True,RESCUE_LOW_CONF,
stt2,page_0270,2,13,na,邢,那,U+90A3,0.9629,True,RESCUE_GOLD_HIGH,
stt2,page_0270,2,14,dốc,專,篤,U+7BE4,0.0563,True,RESCUE_LOW_CONF,
stt2,page_0270,2,16,ở,𭺛,於,U+65BC,0.8871,True,RESCUE_GOLD_HIGH,
stt2,page_0270,3,0,cha,吃,吒,U+5412,0.9403,True,RESCUE_GOLD_HIGH,
stt2,page_0270,3,10,được,将,特,U+7279,0.5197,True,RESCUE_LOW_CONF,
stt2,page_0270,3,11,hai,云,咍,U+548D,0.1072,True,RESCUE_LOW_CONF,
stt2,page_0270,3,12,con,界,昆,U+6606,0.777,True,RESCUE_GOLD_MED,
stt2,page_0270,3,15,sau,義,婁,U+5A41,0.749,True,RESCUE_GOLD_MED,
stt2,page_0270,3,17,và,峯,喡,U+55A1,0.0949,True,RESCUE_LOW_CONF,
stt2,page_0270,3,18,hai,䝨,咍,U+548D,0.2353,True,RESCUE_LOW_CONF,
stt2,page_0270,3,20,vợ,孺,婦,U+5A66,0.0461,True,RESCUE_LOW_CONF,
stt2,page_0270,4,1,nữa,𭀚,女,U+5973,0.4374,True,RESCUE_LOW_CONF,
stt2,page_0270,4,13,khỏi,認,塊,U+584A,0.1457,True,RESCUE_LOW_CONF,
stt2,page_0270,4,15,của,云,𠊚,U+2029A,0.5882,False,NOT_IN_DICT,
stt2,page_0270,4,19,xem,祛,袩,U+88A9,0.0276,True,RESCUE_LOW_CONF,
stt2,page_0270,4,20,sóc,首,福,U+798F,0.2274,False,NOT_IN_DICT,
stt2,page_0270,5,7,lòng,吾,弄,U+5F04,0.8319,True,RESCUE_GOLD_MED,
stt2,page_0270,5,18,cho,昧,朱,U+6731,0.4603,True,RESCUE_LOW_CONF,
stt2,page_0270,6,1,nhiều,丶,朱,U+6731,0.2472,False,NOT_IN_DICT,
stt2,page_0270,6,8,khó,康,庫,U+5EAB,0.5488,True,RESCUE_LOW_CONF,
stt2,page_0270,6,10,rộng,時,時,U+6642,0.4932,False,NOT_IN_DICT,
stt2,page_0270,6,11,rãi,禱,待,U+5F85,0.1617,True,RESCUE_LOW_CONF,
stt2,page_0270,6,12,lăm,簿,凜,U+51DC,0.4624,False,NOT_IN_DICT,
stt2,page_0270,6,15,răng,候,浪,U+6D6A,0.0352,True,RESCUE_LOW_CONF,
stt2,page_0270,7,0,gửi,陵,洩,U+6D29,0.1073,False,NOT_IN_DICT,
stt2,page_0270,7,5,ra,呷,生,U+751F,0.2114,False,NOT_IN_DICT,
stt2,page_0270,7,7,kẻ,瓦,几,U+51E0,0.1313,True,RESCUE_LOW_CONF,
stt2,page_0270,7,10,chăng,戾,庄,U+5E84,0.1049,True,RESCUE_LOW_CONF,
stt2,page_0270,7,15,đâu,爲,哿,U+54FF,0.2389,False,NOT_IN_DICT,
stt2,page_0270,7,18,sau,翻,排,U+6392,0.1936,False,NOT_IN_DICT,
stt2,page_0270,7,21,măng,寗,時,U+6642,0.0801,False,NOT_IN_DICT,
stt2,page_0270,8,0,tiếng,渚,為,U+70BA,0.0649,False,NOT_IN_DICT,
stt2,page_0270,8,4,thì,弆,𠊚,U+2029A,0.6183,False,NOT_IN_DICT,
stt2,page_0270,8,12,a,两,城,U+57CE,0.9029,False,NOT_IN_DICT,
stt2,page_0270,8,13,lê,釐,泊,U+6CCA,0.5862,False,NOT_IN_DICT,
stt2,page_0270,8,16,là,男,阿,U+963F,0.174,False,NOT_IN_DICT,
stt2,page_0270,8,18,chợ,酬,几,U+51E0,0.6861,False,NOT_IN_DICT,
stt2,page_0270,8,21,chi,赱,支,U+652F,0.9128,True,RESCUE_GOLD_HIGH,
stt2,page_0270,9,6,bảy,黔,罢,U+7F62,0.5447,True,RESCUE_LOW_CONF,
stt2,page_0270,9,11,sự,等,事,U+4E8B,0.2497,True,RESCUE_LOW_CONF,
stt2,page_0270,9,14,song,刄,双,U+53CC,0.7041,True,RESCUE_GOLD_MED,
stt2,page_0270,9,15,le,裔,离,U+79BB,0.6408,True,RESCUE_LOW_CONF,
stt2,page_0270,9,20,cả,實,特,U+7279,0.1218,False,NOT_IN_DICT,
stt2,page_0270,9,21,và,蹄,喡,U+55A1,0.49,True,RESCUE_LOW_CONF,
stt2,page_0272,2,6,dạy,泯,事,U+4E8B,0.8987,False,NOT_IN_DICT,
stt2,page_0272,2,11,ngay,直,宜,U+5B9C,0.868,True,RESCUE_GOLD_HIGH,
stt2,page_0272,3,11,côi,理,塊,U+584A,0.0612,True,RESCUE_LOW_CONF,
stt2,page_0272,4,2,trông,罨,義,U+7FA9,0.3498,False,NOT_IN_DICT,
stt2,page_0272,4,10,trước,墀,綽,U+7DBD,0.2081,False,NOT_IN_DICT,
stt2,page_0272,5,0,vậy,平,丕,U+4E15,0.3322,True,RESCUE_LOW_CONF,
stt2,page_0272,5,4,chép,局,固,U+56FA,0.2052,False,NOT_IN_DICT,
stt2,page_0272,5,10,khăn,甲,中,U+4E2D,0.981,True,RESCUE_GOLD_HIGH,
stt2,page_0272,5,15,ngàn,屏,尋,U+5C0B,0.2191,False,NOT_IN_DICT,
stt2,page_0272,5,16,năm,献,飭,U+98ED,0.1888,False,NOT_IN_DICT,
stt2,page_0272,5,19,thì,赶,寺,U+5BFA,0.741,True,RESCUE_GOLD_MED,
stt2,page_0272,6,0,ông,翕,翁,U+7FC1,0.9857,True,RESCUE_GOLD_HIGH,
stt2,page_0272,7,14,vào,蚤,冷,U+51B7,0.4844,False,NOT_IN_DICT,
stt2,page_0272,7,16,a,囚,阿,U+963F,0.4532,True,RESCUE_LOW_CONF,
stt2,page_0272,8,1,ria,何,阿,U+963F,0.4079,False,NOT_IN_DICT,
stt2,page_0272,8,6,của,財,惜,U+60DC,0.6329,False,NOT_IN_DICT,
stt2,page_0272,8,12,cậy,忘,忌,U+5FCC,0.3228,True,RESCUE_LOW_CONF,
stt2,page_0272,9,5,nuôi,岳,每,U+6BCF,0.1919,False,NOT_IN_DICT,
stt2,page_0272,9,17,lần,合,各,U+5404,0.7636,True,RESCUE_GOLD_MED,
stt2,page_0274,1,0,mắng,嘯,羅,U+7F85,0.2668,False,NOT_IN_DICT,
stt2,page_0274,1,2,vua,柯,固,U+56FA,0.1201,False,NOT_IN_DICT,
stt2,page_0274,1,3,nước,匠,極,U+6975,0.1131,False,NOT_IN_DICT,
stt2,page_0274,1,4,phê,托,形,U+5F62,0.0773,False,NOT_IN_DICT,
stt2,page_0274,2,0,lúa,稽,種,U+7A2E,0.1252,False,NOT_IN_DICT,
stt2,page_0274,2,1,thóc,覔,𡗶,U+215F6,0.1212,False,NOT_IN_DICT,
stt2,page_0274,2,2,nuôi,灰,徳,U+5FB3,0.1852,False,NOT_IN_DICT,
stt2,page_0274,2,6,che,忮,枝,U+679D,0.2851,True,RESCUE_LOW_CONF,
stt2,page_0274,2,13,thương,併,伤,U+4F24,0.174,True,RESCUE_LOW_CONF,
stt2,page_0274,3,0,đàng,麁,唐,U+5510,0.3309,True,RESCUE_LOW_CONF,
stt2,page_0274,3,2,đô,私,杜,U+675C,0.6156,False,NOT_IN_DICT,
stt2,page_0274,3,3,nhờ,阤,沙,U+6C99,0.4786,False,NOT_IN_DICT,
stt2,page_0274,3,8,bé,那,賊,U+8CCA,0.3337,False,NOT_IN_DICT,
stt2,page_0274,4,2,thứ,欠,次,U+6B21,0.7403,True,RESCUE_GOLD_MED,
stt2,page_0274,4,3,bốn,伽,把,U+628A,0.1161,False,NOT_IN_DICT,
stt2,page_0274,4,6,thứ,尺,次,U+6B21,0.8258,True,RESCUE_GOLD_MED,
stt2,page_0274,4,7,sáu,秋,於,U+65BC,0.0687,False,NOT_IN_DICT,
stt2,page_0274,4,12,nhà,𭮀,茹,U+8339,0.4346,True,RESCUE_LOW_CONF,
stt2,page_0274,4,14,trông,竜,蘇,U+8607,0.2248,False,NOT_IN_DICT,
stt2,page_0274,6,2,ldm,凜,凜,U+51DC,0.8359,False,NOT_IN_DICT,
stt2,page_0274,6,3,xem,犬,遣,U+9063,0.188,False,NOT_IN_DICT,
stt2,page_0274,6,5,ngày,䍧,時,U+6642,0.0645,True,RESCUE_LOW_CONF,
stt2,page_0274,6,12,ích,至,益,U+76CA,0.0487,True,RESCUE_LOW_CONF,
stt2,page_0274,7,6,chớ,處,渚,U+6E1A,0.1975,True,RESCUE_LOW_CONF,
stt2,page_0274,7,12,nuôi,娶,腰,U+8170,0.4686,False,NOT_IN_DICT,
stt2,page_0274,8,6,thì,衛,寺,U+5BFA,0.931,True,RESCUE_GOLD_HIGH,
stt2,page_0274,8,7,chăng,房,庄,U+5E84,0.0963,True,RESCUE_LOW_CONF,
stt2,page_0274,8,8,ai,機,扶,U+6276,0.3047,False,NOT_IN_DICT,
stt2,page_0274,8,10,cáo,去,固,U+56FA,0.2475,False,NOT_IN_DICT,
stt2,page_0274,9,11,đâu,危,𠊚,U+2029A,0.9751,False,NOT_IN_DICT,
stt2,page_0276,1,5,ong,瑜,碎,U+788E,0.4835,False,NOT_IN_DICT,
stt2,page_0276,1,17,năn,報,那,U+90A3,0.3394,False,NOT_IN_DICT,
stt2,page_0276,2,8,phú,屠,富,U+5BCC,0.5522,True,RESCUE_LOW_CONF,
stt2,page_0276,2,10,hay,咲,咍,U+548D,0.0555,True,RESCUE_LOW_CONF,
stt2,page_0276,2,15,một,𫈼,没,U+6CA1,0.6338,True,RESCUE_LOW_CONF,
stt2,page_0276,3,6,thí,陁,施,U+65BD,0.9572,True,RESCUE_GOLD_HIGH,
stt2,page_0276,3,12,tiếc,借,麻,U+9EBB,0.186,False,NOT_IN_DICT,
stt2,page_0276,4,10,ví,卉,彼,U+5F7C,0.036,True,RESCUE_LOW_CONF,
stt2,page_0276,5,18,đến,晨,中,U+4E2D,0.4609,False,NOT_IN_DICT,
stt2,page_0276,6,11,lại,杢,吏,U+540F,0.0151,True,RESCUE_LOW_CONF,
stt2,page_0276,6,15,còn,佯,柴,U+67F4,0.9599,False,NOT_IN_DICT,
stt2,page_0276,7,5,lạ,逕,邏,U+908F,0.493,True,RESCUE_LOW_CONF,
stt2,page_0276,8,6,nói,白,内,U+5185,0.2301,True,RESCUE_LOW_CONF,
stt2,page_0276,8,11,xưng,林,称,U+79F0,0.1729,True,RESCUE_LOW_CONF,
stt2,page_0276,8,12,ra,異,称,U+79F0,0.7335,False,NOT_IN_DICT,
stt2,page_0278,1,5,thầy,槩,柴,U+67F4,0.2826,True,RESCUE_LOW_CONF,
stt2,page_0278,1,14,run,悵,𦝄,U+26744,0.1288,False,NOT_IN_DICT,
stt2,page_0278,1,15,thì,棄,寺,U+5BFA,0.7336,True,RESCUE_GOLD_MED,
stt2,page_0278,1,17,thương,僞,傷,U+50B7,0.9768,True,RESCUE_GOLD_HIGH,
stt2,page_0278,2,12,trăng,俳,推,U+63A8,0.1876,False,NOT_IN_DICT,
stt2,page_0278,3,0,nén,碪,腰,U+8170,0.2498,False,NOT_IN_DICT,
stt2,page_0278,3,3,biến,產,变,U+53D8,0.0755,True,RESCUE_LOW_CONF,
stt2,page_0278,4,7,đâu,苦,𠊚,U+2029A,0.1527,False,NOT_IN_DICT,
stt2,page_0278,5,1,rộng,拜,時,U+6642,0.3109,False,NOT_IN_DICT,
stt2,page_0278,5,18,chăn,禎,襖,U+8956,0.3772,False,NOT_IN_DICT,
stt2,page_0278,6,15,ong,酔,餅,U+9905,0.2432,False,NOT_IN_DICT,
stt2,page_0278,7,3,đêm,虗,店,U+5E97,0.0837,True,RESCUE_LOW_CONF,
stt2,page_0278,7,17,ong,蠏,翁,U+7FC1,0.0833,True,RESCUE_LOW_CONF,
stt2,page_0278,8,6,nhiều,乂,𠊚,U+2029A,0.2455,False,NOT_IN_DICT,
stt2,page_0278,8,7,anh,妾,時,U+6642,0.8402,False,NOT_IN_DICT,
stt2,page_0278,8,8,em,𡜞,俺,U+4FFA,0.1811,True,RESCUE_LOW_CONF,
stt2,page_0278,8,10,đói,封,主,U+4E3B,0.9254,False,NOT_IN_DICT,
stt2,page_0278,8,12,ong,缾,秋,U+79CB,0.9468,False,NOT_IN_DICT,
stt2,page_0278,8,14,chăn,復,𧗱,U+275F1,0.1065,False,NOT_IN_DICT,
stt2,page_0278,8,20,anh,委,分,U+5206,0.8821,False,NOT_IN_DICT,
stt2,page_0278,8,22,rét,刻,列,U+5217,0.424,True,RESCUE_LOW_CONF,
stt2,page_0278,9,3,mặc,黔,黙,U+9ED9,0.8205,True,RESCUE_GOLD_MED,
stt2,page_0278,9,12,quở,深,時,U+6642,0.2272,False,NOT_IN_DICT,
stt2,page_0278,9,14,ong,畊,班,U+73ED,0.1803,False,NOT_IN_DICT,
stt2,page_0278,9,17,đã,𮎛,㐌,U+340C,0.3265,True,RESCUE_LOW_CONF,
stt2,page_0280,1,0,vẻ,𬒳,襖,U+8956,0.1062,False,NOT_IN_DICT,
stt2,page_0280,1,7,trông,竜,童,U+7AE5,0.1389,False,NOT_IN_DICT,
stt2,page_0280,1,18,chăn,禎,補,U+88DC,0.1161,False,NOT_IN_DICT,
stt2,page_0280,1,19,lấy,恭,麻,U+9EBB,0.0867,False,NOT_IN_DICT,
stt2,page_0280,2,3,chăn,禧,襖,U+8956,0.0958,False,NOT_IN_DICT,
stt2,page_0280,2,15,bán,丰,半,U+534A,0.1029,True,RESCUE_LOW_CONF,
stt2,page_0280,3,0,lần,茶,吝,U+541D,0.841,True,RESCUE_GOLD_MED,
stt2,page_0280,3,7,lời,剷,例,U+4F8B,0.0712,True,RESCUE_LOW_CONF,
stt2,page_0280,3,17,bán,丰,半,U+534A,0.0806,True,RESCUE_LOW_CONF,
stt2,page_0280,4,9,chăn,棲,襖,U+8956,0.7349,False,NOT_IN_DICT,
stt2,page_0280,6,1,đổi,衬,対,U+5BFE,0.5397,True,RESCUE_LOW_CONF,
stt2,page_0280,6,6,xin,安,真,U+771F,0.5979,True,RESCUE_LOW_CONF,
stt2,page_0280,6,10,khỏi,堪,塊,U+584A,0.6187,True,RESCUE_LOW_CONF,
stt2,page_0280,6,21,thì,亦,寺,U+5BFA,0.6808,True,RESCUE_LOW_CONF,
stt2,page_0280,8,7,mà,厭,麻,U+9EBB,0.9826,True,RESCUE_GOLD_HIGH,
stt2,page_0280,8,10,đổi,𢩭,対,U+5BFE,0.0826,True,RESCUE_LOW_CONF,
stt2,page_0280,8,11,áo,禝,襖,U+8956,0.7814,True,RESCUE_GOLD_MED,
stt2,page_0280,8,17,răng,限,浪,U+6D6A,0.7318,True,RESCUE_GOLD_MED,
stt2,page_0280,8,21,là,窑,葉,U+8449,0.104,False,NOT_IN_DICT,
stt2,page_0280,9,7,khó,庵,庫,U+5EAB,0.9554,True,RESCUE_GOLD_HIGH,
stt2,page_0280,9,17,một,齊,没,U+6CA1,0.0657,True,RESCUE_LOW_CONF,
stt2,page_0280,9,18,ngày,驛,時,U+6642,0.8038,True,RESCUE_GOLD_MED,
stt2,page_0280,9,19,ông,笄,翁,U+7FC1,0.1262,True,RESCUE_LOW_CONF,
stt2,page_0280,9,21,giu,拓,極,U+6975,0.4386,False,NOT_IN_DICT,
stt2,page_0282,1,0,ong,磷,時,U+6642,0.1393,False,NOT_IN_DICT,
stt2,page_0282,1,5,một,耳,更,U+66F4,0.0964,True,RESCUE_LOW_CONF,
stt2,page_0282,1,17,của,貼,賊,U+8CCA,0.1779,False,NOT_IN_DICT,
stt2,page_0282,2,6,nhiều,𣥂,先,U+5148,0.2401,False,NOT_IN_DICT,
stt2,page_0282,3,0,bạc,陌,泊,U+6CCA,0.4557,True,RESCUE_LOW_CONF,
stt2,page_0282,3,10,lấy,南,南,U+5357,0.8597,False,NOT_IN_DICT,
stt2,page_0282,3,11,năm,礼,礼,U+793C,0.9584,False,NOT_IN_DICT,
stt2,page_0282,3,18,khỏi,堪,塊,U+584A,0.8699,True,RESCUE_GOLD_HIGH,
stt2,page_0282,3,19,nhà,𠙚,茹,U+8339,0.7734,True,RESCUE_GOLD_MED,
stt2,page_0282,4,2,bà,晏,婆,U+5A46,0.1475,True,RESCUE_LOW_CONF,
stt2,page_0282,4,6,một,夏,髙,U+9AD9,0.2205,False,NOT_IN_DICT,
stt2,page_0282,4,19,khăn,由,巾,U+5DFE,0.1582,True,RESCUE_LOW_CONF,
stt2,page_0282,5,4,đầy,育,意,U+610F,0.2135,False,NOT_IN_DICT,
stt2,page_0282,6,2,ngàn,升,計,U+8A08,0.4538,False,NOT_IN_DICT,
stt2,page_0282,6,11,nghìn,針,計,U+8A08,0.5067,False,NOT_IN_DICT,
stt2,page_0282,6,19,quở,噪,時,U+6642,0.1974,False,NOT_IN_DICT,
stt2,page_0282,7,0,đầy,畜,各,U+5404,0.208,False,NOT_IN_DICT,
stt2,page_0282,7,12,trời,原,𡗶,U+215F6,0.5364,True,RESCUE_LOW_CONF,
stt2,page_0282,7,14,một,𢦶,蔑,U+8511,0.1651,True,RESCUE_LOW_CONF,
stt2,page_0282,7,15,nghìn,針,計,U+8A08,0.6462,False,NOT_IN_DICT,
stt2,page_0282,9,2,tay,𢙢,腮,U+816E,0.5998,True,RESCUE_LOW_CONF,
stt2,page_0282,9,11,vua,前,制,U+5236,0.2044,False,NOT_IN_DICT,
stt2,page_0282,9,13,ràv,園,別,U+5225,0.3192,False,NOT_IN_DICT,
stt2,page_0284,1,2,nhiều,乄,朱,U+6731,0.1,False,NOT_IN_DICT,
stt2,page_0284,1,3,của,肱,䏻,U+43FB,0.2661,False,NOT_IN_DICT,
stt2,page_0284,1,10,vua,柯,極,U+6975,0.1362,False,NOT_IN_DICT,
stt2,page_0284,2,1,răng,長,浪,U+6D6A,0.8334,True,RESCUE_GOLD_MED,
stt2,page_0284,2,13,vua,固,朱,U+6731,0.2088,False,NOT_IN_DICT,
stt2,page_0284,2,15,gian,回,間,U+9593,0.0261,True,RESCUE_LOW_CONF,
stt2,page_0284,2,16,đầu,覺,蔑,U+8511,0.116,False,NOT_IN_DICT,
stt2,page_0284,3,2,nhà,石,如,U+5982,0.2547,True,RESCUE_LOW_CONF,
stt2,page_0284,4,2,vua,翅,君,U+541B,0.0416,True,RESCUE_LOW_CONF,
stt2,page_0284,4,11,đem,街,麻,U+9EBB,0.9747,False,NOT_IN_DICT,
stt2,page_0284,4,12,về,宠,𧗱,U+275F1,0.2332,True,RESCUE_LOW_CONF,
stt2,page_0284,4,15,trước,群,連,U+9023,0.1324,False,NOT_IN_DICT,
stt2,page_0284,5,0,đàng,麁,唐,U+5510,0.0649,True,RESCUE_LOW_CONF,
stt2,page_0284,5,4,đem,宠,几,U+51E0,0.976,False,NOT_IN_DICT,
stt2,page_0284,5,6,thầy,菜,朱,U+6731,0.9838,False,NOT_IN_DICT,
stt2,page_0284,5,7,nhiều,刀,柴,U+67F4,0.9921,False,NOT_IN_DICT,
stt2,page_0284,6,3,lại,之,吏,U+540F,0.1651,True,RESCUE_LOW_CONF,
stt2,page_0284,6,5,cho,珠,朱,U+6731,0.5513,True,RESCUE_LOW_CONF,
stt2,page_0284,6,7,khi,厥,欺,U+6B3A,0.9504,True,RESCUE_GOLD_HIGH,
stt2,page_0284,6,9,mật,廉,底,U+5E95,0.1123,False,NOT_IN_DICT,
stt2,page_0284,6,13,ra,昇,𠊚,U+2029A,0.1621,False,NOT_IN_DICT,
stt2,page_0284,6,14,thì,衛,寺,U+5BFA,0.9631,True,RESCUE_GOLD_HIGH,
stt2,page_0284,6,17,vàng,教,事,U+4E8B,0.5372,False,NOT_IN_DICT,
stt2,page_0284,6,18,thật,斯,歇,U+6B47,0.0644,False,NOT_IN_DICT,
stt2,page_0284,8,0,vàng,蕭,黄,U+9EC4,0.283,True,RESCUE_LOW_CONF,
stt2,page_0284,8,11,khi,獻,欺,U+6B3A,0.9716,True,RESCUE_GOLD_HIGH,
stt2,page_0284,8,12,trước,群,黙,U+9ED9,0.0736,False,NOT_IN_DICT,
stt2,page_0284,8,15,lần,者,吝,U+541D,0.0904,True,RESCUE_LOW_CONF,
stt2,page_0284,9,12,tàu,階,暗,U+6697,0.1109,False,NOT_IN_DICT,
stt2,page_0284,9,13,đầy,𭣵,四,U+56DB,0.3578,False,NOT_IN_DICT,
stt2,page_0286,1,4,phải,𨸲,沛,U+6C9B,0.6152,True,RESCUE_LOW_CONF,
stt2,page_0286,1,5,phong,瓦,庄,U+5E84,0.1033,False,NOT_IN_DICT,
stt2,page_0286,1,12,tàu,徳,思,U+601D,0.1305,False,NOT_IN_DICT,
stt2,page_0286,1,16,thì,肃,寺,U+5BFA,0.9835,True,RESCUE_GOLD_HIGH,
stt2,page_0286,2,10,lái,理,理,U+7406,0.4517,False,NOT_IN_DICT,
stt2,page_0286,2,12,chớ,堵,渚,U+6E1A,0.9746,True,RESCUE_GOLD_HIGH,
stt2,page_0286,2,16,của,友,古,U+53E4,0.9544,True,RESCUE_GOLD_HIGH,
stt2,page_0286,3,5,đâu,既,魂,U+9B42,0.1959,False,NOT_IN_DICT,
stt2,page_0286,4,2,cất,去,拮,U+62EE,0.7421,True,RESCUE_GOLD_MED,
stt2,page_0286,4,9,nuôi,安,固,U+56FA,0.3833,False,NOT_IN_DICT,
stt2,page_0286,4,15,đâu,洗,我,U+6211,0.1268,False,NOT_IN_DICT,
stt2,page_0286,5,3,chúa,生,主,U+4E3B,0.0751,True,RESCUE_LOW_CONF,
stt2,page_0286,5,4,trời,層,𡗶,U+215F6,0.0482,True,RESCUE_LOW_CONF,
stt2,page_0286,5,7,khác,恥,朱,U+6731,0.1835,False,NOT_IN_DICT,
stt2,page_0286,5,8,hơn,弦,跪,U+8DEA,0.1706,False,NOT_IN_DICT,
stt2,page_0286,5,10,trước,葬,驕,U+9A55,0.1499,False,NOT_IN_DICT,
stt2,page_0286,5,16,nuôi,海,安,U+5B89,0.2391,False,NOT_IN_DICT,
stt2,page_0286,6,3,khác,路,恪,U+606A,0.9387,True,RESCUE_GOLD_HIGH,
stt2,page_0286,6,4,nuôi,娶,挼,U+633C,0.0372,True,RESCUE_LOW_CONF,
stt2,page_0286,6,9,một,到,鄧,U+9127,0.1593,False,NOT_IN_DICT,
stt2,page_0286,6,16,lô,户,卢,U+5362,0.8786,True,RESCUE_GOLD_HIGH,
stt2,page_0286,7,1,ong,蠏,翁,U+7FC1,0.0986,True,RESCUE_LOW_CONF,
stt2,page_0286,7,2,mời,返,迈,U+8FC8,0.9083,False,NOT_IN_DICT,
stt2,page_0286,7,7,thương,𠋣,如,U+5982,0.3843,False,NOT_IN_DICT,
stt2,page_0286,7,9,đấy,飯,旦,U+65E6,0.7562,False,NOT_IN_DICT,
stt2,page_0286,7,10,nói,噶,呐,U+5450,0.5803,True,RESCUE_LOW_CONF,
stt2,page_0286,7,12,thầy,案,柴,U+67F4,0.783,True,RESCUE_GOLD_MED,
stt2,page_0286,7,13,ấy,代,衣,U+8863,0.4976,True,RESCUE_LOW_CONF,
stt2,page_0286,7,14,rằng,偃,浪,U+6D6A,0.7433,True,RESCUE_GOLD_MED,
stt2,page_0286,7,15,hôm,飮,歆,U+6B46,0.3412,True,RESCUE_LOW_CONF,
stt2,page_0286,8,10,muốn,冏,悶,U+60B6,0.0544,True,RESCUE_LOW_CONF,
stt2,page_0286,9,1,ngươi,躬,時,U+6642,0.1262,False,NOT_IN_DICT,
stt2,page_0286,9,6,thì,畚,寺,U+5BFA,0.9757,True,RESCUE_GOLD_HIGH,
stt2,page_0286,9,10,tay,捭,把,U+628A,0.3781,False,NOT_IN_DICT,
stt2,page_0286,9,16,liệt,到,列,U+5217,0.5918,True,RESCUE_LOW_CONF,
stt2,page_0288,1,2,lắm,原,命,U+547D,0.4711,False,NOT_IN_DICT,
stt2,page_0288,1,6,mắng,蜯,麻,U+9EBB,0.077,False,NOT_IN_DICT,
stt2,page_0288,1,16,vui,蠒,盃,U+76C3,0.1163,True,RESCUE_LOW_CONF,
stt2,page_0288,2,1,thầy,楽,柴,U+67F4,0.9859,True,RESCUE_GOLD_HIGH,
stt2,page_0288,2,4,bạc,阳,泊,U+6CCA,0.6368,True,RESCUE_LOW_CONF,
stt2,page_0288,2,6,qua,戋,求,U+6C42,0.2872,False,NOT_IN_DICT,
stt2,page_0288,2,8,của,舌,古,U+53E4,0.9478,True,RESCUE_GOLD_HIGH,
stt2,page_0288,2,13,ây,氏,衣,U+8863,0.3121,False,NOT_IN_DICT,
stt2,page_0288,2,16,to,碎,碎,U+788E,0.9681,False,NOT_IN_DICT,
stt2,page_0288,3,16,đoạn,既,把,U+628A,0.0763,False,NOT_IN_DICT,
stt2,page_0288,4,2,thầy,探,柴,U+67F4,0.9799,True,RESCUE_GOLD_HIGH,
stt2,page_0288,4,3,cả,等,哿,U+54FF,0.6502,True,RESCUE_LOW_CONF,
stt2,page_0288,4,5,ong,砕,翁,U+7FC1,0.0722,True,RESCUE_LOW_CONF,
stt2,page_0288,4,14,trông,毫,事,U+4E8B,0.5666,False,NOT_IN_DICT,
stt2,page_0288,5,3,trời,郡,𡗶,U+215F6,0.6058,True,RESCUE_LOW_CONF,
stt2,page_0288,5,5,bạc,召,泊,U+6CCA,0.5771,True,RESCUE_LOW_CONF,
stt2,page_0288,6,12,trên,郡,於,U+65BC,0.6014,False,NOT_IN_DICT,
stt2,page_0288,6,17,đền,殷,殿,U+6BBF,0.5647,True,RESCUE_LOW_CONF,
stt2,page_0288,6,19,lắm,𦀇,凜,U+51DC,0.1534,True,RESCUE_LOW_CONF,
stt2,page_0288,7,9,đền,𭮺,殿,U+6BBF,0.6693,True,RESCUE_LOW_CONF,
stt2,page_0288,7,13,rằng,最,浪,U+6D6A,0.959,True,RESCUE_GOLD_HIGH,
stt2,page_0288,7,15,truy,也,边,U+8FB9,0.5204,False,NOT_IN_DICT,
stt2,page_0288,7,16,lô,占,卢,U+5362,0.9452,True,RESCUE_GOLD_HIGH,
stt2,page_0288,7,19,đời,升,代,U+4EE3,0.8754,True,RESCUE_GOLD_HIGH,
stt2,page_0288,8,5,làm,云,事,U+4E8B,0.7421,False,NOT_IN_DICT,
stt2,page_0288,8,17,đấy,愜,旦,U+65E6,0.9293,False,NOT_IN_DICT,
stt2,page_0288,9,6,dạy,仰,代,U+4EE3,0.4718,True,RESCUE_LOW_CONF,
stt2,page_0288,9,7,rửa,慌,民,U+6C11,0.1253,False,NOT_IN_DICT,
stt2,page_0288,9,15,răng,悢,浪,U+6D6A,0.8542,True,RESCUE_GOLD_HIGH,
stt2,page_0288,9,18,nhà,娘,如,U+5982,0.3768,True,RESCUE_LOW_CONF,
stt2,page_0290,1,0,giù,樞,樞,U+6A1E,0.4402,False,NOT_IN_DICT,
stt2,page_0290,1,1,ong,銒,翁,U+7FC1,0.174,True,RESCUE_LOW_CONF,
stt2,page_0290,1,6,lê,恭,黎,U+9ECE,0.3301,True,RESCUE_LOW_CONF,
stt2,page_0290,1,12,mươi,迢,迈,U+8FC8,0.9466,True,RESCUE_GOLD_HIGH,
stt2,page_0290,2,6,lòng,憙,弄,U+5F04,0.7342,True,RESCUE_GOLD_MED,
stt2,page_0290,2,10,tiện,使,寺,U+5BFA,0.0919,False,NOT_IN_DICT,
stt2,page_0290,2,11,từ,囙,便,U+4FBF,0.4126,False,NOT_IN_DICT,
stt2,page_0290,2,14,sau,聲,傷,U+50B7,0.2004,False,NOT_IN_DICT,
stt2,page_0290,2,16,rộng,縣,連,U+9023,0.8608,False,NOT_IN_DICT,
stt2,page_0290,2,17,rai,侍,時,U+6642,0.1101,False,NOT_IN_DICT,
stt2,page_0290,2,18,lam,净,凜,U+51DC,0.2519,False,NOT_IN_DICT,
stt2,page_0290,3,0,ong,屏,翁,U+7FC1,0.2524,True,RESCUE_LOW_CONF,
stt2,page_0290,3,2,giu,板,極,U+6975,0.1758,False,NOT_IN_DICT,
stt2,page_0290,3,8,thương,僚,傷,U+50B7,0.8892,True,RESCUE_GOLD_HIGH,
stt2,page_0290,3,13,lời,司,例,U+4F8B,0.1875,True,RESCUE_LOW_CONF,
stt2,page_0290,3,15,khuyên,郎,勧,U+52E7,0.252,True,RESCUE_LOW_CONF,
stt2,page_0290,4,12,trọng,亊,重,U+91CD,0.3601,True,RESCUE_LOW_CONF,
stt2,page_0290,5,3,nhiều,𠂊,𠊚,U+2029A,0.6571,False,NOT_IN_DICT,
stt2,page_0290,5,5,phú,虜,富,U+5BCC,0.1583,True,RESCUE_LOW_CONF,
stt2,page_0290,5,6,quý,者,貴,U+8CB4,0.3452,True,RESCUE_LOW_CONF,
stt2,page_0290,5,12,bạc,約,泊,U+6CCA,0.3326,True,RESCUE_LOW_CONF,
stt2,page_0290,5,17,ra,𬼘,時,U+6642,0.0631,False,NOT_IN_DICT,
stt2,page_0290,6,2,như,仍,如,U+5982,0.6373,True,RESCUE_LOW_CONF,
stt2,page_0290,6,12,vàng,散,共,U+5171,0.1587,False,NOT_IN_DICT,
stt2,page_0290,6,18,trời,及,𡗶,U+215F6,0.0321,True,RESCUE_LOW_CONF,
stt2,page_0290,7,1,giữ,行,佇,U+4F47,0.2169,True,RESCUE_LOW_CONF,
stt2,page_0290,7,8,sống,報,封,U+5C01,0.1004,False,NOT_IN_DICT,
stt2,page_0290,7,13,tàu,船,艚,U+825A,0.0386,True,RESCUE_LOW_CONF,
stt2,page_0290,8,8,ong,屏,外,U+5916,0.064,False,NOT_IN_DICT,
stt2,page_0290,8,10,ấy,双,衣,U+8863,0.0186,True,RESCUE_LOW_CONF,
stt2,page_0290,9,3,con,毘,昆,U+6606,0.8281,True,RESCUE_GOLD_MED,
stt2,page_0290,9,4,trai,報,𤳇,U+24CC7,0.4259,True,RESCUE_LOW_CONF,
stt2,page_0290,9,5,ông,舜,爲,U+7232,0.5819,False,NOT_IN_DICT,
stt2,page_0290,9,11,ngày,呼,時,U+6642,0.0406,True,RESCUE_LOW_CONF,
stt2,page_0290,9,12,tàu,勝,艚,U+825A,0.1051,True,RESCUE_LOW_CONF,
stt2,page_0290,9,14,phải,后,沛,U+6C9B,0.3584,True,RESCUE_LOW_CONF,
stt2,page_0290,9,15,phong,尾,法,U+6CD5,0.4534,False,NOT_IN_DICT,
stt2,page_0290,9,16,ba,後,波,U+6CE2,0.06,True,RESCUE_LOW_CONF,
stt2,page_0290,9,17,mất,求,末,U+672B,0.0674,True,RESCUE_LOW_CONF,
stt2,page_0290,9,18,hết,𣣔,歇,U+6B47,0.4546,True,RESCUE_LOW_CONF,
stt2,page_0292,1,1,còn,佯,群,U+7FA4,0.1268,True,RESCUE_LOW_CONF,
stt2,page_0292,1,5,tàu,艧,艚,U+825A,0.1281,True,RESCUE_LOW_CONF,
stt2,page_0292,1,18,lắm,禦,凛,U+51DB,0.0594,True,RESCUE_LOW_CONF,
stt2,page_0292,2,10,đêm,底,𠊚,U+2029A,0.4877,False,NOT_IN_DICT,
stt2,page_0292,3,1,ong,缾,餅,U+9905,0.0815,False,NOT_IN_DICT,
stt2,page_0292,4,12,con,花,昆,U+6606,0.2569,True,RESCUE_LOW_CONF,
stt2,page_0292,4,13,ông,屛,翁,U+7FC1,0.0472,True,RESCUE_LOW_CONF,
stt2,page_0292,5,7,mọi,安,每,U+6BCF,0.7093,True,RESCUE_GOLD_MED,
stt2,page_0292,6,1,ví,玄,古,U+53E4,0.1494,False,NOT_IN_DICT,
stt2,page_0292,6,3,con,花,昆,U+6606,0.8333,True,RESCUE_GOLD_MED,
stt2,page_0292,6,6,còn,序,南,U+5357,0.2455,False,NOT_IN_DICT,
stt2,page_0292,6,7,sống,飛,排,U+6392,0.1164,False,NOT_IN_DICT,
stt2,page_0292,6,8,lâu,葬,僥,U+50E5,0.119,False,NOT_IN_DICT,
stt2,page_0292,6,10,sau,葬,娄,U+5A04,0.0322,True,RESCUE_LOW_CONF,
stt2,page_0292,6,11,cũng,批,拱,U+62F1,0.6575,True,RESCUE_LOW_CONF,
stt2,page_0292,6,17,thì,奇,寺,U+5BFA,0.8782,True,RESCUE_GOLD_HIGH,
stt2,page_0292,7,2,ngục,歓,獄,U+7344,0.2817,True,RESCUE_LOW_CONF,
stt2,page_0292,7,4,tàu,猶,艚,U+825A,0.0492,True,RESCUE_LOW_CONF,
stt2,page_0292,7,5,ông,屛,年,U+5E74,0.1224,False,NOT_IN_DICT,
stt2,page_0292,7,11,ví,夜,如,U+5982,0.061,False,NOT_IN_DICT,
stt2,page_0292,7,17,thì,𭔹,寺,U+5BFA,0.6716,True,RESCUE_LOW_CONF,
stt2,page_0292,8,13,trời,屠,為,U+70BA,0.2302,False,NOT_IN_DICT,
stt2,page_0292,8,16,ta,竺,些,U+4E9B,0.0292,True,RESCUE_LOW_CONF,
stt2,page_0292,9,4,của,次,古,U+53E4,0.3952,True,RESCUE_LOW_CONF,
stt2,page_0292,9,14,nhiệm,周,固,U+56FA,0.6892,False,NOT_IN_DICT,
stt2,page_0292,9,16,ta,登,些,U+4E9B,0.2982,True,RESCUE_LOW_CONF,
stt2,page_0292,9,17,thấp,頥,贖,U+8D16,0.696,False,NOT_IN_DICT,
stt2,page_0292,9,18,suy,雅,推,U+63A8,0.9208,True,RESCUE_GOLD_HIGH,
stt2,page_0294,1,0,chẳng,座,庄,U+5E84,0.2467,True,RESCUE_LOW_CONF,
stt2,page_0294,1,3,vậy,死,丕,U+4E15,0.4418,True,RESCUE_LOW_CONF,
stt2,page_0294,1,5,ấy,议,衣,U+8863,0.4332,True,RESCUE_LOW_CONF,
stt2,page_0294,1,7,bớt,副,朱,U+6731,0.1234,False,NOT_IN_DICT,
stt2,page_0294,1,11,đội,随,沛,U+6C9B,0.233,False,NOT_IN_DICT,
stt2,page_0294,1,12,sơn,恩,恩,U+6069,0.9636,False,NOT_IN_DICT,
stt2,page_0294,1,15,trời,慰,奇,U+5947,0.1749,False,NOT_IN_DICT,
stt2,page_0294,2,7,là,𫆅,号,U+53F7,0.0771,True,RESCUE_LOW_CONF,
stt2,page_0294,2,11,y,八,衣,U+8863,0.2155,True,RESCUE_LOW_CONF,
stt2,page_0294,2,16,âu,事,謳,U+8B33,0.0779,True,RESCUE_LOW_CONF,
stt2,page_0294,3,4,ong,蠏,每,U+6BCF,0.0997,False,NOT_IN_DICT,
stt2,page_0294,5,1,thì,蔚,寺,U+5BFA,0.5918,True,RESCUE_LOW_CONF,
stt2,page_0294,6,3,lần,荅,吝,U+541D,0.4109,True,RESCUE_LOW_CONF,
stt2,page_0294,6,4,ấy,比,衣,U+8863,0.0527,True,RESCUE_LOW_CONF,
stt2,page_0294,6,6,mắng,濟,奉,U+5949,0.1997,False,NOT_IN_DICT,
stt2,page_0294,6,17,sa,炒,沙,U+6C99,0.8606,True,RESCUE_GOLD_HIGH,
stt2,page_0294,7,0,ấy,張,衣,U+8863,0.3823,True,RESCUE_LOW_CONF,
stt2,page_0294,7,5,thì,脊,寺,U+5BFA,0.9416,True,RESCUE_GOLD_HIGH,
stt2,page_0294,7,7,mùa,芬,吝,U+541D,0.4414,False,NOT_IN_DICT,
stt2,page_0294,8,8,quỳ,㞑,跪,U+8DEA,0.0809,True,RESCUE_LOW_CONF,
stt2,page_0294,8,9,trước,辨,罪,U+7F6A,0.2023,False,NOT_IN_DICT,
stt2,page_0294,8,13,lôi,碎,碎,U+788E,0.9707,False,NOT_IN_DICT,
stt2,page_0294,9,0,lòng,毒,弄,U+5F04,0.0344,True,RESCUE_LOW_CONF,
stt2,page_0294,9,6,trở,出,多,U+591A,0.2797,False,NOT_IN_DICT,
stt2,page_0294,9,7,lai,布,吏,U+540F,0.9597,True,RESCUE_GOLD_HIGH,
stt2,page_0296,1,2,đứa,磁,碎,U+788E,0.3266,False,NOT_IN_DICT,
stt2,page_0296,1,3,kia,萁,其,U+5176,0.8916,True,RESCUE_GOLD_HIGH,
stt2,page_0296,1,6,chửi,𠮵,㕵,U+3575,0.1655,False,NOT_IN_DICT,
stt2,page_0296,1,7,rủa,署,𠊚,U+2029A,0.1475,False,NOT_IN_DICT,
stt2,page_0296,1,8,em,瓨,俺,U+4FFA,0.1293,True,RESCUE_LOW_CONF,
stt2,page_0296,1,15,em,伲,姚,U+59DA,0.1332,False,NOT_IN_DICT,
stt2,page_0296,2,7,đòi,豫,隊,U+968A,0.4952,True,RESCUE_LOW_CONF,
stt2,page_0296,2,11,rằng,良,浪,U+6D6A,0.9537,True,RESCUE_GOLD_HIGH,
stt2,page_0296,2,12,anh,菩,孾,U+5B7E,0.512,True,RESCUE_LOW_CONF,
stt2,page_0296,2,13,măng,举,喡,U+55A1,0.1738,False,NOT_IN_DICT,
stt2,page_0296,2,15,thăng,应,与,U+4E0E,0.1051,False,NOT_IN_DICT,
stt2,page_0296,3,4,em,唵,於,U+65BC,0.1855,False,NOT_IN_DICT,
stt2,page_0296,3,6,anh,妥,孾,U+5B7E,0.3367,True,RESCUE_LOW_CONF,
stt2,page_0296,4,11,cả,将,哿,U+54FF,0.3384,True,RESCUE_LOW_CONF,
stt2,page_0296,4,17,răng,服,浪,U+6D6A,0.4935,True,RESCUE_LOW_CONF,
stt2,page_0296,5,0,em,庵,俺,U+4FFA,0.1584,True,RESCUE_LOW_CONF,
stt2,page_0296,5,1,muốn,冏,悶,U+60B6,0.3302,True,RESCUE_LOW_CONF,
stt2,page_0296,5,4,anh,妾,孾,U+5B7E,0.6712,True,RESCUE_LOW_CONF,
stt2,page_0296,5,6,hãy,关,時,U+6642,0.18,False,NOT_IN_DICT,
stt2,page_0296,6,3,đoạn,皮,段,U+6BB5,0.5917,True,RESCUE_LOW_CONF,
stt2,page_0296,6,4,goi,奢,𨆝,U+2819D,0.1792,False,NOT_IN_DICT,
stt2,page_0296,6,12,lư,自,自,U+81EA,0.965,False,NOT_IN_DICT,
stt2,page_0296,6,14,ve,補,補,U+88DC,0.4697,False,NOT_IN_DICT,
stt2,page_0296,6,15,sau,鄰,蜂,U+8702,0.0464,False,NOT_IN_DICT,
stt2,page_0296,7,0,thăng,有,寺,U+5BFA,0.5283,False,NOT_IN_DICT,
stt2,page_0296,7,3,nhà,於,茹,U+8339,0.6917,True,RESCUE_LOW_CONF,
stt2,page_0296,7,10,đòi,汤,渚,U+6E1A,0.879,False,NOT_IN_DICT,
stt2,page_0296,7,15,thành,僞,葉,U+8449,0.0975,False,NOT_IN_DICT,
stt2,page_0296,8,1,hãi,多,咳,U+54B3,0.0329,True,RESCUE_LOW_CONF,
stt2,page_0296,8,3,lời,祠,例,U+4F8B,0.06,True,RESCUE_LOW_CONF,
stt2,page_0296,8,6,khi,厥,欺,U+6B3A,0.905,True,RESCUE_GOLD_HIGH,
stt2,page_0296,8,7,trước,邲,那,U+90A3,0.0653,False,NOT_IN_DICT,
stt2,page_0296,8,11,cháng,主,生,U+751F,0.7236,False,NOT_IN_DICT,
stt2,page_0296,8,12,nghi,方,丐,U+4E10,0.2186,False,NOT_IN_DICT,
stt2,page_0296,8,13,nghỉ,亊,事,U+4E8B,0.8117,False,NOT_IN_DICT,
stt2,page_0296,8,14,sự,之,之,U+4E4B,0.94,False,NOT_IN_DICT,
stt2,page_0296,8,15,gi,朱,朱,U+6731,0.8481,False,NOT_IN_DICT,
stt2,page_0296,8,16,c,埃,埃,U+57C3,0.3784,False,NOT_IN_DICT,
stt2,page_0296,9,10,hằng,将,浪,U+6D6A,0.0654,False,NOT_IN_DICT,
stt2,page_0296,9,16,thật,厭,實,U+5BE6,0.03,True,RESCUE_LOW_CONF,
stt2,page_0298,1,1,bề,度,皮,U+76AE,0.942,True,RESCUE_GOLD_HIGH,
stt2,page_0298,1,3,thì,静,寺,U+5BFA,0.9665,True,RESCUE_GOLD_HIGH,
stt2,page_0298,1,12,năng,配,能,U+80FD,0.0991,True,RESCUE_LOW_CONF,
stt2,page_0298,2,1,lâm,京,事,U+4E8B,0.4712,False,NOT_IN_DICT,
stt2,page_0298,2,5,năng,配,能,U+80FD,0.629,True,RESCUE_LOW_CONF,
stt2,page_0298,2,13,hồn,竭,魂,U+9B42,0.8865,True,RESCUE_GOLD_HIGH,
stt2,page_0298,2,16,đời,伏,代,U+4EE3,0.7981,True,RESCUE_GOLD_MED,
stt2,page_0298,3,2,nhiều,莫,朱,U+6731,0.1396,False,NOT_IN_DICT,
stt2,page_0298,3,5,lửa,迄,塊,U+584A,0.9253,False,NOT_IN_DICT,
stt2,page_0298,4,0,nước,園,於,U+65BC,0.0826,True,RESCUE_LOW_CONF,
stt2,page_0298,4,2,nghĩ,占,台,U+53F0,0.117,False,NOT_IN_DICT,
stt2,page_0298,4,4,đã,医,㐌,U+340C,0.6632,True,RESCUE_LOW_CONF,
stt2,page_0298,4,7,lòi,録,穌,U+7A4C,0.5221,False,NOT_IN_DICT,
stt2,page_0298,4,8,tói,躡,最,U+6700,0.2621,False,NOT_IN_DICT,
stt2,page_0298,4,9,cầm,扑,扲,U+6272,0.9758,True,RESCUE_GOLD_HIGH,
stt2,page_0298,4,14,dứt,坦,坦,U+5766,0.9451,False,NOT_IN_DICT,
stt2,page_0298,5,13,dây,半,寺,U+5BFA,0.9316,False,NOT_IN_DICT,
stt2,page_0298,5,16,au,詎,罪,U+7F6A,0.4089,False,NOT_IN_DICT,
stt2,page_0298,6,0,ong,𧊵,嘲,U+5632,0.1059,False,NOT_IN_DICT,
stt2,page_0298,6,11,là,𠕋,時,U+6642,0.0267,True,RESCUE_LOW_CONF,
stt2,page_0298,6,13,ong,韓,蜍,U+870D,0.2724,False,NOT_IN_DICT,
stt2,page_0298,6,15,kịp,夏,庄,U+5E84,0.6431,False,NOT_IN_DICT,
stt2,page_0298,7,12,dạy,昨,跡,U+8DE1,0.142,False,NOT_IN_DICT,
stt2,page_0298,8,3,chưa,传,渚,U+6E1A,0.4764,True,RESCUE_LOW_CONF,
stt2,page_0298,8,5,dạy,唯,罢,U+7F62,0.2115,False,NOT_IN_DICT,
stt2,page_0298,8,8,làm,𫠦,茹,U+8339,0.1135,False,NOT_IN_DICT,
stt2,page_0298,8,9,gấp,悉,𠊚,U+2029A,0.883,False,NOT_IN_DICT,
stt2,page_0298,8,16,làm,呈,乄,U+4E44,0.0561,True,RESCUE_LOW_CONF,
stt2,page_0298,8,17,vậy,呈,丕,U+4E15,0.9275,True,RESCUE_GOLD_HIGH,
stt2,page_0298,9,13,sau,辦,楼,U+697C,0.0253,True,RESCUE_LOW_CONF,
stt2,page_0300,1,2,mừng,用,明,U+660E,0.0667,True,RESCUE_LOW_CONF,
stt2,page_0300,1,5,chớ,取,欺,U+6B3A,0.9762,False,NOT_IN_DICT,
stt2,page_0300,1,12,vua,應,奴,U+5974,0.0897,False,NOT_IN_DICT,
stt2,page_0300,1,13,nước,說,徳,U+5FB3,0.1121,False,NOT_IN_DICT,
stt2,page_0300,1,14,phê,為,為,U+70BA,0.3676,False,NOT_IN_DICT,
stt2,page_0300,1,17,đã,伍,㐌,U+340C,0.1721,True,RESCUE_LOW_CONF,
stt2,page_0300,1,18,phá,双,破,U+7834,0.1612,True,RESCUE_LOW_CONF,
stt2,page_0300,2,1,giê,岐,支,U+652F,0.0688,True,RESCUE_LOW_CONF,
stt2,page_0300,2,13,ve,術,𧗱,U+275F1,0.4602,False,NOT_IN_DICT,
stt2,page_0300,2,14,nước,徔,矣,U+77E3,0.137,False,NOT_IN_DICT,
stt2,page_0300,2,18,ay,八,衣,U+8863,0.3645,False,NOT_IN_DICT,
stt2,page_0300,3,4,vua,奝,胡,U+80E1,0.1223,False,NOT_IN_DICT,
stt2,page_0300,3,5,ấy,孔,衣,U+8863,0.8776,True,RESCUE_GOLD_HIGH,
stt2,page_0300,3,7,xin,𭑨,嗔,U+55D4,0.4639,True,RESCUE_LOW_CONF,
stt2,page_0300,3,8,ông,舜,弄,U+5F04,0.1478,False,NOT_IN_DICT,
stt2,page_0300,3,11,ong,辨,餅,U+9905,0.0819,False,NOT_IN_DICT,
stt2,page_0300,3,13,đấy,事,帝,U+5E1D,0.8634,True,RESCUE_GOLD_HIGH,
stt2,page_0300,3,16,vua,悶,道,U+9053,0.1123,False,NOT_IN_DICT,
stt2,page_0300,3,18,đi,古,多,U+591A,0.4079,True,RESCUE_LOW_CONF,
stt2,page_0300,4,2,giặc,眀,賊,U+8CCA,0.226,True,RESCUE_LOW_CONF,
stt2,page_0300,4,6,thuyền,殆,犯,U+72AF,0.1035,False,NOT_IN_DICT,
stt2,page_0300,4,10,khi,庚,欺,U+6B3A,0.7748,True,RESCUE_GOLD_MED,
stt2,page_0300,4,11,còn,𭘾,欺,U+6B3A,0.5784,False,NOT_IN_DICT,
stt2,page_0300,4,16,ba,後,波,U+6CE2,0.0336,True,RESCUE_LOW_CONF,
stt2,page_0300,4,17,rình,修,伶,U+4F36,0.5497,True,RESCUE_LOW_CONF,
stt2,page_0300,5,0,hết,家,歇,U+6B47,0.9485,True,RESCUE_GOLD_HIGH,
stt2,page_0300,5,3,nằm,廟,南,U+5357,0.1306,True,RESCUE_LOW_CONF,
stt2,page_0300,5,6,ông,葬,翁,U+7FC1,0.055,True,RESCUE_LOW_CONF,
stt2,page_0300,5,7,thánh,並,多,U+591A,0.0791,False,NOT_IN_DICT,
stt2,page_0300,5,11,khó,座,庫,U+5EAB,0.0544,True,RESCUE_LOW_CONF,
stt2,page_0300,5,13,đi,𭐴,多,U+591A,0.1334,True,RESCUE_LOW_CONF,
stt2,page_0300,5,16,tàu,破,艚,U+825A,0.0437,True,RESCUE_LOW_CONF,
stt2,page_0300,6,4,cho,半,朱,U+6731,0.3696,True,RESCUE_LOW_CONF,
stt2,page_0300,6,10,lặng,𫝕,浪,U+6D6A,0.7379,True,RESCUE_GOLD_MED,
stt2,page_0300,6,11,chăng,座,丕,U+4E15,0.0695,True,RESCUE_LOW_CONF,
stt2,page_0300,6,12,còn,夲,与,U+4E0E,0.0482,False,NOT_IN_DICT,
stt2,page_0300,6,13,sóng,屏,待,U+5F85,0.14,False,NOT_IN_DICT,
stt2,page_0300,6,14,gió,銜,愈,U+6108,0.0163,True,RESCUE_LOW_CONF,
stt2,page_0300,6,16,đến,𡖋,旦,U+65E6,0.0647,True,RESCUE_LOW_CONF,
stt2,page_0300,6,17,thành,傾,城,U+57CE,0.4935,True,RESCUE_LOW_CONF,
stt2,page_0300,6,19,ri,稷,移,U+79FB,0.2101,False,NOT_IN_DICT,
stt2,page_0300,7,1,giữa,部,獅,U+7345,0.3804,False,NOT_IN_DICT,
stt2,page_0300,7,3,ông,肆,𠊚,U+2029A,0.0439,False,NOT_IN_DICT,
stt2,page_0300,7,6,ong,辯,每,U+6BCF,0.1494,False,NOT_IN_DICT,
stt2,page_0300,7,7,còn,净,特,U+7279,0.1998,False,NOT_IN_DICT,
stt2,page_0300,7,13,trọng,禀,重,U+91CD,0.3379,True,RESCUE_LOW_CONF,
stt2,page_0300,7,14,đen,曰,𠊚,U+2029A,0.8203,False,NOT_IN_DICT,
stt2,page_0300,7,17,ma,府,麻,U+9EBB,0.3914,True,RESCUE_LOW_CONF,
stt2,page_0300,7,18,ràng,底,浪,U+6D6A,0.7188,False,NOT_IN_DICT,
stt2,page_0300,8,0,vua,廻,徳,U+5FB3,0.0899,False,NOT_IN_DICT,
stt2,page_0300,8,4,các,若,各,U+5404,0.2112,True,RESCUE_LOW_CONF,
stt2,page_0300,8,5,vua,刺,断,U+65AD,0.1026,False,NOT_IN_DICT,
stt2,page_0300,8,6,đội,叚,隊,U+968A,0.1477,True,RESCUE_LOW_CONF,
stt2,page_0300,8,9,ong,辭,獄,U+7344,0.1792,False,NOT_IN_DICT,
stt2,page_0300,8,12,biết,㓻,别,U+522B,0.2321,True,RESCUE_LOW_CONF,
stt2,page_0300,8,13,ý,攻,别,U+522B,0.3228,False,NOT_IN_DICT,
stt2,page_0300,8,17,trời,𦒱,弄,U+5F04,0.1173,False,NOT_IN_DICT,
stt2,page_0300,8,18,đòi,陽,仍,U+4ECD,0.151,False,NOT_IN_DICT,
stt2,page_0300,9,3,giã,喝,者,U+8005,0.1557,True,RESCUE_LOW_CONF,
stt2,page_0300,9,7,tàu,脩,艚,U+825A,0.074,True,RESCUE_LOW_CONF,
stt2,page_0300,9,8,vào,召,召,U+53EC,0.5124,False,NOT_IN_DICT,
stt2,page_0300,9,9,nước,後,渃,U+6E03,0.224,True,RESCUE_LOW_CONF,
stt2,page_0300,9,13,là,𬼘,代,U+4EE3,0.1032,False,NOT_IN_DICT,
stt2,page_0300,9,17,trối,鞍,移,U+79FB,0.1973,False,NOT_IN_DICT,
stt2,page_0302,2,7,nhiêu,丿,功,U+529F,0.0747,False,NOT_IN_DICT,
stt2,page_0302,2,8,của,苦,古,U+53E4,0.75,True,RESCUE_GOLD_MED,
stt2,page_0302,2,9,rày,圖,罰,U+7F70,0.175,False,NOT_IN_DICT,
stt2,page_0302,2,12,đồng,涸,塊,U+584A,0.1401,False,NOT_IN_DICT,
stt2,page_0302,2,13,tiền,其,連,U+9023,0.0722,True,RESCUE_LOW_CONF,
stt2,page_0302,2,14,mà,厭,麻,U+9EBB,0.9645,True,RESCUE_GOLD_HIGH,
stt2,page_0302,2,19,trối,彚,式,U+5F0F,0.1013,False,NOT_IN_DICT,
stt2,page_0302,3,0,tiền,津,曳,U+66F3,0.1264,False,NOT_IN_DICT,
stt2,page_0302,3,6,anh,委,孾,U+5B7E,0.1366,True,RESCUE_LOW_CONF,
stt2,page_0302,3,18,cho,棄,朱,U+6731,0.2995,True,RESCUE_LOW_CONF,
stt2,page_0302,4,12,tav,𢙢,把,U+628A,0.3878,False,NOT_IN_DICT,
stt2,page_0302,4,18,trối,味,味,U+5473,0.4964,False,NOT_IN_DICT,
stt2,page_0302,5,10,khỏi,堪,壳,U+58F3,0.3664,False,NOT_IN_DICT,
stt2,page_0302,5,11,xác,帝,礼,U+793C,0.1433,False,NOT_IN_DICT,
stt2,page_0302,5,15,lành,卷,令,U+4EE4,0.4755,True,RESCUE_LOW_CONF,
stt2,page_0302,6,5,mồ,戌,戎,U+620E,0.1807,False,NOT_IN_DICT,
stt2,page_0302,6,10,lá,膏,离,U+79BB,0.8419,False,NOT_IN_DICT,
stt2,page_0302,6,11,ôliva,馮,渚,U+6E1A,0.1406,False,NOT_IN_DICT,
stt2,page_0302,7,5,gần,斷,賖,U+8CD6,0.2225,True,RESCUE_LOW_CONF,
stt2,page_0302,7,7,hai,学,改,U+6539,0.1667,False,NOT_IN_DICT,
stt2,page_0302,8,0,hai,发,咍,U+548D,0.0703,True,RESCUE_LOW_CONF,
stt2,page_0302,8,1,bên,起,边,U+8FB9,0.3221,True,RESCUE_LOW_CONF,
stt2,page_0302,8,5,giữa,仲,代,U+4EE3,0.1374,False,NOT_IN_DICT,
stt2,page_0302,8,15,chày,北,沚,U+6C9A,0.3872,False,NOT_IN_DICT,
stt2,page_0302,9,3,nói,哂,呐,U+5450,0.6317,True,RESCUE_LOW_CONF,
stt2,page_0302,9,5,một,麥,没,U+6CA1,0.3248,True,RESCUE_LOW_CONF,
stt2,page_0302,9,19,một,夏,蔑,U+8511,0.2611,True,RESCUE_LOW_CONF,
stt2,page_0304,1,0,bà,要,婆,U+5A46,0.3176,True,RESCUE_LOW_CONF,
stt2,page_0304,1,13,le,裔,离,U+79BB,0.4263,True,RESCUE_LOW_CONF,
stt2,page_0304,1,15,ngươi,屿,山,U+5C71,0.0793,False,NOT_IN_DICT,
stt2,page_0304,2,2,chép,蜀,别,U+522B,0.247,False,NOT_IN_DICT,
stt2,page_0304,2,3,một,葬,没,U+6CA1,0.0304,True,RESCUE_LOW_CONF,
stt2,page_0304,2,6,lại,主,吏,U+540F,0.6085,True,RESCUE_LOW_CONF,
stt2,page_0304,2,7,trao,神,椊,U+690A,0.1672,False,NOT_IN_DICT,
stt2,page_0304,2,8,cho,采,朱,U+6731,0.971,True,RESCUE_GOLD_HIGH,
stt2,page_0304,2,15,cất,扶,拮,U+62EE,0.6161,True,RESCUE_LOW_CONF,
stt2,page_0304,2,19,xem,祝,袩,U+88A9,0.3918,True,RESCUE_LOW_CONF,
stt2,page_0304,3,3,nghe,信,信,U+4FE1,0.961,False,NOT_IN_DICT,
stt2,page_0304,3,4,tin,置,宜,U+5B9C,0.0912,False,NOT_IN_DICT,
stt2,page_0304,3,11,thì,酎,寺,U+5BFA,0.9725,True,RESCUE_GOLD_HIGH,
stt2,page_0304,3,17,đi,逡,迻,U+8FFB,0.258,True,RESCUE_LOW_CONF,
stt2,page_0304,3,19,cất,挂,拮,U+62EE,0.8643,True,RESCUE_GOLD_HIGH,
stt2,page_0304,3,20,xác,帝,壳,U+58F3,0.5052,True,RESCUE_LOW_CONF,
stt2,page_0304,4,10,giữ,珠,共,U+5171,0.141,False,NOT_IN_DICT,
stt2,page_0304,4,11,ong,蛻,穌,U+7A4C,0.2603,False,NOT_IN_DICT,
stt2,page_0304,4,16,thì,桒,寺,U+5BFA,0.9591,True,RESCUE_GOLD_HIGH,
stt2,page_0304,4,17,trước,辤,羅,U+7F85,0.6268,False,NOT_IN_DICT,
stt2,page_0304,4,18,mặt,不,末,U+672B,0.3841,True,RESCUE_LOW_CONF,
stt2,page_0304,5,4,le,賣,离,U+79BB,0.6377,True,RESCUE_LOW_CONF,
stt2,page_0304,5,5,trước,𨐫,𠊚,U+2029A,0.0665,False,NOT_IN_DICT,
stt2,page_0304,6,3,trao,摶,樞,U+6A1E,0.3859,False,NOT_IN_DICT,
stt2,page_0304,6,9,đâu,骨,於,U+65BC,0.5898,False,NOT_IN_DICT,
stt2,page_0304,6,15,lóc,方,之,U+4E4B,0.6325,False,NOT_IN_DICT,
stt2,page_0304,7,15,trao,捽,捽,U+637D,0.4127,False,NOT_IN_DICT,
stt2,page_0304,7,17,tờ,淘,固,U+56FA,0.6096,False,NOT_IN_DICT,
stt2,page_0304,8,8,bà,晏,婆,U+5A46,0.0676,True,RESCUE_LOW_CONF,
stt2,page_0304,8,15,ra,騾,囉,U+56C9,0.0652,True,RESCUE_LOW_CONF,
stt2,page_0304,8,20,ngày,曙,時,U+6642,0.8383,True,RESCUE_GOLD_MED,
stt2,page_0306,1,2,ong,觧,脩,U+8129,0.1894,False,NOT_IN_DICT,
stt2,page_0306,1,3,bà,要,婆,U+5A46,0.1681,True,RESCUE_LOW_CONF,
stt2,page_0306,1,8,liền,遠,連,U+9023,0.5929,True,RESCUE_LOW_CONF,
stt2,page_0306,1,17,ong,蝌,螉,U+8789,0.0721,True,RESCUE_LOW_CONF,
stt2,page_0306,1,18,mà,休,麻,U+9EBB,0.7454,True,RESCUE_GOLD_MED,
stt2,page_0306,2,6,ra,衆,秋,U+79CB,0.627,False,NOT_IN_DICT,
stt2,page_0306,2,12,này,已,尼,U+5C3C,0.6039,True,RESCUE_LOW_CONF,
stt2,page_0306,2,14,sáu,者,曰,U+66F0,0.0476,False,NOT_IN_DICT,
stt2,page_0306,2,17,mươi,通,迈,U+8FC8,0.8376,True,RESCUE_GOLD_MED,
stt2,page_0306,3,18,của,睡,腰,U+8170,0.8775,False,NOT_IN_DICT,
stt2,page_0306,4,3,lo,五,卢,U+5362,0.7166,True,RESCUE_GOLD_MED,
stt2,page_0306,4,10,ong,蜱,翁,U+7FC1,0.1129,True,RESCUE_LOW_CONF,
stt2,page_0306,4,13,hay,出,咍,U+548D,0.2536,True,RESCUE_LOW_CONF,
stt2,page_0306,4,15,phúc,備,福,U+798F,0.9271,True,RESCUE_GOLD_HIGH,
stt2,page_0306,5,2,chước,柳,𠊚,U+2029A,0.261,False,NOT_IN_DICT,
stt2,page_0306,6,1,ong,蠏,螉,U+8789,0.1438,True,RESCUE_LOW_CONF,
stt2,page_0306,7,1,cùng,虜,穷,U+7A77,0.8559,True,RESCUE_GOLD_HIGH,
stt2,page_0306,7,16,rốt,報,强,U+5F3A,0.0687,False,NOT_IN_DICT,
stt2,page_0306,8,18,linh,羙,灵,U+7075,0.9704,True,RESCUE_GOLD_HIGH,
stt2,page_0306,9,0,ai,谈,埃,U+57C3,0.3652,True,RESCUE_LOW_CONF,
stt2,page_0308,2,2,mươisau,極,翁,U+7FC1,0.6356,False,NOT_IN_DICT,
stt2,page_0308,3,7,vitôri,移,移,U+79FB,0.3962,False,NOT_IN_DICT,
stt2,page_0308,3,9,là,再,支,U+652F,0.4915,False,NOT_IN_DICT,
stt2,page_0308,3,14,hợp,公,尼,U+5C3C,0.0983,False,NOT_IN_DICT,
stt2,page_0308,4,5,quỷ,圈,鬼,U+9B3C,0.7555,True,RESCUE_GOLD_MED,
stt2,page_0308,4,12,dái,字,曳,U+66F3,0.3758,True,RESCUE_LOW_CONF,
stt2,page_0308,4,16,mẹ,㛐,唉,U+5509,0.1557,False,NOT_IN_DICT,
stt2,page_0308,5,4,sáng,川,別,U+5225,0.163,False,NOT_IN_DICT,
stt2,page_0308,5,12,chốn,倠,准,U+51C6,0.1575,True,RESCUE_LOW_CONF,
stt2,page_0308,6,2,thì,產,寺,U+5BFA,0.4767,True,RESCUE_LOW_CONF,
stt2,page_0308,6,10,sinh,皆,呐,U+5450,0.3017,False,NOT_IN_DICT,
stt2,page_0308,6,11,ra,呼,麻,U+9EBB,0.8918,False,NOT_IN_DICT,
stt2,page_0308,6,18,lọ,堅,黙,U+9ED9,0.3652,False,NOT_IN_DICT,
stt2,page_0308,7,8,kinh,鳶,蚤,U+86A4,0.2034,False,NOT_IN_DICT,
stt2,page_0308,7,10,là,𫠦,罗,U+7F57,0.1398,True,RESCUE_LOW_CONF,
stt2,page_0308,7,13,ay,久,衣,U+8863,0.9561,False,NOT_IN_DICT,
stt2,page_0308,8,1,lần,厺,各,U+5404,0.6521,True,RESCUE_LOW_CONF,
stt2,page_0308,8,5,trộm,圖,凜,U+51DC,0.0794,False,NOT_IN_DICT,
stt2,page_0308,8,8,thì,蔚,寺,U+5BFA,0.3194,True,RESCUE_LOW_CONF,
stt2,page_0308,9,10,thì,静,寺,U+5BFA,0.8877,True,RESCUE_GOLD_HIGH,
stt2,page_0308,9,13,quỷ,岂,鬼,U+9B3C,0.262,True,RESCUE_LOW_CONF,
stt2,page_0308,9,19,thì,爵,寺,U+5BFA,0.6643,True,RESCUE_LOW_CONF,
stt2,page_0310,1,4,xở,拠,扒,U+6252,0.481,False,NOT_IN_DICT,
stt2,page_0310,1,8,quỷ,𠾖,鬼,U+9B3C,0.2065,True,RESCUE_LOW_CONF,
stt2,page_0310,1,17,một,喪,蔑,U+8511,0.6088,True,RESCUE_LOW_CONF,
stt2,page_0310,2,0,khi,獻,欺,U+6B3A,0.8893,True,RESCUE_GOLD_HIGH,
stt2,page_0310,2,2,trên,颶,連,U+9023,0.5213,True,RESCUE_LOW_CONF,
stt2,page_0310,2,10,nhọc,厚,辱,U+8FB1,0.619,True,RESCUE_LOW_CONF,
stt2,page_0310,2,15,rượu,醋,贖,U+8D16,0.3891,False,NOT_IN_DICT,
stt2,page_0310,2,19,thì,黈,寺,U+5BFA,0.7317,True,RESCUE_GOLD_MED,
stt2,page_0310,3,3,lã,𭰖,渃,U+6E03,0.3822,False,NOT_IN_DICT,
stt2,page_0310,3,9,thoát,辛,卒,U+5352,0.7272,True,RESCUE_GOLD_MED,
stt2,page_0310,3,10,chốc,祀,祝,U+795D,0.9114,True,RESCUE_GOLD_HIGH,
stt2,page_0310,3,11,nước,既,昆,U+6606,0.1962,False,NOT_IN_DICT,
stt2,page_0310,3,14,rượu,醋,贖,U+8D16,0.4007,False,NOT_IN_DICT,
stt2,page_0310,3,19,đội,陈,隊,U+968A,0.6701,True,RESCUE_LOW_CONF,
stt2,page_0310,5,5,trời,莽,𡗶,U+215F6,0.4305,True,RESCUE_LOW_CONF,
stt2,page_0310,6,2,ê,喉,依,U+4F9D,0.1491,True,RESCUE_LOW_CONF,
stt2,page_0310,7,0,ong,并,翁,U+7FC1,0.4147,True,RESCUE_LOW_CONF,
stt2,page_0310,7,3,hai,巧,迈,U+8FC8,0.9043,False,NOT_IN_DICT,
stt2,page_0310,7,4,mươi,苦,咍,U+548D,0.124,False,NOT_IN_DICT,
stt2,page_0310,7,14,lang,陵,皮,U+76AE,0.1361,False,NOT_IN_DICT,
stt2,page_0310,7,17,mẹ,堠,燒,U+71D2,0.058,False,NOT_IN_DICT,
stt2,page_0310,7,18,người,爭,𠊚,U+2029A,0.9909,True,RESCUE_GOLD_HIGH,
stt2,page_0310,8,0,chịu,丑,召,U+53EC,0.9256,True,RESCUE_GOLD_HIGH,
stt2,page_0310,8,1,thai,脇,時,U+6642,0.3072,False,NOT_IN_DICT,
stt2,page_0310,8,3,xem,体,体,U+4F53,0.9702,False,NOT_IN_DICT,
stt2,page_0310,8,4,thấy,𬒳,袩,U+88A9,0.2021,False,NOT_IN_DICT,
stt2,page_0310,8,7,bay,邦,排,U+6392,0.0122,True,RESCUE_LOW_CONF,
stt2,page_0310,8,9,bay,邦,那,U+90A3,0.36,False,NOT_IN_DICT,
stt2,page_0310,8,11,trên,蕤,連,U+9023,0.1312,True,RESCUE_LOW_CONF,
stt2,page_0310,8,14,mừng,理,明,U+660E,0.5481,True,RESCUE_LOW_CONF,
stt2,page_0310,9,0,đẻ,膩,麻,U+9EBB,0.106,False,NOT_IN_DICT,
stt2,page_0310,9,1,thì,前,寺,U+5BFA,0.6826,True,RESCUE_LOW_CONF,
stt2,page_0310,9,8,mời,返,边,U+8FB9,0.2424,False,NOT_IN_DICT,
stt2,page_0310,9,9,một,妄,没,U+6CA1,0.1183,True,RESCUE_LOW_CONF,
stt2,page_0312,1,1,rằng,依,浪,U+6D6A,0.9628,True,RESCUE_GOLD_HIGH,
stt2,page_0312,1,2,chớ,传,渚,U+6E1A,0.3414,True,RESCUE_LOW_CONF,
stt2,page_0312,1,8,phải,帰,沛,U+6C9B,0.4352,True,RESCUE_LOW_CONF,
stt2,page_0312,1,19,trời,府,𡗶,U+215F6,0.0499,True,RESCUE_LOW_CONF,
stt2,page_0312,2,0,trước,呧,略,U+7565,0.2269,True,RESCUE_LOW_CONF,
stt2,page_0312,2,18,khéo,密,𠊚,U+2029A,0.6877,False,NOT_IN_DICT,
stt2,page_0312,2,19,lăm,濤,凜,U+51DC,0.6314,False,NOT_IN_DICT,
stt2,page_0312,3,0,vua,固,君,U+541B,0.2575,True,RESCUE_LOW_CONF,
stt2,page_0312,3,2,nước,活,渃,U+6E03,0.2069,True,RESCUE_LOW_CONF,
stt2,page_0312,3,3,ấv,氏,礼,U+793C,0.9743,False,NOT_IN_DICT,
stt2,page_0312,3,4,lấv,礼,礼,U+793C,0.9932,False,NOT_IN_DICT,
stt2,page_0312,3,6,am,語,寺,U+5BFA,0.2532,False,NOT_IN_DICT,
stt2,page_0312,3,11,vua,蜀,罰,U+7F70,0.1479,False,NOT_IN_DICT,
stt2,page_0312,3,12,phán,刑,那,U+90A3,0.0915,False,NOT_IN_DICT,
stt2,page_0312,3,22,lam,而,乄,U+4E44,0.1188,False,NOT_IN_DICT,
stt2,page_0312,4,1,lăm,陳,凜,U+51DC,0.3392,False,NOT_IN_DICT,
stt2,page_0312,4,4,khen,晉,眉,U+7709,0.125,False,NOT_IN_DICT,
stt2,page_0312,4,10,nhiêu,丿,於,U+65BC,0.0696,False,NOT_IN_DICT,
stt2,page_0312,4,19,hai,觉,咍,U+548D,0.1258,True,RESCUE_LOW_CONF,
stt2,page_0312,5,1,phải,𨸲,沛,U+6C9B,0.5039,True,RESCUE_LOW_CONF,
stt2,page_0312,5,6,gương,魏,義,U+7FA9,0.1867,False,NOT_IN_DICT,
stt2,page_0312,6,6,thương,併,伤,U+4F24,0.4704,True,RESCUE_LOW_CONF,
stt2,page_0312,8,15,xin,噴,嗔,U+55D4,0.3023,True,RESCUE_LOW_CONF,
stt2,page_0312,8,16,người,洎,閉,U+9589,0.2135,False,NOT_IN_DICT,
stt2,page_0312,8,19,của,舌,古,U+53E4,0.9632,True,RESCUE_GOLD_HIGH,
stt2,page_0312,9,7,hay,吃,咍,U+548D,0.0935,True,RESCUE_LOW_CONF,
stt2,page_0314,1,0,làm,乃,𥘉,U+25609,0.1095,False,NOT_IN_DICT,
stt2,page_0314,1,7,một,麗,没,U+6CA1,0.185,True,RESCUE_LOW_CONF,
stt2,page_0314,2,2,răng,偃,浪,U+6D6A,0.0071,True,RESCUE_LOW_CONF,
stt2,page_0314,2,5,tay,毸,把,U+628A,0.2866,False,NOT_IN_DICT,
stt2,page_0314,2,8,đá,殿,徳,U+5FB3,0.1565,False,NOT_IN_DICT,
stt2,page_0314,2,15,thì,酎,寺,U+5BFA,0.9397,True,RESCUE_GOLD_HIGH,
stt2,page_0314,2,17,hay,置,𠊚,U+2029A,0.6881,False,NOT_IN_DICT,
stt2,page_0314,3,2,thì,粛,寺,U+5BFA,0.0241,True,RESCUE_LOW_CONF,
stt2,page_0314,3,14,làm,夏,𠊚,U+2029A,0.196,False,NOT_IN_DICT,
stt2,page_0314,3,17,coi,兹,磊,U+78CA,0.2046,False,NOT_IN_DICT,
stt2,page_0314,3,18,một,喪,蔑,U+8511,0.3886,True,RESCUE_LOW_CONF,
stt2,page_0314,4,2,dù,曲,油,U+6CB9,0.7305,True,RESCUE_GOLD_MED,
stt2,page_0314,4,14,đức,佑,主,U+4E3B,0.4408,False,NOT_IN_DICT,
stt2,page_0314,5,1,khéo,𡧱,牢,U+7262,0.3591,False,NOT_IN_DICT,
stt2,page_0314,5,2,giảng,膈,講,U+8B1B,0.378,True,RESCUE_LOW_CONF,
stt2,page_0314,5,4,ngoan,項,補,U+88DC,0.1143,False,NOT_IN_DICT,
stt2,page_0314,5,15,chức,𣺌,聀,U+8040,0.2963,True,RESCUE_LOW_CONF,
stt2,page_0314,6,1,thay,出,台,U+53F0,0.0474,True,RESCUE_LOW_CONF,
stt2,page_0314,6,10,nhiều,少,召,U+53EC,0.0812,False,NOT_IN_DICT,
stt2,page_0314,6,16,nhiều,丶,特,U+7279,0.8427,False,NOT_IN_DICT,
stt2,page_0314,6,17,xác,嚴,爲,U+7232,0.0626,False,NOT_IN_DICT,
stt2,page_0314,6,22,hom,專,時,U+6642,0.1545,False,NOT_IN_DICT,
stt2,page_0314,7,10,chứa,盾,仍,U+4ECD,0.9825,False,NOT_IN_DICT,
stt2,page_0314,7,14,trinh,省,貞,U+8C9E,0.5827,True,RESCUE_LOW_CONF,
stt2,page_0314,7,19,mời,边,特,U+7279,0.5218,False,NOT_IN_DICT,
stt2,page_0314,8,11,don,迤,𠊚,U+2029A,0.6193,False,NOT_IN_DICT,
stt2,page_0314,8,15,đoạn,𮋒,断,U+65AD,0.5032,True,RESCUE_LOW_CONF,
stt2,page_0314,8,18,rửa,侣,𠊚,U+2029A,0.9623,False,NOT_IN_DICT,
stt2,page_0314,9,2,áo,𥚃,襖,U+8956,0.7208,True,RESCUE_GOLD_MED,
stt2,page_0314,9,5,hiền,者,賢,U+8CE2,0.0373,True,RESCUE_LOW_CONF,
stt2,page_0314,9,6,lành,荅,令,U+4EE4,0.6752,True,RESCUE_LOW_CONF,
stt2,page_0316,1,4,kia,萁,其,U+5176,0.9537,True,RESCUE_GOLD_HIGH,
stt2,page_0316,1,9,thì,𭁡,之,U+4E4B,0.51,False,NOT_IN_DICT,
stt2,page_0316,2,10,y,八,衣,U+8863,0.8104,True,RESCUE_GOLD_MED,
stt2,page_0316,3,8,và,容,喡,U+55A1,0.2052,True,RESCUE_LOW_CONF,
stt2,page_0316,3,13,thì,粛,魂,U+9B42,0.6245,False,NOT_IN_DICT,
stt2,page_0316,3,19,trên,率,連,U+9023,0.1379,True,RESCUE_LOW_CONF,
stt2,page_0316,5,13,sáu,𥝠,老,U+8001,0.0499,True,RESCUE_LOW_CONF,
stt2,page_0316,5,16,mươi,道,迈,U+8FC8,0.9573,True,RESCUE_GOLD_HIGH,
stt2,page_0316,6,0,hai,㕶,迈,U+8FC8,0.3439,False,NOT_IN_DICT,
stt2,page_0316,6,6,ông,𨦟,翁,U+7FC1,0.0697,True,RESCUE_LOW_CONF,
stt2,page_0316,7,7,ca,敬,歌,U+6B4C,0.2176,True,RESCUE_LOW_CONF,
stt2,page_0316,7,9,giê,伎,支,U+652F,0.5983,True,RESCUE_LOW_CONF,
stt2,page_0316,8,0,hay,噬,咍,U+548D,0.0904,True,RESCUE_LOW_CONF,
stt2,page_0316,8,17,nước,臨,渃,U+6E03,0.2337,True,RESCUE_LOW_CONF,
stt2,page_0316,9,0,i,依,徳,U+5FB3,0.2813,False,NOT_IN_DICT,
stt2,page_0316,9,10,a,问,阿,U+963F,0.5572,True,RESCUE_LOW_CONF,
stt2,page_0316,9,15,trăng,浪,道,U+9053,0.241,False,NOT_IN_DICT,
stt2,page_0318,1,10,không,𫞹,空,U+7A7A,0.2382,True,RESCUE_LOW_CONF,
stt2,page_0318,2,1,là,𦀇,号,U+53F7,0.0349,True,RESCUE_LOW_CONF,
stt2,page_0318,2,2,e,孽,𠊚,U+2029A,0.1827,False,NOT_IN_DICT,
stt2,page_0318,2,5,chi,艾,支,U+652F,0.3854,True,RESCUE_LOW_CONF,
stt2,page_0318,2,6,du,途,逹,U+9039,0.4119,False,NOT_IN_DICT,
stt2,page_0318,2,9,thật,腐,實,U+5BE6,0.4019,True,RESCUE_LOW_CONF,
stt2,page_0318,3,1,lời,剤,例,U+4F8B,0.2147,True,RESCUE_LOW_CONF,
stt2,page_0318,3,5,lê,恭,朱,U+6731,0.0769,False,NOT_IN_DICT,
stt2,page_0318,3,6,ong,揜,翁,U+7FC1,0.2587,True,RESCUE_LOW_CONF,
stt2,page_0318,3,13,se,獅,篩,U+7BE9,0.4261,False,NOT_IN_DICT,
stt2,page_0318,3,14,vil,為,為,U+70BA,0.9463,False,NOT_IN_DICT,
stt2,page_0318,3,15,a,異,昆,U+6606,0.2222,False,NOT_IN_DICT,
stt2,page_0318,4,6,thà,朝,南,U+5357,0.1293,False,NOT_IN_DICT,
stt2,page_0318,4,9,thà,赤,寺,U+5BFA,0.5409,False,NOT_IN_DICT,
stt2,page_0318,4,12,thật,疾,实,U+5B9E,0.1542,True,RESCUE_LOW_CONF,
stt2,page_0318,4,18,vậy,采,丕,U+4E15,0.9684,True,RESCUE_GOLD_HIGH,
stt2,page_0318,6,0,này,仁,尼,U+5C3C,0.8981,True,RESCUE_GOLD_HIGH,
stt2,page_0318,6,1,thì,𭐖,寺,U+5BFA,0.8782,True,RESCUE_GOLD_HIGH,
stt2,page_0318,6,9,xem,在,補,U+88DC,0.2828,False,NOT_IN_DICT,
stt2,page_0318,6,10,các,補,蘭,U+862D,0.0746,False,NOT_IN_DICT,
stt2,page_0318,6,15,hai,嗟,咍,U+548D,0.3013,True,RESCUE_LOW_CONF,
stt2,page_0318,6,16,sách,油,油,U+6CB9,0.1634,False,NOT_IN_DICT,
stt2,page_0318,7,17,gửi,汶,改,U+6539,0.9111,True,RESCUE_GOLD_HIGH,
stt2,page_0318,8,13,chăng,玉,生,U+751F,0.4539,True,RESCUE_LOW_CONF,
stt2,page_0318,8,16,sau,棲,楼,U+697C,0.6837,True,RESCUE_LOW_CONF,
stt2,page_0318,9,8,hơn,灰,欣,U+6B23,0.0955,True,RESCUE_LOW_CONF,
stt2,page_0318,9,11,ra,𬼘,時,U+6642,0.1427,False,NOT_IN_DICT,
stt2,page_0318,9,17,về,凼,𧗱,U+275F1,0.1985,True,RESCUE_LOW_CONF,
stt2,page_0320,1,8,du,每,礼,U+793C,0.9898,False,NOT_IN_DICT,
stt2,page_0320,1,15,lời,初,例,U+4F8B,0.0313,True,RESCUE_LOW_CONF,
stt2,page_0320,2,1,vua,胸,連,U+9023,0.0824,False,NOT_IN_DICT,
stt2,page_0320,2,2,thì,𭔹,寺,U+5BFA,0.9517,True,RESCUE_GOLD_HIGH,
stt2,page_0320,2,10,cười,唄,唭,U+552D,0.0828,True,RESCUE_LOW_CONF,
stt2,page_0320,2,11,thì,肅,寺,U+5BFA,0.3318,True,RESCUE_LOW_CONF,
stt2,page_0320,3,6,vua,育,君,U+541B,0.059,True,RESCUE_LOW_CONF,
stt2,page_0320,3,7,con,晃,昆,U+6606,0.8678,True,RESCUE_GOLD_HIGH,
stt2,page_0320,3,10,lời,剤,例,U+4F8B,0.1359,True,RESCUE_LOW_CONF,
stt2,page_0320,3,14,lời,崮,勧,U+52E7,0.2203,False,NOT_IN_DICT,
stt2,page_0320,4,3,họp,公,合,U+5408,0.0962,True,RESCUE_LOW_CONF,
stt2,page_0320,4,9,du,廷,其,U+5176,0.3714,False,NOT_IN_DICT,
stt2,page_0320,4,18,liên,逢,連,U+9023,0.7791,True,RESCUE_GOLD_MED,
stt2,page_0320,5,1,dối,衬,対,U+5BFE,0.8741,True,RESCUE_GOLD_HIGH,
stt2,page_0320,5,5,nước,匠,中,U+4E2D,0.0753,False,NOT_IN_DICT,
stt2,page_0320,5,6,1,依,仍,U+4ECD,0.1468,False,NOT_IN_DICT,
stt2,page_0320,5,8,nho,牙,葩,U+8469,0.6304,False,NOT_IN_DICT,
stt2,page_0320,5,10,còn,庠,群,U+7FA4,0.0447,True,RESCUE_LOW_CONF,
stt2,page_0320,5,17,rày,副,罰,U+7F70,0.3923,False,NOT_IN_DICT,
stt2,page_0320,5,18,vậv,丕,丕,U+4E15,0.502,False,NOT_IN_DICT,
stt2,page_0320,7,7,nước,侯,渃,U+6E03,0.0551,True,RESCUE_LOW_CONF,
stt2,page_0320,7,8,ấy,食,衣,U+8863,0.8342,True,RESCUE_GOLD_MED,
stt2,page_0320,7,14,r1,移,核,U+6838,0.5788,False,NOT_IN_DICT,
stt2,page_0320,7,15,0,烏,烏,U+70CF,0.5047,False,NOT_IN_DICT,
stt2,page_0320,7,18,làm,原,堂,U+5802,0.1167,False,NOT_IN_DICT,
stt2,page_0320,8,1,nước,侯,美,U+7F8E,0.1546,False,NOT_IN_DICT,
stt2,page_0320,8,8,ma,厯,麻,U+9EBB,0.1008,True,RESCUE_LOW_CONF,
stt2,page_0320,9,17,dọn,迄,尼,U+5C3C,0.0756,False,NOT_IN_DICT,
stt2,page_0322,1,8,thì,肅,寺,U+5BFA,0.7044,True,RESCUE_GOLD_MED,
stt2,page_0322,1,18,dạy,唯,曳,U+66F3,0.0284,True,RESCUE_LOW_CONF,
stt2,page_0322,2,3,đường,麁,唐,U+5510,0.6592,True,RESCUE_LOW_CONF,
stt2,page_0322,2,4,rồi,圖,浪,U+6D6A,0.2121,False,NOT_IN_DICT,
stt2,page_0322,2,7,đã,秪,糁,U+7CC1,0.1051,False,NOT_IN_DICT,
stt2,page_0322,2,8,mươi,反,皮,U+76AE,0.2667,False,NOT_IN_DICT,
stt2,page_0322,2,17,chẳng,庇,庄,U+5E84,0.4332,True,RESCUE_LOW_CONF,
stt2,page_0322,2,18,hay,𠮦,咍,U+548D,0.1581,True,RESCUE_LOW_CONF,
stt2,page_0322,3,1,trên,匙,連,U+9023,0.4143,True,RESCUE_LOW_CONF,
stt2,page_0322,3,9,đời,唯,代,U+4EE3,0.2598,True,RESCUE_LOW_CONF,
stt2,page_0322,3,16,sáu,巷,礼,U+793C,0.1306,False,NOT_IN_DICT,
stt2,page_0322,4,0,hai,徔,咍,U+548D,0.0577,True,RESCUE_LOW_CONF,
stt2,page_0322,4,1,mươi,廷,边,U+8FB9,0.165,False,NOT_IN_DICT,
stt2,page_0322,4,2,tam,撼,格,U+683C,0.1644,False,NOT_IN_DICT,
stt2,page_0322,4,5,rô,淳,𠊚,U+2029A,0.0997,False,NOT_IN_DICT,
stt2,page_0322,4,6,mông,虚,法,U+6CD5,0.3158,False,NOT_IN_DICT,
stt2,page_0322,4,15,là,署,𠊚,U+2029A,0.7636,False,NOT_IN_DICT,
stt2,page_0322,4,16,mười,廷,柴,U+67F4,0.0819,False,NOT_IN_DICT,
stt2,page_0322,4,17,tám,粧,尼,U+5C3C,0.1742,False,NOT_IN_DICT,
stt2,page_0322,4,18,tháng,偽,徳,U+5FB3,0.2901,False,NOT_IN_DICT,
stt2,page_0322,4,19,mười,廷,及,U+53CA,0.3437,False,NOT_IN_DICT,
stt2,page_0322,4,20,một,我,蔑,U+8511,0.1054,True,RESCUE_LOW_CONF,
stt2,page_0322,6,3,lăm,葉,遣,U+9063,0.0594,False,NOT_IN_DICT,
stt2,page_0322,6,6,ấy,食,衣,U+8863,0.5882,True,RESCUE_LOW_CONF,
stt2,page_0322,6,15,sinh,年,年,U+5E74,0.732,False,NOT_IN_DICT,
stt2,page_0322,6,16,nên,生,年,U+5E74,0.0241,True,RESCUE_LOW_CONF,
stt2,page_0322,7,0,muôn,口,内,U+5185,0.1429,False,NOT_IN_DICT,
stt2,page_0322,7,12,dù,迪,其,U+5176,0.9768,False,NOT_IN_DICT,
stt2,page_0322,8,6,nhà,遂,茹,U+8339,0.0492,True,RESCUE_LOW_CONF,
stt2,page_0322,8,10,nhà,应,茹,U+8339,0.1035,True,RESCUE_LOW_CONF,
stt2,page_0322,9,17,kẻ,凢,几,U+51E0,0.6292,True,RESCUE_LOW_CONF,
stt2,page_0324,1,11,dạy,升,吏,U+540F,0.6075,False,NOT_IN_DICT,
stt2,page_0324,1,19,ru,咄,由,U+7531,0.0587,True,RESCUE_LOW_CONF,
stt2,page_0324,2,11,vua,蟊,盃,U+76C3,0.1739,False,NOT_IN_DICT,
stt2,page_0324,3,6,chịu,丑,召,U+53EC,0.9066,True,RESCUE_GOLD_HIGH,
stt2,page_0324,3,11,ước,幻,約,U+7D04,0.5648,True,RESCUE_LOW_CONF,
stt2,page_0324,4,15,đầu,苦,几,U+51E0,0.3503,False,NOT_IN_DICT,
stt2,page_0324,5,1,day,作,代,U+4EE3,0.1955,False,NOT_IN_DICT,
stt2,page_0324,5,2,cởi,㑹,𨆝,U+2819D,0.3674,False,NOT_IN_DICT,
stt2,page_0324,5,5,buộc,㸦,外,U+5916,0.2859,False,NOT_IN_DICT,
stt2,page_0324,5,6,trói,誄,穌,U+7A4C,0.2776,False,NOT_IN_DICT,
stt2,page_0324,5,14,ong,仐,翁,U+7FC1,0.1355,True,RESCUE_LOW_CONF,
stt2,page_0324,6,11,một,夏,没,U+6CA1,0.0611,True,RESCUE_LOW_CONF,
stt2,page_0324,6,18,dạy,听,代,U+4EE3,0.1428,True,RESCUE_LOW_CONF,
stt2,page_0324,7,1,dây,銕,踈,U+8E08,0.047,False,NOT_IN_DICT,
stt2,page_0324,7,2,da,𦚂,𦝄,U+26744,0.4072,True,RESCUE_LOW_CONF,
stt2,page_0324,7,14,đoạn,殹,段,U+6BB5,0.309,True,RESCUE_LOW_CONF,
stt2,page_0324,8,0,dòng,准,准,U+51C6,0.4685,False,NOT_IN_DICT,
stt2,page_0324,8,1,dõi,囬,用,U+7528,0.3179,False,NOT_IN_DICT,
stt2,page_0324,8,14,thì,衛,市,U+5E02,0.9561,False,NOT_IN_DICT,
stt2,page_0326,1,11,hèn,國,困,U+56F0,0.5508,False,NOT_IN_DICT,
stt2,page_0326,1,12,lấy,伐,衣,U+8863,0.876,False,NOT_IN_DICT,
stt2,page_0326,1,19,kêu,斗,呌,U+544C,0.348,True,RESCUE_LOW_CONF,
stt2,page_0326,2,3,bụt,孝,孛,U+5B5B,0.2445,True,RESCUE_LOW_CONF,
stt2,page_0326,2,7,thăng,𡗚,吏,U+540F,0.1929,False,NOT_IN_DICT,
stt2,page_0326,2,10,ngươi,丐,仍,U+4ECD,0.0721,False,NOT_IN_DICT,
stt2,page_0326,3,3,thó,餘,蜍,U+870D,0.6824,False,NOT_IN_DICT,
stt2,page_0326,3,4,đoạn,險,段,U+6BB5,0.4817,True,RESCUE_LOW_CONF,
stt2,page_0326,3,5,trở,益,官,U+5B98,0.1683,False,NOT_IN_DICT,
stt2,page_0326,3,12,bay,𭠠,称,U+79F0,0.1383,False,NOT_IN_DICT,
stt2,page_0326,4,4,thăng,㐫,寺,U+5BFA,0.1155,False,NOT_IN_DICT,
stt2,page_0326,4,8,xem,祝,袩,U+88A9,0.2544,True,RESCUE_LOW_CONF,
stt2,page_0326,4,12,ngươi,丐,約,U+7D04,0.1625,False,NOT_IN_DICT,
stt2,page_0326,5,5,thịt,斕,馭,U+99AD,0.1389,False,NOT_IN_DICT,
stt2,page_0326,5,11,xương,冒,昌,U+660C,0.1336,True,RESCUE_LOW_CONF,
stt2,page_0326,5,16,ấy,瓜,衣,U+8863,0.8923,True,RESCUE_GOLD_HIGH,
stt2,page_0326,6,15,thì,静,寺,U+5BFA,0.917,True,RESCUE_GOLD_HIGH,
stt2,page_0326,6,18,hơn,破,欣,U+6B23,0.6787,True,RESCUE_LOW_CONF,
stt2,page_0326,7,0,nữa,𠀍,女,U+5973,0.8867,True,RESCUE_GOLD_HIGH,
stt2,page_0326,7,1,dù,佗,油,U+6CB9,0.5661,True,RESCUE_LOW_CONF,
stt2,page_0326,7,2,tôi,辟,碎,U+788E,0.9708,True,RESCUE_GOLD_HIGH,
stt2,page_0326,7,5,trông,卷,筭,U+7B6D,0.117,True,RESCUE_LOW_CONF,
stt2,page_0326,7,14,nhe,瑯,那,U+90A3,0.2103,False,NOT_IN_DICT,
stt2,page_0326,7,18,liệt,經,烈,U+70C8,0.0729,True,RESCUE_LOW_CONF,
stt2,page_0326,8,4,bởi,署,罢,U+7F62,0.2045,True,RESCUE_LOW_CONF,
stt2,page_0326,8,5,đẳng,養,奏,U+594F,0.4681,False,NOT_IN_DICT,
stt2,page_0326,8,7,muốn,扈,尼,U+5C3C,0.5531,False,NOT_IN_DICT,
stt2,page_0326,8,15,lối,隱,傷,U+50B7,0.3102,False,NOT_IN_DICT,
stt2,page_0326,8,17,phải,市,沛,U+6C9B,0.5623,True,RESCUE_LOW_CONF,
stt2,page_0326,9,0,hơn,坎,欣,U+6B23,0.744,True,RESCUE_GOLD_MED,
stt2,page_0326,9,2,đời,作,代,U+4EE3,0.7171,True,RESCUE_GOLD_MED,
stt2,page_0326,9,4,muôn,口,几,U+51E0,0.3181,False,NOT_IN_DICT,
stt2,page_0326,9,5,vàn,石,召,U+53EC,0.4124,False,NOT_IN_DICT,
stt2,page_0328,1,1,lời,剤,朗,U+6717,0.317,False,NOT_IN_DICT,
stt2,page_0328,1,7,da,勝,𦝄,U+26744,0.0236,True,RESCUE_LOW_CONF,
stt2,page_0328,1,10,đấm,窟,虖,U+8656,0.1311,False,NOT_IN_DICT,
stt2,page_0328,1,15,hai,當,咍,U+548D,0.3342,True,RESCUE_LOW_CONF,
stt2,page_0328,1,16,bên,廻,边,U+8FB9,0.0577,True,RESCUE_LOW_CONF,
stt2,page_0328,1,17,má,腸,明,U+660E,0.1381,False,NOT_IN_DICT,
stt2,page_0328,1,18,xẻ,俊,傷,U+50B7,0.1711,False,NOT_IN_DICT,
stt2,page_0328,1,19,ra,咢,曳,U+66F3,0.1153,False,NOT_IN_DICT,
stt2,page_0328,2,2,răng,豔,棱,U+68F1,0.1135,False,NOT_IN_DICT,
stt2,page_0328,2,4,liền,庭,連,U+9023,0.7341,True,RESCUE_GOLD_MED,
stt2,page_0328,2,7,đức,右,卢,U+5362,0.7079,False,NOT_IN_DICT,
stt2,page_0328,2,13,một,衆,固,U+56FA,0.71,False,NOT_IN_DICT,
stt2,page_0328,2,14,miệng,啣,賊,U+8CCA,0.1343,False,NOT_IN_DICT,
stt2,page_0328,3,7,rày,尼,尼,U+5C3C,0.9566,False,NOT_IN_DICT,
stt2,page_0328,3,10,càng,独,强,U+5F3A,0.1314,True,RESCUE_LOW_CONF,
stt2,page_0328,4,17,hỏi,将,每,U+6BCF,0.4104,True,RESCUE_LOW_CONF,
stt2,page_0328,5,0,thắng,𡗚,𤯝,U+24BDD,0.1634,True,RESCUE_LOW_CONF,
stt2,page_0328,5,6,hay,𫞹,咍,U+548D,0.0882,True,RESCUE_LOW_CONF,
stt2,page_0328,5,9,khác,條,恪,U+606A,0.5571,True,RESCUE_LOW_CONF,
stt2,page_0328,5,10,hơn,坡,欣,U+6B23,0.9612,True,RESCUE_GOLD_HIGH,
stt2,page_0328,5,11,thăng,㐫,吏,U+540F,0.7181,False,NOT_IN_DICT,
stt2,page_0328,5,17,babila,粤,𠊚,U+2029A,0.583,False,NOT_IN_DICT,
stt2,page_0328,5,20,mà,殊,麻,U+9EBB,0.4389,True,RESCUE_LOW_CONF,
stt2,page_0328,6,0,rằng,狼,浪,U+6D6A,0.9478,True,RESCUE_GOLD_HIGH,
stt2,page_0328,7,1,trọng,厘,重,U+91CD,0.8312,True,RESCUE_GOLD_MED,
stt2,page_0328,7,11,thăng,商,乳,U+4E73,0.7007,False,NOT_IN_DICT,
stt2,page_0328,8,2,rằng,懐,浪,U+6D6A,0.9103,True,RESCUE_GOLD_HIGH,
stt2,page_0328,8,3,me,奴,奴,U+5974,0.9709,False,NOT_IN_DICT,
stt2,page_0328,8,5,dạy,皆,双,U+53CC,0.5415,False,NOT_IN_DICT,
stt2,page_0328,8,8,bởi,丢,罢,U+7F62,0.2087,True,RESCUE_LOW_CONF,
stt2,page_0328,8,11,trời,尤,𡗶,U+215F6,0.443,True,RESCUE_LOW_CONF,
stt2,page_0328,8,12,day,作,代,U+4EE3,0.4224,False,NOT_IN_DICT,
stt2,page_0328,8,16,đòi,陈,連,U+9023,0.7554,False,NOT_IN_DICT,
stt2,page_0328,8,17,mẹ,奴,隊,U+968A,0.2094,False,NOT_IN_DICT,
stt2,page_0328,8,19,ra,𫤰,奴,U+5974,0.3557,False,NOT_IN_DICT,
stt2,page_0328,8,20,mà,殊,麻,U+9EBB,0.5766,True,RESCUE_LOW_CONF,
stt2,page_0328,9,1,con,晃,昆,U+6606,0.813,True,RESCUE_GOLD_MED,
stt2,page_0328,9,2,trước,肆,𠊚,U+2029A,0.0828,False,NOT_IN_DICT,
stt2,page_0328,9,11,rày,剗,創,U+5275,0.3726,False,NOT_IN_DICT,
stt2,page_0328,9,12,còn,痔,群,U+7FA4,0.7045,True,RESCUE_GOLD_MED,
stt2,page_0328,9,16,là,况,之,U+4E4B,0.9479,False,NOT_IN_DICT,
stt2,page_0328,9,17,khi,之,欺,U+6B3A,0.361,True,RESCUE_LOW_CONF,
stt2,page_0330,1,0,lớn,順,懶,U+61F6,0.9412,True,RESCUE_GOLD_HIGH,
stt2,page_0330,1,1,thì,澍,寺,U+5BFA,0.8995,True,RESCUE_GOLD_HIGH,
stt2,page_0330,1,2,bay,𭠠,称,U+79F0,0.1672,False,NOT_IN_DICT,
stt2,page_0330,1,12,hôn,鵞,昏,U+660F,0.3244,True,RESCUE_LOW_CONF,
stt2,page_0330,2,1,lên,逢,連,U+9023,0.9329,True,RESCUE_GOLD_HIGH,
stt2,page_0330,2,8,nữa,廿,女,U+5973,0.9473,True,RESCUE_GOLD_HIGH,
stt2,page_0330,2,10,dạy,件,体,U+4F53,0.5216,False,NOT_IN_DICT,
stt2,page_0330,2,12,lửa,隘,因,U+56E0,0.1957,False,NOT_IN_DICT,
stt2,page_0330,2,16,ném,騐,翁,U+7FC1,0.7244,False,NOT_IN_DICT,
stt2,page_0330,2,17,ông,躰,翁,U+7FC1,0.5945,True,RESCUE_LOW_CONF,
stt2,page_0330,3,0,mông,康,夢,U+5922,0.0622,True,RESCUE_LOW_CONF,
stt2,page_0330,3,3,hay,𫞹,召,U+53EC,0.138,False,NOT_IN_DICT,
stt2,page_0330,3,8,mưa,眉,湄,U+6E44,0.3138,True,RESCUE_LOW_CONF,
stt2,page_0330,3,11,đi,姿,迻,U+8FFB,0.058,True,RESCUE_LOW_CONF,
stt2,page_0330,3,17,răng,悢,浪,U+6D6A,0.9139,True,RESCUE_GOLD_HIGH,
stt2,page_0330,4,0,phù,斉,付,U+4ED8,0.1275,False,NOT_IN_DICT,
stt2,page_0330,4,3,thăng,有,渚,U+6E1A,0.2288,False,NOT_IN_DICT,
stt2,page_0330,4,13,đầu,𩔊,頭,U+982D,0.2652,True,RESCUE_LOW_CONF,
stt2,page_0330,4,15,thì,靜,寺,U+5BFA,0.8845,True,RESCUE_GOLD_HIGH,
stt2,page_0330,5,2,tấm,粧,糁,U+7CC1,0.173,True,RESCUE_LOW_CONF,
stt2,page_0330,5,9,lưới,祗,拮,U+62EE,0.8176,False,NOT_IN_DICT,
stt2,page_0330,5,19,phép,雲,法,U+6CD5,0.3909,True,RESCUE_LOW_CONF,
stt2,page_0330,6,0,vô,乞,先,U+5148,0.2407,False,NOT_IN_DICT,
stt2,page_0330,6,6,lưõi,祗,礼,U+793C,0.487,False,NOT_IN_DICT,
stt2,page_0330,6,13,trời,取,欣,U+6B23,0.8259,False,NOT_IN_DICT,
stt2,page_0330,6,14,hơn,散,欣,U+6B23,0.0331,True,RESCUE_LOW_CONF,
stt2,page_0330,6,15,khi,陣,賊,U+8CCA,0.0774,False,NOT_IN_DICT,
stt2,page_0330,6,16,trước,魍,調,U+8ABF,0.5307,False,NOT_IN_DICT,
stt2,page_0330,7,1,hổ,鹿,虎,U+864E,0.1171,True,RESCUE_LOW_CONF,
stt2,page_0330,7,2,ngươi,躬,几,U+51E0,0.2718,False,NOT_IN_DICT,
stt2,page_0330,7,5,chước,列,斫,U+65AB,0.0394,True,RESCUE_LOW_CONF,
stt2,page_0330,7,13,thắt,鉄,朱,U+6731,0.3752,False,NOT_IN_DICT,
stt2,page_0330,7,14,cổ,太,古,U+53E4,0.081,True,RESCUE_LOW_CONF,
stt2,page_0330,8,6,thì,翥,寺,U+5BFA,0.8515,True,RESCUE_GOLD_HIGH,
stt2,page_0330,8,8,lên,魁,連,U+9023,0.7451,True,RESCUE_GOLD_MED,
stt2,page_0330,9,13,tràm,森,浪,U+6D6A,0.547,False,NOT_IN_DICT,
stt4,page_0012,1,2,mông,要,夢,U+5922,0.2175,True,RESCUE_LOW_CONF,
stt4,page_0012,1,6,u,香,弄,U+5F04,0.1511,False,NOT_IN_DICT,
stt4,page_0012,2,6,nước,磊,渃,U+6E03,0.208,True,RESCUE_LOW_CONF,
stt4,page_0012,2,9,sa,居,抄,U+6284,0.0347,True,RESCUE_LOW_CONF,
stt4,page_0012,2,13,khi,敦,欺,U+6B3A,0.5744,True,RESCUE_LOW_CONF,
stt4,page_0012,2,18,thai,脫,罪,U+7F6A,0.0909,False,NOT_IN_DICT,
stt4,page_0012,3,0,mẹ,護,美,U+7F8E,0.097,True,RESCUE_LOW_CONF,
stt4,page_0012,3,12,con,崑,昆,U+6606,0.5307,True,RESCUE_LOW_CONF,
stt4,page_0012,3,16,mẹ,痍,美,U+7F8E,0.1351,True,RESCUE_LOW_CONF,
stt4,page_0012,3,19,con,具,昆,U+6606,0.0361,True,RESCUE_LOW_CONF,
stt4,page_0012,4,13,vậy,江,丕,U+4E15,0.62,True,RESCUE_LOW_CONF,
stt4,page_0012,5,5,con,崑,晜,U+665C,0.623,True,RESCUE_LOW_CONF,
stt4,page_0012,5,12,sau,隷,𠊚,U+2029A,0.2976,False,NOT_IN_DICT,
stt4,page_0012,5,20,nô,叔,奴,U+5974,0.9477,True,RESCUE_GOLD_HIGH,
stt4,page_0012,7,0,hai,𫞃,召,U+53EC,0.0701,False,NOT_IN_DICT,
stt4,page_0012,7,8,lần,產,饒,U+9952,0.9683,False,NOT_IN_DICT,
stt4,page_0012,7,9,song,取,吝,U+541D,0.7219,False,NOT_IN_DICT,
stt4,page_0012,7,14,sau,姜,婁,U+5A41,0.8405,True,RESCUE_GOLD_MED,
stt4,page_0012,7,21,và,壹,喡,U+55A1,0.3437,True,RESCUE_LOW_CONF,
stt4,page_0012,7,22,gánh,挫,㨂,U+3A02,0.5008,False,NOT_IN_DICT,
stt4,page_0012,8,1,nặng,義,曩,U+66E9,0.0914,True,RESCUE_LOW_CONF,
stt4,page_0012,8,8,hồn,𠷔,魂,U+9B42,0.4237,True,RESCUE_LOW_CONF,
stt4,page_0012,8,18,mà,本,麻,U+9EBB,0.6608,True,RESCUE_LOW_CONF,
stt4,page_0012,9,17,và,諱,喡,U+55A1,0.9624,True,RESCUE_GOLD_HIGH,
stt4,page_0012,9,18,cho,㸦,朱,U+6731,0.1946,True,RESCUE_LOW_CONF,
stt4,page_0014,1,7,mười,透,道,U+9053,0.075,False,NOT_IN_DICT,
stt4,page_0014,1,13,ma,慰,魔,U+9B54,0.4452,True,RESCUE_LOW_CONF,
stt4,page_0014,1,16,dô,牡,連,U+9023,0.1329,False,NOT_IN_DICT,
stt4,page_0014,2,9,vua,陶,拘,U+62D8,0.0702,False,NOT_IN_DICT,
stt4,page_0014,2,11,trị,应,治,U+6CBB,0.1163,True,RESCUE_LOW_CONF,
stt4,page_0014,2,23,giữ,俯,佇,U+4F47,0.0909,True,RESCUE_LOW_CONF,
stt4,page_0014,3,21,giục,迹,逐,U+9010,0.2543,True,RESCUE_LOW_CONF,
stt4,page_0014,4,9,lại,楚,吏,U+540F,0.7483,True,RESCUE_GOLD_MED,
stt4,page_0014,4,13,liên,逢,連,U+9023,0.0754,True,RESCUE_LOW_CONF,
stt4,page_0014,4,24,dau,勿,沙,U+6C99,0.1533,False,NOT_IN_DICT,
stt4,page_0014,5,13,cho,特,朱,U+6731,0.5094,True,RESCUE_LOW_CONF,
stt4,page_0014,5,14,được,朱,𠊚,U+2029A,0.1207,True,RESCUE_LOW_CONF,
stt4,page_0014,5,17,khác,隆,恪,U+606A,0.0791,True,RESCUE_LOW_CONF,
stt4,page_0014,6,0,sóc,朗,朔,U+6714,0.3002,True,RESCUE_LOW_CONF,
stt4,page_0014,6,11,xưng,存,称,U+79F0,0.4275,True,RESCUE_LOW_CONF,
stt4,page_0014,6,15,nước,缓,渃,U+6E03,0.8263,True,RESCUE_GOLD_MED,
stt4,page_0014,7,10,ga,捋,末,U+672B,0.3241,False,NOT_IN_DICT,
stt4,page_0014,7,11,ra,宗,囉,U+56C9,0.0689,True,RESCUE_LOW_CONF,
stt4,page_0014,7,12,sa,居,沙,U+6C99,0.0742,True,RESCUE_LOW_CONF,
stt4,page_0014,7,15,máu,抑,泖,U+6CD6,0.2186,True,RESCUE_LOW_CONF,
stt4,page_0014,8,3,đàn,犀,弹,U+5F39,0.0631,True,RESCUE_LOW_CONF,
stt4,page_0014,8,19,đàn,犀,碎,U+788E,0.1935,False,NOT_IN_DICT,
stt4,page_0014,8,20,bà,砲,如,U+5982,0.1423,False,NOT_IN_DICT,
stt4,page_0014,9,9,khỏi,魏,塊,U+584A,0.8171,True,RESCUE_GOLD_MED,
stt4,page_0014,9,13,khỏi,魄,塊,U+584A,0.6661,True,RESCUE_LOW_CONF,
stt4,page_0016,1,9,vu,干,尼,U+5C3C,0.1836,False,NOT_IN_DICT,
stt4,page_0016,1,11,nô,故,曰,U+66F0,0.4271,False,NOT_IN_DICT,
stt4,page_0016,2,3,sĩ,云,古,U+53E4,0.5331,False,NOT_IN_DICT,
stt4,page_0016,2,4,kia,𰥍,其,U+5176,0.2548,True,RESCUE_LOW_CONF,
stt4,page_0016,2,8,tốt,享,忌,U+5FCC,0.0538,False,NOT_IN_DICT,
stt4,page_0016,2,12,sống,航,𠊚,U+2029A,0.1382,False,NOT_IN_DICT,
stt4,page_0016,3,0,phạt,𦋺,罰,U+7F70,0.9685,True,RESCUE_GOLD_HIGH,
stt4,page_0016,3,2,địa,施,地,U+5730,0.8967,True,RESCUE_GOLD_HIGH,
stt4,page_0016,3,10,sáu,𧺫,老,U+8001,0.1423,True,RESCUE_LOW_CONF,
stt4,page_0016,3,11,bạn,件,折,U+6298,0.8007,False,NOT_IN_DICT,
stt4,page_0016,4,3,rồi,嬌,浪,U+6D6A,0.1742,False,NOT_IN_DICT,
stt4,page_0016,4,10,u,脊,娄,U+5A04,0.1225,False,NOT_IN_DICT,
stt4,page_0016,4,14,bảy,雲,補,U+88DC,0.7061,False,NOT_IN_DICT,
stt4,page_0016,5,2,ngày,胃,時,U+6642,0.0461,True,RESCUE_LOW_CONF,
stt4,page_0016,5,7,quỳ,兒,意,U+610F,0.9458,False,NOT_IN_DICT,
stt4,page_0016,5,14,núi,岩,罢,U+7F62,0.899,False,NOT_IN_DICT,
stt4,page_0016,5,18,ga,𭸟,朗,U+6717,0.9139,False,NOT_IN_DICT,
stt4,page_0016,5,19,tu,順,旦,U+65E6,0.9241,False,NOT_IN_DICT,
stt4,page_0016,6,10,ông,𫝹,時,U+6642,0.2692,False,NOT_IN_DICT,
stt4,page_0016,6,14,đi,孟,連,U+9023,0.1555,False,NOT_IN_DICT,
stt4,page_0016,6,22,đấv,帝,時,U+6642,0.91,False,NOT_IN_DICT,
stt4,page_0016,7,3,các,参,各,U+5404,0.9488,True,RESCUE_GOLD_HIGH,
stt4,page_0016,7,10,n,移,意,U+610F,0.0721,False,NOT_IN_DICT,
stt4,page_0016,7,11,long,童,𠊚,U+2029A,0.2496,False,NOT_IN_DICT,
stt4,page_0016,7,22,dày,益,帝,U+5E1D,0.8003,False,NOT_IN_DICT,
stt4,page_0016,8,7,cầu,未,多,U+591A,0.368,False,NOT_IN_DICT,
stt4,page_0016,8,8,cha,乞,求,U+6C42,0.3222,False,NOT_IN_DICT,
stt4,page_0016,8,13,mô,擾,包,U+5305,0.9668,False,NOT_IN_DICT,
stt4,page_0016,8,18,mẹ,漢,特,U+7279,0.4247,False,NOT_IN_DICT,
stt4,page_0016,9,6,can,千,干,U+5E72,0.1103,True,RESCUE_LOW_CONF,
stt4,page_0016,9,19,phúc,傷,𠊚,U+2029A,0.8142,False,NOT_IN_DICT,
stt4,page_0018,1,3,u,禹,圭,U+572D,0.2952,False,NOT_IN_DICT,
stt4,page_0018,1,6,tám,稽,楼,U+697C,0.1664,False,NOT_IN_DICT,
stt4,page_0018,1,7,mươi,遍,矯,U+77EF,0.1024,False,NOT_IN_DICT,
stt4,page_0018,1,11,ao,物,㓜,U+34DC,0.1141,True,RESCUE_LOW_CONF,
stt4,page_0018,1,17,tỏ,詐,訴,U+8A34,0.277,True,RESCUE_LOW_CONF,
stt4,page_0018,1,23,rước,鐔,綽,U+7DBD,0.0585,True,RESCUE_LOW_CONF,
stt4,page_0018,2,0,lên,逢,連,U+9023,0.8973,True,RESCUE_GOLD_HIGH,
stt4,page_0018,2,6,lạ,𮟃,邏,U+908F,0.1875,True,RESCUE_LOW_CONF,
stt4,page_0018,3,14,nghìn,叁,没,U+6CA1,0.4442,False,NOT_IN_DICT,
stt4,page_0018,4,1,hai,照,咍,U+548D,0.1236,True,RESCUE_LOW_CONF,
stt4,page_0018,4,7,la,呉,𠊚,U+2029A,0.1138,False,NOT_IN_DICT,
stt4,page_0018,5,6,ga,擿,物,U+7269,0.1925,False,NOT_IN_DICT,
stt4,page_0018,5,7,la,罡,罪,U+7F6A,0.2618,False,NOT_IN_DICT,
stt4,page_0018,5,15,cô,兹,姑,U+59D1,0.4515,True,RESCUE_LOW_CONF,
stt4,page_0018,6,12,sang,昆,郎,U+90CE,0.2709,True,RESCUE_LOW_CONF,
stt4,page_0018,8,5,họa,獨,禍,U+798D,0.1625,True,RESCUE_LOW_CONF,
stt4,page_0018,8,12,sáu,起,老,U+8001,0.2078,True,RESCUE_LOW_CONF,
stt4,page_0018,9,2,về,佳,命,U+547D,0.0817,False,NOT_IN_DICT,
stt4,page_0018,9,5,le,方,离,U+79BB,0.2548,True,RESCUE_LOW_CONF,
stt4,page_0018,9,6,no,故,奴,U+5974,0.9114,True,RESCUE_GOLD_HIGH,
stt4,page_0018,9,7,đầy,言,苔,U+82D4,0.0482,True,RESCUE_LOW_CONF,
stt4,page_0020,1,7,các,北,朱,U+6731,0.7232,False,NOT_IN_DICT,
stt4,page_0020,1,8,khác,猛,几,U+51E0,0.8818,False,NOT_IN_DICT,
stt4,page_0020,1,9,bắt,扵,扒,U+6252,0.1159,True,RESCUE_LOW_CONF,
stt4,page_0020,1,15,nhà,兩,如,U+5982,0.4092,True,RESCUE_LOW_CONF,
stt4,page_0020,2,13,rộng,隨,曠,U+66E0,0.063,True,RESCUE_LOW_CONF,
stt4,page_0020,2,14,song,坟,双,U+53CC,0.9523,True,RESCUE_GOLD_HIGH,
stt4,page_0020,2,15,le,淸,离,U+79BB,0.7097,True,RESCUE_GOLD_MED,
stt4,page_0020,2,19,cô,施,姑,U+59D1,0.5824,True,RESCUE_LOW_CONF,
stt4,page_0020,2,20,cả,奸,竒,U+7AD2,0.1377,True,RESCUE_LOW_CONF,
stt4,page_0020,3,3,giục,逃,逐,U+9010,0.541,True,RESCUE_LOW_CONF,
stt4,page_0020,3,7,lớn,頼,願,U+9858,0.12,False,NOT_IN_DICT,
stt4,page_0020,4,2,rộng,攓,曠,U+66E0,0.0572,True,RESCUE_LOW_CONF,
stt4,page_0020,4,9,hay,密,咍,U+548D,0.0192,True,RESCUE_LOW_CONF,
stt4,page_0020,4,19,bạc,为,泊,U+6CCA,0.8262,True,RESCUE_GOLD_MED,
stt4,page_0020,6,4,khiêm,謾,命,U+547D,0.0625,False,NOT_IN_DICT,
stt4,page_0020,6,5,nhường,裴,讓,U+8B93,0.2765,True,RESCUE_LOW_CONF,
stt4,page_0020,6,6,lắm,𫝗,凜,U+51DC,0.3802,True,RESCUE_LOW_CONF,
stt4,page_0020,8,6,nước,芳,渃,U+6E03,0.2659,True,RESCUE_LOW_CONF,
stt4,page_0020,8,8,si,分,乄,U+4E44,0.102,False,NOT_IN_DICT,
stt4,page_0020,8,9,li,府,离,U+79BB,0.7139,True,RESCUE_GOLD_MED,
stt4,page_0020,8,17,li,弱,离,U+79BB,0.2779,True,RESCUE_LOW_CONF,
stt4,page_0020,8,21,đò,疫,婆,U+5A46,0.0742,False,NOT_IN_DICT,
stt4,page_0020,9,8,vậy,近,把,U+628A,0.96,False,NOT_IN_DICT,
stt4,page_0020,9,12,giải,截,𧗱,U+275F1,0.1994,False,NOT_IN_DICT,
stt4,page_0020,9,13,trên,遠,創,U+5275,0.1848,False,NOT_IN_DICT,
stt4,page_0020,9,17,gây,德,礼,U+793C,0.4897,False,NOT_IN_DICT,
stt4,page_0022,1,2,nước,湯,渃,U+6E03,0.1333,True,RESCUE_LOW_CONF,
stt4,page_0022,1,3,chóng,據,埃,U+57C3,0.1834,False,NOT_IN_DICT,
stt4,page_0022,1,17,nơi,卷,尼,U+5C3C,0.8988,True,RESCUE_GOLD_HIGH,
stt4,page_0022,1,21,lò,炷,尼,U+5C3C,0.1773,False,NOT_IN_DICT,
stt4,page_0022,2,1,rã,𠯁,呂,U+5442,0.0452,True,RESCUE_LOW_CONF,
stt4,page_0022,2,8,lửa,燈,仍,U+4ECD,0.1472,False,NOT_IN_DICT,
stt4,page_0022,2,10,tay,君,腮,U+816E,0.4127,True,RESCUE_LOW_CONF,
stt4,page_0022,2,13,lò,娑,炉,U+7089,0.3667,True,RESCUE_LOW_CONF,
stt4,page_0022,3,15,phan,暦,渚,U+6E1A,0.0643,False,NOT_IN_DICT,
stt4,page_0022,3,17,cô,祐,姑,U+59D1,0.1781,True,RESCUE_LOW_CONF,
stt4,page_0022,4,7,một,淂,没,U+6CA1,0.6433,True,RESCUE_LOW_CONF,
stt4,page_0022,4,9,vôi,磴,無,U+7121,0.1781,False,NOT_IN_DICT,
stt4,page_0022,4,10,xức,飭,飭,U+98ED,0.347,False,NOT_IN_DICT,
stt4,page_0022,4,11,vào,危,尼,U+5C3C,0.8192,False,NOT_IN_DICT,
stt4,page_0022,4,14,và,肆,喡,U+55A1,0.8374,True,RESCUE_GOLD_MED,
stt4,page_0022,4,20,trán,𠍘,爲,U+7232,0.1527,False,NOT_IN_DICT,
stt4,page_0022,4,22,con,毘,昆,U+6606,0.0779,True,RESCUE_LOW_CONF,
stt4,page_0022,5,15,mà,准,麻,U+9EBB,0.9633,True,RESCUE_GOLD_HIGH,
stt4,page_0022,5,18,đức,𫣜,德,U+5FB7,0.5047,True,RESCUE_LOW_CONF,
stt4,page_0022,6,8,lạ,𠰥,各,U+5404,0.1142,False,NOT_IN_DICT,
stt4,page_0022,6,10,là,完,𠊚,U+2029A,0.1814,False,NOT_IN_DICT,
stt4,page_0022,7,3,viết,心,翁,U+7FC1,0.2889,False,NOT_IN_DICT,
stt4,page_0022,7,16,nha,最,如,U+5982,0.1574,True,RESCUE_LOW_CONF,
stt4,page_0022,8,14,đầy,為,四,U+56DB,0.1463,False,NOT_IN_DICT,
stt4,page_0022,8,15,tớ,呾,徳,U+5FB3,0.6419,False,NOT_IN_DICT,
stt4,page_0022,8,19,pha,今,事,U+4E8B,0.1411,False,NOT_IN_DICT,
stt4,page_0022,8,21,hôn,醫,𠊚,U+2029A,0.1347,False,NOT_IN_DICT,
stt4,page_0022,9,4,rằng,琅,浪,U+6D6A,0.9713,True,RESCUE_GOLD_HIGH,
stt4,page_0022,9,6,hôn,晉,意,U+610F,0.4035,False,NOT_IN_DICT,
stt4,page_0022,9,8,thầy,楽,柴,U+67F4,0.3274,True,RESCUE_LOW_CONF,
stt4,page_0024,2,11,thầy,莘,柴,U+67F4,0.8889,True,RESCUE_GOLD_HIGH,
stt4,page_0024,2,16,hay,次,咍,U+548D,0.112,True,RESCUE_LOW_CONF,
stt4,page_0024,2,17,hãm,消,𨺻,U+28EBB,0.6818,True,RESCUE_LOW_CONF,
stt4,page_0024,3,7,sốt,津,焠,U+7120,0.5404,True,RESCUE_LOW_CONF,
stt4,page_0024,3,17,sống,聶,寺,U+5BFA,0.3163,False,NOT_IN_DICT,
stt4,page_0024,3,19,đầy,看,麻,U+9EBB,0.986,False,NOT_IN_DICT,
stt4,page_0024,4,20,lụy,睪,累,U+7D2F,0.0504,True,RESCUE_LOW_CONF,
stt4,page_0024,5,5,hết,歜,歇,U+6B47,0.9139,True,RESCUE_GOLD_HIGH,
stt4,page_0024,5,20,quì,𭁵,跪,U+8DEA,0.8403,True,RESCUE_GOLD_MED,
stt4,page_0024,5,21,xuống,竁,意,U+610F,0.0767,False,NOT_IN_DICT,
stt4,page_0024,6,2,hôn,爵,翁,U+7FC1,0.697,False,NOT_IN_DICT,
stt4,page_0024,6,13,hôn,爾,寺,U+5BFA,0.1537,False,NOT_IN_DICT,
stt4,page_0024,7,6,hay,名,咍,U+548D,0.4619,True,RESCUE_LOW_CONF,
stt4,page_0024,7,12,nghi,古,吏,U+540F,0.9256,False,NOT_IN_DICT,
stt4,page_0024,7,15,lăm,厚,庄,U+5E84,0.6617,False,NOT_IN_DICT,
stt4,page_0024,8,3,nước,沅,渃,U+6E03,0.1923,True,RESCUE_LOW_CONF,
stt4,page_0024,8,4,pha,庵,葩,U+8469,0.7604,True,RESCUE_GOLD_MED,
stt4,page_0024,8,6,sa,𬼘,閉,U+9589,0.2108,False,NOT_IN_DICT,
stt4,page_0024,8,9,lu,户,卢,U+5362,0.8612,False,NOT_IN_DICT,
stt4,page_0024,8,12,mười,遭,邁,U+9081,0.6778,True,RESCUE_LOW_CONF,
stt4,page_0024,8,14,càng,埵,特,U+7279,0.1344,False,NOT_IN_DICT,
stt4,page_0024,8,18,phải,净,沛,U+6C9B,0.4969,True,RESCUE_LOW_CONF,
stt4,page_0024,8,22,khang,奎,庫,U+5EAB,0.7498,False,NOT_IN_DICT,
stt4,page_0024,9,3,đòi,𦀇,徳,U+5FB3,0.1006,False,NOT_IN_DICT,
stt4,page_0026,1,0,hãy,喉,唉,U+5509,0.1176,True,RESCUE_LOW_CONF,
stt4,page_0026,1,1,dọn,起,迍,U+8FCD,0.3687,True,RESCUE_LOW_CONF,
stt4,page_0026,1,8,các,令,歇,U+6B47,0.892,False,NOT_IN_DICT,
stt4,page_0026,1,13,sang,邱,爲,U+7232,0.2156,False,NOT_IN_DICT,
stt4,page_0026,1,17,vua,砜,旦,U+65E6,0.0733,False,NOT_IN_DICT,
stt4,page_0026,2,5,sống,祐,郎,U+90CE,0.2918,False,NOT_IN_DICT,
stt4,page_0026,2,6,chết,幷,折,U+6298,0.8422,True,RESCUE_GOLD_MED,
stt4,page_0026,2,12,thầy,菜,柴,U+67F4,0.9672,True,RESCUE_GOLD_HIGH,
stt4,page_0026,2,14,vê,倂,𧗱,U+275F1,0.7272,False,NOT_IN_DICT,
stt4,page_0026,3,14,lối,叟,明,U+660E,0.1197,False,NOT_IN_DICT,
stt4,page_0026,4,4,chi,丈,支,U+652F,0.8835,True,RESCUE_GOLD_HIGH,
stt4,page_0026,4,7,đầy,落,店,U+5E97,0.0739,False,NOT_IN_DICT,
stt4,page_0026,4,17,mốt,过,没,U+6CA1,0.2373,True,RESCUE_LOW_CONF,
stt4,page_0026,5,1,nghỉ,移,拙,U+62D9,0.288,False,NOT_IN_DICT,
stt4,page_0026,5,8,ngày,粤,别,U+522B,0.926,False,NOT_IN_DICT,
stt4,page_0026,5,23,doan,叚,段,U+6BB5,0.4434,False,NOT_IN_DICT,
stt4,page_0026,6,4,lối,貝,麻,U+9EBB,0.6938,False,NOT_IN_DICT,
stt4,page_0026,6,9,dạy,氏,代,U+4EE3,0.3148,True,RESCUE_LOW_CONF,
stt4,page_0026,6,11,sách,尊,噲,U+5672,0.1256,False,NOT_IN_DICT,
stt4,page_0026,6,15,su,敎,秋,U+79CB,0.689,True,RESCUE_LOW_CONF,
stt4,page_0026,6,18,mà,牟,麻,U+9EBB,0.9902,True,RESCUE_GOLD_HIGH,
stt4,page_0026,8,2,tôi,羣,碎,U+788E,0.7281,True,RESCUE_GOLD_MED,
stt4,page_0026,8,14,cất,按,拮,U+62EE,0.3982,True,RESCUE_LOW_CONF,
stt4,page_0026,8,18,thơm,喬,貪,U+8CAA,0.4143,True,RESCUE_LOW_CONF,
stt4,page_0026,9,7,đến,𡖋,旦,U+65E6,0.8933,True,RESCUE_GOLD_HIGH,
stt4,page_0026,9,8,sau,犁,連,U+9023,0.2772,False,NOT_IN_DICT,
stt4,page_0026,9,14,mười,遷,邁,U+9081,0.9836,True,RESCUE_GOLD_HIGH,
stt4,page_0028,2,5,ra,完,囉,U+56C9,0.098,True,RESCUE_LOW_CONF,
stt4,page_0028,2,13,nghìn,考,南,U+5357,0.9652,False,NOT_IN_DICT,
stt4,page_0028,3,0,mông,受,夢,U+5922,0.1807,True,RESCUE_LOW_CONF,
stt4,page_0028,4,6,si,櫛,篩,U+7BE9,0.8901,True,RESCUE_GOLD_HIGH,
stt4,page_0028,4,9,là,乇,我,U+6211,0.1914,False,NOT_IN_DICT,
stt4,page_0028,4,12,vì,𢘻,為,U+70BA,0.3725,True,RESCUE_LOW_CONF,
stt4,page_0028,5,8,ảnh,彰,影,U+5F71,0.6895,True,RESCUE_LOW_CONF,
stt4,page_0028,5,17,thờ,稌,生,U+751F,0.097,False,NOT_IN_DICT,
stt4,page_0028,5,22,trọng,至,重,U+91CD,0.8685,True,RESCUE_GOLD_HIGH,
stt4,page_0028,6,2,vua,翎,坦,U+5766,0.0807,False,NOT_IN_DICT,
stt4,page_0028,6,5,đường,房,唐,U+5510,0.657,True,RESCUE_LOW_CONF,
stt4,page_0028,6,19,chưng,銜,徵,U+5FB5,0.4204,True,RESCUE_LOW_CONF,
stt4,page_0028,7,3,xem,帖,意,U+610F,0.7905,False,NOT_IN_DICT,
stt4,page_0028,7,6,thầy,杀,柴,U+67F4,0.8623,True,RESCUE_GOLD_HIGH,
stt4,page_0028,7,8,nhà,爲,磊,U+78CA,0.0951,False,NOT_IN_DICT,
stt4,page_0028,7,10,thì,蚌,時,U+6642,0.896,True,RESCUE_GOLD_HIGH,
stt4,page_0028,7,14,thẳng,南,渚,U+6E1A,0.3764,False,NOT_IN_DICT,
stt4,page_0028,7,17,hiện,兇,几,U+51E0,0.0853,False,NOT_IN_DICT,
stt4,page_0028,7,18,đến,𡖋,旦,U+65E6,0.8636,True,RESCUE_GOLD_HIGH,
stt4,page_0028,8,1,và,麻,麻,U+9EBB,0.9742,False,NOT_IN_DICT,
stt4,page_0028,8,3,nó,时,奴,U+5974,0.8909,True,RESCUE_GOLD_HIGH,
stt4,page_0028,8,4,ra,器,加,U+52A0,0.0772,True,RESCUE_LOW_CONF,
stt4,page_0028,8,10,thì,彗,時,U+6642,0.5648,True,RESCUE_LOW_CONF,
stt4,page_0028,8,15,đỏ,诸,堵,U+5835,0.4846,True,RESCUE_LOW_CONF,
stt4,page_0028,9,1,xưa,効,𥘉,U+25609,0.1892,True,RESCUE_LOW_CONF,
stt4,page_0028,9,7,bởi,𠲘,罢,U+7F62,0.916,True,RESCUE_GOLD_HIGH,
stt4,page_0028,9,18,đòn,拖,極,U+6975,0.1149,False,NOT_IN_DICT,
stt4,page_0030,1,6,xem,般,於,U+65BC,0.2439,False,NOT_IN_DICT,
stt4,page_0030,1,23,phái,布,沛,U+6C9B,0.5794,True,RESCUE_LOW_CONF,
stt4,page_0030,2,1,nguyền,廟,願,U+9858,0.6232,True,RESCUE_LOW_CONF,
stt4,page_0030,2,7,xin,寞,真,U+771F,0.3372,True,RESCUE_LOW_CONF,
stt4,page_0030,2,13,liên,平,連,U+9023,0.2484,True,RESCUE_LOW_CONF,
stt4,page_0030,2,18,bà,净,連,U+9023,0.2149,False,NOT_IN_DICT,
stt4,page_0030,3,0,đau,妨,功,U+529F,0.1068,False,NOT_IN_DICT,
stt4,page_0030,3,4,mà,亦,麻,U+9EBB,0.8704,True,RESCUE_GOLD_HIGH,
stt4,page_0030,3,9,nơi,扈,尼,U+5C3C,0.8869,True,RESCUE_GOLD_HIGH,
stt4,page_0030,3,14,khỏi,眾,塊,U+584A,0.3734,True,RESCUE_LOW_CONF,
stt4,page_0030,3,18,này,在,尼,U+5C3C,0.802,True,RESCUE_GOLD_MED,
stt4,page_0030,4,16,hai,後,咍,U+548D,0.0922,True,RESCUE_LOW_CONF,
stt4,page_0030,4,19,đá,侵,多,U+591A,0.1151,True,RESCUE_LOW_CONF,
stt4,page_0030,4,20,đến,之,旦,U+65E6,0.9561,True,RESCUE_GOLD_HIGH,
stt4,page_0030,4,21,gấu,攝,檑,U+6A91,0.0745,False,NOT_IN_DICT,
stt4,page_0030,5,7,này,因,尼,U+5C3C,0.1963,True,RESCUE_LOW_CONF,
stt4,page_0030,6,1,hôm,欲,歆,U+6B46,0.4169,True,RESCUE_LOW_CONF,
stt4,page_0030,6,9,si,管,翁,U+7FC1,0.0774,False,NOT_IN_DICT,
stt4,page_0030,6,19,nước,厨,渃,U+6E03,0.1115,True,RESCUE_LOW_CONF,
stt4,page_0030,6,21,si,爹,多,U+591A,0.1008,False,NOT_IN_DICT,
stt4,page_0030,7,4,đốc,𫠉,㐌,U+340C,0.3476,False,NOT_IN_DICT,
stt4,page_0030,7,13,vì,𫠓,爲,U+7232,0.9774,True,RESCUE_GOLD_HIGH,
stt4,page_0030,7,20,và,甞,喡,U+55A1,0.701,True,RESCUE_GOLD_MED,
stt4,page_0030,8,0,dạy,氏,代,U+4EE3,0.6542,True,RESCUE_LOW_CONF,
stt4,page_0030,8,1,dô,牡,杜,U+675C,0.104,False,NOT_IN_DICT,
stt4,page_0030,8,6,đường,虎,唐,U+5510,0.7198,True,RESCUE_GOLD_MED,
stt4,page_0030,8,18,anh,奕,英,U+82F1,0.3678,True,RESCUE_LOW_CONF,
stt4,page_0030,8,21,lê,臻,黎,U+9ECE,0.917,True,RESCUE_GOLD_HIGH,
stt4,page_0030,9,0,cùng,委,共,U+5171,0.927,True,RESCUE_GOLD_HIGH,
stt4,page_0032,1,13,sau,起,尼,U+5C3C,0.3417,False,NOT_IN_DICT,
stt4,page_0032,1,17,nhăm,林,林,U+6797,0.9447,False,NOT_IN_DICT,
stt4,page_0032,2,1,bon,采,畧,U+7567,0.1319,False,NOT_IN_DICT,
stt4,page_0032,2,9,bà,施,把,U+628A,0.2991,True,RESCUE_LOW_CONF,
stt4,page_0032,2,11,này,已,尼,U+5C3C,0.9325,True,RESCUE_GOLD_HIGH,
stt4,page_0032,2,12,mồng,受,尼,U+5C3C,0.6028,False,NOT_IN_DICT,
stt4,page_0032,2,13,hai,次,咍,U+548D,0.0484,True,RESCUE_LOW_CONF,
stt4,page_0032,2,14,tháng,僃,倘,U+5018,0.7765,True,RESCUE_GOLD_MED,
stt4,page_0032,3,3,giu,疆,樞,U+6A1E,0.7451,False,NOT_IN_DICT,
stt4,page_0032,3,9,hế,條,係,U+4FC2,0.7021,False,NOT_IN_DICT,
stt4,page_0032,3,12,đến,竺,旦,U+65E6,0.6565,True,RESCUE_LOW_CONF,
stt4,page_0032,3,13,mùa,各,各,U+5404,0.536,False,NOT_IN_DICT,
stt4,page_0032,3,15,chay,拳,蚤,U+86A4,0.1043,False,NOT_IN_DICT,
stt4,page_0032,5,1,hai,院,咍,U+548D,0.4277,True,RESCUE_LOW_CONF,
stt4,page_0032,5,3,ngày,冒,時,U+6642,0.0059,True,RESCUE_LOW_CONF,
stt4,page_0032,5,6,rừng,㧞,棱,U+68F1,0.838,True,RESCUE_GOLD_MED,
stt4,page_0032,5,18,đen,𩔊,顛,U+985B,0.4146,True,RESCUE_LOW_CONF,
stt4,page_0032,6,4,trắng,牡,杜,U+675C,0.1935,False,NOT_IN_DICT,
stt4,page_0032,6,10,chạy,衆,蒸,U+84B8,0.2796,False,NOT_IN_DICT,
stt4,page_0032,6,13,xem,佐,店,U+5E97,0.2349,False,NOT_IN_DICT,
stt4,page_0032,6,20,nhọc,唇,辱,U+8FB1,0.2013,True,RESCUE_LOW_CONF,
stt4,page_0032,8,1,hỏi,畮,每,U+6BCF,0.9176,True,RESCUE_GOLD_HIGH,
stt4,page_0032,8,6,chớ,耇,渚,U+6E1A,0.0977,True,RESCUE_LOW_CONF,
stt4,page_0032,8,7,sợ,惲,𢜝,U+2271D,0.6753,True,RESCUE_LOW_CONF,
stt4,page_0032,8,13,mới,貫,買,U+8CB7,0.3517,True,RESCUE_LOW_CONF,
stt4,page_0032,8,17,đàn,庫,庫,U+5EAB,0.5909,False,NOT_IN_DICT,
stt4,page_0032,8,18,chắng,全,庄,U+5E84,0.5493,False,NOT_IN_DICT,
stt4,page_0032,9,1,thầy,築,柴,U+67F4,0.8906,True,RESCUE_GOLD_HIGH,
stt4,page_0032,9,2,chớ,湯,渚,U+6E1A,0.9524,True,RESCUE_GOLD_HIGH,
stt4,page_0034,1,5,che,伎,枝,U+679D,0.0548,True,RESCUE_LOW_CONF,
stt4,page_0034,2,10,thầy,楽,柴,U+67F4,0.5208,True,RESCUE_LOW_CONF,
stt4,page_0034,3,7,le,済,离,U+79BB,0.8218,True,RESCUE_GOLD_MED,
stt4,page_0034,3,13,rằng,俟,浪,U+6D6A,0.0387,True,RESCUE_LOW_CONF,
stt4,page_0034,3,20,thầy,孝,柴,U+67F4,0.0783,True,RESCUE_LOW_CONF,
stt4,page_0034,4,3,đâu,焭,兜,U+515C,0.3247,True,RESCUE_LOW_CONF,
stt4,page_0034,4,17,nói,的,呐,U+5450,0.8032,True,RESCUE_GOLD_MED,
stt4,page_0034,5,0,trời,前,𡗶,U+215F6,0.2259,True,RESCUE_LOW_CONF,
stt4,page_0034,5,22,bà,𡚱,把,U+628A,0.8863,True,RESCUE_GOLD_HIGH,
stt4,page_0034,6,7,cầu,群,欺,U+6B3A,0.2213,False,NOT_IN_DICT,
stt4,page_0034,6,12,xã,绝,𠊚,U+2029A,0.9811,False,NOT_IN_DICT,
stt4,page_0034,6,13,quì,連,跪,U+8DEA,0.0397,True,RESCUE_LOW_CONF,
stt4,page_0034,6,14,trên,空,連,U+9023,0.9052,True,RESCUE_GOLD_HIGH,
stt4,page_0034,6,17,như,固,固,U+56FA,0.7333,False,NOT_IN_DICT,
stt4,page_0034,6,18,chắc,殻,殼,U+6BBC,0.5718,False,NOT_IN_DICT,
stt4,page_0034,6,19,thịt,𩔊,於,U+65BC,0.0967,False,NOT_IN_DICT,
stt4,page_0034,7,14,hỏi,要,每,U+6BCF,0.3001,True,RESCUE_LOW_CONF,
stt4,page_0034,7,20,trị,沉,沛,U+6C9B,0.459,False,NOT_IN_DICT,
stt4,page_0034,8,19,thầy,聖,柴,U+67F4,0.6527,True,RESCUE_LOW_CONF,
stt4,page_0034,9,15,ai,矣,埃,U+57C3,0.258,True,RESCUE_LOW_CONF,
stt4,page_0036,1,8,hay,物,咍,U+548D,0.11,True,RESCUE_LOW_CONF,
stt4,page_0036,2,7,hỏi,要,每,U+6BCF,0.2377,True,RESCUE_LOW_CONF,
stt4,page_0036,2,16,giục,連,逐,U+9010,0.239,True,RESCUE_LOW_CONF,
stt4,page_0036,3,2,là,𠕷,罢,U+7F62,0.1756,False,NOT_IN_DICT,
stt4,page_0036,3,14,tôi,磾,碎,U+788E,0.7892,True,RESCUE_GOLD_MED,
stt4,page_0036,3,15,sa,妙,沙,U+6C99,0.1811,True,RESCUE_LOW_CONF,
stt4,page_0036,3,18,đã,走,㐌,U+340C,0.7588,True,RESCUE_GOLD_MED,
stt4,page_0036,4,9,nước,厉,渃,U+6E03,0.3293,True,RESCUE_LOW_CONF,
stt4,page_0036,4,11,gi,主,支,U+652F,0.8382,False,NOT_IN_DICT,
stt4,page_0036,4,12,tô,鉌,穌,U+7A4C,0.6758,True,RESCUE_LOW_CONF,
stt4,page_0036,4,17,hai,吃,咍,U+548D,0.0943,True,RESCUE_LOW_CONF,
stt4,page_0036,4,18,tuổi,昏,歳,U+6B73,0.375,True,RESCUE_LOW_CONF,
stt4,page_0036,5,7,làm,彡,𠊚,U+2029A,0.0861,False,NOT_IN_DICT,
stt4,page_0036,5,13,mười,萬,邁,U+9081,0.0584,True,RESCUE_LOW_CONF,
stt4,page_0036,5,17,sau,麦,婁,U+5A41,0.9174,True,RESCUE_GOLD_HIGH,
stt4,page_0036,6,0,trầy,祧,礼,U+793C,0.8675,False,NOT_IN_DICT,
stt4,page_0036,6,7,kính,敵,敬,U+656C,0.9442,True,RESCUE_GOLD_HIGH,
stt4,page_0036,6,8,lạy,祧,礼,U+793C,0.6117,True,RESCUE_LOW_CONF,
stt4,page_0036,6,9,ngày,䓁,時,U+6642,0.2416,True,RESCUE_LOW_CONF,
stt4,page_0036,7,2,đến,㝎,旦,U+65E6,0.8633,True,RESCUE_GOLD_HIGH,
stt4,page_0036,7,13,với,见,貝,U+8C9D,0.2155,True,RESCUE_LOW_CONF,
stt4,page_0036,7,15,le,清,离,U+79BB,0.8077,True,RESCUE_GOLD_MED,
stt4,page_0036,7,17,lần,多,各,U+5404,0.5968,True,RESCUE_LOW_CONF,
stt4,page_0036,8,6,thấv,体,体,U+4F53,0.9576,False,NOT_IN_DICT,
stt4,page_0036,8,8,làm,分,乄,U+4E44,0.012,True,RESCUE_LOW_CONF,
stt4,page_0036,8,10,tôi,犀,庫,U+5EAB,0.2922,False,NOT_IN_DICT,
stt4,page_0036,8,12,ngươi,㸃,鬼,U+9B3C,0.1301,False,NOT_IN_DICT,
stt4,page_0036,8,14,xem,他,袩,U+88A9,0.1936,True,RESCUE_LOW_CONF,
stt4,page_0036,8,17,cửa,夅,㪯,U+3AAF,0.4127,True,RESCUE_LOW_CONF,
stt4,page_0036,9,14,là,用,罪,U+7F6A,0.1363,False,NOT_IN_DICT,
stt4,page_0036,9,15,do,序,沛,U+6C9B,0.2124,False,NOT_IN_DICT,
stt4,page_0036,9,16,dáy,銭,强,U+5F3A,0.1685,False,NOT_IN_DICT,
stt4,page_0036,9,18,đáng,蓄,當,U+7576,0.2694,True,RESCUE_LOW_CONF,
stt4,page_0038,2,1,nay,花,尼,U+5C3C,0.8237,True,RESCUE_GOLD_MED,
stt4,page_0038,2,11,làm,朱,朱,U+6731,0.9889,False,NOT_IN_DICT,
stt4,page_0038,2,12,mất,未,末,U+672B,0.734,True,RESCUE_GOLD_MED,
stt4,page_0038,2,17,khác,偹,恪,U+606A,0.8748,True,RESCUE_GOLD_HIGH,
stt4,page_0038,2,20,như,机,如,U+5982,0.2098,True,RESCUE_LOW_CONF,
stt4,page_0038,2,21,lưới,貍,理,U+7406,0.08,False,NOT_IN_DICT,
stt4,page_0038,3,3,nhiều,黄,饒,U+9952,0.2262,True,RESCUE_LOW_CONF,
stt4,page_0038,3,5,hồn,怱,魂,U+9B42,0.2942,True,RESCUE_LOW_CONF,
stt4,page_0038,3,14,mẹ,磎,唉,U+5509,0.2406,False,NOT_IN_DICT,
stt4,page_0038,3,19,xem,枯,枯,U+67AF,0.3054,False,NOT_IN_DICT,
stt4,page_0038,4,20,dốc,焉,篤,U+7BE4,0.0233,True,RESCUE_LOW_CONF,
stt4,page_0038,5,5,xin,值,嗔,U+55D4,0.0631,True,RESCUE_LOW_CONF,
stt4,page_0038,5,10,câu,物,礼,U+793C,0.9474,False,NOT_IN_DICT,
stt4,page_0038,5,23,ăn,女,安,U+5B89,0.8812,True,RESCUE_GOLD_HIGH,
stt4,page_0038,6,8,rằng,俊,浪,U+6D6A,0.8972,True,RESCUE_GOLD_HIGH,
stt4,page_0038,6,13,tôi,羣,碎,U+788E,0.9121,True,RESCUE_GOLD_HIGH,
stt4,page_0038,6,18,lìa,禹,离,U+79BB,0.1183,True,RESCUE_LOW_CONF,
stt4,page_0038,6,19,thói,里,退,U+9000,0.0782,True,RESCUE_LOW_CONF,
stt4,page_0038,7,3,như,叔,如,U+5982,0.8431,True,RESCUE_GOLD_MED,
stt4,page_0038,7,10,tiếng,約,省,U+7701,0.0297,True,RESCUE_LOW_CONF,
stt4,page_0038,7,17,khỏi,嘐,塊,U+584A,0.5831,True,RESCUE_LOW_CONF,
stt4,page_0038,8,2,rối,𠁅,磊,U+78CA,0.0883,True,RESCUE_LOW_CONF,
stt4,page_0038,8,7,như,鼻,如,U+5982,0.7273,True,RESCUE_GOLD_MED,
stt4,page_0038,8,8,vậy,望,丕,U+4E15,0.6555,True,RESCUE_LOW_CONF,
stt4,page_0038,8,10,khỏi,恩,塊,U+584A,0.5782,True,RESCUE_LOW_CONF,
stt4,page_0038,9,3,chịu,易,召,U+53EC,0.8767,True,RESCUE_GOLD_HIGH,
stt4,page_0038,9,7,đoạn,受,段,U+6BB5,0.8506,True,RESCUE_GOLD_HIGH,
stt4,page_0038,9,11,rừng,菝,棱,U+68F1,0.7827,True,RESCUE_GOLD_MED,
stt4,page_0038,9,21,mươi,遭,邁,U+9081,0.9846,True,RESCUE_GOLD_HIGH,
stt4,page_0040,1,7,thân,粤,𠊚,U+2029A,0.199,False,NOT_IN_DICT,
stt4,page_0040,1,12,non,顯,甫,U+752B,0.0856,False,NOT_IN_DICT,
stt4,page_0040,1,17,rồi,為,朱,U+6731,0.1741,False,NOT_IN_DICT,
stt4,page_0040,2,3,nan,准,唯,U+552F,0.8591,False,NOT_IN_DICT,
stt4,page_0040,2,4,hiểm,淦,除,U+9664,0.4869,False,NOT_IN_DICT,
stt4,page_0040,2,18,chịu,𭐴,召,U+53EC,0.8555,True,RESCUE_GOLD_HIGH,
stt4,page_0040,2,20,khó,摩,庫,U+5EAB,0.6826,True,RESCUE_LOW_CONF,
stt4,page_0040,3,0,thay,舌,台,U+53F0,0.1137,True,RESCUE_LOW_CONF,
stt4,page_0040,3,13,huống,先,况,U+51B5,0.0446,True,RESCUE_LOW_CONF,
stt4,page_0040,3,14,lọ,啓,歇,U+6B47,0.0902,False,NOT_IN_DICT,
stt4,page_0040,4,5,khỏi,魏,塊,U+584A,0.5232,True,RESCUE_LOW_CONF,
stt4,page_0040,4,11,mưa,绢,法,U+6CD5,0.1638,False,NOT_IN_DICT,
stt4,page_0040,4,12,sa,活,命,U+547D,0.2366,False,NOT_IN_DICT,
stt4,page_0040,4,18,suối,顯,時,U+6642,0.1747,False,NOT_IN_DICT,
stt4,page_0040,4,20,rừng,㧞,棱,U+68F1,0.5677,True,RESCUE_LOW_CONF,
stt4,page_0040,4,21,nẻo,食,獣,U+7363,0.05,False,NOT_IN_DICT,
stt4,page_0040,5,4,lá,受,及,U+53CA,0.205,False,NOT_IN_DICT,
stt4,page_0040,5,9,tiếng,爾,省,U+7701,0.247,True,RESCUE_LOW_CONF,
stt4,page_0040,5,19,muông,穢,獄,U+7344,0.1534,False,NOT_IN_DICT,
stt4,page_0040,6,3,tiếng,蜀,省,U+7701,0.08,True,RESCUE_LOW_CONF,
stt4,page_0040,6,8,thảm,惓,恪,U+606A,0.4629,False,NOT_IN_DICT,
stt4,page_0040,6,17,qua,或,共,U+5171,0.9541,False,NOT_IN_DICT,
stt4,page_0040,6,18,già,秦,茶,U+8336,0.3078,True,RESCUE_LOW_CONF,
stt4,page_0040,6,19,chưa,堵,渚,U+6E1A,0.9695,True,RESCUE_GOLD_HIGH,
stt4,page_0040,6,20,đến,兒,旦,U+65E6,0.7881,True,RESCUE_GOLD_MED,
stt4,page_0040,7,6,thánh,星,堊,U+580A,0.043,True,RESCUE_LOW_CONF,
stt4,page_0040,7,8,đêm,居,店,U+5E97,0.2638,True,RESCUE_LOW_CONF,
stt4,page_0040,7,10,nhớ,玄,女,U+5973,0.7024,True,RESCUE_GOLD_MED,
stt4,page_0040,7,13,nước,妻,貴,U+8CB4,0.2457,False,NOT_IN_DICT,
stt4,page_0040,7,14,mắt,爱,渃,U+6E03,0.5168,False,NOT_IN_DICT,
stt4,page_0040,7,15,chảy,比,沚,U+6C9A,0.3508,True,RESCUE_LOW_CONF,
stt4,page_0040,9,1,mười,𨕙,邁,U+9081,0.9776,True,RESCUE_GOLD_HIGH,
stt4,page_0040,9,8,nọ,故,奴,U+5974,0.6056,True,RESCUE_LOW_CONF,
stt4,page_0040,9,13,quen,有,阿,U+963F,0.1907,False,NOT_IN_DICT,
stt4,page_0040,9,15,đến,𡖋,旦,U+65E6,0.7985,True,RESCUE_GOLD_MED,
stt4,page_0042,1,0,rừng,𥟀,棱,U+68F1,0.4508,True,RESCUE_LOW_CONF,
stt4,page_0042,1,4,đến,四,旦,U+65E6,0.7993,True,RESCUE_GOLD_MED,
stt4,page_0042,1,7,uống,吒,枉,U+6789,0.1153,True,RESCUE_LOW_CONF,
stt4,page_0042,1,11,nơi,忘,尼,U+5C3C,0.9377,True,RESCUE_GOLD_HIGH,
stt4,page_0042,1,12,vui,斵,断,U+65AD,0.2797,False,NOT_IN_DICT,
stt4,page_0042,1,13,vẻ,歿,彼,U+5F7C,0.1633,True,RESCUE_LOW_CONF,
stt4,page_0042,2,3,vậy,万,丕,U+4E15,0.3442,True,RESCUE_LOW_CONF,
stt4,page_0042,2,5,đã,𢖽,㐌,U+340C,0.9265,True,RESCUE_GOLD_HIGH,
stt4,page_0042,2,9,le,渴,离,U+79BB,0.5102,True,RESCUE_LOW_CONF,
stt4,page_0042,2,16,hộ,甕,没,U+6CA1,0.1214,False,NOT_IN_DICT,
stt4,page_0042,3,12,sau,巍,𧗱,U+275F1,0.7232,False,NOT_IN_DICT,
stt4,page_0042,3,16,trong,半,安,U+5B89,0.8469,False,NOT_IN_DICT,
stt4,page_0042,4,6,ấn,安,浪,U+6D6A,0.18,False,NOT_IN_DICT,
stt4,page_0042,4,10,sống,祐,末,U+672B,0.055,False,NOT_IN_DICT,
stt4,page_0042,4,13,mà,弃,麻,U+9EBB,0.965,True,RESCUE_GOLD_HIGH,
stt4,page_0042,4,20,mua,旗,謨,U+8B28,0.0985,True,RESCUE_LOW_CONF,
stt4,page_0042,5,3,đà,飢,饒,U+9952,0.6673,False,NOT_IN_DICT,
stt4,page_0042,5,13,miếng,泗,没,U+6CA1,0.6917,False,NOT_IN_DICT,
stt4,page_0042,5,20,cỏ,箸,柴,U+67F4,0.1498,False,NOT_IN_DICT,
stt4,page_0042,6,6,ăn,峻,安,U+5B89,0.3129,True,RESCUE_LOW_CONF,
stt4,page_0042,6,9,sốt,津,召,U+53EC,0.6027,False,NOT_IN_DICT,
stt4,page_0042,6,11,nắng,襄,召,U+53EC,0.6166,False,NOT_IN_DICT,
stt4,page_0042,6,13,mưa,蜀,愈,U+6108,0.551,False,NOT_IN_DICT,
stt4,page_0042,7,0,che,忮,枝,U+679D,0.7002,True,RESCUE_GOLD_MED,
stt4,page_0042,7,4,nát,𡰱,時,U+6642,0.6413,False,NOT_IN_DICT,
stt4,page_0042,7,7,mà,屏,麻,U+9EBB,0.0785,True,RESCUE_LOW_CONF,
stt4,page_0042,7,10,rừng,透,棱,U+68F1,0.521,True,RESCUE_LOW_CONF,
stt4,page_0042,7,12,nay,忌,尼,U+5C3C,0.7817,True,RESCUE_GOLD_MED,
stt4,page_0042,7,16,cô,肱,姑,U+59D1,0.0563,True,RESCUE_LOW_CONF,
stt4,page_0042,7,18,nhong,式,戎,U+620E,0.0256,True,RESCUE_LOW_CONF,
stt4,page_0042,7,19,xin,㜑,真,U+771F,0.3924,True,RESCUE_LOW_CONF,
stt4,page_0042,7,22,ngày,嚼,時,U+6642,0.4504,True,RESCUE_LOW_CONF,
stt4,page_0042,8,12,đem,宠,先,U+5148,0.3373,False,NOT_IN_DICT,
stt4,page_0042,8,13,cô,竝,姑,U+59D1,0.182,True,RESCUE_LOW_CONF,
stt4,page_0042,9,1,chịu,事,召,U+53EC,0.8426,True,RESCUE_GOLD_MED,
stt4,page_0044,1,0,su,嗽,秋,U+79CB,0.9051,True,RESCUE_GOLD_HIGH,
stt4,page_0044,1,1,đến,思,旦,U+65E6,0.9479,True,RESCUE_GOLD_HIGH,
stt4,page_0044,1,6,chưa,者,渚,U+6E1A,0.3337,True,RESCUE_LOW_CONF,
stt4,page_0044,1,10,thầy,茶,些,U+4E9B,0.2812,False,NOT_IN_DICT,
stt4,page_0044,1,12,nghi,古,盆,U+76C6,0.1687,False,NOT_IN_DICT,
stt4,page_0044,1,16,hay,名,時,U+6642,0.8442,False,NOT_IN_DICT,
stt4,page_0044,2,8,đến,竺,边,U+8FB9,0.4268,False,NOT_IN_DICT,
stt4,page_0044,2,18,mặt,殊,沫,U+6CAB,0.9276,False,NOT_IN_DICT,
stt4,page_0044,3,15,bà,圯,把,U+628A,0.0461,True,RESCUE_LOW_CONF,
stt4,page_0044,3,19,làm,氏,渚,U+6E1A,0.322,False,NOT_IN_DICT,
stt4,page_0044,4,0,thầy,藥,柴,U+67F4,0.1154,True,RESCUE_LOW_CONF,
stt4,page_0044,4,13,cả,晉,竒,U+7AD2,0.1585,True,RESCUE_LOW_CONF,
stt4,page_0044,4,15,hai,峻,咍,U+548D,0.8171,True,RESCUE_GOLD_MED,
stt4,page_0044,5,1,chịu,五,召,U+53EC,0.7868,True,RESCUE_GOLD_MED,
stt4,page_0044,5,16,khứng,者,意,U+610F,0.2549,False,NOT_IN_DICT,
stt4,page_0044,6,2,ơn,極,極,U+6975,0.8809,False,NOT_IN_DICT,
stt4,page_0044,6,3,cực,恩,恩,U+6069,0.7431,False,NOT_IN_DICT,
stt4,page_0044,6,8,chịu,𠯁,召,U+53EC,0.7878,True,RESCUE_GOLD_MED,
stt4,page_0044,6,10,hơn,攵,欣,U+6B23,0.5695,True,RESCUE_LOW_CONF,
stt4,page_0044,6,18,quen,陶,沛,U+6C9B,0.1422,False,NOT_IN_DICT,
stt4,page_0044,6,19,vì,吿,爲,U+7232,0.6421,True,RESCUE_LOW_CONF,
stt4,page_0044,7,0,0000000000,用,用,U+7528,0.5214,False,NOT_IN_DICT,
stt4,page_0044,7,1,t,但,旦,U+65E6,0.9106,False,NOT_IN_DICT,
stt4,page_0044,7,2,thuì,等,寺,U+5BFA,0.5738,False,NOT_IN_DICT,
stt4,page_0044,7,9,lâu,接,楼,U+697C,0.7532,True,RESCUE_GOLD_MED,
stt4,page_0044,7,13,miếng,四,呐,U+5450,0.0879,False,NOT_IN_DICT,
stt4,page_0044,7,14,vậy,足,丕,U+4E15,0.5362,True,RESCUE_LOW_CONF,
stt4,page_0044,7,19,xin,值,填,U+586B,0.4,True,RESCUE_LOW_CONF,
stt4,page_0044,8,6,nơi,花,尼,U+5C3C,0.7556,True,RESCUE_GOLD_MED,
stt4,page_0044,8,14,rừng,𥟀,棱,U+68F1,0.5326,True,RESCUE_LOW_CONF,
stt4,page_0044,8,16,thầy,亲,柴,U+67F4,0.682,True,RESCUE_LOW_CONF,
stt4,page_0044,8,18,nhà,应,如,U+5982,0.4106,True,RESCUE_LOW_CONF,
stt4,page_0044,8,19,giữ,将,佇,U+4F47,0.055,True,RESCUE_LOW_CONF,
stt4,page_0044,8,20,lời,厕,魂,U+9B42,0.0794,False,NOT_IN_DICT,
stt4,page_0044,9,3,răng,限,浪,U+6D6A,0.8835,True,RESCUE_GOLD_HIGH,
stt4,page_0044,9,6,rừng,陵,稜,U+7A1C,0.0573,True,RESCUE_LOW_CONF,
stt4,page_0044,9,12,rạp,猟,慄,U+6144,0.1489,False,NOT_IN_DICT,
stt4,page_0044,9,15,nẻo,長,烏,U+70CF,0.4114,False,NOT_IN_DICT,
stt4,page_0044,9,16,nào,帝,市,U+5E02,0.9483,True,RESCUE_GOLD_HIGH,
stt4,page_0046,1,10,bà,蛇,把,U+628A,0.5755,True,RESCUE_LOW_CONF,
stt4,page_0046,1,13,một,陞,没,U+6CA1,0.8025,True,RESCUE_GOLD_MED,
stt4,page_0046,1,14,lần,戔,吝,U+541D,0.6805,True,RESCUE_LOW_CONF,
stt4,page_0046,1,15,nữa,如,女,U+5973,0.2168,True,RESCUE_LOW_CONF,
stt4,page_0046,1,17,tôi,倬,碎,U+788E,0.9082,True,RESCUE_GOLD_HIGH,
stt4,page_0046,1,20,tìm,喜,尋,U+5C0B,0.93,True,RESCUE_GOLD_HIGH,
stt4,page_0046,1,21,đâu,太,欣,U+6B23,0.2182,False,NOT_IN_DICT,
stt4,page_0046,2,0,đang,𮧯,當,U+7576,0.365,True,RESCUE_LOW_CONF,
stt4,page_0046,2,1,khi,实,欺,U+6B3A,0.2788,True,RESCUE_LOW_CONF,
stt4,page_0046,2,9,ánh,猴,固,U+56FA,0.5182,False,NOT_IN_DICT,
stt4,page_0046,2,13,như,机,如,U+5982,0.6536,True,RESCUE_LOW_CONF,
stt4,page_0046,3,6,người,喜,𠊚,U+2029A,0.6454,True,RESCUE_LOW_CONF,
stt4,page_0046,3,13,thầy,子,柴,U+67F4,0.5049,True,RESCUE_LOW_CONF,
stt4,page_0046,3,20,biết,創,别,U+522B,0.7393,True,RESCUE_GOLD_MED,
stt4,page_0046,4,9,có,涸,固,U+56FA,0.781,True,RESCUE_GOLD_MED,
stt4,page_0046,4,21,thầy,桒,柴,U+67F4,0.264,True,RESCUE_LOW_CONF,
stt4,page_0046,5,1,si,舊,模,U+6A21,0.1849,False,NOT_IN_DICT,
stt4,page_0046,5,4,phúc,穩,福,U+798F,0.5556,True,RESCUE_LOW_CONF,
stt4,page_0046,5,9,đất,廻,烏,U+70CF,0.19,False,NOT_IN_DICT,
stt4,page_0046,5,16,lìa,壽,离,U+79BB,0.0312,True,RESCUE_LOW_CONF,
stt4,page_0046,5,18,thịt,𫀃,湖,U+6E56,0.0645,False,NOT_IN_DICT,
stt4,page_0046,5,20,nay,花,尼,U+5C3C,0.6498,True,RESCUE_LOW_CONF,
stt4,page_0046,6,0,ngày,署,𠊚,U+2029A,0.8124,False,NOT_IN_DICT,
stt4,page_0046,6,1,chịu,是,召,U+53EC,0.9883,True,RESCUE_GOLD_HIGH,
stt4,page_0046,6,2,cô,兹,姑,U+59D1,0.0964,True,RESCUE_LOW_CONF,
stt4,page_0046,6,11,ngày,嚼,時,U+6642,0.2325,True,RESCUE_LOW_CONF,
stt4,page_0046,6,20,một,啟,没,U+6CA1,0.6021,True,RESCUE_LOW_CONF,
stt4,page_0046,6,21,năm,萄,南,U+5357,0.9562,True,RESCUE_GOLD_HIGH,
stt4,page_0046,7,11,nước,旒,渃,U+6E03,0.6241,True,RESCUE_LOW_CONF,
stt4,page_0046,7,12,ra,呢,麻,U+9EBB,0.5194,False,NOT_IN_DICT,
stt4,page_0046,7,16,đội,極,浪,U+6D6A,0.1221,False,NOT_IN_DICT,
stt4,page_0046,7,18,ơc,德,徳,U+5FB3,0.581,False,NOT_IN_DICT,
stt4,page_0046,8,8,được,統,特,U+7279,0.6479,True,RESCUE_LOW_CONF,
stt4,page_0046,8,19,ước,纷,约,U+7EA6,0.0884,True,RESCUE_LOW_CONF,
stt4,page_0046,9,3,sống,舷,瑟,U+745F,0.0776,False,NOT_IN_DICT,
stt4,page_0048,1,6,nua,双,奴,U+5974,0.6421,True,RESCUE_LOW_CONF,
stt4,page_0048,1,11,rốn,腰,腰,U+8170,0.2657,False,NOT_IN_DICT,
stt4,page_0048,1,15,kẻo,屬,矯,U+77EF,0.9662,True,RESCUE_GOLD_HIGH,
stt4,page_0048,1,19,hẹn,泯,限,U+9650,0.159,True,RESCUE_LOW_CONF,
stt4,page_0048,2,1,năng,嚷,曩,U+66E9,0.1689,False,NOT_IN_DICT,
stt4,page_0048,2,2,mưa,獨,湄,U+6E44,0.0776,True,RESCUE_LOW_CONF,
stt4,page_0048,2,9,bội,傷,信,U+4FE1,0.2882,False,NOT_IN_DICT,
stt4,page_0048,2,12,ngờ,与,与,U+4E0E,0.3085,False,NOT_IN_DICT,
stt4,page_0048,2,13,đến,丑,旦,U+65E6,0.2094,True,RESCUE_LOW_CONF,
stt4,page_0048,2,14,gần,𡖖,体,U+4F53,0.9819,False,NOT_IN_DICT,
stt4,page_0048,2,17,hồn,翹,㐌,U+340C,0.6702,False,NOT_IN_DICT,
stt4,page_0048,2,19,lìa,潘,离,U+79BB,0.3365,True,RESCUE_LOW_CONF,
stt4,page_0048,3,16,quen,酒,道,U+9053,0.4218,False,NOT_IN_DICT,
stt4,page_0048,4,3,bề,友,皮,U+76AE,0.7824,True,RESCUE_GOLD_MED,
stt4,page_0048,4,6,chịu,为,召,U+53EC,0.6258,True,RESCUE_LOW_CONF,
stt4,page_0048,4,11,đêm,度,店,U+5E97,0.2354,True,RESCUE_LOW_CONF,
stt4,page_0048,5,5,muông,猿,傷,U+50B7,0.3011,False,NOT_IN_DICT,
stt4,page_0048,5,10,lia,爾,离,U+79BB,0.2781,True,RESCUE_LOW_CONF,
stt4,page_0048,5,18,khát,屬,共,U+5171,0.0993,False,NOT_IN_DICT,
stt4,page_0048,5,20,năng,烺,曩,U+66E9,0.1749,False,NOT_IN_DICT,
stt4,page_0048,6,7,dường,虎,差,U+5DEE,0.5417,False,NOT_IN_DICT,
stt4,page_0048,6,12,áo,俟,襖,U+8956,0.7023,True,RESCUE_GOLD_MED,
stt4,page_0048,6,14,che,妓,枝,U+679D,0.6182,True,RESCUE_LOW_CONF,
stt4,page_0048,6,21,đen,𩔊,顛,U+985B,0.4699,True,RESCUE_LOW_CONF,
stt4,page_0048,7,4,càng,𤯔,强,U+5F3A,0.0721,True,RESCUE_LOW_CONF,
stt4,page_0048,7,6,càng,疾,强,U+5F3A,0.3262,True,RESCUE_LOW_CONF,
stt4,page_0048,7,7,kính,放,敬,U+656C,0.9658,True,RESCUE_GOLD_HIGH,
stt4,page_0048,7,8,bà,砲,把,U+628A,0.1729,True,RESCUE_LOW_CONF,
stt4,page_0048,7,17,than,漢,葉,U+8449,0.1602,False,NOT_IN_DICT,
stt4,page_0048,8,12,một,汶,獅,U+7345,0.2986,False,NOT_IN_DICT,
stt4,page_0048,8,17,ra,噐,帝,U+5E1D,0.446,False,NOT_IN_DICT,
stt4,page_0048,8,18,đấy,希,柴,U+67F4,0.5495,False,NOT_IN_DICT,
stt4,page_0048,9,2,hay,盗,咍,U+548D,0.3457,True,RESCUE_LOW_CONF,
stt4,page_0048,9,5,liếm,致,欽,U+6B3D,0.1751,False,NOT_IN_DICT,
stt4,page_0048,9,11,thầy,挐,柴,U+67F4,0.3249,True,RESCUE_LOW_CONF,
stt4,page_0048,9,15,lô,晉,實,U+5BE6,0.1251,False,NOT_IN_DICT,
stt4,page_0050,1,2,vuốt,獐,焠,U+7120,0.0901,False,NOT_IN_DICT,
stt4,page_0050,1,3,cấu,掲,想,U+60F3,0.277,False,NOT_IN_DICT,
stt4,page_0050,1,5,như,取,如,U+5982,0.686,True,RESCUE_LOW_CONF,
stt4,page_0050,1,6,lời,荷,主,U+4E3B,0.1073,False,NOT_IN_DICT,
stt4,page_0050,1,9,thầy,亲,柴,U+67F4,0.2649,True,RESCUE_LOW_CONF,
stt4,page_0050,1,18,sau,陣,時,U+6642,0.8404,False,NOT_IN_DICT,
stt4,page_0050,2,4,đội,張,徳,U+5FB3,0.3288,False,NOT_IN_DICT,
stt4,page_0050,2,5,on,思,恩,U+6069,0.3694,False,NOT_IN_DICT,
stt4,page_0050,3,1,xin,與,真,U+771F,0.6072,True,RESCUE_LOW_CONF,
stt4,page_0050,3,9,chước,仵,斫,U+65AB,0.0518,True,RESCUE_LOW_CONF,
stt4,page_0050,4,5,ra,淫,囉,U+56C9,0.1265,True,RESCUE_LOW_CONF,
stt4,page_0050,5,1,nam,有,南,U+5357,0.9793,True,RESCUE_GOLD_HIGH,
stt4,page_0050,5,6,tê,湇,躋,U+8E8B,0.091,True,RESCUE_LOW_CONF,
stt4,page_0050,6,4,ra,嚅,囉,U+56C9,0.1345,True,RESCUE_LOW_CONF,
stt4,page_0050,6,8,sen,逢,連,U+9023,0.6201,True,RESCUE_LOW_CONF,
stt4,page_0050,6,9,sa,應,連,U+9023,0.5413,False,NOT_IN_DICT,
stt4,page_0050,6,11,nước,婼,渃,U+6E03,0.3766,True,RESCUE_LOW_CONF,
stt4,page_0050,6,14,pha,黿,葩,U+8469,0.2839,True,RESCUE_LOW_CONF,
stt4,page_0050,6,15,nha,丹,牙,U+7259,0.328,True,RESCUE_LOW_CONF,
stt4,page_0050,6,17,chúahúa,主,主,U+4E3B,0.9732,False,NOT_IN_DICT,
stt4,page_0050,6,18,trời,初,徳,U+5FB3,0.2685,False,NOT_IN_DICT,
stt4,page_0050,6,20,chon,捶,拱,U+62F1,0.1897,False,NOT_IN_DICT,
stt4,page_0050,7,2,soi,爚,雷,U+96F7,0.037,True,RESCUE_LOW_CONF,
stt4,page_0050,8,3,về,借,衛,U+885B,0.0178,True,RESCUE_LOW_CONF,
stt4,page_0050,8,7,le,病,离,U+79BB,0.0881,True,RESCUE_LOW_CONF,
stt4,page_0050,8,10,mười,遍,邁,U+9081,0.9647,True,RESCUE_GOLD_HIGH,
stt4,page_0050,8,14,chước,竹,斫,U+65AB,0.1028,True,RESCUE_LOW_CONF,
stt4,page_0050,9,3,gương,慰,固,U+56FA,0.1956,False,NOT_IN_DICT,
stt4,page_0050,9,8,hãm,㷔,𨺻,U+28EBB,0.5577,True,RESCUE_LOW_CONF,
stt4,page_0050,9,11,mà,棄,蚤,U+86A4,0.221,False,NOT_IN_DICT,
stt4,page_0050,9,15,nh,邁,本,U+672C,0.585,False,NOT_IN_DICT,
stt4,page_0050,9,16,t,安,邁,U+9081,0.857,False,NOT_IN_DICT,
stt4,page_0052,1,1,có,閣,固,U+56FA,0.3952,True,RESCUE_LOW_CONF,
stt4,page_0052,1,9,năm,廟,南,U+5357,0.6482,True,RESCUE_LOW_CONF,
stt4,page_0052,1,11,que,𢪱,拘,U+62D8,0.3106,False,NOT_IN_DICT,
stt4,page_0052,1,12,củi,奮,檜,U+6A9C,0.1997,True,RESCUE_LOW_CONF,
stt4,page_0052,1,14,đau,㫄,為,U+70BA,0.0917,False,NOT_IN_DICT,
stt4,page_0052,2,1,ghét,統,結,U+7D50,0.9496,True,RESCUE_GOLD_HIGH,
stt4,page_0052,3,16,rau,驚,哿,U+54FF,0.2798,False,NOT_IN_DICT,
stt4,page_0052,4,3,con,鼠,昆,U+6606,0.377,True,RESCUE_LOW_CONF,
stt4,page_0052,4,12,trọn,命,朱,U+6731,0.07,False,NOT_IN_DICT,
stt4,page_0052,4,13,đời,氏,代,U+4EE3,0.9567,True,RESCUE_GOLD_HIGH,
stt4,page_0052,5,10,bằng,欺,欺,U+6B3A,0.4621,False,NOT_IN_DICT,
stt4,page_0052,5,19,khi,共,共,U+5171,0.6131,False,NOT_IN_DICT,
stt4,page_0052,6,4,hãy,喉,唉,U+5509,0.7054,True,RESCUE_GOLD_MED,
stt4,page_0052,6,13,dở,𠑶,𠊚,U+2029A,0.0956,False,NOT_IN_DICT,
stt4,page_0052,6,18,vi,𫠉,為,U+70BA,0.5534,True,RESCUE_LOW_CONF,
stt4,page_0052,7,12,rắn,𢓜,低,U+4F4E,0.4216,False,NOT_IN_DICT,
stt4,page_0052,7,15,mày,蜀,眉,U+7709,0.9608,True,RESCUE_GOLD_HIGH,
stt4,page_0052,8,17,trẻ,祖,礼,U+793C,0.6351,True,RESCUE_LOW_CONF,
stt4,page_0052,8,19,già,本,茶,U+8336,0.2953,True,RESCUE_LOW_CONF,
stt4,page_0052,9,9,hấy,矣,唉,U+5509,0.3594,False,NOT_IN_DICT,
stt4,page_0052,9,12,chớ,者,渚,U+6E1A,0.9251,True,RESCUE_GOLD_HIGH,
stt4,page_0052,9,19,biến,犮,变,U+53D8,0.4826,True,RESCUE_LOW_CONF,
stt4,page_0052,9,20,đi,㕛,多,U+591A,0.8459,True,RESCUE_GOLD_MED,
stt4,page_0054,1,0,mà,庭,麻,U+9EBB,0.9488,True,RESCUE_GOLD_HIGH,
stt4,page_0054,1,2,hôi,戾,灰,U+7070,0.246,True,RESCUE_LOW_CONF,
stt4,page_0054,1,17,ảnh,彰,盃,U+76C3,0.1202,False,NOT_IN_DICT,
stt4,page_0054,1,18,đức,愿,主,U+4E3B,0.1815,False,NOT_IN_DICT,
stt4,page_0054,2,4,thắng,放,没,U+6CA1,0.5556,False,NOT_IN_DICT,
stt4,page_0054,2,5,một,尚,倘,U+5018,0.2045,False,NOT_IN_DICT,
stt4,page_0054,2,6,đen,顯,顛,U+985B,0.0649,True,RESCUE_LOW_CONF,
stt4,page_0054,2,8,lớn,鬚,𠊚,U+2029A,0.8028,False,NOT_IN_DICT,
stt4,page_0054,2,14,tao,奎,浪,U+6D6A,0.697,False,NOT_IN_DICT,
stt4,page_0054,3,12,tao,委,浪,U+6D6A,0.9692,False,NOT_IN_DICT,
stt4,page_0054,4,1,mày,爾,眉,U+7709,0.8644,True,RESCUE_GOLD_HIGH,
stt4,page_0054,4,17,sạch,泥,命,U+547D,0.8588,False,NOT_IN_DICT,
stt4,page_0054,4,21,sau,兼,生,U+751F,0.5675,False,NOT_IN_DICT,
stt4,page_0054,5,15,tao,䖝,罪,U+7F6A,0.5454,False,NOT_IN_DICT,
stt4,page_0054,6,15,sau,𫐛,連,U+9023,0.3033,False,NOT_IN_DICT,
stt4,page_0054,6,18,quỷ,眾,翁,U+7FC1,0.7422,False,NOT_IN_DICT,
stt4,page_0054,7,5,một,政,没,U+6CA1,0.0888,True,RESCUE_LOW_CONF,
stt4,page_0054,7,7,người,寄,𠊚,U+2029A,0.9484,True,RESCUE_GOLD_HIGH,
stt4,page_0054,7,14,ni,后,尼,U+5C3C,0.6165,True,RESCUE_LOW_CONF,
stt4,page_0054,7,17,rất,懍,慄,U+6144,0.2273,True,RESCUE_LOW_CONF,
stt4,page_0054,8,2,ri,秡,移,U+79FB,0.6067,False,NOT_IN_DICT,
stt4,page_0054,9,2,bà,配,把,U+628A,0.5062,True,RESCUE_LOW_CONF,
stt4,page_0054,9,5,giữ,付,佇,U+4F47,0.1079,True,RESCUE_LOW_CONF,
stt4,page_0054,9,7,sạch,汪,沚,U+6C9A,0.2538,True,RESCUE_LOW_CONF,
stt4,page_0054,9,12,trọn,代,代,U+4EE3,0.9336,False,NOT_IN_DICT,
stt4,page_0054,9,16,làm,合,乄,U+4E44,0.0435,True,RESCUE_LOW_CONF,
stt4,page_0054,9,19,một,啟,時,U+6642,0.7159,False,NOT_IN_DICT,
stt4,page_0054,9,20,tiếng,翁,𠊚,U+2029A,0.9557,False,NOT_IN_DICT,
stt4,page_0056,1,4,hiếm,途,除,U+9664,0.216,False,NOT_IN_DICT,
stt4,page_0056,1,6,rày,罽,創,U+5275,0.5586,False,NOT_IN_DICT,
stt4,page_0056,1,7,mai,理,埋,U+57CB,0.5122,True,RESCUE_LOW_CONF,
stt4,page_0056,1,11,giữ,行,佇,U+4F47,0.0398,True,RESCUE_LOW_CONF,
stt4,page_0056,1,15,đầu,筦,兜,U+515C,0.6156,False,NOT_IN_DICT,
stt4,page_0056,1,16,bay,閉,閉,U+9589,0.8466,False,NOT_IN_DICT,
stt4,page_0056,1,17,giơ,涂,除,U+9664,0.9621,False,NOT_IN_DICT,
stt4,page_0056,1,19,sợ,摩,𢜝,U+2271D,0.5489,True,RESCUE_LOW_CONF,
stt4,page_0056,2,3,ra,悮,呐,U+5450,0.0605,False,NOT_IN_DICT,
stt4,page_0056,2,12,xảy,俊,体,U+4F53,0.1523,False,NOT_IN_DICT,
stt4,page_0056,3,5,chầu,霸,朝,U+671D,0.0481,True,RESCUE_LOW_CONF,
stt4,page_0056,3,11,trằng,辰,浪,U+6D6A,0.9841,False,NOT_IN_DICT,
stt4,page_0056,3,12,con,毘,昆,U+6606,0.7894,True,RESCUE_GOLD_MED,
stt4,page_0056,3,13,chớ,緒,渚,U+6E1A,0.9273,True,RESCUE_GOLD_HIGH,
stt4,page_0056,3,17,lời,茢,意,U+610F,0.1204,False,NOT_IN_DICT,
stt4,page_0056,4,1,quỷ,忽,鬼,U+9B3C,0.4847,True,RESCUE_LOW_CONF,
stt4,page_0056,4,6,con,黾,昆,U+6606,0.7585,True,RESCUE_GOLD_MED,
stt4,page_0056,5,3,con,鼠,昆,U+6606,0.0687,True,RESCUE_LOW_CONF,
stt4,page_0056,5,11,ma,黁,魔,U+9B54,0.8923,True,RESCUE_GOLD_HIGH,
stt4,page_0056,5,14,chước,外,斫,U+65AB,0.3591,True,RESCUE_LOW_CONF,
stt4,page_0056,5,20,giục,遂,逐,U+9010,0.8644,True,RESCUE_GOLD_HIGH,
stt4,page_0056,6,0,thay,合,咍,U+548D,0.2497,True,RESCUE_LOW_CONF,
stt4,page_0056,7,0,nói,纳,呐,U+5450,0.3789,True,RESCUE_LOW_CONF,
stt4,page_0056,7,9,rối,懐,浪,U+6D6A,0.1869,False,NOT_IN_DICT,
stt4,page_0056,7,13,bởi,美,罢,U+7F62,0.9868,True,RESCUE_GOLD_HIGH,
stt4,page_0056,7,21,và,寕,喡,U+55A1,0.8375,True,RESCUE_GOLD_MED,
stt4,page_0056,8,7,dỗ,牡,杜,U+675C,0.728,True,RESCUE_GOLD_MED,
stt4,page_0056,8,8,nó,致,奴,U+5974,0.916,True,RESCUE_GOLD_HIGH,
stt4,page_0056,8,10,hay,名,咍,U+548D,0.0604,True,RESCUE_LOW_CONF,
stt4,page_0056,8,15,giả,攸,假,U+5047,0.3673,True,RESCUE_LOW_CONF,
stt4,page_0056,9,1,mời,適,旦,U+65E6,0.4021,False,NOT_IN_DICT,
stt4,page_0056,9,16,làm,后,乄,U+4E44,0.0071,True,RESCUE_LOW_CONF,
stt4,page_0056,9,18,sợ,情,𢜝,U+2271D,0.9012,True,RESCUE_GOLD_HIGH,
stt4,page_0058,1,1,và,寧,喡,U+55A1,0.9434,True,RESCUE_GOLD_HIGH,
stt4,page_0058,1,10,nghe,適,宜,U+5B9C,0.1991,True,RESCUE_LOW_CONF,
stt4,page_0058,1,18,thầy,槃,柴,U+67F4,0.7477,True,RESCUE_GOLD_MED,
stt4,page_0058,1,19,song,玖,双,U+53CC,0.739,True,RESCUE_GOLD_MED,
stt4,page_0058,1,20,le,毒,𠊚,U+2029A,0.5719,False,NOT_IN_DICT,
stt4,page_0058,2,4,ra,罗,加,U+52A0,0.0108,True,RESCUE_LOW_CONF,
stt4,page_0058,2,8,bây,開,閉,U+9589,0.3793,False,NOT_IN_DICT,
stt4,page_0058,3,3,le,渴,离,U+79BB,0.6808,True,RESCUE_LOW_CONF,
stt4,page_0058,3,8,hồn,覄,魂,U+9B42,0.3612,True,RESCUE_LOW_CONF,
stt4,page_0058,3,13,sau,雜,欺,U+6B3A,0.6841,False,NOT_IN_DICT,
stt4,page_0058,3,18,vơi,恩,貝,U+8C9D,0.2332,False,NOT_IN_DICT,
stt4,page_0058,4,1,và,聳,喡,U+55A1,0.7598,True,RESCUE_GOLD_MED,
stt4,page_0058,4,2,hai,咯,咍,U+548D,0.8047,True,RESCUE_GOLD_MED,
stt4,page_0058,4,10,nọ,故,柴,U+67F4,0.4646,False,NOT_IN_DICT,
stt4,page_0058,4,17,le,遍,离,U+79BB,0.4843,True,RESCUE_LOW_CONF,
stt4,page_0058,4,18,quỷ,怨,鬼,U+9B3C,0.574,True,RESCUE_LOW_CONF,
stt4,page_0058,5,2,lửa,居,信,U+4FE1,0.1892,False,NOT_IN_DICT,
stt4,page_0058,5,5,cháy,炷,𤈜,U+2421C,0.5334,True,RESCUE_LOW_CONF,
stt4,page_0058,5,11,tao,奎,蚤,U+86A4,0.8247,True,RESCUE_GOLD_MED,
stt4,page_0058,5,12,đi,豈,多,U+591A,0.9395,True,RESCUE_GOLD_HIGH,
stt4,page_0058,6,3,ông,翕,翁,U+7FC1,0.1909,True,RESCUE_LOW_CONF,
stt4,page_0058,6,7,tê,暗,連,U+9023,0.5019,False,NOT_IN_DICT,
stt4,page_0058,6,20,sự,心,調,U+8ABF,0.9274,False,NOT_IN_DICT,
stt4,page_0058,7,14,lửa,脱,生,U+751F,0.4273,False,NOT_IN_DICT,
stt4,page_0058,7,16,nao,希,市,U+5E02,0.3438,True,RESCUE_LOW_CONF,
stt4,page_0058,8,6,đi,赱,多,U+591A,0.7976,True,RESCUE_GOLD_MED,
stt4,page_0058,8,10,nằm,有,南,U+5357,0.9626,True,RESCUE_GOLD_HIGH,
stt4,page_0058,8,18,khác,恱,恪,U+606A,0.9901,True,RESCUE_GOLD_HIGH,
stt4,page_0058,9,3,mà,有,麻,U+9EBB,0.9246,True,RESCUE_GOLD_HIGH,
stt4,page_0058,9,14,mẹ,磎,美,U+7F8E,0.1216,True,RESCUE_LOW_CONF,
stt4,page_0058,9,19,bởi,寒,罢,U+7F62,0.1479,True,RESCUE_LOW_CONF,
stt4,page_0060,1,1,hay,物,咍,U+548D,0.3301,True,RESCUE_LOW_CONF,
stt4,page_0060,1,10,ng,庄,庄,U+5E84,0.6768,False,NOT_IN_DICT,
stt4,page_0060,1,17,ngón,沅,阮,U+962E,0.0929,True,RESCUE_LOW_CONF,
stt4,page_0060,1,18,chân,通,真,U+771F,0.3737,True,RESCUE_LOW_CONF,
stt4,page_0060,2,1,xem,他,袩,U+88A9,0.2917,True,RESCUE_LOW_CONF,
stt4,page_0060,2,7,đổi,时,対,U+5BFE,0.4639,True,RESCUE_LOW_CONF,
stt4,page_0060,2,8,ban,乖,班,U+73ED,0.4725,True,RESCUE_LOW_CONF,
stt4,page_0060,2,9,đêm,告,店,U+5E97,0.9196,True,RESCUE_GOLD_HIGH,
stt4,page_0060,2,16,ái,俟,唉,U+5509,0.081,True,RESCUE_LOW_CONF,
stt4,page_0060,2,17,nói,纳,呐,U+5450,0.3782,True,RESCUE_LOW_CONF,
stt4,page_0060,3,2,làm,必,乄,U+4E44,0.0728,True,RESCUE_LOW_CONF,
stt4,page_0060,3,7,rửa,若,法,U+6CD5,0.6572,False,NOT_IN_DICT,
stt4,page_0060,3,9,hai,俗,咍,U+548D,0.431,True,RESCUE_LOW_CONF,
stt4,page_0060,3,12,nghìn,屠,法,U+6CD5,0.1029,False,NOT_IN_DICT,
stt4,page_0060,3,17,tám,礬,糁,U+7CC1,0.1081,True,RESCUE_LOW_CONF,
stt4,page_0060,3,18,nghìn,意,意,U+610F,0.2515,False,NOT_IN_DICT,
stt4,page_0060,3,20,rô,𡮢,實,U+5BE6,0.2888,False,NOT_IN_DICT,
stt4,page_0060,4,13,nghiệt,𭪙,事,U+4E8B,0.1546,False,NOT_IN_DICT,
stt4,page_0060,5,1,dạy,不,代,U+4EE3,0.7176,True,RESCUE_GOLD_MED,
stt4,page_0060,5,6,tội,寧,称,U+79F0,0.6056,False,NOT_IN_DICT,
stt4,page_0060,5,9,chịu,多,䏻,U+43FB,0.608,False,NOT_IN_DICT,
stt4,page_0060,6,4,giữa,件,佇,U+4F47,0.4195,False,NOT_IN_DICT,
stt4,page_0060,6,8,tội,沉,罪,U+7F6A,0.4448,True,RESCUE_LOW_CONF,
stt4,page_0060,6,17,tội,濁,罪,U+7F6A,0.862,True,RESCUE_GOLD_HIGH,
stt4,page_0060,7,15,nghi,了,時,U+6642,0.1456,False,NOT_IN_DICT,
stt4,page_0060,8,1,tôi,平,碎,U+788E,0.9884,True,RESCUE_GOLD_HIGH,
stt4,page_0060,8,12,dạy,或,代,U+4EE3,0.3236,True,RESCUE_LOW_CONF,
stt4,page_0060,8,14,chay,案,蚤,U+86A4,0.1682,False,NOT_IN_DICT,
stt4,page_0060,9,3,càng,煙,強,U+5F37,0.0624,True,RESCUE_LOW_CONF,
stt4,page_0060,9,16,ve,琇,悲,U+60B2,0.045,True,RESCUE_LOW_CONF,
stt4,page_0060,9,18,ngần,限,垠,U+57A0,0.0169,True,RESCUE_LOW_CONF,
stt4,page_0062,2,0,đến,巳,旦,U+65E6,0.7026,True,RESCUE_GOLD_MED,
stt4,page_0062,2,6,chớ,緒,渚,U+6E1A,0.9314,True,RESCUE_GOLD_HIGH,
stt4,page_0062,2,19,lửa,焬,渃,U+6E03,0.1579,False,NOT_IN_DICT,
stt4,page_0062,3,17,tám,塔,糁,U+7CC1,0.0473,True,RESCUE_LOW_CONF,
stt4,page_0062,4,5,đi,並,多,U+591A,0.8912,True,RESCUE_GOLD_HIGH,
stt4,page_0062,4,6,đường,虗,唐,U+5510,0.1666,True,RESCUE_LOW_CONF,
stt4,page_0062,4,12,một,遺,没,U+6CA1,0.4656,True,RESCUE_LOW_CONF,
stt4,page_0062,4,14,nghìn,意,意,U+610F,0.3774,False,NOT_IN_DICT,
stt4,page_0062,4,18,roi,麻,麻,U+9EBB,0.9656,False,NOT_IN_DICT,
stt4,page_0062,5,6,hết,歙,歇,U+6B47,0.9438,True,RESCUE_GOLD_HIGH,
stt4,page_0062,5,14,lạ,是,邏,U+908F,0.4031,True,RESCUE_LOW_CONF,
stt4,page_0062,5,17,lần,齐,吝,U+541D,0.568,True,RESCUE_LOW_CONF,
stt4,page_0062,6,3,mà,噐,罪,U+7F6A,0.0578,False,NOT_IN_DICT,
stt4,page_0062,6,13,kia,直,其,U+5176,0.9143,True,RESCUE_GOLD_HIGH,
stt4,page_0062,6,14,mời,逼,邁,U+9081,0.9301,True,RESCUE_GOLD_HIGH,
stt4,page_0062,7,0,dọn,述,迍,U+8FCD,0.3293,True,RESCUE_LOW_CONF,
stt4,page_0062,7,15,hay,似,如,U+5982,0.2625,False,NOT_IN_DICT,
stt4,page_0062,7,16,vợ,稽,嬏,U+5B0F,0.0849,True,RESCUE_LOW_CONF,
stt4,page_0062,7,21,dại,民,曳,U+66F3,0.5753,True,RESCUE_LOW_CONF,
stt4,page_0062,8,2,bé,賔,歲,U+6B72,0.1981,False,NOT_IN_DICT,
stt4,page_0062,8,10,sống,后,奏,U+594F,0.1305,False,NOT_IN_DICT,
stt4,page_0062,8,19,giận,渾,陣,U+9663,0.9427,True,RESCUE_GOLD_HIGH,
stt4,page_0062,9,4,hồ,刻,离,U+79BB,0.1094,False,NOT_IN_DICT,
stt4,page_0062,9,5,nghi,传,拙,U+62D9,0.1135,False,NOT_IN_DICT,
stt4,page_0062,9,7,là,混,罢,U+7F62,0.9836,False,NOT_IN_DICT,
stt4,page_0062,9,14,nhà,磊,如,U+5982,0.4412,True,RESCUE_LOW_CONF,
stt4,page_0062,9,20,vậy,差,丕,U+4E15,0.5812,True,RESCUE_LOW_CONF,
stt4,page_0064,1,4,tê,緒,贖,U+8D16,0.0679,False,NOT_IN_DICT,
stt4,page_0064,1,10,chớ,者,渚,U+6E1A,0.7171,True,RESCUE_GOLD_MED,
stt4,page_0064,2,0,vậy,𠰥,丕,U+4E15,0.5312,True,RESCUE_LOW_CONF,
stt4,page_0064,2,8,tấm,七,如,U+5982,0.2402,False,NOT_IN_DICT,
stt4,page_0064,2,9,thịt,納,於,U+65BC,0.1268,False,NOT_IN_DICT,
stt4,page_0064,2,12,bé,賁,責,U+8CAC,0.2692,False,NOT_IN_DICT,
stt4,page_0064,2,21,sống,聶,弄,U+5F04,0.03,True,RESCUE_LOW_CONF,
stt4,page_0064,3,0,lại,𤓾,吏,U+540F,0.8268,True,RESCUE_GOLD_MED,
stt4,page_0064,3,3,mà,置,頭,U+982D,0.1224,False,NOT_IN_DICT,
stt4,page_0064,3,16,mari,移,边,U+8FB9,0.0615,False,NOT_IN_DICT,
stt4,page_0064,4,2,hồn,鬼,魂,U+9B42,0.5435,True,RESCUE_LOW_CONF,
stt4,page_0064,4,3,thắng,為,𤯝,U+24BDD,0.115,True,RESCUE_LOW_CONF,
stt4,page_0064,4,12,lại,杢,奴,U+5974,0.9191,False,NOT_IN_DICT,
stt4,page_0064,4,15,cácho,朱,壳,U+58F3,0.7242,False,NOT_IN_DICT,
stt4,page_0064,4,22,chúch,爾,主,U+4E3B,0.5571,False,NOT_IN_DICT,
stt4,page_0064,5,10,tấm,止,仍,U+4ECD,0.0785,False,NOT_IN_DICT,
stt4,page_0064,5,11,thịt,被,湖,U+6E56,0.0999,False,NOT_IN_DICT,
stt4,page_0064,5,14,lại,杢,吏,U+540F,0.3262,True,RESCUE_LOW_CONF,
stt4,page_0064,5,18,thắng,与,意,U+610F,0.9936,False,NOT_IN_DICT,
stt4,page_0064,5,21,sốnha,乇,吒,U+5412,0.6104,False,NOT_IN_DICT,
stt4,page_0064,6,1,càng,涯,强,U+5F3A,0.0668,True,RESCUE_LOW_CONF,
stt4,page_0064,6,6,càng,滛,強,U+5F37,0.3728,True,RESCUE_LOW_CONF,
stt4,page_0064,6,9,sau,庫,連,U+9023,0.4867,False,NOT_IN_DICT,
stt4,page_0064,7,0,lần,老,吝,U+541D,0.2946,True,RESCUE_LOW_CONF,
stt4,page_0064,7,6,khóc,突,連,U+9023,0.2552,False,NOT_IN_DICT,
stt4,page_0064,7,15,nước,既,渃,U+6E03,0.3206,True,RESCUE_LOW_CONF,
stt4,page_0064,7,17,đi,赱,多,U+591A,0.8464,True,RESCUE_GOLD_MED,
stt4,page_0064,7,22,mẹ,痍,模,U+6A21,0.0904,False,NOT_IN_DICT,
stt4,page_0064,8,0,già,举,茶,U+8336,0.1147,True,RESCUE_LOW_CONF,
stt4,page_0064,8,10,và,哮,喡,U+55A1,0.5567,True,RESCUE_LOW_CONF,
stt4,page_0064,8,11,mừng,翎,明,U+660E,0.5564,True,RESCUE_LOW_CONF,
stt4,page_0064,8,18,hồn,惣,魂,U+9B42,0.2225,True,RESCUE_LOW_CONF,
stt4,page_0064,8,20,lên,逢,連,U+9023,0.9345,True,RESCUE_GOLD_HIGH,
stt4,page_0064,9,21,lắm,塵,凜,U+51DC,0.7964,True,RESCUE_GOLD_MED,
stt4,page_0066,1,1,vua,殉,明,U+660E,0.0948,False,NOT_IN_DICT,
stt4,page_0066,1,4,pha,產,葩,U+8469,0.0647,True,RESCUE_LOW_CONF,
stt4,page_0066,1,12,sâu,僥,債,U+50B5,0.3172,False,NOT_IN_DICT,
stt4,page_0066,1,16,xét,蔡,察,U+5BDF,0.4152,True,RESCUE_LOW_CONF,
stt4,page_0066,1,19,mà,弈,麻,U+9EBB,0.9682,True,RESCUE_GOLD_HIGH,
stt4,page_0066,2,1,nhường,褻,讓,U+8B93,0.3977,True,RESCUE_LOW_CONF,
stt4,page_0066,3,4,tiểu,十,子,U+5B50,0.2018,False,NOT_IN_DICT,
stt4,page_0066,3,5,ở,松,於,U+65BC,0.9086,True,RESCUE_GOLD_HIGH,
stt4,page_0066,3,6,nước,渥,渃,U+6E03,0.2531,True,RESCUE_LOW_CONF,
stt4,page_0066,3,9,sa,炒,沙,U+6C99,0.3717,True,RESCUE_LOW_CONF,
stt4,page_0066,4,11,chịu,为,召,U+53EC,0.7375,True,RESCUE_GOLD_MED,
stt4,page_0066,4,14,sa,姑,沙,U+6C99,0.765,True,RESCUE_GOLD_MED,
stt4,page_0066,4,17,men,歸,綿,U+7DBF,0.3371,True,RESCUE_LOW_CONF,
stt4,page_0066,4,21,đọc,藿,讀,U+8B80,0.3363,True,RESCUE_LOW_CONF,
stt4,page_0066,5,3,thì,鮮,時,U+6642,0.5861,True,RESCUE_LOW_CONF,
stt4,page_0066,5,6,đã,花,㐌,U+340C,0.9339,True,RESCUE_GOLD_HIGH,
stt4,page_0066,5,18,ngần,氓,恨,U+6068,0.1066,False,NOT_IN_DICT,
stt4,page_0066,6,5,ra,煙,囉,U+56C9,0.0916,True,RESCUE_LOW_CONF,
stt4,page_0066,6,12,khỏi,望,没,U+6CA1,0.7966,False,NOT_IN_DICT,
stt4,page_0066,6,21,một,河,阿,U+963F,0.6734,False,NOT_IN_DICT,
stt4,page_0066,6,22,nghìn,綿,綿,U+7DBF,0.2169,False,NOT_IN_DICT,
stt4,page_0066,7,0,men,要,夢,U+5922,0.7152,False,NOT_IN_DICT,
stt4,page_0066,7,1,mồng,𭁵,老,U+8001,0.2271,False,NOT_IN_DICT,
stt4,page_0066,7,3,th,皇,皇,U+7687,0.1905,False,NOT_IN_DICT,
stt4,page_0066,7,5,sa,比,沙,U+6C99,0.1274,True,RESCUE_LOW_CONF,
stt4,page_0066,7,9,hành,山,行,U+884C,0.264,True,RESCUE_LOW_CONF,
stt4,page_0066,8,5,hai,应,咍,U+548D,0.1042,True,RESCUE_LOW_CONF,
stt4,page_0066,8,10,khi,歐,欺,U+6B3A,0.9003,True,RESCUE_GOLD_HIGH,
stt4,page_0066,8,14,tê,脩,躋,U+8E8B,0.038,True,RESCUE_LOW_CONF,
stt4,page_0066,8,18,thánh,運,堊,U+580A,0.0633,True,RESCUE_LOW_CONF,
stt4,page_0066,9,19,thật,遭,實,U+5BE6,0.8382,True,RESCUE_GOLD_MED,
stt4,page_0068,1,3,si,磋,瘥,U+7625,0.1383,True,RESCUE_LOW_CONF,
stt4,page_0068,1,9,khóc,𰩬,麻,U+9EBB,0.9567,False,NOT_IN_DICT,
stt4,page_0068,1,17,tắt,睡,燒,U+71D2,0.2813,False,NOT_IN_DICT,
stt4,page_0068,1,18,lửa,婼,塊,U+584A,0.0867,False,NOT_IN_DICT,
stt4,page_0068,2,3,nghe,適,宜,U+5B9C,0.7265,True,RESCUE_GOLD_MED,
stt4,page_0068,2,4,tin,侯,信,U+4FE1,0.9557,True,RESCUE_GOLD_HIGH,
stt4,page_0068,2,5,vua,廻,奴,U+5974,0.0316,False,NOT_IN_DICT,
stt4,page_0068,2,10,đã,恐,㐌,U+340C,0.6456,True,RESCUE_LOW_CONF,
stt4,page_0068,2,11,đến,见,旦,U+65E6,0.8529,True,RESCUE_GOLD_HIGH,
stt4,page_0068,2,23,mở,長,美,U+7F8E,0.7447,True,RESCUE_GOLD_MED,
stt4,page_0068,3,17,nghĩ,专,壳,U+58F3,0.0725,False,NOT_IN_DICT,
stt4,page_0068,4,0,có,悶,固,U+56FA,0.1472,True,RESCUE_LOW_CONF,
stt4,page_0068,4,1,thưa,鍊,踈,U+8E08,0.3601,True,RESCUE_LOW_CONF,
stt4,page_0068,4,5,trấy,祖,尼,U+5C3C,0.0886,False,NOT_IN_DICT,
stt4,page_0068,4,7,cách,漏,殳,U+6BB3,0.3168,False,NOT_IN_DICT,
stt4,page_0068,4,9,ngày,斟,時,U+6642,0.0436,True,RESCUE_LOW_CONF,
stt4,page_0068,5,15,can,諫,踈,U+8E08,0.1229,False,NOT_IN_DICT,
stt4,page_0068,5,16,vua,翎,朝,U+671D,0.088,False,NOT_IN_DICT,
stt4,page_0068,5,20,lời,補,固,U+56FA,0.1813,False,NOT_IN_DICT,
stt4,page_0068,5,21,dại,銭,於,U+65BC,0.2907,False,NOT_IN_DICT,
stt4,page_0068,6,9,ngày,寄,𠊚,U+2029A,0.6978,False,NOT_IN_DICT,
stt4,page_0068,6,16,vua,砜,奴,U+5974,0.1229,False,NOT_IN_DICT,
stt4,page_0068,6,19,rằng,震,浪,U+6D6A,0.9023,True,RESCUE_GOLD_HIGH,
stt4,page_0068,8,2,thẳng,焉,尼,U+5C3C,0.2042,False,NOT_IN_DICT,
stt4,page_0068,8,6,gốc,松,核,U+6838,0.708,False,NOT_IN_DICT,
stt4,page_0068,8,8,kia,直,尼,U+5C3C,0.928,False,NOT_IN_DICT,
stt4,page_0068,8,16,gai,棧,核,U+6838,0.0415,True,RESCUE_LOW_CONF,
stt4,page_0068,8,17,sắc,銘,時,U+6642,0.1453,False,NOT_IN_DICT,
stt4,page_0068,8,21,vâng,昇,郎,U+90CE,0.43,False,NOT_IN_DICT,
stt4,page_0068,9,6,song,丑,双,U+53CC,0.7917,True,RESCUE_GOLD_MED,
stt4,page_0068,9,11,mặc,然,黙,U+9ED9,0.0375,True,RESCUE_LOW_CONF,
stt4,page_0068,9,13,trắng,𠀍,䏻,U+43FB,0.1088,False,NOT_IN_DICT,
stt4,page_0068,9,16,gai,棧,核,U+6838,0.0749,True,RESCUE_LOW_CONF,
stt4,page_0068,9,19,giắt,秀,娄,U+5A04,0.2294,False,NOT_IN_DICT,
stt4,page_0070,1,19,vua,硐,枸,U+67B8,0.0893,False,NOT_IN_DICT,
stt4,page_0070,2,1,là,兜,号,U+53F7,0.0988,True,RESCUE_LOW_CONF,
stt4,page_0070,2,7,ru,岫,油,U+6CB9,0.2261,True,RESCUE_LOW_CONF,
stt4,page_0070,2,17,vua,列,君,U+541B,0.0493,True,RESCUE_LOW_CONF,
stt4,page_0070,3,2,vua,想,朔,U+6714,0.0734,False,NOT_IN_DICT,
stt4,page_0070,3,12,gã,車,車,U+8ECA,0.7441,False,NOT_IN_DICT,
stt4,page_0070,3,16,mở,𡙡,美,U+7F8E,0.9834,True,RESCUE_GOLD_HIGH,
stt4,page_0070,4,2,vua,府,寺,U+5BFA,0.1521,False,NOT_IN_DICT,
stt4,page_0070,4,16,hai,密,咍,U+548D,0.0762,True,RESCUE_LOW_CONF,
stt4,page_0070,4,20,kẻo,奮,矯,U+77EF,0.64,True,RESCUE_LOW_CONF,
stt4,page_0070,5,12,rủa,繒,蚤,U+86A4,0.8691,False,NOT_IN_DICT,
stt4,page_0070,6,19,le,壽,离,U+79BB,0.1844,True,RESCUE_LOW_CONF,
stt4,page_0070,6,23,khinh,欺,欺,U+6B3A,0.9275,False,NOT_IN_DICT,
stt4,page_0070,7,3,thua,𭣣,收,U+6536,0.4514,True,RESCUE_LOW_CONF,
stt4,page_0070,7,6,chạy,衆,歇,U+6B47,0.1842,False,NOT_IN_DICT,
stt4,page_0070,7,7,ra,乳,囉,U+56C9,0.0787,True,RESCUE_LOW_CONF,
stt4,page_0070,7,10,nhà,私,如,U+5982,0.274,True,RESCUE_LOW_CONF,
stt4,page_0070,7,12,ẩn,瑟,命,U+547D,0.0939,False,NOT_IN_DICT,
stt4,page_0070,7,16,lửa,焙,特,U+7279,0.3171,False,NOT_IN_DICT,
stt4,page_0070,8,6,chạy,衆,没,U+6CA1,0.4683,False,NOT_IN_DICT,
stt4,page_0070,8,12,nhà,应,如,U+5982,0.5007,True,RESCUE_LOW_CONF,
stt4,page_0070,8,13,hai,俗,咍,U+548D,0.3193,True,RESCUE_LOW_CONF,
stt4,page_0070,8,17,thánh,奎,意,U+610F,0.1481,False,NOT_IN_DICT,
stt4,page_0072,1,7,khỏi,𢙣,塊,U+584A,0.1219,True,RESCUE_LOW_CONF,
stt4,page_0072,1,10,là,密,囉,U+56C9,0.0302,True,RESCUE_LOW_CONF,
stt4,page_0072,1,11,xác,秃,壳,U+58F3,0.4421,True,RESCUE_LOW_CONF,
stt4,page_0072,1,16,đầy,慈,意,U+610F,0.1675,False,NOT_IN_DICT,
stt4,page_0072,2,0,đời,主,主,U+4E3B,0.9011,False,NOT_IN_DICT,
stt4,page_0072,2,1,liền,夜,主,U+4E3B,0.3063,False,NOT_IN_DICT,
stt4,page_0072,2,2,sinh,朱,生,U+751F,0.0006,True,RESCUE_LOW_CONF,
stt4,page_0072,2,3,thì,篇,廪,U+5EEA,0.0464,False,NOT_IN_DICT,
stt4,page_0072,2,4,mà,代,代,U+4EE3,0.6429,False,NOT_IN_DICT,
stt4,page_0072,2,6,chị,生,生,U+751F,0.9821,False,NOT_IN_DICT,
stt4,page_0072,2,7,đàng,時,時,U+6642,0.5726,False,NOT_IN_DICT,
stt4,page_0072,2,8,từ,存,麻,U+9EBB,0.9138,False,NOT_IN_DICT,
stt4,page_0072,2,9,đức,連,連,U+9023,0.8107,False,NOT_IN_DICT,
stt4,page_0072,2,10,giê,天,天,U+5929,0.8566,False,NOT_IN_DICT,
stt4,page_0072,2,11,su,盍,堂,U+5802,0.9574,False,NOT_IN_DICT,
stt4,page_0072,3,5,ra,密,代,U+4EE3,0.7276,False,NOT_IN_DICT,
stt4,page_0072,3,11,này,𢙢,尼,U+5C3C,0.0251,True,RESCUE_LOW_CONF,
stt4,page_0072,3,15,tám,𥡆,連,U+9023,0.1114,False,NOT_IN_DICT,
stt4,page_0072,4,0,mong,愛,夢,U+5922,0.8472,True,RESCUE_GOLD_MED,
stt4,page_0072,4,5,li,壽,离,U+79BB,0.7697,True,RESCUE_GOLD_MED,
stt4,page_0072,4,7,phi,无,丕,U+4E15,0.8143,True,RESCUE_GOLD_MED,
stt4,page_0072,4,12,có,葆,傳,U+50B3,0.9837,False,NOT_IN_DICT,
stt4,page_0072,6,6,chảy,征,沚,U+6C9A,0.6993,True,RESCUE_LOW_CONF,
stt4,page_0072,6,11,thật,䀂,實,U+5BE6,0.0329,True,RESCUE_LOW_CONF,
stt4,page_0072,7,0,xứ,虚,𠙚,U+2065A,0.0961,True,RESCUE_LOW_CONF,
stt4,page_0072,7,1,ấy,悉,意,U+610F,0.9773,True,RESCUE_GOLD_HIGH,
stt4,page_0072,7,3,chê,徒,支,U+652F,0.0536,True,RESCUE_LOW_CONF,
stt4,page_0072,7,20,cô,塼,𠊚,U+2029A,0.3187,False,NOT_IN_DICT,
stt4,page_0072,8,4,nó,致,奴,U+5974,0.5289,True,RESCUE_LOW_CONF,
stt4,page_0072,8,14,quá,遇,過,U+904E,0.0565,True,RESCUE_LOW_CONF,
stt4,page_0072,9,1,chì,𦤺,鉄,U+9244,0.1462,False,NOT_IN_DICT,
stt4,page_0072,9,4,người,暑,𠊚,U+2029A,0.984,True,RESCUE_GOLD_HIGH,
stt4,page_0072,9,5,chảy,比,沚,U+6C9A,0.1777,True,RESCUE_LOW_CONF,
stt4,page_0072,9,11,buộc,邸,約,U+7D04,0.1494,False,NOT_IN_DICT,
stt4,page_0072,9,13,dao,刄,灵,U+7075,0.1436,False,NOT_IN_DICT,
stt4,page_0072,9,20,lại,坐,吏,U+540F,0.3322,True,RESCUE_LOW_CONF,
stt4,page_0074,1,4,song,風,双,U+53CC,0.7845,True,RESCUE_GOLD_MED,
stt4,page_0074,1,14,đi,老,多,U+591A,0.9827,True,RESCUE_GOLD_HIGH,
stt4,page_0074,2,0,đóng,據,㨂,U+3A02,0.8491,True,RESCUE_GOLD_MED,
stt4,page_0074,2,5,rút,桴,椊,U+690A,0.5828,True,RESCUE_LOW_CONF,
stt4,page_0074,2,10,mừng,闲,帝,U+5E1D,0.1509,False,NOT_IN_DICT,
stt4,page_0074,2,11,con,𭁵,昆,U+6606,0.4889,True,RESCUE_LOW_CONF,
stt4,page_0074,2,14,bạc,石,泊,U+6CCA,0.1396,True,RESCUE_LOW_CONF,
stt4,page_0074,2,15,lê,稅,我,U+6211,0.1769,False,NOT_IN_DICT,
stt4,page_0074,2,18,trở,𠯁,四,U+56DB,0.1976,False,NOT_IN_DICT,
stt4,page_0074,3,10,mẹ,蒦,美,U+7F8E,0.0527,True,RESCUE_LOW_CONF,
stt4,page_0074,3,14,ôm,揚,挼,U+633C,0.0589,False,NOT_IN_DICT,
stt4,page_0074,3,19,mừng,國,罰,U+7F70,0.2524,False,NOT_IN_DICT,
stt4,page_0074,3,23,đớn,亱,疸,U+75B8,0.6832,True,RESCUE_LOW_CONF,
stt4,page_0074,4,12,cũng,撫,拱,U+62F1,0.8978,True,RESCUE_GOLD_HIGH,
stt4,page_0074,4,22,đàng,幸,堂,U+5802,0.5923,True,RESCUE_LOW_CONF,
stt4,page_0074,5,3,mẹ,變,昆,U+6606,0.0897,False,NOT_IN_DICT,
stt4,page_0074,5,6,ô,今,其,U+5176,0.293,False,NOT_IN_DICT,
stt4,page_0074,5,9,lia,阿,阿,U+963F,0.8631,False,NOT_IN_DICT,
stt4,page_0074,6,3,nô,𡰱,召,U+53EC,0.2554,False,NOT_IN_DICT,
stt4,page_0074,6,13,19,遥,邁,U+9081,0.9897,False,NOT_IN_DICT,
stt4,page_0074,6,14,7,含,命,U+547D,0.3908,False,NOT_IN_DICT,
stt4,page_0074,6,15,2017,倘,傷,U+50B7,0.355,False,NOT_IN_DICT,
stt4,page_0074,6,16,thánh,罢,罢,U+7F62,0.9733,False,NOT_IN_DICT,
stt4,page_0074,7,4,ra,完,加,U+52A0,0.0505,True,RESCUE_LOW_CONF,
stt4,page_0074,7,7,rô,醫,實,U+5BE6,0.4569,False,NOT_IN_DICT,
stt4,page_0074,8,11,bạn,件,伴,U+4F34,0.9171,True,RESCUE_GOLD_HIGH,
stt4,page_0074,8,17,dái,縁,曳,U+66F3,0.5951,True,RESCUE_LOW_CONF,
stt4,page_0074,8,22,dái,錢,旦,U+65E6,0.4974,False,NOT_IN_DICT,
stt4,page_0074,9,2,song,丑,双,U+53CC,0.823,True,RESCUE_GOLD_MED,
stt4,page_0074,9,3,le,遍,离,U+79BB,0.49,True,RESCUE_LOW_CONF,
stt4,page_0074,9,10,ẩn,息,隐,U+9690,0.0354,True,RESCUE_LOW_CONF,
stt4,page_0074,9,21,ô,多,烏,U+70CF,0.8556,True,RESCUE_GOLD_HIGH,
stt4,page_0076,1,0,cả,恐,哿,U+54FF,0.2323,True,RESCUE_LOW_CONF,
stt4,page_0076,1,19,và,寧,年,U+5E74,0.2339,False,NOT_IN_DICT,
stt4,page_0076,2,2,đơ,牡,杜,U+675C,0.1591,False,NOT_IN_DICT,
stt4,page_0076,2,9,sô,多,芻,U+82BB,0.1402,True,RESCUE_LOW_CONF,
stt4,page_0076,2,13,này,巷,尼,U+5C3C,0.9157,True,RESCUE_GOLD_HIGH,
stt4,page_0076,2,18,sóc,祠,朔,U+6714,0.1875,True,RESCUE_LOW_CONF,
stt4,page_0076,3,6,yêu,餒,腰,U+8170,0.21,True,RESCUE_LOW_CONF,
stt4,page_0076,3,18,dạy,然,代,U+4EE3,0.7611,True,RESCUE_GOLD_MED,
stt4,page_0076,3,19,dỗ,牡,杜,U+675C,0.1934,True,RESCUE_LOW_CONF,
stt4,page_0076,3,21,chữ,守,字,U+5B57,0.2518,True,RESCUE_LOW_CONF,
stt4,page_0076,4,3,nết,星,𣵀,U+23D40,0.4849,True,RESCUE_LOW_CONF,
stt4,page_0076,4,9,xem,砌,袩,U+88A9,0.1469,True,RESCUE_LOW_CONF,
stt4,page_0076,4,18,đứng,項,道,U+9053,0.1492,False,NOT_IN_DICT,
stt4,page_0076,4,21,sách,傅,連,U+9023,0.0774,False,NOT_IN_DICT,
stt4,page_0076,5,7,hai,後,𠊚,U+2029A,0.1095,False,NOT_IN_DICT,
stt4,page_0076,5,12,này,足,尼,U+5C3C,0.9495,True,RESCUE_GOLD_HIGH,
stt4,page_0076,5,15,thầy,㸦,柴,U+67F4,0.7152,True,RESCUE_GOLD_MED,
stt4,page_0076,5,20,đứng,寺,寺,U+5BFA,0.626,False,NOT_IN_DICT,
stt4,page_0076,5,22,nghĩa,美,義,U+7FA9,0.0498,True,RESCUE_LOW_CONF,
stt4,page_0076,6,3,nghĩa,差,義,U+7FA9,0.0189,True,RESCUE_LOW_CONF,
stt4,page_0076,6,5,mẹ,竢,唉,U+5509,0.0569,False,NOT_IN_DICT,
stt4,page_0076,6,12,sống,聒,執,U+57F7,0.272,False,NOT_IN_DICT,
stt4,page_0076,6,13,xác,兗,壳,U+58F3,0.4541,True,RESCUE_LOW_CONF,
stt4,page_0076,6,19,là,完,罪,U+7F6A,0.1589,False,NOT_IN_DICT,
stt4,page_0076,6,20,sống,聒,弄,U+5F04,0.0306,True,RESCUE_LOW_CONF,
stt4,page_0076,6,22,hồn,鬼,魂,U+9B42,0.6896,True,RESCUE_LOW_CONF,
stt4,page_0076,7,13,cha,忙,美,U+7F8E,0.1296,False,NOT_IN_DICT,
stt4,page_0076,7,14,mẹ,經,時,U+6642,0.1289,False,NOT_IN_DICT,
stt4,page_0076,7,17,sau,弹,連,U+9023,0.065,False,NOT_IN_DICT,
stt4,page_0076,8,9,oán,𭜥,昆,U+6606,0.2247,False,NOT_IN_DICT,
stt4,page_0076,8,18,le,寿,离,U+79BB,0.0748,True,RESCUE_LOW_CONF,
stt4,page_0076,8,20,dái,我,曳,U+66F3,0.1896,True,RESCUE_LOW_CONF,
stt4,page_0076,9,2,hay,吃,麻,U+9EBB,0.2669,False,NOT_IN_DICT,
stt4,page_0076,9,14,mừng,羽,明,U+660E,0.7411,True,RESCUE_GOLD_MED,
stt4,page_0076,9,17,dọn,要,迍,U+8FCD,0.1503,True,RESCUE_LOW_CONF,
stt4,page_0076,9,20,rừng,機,棱,U+68F1,0.5331,True,RESCUE_LOW_CONF,
stt4,page_0078,1,1,mặt,卷,末,U+672B,0.6594,True,RESCUE_LOW_CONF,
stt4,page_0078,1,4,buồn,蔓,盆,U+76C6,0.5747,True,RESCUE_LOW_CONF,
stt4,page_0078,2,8,giấu,丞,歇,U+6B47,0.3863,False,NOT_IN_DICT,
stt4,page_0078,2,12,kẻo,腐,矯,U+77EF,0.5655,True,RESCUE_LOW_CONF,
stt4,page_0078,2,17,hỏi,要,每,U+6BCF,0.6797,True,RESCUE_LOW_CONF,
stt4,page_0078,2,20,mọi,姦,每,U+6BCF,0.6116,True,RESCUE_LOW_CONF,
stt4,page_0078,2,22,kẻ,乾,几,U+51E0,0.7883,True,RESCUE_GOLD_MED,
stt4,page_0078,3,13,lại,廷,吏,U+540F,0.1388,True,RESCUE_LOW_CONF,
stt4,page_0078,3,15,chút,稱,拙,U+62D9,0.029,True,RESCUE_LOW_CONF,
stt4,page_0078,3,17,khi,敷,欺,U+6B3A,0.9892,True,RESCUE_GOLD_HIGH,
stt4,page_0078,4,7,mọc,术,木,U+6728,0.3202,True,RESCUE_LOW_CONF,
stt4,page_0078,4,16,suối,厥,底,U+5E95,0.3834,False,NOT_IN_DICT,
stt4,page_0078,4,17,nước,厥,渃,U+6E03,0.4613,True,RESCUE_LOW_CONF,
stt4,page_0078,6,12,chay,㪯,蚤,U+86A4,0.3688,False,NOT_IN_DICT,
stt4,page_0078,6,13,là,冥,罪,U+7F6A,0.3209,False,NOT_IN_DICT,
stt4,page_0078,6,19,vì,季,爲,U+7232,0.9138,True,RESCUE_GOLD_HIGH,
stt4,page_0078,7,3,của,𤣥,古,U+53E4,0.1623,True,RESCUE_LOW_CONF,
stt4,page_0078,8,7,lần,彥,吝,U+541D,0.8249,True,RESCUE_GOLD_MED,
stt4,page_0078,9,3,trối,見,𠊚,U+2029A,0.3598,False,NOT_IN_DICT,
stt4,page_0078,9,13,tờ,調,詞,U+8A5E,0.5218,True,RESCUE_LOW_CONF,
stt4,page_0080,2,12,như,袒,徳,U+5FB3,0.1374,False,NOT_IN_DICT,
stt4,page_0080,2,20,cũng,批,拱,U+62F1,0.5813,True,RESCUE_LOW_CONF,
stt4,page_0080,3,4,lần,荅,各,U+5404,0.5986,True,RESCUE_LOW_CONF,
stt4,page_0080,4,0,hai,移,如,U+5982,0.0662,False,NOT_IN_DICT,
stt4,page_0080,5,2,chịu,无,召,U+53EC,0.9464,True,RESCUE_GOLD_HIGH,
stt4,page_0080,5,13,về,備,衛,U+885B,0.0142,True,RESCUE_LOW_CONF,
stt4,page_0080,5,20,đâu,𠅙,兠,U+5160,0.0368,True,RESCUE_LOW_CONF,
stt4,page_0080,6,11,và,嘗,喡,U+55A1,0.9516,True,RESCUE_GOLD_HIGH,
stt4,page_0080,6,18,khác,致,欺,U+6B3A,0.4038,False,NOT_IN_DICT,
stt4,page_0080,6,19,viết,扵,修,U+4FEE,0.1199,False,NOT_IN_DICT,
stt4,page_0080,6,20,vồ,竈,無,U+7121,0.861,False,NOT_IN_DICT,
stt4,page_0080,7,4,le,淆,离,U+79BB,0.6599,True,RESCUE_LOW_CONF,
stt4,page_0080,7,20,của,夅,斈,U+6588,0.6292,False,NOT_IN_DICT,
stt4,page_0080,8,9,cửa,夅,美,U+7F8E,0.9303,False,NOT_IN_DICT,
stt4,page_0080,8,19,với,且,恩,U+6069,0.4691,False,NOT_IN_DICT,
stt4,page_0080,9,15,về,佳,𧗱,U+275F1,0.848,True,RESCUE_GOLD_MED,
stt4,page_0080,9,21,lần,竟,吝,U+541D,0.0687,True,RESCUE_LOW_CONF,
stt4,page_0082,1,9,biển,愛,我,U+6211,0.3411,False,NOT_IN_DICT,
stt4,page_0082,1,15,của,有,朱,U+6731,0.1442,False,NOT_IN_DICT,
stt4,page_0082,2,20,vậy,塞,丕,U+4E15,0.985,True,RESCUE_GOLD_HIGH,
stt4,page_0082,3,0,muốn,庵,悶,U+60B6,0.9508,True,RESCUE_GOLD_HIGH,
stt4,page_0082,3,7,khác,胳,恪,U+606A,0.8438,True,RESCUE_GOLD_MED,
stt4,page_0082,3,9,chước,作,斫,U+65AB,0.0342,True,RESCUE_LOW_CONF,
stt4,page_0082,3,16,lắm,𫝗,廪,U+5EEA,0.3178,True,RESCUE_LOW_CONF,
stt4,page_0082,4,6,đang,富,當,U+7576,0.6744,True,RESCUE_LOW_CONF,
stt4,page_0082,4,8,rằng,属,浪,U+6D6A,0.4552,True,RESCUE_LOW_CONF,
stt4,page_0082,4,12,sau,繛,連,U+9023,0.0769,False,NOT_IN_DICT,
stt4,page_0082,5,19,này,危,尼,U+5C3C,0.8779,True,RESCUE_GOLD_HIGH,
stt4,page_0082,5,21,quên,扇,道,U+9053,0.1644,False,NOT_IN_DICT,
stt4,page_0082,6,12,thầy,笇,柴,U+67F4,0.8387,True,RESCUE_GOLD_MED,
stt4,page_0082,6,16,ta,惡,些,U+4E9B,0.9701,True,RESCUE_GOLD_HIGH,
stt4,page_0082,7,6,chia,爽,支,U+652F,0.0252,True,RESCUE_LOW_CONF,
stt4,page_0082,7,8,ra,院,分,U+5206,0.3791,False,NOT_IN_DICT,
stt4,page_0082,7,9,hai,名,咍,U+548D,0.0487,True,RESCUE_LOW_CONF,
stt4,page_0082,7,10,đường,虎,唐,U+5510,0.6637,True,RESCUE_LOW_CONF,
stt4,page_0082,7,20,người,𠕂,𠊚,U+2029A,0.8066,True,RESCUE_GOLD_MED,
stt4,page_0082,8,12,hơn,吹,欣,U+6B23,0.7326,True,RESCUE_GOLD_MED,
stt4,page_0082,8,16,ta,恐,些,U+4E9B,0.8772,True,RESCUE_GOLD_HIGH,
stt4,page_0082,9,5,le,竒,离,U+79BB,0.0974,True,RESCUE_LOW_CONF,
stt4,page_0082,9,14,hồm,教,意,U+610F,0.8172,False,NOT_IN_DICT,
stt4,page_0082,9,15,nay,云,敬,U+656C,0.494,False,NOT_IN_DICT,
stt4,page_0082,9,19,mai,把,尼,U+5C3C,0.4339,False,NOT_IN_DICT,
stt4,page_0082,9,20,muốn,同,固,U+56FA,0.4125,False,NOT_IN_DICT,
stt4,page_0084,1,4,xưa,劝,𥘉,U+25609,0.278,True,RESCUE_LOW_CONF,
stt4,page_0084,1,21,thẳng,為,渚,U+6E1A,0.4285,False,NOT_IN_DICT,
stt4,page_0084,2,3,rừng,後,棱,U+68F1,0.1344,True,RESCUE_LOW_CONF,
stt4,page_0084,2,11,nổi,按,挼,U+633C,0.1894,True,RESCUE_LOW_CONF,
stt4,page_0084,2,15,củi,擒,檜,U+6A9C,0.1997,True,RESCUE_LOW_CONF,
stt4,page_0084,3,4,nổi,按,挼,U+633C,0.3989,True,RESCUE_LOW_CONF,
stt4,page_0084,3,7,thẳng,苟,倘,U+5018,0.0977,True,RESCUE_LOW_CONF,
stt4,page_0084,3,12,tội,還,罪,U+7F6A,0.9422,True,RESCUE_GOLD_HIGH,
stt4,page_0084,3,17,chừa,涂,除,U+9664,0.7261,True,RESCUE_GOLD_MED,
stt4,page_0084,4,1,thêm,染,𣸸,U+23E38,0.1584,True,RESCUE_LOW_CONF,
stt4,page_0084,4,3,khác,𠗆,恪,U+606A,0.4558,True,RESCUE_LOW_CONF,
stt4,page_0084,4,5,rằng,展,浪,U+6D6A,0.9318,True,RESCUE_GOLD_HIGH,
stt4,page_0084,4,6,thẳng,勾,倘,U+5018,0.0732,True,RESCUE_LOW_CONF,
stt4,page_0084,4,7,kia,耳,其,U+5176,0.7581,True,RESCUE_GOLD_MED,
stt4,page_0084,4,10,nhọc,𭔱,辱,U+8FB1,0.0805,True,RESCUE_LOW_CONF,
stt4,page_0084,4,11,lắm,原,廩,U+5EE9,0.206,True,RESCUE_LOW_CONF,
stt4,page_0084,4,15,bồn,𢬵,模,U+6A21,0.1625,False,NOT_IN_DICT,
stt4,page_0084,4,16,vỡ,歿,碎,U+788E,0.1499,False,NOT_IN_DICT,
stt4,page_0084,5,5,thẳng,為,意,U+610F,0.4858,False,NOT_IN_DICT,
stt4,page_0084,5,7,là,舁,号,U+53F7,0.0402,True,RESCUE_LOW_CONF,
stt4,page_0084,5,13,bởi,姜,罢,U+7F62,0.9024,True,RESCUE_GOLD_HIGH,
stt4,page_0084,5,15,có,园,固,U+56FA,0.3502,True,RESCUE_LOW_CONF,
stt4,page_0084,6,1,hai,给,咍,U+548D,0.3207,True,RESCUE_LOW_CONF,
stt4,page_0084,6,3,khiêng,軽,穌,U+7A4C,0.4033,False,NOT_IN_DICT,
stt4,page_0084,6,5,dài,民,曳,U+66F3,0.9721,True,RESCUE_GOLD_HIGH,
stt4,page_0084,6,9,cửa,夅,㪯,U+3AAF,0.2819,True,RESCUE_LOW_CONF,
stt4,page_0084,6,10,nhà,叔,茹,U+8339,0.3052,True,RESCUE_LOW_CONF,
stt4,page_0084,6,22,dọc,贖,邁,U+9081,0.1495,False,NOT_IN_DICT,
stt4,page_0084,7,3,thì,芽,時,U+6642,0.7835,True,RESCUE_GOLD_MED,
stt4,page_0084,7,5,cng,庄,庄,U+5E84,0.7257,False,NOT_IN_DICT,
stt4,page_0084,7,22,dang,耋,堂,U+5802,0.8668,False,NOT_IN_DICT,
stt4,page_0084,7,23,la,光,法,U+6CD5,0.1117,False,NOT_IN_DICT,
stt4,page_0084,8,4,ngạo,微,傲,U+50B2,0.1449,True,RESCUE_LOW_CONF,
stt4,page_0084,8,13,đầy,易,朱,U+6731,0.0466,False,NOT_IN_DICT,
stt4,page_0084,8,19,vua,翩,奴,U+5974,0.0967,False,NOT_IN_DICT,
stt4,page_0084,9,11,chịu,尼,召,U+53EC,0.8853,True,RESCUE_GOLD_HIGH,
stt4,page_0084,9,15,bạc,漏,泊,U+6CCA,0.2132,True,RESCUE_LOW_CONF,
stt4,page_0086,1,4,chia,伎,支,U+652F,0.3165,True,RESCUE_LOW_CONF,
stt4,page_0086,1,5,hay,𡧱,咍,U+548D,0.1141,True,RESCUE_LOW_CONF,
stt4,page_0086,2,11,nhược,房,茹,U+8339,0.1388,False,NOT_IN_DICT,
stt4,page_0086,3,7,đội,版,没,U+6CA1,0.293,False,NOT_IN_DICT,
stt4,page_0086,3,16,được,磊,没,U+6CA1,0.0711,False,NOT_IN_DICT,
stt4,page_0086,3,19,hai,究,意,U+610F,0.0832,False,NOT_IN_DICT,
stt4,page_0086,4,5,sốt,冿,焠,U+7120,0.252,True,RESCUE_LOW_CONF,
stt4,page_0086,4,14,run,腹,㤥,U+3925,0.3388,False,NOT_IN_DICT,
stt4,page_0086,4,15,sợ,作,怍,U+600D,0.2018,True,RESCUE_LOW_CONF,
stt4,page_0086,4,19,đầy,高,磊,U+78CA,0.2619,False,NOT_IN_DICT,
stt4,page_0086,4,20,tới,四,四,U+56DB,0.2615,False,NOT_IN_DICT,
stt4,page_0086,5,3,dái,銭,朱,U+6731,0.143,False,NOT_IN_DICT,
stt4,page_0086,5,5,rú,岫,連,U+9023,0.2074,False,NOT_IN_DICT,
stt4,page_0086,5,21,thầy,孚,柴,U+67F4,0.9646,True,RESCUE_GOLD_HIGH,
stt4,page_0086,6,5,mươi,遭,邁,U+9081,0.9915,True,RESCUE_GOLD_HIGH,
stt4,page_0086,6,18,vui,劉,鄧,U+9127,0.1724,False,NOT_IN_DICT,
stt4,page_0086,7,2,le,虜,离,U+79BB,0.1226,True,RESCUE_LOW_CONF,
stt4,page_0086,7,4,trối,貝,須,U+9808,0.1318,False,NOT_IN_DICT,
stt4,page_0086,7,8,xác,党,壳,U+58F3,0.9741,True,RESCUE_GOLD_HIGH,
stt4,page_0086,7,15,tôi,麻,麻,U+9EBB,0.9674,False,NOT_IN_DICT,
stt4,page_0086,7,17,lên,逐,連,U+9023,0.705,True,RESCUE_GOLD_MED,
stt4,page_0086,7,18,núi,岩,离,U+79BB,0.3237,False,NOT_IN_DICT,
stt4,page_0086,7,20,trối,臾,自,U+81EA,0.3297,False,NOT_IN_DICT,
stt4,page_0086,8,6,càng,𦀇,强,U+5F3A,0.1856,True,RESCUE_LOW_CONF,
stt4,page_0086,8,9,hơn,皈,欣,U+6B23,0.4441,True,RESCUE_LOW_CONF,
stt4,page_0086,9,5,ra,程,保,U+4FDD,0.371,False,NOT_IN_DICT,
stt4,page_0088,1,0,mông,要,夢,U+5922,0.3537,True,RESCUE_LOW_CONF,
stt4,page_0088,1,1,tam,愁,糁,U+7CC1,0.1321,False,NOT_IN_DICT,
stt4,page_0088,1,6,lêu,橑,撩,U+64A9,0.3917,True,RESCUE_LOW_CONF,
stt4,page_0088,2,8,cha,毛,吒,U+5412,0.9341,True,RESCUE_GOLD_HIGH,
stt4,page_0088,2,9,mẹ,燹,矣,U+77E3,0.2691,False,NOT_IN_DICT,
stt4,page_0088,2,11,giàu,霸,朝,U+671D,0.0622,True,RESCUE_LOW_CONF,
stt4,page_0088,2,15,cả,岢,奇,U+5947,0.6362,True,RESCUE_LOW_CONF,
stt4,page_0088,2,17,thành,娀,城,U+57CE,0.6857,True,RESCUE_LOW_CONF,
stt4,page_0088,3,11,phi,石,丕,U+4E15,0.6513,True,RESCUE_LOW_CONF,
stt4,page_0088,3,14,mẹ,族,模,U+6A21,0.1696,False,NOT_IN_DICT,
stt4,page_0088,3,16,diêu,桃,姚,U+59DA,0.2784,True,RESCUE_LOW_CONF,
stt4,page_0088,3,18,ra,懼,翁,U+7FC1,0.1017,False,NOT_IN_DICT,
stt4,page_0088,3,23,con,寬,昆,U+6606,0.7552,True,RESCUE_GOLD_MED,
stt4,page_0088,4,4,mẹ,燹,腰,U+8170,0.4166,False,NOT_IN_DICT,
stt4,page_0088,4,8,anh,委,孾,U+5B7E,0.0661,True,RESCUE_LOW_CONF,
stt4,page_0088,4,11,dạ,施,施,U+65BD,0.2691,False,NOT_IN_DICT,
stt4,page_0088,4,15,hay,应,命,U+547D,0.1098,False,NOT_IN_DICT,
stt4,page_0088,5,2,hai,欲,咍,U+548D,0.0876,True,RESCUE_LOW_CONF,
stt4,page_0088,5,19,đếnô,𦝫,實,U+5BE6,0.1446,False,NOT_IN_DICT,
stt4,page_0088,6,1,trấy,祀,礼,U+793C,0.9104,False,NOT_IN_DICT,
stt4,page_0088,6,6,sa,杏,沙,U+6C99,0.1533,True,RESCUE_LOW_CONF,
stt4,page_0088,6,12,một,仗,没,U+6CA1,0.3032,True,RESCUE_LOW_CONF,
stt4,page_0088,6,16,mà,牟,麻,U+9EBB,0.9688,True,RESCUE_GOLD_HIGH,
stt4,page_0088,7,19,ngày,粤,時,U+6642,0.0247,True,RESCUE_LOW_CONF,
stt4,page_0088,7,20,sau,華,連,U+9023,0.5102,False,NOT_IN_DICT,
stt4,page_0088,8,14,giảng,請,時,U+6642,0.0969,False,NOT_IN_DICT,
stt4,page_0088,8,16,dái,致,曳,U+66F3,0.7348,True,RESCUE_GOLD_MED,
stt4,page_0088,9,2,là,在,麻,U+9EBB,0.9612,False,NOT_IN_DICT,
stt4,page_0088,9,10,hay,俗,跪,U+8DEA,0.1974,False,NOT_IN_DICT,
stt4,page_0088,9,17,anh,夹,嬏,U+5B0F,0.7017,False,NOT_IN_DICT,
stt4,page_0088,9,18,em,崦,爲,U+7232,0.9165,False,NOT_IN_DICT,
stt4,page_0090,1,9,như,魏,如,U+5982,0.4256,True,RESCUE_LOW_CONF,
stt4,page_0090,2,12,ru,岫,支,U+652F,0.8645,False,NOT_IN_DICT,
stt4,page_0090,2,17,qua,戊,戈,U+6208,0.1294,True,RESCUE_LOW_CONF,
stt4,page_0090,3,1,cả,得,哿,U+54FF,0.8567,True,RESCUE_GOLD_HIGH,
stt4,page_0090,3,9,dường,荒,遣,U+9063,0.1504,False,NOT_IN_DICT,
stt4,page_0090,3,10,ấy,忍,意,U+610F,0.4755,True,RESCUE_LOW_CONF,
stt4,page_0090,3,12,mừng,闲,明,U+660E,0.0251,True,RESCUE_LOW_CONF,
stt4,page_0090,3,13,lăm,厚,朱,U+6731,0.0274,False,NOT_IN_DICT,
stt4,page_0090,4,4,xin,宜,填,U+586B,0.4718,True,RESCUE_LOW_CONF,
stt4,page_0090,4,6,cha,宅,吒,U+5412,0.8097,True,RESCUE_GOLD_MED,
stt4,page_0090,4,7,mua,𦵏,謨,U+8B28,0.4575,True,RESCUE_LOW_CONF,
stt4,page_0090,4,10,về,衡,衛,U+885B,0.0418,True,RESCUE_LOW_CONF,
stt4,page_0090,4,23,formalialam,𫝗,德,U+5FB7,0.1297,False,NOT_IN_DICT,
stt4,page_0090,5,8,sách,典,責,U+8CAC,0.0271,True,RESCUE_LOW_CONF,
stt4,page_0090,5,11,trông,景,時,U+6642,0.3393,False,NOT_IN_DICT,
stt4,page_0090,6,1,thầy,支,支,U+652F,0.826,False,NOT_IN_DICT,
stt4,page_0090,6,2,ấy,啾,秋,U+79CB,0.4051,False,NOT_IN_DICT,
stt4,page_0090,6,3,về,飮,歇,U+6B47,0.5965,False,NOT_IN_DICT,
stt4,page_0090,6,4,thì,弄,翁,U+7FC1,0.32,False,NOT_IN_DICT,
stt4,page_0090,6,8,con,鬼,塊,U+584A,0.403,False,NOT_IN_DICT,
stt4,page_0090,6,9,chắng,置,𠊚,U+2029A,0.1617,False,NOT_IN_DICT,
stt4,page_0090,6,10,trình,衖,於,U+65BC,0.0817,False,NOT_IN_DICT,
stt4,page_0090,6,11,cha,辛,𠊚,U+2029A,0.5265,False,NOT_IN_DICT,
stt4,page_0090,6,12,mẹ,意,意,U+610F,0.0877,False,NOT_IN_DICT,
stt4,page_0090,6,13,vì,衛,主,U+4E3B,0.0956,False,NOT_IN_DICT,
stt4,page_0090,6,14,dái,侍,𠊚,U+2029A,0.1899,False,NOT_IN_DICT,
stt4,page_0090,6,18,2000,吒,浪,U+6D6A,0.1398,False,NOT_IN_DICT,
stt4,page_0090,6,19,cầngười,𢎯,時,U+6642,0.2705,False,NOT_IN_DICT,
stt4,page_0090,6,20,chăng,爲,麻,U+9EBB,0.1324,False,NOT_IN_DICT,
stt4,page_0090,6,21,liềny,我,生,U+751F,0.6291,False,NOT_IN_DICT,
stt4,page_0090,6,22,ấy,㝵,尼,U+5C3C,0.2128,False,NOT_IN_DICT,
stt4,page_0090,7,16,giữ,侍,佇,U+4F47,0.6916,True,RESCUE_LOW_CONF,
stt4,page_0090,7,18,dái,氓,曳,U+66F3,0.5575,True,RESCUE_LOW_CONF,
stt4,page_0090,7,21,trẻ,祧,礼,U+793C,0.3137,True,RESCUE_LOW_CONF,
stt4,page_0090,8,4,nhà,而,如,U+5982,0.8791,True,RESCUE_GOLD_HIGH,
stt4,page_0090,9,2,ngày,等,時,U+6642,0.051,True,RESCUE_LOW_CONF,
stt4,page_0090,9,12,chó,渴,意,U+610F,0.1688,False,NOT_IN_DICT,
stt4,page_0090,9,17,vậy,尤,𠊚,U+2029A,0.1918,False,NOT_IN_DICT,
stt4,page_0092,1,0,ngoan,顧,襖,U+8956,0.0536,False,NOT_IN_DICT,
stt4,page_0092,1,4,thầy,宗,柴,U+67F4,0.9003,True,RESCUE_GOLD_HIGH,
stt4,page_0092,1,17,năm,原,南,U+5357,0.2365,True,RESCUE_LOW_CONF,
stt4,page_0092,2,14,ít,軏,時,U+6642,0.2747,False,NOT_IN_DICT,
stt4,page_0092,2,20,già,柴,疾,U+75BE,0.106,False,NOT_IN_DICT,
stt4,page_0092,3,0,ma,應,魔,U+9B54,0.8991,True,RESCUE_GOLD_HIGH,
stt4,page_0092,5,0,giục,逃,逐,U+9010,0.2756,True,RESCUE_LOW_CONF,
stt4,page_0092,5,1,nhớ,攻,女,U+5973,0.3813,True,RESCUE_LOW_CONF,
stt4,page_0092,5,2,sự,匆,每,U+6BCF,0.7934,False,NOT_IN_DICT,
stt4,page_0092,5,3,vui,𭔹,鄧,U+9127,0.2123,False,NOT_IN_DICT,
stt4,page_0092,5,8,sánh,歿,該,U+8A72,0.2659,False,NOT_IN_DICT,
stt4,page_0092,5,14,thầy,桒,柴,U+67F4,0.8609,True,RESCUE_GOLD_HIGH,
stt4,page_0092,5,20,não,偃,悲,U+60B2,0.2996,False,NOT_IN_DICT,
stt4,page_0092,6,13,chay,楽,蚤,U+86A4,0.3325,False,NOT_IN_DICT,
stt4,page_0092,6,15,giung,终,没,U+6CA1,0.0928,False,NOT_IN_DICT,
stt4,page_0092,7,6,dỗ,牡,杜,U+675C,0.4173,True,RESCUE_LOW_CONF,
stt4,page_0092,7,19,song,收,双,U+53CC,0.9772,True,RESCUE_GOLD_HIGH,
stt4,page_0092,7,20,le,虜,离,U+79BB,0.8396,True,RESCUE_GOLD_MED,
stt4,page_0092,7,21,bởi,寒,罢,U+7F62,0.9689,True,RESCUE_GOLD_HIGH,
stt4,page_0092,8,3,và,霏,喡,U+55A1,0.8055,True,RESCUE_GOLD_MED,
stt4,page_0092,8,4,hãm,慆,𨺻,U+28EBB,0.0697,True,RESCUE_LOW_CONF,
stt4,page_0092,8,9,gầy,摂,年,U+5E74,0.3969,False,NOT_IN_DICT,
stt4,page_0092,8,10,guộc,妨,饬,U+996C,0.1191,False,NOT_IN_DICT,
stt4,page_0092,8,17,nhọc,𭔱,辱,U+8FB1,0.1024,True,RESCUE_LOW_CONF,
stt4,page_0092,8,18,thầy,笇,柴,U+67F4,0.7953,True,RESCUE_GOLD_MED,
stt4,page_0092,9,9,quá,遏,過,U+904E,0.8744,True,RESCUE_GOLD_HIGH,
stt4,page_0092,9,12,bấy,閼,閉,U+9589,0.8736,True,RESCUE_GOLD_HIGH,
stt4,page_0094,1,12,mẹ,𡘽,爲,U+7232,0.1619,False,NOT_IN_DICT,
stt4,page_0094,1,14,trông,鼂,意,U+610F,0.6679,False,NOT_IN_DICT,
stt4,page_0094,1,21,bỏ,浦,補,U+88DC,0.5845,True,RESCUE_LOW_CONF,
stt4,page_0094,1,22,đường,李,唐,U+5510,0.7385,True,RESCUE_GOLD_MED,
stt4,page_0094,2,4,khỏi,怱,塊,U+584A,0.9031,True,RESCUE_GOLD_HIGH,
stt4,page_0094,2,6,giục,迅,逐,U+9010,0.4265,True,RESCUE_LOW_CONF,
stt4,page_0094,2,10,thầy,示,柴,U+67F4,0.5048,True,RESCUE_LOW_CONF,
stt4,page_0094,2,15,mea,夷,美,U+7F8E,0.3342,False,NOT_IN_DICT,
stt4,page_0094,2,17,thầy,未,柴,U+67F4,0.8707,True,RESCUE_GOLD_HIGH,
stt4,page_0094,2,18,tiếc,睹,惜,U+60DC,0.0997,True,RESCUE_LOW_CONF,
stt4,page_0094,2,20,le,商,离,U+79BB,0.1789,True,RESCUE_LOW_CONF,
stt4,page_0094,3,4,thầy,乎,柴,U+67F4,0.0483,True,RESCUE_LOW_CONF,
stt4,page_0094,3,6,nước,后,末,U+672B,0.7385,False,NOT_IN_DICT,
stt4,page_0094,3,7,mắt,来,末,U+672B,0.249,True,RESCUE_LOW_CONF,
stt4,page_0094,3,9,xin,在,真,U+771F,0.8495,True,RESCUE_GOLD_MED,
stt4,page_0094,3,21,một,尉,没,U+6CA1,0.1769,True,RESCUE_LOW_CONF,
stt4,page_0094,4,5,rưới,民,尼,U+5C3C,0.2074,False,NOT_IN_DICT,
stt4,page_0094,4,9,đổi,版,徳,U+5FB3,0.4784,False,NOT_IN_DICT,
stt4,page_0094,4,15,thành,𢦙,城,U+57CE,0.6541,True,RESCUE_LOW_CONF,
stt4,page_0094,4,16,rô,百,盈,U+76C8,0.0629,False,NOT_IN_DICT,
stt4,page_0094,4,20,cửa,宰,㪯,U+3AAF,0.4509,True,RESCUE_LOW_CONF,
stt4,page_0094,4,21,ngăn,振,垠,U+57A0,0.0793,True,RESCUE_LOW_CONF,
stt4,page_0094,5,1,cha,凡,吒,U+5412,0.9147,True,RESCUE_GOLD_HIGH,
stt4,page_0094,5,3,vào,已,包,U+5305,0.9434,True,RESCUE_GOLD_HIGH,
stt4,page_0094,5,7,cửa,辛,㪯,U+3AAF,0.2297,True,RESCUE_LOW_CONF,
stt4,page_0094,5,14,mắng,弄,弄,U+5F04,0.1239,False,NOT_IN_DICT,
stt4,page_0094,5,17,đi,益,多,U+591A,0.916,True,RESCUE_GOLD_HIGH,
stt4,page_0094,6,7,đồ,批,没,U+6CA1,0.704,False,NOT_IN_DICT,
stt4,page_0094,6,11,nhà,菽,寺,U+5BFA,0.6808,False,NOT_IN_DICT,
stt4,page_0094,7,5,con,罢,罢,U+7F62,0.9587,False,NOT_IN_DICT,
stt4,page_0094,7,7,biết,創,别,U+522B,0.4931,True,RESCUE_LOW_CONF,
stt4,page_0094,7,14,quở,課,課,U+8AB2,0.4644,False,NOT_IN_DICT,
stt4,page_0094,7,17,việc,度,役,U+5F79,0.6832,True,RESCUE_LOW_CONF,
stt4,page_0094,9,3,mọi,姦,每,U+6BCF,0.8236,True,RESCUE_GOLD_MED,
stt4,page_0094,9,5,lành,命,冷,U+51B7,0.731,True,RESCUE_GOLD_MED,
stt4,page_0094,9,8,sang,葺,郎,U+90CE,0.4756,True,RESCUE_LOW_CONF,
stt4,page_0096,1,8,le,商,离,U+79BB,0.2594,True,RESCUE_LOW_CONF,
stt4,page_0096,1,12,hơn,攵,欣,U+6B23,0.9282,True,RESCUE_GOLD_HIGH,
stt4,page_0096,1,14,ra,罷,囉,U+56C9,0.1412,True,RESCUE_LOW_CONF,
stt4,page_0096,1,16,chước,𡖖,干,U+5E72,0.2118,False,NOT_IN_DICT,
stt4,page_0096,2,18,chịu,𠁅,事,U+4E8B,0.9628,False,NOT_IN_DICT,
stt4,page_0096,3,10,lều,纂,察,U+5BDF,0.1276,False,NOT_IN_DICT,
stt4,page_0096,3,11,hẹp,牧,柴,U+67F4,0.1252,False,NOT_IN_DICT,
stt4,page_0096,3,12,hòi,田,鬼,U+9B3C,0.3611,False,NOT_IN_DICT,
stt4,page_0096,3,14,sân,歸,螉,U+8789,0.1015,False,NOT_IN_DICT,
stt4,page_0096,4,7,rách,死,沛,U+6C9B,0.0892,False,NOT_IN_DICT,
stt4,page_0096,4,8,rưới,銭,共,U+5171,0.5173,False,NOT_IN_DICT,
stt4,page_0096,4,23,song,丈,双,U+53CC,0.91,True,RESCUE_GOLD_HIGH,
stt4,page_0096,5,0,le,禹,离,U+79BB,0.4053,True,RESCUE_LOW_CONF,
stt4,page_0096,6,21,hết,𭣰,歇,U+6B47,0.8349,True,RESCUE_GOLD_MED,
stt4,page_0096,7,6,đến,兒,旦,U+65E6,0.032,True,RESCUE_LOW_CONF,
stt4,page_0096,7,14,chay,㪯,蚤,U+86A4,0.6913,False,NOT_IN_DICT,
stt4,page_0096,7,19,guộc,病,道,U+9053,0.2791,False,NOT_IN_DICT,
stt4,page_0096,7,21,da,股,𦝄,U+26744,0.1427,True,RESCUE_LOW_CONF,
stt4,page_0096,8,0,xương,匐,昌,U+660C,0.0313,True,RESCUE_LOW_CONF,
stt4,page_0096,8,20,sai,篇,垩,U+57A9,0.0948,False,NOT_IN_DICT,
stt4,page_0096,9,1,thần,仰,神,U+795E,0.9137,True,RESCUE_GOLD_HIGH,
stt4,page_0096,9,8,mừng,劒,明,U+660E,0.1503,True,RESCUE_LOW_CONF,
stt4,page_0096,9,11,cho,耒,朱,U+6731,0.1731,True,RESCUE_LOW_CONF,
stt4,page_0096,9,18,trả,犯,把,U+628A,0.5914,True,RESCUE_LOW_CONF,
stt4,page_0098,1,4,rước,葬,綽,U+7DBD,0.1488,True,RESCUE_LOW_CONF,
stt4,page_0098,1,10,đội,源,浪,U+6D6A,0.2352,False,NOT_IN_DICT,
stt4,page_0098,1,22,xinh,壅,嗔,U+55D4,0.0498,True,RESCUE_LOW_CONF,
stt4,page_0098,2,1,đi,老,多,U+591A,0.948,True,RESCUE_GOLD_HIGH,
stt4,page_0098,2,12,dù,注,油,U+6CB9,0.3068,True,RESCUE_LOW_CONF,
stt4,page_0098,2,14,đến,丑,几,U+51E0,0.9459,False,NOT_IN_DICT,
stt4,page_0098,3,4,lời,初,例,U+4F8B,0.0384,True,RESCUE_LOW_CONF,
stt4,page_0098,3,21,mẹnghe,宜,宜,U+5B9C,0.9359,False,NOT_IN_DICT,
stt4,page_0098,4,6,để,蜀,易,U+6613,0.2746,False,NOT_IN_DICT,
stt4,page_0098,4,8,hèn,闌,閑,U+9591,0.343,True,RESCUE_LOW_CONF,
stt4,page_0098,4,16,chồng,𡙇,黙,U+9ED9,0.3031,False,NOT_IN_DICT,
stt4,page_0098,4,17,bảo,條,保,U+4FDD,0.2659,True,RESCUE_LOW_CONF,
stt4,page_0098,5,7,để,塵,底,U+5E95,0.3238,True,RESCUE_LOW_CONF,
stt4,page_0098,6,12,bà,砲,浪,U+6D6A,0.8742,False,NOT_IN_DICT,
stt4,page_0098,7,3,áo,遐,黙,U+9ED9,0.844,False,NOT_IN_DICT,
stt4,page_0098,7,4,rách,定,些,U+4E9B,0.0556,False,NOT_IN_DICT,
stt4,page_0098,7,8,là,妥,号,U+53F7,0.0354,True,RESCUE_LOW_CONF,
stt4,page_0098,7,10,con,瓮,昆,U+6606,0.6608,True,RESCUE_LOW_CONF,
stt4,page_0098,8,4,bà,死,把,U+628A,0.1482,True,RESCUE_LOW_CONF,
stt4,page_0098,8,5,một,履,没,U+6CA1,0.1835,True,RESCUE_LOW_CONF,
stt4,page_0098,8,16,101,磾,碎,U+788E,0.8266,False,NOT_IN_DICT,
stt4,page_0098,8,18,ngay,喝,時,U+6642,0.5898,False,NOT_IN_DICT,
stt4,page_0098,9,4,ra,雲,囉,U+56C9,0.0519,True,RESCUE_LOW_CONF,
stt4,page_0098,9,15,chớ,涛,渚,U+6E1A,0.9289,True,RESCUE_GOLD_HIGH,
stt4,page_0100,1,0,cất,捨,拮,U+62EE,0.7875,True,RESCUE_GOLD_MED,
stt4,page_0100,1,9,tội,置,罪,U+7F6A,0.5775,True,RESCUE_LOW_CONF,
stt4,page_0100,1,11,đáng,蓄,當,U+7576,0.7508,True,RESCUE_GOLD_MED,
stt4,page_0100,1,17,về,銜,𧗱,U+275F1,0.2582,True,RESCUE_LOW_CONF,
stt4,page_0100,2,5,lấy,祖,礼,U+793C,0.8474,True,RESCUE_GOLD_MED,
stt4,page_0100,2,16,khó,庵,庫,U+5EAB,0.9852,True,RESCUE_GOLD_HIGH,
stt4,page_0100,3,0,sách,再,僥,U+50E5,0.0813,False,NOT_IN_DICT,
stt4,page_0100,3,3,nhớ,攺,汝,U+6C5D,0.5971,True,RESCUE_LOW_CONF,
stt4,page_0100,3,4,sách,典,呐,U+5450,0.132,False,NOT_IN_DICT,
stt4,page_0100,4,5,chốc,花,於,U+65BC,0.1437,False,NOT_IN_DICT,
stt4,page_0100,4,7,và,寧,喡,U+55A1,0.1602,True,RESCUE_LOW_CONF,
stt4,page_0100,4,8,hai,经,爲,U+7232,0.1058,False,NOT_IN_DICT,
stt4,page_0100,4,11,chạy,爱,爲,U+7232,0.1266,False,NOT_IN_DICT,
stt4,page_0100,4,13,cùng,竺,共,U+5171,0.7565,True,RESCUE_GOLD_MED,
stt4,page_0100,4,17,sách,典,油,U+6CB9,0.1735,False,NOT_IN_DICT,
stt4,page_0100,5,1,là,冨,𠊚,U+2029A,0.3758,False,NOT_IN_DICT,
stt4,page_0100,5,7,đầu,亮,没,U+6CA1,0.2487,False,NOT_IN_DICT,
stt4,page_0100,5,9,cha,三,吒,U+5412,0.6434,True,RESCUE_LOW_CONF,
stt4,page_0100,5,10,mẹ,交,美,U+7F8E,0.0319,True,RESCUE_LOW_CONF,
stt4,page_0100,5,12,hỏi,妄,每,U+6BCF,0.8435,True,RESCUE_GOLD_MED,
stt4,page_0100,5,16,chay,止,喡,U+55A1,0.9296,False,NOT_IN_DICT,
stt4,page_0100,5,17,nước,漏,沚,U+6C9A,0.6464,False,NOT_IN_DICT,
stt4,page_0100,5,19,ra,禦,末,U+672B,0.7585,False,NOT_IN_DICT,
stt4,page_0100,5,21,rồng,之,連,U+9023,0.1635,False,NOT_IN_DICT,
stt4,page_0100,6,13,tôi,庫,碎,U+788E,0.9012,True,RESCUE_GOLD_HIGH,
stt4,page_0100,6,19,bà,𡚱,把,U+628A,0.7465,True,RESCUE_GOLD_MED,
stt4,page_0100,7,1,cha,乞,吒,U+5412,0.7547,True,RESCUE_GOLD_MED,
stt4,page_0100,7,2,mẹ,𨾏,美,U+7F8E,0.0498,True,RESCUE_LOW_CONF,
stt4,page_0100,8,5,rối,廢,碎,U+788E,0.4543,False,NOT_IN_DICT,
stt4,page_0100,8,9,chớ,渣,麻,U+9EBB,0.9509,False,NOT_IN_DICT,
stt4,page_0100,8,14,ra,命,先,U+5148,0.9844,False,NOT_IN_DICT,
stt4,page_0100,8,22,đau,病,别,U+522B,0.2441,False,NOT_IN_DICT,
stt4,page_0100,9,3,gươm,鍾,鎌,U+938C,0.4265,True,RESCUE_LOW_CONF,
stt4,page_0100,9,9,sấp,施,泣,U+6CE3,0.045,True,RESCUE_LOW_CONF,
stt4,page_0100,9,12,con,貳,晜,U+665C,0.5852,True,RESCUE_LOW_CONF,
stt4,page_0100,9,19,con,寇,昆,U+6606,0.2899,True,RESCUE_LOW_CONF,
stt4,page_0102,2,14,mẹ,瑟,哭,U+54ED,0.1129,False,NOT_IN_DICT,
stt4,page_0102,2,16,cả,得,竒,U+7AD2,0.3265,True,RESCUE_LOW_CONF,
stt4,page_0102,2,17,tiếng,翁,省,U+7701,0.7955,True,RESCUE_GOLD_MED,
stt4,page_0102,3,0,ngực,恵,尼,U+5C3C,0.2206,False,NOT_IN_DICT,
stt4,page_0102,3,15,ra,煢,罪,U+7F6A,0.0706,False,NOT_IN_DICT,
stt4,page_0102,5,16,cả,好,喡,U+55A1,0.7051,False,NOT_IN_DICT,
stt4,page_0102,5,17,và,茸,城,U+57CE,0.704,False,NOT_IN_DICT,
stt4,page_0102,5,19,mắng,凑,弄,U+5F04,0.0865,False,NOT_IN_DICT,
stt4,page_0102,7,1,và,筭,喡,U+55A1,0.8758,True,RESCUE_GOLD_HIGH,
stt4,page_0102,7,4,và,聳,喡,U+55A1,0.9256,True,RESCUE_GOLD_HIGH,
stt4,page_0102,7,6,và,𭔿,省,U+7701,0.2231,False,NOT_IN_DICT,
stt4,page_0102,7,9,chảy,比,末,U+672B,0.843,False,NOT_IN_DICT,
stt4,page_0102,7,13,cha,它,傷,U+50B7,0.8771,False,NOT_IN_DICT,
stt4,page_0102,7,14,mẹ,護,吒,U+5412,0.2862,False,NOT_IN_DICT,
stt4,page_0102,7,16,đau,痂,渃,U+6E03,0.1727,False,NOT_IN_DICT,
stt4,page_0102,8,5,cha,宅,唉,U+5509,0.2419,False,NOT_IN_DICT,
stt4,page_0102,8,12,khỏi,怱,每,U+6BCF,0.7906,False,NOT_IN_DICT,
stt4,page_0102,8,19,rước,绰,綽,U+7DBD,0.2775,True,RESCUE_LOW_CONF,
stt4,page_0102,9,12,được,暗,特,U+7279,0.0121,True,RESCUE_LOW_CONF,
stt4,page_0102,9,13,nghỉ,枵,持,U+6301,0.0297,True,RESCUE_LOW_CONF,
stt4,page_0102,9,19,mẹ,便,模,U+6A21,0.158,False,NOT_IN_DICT,
stt4,page_0102,9,21,con,貳,昆,U+6606,0.521,True,RESCUE_LOW_CONF,
stt4,page_0104,1,8,khi,吹,欺,U+6B3A,0.923,True,RESCUE_GOLD_HIGH,
stt4,page_0104,2,1,nhà,孟,如,U+5982,0.2656,True,RESCUE_LOW_CONF,
stt4,page_0104,2,7,đội,𫝕,假,U+5047,0.1506,False,NOT_IN_DICT,
stt4,page_0104,2,11,trời,鹵,主,U+4E3B,0.5496,False,NOT_IN_DICT,
stt4,page_0104,3,9,mười,遭,邁,U+9081,0.9905,True,RESCUE_GOLD_HIGH,
stt4,page_0104,3,13,thương,傍,傷,U+50B7,0.8972,True,RESCUE_GOLD_HIGH,
stt4,page_0104,3,19,chịu,云,些,U+4E9B,0.6394,False,NOT_IN_DICT,
stt4,page_0104,4,1,khi,契,欺,U+6B3A,0.9198,True,RESCUE_GOLD_HIGH,
stt4,page_0104,4,5,con,𭁵,昆,U+6606,0.8621,True,RESCUE_GOLD_HIGH,
stt4,page_0104,4,8,quên,盾,道,U+9053,0.1688,False,NOT_IN_DICT,
stt4,page_0104,4,20,song,奴,双,U+53CC,0.2045,True,RESCUE_LOW_CONF,
stt4,page_0104,4,21,le,肅,离,U+79BB,0.0457,True,RESCUE_LOW_CONF,
stt4,page_0104,5,8,kinh,駑,蚤,U+86A4,0.1765,False,NOT_IN_DICT,
stt4,page_0104,5,9,run,腹,獄,U+7344,0.1363,False,NOT_IN_DICT,
stt4,page_0104,5,10,cả,符,奇,U+5947,0.445,True,RESCUE_LOW_CONF,
stt4,page_0104,6,2,trời,齎,主,U+4E3B,0.2059,False,NOT_IN_DICT,
stt4,page_0104,6,10,áo,換,浪,U+6D6A,0.2678,False,NOT_IN_DICT,
stt4,page_0104,6,14,cũ,宴,娄,U+5A04,0.0646,True,RESCUE_LOW_CONF,
stt4,page_0104,6,19,mới,謂,買,U+8CB7,0.3728,True,RESCUE_LOW_CONF,
stt4,page_0104,7,6,lêu,樟,撩,U+64A9,0.2643,True,RESCUE_LOW_CONF,
stt4,page_0104,7,15,nhà,和,茹,U+8339,0.0971,True,RESCUE_LOW_CONF,
stt4,page_0104,8,7,đoan,改,段,U+6BB5,0.402,False,NOT_IN_DICT,
stt4,page_0104,8,10,của,六,古,U+53E4,0.2905,True,RESCUE_LOW_CONF,
stt4,page_0104,8,11,cho,米,朱,U+6731,0.744,True,RESCUE_GOLD_MED,
stt4,page_0104,9,2,phúc,篇,福,U+798F,0.8768,True,RESCUE_GOLD_HIGH,
stt4,page_0104,9,5,con,息,昆,U+6606,0.5594,True,RESCUE_LOW_CONF,
stt4,page_0104,9,13,trẻ,袵,礼,U+793C,0.7161,True,RESCUE_GOLD_MED,
stt4,page_0104,9,14,khôn,伸,坤,U+5764,0.2798,True,RESCUE_LOW_CONF,
stt4,page_0104,9,18,ấy,迕,㐌,U+340C,0.5163,False,NOT_IN_DICT,
stt4,page_0104,9,19,comintermeptionalis,意,𠊚,U+2029A,0.4225,False,NOT_IN_DICT,
stt4,page_0108,1,16,của,玄,古,U+53E4,0.2642,True,RESCUE_LOW_CONF,
stt4,page_0108,1,22,bốn,貳,求,U+6C42,0.3778,False,NOT_IN_DICT,
stt4,page_0108,2,4,hỏi,匆,每,U+6BCF,0.9018,True,RESCUE_GOLD_HIGH,
stt4,page_0108,2,5,con,貳,晜,U+665C,0.4793,True,RESCUE_LOW_CONF,
stt4,page_0108,2,6,rằng,侯,浪,U+6D6A,0.5697,True,RESCUE_LOW_CONF,
stt4,page_0108,2,8,đem,尨,事,U+4E8B,0.1093,False,NOT_IN_DICT,
stt4,page_0108,2,9,đí,希,帝,U+5E1D,0.6246,True,RESCUE_LOW_CONF,
stt4,page_0108,2,13,ấy,立,意,U+610F,0.3366,True,RESCUE_LOW_CONF,
stt4,page_0108,2,16,non,昆,昆,U+6606,0.7383,False,NOT_IN_DICT,
stt4,page_0108,3,1,cha,任,吒,U+5412,0.7897,True,RESCUE_GOLD_MED,
stt4,page_0108,3,11,chắng,主,庄,U+5E84,0.6062,False,NOT_IN_DICT,
stt4,page_0108,3,14,con,耳,昆,U+6606,0.1306,True,RESCUE_LOW_CONF,
stt4,page_0108,3,16,le,淸,离,U+79BB,0.4812,True,RESCUE_LOW_CONF,
stt4,page_0108,4,4,như,故,如,U+5982,0.677,True,RESCUE_LOW_CONF,
stt4,page_0108,4,5,trước,褰,畧,U+7567,0.8665,True,RESCUE_GOLD_HIGH,
stt4,page_0108,4,10,phúc,梅,福,U+798F,0.6281,True,RESCUE_LOW_CONF,
stt4,page_0108,4,15,càng,旌,强,U+5F3A,0.5117,True,RESCUE_LOW_CONF,
stt4,page_0108,5,7,rửa,𦀇,浪,U+6D6A,0.0733,False,NOT_IN_DICT,
stt4,page_0108,5,10,vì,李,朱,U+6731,0.7357,False,NOT_IN_DICT,
stt4,page_0108,5,14,songle,离,双,U+53CC,0.3854,False,NOT_IN_DICT,
stt4,page_0108,6,4,lắm,廉,凜,U+51DC,0.4005,True,RESCUE_LOW_CONF,
stt4,page_0108,6,13,một,改,没,U+6CA1,0.5178,True,RESCUE_LOW_CONF,
stt4,page_0108,6,14,tiếng,箇,省,U+7701,0.5751,True,RESCUE_LOW_CONF,
stt4,page_0108,6,16,mày,爾,眉,U+7709,0.3129,True,RESCUE_LOW_CONF,
stt4,page_0108,6,17,đi,赱,多,U+591A,0.6308,True,RESCUE_LOW_CONF,
stt4,page_0108,7,0,17,砌,泖,U+6CD6,0.3292,False,NOT_IN_DICT,
stt4,page_0108,7,4,con,電,昆,U+6606,0.5414,True,RESCUE_LOW_CONF,
stt4,page_0108,7,6,vua,向,連,U+9023,0.0981,False,NOT_IN_DICT,
stt4,page_0108,7,12,vua,傾,坦,U+5766,0.0844,False,NOT_IN_DICT,
stt4,page_0108,7,19,ấy,慰,意,U+610F,0.9112,True,RESCUE_GOLD_HIGH,
stt4,page_0108,7,20,là,㽞,罪,U+7F6A,0.1824,False,NOT_IN_DICT,
stt4,page_0108,8,6,phải,那,伂,U+4F02,0.2873,True,RESCUE_LOW_CONF,
stt4,page_0108,8,13,vua,两,阿,U+963F,0.2325,False,NOT_IN_DICT,
stt4,page_0108,8,16,tên,卷,先,U+5148,0.7849,True,RESCUE_GOLD_MED,
stt4,page_0108,8,17,là,𠾖,昆,U+6606,0.1904,False,NOT_IN_DICT,
stt4,page_0108,8,19,nan,准,难,U+96BE,0.0077,True,RESCUE_LOW_CONF,
stt4,page_0108,8,20,thứ,遂,朱,U+6731,0.1597,False,NOT_IN_DICT,
stt4,page_0108,8,21,nhất,乆,次,U+6B21,0.0729,False,NOT_IN_DICT,
stt4,page_0108,9,3,làm,約,乄,U+4E44,0.0407,True,RESCUE_LOW_CONF,
stt4,page_0108,9,10,đưa,逢,多,U+591A,0.3826,True,RESCUE_LOW_CONF,
stt4,page_0108,9,11,con,気,昆,U+6606,0.6428,True,RESCUE_LOW_CONF,
stt4,page_0108,9,17,nơi,元,主,U+4E3B,0.1744,False,NOT_IN_DICT,
stt4,page_0108,9,20,xuống,富,旦,U+65E6,0.098,False,NOT_IN_DICT,
stt4,page_0110,1,3,ao,𭃡,拗,U+62D7,0.2213,True,RESCUE_LOW_CONF,
stt4,page_0110,1,8,tê,循,蓮,U+84EE,0.0856,False,NOT_IN_DICT,
stt4,page_0110,1,10,đã,恐,連,U+9023,0.7261,False,NOT_IN_DICT,
stt4,page_0110,1,17,đooạn,改,安,U+5B89,0.4034,False,NOT_IN_DICT,
stt4,page_0110,1,20,chịu,反,召,U+53EC,0.0979,True,RESCUE_LOW_CONF,
stt4,page_0110,1,21,về,相,𧗱,U+275F1,0.6389,True,RESCUE_LOW_CONF,
stt4,page_0110,2,3,nhà,燕,如,U+5982,0.2741,True,RESCUE_LOW_CONF,
stt4,page_0110,2,5,đấy,席,帝,U+5E1D,0.983,True,RESCUE_GOLD_HIGH,
stt4,page_0110,2,8,sạch,在,各,U+5404,0.2198,False,NOT_IN_DICT,
stt4,page_0110,2,13,trọn,化,代,U+4EE3,0.4971,False,NOT_IN_DICT,
stt4,page_0110,2,18,trả,船,把,U+628A,0.6802,True,RESCUE_LOW_CONF,
stt4,page_0110,3,0,đời,福,福,U+798F,0.9457,False,NOT_IN_DICT,
stt4,page_0110,3,2,đến,几,几,U+51E0,0.9387,False,NOT_IN_DICT,
stt4,page_0110,3,3,thánh,庫,庫,U+5EAB,0.9814,False,NOT_IN_DICT,
stt4,page_0110,3,4,này,而,乄,U+4E44,0.1938,False,NOT_IN_DICT,
stt4,page_0110,3,5,một,丕,丕,U+4E15,0.6842,False,NOT_IN_DICT,
stt4,page_0110,4,2,nghìn,主,主,U+4E3B,0.9418,False,NOT_IN_DICT,
stt4,page_0110,4,3,bốn,支,支,U+652F,0.8222,False,NOT_IN_DICT,
stt4,page_0110,4,4,trăm,啾,秋,U+79CB,0.8392,False,NOT_IN_DICT,
stt4,page_0110,4,5,bảy,要,代,U+4EE3,0.7849,False,NOT_IN_DICT,
stt4,page_0110,4,6,năm,代,代,U+4EE3,0.9025,False,NOT_IN_DICT,
stt4,page_0110,4,7,mồng,朱,朱,U+6731,0.9667,False,NOT_IN_DICT,
stt4,page_0110,4,8,mười,𡰱,把,U+628A,0.928,False,NOT_IN_DICT,
stt4,page_0110,4,9,ông,把,翁,U+7FC1,0.1186,True,RESCUE_LOW_CONF,
stt4,page_0110,4,12,a,没,意,U+610F,0.2193,False,NOT_IN_DICT,
stt4,page_0110,4,13,ca,奢,本,U+672C,0.8889,False,NOT_IN_DICT,
stt4,page_0110,4,14,ri,本,朱,U+6731,0.3152,False,NOT_IN_DICT,
stt4,page_0110,4,15,viết,霖,朱,U+6731,0.0769,False,NOT_IN_DICT,
stt4,page_0110,4,16,vồ,罢,罢,U+7F62,0.6827,False,NOT_IN_DICT,
stt4,page_0110,4,17,truyện,南,南,U+5357,0.9611,False,NOT_IN_DICT,
stt4,page_0110,5,0,thành,夢,蓮,U+84EE,0.0811,False,NOT_IN_DICT,
stt4,page_0110,5,1,an,邁,邁,U+9081,0.9931,False,NOT_IN_DICT,
stt4,page_0110,5,2,ti,翁,翁,U+7FC1,0.9866,False,NOT_IN_DICT,
stt4,page_0110,5,3,ô,皇,翁,U+7FC1,0.3486,False,NOT_IN_DICT,
stt4,page_0110,5,4,mà,馮,丐,U+4E10,0.1121,False,NOT_IN_DICT,
stt4,page_0110,5,5,bởi,𰙔,歌,U+6B4C,0.7085,False,NOT_IN_DICT,
stt4,page_0110,5,7,thờ,与,烏,U+70CF,0.8606,True,RESCUE_GOLD_HIGH,
stt4,page_0110,5,8,ở,曰,曰,U+66F0,0.9475,False,NOT_IN_DICT,
stt4,page_0110,5,9,thành,無,無,U+7121,0.9536,False,NOT_IN_DICT,
stt4,page_0110,5,10,giê,傳,傳,U+50B3,0.9621,False,NOT_IN_DICT,
stt4,page_0110,6,0,ru,翁,翁,U+7FC1,0.9869,False,NOT_IN_DICT,
stt4,page_0110,6,1,sa,𦤳,翁,U+7FC1,0.4747,False,NOT_IN_DICT,
stt4,page_0110,6,2,lem,尼,尼,U+5C3C,0.5311,False,NOT_IN_DICT,
stt4,page_0110,6,3,thì,而,尼,U+5C3C,0.9646,False,NOT_IN_DICT,
stt4,page_0110,6,4,phải,曰,曰,U+66F0,0.9509,False,NOT_IN_DICT,
stt4,page_0110,6,5,quân,𬻝,無,U+7121,0.9813,False,NOT_IN_DICT,
stt4,page_0110,6,6,dữ,城,城,U+57CE,0.9391,False,NOT_IN_DICT,
stt4,page_0110,6,7,bắt,安,安,U+5B89,0.9823,False,NOT_IN_DICT,
stt4,page_0110,6,8,mà,年,𤰞,U+24C1E,0.7913,False,NOT_IN_DICT,
stt4,page_0110,6,9,đóng,烏,烏,U+70CF,0.4028,False,NOT_IN_DICT,
stt4,page_0110,6,10,đinh,基,其,U+5176,0.6015,False,NOT_IN_DICT,
stt4,page_0110,6,11,trên,在,意,U+610F,0.1158,False,NOT_IN_DICT,
stt4,page_0110,6,12,đất,罢,罢,U+7F62,0.923,False,NOT_IN_DICT,
stt4,page_0110,6,13,song,多,罢,U+7F62,0.5716,False,NOT_IN_DICT,
stt4,page_0110,6,14,le,𣱵,多,U+591A,0.8238,False,NOT_IN_DICT,
stt4,page_0110,6,15,đất,各,各,U+5404,0.8293,False,NOT_IN_DICT,
stt4,page_0110,6,16,ấy,在,各,U+5404,0.3893,False,NOT_IN_DICT,
stt4,page_0110,6,17,chăng,餘,蜍,U+870D,0.2608,False,NOT_IN_DICT,
stt4,page_0110,6,18,chịu,於,於,U+65BC,0.9744,False,NOT_IN_DICT,
stt4,page_0110,6,19,nên,城,城,U+57CE,0.9367,False,NOT_IN_DICT,
stt4,page_0110,6,20,rút,支,支,U+652F,0.9493,False,NOT_IN_DICT,
stt4,page_0110,7,1,liền,居,外,U+5916,0.2593,False,NOT_IN_DICT,
stt4,page_0110,7,2,cứng,林,秋,U+79CB,0.4369,False,NOT_IN_DICT,
stt4,page_0110,7,3,mà,等,麻,U+9EBB,0.0044,True,RESCUE_LOW_CONF,
stt4,page_0110,7,4,đóng,布,伂,U+4F02,0.62,False,NOT_IN_DICT,
stt4,page_0110,7,5,đinh,軍,軍,U+8ECD,0.7546,False,NOT_IN_DICT,
stt4,page_0110,7,6,chẳng,与,与,U+4E0E,0.9868,False,NOT_IN_DICT,
stt4,page_0110,7,7,được,扒,扒,U+6252,0.9873,False,NOT_IN_DICT,
stt4,page_0110,7,8,sau,麻,麻,U+9EBB,0.981,False,NOT_IN_DICT,
stt4,page_0110,7,9,nữa,㨂,㨂,U+3A02,0.9512,False,NOT_IN_DICT,
stt4,page_0110,7,10,nó,釘,釘,U+91D8,0.9103,False,NOT_IN_DICT,
stt4,page_0110,7,11,lấy,運,連,U+9023,0.561,False,NOT_IN_DICT,
stt4,page_0110,7,12,tấm,坦,坦,U+5766,0.9614,False,NOT_IN_DICT,
stt4,page_0110,7,13,sắt,攵,双,U+53CC,0.9275,False,NOT_IN_DICT,
stt4,page_0110,7,14,nung,商,离,U+79BB,0.3782,False,NOT_IN_DICT,
stt4,page_0110,7,15,lửa,坦,坦,U+5766,0.9482,False,NOT_IN_DICT,
stt4,page_0110,7,16,đỏ,意,意,U+610F,0.975,False,NOT_IN_DICT,
stt4,page_0110,7,17,áp,庄,庄,U+5E84,0.7608,False,NOT_IN_DICT,
stt4,page_0110,7,18,vào,石,召,U+53EC,0.6855,False,NOT_IN_DICT,
stt4,page_0110,7,19,ngực,年,年,U+5E74,0.9414,False,NOT_IN_DICT,
stt4,page_0110,7,20,người,枸,枸,U+67B8,0.665,False,NOT_IN_DICT,
stt4,page_0110,7,21,thì,梓,椊,U+690A,0.5723,False,NOT_IN_DICT,
stt4,page_0110,8,0,bởi,連,連,U+9023,0.7171,False,NOT_IN_DICT,
stt4,page_0110,8,1,ngực,互,亘,U+4E98,0.4439,False,NOT_IN_DICT,
stt4,page_0110,8,2,ấy,府,麻,U+9EBB,0.9785,False,NOT_IN_DICT,
stt4,page_0110,8,3,quen,㨂,㨂,U+3A02,0.8691,False,NOT_IN_DICT,
stt4,page_0110,8,4,lửa,奎,釘,U+91D8,0.3181,False,NOT_IN_DICT,
stt4,page_0110,8,5,trọng,生,生,U+751F,0.5523,False,NOT_IN_DICT,
stt4,page_0110,8,6,là,特,時,U+6642,0.0077,True,RESCUE_LOW_CONF,
stt4,page_0110,8,7,kính,舞,連,U+9023,0.4417,False,NOT_IN_DICT,
stt4,page_0110,8,8,mến,女,女,U+5973,0.9863,False,NOT_IN_DICT,
stt4,page_0110,8,9,đức,故,奴,U+5974,0.5482,False,NOT_IN_DICT,
stt4,page_0110,8,10,chúa,礼,礼,U+793C,0.9774,False,NOT_IN_DICT,
stt4,page_0110,8,11,trời,心,時,U+6642,0.2662,False,NOT_IN_DICT,
stt4,page_0110,8,12,thì,瑟,悲,U+60B2,0.1927,False,NOT_IN_DICT,
stt4,page_0110,8,13,chẳng,濃,容,U+5BB9,0.0639,False,NOT_IN_DICT,
stt4,page_0110,8,14,phải,煆,塊,U+584A,0.1319,True,RESCUE_LOW_CONF,
stt4,page_0110,8,15,lửa,者,堵,U+5835,0.6901,False,NOT_IN_DICT,
stt4,page_0110,8,16,thế,押,押,U+62BC,0.2839,False,NOT_IN_DICT,
stt4,page_0110,8,17,gian,包,包,U+5305,0.9764,False,NOT_IN_DICT,
stt4,page_0110,8,18,và,號,贖,U+8D16,0.0699,False,NOT_IN_DICT,
stt4,page_0110,8,19,ngực,㝵,𠊚,U+2029A,0.928,False,NOT_IN_DICT,
stt4,page_0110,8,20,mềm,時,時,U+6642,0.8851,False,NOT_IN_DICT,
stt4,page_0112,1,13,bấy,閼,閉,U+9589,0.6783,True,RESCUE_LOW_CONF,
stt4,page_0112,1,19,người,罸,𠊚,U+2029A,0.9903,True,RESCUE_GOLD_HIGH,
stt4,page_0112,3,16,gậy,想,吏,U+540F,0.3837,False,NOT_IN_DICT,
stt4,page_0112,3,18,mà,屏,麻,U+9EBB,0.1061,True,RESCUE_LOW_CONF,
stt4,page_0112,4,11,để,塵,底,U+5E95,0.9689,True,RESCUE_GOLD_HIGH,
stt4,page_0112,5,11,hai,似,固,U+56FA,0.5063,False,NOT_IN_DICT,
stt4,page_0112,7,3,li,湯,离,U+79BB,0.8075,True,RESCUE_GOLD_MED,
stt4,page_0112,7,10,là,突,号,U+53F7,0.0324,True,RESCUE_LOW_CONF,
stt4,page_0112,7,11,hai,宣,於,U+65BC,0.0842,False,NOT_IN_DICT,
stt4,page_0112,7,14,tháng,偏,徳,U+5FB3,0.1179,False,NOT_IN_DICT,
stt4,page_0112,8,7,vua,午,城,U+57CE,0.9518,False,NOT_IN_DICT,
stt4,page_0112,8,12,pha,危,衣,U+8863,0.946,False,NOT_IN_DICT,
stt4,page_0112,8,13,nha,丹,葩,U+8469,0.6958,False,NOT_IN_DICT,
stt4,page_0112,8,17,lau,妻,命,U+547D,0.6016,False,NOT_IN_DICT,
stt4,page_0112,9,9,ra,粟,生,U+751F,0.8081,False,NOT_IN_DICT,
stt4,page_0114,1,6,mẹ,魂,先,U+5148,0.0607,False,NOT_IN_DICT,
stt4,page_0114,1,10,rửa,后,渃,U+6E03,0.2259,False,NOT_IN_DICT,
stt4,page_0114,1,11,tội,策,罪,U+7F6A,0.5341,True,RESCUE_LOW_CONF,
stt4,page_0114,1,16,hát,欿,欱,U+6B31,0.0313,True,RESCUE_LOW_CONF,
stt4,page_0114,2,1,tiếng,嘴,省,U+7701,0.8074,True,RESCUE_GOLD_MED,
stt4,page_0114,2,12,ví,垂,磊,U+78CA,0.2608,False,NOT_IN_DICT,
stt4,page_0114,3,0,trẻ,桃,礼,U+793C,0.1892,True,RESCUE_LOW_CONF,
stt4,page_0114,3,4,đội,𦀇,底,U+5E95,0.1807,False,NOT_IN_DICT,
stt4,page_0114,3,9,tay,𢙢,思,U+601D,0.5843,True,RESCUE_LOW_CONF,
stt4,page_0114,3,12,gậy,搃,極,U+6975,0.3003,False,NOT_IN_DICT,
stt4,page_0114,3,13,bạc,内,泊,U+6CCA,0.5555,True,RESCUE_LOW_CONF,
stt4,page_0114,3,17,trẻ,𬒳,礼,U+793C,0.6602,True,RESCUE_LOW_CONF,
stt4,page_0114,3,21,li,番,离,U+79BB,0.3491,True,RESCUE_LOW_CONF,
stt4,page_0114,4,6,làm,分,乄,U+4E44,0.2403,True,RESCUE_LOW_CONF,
stt4,page_0114,5,4,bé,開,閉,U+9589,0.7166,True,RESCUE_GOLD_MED,
stt4,page_0114,5,9,chay,棄,㪯,U+3AAF,0.1533,False,NOT_IN_DICT,
stt4,page_0114,6,9,cha,凡,吒,U+5412,0.6268,True,RESCUE_LOW_CONF,
stt4,page_0114,6,18,vợ,番,益,U+76CA,0.373,False,NOT_IN_DICT,
stt4,page_0114,7,0,trọn,命,命,U+547D,0.5092,False,NOT_IN_DICT,
stt4,page_0114,7,15,chảy,址,麻,U+9EBB,0.13,False,NOT_IN_DICT,
stt4,page_0114,7,16,ra,淫,𠊚,U+2029A,0.2817,False,NOT_IN_DICT,
stt4,page_0114,8,2,côn,晁,晜,U+665C,0.681,True,RESCUE_LOW_CONF,
stt4,page_0114,8,3,ca,欹,歌,U+6B4C,0.3503,True,RESCUE_LOW_CONF,
stt4,page_0114,8,11,khác,條,庄,U+5E84,0.6953,False,NOT_IN_DICT,
stt4,page_0114,8,14,trời,夜,𡗶,U+215F6,0.1505,True,RESCUE_LOW_CONF,
stt4,page_0114,8,15,soi,壩,傷,U+50B7,0.0669,False,NOT_IN_DICT,
stt4,page_0114,8,20,soi,漏,渚,U+6E1A,0.2384,False,NOT_IN_DICT,
stt4,page_0114,9,0,dạy,娥,代,U+4EE3,0.8249,True,RESCUE_GOLD_MED,
stt4,page_0114,9,1,dỗ,牡,杜,U+675C,0.5561,True,RESCUE_LOW_CONF,
stt4,page_0114,9,2,nhiều,䇿,饒,U+9952,0.869,True,RESCUE_GOLD_HIGH,
stt4,page_0114,9,12,bụa,𨚫,鄧,U+9127,0.3832,False,NOT_IN_DICT,
stt4,page_0114,9,14,gậy,搃,徳,U+5FB3,0.1187,False,NOT_IN_DICT,
stt4,page_0114,9,20,có,图,固,U+56FA,0.8519,True,RESCUE_GOLD_HIGH,
stt4,page_0116,1,10,sốt,煇,焠,U+7120,0.0937,True,RESCUE_LOW_CONF,
stt4,page_0116,1,15,bán,丰,半,U+534A,0.1524,True,RESCUE_LOW_CONF,
stt4,page_0116,1,18,nuôi,按,挼,U+633C,0.0973,True,RESCUE_LOW_CONF,
stt4,page_0116,1,22,đầy,言,磊,U+78CA,0.1268,False,NOT_IN_DICT,
stt4,page_0116,2,8,việc,枚,役,U+5F79,0.8989,True,RESCUE_GOLD_HIGH,
stt4,page_0116,2,10,lồi,畜,當,U+7576,0.3888,False,NOT_IN_DICT,
stt4,page_0116,2,12,thưởng,冷,冷,U+51B7,0.4898,False,NOT_IN_DICT,
stt4,page_0116,2,13,ai,矣,埃,U+57C3,0.1005,True,RESCUE_LOW_CONF,
stt4,page_0116,3,0,tha,敝,赦,U+8D66,0.9442,True,RESCUE_GOLD_HIGH,
stt4,page_0116,3,1,đức,縂,徳,U+5FB3,0.6704,True,RESCUE_LOW_CONF,
stt4,page_0116,3,13,việc,從,㐌,U+340C,0.9324,False,NOT_IN_DICT,
stt4,page_0116,4,0,đến,白,旦,U+65E6,0.9376,True,RESCUE_GOLD_HIGH,
stt4,page_0116,4,1,nhà,和,茹,U+8339,0.3209,True,RESCUE_LOW_CONF,
stt4,page_0116,5,9,rằng,履,浪,U+6D6A,0.9456,True,RESCUE_GOLD_HIGH,
stt4,page_0116,5,13,li,靑,离,U+79BB,0.0343,True,RESCUE_LOW_CONF,
stt4,page_0116,5,15,làm,沙,時,U+6642,0.2773,False,NOT_IN_DICT,
stt4,page_0116,5,16,phúc,傷,福,U+798F,0.7611,True,RESCUE_GOLD_MED,
stt4,page_0116,6,4,thưởng,噎,賞,U+8CDE,0.0856,True,RESCUE_LOW_CONF,
stt4,page_0116,6,11,đi,老,多,U+591A,0.8843,True,RESCUE_GOLD_HIGH,
stt4,page_0116,6,18,là,完,号,U+53F7,0.0381,True,RESCUE_LOW_CONF,
stt4,page_0116,7,7,có,例,固,U+56FA,0.8533,True,RESCUE_GOLD_HIGH,
stt4,page_0116,7,10,gạo,概,拱,U+62F1,0.3284,False,NOT_IN_DICT,
stt4,page_0116,8,0,giục,迅,逐,U+9010,0.6078,True,RESCUE_LOW_CONF,
stt4,page_0116,8,5,dụn,庵,唐,U+5510,0.2087,False,NOT_IN_DICT,
stt4,page_0116,8,7,đầy,落,灵,U+7075,0.1071,False,NOT_IN_DICT,
stt4,page_0116,8,8,mới,貫,買,U+8CB7,0.6991,True,RESCUE_LOW_CONF,
stt4,page_0116,8,14,người,雲,𠊚,U+2029A,0.9895,True,RESCUE_GOLD_HIGH,
stt4,page_0116,8,18,khác,収,各,U+5404,0.5755,False,NOT_IN_DICT,
stt4,page_0116,8,19,đi,爹,多,U+591A,0.9386,True,RESCUE_GOLD_HIGH,
stt4,page_0116,8,20,mua,羲,謨,U+8B28,0.0902,True,RESCUE_LOW_CONF,
stt4,page_0116,9,0,gạo,秸,拮,U+62EE,0.5926,False,NOT_IN_DICT,
stt4,page_0116,9,12,cha,唯,吒,U+5412,0.0327,True,RESCUE_LOW_CONF,
stt4,page_0116,9,13,cả,翁,竒,U+7AD2,0.3537,True,RESCUE_LOW_CONF,
stt4,page_0118,1,1,chở,沮,阻,U+963B,0.1315,True,RESCUE_LOW_CONF,
stt4,page_0118,1,2,gạo,糙,拮,U+62EE,0.8489,False,NOT_IN_DICT,
stt4,page_0118,1,22,ai,矣,唉,U+5509,0.0947,True,RESCUE_LOW_CONF,
stt4,page_0118,2,6,đầy,言,没,U+6CA1,0.329,False,NOT_IN_DICT,
stt4,page_0118,2,8,chia,伎,吱,U+5431,0.2521,True,RESCUE_LOW_CONF,
stt4,page_0118,2,9,gạo,秸,拮,U+62EE,0.3922,False,NOT_IN_DICT,
stt4,page_0118,3,8,cũng,撫,拱,U+62F1,0.5573,True,RESCUE_LOW_CONF,
stt4,page_0118,4,5,chay,奎,蚤,U+86A4,0.1843,False,NOT_IN_DICT,
stt4,page_0118,4,9,quỷ,忍,鬼,U+9B3C,0.0568,True,RESCUE_LOW_CONF,
stt4,page_0118,4,10,đem,宄,㐌,U+340C,0.2442,False,NOT_IN_DICT,
stt4,page_0118,4,12,cá,丁,女,U+5973,0.1258,False,NOT_IN_DICT,
stt4,page_0118,4,13,lớn,廟,懶,U+61F6,0.7594,True,RESCUE_GOLD_MED,
stt4,page_0118,4,16,mâm,錠,棱,U+68F1,0.1723,False,NOT_IN_DICT,
stt4,page_0118,5,11,tao,兹,蚤,U+86A4,0.7514,True,RESCUE_GOLD_MED,
stt4,page_0118,5,12,mất,未,末,U+672B,0.9434,True,RESCUE_GOLD_HIGH,
stt4,page_0118,5,15,chay,案,蚤,U+86A4,0.4985,False,NOT_IN_DICT,
stt4,page_0118,5,20,cá,丁,下,U+4E0B,0.3586,False,NOT_IN_DICT,
stt4,page_0118,6,1,thì,唶,時,U+6642,0.6519,True,RESCUE_LOW_CONF,
stt4,page_0118,6,4,biến,遵,变,U+53D8,0.4621,True,RESCUE_LOW_CONF,
stt4,page_0118,6,6,quỷ,𠾖,鬼,U+9B3C,0.4698,True,RESCUE_LOW_CONF,
stt4,page_0118,6,9,bạc,均,泊,U+6CCA,0.4811,True,RESCUE_LOW_CONF,
stt4,page_0118,6,12,rằng,侯,浪,U+6D6A,0.9019,True,RESCUE_GOLD_HIGH,
stt4,page_0118,6,13,của,忘,尼,U+5C3C,0.8894,False,NOT_IN_DICT,
stt4,page_0118,6,14,này,古,古,U+53E4,0.9174,False,NOT_IN_DICT,
stt4,page_0118,6,15,dân,氏,民,U+6C11,0.0339,True,RESCUE_LOW_CONF,
stt4,page_0118,7,4,xin,宜,真,U+771F,0.3341,True,RESCUE_LOW_CONF,
stt4,page_0118,8,2,bạc,漏,泊,U+6CCA,0.2412,True,RESCUE_LOW_CONF,
stt4,page_0118,8,6,mà,庇,麻,U+9EBB,0.9813,True,RESCUE_GOLD_HIGH,
stt4,page_0118,8,8,mùi,朱,味,U+5473,0.71,True,RESCUE_GOLD_MED,
stt4,page_0118,8,13,hôi,辰,灰,U+7070,0.2207,True,RESCUE_LOW_CONF,
stt4,page_0118,9,18,thì,生,時,U+6642,0.7119,True,RESCUE_GOLD_MED,
stt4,page_0120,1,5,thật,覆,麻,U+9EBB,0.3116,False,NOT_IN_DICT,
stt4,page_0120,1,9,chuộc,續,固,U+56FA,0.8746,False,NOT_IN_DICT,
stt4,page_0120,2,2,sau,胠,鋪,U+92EA,0.1285,False,NOT_IN_DICT,
stt4,page_0120,2,5,giữ,樞,浪,U+6D6A,0.8807,False,NOT_IN_DICT,
stt4,page_0120,2,13,là,完,𠊚,U+2029A,0.1079,False,NOT_IN_DICT,
stt4,page_0120,2,18,ta,𭂫,些,U+4E9B,0.5009,True,RESCUE_LOW_CONF,
stt4,page_0120,3,4,mà,有,麻,U+9EBB,0.5097,True,RESCUE_LOW_CONF,
stt4,page_0120,3,14,sau,犎,欺,U+6B3A,0.1229,False,NOT_IN_DICT,
stt4,page_0120,3,18,tám,巷,道,U+9053,0.1972,False,NOT_IN_DICT,
stt4,page_0120,4,6,các,爹,各,U+5404,0.9714,True,RESCUE_GOLD_HIGH,
stt4,page_0120,4,7,sa,潘,沙,U+6C99,0.4822,True,RESCUE_LOW_CONF,
stt4,page_0120,4,8,ca,敬,歌,U+6B4C,0.5868,True,RESCUE_LOW_CONF,
stt4,page_0120,4,9,ra,猺,囉,U+56C9,0.036,True,RESCUE_LOW_CONF,
stt4,page_0120,4,10,men,歸,綿,U+7DBF,0.5469,True,RESCUE_LOW_CONF,
stt4,page_0120,4,15,tro,灰,灰,U+7070,0.3247,False,NOT_IN_DICT,
stt4,page_0120,5,17,chực,㝵,𠊚,U+2029A,0.8671,False,NOT_IN_DICT,
stt4,page_0120,5,19,hát,歌,次,U+6B21,0.225,False,NOT_IN_DICT,
stt4,page_0120,6,2,là,乳,号,U+53F7,0.0366,True,RESCUE_LOW_CONF,
stt4,page_0120,6,3,thầy,菜,柴,U+67F4,0.4294,True,RESCUE_LOW_CONF,
stt4,page_0120,7,3,viếng,未,𣱵,U+23C75,0.0582,True,RESCUE_LOW_CONF,
stt4,page_0120,7,7,bà,𭮀,把,U+628A,0.6189,True,RESCUE_LOW_CONF,
stt4,page_0120,7,8,trao,梓,捽,U+637D,0.1585,False,NOT_IN_DICT,
stt4,page_0120,7,11,lá,藿,羅,U+7F85,0.8804,False,NOT_IN_DICT,
stt4,page_0120,7,15,mẹ,磎,魂,U+9B42,0.221,False,NOT_IN_DICT,
stt4,page_0120,7,16,trao,拌,推,U+63A8,0.3528,False,NOT_IN_DICT,
stt4,page_0120,7,19,lá,蕪,事,U+4E8B,0.042,False,NOT_IN_DICT,
stt4,page_0120,8,2,vì,𫠓,爲,U+7232,0.8198,True,RESCUE_GOLD_MED,
stt4,page_0120,8,13,tùng,蘆,債,U+50B5,0.1651,False,NOT_IN_DICT,
stt4,page_0120,8,16,ông,公,翁,U+7FC1,0.9917,True,RESCUE_GOLD_HIGH,
stt4,page_0120,9,5,lạ,筵,悲,U+60B2,0.2421,False,NOT_IN_DICT,
stt4,page_0120,9,9,khỏi,恩,旦,U+65E6,0.2244,False,NOT_IN_DICT,
stt4,page_0120,9,15,pha,死,代,U+4EE3,0.0684,False,NOT_IN_DICT,
stt4,page_0120,9,17,lê,恭,黎,U+9ECE,0.0594,True,RESCUE_LOW_CONF,
stt4,page_0120,9,19,thứ,咨,次,U+6B21,0.0806,True,RESCUE_LOW_CONF,
stt4,page_0120,9,20,mười,遥,邁,U+9081,0.7398,True,RESCUE_GOLD_MED,
stt4,page_0122,1,1,mở,夷,美,U+7F8E,0.9295,True,RESCUE_GOLD_HIGH,
stt4,page_0122,1,2,xăng,稜,棱,U+68F1,0.8159,False,NOT_IN_DICT,
stt4,page_0122,1,4,ra,魂,囉,U+56C9,0.105,True,RESCUE_LOW_CONF,
stt4,page_0122,1,8,tươi,舞,鮮,U+9BAE,0.5807,True,RESCUE_LOW_CONF,
stt4,page_0122,1,13,nát,𡰱,固,U+56FA,0.6726,False,NOT_IN_DICT,
stt4,page_0122,1,15,lá,覄,共,U+5171,0.3967,False,NOT_IN_DICT,
stt4,page_0122,1,16,dừa,御,断,U+65AD,0.2809,False,NOT_IN_DICT,
stt4,page_0122,1,21,như,於,如,U+5982,0.1295,True,RESCUE_LOW_CONF,
stt4,page_0122,2,1,cầm,捨,扲,U+6272,0.9723,True,RESCUE_GOLD_HIGH,
stt4,page_0122,2,7,ấy,䰟,意,U+610F,0.9394,True,RESCUE_GOLD_HIGH,
stt4,page_0122,2,15,đội,感,低,U+4F4E,0.2962,False,NOT_IN_DICT,
stt4,page_0122,3,2,vậy,丘,丕,U+4E15,0.9822,True,RESCUE_GOLD_HIGH,
stt4,page_0122,4,5,ra,冥,囉,U+56C9,0.0022,True,RESCUE_LOW_CONF,
stt4,page_0122,4,8,đến,𭻃,旦,U+65E6,0.0234,True,RESCUE_LOW_CONF,
stt4,page_0122,4,11,này,扈,尼,U+5C3C,0.6319,True,RESCUE_LOW_CONF,
stt4,page_0122,4,12,khỏi,怱,恩,U+6069,0.0944,False,NOT_IN_DICT,
stt4,page_0122,4,14,nghìn,為,意,U+610F,0.3313,False,NOT_IN_DICT,
stt4,page_0122,4,15,hai,容,咍,U+548D,0.0422,True,RESCUE_LOW_CONF,
stt4,page_0122,4,17,tám,𤪽,糁,U+7CC1,0.0594,True,RESCUE_LOW_CONF,
stt4,page_0122,5,0,mươi,遷,邁,U+9081,0.9583,True,RESCUE_GOLD_HIGH,
stt4,page_0122,5,1,một,攺,没,U+6CA1,0.4528,True,RESCUE_LOW_CONF,
stt4,page_0122,6,8,ta,𤍠,衣,U+8863,0.9041,False,NOT_IN_DICT,
stt4,page_0122,6,9,li,寿,些,U+4E9B,0.7392,False,NOT_IN_DICT,
stt4,page_0122,6,11,mà,弃,麻,U+9EBB,0.2355,True,RESCUE_LOW_CONF,
stt4,page_0122,6,14,thúa,厕,主,U+4E3B,0.8906,False,NOT_IN_DICT,
stt4,page_0122,6,15,trời,奄,底,U+5E95,0.1627,False,NOT_IN_DICT,
stt4,page_0122,6,20,y,在,依,U+4F9D,0.231,True,RESCUE_LOW_CONF,
stt4,page_0122,7,5,pha,菴,葩,U+8469,0.6753,True,RESCUE_LOW_CONF,
stt4,page_0122,7,7,coi,錢,該,U+8A72,0.9181,False,NOT_IN_DICT,
stt4,page_0122,7,15,chức,𢧐,聀,U+8040,0.9017,True,RESCUE_GOLD_HIGH,
stt4,page_0122,8,14,dạy,眠,代,U+4EE3,0.6607,True,RESCUE_LOW_CONF,
stt4,page_0122,8,15,hợp,含,合,U+5408,0.018,True,RESCUE_LOW_CONF,
stt4,page_0122,8,20,si,御,篩,U+7BE9,0.1767,True,RESCUE_LOW_CONF,
stt4,page_0122,8,22,ni,念,尼,U+5C3C,0.7883,True,RESCUE_GOLD_MED,
stt4,page_0124,1,4,một,教,没,U+6CA1,0.4532,True,RESCUE_LOW_CONF,
stt4,page_0124,1,18,tô,疎,穌,U+7A4C,0.1732,True,RESCUE_LOW_CONF,
stt4,page_0124,1,19,soi,燭,楼,U+697C,0.1501,False,NOT_IN_DICT,
stt4,page_0124,1,23,hợp,含,合,U+5408,0.0234,True,RESCUE_LOW_CONF,
stt4,page_0124,2,6,nơi,志,尼,U+5C3C,0.0563,True,RESCUE_LOW_CONF,
stt4,page_0124,2,8,việc,𭣣,沒,U+6C92,0.0207,True,RESCUE_LOW_CONF,
stt4,page_0124,2,11,nhà,弘,如,U+5982,0.0915,True,RESCUE_LOW_CONF,
stt4,page_0124,2,16,phê,北,死,U+6B7B,0.0605,False,NOT_IN_DICT,
stt4,page_0124,2,17,ni,眉,眉,U+7709,0.4712,False,NOT_IN_DICT,
stt4,page_0124,3,5,chép,𠛴,創,U+5275,0.5873,False,NOT_IN_DICT,
stt4,page_0124,3,8,tin,偏,些,U+4E9B,0.9749,False,NOT_IN_DICT,
stt4,page_0124,3,16,cũng,止,共,U+5171,0.5781,True,RESCUE_LOW_CONF,
stt4,page_0124,3,17,chép,列,創,U+5275,0.5888,False,NOT_IN_DICT,
stt4,page_0124,3,20,tin,俟,信,U+4FE1,0.9455,True,RESCUE_GOLD_HIGH,
stt4,page_0124,4,1,tờ,調,詞,U+8A5E,0.1106,True,RESCUE_LOW_CONF,
stt4,page_0124,4,6,xăng,楼,把,U+628A,0.1382,False,NOT_IN_DICT,
stt4,page_0124,4,16,giung,終,終,U+7D42,0.1223,False,NOT_IN_DICT,
stt4,page_0124,4,22,biết,列,别,U+522B,0.9358,True,RESCUE_GOLD_HIGH,
stt4,page_0124,4,23,ben,边,边,U+8FB9,0.8204,False,NOT_IN_DICT,
stt4,page_0124,5,8,tờ,調,体,U+4F53,0.9587,False,NOT_IN_DICT,
stt4,page_0124,5,9,bên,也,边,U+8FB9,0.5772,True,RESCUE_LOW_CONF,
stt4,page_0124,5,11,gian,許,奸,U+5978,0.7661,True,RESCUE_GOLD_MED,
stt4,page_0124,6,0,cầm,捺,扲,U+6272,0.9654,True,RESCUE_GOLD_HIGH,
stt4,page_0124,6,9,trao,捧,群,U+7FA4,0.1492,False,NOT_IN_DICT,
stt4,page_0124,6,16,mát,洙,沫,U+6CAB,0.8301,True,RESCUE_GOLD_MED,
stt4,page_0124,6,22,vồ,與,無,U+7121,0.9717,False,NOT_IN_DICT,
stt4,page_0124,7,6,an,河,阿,U+963F,0.9302,False,NOT_IN_DICT,
stt4,page_0124,7,8,ni,審,离,U+79BB,0.8541,False,NOT_IN_DICT,
stt4,page_0124,7,17,này,意,意,U+610F,0.9579,False,NOT_IN_DICT,
stt4,page_0124,7,18,chàng,左,庄,U+5E84,0.8528,False,NOT_IN_DICT,
stt4,page_0124,7,20,cho,至,奄,U+5944,0.0909,False,NOT_IN_DICT,
stt4,page_0124,9,4,đoạn,敬,断,U+65AD,0.6497,True,RESCUE_LOW_CONF,
stt4,page_0126,1,4,chay,桑,蚤,U+86A4,0.532,False,NOT_IN_DICT,
stt4,page_0126,1,13,lời,荷,固,U+56FA,0.473,False,NOT_IN_DICT,
stt4,page_0126,1,19,ngày,嚼,時,U+6642,0.0046,True,RESCUE_LOW_CONF,
stt4,page_0126,2,14,đến,勻,旦,U+65E6,0.0846,True,RESCUE_LOW_CONF,
stt4,page_0126,2,20,xem,祧,袩,U+88A9,0.0973,True,RESCUE_LOW_CONF,
stt4,page_0126,3,11,là,晃,号,U+53F7,0.0219,True,RESCUE_LOW_CONF,
stt4,page_0126,3,13,năm,而,南,U+5357,0.824,True,RESCUE_GOLD_MED,
stt4,page_0126,3,14,đọc,請,讀,U+8B80,0.2042,True,RESCUE_LOW_CONF,
stt4,page_0126,4,0,sóc,𥘉,朔,U+6714,0.129,True,RESCUE_LOW_CONF,
stt4,page_0126,4,6,nết,星,𣵀,U+23D40,0.3722,True,RESCUE_LOW_CONF,
stt4,page_0126,4,15,tham,𮙿,貪,U+8CAA,0.4853,True,RESCUE_LOW_CONF,
stt4,page_0126,4,21,thịt,衲,於,U+65BC,0.3514,False,NOT_IN_DICT,
stt4,page_0126,5,0,xin,随,嗔,U+55D4,0.5404,True,RESCUE_LOW_CONF,
stt4,page_0126,5,13,hay,昭,咍,U+548D,0.2102,True,RESCUE_LOW_CONF,
stt4,page_0126,5,18,dái,民,曳,U+66F3,0.7308,True,RESCUE_GOLD_MED,
stt4,page_0126,6,7,khóc,𰩬,哭,U+54ED,0.8691,True,RESCUE_GOLD_HIGH,
stt4,page_0126,6,10,đêm,告,店,U+5E97,0.8646,True,RESCUE_GOLD_HIGH,
stt4,page_0126,7,0,trời,遍,𡗶,U+215F6,0.0191,True,RESCUE_LOW_CONF,
stt4,page_0126,7,2,tội,跟,罪,U+7F6A,0.8557,True,RESCUE_GOLD_HIGH,
stt4,page_0126,7,5,khỏi,想,塊,U+584A,0.0955,True,RESCUE_LOW_CONF,
stt4,page_0126,7,16,tao,蠡,浪,U+6D6A,0.0715,False,NOT_IN_DICT,
stt4,page_0126,8,8,le,清,离,U+79BB,0.8556,True,RESCUE_GOLD_HIGH,
stt4,page_0126,8,18,chọn,眶,撰,U+64B0,0.0825,True,RESCUE_LOW_CONF,
stt4,page_0126,9,12,hun,清,别,U+522B,0.1383,False,NOT_IN_DICT,
stt4,page_0126,9,13,nô,対,离,U+79BB,0.2002,False,NOT_IN_DICT,
stt4,page_0126,9,17,ti,年,𤰞,U+24C1E,0.6968,True,RESCUE_LOW_CONF,
stt4,page_0126,9,18,khốn,閑,困,U+56F0,0.3908,True,RESCUE_LOW_CONF,
stt4,page_0128,1,1,vào,巴,包,U+5305,0.761,True,RESCUE_GOLD_MED,
stt4,page_0128,1,2,nước,凨,渃,U+6E03,0.2125,True,RESCUE_LOW_CONF,
stt4,page_0128,1,5,li,廚,离,U+79BB,0.6988,True,RESCUE_LOW_CONF,
stt4,page_0128,1,16,thì,畔,時,U+6642,0.8059,True,RESCUE_GOLD_MED,
stt4,page_0128,1,21,thương,獨,傷,U+50B7,0.9246,True,RESCUE_GOLD_HIGH,
stt4,page_0128,2,4,tôi,厚,𠊚,U+2029A,0.9377,False,NOT_IN_DICT,
stt4,page_0128,2,14,đường,鹿,固,U+56FA,0.9367,False,NOT_IN_DICT,
stt4,page_0128,2,17,can,諌,願,U+9858,0.0699,False,NOT_IN_DICT,
stt4,page_0128,3,13,pha,記,葩,U+8469,0.6966,True,RESCUE_LOW_CONF,
stt4,page_0128,3,22,trở,多,咍,U+548D,0.2991,False,NOT_IN_DICT,
stt4,page_0128,4,4,con,各,各,U+5404,0.9618,False,NOT_IN_DICT,
stt4,page_0128,4,11,vua,嗣,連,U+9023,0.5422,False,NOT_IN_DICT,
stt4,page_0128,4,15,trở,器,徵,U+5FB5,0.2393,False,NOT_IN_DICT,
stt4,page_0128,4,16,về,尉,旦,U+65E6,0.8546,False,NOT_IN_DICT,
stt4,page_0128,4,21,vua,砜,襖,U+8956,0.2363,False,NOT_IN_DICT,
stt4,page_0128,5,0,vua,伺,悶,U+60B6,0.0882,False,NOT_IN_DICT,
stt4,page_0128,5,8,vua,鞫,調,U+8ABF,0.0561,False,NOT_IN_DICT,
stt4,page_0128,5,13,hai,物,咍,U+548D,0.3718,True,RESCUE_LOW_CONF,
stt4,page_0128,5,17,hai,假,𠊚,U+2029A,0.3858,False,NOT_IN_DICT,
stt4,page_0128,5,22,cầm,揜,扲,U+6272,0.2323,True,RESCUE_LOW_CONF,
stt4,page_0128,5,23,gươm,鐘,鎌,U+938C,0.1972,True,RESCUE_LOW_CONF,
stt4,page_0128,6,0,đe,竖,咍,U+548D,0.3144,False,NOT_IN_DICT,
stt4,page_0128,6,3,thì,魯,時,U+6642,0.1511,True,RESCUE_LOW_CONF,
stt4,page_0128,6,9,mới,貫,買,U+8CB7,0.8115,True,RESCUE_GOLD_MED,
stt4,page_0128,6,11,hai,臨,咍,U+548D,0.1323,True,RESCUE_LOW_CONF,
stt4,page_0128,6,19,rô,百,實,U+5BE6,0.1186,False,NOT_IN_DICT,
stt4,page_0128,7,16,và,晝,喡,U+55A1,0.5225,True,RESCUE_LOW_CONF,
stt4,page_0128,7,20,và,盡,喡,U+55A1,0.9008,True,RESCUE_GOLD_HIGH,
stt4,page_0128,8,2,li,壽,离,U+79BB,0.4796,True,RESCUE_LOW_CONF,
stt4,page_0128,8,8,khỏi,卷,包,U+5305,0.638,False,NOT_IN_DICT,
stt4,page_0128,8,12,van,窗,填,U+586B,0.22,False,NOT_IN_DICT,
stt4,page_0128,8,14,rô,乃,穷,U+7A77,0.3345,False,NOT_IN_DICT,
stt4,page_0128,8,15,lu,光,花,U+82B1,0.1151,False,NOT_IN_DICT,
stt4,page_0128,8,16,tên,用,先,U+5148,0.0353,True,RESCUE_LOW_CONF,
stt4,page_0128,8,17,đàn,墮,憾,U+61BE,0.1644,False,NOT_IN_DICT,
stt4,page_0128,9,0,cô,眩,姑,U+59D1,0.0289,True,RESCUE_LOW_CONF,
stt4,page_0128,9,2,phá,妓,破,U+7834,0.0437,True,RESCUE_LOW_CONF,
stt4,page_0128,9,6,phi,㕶,丕,U+4E15,0.0633,True,RESCUE_LOW_CONF,
stt4,page_0128,9,9,xuống,寶,寡,U+5BE1,0.1204,False,NOT_IN_DICT,
stt4,page_0128,9,13,a,囘,阿,U+963F,0.1413,True,RESCUE_LOW_CONF,
stt4,page_0128,9,16,tran,蜜,安,U+5B89,0.1565,False,NOT_IN_DICT,
stt4,page_0130,1,1,đốt,域,焠,U+7120,0.239,True,RESCUE_LOW_CONF,
stt4,page_0130,1,9,ra,绰,盆,U+76C6,0.1566,False,NOT_IN_DICT,
stt4,page_0130,1,10,rước,哭,巴,U+5DF4,0.0664,False,NOT_IN_DICT,
stt4,page_0130,2,2,đốt,刈,物,U+7269,0.1691,False,NOT_IN_DICT,
stt4,page_0130,2,13,ghét,統,結,U+7D50,0.9443,True,RESCUE_GOLD_HIGH,
stt4,page_0130,2,19,hết,敏,歇,U+6B47,0.7668,True,RESCUE_GOLD_MED,
stt4,page_0130,3,4,le,雷,离,U+79BB,0.2208,True,RESCUE_LOW_CONF,
stt4,page_0130,3,10,nhà,私,强,U+5F3A,0.4311,False,NOT_IN_DICT,
stt4,page_0130,4,4,chưng,殿,徵,U+5FB5,0.7452,True,RESCUE_GOLD_MED,
stt4,page_0130,4,16,dạy,以,代,U+4EE3,0.2885,True,RESCUE_LOW_CONF,
stt4,page_0130,5,0,thờ,銓,蜍,U+870D,0.9647,True,RESCUE_GOLD_HIGH,
stt4,page_0130,5,15,lần,冬,各,U+5404,0.4959,True,RESCUE_LOW_CONF,
stt4,page_0130,5,18,xin,冝,嗔,U+55D4,0.1133,True,RESCUE_LOW_CONF,
stt4,page_0130,6,13,hòm,禹,丐,U+4E10,0.1419,False,NOT_IN_DICT,
stt4,page_0130,7,1,chê,生,支,U+652F,0.0954,True,RESCUE_LOW_CONF,
stt4,page_0130,7,5,kéo,靨,矯,U+77EF,0.4052,True,RESCUE_LOW_CONF,
stt4,page_0130,7,9,chút,将,拙,U+62D9,0.0789,True,RESCUE_LOW_CONF,
stt4,page_0130,7,13,chốc,泖,泖,U+6CD6,0.2276,False,NOT_IN_DICT,
stt4,page_0130,7,14,máu,既,况,U+51B5,0.1875,False,NOT_IN_DICT,
stt4,page_0130,7,18,chảy,比,㐌,U+340C,0.133,False,NOT_IN_DICT,
stt4,page_0130,8,0,ghê,𮃛,稽,U+7A3D,0.7158,True,RESCUE_GOLD_MED,
stt4,page_0130,8,2,gô,弦,姑,U+59D1,0.9245,False,NOT_IN_DICT,
stt4,page_0130,9,3,hết,歙,歇,U+6B47,0.9696,True,RESCUE_GOLD_HIGH,
stt4,page_0130,9,16,hai,皈,事,U+4E8B,0.0673,False,NOT_IN_DICT,
stt4,page_0130,9,20,chốn,隼,准,U+51C6,0.285,True,RESCUE_LOW_CONF,
stt4,page_0132,2,11,bốn,𭺾,𠊚,U+2029A,0.1156,False,NOT_IN_DICT,
stt4,page_0132,2,15,một,授,没,U+6CA1,0.1528,True,RESCUE_LOW_CONF,
stt4,page_0132,3,1,hai,作,咍,U+548D,0.4287,True,RESCUE_LOW_CONF,
stt4,page_0132,3,4,sa,七,抄,U+6284,0.0717,True,RESCUE_LOW_CONF,
stt4,page_0132,4,8,du,逢,安,U+5B89,0.1266,False,NOT_IN_DICT,
stt4,page_0132,4,14,tợn,隻,美,U+7F8E,0.889,False,NOT_IN_DICT,
stt4,page_0132,4,16,song,丑,双,U+53CC,0.9764,True,RESCUE_GOLD_HIGH,
stt4,page_0132,4,17,le,宥,离,U+79BB,0.3553,True,RESCUE_LOW_CONF,
stt4,page_0132,5,12,gai,芝,荄,U+8344,0.5081,True,RESCUE_LOW_CONF,
stt4,page_0132,6,2,bui,刻,買,U+8CB7,0.0819,False,NOT_IN_DICT,
stt4,page_0132,7,0,hai,经,咍,U+548D,0.1611,True,RESCUE_LOW_CONF,
stt4,page_0132,7,2,xe,单,車,U+8ECA,0.4752,True,RESCUE_LOW_CONF,
stt4,page_0132,7,9,buộc,卦,年,U+5E74,0.1794,False,NOT_IN_DICT,
stt4,page_0132,7,12,kéo,紏,年,U+5E74,0.4372,False,NOT_IN_DICT,
stt4,page_0132,7,20,đòn,拖,拖,U+62D6,0.0554,False,NOT_IN_DICT,
stt4,page_0132,8,4,lên,更,連,U+9023,0.8421,True,RESCUE_GOLD_MED,
stt4,page_0132,8,9,bỏ,身,𠊚,U+2029A,0.9894,False,NOT_IN_DICT,
stt4,page_0132,8,10,người,補,補,U+88DC,0.8458,False,NOT_IN_DICT,
stt4,page_0132,9,1,xác,秃,壳,U+58F3,0.7292,True,RESCUE_GOLD_MED,
stt4,page_0132,9,2,dạt,逹,逹,U+9039,0.6956,False,NOT_IN_DICT,
stt4,page_0132,9,5,cát,首,意,U+610F,0.6746,False,NOT_IN_DICT,
stt4,page_0132,9,7,qua,焉,麻,U+9EBB,0.9352,False,NOT_IN_DICT,
stt4,page_0132,9,8,ác,鷗,旦,U+65E6,0.2054,False,NOT_IN_DICT,
stt4,page_0132,9,11,ăn,嶽,敢,U+6562,0.1447,False,NOT_IN_DICT,
stt4,page_0132,9,19,gìn,璽,㕓,U+3553,0.0757,True,RESCUE_LOW_CONF,
stt4,page_0134,1,1,sống,黏,瑟,U+745F,0.0977,False,NOT_IN_DICT,
stt4,page_0134,2,4,nô,叔,奴,U+5974,0.8194,True,RESCUE_GOLD_MED,
stt4,page_0134,2,13,chin,含,命,U+547D,0.2525,False,NOT_IN_DICT,
stt4,page_0134,2,14,tháng,僃,倘,U+5018,0.7769,True,RESCUE_GOLD_MED,
stt4,page_0134,3,21,đường,慶,唐,U+5510,0.9689,True,RESCUE_GOLD_HIGH,
stt4,page_0134,4,2,nghĩa,䓁,義,U+7FA9,0.0378,True,RESCUE_LOW_CONF,
stt4,page_0134,4,18,nến,襄,曩,U+66E9,0.3651,False,NOT_IN_DICT,
stt4,page_0134,5,3,nến,粻,窖,U+7A96,0.0901,False,NOT_IN_DICT,
stt4,page_0134,5,4,đốt,冶,代,U+4EE3,0.2388,False,NOT_IN_DICT,
stt4,page_0134,5,10,chốc,祀,祝,U+795D,0.7594,True,RESCUE_GOLD_MED,
stt4,page_0134,5,13,nến,粻,德,U+5FB7,0.0753,False,NOT_IN_DICT,
stt4,page_0134,6,0,xuống,竃,意,U+610F,0.2717,False,NOT_IN_DICT,
stt4,page_0134,6,3,người,専,𠊚,U+2029A,0.9266,True,RESCUE_GOLD_HIGH,
stt4,page_0134,6,10,đốt,炫,特,U+7279,0.1766,False,NOT_IN_DICT,
stt4,page_0134,7,7,soi,燭,矯,U+77EF,0.5279,False,NOT_IN_DICT,
stt4,page_0134,7,9,khi,玖,欺,U+6B3A,0.2216,True,RESCUE_LOW_CONF,
stt4,page_0134,7,11,lớn,履,願,U+9858,0.1056,False,NOT_IN_DICT,
stt4,page_0134,7,15,nghĩa,䓁,皮,U+76AE,0.1832,False,NOT_IN_DICT,
stt4,page_0134,7,17,nghề,丢,罢,U+7F62,0.8897,False,NOT_IN_DICT,
stt4,page_0134,7,19,và,算,喡,U+55A1,0.4554,True,RESCUE_LOW_CONF,
stt4,page_0134,8,7,kẻo,腐,意,U+610F,0.9885,False,NOT_IN_DICT,
stt4,page_0134,8,12,hát,蜀,斈,U+6588,0.3433,False,NOT_IN_DICT,
stt4,page_0134,8,19,liên,逢,連,U+9023,0.9004,True,RESCUE_GOLD_HIGH,
stt4,page_0134,9,9,chức,𢦶,聀,U+8040,0.0552,True,RESCUE_LOW_CONF,
stt4,page_0134,9,16,khoét,夹,求,U+6C42,0.5721,False,NOT_IN_DICT,
stt4,page_0134,9,18,núi,為,没,U+6CA1,0.4693,False,NOT_IN_DICT,
stt4,page_0134,9,19,một,教,没,U+6CA1,0.1899,True,RESCUE_LOW_CONF,
stt4,page_0134,9,20,lỗ,𦝫,𠊚,U+2029A,0.289,False,NOT_IN_DICT,
stt4,page_0136,1,1,dài,或,曳,U+66F3,0.8653,True,RESCUE_GOLD_HIGH,
stt4,page_0136,1,11,rưỡi,完,祝,U+795D,0.2472,False,NOT_IN_DICT,
stt4,page_0136,1,16,đứng,寺,寺,U+5BFA,0.6806,False,NOT_IN_DICT,
stt4,page_0136,2,1,đêm,𫞹,店,U+5E97,0.8714,True,RESCUE_GOLD_HIGH,
stt4,page_0136,2,2,ngắm,冷,吟,U+541F,0.4115,True,RESCUE_LOW_CONF,
stt4,page_0136,2,18,làm,凶,体,U+4F53,0.9867,False,NOT_IN_DICT,
stt4,page_0136,2,22,đấy,希,帝,U+5E1D,0.1305,True,RESCUE_LOW_CONF,
stt4,page_0136,3,2,giục,迅,逐,U+9010,0.801,True,RESCUE_GOLD_MED,
stt4,page_0136,3,6,về,甫,𧗱,U+275F1,0.5742,True,RESCUE_LOW_CONF,
stt4,page_0136,3,13,nó,如,奴,U+5974,0.1238,True,RESCUE_LOW_CONF,
stt4,page_0136,3,16,lưa,况,召,U+53EC,0.648,False,NOT_IN_DICT,
stt4,page_0136,3,17,nung,震,荄,U+8344,0.1352,False,NOT_IN_DICT,
stt4,page_0136,4,9,đi,𦒳,多,U+591A,0.5072,True,RESCUE_LOW_CONF,
stt4,page_0136,4,10,để,威,底,U+5E95,0.3641,True,RESCUE_LOW_CONF,
stt4,page_0136,5,8,le,游,离,U+79BB,0.7695,True,RESCUE_GOLD_MED,
stt4,page_0136,5,21,văng,木,連,U+9023,0.0841,False,NOT_IN_DICT,
stt4,page_0136,7,11,rô,由,由,U+7531,0.89,False,NOT_IN_DICT,
stt4,page_0136,7,15,chức,取,聀,U+8040,0.6573,True,RESCUE_LOW_CONF,
stt4,page_0136,7,16,mà,庇,麻,U+9EBB,0.9835,True,RESCUE_GOLD_HIGH,
stt4,page_0136,8,3,hai,咯,咍,U+548D,0.5865,True,RESCUE_LOW_CONF,
stt4,page_0136,8,4,con,灵,昆,U+6606,0.7861,True,RESCUE_GOLD_MED,
stt4,page_0136,8,10,ra,愕,囉,U+56C9,0.0604,True,RESCUE_LOW_CONF,
stt4,page_0136,9,9,cả,蜀,哿,U+54FF,0.0628,True,RESCUE_LOW_CONF,
stt4,page_0136,9,13,mà,牟,麻,U+9EBB,0.9544,True,RESCUE_GOLD_HIGH,
stt4,page_0136,9,16,mắt,求,末,U+672B,0.1748,True,RESCUE_LOW_CONF,
stt4,page_0138,1,5,giục,永,礼,U+793C,0.3149,False,NOT_IN_DICT,
stt4,page_0138,1,6,vua,頋,逐,U+9010,0.459,False,NOT_IN_DICT,
stt4,page_0138,1,7,đày,差,連,U+9023,0.0675,False,NOT_IN_DICT,
stt4,page_0138,1,16,nó,杖,奴,U+5974,0.8554,True,RESCUE_GOLD_HIGH,
stt4,page_0138,2,7,vua,伺,眉,U+7709,0.1446,False,NOT_IN_DICT,
stt4,page_0138,2,10,cất,抗,爲,U+7232,0.7481,False,NOT_IN_DICT,
stt4,page_0138,2,15,sông,祐,執,U+57F7,0.084,False,NOT_IN_DICT,
stt4,page_0138,2,21,đời,伦,代,U+4EE3,0.7998,True,RESCUE_GOLD_MED,
stt4,page_0138,3,0,song,虹,双,U+53CC,0.871,True,RESCUE_GOLD_HIGH,
stt4,page_0138,3,1,le,潘,离,U+79BB,0.2525,True,RESCUE_LOW_CONF,
stt4,page_0138,3,5,khóc,災,哭,U+54ED,0.973,True,RESCUE_GOLD_HIGH,
stt4,page_0138,3,12,vua,伺,固,U+56FA,0.0584,False,NOT_IN_DICT,
stt4,page_0138,3,18,mới,賔,買,U+8CB7,0.589,True,RESCUE_LOW_CONF,
stt4,page_0138,3,19,khỏi,恩,塊,U+584A,0.0833,True,RESCUE_LOW_CONF,
stt4,page_0138,3,21,khác,𢡖,恪,U+606A,0.0493,True,RESCUE_LOW_CONF,
stt4,page_0138,4,6,đòi,優,浪,U+6D6A,0.1335,False,NOT_IN_DICT,
stt4,page_0138,4,15,xã,𦥷,無,U+7121,0.3786,False,NOT_IN_DICT,
stt4,page_0138,4,16,ca,付,計,U+8A08,0.1506,False,NOT_IN_DICT,
stt4,page_0138,4,20,việc,假,役,U+5F79,0.4367,True,RESCUE_LOW_CONF,
stt4,page_0138,5,10,em,鞏,奄,U+5944,0.4018,True,RESCUE_LOW_CONF,
stt4,page_0138,5,11,vợ,盜,蚤,U+86A4,0.0946,False,NOT_IN_DICT,
stt4,page_0138,5,23,lồi,為,意,U+610F,0.1421,False,NOT_IN_DICT,
stt4,page_0138,6,14,công,勿,功,U+529F,0.6424,True,RESCUE_LOW_CONF,
stt4,page_0138,7,0,vua,翎,奴,U+5974,0.0468,False,NOT_IN_DICT,
stt4,page_0138,8,5,áo,閑,襖,U+8956,0.0635,True,RESCUE_LOW_CONF,
stt4,page_0138,8,6,hèn,襖,襖,U+8956,0.1919,False,NOT_IN_DICT,
stt4,page_0138,8,13,roi,襠,檑,U+6A91,0.1981,True,RESCUE_LOW_CONF,
stt4,page_0138,8,15,trao,捽,捽,U+637D,0.2041,False,NOT_IN_DICT,
stt4,page_0138,9,0,cật,肱,暗,U+6697,0.1639,False,NOT_IN_DICT,
stt4,page_0138,9,2,cùng,𠀍,共,U+5171,0.7406,True,RESCUE_GOLD_MED,
stt4,page_0138,9,7,tha,敎,赦,U+8D66,0.7705,True,RESCUE_GOLD_MED,
stt4,page_0138,9,17,vậy,玉,丕,U+4E15,0.3097,True,RESCUE_LOW_CONF,
stt4,page_0140,1,8,hôn,屠,意,U+610F,0.2514,False,NOT_IN_DICT,
stt4,page_0140,1,18,xức,飭,飭,U+98ED,0.9641,False,NOT_IN_DICT,
stt4,page_0140,2,3,dơ,序,抒,U+6292,0.17,True,RESCUE_LOW_CONF,
stt4,page_0140,2,4,dáy,錢,洩,U+6D29,0.0673,True,RESCUE_LOW_CONF,
stt4,page_0140,2,17,chịu,臣,罰,U+7F70,0.956,False,NOT_IN_DICT,
stt4,page_0140,3,7,chiu,物,阿,U+963F,0.1137,False,NOT_IN_DICT,
stt4,page_0140,3,10,thầy,老,柴,U+67F4,0.7651,True,RESCUE_GOLD_MED,
stt4,page_0140,4,16,việc,收,役,U+5F79,0.9031,True,RESCUE_GOLD_HIGH,
stt4,page_0140,4,18,thay,与,台,U+53F0,0.0616,True,RESCUE_LOW_CONF,
stt4,page_0140,4,19,vì,𦀇,位,U+4F4D,0.3459,True,RESCUE_LOW_CONF,
stt4,page_0140,5,6,hàng,仍,行,U+884C,0.8216,True,RESCUE_GOLD_MED,
stt4,page_0140,5,18,việc,做,役,U+5F79,0.6898,True,RESCUE_LOW_CONF,
stt4,page_0140,6,5,dại,吏,吏,U+540F,0.6817,False,NOT_IN_DICT,
stt4,page_0140,7,2,xin,莫,嗔,U+55D4,0.4989,True,RESCUE_LOW_CONF,
stt4,page_0140,7,15,thầy,楽,柴,U+67F4,0.2419,True,RESCUE_LOW_CONF,
stt4,page_0140,8,4,đức,儒,徳,U+5FB3,0.5627,True,RESCUE_LOW_CONF,
stt4,page_0140,9,7,khéo,寒,窖,U+7A96,0.0184,True,RESCUE_LOW_CONF,
stt4,page_0140,9,18,thưa,辰,浪,U+6D6A,0.9702,False,NOT_IN_DICT,
stt4,page_0140,9,19,rằng,踈,踈,U+8E08,0.9441,False,NOT_IN_DICT,
stt4,page_0142,1,10,nữa,玄,女,U+5973,0.9469,True,RESCUE_GOLD_HIGH,
stt4,page_0142,1,11,thầy,罘,柴,U+67F4,0.519,True,RESCUE_LOW_CONF,
stt4,page_0142,1,13,già,举,庄,U+5E84,0.6623,False,NOT_IN_DICT,
stt4,page_0142,1,18,dức,息,𠊚,U+2029A,0.1384,False,NOT_IN_DICT,
stt4,page_0142,2,4,sàn,利,批,U+6279,0.2347,False,NOT_IN_DICT,
stt4,page_0142,2,9,hai,物,体,U+4F53,0.0841,False,NOT_IN_DICT,
stt4,page_0142,2,10,phần,劣,分,U+5206,0.3522,True,RESCUE_LOW_CONF,
stt4,page_0142,2,11,thắng,茍,道,U+9053,0.0593,False,NOT_IN_DICT,
stt4,page_0142,2,21,thầy,杀,柴,U+67F4,0.8883,True,RESCUE_GOLD_HIGH,
stt4,page_0142,3,6,sa,炒,沙,U+6C99,0.5128,True,RESCUE_LOW_CONF,
stt4,page_0142,3,9,gãy,机,批,U+6279,0.5498,False,NOT_IN_DICT,
stt4,page_0142,3,11,tay,緦,思,U+601D,0.3881,True,RESCUE_LOW_CONF,
stt4,page_0142,4,6,tà,邢,耶,U+8036,0.0324,True,RESCUE_LOW_CONF,
stt4,page_0142,4,11,đứa,發,巴,U+5DF4,0.1373,False,NOT_IN_DICT,
stt4,page_0142,4,13,bạc,后,泊,U+6CCA,0.0527,True,RESCUE_LOW_CONF,
stt4,page_0142,4,14,giả,倣,假,U+5047,0.548,True,RESCUE_LOW_CONF,
stt4,page_0142,5,8,nó,攻,奴,U+5974,0.9644,True,RESCUE_GOLD_HIGH,
stt4,page_0142,6,2,đứa,度,碎,U+788E,0.4032,False,NOT_IN_DICT,
stt4,page_0142,6,7,làm,勿,庄,U+5E84,0.4296,False,NOT_IN_DICT,
stt4,page_0142,6,11,vua,陶,除,U+9664,0.8311,False,NOT_IN_DICT,
stt4,page_0142,6,12,mới,賓,固,U+56FA,0.0511,False,NOT_IN_DICT,
stt4,page_0142,6,18,chê,伎,几,U+51E0,0.0791,False,NOT_IN_DICT,
stt4,page_0142,6,19,thầy,来,浪,U+6D6A,0.0711,False,NOT_IN_DICT,
stt4,page_0142,7,2,le,病,离,U+79BB,0.3426,True,RESCUE_LOW_CONF,
stt4,page_0142,7,20,chim,鶋,眉,U+7709,0.0575,False,NOT_IN_DICT,
stt4,page_0142,8,0,câu,匈,句,U+53E5,0.1055,True,RESCUE_LOW_CONF,
stt4,page_0142,8,5,và,筭,喡,U+55A1,0.239,True,RESCUE_LOW_CONF,
stt4,page_0142,9,13,lỗi,益,磊,U+78CA,0.0908,True,RESCUE_LOW_CONF,
stt4,page_0144,1,5,rất,深,慄,U+6144,0.488,True,RESCUE_LOW_CONF,
stt4,page_0144,1,8,bà,𭮀,把,U+628A,0.647,True,RESCUE_LOW_CONF,
stt4,page_0144,1,17,đưa,赱,迻,U+8FFB,0.0722,True,RESCUE_LOW_CONF,
stt4,page_0144,2,15,mở,焉,事,U+4E8B,0.191,False,NOT_IN_DICT,
stt4,page_0144,2,18,linh,矣,𠊚,U+2029A,0.0781,False,NOT_IN_DICT,
stt4,page_0144,2,19,hồn,怱,𠊚,U+2029A,0.1131,False,NOT_IN_DICT,
stt4,page_0144,4,4,thưa,筞,踈,U+8E08,0.8945,True,RESCUE_GOLD_HIGH,
stt4,page_0144,4,5,rằng,展,浪,U+6D6A,0.951,True,RESCUE_GOLD_HIGH,
stt4,page_0144,4,15,giảng,尊,調,U+8ABF,0.1888,False,NOT_IN_DICT,
stt4,page_0144,5,1,vẻ,被,彼,U+5F7C,0.2426,True,RESCUE_LOW_CONF,
stt4,page_0144,5,10,hôm,教,慰,U+6170,0.2348,False,NOT_IN_DICT,
stt4,page_0144,5,11,nay,𢖽,意,U+610F,0.1488,False,NOT_IN_DICT,
stt4,page_0144,6,5,ngày,等,時,U+6642,0.3226,True,RESCUE_LOW_CONF,
stt4,page_0144,6,7,bảy,雲,罢,U+7F62,0.9667,True,RESCUE_GOLD_HIGH,
stt4,page_0144,6,15,đến,紀,𠊚,U+2029A,0.816,False,NOT_IN_DICT,
stt4,page_0144,7,9,quê,至,圭,U+572D,0.7768,True,RESCUE_GOLD_MED,
stt4,page_0144,7,10,thật,嗇,實,U+5BE6,0.6248,True,RESCUE_LOW_CONF,
stt4,page_0144,8,4,su,妖,秋,U+79CB,0.8196,True,RESCUE_GOLD_MED,
stt4,page_0144,8,5,ra,兜,加,U+52A0,0.0101,True,RESCUE_LOW_CONF,
stt4,page_0144,9,5,mi,蜀,眉,U+7709,0.7557,True,RESCUE_GOLD_MED,
stt4,page_0144,9,7,giê,文,支,U+652F,0.6183,True,RESCUE_LOW_CONF,
stt4,page_0144,9,8,du,廷,尋,U+5C0B,0.1635,False,NOT_IN_DICT,
stt4,page_0144,9,10,vì,考,為,U+70BA,0.2569,True,RESCUE_LOW_CONF,
stt4,page_0146,1,19,ông thánh này là con cả vua lê-ô-vi-giê du trị nước vi-,罢,罢,U+7F62,0.9738,False,NOT_IN_DICT,
stt4,page_0146,1,20,si-gô-dô. mà bởi cha,死,吒,U+5412,0.6503,False,NOT_IN_DICT,
stt4,page_0146,2,17,theo sự thắng a-ri-ô bày đặt răng đức chúa giê-su,徳,徳,U+5FB3,0.7667,False,NOT_IN_DICT,
stt4,page_0146,2,18,chăng có tính bằng đức chúa,主,主,U+4E3B,0.8402,False,NOT_IN_DICT,
stt4,page_0146,3,18,"cha, thì ghét con lắm, vì tin đạo nghịch cùng cha thì thà",乇,吒,U+5412,0.8258,False,NOT_IN_DICT,
stt4,page_0146,3,19,chết chăng thà bỏ. vậy cha bắt,扵,扒,U+6252,0.9069,False,NOT_IN_DICT,
stt4,page_0146,4,19,"con cầm tù rạc lậu ngày, cùng cất chức và mọi sự trọng",乇,吒,U+5412,0.5997,False,NOT_IN_DICT,
stt4,page_0146,4,20,"vê làm vua, mà con trọng cha trọng",重,重,U+91CD,0.9327,False,NOT_IN_DICT,
stt4,page_0146,5,18,vô cùng và trông nước trên trời hơn nước thế gian thì,礼,礼,U+793C,0.9921,False,NOT_IN_DICT,
stt4,page_0146,5,19,chẳng kể sự ấy. đến ngày lễ phục,後,徳,U+5FB3,0.1076,False,NOT_IN_DICT,
stt4,page_0146,6,19,"sinh, vua sai thầy đạo rối đem cô-mô-nhong cho con, có",病,离,U+79BB,0.657,False,NOT_IN_DICT,
stt4,page_0146,6,20,ý cho theo đạo ấy. song le người,𭔿,𠊚,U+2029A,0.9782,False,NOT_IN_DICT,
stt4,page_0146,7,20,chẳng chịu vì ghét kẻ đem đến là kẻ chẳng tin đức chúa,乇,吒,U+5412,0.8381,False,NOT_IN_DICT,
stt4,page_0146,7,21,"giê-su cho nên. vì sư ấy, cha giận",陣,陣,U+9663,0.6268,False,NOT_IN_DICT,
stt4,page_0146,8,18,"lắm thì sai một quan lấy búa bổ đầu con, mà con chịu",星,召,U+53EC,0.8171,False,NOT_IN_DICT,
stt4,page_0146,8,19,"chết bằng lòng, thà chịu mất",末,末,U+672B,0.7479,False,NOT_IN_DICT,
stt4,page_0146,9,20,nước cùng mất sống chẳng thà chịu người ta cất sự chức,𠑶,跪,U+8DEA,0.3245,False,NOT_IN_DICT,
stt4,page_0146,9,21,trọng là bỏ đức chúa giê-su. đoạn cha chăng,在,庄,U+5E84,0.6219,False,NOT_IN_DICT,
stt4,page_0148,1,4,vậy,五,丕,U+4E15,0.8547,True,RESCUE_GOLD_HIGH,
stt4,page_0148,1,9,songle,者,离,U+79BB,0.5965,False,NOT_IN_DICT,
stt4,page_0148,2,4,năn,難,業,U+696D,0.0985,False,NOT_IN_DICT,
stt4,page_0148,2,14,chịu,尼,召,U+53EC,0.9262,True,RESCUE_GOLD_HIGH,
stt4,page_0148,3,1,con,厰,浪,U+6D6A,0.1502,False,NOT_IN_DICT,
stt4,page_0148,3,3,hai,右,咍,U+548D,0.0207,True,RESCUE_LOW_CONF,
stt4,page_0148,3,7,ca,敬,𰙔,U+30654,0.2285,True,RESCUE_LOW_CONF,
stt4,page_0148,3,11,trối,时,時,U+6642,0.2442,False,NOT_IN_DICT,
stt4,page_0148,3,16,thăng,与,倘,U+5018,0.1984,False,NOT_IN_DICT,
stt4,page_0148,3,18,ri,投,移,U+79FB,0.3049,False,NOT_IN_DICT,
stt4,page_0148,4,9,anh,妾,孾,U+5B7E,0.164,True,RESCUE_LOW_CONF,
stt4,page_0148,5,3,rồi,厥,徳,U+5FB3,0.2435,False,NOT_IN_DICT,
stt4,page_0148,5,14,sau,弹,陣,U+9663,0.4347,False,NOT_IN_DICT,
stt4,page_0148,5,17,nước,厉,渃,U+6E03,0.6342,True,RESCUE_LOW_CONF,
stt4,page_0148,6,0,si,笠,旦,U+65E6,0.0451,False,NOT_IN_DICT,
stt4,page_0148,6,1,pha,絕,葩,U+8469,0.5231,True,RESCUE_LOW_CONF,
stt4,page_0148,6,6,si,櫛,篩,U+7BE9,0.6999,True,RESCUE_LOW_CONF,
stt4,page_0148,6,7,gô,竝,姑,U+59D1,0.5925,False,NOT_IN_DICT,
stt4,page_0148,6,8,du,迁,武,U+6B66,0.0407,False,NOT_IN_DICT,
stt4,page_0148,6,16,rồi,时,对,U+5BF9,0.2502,False,NOT_IN_DICT,
stt4,page_0148,8,11,va,寘,喡,U+55A1,0.8651,False,NOT_IN_DICT,
stt4,page_0148,8,12,li,有,离,U+79BB,0.3318,True,RESCUE_LOW_CONF,
stt4,page_0148,9,4,đạo,邇,道,U+9053,0.9706,True,RESCUE_GOLD_HIGH,
stt4,page_0150,1,1,hai,𦀇,咍,U+548D,0.0621,True,RESCUE_LOW_CONF,
stt4,page_0150,1,5,này,尤,尼,U+5C3C,0.8002,True,RESCUE_GOLD_MED,
stt4,page_0150,1,12,xê,樓,楼,U+697C,0.1435,False,NOT_IN_DICT,
stt4,page_0150,1,13,si,薩,瘥,U+7625,0.2553,True,RESCUE_LOW_CONF,
stt4,page_0150,1,14,li,㸔,离,U+79BB,0.5041,True,RESCUE_LOW_CONF,
stt4,page_0150,1,15,a,冈,阿,U+963F,0.9491,True,RESCUE_GOLD_HIGH,
stt4,page_0150,1,16,ngày,呼,時,U+6642,0.1781,True,RESCUE_LOW_CONF,
stt4,page_0150,1,17,hai,略,咍,U+548D,0.3515,True,RESCUE_LOW_CONF,
stt4,page_0150,1,19,hai,咲,咍,U+548D,0.174,True,RESCUE_LOW_CONF,
stt4,page_0150,2,3,xem,他,袩,U+88A9,0.1119,True,RESCUE_LOW_CONF,
stt4,page_0150,2,14,nói,纳,除,U+9664,0.9056,False,NOT_IN_DICT,
stt4,page_0150,2,15,1t,丕,呐,U+5450,0.8157,False,NOT_IN_DICT,
stt4,page_0150,2,16,vậy,乙,丕,U+4E15,0.9628,True,RESCUE_GOLD_HIGH,
stt4,page_0150,2,17,v,爲,爲,U+7232,0.7798,False,NOT_IN_DICT,
stt4,page_0150,2,18,ray,蜀,烏,U+70CF,0.2022,False,NOT_IN_DICT,
stt4,page_0150,2,19,la,宅,鬼,U+9B3C,0.2606,False,NOT_IN_DICT,
stt4,page_0150,2,20,ngay,得,𠊚,U+2029A,0.9312,False,NOT_IN_DICT,
stt4,page_0150,3,8,va,韋,喡,U+55A1,0.8049,False,NOT_IN_DICT,
stt4,page_0150,3,9,li,渚,离,U+79BB,0.1895,True,RESCUE_LOW_CONF,
stt4,page_0150,3,17,bà,肥,礼,U+793C,0.8289,False,NOT_IN_DICT,
stt4,page_0150,3,18,xê,捿,把,U+628A,0.7545,False,NOT_IN_DICT,
stt4,page_0150,4,0,vợ,蟠,嬏,U+5B0F,0.767,True,RESCUE_GOLD_MED,
stt4,page_0150,5,18,là,𠕋,号,U+53F7,0.0762,True,RESCUE_LOW_CONF,
stt4,page_0150,6,2,su,欲,秋,U+79CB,0.9515,True,RESCUE_GOLD_HIGH,
stt4,page_0150,6,14,rửa,虚,渃,U+6E03,0.4803,False,NOT_IN_DICT,
stt4,page_0150,7,0,và,緯,喡,U+55A1,0.9004,True,RESCUE_GOLD_HIGH,
stt4,page_0150,7,16,đoạn,卻,断,U+65AD,0.9046,True,RESCUE_GOLD_HIGH,
stt4,page_0150,8,4,mắng,㸔,省,U+7701,0.4763,False,NOT_IN_DICT,
stt4,page_0150,8,5,tiếng,馵,羅,U+7F85,0.1856,False,NOT_IN_DICT,
stt4,page_0150,9,6,dạy,𢧐,代,U+4EE3,0.4372,True,RESCUE_LOW_CONF,
stt4,page_0150,9,7,giết,許,調,U+8ABF,0.2395,False,NOT_IN_DICT,
stt4,page_0150,9,18,em,鏡,群,U+7FA4,0.1681,False,NOT_IN_DICT,
stt4,page_0152,1,2,đầy,荅,苔,U+82D4,0.08,True,RESCUE_LOW_CONF,
stt4,page_0152,1,10,hơn,𭣣,欣,U+6B23,0.0682,True,RESCUE_LOW_CONF,
stt4,page_0152,1,12,ta,典,無,U+7121,0.6908,False,NOT_IN_DICT,
stt4,page_0152,1,19,ví,亥,意,U+610F,0.0957,False,NOT_IN_DICT,
stt4,page_0152,2,8,đẹp,榮,枼,U+67BC,0.1672,True,RESCUE_LOW_CONF,
stt4,page_0152,3,8,lăm,𣜦,廩,U+5EE9,0.374,False,NOT_IN_DICT,
stt4,page_0152,3,15,đòn,按,打,U+6253,0.9065,False,NOT_IN_DICT,
stt4,page_0152,3,21,việc,位,役,U+5F79,0.52,True,RESCUE_LOW_CONF,
stt4,page_0152,4,3,kia,瓦,其,U+5176,0.8884,True,RESCUE_GOLD_HIGH,
stt4,page_0152,4,10,là,𧹒,号,U+53F7,0.0439,True,RESCUE_LOW_CONF,
stt4,page_0152,4,14,nhà,云,茄,U+8304,0.2802,True,RESCUE_LOW_CONF,
stt4,page_0152,4,18,dọn,拖,極,U+6975,0.0978,False,NOT_IN_DICT,
stt4,page_0152,5,7,hai,喧,飭,U+98ED,0.5752,False,NOT_IN_DICT,
stt4,page_0152,5,18,sống,君,瑟,U+745F,0.1797,False,NOT_IN_DICT,
stt4,page_0152,6,12,sống,君,弄,U+5F04,0.0548,True,RESCUE_LOW_CONF,
stt4,page_0152,7,0,làm,后,乄,U+4E44,0.0252,True,RESCUE_LOW_CONF,
stt4,page_0152,7,10,hết,𭣰,歇,U+6B47,0.4481,True,RESCUE_LOW_CONF,
stt4,page_0152,7,14,sống,救,拮,U+62EE,0.1149,False,NOT_IN_DICT,
stt4,page_0152,8,3,sống,敖,末,U+672B,0.076,False,NOT_IN_DICT,
stt4,page_0152,8,5,hay,唯,咍,U+548D,0.6567,True,RESCUE_LOW_CONF,
stt4,page_0152,8,10,hai,彼,咍,U+548D,0.419,True,RESCUE_LOW_CONF,
stt4,page_0152,8,12,em,唵,俺,U+4FFA,0.0631,True,RESCUE_LOW_CONF,
stt4,page_0152,9,7,tỏ,詐,訴,U+8A34,0.1769,True,RESCUE_LOW_CONF,
stt4,page_0152,9,14,khỏi,僊,塊,U+584A,0.683,True,RESCUE_LOW_CONF,
stt4,page_0154,1,1,cả,𡬦,哿,U+54FF,0.5286,True,RESCUE_LOW_CONF,
stt4,page_0154,1,4,xê,棲,楼,U+697C,0.1827,False,NOT_IN_DICT,
stt4,page_0154,1,6,li,爾,离,U+79BB,0.8275,True,RESCUE_GOLD_MED,
stt4,page_0154,1,12,giã,渚,者,U+8005,0.214,True,RESCUE_LOW_CONF,
stt4,page_0154,1,13,hai,容,咍,U+548D,0.4525,True,RESCUE_LOW_CONF,
stt4,page_0154,2,6,rửa,既,渃,U+6E03,0.6283,False,NOT_IN_DICT,
stt4,page_0154,2,7,tội,還,罪,U+7F6A,0.9277,True,RESCUE_GOLD_HIGH,
stt4,page_0154,2,9,ma,焉,罰,U+7F70,0.2214,False,NOT_IN_DICT,
stt4,page_0154,2,14,ngày,喝,時,U+6642,0.3278,True,RESCUE_LOW_CONF,
stt4,page_0154,2,16,cà,笥,哿,U+54FF,0.513,False,NOT_IN_DICT,
stt4,page_0154,2,17,đổi,歲,没,U+6CA1,0.0915,False,NOT_IN_DICT,
stt4,page_0154,2,18,hai,𦀇,咍,U+548D,0.0889,True,RESCUE_LOW_CONF,
stt4,page_0154,2,19,anh,矣,英,U+82F1,0.1414,True,RESCUE_LOW_CONF,
stt4,page_0154,2,20,em,電,俺,U+4FFA,0.0803,True,RESCUE_LOW_CONF,
stt4,page_0154,3,10,chém,勿,奴,U+5974,0.4848,False,NOT_IN_DICT,
stt4,page_0154,3,13,hai,比,翁,U+7FC1,0.9406,False,NOT_IN_DICT,
stt4,page_0154,4,0,thà,詩,時,U+6642,0.8355,True,RESCUE_GOLD_MED,
stt4,page_0154,4,1,chết,𭣣,折,U+6298,0.825,True,RESCUE_GOLD_MED,
stt4,page_0154,4,5,hai,合,咍,U+548D,0.0458,True,RESCUE_LOW_CONF,
stt4,page_0154,4,6,bấy,闘,閉,U+9589,0.5352,True,RESCUE_LOW_CONF,
stt4,page_0154,4,17,hai,空,体,U+4F53,0.2261,False,NOT_IN_DICT,
stt4,page_0154,4,19,hồn,慇,魂,U+9B42,0.5727,True,RESCUE_LOW_CONF,
stt4,page_0154,5,4,lành,爷,冷,U+51B7,0.8345,True,RESCUE_GOLD_MED,
stt4,page_0154,5,8,ra,巽,麻,U+9EBB,0.4129,False,NOT_IN_DICT,
stt4,page_0154,5,12,cả,附,翁,U+7FC1,0.3233,False,NOT_IN_DICT,
stt4,page_0154,5,21,dùi,揵,移,U+79FB,0.2052,False,NOT_IN_DICT,
stt4,page_0154,6,0,chì,録,徴,U+5FB4,0.1549,False,NOT_IN_DICT,
stt4,page_0154,6,15,si,棲,瘥,U+7625,0.1078,True,RESCUE_LOW_CONF,
stt4,page_0154,6,16,li,輝,离,U+79BB,0.575,True,RESCUE_LOW_CONF,
stt4,page_0154,6,17,a,済,阿,U+963F,0.9397,True,RESCUE_GOLD_HIGH,
stt4,page_0154,6,18,xin,宜,真,U+771F,0.2193,True,RESCUE_LOW_CONF,
stt4,page_0154,6,19,được,将,時,U+6642,0.524,True,RESCUE_LOW_CONF,
stt4,page_0154,7,6,nơi,屆,尼,U+5C3C,0.9056,True,RESCUE_GOLD_HIGH,
stt4,page_0154,7,9,ghê,醫,稽,U+7A3D,0.139,True,RESCUE_LOW_CONF,
stt4,page_0154,7,14,hai,冷,咍,U+548D,0.0423,True,RESCUE_LOW_CONF,
stt4,page_0154,8,2,với,见,貝,U+8C9D,0.4946,True,RESCUE_LOW_CONF,
stt4,page_0154,8,8,đàng,耄,堂,U+5802,0.8748,True,RESCUE_GOLD_HIGH,
stt4,page_0154,9,13,hai,欲,咍,U+548D,0.3966,True,RESCUE_LOW_CONF,
stt4,page_0156,1,2,li,扇,离,U+79BB,0.671,True,RESCUE_LOW_CONF,
stt4,page_0156,2,3,li,㸔,离,U+79BB,0.4702,True,RESCUE_LOW_CONF,
stt4,page_0156,2,11,cha,此,蘭,U+862D,0.9449,False,NOT_IN_DICT,
stt4,page_0156,2,15,mẹ,嘆,實,U+5BE6,0.1387,False,NOT_IN_DICT,
stt4,page_0156,2,19,rô,句,省,U+7701,0.1217,False,NOT_IN_DICT,
stt4,page_0156,3,1,la,罡,罢,U+7F62,0.5263,False,NOT_IN_DICT,
stt4,page_0156,3,7,le,耇,重,U+91CD,0.1355,False,NOT_IN_DICT,
stt4,page_0156,3,21,ra,樂,囉,U+56C9,0.0301,True,RESCUE_LOW_CONF,
stt4,page_0156,4,2,sang,鄞,郎,U+90CE,0.6381,True,RESCUE_LOW_CONF,
stt4,page_0156,4,4,là,発,重,U+91CD,0.3339,False,NOT_IN_DICT,
stt4,page_0156,4,14,mở,羡,美,U+7F8E,0.9597,True,RESCUE_GOLD_HIGH,
stt4,page_0156,5,10,mười,𨕙,邁,U+9081,0.9662,True,RESCUE_GOLD_HIGH,
stt4,page_0156,5,11,hai,名,咍,U+548D,0.2527,True,RESCUE_LOW_CONF,
stt4,page_0156,5,12,tuổi,戲,歲,U+6B72,0.7174,True,RESCUE_GOLD_MED,
stt4,page_0156,5,13,cha,旡,吒,U+5412,0.8579,True,RESCUE_GOLD_HIGH,
stt4,page_0156,5,14,mẹ,埂,美,U+7F8E,0.2572,True,RESCUE_LOW_CONF,
stt4,page_0156,5,16,gả,訶,阿,U+963F,0.2922,False,NOT_IN_DICT,
stt4,page_0156,5,19,nó,固,固,U+56FA,0.908,False,NOT_IN_DICT,
stt4,page_0156,6,2,hỏi,匆,每,U+6BCF,0.7702,True,RESCUE_GOLD_MED,
stt4,page_0156,6,6,chịu,星,召,U+53EC,0.7861,True,RESCUE_GOLD_MED,
stt4,page_0156,6,20,207,兹,中,U+4E2D,0.0527,False,NOT_IN_DICT,
stt4,page_0156,7,14,mà,硃,麻,U+9EBB,0.4951,True,RESCUE_LOW_CONF,
stt4,page_0156,8,16,vợ,帑,意,U+610F,0.1307,False,NOT_IN_DICT,
stt4,page_0156,8,17,vậy,花,𠊚,U+2029A,0.0652,False,NOT_IN_DICT,
stt4,page_0156,8,21,còn,肆,道,U+9053,0.1467,False,NOT_IN_DICT,
stt4,page_0156,9,0,nói,的,呐,U+5450,0.3569,True,RESCUE_LOW_CONF,
stt4,page_0156,9,3,ấy,慰,意,U+610F,0.917,True,RESCUE_GOLD_HIGH,
stt4,page_0156,9,5,le,音,离,U+79BB,0.3699,True,RESCUE_LOW_CONF,
stt4,page_0156,9,9,chịu,𠰥,召,U+53EC,0.8734,True,RESCUE_GOLD_HIGH,
stt4,page_0156,9,11,lời,初,徳,U+5FB3,0.3568,False,NOT_IN_DICT,
stt4,page_0156,9,13,xin,蜜,女,U+5973,0.331,False,NOT_IN_DICT,
stt4,page_0156,9,22,nguyên,禎,事,U+4E8B,0.2158,False,NOT_IN_DICT,
stt4,page_0158,1,7,khi,收,欺,U+6B3A,0.9655,True,RESCUE_GOLD_HIGH,
stt4,page_0158,1,14,ngày,冠,𠊚,U+2029A,0.3282,False,NOT_IN_DICT,
stt4,page_0158,1,19,chạy,衆,及,U+53CA,0.1486,False,NOT_IN_DICT,
stt4,page_0158,1,20,chơi,創,制,U+5236,0.4267,True,RESCUE_LOW_CONF,
stt4,page_0158,1,22,sông,境,凜,U+51DC,0.2467,False,NOT_IN_DICT,
stt4,page_0158,2,0,nước,若,渃,U+6E03,0.287,True,RESCUE_LOW_CONF,
stt4,page_0158,2,3,có,圎,固,U+56FA,0.7697,True,RESCUE_GOLD_MED,
stt4,page_0158,2,5,thắng,氣,昆,U+6606,0.415,False,NOT_IN_DICT,
stt4,page_0158,2,11,nước,處,渃,U+6E03,0.3685,True,RESCUE_LOW_CONF,
stt4,page_0158,2,19,gãy,机,批,U+6279,0.2952,False,NOT_IN_DICT,
stt4,page_0158,2,20,xương,偈,晜,U+665C,0.2021,False,NOT_IN_DICT,
stt4,page_0158,3,0,sườn,朏,外,U+5916,0.0728,False,NOT_IN_DICT,
stt4,page_0158,3,1,cụt,聵,暗,U+6697,0.8149,False,NOT_IN_DICT,
stt4,page_0158,3,7,thầy,罘,柴,U+67F4,0.6783,True,RESCUE_LOW_CONF,
stt4,page_0158,3,8,thuốc,荣,束,U+675F,0.6828,True,RESCUE_LOW_CONF,
stt4,page_0158,3,18,mẹ,磎,美,U+7F8E,0.0986,True,RESCUE_LOW_CONF,
stt4,page_0158,4,10,vì,𫠓,爲,U+7232,0.8622,True,RESCUE_GOLD_HIGH,
stt4,page_0158,4,19,xem,移,袩,U+88A9,0.2555,True,RESCUE_LOW_CONF,
stt4,page_0158,5,0,mà,弈,麻,U+9EBB,0.9884,True,RESCUE_GOLD_HIGH,
stt4,page_0158,5,7,bằng,弄,弄,U+5F04,0.9951,False,NOT_IN_DICT,
stt4,page_0158,5,8,lòng,平,平,U+5E73,0.1988,False,NOT_IN_DICT,
stt4,page_0158,6,14,khỏe,珪,時,U+6642,0.2549,False,NOT_IN_DICT,
stt4,page_0158,6,17,ngày,罸,時,U+6642,0.1316,True,RESCUE_LOW_CONF,
stt4,page_0158,7,5,khỏe,珪,時,U+6642,0.5501,False,NOT_IN_DICT,
stt4,page_0158,7,8,đêm,虎,店,U+5E97,0.8663,True,RESCUE_GOLD_HIGH,
stt4,page_0158,7,16,càng,珪,強,U+5F37,0.0221,True,RESCUE_LOW_CONF,
stt4,page_0158,7,17,nhọc,身,𠊚,U+2029A,0.1847,False,NOT_IN_DICT,
stt4,page_0158,7,18,cả,外,奇,U+5947,0.334,True,RESCUE_LOW_CONF,
stt4,page_0158,7,19,và,嘗,喡,U+55A1,0.652,True,RESCUE_LOW_CONF,
stt4,page_0158,8,0,đau,汸,𥘉,U+25609,0.0767,False,NOT_IN_DICT,
stt4,page_0158,8,2,trở,𦀇,四,U+56DB,0.2894,False,NOT_IN_DICT,
stt4,page_0158,8,4,trở,益,召,U+53EC,0.1184,False,NOT_IN_DICT,
stt4,page_0158,8,15,gối,殮,噲,U+5672,0.2307,True,RESCUE_LOW_CONF,
stt4,page_0158,9,3,ghiếc,怖,跡,U+8DE1,0.0748,False,NOT_IN_DICT,
stt4,page_0158,9,10,ròi,𣗥,楼,U+697C,0.1796,False,NOT_IN_DICT,
stt4,page_0160,1,0,giãn,蘭,間,U+9593,0.8161,False,NOT_IN_DICT,
stt4,page_0160,1,1,ra,兜,塊,U+584A,0.1589,False,NOT_IN_DICT,
stt4,page_0160,1,5,như,畆,如,U+5982,0.499,True,RESCUE_LOW_CONF,
stt4,page_0160,1,13,mắt,鏤,楼,U+697C,0.1417,False,NOT_IN_DICT,
stt4,page_0160,1,14,sâu,末,娄,U+5A04,0.1038,True,RESCUE_LOW_CONF,
stt4,page_0160,1,15,răng,磋,稜,U+7A1C,0.1917,False,NOT_IN_DICT,
stt4,page_0160,1,16,đau,𭤧,皮,U+76AE,0.3338,False,NOT_IN_DICT,
stt4,page_0160,1,17,họng,室,重,U+91CD,0.7468,False,NOT_IN_DICT,
stt4,page_0160,1,19,miệng,亚,罢,U+7F62,0.4376,False,NOT_IN_DICT,
stt4,page_0160,1,22,và,雲,喡,U+55A1,0.4561,True,RESCUE_LOW_CONF,
stt4,page_0160,2,3,ra,侘,欣,U+6B23,0.1226,False,NOT_IN_DICT,
stt4,page_0160,2,9,nát,星,𣵀,U+23D40,0.7335,True,RESCUE_GOLD_MED,
stt4,page_0160,2,16,đau,窃,傷,U+50B7,0.0467,False,NOT_IN_DICT,
stt4,page_0160,3,0,như,恥,茄,U+8304,0.1373,True,RESCUE_LOW_CONF,
stt4,page_0160,3,1,lửa,始,召,U+53EC,0.1024,False,NOT_IN_DICT,
stt4,page_0160,3,4,nơi,𭁵,尼,U+5C3C,0.1109,True,RESCUE_LOW_CONF,
stt4,page_0160,3,13,lăm,益,執,U+57F7,0.1988,False,NOT_IN_DICT,
stt4,page_0160,4,5,khi,政,欺,U+6B3A,0.9309,True,RESCUE_GOLD_HIGH,
stt4,page_0160,4,13,như,一,如,U+5982,0.2801,True,RESCUE_LOW_CONF,
stt4,page_0160,4,15,lần,產,吝,U+541D,0.4502,True,RESCUE_LOW_CONF,
stt4,page_0160,4,20,một,發,没,U+6CA1,0.662,True,RESCUE_LOW_CONF,
stt4,page_0160,4,22,mỡ,鳳,時,U+6642,0.0413,False,NOT_IN_DICT,
stt4,page_0160,5,0,gà,𭸟,倘,U+5018,0.219,False,NOT_IN_DICT,
stt4,page_0160,5,1,trống,弑,瑟,U+745F,0.1958,False,NOT_IN_DICT,
stt4,page_0160,5,3,xin,堕,真,U+771F,0.5038,True,RESCUE_LOW_CONF,
stt4,page_0160,5,6,dọn,毬,地,U+5730,0.2982,False,NOT_IN_DICT,
stt4,page_0160,5,11,gà,𭸟,矯,U+77EF,0.0997,False,NOT_IN_DICT,
stt4,page_0160,5,12,lợn,客,低,U+4F4E,0.4483,False,NOT_IN_DICT,
stt4,page_0160,5,14,nhà,云,如,U+5982,0.0952,True,RESCUE_LOW_CONF,
stt4,page_0160,6,13,hư,慮,古,U+53E4,0.6758,False,NOT_IN_DICT,
stt4,page_0160,6,19,cũng,必,特,U+7279,0.895,False,NOT_IN_DICT,
stt4,page_0160,6,22,chê,仗,支,U+652F,0.0907,True,RESCUE_LOW_CONF,
stt4,page_0160,7,6,ta,𤍠,些,U+4E9B,0.983,True,RESCUE_GOLD_HIGH,
stt4,page_0160,7,11,trời,圎,𡗶,U+215F6,0.0004,True,RESCUE_LOW_CONF,
stt4,page_0160,7,13,lần,意,固,U+56FA,0.9493,False,NOT_IN_DICT,
stt4,page_0160,7,23,thuyền,般,施,U+65BD,0.1747,False,NOT_IN_DICT,
stt4,page_0160,8,3,cầm,揜,扲,U+6272,0.2452,True,RESCUE_LOW_CONF,
stt4,page_0160,8,4,lái,𥚃,於,U+65BC,0.1817,False,NOT_IN_DICT,
stt4,page_0160,8,8,sóng,屏,𣱵,U+23C75,0.1041,False,NOT_IN_DICT,
stt4,page_0160,8,13,chịu,花,召,U+53EC,0.1169,True,RESCUE_LOW_CONF,
stt4,page_0160,8,16,như,批,如,U+5982,0.3277,True,RESCUE_LOW_CONF,
stt4,page_0160,8,21,trước,累,畧,U+7567,0.4436,True,RESCUE_LOW_CONF,
stt4,page_0160,9,13,a,疾,唉,U+5509,0.394,False,NOT_IN_DICT,
stt4,page_0160,9,14,đến,丑,旦,U+65E6,0.7456,True,RESCUE_GOLD_MED,
stt4,page_0162,1,4,cả,冬,哿,U+54FF,0.3381,True,RESCUE_LOW_CONF,
stt4,page_0162,2,5,tê,精,朱,U+6731,0.4519,False,NOT_IN_DICT,
stt4,page_0162,2,15,b,補,補,U+88DC,0.5966,False,NOT_IN_DICT,
stt4,page_0162,2,17,về,侑,𧗱,U+275F1,0.4986,True,RESCUE_LOW_CONF,
stt4,page_0162,2,19,cài,故,改,U+6539,0.8175,False,NOT_IN_DICT,
stt4,page_0162,2,22,vui,𭔹,釘,U+91D8,0.181,False,NOT_IN_DICT,
stt4,page_0162,2,23,ngâm,冷,吟,U+541F,0.0542,True,RESCUE_LOW_CONF,
stt4,page_0162,3,0,gian,悶,間,U+9593,0.8071,True,RESCUE_GOLD_MED,
stt4,page_0162,3,6,nạn,准,难,U+96BE,0.0059,True,RESCUE_LOW_CONF,
stt4,page_0162,3,8,đường,虎,唐,U+5510,0.7667,True,RESCUE_GOLD_MED,
stt4,page_0162,3,17,ngắm,今,吟,U+541F,0.3562,True,RESCUE_LOW_CONF,
stt4,page_0162,4,2,chịu,况,召,U+53EC,0.8225,True,RESCUE_GOLD_MED,
stt4,page_0162,4,5,rút,猝,椊,U+690A,0.5684,True,RESCUE_LOW_CONF,
stt4,page_0162,4,10,cùng,些,下,U+4E0B,0.4664,False,NOT_IN_DICT,
stt4,page_0162,4,14,cả,冊,哿,U+54FF,0.1434,True,RESCUE_LOW_CONF,
stt4,page_0162,4,16,dấu,雨,願,U+9858,0.2229,False,NOT_IN_DICT,
stt4,page_0162,4,20,vậy,足,丕,U+4E15,0.8631,True,RESCUE_GOLD_HIGH,
stt4,page_0162,5,1,về,雨,𧗱,U+275F1,0.6479,True,RESCUE_LOW_CONF,
stt4,page_0162,5,17,nay,卷,尼,U+5C3C,0.9723,True,RESCUE_GOLD_HIGH,
stt4,page_0162,6,9,chịu,应,召,U+53EC,0.1657,True,RESCUE_LOW_CONF,
stt4,page_0162,6,12,rày,員,昆,U+6606,0.2921,False,NOT_IN_DICT,
stt4,page_0162,7,8,nước,益,沚,U+6C9A,0.2473,False,NOT_IN_DICT,
stt4,page_0162,8,0,xin,𡩷,嗔,U+55D4,0.5031,True,RESCUE_LOW_CONF,
stt4,page_0162,8,4,su,戮,秋,U+79CB,0.9141,True,RESCUE_GOLD_HIGH,
stt4,page_0162,8,5,thêm,爺,每,U+6BCF,0.1927,False,NOT_IN_DICT,
stt4,page_0162,8,8,hơn,欽,欣,U+6B23,0.6502,True,RESCUE_LOW_CONF,
stt4,page_0162,8,12,lần,妾,吝,U+541D,0.5662,True,RESCUE_LOW_CONF,
stt4,page_0162,9,19,ví,宫,没,U+6CA1,0.3648,False,NOT_IN_DICT,
stt4,page_0164,1,7,tôi,辱,罰,U+7F70,0.2582,False,NOT_IN_DICT,
stt4,page_0164,1,12,tôi,庫,碎,U+788E,0.6837,True,RESCUE_LOW_CONF,
stt4,page_0164,2,3,cạnh,薏,意,U+610F,0.0726,False,NOT_IN_DICT,
stt4,page_0164,2,4,sườn,朏,賊,U+8CCA,0.2556,False,NOT_IN_DICT,
stt4,page_0164,2,17,ngôi,䆫,勉,U+52C9,0.0702,False,NOT_IN_DICT,
stt4,page_0164,3,14,mẹ,痍,唉,U+5509,0.196,False,NOT_IN_DICT,
stt4,page_0164,3,20,xin,堕,嗔,U+55D4,0.547,True,RESCUE_LOW_CONF,
stt4,page_0164,5,3,mẹ,痍,美,U+7F8E,0.0827,True,RESCUE_LOW_CONF,
stt4,page_0164,6,15,mẹ,𩬊,碎,U+788E,0.7724,False,NOT_IN_DICT,
stt4,page_0164,6,17,hết,飮,別,U+5225,0.0608,True,RESCUE_LOW_CONF,
stt4,page_0164,7,11,thắt,鉄,穌,U+7A4C,0.6219,False,NOT_IN_DICT,
stt4,page_0164,7,12,dây,銕,徵,U+5FB5,0.0775,False,NOT_IN_DICT,
stt4,page_0164,7,21,qua,遏,過,U+904E,0.7469,True,RESCUE_GOLD_MED,
stt4,page_0164,8,1,mắng,葬,莽,U+83BD,0.0407,True,RESCUE_LOW_CONF,
stt4,page_0164,8,5,chịu,五,召,U+53EC,0.8966,True,RESCUE_GOLD_HIGH,
stt4,page_0164,8,9,thì,咩,時,U+6642,0.6753,True,RESCUE_LOW_CONF,
stt4,page_0164,8,14,xem,𭃡,底,U+5E95,0.1796,False,NOT_IN_DICT,
stt4,page_0164,9,4,xứ,虞,䖏,U+458F,0.0754,True,RESCUE_LOW_CONF,
stt4,page_0164,9,11,thấy,休,体,U+4F53,0.029,True,RESCUE_LOW_CONF,
stt4,page_0164,9,13,rất,摽,庫,U+5EAB,0.1229,False,NOT_IN_DICT,
stt4,page_0164,9,17,về,侑,世,U+4E16,0.2144,False,NOT_IN_DICT,
stt4,page_0164,9,21,giàu,霸,昆,U+6606,0.0867,False,NOT_IN_DICT,
stt4,page_0166,1,1,về,事,事,U+4E8B,0.9525,False,NOT_IN_DICT,
stt4,page_0166,1,2,sự,樹,𧗱,U+275F1,0.6012,False,NOT_IN_DICT,
stt4,page_0166,1,5,thì,桀,時,U+6642,0.7788,True,RESCUE_GOLD_MED,
stt4,page_0166,1,10,ong,翰,翁,U+7FC1,0.3706,True,RESCUE_LOW_CONF,
stt4,page_0166,2,1,hỏi,畮,每,U+6BCF,0.9673,True,RESCUE_GOLD_HIGH,
stt4,page_0166,2,18,song,叔,双,U+53CC,0.9404,True,RESCUE_GOLD_HIGH,
stt4,page_0166,2,19,le,者,离,U+79BB,0.441,True,RESCUE_LOW_CONF,
stt4,page_0166,4,9,phải,序,伂,U+4F02,0.1407,True,RESCUE_LOW_CONF,
stt4,page_0166,5,1,trời,厠,𡗶,U+215F6,0.0173,True,RESCUE_LOW_CONF,
stt4,page_0166,5,4,nhiều,法,饒,U+9952,0.2764,True,RESCUE_LOW_CONF,
stt4,page_0166,5,5,phép,饒,饒,U+9952,0.821,False,NOT_IN_DICT,
stt4,page_0166,5,7,vì,駑,爲,U+7232,0.9819,True,RESCUE_GOLD_HIGH,
stt4,page_0166,5,9,hay,坐,咍,U+548D,0.2012,True,RESCUE_LOW_CONF,
stt4,page_0166,5,19,đùi,叚,浪,U+6D6A,0.1844,False,NOT_IN_DICT,
stt4,page_0166,5,22,làm,凶,乄,U+4E44,0.0591,True,RESCUE_LOW_CONF,
stt4,page_0166,6,10,chia,殳,麻,U+9EBB,0.9543,False,NOT_IN_DICT,
stt4,page_0166,6,11,ra,発,時,U+6642,0.1007,False,NOT_IN_DICT,
stt4,page_0166,6,15,nhà,病,茹,U+8339,0.0486,True,RESCUE_LOW_CONF,
stt4,page_0166,6,18,chia,丈,支,U+652F,0.5657,True,RESCUE_LOW_CONF,
stt4,page_0166,6,22,nồi,鉞,獄,U+7344,0.2695,False,NOT_IN_DICT,
stt4,page_0166,7,3,đầy,荒,道,U+9053,0.0813,False,NOT_IN_DICT,
stt4,page_0166,7,10,em,窀,奄,U+5944,0.194,True,RESCUE_LOW_CONF,
stt4,page_0166,7,15,li,病,离,U+79BB,0.7209,True,RESCUE_GOLD_MED,
stt4,page_0166,8,8,tám,憗,糁,U+7CC1,0.057,True,RESCUE_LOW_CONF,
stt4,page_0166,8,10,bạc,頌,泊,U+6CCA,0.2591,True,RESCUE_LOW_CONF,
stt4,page_0166,8,17,rể,播,翁,U+7FC1,0.2353,False,NOT_IN_DICT,
stt4,page_0166,8,19,dặn,单,車,U+8ECA,0.3037,False,NOT_IN_DICT,
stt4,page_0166,8,20,rằng,哀,浪,U+6D6A,0.53,True,RESCUE_LOW_CONF,
stt4,page_0166,9,0,xem,𭃡,袩,U+88A9,0.1559,True,RESCUE_LOW_CONF,
stt4,page_0166,9,1,em,殗,俺,U+4FFA,0.0425,True,RESCUE_LOW_CONF,
stt4,page_0166,9,7,bạc,珀,朱,U+6731,0.2876,False,NOT_IN_DICT,
stt4,page_0168,1,1,túi,殚,碎,U+788E,0.6181,True,RESCUE_LOW_CONF,
stt4,page_0168,1,3,bốn,奉,末,U+672B,0.1664,False,NOT_IN_DICT,
stt4,page_0168,1,5,nén,褒,浪,U+6D6A,0.195,False,NOT_IN_DICT,
stt4,page_0168,1,8,tin,侯,信,U+4FE1,0.5717,True,RESCUE_LOW_CONF,
stt4,page_0168,1,16,rãi,持,待,U+5F85,0.817,True,RESCUE_GOLD_MED,
stt4,page_0168,2,4,bạc,为,泊,U+6CCA,0.5649,True,RESCUE_LOW_CONF,
stt4,page_0168,2,14,ta,恐,些,U+4E9B,0.9846,True,RESCUE_GOLD_HIGH,
stt4,page_0168,3,2,hay,顺,咍,U+548D,0.32,True,RESCUE_LOW_CONF,
stt4,page_0168,3,14,nhường,襲,讓,U+8B93,0.0986,True,RESCUE_LOW_CONF,
stt4,page_0168,3,16,ước,均,约,U+7EA6,0.0166,True,RESCUE_LOW_CONF,
stt4,page_0168,3,17,ao,物,㓜,U+34DC,0.6049,True,RESCUE_LOW_CONF,
stt4,page_0168,3,21,để,易,晜,U+665C,0.1801,False,NOT_IN_DICT,
stt4,page_0168,4,4,hay,當,咍,U+548D,0.2464,True,RESCUE_LOW_CONF,
stt4,page_0168,4,9,lần,喜,吝,U+541D,0.5801,True,RESCUE_LOW_CONF,
stt4,page_0168,4,10,mẹ,變,模,U+6A21,0.13,False,NOT_IN_DICT,
stt4,page_0168,4,12,giận,庫,陣,U+9663,0.1075,True,RESCUE_LOW_CONF,
stt4,page_0168,4,16,li,壽,离,U+79BB,0.6862,True,RESCUE_LOW_CONF,
stt4,page_0168,5,2,nhổ,生,枉,U+6789,0.1447,False,NOT_IN_DICT,
stt4,page_0168,5,7,chịu,是,召,U+53EC,0.6848,True,RESCUE_LOW_CONF,
stt4,page_0168,5,13,hỏi,妥,每,U+6BCF,0.9238,True,RESCUE_GOLD_HIGH,
stt4,page_0168,5,16,bà,肥,把,U+628A,0.4551,True,RESCUE_LOW_CONF,
stt4,page_0168,5,17,hay,𢙢,把,U+628A,0.4496,False,NOT_IN_DICT,
stt4,page_0168,6,2,tôi,平,碎,U+788E,0.9482,True,RESCUE_GOLD_HIGH,
stt4,page_0168,6,12,tôi,庫,碎,U+788E,0.9393,True,RESCUE_GOLD_HIGH,
stt4,page_0168,6,13,chịu,左,年,U+5E74,0.2452,False,NOT_IN_DICT,
stt4,page_0168,7,1,hai,佐,咍,U+548D,0.0427,True,RESCUE_LOW_CONF,
stt4,page_0168,7,5,được,詩,保,U+4FDD,0.2065,False,NOT_IN_DICT,
stt4,page_0168,7,11,lặng,朝,麻,U+9EBB,0.1596,False,NOT_IN_DICT,
stt4,page_0168,7,12,kẻo,鳳,喬,U+55AC,0.4837,True,RESCUE_LOW_CONF,
stt4,page_0168,7,15,càng,座,重,U+91CD,0.1709,False,NOT_IN_DICT,
stt4,page_0168,7,16,giận,单,車,U+8ECA,0.2821,False,NOT_IN_DICT,
stt4,page_0168,8,3,ai,𬾗,唉,U+5509,0.0757,True,RESCUE_LOW_CONF,
stt4,page_0168,8,5,khuyên,勘,勧,U+52E7,0.5476,True,RESCUE_LOW_CONF,
stt4,page_0168,9,4,lụy,翠,累,U+7D2F,0.1337,True,RESCUE_LOW_CONF,
stt4,page_0168,9,19,quỷ,忍,昆,U+6606,0.3254,False,NOT_IN_DICT,
stt4,page_0170,1,7,hồn,認,魂,U+9B42,0.4369,True,RESCUE_LOW_CONF,
stt4,page_0170,1,18,vui,到,打,U+6253,0.1864,False,NOT_IN_DICT,
stt4,page_0170,2,10,các,图,唐,U+5510,0.0799,False,NOT_IN_DICT,
stt4,page_0170,2,17,hạt,致,紇,U+7D07,0.0688,True,RESCUE_LOW_CONF,
stt4,page_0170,2,18,trai,㪯,蚤,U+86A4,0.2557,False,NOT_IN_DICT,
stt4,page_0170,3,1,đau,窃,饬,U+996C,0.1393,False,NOT_IN_DICT,
stt4,page_0170,3,3,lấy,永,礼,U+793C,0.6467,True,RESCUE_LOW_CONF,
stt4,page_0170,3,5,vui,斸,鄧,U+9127,0.2365,False,NOT_IN_DICT,
stt4,page_0170,3,8,lóc,元,天,U+5929,0.4636,False,NOT_IN_DICT,
stt4,page_0170,3,10,nước,溢,渃,U+6E03,0.5283,True,RESCUE_LOW_CONF,
stt4,page_0170,3,17,dòi,臻,穌,U+7A4C,0.7819,False,NOT_IN_DICT,
stt4,page_0170,3,21,ra,嚼,共,U+5171,0.953,False,NOT_IN_DICT,
stt4,page_0170,4,12,thiếu,士,少,U+5C11,0.0568,True,RESCUE_LOW_CONF,
stt4,page_0170,5,2,thiếu,古,些,U+4E9B,0.1683,False,NOT_IN_DICT,
stt4,page_0170,5,6,bấy,淘,閉,U+9589,0.4453,True,RESCUE_LOW_CONF,
stt4,page_0170,5,9,ta,惡,些,U+4E9B,0.606,True,RESCUE_LOW_CONF,
stt4,page_0170,5,16,nói,必,麻,U+9EBB,0.907,False,NOT_IN_DICT,
stt4,page_0170,5,18,vậy,元,丕,U+4E15,0.9878,True,RESCUE_GOLD_HIGH,
stt4,page_0170,6,13,thiếu,古,如,U+5982,0.1479,False,NOT_IN_DICT,
stt4,page_0170,6,17,khó,華,庫,U+5EAB,0.3158,True,RESCUE_LOW_CONF,
stt4,page_0170,7,18,rằng,展,浪,U+6D6A,0.3347,True,RESCUE_LOW_CONF,
stt4,page_0170,8,1,giô,穌,穌,U+7A4C,0.8702,False,NOT_IN_DICT,
stt4,page_0170,9,4,bảo,举,保,U+4FDD,0.1145,True,RESCUE_LOW_CONF,
stt4,page_0170,9,11,khi,歐,固,U+56FA,0.9172,False,NOT_IN_DICT,
stt4,page_0172,1,23,có,用,固,U+56FA,0.0771,True,RESCUE_LOW_CONF,
stt4,page_0172,2,17,cả,笥,哿,U+54FF,0.6656,True,RESCUE_LOW_CONF,
stt4,page_0172,2,20,chịu,瓦,浪,U+6D6A,0.0563,False,NOT_IN_DICT,
stt4,page_0172,2,21,cô,竝,姑,U+59D1,0.5205,True,RESCUE_LOW_CONF,
stt4,page_0172,2,22,mô,楼,模,U+6A21,0.6171,True,RESCUE_LOW_CONF,
stt4,page_0172,3,14,mình,中,中,U+4E2D,0.1413,False,NOT_IN_DICT,
stt4,page_0172,3,16,ti,年,𤰞,U+24C1E,0.1813,True,RESCUE_LOW_CONF,
stt4,page_0172,3,22,gọi,險,𨆝,U+2819D,0.0925,True,RESCUE_LOW_CONF,
stt4,page_0172,3,23,thầy,渠,柴,U+67F4,0.1111,True,RESCUE_LOW_CONF,
stt4,page_0172,3,24,cả,寸,哿,U+54FF,0.4108,True,RESCUE_LOW_CONF,
stt4,page_0172,4,7,để,塵,底,U+5E95,0.9678,True,RESCUE_GOLD_HIGH,
stt4,page_0172,4,10,chịu,左,召,U+53EC,0.0937,True,RESCUE_LOW_CONF,
stt4,page_0172,4,12,khi,歐,欺,U+6B3A,0.9217,True,RESCUE_GOLD_HIGH,
stt4,page_0172,4,13,đức,厯,徳,U+5FB3,0.5538,True,RESCUE_LOW_CONF,
stt4,page_0172,4,22,dấu,料,𧿫,U+27FEB,0.3983,True,RESCUE_LOW_CONF,
stt4,page_0172,5,0,le,夀,离,U+79BB,0.6,True,RESCUE_LOW_CONF,
stt4,page_0172,5,6,thịt,𫀃,呐,U+5450,0.1496,False,NOT_IN_DICT,
stt4,page_0172,5,7,kẻo,鴛,矯,U+77EF,0.223,True,RESCUE_LOW_CONF,
stt4,page_0172,5,17,trọn,希,房,U+623F,0.0492,False,NOT_IN_DICT,
stt4,page_0172,6,1,lần,宻,吝,U+541D,0.7906,True,RESCUE_GOLD_MED,
stt4,page_0172,6,8,một,收,没,U+6CA1,0.5743,True,RESCUE_LOW_CONF,
stt4,page_0172,6,13,lọn,命,命,U+547D,0.2537,False,NOT_IN_DICT,
stt4,page_0172,6,15,thiếu,士,少,U+5C11,0.0415,True,RESCUE_LOW_CONF,
stt4,page_0172,6,19,phán,刦,判,U+5224,0.2843,True,RESCUE_LOW_CONF,
stt4,page_0172,7,12,đứa,後,罪,U+7F6A,0.2469,False,NOT_IN_DICT,
stt4,page_0172,7,14,nhà,蟲,包,U+5305,0.9844,False,NOT_IN_DICT,
stt4,page_0172,7,16,chửi,止,𠊚,U+2029A,0.8426,False,NOT_IN_DICT,
stt4,page_0172,7,17,rủa,鲁,無,U+7121,0.609,False,NOT_IN_DICT,
stt4,page_0172,7,18,đánh,寸,𠊚,U+2029A,0.2671,False,NOT_IN_DICT,
stt4,page_0172,7,20,máu,聊,泖,U+6CD6,0.3017,True,RESCUE_LOW_CONF,
stt4,page_0172,7,21,ra,宗,囉,U+56C9,0.0401,True,RESCUE_LOW_CONF,
stt4,page_0172,8,0,8,歐,歇,U+6B47,0.893,False,NOT_IN_DICT,
stt4,page_0172,8,5,chăn,碩,真,U+771F,0.1727,False,NOT_IN_DICT,
stt4,page_0172,8,8,đi,夋,多,U+591A,0.9015,True,RESCUE_GOLD_HIGH,
stt4,page_0172,8,14,lộn,磊,爲,U+7232,0.2198,False,NOT_IN_DICT,
stt4,page_0172,9,8,người,寡,𠊚,U+2029A,0.845,True,RESCUE_GOLD_MED,
stt4,page_0172,9,14,chó,柱,麻,U+9EBB,0.0653,False,NOT_IN_DICT,
stt4,page_0172,9,18,hạt,乾,燒,U+71D2,0.1084,False,NOT_IN_DICT,
stt4,page_0172,9,19,cơm,餌,饒,U+9952,0.1702,False,NOT_IN_DICT,
stt4,page_0172,9,20,rơi,疎,淶,U+6DF6,0.0782,True,RESCUE_LOW_CONF,
stt4,page_0172,9,23,sống,壯,弄,U+5F04,0.3027,True,RESCUE_LOW_CONF,
stt4,page_0174,1,1,sao,作,牢,U+7262,0.1005,True,RESCUE_LOW_CONF,
stt4,page_0174,1,5,ngày,罸,耨,U+8028,0.2923,False,NOT_IN_DICT,
stt4,page_0174,1,8,em,媚,折,U+6298,0.9792,False,NOT_IN_DICT,
stt4,page_0174,1,15,đức,惡,徳,U+5FB3,0.4333,True,RESCUE_LOW_CONF,
stt4,page_0174,1,20,vui,弱,断,U+65AD,0.2011,False,NOT_IN_DICT,
stt4,page_0174,2,0,chừa,涂,除,U+9664,0.963,True,RESCUE_GOLD_HIGH,
stt4,page_0174,2,19,hay,经,特,U+7279,0.8086,True,RESCUE_GOLD_MED,
stt4,page_0174,3,8,một,股,没,U+6CA1,0.3628,True,RESCUE_LOW_CONF,
stt4,page_0174,3,10,cả,𡬦,奇,U+5947,0.6278,True,RESCUE_LOW_CONF,
stt4,page_0174,3,13,hát,偈,喝,U+559D,0.6774,True,RESCUE_LOW_CONF,
stt4,page_0174,4,8,khản,篇,意,U+610F,0.3563,False,NOT_IN_DICT,
stt4,page_0174,4,13,tiếng,爾,省,U+7701,0.9257,True,RESCUE_GOLD_HIGH,
stt4,page_0174,5,0,tiếng,笱,省,U+7701,0.4888,True,RESCUE_LOW_CONF,
stt4,page_0174,5,3,linh,矣,灵,U+7075,0.5878,True,RESCUE_LOW_CONF,
stt4,page_0174,5,8,khi,獸,欺,U+6B3A,0.887,True,RESCUE_GOLD_HIGH,
stt4,page_0174,6,1,một,嚴,没,U+6CA1,0.5512,True,RESCUE_LOW_CONF,
stt4,page_0174,6,20,khỏi,眾,塊,U+584A,0.7983,True,RESCUE_GOLD_MED,
stt4,page_0174,7,1,tám,愁,糁,U+7CC1,0.0797,True,RESCUE_LOW_CONF,
stt4,page_0174,7,2,năm,角,南,U+5357,0.2297,True,RESCUE_LOW_CONF,
stt4,page_0174,7,20,khó,摩,庫,U+5EAB,0.9449,True,RESCUE_GOLD_HIGH,
stt4,page_0174,8,3,nghỉ,連,連,U+9023,0.6841,False,NOT_IN_DICT,
stt4,page_0174,8,20,tha,故,赦,U+8D66,0.6979,True,RESCUE_LOW_CONF,
stt4,page_0174,9,1,ngày,團,時,U+6642,0.1172,True,RESCUE_LOW_CONF,
stt4,page_0174,9,10,đức,像,德,U+5FB7,0.3541,True,RESCUE_LOW_CONF,
stt4,page_0174,9,11,mẹ,爽,遣,U+9063,0.255,False,NOT_IN_DICT,
stt4,page_0176,1,3,nhà,磊,茄,U+8304,0.0727,True,RESCUE_LOW_CONF,
stt4,page_0176,1,4,ngửi,受,吱,U+5431,0.179,False,NOT_IN_DICT,
stt4,page_0176,1,12,đau,𭤧,边,U+8FB9,0.0803,False,NOT_IN_DICT,
stt4,page_0176,1,17,mửa,馮,喝,U+559D,0.1973,False,NOT_IN_DICT,
stt4,page_0176,1,20,đoạn,啟,断,U+65AD,0.47,True,RESCUE_LOW_CONF,
stt4,page_0176,2,15,vẻ,袂,彼,U+5F7C,0.0351,True,RESCUE_LOW_CONF,
stt4,page_0176,2,22,mới,媚,買,U+8CB7,0.6891,True,RESCUE_LOW_CONF,
stt4,page_0176,3,1,dây,𨾏,移,U+79FB,0.0333,True,RESCUE_LOW_CONF,
stt4,page_0176,4,17,lành,今,冷,U+51B7,0.8477,True,RESCUE_GOLD_MED,
stt4,page_0176,5,23,chịu,至,固,U+56FA,0.3812,False,NOT_IN_DICT,
stt4,page_0176,6,2,vậy,花,丕,U+4E15,0.9805,True,RESCUE_GOLD_HIGH,
stt4,page_0176,6,16,đá,愛,碎,U+788E,0.2799,False,NOT_IN_DICT,
stt4,page_0176,6,17,hay,𠗆,咍,U+548D,0.0416,True,RESCUE_LOW_CONF,
stt4,page_0176,6,23,thịt,𬒳,於,U+65BC,0.158,False,NOT_IN_DICT,
stt4,page_0176,7,6,chịu,易,召,U+53EC,0.9709,True,RESCUE_GOLD_HIGH,
stt4,page_0176,7,17,vậy,工,丕,U+4E15,0.9204,True,RESCUE_GOLD_HIGH,
stt4,page_0176,7,18,rày,圓,闭,U+95ED,0.064,False,NOT_IN_DICT,
stt4,page_0176,7,21,li,有,离,U+79BB,0.2425,True,RESCUE_LOW_CONF,
stt4,page_0176,8,4,hơn,皎,欣,U+6B23,0.8721,True,RESCUE_GOLD_HIGH,
stt4,page_0176,8,5,hai,应,欣,U+6B23,0.2464,False,NOT_IN_DICT,
stt4,page_0176,8,8,nay,巳,尼,U+5C3C,0.9572,True,RESCUE_GOLD_HIGH,
stt4,page_0176,8,10,người,斟,𠊚,U+2029A,0.8965,True,RESCUE_GOLD_HIGH,
stt4,page_0176,8,11,một,啟,没,U+6CA1,0.4856,True,RESCUE_LOW_CONF,
stt4,page_0176,8,16,có,园,固,U+56FA,0.8483,True,RESCUE_GOLD_MED,
stt4,page_0176,9,2,khi,敦,欺,U+6B3A,0.5436,True,RESCUE_LOW_CONF,
stt4,page_0176,9,3,còn,辟,欺,U+6B3A,0.4077,False,NOT_IN_DICT,
stt4,page_0176,9,4,sống,祜,弄,U+5F04,0.0239,True,RESCUE_LOW_CONF,
stt4,page_0176,9,6,rốn,腰,麻,U+9EBB,0.9808,False,NOT_IN_DICT,
stt4,page_0176,9,10,chước,称,扒,U+6252,0.9614,False,NOT_IN_DICT,
stt4,page_0176,9,11,như,机,折,U+6298,0.5089,False,NOT_IN_DICT,
stt4,page_0176,9,16,vui,斵,鄧,U+9127,0.3723,False,NOT_IN_DICT,
stt4,page_0176,9,22,mọ,每,功,U+529F,0.4063,False,NOT_IN_DICT,
stt4,page_0178,1,1,vui,衝,断,U+65AD,0.2487,False,NOT_IN_DICT,
stt4,page_0178,1,7,li,肃,离,U+79BB,0.3067,True,RESCUE_LOW_CONF,
stt4,page_0178,1,15,xứ,豦,烏,U+70CF,0.8285,False,NOT_IN_DICT,
stt4,page_0178,1,16,o,与,道,U+9053,0.411,False,NOT_IN_DICT,
stt4,page_0178,1,17,ran,蘭,蘭,U+862D,0.2073,False,NOT_IN_DICT,
stt4,page_0178,1,19,rày,員,別,U+5225,0.2434,False,NOT_IN_DICT,
stt4,page_0178,2,11,y,夜,衣,U+8863,0.3406,True,RESCUE_LOW_CONF,
stt4,page_0178,2,15,truyền,傉,傳,U+50B3,0.8984,True,RESCUE_GOLD_HIGH,
stt4,page_0178,3,5,xin,随,填,U+586B,0.0264,True,RESCUE_LOW_CONF,
stt4,page_0178,3,7,quên,頌,渚,U+6E1A,0.7827,False,NOT_IN_DICT,
stt4,page_0178,3,9,đất,呾,坦,U+5766,0.0158,True,RESCUE_LOW_CONF,
stt4,page_0178,4,2,lạc,法,渃,U+6E03,0.0482,True,RESCUE_LOW_CONF,
stt4,page_0178,4,3,trở,𡰱,吏,U+540F,0.5932,False,NOT_IN_DICT,
stt4,page_0178,4,12,xa,年,車,U+8ECA,0.4545,True,RESCUE_LOW_CONF,
stt4,page_0178,4,15,dạy,叙,代,U+4EE3,0.785,True,RESCUE_GOLD_MED,
stt4,page_0178,4,18,xin,窻,嗔,U+55D4,0.2482,True,RESCUE_LOW_CONF,
stt4,page_0178,5,11,tin,皖,信,U+4FE1,0.4771,True,RESCUE_LOW_CONF,
stt4,page_0178,7,5,ra,暝,囉,U+56C9,0.1461,True,RESCUE_LOW_CONF,
stt4,page_0178,7,14,nghìn,意,畧,U+7567,0.2101,False,NOT_IN_DICT,
stt4,page_0178,7,15,bốn,寨,朱,U+6731,0.4102,False,NOT_IN_DICT,
stt4,page_0178,7,20,năm,嶺,南,U+5357,0.988,True,RESCUE_GOLD_HIGH,
stt4,page_0178,8,1,lam,林,林,U+6797,0.859,False,NOT_IN_DICT,
stt4,page_0178,8,6,phi,工,林,U+6797,0.8622,False,NOT_IN_DICT,
stt4,page_0178,8,7,a,至,亜,U+4E9C,0.4619,True,RESCUE_LOW_CONF,
stt4,page_0178,8,8,0,珉,調,U+8ABF,0.1059,False,NOT_IN_DICT,
stt4,page_0178,9,0,đời,似,代,U+4EE3,0.8,True,RESCUE_GOLD_MED,
stt4,page_0178,9,2,trị,𠁅,治,U+6CBB,0.2099,True,RESCUE_LOW_CONF,
stt4,page_0178,9,4,nước,畄,渃,U+6E03,0.8279,True,RESCUE_GOLD_MED,
stt4,page_0178,9,5,rô,日,實,U+5BE6,0.1637,False,NOT_IN_DICT,
stt4,page_0178,9,8,là,𠾖,先,U+5148,0.975,False,NOT_IN_DICT,
stt4,page_0178,9,15,ngườinh,字,𠊚,U+2029A,0.9926,False,NOT_IN_DICT,
stt4,page_0182,1,7,lọn,命,爲,U+7232,0.2551,False,NOT_IN_DICT,
stt4,page_0182,2,10,ta,恐,些,U+4E9B,0.6351,True,RESCUE_LOW_CONF,
stt4,page_0182,2,21,con,電,昆,U+6606,0.6276,True,RESCUE_LOW_CONF,
stt4,page_0182,2,23,ra,錐,羅,U+7F85,0.6347,True,RESCUE_LOW_CONF,
stt4,page_0182,3,10,vậy,无,丕,U+4E15,0.5855,True,RESCUE_LOW_CONF,
stt4,page_0182,3,21,thờ,𤤽,蜍,U+870D,0.7297,True,RESCUE_GOLD_MED,
stt4,page_0182,4,6,ao,匆,㓜,U+34DC,0.4597,True,RESCUE_LOW_CONF,
stt4,page_0182,4,7,đã,迕,㐌,U+340C,0.6535,True,RESCUE_LOW_CONF,
stt4,page_0182,4,10,mừng,翅,明,U+660E,0.8464,True,RESCUE_GOLD_MED,
stt4,page_0182,4,12,liền,蓬,連,U+9023,0.7807,True,RESCUE_GOLD_MED,
stt4,page_0182,5,0,lễ,祧,礼,U+793C,0.8469,True,RESCUE_GOLD_MED,
stt4,page_0182,5,5,lửa,𠾖,罢,U+7F62,0.2972,False,NOT_IN_DICT,
stt4,page_0182,5,10,ngay,随,宜,U+5B9C,0.4837,True,RESCUE_LOW_CONF,
stt4,page_0182,5,17,đá,後,經,U+7D93,0.0976,False,NOT_IN_DICT,
stt4,page_0182,5,19,ván,飯,飭,U+98ED,0.198,False,NOT_IN_DICT,
stt4,page_0182,5,22,gỗ,祐,枯,U+67AF,0.3327,True,RESCUE_LOW_CONF,
stt4,page_0182,6,5,cây,檻,核,U+6838,0.1522,True,RESCUE_LOW_CONF,
stt4,page_0182,6,15,hư,處,多,U+591A,0.8478,False,NOT_IN_DICT,
stt4,page_0182,6,17,ngày,魁,𠊚,U+2029A,0.1734,False,NOT_IN_DICT,
stt4,page_0182,6,22,hơn,炊,欣,U+6B23,0.8947,True,RESCUE_GOLD_HIGH,
stt4,page_0182,7,4,trời,商,老,U+8001,0.0692,False,NOT_IN_DICT,
stt4,page_0182,7,5,cất,撓,拮,U+62EE,0.2429,True,RESCUE_LOW_CONF,
stt4,page_0182,7,19,đến,至,旦,U+65E6,0.9764,True,RESCUE_GOLD_HIGH,
stt4,page_0182,7,20,khi,獸,欺,U+6B3A,0.4148,True,RESCUE_LOW_CONF,
stt4,page_0182,8,5,trả,吏,吏,U+540F,0.9025,False,NOT_IN_DICT,
stt4,page_0182,8,6,lại,把,把,U+628A,0.7743,False,NOT_IN_DICT,
stt4,page_0182,8,15,thờ,蛾,蜍,U+870D,0.678,True,RESCUE_LOW_CONF,
stt4,page_0182,9,3,ghe,誓,稽,U+7A3D,0.5359,True,RESCUE_LOW_CONF,
stt4,page_0182,9,5,đẹp,𭪙,葉,U+8449,0.407,True,RESCUE_LOW_CONF,
stt4,page_0184,1,6,hai,𪧐,咍,U+548D,0.4146,True,RESCUE_LOW_CONF,
stt4,page_0184,2,2,hai,𣴑,咍,U+548D,0.1615,True,RESCUE_LOW_CONF,
stt4,page_0184,2,5,hay,顺,呐,U+5450,0.85,False,NOT_IN_DICT,
stt4,page_0184,2,9,mắng,雰,麻,U+9EBB,0.0706,False,NOT_IN_DICT,
stt4,page_0184,3,15,hỏi,要,每,U+6BCF,0.1715,True,RESCUE_LOW_CONF,
stt4,page_0184,4,1,giữ,将,佇,U+4F47,0.1774,True,RESCUE_LOW_CONF,
stt4,page_0184,4,3,đồng,重,童,U+7AE5,0.8781,True,RESCUE_GOLD_HIGH,
stt4,page_0184,4,10,nó,可,奴,U+5974,0.3898,True,RESCUE_LOW_CONF,
stt4,page_0184,4,16,câm,𫝆,吟,U+541F,0.0569,True,RESCUE_LOW_CONF,
stt4,page_0184,5,13,cầm,𫝆,命,U+547D,0.3933,False,NOT_IN_DICT,
stt4,page_0184,5,16,hay,纷,咍,U+548D,0.1026,True,RESCUE_LOW_CONF,
stt4,page_0184,6,8,sau,陣,連,U+9023,0.2388,False,NOT_IN_DICT,
stt4,page_0184,6,15,tiếng,萄,每,U+6BCF,0.5684,False,NOT_IN_DICT,
stt4,page_0184,6,19,thờ,榦,蜍,U+870D,0.8485,True,RESCUE_GOLD_MED,
stt4,page_0184,6,21,nết,渥,涅,U+6D85,0.4183,True,RESCUE_LOW_CONF,
stt4,page_0184,7,10,hay,𫠦,咍,U+548D,0.0954,True,RESCUE_LOW_CONF,
stt4,page_0184,7,11,giữ,行,佇,U+4F47,0.0843,True,RESCUE_LOW_CONF,
stt4,page_0184,7,12,con,竈,晜,U+665C,0.4892,True,RESCUE_LOW_CONF,
stt4,page_0184,7,19,trai,犯,犯,U+72AF,0.2139,False,NOT_IN_DICT,
stt4,page_0184,7,21,mà,屏,麻,U+9EBB,0.784,True,RESCUE_GOLD_MED,
stt4,page_0184,7,23,biết,創,別,U+5225,0.7792,True,RESCUE_GOLD_MED,
stt4,page_0184,8,4,ma,億,魔,U+9B54,0.5057,True,RESCUE_LOW_CONF,
stt4,page_0184,8,9,một,厥,没,U+6CA1,0.5996,True,RESCUE_LOW_CONF,
stt4,page_0184,8,10,đêm,夜,店,U+5E97,0.2084,True,RESCUE_LOW_CONF,
stt4,page_0186,1,0,lửa,短,渃,U+6E03,0.1067,False,NOT_IN_DICT,
stt4,page_0186,1,1,chịu,万,召,U+53EC,0.7404,True,RESCUE_GOLD_MED,
stt4,page_0186,1,2,đốt,砧,於,U+65BC,0.0842,False,NOT_IN_DICT,
stt4,page_0186,1,5,nóng,霍,燶,U+71F6,0.039,True,RESCUE_LOW_CONF,
stt4,page_0186,1,11,dỗ,壮,杜,U+675C,0.3828,True,RESCUE_LOW_CONF,
stt4,page_0186,1,14,ngày,字,時,U+6642,0.0407,True,RESCUE_LOW_CONF,
stt4,page_0186,1,18,khen,者,翁,U+7FC1,0.143,False,NOT_IN_DICT,
stt4,page_0186,1,22,em,空,俺,U+4FFA,0.1783,True,RESCUE_LOW_CONF,
stt4,page_0186,2,2,làm,口,乄,U+4E44,0.0546,True,RESCUE_LOW_CONF,
stt4,page_0186,2,3,khéo,𡧱,窖,U+7A96,0.1224,True,RESCUE_LOW_CONF,
stt4,page_0186,2,7,đốt,乃,功,U+529F,0.0851,False,NOT_IN_DICT,
stt4,page_0186,2,12,lửa,石,渃,U+6E03,0.1073,False,NOT_IN_DICT,
stt4,page_0186,2,18,về,生,𧗱,U+275F1,0.0373,True,RESCUE_LOW_CONF,
stt4,page_0186,2,19,sau,麰,耨,U+8028,0.1184,False,NOT_IN_DICT,
stt4,page_0186,3,0,em,𦀇,俺,U+4FFA,0.043,True,RESCUE_LOW_CONF,
stt4,page_0186,3,8,địa,甚,批,U+6279,0.0725,False,NOT_IN_DICT,
stt4,page_0186,3,9,ngục,欲,獄,U+7344,0.2468,True,RESCUE_LOW_CONF,
stt4,page_0186,3,17,da,那,𦔳,U+26533,0.4204,False,NOT_IN_DICT,
stt4,page_0186,4,0,nhiều,院,饒,U+9952,0.9699,True,RESCUE_GOLD_HIGH,
stt4,page_0186,4,6,rước,芋,連,U+9023,0.0548,True,RESCUE_LOW_CONF,
stt4,page_0186,4,11,phúc,信,福,U+798F,0.1552,True,RESCUE_LOW_CONF,
stt4,page_0186,4,13,cung,𭤧,主,U+4E3B,0.41,False,NOT_IN_DICT,
stt4,page_0186,5,9,bà,起,𠊚,U+2029A,0.1799,False,NOT_IN_DICT,
stt4,page_0186,5,11,này,元,塊,U+584A,0.2435,False,NOT_IN_DICT,
stt4,page_0186,5,15,mười,道,邁,U+9081,0.0272,True,RESCUE_LOW_CONF,
stt4,page_0186,5,16,tam,愁,道,U+9053,0.098,False,NOT_IN_DICT,
stt4,page_0186,6,0,mười,遍,邁,U+9081,0.9429,True,RESCUE_GOLD_HIGH,
stt4,page_0186,6,1,sàu,卷,老,U+8001,0.3447,False,NOT_IN_DICT,
stt4,page_0186,6,6,ra,七,罪,U+7F6A,0.0705,False,NOT_IN_DICT,
stt4,page_0186,6,7,sa,法,沙,U+6C99,0.3196,True,RESCUE_LOW_CONF,
stt4,page_0186,7,3,tu,頃,浪,U+6D6A,0.3014,False,NOT_IN_DICT,
stt4,page_0186,7,4,ga,衍,泖,U+6CD6,0.1616,False,NOT_IN_DICT,
stt4,page_0186,7,9,giàu,羽,朝,U+671D,0.4732,True,RESCUE_LOW_CONF,
stt4,page_0186,7,15,một,戍,没,U+6CA1,0.5927,True,RESCUE_LOW_CONF,
stt4,page_0186,7,16,con,必,晜,U+665C,0.3458,True,RESCUE_LOW_CONF,
stt4,page_0186,7,21,ga,𣗳,麻,U+9EBB,0.1695,False,NOT_IN_DICT,
stt4,page_0186,7,23,sa,古,襖,U+8956,0.1012,False,NOT_IN_DICT,
stt4,page_0186,8,2,con,灵,昆,U+6606,0.7132,True,RESCUE_GOLD_MED,
stt4,page_0186,8,3,lớn,履,饒,U+9952,0.0494,False,NOT_IN_DICT,
stt4,page_0186,8,5,gả,阿,弄,U+5F04,0.3377,False,NOT_IN_DICT,
stt4,page_0186,8,7,một,近,没,U+6CA1,0.4324,True,RESCUE_LOW_CONF,
stt4,page_0186,8,9,tướng,𢩭,特,U+7279,0.2202,False,NOT_IN_DICT,
stt4,page_0186,8,12,pha,皮,彼,U+5F7C,0.1043,False,NOT_IN_DICT,
stt4,page_0186,8,13,lan,圍,蘭,U+862D,0.3376,True,RESCUE_LOW_CONF,
stt4,page_0186,8,18,dạy,八,代,U+4EE3,0.1684,True,RESCUE_LOW_CONF,
stt4,page_0186,9,1,đưa,爻,迻,U+8FFB,0.2459,True,RESCUE_LOW_CONF,
stt4,page_0186,9,2,con,𮟃,晜,U+665C,0.4887,True,RESCUE_LOW_CONF,
stt4,page_0186,9,3,về,備,𧗱,U+275F1,0.6405,True,RESCUE_LOW_CONF,
stt4,page_0186,9,4,nhà,元,如,U+5982,0.0929,True,RESCUE_LOW_CONF,
stt4,page_0186,9,8,dốc,焉,𠊚,U+2029A,0.3002,False,NOT_IN_DICT,
stt4,page_0186,9,9,lòng,年,弄,U+5F04,0.4351,True,RESCUE_LOW_CONF,
stt4,page_0186,9,12,trinh,与,貞,U+8C9E,0.1851,True,RESCUE_LOW_CONF,
stt4,page_0186,9,17,song,江,双,U+53CC,0.7299,True,RESCUE_GOLD_MED,
stt4,page_0186,9,18,le,者,离,U+79BB,0.6639,True,RESCUE_LOW_CONF,
stt4,page_0188,1,6,hãy,失,唉,U+5509,0.4496,True,RESCUE_LOW_CONF,
stt4,page_0188,1,9,giữa,好,佇,U+4F47,0.3286,False,NOT_IN_DICT,
stt4,page_0188,1,14,con,屍,昆,U+6606,0.0249,True,RESCUE_LOW_CONF,
stt4,page_0188,2,0,nghe,随,宜,U+5B9C,0.5444,True,RESCUE_LOW_CONF,
stt4,page_0188,2,6,sa,法,沙,U+6C99,0.46,True,RESCUE_LOW_CONF,
stt4,page_0188,2,8,gô,故,姑,U+59D1,0.2253,False,NOT_IN_DICT,
stt4,page_0188,2,13,mắng,馵,筭,U+7B6D,0.1444,False,NOT_IN_DICT,
stt4,page_0188,2,16,thay,后,官,U+5B98,0.1591,False,NOT_IN_DICT,
stt4,page_0188,2,17,vì,𠗆,位,U+4F4D,0.2765,True,RESCUE_LOW_CONF,
stt4,page_0188,2,18,vua,應,極,U+6975,0.1171,False,NOT_IN_DICT,
stt4,page_0188,3,1,ong,絹,螉,U+8789,0.5465,True,RESCUE_LOW_CONF,
stt4,page_0188,3,7,trời,夜,主,U+4E3B,0.654,False,NOT_IN_DICT,
stt4,page_0188,3,15,hùm,獫,矯,U+77EF,0.1523,False,NOT_IN_DICT,
stt4,page_0188,3,18,thịt,衲,調,U+8ABF,0.8491,False,NOT_IN_DICT,
stt4,page_0188,4,0,bà,起,把,U+628A,0.6558,True,RESCUE_LOW_CONF,
stt4,page_0188,4,3,thương,僑,傷,U+50B7,0.9117,True,RESCUE_GOLD_HIGH,
stt4,page_0188,4,11,đức,應,徳,U+5FB3,0.7152,True,RESCUE_GOLD_MED,
stt4,page_0188,5,0,tám,愁,糁,U+7CC1,0.2251,True,RESCUE_LOW_CONF,
stt4,page_0188,5,4,đường,韋,堂,U+5802,0.0834,True,RESCUE_LOW_CONF,
stt4,page_0188,5,5,mắng,雰,弄,U+5F04,0.0836,False,NOT_IN_DICT,
stt4,page_0188,5,8,răng,宸,浪,U+6D6A,0.0104,True,RESCUE_LOW_CONF,
stt4,page_0188,5,14,tợn,美,美,U+7F8E,0.3561,False,NOT_IN_DICT,
stt4,page_0188,5,21,hay,随,咍,U+548D,0.1874,True,RESCUE_LOW_CONF,
stt4,page_0188,6,9,bày,徙,排,U+6392,0.5333,True,RESCUE_LOW_CONF,
stt4,page_0188,6,16,lo,弊,埃,U+57C3,0.3257,False,NOT_IN_DICT,
stt4,page_0188,6,17,hai,名,咍,U+548D,0.0417,True,RESCUE_LOW_CONF,
stt4,page_0188,7,6,hai,微,重,U+91CD,0.6261,False,NOT_IN_DICT,
stt4,page_0188,7,9,giết,扦,折,U+6298,0.7819,True,RESCUE_GOLD_MED,
stt4,page_0188,8,1,hay,𦀇,咍,U+548D,0.0172,True,RESCUE_LOW_CONF,
stt4,page_0188,8,18,đòn,掩,連,U+9023,0.0966,False,NOT_IN_DICT,
stt4,page_0188,8,23,chếnhứng,仍,仍,U+4ECD,0.9733,False,NOT_IN_DICT,
stt4,page_0188,9,6,chân,直,把,U+628A,0.3538,False,NOT_IN_DICT,
stt4,page_0188,9,11,đôi,唯,堆,U+5806,0.0143,True,RESCUE_LOW_CONF,
stt4,page_0188,9,13,ngựa,致,馭,U+99AD,0.3089,True,RESCUE_LOW_CONF,
stt4,page_0188,9,19,quanh,配,觥,U+89E5,0.1504,True,RESCUE_LOW_CONF,
stt4,page_0188,9,20,thành,喊,城,U+57CE,0.3487,True,RESCUE_LOW_CONF,
stt4,page_0190,1,4,và,寜,喡,U+55A1,0.9468,True,RESCUE_GOLD_HIGH,
stt4,page_0190,2,4,chẳng,庇,庄,U+5E84,0.533,True,RESCUE_LOW_CONF,
stt4,page_0190,2,5,hay,𡖋,咍,U+548D,0.0566,True,RESCUE_LOW_CONF,
stt4,page_0190,2,6,thương,屬,傷,U+50B7,0.9454,True,RESCUE_GOLD_HIGH,
stt4,page_0190,2,11,câu,白,句,U+53E5,0.0414,True,RESCUE_LOW_CONF,
stt4,page_0190,2,12,liêm,慶,朱,U+6731,0.121,False,NOT_IN_DICT,
stt4,page_0190,2,16,thịt,酗,調,U+8ABF,0.1607,False,NOT_IN_DICT,
stt4,page_0190,3,13,trái,蘋,道,U+9053,0.0949,False,NOT_IN_DICT,
stt4,page_0190,5,1,hết,歜,歇,U+6B47,0.9794,True,RESCUE_GOLD_HIGH,
stt4,page_0190,5,5,sóng,政,双,U+53CC,0.8569,False,NOT_IN_DICT,
stt4,page_0190,5,6,le,濟,离,U+79BB,0.5923,True,RESCUE_LOW_CONF,
stt4,page_0190,5,12,tin,倧,信,U+4FE1,0.8827,True,RESCUE_GOLD_HIGH,
stt4,page_0190,6,12,vậy,工,丕,U+4E15,0.9959,True,RESCUE_GOLD_HIGH,
stt4,page_0190,6,14,dạy,峩,代,U+4EE3,0.9857,True,RESCUE_GOLD_HIGH,
stt4,page_0190,6,18,càng,幽,强,U+5F3A,0.2071,True,RESCUE_LOW_CONF,
stt4,page_0190,6,21,đau,𭤧,边,U+8FB9,0.3227,False,NOT_IN_DICT,
stt4,page_0190,7,4,chết,将,没,U+6CA1,0.7292,False,NOT_IN_DICT,
stt4,page_0190,7,9,chết,杵,饒,U+9952,0.9615,False,NOT_IN_DICT,
stt4,page_0190,7,11,lần,言,塊,U+584A,0.8957,False,NOT_IN_DICT,
stt4,page_0190,7,14,ngày,𮊸,官,U+5B98,0.7872,False,NOT_IN_DICT,
stt4,page_0190,8,9,đàng,意,堂,U+5802,0.8522,True,RESCUE_GOLD_HIGH,
stt4,page_0190,8,12,vô,通,無,U+7121,0.9563,True,RESCUE_GOLD_HIGH,
stt4,page_0190,8,13,ngần,堠,垠,U+57A0,0.0354,True,RESCUE_LOW_CONF,
stt4,page_0190,8,15,chịu,况,召,U+53EC,0.9456,True,RESCUE_GOLD_HIGH,
stt4,page_0190,8,18,thương,𠊓,傷,U+50B7,0.9693,True,RESCUE_GOLD_HIGH,
stt4,page_0190,8,19,khó,重,庫,U+5EAB,0.8415,True,RESCUE_GOLD_MED,
stt4,page_0190,9,2,đoạn,受,段,U+6BB5,0.4338,True,RESCUE_LOW_CONF,
stt4,page_0192,1,14,kẻ,敗,欺,U+6B3A,0.9668,False,NOT_IN_DICT,
stt4,page_0192,1,15,khi,几,欺,U+6B3A,0.001,True,RESCUE_LOW_CONF,
stt4,page_0192,1,17,sống,弦,群,U+7FA4,0.0956,False,NOT_IN_DICT,
stt4,page_0192,1,18,hay,物,咍,U+548D,0.1732,True,RESCUE_LOW_CONF,
stt4,page_0192,2,3,dường,荒,虎,U+864E,0.1325,False,NOT_IN_DICT,
stt4,page_0192,2,9,an,恩,恩,U+6069,0.8498,False,NOT_IN_DICT,
stt4,page_0192,2,10,ga,𠋣,固,U+56FA,0.1121,False,NOT_IN_DICT,
stt4,page_0192,2,11,ra,兕,囉,U+56C9,0.137,True,RESCUE_LOW_CONF,
stt4,page_0192,2,15,tám,穋,𠊚,U+2029A,0.7228,False,NOT_IN_DICT,
stt4,page_0192,2,18,ở,𦀇,於,U+65BC,0.973,True,RESCUE_GOLD_HIGH,
stt4,page_0192,3,0,sa,沽,沙,U+6C99,0.0669,True,RESCUE_LOW_CONF,
stt4,page_0192,3,1,ra,罷,囉,U+56C9,0.158,True,RESCUE_LOW_CONF,
stt4,page_0192,3,2,gô,玆,古,U+53E4,0.2929,False,NOT_IN_DICT,
stt4,page_0192,3,10,nhà,初,如,U+5982,0.048,True,RESCUE_LOW_CONF,
stt4,page_0192,3,19,trấy,祧,礼,U+793C,0.7011,False,NOT_IN_DICT,
stt4,page_0192,4,0,nam,𪺮,南,U+5357,0.9865,True,RESCUE_GOLD_HIGH,
stt4,page_0192,4,6,kính,放,敬,U+656C,0.9843,True,RESCUE_GOLD_HIGH,
stt4,page_0192,5,5,ra,愕,囉,U+56C9,0.139,True,RESCUE_LOW_CONF,
stt4,page_0192,6,8,pha,記,葩,U+8469,0.4197,True,RESCUE_LOW_CONF,
stt4,page_0192,7,4,ra,院,加,U+52A0,0.0299,True,RESCUE_LOW_CONF,
stt4,page_0192,7,8,si,椰,篩,U+7BE9,0.3473,True,RESCUE_LOW_CONF,
stt4,page_0192,7,13,sang,莭,郎,U+90CE,0.1213,True,RESCUE_LOW_CONF,
stt4,page_0192,7,19,tiếng,循,省,U+7701,0.3428,True,RESCUE_LOW_CONF,
stt4,page_0192,8,7,pha,弝,把,U+628A,0.2579,False,NOT_IN_DICT,
stt4,page_0192,8,12,xem,社,朗,U+6717,0.385,False,NOT_IN_DICT,
stt4,page_0192,9,2,pho,浦,哺,U+54FA,0.2673,True,RESCUE_LOW_CONF,
stt4,page_0192,9,3,li,濤,离,U+79BB,0.3262,True,RESCUE_LOW_CONF,
stt4,page_0192,9,4,ca,紙,𰙔,U+30654,0.1468,True,RESCUE_LOW_CONF,
stt4,page_0192,9,16,nướca,亜,亜,U+4E9C,0.6548,False,NOT_IN_DICT,
stt4,page_0192,9,17,s1,瘥,瘥,U+7625,0.1537,False,NOT_IN_DICT,
stt4,page_0192,9,18,a,坐,生,U+751F,0.2269,False,NOT_IN_DICT,
stt4,page_0194,1,20,ngày,魁,時,U+6642,0.0309,True,RESCUE_LOW_CONF,
stt4,page_0194,2,3,mừng,閃,明,U+660E,0.3323,True,RESCUE_LOW_CONF,
stt4,page_0194,4,12,càng,族,强,U+5F3A,0.2802,True,RESCUE_LOW_CONF,
stt4,page_0194,5,8,nước,温,渃,U+6E03,0.033,True,RESCUE_LOW_CONF,
stt4,page_0194,5,9,rô,鬻,𢃄,U+220C4,0.0584,False,NOT_IN_DICT,
stt4,page_0194,5,21,để,氏,低,U+4F4E,0.1282,True,RESCUE_LOW_CONF,
stt4,page_0194,6,11,biết,打,折,U+6298,0.7807,False,NOT_IN_DICT,
stt4,page_0194,6,18,về,趙,𧗱,U+275F1,0.6906,True,RESCUE_LOW_CONF,
stt4,page_0194,7,4,mười,通,事,U+4E8B,0.1324,False,NOT_IN_DICT,
stt4,page_0194,7,6,năm,菊,没,U+6CA1,0.4875,False,NOT_IN_DICT,
stt4,page_0194,7,21,nó,対,奴,U+5974,0.409,True,RESCUE_LOW_CONF,
stt4,page_0194,8,8,chém,勿,㓜,U+34DC,0.5403,False,NOT_IN_DICT,
stt4,page_0194,8,10,chức,致,聀,U+8040,0.9059,True,RESCUE_GOLD_HIGH,
stt4,page_0194,8,19,pha,邑,把,U+628A,0.0565,False,NOT_IN_DICT,
stt4,page_0194,8,20,trước,嚢,畧,U+7567,0.8346,True,RESCUE_GOLD_MED,
stt4,page_0196,1,16,mươi,通,邁,U+9081,0.587,True,RESCUE_LOW_CONF,
stt4,page_0196,2,4,ê,衣,依,U+4F9D,0.0102,True,RESCUE_LOW_CONF,
stt4,page_0196,2,5,lêu,原,役,U+5F79,0.3958,False,NOT_IN_DICT,
stt4,page_0196,3,4,ra,乳,先,U+5148,0.0783,False,NOT_IN_DICT,
stt4,page_0196,3,8,ma,馮,罰,U+7F70,0.0946,False,NOT_IN_DICT,
stt4,page_0196,3,12,lắm,糜,重,U+91CD,0.9332,False,NOT_IN_DICT,
stt4,page_0196,4,1,le,遍,离,U+79BB,0.1717,True,RESCUE_LOW_CONF,
stt4,page_0196,4,9,càng,珏,時,U+6642,0.2749,False,NOT_IN_DICT,
stt4,page_0196,4,17,ong,鍮,翁,U+7FC1,0.6226,True,RESCUE_LOW_CONF,
stt4,page_0196,4,18,trị,海,治,U+6CBB,0.213,True,RESCUE_LOW_CONF,
stt4,page_0196,4,19,nước,𠙚,渃,U+6E03,0.3157,True,RESCUE_LOW_CONF,
stt4,page_0196,4,21,vua,硐,創,U+5275,0.1611,False,NOT_IN_DICT,
stt4,page_0196,5,4,và,夅,喡,U+55A1,0.0377,True,RESCUE_LOW_CONF,
stt4,page_0196,5,10,bắt,扵,扒,U+6252,0.5934,True,RESCUE_LOW_CONF,
stt4,page_0196,5,13,ê,低,翁,U+7FC1,0.1405,False,NOT_IN_DICT,
stt4,page_0196,6,2,ngồi,各,外,U+5916,0.9756,True,RESCUE_GOLD_HIGH,
stt4,page_0196,6,9,khớp,泣,泣,U+6CE3,0.5589,False,NOT_IN_DICT,
stt4,page_0196,6,11,đi,委,多,U+591A,0.8726,True,RESCUE_GOLD_HIGH,
stt4,page_0196,6,17,vậy,玉,丕,U+4E15,0.3415,True,RESCUE_LOW_CONF,
stt4,page_0196,7,1,hiện,𠒇,現,U+73FE,0.6583,True,RESCUE_LOW_CONF,
stt4,page_0196,7,4,và,篝,喡,U+55A1,0.8657,True,RESCUE_GOLD_HIGH,
stt4,page_0196,7,14,càng,座,固,U+56FA,0.1945,False,NOT_IN_DICT,
stt4,page_0196,7,18,hơn,吹,欣,U+6B23,0.8054,True,RESCUE_GOLD_MED,
stt4,page_0196,8,4,hùm,謄,修,U+4FEE,0.2236,False,NOT_IN_DICT,
stt4,page_0196,8,21,hơn,敢,欣,U+6B23,0.7966,True,RESCUE_GOLD_MED,
stt4,page_0196,9,4,đốt,炳,焠,U+7120,0.1075,True,RESCUE_LOW_CONF,
stt4,page_0196,9,13,muông,獄,假,U+5047,0.1989,False,NOT_IN_DICT,
stt4,page_0196,9,18,lửa,炫,塊,U+584A,0.1178,False,NOT_IN_DICT,
stt4,page_0198,1,9,đạp,釐,踏,U+8E0F,0.0755,True,RESCUE_LOW_CONF,
stt4,page_0198,1,10,than,漢,堂,U+5802,0.2717,False,NOT_IN_DICT,
stt4,page_0198,1,12,đâu,凂,於,U+65BC,0.0667,False,NOT_IN_DICT,
stt4,page_0198,1,14,là,𠾖,尼,U+5C3C,0.4397,False,NOT_IN_DICT,
stt4,page_0198,1,18,thơm,蘆,貪,U+8CAA,0.1227,True,RESCUE_LOW_CONF,
stt4,page_0198,1,21,vua,硐,奴,U+5974,0.1273,False,NOT_IN_DICT,
stt4,page_0198,2,10,cắm,矜,扲,U+6272,0.4771,True,RESCUE_LOW_CONF,
stt4,page_0198,3,1,càng,產,强,U+5F3A,0.1069,True,RESCUE_LOW_CONF,
stt4,page_0198,3,16,nghỉ,扵,拮,U+62EE,0.1296,False,NOT_IN_DICT,
stt4,page_0198,4,0,cùng,洲,穷,U+7A77,0.6652,True,RESCUE_LOW_CONF,
stt4,page_0198,5,1,chín,合,令,U+4EE4,0.4026,False,NOT_IN_DICT,
stt4,page_0198,5,2,ong,翕,翁,U+7FC1,0.989,True,RESCUE_GOLD_HIGH,
stt4,page_0198,5,5,li,肃,离,U+79BB,0.0681,True,RESCUE_LOW_CONF,
stt4,page_0198,6,4,coi,諼,𥘉,U+25609,0.4084,False,NOT_IN_DICT,
stt4,page_0198,6,10,tu,煩,須,U+9808,0.1537,True,RESCUE_LOW_CONF,
stt4,page_0198,6,18,ca,然,寺,U+5BFA,0.1316,False,NOT_IN_DICT,
stt4,page_0198,8,19,ra,佻,囉,U+56C9,0.2207,True,RESCUE_LOW_CONF,
stt4,page_0198,8,21,chém,勿,功,U+529F,0.4471,False,NOT_IN_DICT,
stt4,page_0198,9,5,lâu,接,楼,U+697C,0.285,True,RESCUE_LOW_CONF,
stt4,page_0198,9,6,đất,白,坦,U+5766,0.8146,True,RESCUE_GOLD_MED,
stt4,page_0198,9,13,lửa,燈,沛,U+6C9B,0.566,False,NOT_IN_DICT,
stt4,page_0198,9,17,khỏi,怨,几,U+51E0,0.8322,False,NOT_IN_DICT,
stt4,page_0198,9,18,lửa,后,塊,U+584A,0.3478,False,NOT_IN_DICT,
stt4,page_0200,1,1,đau,㫄,功,U+529F,0.101,False,NOT_IN_DICT,
stt4,page_0200,1,2,đớn,亱,疸,U+75B8,0.1034,True,RESCUE_LOW_CONF,
stt4,page_0200,1,8,trấy,祀,没,U+6CA1,0.2116,False,NOT_IN_DICT,
stt4,page_0200,1,9,biển,透,麻,U+9EBB,0.9387,False,NOT_IN_DICT,
stt4,page_0200,1,10,mà,庇,没,U+6CA1,0.1498,False,NOT_IN_DICT,
stt4,page_0200,1,11,biển,𠁅,共,U+5171,0.7221,False,NOT_IN_DICT,
stt4,page_0200,1,18,sáu,越,老,U+8001,0.1723,True,RESCUE_LOW_CONF,
stt4,page_0200,1,20,tàu,船,艚,U+825A,0.0704,True,RESCUE_LOW_CONF,
stt4,page_0200,2,3,chìm,况,犯,U+72AF,0.3226,False,NOT_IN_DICT,
stt4,page_0200,2,6,sáu,越,老,U+8001,0.0353,True,RESCUE_LOW_CONF,
stt4,page_0200,2,8,tàu,艣,艚,U+825A,0.0376,True,RESCUE_LOW_CONF,
stt4,page_0200,2,12,nước,厉,渃,U+6E03,0.3562,True,RESCUE_LOW_CONF,
stt4,page_0200,2,19,gươm,鍾,鎌,U+938C,0.5092,True,RESCUE_LOW_CONF,
stt4,page_0200,3,6,thầy,棃,柴,U+67F4,0.3865,True,RESCUE_LOW_CONF,
stt4,page_0200,3,7,cả,爾,哿,U+54FF,0.1486,True,RESCUE_LOW_CONF,
stt4,page_0200,3,17,biển,愛,彼,U+5F7C,0.0704,True,RESCUE_LOW_CONF,
stt4,page_0200,3,21,vậy,必,丕,U+4E15,0.921,True,RESCUE_GOLD_HIGH,
stt4,page_0200,3,22,khỏi,緦,塊,U+584A,0.7582,True,RESCUE_GOLD_MED,
stt4,page_0200,4,2,xăng,棱,棱,U+68F1,0.7985,False,NOT_IN_DICT,
stt4,page_0200,4,4,ra,完,囉,U+56C9,0.3173,True,RESCUE_LOW_CONF,
stt4,page_0200,4,13,nghỉ,拷,實,U+5BE6,0.1048,False,NOT_IN_DICT,
stt4,page_0200,5,0,ka,𰙔,歇,U+6B47,0.4361,False,NOT_IN_DICT,
stt4,page_0200,6,8,tiếng,茍,省,U+7701,0.7737,True,RESCUE_GOLD_MED,
stt4,page_0200,6,12,đời,似,代,U+4EE3,0.803,True,RESCUE_GOLD_MED,
stt4,page_0200,6,13,sau,辞,楼,U+697C,0.0194,True,RESCUE_LOW_CONF,
stt4,page_0200,7,0,hai,㖃,咍,U+548D,0.6216,True,RESCUE_LOW_CONF,
stt4,page_0200,7,1,mươi,薑,邁,U+9081,0.9626,True,RESCUE_GOLD_HIGH,
stt4,page_0200,7,4,thang,有,衣,U+8863,0.1685,False,NOT_IN_DICT,
stt4,page_0200,8,2,này,祗,尼,U+5C3C,0.8889,True,RESCUE_GOLD_HIGH,
stt4,page_0200,8,16,hôn,𢙣,魂,U+9B42,0.4974,False,NOT_IN_DICT,
stt4,page_0200,8,17,là,冥,魂,U+9B42,0.1853,False,NOT_IN_DICT,
stt4,page_0200,9,0,là,覄,罢,U+7F62,0.1463,False,NOT_IN_DICT,
stt4,page_0200,9,19,lần,夅,吝,U+541D,0.7699,True,RESCUE_GOLD_MED,
stt4,page_0200,9,21,răm,琰,欺,U+6B3A,0.2698,False,NOT_IN_DICT,
stt4,page_0200,9,22,hơn,敢,欣,U+6B23,0.7675,True,RESCUE_GOLD_MED,
stt4,page_0202,1,3,càng,底,强,U+5F3A,0.0674,True,RESCUE_LOW_CONF,
stt4,page_0202,1,4,đau,勿,功,U+529F,0.2379,False,NOT_IN_DICT,
stt4,page_0202,1,8,càng,涵,强,U+5F3A,0.1818,True,RESCUE_LOW_CONF,
stt4,page_0202,1,11,người,暑,𠊚,U+2029A,0.9455,True,RESCUE_GOLD_HIGH,
stt4,page_0202,2,2,gọi,角,𠊚,U+2029A,0.9478,False,NOT_IN_DICT,
stt4,page_0202,2,4,là,宗,智,U+667A,0.1892,False,NOT_IN_DICT,
stt4,page_0202,2,8,nghĩa,主,义,U+4E49,0.0257,True,RESCUE_LOW_CONF,
stt4,page_0202,2,12,áo,罨,童,U+7AE5,0.3785,False,NOT_IN_DICT,
stt4,page_0202,2,13,lôngép,甲,中,U+4E2D,0.2418,False,NOT_IN_DICT,
stt4,page_0202,3,5,hề,今,兮,U+516E,0.2697,True,RESCUE_LOW_CONF,
stt4,page_0202,5,6,ra,愧,沚,U+6C9A,0.3349,False,NOT_IN_DICT,
stt4,page_0202,5,9,thơm,薈,朱,U+6731,0.3897,False,NOT_IN_DICT,
stt4,page_0202,5,10,tho,𭣣,意,U+610F,0.1606,False,NOT_IN_DICT,
stt4,page_0202,5,18,linh,昊,灵,U+7075,0.3684,True,RESCUE_LOW_CONF,
stt4,page_0202,6,4,gồm,較,盈,U+76C8,0.563,False,NOT_IN_DICT,
stt4,page_0202,6,15,xức,飭,麻,U+9EBB,0.874,False,NOT_IN_DICT,
stt4,page_0202,6,20,tức,印,即,U+5373,0.3532,True,RESCUE_LOW_CONF,
stt4,page_0202,7,9,vồ,槃,無,U+7121,0.6353,False,NOT_IN_DICT,
stt4,page_0202,8,3,là,罢,鬼,U+9B3C,0.3301,False,NOT_IN_DICT,
stt4,page_0202,8,7,li,扇,些,U+4E9B,0.353,False,NOT_IN_DICT,
stt4,page_0202,8,18,chúa,毛,主,U+4E3B,0.9529,True,RESCUE_GOLD_HIGH,
stt4,page_0202,8,19,trời,偷,主,U+4E3B,0.6822,False,NOT_IN_DICT,
stt4,page_0202,9,8,lớn,籟,義,U+7FA9,0.22,False,NOT_IN_DICT,
stt4,page_0202,9,19,vậy,五,丕,U+4E15,0.7646,True,RESCUE_GOLD_MED,
stt4,page_0204,1,6,tô,殊,穌,U+7A4C,0.6574,True,RESCUE_LOW_CONF,
stt4,page_0204,1,10,lắm,𫝗,凜,U+51DC,0.4721,True,RESCUE_LOW_CONF,
stt4,page_0204,2,7,le,道,蘭,U+862D,0.122,False,NOT_IN_DICT,
stt4,page_0204,3,1,giận,車,陣,U+9663,0.9146,True,RESCUE_GOLD_HIGH,
stt4,page_0204,3,22,đã,无,㐌,U+340C,0.827,True,RESCUE_GOLD_MED,
stt4,page_0204,4,1,hai,哆,咍,U+548D,0.5128,True,RESCUE_LOW_CONF,
stt4,page_0204,4,2,sói,後,樞,U+6A1E,0.2247,False,NOT_IN_DICT,
stt4,page_0204,4,3,rừng,撻,棱,U+68F1,0.7923,True,RESCUE_GOLD_MED,
stt4,page_0204,4,4,cắn,喉,浪,U+6D6A,0.4273,False,NOT_IN_DICT,
stt4,page_0204,4,6,anh,𢎯,英,U+82F1,0.497,True,RESCUE_LOW_CONF,
stt4,page_0204,4,12,thầy,𭩮,柴,U+67F4,0.9611,True,RESCUE_GOLD_HIGH,
stt4,page_0204,4,13,cả,牙,哿,U+54FF,0.2199,True,RESCUE_LOW_CONF,
stt4,page_0204,5,6,lửa,疑,渃,U+6E03,0.0998,False,NOT_IN_DICT,
stt4,page_0204,5,12,đâm,𢭀,拱,U+62F1,0.1074,False,NOT_IN_DICT,
stt4,page_0204,5,14,hai,吃,咍,U+548D,0.147,True,RESCUE_LOW_CONF,
stt4,page_0204,5,15,sói,撥,矯,U+77EF,0.345,False,NOT_IN_DICT,
stt4,page_0204,5,19,nó,祖,奴,U+5974,0.878,True,RESCUE_GOLD_HIGH,
stt4,page_0204,5,22,bấy,𨳩,閉,U+9589,0.8817,True,RESCUE_GOLD_HIGH,
stt4,page_0204,5,23,giờ,凃,除,U+9664,0.9687,True,RESCUE_GOLD_HIGH,
stt4,page_0204,6,1,mừng,菊,南,U+5357,0.1402,False,NOT_IN_DICT,
stt4,page_0204,6,5,sợ,惲,𢜝,U+2271D,0.8802,True,RESCUE_GOLD_HIGH,
stt4,page_0204,6,10,tội,𠈷,罪,U+7F6A,0.7829,True,RESCUE_GOLD_MED,
stt4,page_0204,6,14,chịu,多,召,U+53EC,0.6628,True,RESCUE_LOW_CONF,
stt4,page_0204,6,21,con,崑,晜,U+665C,0.5794,True,RESCUE_LOW_CONF,
stt4,page_0204,6,23,dọn,返,迍,U+8FCD,0.0965,True,RESCUE_LOW_CONF,
stt4,page_0204,7,4,một,叚,殳,U+6BB3,0.2558,True,RESCUE_LOW_CONF,
stt4,page_0204,7,10,qua,氏,戈,U+6208,0.0106,True,RESCUE_LOW_CONF,
stt4,page_0204,7,18,hạn,帳,浪,U+6D6A,0.1001,False,NOT_IN_DICT,
stt4,page_0204,7,19,người,意,意,U+610F,0.9401,False,NOT_IN_DICT,
stt4,page_0204,7,20,ấy,尋,𠊚,U+2029A,0.9613,False,NOT_IN_DICT,
stt4,page_0204,8,3,nước,庻,渃,U+6E03,0.1113,True,RESCUE_LOW_CONF,
stt4,page_0204,8,6,nha,丹,牙,U+7259,0.7584,True,RESCUE_GOLD_MED,
stt4,page_0204,8,7,chọn,挺,撰,U+64B0,0.2561,True,RESCUE_LOW_CONF,
stt4,page_0204,8,8,người,寄,𠊚,U+2029A,0.9849,True,RESCUE_GOLD_HIGH,
stt4,page_0206,1,6,pha,与,葩,U+8469,0.8608,True,RESCUE_GOLD_HIGH,
stt4,page_0206,1,11,hai,唯,咍,U+548D,0.1284,True,RESCUE_LOW_CONF,
stt4,page_0206,1,13,hay,略,咍,U+548D,0.2599,True,RESCUE_LOW_CONF,
stt4,page_0206,1,17,săn,馳,黙,U+9ED9,0.1063,False,NOT_IN_DICT,
stt4,page_0206,1,21,bắn,辛,半,U+534A,0.0545,True,RESCUE_LOW_CONF,
stt4,page_0206,1,22,tên,笔,先,U+5148,0.2704,True,RESCUE_LOW_CONF,
stt4,page_0206,2,1,lái,覇,邁,U+9081,0.2621,False,NOT_IN_DICT,
stt4,page_0206,2,2,tim,七,心,U+5FC3,0.0451,True,RESCUE_LOW_CONF,
stt4,page_0206,2,9,địa,死,地,U+5730,0.2585,True,RESCUE_LOW_CONF,
stt4,page_0206,2,15,tháy,笇,柴,U+67F4,0.5955,False,NOT_IN_DICT,
stt4,page_0206,2,16,ca,對,哿,U+54FF,0.2345,True,RESCUE_LOW_CONF,
stt4,page_0206,3,7,sách,典,呐,U+5450,0.231,False,NOT_IN_DICT,
stt4,page_0206,3,8,hay,後,咍,U+548D,0.4639,True,RESCUE_LOW_CONF,
stt4,page_0206,3,10,và,韓,喡,U+55A1,0.9152,True,RESCUE_GOLD_HIGH,
stt4,page_0206,3,17,ri,役,該,U+8A72,0.1633,False,NOT_IN_DICT,
stt4,page_0206,4,5,tuổi,朝,歲,U+6B72,0.5361,True,RESCUE_LOW_CONF,
stt4,page_0206,5,7,mừng,用,明,U+660E,0.1869,True,RESCUE_LOW_CONF,
stt4,page_0206,5,8,hát,歇,欱,U+6B31,0.0091,True,RESCUE_LOW_CONF,
stt4,page_0206,6,18,năm,廟,南,U+5357,0.9759,True,RESCUE_GOLD_HIGH,
stt4,page_0206,7,0,hai,禮,咍,U+548D,0.1978,True,RESCUE_LOW_CONF,
stt4,page_0206,7,2,hai,发,咍,U+548D,0.3263,True,RESCUE_LOW_CONF,
stt4,page_0206,7,5,sô,鄒,欣,U+6B23,0.0415,False,NOT_IN_DICT,
stt4,page_0206,7,6,tê,果,𤰞,U+24C1E,0.3541,False,NOT_IN_DICT,
stt4,page_0206,7,7,rô,着,𠊚,U+2029A,0.2331,False,NOT_IN_DICT,
stt4,page_0206,7,8,pha,乖,意,U+610F,0.1229,False,NOT_IN_DICT,
stt4,page_0206,8,9,ii,爾,意,U+610F,0.2702,False,NOT_IN_DICT,
stt4,page_0206,8,15,li,爾,离,U+79BB,0.4437,True,RESCUE_LOW_CONF,
stt4,page_0206,8,22,chưng,倣,徵,U+5FB5,0.5091,True,RESCUE_LOW_CONF,
stt4,page_0206,9,0,sô,鄒,動,U+52D5,0.2293,False,NOT_IN_DICT,
stt4,page_0206,9,1,tê,呷,𤰞,U+24C1E,0.3232,False,NOT_IN_DICT,
stt4,page_0206,9,3,nghĩa,王,義,U+7FA9,0.0422,True,RESCUE_LOW_CONF,
stt4,page_0208,1,8,ca,般,歌,U+6B4C,0.49,True,RESCUE_LOW_CONF,
stt4,page_0208,1,13,ở,旗,於,U+65BC,0.9394,True,RESCUE_GOLD_HIGH,
stt4,page_0208,2,1,dạy,恥,代,U+4EE3,0.6518,True,RESCUE_LOW_CONF,
stt4,page_0208,2,16,về,府,𧗱,U+275F1,0.7073,True,RESCUE_GOLD_MED,
stt4,page_0208,3,4,phải,庫,沛,U+6C9B,0.5816,True,RESCUE_LOW_CONF,
stt4,page_0208,3,7,đá,修,多,U+591A,0.0282,True,RESCUE_LOW_CONF,
stt4,page_0208,3,8,đến,囙,旦,U+65E6,0.4889,True,RESCUE_LOW_CONF,
stt4,page_0208,3,20,nhà,永,如,U+5982,0.3409,True,RESCUE_LOW_CONF,
stt4,page_0208,4,6,đốt,灼,焠,U+7120,0.0853,True,RESCUE_LOW_CONF,
stt4,page_0208,4,7,hương,喬,查,U+67E5,0.1577,False,NOT_IN_DICT,
stt4,page_0208,4,13,làm,似,柴,U+67F4,0.7532,False,NOT_IN_DICT,
stt4,page_0208,5,11,dưng,肆,連,U+9023,0.1564,False,NOT_IN_DICT,
stt4,page_0208,5,12,sau,似,代,U+4EE3,0.9493,False,NOT_IN_DICT,
stt4,page_0208,6,7,sa,居,沙,U+6C99,0.2305,True,RESCUE_LOW_CONF,
stt4,page_0208,6,17,cô,兹,姑,U+59D1,0.6527,True,RESCUE_LOW_CONF,
stt4,page_0208,6,21,đến,之,旦,U+65E6,0.7568,True,RESCUE_GOLD_MED,
stt4,page_0208,7,0,sau,犎,鋪,U+92EA,0.087,False,NOT_IN_DICT,
stt4,page_0208,7,2,đầy,亥,苔,U+82D4,0.0425,True,RESCUE_LOW_CONF,
stt4,page_0208,7,6,chịu,是,徳,U+5FB3,0.6472,False,NOT_IN_DICT,
stt4,page_0208,7,7,chết,扦,四,U+56DB,0.0967,False,NOT_IN_DICT,
stt4,page_0208,7,21,khi,娶,欺,U+6B3A,0.9925,True,RESCUE_GOLD_HIGH,
stt4,page_0208,8,6,pha,𡿨,乙,U+4E59,0.2103,False,NOT_IN_DICT,
stt4,page_0208,9,5,ra,魂,囉,U+56C9,0.1627,True,RESCUE_LOW_CONF,
stt4,page_0208,9,16,chin,合,命,U+547D,0.4162,False,NOT_IN_DICT,
stt4,page_0210,1,4,pha,誕,烏,U+70CF,0.7511,False,NOT_IN_DICT,
stt4,page_0210,1,13,rày,圖,𠊚,U+2029A,0.9463,False,NOT_IN_DICT,
stt4,page_0210,2,7,ra,佛,於,U+65BC,0.8357,False,NOT_IN_DICT,
stt4,page_0210,2,14,dòng,翅,尾,U+5C3E,0.3398,False,NOT_IN_DICT,
stt4,page_0210,2,16,sang,郅,重,U+91CD,0.9168,False,NOT_IN_DICT,
stt4,page_0210,2,19,vì,夸,爲,U+7232,0.8104,True,RESCUE_GOLD_MED,
stt4,page_0210,3,0,là,七,号,U+53F7,0.0515,True,RESCUE_LOW_CONF,
stt4,page_0210,3,3,trị,冶,治,U+6CBB,0.1417,True,RESCUE_LOW_CONF,
stt4,page_0210,3,12,xi,器,翁,U+7FC1,0.2782,False,NOT_IN_DICT,
stt4,page_0210,3,17,nết,滛,𣵀,U+23D40,0.1915,True,RESCUE_LOW_CONF,
stt4,page_0210,3,19,khác,睡,恪,U+606A,0.1085,True,RESCUE_LOW_CONF,
stt4,page_0210,5,0,rỗi,瀛,磊,U+78CA,0.1322,True,RESCUE_LOW_CONF,
stt4,page_0210,5,6,trái,情,唐,U+5510,0.2317,False,NOT_IN_DICT,
stt4,page_0210,5,7,mà,要,渚,U+6E1A,0.0935,False,NOT_IN_DICT,
stt4,page_0210,5,15,hết,歛,歇,U+6B47,0.7124,True,RESCUE_GOLD_MED,
stt4,page_0210,5,20,chúa,光,主,U+4E3B,0.9046,True,RESCUE_GOLD_HIGH,
stt4,page_0210,6,1,giết,杵,折,U+6298,0.9536,True,RESCUE_GOLD_HIGH,
stt4,page_0210,6,14,kê,兀,几,U+51E0,0.9852,False,NOT_IN_DICT,
stt4,page_0210,6,16,ma,屏,麻,U+9EBB,0.9317,True,RESCUE_GOLD_HIGH,
stt4,page_0210,6,17,dai,浅,曳,U+66F3,0.9186,False,NOT_IN_DICT,
stt4,page_0210,6,19,song,瓶,花,U+82B1,0.1,False,NOT_IN_DICT,
stt4,page_0210,6,20,co,因,固,U+56FA,0.8229,False,NOT_IN_DICT,
stt4,page_0210,6,22,ma,奔,麻,U+9EBB,0.8948,True,RESCUE_GOLD_HIGH,
stt4,page_0210,7,1,sống,頽,天,U+5929,0.0831,False,NOT_IN_DICT,
stt4,page_0210,7,3,hết,歐,歇,U+6B47,0.3691,True,RESCUE_LOW_CONF,
stt4,page_0210,7,16,muông,獧,与,U+4E0E,0.8368,False,NOT_IN_DICT,
stt4,page_0210,8,6,năm,廟,南,U+5357,0.8722,True,RESCUE_GOLD_HIGH,
stt4,page_0210,8,15,vì,時,時,U+6642,0.5744,False,NOT_IN_DICT,
stt4,page_0210,8,17,ẩn,急,底,U+5E95,0.2654,False,NOT_IN_DICT,
stt4,page_0210,8,19,trong,書,書,U+66F8,0.4737,False,NOT_IN_DICT,
stt4,page_0210,9,8,nô,双,奴,U+5974,0.9643,True,RESCUE_GOLD_HIGH,
stt4,page_0210,9,12,an,妥,安,U+5B89,0.9172,True,RESCUE_GOLD_HIGH,
stt4,page_0210,9,17,nơi,每,每,U+6BCF,0.2953,False,NOT_IN_DICT,
stt4,page_0212,1,6,rê,發,移,U+79FB,0.0924,False,NOT_IN_DICT,
stt4,page_0212,1,7,xa,卑,車,U+8ECA,0.5495,True,RESCUE_LOW_CONF,
stt4,page_0212,1,8,như,以,如,U+5982,0.6721,True,RESCUE_LOW_CONF,
stt4,page_0212,1,9,dạy,從,扒,U+6252,0.3409,False,NOT_IN_DICT,
stt4,page_0212,1,11,là,器,号,U+53F7,0.0715,True,RESCUE_LOW_CONF,
stt4,page_0212,1,14,cả,苛,連,U+9023,0.3962,False,NOT_IN_DICT,
stt4,page_0212,2,1,hang,番,蚤,U+86A4,0.2478,False,NOT_IN_DICT,
stt4,page_0212,2,4,tám,謄,棱,U+68F1,0.2075,False,NOT_IN_DICT,
stt4,page_0212,2,8,khó,牽,庫,U+5EAB,0.8731,True,RESCUE_GOLD_HIGH,
stt4,page_0212,2,15,săn,洗,多,U+591A,0.9487,False,NOT_IN_DICT,
stt4,page_0212,2,23,bắt,扵,扒,U+6252,0.9259,True,RESCUE_GOLD_HIGH,
stt4,page_0212,3,1,hai,容,咍,U+548D,0.3067,True,RESCUE_LOW_CONF,
stt4,page_0212,3,12,ra,𡘜,塊,U+584A,0.0685,False,NOT_IN_DICT,
stt4,page_0212,3,13,thì,䓁,時,U+6642,0.8405,True,RESCUE_GOLD_MED,
stt4,page_0212,3,20,hai,经,安,U+5B89,0.0497,False,NOT_IN_DICT,
stt4,page_0212,4,6,càng,𮔉,强,U+5F3A,0.6402,True,RESCUE_LOW_CONF,
stt4,page_0212,4,8,càng,底,强,U+5F3A,0.7469,True,RESCUE_GOLD_MED,
stt4,page_0212,4,9,thêm,凃,𣸸,U+23E38,0.4353,True,RESCUE_LOW_CONF,
stt4,page_0212,4,12,chức,残,聀,U+8040,0.9057,True,RESCUE_GOLD_HIGH,
stt4,page_0212,4,21,về,銜,𧗱,U+275F1,0.567,True,RESCUE_LOW_CONF,
stt4,page_0212,4,22,sau,陣,連,U+9023,0.3124,False,NOT_IN_DICT,
stt4,page_0212,5,6,sau,陣,連,U+9023,0.648,False,NOT_IN_DICT,
stt4,page_0212,5,8,tri,沉,召,U+53EC,0.127,False,NOT_IN_DICT,
stt4,page_0212,5,10,hiền,置,賢,U+8CE2,0.0679,True,RESCUE_LOW_CONF,
stt4,page_0212,5,13,là,契,昆,U+6606,0.7055,False,NOT_IN_DICT,
stt4,page_0212,5,15,can,故,過,U+904E,0.2068,False,NOT_IN_DICT,
stt4,page_0212,5,16,ti,年,欺,U+6B3A,0.2251,False,NOT_IN_DICT,
stt4,page_0212,6,1,cầm,葉,禁,U+7981,0.2068,True,RESCUE_LOW_CONF,
stt4,page_0212,6,4,đừng,江,蜍,U+870D,0.8392,False,NOT_IN_DICT,
stt4,page_0212,7,12,hai,似,浪,U+6D6A,0.15,False,NOT_IN_DICT,
stt4,page_0212,7,14,chin,含,意,U+610F,0.0729,False,NOT_IN_DICT,
stt4,page_0212,8,0,hai,略,咍,U+548D,0.574,True,RESCUE_LOW_CONF,
stt4,page_0212,8,1,mươi,籩,邁,U+9081,0.9336,True,RESCUE_GOLD_HIGH,
stt4,page_0212,8,6,đê,丈,支,U+652F,0.662,False,NOT_IN_DICT,
stt4,page_0212,9,7,đạo,齒,道,U+9053,0.6016,True,RESCUE_LOW_CONF,
stt4,page_0212,9,11,giê,迷,支,U+652F,0.917,True,RESCUE_GOLD_HIGH,
stt4,page_0212,9,20,tiếng,窗,畧,U+7567,0.0529,False,NOT_IN_DICT,
stt4,page_0214,1,1,vậy,丘,丕,U+4E15,0.982,True,RESCUE_GOLD_HIGH,
stt4,page_0214,1,3,vua,桐,枸,U+67B8,0.2055,False,NOT_IN_DICT,
stt4,page_0214,2,2,lo,与,卢,U+5362,0.5734,True,RESCUE_LOW_CONF,
stt4,page_0214,2,13,căn,杆,別,U+5225,0.6821,False,NOT_IN_DICT,
stt4,page_0214,3,12,vua,朔,形,U+5F62,0.1399,False,NOT_IN_DICT,
stt4,page_0214,3,15,hỏi,旃,飭,U+98ED,0.3636,False,NOT_IN_DICT,
stt4,page_0214,3,20,ai,候,唉,U+5509,0.7748,True,RESCUE_GOLD_MED,
stt4,page_0214,4,10,trời,𠛴,主,U+4E3B,0.4902,False,NOT_IN_DICT,
stt4,page_0214,5,0,le,府,离,U+79BB,0.8592,True,RESCUE_GOLD_HIGH,
stt4,page_0214,5,4,hơn,坎,欣,U+6B23,0.951,True,RESCUE_GOLD_HIGH,
stt4,page_0214,5,15,cùng,在,麻,U+9EBB,0.9596,False,NOT_IN_DICT,
stt4,page_0214,5,16,phá,殿,破,U+7834,0.4757,True,RESCUE_LOW_CONF,
stt4,page_0214,5,20,phán,制,判,U+5224,0.9404,True,RESCUE_GOLD_HIGH,
stt4,page_0214,6,20,là,突,蔑,U+8511,0.0696,False,NOT_IN_DICT,
stt4,page_0214,7,5,vua,判,别,U+522B,0.3031,False,NOT_IN_DICT,
stt4,page_0214,7,6,phán,硐,調,U+8ABF,0.9172,False,NOT_IN_DICT,
stt4,page_0214,8,3,vua,砲,徳,U+5FB3,0.1114,False,NOT_IN_DICT,
stt4,page_0214,8,6,vua,砲,除,U+9664,0.2959,False,NOT_IN_DICT,
stt4,page_0214,8,13,hẹn,泯,麻,U+9EBB,0.5297,False,NOT_IN_DICT,
stt4,page_0214,9,6,vua,因,因,U+56E0,0.1264,False,NOT_IN_DICT,
stt4,page_0214,9,12,vua,砲,願,U+9858,0.072,False,NOT_IN_DICT,
stt4,page_0216,1,11,dê,丈,支,U+652F,0.8979,False,NOT_IN_DICT,
stt4,page_0216,1,15,vua,砲,襖,U+8956,0.2144,False,NOT_IN_DICT,
stt4,page_0216,2,8,vì,笙,爲,U+7232,0.9641,True,RESCUE_GOLD_HIGH,
stt4,page_0216,2,18,trời,薊,𡗶,U+215F6,0.0757,True,RESCUE_LOW_CONF,
stt4,page_0216,3,6,tượng,康,盈,U+76C8,0.1646,False,NOT_IN_DICT,
stt4,page_0216,3,8,dối,计,対,U+5BFE,0.155,True,RESCUE_LOW_CONF,
stt4,page_0216,3,14,hay,乾,庄,U+5E84,0.393,False,NOT_IN_DICT,
stt4,page_0216,4,1,đầy,荅,磊,U+78CA,0.1788,False,NOT_IN_DICT,
stt4,page_0216,4,9,ghét,統,結,U+7D50,0.8596,True,RESCUE_GOLD_HIGH,
stt4,page_0216,4,11,và,陣,喡,U+55A1,0.8289,True,RESCUE_GOLD_MED,
stt4,page_0216,4,13,người,鲁,𠊚,U+2029A,0.962,True,RESCUE_GOLD_HIGH,
stt4,page_0216,4,20,vua,侗,奏,U+594F,0.1607,False,NOT_IN_DICT,
stt4,page_0216,4,21,cùng,止,共,U+5171,0.6929,True,RESCUE_LOW_CONF,
stt4,page_0216,5,5,con,寬,晜,U+665C,0.6664,True,RESCUE_LOW_CONF,
stt4,page_0216,5,16,dối,尅,対,U+5BFE,0.6297,True,RESCUE_LOW_CONF,
stt4,page_0216,6,0,nghe,迹,宜,U+5B9C,0.5467,True,RESCUE_LOW_CONF,
stt4,page_0216,6,5,dạy,狄,代,U+4EE3,0.5833,True,RESCUE_LOW_CONF,
stt4,page_0216,6,19,ra,此,世,U+4E16,0.0974,False,NOT_IN_DICT,
stt4,page_0216,7,11,đầy,秀,意,U+610F,0.0574,False,NOT_IN_DICT,
stt4,page_0216,7,15,giê,交,支,U+652F,0.4557,True,RESCUE_LOW_CONF,
stt4,page_0216,7,20,tên,卷,先,U+5148,0.7854,True,RESCUE_GOLD_MED,
stt4,page_0216,8,1,giu,櫃,樞,U+6A1E,0.812,False,NOT_IN_DICT,
stt4,page_0216,8,2,dê,支,支,U+652F,0.9162,False,NOT_IN_DICT,
stt4,page_0216,8,10,du,攵,其,U+5176,0.1193,False,NOT_IN_DICT,
stt4,page_0216,8,11,si,猝,篩,U+7BE9,0.5249,True,RESCUE_LOW_CONF,
stt4,page_0216,8,15,rày,罰,固,U+56FA,0.0971,False,NOT_IN_DICT,
stt4,page_0216,8,19,dức,德,徳,U+5FB3,0.5706,False,NOT_IN_DICT,
stt4,page_0216,9,4,rằng,喉,浪,U+6D6A,0.9398,True,RESCUE_GOLD_HIGH,
stt4,page_0216,9,7,phép,翁,朱,U+6731,0.483,False,NOT_IN_DICT,
stt4,page_0216,9,8,ông,法,法,U+6CD5,0.8533,False,NOT_IN_DICT,
stt4,page_0216,9,15,khi,𡚁,欺,U+6B3A,0.9649,True,RESCUE_GOLD_HIGH,
stt4,page_0216,9,18,răng,喉,浪,U+6D6A,0.8736,True,RESCUE_GOLD_HIGH,
stt4,page_0218,1,8,hỏi,匆,每,U+6BCF,0.0253,True,RESCUE_LOW_CONF,
stt4,page_0218,2,9,ghét,统,結,U+7D50,0.543,True,RESCUE_LOW_CONF,
stt4,page_0218,2,14,nếu,長,傷,U+50B7,0.3999,False,NOT_IN_DICT,
stt4,page_0218,3,13,mừng,翊,喡,U+55A1,0.9629,False,NOT_IN_DICT,
stt4,page_0218,4,7,vừa,疋,皮,U+76AE,0.8777,True,RESCUE_GOLD_HIGH,
stt4,page_0218,4,8,nói,的,呐,U+5450,0.7732,True,RESCUE_GOLD_MED,
stt4,page_0218,4,13,vua,硐,極,U+6975,0.2951,False,NOT_IN_DICT,
stt4,page_0218,4,15,dức,息,恩,U+6069,0.0478,False,NOT_IN_DICT,
stt4,page_0218,4,20,dái,民,曳,U+66F3,0.5825,True,RESCUE_LOW_CONF,
stt4,page_0218,5,0,hồn,说,混,U+6DF7,0.1344,True,RESCUE_LOW_CONF,
stt4,page_0218,5,2,phán,尹,判,U+5224,0.161,True,RESCUE_LOW_CONF,
stt4,page_0218,5,3,rao,作,牢,U+7262,0.094,True,RESCUE_LOW_CONF,
stt4,page_0218,5,9,lặn,朗,於,U+65BC,0.5376,False,NOT_IN_DICT,
stt4,page_0218,5,10,đoạn,却,断,U+65AD,0.5312,True,RESCUE_LOW_CONF,
stt4,page_0218,5,11,trở,為,多,U+591A,0.1119,False,NOT_IN_DICT,
stt4,page_0218,6,0,tao,至,蚤,U+86A4,0.3677,True,RESCUE_LOW_CONF,
stt4,page_0218,6,1,thưởng,壹,賞,U+8CDE,0.2413,True,RESCUE_LOW_CONF,
stt4,page_0218,6,6,kẻ,比,几,U+51E0,0.8659,True,RESCUE_GOLD_HIGH,
stt4,page_0218,6,15,mẽ,羡,美,U+7F8E,0.9143,True,RESCUE_GOLD_HIGH,
stt4,page_0218,7,0,cha,生,吒,U+5412,0.7508,True,RESCUE_GOLD_MED,
stt4,page_0218,7,1,dạy,以,代,U+4EE3,0.2953,True,RESCUE_LOW_CONF,
stt4,page_0218,7,3,chớ,法,渚,U+6E1A,0.1774,True,RESCUE_LOW_CONF,
stt4,page_0218,7,6,quấy,偲,塊,U+584A,0.3891,False,NOT_IN_DICT,
stt4,page_0218,7,17,chức,致,聀,U+8040,0.4468,True,RESCUE_LOW_CONF,
stt4,page_0218,8,1,ví,度,渃,U+6E03,0.2727,False,NOT_IN_DICT,
stt4,page_0218,8,6,tao,重,蚤,U+86A4,0.2055,True,RESCUE_LOW_CONF,
stt4,page_0218,8,7,thì,唾,時,U+6642,0.7979,True,RESCUE_GOLD_MED,
stt4,page_0218,8,12,sống,駭,麻,U+9EBB,0.0779,False,NOT_IN_DICT,
stt4,page_0218,9,3,mọn,恩,悶,U+60B6,0.9619,True,RESCUE_GOLD_HIGH,
stt4,page_0218,9,4,này,尽,尼,U+5C3C,0.296,True,RESCUE_LOW_CONF,
stt4,page_0218,9,12,mà,年,麻,U+9EBB,0.8773,True,RESCUE_GOLD_HIGH,
stt4,page_0220,1,16,nhà,花,茹,U+8339,0.6204,True,RESCUE_LOW_CONF,
stt4,page_0220,1,20,đá,伎,碎,U+788E,0.1171,False,NOT_IN_DICT,
stt4,page_0220,2,5,đêm,左,店,U+5E97,0.3731,True,RESCUE_LOW_CONF,
stt4,page_0220,2,10,nặng,裏,曩,U+66E9,0.5968,True,RESCUE_LOW_CONF,
stt4,page_0220,2,11,lăm,葆,凜,U+51DC,0.455,False,NOT_IN_DICT,
stt4,page_0220,3,0,vua,闷,固,U+56FA,0.0671,False,NOT_IN_DICT,
stt4,page_0220,3,1,đòi,𫞓,隊,U+968A,0.06,True,RESCUE_LOW_CONF,
stt4,page_0220,3,11,hay,物,咍,U+548D,0.0803,True,RESCUE_LOW_CONF,
stt4,page_0220,4,10,hay,欲,咍,U+548D,0.3012,True,RESCUE_LOW_CONF,
stt4,page_0220,4,11,hôm,断,歆,U+6B46,0.7685,True,RESCUE_GOLD_MED,
stt4,page_0220,5,19,hơn,致,欣,U+6B23,0.8501,True,RESCUE_GOLD_HIGH,
stt4,page_0220,6,3,vua,桐,枸,U+67B8,0.2956,False,NOT_IN_DICT,
stt4,page_0220,6,5,buộc,红,年,U+5E74,0.4007,False,NOT_IN_DICT,
stt4,page_0220,6,16,nhọn,𠷰,葩,U+8469,0.4503,False,NOT_IN_DICT,
stt4,page_0220,6,17,sắc,邑,色,U+8272,0.0446,True,RESCUE_LOW_CONF,
stt4,page_0220,7,1,lột,侓,律,U+5F8B,0.5193,True,RESCUE_LOW_CONF,
stt4,page_0220,7,4,ra,悮,𠊚,U+2029A,0.885,False,NOT_IN_DICT,
stt4,page_0220,7,6,buộc,𭘾,年,U+5E74,0.4284,False,NOT_IN_DICT,
stt4,page_0220,7,9,xe,率,車,U+8ECA,0.2148,True,RESCUE_LOW_CONF,
stt4,page_0220,7,14,cắm,葉,赦,U+8D66,0.1071,False,NOT_IN_DICT,
stt4,page_0220,7,17,nhọn,䓒,茹,U+8339,0.0872,False,NOT_IN_DICT,
stt4,page_0220,8,1,mạnh,查,孟,U+5B5F,0.4128,True,RESCUE_LOW_CONF,
stt4,page_0220,8,5,quay,捶,椊,U+690A,0.3627,False,NOT_IN_DICT,
stt4,page_0220,8,7,quay,捶,推,U+63A8,0.1362,False,NOT_IN_DICT,
stt4,page_0220,8,18,le,禹,离,U+79BB,0.6716,True,RESCUE_LOW_CONF,
stt4,page_0220,9,3,dùi,筵,槌,U+69CC,0.0488,True,RESCUE_LOW_CONF,
stt4,page_0220,9,4,chì,詩,特,U+7279,0.2497,False,NOT_IN_DICT,
stt4,page_0220,9,10,câu,抝,拘,U+62D8,0.3295,True,RESCUE_LOW_CONF,
stt4,page_0220,9,14,thit,肭,調,U+8ABF,0.1823,False,NOT_IN_DICT,
stt4,page_0220,9,17,rập,益,立,U+7ACB,0.097,True,RESCUE_LOW_CONF,
stt4,page_0220,9,21,đ,顺,咍,U+548D,0.2635,False,NOT_IN_DICT,
stt4,page_0222,1,0,hai,物,咍,U+548D,0.2193,True,RESCUE_LOW_CONF,
stt4,page_0222,1,8,gối,㑹,燒,U+71D2,0.2186,False,NOT_IN_DICT,
stt4,page_0222,1,11,đã,患,如,U+5982,0.7598,False,NOT_IN_DICT,
stt4,page_0222,3,5,lạy,祧,礼,U+793C,0.8452,True,RESCUE_GOLD_MED,
stt4,page_0222,3,14,hay,顺,生,U+751F,0.1194,False,NOT_IN_DICT,
stt4,page_0222,3,16,vua,胸,君,U+541B,0.0235,True,RESCUE_LOW_CONF,
stt4,page_0222,3,17,ra,恍,囉,U+56C9,0.0991,True,RESCUE_LOW_CONF,
stt4,page_0222,4,5,tiếng,𪧐,省,U+7701,0.8091,True,RESCUE_GOLD_MED,
stt4,page_0222,4,6,sấm,懴,憾,U+61BE,0.2075,False,NOT_IN_DICT,
stt4,page_0222,5,19,một,嚴,没,U+6CA1,0.6194,True,RESCUE_LOW_CONF,
stt4,page_0222,6,0,dây,楚,虚,U+865A,0.1067,False,NOT_IN_DICT,
stt4,page_0222,6,1,buộc,纠,年,U+5E74,0.2426,False,NOT_IN_DICT,
stt4,page_0222,6,17,đi,㕛,多,U+591A,0.9617,True,RESCUE_GOLD_HIGH,
stt4,page_0222,6,18,đường,塵,唐,U+5510,0.7955,True,RESCUE_GOLD_MED,
stt4,page_0222,7,5,trời,圓,主,U+4E3B,0.7673,False,NOT_IN_DICT,
stt4,page_0222,7,16,giữ,朱,朱,U+6731,0.9687,False,NOT_IN_DICT,
stt4,page_0222,7,17,dê,丈,支,U+652F,0.8993,False,NOT_IN_DICT,
stt4,page_0222,9,3,như,竝,事,U+4E8B,0.0895,False,NOT_IN_DICT,
stt4,page_0222,9,4,hai,应,咍,U+548D,0.0533,True,RESCUE_LOW_CONF,
stt4,page_0222,9,11,tô,銖,穌,U+7A4C,0.7757,True,RESCUE_GOLD_MED,
stt4,page_0222,9,14,hai,吃,咍,U+548D,0.4563,True,RESCUE_LOW_CONF,
stt4,page_0222,9,16,phô,脩,哺,U+54FA,0.3667,True,RESCUE_LOW_CONF,
stt4,page_0222,9,17,tô,珠,穌,U+7A4C,0.6538,True,RESCUE_LOW_CONF,
stt4,page_0222,9,18,li,㸔,离,U+79BB,0.534,True,RESCUE_LOW_CONF,
stt4,page_0224,1,5,nghi,吉,古,U+53E4,0.3332,False,NOT_IN_DICT,
stt4,page_0224,1,13,xưng,稃,称,U+79F0,0.3943,True,RESCUE_LOW_CONF,
stt4,page_0224,2,15,chết,扦,折,U+6298,0.9602,True,RESCUE_GOLD_HIGH,
stt4,page_0224,2,18,một,途,没,U+6CA1,0.6497,True,RESCUE_LOW_CONF,
stt4,page_0224,3,2,hậu,何,㐌,U+340C,0.414,False,NOT_IN_DICT,
stt4,page_0224,3,4,vợ,番,蚤,U+86A4,0.2142,False,NOT_IN_DICT,
stt4,page_0224,3,17,màng,馵,省,U+7701,0.9082,False,NOT_IN_DICT,
stt4,page_0224,4,11,đoạn,故,殿,U+6BBF,0.3432,False,NOT_IN_DICT,
stt4,page_0224,4,13,dạy,烕,願,U+9858,0.12,False,NOT_IN_DICT,
stt4,page_0224,4,15,lò,庫,如,U+5982,0.1991,False,NOT_IN_DICT,
stt4,page_0224,4,16,lửa,𠁅,跪,U+8DEA,0.104,False,NOT_IN_DICT,
stt4,page_0224,5,5,một,反,没,U+6CA1,0.5419,True,RESCUE_LOW_CONF,
stt4,page_0224,5,19,s,最,群,U+7FA4,0.0704,False,NOT_IN_DICT,
stt4,page_0224,6,2,như,北,如,U+5982,0.4911,True,RESCUE_LOW_CONF,
stt4,page_0224,6,12,dạy,不,代,U+4EE3,0.9703,True,RESCUE_GOLD_HIGH,
stt4,page_0224,6,13,lấy,洮,礼,U+793C,0.5696,True,RESCUE_LOW_CONF,
stt4,page_0224,6,16,nung,震,燶,U+71F6,0.1958,True,RESCUE_LOW_CONF,
stt4,page_0224,7,10,xin,𫤰,麻,U+9EBB,0.6359,False,NOT_IN_DICT,
stt4,page_0224,8,0,vậy,兀,丕,U+4E15,0.9114,True,RESCUE_GOLD_HIGH,
stt4,page_0224,8,7,ngục,迩,迻,U+8FFB,0.2234,False,NOT_IN_DICT,
stt4,page_0224,8,8,đi,豈,多,U+591A,0.8333,True,RESCUE_GOLD_MED,
stt4,page_0224,8,15,đội,礙,浪,U+6D6A,0.264,False,NOT_IN_DICT,
stt4,page_0224,9,1,chạy,衆,豸,U+8C78,0.0356,True,RESCUE_LOW_CONF,
stt4,page_0224,9,14,như,咒,几,U+51E0,0.975,False,NOT_IN_DICT,
stt4,page_0226,1,7,thầy,宗,柴,U+67F4,0.0831,True,RESCUE_LOW_CONF,
stt4,page_0226,2,2,chốt,折,折,U+6298,0.9564,False,NOT_IN_DICT,
stt4,page_0226,2,9,và,嘑,喡,U+55A1,0.9816,True,RESCUE_GOLD_HIGH,
stt4,page_0226,3,0,lạ,運,邏,U+908F,0.0959,True,RESCUE_LOW_CONF,
stt4,page_0226,3,6,có,抑,折,U+6298,0.8963,False,NOT_IN_DICT,
stt4,page_0226,3,7,chết,因,固,U+56FA,0.1385,False,NOT_IN_DICT,
stt4,page_0226,3,9,thừa,竦,踈,U+8E08,0.4432,False,NOT_IN_DICT,
stt4,page_0226,3,21,sống,祐,拮,U+62EE,0.2237,False,NOT_IN_DICT,
stt4,page_0226,4,6,chớ,者,渚,U+6E1A,0.9692,True,RESCUE_GOLD_HIGH,
stt4,page_0226,4,19,sống,耘,瑟,U+745F,0.1102,False,NOT_IN_DICT,
stt4,page_0226,5,3,đồng,固,同,U+540C,0.0198,True,RESCUE_LOW_CONF,
stt4,page_0226,5,9,đồng,厘,墓,U+5893,0.0573,False,NOT_IN_DICT,
stt4,page_0226,5,10,sống,敎,執,U+57F7,0.0791,False,NOT_IN_DICT,
stt4,page_0226,7,4,trở,乞,群,U+7FA4,0.0852,False,NOT_IN_DICT,
stt4,page_0226,7,9,mà,𮉼,麻,U+9EBB,0.962,True,RESCUE_GOLD_HIGH,
stt4,page_0226,7,11,một,感,没,U+6CA1,0.1381,True,RESCUE_LOW_CONF,
stt4,page_0226,7,16,một,反,没,U+6CA1,0.6845,True,RESCUE_LOW_CONF,
stt4,page_0226,7,22,sống,勲,天,U+5929,0.1416,False,NOT_IN_DICT,
stt4,page_0226,8,16,đã,迤,㐌,U+340C,0.5652,True,RESCUE_LOW_CONF,
stt4,page_0226,8,17,cầu,𣱵,求,U+6C42,0.8698,True,RESCUE_GOLD_HIGH,
stt4,page_0226,8,20,sống,栽,弄,U+5F04,0.0291,True,RESCUE_LOW_CONF,
stt4,page_0226,9,11,rửa,后,渃,U+6E03,0.2645,False,NOT_IN_DICT,
stt4,page_0226,9,12,tội,麻,罪,U+7F6A,0.1152,True,RESCUE_LOW_CONF,
stt4,page_0228,1,1,che,徒,枝,U+679D,0.5093,True,RESCUE_LOW_CONF,
stt4,page_0228,1,3,vua,阙,湖,U+6E56,0.0366,False,NOT_IN_DICT,
stt4,page_0228,1,7,dạy,術,代,U+4EE3,0.9772,True,RESCUE_GOLD_HIGH,
stt4,page_0228,1,11,hai,冷,咍,U+548D,0.316,True,RESCUE_LOW_CONF,
stt4,page_0228,1,18,hai,名,求,U+6C42,0.1182,False,NOT_IN_DICT,
stt4,page_0228,1,21,sống,祜,拮,U+62EE,0.0727,False,NOT_IN_DICT,
stt4,page_0228,2,10,là,乳,号,U+53F7,0.0402,True,RESCUE_LOW_CONF,
stt4,page_0228,2,12,ma,那,那,U+90A3,0.9566,False,NOT_IN_DICT,
stt4,page_0228,2,16,đoạn,整,断,U+65AD,0.8352,True,RESCUE_GOLD_MED,
stt4,page_0228,2,18,day,以,代,U+4EE3,0.6834,False,NOT_IN_DICT,
stt4,page_0228,3,0,ông,畜,翁,U+7FC1,0.4508,True,RESCUE_LOW_CONF,
stt4,page_0228,3,7,kẻo,腐,喬,U+55AC,0.6514,True,RESCUE_LOW_CONF,
stt4,page_0228,3,14,hay,各,咍,U+548D,0.052,True,RESCUE_LOW_CONF,
stt4,page_0228,5,5,cũng,芒,共,U+5171,0.8758,True,RESCUE_GOLD_HIGH,
stt4,page_0228,5,12,li,済,意,U+610F,0.1221,False,NOT_IN_DICT,
stt4,page_0228,5,14,r1,移,移,U+79FB,0.6613,False,NOT_IN_DICT,
stt4,page_0228,5,15,0,刍,烏,U+70CF,0.5039,False,NOT_IN_DICT,
stt4,page_0228,6,0,con,𠯵,𠊚,U+2029A,0.0577,False,NOT_IN_DICT,
stt4,page_0228,6,19,sống,敖,拮,U+62EE,0.2794,False,NOT_IN_DICT,
stt4,page_0228,7,1,chớ,堵,渚,U+6E1A,0.9073,True,RESCUE_GOLD_HIGH,
stt4,page_0228,7,5,tin,俟,信,U+4FE1,0.9724,True,RESCUE_GOLD_HIGH,
stt4,page_0228,7,11,sống,聒,執,U+57F7,0.1456,False,NOT_IN_DICT,
stt4,page_0228,7,15,mà,豊,喡,U+55A1,0.7822,False,NOT_IN_DICT,
stt4,page_0228,8,12,dạy,七,代,U+4EE3,0.418,True,RESCUE_LOW_CONF,
stt4,page_0228,8,17,sau,斟,連,U+9023,0.1759,False,NOT_IN_DICT,
stt4,page_0228,8,19,đòi,緑,泊,U+6CCA,0.4177,False,NOT_IN_DICT,
stt4,page_0228,9,2,lấy,祖,礼,U+793C,0.975,True,RESCUE_GOLD_HIGH,
stt4,page_0228,9,7,tao,兹,蚤,U+86A4,0.307,True,RESCUE_LOW_CONF,
stt4,page_0228,9,15,hay,略,生,U+751F,0.1595,False,NOT_IN_DICT,
stt4,page_0228,9,16,suy,惟,推,U+63A8,0.9158,True,RESCUE_GOLD_HIGH,
stt4,page_0230,1,7,hãy,喉,唉,U+5509,0.7224,True,RESCUE_GOLD_MED,
stt4,page_0230,1,9,cha,心,吒,U+5412,0.3939,True,RESCUE_LOW_CONF,
stt4,page_0230,1,11,hai,防,咍,U+548D,0.6151,True,RESCUE_LOW_CONF,
stt4,page_0230,2,1,chức,娥,聀,U+8040,0.6642,True,RESCUE_LOW_CONF,
stt4,page_0230,2,4,khi,歐,欺,U+6B3A,0.8453,True,RESCUE_GOLD_MED,
stt4,page_0230,3,3,mừng,朗,明,U+660E,0.6823,True,RESCUE_LOW_CONF,
stt4,page_0230,3,15,hay,经,仍,U+4ECD,0.0497,False,NOT_IN_DICT,
stt4,page_0230,4,1,kêu,紏,呌,U+544C,0.5921,True,RESCUE_LOW_CONF,
stt4,page_0230,4,5,đã,迕,㐌,U+340C,0.9167,True,RESCUE_GOLD_HIGH,
stt4,page_0230,4,7,giữ,樞,樞,U+6A1E,0.5035,False,NOT_IN_DICT,
stt4,page_0230,4,11,vua,碅,朝,U+671D,0.0936,False,NOT_IN_DICT,
stt4,page_0230,4,13,cả,𡬾,竒,U+7AD2,0.0809,True,RESCUE_LOW_CONF,
stt4,page_0230,4,20,tiến,筵,進,U+9032,0.0436,True,RESCUE_LOW_CONF,
stt4,page_0230,5,2,bây,開,閉,U+9589,0.7751,False,NOT_IN_DICT,
stt4,page_0230,5,3,giờ,凃,除,U+9664,0.9298,True,RESCUE_GOLD_HIGH,
stt4,page_0230,5,6,đứng,項,須,U+9808,0.1542,False,NOT_IN_DICT,
stt4,page_0230,5,9,tao,𡍼,蚤,U+86A4,0.2368,True,RESCUE_LOW_CONF,
stt4,page_0230,5,10,hỏi,呶,每,U+6BCF,0.9272,True,RESCUE_GOLD_HIGH,
stt4,page_0230,5,11,quý,思,鬼,U+9B3C,0.8421,False,NOT_IN_DICT,
stt4,page_0230,5,16,mày,省,眉,U+7709,0.9485,True,RESCUE_GOLD_HIGH,
stt4,page_0230,6,6,thưa,煉,踈,U+8E08,0.9267,True,RESCUE_GOLD_HIGH,
stt4,page_0230,6,17,một,激,没,U+6CA1,0.8661,True,RESCUE_GOLD_HIGH,
stt4,page_0230,7,5,muôn,閃,門,U+9580,0.6809,True,RESCUE_LOW_CONF,
stt4,page_0230,7,19,là,宗,号,U+53F7,0.0584,True,RESCUE_LOW_CONF,
stt4,page_0230,8,2,tội,冢,罪,U+7F6A,0.8458,True,RESCUE_GOLD_MED,
stt4,page_0230,8,3,mất,禾,末,U+672B,0.6825,True,RESCUE_LOW_CONF,
stt4,page_0230,9,3,ta,亝,些,U+4E9B,0.8762,True,RESCUE_GOLD_HIGH,
stt4,page_0230,9,21,tao,𮔉,蚤,U+86A4,0.3714,True,RESCUE_LOW_CONF,
stt4,page_0232,1,11,ầm,嶠,傷,U+50B7,0.1568,False,NOT_IN_DICT,
stt4,page_0232,1,12,âm,上,乄,U+4E44,0.1021,False,NOT_IN_DICT,
stt4,page_0232,2,2,võ,边,破,U+7834,0.7557,False,NOT_IN_DICT,
stt4,page_0232,2,3,ra,滛,塊,U+584A,0.1433,False,NOT_IN_DICT,
stt4,page_0232,2,4,tro,炉,跪,U+8DEA,0.1805,False,NOT_IN_DICT,
stt4,page_0232,2,8,chạy,多,多,U+591A,0.9637,False,NOT_IN_DICT,
stt4,page_0232,2,9,đi,衆,没,U+6CA1,0.0873,False,NOT_IN_DICT,
stt4,page_0232,2,18,giết,扦,折,U+6298,0.9095,True,RESCUE_GOLD_HIGH,
stt4,page_0232,2,19,thắng,焉,𤯝,U+24BDD,0.1657,True,RESCUE_LOW_CONF,
stt4,page_0232,2,20,này,吞,尼,U+5C3C,0.5089,True,RESCUE_LOW_CONF,
stt4,page_0232,3,7,hết,𣣔,歇,U+6B47,0.7536,True,RESCUE_GOLD_MED,
stt4,page_0232,3,15,gở,降,牢,U+7262,0.1252,False,NOT_IN_DICT,
stt4,page_0232,4,10,ra,呢,囉,U+56C9,0.1338,True,RESCUE_LOW_CONF,
stt4,page_0232,5,0,cầm,揜,扲,U+6272,0.9714,True,RESCUE_GOLD_HIGH,
stt4,page_0232,5,15,lọn,徧,朱,U+6731,0.6976,False,NOT_IN_DICT,
stt4,page_0232,5,16,vua,桐,勧,U+52E7,0.1142,False,NOT_IN_DICT,
stt4,page_0232,5,20,giận,谨,陣,U+9663,0.0509,True,RESCUE_LOW_CONF,
stt4,page_0232,5,21,là,英,垩,U+57A9,0.1561,False,NOT_IN_DICT,
stt4,page_0232,6,3,chém,勿,功,U+529F,0.2339,False,NOT_IN_DICT,
stt4,page_0232,6,4,vợ,帑,嬏,U+5B0F,0.4009,True,RESCUE_LOW_CONF,
stt4,page_0232,6,6,và,𭔿,喡,U+55A1,0.9451,True,RESCUE_GOLD_HIGH,
stt4,page_0232,6,10,dê,走,移,U+79FB,0.0074,True,RESCUE_LOW_CONF,
stt4,page_0232,7,3,xin,值,填,U+586B,0.1681,True,RESCUE_LOW_CONF,
stt4,page_0232,7,12,cả,身,奇,U+5947,0.045,True,RESCUE_LOW_CONF,
stt4,page_0232,7,15,vì,𠁅,為,U+70BA,0.1662,True,RESCUE_LOW_CONF,
stt4,page_0232,8,9,vì,唐,意,U+610F,0.9824,False,NOT_IN_DICT,
stt4,page_0232,8,14,dục,逐,几,U+51E0,0.9416,False,NOT_IN_DICT,
stt4,page_0232,9,13,hai,而,墓,U+5893,0.1065,False,NOT_IN_DICT,
stt4,page_0232,9,17,bảy,𠲘,罢,U+7F62,0.0454,True,RESCUE_LOW_CONF,
stt4,page_0234,1,2,mê,述,迷,U+8FF7,0.1891,True,RESCUE_LOW_CONF,
stt4,page_0234,1,3,li,病,离,U+79BB,0.7414,True,RESCUE_GOLD_MED,
stt4,page_0234,1,4,tô,録,穌,U+7A4C,0.5197,True,RESCUE_LOW_CONF,
stt4,page_0234,2,3,li,爾,离,U+79BB,0.2732,True,RESCUE_LOW_CONF,
stt4,page_0234,2,8,mật,寕,爲,U+7232,0.2108,False,NOT_IN_DICT,
stt4,page_0234,2,13,việc,徵,罪,U+7F6A,0.2581,False,NOT_IN_DICT,
stt4,page_0234,3,4,nước,沅,渃,U+6E03,0.3529,True,RESCUE_LOW_CONF,
stt4,page_0234,3,9,dô,灶,杜,U+675C,0.5369,False,NOT_IN_DICT,
stt4,page_0234,3,10,xứ,虚,䖏,U+458F,0.106,True,RESCUE_LOW_CONF,
stt4,page_0234,3,11,châu,鄒,鄧,U+9127,0.4298,False,NOT_IN_DICT,
stt4,page_0234,3,12,nia,尼,尼,U+5C3C,0.9742,False,NOT_IN_DICT,
stt4,page_0234,3,15,nghĩa,花,尼,U+5C3C,0.0943,False,NOT_IN_DICT,
stt4,page_0234,3,17,đá,俊,碎,U+788E,0.3638,False,NOT_IN_DICT,
stt4,page_0234,4,1,dồ,枉,杜,U+675C,0.3792,False,NOT_IN_DICT,
stt4,page_0234,4,3,khác,怜,恪,U+606A,0.9573,True,RESCUE_GOLD_HIGH,
stt4,page_0234,4,5,đá,隻,多,U+591A,0.0982,True,RESCUE_LOW_CONF,
stt4,page_0234,4,8,chầy,遷,邏,U+908F,0.2207,False,NOT_IN_DICT,
stt4,page_0234,4,10,vỡ,伎,破,U+7834,0.3127,True,RESCUE_LOW_CONF,
stt4,page_0234,4,11,ra,突,黙,U+9ED9,0.0559,False,NOT_IN_DICT,
stt4,page_0234,4,19,cứng,年,年,U+5E74,0.8069,False,NOT_IN_DICT,
stt4,page_0234,4,20,nên,亘,亘,U+4E98,0.4362,False,NOT_IN_DICT,
stt4,page_0234,5,0,mềm,鍰,螉,U+8789,0.1575,False,NOT_IN_DICT,
stt4,page_0234,5,4,rất,慷,慄,U+6144,0.0605,True,RESCUE_LOW_CONF,
stt4,page_0234,5,7,đạo,更,道,U+9053,0.9558,True,RESCUE_GOLD_HIGH,
stt4,page_0234,5,13,bao,𮎛,包,U+5305,0.9541,True,RESCUE_GOLD_HIGH,
stt4,page_0234,5,14,lâu,接,楼,U+697C,0.5988,True,RESCUE_LOW_CONF,
stt4,page_0234,6,2,ra,兜,加,U+52A0,0.0349,True,RESCUE_LOW_CONF,
stt4,page_0234,6,12,có,園,固,U+56FA,0.8562,True,RESCUE_GOLD_HIGH,
stt4,page_0234,6,20,mật,寄,翁,U+7FC1,0.5977,False,NOT_IN_DICT,
stt4,page_0234,7,16,có,涸,固,U+56FA,0.1041,True,RESCUE_LOW_CONF,
stt4,page_0234,8,11,như,雄,如,U+5982,0.1114,True,RESCUE_LOW_CONF,
stt4,page_0234,8,13,ong,瑜,事,U+4E8B,0.2744,False,NOT_IN_DICT,
stt4,page_0234,8,16,cho,翁,朱,U+6731,0.2469,True,RESCUE_LOW_CONF,
stt4,page_0234,8,17,ong,朱,朱,U+6731,0.4902,False,NOT_IN_DICT,
stt4,page_0234,8,18,vò,捕,補,U+88DC,0.1393,False,NOT_IN_DICT,
stt4,page_0234,8,20,kia,眞,其,U+5176,0.8321,True,RESCUE_GOLD_MED,
stt4,page_0234,9,8,mật,審,宻,U+5BBB,0.0313,True,RESCUE_LOW_CONF,
stt4,page_0236,1,1,khói,魏,塊,U+584A,0.7652,True,RESCUE_GOLD_MED,
stt4,page_0236,1,10,lửa,居,渃,U+6E03,0.3342,False,NOT_IN_DICT,
stt4,page_0236,2,11,tiếng,稍,省,U+7701,0.4945,True,RESCUE_LOW_CONF,
stt4,page_0236,3,11,mười,通,邁,U+9081,0.9926,True,RESCUE_GOLD_HIGH,
stt4,page_0236,3,12,tám,稔,糁,U+7CC1,0.1703,True,RESCUE_LOW_CONF,
stt4,page_0236,3,13,tháng,苟,倘,U+5018,0.0329,True,RESCUE_LOW_CONF,
stt4,page_0236,4,2,này,厯,尼,U+5C3C,0.2574,True,RESCUE_LOW_CONF,
stt4,page_0236,4,3,coi,梭,尼,U+5C3C,0.8563,False,NOT_IN_DICT,
stt4,page_0236,4,12,vua,翅,坦,U+5766,0.1404,False,NOT_IN_DICT,
stt4,page_0236,5,0,tan,敔,㪚,U+3A9A,0.6427,True,RESCUE_LOW_CONF,
stt4,page_0236,5,2,nô,故,奴,U+5974,0.869,True,RESCUE_GOLD_HIGH,
stt4,page_0236,5,15,mưa,溺,朱,U+6731,0.3641,False,NOT_IN_DICT,
stt4,page_0236,5,19,mùa,𭄞,分,U+5206,0.3142,False,NOT_IN_DICT,
stt4,page_0236,6,10,tiếc,情,之,U+4E4B,0.6987,False,NOT_IN_DICT,
stt4,page_0236,6,18,bán,手,弄,U+5F04,0.2314,False,NOT_IN_DICT,
stt4,page_0236,6,19,hết,飮,歇,U+6B47,0.3456,True,RESCUE_LOW_CONF,
stt4,page_0236,6,21,nhà,燕,茹,U+8339,0.5296,True,RESCUE_LOW_CONF,
stt4,page_0236,7,1,ca,掀,歌,U+6B4C,0.1952,True,RESCUE_LOW_CONF,
stt4,page_0236,7,2,li,禹,离,U+79BB,0.6623,True,RESCUE_LOW_CONF,
stt4,page_0236,7,6,bạc,治,泊,U+6CCA,0.4506,True,RESCUE_LOW_CONF,
stt4,page_0236,7,7,khác,隆,恪,U+606A,0.3936,True,RESCUE_LOW_CONF,
stt4,page_0236,8,0,ngày,明,時,U+6642,0.0075,True,RESCUE_LOW_CONF,
stt4,page_0236,8,6,san,節,郎,U+90CE,0.9302,False,NOT_IN_DICT,
stt4,page_0236,8,13,khỏi,揔,塊,U+584A,0.7915,True,RESCUE_GOLD_MED,
stt4,page_0236,8,17,ta,𤍠,些,U+4E9B,0.963,True,RESCUE_GOLD_HIGH,
stt4,page_0236,8,20,núi,与,過,U+904E,0.0751,False,NOT_IN_DICT,
stt4,page_0236,9,0,la,雲,罗,U+7F57,0.0271,True,RESCUE_LOW_CONF,
stt4,page_0236,9,1,va,掌,喡,U+55A1,0.3837,False,NOT_IN_DICT,
stt4,page_0236,9,4,một,友,没,U+6CA1,0.5418,True,RESCUE_LOW_CONF,
stt4,page_0236,9,6,rút,碎,創,U+5275,0.1607,False,NOT_IN_DICT,
stt4,page_0236,9,13,lớn,履,浪,U+6D6A,0.0696,False,NOT_IN_DICT,
stt4,page_0236,9,21,đế,旦,旦,U+65E6,0.8753,False,NOT_IN_DICT,
stt4,page_0238,1,0,núi,鳥,离,U+79BB,0.0902,False,NOT_IN_DICT,
stt4,page_0238,1,2,li,高,离,U+79BB,0.1737,True,RESCUE_LOW_CONF,
stt4,page_0238,1,3,vê,鴟,無,U+7121,0.0548,False,NOT_IN_DICT,
stt4,page_0238,1,8,lớn,籟,讓,U+8B93,0.0978,False,NOT_IN_DICT,
stt4,page_0238,1,11,đi,豈,多,U+591A,0.9509,True,RESCUE_GOLD_HIGH,
stt4,page_0238,1,12,xem,祸,袩,U+88A9,0.4949,True,RESCUE_LOW_CONF,
stt4,page_0238,1,17,giữ,樞,樞,U+6A1E,0.8149,False,NOT_IN_DICT,
stt4,page_0238,1,20,mà,非,麻,U+9EBB,0.8167,True,RESCUE_GOLD_MED,
stt4,page_0238,2,9,ngăn,堠,垠,U+57A0,0.0455,True,RESCUE_LOW_CONF,
stt4,page_0238,2,11,chớ,湯,渚,U+6E1A,0.9689,True,RESCUE_GOLD_HIGH,
stt4,page_0238,2,17,nghe,燒,燒,U+71D2,0.9888,False,NOT_IN_DICT,
stt4,page_0238,2,18,thắng,南,𤯝,U+24BDD,0.083,True,RESCUE_LOW_CONF,
stt4,page_0238,3,2,một,攵,没,U+6CA1,0.6485,True,RESCUE_LOW_CONF,
stt4,page_0238,4,16,nghĩ,专,先,U+5148,0.0918,False,NOT_IN_DICT,
stt4,page_0238,5,1,chịu,事,召,U+53EC,0.9486,True,RESCUE_GOLD_HIGH,
stt4,page_0238,5,8,le,房,离,U+79BB,0.1277,True,RESCUE_LOW_CONF,
stt4,page_0238,5,11,càng,𦀇,強,U+5F37,0.061,True,RESCUE_LOW_CONF,
stt4,page_0238,5,14,mềm,鍰,欽,U+6B3D,0.6038,False,NOT_IN_DICT,
stt4,page_0238,5,17,dối,𭔹,對,U+5C0D,0.1577,True,RESCUE_LOW_CONF,
stt4,page_0238,7,18,ta,惑,些,U+4E9B,0.9838,True,RESCUE_GOLD_HIGH,
stt4,page_0238,7,20,cất,扶,拮,U+62EE,0.6746,True,RESCUE_LOW_CONF,
stt4,page_0238,8,3,thẳng,有,倘,U+5018,0.0655,True,RESCUE_LOW_CONF,
stt4,page_0238,8,5,về,備,𧗱,U+275F1,0.698,True,RESCUE_LOW_CONF,
stt4,page_0238,8,7,làm,兀,几,U+51E0,0.9662,False,NOT_IN_DICT,
stt4,page_0238,8,8,kẻ,必,位,U+4F4D,0.3592,False,NOT_IN_DICT,
stt4,page_0238,8,9,rối,無,磊,U+78CA,0.3489,True,RESCUE_LOW_CONF,
stt4,page_0238,8,12,chức,賊,聀,U+8040,0.881,True,RESCUE_GOLD_HIGH,
stt4,page_0238,8,15,ngày,野,㝵,U+3775,0.0143,True,RESCUE_LOW_CONF,
stt4,page_0238,8,18,viết,四,曰,U+66F0,0.0687,True,RESCUE_LOW_CONF,
stt4,page_0238,9,8,lô,步,炉,U+7089,0.1309,True,RESCUE_LOW_CONF,
stt4,page_0238,9,12,thắng,米,吏,U+540F,0.0877,False,NOT_IN_DICT,
stt4,page_0240,1,19,le,考,离,U+79BB,0.4325,True,RESCUE_LOW_CONF,
stt4,page_0240,2,19,đến,𭮺,殿,U+6BBF,0.643,False,NOT_IN_DICT,
stt4,page_0240,4,1,đền,𭮺,殿,U+6BBF,0.4463,True,RESCUE_LOW_CONF,
stt4,page_0240,4,10,vua,砲,獅,U+7345,0.0312,False,NOT_IN_DICT,
stt4,page_0240,4,21,ngày,嚼,𠊚,U+2029A,0.7345,False,NOT_IN_DICT,
stt4,page_0240,5,14,đá,俊,多,U+591A,0.0457,True,RESCUE_LOW_CONF,
stt4,page_0240,5,18,ném,璁,悲,U+60B2,0.2775,False,NOT_IN_DICT,
stt4,page_0240,5,21,tác,車,車,U+8ECA,0.544,False,NOT_IN_DICT,
stt4,page_0240,5,22,xa,作,体,U+4F53,0.6037,False,NOT_IN_DICT,
stt4,page_0240,6,13,nhiều,慧,澆,U+6F86,0.0034,True,RESCUE_LOW_CONF,
stt4,page_0240,6,14,giu,摳,樞,U+6A1E,0.4372,False,NOT_IN_DICT,
stt4,page_0240,6,15,rêu,挑,姚,U+59DA,0.0959,True,RESCUE_LOW_CONF,
stt4,page_0240,6,16,đi,㕛,多,U+591A,0.3371,True,RESCUE_LOW_CONF,
stt4,page_0240,6,19,lạ,意,意,U+610F,0.9785,False,NOT_IN_DICT,
stt4,page_0240,6,20,ấy,遥,邏,U+908F,0.2254,False,NOT_IN_DICT,
stt4,page_0240,7,4,in,卬,朗,U+6717,0.2057,False,NOT_IN_DICT,
stt4,page_0240,7,5,vào,巴,包,U+5305,0.1348,True,RESCUE_LOW_CONF,
stt4,page_0240,7,20,vua,砲,極,U+6975,0.1812,False,NOT_IN_DICT,
stt4,page_0240,8,1,giữ,樞,樞,U+6A1E,0.7053,False,NOT_IN_DICT,
stt4,page_0240,8,3,tin,𥂁,信,U+4FE1,0.5689,True,RESCUE_LOW_CONF,
stt4,page_0240,8,11,đã,𮎛,㐌,U+340C,0.0027,True,RESCUE_LOW_CONF,
stt4,page_0240,8,13,nghe,計,茄,U+8304,0.2095,False,NOT_IN_DICT,
stt4,page_0240,8,21,đời,从,代,U+4EE3,0.0887,True,RESCUE_LOW_CONF,
stt4,page_0240,9,1,cả,翁,翁,U+7FC1,0.1234,False,NOT_IN_DICT,
stt4,page_0240,9,4,hiền,屠,賢,U+8CE2,0.0806,True,RESCUE_LOW_CONF,
stt4,page_0240,9,10,trời,夜,徳,U+5FB3,0.4348,False,NOT_IN_DICT,
stt4,page_0242,1,15,tam,愁,連,U+9023,0.0785,False,NOT_IN_DICT,
stt4,page_0242,1,16,mươi,遍,邁,U+9081,0.9613,True,RESCUE_GOLD_HIGH,
stt4,page_0242,1,18,năm,牵,南,U+5357,0.9669,True,RESCUE_GOLD_HIGH,
stt4,page_0242,2,2,làm,林,林,U+6797,0.5723,False,NOT_IN_DICT,
stt4,page_0242,3,6,nước,漏,渃,U+6E03,0.15,True,RESCUE_LOW_CONF,
stt4,page_0242,3,11,chúa,生,主,U+4E3B,0.8891,True,RESCUE_GOLD_HIGH,
stt4,page_0242,3,21,thông,道,通,U+901A,0.0298,True,RESCUE_LOW_CONF,
stt4,page_0242,4,13,dạy,似,𠊚,U+2029A,0.9781,False,NOT_IN_DICT,
stt4,page_0242,4,14,chép,創,礼,U+793C,0.3445,False,NOT_IN_DICT,
stt4,page_0242,4,20,tóm,懲,察,U+5BDF,0.2052,False,NOT_IN_DICT,
stt4,page_0242,4,21,lại,至,吏,U+540F,0.8785,True,RESCUE_GOLD_HIGH,
stt4,page_0242,5,1,khỏi,緦,塊,U+584A,0.7647,True,RESCUE_GOLD_MED,
stt4,page_0242,5,9,chi,丈,支,U+652F,0.8101,True,RESCUE_GOLD_MED,
stt4,page_0242,5,10,tô,録,穌,U+7A4C,0.3363,True,RESCUE_LOW_CONF,
stt4,page_0242,5,21,trước,異,畧,U+7567,0.8452,True,RESCUE_GOLD_MED,
stt4,page_0242,6,5,ni,忘,尼,U+5C3C,0.865,True,RESCUE_GOLD_HIGH,
stt4,page_0242,6,13,thành,威,城,U+57CE,0.1003,True,RESCUE_LOW_CONF,
stt4,page_0242,6,15,lê,㳟,阿,U+963F,0.936,False,NOT_IN_DICT,
stt4,page_0242,6,22,nước,磊,渃,U+6E03,0.3606,True,RESCUE_LOW_CONF,
stt4,page_0242,7,13,sống,妝,群,U+7FA4,0.9253,False,NOT_IN_DICT,
stt4,page_0242,8,1,tô,疎,穌,U+7A4C,0.4697,True,RESCUE_LOW_CONF,
stt4,page_0242,9,9,như,初,如,U+5982,0.2116,True,RESCUE_LOW_CONF,
stt4,page_0242,9,19,giô,酥,穌,U+7A4C,0.7673,False,NOT_IN_DICT,
stt4,page_0244,1,6,tham,𮚃,貪,U+8CAA,0.7141,True,RESCUE_GOLD_MED,
stt4,page_0244,1,7,của,𤣥,古,U+53E4,0.9756,True,RESCUE_GOLD_HIGH,
stt4,page_0244,1,11,mê,吏,迷,U+8FF7,0.1336,True,RESCUE_LOW_CONF,
stt4,page_0244,1,17,khiêm,謹,謙,U+8B19,0.3834,True,RESCUE_LOW_CONF,
stt4,page_0244,1,18,nhường,壌,讓,U+8B93,0.5926,True,RESCUE_LOW_CONF,
stt4,page_0244,1,20,nết,𡰱,𣵀,U+23D40,0.4917,True,RESCUE_LOW_CONF,
stt4,page_0244,2,7,sách,傳,呐,U+5450,0.1683,False,NOT_IN_DICT,
stt4,page_0244,2,17,ngày,𣈆,時,U+6642,0.3022,True,RESCUE_LOW_CONF,
stt4,page_0244,3,1,khi,欵,欺,U+6B3A,0.0401,True,RESCUE_LOW_CONF,
stt4,page_0244,3,4,lăn,客,吝,U+541D,0.3416,True,RESCUE_LOW_CONF,
stt4,page_0244,3,8,com,餌,自,U+81EA,0.1947,False,NOT_IN_DICT,
stt4,page_0244,3,10,muối,安,每,U+6BCF,0.3318,False,NOT_IN_DICT,
stt4,page_0244,3,14,thêm,爺,𣸸,U+23E38,0.184,True,RESCUE_LOW_CONF,
stt4,page_0244,3,15,một,潑,没,U+6CA1,0.4724,True,RESCUE_LOW_CONF,
stt4,page_0244,3,18,rau,妻,娄,U+5A04,0.1405,True,RESCUE_LOW_CONF,
stt4,page_0244,4,1,sáu,越,老,U+8001,0.1284,True,RESCUE_LOW_CONF,
stt4,page_0244,4,4,nhớ,收,汝,U+6C5D,0.1213,True,RESCUE_LOW_CONF,
stt4,page_0244,5,3,một,收,没,U+6CA1,0.5384,True,RESCUE_LOW_CONF,
stt4,page_0244,5,13,nhau,凴,燒,U+71D2,0.3439,True,RESCUE_LOW_CONF,
stt4,page_0244,5,21,vậy,近,丕,U+4E15,0.72,True,RESCUE_GOLD_MED,
stt4,page_0244,6,0,nhiều,兗,垩,U+57A9,0.0733,False,NOT_IN_DICT,
stt4,page_0244,6,8,lọn,幕,道,U+9053,0.1905,False,NOT_IN_DICT,
stt4,page_0244,6,12,có,適,道,U+9053,0.9108,False,NOT_IN_DICT,
stt4,page_0244,6,13,đạo,國,道,U+9053,0.0757,True,RESCUE_LOW_CONF,
stt4,page_0244,7,10,cũng,壬,共,U+5171,0.545,True,RESCUE_LOW_CONF,
stt4,page_0244,7,14,đầy,忘,𠊚,U+2029A,0.8655,False,NOT_IN_DICT,
stt4,page_0244,8,12,thay,后,咍,U+548D,0.1061,True,RESCUE_LOW_CONF,
stt4,page_0244,8,18,giảng,謂,間,U+9593,0.0551,False,NOT_IN_DICT,
stt4,page_0244,9,5,trở,器,灵,U+7075,0.1074,False,NOT_IN_DICT,
stt4,page_0246,1,2,buộc,紆,爲,U+7232,0.1788,False,NOT_IN_DICT,
stt4,page_0246,1,4,lôi,甞,喡,U+55A1,0.8883,False,NOT_IN_DICT,
stt4,page_0246,1,7,quanh,聽,施,U+65BD,0.3361,False,NOT_IN_DICT,
stt4,page_0246,1,11,nát,星,𣵀,U+23D40,0.6756,True,RESCUE_LOW_CONF,
stt4,page_0246,1,13,thit,網,調,U+8ABF,0.1758,False,NOT_IN_DICT,
stt4,page_0246,1,14,chảy,北,沚,U+6C9A,0.7095,True,RESCUE_GOLD_MED,
stt4,page_0246,2,5,chịu,至,召,U+53EC,0.085,True,RESCUE_LOW_CONF,
stt4,page_0246,2,8,làm,似,重,U+91CD,0.9639,False,NOT_IN_DICT,
stt4,page_0246,2,14,về,衘,𧗱,U+275F1,0.4407,True,RESCUE_LOW_CONF,
stt4,page_0246,2,18,thì,萄,寺,U+5BFA,0.8663,True,RESCUE_GOLD_HIGH,
stt4,page_0246,2,19,nửa,玄,女,U+5973,0.6913,True,RESCUE_LOW_CONF,
stt4,page_0246,3,8,giô,疎,穌,U+7A4C,0.7204,False,NOT_IN_DICT,
stt4,page_0246,3,17,cô,弦,强,U+5F3A,0.117,False,NOT_IN_DICT,
stt4,page_0246,3,19,tôi,磾,碎,U+788E,0.869,True,RESCUE_GOLD_HIGH,
stt4,page_0246,5,9,trời,夜,主,U+4E3B,0.6521,False,NOT_IN_DICT,
stt4,page_0246,5,21,xuống,生,意,U+610F,0.3482,False,NOT_IN_DICT,
stt4,page_0246,6,0,và,聳,喡,U+55A1,0.9345,True,RESCUE_GOLD_HIGH,
stt4,page_0246,6,11,lôi,霜,雷,U+96F7,0.3071,True,RESCUE_LOW_CONF,
stt4,page_0246,6,15,như,叔,如,U+5982,0.7221,True,RESCUE_GOLD_MED,
stt4,page_0246,7,10,gian,杆,奸,U+5978,0.5694,True,RESCUE_LOW_CONF,
stt4,page_0246,7,15,song,坟,双,U+53CC,0.9759,True,RESCUE_GOLD_HIGH,
stt4,page_0246,7,16,le,清,离,U+79BB,0.8455,True,RESCUE_GOLD_MED,
stt4,page_0246,8,0,sấm,懴,憾,U+61BE,0.4813,False,NOT_IN_DICT,
stt4,page_0246,8,1,sét,霣,創,U+5275,0.1744,False,NOT_IN_DICT,
stt4,page_0246,8,11,nhiều,嘵,澆,U+6F86,0.0411,True,RESCUE_LOW_CONF,
stt4,page_0246,8,17,về,銜,𧗱,U+275F1,0.3514,True,RESCUE_LOW_CONF,
stt4,page_0246,9,5,sa,小,沙,U+6C99,0.3884,True,RESCUE_LOW_CONF,
stt4,page_0246,9,6,là,而,没,U+6CA1,0.4825,False,NOT_IN_DICT,
stt4,page_0246,9,9,trọng,壅,重,U+91CD,0.6497,True,RESCUE_LOW_CONF,
stt4,page_0246,9,19,giô,硃,穌,U+7A4C,0.9079,False,NOT_IN_DICT,
stt4,page_0248,1,5,ra,悮,囉,U+56C9,0.1249,True,RESCUE_LOW_CONF,
stt4,page_0248,1,8,đến,见,旦,U+65E6,0.0285,True,RESCUE_LOW_CONF,
stt4,page_0248,1,12,này,屆,尼,U+5C3C,0.5529,True,RESCUE_LOW_CONF,
stt4,page_0248,1,13,khởi,思,老,U+8001,0.388,False,NOT_IN_DICT,
stt4,page_0248,1,14,sáu,起,遣,U+9063,0.3855,False,NOT_IN_DICT,
stt4,page_0248,1,16,bón,罕,事,U+4E8B,0.1737,False,NOT_IN_DICT,
stt4,page_0248,2,0,hai,𫠦,咍,U+548D,0.0442,True,RESCUE_LOW_CONF,
stt4,page_0248,2,2,sau,卷,老,U+8001,0.7291,False,NOT_IN_DICT,
stt4,page_0248,2,6,li,有,計,U+8A08,0.99,False,NOT_IN_DICT,
stt4,page_0248,2,7,men,琴,穌,U+7A4C,0.7658,False,NOT_IN_DICT,
stt4,page_0248,3,4,ra,佻,囉,U+56C9,0.0607,True,RESCUE_LOW_CONF,
stt4,page_0248,3,19,xa,半,移,U+79FB,0.1537,False,NOT_IN_DICT,
stt4,page_0248,3,22,pha,工,乙,U+4E59,0.0964,False,NOT_IN_DICT,
stt4,page_0248,4,2,thứ,文,次,U+6B21,0.5216,True,RESCUE_LOW_CONF,
stt4,page_0248,4,6,một,侵,没,U+6CA1,0.0255,True,RESCUE_LOW_CONF,
stt4,page_0248,4,9,chia,伎,支,U+652F,0.2795,True,RESCUE_LOW_CONF,
stt4,page_0248,4,10,ra,雲,加,U+52A0,0.0802,True,RESCUE_LOW_CONF,
stt4,page_0248,4,25,sóc,胡,朔,U+6714,0.1668,True,RESCUE_LOW_CONF,
stt4,page_0248,5,3,gìn,屬,㕓,U+3553,0.0282,True,RESCUE_LOW_CONF,
stt4,page_0248,5,4,giữ,傉,佇,U+4F47,0.4617,True,RESCUE_LOW_CONF,
stt4,page_0248,5,5,mọi,匆,每,U+6BCF,0.8333,True,RESCUE_GOLD_MED,
stt4,page_0248,5,6,việc,佺,役,U+5F79,0.2307,True,RESCUE_LOW_CONF,
stt4,page_0248,5,10,mười,𮞸,邁,U+9081,0.9691,True,RESCUE_GOLD_HIGH,
stt4,page_0248,5,13,mà,庄,麻,U+9EBB,0.7606,True,RESCUE_GOLD_MED,
stt4,page_0248,5,14,chăng,麻,麻,U+9EBB,0.4278,False,NOT_IN_DICT,
stt4,page_0248,5,15,thiếu,出,福,U+798F,0.8805,False,NOT_IN_DICT,
stt4,page_0248,5,21,chịu,应,召,U+53EC,0.0458,True,RESCUE_LOW_CONF,
stt4,page_0248,6,7,si,磋,特,U+7279,0.2178,False,NOT_IN_DICT,
stt4,page_0248,6,8,ong,瑜,翁,U+7FC1,0.3609,True,RESCUE_LOW_CONF,
stt4,page_0248,7,3,lê,扇,离,U+79BB,0.1945,False,NOT_IN_DICT,
stt4,page_0248,7,5,tê,穌,穌,U+7A4C,0.7587,False,NOT_IN_DICT,
stt4,page_0248,7,7,giết,幷,折,U+6298,0.3443,True,RESCUE_LOW_CONF,
stt4,page_0248,7,12,bắt,邳,碎,U+788E,0.4042,False,NOT_IN_DICT,
stt4,page_0248,7,13,chước,扒,扒,U+6252,0.9563,False,NOT_IN_DICT,
stt4,page_0248,7,18,cùng,止,共,U+5171,0.8101,True,RESCUE_GOLD_MED,
stt4,page_0248,8,0,hai,垢,茄,U+8304,0.1209,False,NOT_IN_DICT,
stt4,page_0248,8,10,đấng,㸦,該,U+8A72,0.866,False,NOT_IN_DICT,
stt4,page_0248,9,3,con,毘,昆,U+6606,0.6116,True,RESCUE_LOW_CONF,
stt4,page_0248,9,11,sói,狼,徳,U+5FB3,0.1951,False,NOT_IN_DICT,
stt4,page_0250,1,5,ra,乳,囉,U+56C9,0.1919,True,RESCUE_LOW_CONF,
stt4,page_0250,1,11,này,无,尼,U+5C3C,0.4529,True,RESCUE_LOW_CONF,
stt4,page_0250,2,5,nô,放,奴,U+5974,0.9898,True,RESCUE_GOLD_HIGH,
stt4,page_0250,2,6,pha,𧺫,葩,U+8469,0.6956,True,RESCUE_LOW_CONF,
stt4,page_0250,3,2,ngày,習,時,U+6642,0.0304,True,RESCUE_LOW_CONF,
stt4,page_0250,3,5,ghê,著,稽,U+7A3D,0.163,True,RESCUE_LOW_CONF,
stt4,page_0250,3,6,rê,稜,移,U+79FB,0.2572,False,NOT_IN_DICT,
stt4,page_0250,3,19,li,禹,离,U+79BB,0.458,True,RESCUE_LOW_CONF,
stt4,page_0250,3,20,nô,故,奴,U+5974,0.959,True,RESCUE_GOLD_HIGH,
stt4,page_0250,4,1,này,危,尼,U+5C3C,0.9605,True,RESCUE_GOLD_HIGH,
stt4,page_0250,4,13,là,乇,衆,U+8846,0.1391,False,NOT_IN_DICT,
stt4,page_0250,5,9,đốt,燭,焠,U+7120,0.2057,True,RESCUE_LOW_CONF,
stt4,page_0250,5,15,đốt,焙,寺,U+5BFA,0.1361,False,NOT_IN_DICT,
stt4,page_0250,5,18,giết,杵,折,U+6298,0.9485,True,RESCUE_GOLD_HIGH,
stt4,page_0250,6,0,đốt,炣,焠,U+7120,0.0361,True,RESCUE_LOW_CONF,
stt4,page_0250,6,3,chắng,主,生,U+751F,0.5656,False,NOT_IN_DICT,
stt4,page_0250,6,13,lăm,厚,意,U+610F,0.9749,False,NOT_IN_DICT,
stt4,page_0250,6,19,họp,会,合,U+5408,0.0471,True,RESCUE_LOW_CONF,
stt4,page_0250,6,20,lại,楚,吏,U+540F,0.828,True,RESCUE_GOLD_MED,
stt4,page_0250,6,23,si,撓,瘥,U+7625,0.3071,True,RESCUE_LOW_CONF,
stt4,page_0250,7,0,sa,冶,抄,U+6284,0.2415,True,RESCUE_LOW_CONF,
stt4,page_0250,7,5,li,商,离,U+79BB,0.8776,True,RESCUE_GOLD_HIGH,
stt4,page_0250,7,12,muốn,闘,浪,U+6D6A,0.1356,False,NOT_IN_DICT,
stt4,page_0250,7,21,ra,爬,囉,U+56C9,0.198,True,RESCUE_LOW_CONF,
stt4,page_0250,7,23,lối,𦀇,磊,U+78CA,0.0275,True,RESCUE_LOW_CONF,
stt4,page_0250,8,6,các,多,各,U+5404,0.1408,True,RESCUE_LOW_CONF,
stt4,page_0250,8,22,thầy,衆,柴,U+67F4,0.9195,True,RESCUE_GOLD_HIGH,
stt4,page_0250,9,11,mặc,然,黙,U+9ED9,0.3213,True,RESCUE_LOW_CONF,
stt4,page_0250,9,19,cũng,世,拱,U+62F1,0.496,True,RESCUE_LOW_CONF,
stt4,page_0252,1,11,trở,𠯁,吏,U+540F,0.6047,False,NOT_IN_DICT,
stt4,page_0252,1,12,lại,坐,城,U+57CE,0.8401,False,NOT_IN_DICT,
stt4,page_0252,2,4,lỗi,為,磊,U+78CA,0.8745,True,RESCUE_GOLD_HIGH,
stt4,page_0252,2,7,vua,夜,畧,U+7567,0.1154,False,NOT_IN_DICT,
stt4,page_0252,2,21,là,徙,勉,U+52C9,0.1715,False,NOT_IN_DICT,
stt4,page_0252,3,3,là,突,号,U+53F7,0.0799,True,RESCUE_LOW_CONF,
stt4,page_0252,3,8,là,垩,安,U+5B89,0.3324,False,NOT_IN_DICT,
stt4,page_0252,3,11,ni,厎,尼,U+5C3C,0.08,True,RESCUE_LOW_CONF,
stt4,page_0252,3,12,ô,奴,奴,U+5974,0.2181,False,NOT_IN_DICT,
stt4,page_0252,3,22,vậy,丘,丕,U+4E15,0.7202,True,RESCUE_GOLD_MED,
stt4,page_0252,4,0,cất,摂,拮,U+62EE,0.891,True,RESCUE_GOLD_HIGH,
stt4,page_0252,4,9,chôn,傉,𠊚,U+2029A,0.2112,False,NOT_IN_DICT,
stt4,page_0252,4,19,mươi,通,邁,U+9081,0.9682,True,RESCUE_GOLD_HIGH,
stt4,page_0252,5,10,sau,陣,連,U+9023,0.1819,False,NOT_IN_DICT,
stt4,page_0252,6,5,đốt,壌,燒,U+71D2,0.1466,False,NOT_IN_DICT,
stt4,page_0252,6,6,nến,連,徳,U+5FB3,0.1051,False,NOT_IN_DICT,
stt4,page_0252,6,11,vậy,丘,丕,U+4E15,0.9271,True,RESCUE_GOLD_HIGH,
stt4,page_0252,6,18,thầy,来,柴,U+67F4,0.2037,True,RESCUE_LOW_CONF,
stt4,page_0252,7,5,nhẹ,剪,南,U+5357,0.1183,False,NOT_IN_DICT,
stt4,page_0252,7,10,sau,陣,連,U+9023,0.254,False,NOT_IN_DICT,
stt4,page_0252,8,0,từ,時,時,U+6642,0.7963,False,NOT_IN_DICT,
stt4,page_0252,8,1,đức,拱,拱,U+62F1,0.7995,False,NOT_IN_DICT,
stt4,page_0252,8,2,chúa,扵,扒,U+6252,0.8659,False,NOT_IN_DICT,
stt4,page_0252,8,3,giê,碎,斫,U+65AB,0.0953,False,NOT_IN_DICT,
stt4,page_0252,8,4,su,事,事,U+4E8B,0.9547,False,NOT_IN_DICT,
stt4,page_0252,8,5,bón,犎,連,U+9023,0.3037,False,NOT_IN_DICT,
stt4,page_0252,8,6,năm,女,女,U+5973,0.9423,False,NOT_IN_DICT,
stt4,page_0254,1,7,mô,侯,模,U+6A21,0.6288,True,RESCUE_LOW_CONF,
stt4,page_0254,2,19,gian,闢,間,U+9593,0.6323,True,RESCUE_LOW_CONF,
stt4,page_0254,3,6,nhọn,茍,益,U+76CA,0.2514,False,NOT_IN_DICT,
stt4,page_0254,3,13,tin,𠊓,信,U+4FE1,0.8995,True,RESCUE_GOLD_HIGH,
stt4,page_0254,4,5,nhiều,嘵,燒,U+71D2,0.0887,False,NOT_IN_DICT,
stt4,page_0254,4,12,như,故,如,U+5982,0.7541,True,RESCUE_GOLD_MED,
stt4,page_0254,4,17,nọ,故,奴,U+5974,0.8153,True,RESCUE_GOLD_MED,
stt4,page_0254,5,4,li,商,离,U+79BB,0.6223,True,RESCUE_LOW_CONF,
stt4,page_0254,5,9,đầy,落,四,U+56DB,0.3507,False,NOT_IN_DICT,
stt4,page_0254,6,0,dõ,壮,杜,U+675C,0.1105,True,RESCUE_LOW_CONF,
stt4,page_0254,6,15,vì,考,爲,U+7232,0.7103,True,RESCUE_GOLD_MED,
stt4,page_0254,6,20,sau,糠,連,U+9023,0.143,False,NOT_IN_DICT,
stt4,page_0254,7,6,mi,蜀,特,U+7279,0.0471,False,NOT_IN_DICT,
stt4,page_0254,7,8,mê,眉,眉,U+7709,0.9408,False,NOT_IN_DICT,
stt4,page_0254,8,6,muôn,閃,𠊚,U+2029A,0.4028,False,NOT_IN_DICT,
stt4,page_0254,8,9,vua,彌,願,U+9858,0.1252,False,NOT_IN_DICT,
stt4,page_0254,8,14,nhà,别,茹,U+8339,0.5295,True,RESCUE_LOW_CONF,
stt4,page_0254,8,20,ra,兕,囉,U+56C9,0.1577,True,RESCUE_LOW_CONF,
stt4,page_0254,8,22,phán,到,判,U+5224,0.7506,True,RESCUE_GOLD_MED,
stt4,page_0254,9,18,lửa,捉,㤥,U+3925,0.138,False,NOT_IN_DICT,
stt4,page_0256,2,8,một,改,没,U+6CA1,0.5013,True,RESCUE_LOW_CONF,
stt4,page_0256,2,19,ti,早,𤰞,U+24C1E,0.0653,True,RESCUE_LOW_CONF,
stt4,page_0256,3,10,nết,星,固,U+56FA,0.5889,False,NOT_IN_DICT,
stt4,page_0256,3,11,hay,吃,空,U+7A7A,0.1069,False,NOT_IN_DICT,
stt4,page_0256,3,18,yêu,媵,腰,U+8170,0.7705,True,RESCUE_GOLD_MED,
stt4,page_0256,3,19,xem,後,袩,U+88A9,0.4025,True,RESCUE_LOW_CONF,
stt4,page_0256,3,21,song,羽,双,U+53CC,0.9831,True,RESCUE_GOLD_HIGH,
stt4,page_0256,4,7,càng,套,強,U+5F37,0.0364,True,RESCUE_LOW_CONF,
stt4,page_0256,4,19,dồ,牡,杜,U+675C,0.3154,False,NOT_IN_DICT,
stt4,page_0256,5,14,đòi,陬,隊,U+968A,0.0338,True,RESCUE_LOW_CONF,
stt4,page_0256,5,18,nhiều,凴,澆,U+6F86,0.004,True,RESCUE_LOW_CONF,
stt4,page_0256,6,7,ngoan,頋,庄,U+5E84,0.8398,False,NOT_IN_DICT,
stt4,page_0256,6,15,hai,統,咍,U+548D,0.0561,True,RESCUE_LOW_CONF,
stt4,page_0256,6,19,là,器,蜍,U+870D,0.2028,False,NOT_IN_DICT,
stt4,page_0256,7,0,là,菩,号,U+53F7,0.1054,True,RESCUE_LOW_CONF,
stt4,page_0256,7,5,quán,錐,饒,U+9952,0.4993,False,NOT_IN_DICT,
stt4,page_0256,7,8,mày,蜀,眉,U+7709,0.9767,True,RESCUE_GOLD_HIGH,
stt4,page_0256,8,11,cất,摺,拮,U+62EE,0.1456,True,RESCUE_LOW_CONF,
stt4,page_0256,8,18,tê,循,調,U+8ABF,0.0571,False,NOT_IN_DICT,
stt4,page_0256,8,21,le,者,离,U+79BB,0.6832,True,RESCUE_LOW_CONF,
stt4,page_0256,9,0,cậy,焉,忌,U+5FCC,0.3241,True,RESCUE_LOW_CONF,
stt4,page_0256,9,6,cất,接,拮,U+62EE,0.8411,True,RESCUE_GOLD_MED,
stt4,page_0256,9,10,mát,侏,沫,U+6CAB,0.4785,True,RESCUE_LOW_CONF,
stt4,page_0256,9,11,tê,循,躋,U+8E8B,0.0206,True,RESCUE_LOW_CONF,
stt4,page_0256,9,12,rì,稷,移,U+79FB,0.5816,True,RESCUE_LOW_CONF,
stt4,page_0256,9,13,tôi,偉,碎,U+788E,0.8535,True,RESCUE_GOLD_HIGH,
stt4,page_0256,9,14,thà,蘇,寺,U+5BFA,0.1653,False,NOT_IN_DICT,
stt4,page_0256,9,17,vì,詹,爲,U+7232,0.8048,True,RESCUE_GOLD_MED,
stt4,page_0258,1,15,lo,恠,燒,U+71D2,0.1864,False,NOT_IN_DICT,
stt4,page_0258,2,1,hiếp,負,眉,U+7709,0.5424,False,NOT_IN_DICT,
stt4,page_0258,2,18,vậy,丘,丕,U+4E15,0.8936,True,RESCUE_GOLD_HIGH,
stt4,page_0258,3,2,nơi,衣,尼,U+5C3C,0.7012,True,RESCUE_GOLD_MED,
stt4,page_0258,3,3,nhà,我,茄,U+8304,0.0245,True,RESCUE_LOW_CONF,
stt4,page_0258,3,12,gối,𦅩,噲,U+5672,0.2168,True,RESCUE_LOW_CONF,
stt4,page_0258,3,18,tôi,碑,碎,U+788E,0.0044,True,RESCUE_LOW_CONF,
stt4,page_0258,3,19,lạy,桃,礼,U+793C,0.3573,True,RESCUE_LOW_CONF,
stt4,page_0258,4,1,trời,㢴,主,U+4E3B,0.6891,False,NOT_IN_DICT,
stt4,page_0258,4,6,đa,那,那,U+90A3,0.9782,False,NOT_IN_DICT,
stt4,page_0258,4,8,e,筏,依,U+4F9D,0.3789,True,RESCUE_LOW_CONF,
stt4,page_0258,4,16,nó,斑,奴,U+5974,0.5082,True,RESCUE_LOW_CONF,
stt4,page_0258,4,21,giu,秋,秋,U+79CB,0.985,False,NOT_IN_DICT,
stt4,page_0258,5,4,vạ,碣,禍,U+798D,0.3125,True,RESCUE_LOW_CONF,
stt4,page_0258,5,9,chữa,劭,𦔳,U+26533,0.2768,True,RESCUE_LOW_CONF,
stt4,page_0258,5,16,vừa,及,皮,U+76AE,0.6948,True,RESCUE_LOW_CONF,
stt4,page_0258,5,18,đoạn,却,断,U+65AD,0.8769,True,RESCUE_GOLD_HIGH,
stt4,page_0258,6,7,bà,祀,把,U+628A,0.6019,True,RESCUE_LOW_CONF,
stt4,page_0258,6,9,sợ,庫,𢜝,U+2271D,0.2299,True,RESCUE_LOW_CONF,
stt4,page_0258,6,11,như,机,如,U+5982,0.3579,True,RESCUE_LOW_CONF,
stt4,page_0258,7,8,qua,戊,戈,U+6208,0.8046,True,RESCUE_GOLD_MED,
stt4,page_0258,7,11,chắng,𡉄,庄,U+5E84,0.7411,False,NOT_IN_DICT,
stt4,page_0258,8,2,đổi,版,浪,U+6D6A,0.5968,False,NOT_IN_DICT,
stt4,page_0258,8,3,áo,砍,袄,U+8884,0.5021,True,RESCUE_LOW_CONF,
stt4,page_0258,8,4,anh,夷,英,U+82F1,0.474,True,RESCUE_LOW_CONF,
stt4,page_0258,8,7,mặc,鉄,黙,U+9ED9,0.9886,True,RESCUE_GOLD_HIGH,
stt4,page_0258,8,8,áo,砍,袄,U+8884,0.9166,True,RESCUE_GOLD_HIGH,
stt4,page_0258,8,11,vừa,友,皮,U+76AE,0.8619,True,RESCUE_GOLD_HIGH,
stt4,page_0258,8,16,anh,夷,英,U+82F1,0.44,True,RESCUE_LOW_CONF,
stt4,page_0258,8,19,em,淹,俺,U+4FFA,0.0515,True,RESCUE_LOW_CONF,
stt4,page_0258,9,1,tnh,道,貞,U+8C9E,0.8655,False,NOT_IN_DICT,
stt4,page_0258,9,2,ao,祆,袄,U+8884,0.8986,False,NOT_IN_DICT,
stt4,page_0258,9,3,em,庵,俺,U+4FFA,0.0374,True,RESCUE_LOW_CONF,
stt4,page_0258,9,6,anh,夷,英,U+82F1,0.5372,True,RESCUE_LOW_CONF,
stt4,page_0258,9,13,em,䋲,唯,U+552F,0.1547,False,NOT_IN_DICT,
stt4,page_0258,9,16,anh,奕,英,U+82F1,0.0914,True,RESCUE_LOW_CONF,
stt4,page_0260,1,0,em,噇,俺,U+4FFA,0.0365,True,RESCUE_LOW_CONF,
stt4,page_0260,1,2,đàn,犀,連,U+9023,0.2098,False,NOT_IN_DICT,
stt4,page_0260,1,4,anh,夷,英,U+82F1,0.2967,True,RESCUE_LOW_CONF,
stt4,page_0260,1,6,áo,欲,襖,U+8956,0.062,True,RESCUE_LOW_CONF,
stt4,page_0260,1,7,em,馗,事,U+4E8B,0.0768,False,NOT_IN_DICT,
stt4,page_0260,1,12,vì,悉,爲,U+7232,0.9524,True,RESCUE_GOLD_HIGH,
stt4,page_0260,1,16,vậy,玉,断,U+65AD,0.2043,False,NOT_IN_DICT,
stt4,page_0260,2,10,lạ,𮟃,乄,U+4E44,0.0805,False,NOT_IN_DICT,
stt4,page_0260,2,19,người,晉,𠊚,U+2029A,0.6263,True,RESCUE_LOW_CONF,
stt4,page_0260,3,0,quan,宮,官,U+5B98,0.7279,True,RESCUE_GOLD_MED,
stt4,page_0260,3,4,quan,宮,官,U+5B98,0.0246,True,RESCUE_LOW_CONF,
stt4,page_0260,3,10,ra,冕,罪,U+7F6A,0.3381,False,NOT_IN_DICT,
stt4,page_0260,3,12,cửa,夅,㪯,U+3AAF,0.2086,True,RESCUE_LOW_CONF,
stt4,page_0260,3,17,khỏi,緦,塊,U+584A,0.8747,True,RESCUE_GOLD_HIGH,
stt4,page_0260,3,21,đứa,磴,碎,U+788E,0.107,False,NOT_IN_DICT,
stt4,page_0260,3,22,kia,是,其,U+5176,0.8254,True,RESCUE_GOLD_MED,
stt4,page_0260,4,20,gái,巧,𡛔,U+216D4,0.3408,True,RESCUE_LOW_CONF,
stt4,page_0260,5,7,thiền,矢,天,U+5929,0.7364,False,NOT_IN_DICT,
stt4,page_0260,5,19,ra,兜,事,U+4E8B,0.977,False,NOT_IN_DICT,
stt4,page_0260,6,2,nữa,四,女,U+5973,0.3655,True,RESCUE_LOW_CONF,
stt4,page_0260,6,5,đổi,泔,対,U+5BFE,0.3884,True,RESCUE_LOW_CONF,
stt4,page_0260,6,6,áo,碶,襖,U+8956,0.9278,True,RESCUE_GOLD_HIGH,
stt4,page_0260,6,20,vì,𫠓,爲,U+7232,0.6331,True,RESCUE_LOW_CONF,
stt4,page_0260,7,13,đương,嗜,當,U+7576,0.6693,True,RESCUE_LOW_CONF,
stt4,page_0260,8,3,chịu,五,召,U+53EC,0.0254,True,RESCUE_LOW_CONF,
stt4,page_0260,8,4,mình,希,命,U+547D,0.1533,True,RESCUE_LOW_CONF,
stt4,page_0260,8,11,thay,后,台,U+53F0,0.0838,True,RESCUE_LOW_CONF,
stt4,page_0260,8,16,gặp,立,立,U+7ACB,0.0947,False,NOT_IN_DICT,
stt4,page_0260,9,0,anh,戾,英,U+82F1,0.1929,True,RESCUE_LOW_CONF,
stt4,page_0260,9,1,là,深,欣,U+6B23,0.2171,False,NOT_IN_DICT,
stt4,page_0260,9,11,anh,奕,朱,U+6731,0.1454,False,NOT_IN_DICT,
stt4,page_0260,9,18,áo,祓,袄,U+8884,0.9626,True,RESCUE_GOLD_HIGH,
stt4,page_0262,1,9,chết,杵,折,U+6298,0.3491,True,RESCUE_LOW_CONF,
stt4,page_0262,1,11,chết,称,折,U+6298,0.9392,True,RESCUE_GOLD_HIGH,
stt4,page_0262,2,15,đổi,时,対,U+5BFE,0.7783,True,RESCUE_GOLD_MED,
stt4,page_0262,3,1,ví,吾,四,U+56DB,0.0879,False,NOT_IN_DICT,
stt4,page_0262,3,5,thay,各,台,U+53F0,0.0453,True,RESCUE_LOW_CONF,
stt4,page_0262,3,9,anh,美,英,U+82F1,0.3704,True,RESCUE_LOW_CONF,
stt4,page_0262,3,14,sống,祜,瑟,U+745F,0.1918,False,NOT_IN_DICT,
stt4,page_0262,3,21,chớ,賭,渚,U+6E1A,0.915,True,RESCUE_GOLD_HIGH,
stt4,page_0262,4,14,em,望,賢,U+8CE2,0.1217,False,NOT_IN_DICT,
stt4,page_0262,4,15,đầu,亮,折,U+6298,0.7252,False,NOT_IN_DICT,
stt4,page_0262,5,6,anh,妻,孾,U+5B7E,0.05,True,RESCUE_LOW_CONF,
stt4,page_0262,5,9,em,確,俺,U+4FFA,0.0636,True,RESCUE_LOW_CONF,
stt4,page_0262,5,10,em,丶,乄,U+4E44,0.0731,False,NOT_IN_DICT,
stt4,page_0262,5,11,hãy,失,唉,U+5509,0.5267,True,RESCUE_LOW_CONF,
stt4,page_0262,5,21,nhau,少,事,U+4E8B,0.339,False,NOT_IN_DICT,
stt4,page_0262,6,1,song,羽,双,U+53CC,0.98,True,RESCUE_GOLD_HIGH,
stt4,page_0262,6,2,le,済,离,U+79BB,0.4025,True,RESCUE_LOW_CONF,
stt4,page_0262,6,4,dạy,祇,代,U+4EE3,0.5689,True,RESCUE_LOW_CONF,
stt4,page_0262,6,7,hai,官,咍,U+548D,0.456,True,RESCUE_LOW_CONF,
stt4,page_0262,6,12,tê,淆,躋,U+8E8B,0.069,True,RESCUE_LOW_CONF,
stt4,page_0262,6,16,lời,愈,𠇮,U+201EE,0.0496,True,RESCUE_LOW_CONF,
stt4,page_0262,6,19,an,庵,主,U+4E3B,0.1842,False,NOT_IN_DICT,
stt4,page_0262,6,20,lô,奘,哭,U+54ED,0.1279,False,NOT_IN_DICT,
stt4,page_0262,7,1,ô,刍,烏,U+70CF,0.5895,True,RESCUE_LOW_CONF,
stt4,page_0262,7,6,chép,到,固,U+56FA,0.3147,False,NOT_IN_DICT,
stt4,page_0262,7,7,hai,欲,命,U+547D,0.14,False,NOT_IN_DICT,
stt4,page_0262,8,6,di,姐,乄,U+4E44,0.1692,False,NOT_IN_DICT,
stt4,page_0262,8,10,nữ,玄,女,U+5973,0.954,True,RESCUE_GOLD_HIGH,
stt4,page_0262,9,2,tam,愁,黎,U+9ECE,0.5351,False,NOT_IN_DICT,
stt4,page_0262,9,8,lê,㳟,黎,U+9ECE,0.7851,True,RESCUE_GOLD_MED,
stt4,page_0264,1,9,ve,瑪,鎌,U+938C,0.1145,False,NOT_IN_DICT,
stt4,page_0264,1,12,làm,和,乄,U+4E44,0.0695,True,RESCUE_LOW_CONF,
stt4,page_0264,1,15,trao,侔,篩,U+7BE9,0.107,False,NOT_IN_DICT,
stt4,page_0264,1,17,vợ,毒,葩,U+8469,0.3898,False,NOT_IN_DICT,
stt4,page_0264,1,19,va,韋,爲,U+7232,0.0132,True,RESCUE_LOW_CONF,
stt4,page_0264,1,20,li,看,离,U+79BB,0.6056,True,RESCUE_LOW_CONF,
stt4,page_0264,1,21,ri,趍,移,U+79FB,0.6248,False,NOT_IN_DICT,
stt4,page_0264,2,1,hai,顺,咍,U+548D,0.1312,True,RESCUE_LOW_CONF,
stt4,page_0264,2,2,vợ,潘,嬏,U+5B0F,0.0499,True,RESCUE_LOW_CONF,
stt4,page_0264,2,3,chồng,奎,重,U+91CD,0.9425,True,RESCUE_GOLD_HIGH,
stt4,page_0264,2,7,ra,娜,囉,U+56C9,0.0351,True,RESCUE_LOW_CONF,
stt4,page_0264,2,17,va,偉,喡,U+55A1,0.0755,False,NOT_IN_DICT,
stt4,page_0264,3,15,ta,甚,些,U+4E9B,0.8211,True,RESCUE_GOLD_MED,
stt4,page_0264,3,17,đưa,受,多,U+591A,0.3881,True,RESCUE_LOW_CONF,
stt4,page_0264,4,0,li,番,离,U+79BB,0.1781,True,RESCUE_LOW_CONF,
stt4,page_0264,4,1,nô,双,奴,U+5974,0.9697,True,RESCUE_GOLD_HIGH,
stt4,page_0264,4,4,ra,㽞,囉,U+56C9,0.1127,True,RESCUE_LOW_CONF,
stt4,page_0264,4,5,ve,鴟,綽,U+7DBD,0.1272,False,NOT_IN_DICT,
stt4,page_0264,4,18,chém,故,盆,U+76C6,0.1957,False,NOT_IN_DICT,
stt4,page_0264,4,22,cổ,因,固,U+56FA,0.6143,False,NOT_IN_DICT,
stt4,page_0264,5,8,cả,岢,慰,U+6170,0.7589,False,NOT_IN_DICT,
stt4,page_0264,5,9,tiếng,翁,竒,U+7AD2,0.35,False,NOT_IN_DICT,
stt4,page_0264,5,12,u,者,翁,U+7FC1,0.9826,False,NOT_IN_DICT,
stt4,page_0264,5,14,nô,故,德,U+5FB7,0.179,False,NOT_IN_DICT,
stt4,page_0264,5,16,nay,忘,尼,U+5C3C,0.6383,True,RESCUE_LOW_CONF,
stt4,page_0264,6,1,khác,憧,恪,U+606A,0.1162,True,RESCUE_LOW_CONF,
stt4,page_0264,6,6,hãy,突,矣,U+77E3,0.6774,True,RESCUE_LOW_CONF,
stt4,page_0264,6,8,đạo,邇,道,U+9053,0.9533,True,RESCUE_GOLD_HIGH,
stt4,page_0264,6,19,bấy,恙,除,U+9664,0.7379,False,NOT_IN_DICT,
stt4,page_0264,6,21,thầy,來,求,U+6C42,0.453,False,NOT_IN_DICT,
stt4,page_0264,6,22,thuốc,丘,束,U+675F,0.1158,True,RESCUE_LOW_CONF,
stt4,page_0264,7,8,tê,着,躋,U+8E8B,0.0297,True,RESCUE_LOW_CONF,
stt4,page_0264,7,17,cất,去,拮,U+62EE,0.7493,True,RESCUE_GOLD_MED,
stt4,page_0264,8,13,trói,編,麻,U+9EBB,0.9703,False,NOT_IN_DICT,
stt4,page_0264,8,15,kéo,绣,道,U+9053,0.5995,False,NOT_IN_DICT,
stt4,page_0264,8,16,giãn,闥,間,U+9593,0.3615,False,NOT_IN_DICT,
stt4,page_0264,8,17,chân,直,真,U+771F,0.0544,True,RESCUE_LOW_CONF,
stt4,page_0264,8,20,đau,勿,功,U+529F,0.6667,False,NOT_IN_DICT,
stt4,page_0264,9,5,lồ,蓍,盈,U+76C8,0.339,False,NOT_IN_DICT,
stt4,page_0264,9,6,sâu,凌,漊,U+6F0A,0.349,True,RESCUE_LOW_CONF,
stt4,page_0264,9,12,chôn,傉,𠊚,U+2029A,0.233,False,NOT_IN_DICT,
stt4,page_0266,1,1,chùa,尉,厨,U+53A8,0.3415,True,RESCUE_LOW_CONF,
stt4,page_0266,2,10,đốt,灼,呐,U+5450,0.2139,False,NOT_IN_DICT,
stt4,page_0266,2,20,sốt,趙,焠,U+7120,0.0621,True,RESCUE_LOW_CONF,
stt4,page_0266,3,2,chịu,多,召,U+53EC,0.0957,True,RESCUE_LOW_CONF,
stt4,page_0266,3,7,ném,卷,冷,U+51B7,0.4265,False,NOT_IN_DICT,
stt4,page_0266,4,4,thưởng,燾,意,U+610F,0.34,False,NOT_IN_DICT,
stt4,page_0266,4,13,kia,廷,其,U+5176,0.833,True,RESCUE_GOLD_MED,
stt4,page_0266,5,8,đến,竺,旦,U+65E6,0.4429,True,RESCUE_LOW_CONF,
stt4,page_0266,5,14,chin,含,命,U+547D,0.4608,False,NOT_IN_DICT,
stt4,page_0266,6,2,chin,含,令,U+4EE4,0.2624,False,NOT_IN_DICT,
stt4,page_0266,7,15,li,㸔,离,U+79BB,0.3605,True,RESCUE_LOW_CONF,
stt4,page_0266,7,18,mẹ,族,疾,U+75BE,0.0974,False,NOT_IN_DICT,
stt4,page_0266,8,6,trai,珠,埃,U+57C3,0.1017,False,NOT_IN_DICT,
stt4,page_0266,8,11,mặn,疊,𠊚,U+2029A,0.1536,False,NOT_IN_DICT,
stt4,page_0266,8,15,le,耉,离,U+79BB,0.1619,True,RESCUE_LOW_CONF,
stt4,page_0266,8,19,khiến,糞,弄,U+5F04,0.2656,False,NOT_IN_DICT,
stt4,page_0266,8,20,cha,王,時,U+6642,0.2094,False,NOT_IN_DICT,
stt4,page_0266,8,21,mẹ,漢,如,U+5982,0.1182,False,NOT_IN_DICT,
stt4,page_0266,8,22,dạy,𠬧,女,U+5973,0.0731,False,NOT_IN_DICT,
stt4,page_0266,9,4,thầy,子,柴,U+67F4,0.176,True,RESCUE_LOW_CONF,
stt4,page_0266,9,11,chú,生,没,U+6CA1,0.1329,False,NOT_IN_DICT,
stt4,page_0266,9,13,cháu,沿,强,U+5F3A,0.1252,False,NOT_IN_DICT,
stt4,page_0266,9,15,trường,傷,事,U+4E8B,0.058,False,NOT_IN_DICT,
stt4,page_0266,9,19,mày,爾,事,U+4E8B,0.1407,False,NOT_IN_DICT,
stt4,page_0268,1,4,cháu,冶,尼,U+5C3C,0.5656,False,NOT_IN_DICT,
stt4,page_0268,2,2,quở,課,課,U+8AB2,0.3843,False,NOT_IN_DICT,
stt4,page_0268,2,10,đất,短,坦,U+5766,0.6567,True,RESCUE_LOW_CONF,
stt4,page_0268,2,13,đức,𫣜,徳,U+5FB3,0.6758,True,RESCUE_LOW_CONF,
stt4,page_0268,3,4,le,曷,离,U+79BB,0.7859,True,RESCUE_GOLD_MED,
stt4,page_0268,3,5,cháu,冶,浪,U+6D6A,0.2993,False,NOT_IN_DICT,
stt4,page_0268,3,10,vậy,而,丕,U+4E15,0.3724,True,RESCUE_LOW_CONF,
stt4,page_0268,3,16,giờ,凃,除,U+9664,0.9249,True,RESCUE_GOLD_HIGH,
stt4,page_0268,3,19,anh,夷,英,U+82F1,0.678,True,RESCUE_LOW_CONF,
stt4,page_0268,3,21,thắng,滿,𤯝,U+24BDD,0.128,True,RESCUE_LOW_CONF,
stt4,page_0268,4,4,nghịch,運,連,U+9023,0.2135,False,NOT_IN_DICT,
stt4,page_0268,5,1,đi,㕛,多,U+591A,0.9276,True,RESCUE_GOLD_HIGH,
stt4,page_0268,5,6,rô,庐,炉,U+7089,0.1917,False,NOT_IN_DICT,
stt4,page_0268,5,7,nha,升,牙,U+7259,0.2512,True,RESCUE_LOW_CONF,
stt4,page_0268,5,19,nết,星,𣵀,U+23D40,0.7545,True,RESCUE_GOLD_MED,
stt4,page_0268,5,20,lắm,廕,凜,U+51DC,0.8019,True,RESCUE_GOLD_MED,
stt4,page_0268,6,2,yêu,朕,秋,U+79CB,0.2581,False,NOT_IN_DICT,
stt4,page_0268,6,6,xin,負,真,U+771F,0.668,True,RESCUE_LOW_CONF,
stt4,page_0268,7,8,ghét,弦,結,U+7D50,0.4327,True,RESCUE_LOW_CONF,
stt4,page_0268,7,9,việc,枚,役,U+5F79,0.1211,True,RESCUE_LOW_CONF,
stt4,page_0268,7,14,cùng,中,中,U+4E2D,0.958,False,NOT_IN_DICT,
stt4,page_0268,9,1,hay,密,咍,U+548D,0.0292,True,RESCUE_LOW_CONF,
stt4,page_0268,9,2,thầy,叅,柴,U+67F4,0.4254,True,RESCUE_LOW_CONF,
stt4,page_0268,9,6,người,員,𠊚,U+2029A,0.1797,True,RESCUE_LOW_CONF,
stt4,page_0268,9,10,tiếng,箇,省,U+7701,0.2739,True,RESCUE_LOW_CONF,
stt4,page_0268,9,15,thầy,苄,柴,U+67F4,0.9287,True,RESCUE_GOLD_HIGH,
stt4,page_0268,9,16,cả,倉,翁,U+7FC1,0.6169,False,NOT_IN_DICT,
stt4,page_0268,9,18,hay,板,咍,U+548D,0.047,True,RESCUE_LOW_CONF,
stt4,page_0268,9,20,cả,舒,鄧,U+9127,0.1452,False,NOT_IN_DICT,
stt4,page_0270,1,0,đòi,燧,浪,U+6D6A,0.1376,False,NOT_IN_DICT,
stt4,page_0270,1,13,dòng,翅,用,U+7528,0.5477,True,RESCUE_LOW_CONF,
stt4,page_0270,2,0,chối,侄,咥,U+54A5,0.7708,True,RESCUE_GOLD_MED,
stt4,page_0270,2,3,cũng,批,拱,U+62F1,0.1414,True,RESCUE_LOW_CONF,
stt4,page_0270,2,9,phải,斥,庄,U+5E84,0.7893,False,NOT_IN_DICT,
stt4,page_0270,2,19,dòng,渊,用,U+7528,0.8689,True,RESCUE_GOLD_HIGH,
stt4,page_0270,3,7,quỳ,尾,跪,U+8DEA,0.4454,True,RESCUE_LOW_CONF,
stt4,page_0270,3,18,thầy,老,柴,U+67F4,0.9523,True,RESCUE_GOLD_HIGH,
stt4,page_0270,3,19,cả,付,奇,U+5947,0.4132,True,RESCUE_LOW_CONF,
stt4,page_0270,4,1,khác,隆,恪,U+606A,0.884,True,RESCUE_GOLD_HIGH,
stt4,page_0270,4,7,hèn,開,閑,U+9591,0.2232,True,RESCUE_LOW_CONF,
stt4,page_0270,4,15,vâng,義,郎,U+90CE,0.2442,False,NOT_IN_DICT,
stt4,page_0270,4,19,ngày,習,時,U+6642,0.0983,True,RESCUE_LOW_CONF,
stt4,page_0270,5,7,nguyện,顧,麻,U+9EBB,0.0806,False,NOT_IN_DICT,
stt4,page_0270,5,12,ảnh,多,影,U+5F71,0.222,True,RESCUE_LOW_CONF,
stt4,page_0270,6,11,để,為,底,U+5E95,0.9566,True,RESCUE_GOLD_HIGH,
stt4,page_0270,6,16,tiếng,茍,省,U+7701,0.6451,True,RESCUE_LOW_CONF,
stt4,page_0270,7,5,tiếng,箱,省,U+7701,0.3053,True,RESCUE_LOW_CONF,
stt4,page_0270,7,19,lối,爲,磊,U+78CA,0.0945,True,RESCUE_LOW_CONF,
stt4,page_0270,8,18,phê,牝,批,U+6279,0.1637,True,RESCUE_LOW_CONF,
stt4,page_0270,8,21,ngươi,妨,約,U+7D04,0.1293,False,NOT_IN_DICT,
stt4,page_0270,9,2,than,駕,爲,U+7232,0.8596,False,NOT_IN_DICT,
stt4,page_0270,9,3,làm,僕,事,U+4E8B,0.2362,False,NOT_IN_DICT,
stt4,page_0270,9,12,thầy,罘,柴,U+67F4,0.2608,True,RESCUE_LOW_CONF,
stt4,page_0270,9,13,cả,銜,奇,U+5947,0.6742,True,RESCUE_LOW_CONF,
stt4,page_0270,9,19,đòi,版,城,U+57CE,0.2473,False,NOT_IN_DICT,
stt4,page_0272,1,20,việc,及,庒,U+5E92,0.0903,False,NOT_IN_DICT,
stt4,page_0272,1,22,lam,必,礼,U+793C,0.1641,False,NOT_IN_DICT,
stt4,page_0272,2,0,rối,𦀇,該,U+8A72,0.0863,False,NOT_IN_DICT,
stt4,page_0272,2,4,việc,殿,役,U+5F79,0.6316,True,RESCUE_LOW_CONF,
stt4,page_0272,2,13,khéo,穿,宜,U+5B9C,0.0781,False,NOT_IN_DICT,
stt4,page_0272,2,14,giảng,請,意,U+610F,0.1053,False,NOT_IN_DICT,
stt4,page_0272,2,20,rước,绰,綽,U+7DBD,0.0385,True,RESCUE_LOW_CONF,
stt4,page_0272,3,4,đem,宐,几,U+51E0,0.096,False,NOT_IN_DICT,
stt4,page_0272,3,11,như,𦀇,如,U+5982,0.6793,True,RESCUE_LOW_CONF,
stt4,page_0272,3,14,vậy,元,丕,U+4E15,0.0165,True,RESCUE_LOW_CONF,
stt4,page_0272,3,18,kẻ,元,几,U+51E0,0.7743,True,RESCUE_GOLD_MED,
stt4,page_0272,4,5,phải,庫,伂,U+4F02,0.0676,True,RESCUE_LOW_CONF,
stt4,page_0272,4,10,giảng,攝,講,U+8B1B,0.1951,True,RESCUE_LOW_CONF,
stt4,page_0272,4,18,lạ,送,邏,U+908F,0.0593,True,RESCUE_LOW_CONF,
stt4,page_0272,5,9,làm,公,乄,U+4E44,0.1602,True,RESCUE_LOW_CONF,
stt4,page_0272,5,11,mây,霆,連,U+9023,0.2316,False,NOT_IN_DICT,
stt4,page_0272,5,12,đen,𩔊,顛,U+985B,0.2396,True,RESCUE_LOW_CONF,
stt4,page_0272,6,9,sợ,侓,𢜝,U+2271D,0.7398,True,RESCUE_GOLD_MED,
stt4,page_0272,6,19,tan,敬,㪚,U+3A9A,0.2741,True,RESCUE_LOW_CONF,
stt4,page_0272,7,1,nhát,涅,𣵀,U+23D40,0.7431,False,NOT_IN_DICT,
stt4,page_0272,7,4,quỷ,忠,鬼,U+9B3C,0.2407,True,RESCUE_LOW_CONF,
stt4,page_0272,7,12,ước,鈞,敬,U+656C,0.1834,False,NOT_IN_DICT,
stt4,page_0272,7,14,chịu,宕,事,U+4E8B,0.0873,False,NOT_IN_DICT,
stt4,page_0272,7,21,ngày,虜,時,U+6642,0.0343,True,RESCUE_LOW_CONF,
stt4,page_0272,8,15,vậy,工,丕,U+4E15,0.9331,True,RESCUE_GOLD_HIGH,
stt4,page_0272,8,17,giảng,婦,講,U+8B1B,0.0337,True,RESCUE_LOW_CONF,
stt4,page_0272,8,19,lá,藥,离,U+79BB,0.0698,False,NOT_IN_DICT,
stt4,page_0272,8,20,dừa,餘,模,U+6A21,0.1396,False,NOT_IN_DICT,
stt4,page_0272,9,13,chịu,或,召,U+53EC,0.1983,True,RESCUE_LOW_CONF,
stt4,page_0272,9,21,ước,鈞,旦,U+65E6,0.2108,False,NOT_IN_DICT,
stt4,page_0272,9,22,ao,勿,㓜,U+34DC,0.0915,True,RESCUE_LOW_CONF,
stt4,page_0274,1,6,ao,切,㓜,U+34DC,0.1272,True,RESCUE_LOW_CONF,
stt4,page_0274,1,9,hơn,妖,欣,U+6B23,0.7935,True,RESCUE_GOLD_MED,
stt4,page_0274,1,11,đoạn,刮,断,U+65AD,0.8792,True,RESCUE_GOLD_HIGH,
stt4,page_0274,1,20,nơi,忘,尼,U+5C3C,0.933,True,RESCUE_GOLD_HIGH,
stt4,page_0274,2,10,sang,鄭,郎,U+90CE,0.6306,True,RESCUE_LOW_CONF,
stt4,page_0274,2,12,m1,眉,眉,U+7709,0.8364,False,NOT_IN_DICT,
stt4,page_0274,2,17,đón,連,迍,U+8FCD,0.1763,True,RESCUE_LOW_CONF,
stt4,page_0274,3,16,đâm,䆒,特,U+7279,0.1802,False,NOT_IN_DICT,
stt4,page_0274,4,1,ngón,思,思,U+601D,0.5746,False,NOT_IN_DICT,
stt4,page_0274,4,2,tay,忘,沁,U+6C81,0.2043,False,NOT_IN_DICT,
stt4,page_0274,4,3,dấp,湿,腮,U+816E,0.3698,False,NOT_IN_DICT,
stt4,page_0274,4,10,đá,殿,碎,U+788E,0.4422,False,NOT_IN_DICT,
stt4,page_0274,4,11,một,改,没,U+6CA1,0.2277,True,RESCUE_LOW_CONF,
stt4,page_0274,4,16,đoạn,張,段,U+6BB5,0.0516,True,RESCUE_LOW_CONF,
stt4,page_0274,4,17,người,丹,𠊚,U+2029A,0.4773,True,RESCUE_LOW_CONF,
stt4,page_0274,5,9,thì,芽,時,U+6642,0.6749,True,RESCUE_LOW_CONF,
stt4,page_0274,5,12,long,㸔,竜,U+7ADC,0.0069,True,RESCUE_LOW_CONF,
stt4,page_0274,5,13,mằng,有,省,U+7701,0.8217,False,NOT_IN_DICT,
stt4,page_0274,5,14,tiếng,筭,美,U+7F8E,0.1785,False,NOT_IN_DICT,
stt4,page_0274,5,21,rước,緯,綽,U+7DBD,0.2512,True,RESCUE_LOW_CONF,
stt4,page_0274,6,4,lắm,溽,凜,U+51DC,0.3595,True,RESCUE_LOW_CONF,
stt4,page_0274,8,1,thờ,降,除,U+9664,0.8522,True,RESCUE_GOLD_HIGH,
stt4,page_0274,8,13,tiếng,宥,省,U+7701,0.6856,True,RESCUE_LOW_CONF,
stt4,page_0274,8,21,ca,欹,歌,U+6B4C,0.3148,True,RESCUE_LOW_CONF,
stt4,page_0274,9,0,r1,移,核,U+6838,0.3144,False,NOT_IN_DICT,
stt4,page_0274,9,1,no,内,奴,U+5974,0.914,True,RESCUE_GOLD_HIGH,
stt4,page_0276,1,3,giê,度,支,U+652F,0.9605,True,RESCUE_GOLD_HIGH,
stt4,page_0276,1,5,ra,解,囉,U+56C9,0.1158,True,RESCUE_LOW_CONF,
stt4,page_0276,1,11,này,吞,尼,U+5C3C,0.0055,True,RESCUE_LOW_CONF,
stt4,page_0276,1,13,nghìn,意,召,U+53EC,0.2355,False,NOT_IN_DICT,
stt4,page_0276,3,19,làm,血,官,U+5B98,0.1546,False,NOT_IN_DICT,
stt4,page_0276,4,0,tiếng,筍,省,U+7701,0.7417,True,RESCUE_GOLD_MED,
stt4,page_0276,4,6,ông,俞,翁,U+7FC1,0.984,True,RESCUE_GOLD_HIGH,
stt4,page_0276,4,10,cha,七,吒,U+5412,0.0213,True,RESCUE_LOW_CONF,
stt4,page_0276,4,11,mẹ,變,棱,U+68F1,0.1059,False,NOT_IN_DICT,
stt4,page_0276,4,18,khi,攺,欺,U+6B3A,0.616,True,RESCUE_LOW_CONF,
stt4,page_0276,4,19,con,𭁵,昆,U+6606,0.5884,True,RESCUE_LOW_CONF,
stt4,page_0276,5,3,kinh,煙,腰,U+8170,0.125,False,NOT_IN_DICT,
stt4,page_0276,5,4,a,时,阿,U+963F,0.8107,True,RESCUE_GOLD_MED,
stt4,page_0276,5,5,ve,瑪,綽,U+7DBD,0.0267,False,NOT_IN_DICT,
stt4,page_0276,5,9,xuống,憲,實,U+5BE6,0.118,False,NOT_IN_DICT,
stt4,page_0276,5,11,nhà,弘,茹,U+8339,0.28,True,RESCUE_LOW_CONF,
stt4,page_0276,5,14,bậc,死,北,U+5317,0.1244,True,RESCUE_LOW_CONF,
stt4,page_0276,5,16,quì,𭁵,跪,U+8DEA,0.0691,True,RESCUE_LOW_CONF,
stt4,page_0276,5,20,ngày,身,𠊚,U+2029A,0.9762,False,NOT_IN_DICT,
stt4,page_0276,6,1,sáu,元,老,U+8001,0.0217,True,RESCUE_LOW_CONF,
stt4,page_0276,6,10,cùng,立,共,U+5171,0.1828,True,RESCUE_LOW_CONF,
stt4,page_0276,7,9,xem,估,徳,U+5FB3,0.0829,False,NOT_IN_DICT,
stt4,page_0276,9,2,xem,袴,袩,U+88A9,0.3619,True,RESCUE_LOW_CONF,
stt4,page_0276,9,4,em,馗,俺,U+4FFA,0.0247,True,RESCUE_LOW_CONF,
stt4,page_0278,1,4,nhát,𣵀,𣵀,U+23D40,0.7637,False,NOT_IN_DICT,
stt4,page_0278,1,7,trẻ,泄,礼,U+793C,0.1662,True,RESCUE_LOW_CONF,
stt4,page_0278,2,0,rừng,機,棱,U+68F1,0.8483,True,RESCUE_GOLD_MED,
stt4,page_0278,2,5,như,似,如,U+5982,0.6869,True,RESCUE_LOW_CONF,
stt4,page_0278,3,5,lọn,婦,意,U+610F,0.0859,False,NOT_IN_DICT,
stt4,page_0278,3,8,các,者,各,U+5404,0.2783,True,RESCUE_LOW_CONF,
stt4,page_0278,4,8,hôn,喬,昏,U+660F,0.1191,True,RESCUE_LOW_CONF,
stt4,page_0278,4,9,đất,妃,坦,U+5766,0.8331,True,RESCUE_GOLD_MED,
stt4,page_0278,4,13,chân,直,真,U+771F,0.2117,True,RESCUE_LOW_CONF,
stt4,page_0278,5,3,đàng,耊,堂,U+5802,0.8002,True,RESCUE_GOLD_MED,
stt4,page_0278,5,5,khi,契,欺,U+6B3A,0.9405,True,RESCUE_GOLD_HIGH,
stt4,page_0278,5,13,mẹ,礦,曠,U+66E0,0.0385,False,NOT_IN_DICT,
stt4,page_0278,5,20,buồn,金,凜,U+51DC,0.3935,False,NOT_IN_DICT,
stt4,page_0278,6,2,trình,皇,呈,U+5448,0.6983,True,RESCUE_LOW_CONF,
stt4,page_0278,6,4,mẹ,缓,美,U+7F8E,0.119,True,RESCUE_LOW_CONF,
stt4,page_0278,6,6,thà,寺,時,U+6642,0.2169,True,RESCUE_LOW_CONF,
stt4,page_0278,6,9,thà,寺,礼,U+793C,0.8371,False,NOT_IN_DICT,
stt4,page_0278,6,17,tốt,辜,𡨧,U+21A27,0.3004,True,RESCUE_LOW_CONF,
stt4,page_0278,6,18,soi,旛,曠,U+66E0,0.0496,False,NOT_IN_DICT,
stt4,page_0278,6,19,gương,魏,義,U+7FA9,0.1417,False,NOT_IN_DICT,
stt4,page_0278,6,23,đẹp,望,葉,U+8449,0.0521,True,RESCUE_LOW_CONF,
stt4,page_0278,7,2,mẹ,夷,美,U+7F8E,0.2257,True,RESCUE_LOW_CONF,
stt4,page_0278,7,5,nghe,迹,宜,U+5B9C,0.5701,True,RESCUE_LOW_CONF,
stt4,page_0278,7,7,hai,俗,咍,U+548D,0.0927,True,RESCUE_LOW_CONF,
stt4,page_0278,7,12,song,𬼘,双,U+53CC,0.9579,True,RESCUE_GOLD_HIGH,
stt4,page_0278,7,13,le,有,离,U+79BB,0.4419,True,RESCUE_LOW_CONF,
stt4,page_0278,7,21,bao,𮎛,包,U+5305,0.9675,True,RESCUE_GOLD_HIGH,
stt4,page_0278,8,11,mẹ,夷,美,U+7F8E,0.0156,True,RESCUE_LOW_CONF,
stt4,page_0278,8,19,tóc,迷,速,U+901F,0.5128,True,RESCUE_LOW_CONF,
stt4,page_0278,9,9,bếp,燧,咍,U+548D,0.1229,False,NOT_IN_DICT,
stt4,page_0280,1,3,nhà,為,茹,U+8339,0.0446,True,RESCUE_LOW_CONF,
stt4,page_0280,1,9,là,冥,号,U+53F7,0.0875,True,RESCUE_LOW_CONF,
stt4,page_0280,1,17,thay,允,台,U+53F0,0.0651,True,RESCUE_LOW_CONF,
stt4,page_0280,1,24,me,議,唉,U+5509,0.2196,False,NOT_IN_DICT,
stt4,page_0280,2,8,anh,奕,英,U+82F1,0.5602,True,RESCUE_LOW_CONF,
stt4,page_0280,2,9,em,岂,喡,U+55A1,0.0805,False,NOT_IN_DICT,
stt4,page_0280,2,10,thay,后,台,U+53F0,0.1655,True,RESCUE_LOW_CONF,
stt4,page_0280,2,12,tông,要,宗,U+5B97,0.2488,True,RESCUE_LOW_CONF,
stt4,page_0280,3,8,trắng,牡,䏻,U+43FB,0.1086,False,NOT_IN_DICT,
stt4,page_0280,3,13,đầu,𩒤,頭,U+982D,0.2419,True,RESCUE_LOW_CONF,
stt4,page_0280,4,14,nó,因,固,U+56FA,0.195,False,NOT_IN_DICT,
stt4,page_0280,4,20,n,女,女,U+5973,0.9799,False,NOT_IN_DICT,
stt4,page_0280,5,5,minh,因,明,U+660E,0.4217,True,RESCUE_LOW_CONF,
stt4,page_0280,6,3,hai,咯,咍,U+548D,0.2814,True,RESCUE_LOW_CONF,
stt4,page_0280,6,8,hãm,淆,連,U+9023,0.6475,False,NOT_IN_DICT,
stt4,page_0280,6,14,thịt,𫀃,安,U+5B89,0.9901,False,NOT_IN_DICT,
stt4,page_0280,7,14,lót,侓,世,U+4E16,0.2012,False,NOT_IN_DICT,
stt4,page_0280,7,21,lòi,妹,穌,U+7A4C,0.3923,False,NOT_IN_DICT,
stt4,page_0280,8,0,tói,盪,最,U+6700,0.0873,False,NOT_IN_DICT,
stt4,page_0280,8,7,khuya,舌,式,U+5F0F,0.4338,False,NOT_IN_DICT,
stt4,page_0280,8,12,một,微,没,U+6CA1,0.4938,True,RESCUE_LOW_CONF,
stt4,page_0280,8,15,lần,妾,吝,U+541D,0.5986,True,RESCUE_LOW_CONF,
stt4,page_0280,8,21,là,宗,如,U+5982,0.0782,False,NOT_IN_DICT,
stt4,page_0280,9,1,đêm,舊,店,U+5E97,0.6629,True,RESCUE_LOW_CONF,
stt4,page_0280,9,8,chảy,此,沚,U+6C9A,0.6376,True,RESCUE_LOW_CONF,
stt4,page_0280,9,10,ròng,𥓓,用,U+7528,0.638,True,RESCUE_LOW_CONF,
stt4,page_0280,9,11,ròng,之,自,U+81EA,0.8823,False,NOT_IN_DICT,
stt4,page_0280,9,15,mặc,遐,礼,U+793C,0.2726,False,NOT_IN_DICT,
stt4,page_0280,9,16,áo,偰,襖,U+8956,0.8655,True,RESCUE_GOLD_HIGH,
stt4,page_0282,1,4,trắng,姙,班,U+73ED,0.2243,False,NOT_IN_DICT,
stt4,page_0282,1,14,bề,衣,彼,U+5F7C,0.0453,True,RESCUE_LOW_CONF,
stt4,page_0282,2,9,mùi,朱,味,U+5473,0.7003,True,RESCUE_GOLD_MED,
stt4,page_0282,2,13,giữ,呼,佇,U+4F47,0.5967,True,RESCUE_LOW_CONF,
stt4,page_0282,2,14,linh,羙,灵,U+7075,0.8893,True,RESCUE_GOLD_HIGH,
stt4,page_0282,2,20,trước,𠾖,畧,U+7567,0.8336,True,RESCUE_GOLD_MED,
stt4,page_0282,2,22,lặng,翩,朗,U+6717,0.2759,True,RESCUE_LOW_CONF,
stt4,page_0282,3,21,hay,应,咍,U+548D,0.1812,True,RESCUE_LOW_CONF,
stt4,page_0282,4,5,nơi,忘,尼,U+5C3C,0.7661,True,RESCUE_GOLD_MED,
stt4,page_0282,4,7,chơi,𠛴,制,U+5236,0.2632,True,RESCUE_LOW_CONF,
stt4,page_0282,4,8,sốt,冿,焠,U+7120,0.2054,True,RESCUE_LOW_CONF,
stt4,page_0282,5,0,được,佇,佇,U+4F47,0.7034,False,NOT_IN_DICT,
stt4,page_0282,5,1,giữ,旦,旦,U+65E6,0.9891,False,NOT_IN_DICT,
stt4,page_0282,5,2,lọn,命,命,U+547D,0.4043,False,NOT_IN_DICT,
stt4,page_0282,5,3,đời,似,代,U+4EE3,0.8768,True,RESCUE_GOLD_HIGH,
stt4,page_0282,5,18,mỗi,置,意,U+610F,0.1915,False,NOT_IN_DICT,
stt4,page_0282,6,0,khác,悟,恪,U+606A,0.8759,True,RESCUE_GOLD_HIGH,
stt4,page_0282,6,2,kẻ,九,几,U+51E0,0.9559,True,RESCUE_GOLD_HIGH,
stt4,page_0282,6,4,biển,愛,没,U+6CA1,0.1061,False,NOT_IN_DICT,
stt4,page_0282,6,5,cả,舟,竒,U+7AD2,0.3926,True,RESCUE_LOW_CONF,
stt4,page_0282,6,8,hay,恱,咍,U+548D,0.0955,True,RESCUE_LOW_CONF,
stt4,page_0282,6,10,song,𬼘,双,U+53CC,0.6941,True,RESCUE_LOW_CONF,
stt4,page_0282,6,11,le,竒,离,U+79BB,0.6517,True,RESCUE_LOW_CONF,
stt4,page_0282,6,13,ít,乾,車,U+8ECA,0.2222,False,NOT_IN_DICT,
stt4,page_0282,6,21,trời,厨,主,U+4E3B,0.7159,False,NOT_IN_DICT,
stt4,page_0282,7,16,soi,孀,𠊚,U+2029A,0.0527,False,NOT_IN_DICT,
stt4,page_0282,8,0,vui,圖,創,U+5275,0.2751,False,NOT_IN_DICT,
stt4,page_0282,8,9,vui,数,寺,U+5BFA,0.6172,False,NOT_IN_DICT,
stt4,page_0282,8,21,về,倒,事,U+4E8B,0.0727,False,NOT_IN_DICT,
stt4,page_0282,9,1,thì,唾,時,U+6642,0.4841,True,RESCUE_LOW_CONF,
stt4,page_0282,9,10,ma,廣,魔,U+9B54,0.9172,True,RESCUE_GOLD_HIGH,
stt4,page_0282,9,16,ô,厉,行,U+884C,0.0781,False,NOT_IN_DICT,
stt4,page_0284,1,10,thịt,衲,於,U+65BC,0.127,False,NOT_IN_DICT,
stt4,page_0284,1,16,giục,返,逐,U+9010,0.787,True,RESCUE_GOLD_MED,
stt4,page_0284,2,3,đoạn,者,断,U+65AD,0.9357,True,RESCUE_GOLD_HIGH,
stt4,page_0284,3,7,phán,尹,判,U+5224,0.9514,True,RESCUE_GOLD_HIGH,
stt4,page_0284,4,4,dơ,序,抒,U+6292,0.0584,True,RESCUE_LOW_CONF,
stt4,page_0284,4,5,dáy,民,没,U+6CA1,0.3806,False,NOT_IN_DICT,
stt4,page_0284,4,19,lại,失,吏,U+540F,0.7722,True,RESCUE_GOLD_MED,
stt4,page_0284,5,1,yêu,接,安,U+5B89,0.1546,False,NOT_IN_DICT,
stt4,page_0284,6,1,phán,刦,判,U+5224,0.9403,True,RESCUE_GOLD_HIGH,
stt4,page_0284,6,5,con,𭁵,晜,U+665C,0.5356,True,RESCUE_LOW_CONF,
stt4,page_0284,6,10,mừng,閟,明,U+660E,0.3014,True,RESCUE_LOW_CONF,
stt4,page_0284,6,17,phúc,欣,特,U+7279,0.5544,False,NOT_IN_DICT,
stt4,page_0284,6,18,hơn,福,欣,U+6B23,0.1272,True,RESCUE_LOW_CONF,
stt4,page_0284,6,21,càng,珏,强,U+5F3A,0.8482,True,RESCUE_GOLD_MED,
stt4,page_0284,7,4,càng,產,強,U+5F37,0.4407,True,RESCUE_LOW_CONF,
stt4,page_0284,7,16,coi,魏,瑰,U+7470,0.0871,True,RESCUE_LOW_CONF,
stt4,page_0284,7,18,một,仗,没,U+6CA1,0.6,True,RESCUE_LOW_CONF,
stt4,page_0284,7,22,liệt,延,烈,U+70C8,0.7579,True,RESCUE_GOLD_MED,
stt4,page_0284,8,0,lào,旁,穷,U+7A77,0.3531,False,NOT_IN_DICT,
stt4,page_0284,8,9,giữa,俘,佇,U+4F47,0.309,False,NOT_IN_DICT,
stt4,page_0284,8,10,ngực,睫,贖,U+8D16,0.1673,False,NOT_IN_DICT,
stt4,page_0284,8,12,nhiều,兗,澆,U+6F86,0.009,True,RESCUE_LOW_CONF,
stt4,page_0284,8,13,thuốc,東,束,U+675F,0.3834,True,RESCUE_LOW_CONF,
stt4,page_0284,8,17,giục,逑,逐,U+9010,0.4857,True,RESCUE_LOW_CONF,
stt4,page_0284,9,20,quái,惟,恠,U+6060,0.059,True,RESCUE_LOW_CONF,
stt4,page_0286,1,5,đâu,兇,兜,U+515C,0.4787,True,RESCUE_LOW_CONF,
stt4,page_0286,1,20,le,爾,离,U+79BB,0.4031,True,RESCUE_LOW_CONF,
stt4,page_0286,2,11,vàng,憂,凭,U+51ED,0.6686,False,NOT_IN_DICT,
stt4,page_0286,2,15,sóc,园,朔,U+6714,0.1625,True,RESCUE_LOW_CONF,
stt4,page_0286,3,8,nhan,班,那,U+90A3,0.108,False,NOT_IN_DICT,
stt4,page_0286,3,9,đêm,虗,店,U+5E97,0.8633,True,RESCUE_GOLD_HIGH,
stt4,page_0286,3,24,trài,侵,徳,U+5FB3,0.5875,False,NOT_IN_DICT,
stt4,page_0286,4,1,mũ,傑,俱,U+4FF1,0.0796,False,NOT_IN_DICT,
stt4,page_0286,4,5,phán,別,判,U+5224,0.0246,True,RESCUE_LOW_CONF,
stt4,page_0286,4,21,sau,赫,時,U+6642,0.0916,False,NOT_IN_DICT,
stt4,page_0286,5,10,mới,覆,買,U+8CB7,0.609,True,RESCUE_LOW_CONF,
stt4,page_0286,5,20,mũ,倮,黙,U+9ED9,0.053,False,NOT_IN_DICT,
stt4,page_0286,5,21,gai,戔,荄,U+8344,0.0688,True,RESCUE_LOW_CONF,
stt4,page_0286,6,0,đội,恢,隊,U+968A,0.3259,True,RESCUE_LOW_CONF,
stt4,page_0286,6,4,răng,劉,創,U+5275,0.2447,False,NOT_IN_DICT,
stt4,page_0286,6,9,vui,針,敢,U+6562,0.1066,False,NOT_IN_DICT,
stt4,page_0286,6,10,đâu,𡨚,創,U+5275,0.106,False,NOT_IN_DICT,
stt4,page_0286,7,0,đau,妨,饬,U+996C,0.1561,False,NOT_IN_DICT,
stt4,page_0286,7,7,ngày,𮊸,時,U+6642,0.0976,True,RESCUE_LOW_CONF,
stt4,page_0286,8,4,lo,帖,㤥,U+3925,0.139,False,NOT_IN_DICT,
stt4,page_0286,8,8,tiếng,宿,省,U+7701,0.9076,True,RESCUE_GOLD_HIGH,
stt4,page_0286,8,16,lối,爲,磊,U+78CA,0.2599,True,RESCUE_LOW_CONF,
stt4,page_0286,8,21,giục,逃,逐,U+9010,0.4763,True,RESCUE_LOW_CONF,
stt4,page_0286,9,17,mà,弃,麻,U+9EBB,0.9604,True,RESCUE_GOLD_HIGH,
stt4,page_0286,9,20,giục,迩,逐,U+9010,0.8629,True,RESCUE_GOLD_HIGH,
stt4,page_0288,1,0,mẹ,殘,美,U+7F8E,0.08,True,RESCUE_LOW_CONF,
stt4,page_0288,1,6,ăn,𤼲,安,U+5B89,0.963,True,RESCUE_GOLD_HIGH,
stt4,page_0288,1,7,uống,生,枉,U+6789,0.5816,True,RESCUE_LOW_CONF,
stt4,page_0288,1,12,lụy,墨,累,U+7D2F,0.0735,True,RESCUE_LOW_CONF,
stt4,page_0288,2,0,liền,達,連,U+9023,0.8017,True,RESCUE_GOLD_MED,
stt4,page_0288,2,1,mửa,馮,喝,U+559D,0.2187,False,NOT_IN_DICT,
stt4,page_0288,2,2,ra,滛,囉,U+56C9,0.1049,True,RESCUE_LOW_CONF,
stt4,page_0288,2,12,com,餌,餅,U+9905,0.0995,False,NOT_IN_DICT,
stt4,page_0288,3,3,sau,楚,連,U+9023,0.5544,False,NOT_IN_DICT,
stt4,page_0288,4,3,guộc,芍,泊,U+6CCA,0.135,False,NOT_IN_DICT,
stt4,page_0288,4,4,võ,字,孛,U+5B5B,0.6324,False,NOT_IN_DICT,
stt4,page_0288,4,8,da,腹,獄,U+7344,0.182,False,NOT_IN_DICT,
stt4,page_0288,4,10,xương,曷,旦,U+65E6,0.2213,False,NOT_IN_DICT,
stt4,page_0288,4,12,thôi,䢖,退,U+9000,0.8571,True,RESCUE_GOLD_HIGH,
stt4,page_0288,4,14,le,番,离,U+79BB,0.621,True,RESCUE_LOW_CONF,
stt4,page_0288,5,15,vậy,否,𣵀,U+23D40,0.6548,False,NOT_IN_DICT,
stt4,page_0288,6,1,theo,壊,燒,U+71D2,0.7361,True,RESCUE_GOLD_MED,
stt4,page_0288,6,6,giục,遂,逐,U+9010,0.1801,True,RESCUE_LOW_CONF,
stt4,page_0288,6,9,gì,債,債,U+50B5,0.5975,False,NOT_IN_DICT,
stt4,page_0288,6,10,trái,之,之,U+4E4B,0.9692,False,NOT_IN_DICT,
stt4,page_0288,6,14,như,叔,如,U+5982,0.7281,True,RESCUE_GOLD_MED,
stt4,page_0288,6,15,coi,鬼,瑰,U+7470,0.1247,True,RESCUE_LOW_CONF,
stt4,page_0288,8,11,miệng,也,皿,U+76BF,0.0846,True,RESCUE_LOW_CONF,
stt4,page_0288,8,13,nơi,吞,尼,U+5C3C,0.8605,True,RESCUE_GOLD_HIGH,
stt4,page_0288,8,15,lếch,𤴓,沚,U+6C9A,0.1695,False,NOT_IN_DICT,
stt4,page_0288,8,21,liếm,欽,飭,U+98ED,0.3129,False,NOT_IN_DICT,
stt4,page_0288,8,22,mủ,某,其,U+5176,0.6069,False,NOT_IN_DICT,
stt4,page_0288,9,11,xuống,賓,意,U+610F,0.7366,False,NOT_IN_DICT,
stt4,page_0288,9,17,long,魘,腰,U+8170,0.1318,False,NOT_IN_DICT,
stt4,page_0288,9,20,bà,祀,把,U+628A,0.5124,True,RESCUE_LOW_CONF,
stt4,page_0290,1,2,vui,針,徳,U+5FB3,0.0703,False,NOT_IN_DICT,
stt4,page_0290,2,3,nghĩ,與,卢,U+5362,0.1039,False,NOT_IN_DICT,
stt4,page_0290,3,0,mắng,寨,罪,U+7F6A,0.203,False,NOT_IN_DICT,
stt4,page_0290,3,2,nhà,弘,如,U+5982,0.0359,True,RESCUE_LOW_CONF,
stt4,page_0290,3,3,kia,耳,其,U+5176,0.9124,True,RESCUE_GOLD_HIGH,
stt4,page_0290,3,12,viếng,未,𣱵,U+23C75,0.1344,True,RESCUE_LOW_CONF,
stt4,page_0290,4,10,nhà,孟,茹,U+8339,0.2877,True,RESCUE_LOW_CONF,
stt4,page_0290,4,20,gánh,授,挭,U+632D,0.1304,True,RESCUE_LOW_CONF,
stt4,page_0290,5,0,gạo,糙,拮,U+62EE,0.5406,False,NOT_IN_DICT,
stt4,page_0290,5,3,rượu,酩,願,U+9858,0.1069,False,NOT_IN_DICT,
stt4,page_0290,5,16,nhọc,唇,𠊚,U+2029A,0.611,False,NOT_IN_DICT,
stt4,page_0290,5,17,trở,容,麻,U+9EBB,0.3585,False,NOT_IN_DICT,
stt4,page_0290,7,4,đeo,笏,盆,U+76C6,0.2924,False,NOT_IN_DICT,
stt4,page_0290,7,13,cầm,揜,扲,U+6272,0.9079,True,RESCUE_GOLD_HIGH,
stt4,page_0290,7,17,thêm,黍,每,U+6BCF,0.1279,False,NOT_IN_DICT,
stt4,page_0290,8,0,lại,失,吏,U+540F,0.9028,True,RESCUE_GOLD_HIGH,
stt4,page_0290,8,1,phán,則,判,U+5224,0.89,True,RESCUE_GOLD_HIGH,
stt4,page_0290,8,3,ngày,冠,時,U+6642,0.0408,True,RESCUE_LOW_CONF,
stt4,page_0290,8,22,thí,庭,施,U+65BD,0.4816,True,RESCUE_LOW_CONF,
stt4,page_0290,9,1,tao,耋,蚤,U+86A4,0.9122,True,RESCUE_GOLD_HIGH,
stt4,page_0292,2,4,hai,石,仍,U+4ECD,0.0684,False,NOT_IN_DICT,
stt4,page_0292,2,14,một,太,没,U+6CA1,0.1268,True,RESCUE_LOW_CONF,
stt4,page_0292,2,15,áo,換,襖,U+8956,0.6542,True,RESCUE_LOW_CONF,
stt4,page_0292,2,16,trả,星,浪,U+6D6A,0.1199,False,NOT_IN_DICT,
stt4,page_0292,3,0,phải,庫,沛,U+6C9B,0.6102,True,RESCUE_LOW_CONF,
stt4,page_0292,3,2,nữa,玄,女,U+5973,0.893,True,RESCUE_GOLD_HIGH,
stt4,page_0292,3,16,phong,瓦,疾,U+75BE,0.0795,False,NOT_IN_DICT,
stt4,page_0292,4,1,song,叔,双,U+53CC,0.0133,True,RESCUE_LOW_CONF,
stt4,page_0292,4,22,le,禹,离,U+79BB,0.031,True,RESCUE_LOW_CONF,
stt4,page_0292,5,1,nghĩa,是,义,U+4E49,0.0782,True,RESCUE_LOW_CONF,
stt4,page_0292,5,2,chê,丈,支,U+652F,0.6232,True,RESCUE_LOW_CONF,
stt4,page_0292,5,11,coi,魏,强,U+5F3A,0.3019,False,NOT_IN_DICT,
stt4,page_0292,5,16,lấy,來,年,U+5E74,0.5333,False,NOT_IN_DICT,
stt4,page_0292,6,11,tăm,没,皮,U+76AE,0.1442,False,NOT_IN_DICT,
stt4,page_0292,6,13,dọn,逍,道,U+9053,0.5813,False,NOT_IN_DICT,
stt4,page_0292,6,22,trời,奩,𡗶,U+215F6,0.0281,True,RESCUE_LOW_CONF,
stt4,page_0292,7,3,lấy,來,娄,U+5A04,0.186,False,NOT_IN_DICT,
stt4,page_0292,7,13,pha,屍,葩,U+8469,0.0418,True,RESCUE_LOW_CONF,
stt4,page_0292,7,14,mê,廷,迷,U+8FF7,0.0519,True,RESCUE_LOW_CONF,
stt4,page_0292,7,16,na,郡,那,U+90A3,0.0615,True,RESCUE_LOW_CONF,
stt4,page_0292,7,17,ghét,鼓,𠊚,U+2029A,0.177,False,NOT_IN_DICT,
stt4,page_0292,7,20,mà,疳,麻,U+9EBB,0.9571,True,RESCUE_GOLD_HIGH,
stt4,page_0292,9,11,miệng,王,皿,U+76BF,0.0326,True,RESCUE_LOW_CONF,
stt4,page_0294,2,16,ba,己,巴,U+5DF4,0.9615,True,RESCUE_GOLD_HIGH,
stt4,page_0294,2,19,lên,更,連,U+9023,0.8504,True,RESCUE_GOLD_HIGH,
stt4,page_0294,4,4,hai,经,咍,U+548D,0.1034,True,RESCUE_LOW_CONF,
stt4,page_0294,4,5,đứa,後,碎,U+788E,0.199,False,NOT_IN_DICT,
stt4,page_0294,4,12,nhữnhững,仍,仍,U+4ECD,0.98,False,NOT_IN_DICT,
stt4,page_0294,4,13,quy,思,鬼,U+9B3C,0.5819,False,NOT_IN_DICT,
stt4,page_0294,4,16,no,叔,奴,U+5974,0.9348,True,RESCUE_GOLD_HIGH,
stt4,page_0294,4,19,quây,愧,塊,U+584A,0.9129,False,NOT_IN_DICT,
stt4,page_0294,4,20,qua,遇,過,U+904E,0.9349,True,RESCUE_GOLD_HIGH,
stt4,page_0294,4,21,chảng,庄,庄,U+5E84,0.5917,False,NOT_IN_DICT,
stt4,page_0294,5,9,nó,忒,奴,U+5974,0.464,True,RESCUE_LOW_CONF,
stt4,page_0294,5,19,hai,恱,咍,U+548D,0.3454,True,RESCUE_LOW_CONF,
stt4,page_0294,6,5,mà,再,麻,U+9EBB,0.9822,True,RESCUE_GOLD_HIGH,
stt4,page_0294,6,6,chuộc,續,贖,U+8D16,0.4603,True,RESCUE_LOW_CONF,
stt4,page_0294,7,2,trở,𠰥,召,U+53EC,0.0737,False,NOT_IN_DICT,
stt4,page_0294,7,10,ra,罘,𠊚,U+2029A,0.2094,False,NOT_IN_DICT,
stt4,page_0294,7,16,nói,纳,呐,U+5450,0.8781,True,RESCUE_GOLD_HIGH,
stt4,page_0294,7,18,nhiêu,桀,饒,U+9952,0.0207,True,RESCUE_LOW_CONF,
stt4,page_0294,8,8,ta,甚,些,U+4E9B,0.9116,True,RESCUE_GOLD_HIGH,
stt4,page_0294,8,14,hễ,探,係,U+4FC2,0.6366,True,RESCUE_LOW_CONF,
stt4,page_0294,8,17,khắp,位,泣,U+6CE3,0.2165,True,RESCUE_LOW_CONF,
stt4,page_0294,9,17,hai,应,咍,U+548D,0.0252,True,RESCUE_LOW_CONF,
stt4,page_0294,9,20,cả,寸,奇,U+5947,0.4081,True,RESCUE_LOW_CONF,
stt4,page_0296,1,6,cả,好,奇,U+5947,0.1765,True,RESCUE_LOW_CONF,
stt4,page_0296,1,21,mẹ,護,美,U+7F8E,0.2618,True,RESCUE_LOW_CONF,
stt4,page_0296,2,16,tôi,伻,群,U+7FA4,0.0836,False,NOT_IN_DICT,
stt4,page_0296,2,17,sống,最,時,U+6642,0.2176,False,NOT_IN_DICT,
stt4,page_0296,2,22,lửa,燭,跪,U+8DEA,0.1262,False,NOT_IN_DICT,
stt4,page_0296,3,2,tôi,墀,碎,U+788E,0.943,True,RESCUE_GOLD_HIGH,
stt4,page_0296,3,5,thay,留,咍,U+548D,0.0815,True,RESCUE_LOW_CONF,
stt4,page_0296,3,6,cha,𠑶,吒,U+5412,0.8906,True,RESCUE_GOLD_HIGH,
stt4,page_0296,3,14,nghe,玄,宜,U+5B9C,0.5026,True,RESCUE_LOW_CONF,
stt4,page_0296,3,16,cha,元,朱,U+6731,0.3551,False,NOT_IN_DICT,
stt4,page_0296,3,19,đoạn,科,断,U+65AD,0.0442,True,RESCUE_LOW_CONF,
stt4,page_0296,3,20,con,息,昆,U+6606,0.4939,True,RESCUE_LOW_CONF,
stt4,page_0296,4,1,đau,劝,功,U+529F,0.1906,False,NOT_IN_DICT,
stt4,page_0296,5,12,nói,的,些,U+4E9B,0.7594,False,NOT_IN_DICT,
stt4,page_0296,5,17,le,凊,离,U+79BB,0.6855,True,RESCUE_LOW_CONF,
stt4,page_0296,6,4,me,褒,唉,U+5509,0.1071,False,NOT_IN_DICT,
stt4,page_0296,6,8,chết,杵,折,U+6298,0.784,True,RESCUE_GOLD_MED,
stt4,page_0296,6,14,sống,瓶,時,U+6642,0.4873,False,NOT_IN_DICT,
stt4,page_0296,6,16,phải,庫,称,U+79F0,0.0703,False,NOT_IN_DICT,
stt4,page_0296,7,6,tội,羅,罪,U+7F6A,0.9797,True,RESCUE_GOLD_HIGH,
stt4,page_0296,7,18,sống,祜,於,U+65BC,0.1225,False,NOT_IN_DICT,
stt4,page_0296,7,19,lại,𤓾,吏,U+540F,0.8619,True,RESCUE_GOLD_HIGH,
stt4,page_0296,7,20,đến,包,旦,U+65E6,0.9678,True,RESCUE_GOLD_HIGH,
stt4,page_0296,7,21,tám,卷,糁,U+7CC1,0.0202,True,RESCUE_LOW_CONF,
stt4,page_0296,8,0,chín,全,令,U+4EE4,0.2201,False,NOT_IN_DICT,
stt4,page_0296,8,1,tuổi,星,歲,U+6B72,0.808,True,RESCUE_GOLD_MED,
stt4,page_0296,8,4,ghe,醫,稽,U+7A3D,0.4714,True,RESCUE_LOW_CONF,
stt4,page_0296,9,1,yêu,譬,意,U+610F,0.2921,False,NOT_IN_DICT,
stt4,page_0296,9,13,đường,盖,其,U+5176,0.0743,False,NOT_IN_DICT,
stt4,page_0296,9,14,nao,希,市,U+5E02,0.577,True,RESCUE_LOW_CONF,
stt4,page_0298,1,4,sánh,殿,碎,U+788E,0.2719,False,NOT_IN_DICT,
stt4,page_0298,1,13,một,嚴,没,U+6CA1,0.6294,True,RESCUE_LOW_CONF,
stt4,page_0298,1,16,thật,膏,實,U+5BE6,0.9498,True,RESCUE_GOLD_HIGH,
stt4,page_0298,2,7,vui,錡,翁,U+7FC1,0.1193,False,NOT_IN_DICT,
stt4,page_0298,2,18,ngục,鉄,獄,U+7344,0.8432,True,RESCUE_GOLD_MED,
stt4,page_0298,2,19,đoạn,和,断,U+65AD,0.908,True,RESCUE_GOLD_HIGH,
stt4,page_0298,3,1,trở,岩,四,U+56DB,0.4418,False,NOT_IN_DICT,
stt4,page_0298,4,5,như,𦀇,如,U+5982,0.2651,True,RESCUE_LOW_CONF,
stt4,page_0298,4,14,mẹ,殘,美,U+7F8E,0.036,True,RESCUE_LOW_CONF,
stt4,page_0298,5,4,chữ,仔,佇,U+4F47,0.7424,False,NOT_IN_DICT,
stt4,page_0298,5,8,thuộc,燕,勉,U+52C9,0.3252,False,NOT_IN_DICT,
stt4,page_0298,6,8,như,地,如,U+5982,0.4827,True,RESCUE_LOW_CONF,
stt4,page_0298,6,15,khỏi,望,塊,U+584A,0.7313,True,RESCUE_GOLD_MED,
stt4,page_0298,6,20,ta,忠,些,U+4E9B,0.968,True,RESCUE_GOLD_HIGH,
stt4,page_0298,8,4,mà,再,麻,U+9EBB,0.9673,True,RESCUE_GOLD_HIGH,
stt4,page_0298,8,6,xảy,徔,信,U+4FE1,0.2606,False,NOT_IN_DICT,
stt4,page_0298,8,12,thàn,夷,美,U+7F8E,0.9709,False,NOT_IN_DICT,
stt4,page_0298,8,22,khối,魂,塊,U+584A,0.8831,True,RESCUE_GOLD_HIGH,
stt4,page_0298,9,9,lái,顙,願,U+9858,0.3964,False,NOT_IN_DICT,
stt4,page_0298,9,14,sáng,剣,創,U+5275,0.975,True,RESCUE_GOLD_HIGH,
stt4,page_0298,9,20,1,臾,吏,U+540F,0.9208,False,NOT_IN_DICT,
stt4,page_0300,1,7,về,相,𧗱,U+275F1,0.5811,True,RESCUE_LOW_CONF,
stt4,page_0300,1,13,ơn,忽,恩,U+6069,0.4595,True,RESCUE_LOW_CONF,
stt4,page_0300,2,0,lái,鬚,邁,U+9081,0.1004,False,NOT_IN_DICT,
stt4,page_0300,2,9,một,既,没,U+6CA1,0.6778,True,RESCUE_LOW_CONF,
stt4,page_0300,2,10,ngày,冒,時,U+6642,0.0102,True,RESCUE_LOW_CONF,
stt4,page_0300,2,14,mô,侯,模,U+6A21,0.2332,True,RESCUE_LOW_CONF,
stt4,page_0300,2,22,ra,𥓓,囉,U+56C9,0.045,True,RESCUE_LOW_CONF,
stt4,page_0300,3,10,như,叔,如,U+5982,0.7514,True,RESCUE_GOLD_MED,
stt4,page_0300,3,14,ldm,丕,丕,U+4E15,0.8581,False,NOT_IN_DICT,
stt4,page_0300,4,8,dấu,意,意,U+610F,0.8912,False,NOT_IN_DICT,
stt4,page_0300,4,9,ấy,紏,意,U+610F,0.1036,True,RESCUE_LOW_CONF,
stt4,page_0300,4,11,thịt,胸,城,U+57CE,0.1478,False,NOT_IN_DICT,
stt4,page_0300,4,14,ra,院,加,U+52A0,0.0573,True,RESCUE_LOW_CONF,
stt4,page_0300,4,17,kẻo,鳶,喬,U+55AC,0.847,True,RESCUE_GOLD_MED,
stt4,page_0300,5,10,biết,創,些,U+4E9B,0.8412,False,NOT_IN_DICT,
stt4,page_0300,6,8,việc,微,役,U+5F79,0.8689,True,RESCUE_GOLD_HIGH,
stt4,page_0300,6,12,trở,徔,咍,U+548D,0.1254,False,NOT_IN_DICT,
stt4,page_0300,6,14,đi,灸,多,U+591A,0.8772,True,RESCUE_GOLD_HIGH,
stt4,page_0300,6,15,chiu,名,召,U+53EC,0.9176,False,NOT_IN_DICT,
stt4,page_0300,7,4,ra,無,麻,U+9EBB,0.6541,False,NOT_IN_DICT,
stt4,page_0300,7,9,đất,妃,坦,U+5766,0.8601,True,RESCUE_GOLD_HIGH,
stt4,page_0300,8,4,dạy,纳,代,U+4EE3,0.3263,True,RESCUE_LOW_CONF,
stt4,page_0300,8,7,chép,劍,創,U+5275,0.2637,False,NOT_IN_DICT,
stt4,page_0300,8,11,rày,爾,意,U+610F,0.3532,False,NOT_IN_DICT,
stt4,page_0300,8,15,sách,与,𠊚,U+2029A,0.1228,False,NOT_IN_DICT,
stt4,page_0300,9,0,khi,獘,欺,U+6B3A,0.6179,True,RESCUE_LOW_CONF,
stt4,page_0300,9,4,nhiều,多,𠊚,U+2029A,0.5182,False,NOT_IN_DICT,
stt4,page_0300,9,8,mô,撲,天,U+5929,0.1098,False,NOT_IN_DICT,
stt4,page_0300,9,20,lại,楚,吏,U+540F,0.1389,True,RESCUE_LOW_CONF,
stt4,page_0302,1,2,trọng,壹,重,U+91CD,0.7626,True,RESCUE_GOLD_MED,
stt4,page_0302,1,16,hay,破,咍,U+548D,0.158,True,RESCUE_LOW_CONF,
stt4,page_0302,2,1,hay,左,咍,U+548D,0.4218,True,RESCUE_LOW_CONF,
stt4,page_0302,2,9,ngày,野,時,U+6642,0.399,True,RESCUE_LOW_CONF,
stt4,page_0302,2,18,nhiều,嘵,澆,U+6F86,0.0317,True,RESCUE_LOW_CONF,
stt4,page_0302,2,19,lần,齐,吝,U+541D,0.86,True,RESCUE_GOLD_HIGH,
stt4,page_0302,3,9,hay,顺,咍,U+548D,0.3884,True,RESCUE_LOW_CONF,
stt4,page_0302,3,11,lò,芡,炉,U+7089,0.0607,True,RESCUE_LOW_CONF,
stt4,page_0302,3,12,lửa,耀,渃,U+6E03,0.0882,False,NOT_IN_DICT,
stt4,page_0302,3,21,ngửi,修,岡,U+5CA1,0.2809,False,NOT_IN_DICT,
stt4,page_0302,4,0,mùi,朱,味,U+5473,0.0354,True,RESCUE_LOW_CONF,
stt4,page_0302,4,1,thơm,奢,貪,U+8CAA,0.4826,True,RESCUE_LOW_CONF,
stt4,page_0302,4,2,tho,𭣣,收,U+6536,0.6241,True,RESCUE_LOW_CONF,
stt4,page_0302,4,3,và,律,喡,U+55A1,0.8788,True,RESCUE_GOLD_HIGH,
stt4,page_0302,4,4,lái,覆,𠊚,U+2029A,0.538,False,NOT_IN_DICT,
stt4,page_0302,4,9,như,弘,廩,U+5EE9,0.5351,False,NOT_IN_DICT,
stt4,page_0302,4,10,nhảy,妃,如,U+5982,0.7476,False,NOT_IN_DICT,
stt4,page_0302,4,11,mừng,閃,明,U+660E,0.4361,True,RESCUE_LOW_CONF,
stt4,page_0302,4,15,cũng,甚,共,U+5171,0.5572,True,RESCUE_LOW_CONF,
stt4,page_0302,4,17,nhiều,冼,饒,U+9952,0.0051,True,RESCUE_LOW_CONF,
stt4,page_0302,5,5,nhong,氏,朱,U+6731,0.4666,False,NOT_IN_DICT,
stt4,page_0302,5,13,nhiêu,嘵,燒,U+71D2,0.897,False,NOT_IN_DICT,
stt4,page_0302,6,4,liệt,殂,共,U+5171,0.5618,False,NOT_IN_DICT,
stt4,page_0302,7,2,có,图,固,U+56FA,0.855,True,RESCUE_GOLD_HIGH,
stt4,page_0302,8,3,lạ,畏,邏,U+908F,0.0265,True,RESCUE_LOW_CONF,
stt4,page_0302,8,7,chia,伎,吱,U+5431,0.036,True,RESCUE_LOW_CONF,
stt4,page_0302,8,14,thêm,条,𣸸,U+23E38,0.0679,True,RESCUE_LOW_CONF,
stt4,page_0302,8,20,lạ,得,𠊚,U+2029A,0.9686,False,NOT_IN_DICT,
stt4,page_0302,8,21,người,迅,𠊚,U+2029A,0.0773,True,RESCUE_LOW_CONF,
stt4,page_0302,9,6,tóm,礬,爲,U+7232,0.3055,False,NOT_IN_DICT,
stt4,page_0302,9,10,la,選,羅,U+7F85,0.0267,True,RESCUE_LOW_CONF,
stt4,page_0302,9,19,pha,元,南,U+5357,0.0721,False,NOT_IN_DICT,
stt4,page_0304,1,13,pha,攵,乄,U+4E44,0.0671,False,NOT_IN_DICT,
stt4,page_0304,1,14,ghê,誓,稽,U+7A3D,0.0984,True,RESCUE_LOW_CONF,
stt4,page_0304,1,16,gô,破,古,U+53E4,0.2342,False,NOT_IN_DICT,
stt4,page_0304,1,19,thứ,火,次,U+6B21,0.4122,True,RESCUE_LOW_CONF,
stt4,page_0304,1,20,mười,遏,邁,U+9081,0.5555,True,RESCUE_LOW_CONF,
stt4,page_0304,1,21,lăm,休,林,U+6797,0.7788,True,RESCUE_GOLD_MED,
stt4,page_0304,2,4,u,香,𡗶,U+215F6,0.2914,False,NOT_IN_DICT,
stt4,page_0304,2,8,sáu,𧺫,老,U+8001,0.1092,True,RESCUE_LOW_CONF,
stt4,page_0304,3,14,gửi,故,𠊚,U+2029A,0.9924,False,NOT_IN_DICT,
stt4,page_0304,4,5,quyền,𫞐,撑,U+6491,0.1729,False,NOT_IN_DICT,
stt4,page_0304,4,14,đầy,落,壳,U+58F3,0.0616,False,NOT_IN_DICT,
stt4,page_0304,4,18,ngoan,頭,阿,U+963F,0.1299,False,NOT_IN_DICT,
stt4,page_0304,5,13,sạch,延,泟,U+6CDF,0.0584,True,RESCUE_LOW_CONF,
stt4,page_0304,5,15,khỏi,理,塊,U+584A,0.011,True,RESCUE_LOW_CONF,
stt4,page_0304,5,18,láp,瘴,排,U+6392,0.0816,False,NOT_IN_DICT,
stt4,page_0304,6,1,chịu,兩,召,U+53EC,0.2793,True,RESCUE_LOW_CONF,
stt4,page_0304,6,4,ca,教,歌,U+6B4C,0.1235,True,RESCUE_LOW_CONF,
stt4,page_0304,6,7,tô,珠,穌,U+7A4C,0.6888,True,RESCUE_LOW_CONF,
stt4,page_0304,6,10,in,仰,由,U+7531,0.4323,False,NOT_IN_DICT,
stt4,page_0304,6,12,chi,氊,模,U+6A21,0.0973,False,NOT_IN_DICT,
stt4,page_0304,6,18,em,確,俺,U+4FFA,0.0334,True,RESCUE_LOW_CONF,
stt4,page_0304,9,0,chó,堵,渚,U+6E1A,0.6423,False,NOT_IN_DICT,
