source_row,image,book,page,column,ocr_char,syllable,label,unicode,label_level,tier,rule,s3_cosine,ink_pct,crop_w,crop_h,image_md5,seg_flag,split,split_group,bbox,s3_val,s3_present,dup_bbox,cross_col,dup_defect,similar_bridge,head_bank,gold_direct,s3_low,s3_verylow,s3_missing,aspect,aspect_out,ink_out,quality_flag,suspicion,stratum,risk_reason,design_weight,item_id,audit_order
27375,gold/yen2_page_0244_c01_006.png,yen2,page_0244,1,代,đời,代,U+4EE3,char,GOLD,s1_inter_s2_direct,,0.234,106.0,157.0,3f9b65156b69,ok,train,yen2|page_0244|c1,"[1447, 1078, 1557, 1205]",,False,False,False,False,False,False,True,False,False,True,1.481132075471698,False,False,False,0.0999999999999999,gold_direct,gold-direct(no-s3),75.1512027491409,d812b79332cc4741,0
62219,silver/yen2_page_0226_c05_080.png,yen2,page_0226,5,孤,Phê,批,U+6279,char,SILVER,s2_inter_s3_corrected,0.948,0.232,110.0,136.0,14343fe604bb,ok,train,yen2|page_0226|c5,"[866, 762, 966, 872]",0.948,True,False,False,False,False,False,False,False,False,False,1.2363636363636363,False,False,False,0.0,other,clean,75.11320754716981,b8d5208a0b1b411b,1
44556,gold/yen4_page_0284_c09_199.png,yen4,page_0284,9,意,ý,意,U+610F,char,GOLD,s1_inter_s2_direct,,0.134,57.0,74.0,644fa88aef54,ok,train,yen4|page_0284|c9,"[169, 1572, 236, 1642]",,False,False,False,False,False,False,True,False,False,True,1.2982456140350878,False,False,False,0.0999999999999999,gold_direct,gold-direct(no-s3),75.1512027491409,adf42096b3cb58b7,2
62104,silver/yen2_page_0214_c01_018.png,yen2,page_0214,1,唐,vì,爲,U+7232,char,SILVER,s2_inter_s3_corrected,0.716,0.189,127.0,147.0,1f6bc50f238e,ok,train,yen2|page_0214|c1,"[1445, 2168, 1552, 2287]",0.716,True,False,False,False,False,False,False,False,False,False,1.15748031496063,False,False,False,0.0,other,clean,75.11320754716981,42bbf8aaf2d12415,3
8836,syllable/yen11_page_0290_c09_172.png,yen11,page_0290,9,哦,dạy,,,syllable,SYLLABLE,nghia_consensus,0.133,0.175,84.0,148.0,a028b5dee11a,ok,train,yen11|page_0290|c9,"[242, 705, 340, 825]",0.133,True,False,False,False,False,False,False,True,True,False,1.761904761904762,False,False,False,0.6,s3_low,s3=0.13<τ,37.47752808988764,998e9bf89c46a00a,4
16576,gold/yen2_page_0014_c08_172.png,yen2,page_0014,8,於,ở,於,U+65BC,char,GOLD,s1_inter_s2_direct,,0.189,124.0,146.0,9f45851beaac,ok,train,yen2|page_0014|c8,"[359, 1653, 461, 1771]",,False,False,False,False,False,False,True,False,False,True,1.1774193548387095,False,False,False,0.0999999999999999,gold_direct,gold-direct(no-s3),75.1512027491409,30d42512dd29f30c,5
36544,gold/yen4_page_0118_c04_081.png,yen4,page_0118,4,底,để,底,U+5E95,char,GOLD,s1_inter_s2_direct,,0.147,74.0,99.0,6569dd2bdf3b,ok,train,yen4|page_0118|c4,"[666, 1138, 737, 1219]",,False,False,False,False,False,False,True,False,False,True,1.337837837837838,False,False,False,0.0999999999999999,gold_direct,gold-direct(no-s3),75.1512027491409,c02a1f79754a1b3b,6
19344,gold/yen2_page_0068_c09_174.png,yen2,page_0068,9,佇,giữ,佇,U+4F47,char,GOLD,s1_inter_s2_direct,,0.166,121.0,142.0,2bd85aec98bd,ok,train,yen2|page_0068|c9,"[235, 1130, 334, 1246]",,False,False,False,False,False,False,True,False,False,True,1.1735537190082646,False,False,False,0.0999999999999999,gold_direct,gold-direct(no-s3),75.1512027491409,bcedd718a987b1ab,7
18815,gold/yen2_page_0058_c08_161.png,yen2,page_0058,8,末,mặt,末,U+672B,char,GOLD,s1_inter_s2_direct,,0.261,133.0,156.0,ee9a7d440cdb,ok,val,yen2|page_0058|c8,"[387, 1066, 501, 1192]",,False,False,False,False,False,False,True,False,False,True,1.1729323308270676,False,False,False,0.0999999999999999,gold_direct,gold-direct(no-s3),75.1512027491409,a36c943cdd893269,8
2227,gold/yen11_page_0202_c07_119.png,yen11,page_0202,7,生,sinh,生,U+751F,char,GOLD,s1_inter_s2_direct,,0.228,82.0,108.0,039368ac37b0,ok,train,yen11|page_0202|c7,"[567, 438, 670, 542]",,False,False,True,True,False,False,True,False,False,True,1.3170731707317074,False,False,False,0.9,dup_defect,cross-col(F1),24.956989247311828,8388a0fca421707d,9
979,gold/yen4_page_0028_c07_053.png,yen4,page_0028,7,各,các,各,U+5404,char,GOLD,s1_inter_s2_direct,,0.157,83.0,98.0,65b15905e46d,ok,train,yen4|page_0028|c7,"[461, 572, 533, 652]",,False,False,True,True,False,False,True,False,False,True,1.180722891566265,False,False,False,0.9,dup_defect,cross-col(F1),24.956989247311828,6202383fc6570917,10
10997,silver/yen11_page_0102_c01_020.png,yen11,page_0102,1,氏,ấy,衣,U+8863,char,SILVER,s2_inter_s3_corrected,0.593,0.127,116.0,148.0,d01c7a6f4a30,ok,train,yen11|page_0102|c1,"[1478, 2299, 1585, 2419]",0.593,True,False,False,False,False,False,False,True,False,False,1.2758620689655171,False,False,False,0.35,s3_low,s3=0.59<τ,37.47752808988764,a8de1626f74f3aa4,11
3623,silver/yen11_page_0238_c08_170.png,yen11,page_0238,8,喜,trăm,林,U+6797,char,SILVER,s3_head_bank_consensus,0.057,0.176,92.0,132.0,1d67b5241acf,ok,val,yen11|page_0238|c8,"[401, 1621, 496, 1729]",0.057,True,False,False,False,False,True,False,True,True,False,1.434782608695652,False,False,False,0.76,silver_headbank,"silver-headbank,s3=0.06<τ",38.05128205128205,2870f1291cbe098b,12
59328,gold/yen11_page_0284_c07_107.png,yen11,page_0284,7,畧,trước,畧,U+7567,char,GOLD,s1_inter_s2_direct,,0.181,135.0,138.0,54c3497a3217,ok,train,yen11|page_0284|c7,"[577, 1487, 686, 1599]",,False,False,False,False,False,False,True,False,False,True,1.022222222222222,False,False,False,0.0999999999999999,gold_direct,gold-direct(no-s3),75.1512027491409,8d91493659ad07d1,13
502,gold/yen4_page_0142_c07_145.png,yen4,page_0142,7,徵,chưng,徵,U+5FB5,char,GOLD,s1_inter_s2_direct,,0.104,75.0,90.0,7a9ab838efda,ok,train,yen4|page_0142|c7,"[476, 1177, 546, 1251]",,False,True,False,True,False,False,True,False,False,True,1.2,False,True,True,0.915,dup_defect,"dup-bbox(AE-1),ink-outlier",24.956989247311828,c7e7f1f0752ae98c,14
27167,gold/yen2_page_0238_c07_127.png,yen2,page_0238,7,㝵,người,㝵,U+3775,char,GOLD,s1_inter_s2_direct,,0.264,93.0,155.0,b05729cbe959,ok,train,yen2|page_0238|c7,"[538, 1811, 648, 1936]",,False,False,False,False,False,False,True,False,False,True,1.6666666666666667,False,False,False,0.0999999999999999,gold_direct,gold-direct(no-s3),75.1512027491409,b1dd57db5bfeab96,15
14136,gold/yen11_page_0268_c09_178.png,yen11,page_0268,9,笑,thật,実,U+5B9F,char,GOLD,s1_inter_s2_similar,0.93,0.176,130.0,140.0,44504ee70aca,ok,train,yen11|page_0268|c9,"[281, 685, 391, 799]",0.93,True,False,False,False,True,False,False,False,False,False,1.0769230769230769,False,False,False,0.3,similar_bridge,similar-bridge,37.63291139240506,8f8b06ad2643e972,16
49544,gold/yen11_page_0090_c06_123.png,yen11,page_0090,6,些,ta,些,U+4E9B,char,GOLD,s1_inter_s2_direct,,0.156,113.0,145.0,c4e18c87a4e2,ok,train,yen11|page_0090|c6,"[690, 1287, 797, 1404]",,False,False,False,False,False,False,True,False,False,True,1.2831858407079646,False,False,False,0.0999999999999999,gold_direct,gold-direct(no-s3),75.1512027491409,f8f407bd94261b73,17
2339,silver/yen11_page_0088_c04_091.png,yen11,page_0088,4,尺,nơi,尼,U+5C3C,char,SILVER,s3_head_bank_consensus,0.325,0.198,77.0,150.0,2f5f3cc9e3f0,tall,train,yen11|page_0088|c4,"[1037, 1263, 1148, 1385]",0.325,True,False,False,False,False,True,False,True,True,False,1.948051948051948,True,False,True,0.808,silver_headbank,"silver-headbank,s3=0.33<τ,aspect=1.95",38.05128205128205,170a390303f03150,18
53578,gold/yen11_page_0170_c01_016.png,yen11,page_0170,1,時,ngày,時,U+6642,char,GOLD,s1_inter_s2_direct,,0.212,90.0,137.0,5ca3998504a7,ok,test,yen11|page_0170|c1,"[1477, 1938, 1576, 2049]",,False,False,False,False,False,False,True,False,False,True,1.522222222222222,False,False,False,0.0999999999999999,gold_direct,gold-direct(no-s3),75.1512027491409,3fae8f3a05aa54e9,19
27659,gold/yen2_page_0250_c02_029.png,yen2,page_0250,2,女,nữa,女,U+5973,char,GOLD,s1_inter_s2_direct,,0.178,104.0,157.0,ae013b488fd8,ok,train,yen2|page_0250|c2,"[1304, 1656, 1412, 1784]",,False,False,False,False,False,False,True,False,False,True,1.5096153846153846,False,False,False,0.0999999999999999,gold_direct,gold-direct(no-s3),75.1512027491409,2b9718b18b76a94b,20
27744,gold/yen2_page_0252_c01_008.png,yen2,page_0252,1,尾,vẽ,尾,U+5C3E,char,GOLD,s1_inter_s2_direct,,0.197,116.0,169.0,aa087a3887dc,ok,train,yen2|page_0252|c1,"[1439, 1353, 1555, 1490]",,False,False,False,False,False,False,True,False,False,True,1.456896551724138,False,False,False,0.0999999999999999,gold_direct,gold-direct(no-s3),75.1512027491409,55e4d5bfb385a943,21
772,gold/yen2_page_0302_c03_043.png,yen2,page_0302,3,几,kẻ,几,U+51E0,char,GOLD,s1_inter_s2_direct,,0.152,119.0,158.0,6cdde23e42b1,ok,test,yen2|page_0302|c3,"[1272, 779, 1378, 907]",,False,False,True,True,False,False,True,False,False,True,1.3277310924369747,False,False,False,0.9,dup_defect,cross-col(F1),24.956989247311828,4ccf5bdd1c96266a,22
8311,syllable/yen11_page_0202_c01_002.png,yen11,page_0202,1,攵,ấy,,,syllable,SYLLABLE,nghia_consensus,0.108,0.202,95.0,147.0,deedbb2158ca,ok,train,yen11|page_0202|c1,"[1464, 611, 1570, 730]",0.108,True,False,False,False,False,False,False,True,True,False,1.5473684210526315,False,False,False,0.6,s3_low,s3=0.11<τ,37.47752808988764,8a9c067b358b0e65,23
32153,gold/yen4_page_0030_c01_001.png,yen4,page_0030,1,特,được,特,U+7279,char,GOLD,s1_inter_s2_direct,,0.137,63.0,94.0,cbc201bbc76e,ok,train,yen4|page_0030|c1,"[958, 315, 1029, 391]",,False,False,False,False,False,False,True,False,False,True,1.492063492063492,False,False,False,0.0999999999999999,gold_direct,gold-direct(no-s3),75.1512027491409,4c5a19d9b7dcbee6,24
40108,gold/yen4_page_0192_c09_160.png,yen4,page_0192,9,亜,a,亜,U+4E9C,char,GOLD,s1_inter_s2_direct,,0.126,65.0,107.0,e6701d0b2b86,ok,train,yen4|page_0192|c9,"[172, 1350, 248, 1437]",,False,False,False,False,False,False,True,False,False,True,1.646153846153846,False,False,False,0.0999999999999999,gold_direct,gold-direct(no-s3),75.1512027491409,213f78b3795f874e,25
18507,gold/yen2_page_0052_c06_114.png,yen2,page_0052,6,寺,thì,寺,U+5BFA,char,GOLD,s1_inter_s2_direct,,0.17,126.0,130.0,e38d6a526ceb,ok,train,yen2|page_0052|c6,"[665, 1638, 768, 1746]",,False,False,False,False,False,False,True,False,False,True,1.031746031746032,False,False,False,0.0999999999999999,gold_direct,gold-direct(no-s3),75.1512027491409,a99f89c80e6fafb1,26
63426,silver/yen4_page_0058_c08_151.png,yen4,page_0058,8,赱,đi,多,U+591A,char,SILVER,s2_inter_s3_corrected,0.926,0.204,89.0,98.0,4115695f4dec,ok,train,yen4|page_0058|c8,"[298, 634, 371, 714]",0.926,True,False,False,False,False,False,False,False,False,False,1.101123595505618,False,False,False,0.0,other,clean,75.11320754716981,d44d5af945d01ec2,27
39955,gold/yen4_page_0190_c03_045.png,yen4,page_0190,3,心,tấm,心,U+5FC3,char,GOLD,s1_inter_s2_direct,,0.147,85.0,95.0,192595d03335,ok,train,yen4|page_0190|c3,"[776, 365, 845, 442]",,False,False,False,False,False,False,True,False,False,True,1.1176470588235294,False,False,False,0.0999999999999999,gold_direct,gold-direct(no-s3),75.1512027491409,b5c5efd83671601c,28
50750,gold/yen11_page_0114_c04_071.png,yen11,page_0114,4,吏,Lại,吏,U+540F,char,GOLD,s1_inter_s2_direct,,0.189,98.0,137.0,37e95802165d,ok,train,yen11|page_0114|c4,"[1023, 1352, 1131, 1463]",,False,False,False,False,False,False,True,False,False,True,1.3979591836734695,False,False,False,0.0999999999999999,gold_direct,gold-direct(no-s3),75.1512027491409,4ce04d0755f82357,29
53830,gold/yen11_page_0174_c09_175.png,yen11,page_0174,9,麻,mà,麻,U+9EBB,char,GOLD,s1_inter_s2_direct,,0.159,109.0,129.0,e88275e84312,ok,train,yen11|page_0174|c9,"[237, 416, 343, 521]",,False,False,False,False,False,False,True,False,False,True,1.18348623853211,False,False,False,0.0999999999999999,gold_direct,gold-direct(no-s3),75.1512027491409,d7311d1ec32f0af6,30
49199,gold/yen11_page_0080_c01_015.png,yen11,page_0080,1,拘,câu,拘,U+62D8,char,GOLD,s1_inter_s2_direct,,0.186,98.0,146.0,2cc9ec423b1c,ok,val,yen11|page_0080|c1,"[1455, 1913, 1558, 2038]",,False,False,False,False,False,False,True,False,False,True,1.489795918367347,False,False,False,0.0999999999999999,gold_direct,gold-direct(no-s3),75.1512027491409,df73b9af90d6a5bd,31
27294,gold/yen2_page_0242_c02_032.png,yen2,page_0242,2,阻,chở,阻,U+963B,char,GOLD,s1_inter_s2_direct,,0.25,114.0,168.0,64c122143bed,ok,train,yen2|page_0242|c2,"[1287, 2284, 1402, 2420]",,False,False,False,False,False,False,True,False,False,True,1.4736842105263157,False,False,False,0.0999999999999999,gold_direct,gold-direct(no-s3),75.1512027491409,56348f1bf0094366,32
50800,gold/yen11_page_0114_c08_154.png,yen11,page_0114,8,庒,chăng,庒,U+5E92,char,GOLD,s1_inter_s2_direct,,0.164,109.0,142.0,51a48d81aaab,ok,train,yen11|page_0114|c8,"[411, 1180, 513, 1296]",,False,False,False,False,False,False,True,False,False,True,1.3027522935779816,False,False,False,0.0999999999999999,gold_direct,gold-direct(no-s3),75.1512027491409,efaec62dbb9d4e35,33
28318,gold/yen2_page_0264_c05_095.png,yen2,page_0264,5,末,mất,末,U+672B,char,GOLD,s1_inter_s2_direct,,0.151,112.0,146.0,815b9e0a0902,ok,train,yen2|page_0264|c5,"[817, 2231, 929, 2349]",,False,False,False,False,False,False,True,False,False,True,1.3035714285714286,False,False,False,0.0999999999999999,gold_direct,gold-direct(no-s3),75.1512027491409,350cdf34456ca80a,34
7800,syllable/yen11_page_0108_c07_132.png,yen11,page_0108,7,白,làm,,,syllable,SYLLABLE,nghia_consensus,0.468,0.137,101.0,147.0,78b1fdfeef52,ok,train,yen11|page_0108|c7,"[553, 780, 658, 899]",0.468,True,False,False,False,False,False,False,True,True,False,1.4554455445544554,False,False,False,0.6,s3_low,s3=0.47<τ,37.47752808988764,078fd39bb7d75bae,35
47465,gold/yen11_page_0048_c02_027.png,yen11,page_0048,2,体,thấy,体,U+4F53,char,GOLD,s1_inter_s2_direct,,0.186,121.0,142.0,9a825d3ac4b0,ok,train,yen11|page_0048|c2,"[1282, 855, 1387, 971]",,False,False,False,False,False,False,True,False,False,True,1.1735537190082646,False,False,False,0.0999999999999999,gold_direct,gold-direct(no-s3),75.1512027491409,faf81253ffc550ad,36
1014,gold/yen4_page_0054_c02_039.png,yen4,page_0054,2,朱,cho,朱,U+6731,char,GOLD,s1_inter_s2_direct,,0.148,53.0,94.0,b559861aa298,ok,val,yen4|page_0054|c2,"[971, 1465, 1041, 1541]",,False,False,True,True,False,False,True,False,False,True,1.7735849056603774,False,False,False,0.9,dup_defect,cross-col(F1),24.956989247311828,5d3bbfd92006d9d1,37
53039,gold/yen11_page_0158_c04_077.png,yen11,page_0158,4,圭,quê,圭,U+572D,char,GOLD,s1_inter_s2_direct,,0.155,118.0,136.0,af6ab8285216,ok,train,yen11|page_0158|c4,"[1021, 1243, 1126, 1353]",,False,False,False,False,False,False,True,False,False,True,1.152542372881356,False,False,False,0.0999999999999999,gold_direct,gold-direct(no-s3),75.1512027491409,0d6a8bd99e0b9d76,38
12656,gold/yen4_page_0094_c02_035.png,yen4,page_0094,2,甚,cùng,其,U+5176,char,GOLD,s1_inter_s2_similar,0.733,0.145,56.0,90.0,b7c00d42553d,ok,train,yen4|page_0094|c2,"[844, 1034, 916, 1108]",0.733,True,False,False,False,True,False,False,False,False,False,1.6071428571428572,False,False,False,0.3,similar_bridge,similar-bridge,37.63291139240506,446245222d2205b5,39
27983,gold/yen2_page_0256_c08_141.png,yen2,page_0256,8,願,nguyện,願,U+9858,char,GOLD,s1_inter_s2_direct,,0.284,102.0,172.0,6ab111e5f0cc,ok,test,yen2|page_0256|c8,"[392, 1950, 506, 2090]",,False,False,False,False,False,False,True,False,False,True,1.6862745098039216,False,False,False,0.0999999999999999,gold_direct,gold-direct(no-s3),75.1512027491409,9d2df61fdae00809,40
15624,gold/yen2_page_0280_c05_096.png,yen2,page_0280,5,贖,chuộc,贖,U+8D16,char,GOLD,s1_inter_s2_direct,,0.319,81.0,145.0,1e54b5a14548,ok,train,yen2|page_0280|c5,"[854, 1310, 965, 1427]",,False,False,False,False,False,False,True,False,False,True,1.7901234567901234,False,True,True,0.235,quality_flag,ink-outlier,50.674418604651166,fb05a02faa3a2ea7,41
39617,gold/yen4_page_0182_c06_130.png,yen4,page_0182,6,丕,vậy,丕,U+4E15,char,GOLD,s1_inter_s2_direct,,0.154,80.0,95.0,9bb9992c2fe5,ok,train,yen4|page_0182|c6,"[506, 722, 582, 799]",,False,False,False,False,False,False,True,False,False,True,1.1875,False,False,False,0.0999999999999999,gold_direct,gold-direct(no-s3),75.1512027491409,78525d45bb354bb8,42
3937,gold/yen4_page_0090_c09_180.png,yen4,page_0090,9,冕,Con,晜,U+665C,char,GOLD,s1_inter_s2_similar,0.257,0.18,66.0,89.0,6fc97827f0a1,ok,train,yen4|page_0090|c9,"[196, 1044, 264, 1117]",0.257,True,False,False,False,True,False,False,True,True,False,1.3484848484848484,False,False,False,0.7,similar_bridge_lowcos,"similar-bridge,s3=0.26<τ",24.933333333333334,d452291106c6a800,43
61333,silver/yen2_page_0132_c01_001.png,yen2,page_0132,1,寿,thì,寺,U+5BFA,char,SILVER,s2_inter_s3_corrected,0.949,0.266,103.0,148.0,35b220ca965b,ok,train,yen2|page_0132|c1,"[1408, 569, 1514, 689]",0.949,True,False,False,False,False,False,False,False,False,False,1.4368932038834952,False,False,False,0.0,other,clean,75.11320754716981,a34794676349a129,44
17863,gold/yen2_page_0040_c04_076.png,yen2,page_0040,4,碎,Tôi,碎,U+788E,char,GOLD,s1_inter_s2_direct,,0.207,107.0,129.0,bcb325998991,ok,train,yen2|page_0040|c4,"[1017, 1841, 1117, 1946]",,False,False,False,False,False,False,True,False,False,True,1.205607476635514,False,False,False,0.0999999999999999,gold_direct,gold-direct(no-s3),75.1512027491409,0610ce21010c7832,45
8487,syllable/yen11_page_0232_c06_107.png,yen11,page_0232,6,独,dọc,,,syllable,SYLLABLE,nghia_consensus,0.08,0.181,124.0,110.0,b4fdda4fcda2,ok,train,yen11|page_0232|c6,"[728, 536, 836, 630]",0.08,True,False,False,False,False,False,False,True,True,False,0.8870967741935484,False,False,False,0.6,s3_low,s3=0.08<τ,37.47752808988764,5ef28034e4bc996f,46
67949,silver/yen11_page_0282_c04_073.png,yen11,page_0282,4,庻,mà,麻,U+9EBB,char,SILVER,s2_inter_s3_corrected,0.753,0.218,81.0,138.0,a27d43d54490,ok,train,yen11|page_0282|c4,"[1013, 1272, 1116, 1384]",0.753,True,False,False,False,False,False,False,False,False,False,1.7037037037037035,False,False,False,0.0,other,clean,75.11320754716981,50f486ba8f7cdd07,47
49420,gold/yen11_page_0088_c05_106.png,yen11,page_0088,5,時,thì,時,U+6642,char,GOLD,s1_inter_s2_direct,,0.195,112.0,146.0,f57c2e9cb03f,ok,train,yen11|page_0088|c5,"[880, 599, 983, 717]",,False,False,False,False,False,False,True,False,False,True,1.3035714285714286,False,False,False,0.0999999999999999,gold_direct,gold-direct(no-s3),75.1512027491409,6f9a455a507596bd,48
1397,gold/yen4_page_0186_c08_149.png,yen4,page_0186,8,意,ấy,意,U+610F,char,GOLD,s1_inter_s2_direct,,0.163,96.0,83.0,0da6deffa98a,ok,train,yen4|page_0186|c8,"[274, 1298, 352, 1365]",,False,True,False,True,False,False,True,False,False,True,0.8645833333333334,False,False,False,0.9,dup_defect,dup-bbox(AE-1),24.956989247311828,75593451290df646,49
4912,syllable/yen2_page_0070_c04_054.png,yen2,page_0070,4,廪,lăm,,,syllable,SYLLABLE,nghia_consensus,0.499,0.252,94.0,150.0,9a4119c8e89e,ok,val,yen2|page_0070|c4,"[998, 1357, 1108, 1479]",0.499,True,False,False,False,False,False,False,True,True,False,1.5957446808510638,False,False,False,0.6,s3_low,s3=0.50<τ,37.47752808988764,5c354949339a4506,50
196,syllable/yen4_page_0058_c07_134.png,yen4,page_0058,7,罷,là,,,syllable,SYLLABLE,nghia_consensus,0.088,0.165,79.0,100.0,33e3f966f665,ok,val,yen4|page_0058|c7,"[479, 929, 552, 1011]",0.088,True,False,True,True,False,False,False,True,True,False,1.2658227848101269,False,False,False,0.96,dup_defect,"cross-col(F1),s3=0.09<τ",24.956989247311828,336522be70ea15d0,51
18462,gold/yen2_page_0052_c02_023.png,yen2,page_0052,2,曰,viết,曰,U+66F0,char,GOLD,s1_inter_s2_direct,,0.2,123.0,138.0,b780cd6c50fa,ok,train,yen2|page_0052|c2,"[1259, 650, 1366, 762]",,False,False,False,False,False,False,True,False,False,True,1.1219512195121952,False,False,False,0.0999999999999999,gold_direct,gold-direct(no-s3),75.1512027491409,2e698298100824d3,52
39260,gold/yen4_page_0174_c02_039.png,yen4,page_0174,2,饒,nhiêu,饒,U+9952,char,GOLD,s1_inter_s2_direct,,0.181,60.0,88.0,eecc02a0599e,ok,val,yen4|page_0174|c2,"[876, 1117, 942, 1189]",,False,False,False,False,False,False,True,False,False,True,1.4666666666666666,False,False,False,0.0999999999999999,gold_direct,gold-direct(no-s3),75.1512027491409,d2b0649d085b30eb,53
21078,gold/yen2_page_0104_c06_116.png,yen2,page_0104,6,除,giờ,除,U+9664,char,GOLD,s1_inter_s2_direct,,0.268,113.0,149.0,9b9fce531982,ok,train,yen2|page_0104|c6,"[673, 1496, 783, 1617]",,False,False,False,False,False,False,True,False,False,True,1.3185840707964602,False,False,False,0.0999999999999999,gold_direct,gold-direct(no-s3),75.1512027491409,1c2a279961e05b72,54
2165,gold/yen11_page_0162_c02_042.png,yen11,page_0162,2,麻,mà,麻,U+9EBB,char,GOLD,s1_inter_s2_direct,,0.234,90.0,137.0,147bdbedec84,ok,train,yen11|page_0162|c2,"[1481, 2277, 1589, 2388]",,False,False,True,True,False,False,True,False,False,True,1.522222222222222,False,False,False,0.9,dup_defect,cross-col(F1),24.956989247311828,7e68a8feb2a99fb5,55
33879,gold/yen4_page_0062_c07_135.png,yen4,page_0062,7,安,ăn,安,U+5B89,char,GOLD,s1_inter_s2_direct,,0.17,79.0,90.0,6cf0f57be374,ok,train,yen4|page_0062|c7,"[370, 495, 437, 569]",,False,False,False,False,False,False,True,False,False,True,1.139240506329114,False,False,False,0.0999999999999999,gold_direct,gold-direct(no-s3),75.1512027491409,94bf771186c3414b,56
62415,silver/yen2_page_0250_c09_156.png,yen2,page_0250,9,荅,các,合,U+5408,char,SILVER,s2_inter_s3_corrected,0.755,0.176,140.0,171.0,57d7d14e5d7d,ok,train,yen2|page_0250|c9,"[267, 990, 385, 1129]",0.755,True,False,False,False,False,False,False,False,False,False,1.2214285714285715,False,False,False,0.0,other,clean,75.11320754716981,019498f61049ee8d,57
64878,silver/yen4_page_0212_c08_150.png,yen4,page_0212,8,樞,Giu,樞,U+6A1E,char,SILVER,s1_inter_s3_out_of_dict,0.923,0.134,76.0,111.0,c79105406bc3,ok,train,yen4|page_0212|c8,"[285, 757, 361, 848]",0.923,True,False,False,False,False,False,False,False,False,False,1.4605263157894737,False,False,False,0.0,other,clean,75.11320754716981,e3f5644773d1d86c,58
5356,syllable/yen2_page_0164_c02_014.png,yen2,page_0164,2,罡,là,,,syllable,SYLLABLE,nghia_consensus,0.147,0.223,122.0,159.0,b2a46ef50cae,ok,train,yen2|page_0164|c2,"[1304, 1002, 1413, 1136]",0.147,True,False,False,False,False,False,False,True,True,False,1.3032786885245902,False,False,False,0.6,s3_low,s3=0.15<τ,37.47752808988764,a2f77d078448e5bd,59
28392,gold/yen2_page_0266_c04_062.png,yen2,page_0266,4,朱,cho,朱,U+6731,char,GOLD,s1_inter_s2_direct,,0.161,117.0,166.0,72888b195096,ok,train,yen2|page_0266|c4,"[1003, 989, 1107, 1123]",,False,False,False,False,False,False,True,False,False,True,1.4188034188034189,False,False,False,0.0999999999999999,gold_direct,gold-direct(no-s3),75.1512027491409,d44acd585b835298,60
11749,gold/yen2_page_0112_c05_085.png,yen2,page_0112,5,兵,cùng,其,U+5176,char,GOLD,s1_inter_s2_similar,0.932,0.21,136.0,140.0,ebae3f77cdab,ok,train,yen2|page_0112|c5,"[834, 747, 944, 861]",0.932,True,False,False,False,True,False,False,False,False,False,1.0294117647058822,False,False,False,0.3,similar_bridge,similar-bridge,37.63291139240506,98b125b3a55bd82f,61
45389,gold/yen4_page_0300_c03_046.png,yen4,page_0300,3,朗,láng,朗,U+6717,char,GOLD,s1_inter_s2_direct,,0.183,74.0,96.0,09ba7874cc28,ok,test,yen4|page_0300|c3,"[750, 448, 822, 526]",,False,False,False,False,False,False,True,False,False,True,1.2972972972972974,False,False,False,0.0999999999999999,gold_direct,gold-direct(no-s3),75.1512027491409,753f632e75a808ff,62
19955,gold/yen2_page_0082_c02_039.png,yen2,page_0082,2,法,phép,法,U+6CD5,char,GOLD,s1_inter_s2_direct,,0.245,93.0,139.0,42a120a7a6b7,ok,val,yen2|page_0082|c2,"[1274, 2144, 1378, 2257]",,False,False,False,False,False,False,True,False,False,True,1.4946236559139785,False,False,False,0.0999999999999999,gold_direct,gold-direct(no-s3),75.1512027491409,f7eaa4842f90739a,63
32545,gold/yen4_page_0036_c05_100.png,yen4,page_0036,5,罢,bảy,罢,U+7F62,char,GOLD,s1_inter_s2_direct,,0.183,71.0,97.0,d604a1f02741,ok,train,yen4|page_0036|c5,"[587, 1204, 659, 1283]",,False,False,False,False,False,False,True,False,False,True,1.3661971830985915,False,False,False,0.0999999999999999,gold_direct,gold-direct(no-s3),75.1512027491409,e2a70127d5352078,64
2572,silver/yen2_page_0156_c05_091.png,yen2,page_0156,5,𠇭,mình,命,U+547D,char,SILVER,s3_head_bank_consensus,0.341,0.199,121.0,147.0,e09ed83ad620,ok,train,yen2|page_0156|c5,"[808, 1819, 919, 1938]",0.341,True,False,False,False,False,True,False,True,True,False,1.2148760330578512,False,False,False,0.76,silver_headbank,"silver-headbank,s3=0.34<τ",38.05128205128205,b640b438aa0d1718,65
67933,silver/yen11_page_0280_c02_025.png,yen11,page_0280,2,授,gánh,挭,U+632D,char,SILVER,s2_inter_s3_corrected,0.703,0.172,88.0,141.0,5690124b4d1e,ok,train,yen11|page_0280|c2,"[1364, 715, 1460, 830]",0.703,True,False,False,False,False,False,False,False,False,False,1.6022727272727273,False,False,False,0.0,other,clean,75.11320754716981,323e4c4d0ab23d7f,66
21601,gold/yen2_page_0114_c07_142.png,yen2,page_0114,7,事,sự,事,U+4E8B,char,GOLD,s1_inter_s2_direct,,0.292,102.0,139.0,974b4e4b806a,ok,train,yen2|page_0114|c7,"[529, 2007, 634, 2120]",,False,False,False,False,False,False,True,False,False,True,1.3627450980392155,False,False,False,0.0999999999999999,gold_direct,gold-direct(no-s3),75.1512027491409,3e6b438198a60709,67
45458,gold/yen4_page_0300_c09_173.png,yen4,page_0300,9,意,ấy,意,U+610F,char,GOLD,s1_inter_s2_direct,,0.157,67.0,96.0,378de307afa3,ok,train,yen4|page_0300|c9,"[162, 320, 232, 398]",,False,False,False,False,False,False,True,False,False,True,1.4328358208955223,False,False,False,0.0999999999999999,gold_direct,gold-direct(no-s3),75.1512027491409,2273522de62e0637,68
8887,gold/yen2_page_0020_c05_087.png,yen2,page_0020,5,要,Anh,孾,U+5B7E,char,GOLD,s1_inter_s2_similar,0.572,0.241,124.0,138.0,043c453a62d3,ok,val,yen2|page_0020|c5,"[801, 915, 905, 1027]",0.572,True,False,False,False,True,False,False,True,False,False,1.1129032258064515,False,False,False,0.5,similar_bridge_lowcos,"similar-bridge,s3=0.57<τ",24.933333333333334,f459eb6f6d0bd599,69
21368,gold/yen2_page_0110_c08_142.png,yen2,page_0110,8,事,sự,事,U+4E8B,char,GOLD,s1_inter_s2_direct,,0.234,102.0,150.0,48c82b147a3d,ok,train,yen2|page_0110|c8,"[379, 584, 484, 706]",,False,False,False,False,False,False,True,False,False,True,1.4705882352941178,False,False,False,0.0999999999999999,gold_direct,gold-direct(no-s3),75.1512027491409,ea8c3d8d85bbac62,70
19179,gold/yen2_page_0066_c04_082.png,yen2,page_0066,4,支,Giê,支,U+652F,char,GOLD,s1_inter_s2_direct,,0.233,124.0,134.0,da3688d235ec,ok,train,yen2|page_0066|c4,"[1002, 2057, 1102, 2171]",,False,False,False,False,False,False,True,False,False,True,1.0806451612903225,False,False,False,0.0999999999999999,gold_direct,gold-direct(no-s3),75.1512027491409,f7454e3e84716b8d,71
41110,gold/yen4_page_0216_c04_074.png,yen4,page_0216,4,類,loài,類,U+985E,char,GOLD,s1_inter_s2_direct,,0.201,96.0,98.0,782cd7afc640,ok,train,yen4|page_0216|c4,"[657, 999, 735, 1079]",,False,False,False,False,False,False,True,False,False,True,1.0208333333333333,False,False,False,0.0999999999999999,gold_direct,gold-direct(no-s3),75.1512027491409,000989ac73855c7b,72
10371,silver/yen4_page_0098_c07_140.png,yen4,page_0098,7,瓮,Con,晜,U+665C,char,SILVER,s2_inter_s3_corrected,0.575,0.206,70.0,93.0,c736979f088f,ok,train,yen4|page_0098|c7,"[367, 820, 438, 897]",0.575,True,False,False,False,False,False,False,True,False,False,1.3285714285714283,False,False,False,0.35,s3_low,s3=0.57<τ,37.47752808988764,c1ce866dafd71695,73
38183,gold/yen4_page_0152_c09_189.png,yen4,page_0152,9,饒,nhiều,饒,U+9952,char,GOLD,s1_inter_s2_direct,,0.179,68.0,91.0,8fae2f0bb338,ok,train,yen4|page_0152|c9,"[166, 1552, 241, 1632]",,False,False,False,False,False,False,True,False,False,True,1.338235294117647,False,False,False,0.0999999999999999,gold_direct,gold-direct(no-s3),75.1512027491409,5d6d582037685e8a,74
53093,gold/yen11_page_0158_c09_188.png,yen11,page_0158,9,明,mừng,明,U+660E,char,GOLD,s1_inter_s2_direct,,0.232,78.0,131.0,0769bdc6f8c3,ok,train,yen11|page_0158|c9,"[264, 1136, 362, 1243]",,False,False,False,False,False,False,True,False,False,True,1.6794871794871795,False,False,False,0.0999999999999999,gold_direct,gold-direct(no-s3),75.1512027491409,4d0464e688e8fd89,75
7671,syllable/yen11_page_0086_c06_103.png,yen11,page_0086,6,𡬦,ông,,,syllable,SYLLABLE,nghia_consensus,0.087,0.187,82.0,131.0,c2e153041772,ok,test,yen11|page_0086|c6,"[709, 1430, 811, 1538]",0.087,True,False,False,False,False,False,False,True,True,False,1.5975609756097562,False,False,False,0.6,s3_low,s3=0.09<τ,37.47752808988764,7c5068f3f035a57b,76
30838,gold/yen2_page_0320_c05_084.png,yen2,page_0320,5,庒,chăng,庒,U+5E92,char,GOLD,s1_inter_s2_direct,,0.154,126.0,152.0,08a9eb8f03e3,ok,val,yen2|page_0320|c5,"[841, 1451, 956, 1580]",,False,False,False,False,False,False,True,False,False,True,1.2063492063492065,False,False,False,0.0999999999999999,gold_direct,gold-direct(no-s3),75.1512027491409,f5d722bea52aaa35,77
57018,gold/yen11_page_0238_c07_133.png,yen11,page_0238,7,庒,chăng,庒,U+5E92,char,GOLD,s1_inter_s2_direct,,0.196,92.0,125.0,37d1005b54dd,ok,train,yen11|page_0238|c7,"[555, 522, 656, 630]",,False,False,False,False,False,False,True,False,False,True,1.358695652173913,False,False,False,0.0999999999999999,gold_direct,gold-direct(no-s3),75.1512027491409,a7f2a669a3c71de9,78
56131,gold/yen11_page_0220_c01_002.png,yen11,page_0220,1,体,thấy,体,U+4F53,char,GOLD,s1_inter_s2_direct,,0.149,82.0,138.0,62bdecfcbc20,ok,train,yen11|page_0220|c1,"[1489, 617, 1587, 729]",,False,False,False,False,False,False,True,False,False,True,1.6829268292682926,False,False,False,0.0999999999999999,gold_direct,gold-direct(no-s3),75.1512027491409,57d8481e269aac63,79
62554,silver/yen2_page_0268_c09_155.png,yen2,page_0268,9,板,Lăm,林,U+6797,char,SILVER,s2_inter_s3_corrected,0.895,0.156,113.0,128.0,969f29414b2f,ok,train,yen2|page_0268|c9,"[238, 916, 340, 1020]",0.895,True,False,False,False,False,False,False,False,False,False,1.1327433628318584,False,False,False,0.0,other,clean,75.11320754716981,d2059dcf3dcca636,80
39054,gold/yen4_page_0170_c03_056.png,yen4,page_0170,3,言,ngon,言,U+8A00,char,GOLD,s1_inter_s2_direct,,0.13,58.0,94.0,77ae3cc10bb2,ok,train,yen4|page_0170|c3,"[770, 1174, 839, 1250]",,False,False,False,False,False,False,True,False,False,True,1.6206896551724137,False,False,False,0.0999999999999999,gold_direct,gold-direct(no-s3),75.1512027491409,97d8e862cb2cee3f,81
995,gold/yen4_page_0040_c05_098.png,yen4,page_0040,5,忽,hót,忽,U+5FFD,char,GOLD,s1_inter_s2_direct,,0.186,83.0,93.0,f6acf98220f4,ok,train,yen4|page_0040|c5,"[554, 1034, 627, 1109]",,False,False,True,True,False,False,True,False,False,True,1.120481927710843,False,False,False,0.9,dup_defect,cross-col(F1),24.956989247311828,bae88a7066c3f045,82
4061,gold/yen11_page_0012_c07_135.png,yen11,page_0012,7,海,nước,渃,U+6E03,char,GOLD,s1_inter_s2_similar,0.08,0.196,118.0,147.0,1335264ce8f1,ok,train,yen11|page_0012|c7,"[571, 1019, 677, 1140]",0.08,True,False,False,False,True,False,False,True,True,False,1.2457627118644068,False,False,False,0.7,similar_bridge_lowcos,"similar-bridge,s3=0.08<τ",24.933333333333334,925914c35fe6e304,83
34665,gold/yen4_page_0078_c04_074.png,yen4,page_0078,4,朱,cho,朱,U+6731,char,GOLD,s1_inter_s2_direct,,0.177,79.0,89.0,5884346748a1,ok,train,yen4|page_0078|c4,"[693, 440, 763, 513]",,False,False,False,False,False,False,True,False,False,True,1.1265822784810129,False,False,False,0.0999999999999999,gold_direct,gold-direct(no-s3),75.1512027491409,85f6cc5d2d36341d,84
46546,gold/yen11_page_0026_c02_030.png,yen11,page_0026,2,及,gặp,及,U+53CA,char,GOLD,s1_inter_s2_direct,,0.176,125.0,133.0,a37143cfe86c,ok,train,yen11|page_0026|c2,"[1291, 1257, 1396, 1370]",,False,False,False,False,False,False,True,False,False,True,1.064,False,False,False,0.0999999999999999,gold_direct,gold-direct(no-s3),75.1512027491409,807edff00c493bcc,85
15347,gold/yen2_page_0088_c04_081.png,yen2,page_0088,4,麻,mà,麻,U+9EBB,char,GOLD,s1_inter_s2_direct,,0.316,102.0,152.0,a40ec0c10e32,ok,train,yen2|page_0088|c4,"[969, 2310, 1079, 2434]",,False,False,False,False,False,False,True,False,False,True,1.4901960784313726,False,True,True,0.235,quality_flag,ink-outlier,50.674418604651166,95f98b60dde2a607,86
21165,gold/yen2_page_0106_c06_101.png,yen2,page_0106,6,罢,bởi,罢,U+7F62,char,GOLD,s1_inter_s2_direct,,0.254,109.0,152.0,25231c9af11a,ok,train,yen2|page_0106|c6,"[689, 946, 796, 1070]",,False,False,False,False,False,False,True,False,False,True,1.3944954128440368,False,False,False,0.0999999999999999,gold_direct,gold-direct(no-s3),75.1512027491409,6b143a3130090c8e,87
27785,gold/yen2_page_0252_c05_086.png,yen2,page_0252,5,無,vô,無,U+7121,char,GOLD,s1_inter_s2_direct,,0.165,140.0,178.0,7678a670ff9c,ok,train,yen2|page_0252|c5,"[848, 2049, 971, 2198]",,False,False,False,False,False,False,True,False,False,True,1.2714285714285714,False,False,False,0.0999999999999999,gold_direct,gold-direct(no-s3),75.1512027491409,bd29ff2406531b8b,88
40959,gold/yen4_page_0214_c02_034.png,yen4,page_0214,2,別,biết,別,U+5225,char,GOLD,s1_inter_s2_direct,,0.161,82.0,86.0,602d8f784d8d,ok,train,yen4|page_0214|c2,"[861, 987, 928, 1060]",,False,False,False,False,False,False,True,False,False,True,1.048780487804878,False,False,False,0.0999999999999999,gold_direct,gold-direct(no-s3),75.1512027491409,a778e092a7709b35,89
30083,gold/yen2_page_0304_c04_075.png,yen2,page_0304,4,生,sinh,生,U+751F,char,GOLD,s1_inter_s2_direct,,0.201,120.0,157.0,0e8b24e4129e,ok,train,yen2|page_0304|c4,"[1004, 2091, 1112, 2218]",,False,False,False,False,False,False,True,False,False,True,1.3083333333333331,False,False,False,0.0999999999999999,gold_direct,gold-direct(no-s3),75.1512027491409,ff4e23435d0631b9,90
16303,silver/yen4_page_0104_c09_171.png,yen4,page_0104,9,壬,cùng,共,U+5171,char,SILVER,s2_inter_s3_corrected,0.626,0.064,85.0,104.0,32e0a4968c2d,ok,train,yen4|page_0104|c9,"[167, 525, 238, 609]",0.626,True,False,False,False,False,False,False,False,False,False,1.223529411764706,False,True,True,0.15,quality_flag,ink-outlier,50.674418604651166,a922dd0b8160ba86,91
28431,gold/yen2_page_0266_c07_133.png,yen2,page_0266,7,几,kẻ,几,U+51E0,char,GOLD,s1_inter_s2_direct,,0.18,104.0,167.0,3cfe3a9e54aa,ok,val,yen2|page_0266|c7,"[544, 2283, 655, 2418]",,False,False,False,False,False,False,True,False,False,True,1.6057692307692308,False,False,False,0.0999999999999999,gold_direct,gold-direct(no-s3),75.1512027491409,d1faaa861840120f,92
9444,gold/yen11_page_0032_c08_155.png,yen11,page_0032,8,朗,láng,朗,U+6717,char,GOLD,s1_inter_s2_direct,,0.343,81.0,147.0,4876598e19d4,tall,train,yen11|page_0032|c8,"[398, 967, 497, 1088]",,False,False,False,False,False,False,True,False,False,True,1.8148148148148149,True,True,True,0.3879999999999999,quality_flag,"aspect=1.81,ink-outlier",50.674418604651166,136c35637e938df8,93
12218,gold/yen2_page_0268_c09_171.png,yen2,page_0268,9,胸,tháng,𣎃,U+23383,char,GOLD,s1_inter_s2_similar,0.981,0.266,89.0,119.0,efcd11dac2e2,ok,train,yen2|page_0268|c9,"[224, 2212, 315, 2312]",0.981,True,False,False,False,True,False,False,False,False,False,1.3370786516853932,False,False,False,0.3,similar_bridge,similar-bridge,37.63291139240506,c4f6366485b17c95,94
61663,silver/yen2_page_0168_c05_077.png,yen2,page_0168,5,改,Đoạn,段,U+6BB5,char,SILVER,s2_inter_s3_corrected,0.91,0.236,125.0,166.0,0ef24b610cde,ok,train,yen2|page_0168|c5,"[818, 788, 931, 922]",0.91,True,False,False,False,False,False,False,False,False,False,1.328,False,False,False,0.0,other,clean,75.11320754716981,3876d73af4a5ba60,95
31154,gold/yen2_page_0326_c05_093.png,yen2,page_0326,5,召,chịu,召,U+53EC,char,GOLD,s1_inter_s2_direct,,0.266,100.0,155.0,db52ace66a63,ok,train,yen2|page_0326|c5,"[818, 1805, 937, 1930]",,False,False,False,False,False,False,True,False,False,True,1.55,False,False,False,0.0999999999999999,gold_direct,gold-direct(no-s3),75.1512027491409,bbca82f28d621805,96
56715,gold/yen11_page_0232_c07_136.png,yen11,page_0232,7,昆,con,昆,U+6606,char,GOLD,s1_inter_s2_direct,,0.142,94.0,141.0,df40a53ff965,ok,train,yen11|page_0232|c7,"[572, 1166, 676, 1281]",,False,False,False,False,False,False,True,False,False,True,1.5,False,False,False,0.0999999999999999,gold_direct,gold-direct(no-s3),75.1512027491409,effb21f1ce633bb3,97
45031,gold/yen4_page_0292_c08_182.png,yen4,page_0292,8,廩,lắm,廩,U+5EE9,char,GOLD,s1_inter_s2_direct,,0.119,89.0,106.0,9b2e5ae69883,ok,train,yen4|page_0292|c8,"[266, 1136, 339, 1222]",,False,False,False,False,False,False,True,False,False,True,1.1910112359550562,False,False,False,0.0999999999999999,gold_direct,gold-direct(no-s3),75.1512027491409,be5492ee20a66b5d,98
45566,gold/yen4_page_0304_c02_032.png,yen4,page_0304,2,差,sai,差,U+5DEE,char,GOLD,s1_inter_s2_direct,,0.126,86.0,83.0,2a0121a9d1ee,ok,train,yen4|page_0304|c2,"[880, 811, 950, 890]",,False,False,False,False,False,False,True,False,False,True,0.9651162790697676,False,False,False,0.0999999999999999,gold_direct,gold-direct(no-s3),75.1512027491409,b74573743cdebd86,99
11105,silver/yen11_page_0152_c08_171.png,yen11,page_0152,8,異,là,罗,U+7F57,char,SILVER,s2_inter_s3_corrected,0.511,0.128,108.0,142.0,d70c17e71481,ok,train,yen11|page_0152|c8,"[422, 2304, 524, 2420]",0.511,True,False,False,False,False,False,False,True,False,False,1.3148148148148149,False,False,False,0.35,s3_low,s3=0.51<τ,37.47752808988764,7c011796da924593,100
63083,silver/yen4_page_0024_c08_163.png,yen4,page_0024,8,遭,mười,邁,U+9081,char,SILVER,s2_inter_s3_corrected,0.714,0.172,65.0,94.0,19c2bc21dd44,ok,train,yen4|page_0024|c8,"[289, 995, 355, 1071]",0.714,True,False,False,False,False,False,False,False,False,False,1.446153846153846,False,False,False,0.0,other,clean,75.11320754716981,c9b3ed7c0b308b87,101
24793,gold/yen2_page_0182_c05_090.png,yen2,page_0182,5,衣,ấy,衣,U+8863,char,GOLD,s1_inter_s2_direct,,0.216,115.0,159.0,cbe137fb98d3,ok,val,yen2|page_0182|c5,"[836, 2069, 942, 2198]",,False,False,False,False,False,False,True,False,False,True,1.382608695652174,False,False,False,0.0999999999999999,gold_direct,gold-direct(no-s3),75.1512027491409,b5e3de2060804554,102
8977,gold/yen4_page_0200_c07_127.png,yen4,page_0200,7,由,du,𠱋,U+20C4B,char,GOLD,s1_inter_s2_similar,0.612,0.146,76.0,94.0,06ab92641db7,ok,train,yen4|page_0200|c7,"[404, 656, 473, 733]",0.612,True,False,False,False,True,False,False,True,False,False,1.236842105263158,False,False,False,0.5,similar_bridge_lowcos,"similar-bridge,s3=0.61<τ",24.933333333333334,9ec43405c6952f67,103
53002,gold/yen11_page_0158_c01_006.png,yen11,page_0158,1,翁,ông,翁,U+7FC1,char,GOLD,s1_inter_s2_direct,,0.188,119.0,131.0,7c4f0564204f,ok,train,yen11|page_0158|c1,"[1473, 976, 1583, 1089]",,False,False,False,False,False,False,True,False,False,True,1.100840336134454,False,False,False,0.0999999999999999,gold_direct,gold-direct(no-s3),75.1512027491409,d1860cb7496cd71f,104
11028,silver/yen11_page_0116_c01_011.png,yen11,page_0116,1,遇,lạ,邏,U+908F,char,SILVER,s2_inter_s3_corrected,0.506,0.157,122.0,139.0,63ecf6885658,ok,train,yen11|page_0116|c1,"[1515, 1467, 1617, 1580]",0.506,True,False,False,False,False,False,False,True,False,False,1.139344262295082,False,False,False,0.35,s3_low,s3=0.51<τ,37.47752808988764,2cd3819985a05e6b,105
5555,syllable/yen2_page_0200_c03_041.png,yen2,page_0200,3,知,Đức,,,syllable,SYLLABLE,nghia_consensus,0.363,0.235,108.0,152.0,2553202783f4,ok,val,yen2|page_0200|c3,"[1116, 569, 1220, 693]",0.363,True,False,False,False,False,False,False,True,True,False,1.4074074074074074,False,False,False,0.6,s3_low,s3=0.36<τ,37.47752808988764,e657263d4af51c4c,106
163,syllable/yen2_page_0282_c01_003.png,yen2,page_0282,1,餘,thờ,,,syllable,SYLLABLE,nghia_consensus,0.446,0.205,105.0,156.0,0290ca48f6dd,ok,train,yen2|page_0282|c1,"[1446, 717, 1557, 843]",0.446,True,True,False,True,False,False,False,True,True,False,1.4857142857142858,False,False,False,0.96,dup_defect,"dup-bbox(AE-1),s3=0.45<τ",24.956989247311828,30a78a532c3b594a,107
8293,syllable/yen11_page_0196_c07_136.png,yen11,page_0196,7,趍,đi,,,syllable,SYLLABLE,nghia_consensus,0.42,0.168,118.0,151.0,c5dd3f772534,ok,train,yen11|page_0196|c7,"[568, 1478, 678, 1601]",0.42,True,False,False,False,False,False,False,True,True,False,1.2796610169491525,False,False,False,0.6,s3_low,s3=0.42<τ,37.47752808988764,928fc31fc7e43def,108
51455,gold/yen11_page_0128_c03_059.png,yen11,page_0128,3,奴,nó,奴,U+5974,char,GOLD,s1_inter_s2_direct,,0.162,97.0,148.0,e39b61c2a152,ok,train,yen11|page_0128|c3,"[1165, 1883, 1271, 2003]",,False,False,False,False,False,False,True,False,False,True,1.5257731958762886,False,False,False,0.0999999999999999,gold_direct,gold-direct(no-s3),75.1512027491409,c5198f6179199057,109
67608,silver/yen11_page_0236_c06_126.png,yen11,page_0236,6,昇,người,㝵,U+3775,char,SILVER,s2_inter_s3_corrected,0.733,0.122,106.0,133.0,a20f863446bc,ok,test,yen11|page_0236|c6,"[723, 1875, 823, 1984]",0.733,True,False,False,False,False,False,False,False,False,False,1.2547169811320755,False,False,False,0.0,other,clean,75.11320754716981,ddb94607e62b8c23,110
4226,gold/yen11_page_0290_c01_013.png,yen11,page_0290,1,厶,ẤY,乙,U+4E59,char,GOLD,s1_inter_s2_similar,0.228,0.168,97.0,136.0,2239c479df85,ok,train,yen11|page_0290|c1,"[1450, 1597, 1557, 1707]",0.228,True,False,False,False,True,False,False,True,True,False,1.402061855670103,False,False,False,0.7,similar_bridge_lowcos,"similar-bridge,s3=0.23<τ",24.933333333333334,5614a63e08a5c027,111
11573,gold/yen2_page_0064_c08_152.png,yen2,page_0064,8,來,đã,乑,U+4E51,char,GOLD,s1_inter_s2_similar,0.693,0.178,109.0,149.0,af7fe87a611a,ok,train,yen2|page_0064|c8,"[359, 1527, 460, 1648]",0.693,True,False,False,False,True,False,False,False,False,False,1.3669724770642202,False,False,False,0.3,similar_bridge,similar-bridge,37.63291139240506,5b3955b360f51612,112
21149,gold/yen2_page_0106_c04_073.png,yen2,page_0106,4,官,quan,官,U+5B98,char,GOLD,s1_inter_s2_direct,,0.182,109.0,149.0,56599c5cec1f,ok,train,yen2|page_0106|c4,"[998, 2207, 1104, 2328]",,False,False,False,False,False,False,True,False,False,True,1.3669724770642202,False,False,False,0.0999999999999999,gold_direct,gold-direct(no-s3),75.1512027491409,db6c7500e86bebac,113
60532,silver/yen2_page_0054_c06_102.png,yen2,page_0054,6,河,A,阿,U+963F,char,SILVER,s2_inter_s3_corrected,0.86,0.226,124.0,156.0,cbe712b73411,ok,test,yen2|page_0054|c6,"[663, 992, 770, 1118]",0.86,True,False,False,False,False,False,False,False,False,False,1.2580645161290325,False,False,False,0.0,other,clean,75.11320754716981,c90454576f559ba0,114
6885,syllable/yen4_page_0210_c04_076.png,yen4,page_0210,4,而,làm,,,syllable,SYLLABLE,nghia_consensus,0.149,0.147,73.0,96.0,b87035914d49,ok,train,yen4|page_0210|c4,"[694, 1002, 765, 1081]",0.149,True,False,False,False,False,False,False,True,True,False,1.3150684931506849,False,False,False,0.6,s3_low,s3=0.15<τ,37.47752808988764,cd75f705cae167eb,115
12339,gold/yen2_page_0304_c04_062.png,yen2,page_0304,4,拉,sấp,泣,U+6CE3,char,GOLD,s1_inter_s2_similar,0.969,0.197,141.0,160.0,43a99f0191ad,ok,train,yen2|page_0304|c4,"[999, 665, 1114, 795]",0.969,True,False,False,False,True,False,False,False,False,False,1.1347517730496457,False,False,False,0.3,similar_bridge,similar-bridge,37.63291139240506,6f69fdbf6693ad30,116
9778,silver/yen2_page_0132_c08_149.png,yen2,page_0132,8,弇,Ong,翁,U+7FC1,char,SILVER,s2_inter_s3_corrected,0.558,0.235,119.0,158.0,9938e26478ee,ok,train,yen2|page_0132|c8,"[339, 810, 452, 938]",0.558,True,False,False,False,False,False,False,True,False,False,1.3277310924369747,False,False,False,0.35,s3_low,s3=0.56<τ,37.47752808988764,5a4927da39403985,117
12954,gold/yen4_page_0200_c06_119.png,yen4,page_0200,6,韋,và,喡,U+55A1,char,GOLD,s1_inter_s2_similar,0.981,0.129,86.0,98.0,f26a83a2c64d,ok,train,yen4|page_0200|c6,"[503, 983, 573, 1063]",0.981,True,False,False,False,True,False,False,False,False,False,1.1395348837209305,False,False,False,0.3,similar_bridge,similar-bridge,37.63291139240506,2e46d59e95cca071,118
10448,silver/yen4_page_0140_c07_134.png,yen4,page_0140,7,莫,xin,真,U+771F,char,SILVER,s2_inter_s3_corrected,0.529,0.16,59.0,94.0,472771d6b8ba,ok,train,yen4|page_0140|c7,"[382, 348, 451, 428]",0.529,True,False,False,False,False,False,False,True,False,False,1.5932203389830508,False,False,False,0.35,s3_low,s3=0.53<τ,37.47752808988764,89d9ce08ff437975,119
51927,gold/yen11_page_0138_c01_006.png,yen11,page_0138,1,罢,bởi,罢,U+7F62,char,GOLD,s1_inter_s2_direct,,0.165,127.0,130.0,595172010e40,ok,test,yen11|page_0138|c1,"[1470, 971, 1576, 1077]",,False,False,False,False,False,False,True,False,False,True,1.0236220472440944,False,False,False,0.0999999999999999,gold_direct,gold-direct(no-s3),75.1512027491409,fd4ea60bb313f863,120
15791,gold/yen4_page_0152_c07_147.png,yen4,page_0152,7,遟,chầy,遟,U+905F,char,GOLD,s1_inter_s2_direct,,0.103,84.0,94.0,22aaf41879b0,ok,train,yen4|page_0152|c7,"[377, 1301, 445, 1383]",,False,False,False,False,False,False,True,False,False,True,1.119047619047619,False,True,True,0.235,quality_flag,ink-outlier,50.674418604651166,4ca0586131126603,121
47555,gold/yen11_page_0048_c08_169.png,yen11,page_0048,8,庒,Chăng,庒,U+5E92,char,GOLD,s1_inter_s2_direct,,0.17,120.0,117.0,1b7709a9ac3c,ok,train,yen11|page_0048|c8,"[374, 2357, 480, 2463]",,False,False,False,False,False,False,True,False,False,True,0.975,False,False,False,0.0999999999999999,gold_direct,gold-direct(no-s3),75.1512027491409,55fac88ad5f3a34f,122
18056,gold/yen2_page_0044_c02_036.png,yen2,page_0044,2,襖,áo,襖,U+8956,char,GOLD,s1_inter_s2_direct,,0.234,118.0,132.0,808359d480d5,ok,train,yen2|page_0044|c2,"[1266, 2085, 1368, 2193]",,False,False,False,False,False,False,True,False,False,True,1.11864406779661,False,False,False,0.0999999999999999,gold_direct,gold-direct(no-s3),75.1512027491409,e583d089f4dfbaca,123
11413,gold/yen2_page_0018_c02_027.png,yen2,page_0018,2,砰,Tôi,砕,U+7815,char,GOLD,s1_inter_s2_similar,0.981,0.184,107.0,140.0,2527c0764e2a,ok,train,yen2|page_0018|c2,"[1293, 896, 1400, 1010]",0.981,True,False,False,False,True,False,False,False,False,False,1.308411214953271,False,False,False,0.3,similar_bridge,similar-bridge,37.63291139240506,6d4956faac302f99,124
63610,silver/yen4_page_0076_c04_084.png,yen4,page_0076,4,隻,nghĩa,义,U+4E49,char,SILVER,s2_inter_s3_corrected,0.672,0.19,63.0,96.0,03284e0c075b,ok,train,yen4|page_0076|c4,"[671, 1511, 745, 1589]",0.672,True,False,False,False,False,False,False,False,False,False,1.5238095238095235,False,False,False,0.0,other,clean,75.11320754716981,225c07f9d7f85522,125
6084,syllable/yen2_page_0330_c02_025.png,yen2,page_0330,2,㓜,chém,,,syllable,SYLLABLE,nghia_consensus,0.024,0.223,116.0,158.0,9fcc2fb95210,ok,train,yen2|page_0330|c2,"[1116, 930, 1235, 1058]",0.024,True,False,False,False,False,False,False,True,True,False,1.362068965517241,False,False,False,0.6,s3_low,s3=0.02<τ,37.47752808988764,a0170f69ce31e776,126
6949,syllable/yen4_page_0226_c01_011.png,yen4,page_0226,1,而,làm,,,syllable,SYLLABLE,nghia_consensus,0.028,0.172,74.0,95.0,15698a115a68,ok,train,yen4|page_0226|c1,"[950, 933, 1022, 1010]",0.028,True,False,False,False,False,False,False,True,True,False,1.2837837837837838,False,False,False,0.6,s3_low,s3=0.03<τ,37.47752808988764,c086c3d81aab2234,127
7887,syllable/yen11_page_0122_c09_164.png,yen11,page_0122,9,常,và,,,syllable,SYLLABLE,nghia_consensus,0.316,0.142,103.0,137.0,4eb9f642f2ed,ok,train,yen11|page_0122|c9,"[294, 1559, 398, 1670]",0.316,True,False,False,False,False,False,False,True,True,False,1.3300970873786409,False,False,False,0.6,s3_low,s3=0.32<τ,37.47752808988764,d6e8115fe96966fb,128
61273,silver/yen2_page_0126_c04_087.png,yen2,page_0126,4,剪,cùng,穷,U+7A77,char,SILVER,s2_inter_s3_corrected,0.947,0.187,118.0,127.0,f16b02319ff2,ok,train,yen2|page_0126|c4,"[981, 2409, 1080, 2512]",0.947,True,False,False,False,False,False,False,False,False,False,1.076271186440678,False,False,False,0.0,other,clean,75.11320754716981,191e00cd0f87b468,129
50624,gold/yen11_page_0112_c02_022.png,yen11,page_0112,2,奴,nó,奴,U+5974,char,GOLD,s1_inter_s2_direct,,0.205,87.0,148.0,1a2d65a760c0,ok,train,yen11|page_0112|c2,"[1314, 517, 1416, 637]",,False,False,False,False,False,False,True,False,False,True,1.7011494252873562,False,False,False,0.0999999999999999,gold_direct,gold-direct(no-s3),75.1512027491409,b83c7c170d8362ce,130
4994,syllable/yen2_page_0086_c06_113.png,yen2,page_0086,6,万,Đức,,,syllable,SYLLABLE,nghia_consensus,0.029,0.209,108.0,127.0,94ff5a1f35c0,ok,train,yen2|page_0086|c6,"[695, 578, 796, 681]",0.029,True,False,False,False,False,False,False,True,True,False,1.1759259259259258,False,False,False,0.6,s3_low,s3=0.03<τ,37.47752808988764,fae6ea9c4a1e6add,131
23243,gold/yen2_page_0148_c05_097.png,yen2,page_0148,5,体,thấy,体,U+4F53,char,GOLD,s1_inter_s2_direct,,0.238,136.0,149.0,013d39492fb2,ok,val,yen2|page_0148|c5,"[829, 1905, 939, 2026]",,False,False,False,False,False,False,True,False,False,True,1.0955882352941178,False,False,False,0.0999999999999999,gold_direct,gold-direct(no-s3),75.1512027491409,632367a0b580fb15,132
21109,gold/yen2_page_0106_c01_003.png,yen2,page_0106,1,垩,Thánh,垩,U+57A9,char,GOLD,s1_inter_s2_direct,,0.234,122.0,150.0,55dfdc8f4d48,ok,train,yen2|page_0106|c1,"[1448, 874, 1558, 996]",,False,False,False,False,False,False,True,False,False,True,1.2295081967213115,False,False,False,0.0999999999999999,gold_direct,gold-direct(no-s3),75.1512027491409,c9aed932ec2e887d,133
2304,silver/yen11_page_0284_c01_011.png,yen11,page_0284,1,抄,cầm,扲,U+6272,char,SILVER,s2_inter_s3_corrected,0.98,0.134,95.0,149.0,e49769777682,ok,train,yen11|page_0284|c1,"[1494, 2151, 1594, 2273]",0.98,True,False,True,True,False,False,False,False,False,False,1.568421052631579,False,False,False,0.9,dup_defect,cross-col(F1),24.956989247311828,160cbe0f2ee04d06,134
64070,silver/yen4_page_0124_c03_063.png,yen4,page_0124,3,俟,tin,信,U+4FE1,char,SILVER,s2_inter_s3_corrected,0.795,0.134,88.0,93.0,19f362bb8926,ok,train,yen4|page_0124|c3,"[752, 1454, 824, 1529]",0.795,True,False,False,False,False,False,False,False,False,False,1.056818181818182,False,False,False,0.0,other,clean,75.11320754716981,07ceb81a99169439,135
33958,gold/yen4_page_0064_c04_083.png,yen4,page_0064,4,法,phép,法,U+6CD5,char,GOLD,s1_inter_s2_direct,,0.153,73.0,86.0,50cc723d3525,ok,train,yen4|page_0064|c4,"[676, 1398, 746, 1472]",,False,False,False,False,False,False,True,False,False,True,1.178082191780822,False,False,False,0.0999999999999999,gold_direct,gold-direct(no-s3),75.1512027491409,a65ddca8b97902e1,136
6701,syllable/yen4_page_0168_c05_102.png,yen4,page_0168,5,而,làm,,,syllable,SYLLABLE,nghia_consensus,0.086,0.186,60.0,87.0,bbdf3cfad4db,ok,train,yen4|page_0168|c5,"[576, 1425, 642, 1496]",0.086,True,False,False,False,False,False,False,True,True,False,1.45,False,False,False,0.6,s3_low,s3=0.09<τ,37.47752808988764,36cb971dde1e79da,137
28563,gold/yen2_page_0270_c06_114.png,yen2,page_0270,6,泊,bạc,泊,U+6CCA,char,GOLD,s1_inter_s2_direct,,0.186,89.0,137.0,e5b230f67d52,ok,train,yen2|page_0270|c6,"[695, 734, 787, 845]",,False,False,False,False,False,False,True,False,False,True,1.5393258426966292,False,False,False,0.0999999999999999,gold_direct,gold-direct(no-s3),75.1512027491409,a8611e68e5f9585d,138
27274,gold/yen2_page_0240_c08_149.png,yen2,page_0240,8,圣,Thánh,圣,U+5723,char,GOLD,s1_inter_s2_direct,,0.147,149.0,156.0,e2621cb27417,ok,train,yen2|page_0240|c8,"[401, 2363, 522, 2489]",,False,False,False,False,False,False,True,False,False,True,1.046979865771812,False,False,False,0.0999999999999999,gold_direct,gold-direct(no-s3),75.1512027491409,c4d0f8c0f67fba91,139
3432,silver/yen11_page_0102_c06_115.png,yen11,page_0102,6,弟,Nào,市,U+5E02,char,SILVER,s3_head_bank_consensus,0.49,0.166,114.0,160.0,f12c41eced60,ok,train,yen11|page_0102|c6,"[711, 1116, 826, 1246]",0.49,True,False,False,False,False,True,False,True,True,False,1.4035087719298245,False,False,False,0.76,silver_headbank,"silver-headbank,s3=0.49<τ",38.05128205128205,29a6dd92fee04a3b,140
9797,silver/yen2_page_0140_c09_161.png,yen2,page_0140,9,寿,thì,寺,U+5BFA,char,SILVER,s2_inter_s3_corrected,0.598,0.252,116.0,137.0,9f670d0c3a84,ok,train,yen2|page_0140|c9,"[207, 1626, 309, 1737]",0.598,True,False,False,False,False,False,False,True,False,False,1.1810344827586208,False,False,False,0.35,s3_low,s3=0.60<τ,37.47752808988764,c5a72c1f1d39f39e,141
7436,syllable/yen11_page_0034_c08_154.png,yen11,page_0034,8,候,mẹ,,,syllable,SYLLABLE,nghia_consensus,0.059,0.152,116.0,145.0,32b0e80ee188,ok,train,yen11|page_0034|c8,"[394, 517, 503, 634]",0.059,True,False,False,False,False,False,False,True,True,False,1.25,False,False,False,0.6,s3_low,s3=0.06<τ,37.47752808988764,ecef9f185ee2198b,142
7190,syllable/yen4_page_0278_c02_040.png,yen4,page_0278,2,庻,mà,,,syllable,SYLLABLE,nghia_consensus,0.026,0.15,122.0,146.0,88a9d2744479,ok,val,yen4|page_0278|c2,"[1282, 1660, 1388, 1778]",0.026,True,False,False,False,False,False,False,True,True,False,1.1967213114754098,False,False,False,0.6,s3_low,s3=0.03<τ,37.47752808988764,abafbcadc192631a,143
43789,gold/yen4_page_0270_c03_045.png,yen4,page_0270,3,双,Song,双,U+53CC,char,GOLD,s1_inter_s2_direct,,0.139,76.0,93.0,8a9f5f7198b7,ok,train,yen4|page_0270|c3,"[761, 297, 829, 372]",,False,False,False,False,False,False,True,False,False,True,1.2236842105263157,False,False,False,0.0999999999999999,gold_direct,gold-direct(no-s3),75.1512027491409,076f78ff14f386e0,144
48671,gold/yen11_page_0068_c07_150.png,yen11,page_0068,7,堂,đàng,堂,U+5802,char,GOLD,s1_inter_s2_direct,,0.16,125.0,155.0,fd3eea5f5c22,ok,train,yen11|page_0068|c7,"[539, 2265, 654, 2390]",,False,False,False,False,False,False,True,False,False,True,1.24,False,False,False,0.0999999999999999,gold_direct,gold-direct(no-s3),75.1512027491409,8bbea8f208025b2f,145
10865,silver/yen11_page_0030_c05_105.png,yen11,page_0030,5,諰,hồn,魂,U+9B42,char,SILVER,s2_inter_s3_corrected,0.532,0.216,104.0,138.0,01d033720837,ok,train,yen11|page_0030|c5,"[855, 1917, 956, 2029]",0.532,True,False,False,False,False,False,False,True,False,False,1.3269230769230769,False,False,False,0.35,s3_low,s3=0.53<τ,37.47752808988764,328d5f82e4c99825,146
15698,gold/yen4_page_0092_c09_174.png,yen4,page_0092,9,生,chăng,生,U+751F,char,GOLD,s1_inter_s2_direct,,0.103,70.0,101.0,a2d1116179d5,ok,train,yen4|page_0092|c9,"[163, 580, 234, 663]",,False,False,False,False,False,False,True,False,False,True,1.4428571428571428,False,True,True,0.235,quality_flag,ink-outlier,50.674418604651166,8606a1ccf69901b6,147
11601,gold/yen2_page_0070_c03_044.png,yen2,page_0070,3,術,về,𧗱,U+275F1,char,GOLD,s1_inter_s2_similar,0.926,0.196,110.0,141.0,89c2f60c04ba,ok,train,yen2|page_0070|c3,"[1152, 2408, 1256, 2523]",0.926,True,False,False,False,True,False,False,False,False,False,1.2818181818181815,False,False,False,0.3,similar_bridge,similar-bridge,37.63291139240506,846fbed140ae5efe,148
23085,gold/yen2_page_0146_c01_004.png,yen2,page_0146,1,城,thành,城,U+57CE,char,GOLD,s1_inter_s2_direct,,0.218,110.0,145.0,1be486759496,ok,train,yen2|page_0146|c1,"[1464, 862, 1560, 979]",,False,False,False,False,False,False,True,False,False,True,1.318181818181818,False,False,False,0.0999999999999999,gold_direct,gold-direct(no-s3),75.1512027491409,6866403e7d79f6fc,149
22039,gold/yen2_page_0122_c09_187.png,yen2,page_0122,9,朱,cho,朱,U+6731,char,GOLD,s1_inter_s2_direct,,0.214,140.0,151.0,bda80d03f492,ok,train,yen2|page_0122|c9,"[215, 1862, 329, 1985]",,False,False,False,False,False,False,True,False,False,True,1.0785714285714283,False,False,False,0.0999999999999999,gold_direct,gold-direct(no-s3),75.1512027491409,a8fbab05403c7dc2,150
54119,gold/yen11_page_0180_c05_087.png,yen11,page_0180,5,欺,khi,欺,U+6B3A,char,GOLD,s1_inter_s2_direct,,0.222,116.0,123.0,907d1d676f1d,ok,train,yen11|page_0180|c5,"[888, 425, 998, 541]",,False,False,False,False,False,False,True,False,False,True,1.0603448275862069,False,False,False,0.0999999999999999,gold_direct,gold-direct(no-s3),75.1512027491409,cd11c1715f319765,151
15705,gold/yen4_page_0104_c09_170.png,yen4,page_0104,9,重,trọng,重,U+91CD,char,GOLD,s1_inter_s2_direct,,0.099,77.0,88.0,f4b649bfd7e2,ok,train,yen4|page_0104|c9,"[168, 461, 237, 543]",,False,False,False,False,False,False,True,False,False,True,1.1428571428571428,False,True,True,0.235,quality_flag,ink-outlier,50.674418604651166,dab09a05771aea1c,152
35658,gold/yen4_page_0096_c07_152.png,yen4,page_0096,7,連,liên,連,U+9023,char,GOLD,s1_inter_s2_direct,,0.16,71.0,94.0,05399146f51e,ok,train,yen4|page_0096|c7,"[368, 1185, 436, 1261]",,False,False,False,False,False,False,True,False,False,True,1.323943661971831,False,False,False,0.0999999999999999,gold_direct,gold-direct(no-s3),75.1512027491409,a23eeb99d301dffb,153
51423,gold/yen11_page_0128_c01_005.png,yen11,page_0128,1,娄,Sau,娄,U+5A04,char,GOLD,s1_inter_s2_direct,,0.177,104.0,145.0,b95a316ea68c,ok,val,yen11|page_0128|c1,"[1475, 844, 1576, 961]",,False,False,False,False,False,False,True,False,False,True,1.3942307692307692,False,False,False,0.0999999999999999,gold_direct,gold-direct(no-s3),75.1512027491409,6206a9468b86fc69,154
45951,gold/yen11_page_0014_c08_162.png,yen11,page_0014,8,旦,đến,旦,U+65E6,char,GOLD,s1_inter_s2_direct,,0.288,79.0,131.0,dc7187a3d092,ok,train,yen11|page_0014|c8,"[381, 1604, 477, 1711]",,False,False,False,False,False,False,True,False,False,True,1.6582278481012658,False,False,False,0.0999999999999999,gold_direct,gold-direct(no-s3),75.1512027491409,a9ceaba41cb65f4c,155
12087,gold/yen2_page_0226_c01_005.png,yen2,page_0226,1,術,về,𧗱,U+275F1,char,GOLD,s1_inter_s2_similar,0.96,0.197,106.0,158.0,6e78dbba957c,ok,train,yen2|page_0226|c1,"[1479, 1030, 1586, 1158]",0.96,True,False,False,False,True,False,False,False,False,False,1.490566037735849,False,False,False,0.3,similar_bridge,similar-bridge,37.63291139240506,d757b801fd53d3af,156
62371,silver/yen2_page_0244_c06_114.png,yen2,page_0244,6,等,Người,㝵,U+3775,char,SILVER,s2_inter_s3_corrected,0.927,0.142,110.0,156.0,81cec80bc002,ok,train,yen2|page_0244|c6,"[702, 2095, 814, 2221]",0.927,True,False,False,False,False,False,False,False,False,False,1.4181818181818182,False,False,False,0.0,other,clean,75.11320754716981,ebcf45102ec6ff47,157
52178,gold/yen11_page_0142_c04_071.png,yen11,page_0142,4,欺,khi,欺,U+6B3A,char,GOLD,s1_inter_s2_direct,,0.21,122.0,141.0,869076dd44dc,ok,train,yen11|page_0142|c4,"[994, 929, 1104, 1044]",,False,False,False,False,False,False,True,False,False,True,1.1557377049180328,False,False,False,0.0999999999999999,gold_direct,gold-direct(no-s3),75.1512027491409,32ca080b8108cc5e,158
49618,gold/yen11_page_0092_c03_048.png,yen11,page_0092,3,朱,cho,朱,U+6731,char,GOLD,s1_inter_s2_direct,,0.152,103.0,137.0,08160990c83c,ok,val,yen11|page_0092|c3,"[1180, 1040, 1282, 1151]",,False,False,False,False,False,False,True,False,False,True,1.3300970873786409,False,False,False,0.0999999999999999,gold_direct,gold-direct(no-s3),75.1512027491409,345cf42dcba7d663,159
31602,gold/yen4_page_0016_c08_160.png,yen4,page_0016,8,買,mới,買,U+8CB7,char,GOLD,s1_inter_s2_direct,,0.158,85.0,93.0,44033d4e6929,ok,train,yen4|page_0016|c8,"[325, 434, 397, 509]",,False,False,False,False,False,False,True,False,False,True,1.0941176470588236,False,False,False,0.0999999999999999,gold_direct,gold-direct(no-s3),75.1512027491409,877cc153906be059,160
29641,gold/yen2_page_0294_c02_025.png,yen2,page_0294,2,旦,đến,旦,U+65E6,char,GOLD,s1_inter_s2_direct,,0.231,110.0,147.0,8083f28060b5,ok,train,yen2|page_0294|c2,"[1288, 965, 1396, 1084]",,False,False,False,False,False,False,True,False,False,True,1.3363636363636364,False,False,False,0.0999999999999999,gold_direct,gold-direct(no-s3),75.1512027491409,7b4b2dee08d08cdc,161
15587,gold/yen2_page_0226_c08_148.png,yen2,page_0226,8,軍,quân,軍,U+8ECD,char,GOLD,s1_inter_s2_direct,,0.352,99.0,142.0,7a258748420a,ok,train,yen2|page_0226|c8,"[422, 1220, 525, 1336]",,False,False,False,False,False,False,True,False,False,True,1.4343434343434345,False,True,True,0.235,quality_flag,ink-outlier,50.674418604651166,d3dce22d5992c2de,162
10111,silver/yen2_page_0302_c09_164.png,yen2,page_0302,9,選,lạ,邏,U+908F,char,SILVER,s2_inter_s3_corrected,0.574,0.18,125.0,149.0,f00f2496b0a2,ok,train,yen2|page_0302|c9,"[225, 1675, 335, 1796]",0.574,True,False,False,False,False,False,False,True,False,False,1.192,False,False,False,0.35,s3_low,s3=0.57<τ,37.47752808988764,1970321bbc317a45,163
5019,syllable/yen2_page_0092_c05_099.png,yen2,page_0092,5,而,làm,,,syllable,SYLLABLE,nghia_consensus,0.17,0.204,99.0,136.0,1336ce4adaea,ok,train,yen2|page_0092|c5,"[828, 1180, 927, 1290]",0.17,True,False,False,False,False,False,False,True,True,False,1.3737373737373737,False,False,False,0.6,s3_low,s3=0.17<τ,37.47752808988764,a52761f9c301af3b,164
39083,gold/yen4_page_0170_c06_115.png,yen4,page_0170,6,之,gì,之,U+4E4B,char,GOLD,s1_inter_s2_direct,,0.191,62.0,96.0,1b5be475cda5,ok,train,yen4|page_0170|c6,"[506, 830, 577, 908]",,False,False,False,False,False,False,True,False,False,True,1.5483870967741935,False,False,False,0.0999999999999999,gold_direct,gold-direct(no-s3),75.1512027491409,e0443bcad35269a8,165
40214,gold/yen4_page_0196_c07_131.png,yen4,page_0196,7,帝,đấy,帝,U+5E1D,char,GOLD,s1_inter_s2_direct,,0.147,79.0,101.0,a0638fb42328,ok,val,yen4|page_0196|c7,"[400, 1109, 472, 1192]",,False,False,False,False,False,False,True,False,False,True,1.2784810126582278,False,False,False,0.0999999999999999,gold_direct,gold-direct(no-s3),75.1512027491409,55afcd930bcdf5e2,166
29507,gold/yen2_page_0290_c06_109.png,yen2,page_0290,6,共,cùng,共,U+5171,char,GOLD,s1_inter_s2_direct,,0.187,133.0,160.0,c637259a4f92,ok,train,yen2|page_0290|c6,"[670, 2052, 785, 2182]",,False,False,False,False,False,False,True,False,False,True,1.2030075187969924,False,False,False,0.0999999999999999,gold_direct,gold-direct(no-s3),75.1512027491409,e260f3f77888eab1,167
67875,silver/yen11_page_0272_c06_117.png,yen11,page_0272,6,苑,Pha,葩,U+8469,char,SILVER,s2_inter_s3_corrected,0.786,0.244,103.0,112.0,d4c1833e9ce7,ok,train,yen11|page_0272|c6,"[749, 2406, 855, 2508]",0.786,True,False,False,False,False,False,False,False,False,False,1.087378640776699,False,False,False,0.0,other,clean,75.11320754716981,1259858e36c02c55,168
14243,gold/yen11_page_0298_c06_117.png,yen11,page_0298,6,早,người,㝵,U+3775,char,GOLD,s1_inter_s2_similar,0.944,0.139,88.0,141.0,ecbe9eddf1fa,ok,train,yen11|page_0298|c6,"[693, 1617, 796, 1732]",0.944,True,False,False,False,True,False,False,False,False,False,1.6022727272727273,False,False,False,0.3,similar_bridge,similar-bridge,37.63291139240506,fd7a8948c382f0bd,169
19463,gold/yen2_page_0072_c03_047.png,yen2,page_0072,3,道,đạo,道,U+9053,char,GOLD,s1_inter_s2_direct,,0.223,132.0,141.0,c352493155c1,ok,train,yen2|page_0072|c3,"[1119, 1533, 1229, 1648]",,False,False,False,False,False,False,True,False,False,True,1.068181818181818,False,False,False,0.0999999999999999,gold_direct,gold-direct(no-s3),75.1512027491409,d6554b3a8b6eeb02,170
29220,gold/yen2_page_0284_c02_028.png,yen2,page_0284,2,庄,chăng,庄,U+5E84,char,GOLD,s1_inter_s2_direct,,0.246,89.0,158.0,72ff6e6cb2f5,ok,train,yen2|page_0284|c2,"[1285, 1359, 1395, 1487]",,False,False,False,False,False,False,True,False,False,True,1.7752808988764044,False,False,False,0.0999999999999999,gold_direct,gold-direct(no-s3),75.1512027491409,981848992deb4764,171
2804,silver/yen4_page_0028_c08_081.png,yen4,page_0028,8,尚,thắng,𤯝,U+24BDD,char,SILVER,s3_head_bank_consensus,0.024,0.148,71.0,93.0,8b89e4298d7e,ok,train,yen4|page_0028|c8,"[354, 917, 425, 992]",0.024,True,False,False,False,False,True,False,True,True,False,1.3098591549295775,False,False,False,0.76,silver_headbank,"silver-headbank,s3=0.02<τ",38.05128205128205,c868b0a6c2bcfde6,172
46929,gold/yen11_page_0034_c01_008.png,yen11,page_0034,1,曰,viết,曰,U+66F0,char,GOLD,s1_inter_s2_direct,,0.187,105.0,138.0,bae28f731032,ok,train,yen11|page_0034|c1,"[1316, 1170, 1419, 1288]",,False,False,False,False,False,False,True,False,False,True,1.3142857142857145,False,False,False,0.0999999999999999,gold_direct,gold-direct(no-s3),75.1512027491409,c83d8292a48c06d5,173
10165,silver/yen4_page_0012_c06_107.png,yen4,page_0012,6,之,pha,葩,U+8469,char,SILVER,s2_inter_s3_corrected,0.597,0.118,80.0,85.0,349600e388d3,ok,train,yen4|page_0012|c6,"[469, 796, 540, 873]",0.597,True,False,False,False,False,False,False,True,False,False,1.0625,False,False,False,0.35,s3_low,s3=0.60<τ,37.47752808988764,df55ed046f93f8c6,174
59351,gold/yen11_page_0284_c09_152.png,yen11,page_0284,9,支,Giê,支,U+652F,char,GOLD,s1_inter_s2_direct,,0.17,101.0,141.0,2225563344b9,ok,train,yen11|page_0284|c9,"[282, 1539, 386, 1654]",,False,False,False,False,False,False,True,False,False,True,1.396039603960396,False,False,False,0.0999999999999999,gold_direct,gold-direct(no-s3),75.1512027491409,2b2db10db49445f9,175
23736,gold/yen2_page_0158_c05_082.png,yen2,page_0158,5,於,ở,於,U+65BC,char,GOLD,s1_inter_s2_direct,,0.292,117.0,145.0,eb843a00f955,ok,train,yen2|page_0158|c5,"[843, 760, 948, 877]",,False,False,False,False,False,False,True,False,False,True,1.2393162393162394,False,False,False,0.0999999999999999,gold_direct,gold-direct(no-s3),75.1512027491409,7694fb106a80224f,176
17068,gold/yen2_page_0024_c06_110.png,yen2,page_0024,6,垩,Thánh,垩,U+57A9,char,GOLD,s1_inter_s2_direct,,0.174,122.0,136.0,775569b96385,ok,train,yen2|page_0024|c6,"[654, 646, 756, 758]",,False,False,False,False,False,False,True,False,False,True,1.1147540983606556,False,False,False,0.0999999999999999,gold_direct,gold-direct(no-s3),75.1512027491409,69d0c2cdfd1b48d1,177
23816,gold/yen2_page_0160_c04_059.png,yen2,page_0160,4,特,được,特,U+7279,char,GOLD,s1_inter_s2_direct,,0.227,121.0,152.0,21569c7a1d15,ok,train,yen2|page_0160|c4,"[959, 769, 1066, 893]",,False,False,False,False,False,False,True,False,False,True,1.256198347107438,False,False,False,0.0999999999999999,gold_direct,gold-direct(no-s3),75.1512027491409,be7a34272bc8daf5,178
53529,gold/yen11_page_0168_c06_125.png,yen11,page_0168,6,迍,dọn,迍,U+8FCD,char,GOLD,s1_inter_s2_direct,,0.174,129.0,138.0,90b72f280fd3,ok,train,yen11|page_0168|c6,"[720, 1840, 830, 1955]",,False,False,False,False,False,False,True,False,False,True,1.069767441860465,False,False,False,0.0999999999999999,gold_direct,gold-direct(no-s3),75.1512027491409,1159535c7f95798d,179
3737,gold/yen4_page_0184_c09_208.png,yen4,page_0184,9,建,trên,連,U+9023,char,GOLD,s1_inter_s2_similar,0.485,0.102,73.0,92.0,b22495559fc8,ok,train,yen4|page_0184|c9,"[155, 1575, 224, 1651]",0.485,True,False,False,False,True,False,False,True,True,False,1.2602739726027397,False,True,True,0.745,similar_bridge_lowcos,"similar-bridge,s3=0.48<τ,ink-outlier",24.933333333333334,fc8258685f6106b7,180
17274,gold/yen2_page_0028_c09_185.png,yen2,page_0028,9,㝵,người,㝵,U+3775,char,GOLD,s1_inter_s2_direct,,0.114,100.0,133.0,6a9982199104,ok,train,yen2|page_0028|c9,"[200, 1104, 296, 1217]",,False,False,False,False,False,False,True,False,False,True,1.33,False,False,False,0.0999999999999999,gold_direct,gold-direct(no-s3),75.1512027491409,6e6f664f59f861bd,181
44846,gold/yen4_page_0290_c05_093.png,yen4,page_0290,5,其,cùng,其,U+5176,char,GOLD,s1_inter_s2_direct,,0.105,79.0,86.0,9fa7fccbd7d9,ok,train,yen4|page_0290|c5,"[563, 632, 628, 702]",,False,False,False,False,False,False,True,False,False,True,1.0886075949367089,False,False,False,0.0999999999999999,gold_direct,gold-direct(no-s3),75.1512027491409,4ffc467cf9858d64,182
94,gold/yen4_page_0158_c05_088.png,yen4,page_0158,5,甚,cùng,其,U+5176,char,GOLD,s1_inter_s2_similar,0.031,0.113,82.0,100.0,ccbfa840bb8c,ok,train,yen4|page_0158|c5,"[666, 375, 738, 457]",0.031,True,False,True,True,True,False,False,True,True,False,1.2195121951219512,False,False,False,0.97,dup_defect,"cross-col(F1),similar-bridge,s3=0.03<τ",24.956989247311828,e854116a014222aa,183
29387,gold/yen2_page_0288_c03_043.png,yen2,page_0288,3,麻,mà,麻,U+9EBB,char,GOLD,s1_inter_s2_direct,,0.192,126.0,147.0,cbf99f4a7c70,ok,train,yen2|page_0288|c3,"[1140, 741, 1249, 860]",,False,False,False,False,False,False,True,False,False,True,1.1666666666666667,False,False,False,0.0999999999999999,gold_direct,gold-direct(no-s3),75.1512027491409,6207356794eda859,184
53225,gold/yen11_page_0162_c07_147.png,yen11,page_0162,7,彼,vẻ,彼,U+5F7C,char,GOLD,s1_inter_s2_direct,,0.193,112.0,139.0,4c36afecca62,ok,train,yen11|page_0162|c7,"[595, 1741, 704, 1854]",,False,False,False,False,False,False,True,False,False,True,1.2410714285714286,False,False,False,0.0999999999999999,gold_direct,gold-direct(no-s3),75.1512027491409,cea80261241280e8,185
31582,gold/yen4_page_0016_c06_120.png,yen4,page_0016,6,凜,lắm,凜,U+51DC,char,GOLD,s1_inter_s2_direct,,0.162,73.0,95.0,baad5bad3787,ok,test,yen4|page_0016|c6,"[590, 842, 661, 921]",,False,False,False,False,False,False,True,False,False,True,1.3013698630136987,False,False,False,0.0999999999999999,gold_direct,gold-direct(no-s3),75.1512027491409,d2466ce7cac3d297,186
55253,gold/yen11_page_0202_c01_008.png,yen11,page_0202,1,連,lên,連,U+9023,char,GOLD,s1_inter_s2_direct,,0.239,140.0,142.0,52d787f3e171,ok,train,yen11|page_0202|c1,"[1463, 1193, 1577, 1313]",,False,False,False,False,False,False,True,False,False,True,1.0142857142857142,False,False,False,0.0999999999999999,gold_direct,gold-direct(no-s3),75.1512027491409,0bea3b7b492fd732,187
10015,silver/yen2_page_0242_c09_162.png,yen2,page_0242,9,入,ấy,衣,U+8863,char,SILVER,s2_inter_s3_corrected,0.584,0.192,118.0,137.0,557fa9c8d145,ok,train,yen2|page_0242|c9,"[254, 2139, 372, 2268]",0.584,True,False,False,False,False,False,False,True,False,False,1.1610169491525424,False,False,False,0.35,s3_low,s3=0.58<τ,37.47752808988764,bffc4706271d14f8,188
51604,gold/yen11_page_0130_c09_162.png,yen11,page_0130,9,求,cầu,求,U+6C42,char,GOLD,s1_inter_s2_direct,,0.146,94.0,131.0,6ff4c0e31c72,ok,train,yen11|page_0130|c9,"[258, 988, 349, 1095]",,False,False,False,False,False,False,True,False,False,True,1.3936170212765957,False,False,False,0.0999999999999999,gold_direct,gold-direct(no-s3),75.1512027491409,5c53d06c381c188a,189
61104,silver/yen2_page_0108_c09_144.png,yen2,page_0108,9,赶,thì,寺,U+5BFA,char,SILVER,s2_inter_s3_corrected,0.981,0.16,139.0,151.0,cbfa44f2e1b7,ok,train,yen2|page_0108|c9,"[234, 471, 347, 594]",0.981,True,False,False,False,False,False,False,False,False,False,1.0863309352517985,False,False,False,0.0,other,clean,75.11320754716981,6aa78f4d2bc0f379,190
7641,syllable/yen11_page_0078_c05_106.png,yen11,page_0078,5,常,và,,,syllable,SYLLABLE,nghia_consensus,0.155,0.139,130.0,142.0,0a46bfa5c0d0,ok,test,yen11|page_0078|c5,"[826, 2039, 937, 2155]",0.155,True,False,False,False,False,False,False,True,True,False,1.0923076923076922,False,False,False,0.6,s3_low,s3=0.15<τ,37.47752808988764,e437545791331e50,191
48937,gold/yen11_page_0074_c04_081.png,yen11,page_0074,4,麻,mà,麻,U+9EBB,char,GOLD,s1_inter_s2_direct,,0.187,100.0,139.0,f872848365a7,ok,train,yen11|page_0074|c4,"[1041, 2052, 1149, 2165]",,False,False,False,False,False,False,True,False,False,True,1.39,False,False,False,0.0999999999999999,gold_direct,gold-direct(no-s3),75.1512027491409,04f2abbf68d181bc,192
35418,gold/yen4_page_0092_c06_125.png,yen4,page_0092,6,特,được,特,U+7279,char,GOLD,s1_inter_s2_direct,,0.198,73.0,76.0,b6afda1f120d,ok,train,yen4|page_0092|c6,"[478, 1572, 549, 1643]",,False,False,False,False,False,False,True,False,False,True,1.0410958904109588,False,False,False,0.0999999999999999,gold_direct,gold-direct(no-s3),75.1512027491409,968ec781cce3f5c4,193
7602,syllable/yen11_page_0070_c04_070.png,yen11,page_0070,4,瑪,ma,,,syllable,SYLLABLE,nghia_consensus,0.467,0.17,119.0,147.0,b54c1453b8fe,ok,train,yen11|page_0070|c4,"[1043, 931, 1148, 1050]",0.467,True,False,False,False,False,False,False,True,True,False,1.2352941176470589,False,False,False,0.6,s3_low,s3=0.47<τ,37.47752808988764,bf9d0c95c8cdced1,194
11266,silver/yen11_page_0240_c04_091.png,yen11,page_0240,4,慎,XIN,嗔,U+55D4,char,SILVER,s2_inter_s3_corrected,0.577,0.206,100.0,107.0,0d52d72b434f,ok,train,yen11|page_0240|c4,"[1019, 2373, 1122, 2476]",0.577,True,False,False,False,False,False,False,True,False,False,1.07,False,False,False,0.35,s3_low,s3=0.58<τ,37.47752808988764,0d82990fef61c1dc,195
2160,gold/yen11_page_0162_c02_035.png,yen11,page_0162,2,每,mọi,每,U+6BCF,char,GOLD,s1_inter_s2_direct,,0.187,109.0,140.0,11a7e4a7b3b2,ok,train,yen11|page_0162|c2,"[1543, 1566, 1658, 1680]",,False,False,True,True,False,False,True,False,False,True,1.2844036697247707,False,False,False,0.9,dup_defect,cross-col(F1),24.956989247311828,b774ac2322385b54,196
62540,silver/yen2_page_0268_c01_014.png,yen2,page_0268,1,礼,trấy,礼,U+793C,char,SILVER,s1_inter_s3_out_of_dict,0.981,0.155,113.0,151.0,da2ed550d84d,ok,test,yen2|page_0268|c1,"[1443, 1878, 1555, 2008]",0.981,True,False,False,False,False,False,False,False,False,False,1.336283185840708,False,False,False,0.0,other,clean,75.11320754716981,42b4cc1c6e58d072,197
46276,gold/yen11_page_0020_c08_154.png,yen11,page_0020,8,共,cùng,共,U+5171,char,GOLD,s1_inter_s2_direct,,0.183,128.0,121.0,f535aa47e96c,ok,val,yen11|page_0020|c8,"[408, 696, 512, 797]",,False,False,False,False,False,False,True,False,False,True,0.9453125,False,False,False,0.0999999999999999,gold_direct,gold-direct(no-s3),75.1512027491409,5b171f1f5a3f0125,198
63718,silver/yen4_page_0084_c06_115.png,yen4,page_0084,6,民,dài,曳,U+66F3,char,SILVER,s2_inter_s3_corrected,0.972,0.125,80.0,93.0,93f9a44eb65f,ok,train,yen4|page_0084|c6,"[468, 536, 538, 611]",0.972,True,False,False,False,False,False,False,False,False,False,1.1625,False,False,False,0.0,other,clean,75.11320754716981,5fb0cef16b851797,199
44220,gold/yen4_page_0280_c01_006.png,yen4,page_0280,1,弄,lòng,弄,U+5F04,char,GOLD,s1_inter_s2_direct,,0.215,64.0,87.0,8d7b8ed50368,ok,train,yen4|page_0280|c1,"[958, 572, 1026, 643]",,False,False,False,False,False,False,True,False,False,True,1.359375,False,False,False,0.0999999999999999,gold_direct,gold-direct(no-s3),75.1512027491409,3b9e0e5d08796634,200
39113,gold/yen4_page_0170_c09_188.png,yen4,page_0170,9,支,Giê,支,U+652F,char,GOLD,s1_inter_s2_direct,,0.147,72.0,90.0,937485802d8a,ok,val,yen4|page_0170|c9,"[185, 1349, 259, 1423]",,False,False,False,False,False,False,True,False,False,True,1.25,False,False,False,0.0999999999999999,gold_direct,gold-direct(no-s3),75.1512027491409,c59e7f42f861b3f6,201
38269,gold/yen4_page_0156_c01_003.png,yen4,page_0156,1,由,do,由,U+7531,char,GOLD,s1_inter_s2_direct,,0.146,79.0,110.0,33d748428d5f,ok,train,yen4|page_0156|c1,"[985, 560, 1061, 650]",,False,False,False,False,False,False,True,False,False,True,1.3924050632911391,False,False,False,0.0999999999999999,gold_direct,gold-direct(no-s3),75.1512027491409,b88bc6ce9cd83568,202
3207,silver/yen4_page_0248_c03_043.png,yen4,page_0248,3,𦝫,rô,嚕,U+5695,char,SILVER,s3_head_bank_consensus,0.026,0.171,78.0,89.0,081f93affe01,ok,train,yen4|page_0248|c3,"[775, 1015, 844, 1088]",0.026,True,False,False,False,False,True,False,True,True,False,1.141025641025641,False,False,False,0.76,silver_headbank,"silver-headbank,s3=0.03<τ",38.05128205128205,541a50f10f3b43d2,203
2503,silver/yen2_page_0092_c06_124.png,yen2,page_0092,6,森,trăm,林,U+6797,char,SILVER,s3_head_bank_consensus,0.035,0.264,96.0,131.0,cbac02ed68c4,ok,train,yen2|page_0092|c6,"[673, 1321, 777, 1428]",0.035,True,False,False,False,False,True,False,True,True,False,1.3645833333333333,False,False,False,0.76,silver_headbank,"silver-headbank,s3=0.04<τ",38.05128205128205,099f975f3e81ba39,204
41818,gold/yen4_page_0230_c04_076.png,yen4,page_0230,4,天,thiên,天,U+5929,char,GOLD,s1_inter_s2_direct,,0.114,88.0,99.0,b1964ff19530,ok,val,yen4|page_0230|c4,"[666, 1232, 738, 1313]",,False,False,False,False,False,False,True,False,False,True,1.125,False,False,False,0.0999999999999999,gold_direct,gold-direct(no-s3),75.1512027491409,14c30e3371995c64,205
32840,gold/yen4_page_0042_c04_068.png,yen4,page_0042,4,每,hỏi,每,U+6BCF,char,GOLD,s1_inter_s2_direct,,0.198,76.0,98.0,6df9fac2f573,ok,train,yen4|page_0042|c4,"[667, 511, 739, 591]",,False,False,False,False,False,False,True,False,False,True,1.2894736842105263,False,False,False,0.0999999999999999,gold_direct,gold-direct(no-s3),75.1512027491409,ec0c0815c79ad92b,206
10069,silver/yen2_page_0278_c07_119.png,yen2,page_0278,7,虗,đêm,店,U+5E97,char,SILVER,s2_inter_s3_corrected,0.521,0.215,117.0,149.0,976ca3ab66e4,ok,train,yen2|page_0278|c7,"[522, 731, 633, 852]",0.521,True,False,False,False,False,False,False,True,False,False,1.2735042735042734,False,False,False,0.35,s3_low,s3=0.52<τ,37.47752808988764,644f88e1c7ec076d,207
48086,gold/yen11_page_0058_c03_051.png,yen11,page_0058,3,欺,Khi,欺,U+6B3A,char,GOLD,s1_inter_s2_direct,,0.21,118.0,147.0,4fee92862a99,ok,train,yen11|page_0058|c3,"[1181, 1004, 1287, 1123]",,False,False,False,False,False,False,True,False,False,True,1.2457627118644068,False,False,False,0.0999999999999999,gold_direct,gold-direct(no-s3),75.1512027491409,02e90248c82e2daa,208
36434,gold/yen4_page_0116_c03_053.png,yen4,page_0116,3,下,hạ,下,U+4E0B,char,GOLD,s1_inter_s2_direct,,0.166,72.0,93.0,d8e1eac3f6f6,ok,train,yen4|page_0116|c3,"[748, 767, 819, 842]",,False,False,False,False,False,False,True,False,False,True,1.2916666666666667,False,False,False,0.0999999999999999,gold_direct,gold-direct(no-s3),75.1512027491409,b9c7df79705f7336,209
916,gold/yen4_page_0016_c01_020.png,yen4,page_0016,1,冉,nhiệm,冉,U+5189,char,GOLD,s1_inter_s2_direct,,0.165,72.0,77.0,3224c575157a,ok,train,yen4|page_0016|c1,"[947, 1231, 1021, 1294]",,False,True,False,True,False,False,True,False,False,True,1.0694444444444444,False,False,False,0.9,dup_defect,dup-bbox(AE-1),24.956989247311828,69e8d063518704f2,210
4189,gold/yen11_page_0240_c04_082.png,yen11,page_0240,4,宋,cho,朱,U+6731,char,GOLD,s1_inter_s2_similar,0.229,0.235,86.0,131.0,a711c2bd81f6,ok,train,yen11|page_0240|c4,"[1009, 1591, 1110, 1698]",0.229,True,False,False,False,True,False,False,True,True,False,1.5232558139534884,False,False,False,0.7,similar_bridge_lowcos,"similar-bridge,s3=0.23<τ",24.933333333333334,aa0d2227c72c49b4,211
16254,silver/yen2_page_0128_c06_111.png,yen2,page_0128,6,複,áo,襖,U+8956,char,SILVER,s2_inter_s3_corrected,0.802,0.301,121.0,147.0,be92fcfa75d3,ok,train,yen2|page_0128|c6,"[642, 750, 751, 869]",0.802,True,False,False,False,False,False,False,False,False,False,1.2148760330578512,False,True,True,0.15,quality_flag,ink-outlier,50.674418604651166,0f0d3377666b6c35,212
14201,gold/yen11_page_0286_c02_029.png,yen11,page_0286,2,渡,còn,𡥵,U+21975,char,GOLD,s1_inter_s2_similar,0.842,0.213,98.0,146.0,1a35ef4a9461,ok,train,yen11|page_0286|c2,"[1297, 1374, 1404, 1492]",0.842,True,False,False,False,True,False,False,False,False,False,1.489795918367347,False,False,False,0.3,similar_bridge,similar-bridge,37.63291139240506,4eb08dbc4a792f59,213
67859,silver/yen11_page_0270_c09_195.png,yen11,page_0270,9,虎,xác,壳,U+58F3,char,SILVER,s2_inter_s3_corrected,0.69,0.167,73.0,111.0,cfce1a20ad7b,ok,train,yen11|page_0270|c9,"[239, 2380, 339, 2483]",0.69,True,False,False,False,False,False,False,False,False,False,1.5205479452054795,False,False,False,0.0,other,clean,75.11320754716981,5213532188e4845e,214
22421,gold/yen2_page_0130_c05_088.png,yen2,page_0130,5,嗔,chân,嗔,U+55D4,char,GOLD,s1_inter_s2_direct,,0.232,132.0,126.0,c713fe4c088f,ok,train,yen2|page_0130|c5,"[835, 489, 943, 594]",,False,False,False,False,False,False,True,False,False,True,0.9545454545454546,False,False,False,0.0999999999999999,gold_direct,gold-direct(no-s3),75.1512027491409,1108a105547a8a5b,215
30425,gold/yen2_page_0312_c05_090.png,yen2,page_0312,5,傳,chuyện,傳,U+50B3,char,GOLD,s1_inter_s2_direct,,0.259,119.0,147.0,b067642f1165,ok,train,yen2|page_0312|c5,"[839, 762, 948, 881]",,False,False,False,False,False,False,True,False,False,True,1.2352941176470589,False,False,False,0.0999999999999999,gold_direct,gold-direct(no-s3),75.1512027491409,7c126380aac0e7b9,216
6751,syllable/yen4_page_0178_c08_136.png,yen4,page_0178,8,皇,Thánh,,,syllable,SYLLABLE,nghia_consensus,0.085,0.144,93.0,101.0,c1690943c271,ok,train,yen4|page_0178|c8,"[251, 610, 326, 693]",0.085,True,False,False,False,False,False,False,True,True,False,1.086021505376344,False,False,False,0.6,s3_low,s3=0.09<τ,37.47752808988764,6929985de6066708,217
50852,gold/yen11_page_0116_c04_079.png,yen11,page_0116,4,事,sự,事,U+4E8B,char,GOLD,s1_inter_s2_direct,,0.146,109.0,138.0,57e7c9e4cfa3,ok,train,yen11|page_0116|c4,"[1056, 1831, 1158, 1943]",,False,False,False,False,False,False,True,False,False,True,1.2660550458715596,False,False,False,0.0999999999999999,gold_direct,gold-direct(no-s3),75.1512027491409,adc070b91b256232,218
23403,gold/yen2_page_0150_c09_171.png,yen2,page_0150,9,眉,mày,眉,U+7709,char,GOLD,s1_inter_s2_direct,,0.196,116.0,146.0,156fb4daf5ba,ok,train,yen2|page_0150|c9,"[233, 1057, 329, 1175]",,False,False,False,False,False,False,True,False,False,True,1.2586206896551724,False,False,False,0.0999999999999999,gold_direct,gold-direct(no-s3),75.1512027491409,919dca3ada9c4b8c,219
27114,gold/yen2_page_0238_c02_025.png,yen2,page_0238,2,朱,cho,朱,U+6731,char,GOLD,s1_inter_s2_direct,,0.179,117.0,152.0,73dcfa1ed98e,ok,train,yen2|page_0238|c2,"[1296, 1000, 1404, 1124]",,False,False,False,False,False,False,True,False,False,True,1.2991452991452992,False,False,False,0.0999999999999999,gold_direct,gold-direct(no-s3),75.1512027491409,1c7864a31d46e06c,220
48764,gold/yen11_page_0070_c06_128.png,yen11,page_0070,6,袄,áo,袄,U+8884,char,GOLD,s1_inter_s2_direct,,0.152,121.0,140.0,839a61acb1f3,ok,train,yen11|page_0070|c6,"[716, 2301, 822, 2415]",,False,False,False,False,False,False,True,False,False,True,1.1570247933884297,False,False,False,0.0999999999999999,gold_direct,gold-direct(no-s3),75.1512027491409,3e28b8644c5c81fe,221
42741,gold/yen4_page_0248_c06_103.png,yen4,page_0248,6,冷,lành,冷,U+51B7,char,GOLD,s1_inter_s2_direct,,0.146,70.0,87.0,79bc44a1a279,ok,test,yen4|page_0248|c6,"[496, 289, 563, 360]",,False,False,False,False,False,False,True,False,False,True,1.2428571428571429,False,False,False,0.0999999999999999,gold_direct,gold-direct(no-s3),75.1512027491409,c9cdae4d11d2d2cc,222
68024,silver/yen11_page_0292_c06_122.png,yen11,page_0292,6,仰,máu,泖,U+6CD6,char,SILVER,s2_inter_s3_corrected,0.714,0.15,106.0,147.0,91978bee727e,ok,train,yen11|page_0292|c6,"[743, 2294, 849, 2413]",0.714,True,False,False,False,False,False,False,False,False,False,1.3867924528301887,False,False,False,0.0,other,clean,75.11320754716981,93fcdd2d518a05c1,223
3620,silver/yen11_page_0238_c02_037.png,yen11,page_0238,2,𠮦,hai,咍,U+548D,char,SILVER,s3_head_bank_consensus,0.261,0.164,83.0,135.0,425458474853,ok,train,yen11|page_0238|c2,"[1317, 1739, 1421, 1848]",0.261,True,False,False,False,False,True,False,True,True,False,1.6265060240963856,False,False,False,0.76,silver_headbank,"silver-headbank,s3=0.26<τ",38.05128205128205,27a7111b0863f67a,224
22605,gold/yen2_page_0134_c02_039.png,yen2,page_0134,2,固,có,固,U+56FA,char,GOLD,s1_inter_s2_direct,,0.222,83.0,140.0,1ed7c5a30b2e,ok,train,yen2|page_0134|c2,"[1306, 2307, 1402, 2421]",,False,False,False,False,False,False,True,False,False,True,1.686746987951807,False,False,False,0.0999999999999999,gold_direct,gold-direct(no-s3),75.1512027491409,a1054c7e2b1e6afc,225
5822,syllable/yen2_page_0264_c07_133.png,yen2,page_0264,7,樞,Giu,,,syllable,SYLLABLE,nghia_consensus,0.027,0.242,90.0,145.0,9f6420e15ee2,ok,train,yen2|page_0264|c7,"[511, 1977, 622, 2098]",0.027,True,False,False,False,False,False,False,True,True,False,1.6111111111111112,False,False,False,0.6,s3_low,s3=0.03<τ,37.47752808988764,7a3ac3730848ec11,226
31270,gold/yen2_page_0330_c01_014.png,yen2,page_0330,1,麻,mà,麻,U+9EBB,char,GOLD,s1_inter_s2_direct,,0.183,111.0,156.0,4fa6fd8bee81,ok,test,yen2|page_0330|c1,"[1436, 1879, 1551, 2005]",,False,False,False,False,False,False,True,False,False,True,1.4054054054054057,False,False,False,0.0999999999999999,gold_direct,gold-direct(no-s3),75.1512027491409,840d844fa3373e06,227
49435,gold/yen11_page_0088_c06_135.png,yen11,page_0088,6,疾,tật,疾,U+75BE,char,GOLD,s1_inter_s2_direct,,0.165,135.0,138.0,7bab4b30500e,ok,train,yen11|page_0088|c6,"[731, 1237, 840, 1349]",,False,False,False,False,False,False,True,False,False,True,1.022222222222222,False,False,False,0.0999999999999999,gold_direct,gold-direct(no-s3),75.1512027491409,ace099f736d7b664,228
67590,silver/yen11_page_0234_c02_028.png,yen11,page_0234,2,苑,Pha,葩,U+8469,char,SILVER,s2_inter_s3_corrected,0.966,0.188,105.0,136.0,85298aabbbbe,ok,train,yen11|page_0234|c2,"[1306, 1001, 1404, 1117]",0.966,True,False,False,False,False,False,False,False,False,False,1.2952380952380953,False,False,False,0.0,other,clean,75.11320754716981,67b1826534e0d0b2,229
28851,gold/yen2_page_0276_c05_078.png,yen2,page_0276,5,主,Chúa,主,U+4E3B,char,GOLD,s1_inter_s2_direct,,0.217,91.0,157.0,27f506f4b8c3,ok,train,yen2|page_0276|c5,"[1448, 900, 1554, 1027]",,False,False,False,False,False,False,True,False,False,True,1.7252747252747254,False,False,False,0.0999999999999999,gold_direct,gold-direct(no-s3),75.1512027491409,90e3b7c8649a503f,230
48111,gold/yen11_page_0058_c05_108.png,yen11,page_0058,5,核,cây,核,U+6838,char,GOLD,s1_inter_s2_direct,,0.243,87.0,115.0,b0ee8de93940,ok,train,yen11|page_0058|c5,"[873, 2400, 979, 2508]",,False,False,False,False,False,False,True,False,False,True,1.3218390804597702,False,False,False,0.0999999999999999,gold_direct,gold-direct(no-s3),75.1512027491409,098c28492f01d66c,231
44050,gold/yen4_page_0276_c05_085.png,yen4,page_0276,5,係,hề,係,U+4FC2,char,GOLD,s1_inter_s2_direct,,0.182,72.0,97.0,5177660a333e,ok,train,yen4|page_0276|c5,"[567, 1068, 636, 1147]",,False,False,False,False,False,False,True,False,False,True,1.3472222222222223,False,False,False,0.0999999999999999,gold_direct,gold-direct(no-s3),75.1512027491409,ef29f0c86f03c35f,232
13775,gold/yen11_page_0160_c03_033.png,yen11,page_0160,3,早,người,㝵,U+3775,char,GOLD,s1_inter_s2_similar,0.981,0.131,103.0,132.0,d67e8161616f,ok,train,yen11|page_0160|c3,"[1190, 1061, 1291, 1169]",0.981,True,False,False,False,True,False,False,False,False,False,1.2815533980582523,False,False,False,0.3,similar_bridge,similar-bridge,37.63291139240506,cfd74b0835233916,233
16151,silver/yen11_page_0092_c09_169.png,yen11,page_0092,9,煑,thưởng,賞,U+8CDE,char,SILVER,s2_inter_s3_corrected,0.729,0.143,86.0,159.0,840ccd595a63,tall,train,yen11|page_0092|c9,"[247, 2047, 355, 2176]",0.729,True,False,False,False,False,False,False,False,False,False,1.8488372093023255,True,False,True,0.1999999999999999,quality_flag,aspect=1.85,50.674418604651166,ec74b89abded631c,234
10772,silver/yen4_page_0286_c09_203.png,yen4,page_0286,9,迩,giục,逐,U+9010,char,SILVER,s2_inter_s3_corrected,0.55,0.191,57.0,94.0,58b23edfd00f,ok,train,yen4|page_0286|c9,"[175, 1438, 246, 1514]",0.55,True,False,False,False,False,False,False,True,False,False,1.649122807017544,False,False,False,0.35,s3_low,s3=0.55<τ,37.47752808988764,052bf009bf319d50,235
15502,gold/yen2_page_0204_c05_087.png,yen2,page_0204,5,麻,ma,麻,U+9EBB,char,GOLD,s1_inter_s2_direct,,0.33,105.0,179.0,d7b4a6ae6542,ok,train,yen2|page_0204|c5,"[826, 1922, 932, 2067]",,False,False,False,False,False,False,True,False,False,True,1.7047619047619047,False,True,True,0.235,quality_flag,ink-outlier,50.674418604651166,28c55fc0e76c7a76,236
63984,silver/yen4_page_0116_c04_072.png,yen4,page_0116,4,身,người,㝵,U+3775,char,SILVER,s2_inter_s3_corrected,0.981,0.153,66.0,90.0,5a4723dd70b6,ok,val,yen4|page_0116|c4,"[657, 530, 724, 604]",0.981,True,False,False,False,False,False,False,False,False,False,1.3636363636363635,False,False,False,0.0,other,clean,75.11320754716981,5331041c8f3cc422,237
31456,gold/yen4_page_0014_c04_079.png,yen4,page_0014,4,打,đánh,打,U+6253,char,GOLD,s1_inter_s2_direct,,0.167,82.0,87.0,392359605c99,ok,val,yen4|page_0014|c4,"[680, 827, 752, 898]",,False,False,False,False,False,False,True,False,False,True,1.0609756097560976,False,False,False,0.0999999999999999,gold_direct,gold-direct(no-s3),75.1512027491409,7d7c786659f0f4dd,238
58762,gold/yen11_page_0272_c09_173.png,yen11,page_0272,9,畧,Trước,畧,U+7567,char,GOLD,s1_inter_s2_direct,,0.227,94.0,141.0,19ff4fe6d3a1,ok,train,yen11|page_0272|c9,"[297, 1563, 401, 1678]",,False,False,False,False,False,False,True,False,False,True,1.5,False,False,False,0.0999999999999999,gold_direct,gold-direct(no-s3),75.1512027491409,b70aab97dd738bbc,239
59744,gold/yen11_page_0292_c06_121.png,yen11,page_0292,6,歇,hết,歇,U+6B47,char,GOLD,s1_inter_s2_direct,,0.182,112.0,138.0,338ef41129bd,ok,train,yen11|page_0292|c6,"[743, 2190, 848, 2311]",,False,False,False,False,False,False,True,False,False,True,1.2321428571428572,False,False,False,0.0999999999999999,gold_direct,gold-direct(no-s3),75.1512027491409,3fd0210a9ac0fc90,240
30855,gold/yen2_page_0320_c06_111.png,yen2,page_0320,6,年,nên,年,U+5E74,char,GOLD,s1_inter_s2_direct,,0.183,118.0,151.0,100125412d79,ok,val,yen2|page_0320|c6,"[708, 2220, 812, 2343]",,False,False,False,False,False,False,True,False,False,True,1.2796610169491525,False,False,False,0.0999999999999999,gold_direct,gold-direct(no-s3),75.1512027491409,92e395ee102d026c,241
52769,gold/yen11_page_0152_c09_182.png,yen11,page_0152,9,主,Chúa,主,U+4E3B,char,GOLD,s1_inter_s2_direct,,0.125,101.0,148.0,7b21ffb97e79,ok,train,yen11|page_0152|c9,"[282, 1319, 389, 1439]",,False,False,False,False,False,False,True,False,False,True,1.465346534653465,False,False,False,0.0999999999999999,gold_direct,gold-direct(no-s3),75.1512027491409,41c0cb8e9b393749,242
45399,gold/yen4_page_0300_c03_063.png,yen4,page_0300,3,朱,cho,朱,U+6731,char,GOLD,s1_inter_s2_direct,,0.178,86.0,75.0,6e60c190497b,ok,test,yen4|page_0300|c3,"[751, 1577, 821, 1645]",,False,False,False,False,False,False,True,False,False,True,0.872093023255814,False,False,False,0.0999999999999999,gold_direct,gold-direct(no-s3),75.1512027491409,9c8fedeb5b357c88,243
66714,syllable/yen11_page_0122_c08_143.png,yen11,page_0122,8,衣,I,,,syllable,SYLLABLE,nghia_consensus,0.727,0.149,112.0,133.0,943c2e6a5729,ok,train,yen11|page_0122|c8,"[445, 1677, 545, 1787]",0.727,True,False,False,False,False,False,False,False,False,False,1.1875,False,False,False,0.0,other,clean,75.11320754716981,a3d0ad729e8457a1,244
62118,silver/yen2_page_0214_c09_160.png,yen2,page_0214,9,思,quỷ,鬼,U+9B3C,char,SILVER,s2_inter_s3_corrected,0.794,0.223,129.0,132.0,6d36e938cea9,ok,train,yen2|page_0214|c9,"[248, 490, 353, 598]",0.794,True,False,False,False,False,False,False,False,False,False,1.0232558139534884,False,False,False,0.0,other,clean,75.11320754716981,784245748ed2d0e3,245
2415,silver/yen2_page_0028_c07_143.png,yen2,page_0028,7,相,vua,君,U+541B,char,SILVER,s3_head_bank_consensus,0.03,0.16,103.0,142.0,a86df38671ce,ok,train,yen2|page_0028|c7,"[494, 1408, 596, 1524]",0.03,True,False,False,False,False,True,False,True,True,False,1.3786407766990292,False,False,False,0.76,silver_headbank,"silver-headbank,s3=0.03<τ",38.05128205128205,efc414a31c6db3ce,246
47259,gold/yen11_page_0042_c04_011.png,yen11,page_0042,4,垩,Thánh,垩,U+57A9,char,GOLD,s1_inter_s2_direct,,0.282,93.0,143.0,b7736b951a2e,ok,train,yen11|page_0042|c4,"[1016, 1331, 1124, 1448]",,False,False,False,False,False,False,True,False,False,True,1.5376344086021505,False,False,False,0.0999999999999999,gold_direct,gold-direct(no-s3),75.1512027491409,a1b6411e3b78c4a6,247
27069,gold/yen2_page_0236_c07_114.png,yen2,page_0236,7,堂,đàng,堂,U+5802,char,GOLD,s1_inter_s2_direct,,0.239,110.0,138.0,2221f068aaef,ok,train,yen2|page_0236|c7,"[542, 675, 653, 796]",,False,False,False,False,False,False,True,False,False,True,1.2545454545454546,False,False,False,0.0999999999999999,gold_direct,gold-direct(no-s3),75.1512027491409,a3af5ca5a1591768,248
47594,gold/yen11_page_0050_c03_046.png,yen11,page_0050,3,丕,vậy,丕,U+4E15,char,GOLD,s1_inter_s2_direct,,0.255,106.0,132.0,349045eeb4fb,ok,train,yen11|page_0050|c3,"[1171, 603, 1271, 714]",,False,False,False,False,False,False,True,False,False,True,1.2452830188679245,False,False,False,0.0999999999999999,gold_direct,gold-direct(no-s3),75.1512027491409,98e05b4d3695fdc1,249
9690,silver/yen2_page_0102_c05_090.png,yen2,page_0102,5,僥,nhiều,嬈,U+5B08,char,SILVER,s2_inter_s3_corrected,0.531,0.28,102.0,140.0,e976cb3a4f50,ok,train,yen2|page_0102|c5,"[815, 929, 921, 1043]",0.531,True,False,False,False,False,False,False,True,False,False,1.3725490196078431,False,False,False,0.35,s3_low,s3=0.53<τ,37.47752808988764,1aee0081a31219f8,250
31208,gold/yen2_page_0328_c02_030.png,yen2,page_0328,2,𥘉,Xưa,𥘉,U+25609,char,GOLD,s1_inter_s2_direct,,0.231,136.0,166.0,32b55f4ed4cb,ok,train,yen2|page_0328|c2,"[1305, 1541, 1420, 1675]",,False,False,False,False,False,False,True,False,False,True,1.2205882352941178,False,False,False,0.0999999999999999,gold_direct,gold-direct(no-s3),75.1512027491409,07397a57b166b6c7,251
2556,silver/yen2_page_0140_c06_092.png,yen2,page_0140,6,馬,vì,為,U+70BA,char,SILVER,s3_head_bank_consensus,0.48,0.238,128.0,145.0,2e92e6e4593f,ok,train,yen2|page_0140|c6,"[652, 1199, 756, 1316]",0.48,True,False,False,False,False,True,False,True,True,False,1.1328125,False,False,False,0.76,silver_headbank,"silver-headbank,s3=0.48<τ",38.05128205128205,433bf57652aa445f,252
45109,gold/yen4_page_0294_c07_136.png,yen4,page_0294,7,罪,tội,罪,U+7F6A,char,GOLD,s1_inter_s2_direct,,0.119,82.0,94.0,38f3f6ec357e,ok,test,yen4|page_0294|c7,"[367, 649, 436, 725]",,False,False,False,False,False,False,True,False,False,True,1.146341463414634,False,False,False,0.0999999999999999,gold_direct,gold-direct(no-s3),75.1512027491409,b27a9e199dd4ea1e,253
58199,gold/yen11_page_0262_c01_003.png,yen11,page_0262,1,鎌,gươm,鎌,U+938C,char,GOLD,s1_inter_s2_direct,,0.233,112.0,147.0,1324a6bf5532,ok,train,yen11|page_0262|c1,"[1463, 740, 1573, 859]",,False,False,False,False,False,False,True,False,False,True,1.3125,False,False,False,0.0999999999999999,gold_direct,gold-direct(no-s3),75.1512027491409,b86d3e634410875a,254
13002,gold/yen4_page_0218_c04_073.png,yen4,page_0218,4,建,liên,連,U+9023,char,GOLD,s1_inter_s2_similar,0.931,0.173,89.0,99.0,5cd2fb8ef4f7,ok,test,yen4|page_0218|c4,"[673, 1173, 746, 1254]",0.931,True,False,False,False,True,False,False,False,False,False,1.1123595505617978,False,False,False,0.3,similar_bridge,similar-bridge,37.63291139240506,8f73b8f237208665,255
13214,gold/yen4_page_0292_c01_010.png,yen4,page_0292,1,户,lo,卢,U+5362,char,GOLD,s1_inter_s2_similar,0.95,0.128,71.0,90.0,3b99cf230e2f,ok,val,yen4|page_0292|c1,"[937, 835, 1007, 909]",0.95,True,False,False,False,True,False,False,False,False,False,1.267605633802817,False,False,False,0.3,similar_bridge,similar-bridge,37.63291139240506,4346c1ae658a2d7a,256
5431,syllable/yen2_page_0178_c05_078.png,yen2,page_0178,5,䏻,đi,,,syllable,SYLLABLE,nghia_consensus,0.338,0.284,107.0,158.0,d7789ab5eaad,ok,test,yen2|page_0178|c5,"[840, 912, 944, 1040]",0.338,True,False,False,False,False,False,False,True,True,False,1.4766355140186915,False,False,False,0.6,s3_low,s3=0.34<τ,37.47752808988764,e88b53dc92fb5b8e,257
41427,gold/yen4_page_0222_c05_101.png,yen4,page_0222,5,神,Thần,神,U+795E,char,GOLD,s1_inter_s2_direct,,0.168,89.0,88.0,cf63397f1d64,ok,train,yen4|page_0222|c5,"[575, 1532, 648, 1604]",,False,False,False,False,False,False,True,False,False,True,0.9887640449438202,False,False,False,0.0999999999999999,gold_direct,gold-direct(no-s3),75.1512027491409,4ea404f00f43b185,258
48858,gold/yen11_page_0072_c05_106.png,yen11,page_0072,5,体,thấy,体,U+4F53,char,GOLD,s1_inter_s2_direct,,0.168,102.0,117.0,1354ea706137,ok,test,yen11|page_0072|c5,"[868, 2389, 978, 2497]",,False,False,False,False,False,False,True,False,False,True,1.1470588235294117,False,False,False,0.0999999999999999,gold_direct,gold-direct(no-s3),75.1512027491409,fd5b2a5b6d83a09c,259
48908,gold/yen11_page_0074_c02_026.png,yen11,page_0074,2,為,vê,為,U+70BA,char,GOLD,s1_inter_s2_direct,,0.21,135.0,146.0,8f941d8bbd29,ok,train,yen11|page_0074|c2,"[1341, 918, 1450, 1036]",,False,False,False,False,False,False,True,False,False,True,1.0814814814814817,False,False,False,0.0999999999999999,gold_direct,gold-direct(no-s3),75.1512027491409,816247ab198371f4,260
22521,gold/yen2_page_0132_c04_071.png,yen2,page_0132,4,囚,tù,囚,U+56DA,char,GOLD,s1_inter_s2_direct,,0.208,122.0,148.0,f4ab6678750c,ok,train,yen2|page_0132|c4,"[947, 1248, 1052, 1368]",,False,False,False,False,False,False,True,False,False,True,1.213114754098361,False,False,False,0.0999999999999999,gold_direct,gold-direct(no-s3),75.1512027491409,6b2e4630f7fd5d18,261
947,silver/yen4_page_0024_c02_037.png,yen4,page_0024,2,消,hãm,𨺻,U+28EBB,char,SILVER,s2_inter_s3_corrected,0.726,0.12,90.0,100.0,cc5e112d9749,ok,train,yen4|page_0024|c2,"[894, 1369, 968, 1451]",0.726,True,False,True,True,False,False,False,False,False,False,1.1111111111111112,False,False,False,0.9,dup_defect,cross-col(F1),24.956989247311828,248a9036afa20d71,262
2248,gold/yen11_page_0218_c02_030.png,yen11,page_0218,2,拱,Cũng,拱,U+62F1,char,GOLD,s1_inter_s2_direct,,0.19,116.0,129.0,21b83f8a1e64,ok,train,yen11|page_0218|c2,"[1290, 1704, 1400, 1809]",,False,True,False,True,False,False,True,False,False,True,1.112068965517241,False,False,False,0.9,dup_defect,dup-bbox(AE-1),24.956989247311828,cc2f991d2c707f5a,263
65488,silver/yen4_page_0272_c06_120.png,yen4,page_0272,6,來,cho,朱,U+6731,char,SILVER,s2_inter_s3_corrected,0.898,0.144,83.0,99.0,371ad26449b9,ok,train,yen4|page_0272|c6,"[497, 976, 566, 1057]",0.898,True,False,False,False,False,False,False,False,False,False,1.1927710843373494,False,False,False,0.0,other,clean,75.11320754716981,459d282ae6e93c3d,264
47489,gold/yen11_page_0048_c03_064.png,yen11,page_0048,3,𨺻,hãm,𨺻,U+28EBB,char,GOLD,s1_inter_s2_direct,,0.227,91.0,115.0,8e650c42031a,ok,train,yen11|page_0048|c3,"[1144, 2354, 1250, 2461]",,False,False,False,False,False,False,True,False,False,True,1.2637362637362637,False,False,False,0.0999999999999999,gold_direct,gold-direct(no-s3),75.1512027491409,611b79851c4e4ec9,265
11721,gold/yen2_page_0100_c09_151.png,yen2,page_0100,9,建,liền,連,U+9023,char,GOLD,s1_inter_s2_similar,0.939,0.192,127.0,147.0,7265d13d6b93,ok,train,yen2|page_0100|c9,"[193, 572, 302, 691]",0.939,True,False,False,False,True,False,False,False,False,False,1.15748031496063,False,False,False,0.3,similar_bridge,similar-bridge,37.63291139240506,4d6f9d92e6c0d235,266
17286,gold/yen2_page_0030_c01_010.png,yen2,page_0030,1,買,mới,買,U+8CB7,char,GOLD,s1_inter_s2_direct,,0.172,91.0,132.0,4861f3caabae,ok,train,yen2|page_0030|c1,"[1426, 1462, 1524, 1570]",,False,False,False,False,False,False,True,False,False,True,1.4505494505494505,False,False,False,0.0999999999999999,gold_direct,gold-direct(no-s3),75.1512027491409,c751e0aeeae03bc4,267
4091,gold/yen11_page_0078_c02_028.png,yen11,page_0078,2,旱,người,㝵,U+3775,char,GOLD,s1_inter_s2_similar,0.088,0.248,78.0,130.0,709546f3bdc1,ok,train,yen11|page_0078|c2,"[1295, 1009, 1400, 1115]",0.088,True,False,False,False,True,False,False,True,True,False,1.6666666666666667,False,False,False,0.7,similar_bridge_lowcos,"similar-bridge,s3=0.09<τ",24.933333333333334,ffa7ae182235c539,268
54054,gold/yen11_page_0178_c08_165.png,yen11,page_0178,8,朱,cho,朱,U+6731,char,GOLD,s1_inter_s2_direct,,0.22,91.0,139.0,d69c35264b93,ok,train,yen11|page_0178|c8,"[399, 1861, 499, 1974]",,False,False,False,False,False,False,True,False,False,True,1.5274725274725274,False,False,False,0.0999999999999999,gold_direct,gold-direct(no-s3),75.1512027491409,3f72ed85e9a2d481,269
49564,gold/yen11_page_0090_c07_154.png,yen11,page_0090,7,吕,trở,吕,U+5415,char,GOLD,s1_inter_s2_direct,,0.192,90.0,140.0,63233d28e96f,ok,train,yen11|page_0090|c7,"[526, 2104, 626, 2218]",,False,False,False,False,False,False,True,False,False,True,1.5555555555555556,False,False,False,0.0999999999999999,gold_direct,gold-direct(no-s3),75.1512027491409,e47a3dc9f27fc575,270
10843,silver/yen11_page_0020_c07_142.png,yen11,page_0020,7,障,và,喡,U+55A1,char,SILVER,s2_inter_s3_corrected,0.525,0.204,107.0,137.0,b1159f5892c8,ok,train,yen11|page_0020|c7,"[563, 1681, 672, 1792]",0.525,True,False,False,False,False,False,False,True,False,False,1.280373831775701,False,False,False,0.35,s3_low,s3=0.53<τ,37.47752808988764,caecdd836d9e1cc9,271
242,syllable/yen4_page_0194_c07_143.png,yen4,page_0194,7,而,làm,,,syllable,SYLLABLE,nghia_consensus,0.049,0.112,77.0,101.0,a3f9f50dc647,ok,test,yen4|page_0194|c7,"[488, 904, 562, 987]",0.049,True,False,True,True,False,False,False,True,True,False,1.3116883116883118,False,False,False,0.96,dup_defect,"cross-col(F1),s3=0.05<τ",24.956989247311828,9ee7d5c79de8a406,272
25523,gold/yen2_page_0200_c01_009.png,yen2,page_0200,1,共,cùng,共,U+5171,char,GOLD,s1_inter_s2_direct,,0.249,101.0,152.0,2b91347c299a,ok,train,yen2|page_0200|c1,"[1423, 1384, 1528, 1508]",,False,False,False,False,False,False,True,False,False,True,1.504950495049505,False,False,False,0.0999999999999999,gold_direct,gold-direct(no-s3),75.1512027491409,7025e1a6f4bca3d2,273
7215,syllable/yen4_page_0284_c07_144.png,yen4,page_0284,7,𡖋,làm,,,syllable,SYLLABLE,nghia_consensus,0.329,0.133,71.0,93.0,d90eb3e1bf6a,ok,train,yen4|page_0284|c7,"[368, 977, 436, 1052]",0.329,True,False,False,False,False,False,False,True,True,False,1.3098591549295775,False,False,False,0.6,s3_low,s3=0.33<τ,37.47752808988764,0e7b62e3090551e3,274
54691,gold/yen11_page_0190_c07_134.png,yen11,page_0190,7,浪,rằng,浪,U+6D6A,char,GOLD,s1_inter_s2_direct,,0.194,107.0,145.0,79ce214eb344,ok,test,yen11|page_0190|c7,"[1061, 989, 1168, 1108]",,False,False,False,False,False,False,True,False,False,True,1.355140186915888,False,False,False,0.0999999999999999,gold_direct,gold-direct(no-s3),75.1512027491409,891828f4985c3bf3,275
1963,gold/yen11_page_0062_c09_170.png,yen11,page_0062,9,娄,sau,娄,U+5A04,char,GOLD,s1_inter_s2_direct,,0.208,103.0,128.0,b2dcde41d21b,ok,val,yen11|page_0062|c9,"[249, 1495, 351, 1599]",,False,True,False,True,False,False,True,False,False,True,1.2427184466019416,False,False,False,0.9,dup_defect,dup-bbox(AE-1),24.956989247311828,57867af0040085de,276
67511,silver/yen11_page_0222_c03_061.png,yen11,page_0222,3,粤,là,罗,U+7F57,char,SILVER,s2_inter_s3_corrected,0.703,0.161,97.0,142.0,6e8a22cfc63d,ok,train,yen11|page_0222|c3,"[1171, 2083, 1272, 2199]",0.703,True,False,False,False,False,False,False,False,False,False,1.4639175257731958,False,False,False,0.0,other,clean,75.11320754716981,0e6a5609d575ec42,277
54170,gold/yen11_page_0180_c09_176.png,yen11,page_0180,9,除,chừa,除,U+9664,char,GOLD,s1_inter_s2_direct,,0.191,100.0,140.0,07f0aee0493d,ok,train,yen11|page_0180|c9,"[293, 516, 397, 632]",,False,False,False,False,False,False,True,False,False,True,1.4,False,False,False,0.0999999999999999,gold_direct,gold-direct(no-s3),75.1512027491409,eff92c35d26caa4c,278
11095,silver/yen11_page_0148_c02_037.png,yen11,page_0148,2,思,quỷ,鬼,U+9B3C,char,SILVER,s2_inter_s3_corrected,0.516,0.199,80.0,126.0,62983a0a112d,ok,train,yen11|page_0148|c2,"[1325, 1837, 1425, 1949]",0.516,True,False,False,False,False,False,False,True,False,False,1.575,False,False,False,0.35,s3_low,s3=0.52<τ,37.47752808988764,c51fcf96ac5d6a3b,279
16349,silver/yen4_page_0292_c08_184.png,yen4,page_0292,8,故,nó,奴,U+5974,char,SILVER,s2_inter_s3_corrected,0.967,0.099,74.0,104.0,9786e52d7911,ok,train,yen4|page_0292|c8,"[272, 1279, 346, 1363]",0.967,True,False,False,False,False,False,False,False,False,False,1.4054054054054057,False,True,True,0.15,quality_flag,ink-outlier,50.674418604651166,314462502340e29d,280
12770,gold/yen4_page_0138_c04_085.png,yen4,page_0138,4,得,người,𠊚,U+2029A,char,GOLD,s1_inter_s2_similar,0.801,0.141,85.0,90.0,8d59602754ff,ok,train,yen4|page_0138|c4,"[645, 1335, 716, 1410]",0.801,True,False,False,False,True,False,False,False,False,False,1.0588235294117647,False,False,False,0.3,similar_bridge,similar-bridge,37.63291139240506,0c89248dc8fbd744,281
44536,gold/yen4_page_0284_c08_166.png,yen4,page_0284,8,𦔳,chữa,𦔳,U+26533,char,GOLD,s1_inter_s2_direct,,0.166,67.0,97.0,940608f60e3f,ok,train,yen4|page_0284|c8,"[268, 932, 336, 1011]",,False,False,False,False,False,False,True,False,False,True,1.4477611940298507,False,False,False,0.0999999999999999,gold_direct,gold-direct(no-s3),75.1512027491409,4b5d3d2f6968169e,282
49191,gold/yen11_page_0078_c09_188.png,yen11,page_0078,9,時,thì,時,U+6642,char,GOLD,s1_inter_s2_direct,,0.173,78.0,132.0,9d264c619c7a,ok,train,yen11|page_0078|c9,"[243, 1832, 337, 1940]",,False,False,False,False,False,False,True,False,False,True,1.6923076923076923,False,False,False,0.0999999999999999,gold_direct,gold-direct(no-s3),75.1512027491409,c0c90094234f4f93,283
12003,gold/yen2_page_0188_c09_151.png,yen2,page_0188,9,羙,mở,美,U+7F8E,char,GOLD,s1_inter_s2_similar,0.981,0.176,130.0,147.0,e2eecb60b272,ok,train,yen2|page_0188|c9,"[171, 473, 285, 596]",0.981,True,False,False,False,True,False,False,False,False,False,1.1307692307692307,False,False,False,0.3,similar_bridge,similar-bridge,37.63291139240506,5abbf55ff8c35e51,284
54439,gold/yen11_page_0186_c05_086.png,yen11,page_0186,5,主,chúa,主,U+4E3B,char,GOLD,s1_inter_s2_direct,,0.152,99.0,140.0,0b0d6e6097ab,ok,train,yen11|page_0186|c5,"[904, 795, 1011, 909]",,False,False,False,False,False,False,True,False,False,True,1.414141414141414,False,False,False,0.0999999999999999,gold_direct,gold-direct(no-s3),75.1512027491409,69b99a231f3887cc,285
50753,gold/yen11_page_0114_c04_078.png,yen11,page_0114,4,打,đánh,打,U+6253,char,GOLD,s1_inter_s2_direct,,0.202,93.0,139.0,69db20c3af97,ok,train,yen11|page_0114|c4,"[1024, 2009, 1131, 2122]",,False,False,False,False,False,False,True,False,False,True,1.4946236559139785,False,False,False,0.0999999999999999,gold_direct,gold-direct(no-s3),75.1512027491409,754022232ee7832b,286
3170,silver/yen4_page_0232_c06_122.png,yen4,page_0232,6,眾,tội,罪,U+7F6A,char,SILVER,s3_head_bank_consensus,0.159,0.174,68.0,96.0,a7f969f56803,ok,val,yen4|page_0232|c6,"[481, 1375, 550, 1453]",0.159,True,False,False,False,False,True,False,True,True,False,1.411764705882353,False,False,False,0.76,silver_headbank,"silver-headbank,s3=0.16<τ",38.05128205128205,749548773b590457,287
55113,gold/yen11_page_0198_c07_134.png,yen11,page_0198,7,連,liền,連,U+9023,char,GOLD,s1_inter_s2_direct,,0.135,125.0,140.0,d6ade78e60ae,ok,train,yen11|page_0198|c7,"[1049, 878, 1153, 992]",,False,False,False,False,False,False,True,False,False,True,1.12,False,False,False,0.0999999999999999,gold_direct,gold-direct(no-s3),75.1512027491409,6e523d581c74d313,288
53985,gold/yen11_page_0178_c02_031.png,yen11,page_0178,2,於,ở,於,U+65BC,char,GOLD,s1_inter_s2_direct,,0.15,106.0,149.0,5acdcfa68562,ok,val,yen11|page_0178|c2,"[1313, 1307, 1419, 1428]",,False,False,False,False,False,False,True,False,False,True,1.4056603773584906,False,False,False,0.0999999999999999,gold_direct,gold-direct(no-s3),75.1512027491409,aa1044620c723604,289
56698,gold/yen11_page_0232_c05_104.png,yen11,page_0232,5,麻,mà,麻,U+9EBB,char,GOLD,s1_inter_s2_direct,,0.168,125.0,151.0,1b946b25bd56,ok,test,yen11|page_0232|c5,"[880, 2304, 989, 2427]",,False,False,False,False,False,False,True,False,False,True,1.208,False,False,False,0.0999999999999999,gold_direct,gold-direct(no-s3),75.1512027491409,fa9694a4123d00b5,290
28157,gold/yen2_page_0260_c09_158.png,yen2,page_0260,9,聖,Thánh,聖,U+8056,char,GOLD,s1_inter_s2_direct,,0.136,138.0,171.0,35b56e861fcf,ok,train,yen2|page_0260|c9,"[222, 1199, 341, 1338]",,False,False,False,False,False,False,True,False,False,True,1.2391304347826086,False,False,False,0.0999999999999999,gold_direct,gold-direct(no-s3),75.1512027491409,fe63db5c00c34759,291
1340,gold/yen4_page_0170_c05_103.png,yen4,page_0170,5,呐,nói,呐,U+5450,char,GOLD,s1_inter_s2_direct,,0.167,64.0,85.0,6a6b8ff42449,ok,train,yen4|page_0170|c5,"[589, 1482, 655, 1551]",,False,False,True,True,False,False,True,False,False,True,1.328125,False,False,False,0.9,dup_defect,cross-col(F1),24.956989247311828,84230c84734a9fae,292
14667,gold/yen11_page_0032_c08_161.png,yen11,page_0032,8,别,biết,别,U+522B,char,GOLD,s1_inter_s2_direct,,0.22,78.0,149.0,6f84c1286942,tall,train,yen11|page_0032|c8,"[395, 1569, 499, 1690]",,False,False,False,False,False,False,True,False,False,True,1.9102564102564104,True,False,True,0.2799999999999999,quality_flag,aspect=1.91,50.674418604651166,7c602c3907a20eed,293
51867,gold/yen11_page_0136_c05_091.png,yen11,page_0136,5,朱,cho,朱,U+6731,char,GOLD,s1_inter_s2_direct,,0.168,108.0,114.0,74f19cd52f3c,ok,val,yen11|page_0136|c5,"[934, 599, 1045, 691]",,False,False,False,False,False,False,True,False,False,True,1.0555555555555556,False,False,False,0.0999999999999999,gold_direct,gold-direct(no-s3),75.1512027491409,9726b4ff507df446,294
14168,gold/yen11_page_0274_c07_134.png,yen11,page_0274,7,腹,răng,𦝄,U+26744,char,GOLD,s1_inter_s2_similar,0.679,0.193,121.0,140.0,efa797f3807e,ok,train,yen11|page_0274|c7,"[561, 596, 672, 710]",0.679,True,False,False,False,True,False,False,False,False,False,1.1570247933884297,False,False,False,0.3,similar_bridge,similar-bridge,37.63291139240506,04efd9758bcee27f,295
66146,silver/yen11_page_0046_c07_096.png,yen11,page_0046,7,閑,muốn,悶,U+60B6,char,SILVER,s2_inter_s3_corrected,0.963,0.215,109.0,137.0,da76f34996fc,ok,train,yen11|page_0046|c7,"[539, 500, 639, 611]",0.963,True,False,False,False,False,False,False,False,False,False,1.256880733944954,False,False,False,0.0,other,clean,75.11320754716981,3cb91439d7fb4485,296
30403,gold/yen2_page_0312_c03_050.png,yen2,page_0312,3,曉,hiểu,曉,U+66C9,char,GOLD,s1_inter_s2_direct,,0.24,109.0,131.0,da03b17ddde6,ok,train,yen2|page_0312|c3,"[1146, 1095, 1240, 1202]",,False,False,False,False,False,False,True,False,False,True,1.201834862385321,False,False,False,0.0999999999999999,gold_direct,gold-direct(no-s3),75.1512027491409,c61979a095d2ae5e,297
50348,gold/yen11_page_0106_c04_069.png,yen11,page_0106,4,沛,phải,沛,U+6C9B,char,GOLD,s1_inter_s2_direct,,0.189,86.0,142.0,e989b18a2532,ok,train,yen11|page_0106|c4,"[1051, 843, 1153, 959]",,False,False,False,False,False,False,True,False,False,True,1.6511627906976745,False,False,False,0.0999999999999999,gold_direct,gold-direct(no-s3),75.1512027491409,4087bbaf66a8095c,298
2412,silver/yen2_page_0024_c04_068.png,yen2,page_0024,4,𭔿,ông,翁,U+7FC1,char,SILVER,s3_head_bank_consensus,0.282,0.2,121.0,142.0,cc5fc1ade547,ok,train,yen2|page_0024|c4,"[966, 837, 1071, 953]",0.282,True,False,False,False,False,True,False,True,True,False,1.1735537190082646,False,False,False,0.76,silver_headbank,"silver-headbank,s3=0.28<τ",38.05128205128205,cc3a427ed9d476bd,299
2731,silver/yen2_page_0288_c01_016.png,yen2,page_0288,1,蠒,vui,盃,U+76C3,char,SILVER,s3_head_bank_consensus,0.146,0.21,95.0,159.0,195c2781582b,ok,val,yen2|page_0288|c1,"[1447, 2118, 1558, 2247]",0.146,True,False,False,False,False,True,False,True,True,False,1.673684210526316,False,False,False,0.76,silver_headbank,"silver-headbank,s3=0.15<τ",38.05128205128205,9c4b23e10757a083,300
55226,gold/yen11_page_0200_c07_151.png,yen11,page_0200,7,断,Đoạn,断,U+65AD,char,GOLD,s1_inter_s2_direct,,0.24,90.0,140.0,ef8227596043,ok,test,yen11|page_0200|c7,"[569, 2225, 672, 2339]",,False,False,False,False,False,False,True,False,False,True,1.5555555555555556,False,False,False,0.0999999999999999,gold_direct,gold-direct(no-s3),75.1512027491409,553802e89f8f1c90,301
56870,gold/yen11_page_0236_c02_032.png,yen11,page_0236,2,勧,khuyên,勧,U+52E7,char,GOLD,s1_inter_s2_direct,,0.197,75.0,118.0,e062e2d0739d,ok,train,yen11|page_0236|c2,"[1343, 1413, 1442, 1524]",,False,False,False,False,False,False,True,False,False,True,1.5733333333333333,False,False,False,0.0999999999999999,gold_direct,gold-direct(no-s3),75.1512027491409,071aed3d6c7ba141,302
17,silver/yen4_page_0024_c09_195.png,yen4,page_0024,9,祠,vua,君,U+541B,char,SILVER,s3_head_bank_consensus,0.023,0.169,57.0,88.0,80bcddeca3ad,ok,train,yen4|page_0024|c9,"[185, 1524, 256, 1596]",0.023,True,True,False,True,False,True,False,True,True,False,1.543859649122807,False,False,False,0.976,dup_defect,"dup-bbox(AE-1),silver-headbank,s3=0.02<τ",24.956989247311828,81c3291bca6fcc5f,303
50638,gold/yen11_page_0112_c03_042.png,yen11,page_0112,3,仍,những,仍,U+4ECD,char,GOLD,s1_inter_s2_direct,,0.222,66.0,112.0,d3bdfe8b1775,ok,train,yen11|page_0112|c3,"[1151, 438, 1256, 546]",,False,False,False,False,False,False,True,False,False,True,1.696969696969697,False,False,False,0.0999999999999999,gold_direct,gold-direct(no-s3),75.1512027491409,0fe3e3c252b12052,304
4900,syllable/yen2_page_0068_c03_053.png,yen2,page_0068,3,妃,bà,,,syllable,SYLLABLE,nghia_consensus,0.315,0.223,113.0,142.0,bbaa2bea2624,ok,train,yen2|page_0068|c3,"[1136, 1462, 1241, 1578]",0.315,True,False,False,False,False,False,False,True,True,False,1.2566371681415929,False,False,False,0.6,s3_low,s3=0.32<τ,37.47752808988764,c656a4607e9f1b84,305
18271,gold/yen2_page_0048_c05_072.png,yen2,page_0048,5,為,vì,為,U+70BA,char,GOLD,s1_inter_s2_direct,,0.248,117.0,131.0,8ffff0df4a42,ok,train,yen2|page_0048|c5,"[819, 562, 922, 669]",,False,False,False,False,False,False,True,False,False,True,1.1196581196581197,False,False,False,0.0999999999999999,gold_direct,gold-direct(no-s3),75.1512027491409,8745eab84b3a5b5d,306
30553,gold/yen2_page_0314_c06_102.png,yen2,page_0314,6,路,lọ,路,U+8DEF,char,GOLD,s1_inter_s2_direct,,0.207,115.0,145.0,aa8b0b4158f4,ok,train,yen2|page_0314|c6,"[704, 724, 811, 841]",,False,False,False,False,False,False,True,False,False,True,1.2608695652173914,False,False,False,0.0999999999999999,gold_direct,gold-direct(no-s3),75.1512027491409,19e0210cdf2855a4,307
63177,silver/yen4_page_0036_c01_005.png,yen4,page_0036,1,納,nói,呐,U+5450,char,SILVER,s2_inter_s3_corrected,0.626,0.17,86.0,88.0,2c801e094661,ok,train,yen4|page_0036|c1,"[953, 580, 1023, 652]",0.626,True,False,False,False,False,False,False,False,False,False,1.0232558139534884,False,False,False,0.0,other,clean,75.11320754716981,e7c1a6a221706b36,308
16943,gold/yen2_page_0022_c04_073.png,yen2,page_0022,4,世,thế,世,U+4E16,char,GOLD,s1_inter_s2_direct,,0.166,126.0,147.0,99c02ea2905b,ok,train,yen2|page_0022|c4,"[970, 1370, 1074, 1489]",,False,False,False,False,False,False,True,False,False,True,1.1666666666666667,False,False,False,0.0999999999999999,gold_direct,gold-direct(no-s3),75.1512027491409,47c74384222494a0,309
8003,syllable/yen11_page_0142_c05_101.png,yen11,page_0142,5,勿,Đức,,,syllable,SYLLABLE,nghia_consensus,0.051,0.216,90.0,130.0,d83f98ec9184,ok,train,yen11|page_0142|c5,"[840, 1693, 948, 1812]",0.051,True,False,False,False,False,False,False,True,True,False,1.4444444444444444,False,False,False,0.6,s3_low,s3=0.05<τ,37.47752808988764,0a2e92640fb404df,310
30929,gold/yen2_page_0322_c05_086.png,yen2,page_0322,5,离,li,离,U+79BB,char,GOLD,s1_inter_s2_direct,,0.224,109.0,158.0,bd70d900adef,ok,train,yen2|page_0322|c5,"[840, 1193, 948, 1321]",,False,False,False,False,False,False,True,False,False,True,1.4495412844036697,False,False,False,0.0999999999999999,gold_direct,gold-direct(no-s3),75.1512027491409,e9c54f28bda98434,311
32405,gold/yen4_page_0034_c03_052.png,yen4,page_0034,3,麻,mà,麻,U+9EBB,char,GOLD,s1_inter_s2_direct,,0.184,80.0,88.0,1119ec462a1b,ok,train,yen4|page_0034|c3,"[744, 908, 813, 980]",,False,False,False,False,False,False,True,False,False,True,1.1,False,False,False,0.0999999999999999,gold_direct,gold-direct(no-s3),75.1512027491409,72a7b673e981ac6b,312
62272,silver/yen2_page_0232_c06_104.png,yen2,page_0232,6,媿,khỏi,塊,U+584A,char,SILVER,s2_inter_s3_corrected,0.97,0.193,111.0,155.0,83bd3420ca1a,ok,train,yen2|page_0232|c6,"[719, 1163, 819, 1288]",0.97,True,False,False,False,False,False,False,False,False,False,1.3963963963963963,False,False,False,0.0,other,clean,75.11320754716981,9951a48a9117db22,313
20403,gold/yen2_page_0090_c09_179.png,yen2,page_0090,9,宝,báu,宝,U+5B9D,char,GOLD,s1_inter_s2_direct,,0.199,105.0,128.0,4f5ca915a9cd,ok,train,yen2|page_0090|c9,"[216, 1167, 307, 1271]",,False,False,False,False,False,False,True,False,False,True,1.2190476190476192,False,False,False,0.0999999999999999,gold_direct,gold-direct(no-s3),75.1512027491409,d35992c94e0afc1f,314
3501,silver/yen11_page_0158_c01_019.png,yen11,page_0158,1,捧,cắm,扲,U+6272,char,SILVER,s3_head_bank_consensus,0.397,0.212,108.0,135.0,3a3f752bba76,ok,train,yen11|page_0158|c1,"[1467, 2133, 1572, 2242]",0.397,True,False,False,False,False,True,False,True,True,False,1.25,False,False,False,0.76,silver_headbank,"silver-headbank,s3=0.40<τ",38.05128205128205,f7268d8045b98200,315
46022,gold/yen11_page_0016_c06_113.png,yen11,page_0016,6,共,cùng,共,U+5171,char,GOLD,s1_inter_s2_direct,,0.205,99.0,141.0,64b5b0a43db5,ok,train,yen11|page_0016|c6,"[731, 816, 841, 931]",,False,False,False,False,False,False,True,False,False,True,1.4242424242424243,False,False,False,0.0999999999999999,gold_direct,gold-direct(no-s3),75.1512027491409,f9f3a2449e4adf07,316
11937,gold/yen2_page_0164_c02_016.png,yen2,page_0164,2,移,la,椤,U+6924,char,GOLD,s1_inter_s2_similar,0.949,0.277,126.0,162.0,fcf45d4e800b,ok,train,yen2|page_0164|c2,"[1303, 1323, 1412, 1455]",0.949,True,False,False,False,True,False,False,False,False,False,1.2857142857142858,False,False,False,0.3,similar_bridge,similar-bridge,37.63291139240506,c45e288e46804bad,317
13632,gold/yen11_page_0124_c07_144.png,yen11,page_0124,7,曉,theo,蹺,U+8E7A,char,GOLD,s1_inter_s2_similar,0.75,0.252,114.0,155.0,0b3cbb61e448,ok,train,yen11|page_0124|c7,"[567, 1441, 676, 1566]",0.75,True,False,False,False,True,False,False,False,False,False,1.3596491228070176,False,False,False,0.3,similar_bridge,similar-bridge,37.63291139240506,bddba006fd85ee74,318
67409,silver/yen11_page_0208_c08_168.png,yen11,page_0208,8,昇,người,㝵,U+3775,char,SILVER,s2_inter_s3_corrected,0.921,0.149,96.0,134.0,512a1532f544,ok,train,yen11|page_0208|c8,"[452, 1766, 555, 1882]",0.921,True,False,False,False,False,False,False,False,False,False,1.3958333333333333,False,False,False,0.0,other,clean,75.11320754716981,083406901720c3de,319
16512,gold/yen2_page_0014_c04_075.png,yen2,page_0014,4,浪,rằng,浪,U+6D6A,char,GOLD,s1_inter_s2_direct,,0.229,101.0,136.0,ef6421638a8e,ok,train,yen2|page_0014|c4,"[968, 1358, 1070, 1468]",,False,False,False,False,False,False,True,False,False,True,1.3465346534653466,False,False,False,0.0999999999999999,gold_direct,gold-direct(no-s3),75.1512027491409,9cfb986c1833ea99,320
21565,gold/yen2_page_0114_c05_084.png,yen2,page_0114,5,罪,tội,罪,U+7F6A,char,GOLD,s1_inter_s2_direct,,0.211,132.0,124.0,6397fca752f8,ok,train,yen2|page_0114|c5,"[835, 498, 943, 603]",,False,False,False,False,False,False,True,False,False,True,0.9393939393939394,False,False,False,0.0999999999999999,gold_direct,gold-direct(no-s3),75.1512027491409,4cb63e5e453ab657,321
55251,gold/yen11_page_0202_c01_005.png,yen11,page_0202,1,世,thế,世,U+4E16,char,GOLD,s1_inter_s2_direct,,0.195,128.0,152.0,a77a95e2b237,ok,train,yen11|page_0202|c1,"[1463, 897, 1576, 1021]",,False,False,False,False,False,False,True,False,False,True,1.1875,False,False,False,0.0999999999999999,gold_direct,gold-direct(no-s3),75.1512027491409,355338f90f2904d2,322
38539,gold/yen4_page_0160_c08_166.png,yen4,page_0160,8,愈,gió,愈,U+6108,char,GOLD,s1_inter_s2_direct,,0.159,62.0,89.0,edfeb10f0d65,ok,val,yen4|page_0160|c8,"[277, 779, 343, 853]",,False,False,False,False,False,False,True,False,False,True,1.435483870967742,False,False,False,0.0999999999999999,gold_direct,gold-direct(no-s3),75.1512027491409,fbb3d6419a57d095,323
53279,gold/yen11_page_0164_c04_066.png,yen11,page_0164,4,帝,đấy,帝,U+5E1D,char,GOLD,s1_inter_s2_direct,,0.171,108.0,141.0,4b288aa4a834,ok,train,yen11|page_0164|c4,"[1027, 1014, 1134, 1129]",,False,False,False,False,False,False,True,False,False,True,1.3055555555555556,False,False,False,0.0999999999999999,gold_direct,gold-direct(no-s3),75.1512027491409,e89ed73e43acbd13,324
40683,gold/yen4_page_0208_c02_026.png,yen4,page_0208,2,恠,quái,恠,U+6060,char,GOLD,s1_inter_s2_direct,,0.155,72.0,98.0,cf4465716182,ok,train,yen4|page_0208|c2,"[878, 489, 947, 569]",,False,False,False,False,False,False,True,False,False,True,1.3611111111111112,False,False,False,0.0999999999999999,gold_direct,gold-direct(no-s3),75.1512027491409,6e4e4a06d68bb24b,325
46055,gold/yen11_page_0016_c08_161.png,yen11,page_0016,8,罢,bởi,罢,U+7F62,char,GOLD,s1_inter_s2_direct,,0.215,107.0,145.0,31dee0057bb9,ok,train,yen11|page_0016|c8,"[423, 1187, 529, 1304]",,False,False,False,False,False,False,True,False,False,True,1.355140186915888,False,False,False,0.0999999999999999,gold_direct,gold-direct(no-s3),75.1512027491409,a97749d25a2deb73,326
34377,gold/yen4_page_0072_c06_081.png,yen4,page_0072,6,証,chứng,証,U+8A3C,char,GOLD,s1_inter_s2_direct,,0.149,81.0,97.0,9945c446ce9b,ok,train,yen4|page_0072|c6,"[473, 858, 546, 937]",,False,False,False,False,False,False,True,False,False,True,1.1975308641975309,False,False,False,0.0999999999999999,gold_direct,gold-direct(no-s3),75.1512027491409,085599fbdd7d2160,327
61837,syllable/yen2_page_0186_c03_041.png,yen2,page_0186,3,甫,thì,,,syllable,SYLLABLE,nghia_consensus,0.931,0.216,110.0,162.0,85a908edd542,ok,train,yen2|page_0186|c3,"[1092, 828, 1197, 964]",0.931,True,False,False,False,False,False,False,False,False,False,1.4727272727272729,False,False,False,0.0,other,clean,75.11320754716981,bf8b2a138e6f5144,328
49874,gold/yen11_page_0096_c09_182.png,yen11,page_0096,9,实,thật,实,U+5B9E,char,GOLD,s1_inter_s2_direct,,0.2,94.0,136.0,1d7c8a5ad87b,ok,train,yen11|page_0096|c9,"[272, 1433, 372, 1543]",,False,False,False,False,False,False,True,False,False,True,1.446808510638298,False,False,False,0.0999999999999999,gold_direct,gold-direct(no-s3),75.1512027491409,0229f7f3494caa90,329
50313,gold/yen11_page_0106_c01_015.png,yen11,page_0106,1,勧,khuyên,勧,U+52E7,char,GOLD,s1_inter_s2_direct,,0.236,119.0,138.0,66e97870d48d,ok,train,yen11|page_0106|c1,"[1477, 1890, 1582, 2002]",,False,False,False,False,False,False,True,False,False,True,1.1596638655462186,False,False,False,0.0999999999999999,gold_direct,gold-direct(no-s3),75.1512027491409,5094d3d3819b8403,330
45511,gold/yen4_page_0302_c05_085.png,yen4,page_0302,5,姑,cô,姑,U+59D1,char,GOLD,s1_inter_s2_direct,,0.221,75.0,99.0,0f4155ae67b0,ok,train,yen4|page_0302|c5,"[564, 446, 637, 527]",,False,False,False,False,False,False,True,False,False,True,1.32,False,False,False,0.0999999999999999,gold_direct,gold-direct(no-s3),75.1512027491409,1457f2a016b2b4f4,331
14515,gold/yen2_page_0324_c07_138.png,yen2,page_0324,7,油,Dù,油,U+6CB9,char,GOLD,s1_inter_s2_direct,,0.273,89.0,163.0,0010c922b56f,tall,val,yen2|page_0324|c7,"[546, 2277, 656, 2410]",,False,False,False,False,False,False,True,False,False,True,1.8314606741573032,True,False,True,0.2799999999999999,quality_flag,aspect=1.83,50.674418604651166,fa9e1250d4d851f4,332
56930,gold/yen11_page_0236_c07_148.png,yen11,page_0236,7,麻,mà,麻,U+9EBB,char,GOLD,s1_inter_s2_direct,,0.193,107.0,110.0,d63586442e5f,ok,train,yen11|page_0236|c7,"[572, 1855, 675, 1945]",,False,False,False,False,False,False,True,False,False,True,1.02803738317757,False,False,False,0.0999999999999999,gold_direct,gold-direct(no-s3),75.1512027491409,dbf075e14c0cfb6b,333
9580,silver/yen2_page_0062_c05_086.png,yen2,page_0062,5,𭔿,Ông,東,U+6771,char,SILVER,s2_inter_s3_corrected,0.583,0.191,135.0,131.0,16ee018ec5c5,ok,train,yen2|page_0062|c5,"[826, 491, 935, 603]",0.583,True,False,False,False,False,False,False,True,False,False,0.9703703703703704,False,False,False,0.35,s3_low,s3=0.58<τ,37.47752808988764,5aa1b8085669ad2f,334
40907,gold/yen4_page_0212_c05_096.png,yen4,page_0212,5,爲,vì,爲,U+7232,char,GOLD,s1_inter_s2_direct,,0.142,83.0,97.0,c9fa8e884b31,ok,train,yen4|page_0212|c5,"[577, 510, 647, 589]",,False,False,False,False,False,False,True,False,False,True,1.1686746987951808,False,False,False,0.0999999999999999,gold_direct,gold-direct(no-s3),75.1512027491409,2feb07bb7214a70b,335
26154,gold/yen2_page_0216_c01_003.png,yen2,page_0216,1,㝵,người,㝵,U+3775,char,GOLD,s1_inter_s2_direct,,0.266,128.0,152.0,227b6d85c365,ok,train,yen2|page_0216|c1,"[1455, 782, 1563, 906]",,False,False,False,False,False,False,True,False,False,True,1.1875,False,False,False,0.0999999999999999,gold_direct,gold-direct(no-s3),75.1512027491409,9d74554d67ab3d4f,336
54056,gold/yen11_page_0178_c08_167.png,yen11,page_0178,8,懶,lớn,懶,U+61F6,char,GOLD,s1_inter_s2_direct,,0.231,104.0,138.0,ef2d22702361,ok,train,yen11|page_0178|c8,"[408, 2049, 509, 2161]",,False,False,False,False,False,False,True,False,False,True,1.3269230769230769,False,False,False,0.0999999999999999,gold_direct,gold-direct(no-s3),75.1512027491409,007326f94d086be0,337
11624,gold/yen2_page_0076_c01_019.png,yen2,page_0076,1,溷,dộng,洞,U+6D1E,char,GOLD,s1_inter_s2_similar,0.911,0.211,135.0,147.0,931a807b26f5,ok,train,yen2|page_0076|c1,"[1418, 2303, 1527, 2426]",0.911,True,False,False,False,True,False,False,False,False,False,1.0888888888888888,False,False,False,0.3,similar_bridge,similar-bridge,37.63291139240506,9f61a79309edd74c,338
42853,gold/yen4_page_0250_c07_130.png,yen4,page_0250,7,旦,đến,旦,U+65E6,char,GOLD,s1_inter_s2_direct,,0.172,67.0,85.0,18b11fa5d289,ok,train,yen4|page_0250|c7,"[368, 771, 437, 844]",,False,False,False,False,False,False,True,False,False,True,1.2686567164179106,False,False,False,0.0999999999999999,gold_direct,gold-direct(no-s3),75.1512027491409,7223bd147a6d0d6c,339
31362,gold/yen4_page_0012_c05_082.png,yen4,page_0012,5,廩,lắm,廩,U+5EE9,char,GOLD,s1_inter_s2_direct,,0.223,68.0,87.0,e14f04a0e273,ok,train,yen4|page_0012|c5,"[562, 720, 633, 791]",,False,False,False,False,False,False,True,False,False,True,1.2794117647058822,False,False,False,0.0999999999999999,gold_direct,gold-direct(no-s3),75.1512027491409,e5f666b2c7e6f22f,340
10725,silver/yen4_page_0268_c09_183.png,yen4,page_0268,9,直,nghe,宐,U+5B90,char,SILVER,s2_inter_s3_corrected,0.533,0.111,74.0,95.0,63106e8de51f,ok,train,yen4|page_0268|c9,"[176, 807, 242, 884]",0.533,True,False,False,False,False,False,False,True,False,False,1.2837837837837838,False,False,False,0.35,s3_low,s3=0.53<τ,37.47752808988764,d451768f00a0c1bf,341
63151,silver/yen4_page_0032_c09_168.png,yen4,page_0032,9,納,nói,呐,U+5450,char,SILVER,s2_inter_s3_corrected,0.866,0.139,79.0,104.0,88cbd2c69e35,ok,train,yen4|page_0032|c9,"[167, 961, 243, 1045]",0.866,True,False,False,False,False,False,False,False,False,False,1.3164556962025316,False,False,False,0.0,other,clean,75.11320754716981,611e950fca3ceac5,342
11336,silver/yen11_page_0276_c01_003.png,yen11,page_0276,1,弓,chịu,召,U+53EC,char,SILVER,s2_inter_s3_corrected,0.598,0.117,96.0,146.0,54fc5c4412c2,ok,train,yen11|page_0276|c1,"[1496, 710, 1599, 828]",0.598,True,False,False,False,False,False,False,True,False,False,1.5208333333333333,False,False,False,0.35,s3_low,s3=0.60<τ,37.47752808988764,2a447251eb7982c1,343
30900,gold/yen2_page_0322_c02_028.png,yen2,page_0322,2,歲,tuổi,歲,U+6B72,char,GOLD,s1_inter_s2_direct,,0.178,130.0,156.0,82d8d5ac1050,ok,train,yen2|page_0322|c2,"[1288, 1355, 1399, 1481]",,False,False,False,False,False,False,True,False,False,True,1.2,False,False,False,0.0999999999999999,gold_direct,gold-direct(no-s3),75.1512027491409,49073d6fdf059b33,344
39281,gold/yen4_page_0174_c04_082.png,yen4,page_0174,4,庄,chẳng,庄,U+5E84,char,GOLD,s1_inter_s2_direct,,0.155,77.0,99.0,6016844ca407,ok,train,yen4|page_0174|c4,"[682, 918, 753, 1001]",,False,False,False,False,False,False,True,False,False,True,1.2857142857142858,False,False,False,0.0999999999999999,gold_direct,gold-direct(no-s3),75.1512027491409,2a6d9f8de9adcfd4,345
6414,syllable/yen4_page_0090_c01_002.png,yen4,page_0090,1,輝,sau,,,syllable,SYLLABLE,nghia_consensus,0.156,0.155,77.0,95.0,a3ac2ac45cc7,ok,train,yen4|page_0090|c1,"[958, 376, 1030, 453]",0.156,True,False,False,False,False,False,False,True,True,False,1.2337662337662338,False,False,False,0.6,s3_low,s3=0.16<τ,37.47752808988764,b358083001be5c74,346
62132,silver/yen2_page_0216_c03_047.png,yen2,page_0216,3,茂,một,没,U+6CA1,char,SILVER,s2_inter_s3_corrected,0.912,0.218,125.0,155.0,5acafdafaae7,ok,train,yen2|page_0216|c3,"[1166, 1302, 1267, 1427]",0.912,True,False,False,False,False,False,False,False,False,False,1.24,False,False,False,0.0,other,clean,75.11320754716981,b27b48ee18f4486f,347
7260,syllable/yen4_page_0300_c03_048.png,yen4,page_0300,3,皮,một,,,syllable,SYLLABLE,nghia_consensus,0.165,0.217,72.0,96.0,fbad6a81bbb1,ok,test,yen4|page_0300|c3,"[751, 576, 821, 654]",0.165,True,False,False,False,False,False,False,True,True,False,1.3333333333333333,False,False,False,0.6,s3_low,s3=0.17<τ,37.47752808988764,edacad12add4916b,348
60848,silver/yen2_page_0086_c01_021.png,yen2,page_0086,1,𭔿,ông,翁,U+7FC1,char,SILVER,s2_inter_s3_corrected,0.921,0.119,118.0,140.0,f992b53fd987,ok,train,yen2|page_0086|c1,"[1471, 2337, 1569, 2451]",0.921,True,False,False,False,False,False,False,False,False,False,1.1864406779661016,False,False,False,0.0,other,clean,75.11320754716981,b143866c9e051ef2,349
36152,gold/yen4_page_0108_c04_078.png,yen4,page_0108,4,爲,vì,爲,U+7232,char,GOLD,s1_inter_s2_direct,,0.179,73.0,93.0,d61bb88345cc,ok,val,yen4|page_0108|c4,"[690, 951, 757, 1026]",,False,False,False,False,False,False,True,False,False,True,1.273972602739726,False,False,False,0.0999999999999999,gold_direct,gold-direct(no-s3),75.1512027491409,54a21a25b445ce13,350
34021,gold/yen4_page_0066_c01_000.png,yen4,page_0066,1,仍,Những,仍,U+4ECD,char,GOLD,s1_inter_s2_direct,,0.145,58.0,76.0,9f444d71ca1b,ok,val,yen4|page_0066|c1,"[960, 275, 1028, 344]",,False,False,False,False,False,False,True,False,False,True,1.3103448275862069,False,False,False,0.0999999999999999,gold_direct,gold-direct(no-s3),75.1512027491409,362a9f6ee7cfe429,351
66972,silver/yen11_page_0154_c08_157.png,yen11,page_0154,8,色,đã,㐌,U+340C,char,SILVER,s2_inter_s3_corrected,0.838,0.279,88.0,121.0,b0153aceb625,ok,train,yen11|page_0154|c8,"[354, 533, 460, 640]",0.838,True,False,False,False,False,False,False,False,False,False,1.375,False,False,False,0.0,other,clean,75.11320754716981,8ee1536fb5180bb4,352
29824,gold/yen2_page_0298_c03_041.png,yen2,page_0298,3,䰟,hồn,䰟,U+4C1F,char,GOLD,s1_inter_s2_direct,,0.17,99.0,156.0,3f7387276b06,ok,train,yen2|page_0298|c3,"[1113, 757, 1225, 883]",,False,False,False,False,False,False,True,False,False,True,1.5757575757575757,False,False,False,0.0999999999999999,gold_direct,gold-direct(no-s3),75.1512027491409,d84ea6d521546575,353
61059,syllable/yen2_page_0104_c07_130.png,yen2,page_0104,7,礼,lê,,,syllable,SYLLABLE,nghia_consensus,0.981,0.198,120.0,149.0,989eff6ea887,ok,train,yen2|page_0104|c7,"[510, 805, 622, 926]",0.981,True,False,False,False,False,False,False,False,False,False,1.2416666666666667,False,False,False,0.0,other,clean,75.11320754716981,0ad6691661f67e2b,354
14368,gold/yen2_page_0256_c04_059.png,yen2,page_0256,4,旦,đến,旦,U+65E6,char,GOLD,s1_inter_s2_direct,,0.274,85.0,161.0,a0afa56e3886,tall,val,yen2|page_0256|c4,"[1009, 882, 1117, 1013]",,False,False,False,False,False,False,True,False,False,True,1.8941176470588237,True,False,True,0.2799999999999999,quality_flag,aspect=1.89,50.674418604651166,8128cdc310a4e061,355
16499,gold/yen2_page_0014_c03_055.png,yen2,page_0014,3,眉,Mày,眉,U+7709,char,GOLD,s1_inter_s2_direct,,0.169,111.0,148.0,1e60fcfbac10,ok,train,yen2|page_0014|c3,"[1124, 1544, 1229, 1664]",,False,False,False,False,False,False,True,False,False,True,1.3333333333333333,False,False,False,0.0999999999999999,gold_direct,gold-direct(no-s3),75.1512027491409,e873bccdf82d950a,356
17911,gold/yen2_page_0040_c08_157.png,yen2,page_0040,8,其,kia,其,U+5176,char,GOLD,s1_inter_s2_direct,,0.145,108.0,148.0,1870e7f28774,ok,train,yen2|page_0040|c8,"[401, 1208, 503, 1328]",,False,False,False,False,False,False,True,False,False,True,1.3703703703703705,False,False,False,0.0999999999999999,gold_direct,gold-direct(no-s3),75.1512027491409,e3391b51c6b10426,357
37003,gold/yen4_page_0128_c06_123.png,yen4,page_0128,6,別,biết,別,U+5225,char,GOLD,s1_inter_s2_direct,,0.12,66.0,95.0,4290b0baa947,ok,train,yen4|page_0128|c6,"[465, 854, 531, 931]",,False,False,False,False,False,False,True,False,False,True,1.4393939393939394,False,False,False,0.0999999999999999,gold_direct,gold-direct(no-s3),75.1512027491409,d479ff5f5a80786d,358
10646,silver/yen4_page_0238_c08_163.png,yen4,page_0238,8,三,Đến,旦,U+65E6,char,SILVER,s2_inter_s3_corrected,0.55,0.138,86.0,98.0,6d678dc8979e,ok,train,yen4|page_0238|c8,"[268, 1126, 338, 1206]",0.55,True,False,False,False,False,False,False,True,False,False,1.1395348837209305,False,False,False,0.35,s3_low,s3=0.55<τ,37.47752808988764,dd04e67833ce2479,359
53636,gold/yen11_page_0172_c01_003.png,yen11,page_0172,1,帝,đấy,帝,U+5E1D,char,GOLD,s1_inter_s2_direct,,0.146,117.0,138.0,fafcc396498f,ok,train,yen11|page_0172|c1,"[2032, 678, 2143, 790]",,False,False,False,False,False,False,True,False,False,True,1.1794871794871795,False,False,False,0.0999999999999999,gold_direct,gold-direct(no-s3),75.1512027491409,47fc3285433c3df5,360
10844,silver/yen11_page_0020_c08_151.png,yen11,page_0020,8,祀,lấy,𢬦,U+22B26,char,SILVER,s2_inter_s3_corrected,0.51,0.184,113.0,113.0,9063cc9957f4,ok,val,yen11|page_0020|c8,"[405, 457, 515, 562]",0.51,True,False,False,False,False,False,False,True,False,False,1.0,False,False,False,0.35,s3_low,s3=0.51<τ,37.47752808988764,14f266fd09af7275,361
23233,gold/yen2_page_0148_c05_084.png,yen2,page_0148,5,旦,đến,旦,U+65E6,char,GOLD,s1_inter_s2_direct,,0.233,135.0,142.0,7ffac10a4adc,ok,val,yen2|page_0148|c5,"[821, 655, 931, 771]",,False,False,False,False,False,False,True,False,False,True,1.0518518518518518,False,False,False,0.0999999999999999,gold_direct,gold-direct(no-s3),75.1512027491409,6209d2b926255fb7,362
13221,gold/yen4_page_0294_c03_044.png,yen4,page_0294,3,妥,ăn,安,U+5B89,char,GOLD,s1_inter_s2_similar,0.96,0.156,62.0,94.0,2e45aaa5f30d,ok,train,yen4|page_0294|c3,"[746, 293, 812, 370]",0.96,True,False,False,False,True,False,False,False,False,False,1.5161290322580645,False,False,False,0.3,similar_bridge,similar-bridge,37.63291139240506,7aa50813e53aed09,363
48287,gold/yen11_page_0062_c03_048.png,yen11,page_0062,3,𦔳,chữa,𦔳,U+26533,char,GOLD,s1_inter_s2_direct,,0.198,103.0,129.0,365f04b5dd1e,ok,train,yen11|page_0062|c3,"[1162, 796, 1260, 901]",,False,False,False,False,False,False,True,False,False,True,1.2524271844660195,False,False,False,0.0999999999999999,gold_direct,gold-direct(no-s3),75.1512027491409,64840c08298add9e,364
16419,gold/yen2_page_0012_c05_076.png,yen2,page_0012,5,批,Phê,批,U+6279,char,GOLD,s1_inter_s2_direct,,0.197,114.0,138.0,aa7eb801cb3e,ok,train,yen2|page_0012|c5,"[814, 2199, 917, 2311]",,False,False,False,False,False,False,True,False,False,True,1.2105263157894737,False,False,False,0.0999999999999999,gold_direct,gold-direct(no-s3),75.1512027491409,d1976252b8625c59,365
35155,gold/yen4_page_0086_c07_136.png,yen4,page_0086,7,拮,cất,拮,U+62EE,char,GOLD,s1_inter_s2_direct,,0.188,76.0,94.0,8b6e1edc4a23,ok,test,yen4|page_0086|c7,"[368, 656, 436, 732]",,False,False,False,False,False,False,True,False,False,True,1.236842105263158,False,False,False,0.0999999999999999,gold_direct,gold-direct(no-s3),75.1512027491409,9e779549c751ed28,366
7033,syllable/yen4_page_0244_c04_087.png,yen4,page_0244,4,因,có,,,syllable,SYLLABLE,nghia_consensus,0.399,0.186,66.0,86.0,08c6450bdaa3,ok,train,yen4|page_0244|c4,"[672, 1515, 742, 1592]",0.399,True,False,False,False,False,False,False,True,True,False,1.303030303030303,False,False,False,0.6,s3_low,s3=0.40<τ,37.47752808988764,9fdd8bda0c3a485e,367
41044,gold/yen4_page_0214_c08_169.png,yen4,page_0214,8,特,được,特,U+7279,char,GOLD,s1_inter_s2_direct,,0.207,85.0,80.0,29309630872e,ok,train,yen4|page_0214|c8,"[294, 1584, 368, 1658]",,False,False,False,False,False,False,True,False,False,True,0.9411764705882352,False,False,False,0.0999999999999999,gold_direct,gold-direct(no-s3),75.1512027491409,6be50fb16254b438,368
6763,syllable/yen4_page_0184_c06_124.png,yen4,page_0184,6,街,về,,,syllable,SYLLABLE,nghia_consensus,0.488,0.182,79.0,96.0,4845ad732857,ok,train,yen4|page_0184|c6,"[478, 668, 547, 746]",0.488,True,False,False,False,False,False,False,True,True,False,1.2151898734177216,False,False,False,0.6,s3_low,s3=0.49<τ,37.47752808988764,662d29cda391f9e7,369
58997,gold/yen11_page_0278_c01_003.png,yen11,page_0278,1,真,chân,真,U+771F,char,GOLD,s1_inter_s2_direct,,0.205,113.0,149.0,c02473cb3a6d,ok,train,yen11|page_0278|c1,"[1469, 716, 1581, 837]",,False,False,False,False,False,False,True,False,False,True,1.3185840707964602,False,False,False,0.0999999999999999,gold_direct,gold-direct(no-s3),75.1512027491409,7c6980cea98934cc,370
2698,silver/yen2_page_0260_c08_145.png,yen2,page_0260,8,吞,trăm,林,U+6797,char,SILVER,s3_head_bank_consensus,0.07,0.227,117.0,118.0,d68ed5496412,ok,val,yen2|page_0260|c8,"[393, 1667, 508, 1763]",0.07,True,False,False,False,False,True,False,True,True,False,1.0085470085470083,False,False,False,0.76,silver_headbank,"silver-headbank,s3=0.07<τ",38.05128205128205,5f8771632ee214d7,371
93,gold/yen4_page_0136_c07_142.png,yen4,page_0136,7,建,lên,連,U+9023,char,GOLD,s1_inter_s2_similar,0.015,0.123,87.0,99.0,498e573596f8,ok,train,yen4|page_0136|c7,"[454, 1110, 527, 1191]",0.015,True,False,True,True,True,False,False,True,True,False,1.137931034482759,False,False,False,0.97,dup_defect,"cross-col(F1),similar-bridge,s3=0.01<τ",24.956989247311828,9510e7447c3b1c65,372
19236,gold/yen2_page_0066_c09_181.png,yen2,page_0066,9,旦,Đến,旦,U+65E6,char,GOLD,s1_inter_s2_direct,,0.215,125.0,148.0,f1fbb0437166,ok,train,yen2|page_0066|c9,"[218, 1722, 328, 1842]",,False,False,False,False,False,False,True,False,False,True,1.184,False,False,False,0.0999999999999999,gold_direct,gold-direct(no-s3),75.1512027491409,9509ca3def352ed6,373
10522,silver/yen4_page_0170_c03_046.png,yen4,page_0170,3,斸,vui,盃,U+76C3,char,SILVER,s2_inter_s3_corrected,0.548,0.147,70.0,93.0,ebf261430fbc,ok,train,yen4|page_0170|c3,"[790, 570, 861, 645]",0.548,True,False,False,False,False,False,False,True,False,False,1.3285714285714283,False,False,False,0.35,s3_low,s3=0.55<τ,37.47752808988764,cc037b1c13049c4b,374
6996,syllable/yen4_page_0236_c04_074.png,yen4,page_0236,4,個,vua,,,syllable,SYLLABLE,nghia_consensus,0.031,0.163,73.0,101.0,8707742c1f97,ok,train,yen4|page_0236|c4,"[671, 1500, 746, 1583]",0.031,True,False,False,False,False,False,False,True,True,False,1.3835616438356164,False,False,False,0.6,s3_low,s3=0.03<τ,37.47752808988764,be1ad82878a56a8d,375
9637,silver/yen2_page_0086_c09_189.png,yen2,page_0086,9,華,Thánh,垩,U+57A9,char,SILVER,s2_inter_s3_corrected,0.606,0.244,114.0,130.0,c382e28e6fa4,ok,train,yen2|page_0086|c9,"[245, 1382, 346, 1488]",0.606,True,False,False,False,False,False,False,True,False,False,1.1403508771929824,False,False,False,0.35,s3_low,s3=0.61<τ,37.47752808988764,832b9edb4758dcdd,376
16383,gold/yen2_page_0012_c03_021.png,yen2,page_0012,3,四,tớ,四,U+56DB,char,GOLD,s1_inter_s2_direct,,0.192,111.0,137.0,19f841fdbe42,ok,test,yen2|page_0012|c3,"[1125, 894, 1238, 1005]",,False,False,False,False,False,False,True,False,False,True,1.2342342342342345,False,False,False,0.0999999999999999,gold_direct,gold-direct(no-s3),75.1512027491409,47f8ec1c31643c7c,377
9920,silver/yen2_page_0202_c06_109.png,yen2,page_0202,6,愧,Khỏi,塊,U+584A,char,SILVER,s2_inter_s3_corrected,0.596,0.263,121.0,171.0,c223fa57d143,ok,train,yen2|page_0202|c6,"[707, 1738, 819, 1877]",0.596,True,False,False,False,False,False,False,True,False,False,1.4132231404958675,False,False,False,0.35,s3_low,s3=0.60<τ,37.47752808988764,74d48baf33d83847,378
56248,gold/yen11_page_0222_c02_028.png,yen11,page_0222,2,把,Bà,把,U+628A,char,GOLD,s1_inter_s2_direct,,0.231,103.0,148.0,66f5444cc64b,ok,train,yen11|page_0222|c2,"[1316, 918, 1420, 1038]",,False,False,False,False,False,False,True,False,False,True,1.4368932038834952,False,False,False,0.0999999999999999,gold_direct,gold-direct(no-s3),75.1512027491409,2672392b23919030,379
115,gold/yen11_page_0078_c08_165.png,yen11,page_0078,8,括,cất,拮,U+62EE,char,GOLD,s1_inter_s2_similar,0.085,0.194,100.0,135.0,380f592cc7ea,ok,train,yen11|page_0078|c8,"[379, 1778, 476, 1887]",0.085,True,True,False,True,True,False,False,True,True,False,1.35,False,False,False,0.97,dup_defect,"dup-bbox(AE-1),similar-bridge,s3=0.09<τ",24.956989247311828,8415299ca757e5d3,380
13173,gold/yen4_page_0278_c06_126.png,yen4,page_0278,6,婦,Chị,姉,U+59C9,char,GOLD,s1_inter_s2_similar,0.767,0.235,115.0,129.0,55e8bbf552af,ok,train,yen4|page_0278|c6,"[689, 1272, 792, 1377]",0.767,True,False,False,False,True,False,False,False,False,False,1.1217391304347826,False,False,False,0.3,similar_bridge,similar-bridge,37.63291139240506,3bf9b3e2b691294e,381
37334,gold/yen4_page_0136_c03_062.png,yen4,page_0136,3,及,cập,及,U+53CA,char,GOLD,s1_inter_s2_direct,,0.16,89.0,99.0,e558ee2e7dc2,ok,train,yen4|page_0136|c3,"[739, 1517, 815, 1598]",,False,False,False,False,False,False,True,False,False,True,1.1123595505617978,False,False,False,0.0999999999999999,gold_direct,gold-direct(no-s3),75.1512027491409,34dbb08aac4d0a7c,382
19038,gold/yen2_page_0062_c09_173.png,yen2,page_0062,9,天,thiên,天,U+5929,char,GOLD,s1_inter_s2_direct,,0.209,110.0,145.0,111cd83d943f,ok,train,yen2|page_0062|c9,"[231, 1151, 333, 1268]",,False,False,False,False,False,False,True,False,False,True,1.318181818181818,False,False,False,0.0999999999999999,gold_direct,gold-direct(no-s3),75.1512027491409,4342f2ee775290e4,383
38443,gold/yen4_page_0158_c08_168.png,yen4,page_0158,8,中,Trong,中,U+4E2D,char,GOLD,s1_inter_s2_direct,,0.155,75.0,98.0,e18353fb81e3,ok,train,yen4|page_0158|c8,"[281, 1515, 352, 1595]",,False,False,False,False,False,False,True,False,False,True,1.3066666666666666,False,False,False,0.0999999999999999,gold_direct,gold-direct(no-s3),75.1512027491409,8c50d112b2d776e5,384
61276,silver/yen2_page_0126_c05_102.png,yen2,page_0126,5,爵,le,离,U+79BB,char,SILVER,s2_inter_s3_corrected,0.863,0.224,129.0,157.0,9f68ef692d21,ok,train,yen2|page_0126|c5,"[837, 1822, 943, 1949]",0.863,True,False,False,False,False,False,False,False,False,False,1.2170542635658914,False,False,False,0.0,other,clean,75.11320754716981,6d74c4af33ca8a9c,385
57194,gold/yen11_page_0242_c05_075.png,yen11,page_0242,5,礼,trẻ,礼,U+793C,char,GOLD,s1_inter_s2_direct,,0.183,101.0,139.0,49be71af408d,ok,train,yen11|page_0242|c5,"[863, 1540, 973, 1653]",,False,False,False,False,False,False,True,False,False,True,1.376237623762376,False,False,False,0.0999999999999999,gold_direct,gold-direct(no-s3),75.1512027491409,13eb923fc6e855dc,386
2180,gold/yen11_page_0170_c05_037.png,yen11,page_0170,5,爲,vì,爲,U+7232,char,GOLD,s1_inter_s2_direct,,0.15,133.0,146.0,d91a821e3202,ok,train,yen11|page_0170|c5,"[856, 1720, 973, 1838]",,False,True,False,True,False,False,True,False,False,True,1.0977443609022557,False,False,False,0.9,dup_defect,dup-bbox(AE-1),24.956989247311828,3581dbe1b52fab9e,387
2202,gold/yen11_page_0184_c09_186.png,yen11,page_0184,9,於,ở,於,U+65BC,char,GOLD,s1_inter_s2_direct,,0.153,98.0,145.0,af19235626c9,ok,train,yen11|page_0184|c9,"[271, 1915, 376, 2032]",,False,False,True,True,False,False,True,False,False,True,1.479591836734694,False,False,False,0.9,dup_defect,cross-col(F1),24.956989247311828,3467f1b91ceb16bf,388
2254,gold/yen11_page_0244_c01_011.png,yen11,page_0244,1,忍,nhìn,忍,U+5FCD,char,GOLD,s1_inter_s2_direct,,0.185,98.0,136.0,d13de6a06cb3,ok,val,yen11|page_0244|c1,"[1470, 1837, 1572, 1947]",,False,True,False,True,False,False,True,False,False,True,1.3877551020408163,False,False,False,0.9,dup_defect,dup-bbox(AE-1),24.956989247311828,f3517bfb6a9cc09d,389
34721,gold/yen4_page_0078_c08_168.png,yen4,page_0078,8,意,ấy,意,U+610F,char,GOLD,s1_inter_s2_direct,,0.152,94.0,109.0,043fead965a7,ok,test,yen4|page_0078|c8,"[296, 835, 372, 924]",,False,False,False,False,False,False,True,False,False,True,1.1595744680851063,False,False,False,0.0999999999999999,gold_direct,gold-direct(no-s3),75.1512027491409,c98858755d6d8f74,390
29726,gold/yen2_page_0294_c09_169.png,yen2,page_0294,9,盤,bàn,盤,U+76E4,char,GOLD,s1_inter_s2_direct,,0.221,127.0,150.0,b8d55f7bedc9,ok,train,yen2|page_0294|c9,"[270, 1250, 374, 1372]",,False,False,False,False,False,False,True,False,False,True,1.1811023622047243,False,False,False,0.0999999999999999,gold_direct,gold-direct(no-s3),75.1512027491409,985c2281fe453837,391
5308,syllable/yen2_page_0152_c02_029.png,yen2,page_0152,2,而,làm,,,syllable,SYLLABLE,nghia_consensus,0.161,0.208,96.0,132.0,3746f5b3710b,ok,train,yen2|page_0152|c2,"[1287, 1220, 1388, 1333]",0.161,True,False,False,False,False,False,False,True,True,False,1.375,False,False,False,0.6,s3_low,s3=0.16<τ,37.47752808988764,54844f417fe95c60,392
17984,gold/yen2_page_0042_c05_086.png,yen2,page_0042,5,麻,mà,麻,U+9EBB,char,GOLD,s1_inter_s2_direct,,0.175,129.0,139.0,cd9a88b8117d,ok,val,yen2|page_0042|c5,"[823, 466, 928, 579]",,False,False,False,False,False,False,True,False,False,True,1.0775193798449612,False,False,False,0.0999999999999999,gold_direct,gold-direct(no-s3),75.1512027491409,f2ab92a81f70bf23,393
61771,silver/yen2_page_0178_c04_073.png,yen2,page_0178,4,嗜,kẻ,几,U+51E0,char,SILVER,s2_inter_s3_corrected,0.647,0.2,135.0,147.0,8e868142bc3e,ok,train,yen2|page_0178|c4,"[987, 2404, 1096, 2523]",0.647,True,False,False,False,False,False,False,False,False,False,1.0888888888888888,False,False,False,0.0,other,clean,75.11320754716981,4d2b62907c297326,394
8955,gold/yen4_page_0086_c02_038.png,yen4,page_0086,2,加,như,茄,U+8304,char,GOLD,s1_inter_s2_similar,0.533,0.162,84.0,86.0,90036375d285,ok,train,yen4|page_0086|c2,"[859, 1342, 927, 1412]",0.533,True,False,False,False,True,False,False,True,False,False,1.0238095238095235,False,False,False,0.5,similar_bridge_lowcos,"similar-bridge,s3=0.53<τ",24.933333333333334,da0f4d8b8fa9468e,395
45479,gold/yen4_page_0302_c02_022.png,yen4,page_0302,2,体,thấy,体,U+4F53,char,GOLD,s1_inter_s2_direct,,0.143,69.0,100.0,6736bf93676a,ok,test,yen4|page_0302|c2,"[863, 450, 930, 532]",,False,False,False,False,False,False,True,False,False,True,1.4492753623188406,False,False,False,0.0999999999999999,gold_direct,gold-direct(no-s3),75.1512027491409,97398261a4f41f97,396
37818,gold/yen4_page_0146_c05_076.png,yen4,page_0146,5,旦,Đến,旦,U+65E6,char,GOLD,s1_inter_s2_direct,,0.165,87.0,101.0,5326ef3c87bd,ok,train,yen4|page_0146|c5,"[574, 1375, 647, 1458]",,False,False,False,False,False,False,True,False,False,True,1.160919540229885,False,False,False,0.0999999999999999,gold_direct,gold-direct(no-s3),75.1512027491409,e6409e76626ad99b,397
42712,gold/yen4_page_0248_c03_040.png,yen4,page_0248,3,翁,ông,翁,U+7FC1,char,GOLD,s1_inter_s2_direct,,0.179,63.0,88.0,e61ad0403468,ok,train,yen4|page_0248|c3,"[775, 837, 843, 909]",,False,False,False,False,False,False,True,False,False,True,1.3968253968253967,False,False,False,0.0999999999999999,gold_direct,gold-direct(no-s3),75.1512027491409,b635e0c2808b049c,398
28398,gold/yen2_page_0266_c05_077.png,yen2,page_0266,5,圣,Thánh,圣,U+5723,char,GOLD,s1_inter_s2_direct,,0.172,120.0,159.0,c83d0db5d2fe,ok,train,yen2|page_0266|c5,"[861, 554, 968, 683]",,False,False,False,False,False,False,True,False,False,True,1.325,False,False,False,0.0999999999999999,gold_direct,gold-direct(no-s3),75.1512027491409,edb1c5c6ce0fbca1,399
1774,gold/yen11_page_0016_c02_028.png,yen11,page_0016,2,朱,cho,朱,U+6731,char,GOLD,s1_inter_s2_direct,,0.188,100.0,142.0,8791f3a2a85c,ok,train,yen11|page_0016|c2,"[1353, 1007, 1460, 1123]",,False,False,True,True,False,False,True,False,False,True,1.42,False,False,False,0.9,dup_defect,cross-col(F1),24.956989247311828,0099e9c431e4ac77,400
34580,gold/yen4_page_0076_c06_130.png,yen4,page_0076,6,㚑,linh,㚑,U+3691,char,GOLD,s1_inter_s2_direct,,0.165,72.0,82.0,9138ff8ce69b,ok,train,yen4|page_0076|c6,"[464, 1522, 535, 1593]",,False,False,False,False,False,False,True,False,False,True,1.1388888888888888,False,False,False,0.0999999999999999,gold_direct,gold-direct(no-s3),75.1512027491409,414f3e76527f5c14,401
37794,gold/yen4_page_0146_c03_025.png,yen4,page_0146,3,信,tin,信,U+4FE1,char,GOLD,s1_inter_s2_direct,,0.182,92.0,111.0,0fc654ee79af,ok,train,yen4|page_0146|c3,"[773, 658, 849, 749]",,False,False,False,False,False,False,True,False,False,True,1.2065217391304348,False,False,False,0.0999999999999999,gold_direct,gold-direct(no-s3),75.1512027491409,11a32d566c961eaa,402
50071,gold/yen11_page_0100_c09_180.png,yen11,page_0100,9,底,để,底,U+5E95,char,GOLD,s1_inter_s2_direct,,0.126,92.0,133.0,f920d6f2db3c,ok,train,yen11|page_0100|c9,"[281, 1598, 387, 1720]",,False,False,False,False,False,False,True,False,False,True,1.4456521739130437,False,False,False,0.0999999999999999,gold_direct,gold-direct(no-s3),75.1512027491409,e03c3773e072a248,403
51749,gold/yen11_page_0134_c04_089.png,yen11,page_0134,4,歇,hết,歇,U+6B47,char,GOLD,s1_inter_s2_direct,,0.201,128.0,137.0,b3e1e24b69d4,ok,train,yen11|page_0134|c4,"[1021, 2143, 1133, 2254]",,False,False,False,False,False,False,True,False,False,True,1.0703125,False,False,False,0.0999999999999999,gold_direct,gold-direct(no-s3),75.1512027491409,ddea757595f561ed,404
15991,gold/yen11_page_0116_c01_020.png,yen11,page_0116,1,共,cùng,共,U+5171,char,GOLD,s1_inter_s2_direct,,0.102,104.0,148.0,442db9f2a2ae,ok,train,yen11|page_0116|c1,"[1516, 2288, 1616, 2408]",,False,False,False,False,False,False,True,False,False,True,1.4230769230769231,False,True,True,0.235,quality_flag,ink-outlier,50.674418604651166,36611523f7df499d,405
65244,silver/yen4_page_0250_c01_011.png,yen4,page_0250,1,无,này,尼,U+5C3C,char,SILVER,s2_inter_s3_corrected,0.657,0.116,87.0,99.0,a8f4d50db6da,ok,test,yen4|page_0250|c1,"[957, 982, 1030, 1063]",0.657,True,False,False,False,False,False,False,False,False,False,1.137931034482759,False,False,False,0.0,other,clean,75.11320754716981,055f946a7677bd60,406
54104,gold/yen11_page_0180_c03_060.png,yen11,page_0180,3,壳,XÁC,壳,U+58F3,char,GOLD,s1_inter_s2_direct,,0.143,91.0,140.0,6f0077a9178c,ok,train,yen11|page_0180|c3,"[1203, 2053, 1304, 2167]",,False,False,False,False,False,False,True,False,False,True,1.5384615384615383,False,False,False,0.0999999999999999,gold_direct,gold-direct(no-s3),75.1512027491409,71d9ba583994b9c1,407
2084,gold/yen11_page_0126_c08_143.png,yen11,page_0126,8,𥙷,bỏ,𥙷,U+25677,char,GOLD,s1_inter_s2_direct,,0.188,92.0,140.0,21ed044e7c16,ok,train,yen11|page_0126|c8,"[251, 2106, 350, 2220]",,False,False,True,True,False,False,True,False,False,True,1.5217391304347827,False,False,False,0.9,dup_defect,cross-col(F1),24.956989247311828,54ea619f77f6574c,408
19105,gold/yen2_page_0064_c07_121.png,yen2,page_0064,7,謳,âu,謳,U+8B33,char,GOLD,s1_inter_s2_direct,,0.258,135.0,132.0,8db20bfdbded,ok,train,yen2|page_0064|c7,"[501, 470, 610, 582]",,False,False,False,False,False,False,True,False,False,True,0.9777777777777776,False,False,False,0.0999999999999999,gold_direct,gold-direct(no-s3),75.1512027491409,5d19f6c8cb69dd63,409
11746,gold/yen2_page_0112_c01_009.png,yen2,page_0112,1,兵,cùng,其,U+5176,char,GOLD,s1_inter_s2_similar,0.95,0.144,117.0,146.0,12c2d0ec67cf,ok,test,yen2|page_0112|c1,"[1443, 1308, 1547, 1426]",0.95,True,False,False,False,True,False,False,False,False,False,1.247863247863248,False,False,False,0.3,similar_bridge,similar-bridge,37.63291139240506,77dfad5b20c33737,410
37046,gold/yen4_page_0130_c02_033.png,yen4,page_0130,2,麻,mà,麻,U+9EBB,char,GOLD,s1_inter_s2_direct,,0.148,64.0,101.0,80df4b76d5e5,ok,test,yen4|page_0130|c2,"[876, 1007, 948, 1090]",,False,False,False,False,False,False,True,False,False,True,1.578125,False,False,False,0.0999999999999999,gold_direct,gold-direct(no-s3),75.1512027491409,78607a8235f36a90,411
36896,gold/yen4_page_0126_c06_115.png,yen4,page_0126,6,没,một,没,U+6CA1,char,GOLD,s1_inter_s2_direct,,0.209,73.0,94.0,a249c1bf2716,ok,train,yen4|page_0126|c6,"[475, 513, 545, 589]",,False,False,False,False,False,False,True,False,False,True,1.2876712328767124,False,False,False,0.0999999999999999,gold_direct,gold-direct(no-s3),75.1512027491409,d4321f311fb2e80f,412
26,silver/yen4_page_0058_c07_138.png,yen4,page_0058,7,脱,lửa,呂,U+5442,char,SILVER,s3_head_bank_consensus,0.006,0.192,73.0,99.0,014a2a63e5a1,ok,val,yen4|page_0058|c7,"[472, 1204, 544, 1285]",0.006,True,False,True,True,False,True,False,True,True,False,1.356164383561644,False,False,False,0.976,dup_defect,"cross-col(F1),silver-headbank,s3=0.01<τ",24.956989247311828,18c907595c40ed22,413
57834,gold/yen11_page_0254_c04_073.png,yen11,page_0254,4,連,liền,連,U+9023,char,GOLD,s1_inter_s2_direct,,0.188,107.0,141.0,5a110abdad71,ok,train,yen11|page_0254|c4,"[1021, 1067, 1125, 1182]",,False,False,False,False,False,False,True,False,False,True,1.3177570093457944,False,False,False,0.0999999999999999,gold_direct,gold-direct(no-s3),75.1512027491409,156393bcbbafb1f7,414
59858,gold/yen11_page_0294_c06_121.png,yen11,page_0294,6,朱,cho,朱,U+6731,char,GOLD,s1_inter_s2_direct,,0.171,92.0,148.0,340dab10373d,ok,train,yen11|page_0294|c6,"[704, 1867, 805, 1987]",,False,False,False,False,False,False,True,False,False,True,1.608695652173913,False,False,False,0.0999999999999999,gold_direct,gold-direct(no-s3),75.1512027491409,f09ea76dab3306c2,415
28100,gold/yen2_page_0260_c03_047.png,yen2,page_0260,3,唐,đường,唐,U+5510,char,GOLD,s1_inter_s2_direct,,0.173,109.0,155.0,f445b7f07a2d,ok,train,yen2|page_0260|c3,"[1139, 1566, 1248, 1691]",,False,False,False,False,False,False,True,False,False,True,1.4220183486238531,False,False,False,0.0999999999999999,gold_direct,gold-direct(no-s3),75.1512027491409,7dfc7dae5103ffff,416
38397,gold/yen4_page_0158_c05_095.png,yen4,page_0158,5,体,thế,体,U+4F53,char,GOLD,s1_inter_s2_direct,,0.205,74.0,97.0,e7d716129dd8,ok,train,yen4|page_0158|c5,"[579, 924, 652, 1004]",,False,False,False,False,False,False,True,False,False,True,1.3108108108108107,False,False,False,0.0999999999999999,gold_direct,gold-direct(no-s3),75.1512027491409,1eceef171d3fd4f8,417
30,silver/yen4_page_0112_c02_041.png,yen4,page_0112,2,煆,lửa,呂,U+5442,char,SILVER,s3_head_bank_consensus,0.026,0.206,55.0,98.0,c0fcc569436a,ok,train,yen4|page_0112|c2,"[787, 1508, 860, 1589]",0.026,True,False,True,True,False,True,False,True,True,False,1.7818181818181815,False,False,False,0.976,dup_defect,"cross-col(F1),silver-headbank,s3=0.03<τ",24.956989247311828,f12dec92f55fc347,418
50410,gold/yen11_page_0106_c09_173.png,yen11,page_0106,9,湏,Tu,湏,U+6E4F,char,GOLD,s1_inter_s2_direct,,0.13,98.0,121.0,103b5614b030,ok,train,yen11|page_0106|c9,"[267, 458, 379, 575]",,False,False,False,False,False,False,True,False,False,True,1.2346938775510203,False,False,False,0.0999999999999999,gold_direct,gold-direct(no-s3),75.1512027491409,4d64c8fcc95c5868,419
24243,gold/yen2_page_0170_c03_050.png,yen2,page_0170,3,買,mới,買,U+8CB7,char,GOLD,s1_inter_s2_direct,,0.214,132.0,163.0,4a6e502be5ba,ok,train,yen2|page_0170|c3,"[1129, 1879, 1241, 2012]",,False,False,False,False,False,False,True,False,False,True,1.2348484848484849,False,False,False,0.0999999999999999,gold_direct,gold-direct(no-s3),75.1512027491409,2fe5c5cd74293a41,420
19297,gold/yen2_page_0068_c05_090.png,yen2,page_0068,5,弄,lòng,弄,U+5F04,char,GOLD,s1_inter_s2_direct,,0.199,126.0,140.0,0c2fd248dd5c,ok,test,yen2|page_0068|c5,"[827, 770, 929, 884]",,False,False,False,False,False,False,True,False,False,True,1.1111111111111112,False,False,False,0.0999999999999999,gold_direct,gold-direct(no-s3),75.1512027491409,d80342688df4d926,421
53190,gold/yen11_page_0162_c04_072.png,yen11,page_0162,4,固,có,固,U+56FA,char,GOLD,s1_inter_s2_direct,,0.189,102.0,142.0,e5c8287ee484,ok,train,yen11|page_0162|c4,"[1099, 1018, 1207, 1134]",,False,False,False,False,False,False,True,False,False,True,1.392156862745098,False,False,False,0.0999999999999999,gold_direct,gold-direct(no-s3),75.1512027491409,f091937f850a53c3,422
2410,silver/yen2_page_0018_c04_069.png,yen2,page_0018,4,曙,Rô,嚕,U+5695,char,SILVER,s3_head_bank_consensus,0.041,0.18,117.0,139.0,96520a231f92,ok,test,yen2|page_0018|c4,"[974, 781, 1082, 894]",0.041,True,False,False,False,False,True,False,True,True,False,1.188034188034188,False,False,False,0.76,silver_headbank,"silver-headbank,s3=0.04<τ",38.05128205128205,e3a967e53598ef82,423
1816,gold/yen11_page_0024_c07_144.png,yen11,page_0024,7,堂,đàng,堂,U+5802,char,GOLD,s1_inter_s2_direct,,0.198,106.0,139.0,c3f42a314b81,ok,val,yen11|page_0024|c7,"[556, 1303, 661, 1416]",,False,False,True,True,False,False,True,False,False,True,1.3113207547169812,False,False,False,0.9,dup_defect,cross-col(F1),24.956989247311828,bfec08b9db9078d6,424
16347,silver/yen4_page_0288_c08_167.png,yen4,page_0288,8,吞,nơi,尼,U+5C3C,char,SILVER,s2_inter_s3_corrected,0.728,0.096,84.0,94.0,1da2716a749e,ok,train,yen4|page_0288|c8,"[277, 1025, 345, 1101]",0.728,True,False,False,False,False,False,False,False,False,False,1.119047619047619,False,True,True,0.15,quality_flag,ink-outlier,50.674418604651166,4478f1877cb73d95,425
39331,gold/yen4_page_0174_c08_173.png,yen4,page_0174,8,末,mất,末,U+672B,char,GOLD,s1_inter_s2_direct,,0.146,67.0,97.0,9c897437cb61,ok,train,yen4|page_0174|c8,"[290, 1184, 358, 1263]",,False,False,False,False,False,False,True,False,False,True,1.4477611940298507,False,False,False,0.0999999999999999,gold_direct,gold-direct(no-s3),75.1512027491409,47798ffe7b60890e,426
64565,silver/yen4_page_0176_c05_090.png,yen4,page_0176,5,掀,hơn,欣,U+6B23,char,SILVER,s2_inter_s3_corrected,0.904,0.135,68.0,86.0,13c9fb4e7d98,ok,train,yen4|page_0176|c5,"[565, 225, 636, 295]",0.904,True,False,False,False,False,False,False,False,False,False,1.2647058823529411,False,False,False,0.0,other,clean,75.11320754716981,71eef58d9c513648,427
21627,gold/yen2_page_0116_c01_015.png,yen2,page_0116,1,几,kẻ,几,U+51E0,char,GOLD,s1_inter_s2_direct,,0.227,129.0,155.0,9cd8302b655d,ok,val,yen2|page_0116|c1,"[1450, 1981, 1555, 2106]",,False,False,False,False,False,False,True,False,False,True,1.2015503875968991,False,False,False,0.0999999999999999,gold_direct,gold-direct(no-s3),75.1512027491409,65928a671f60eb3d,428
9091,gold/yen11_page_0254_c07_139.png,yen11,page_0254,7,裔,người,命,U+547D,char,GOLD,s1_inter_s2_similar,0.554,0.203,103.0,137.0,47ca114b912c,ok,train,yen11|page_0254|c7,"[565, 688, 669, 799]",0.554,True,False,False,False,True,False,False,True,False,False,1.3300970873786409,False,False,False,0.5,similar_bridge_lowcos,"similar-bridge,s3=0.55<τ",24.933333333333334,0fe5e3f8552c45b9,429
35287,gold/yen4_page_0090_c02_043.png,yen4,page_0090,2,多,đi,多,U+591A,char,GOLD,s1_inter_s2_direct,,0.152,73.0,90.0,41d1a06bb6b8,ok,val,yen4|page_0090|c2,"[788, 1454, 860, 1528]",,False,False,False,False,False,False,True,False,False,True,1.2328767123287672,False,False,False,0.0999999999999999,gold_direct,gold-direct(no-s3),75.1512027491409,6ef74249ff233a9d,430
50523,gold/yen11_page_0110_c01_001.png,yen11,page_0110,1,穌,tô,穌,U+7A4C,char,GOLD,s1_inter_s2_direct,,0.183,121.0,140.0,c41cc9b6512e,ok,train,yen11|page_0110|c1,"[1466, 561, 1575, 675]",,False,False,False,False,False,False,True,False,False,True,1.1570247933884297,False,False,False,0.0999999999999999,gold_direct,gold-direct(no-s3),75.1512027491409,9058ff2f6e0c9b1b,431
9102,gold/yen11_page_0162_c01_022.png,yen11,page_0162,1,主,Chua,𠰍,U+20C0D,char,GOLD,s1_inter_s2_similar,,0.124,33.0,93.0,ee4c7cdb8b9d,tall,train,yen11|page_0162|c1,"[1563, 2463, 1661, 2554]",,False,False,False,False,True,False,False,False,False,True,2.8181818181818183,True,False,True,0.496,similar_bridge,"similar-bridge,aspect=2.82",37.63291139240506,2a1ccd3f6a6e79c2,432
37937,gold/yen4_page_0148_c06_118.png,yen4,page_0148,6,燒,theo,燒,U+71D2,char,GOLD,s1_inter_s2_direct,,0.131,68.0,106.0,8d883293997f,ok,val,yen4|page_0148|c6,"[451, 1177, 524, 1263]",,False,False,False,False,False,False,True,False,False,True,1.5588235294117647,False,False,False,0.0999999999999999,gold_direct,gold-direct(no-s3),75.1512027491409,41ec1024dc5927ea,433
4589,silver/yen2_page_0168_c08_128.png,yen2,page_0168,8,昵,quỳ,跪,U+8DEA,char,SILVER,s3_head_bank_consensus,0.501,0.194,145.0,154.0,a1541173befb,ok,test,yen2|page_0168|c8,"[358, 486, 475, 612]",0.501,True,False,False,False,False,True,False,True,False,False,1.0620689655172413,False,False,False,0.61,silver_headbank,"silver-headbank,s3=0.50<τ",38.05128205128205,bf444e9b82d301c0,434
18218,gold/yen2_page_0046_c08_164.png,yen2,page_0046,8,麻,mà,麻,U+9EBB,char,GOLD,s1_inter_s2_direct,,0.218,128.0,145.0,ffb15bd81f1a,ok,val,yen2|page_0046|c8,"[368, 2028, 476, 2145]",,False,False,False,False,False,False,True,False,False,True,1.1328125,False,False,False,0.0999999999999999,gold_direct,gold-direct(no-s3),75.1512027491409,0778923561f7b2a9,435
56672,gold/yen11_page_0232_c03_051.png,yen11,page_0232,3,没,một,没,U+6CA1,char,GOLD,s1_inter_s2_direct,,0.196,84.0,142.0,a5c2ba3b361f,ok,train,yen11|page_0232|c3,"[1191, 1247, 1294, 1370]",,False,False,False,False,False,False,True,False,False,True,1.6904761904761905,False,False,False,0.0999999999999999,gold_direct,gold-direct(no-s3),75.1512027491409,7f971391fb22fb31,436
31445,gold/yen4_page_0014_c03_062.png,yen4,page_0014,3,麻,mà,麻,U+9EBB,char,GOLD,s1_inter_s2_direct,,0.125,87.0,96.0,89ac2ab85771,ok,test,yen4|page_0014|c3,"[775, 1222, 846, 1300]",,False,False,False,False,False,False,True,False,False,True,1.103448275862069,False,False,False,0.0999999999999999,gold_direct,gold-direct(no-s3),75.1512027491409,f8f84e4c491f51e6,437
14760,gold/yen11_page_0092_c01_006.png,yen11,page_0092,1,用,dùng,用,U+7528,char,GOLD,s1_inter_s2_direct,,0.181,71.0,139.0,83e0dba8c426,tall,train,yen11|page_0092|c1,"[1479, 976, 1581, 1089]",,False,False,False,False,False,False,True,False,False,True,1.9577464788732395,True,False,True,0.2799999999999999,quality_flag,aspect=1.96,50.674418604651166,3cfa67ac86103078,438
34143,gold/yen4_page_0068_c02_041.png,yen4,page_0068,2,奏,Tâu,奏,U+594F,char,GOLD,s1_inter_s2_direct,,0.144,77.0,88.0,86a93561da11,ok,train,yen4|page_0068|c2,"[877, 1426, 949, 1498]",,False,False,False,False,False,False,True,False,False,True,1.1428571428571428,False,False,False,0.0999999999999999,gold_direct,gold-direct(no-s3),75.1512027491409,210045bc772af8d8,439
8492,syllable/yen11_page_0232_c07_144.png,yen11,page_0232,7,醉,năm,,,syllable,SYLLABLE,nghia_consensus,0.166,0.175,102.0,142.0,e9c21a07b0b4,ok,train,yen11|page_0232|c7,"[572, 1934, 676, 2050]",0.166,True,False,False,False,False,False,False,True,True,False,1.392156862745098,False,False,False,0.6,s3_low,s3=0.17<τ,37.47752808988764,722ea2b73a13e1bc,440
20289,gold/yen2_page_0088_c07_132.png,yen2,page_0088,7,於,ở,於,U+65BC,char,GOLD,s1_inter_s2_direct,,0.27,119.0,140.0,239c48d58ed1,ok,train,yen2|page_0088|c7,"[528, 776, 632, 890]",,False,False,False,False,False,False,True,False,False,True,1.1764705882352942,False,False,False,0.0999999999999999,gold_direct,gold-direct(no-s3),75.1512027491409,4d21b205ce15c709,441
15664,gold/yen4_page_0022_c07_151.png,yen4,page_0022,7,割,cắt,割,U+5272,char,GOLD,s1_inter_s2_direct,,0.099,80.0,89.0,7c822d3fecdf,ok,train,yen4|page_0022|c7,"[378, 1109, 444, 1182]",,False,False,False,False,False,False,True,False,False,True,1.1125,False,True,True,0.235,quality_flag,ink-outlier,50.674418604651166,ff5970322e356b85,442
1164,gold/yen4_page_0118_c03_058.png,yen4,page_0118,3,体,thấy,体,U+4F53,char,GOLD,s1_inter_s2_direct,,0.197,70.0,87.0,8e2f4d704b27,ok,test,yen4|page_0118|c3,"[768, 1073, 836, 1144]",,False,True,False,True,False,False,True,False,False,True,1.2428571428571429,False,False,False,0.9,dup_defect,dup-bbox(AE-1),24.956989247311828,dd465257fa7d3762,443
6520,syllable/yen4_page_0120_c01_015.png,yen4,page_0120,1,夜,lời,,,syllable,SYLLABLE,nghia_consensus,0.071,0.181,61.0,98.0,cb2131980d18,ok,train,yen4|page_0120|c1,"[949, 1203, 1024, 1283]",0.071,True,False,False,False,False,False,False,True,True,False,1.6065573770491803,False,False,False,0.6,s3_low,s3=0.07<τ,37.47752808988764,2a0d9160930670e6,444
138,syllable/yen2_page_0026_c03_059.png,yen2,page_0026,3,兔,đem,,,syllable,SYLLABLE,nghia_consensus,0.101,0.229,103.0,141.0,edfad228bf60,ok,train,yen2|page_0026|c3,"[966, 1845, 1071, 1960]",0.101,True,False,True,True,False,False,False,True,True,False,1.3689320388349515,False,False,False,0.96,dup_defect,"cross-col(F1),s3=0.10<τ",24.956989247311828,80f883c38d28b984,445
3691,silver/yen11_page_0276_c06_114.png,yen11,page_0276,6,邲,máu,泖,U+6CD6,char,SILVER,s3_head_bank_consensus,0.409,0.262,104.0,151.0,a3bc636263a7,ok,train,yen11|page_0276|c6,"[748, 1603, 859, 1726]",0.409,True,False,False,False,False,True,False,True,True,False,1.4519230769230769,False,False,False,0.76,silver_headbank,"silver-headbank,s3=0.41<τ",38.05128205128205,05fb0b077261cbf9,446
4015,gold/yen4_page_0232_c06_121.png,yen4,page_0232,6,救,tha,赦,U+8D66,char,GOLD,s1_inter_s2_similar,0.148,0.192,69.0,95.0,282e09b8339d,ok,val,yen4|page_0232|c6,"[481, 1311, 550, 1388]",0.148,True,False,False,False,True,False,False,True,True,False,1.3768115942028984,False,False,False,0.7,similar_bridge_lowcos,"similar-bridge,s3=0.15<τ",24.933333333333334,51fdd6c723a0cdf1,447
43282,gold/yen4_page_0258_c08_156.png,yen4,page_0258,8,皮,vừa,皮,U+76AE,char,GOLD,s1_inter_s2_direct,,0.176,75.0,100.0,560f6aef090c,ok,train,yen4|page_0258|c8,"[269, 554, 337, 636]",,False,False,False,False,False,False,True,False,False,True,1.3333333333333333,False,False,False,0.0999999999999999,gold_direct,gold-direct(no-s3),75.1512027491409,72d8899417dd7630,448
49829,gold/yen11_page_0096_c06_112.png,yen11,page_0096,6,真,chân,真,U+771F,char,GOLD,s1_inter_s2_direct,,0.214,119.0,145.0,6af601482c1d,ok,train,yen11|page_0096|c6,"[713, 995, 820, 1112]",,False,False,False,False,False,False,True,False,False,True,1.218487394957983,False,False,False,0.0999999999999999,gold_direct,gold-direct(no-s3),75.1512027491409,a13fa23b3e335abb,449
41939,gold/yen4_page_0232_c05_099.png,yen4,page_0232,5,体,thấy,体,U+4F53,char,GOLD,s1_inter_s2_direct,,0.156,87.0,94.0,f523ea030075,ok,train,yen4|page_0232|c5,"[580, 1326, 651, 1402]",,False,False,False,False,False,False,True,False,False,True,1.0804597701149423,False,False,False,0.0999999999999999,gold_direct,gold-direct(no-s3),75.1512027491409,7841a6675c40dcb6,450
32824,gold/yen4_page_0042_c03_045.png,yen4,page_0042,3,移,rì,移,U+79FB,char,GOLD,s1_inter_s2_direct,,0.18,87.0,99.0,04d430c2d489,ok,train,yen4|page_0042|c3,"[754, 446, 828, 527]",,False,False,False,False,False,False,True,False,False,True,1.137931034482759,False,False,False,0.0999999999999999,gold_direct,gold-direct(no-s3),75.1512027491409,b9c0b5ad2efc8884,451
65482,silver/yen4_page_0272_c05_095.png,yen4,page_0272,5,謁,giảng,講,U+8B1B,char,SILVER,s2_inter_s3_corrected,0.761,0.2,76.0,105.0,fc314ffcac77,ok,train,yen4|page_0272|c5,"[588, 700, 662, 785]",0.761,True,False,False,False,False,False,False,False,False,False,1.381578947368421,False,False,False,0.0,other,clean,75.11320754716981,a4172d2bc260936b,452
30361,gold/yen2_page_0310_c08_129.png,yen2,page_0310,8,旦,đến,旦,U+65E6,char,GOLD,s1_inter_s2_direct,,0.192,123.0,158.0,0c799229d1b6,ok,test,yen2|page_0310|c8,"[396, 2165, 509, 2293]",,False,False,False,False,False,False,True,False,False,True,1.2845528455284554,False,False,False,0.0999999999999999,gold_direct,gold-direct(no-s3),75.1512027491409,6eb8f3725166095a,453
68021,silver/yen11_page_0292_c04_081.png,yen11,page_0292,4,仰,mình,命,U+547D,char,SILVER,s2_inter_s3_corrected,0.926,0.149,108.0,137.0,24e29864c191,ok,train,yen11|page_0292|c4,"[1052, 2375, 1157, 2490]",0.926,True,False,False,False,False,False,False,False,False,False,1.2685185185185186,False,False,False,0.0,other,clean,75.11320754716981,4e4733520dfb2b0b,454
29324,gold/yen2_page_0286_c05_073.png,yen2,page_0286,5,徳,Đức,徳,U+5FB3,char,GOLD,s1_inter_s2_direct,,0.259,109.0,156.0,7b65f0293dee,ok,train,yen2|page_0286|c5,"[831, 663, 939, 789]",,False,False,False,False,False,False,True,False,False,True,1.4311926605504588,False,False,False,0.0999999999999999,gold_direct,gold-direct(no-s3),75.1512027491409,04e2128101082b45,455
5560,syllable/yen2_page_0200_c05_094.png,yen2,page_0200,5,䏻,đi,,,syllable,SYLLABLE,nghia_consensus,0.026,0.211,124.0,146.0,c97fee2331a8,ok,train,yen2|page_0200|c5,"[785, 1937, 896, 2055]",0.026,True,False,False,False,False,False,False,True,True,False,1.1774193548387095,False,False,False,0.6,s3_low,s3=0.03<τ,37.47752808988764,f8a2d80ec4db573f,456
57933,gold/yen11_page_0256_c03_064.png,yen11,page_0256,3,天,Thiên,天,U+5929,char,GOLD,s1_inter_s2_direct,,0.163,86.0,131.0,27e63d98a1d1,ok,test,yen11|page_0256|c3,"[1196, 2207, 1294, 2315]",,False,False,False,False,False,False,True,False,False,True,1.5232558139534884,False,False,False,0.0999999999999999,gold_direct,gold-direct(no-s3),75.1512027491409,dff559ee756c8287,457
56677,gold/yen11_page_0232_c04_063.png,yen11,page_0232,4,欺,khi,欺,U+6B3A,char,GOLD,s1_inter_s2_direct,,0.175,123.0,121.0,bd797dfedc00,ok,train,yen11|page_0232|c4,"[1025, 437, 1137, 550]",,False,False,False,False,False,False,True,False,False,True,0.983739837398374,False,False,False,0.0999999999999999,gold_direct,gold-direct(no-s3),75.1512027491409,271f08d88898b15b,458
9188,silver/yen2_page_0192_c07_122.png,yen2,page_0192,7,緗,trăm,林,U+6797,char,SILVER,s2_inter_s3_corrected,0.549,0.312,127.0,166.0,ed330326a677,ok,train,yen2|page_0192|c7,"[479, 1607, 590, 1741]",0.549,True,False,False,False,False,False,False,True,False,False,1.3070866141732282,False,True,True,0.4475,s3_low,"s3=0.55<τ,ink-outlier",37.47752808988764,f843e0de74e0467a,459
62482,silver/yen2_page_0258_c05_092.png,yen2,page_0258,5,悸,sợ,𢜝,U+2271D,char,SILVER,s2_inter_s3_corrected,0.857,0.209,123.0,137.0,7c37e5a90ed0,ok,test,yen2|page_0258|c5,"[842, 2374, 951, 2498]",0.857,True,False,False,False,False,False,False,False,False,False,1.113821138211382,False,False,False,0.0,other,clean,75.11320754716981,47bdfb22b82163c3,460
63822,silver/yen4_page_0096_c04_080.png,yen4,page_0096,4,奴,như,如,U+5982,char,SILVER,s2_inter_s3_corrected,0.936,0.146,69.0,87.0,9f11de1f7fca,ok,test,yen4|page_0096|c4,"[662, 994, 728, 1065]",0.936,True,False,False,False,False,False,False,False,False,False,1.2608695652173914,False,False,False,0.0,other,clean,75.11320754716981,b9378552af9c35a7,461
35295,gold/yen4_page_0090_c03_060.png,yen4,page_0090,3,遣,khiến,遣,U+9063,char,GOLD,s1_inter_s2_direct,,0.14,82.0,95.0,3fd67cdd56db,ok,train,yen4|page_0090|c3,"[782, 1203, 851, 1280]",,False,False,False,False,False,False,True,False,False,True,1.1585365853658536,False,False,False,0.0999999999999999,gold_direct,gold-direct(no-s3),75.1512027491409,33e32563778dbcaa,462
32931,gold/yen4_page_0044_c02_039.png,yen4,page_0044,2,体,thấy,体,U+4F53,char,GOLD,s1_inter_s2_direct,,0.115,89.0,89.0,0e11b814eddb,ok,train,yen4|page_0044|c2,"[870, 1535, 943, 1608]",,False,False,False,False,False,False,True,False,False,True,1.0,False,False,False,0.0999999999999999,gold_direct,gold-direct(no-s3),75.1512027491409,e473cc736ccf2ef8,463
20213,gold/yen2_page_0086_c09_186.png,yen2,page_0086,9,神,THẦN,神,U+795E,char,GOLD,s1_inter_s2_direct,,0.175,125.0,137.0,19168957be23,ok,train,yen2|page_0086|c9,"[245, 1121, 346, 1232]",,False,False,False,False,False,False,True,False,False,True,1.096,False,False,False,0.0999999999999999,gold_direct,gold-direct(no-s3),75.1512027491409,7132117606630e77,464
14365,gold/yen2_page_0254_c09_155.png,yen2,page_0254,9,功,công,功,U+529F,char,GOLD,s1_inter_s2_direct,,0.259,90.0,170.0,1893ae7f7730,tall,train,yen2|page_0254|c9,"[233, 1643, 348, 1781]",,False,False,False,False,False,False,True,False,False,True,1.8888888888888888,True,False,True,0.2799999999999999,quality_flag,aspect=1.89,50.674418604651166,71cee7ec254f3c50,465
40261,gold/yen4_page_0198_c07_112.png,yen4,page_0198,7,朱,cho,朱,U+6731,char,GOLD,s1_inter_s2_direct,,0.239,68.0,95.0,48f37b9c8ff3,ok,train,yen4|page_0198|c7,"[478, 740, 552, 817]",,False,False,False,False,False,False,True,False,False,True,1.3970588235294117,False,False,False,0.0999999999999999,gold_direct,gold-direct(no-s3),75.1512027491409,bd29b7df0b1cb39b,466
1906,gold/yen11_page_0042_c08_103.png,yen11,page_0042,8,麻,mà,麻,U+9EBB,char,GOLD,s1_inter_s2_direct,,0.195,99.0,109.0,5ee17dafe83e,ok,train,yen11|page_0042|c8,"[389, 2373, 487, 2476]",,False,False,True,True,False,False,True,False,False,True,1.101010101010101,False,False,False,0.9,dup_defect,cross-col(F1),24.956989247311828,7ebdeb2f138685ff,467
1469,gold/yen4_page_0198_c01_003.png,yen4,page_0198,1,連,liền,連,U+9023,char,GOLD,s1_inter_s2_direct,,0.165,67.0,97.0,ff1b639cf185,ok,train,yen4|page_0198|c1,"[971, 420, 1041, 499]",,False,False,True,True,False,False,True,False,False,True,1.4477611940298507,False,False,False,0.9,dup_defect,cross-col(F1),24.956989247311828,a7259e2d1fe524ef,468
32830,gold/yen4_page_0042_c03_055.png,yen4,page_0042,3,碎,tôi,碎,U+788E,char,GOLD,s1_inter_s2_direct,,0.192,76.0,97.0,b425546f105b,ok,train,yen4|page_0042|c3,"[762, 1083, 834, 1162]",,False,False,False,False,False,False,True,False,False,True,1.2763157894736843,False,False,False,0.0999999999999999,gold_direct,gold-direct(no-s3),75.1512027491409,30593cc9a21b2527,469
1114,gold/yen4_page_0090_c04_078.png,yen4,page_0090,4,徳,Đức,徳,U+5FB3,char,GOLD,s1_inter_s2_direct,,0.145,76.0,94.0,953f20b4dfcf,ok,train,yen4|page_0090|c4,"[584, 896, 654, 972]",,False,False,True,True,False,False,True,False,False,True,1.236842105263158,False,False,False,0.9,dup_defect,cross-col(F1),24.956989247311828,6796e9056f647ba5,470
12250,gold/yen2_page_0280_c03_047.png,yen2,page_0280,3,不,vậy,丕,U+4E15,char,GOLD,s1_inter_s2_similar,0.674,0.216,111.0,147.0,06a398260ae8,ok,train,yen2|page_0280|c3,"[1154, 660, 1259, 779]",0.674,True,False,False,False,True,False,False,False,False,False,1.3243243243243243,False,False,False,0.3,similar_bridge,similar-bridge,37.63291139240506,c3a1ecff1029cc0b,471
57119,gold/yen11_page_0240_c06_129.png,yen11,page_0240,6,爲,vì,爲,U+7232,char,GOLD,s1_inter_s2_direct,,0.199,82.0,141.0,4da5c199fa4a,ok,val,yen11|page_0240|c6,"[698, 1834, 803, 1949]",,False,False,False,False,False,False,True,False,False,True,1.7195121951219512,False,False,False,0.0999999999999999,gold_direct,gold-direct(no-s3),75.1512027491409,558c9de848e45b76,472
28562,gold/yen2_page_0270_c06_113.png,yen2,page_0270,6,黄,vàng,黄,U+9EC4,char,GOLD,s1_inter_s2_direct,,0.24,80.0,141.0,9e47430c29a0,ok,train,yen2|page_0270|c6,"[690, 638, 787, 753]",,False,False,False,False,False,False,True,False,False,True,1.7625,False,False,False,0.0999999999999999,gold_direct,gold-direct(no-s3),75.1512027491409,22b9d968bda9824d,473
35492,gold/yen4_page_0094_c04_078.png,yen4,page_0094,4,命,mình,命,U+547D,char,GOLD,s1_inter_s2_direct,,0.166,74.0,98.0,a72d3833a98f,ok,train,yen4|page_0094|c4,"[650, 946, 723, 1026]",,False,False,False,False,False,False,True,False,False,True,1.3243243243243243,False,False,False,0.0999999999999999,gold_direct,gold-direct(no-s3),75.1512027491409,47f585442d832639,474
27137,gold/yen2_page_0238_c04_067.png,yen2,page_0238,4,罪,tội,罪,U+7F6A,char,GOLD,s1_inter_s2_direct,,0.177,125.0,161.0,11a33f94b06b,ok,train,yen2|page_0238|c4,"[998, 1455, 1105, 1586]",,False,False,False,False,False,False,True,False,False,True,1.288,False,False,False,0.0999999999999999,gold_direct,gold-direct(no-s3),75.1512027491409,9c39e47163430a3e,475
29709,gold/yen2_page_0294_c07_139.png,yen2,page_0294,7,衆,chúng,衆,U+8846,char,GOLD,s1_inter_s2_direct,,0.222,99.0,155.0,6ddcc1d313c9,ok,train,yen2|page_0294|c7,"[546, 2183, 652, 2308]",,False,False,False,False,False,False,True,False,False,True,1.5656565656565655,False,False,False,0.0999999999999999,gold_direct,gold-direct(no-s3),75.1512027491409,7722e6fe0922307a,476
45102,gold/yen4_page_0294_c06_120.png,yen4,page_0294,6,現,hiện,現,U+73FE,char,GOLD,s1_inter_s2_direct,,0.16,87.0,95.0,10d0503e4d6d,ok,train,yen4|page_0294|c6,"[473, 1069, 544, 1146]",,False,False,False,False,False,False,True,False,False,True,1.091954022988506,False,False,False,0.0999999999999999,gold_direct,gold-direct(no-s3),75.1512027491409,e2c32c85abf0a5a6,477
67696,silver/yen11_page_0248_c05_096.png,yen11,page_0248,5,色,đã,㐌,U+340C,char,SILVER,s2_inter_s3_corrected,0.638,0.22,82.0,129.0,24f8a26563ff,ok,train,yen11|page_0248|c5,"[872, 1463, 970, 1568]",0.638,True,False,False,False,False,False,False,False,False,False,1.5731707317073171,False,False,False,0.0,other,clean,75.11320754716981,7c8f798a188a7dde,478
41517,gold/yen4_page_0224_c05_088.png,yen4,page_0224,5,帝,đấy,帝,U+5E1D,char,GOLD,s1_inter_s2_direct,,0.142,72.0,82.0,ae3c1f1fe56e,ok,train,yen4|page_0224|c5,"[586, 522, 656, 591]",,False,False,False,False,False,False,True,False,False,True,1.1388888888888888,False,False,False,0.0999999999999999,gold_direct,gold-direct(no-s3),75.1512027491409,194ff617494e7882,479
5235,syllable/yen2_page_0134_c09_177.png,yen2,page_0134,9,好,Đức,,,syllable,SYLLABLE,nghia_consensus,0.093,0.229,106.0,141.0,4e24f4699b90,ok,train,yen2|page_0134|c9,"[233, 1126, 333, 1241]",0.093,True,False,False,False,False,False,False,True,True,False,1.330188679245283,False,False,False,0.6,s3_low,s3=0.09<τ,37.47752808988764,d193ae44643df48c,480
67217,silver/yen11_page_0186_c06_104.png,yen11,page_0186,6,罟,là,罗,U+7F57,char,SILVER,s2_inter_s3_corrected,0.628,0.205,73.0,106.0,3d65f018d76a,ok,train,yen11|page_0186|c6,"[745, 432, 855, 537]",0.628,True,False,False,False,False,False,False,False,False,False,1.452054794520548,False,False,False,0.0,other,clean,75.11320754716981,e2d3a5df48f25397,481
21789,gold/yen2_page_0118_c06_117.png,yen2,page_0118,6,除,giờ,除,U+9664,char,GOLD,s1_inter_s2_direct,,0.236,103.0,138.0,cfa18f8951ad,ok,train,yen2|page_0118|c6,"[677, 1004, 779, 1116]",,False,False,False,False,False,False,True,False,False,True,1.3398058252427183,False,False,False,0.0999999999999999,gold_direct,gold-direct(no-s3),75.1512027491409,f062bb9dbf12a150,482
23162,gold/yen2_page_0146_c08_130.png,yen2,page_0146,8,寺,thì,寺,U+5BFA,char,GOLD,s1_inter_s2_direct,,0.207,132.0,146.0,36dd58feedab,ok,train,yen2|page_0146|c8,"[391, 1602, 499, 1720]",,False,False,False,False,False,False,True,False,False,True,1.106060606060606,False,False,False,0.0999999999999999,gold_direct,gold-direct(no-s3),75.1512027491409,a44aa67f7375ec1b,483
54326,gold/yen11_page_0184_c02_040.png,yen11,page_0184,2,麻,mà,麻,U+9EBB,char,GOLD,s1_inter_s2_direct,,0.211,102.0,120.0,c2d59eaa1864,ok,train,yen11|page_0184|c2,"[1349, 2365, 1449, 2475]",,False,False,False,False,False,False,True,False,False,True,1.1764705882352942,False,False,False,0.0999999999999999,gold_direct,gold-direct(no-s3),75.1512027491409,36d5570798ae342b,484
57095,gold/yen11_page_0240_c04_083.png,yen11,page_0240,4,特,được,特,U+7279,char,GOLD,s1_inter_s2_direct,,0.236,85.0,132.0,0a8b44a7e5ab,ok,train,yen11|page_0240|c4,"[1008, 1676, 1112, 1784]",,False,False,False,False,False,False,True,False,False,True,1.5529411764705885,False,False,False,0.0999999999999999,gold_direct,gold-direct(no-s3),75.1512027491409,fae4da71fc2534c8,485
11603,gold/yen2_page_0070_c07_121.png,yen2,page_0070,7,雪,che,𩂏,U+2908F,char,GOLD,s1_inter_s2_similar,0.928,0.207,107.0,145.0,7d58de72685b,ok,train,yen2|page_0070|c7,"[527, 1777, 637, 1894]",0.928,True,False,False,False,True,False,False,False,False,False,1.355140186915888,False,False,False,0.3,similar_bridge,similar-bridge,37.63291139240506,c785b2d1743f6a2a,486
7831,syllable/yen11_page_0114_c04_077.png,yen11,page_0114,4,窀,xuống,,,syllable,SYLLABLE,nghia_consensus,0.487,0.186,92.0,137.0,d99984db0677,ok,train,yen11|page_0114|c4,"[1024, 1914, 1131, 2028]",0.487,True,False,False,False,False,False,False,True,True,False,1.4891304347826086,False,False,False,0.6,s3_low,s3=0.49<τ,37.47752808988764,3ff828084cc7b428,487
12795,gold/yen4_page_0146_c03_022.png,yen4,page_0146,3,冕,con,晜,U+665C,char,GOLD,s1_inter_s2_similar,0.751,0.117,85.0,109.0,d509827cdb0a,ok,train,yen4|page_0146|c3,"[774, 443, 847, 532]",0.751,True,False,False,False,True,False,False,False,False,False,1.2823529411764707,False,False,False,0.3,similar_bridge,similar-bridge,37.63291139240506,457ccff993f03659,488
4079,gold/yen11_page_0056_c01_015.png,yen11,page_0056,1,花,lấy,𢬦,U+22B26,char,GOLD,s1_inter_s2_similar,0.123,0.197,107.0,137.0,aeb8b1495032,ok,test,yen11|page_0056|c1,"[1487, 1866, 1592, 1977]",0.123,True,False,False,False,True,False,False,True,True,False,1.280373831775701,False,False,False,0.7,similar_bridge_lowcos,"similar-bridge,s3=0.12<τ",24.933333333333334,afd2fd5d974c698e,489
30482,gold/yen2_page_0312_c08_164.png,yen2,page_0312,8,恪,khác,恪,U+606A,char,GOLD,s1_inter_s2_direct,,0.167,105.0,156.0,b1165a52fa68,ok,train,yen2|page_0312|c8,"[383, 1723, 497, 1849]",,False,False,False,False,False,False,True,False,False,True,1.4857142857142858,False,False,False,0.0999999999999999,gold_direct,gold-direct(no-s3),75.1512027491409,8602f05d77e73ab2,490
2225,gold/yen11_page_0202_c06_115.png,yen11,page_0202,6,欺,khi,欺,U+6B3A,char,GOLD,s1_inter_s2_direct,,0.176,112.0,141.0,881b5c75f69e,ok,test,yen11|page_0202|c6,"[579, 2128, 680, 2243]",,False,False,True,True,False,False,True,False,False,True,1.2589285714285714,False,False,False,0.9,dup_defect,cross-col(F1),24.956989247311828,498e9c8be7ab62a1,491
66350,silver/yen11_page_0070_c06_111.png,yen11,page_0070,6,憾,góm,憾,U+61BE,char,SILVER,s1_inter_s3_out_of_dict,0.794,0.264,105.0,138.0,61f4d64511f7,ok,train,yen11|page_0070|c6,"[730, 723, 830, 835]",0.794,True,False,False,False,False,False,False,False,False,False,1.3142857142857145,False,False,False,0.0,other,clean,75.11320754716981,9615b022338111ed,492
23297,gold/yen2_page_0148_c09_181.png,yen2,page_0148,9,忌,cậy,忌,U+5FCC,char,GOLD,s1_inter_s2_direct,,0.171,121.0,146.0,c0bf56b43338,ok,train,yen2|page_0148|c9,"[215, 2129, 324, 2247]",,False,False,False,False,False,False,True,False,False,True,1.206611570247934,False,False,False,0.0999999999999999,gold_direct,gold-direct(no-s3),75.1512027491409,829f0ab37ffda724,493
3104,silver/yen4_page_0202_c09_162.png,yen4,page_0202,9,眾,tội,罪,U+7F6A,char,SILVER,s3_head_bank_consensus,0.075,0.186,62.0,106.0,6d9ee24c017d,ok,train,yen4|page_0202|c9,"[175, 529, 248, 615]",0.075,True,False,False,False,False,True,False,True,True,False,1.7096774193548387,False,False,False,0.76,silver_headbank,"silver-headbank,s3=0.07<τ",38.05128205128205,800998c9eb51b975,494
9544,silver/yen2_page_0046_c02_027.png,yen2,page_0046,2,詩,thì,寺,U+5BFA,char,SILVER,s2_inter_s3_corrected,0.569,0.21,109.0,138.0,788c72a2c251,ok,train,yen2|page_0046|c2,"[1290, 1038, 1390, 1150]",0.569,True,False,False,False,False,False,False,True,False,False,1.2660550458715596,False,False,False,0.35,s3_low,s3=0.57<τ,37.47752808988764,1131a02076ca56a9,495
25624,gold/yen2_page_0202_c02_032.png,yen2,page_0202,2,旦,đến,旦,U+65E6,char,GOLD,s1_inter_s2_direct,,0.273,92.0,146.0,6ad7941ddfb1,ok,train,yen2|page_0202|c2,"[1309, 1738, 1410, 1856]",,False,False,False,False,False,False,True,False,False,True,1.5869565217391304,False,False,False,0.0999999999999999,gold_direct,gold-direct(no-s3),75.1512027491409,9adcfd27352eef8b,496
32991,gold/yen4_page_0044_c07_150.png,yen4,page_0044,7,尼,này,尼,U+5C3C,char,GOLD,s1_inter_s2_direct,,0.157,67.0,80.0,7ad3d3c78fc7,ok,train,yen4|page_0044|c7,"[378, 1452, 446, 1520]",,False,False,False,False,False,False,True,False,False,True,1.1940298507462686,False,False,False,0.0999999999999999,gold_direct,gold-direct(no-s3),75.1512027491409,f3db49342f397190,497
36767,gold/yen4_page_0124_c04_078.png,yen4,page_0124,4,吏,lại,吏,U+540F,char,GOLD,s1_inter_s2_direct,,0.165,82.0,89.0,c8f5930883d5,ok,train,yen4|page_0124|c4,"[657, 926, 730, 999]",,False,False,False,False,False,False,True,False,False,True,1.0853658536585369,False,False,False,0.0999999999999999,gold_direct,gold-direct(no-s3),75.1512027491409,615dbc90c9a04468,498
28527,gold/yen2_page_0270_c02_028.png,yen2,page_0270,2,重,trọng,重,U+91CD,char,GOLD,s1_inter_s2_direct,,0.238,84.0,139.0,2ea072419e78,ok,val,yen2|page_0270|c2,"[1295, 852, 1391, 965]",,False,False,False,False,False,False,True,False,False,True,1.6547619047619049,False,False,False,0.0999999999999999,gold_direct,gold-direct(no-s3),75.1512027491409,9e2de8d7f919c87e,499
1229,gold/yen4_page_0134_c03_030.png,yen4,page_0134,3,朱,cho,朱,U+6731,char,GOLD,s1_inter_s2_direct,,0.184,89.0,107.0,c8d28634a64c,ok,train,yen4|page_0134|c3,"[755, 694, 832, 781]",,False,True,False,True,False,False,True,False,False,True,1.202247191011236,False,False,False,0.9,dup_defect,dup-bbox(AE-1),24.956989247311828,2a3640b6d082f03a,500
37812,gold/yen4_page_0146_c05_067.png,yen4,page_0146,5,欣,hơn,欣,U+6B23,char,GOLD,s1_inter_s2_direct,,0.211,79.0,107.0,a78c6d653a88,ok,train,yen4|page_0146|c5,"[573, 738, 648, 825]",,False,False,False,False,False,False,True,False,False,True,1.3544303797468351,False,False,False,0.0999999999999999,gold_direct,gold-direct(no-s3),75.1512027491409,4575305912972a21,501
6160,syllable/yen4_page_0024_c07_131.png,yen4,page_0024,7,皇,Thánh,,,syllable,SYLLABLE,nghia_consensus,0.165,0.157,65.0,95.0,9ee47a9fc8ec,ok,train,yen4|page_0024|c7,"[387, 384, 458, 461]",0.165,True,False,False,False,False,False,False,True,True,False,1.4615384615384617,False,False,False,0.6,s3_low,s3=0.17<τ,37.47752808988764,fb4a44e65ed35a70,502
1188,gold/yen4_page_0122_c08_089.png,yen4,page_0122,8,詐,trá,詐,U+8A50,char,GOLD,s1_inter_s2_direct,,0.158,89.0,94.0,2494b5900f39,ok,test,yen4|page_0122|c8,"[269, 764, 342, 840]",,False,False,True,True,False,False,True,False,False,True,1.0561797752808988,False,False,False,0.9,dup_defect,cross-col(F1),24.956989247311828,bbfbb55b50563f50,503
5450,syllable/yen2_page_0180_c07_130.png,yen2,page_0180,7,𭃡,xưa,,,syllable,SYLLABLE,nghia_consensus,0.169,0.181,111.0,166.0,3232903e8ff1,ok,train,yen2|page_0180|c7,"[508, 2188, 612, 2322]",0.169,True,False,False,False,False,False,False,True,True,False,1.4954954954954955,False,False,False,0.6,s3_low,s3=0.17<τ,37.47752808988764,008d4e671988d650,504
19084,gold/yen2_page_0064_c04_078.png,yen2,page_0064,4,禁,cấm,禁,U+7981,char,GOLD,s1_inter_s2_direct,,0.195,141.0,147.0,b12a62836dc1,ok,train,yen2|page_0064|c4,"[958, 2388, 1073, 2507]",,False,False,False,False,False,False,True,False,False,True,1.0425531914893618,False,False,False,0.0999999999999999,gold_direct,gold-direct(no-s3),75.1512027491409,7a70ee9914ca1850,505
30387,gold/yen2_page_0312_c01_018.png,yen2,page_0312,1,主,Chúa,主,U+4E3B,char,GOLD,s1_inter_s2_direct,,0.207,94.0,149.0,62c2bf2d7068,ok,train,yen2|page_0312|c1,"[1437, 2234, 1541, 2355]",,False,False,False,False,False,False,True,False,False,True,1.5851063829787233,False,False,False,0.0999999999999999,gold_direct,gold-direct(no-s3),75.1512027491409,222f6a5507d3e428,506
14594,gold/yen4_page_0184_c08_165.png,yen4,page_0184,8,市,nào,市,U+5E02,char,GOLD,s1_inter_s2_direct,,0.186,48.0,94.0,aba00a85e949,tall,train,yen4|page_0184|c8,"[286, 301, 351, 377]",,False,False,False,False,False,False,True,False,False,True,1.9583333333333333,True,False,True,0.2799999999999999,quality_flag,aspect=1.96,50.674418604651166,020432af4d8d57b2,507
7151,syllable/yen4_page_0270_c01_008.png,yen4,page_0270,1,鲁,rô,,,syllable,SYLLABLE,nghia_consensus,0.263,0.15,79.0,97.0,a82a991e9e24,ok,train,yen4|page_0270|c1,"[969, 743, 1040, 822]",0.263,True,False,False,False,False,False,False,True,True,False,1.2278481012658229,False,False,False,0.6,s3_low,s3=0.26<τ,37.47752808988764,4e045f6721eb0511,508
55142,gold/yen11_page_0200_c02_025.png,yen11,page_0200,2,事,sự,事,U+4E8B,char,GOLD,s1_inter_s2_direct,,0.155,91.0,134.0,a1daf069104a,ok,train,yen11|page_0200|c2,"[1332, 903, 1431, 1017]",,False,False,False,False,False,False,True,False,False,True,1.4725274725274726,False,False,False,0.0999999999999999,gold_direct,gold-direct(no-s3),75.1512027491409,36e3b5549d900314,509
20484,gold/yen2_page_0092_c06_129.png,yen2,page_0092,6,麻,mà,麻,U+9EBB,char,GOLD,s1_inter_s2_direct,,0.262,118.0,131.0,5351428bbbf9,ok,train,yen2|page_0092|c6,"[672, 1765, 778, 1872]",,False,False,False,False,False,False,True,False,False,True,1.1101694915254237,False,False,False,0.0999999999999999,gold_direct,gold-direct(no-s3),75.1512027491409,47a43486fba33bbf,510
61667,silver/yen2_page_0168_c06_110.png,yen2,page_0168,6,是,con,昆,U+6606,char,SILVER,s2_inter_s3_corrected,0.739,0.176,136.0,149.0,844cc14b1b80,ok,train,yen2|page_0168|c6,"[661, 2379, 771, 2500]",0.739,True,False,False,False,False,False,False,False,False,False,1.0955882352941178,False,False,False,0.0,other,clean,75.11320754716981,4a184c26fb10f8a4,511
19585,gold/yen2_page_0074_c05_097.png,yen2,page_0074,5,寺,thì,寺,U+5BFA,char,GOLD,s1_inter_s2_direct,,0.199,121.0,152.0,91a9f1360d3f,ok,train,yen2|page_0074|c5,"[822, 1790, 930, 1914]",,False,False,False,False,False,False,True,False,False,True,1.256198347107438,False,False,False,0.0999999999999999,gold_direct,gold-direct(no-s3),75.1512027491409,f2626f7bce5266a6,512
28276,gold/yen2_page_0264_c02_025.png,yen2,page_0264,2,特,được,特,U+7279,char,GOLD,s1_inter_s2_direct,,0.257,114.0,150.0,b1632006ed5c,ok,train,yen2|page_0264|c2,"[1282, 938, 1397, 1060]",,False,False,False,False,False,False,True,False,False,True,1.3157894736842106,False,False,False,0.0999999999999999,gold_direct,gold-direct(no-s3),75.1512027491409,92fd347768c03612,513
11782,gold/yen2_page_0120_c07_139.png,yen2,page_0120,7,兵,cùng,其,U+5176,char,GOLD,s1_inter_s2_similar,0.747,0.189,144.0,145.0,eda86581084e,ok,train,yen2|page_0120|c7,"[490, 1584, 608, 1701]",0.747,True,False,False,False,True,False,False,False,False,False,1.0069444444444444,False,False,False,0.3,similar_bridge,similar-bridge,37.63291139240506,78999fd90caf488f,514
6777,syllable/yen4_page_0190_c01_003.png,yen4,page_0190,1,對,cả,,,syllable,SYLLABLE,nghia_consensus,0.252,0.166,67.0,90.0,29194ca9670e,ok,train,yen4|page_0190|c1,"[975, 424, 1043, 498]",0.252,True,False,False,False,False,False,False,True,True,False,1.3432835820895523,False,False,False,0.6,s3_low,s3=0.25<τ,37.47752808988764,a2a36f37496130c0,515
48635,gold/yen11_page_0068_c05_093.png,yen11,page_0068,5,於,ở,於,U+65BC,char,GOLD,s1_inter_s2_direct,,0.21,108.0,139.0,052334ea79bc,ok,train,yen11|page_0068|c5,"[850, 962, 953, 1075]",,False,False,False,False,False,False,True,False,False,True,1.287037037037037,False,False,False,0.0999999999999999,gold_direct,gold-direct(no-s3),75.1512027491409,8c0e74d5a742e958,516
27516,gold/yen2_page_0246_c07_121.png,yen2,page_0246,7,拱,cũng,拱,U+62F1,char,GOLD,s1_inter_s2_direct,,0.204,129.0,138.0,3290f2f0e769,ok,train,yen2|page_0246|c7,"[558, 629, 664, 741]",,False,False,False,False,False,False,True,False,False,True,1.069767441860465,False,False,False,0.0999999999999999,gold_direct,gold-direct(no-s3),75.1512027491409,8e7d4202bf92ac9c,517
11796,gold/yen2_page_0124_c07_144.png,yen2,page_0124,7,兵,cùng,其,U+5176,char,GOLD,s1_inter_s2_similar,0.768,0.185,127.0,140.0,3e2559c59c04,ok,train,yen2|page_0124|c7,"[515, 2117, 618, 2231]",0.768,True,False,False,False,True,False,False,False,False,False,1.1023622047244095,False,False,False,0.3,similar_bridge,similar-bridge,37.63291139240506,b44f0edf76dc4b4b,518
452,gold/yen2_page_0286_c07_121.png,yen2,page_0286,7,旦,Đến,旦,U+65E6,char,GOLD,s1_inter_s2_direct,,0.282,78.0,147.0,813d59fa29a8,tall,train,yen2|page_0286|c7,"[682, 1197, 791, 1316]",,False,False,True,True,False,False,True,False,False,True,1.8846153846153848,True,False,True,0.92,dup_defect,"cross-col(F1),aspect=1.88",24.956989247311828,7cf3da75c1056065,519
21947,gold/yen2_page_0122_c01_010.png,yen2,page_0122,1,歇,hết,歇,U+6B47,char,GOLD,s1_inter_s2_direct,,0.197,122.0,139.0,6b2749f5d1b9,ok,train,yen2|page_0122|c1,"[1450, 1513, 1557, 1626]",,False,False,False,False,False,False,True,False,False,True,1.139344262295082,False,False,False,0.0999999999999999,gold_direct,gold-direct(no-s3),75.1512027491409,1a9f7bed56f6b070,520
24297,gold/yen2_page_0170_c09_153.png,yen2,page_0170,9,垩,Thánh,垩,U+57A9,char,GOLD,s1_inter_s2_direct,,0.229,103.0,158.0,4a11da819e9f,ok,train,yen2|page_0170|c9,"[226, 680, 336, 808]",,False,False,False,False,False,False,True,False,False,True,1.5339805825242718,False,False,False,0.0999999999999999,gold_direct,gold-direct(no-s3),75.1512027491409,5a750ae6b164b9c5,521
9761,silver/yen2_page_0128_c05_091.png,yen2,page_0128,5,辰,này,尼,U+5C3C,char,SILVER,s2_inter_s3_corrected,0.553,0.145,120.0,132.0,1700d50dfada,ok,train,yen2|page_0128|c5,"[805, 990, 903, 1098]",0.553,True,False,False,False,False,False,False,True,False,False,1.1,False,False,False,0.35,s3_low,s3=0.55<τ,37.47752808988764,23b35424a2964e23,522
43581,gold/yen4_page_0266_c01_001.png,yen4,page_0266,1,厨,chùa,厨,U+53A8,char,GOLD,s1_inter_s2_direct,,0.122,72.0,104.0,f692823c7e18,ok,train,yen4|page_0266|c1,"[961, 311, 1037, 395]",,False,False,False,False,False,False,True,False,False,True,1.4444444444444444,False,False,False,0.0999999999999999,gold_direct,gold-direct(no-s3),75.1512027491409,f3d3855d090bfc2b,523
7421,syllable/yen11_page_0032_c02_029.png,yen11,page_0032,2,人,ấy,,,syllable,SYLLABLE,nghia_consensus,0.077,0.211,82.0,139.0,49b5dd50fcec,ok,train,yen11|page_0032|c2,"[1314, 1152, 1417, 1265]",0.077,True,False,False,False,False,False,False,True,True,False,1.695121951219512,False,False,False,0.6,s3_low,s3=0.08<τ,37.47752808988764,6cbfad1190dd46b1,524
10078,silver/yen2_page_0286_c02_023.png,yen2,page_0286,2,八,ấy,衣,U+8863,char,SILVER,s2_inter_s3_corrected,0.583,0.209,126.0,172.0,20b969031cbd,ok,val,yen2|page_0286|c2,"[1283, 1038, 1401, 1178]",0.583,True,False,False,False,False,False,False,True,False,False,1.3650793650793651,False,False,False,0.35,s3_low,s3=0.58<τ,37.47752808988764,6b990d42bdeacc2c,525
54609,gold/yen11_page_0188_c09_193.png,yen11,page_0188,9,同,có,同,U+540C,char,GOLD,s1_inter_s2_direct,,0.227,96.0,114.0,af518d7154ce,ok,train,yen11|page_0188|c9,"[261, 2402, 366, 2505]",,False,False,False,False,False,False,True,False,False,True,1.1875,False,False,False,0.0999999999999999,gold_direct,gold-direct(no-s3),75.1512027491409,d18be3596ceb3275,526
42411,gold/yen4_page_0242_c05_077.png,yen4,page_0242,5,南,năm,南,U+5357,char,GOLD,s1_inter_s2_direct,,0.154,79.0,95.0,299da3fb898f,ok,train,yen4|page_0242|c5,"[603, 422, 672, 499]",,False,False,False,False,False,False,True,False,False,True,1.2025316455696202,False,False,False,0.0999999999999999,gold_direct,gold-direct(no-s3),75.1512027491409,3c6deabb430f4e2c,527
8936,gold/yen4_page_0012_c03_050.png,yen4,page_0012,3,具,con,昆,U+6606,char,GOLD,s1_inter_s2_similar,0.52,0.165,99.0,101.0,7e33aff3f7cc,ok,train,yen4|page_0012|c3,"[743, 1530, 824, 1613]",0.52,True,False,False,False,True,False,False,True,False,False,1.02020202020202,False,False,False,0.5,similar_bridge_lowcos,"similar-bridge,s3=0.52<τ",24.933333333333334,17bef25d76ad9ee6,528
3284,silver/yen4_page_0286_c05_112.png,yen4,page_0286,5,倮,mũ,帽,U+5E3D,char,SILVER,s3_head_bank_consensus,0.013,0.145,72.0,79.0,b146947ae9ac,ok,test,yen4|page_0286|c5,"[577, 1551, 645, 1616]",0.013,True,False,False,False,False,True,False,True,True,False,1.0972222222222223,False,False,False,0.76,silver_headbank,"silver-headbank,s3=0.01<τ",38.05128205128205,1ba8a7907a495bcf,529
22996,gold/yen2_page_0142_c01_017.png,yen2,page_0142,1,官,Quan,官,U+5B98,char,GOLD,s1_inter_s2_direct,,0.228,138.0,163.0,bfb9d38f5dcf,ok,train,yen2|page_0142|c1,"[1450, 2308, 1562, 2441]",,False,False,False,False,False,False,True,False,False,True,1.181159420289855,False,False,False,0.0999999999999999,gold_direct,gold-direct(no-s3),75.1512027491409,659a4b7a64ee6542,530
1656,gold/yen4_page_0274_c03_056.png,yen4,page_0274,3,敬,Kính,敬,U+656C,char,GOLD,s1_inter_s2_direct,,0.147,78.0,90.0,681e68145993,ok,train,yen4|page_0274|c3,"[770, 983, 840, 1057]",,False,False,True,True,False,False,True,False,False,True,1.1538461538461535,False,False,False,0.9,dup_defect,cross-col(F1),24.956989247311828,c523397f79a5d744,531
60643,silver/yen2_page_0066_c03_051.png,yen2,page_0066,3,祀,lấy,礼,U+793C,char,SILVER,s2_inter_s3_corrected,0.732,0.266,112.0,138.0,a0a9bb7a85d2,ok,train,yen2|page_0066|c3,"[1151, 1223, 1256, 1335]",0.732,True,False,False,False,False,False,False,False,False,False,1.2321428571428572,False,False,False,0.0,other,clean,75.11320754716981,e415e7c041dc70f8,532
22780,gold/yen2_page_0136_c09_155.png,yen2,page_0136,9,和,hòa,和,U+548C,char,GOLD,s1_inter_s2_direct,,0.153,115.0,145.0,1e0710d68f65,ok,train,yen2|page_0136|c9,"[198, 1168, 299, 1285]",,False,False,False,False,False,False,True,False,False,True,1.2608695652173914,False,False,False,0.0999999999999999,gold_direct,gold-direct(no-s3),75.1512027491409,a0526b78dfe2094b,533
62593,silver/yen2_page_0274_c05_093.png,yen2,page_0274,5,因,Có,固,U+56FA,char,SILVER,s2_inter_s3_corrected,0.742,0.196,115.0,162.0,e234d863d591,ok,val,yen2|page_0274|c5,"[817, 1299, 932, 1431]",0.742,True,False,False,False,False,False,False,False,False,False,1.4086956521739131,False,False,False,0.0,other,clean,75.11320754716981,ff65b5a4a06d4a64,534
15460,gold/yen2_page_0180_c07_118.png,yen2,page_0180,7,麻,mà,麻,U+9EBB,char,GOLD,s1_inter_s2_direct,,0.316,103.0,162.0,5ddbca2438d7,ok,train,yen2|page_0180|c7,"[508, 898, 615, 1030]",,False,False,False,False,False,False,True,False,False,True,1.5728155339805825,False,True,True,0.235,quality_flag,ink-outlier,50.674418604651166,0140d5f0e799061b,535
49864,gold/yen11_page_0096_c08_169.png,yen11,page_0096,8,浪,rằng,浪,U+6D6A,char,GOLD,s1_inter_s2_direct,,0.143,111.0,139.0,31723ab8eb0d,ok,train,yen11|page_0096|c8,"[431, 2290, 531, 2403]",,False,False,False,False,False,False,True,False,False,True,1.2522522522522523,False,False,False,0.0999999999999999,gold_direct,gold-direct(no-s3),75.1512027491409,bd677a3fc3d214e0,536
16134,silver/yen11_page_0024_c01_004.png,yen11,page_0024,1,要,là,罗,U+7F57,char,SILVER,s2_inter_s3_corrected,0.704,0.155,72.0,130.0,51dd74d99543,tall,train,yen11|page_0024|c1,"[1470, 778, 1567, 884]",0.704,True,False,False,False,False,False,False,False,False,False,1.8055555555555556,True,False,True,0.1999999999999999,quality_flag,aspect=1.81,50.674418604651166,788ffa37b3ada78a,537
36983,gold/yen4_page_0128_c04_082.png,yen4,page_0128,4,旦,đến,旦,U+65E6,char,GOLD,s1_inter_s2_direct,,0.131,63.0,86.0,5c3e5aa1268e,ok,train,yen4|page_0128|c4,"[649, 1229, 719, 1299]",,False,False,False,False,False,False,True,False,False,True,1.3650793650793651,False,False,False,0.0999999999999999,gold_direct,gold-direct(no-s3),75.1512027491409,cf05363ebc89504a,538
25160,gold/yen2_page_0190_c08_130.png,yen2,page_0190,8,逐,giục,逐,U+9010,char,GOLD,s1_inter_s2_direct,,0.217,141.0,166.0,17d05a5b48ff,ok,train,yen2|page_0190|c8,"[355, 588, 470, 722]",,False,False,False,False,False,False,True,False,False,True,1.177304964539007,False,False,False,0.0999999999999999,gold_direct,gold-direct(no-s3),75.1512027491409,4ebdc31786f17dcd,539
12598,gold/yen4_page_0076_c03_057.png,yen4,page_0076,3,及,bề,皮,U+76AE,char,GOLD,s1_inter_s2_similar,0.706,0.173,75.0,99.0,8e6beccdc8c4,ok,train,yen4|page_0076|c3,"[752, 1194, 824, 1275]",0.706,True,False,False,False,True,False,False,False,False,False,1.32,False,False,False,0.3,similar_bridge,similar-bridge,37.63291139240506,7c2a64a61c10d56f,540
5743,syllable/yen2_page_0246_c03_053.png,yen2,page_0246,3,異,là,,,syllable,SYLLABLE,nghia_consensus,0.386,0.221,100.0,111.0,9f33d2df0c5b,ok,train,yen2|page_0246|c3,"[1136, 1807, 1249, 1898]",0.386,True,False,False,False,False,False,False,True,True,False,1.11,False,False,False,0.6,s3_low,s3=0.39<τ,37.47752808988764,0357b36be9d748f1,541
1381,gold/yen4_page_0186_c01_009.png,yen4,page_0186,1,感,cám,感,U+611F,char,GOLD,s1_inter_s2_direct,,0.214,87.0,76.0,b582ef815f15,ok,val,yen4|page_0186|c1,"[956, 816, 1027, 878]",,False,True,False,True,False,False,True,False,False,True,0.8735632183908046,False,False,False,0.9,dup_defect,dup-bbox(AE-1),24.956989247311828,d6b62d8908a9d6a4,542
36378,gold/yen4_page_0114_c07_157.png,yen4,page_0114,7,曰,viết,曰,U+66F0,char,GOLD,s1_inter_s2_direct,,0.182,53.0,71.0,f8657c4523ed,ok,train,yen4|page_0114|c7,"[376, 1549, 445, 1615]",,False,False,False,False,False,False,True,False,False,True,1.339622641509434,False,False,False,0.0999999999999999,gold_direct,gold-direct(no-s3),75.1512027491409,d42bca95fe76eef4,543
25932,gold/yen2_page_0210_c03_041.png,yen2,page_0210,3,体,bát,体,U+4F53,char,GOLD,s1_inter_s2_direct,,0.267,118.0,158.0,7d1535bda41d,ok,train,yen2|page_0210|c3,"[1156, 788, 1265, 916]",,False,False,False,False,False,False,True,False,False,True,1.3389830508474576,False,False,False,0.0999999999999999,gold_direct,gold-direct(no-s3),75.1512027491409,8c799931d533daeb,544
19619,gold/yen2_page_0074_c08_157.png,yen2,page_0074,8,群,còn,群,U+7FA4,char,GOLD,s1_inter_s2_direct,,0.247,141.0,151.0,7ef595e705fd,ok,train,yen2|page_0074|c8,"[351, 1346, 466, 1469]",,False,False,False,False,False,False,True,False,False,True,1.070921985815603,False,False,False,0.0999999999999999,gold_direct,gold-direct(no-s3),75.1512027491409,84bebbef545b7986,545
12147,gold/yen2_page_0244_c05_092.png,yen2,page_0244,5,技,Giê,枝,U+679D,char,GOLD,s1_inter_s2_similar,0.979,0.209,124.0,155.0,a33ef8bce946,ok,test,yen2|page_0244|c5,"[851, 1896, 964, 2021]",0.979,True,False,False,False,True,False,False,False,False,False,1.25,False,False,False,0.3,similar_bridge,similar-bridge,37.63291139240506,d583eac6ccd4152d,546
34463,gold/yen4_page_0074_c04_076.png,yen4,page_0074,4,特,được,特,U+7279,char,GOLD,s1_inter_s2_direct,,0.192,81.0,95.0,90ca5c0e4251,ok,train,yen4|page_0074|c4,"[660, 729, 731, 806]",,False,False,False,False,False,False,True,False,False,True,1.1728395061728396,False,False,False,0.0999999999999999,gold_direct,gold-direct(no-s3),75.1512027491409,1fb915269f4d5cd8,547
39641,gold/yen4_page_0182_c08_178.png,yen4,page_0182,8,女,nữa,女,U+5973,char,GOLD,s1_inter_s2_direct,,0.13,90.0,99.0,66c470ff9ed8,ok,train,yen4|page_0182|c8,"[298, 958, 372, 1039]",,False,False,False,False,False,False,True,False,False,True,1.1,False,False,False,0.0999999999999999,gold_direct,gold-direct(no-s3),75.1512027491409,8653e557b567e73e,548
7981,syllable/yen11_page_0138_c05_100.png,yen11,page_0138,5,希,vua,,,syllable,SYLLABLE,nghia_consensus,0.086,0.188,70.0,79.0,d7d94b94bde2,ok,train,yen11|page_0138|c5,"[865, 1709, 973, 1774]",0.086,True,False,False,False,False,False,False,True,True,False,1.1285714285714286,False,False,False,0.6,s3_low,s3=0.09<τ,37.47752808988764,64593938d367cede,549
56356,gold/yen11_page_0224_c02_040.png,yen11,page_0224,2,巴,ba,巴,U+5DF4,char,GOLD,s1_inter_s2_direct,,0.131,86.0,137.0,99187eb349a6,ok,test,yen11|page_0224|c2,"[1334, 2040, 1429, 2151]",,False,False,False,False,False,False,True,False,False,True,1.5930232558139534,False,False,False,0.0999999999999999,gold_direct,gold-direct(no-s3),75.1512027491409,9bac337814b01e3c,550
6813,syllable/yen4_page_0194_c08_157.png,yen4,page_0194,8,因,có,,,syllable,SYLLABLE,nghia_consensus,0.07,0.194,78.0,95.0,75d4c37f47e6,ok,val,yen4|page_0194|c8,"[382, 344, 455, 421]",0.07,True,False,False,False,False,False,False,True,True,False,1.2179487179487178,False,False,False,0.6,s3_low,s3=0.07<τ,37.47752808988764,d311832b20d4c151,551
61697,silver/yen2_page_0172_c03_046.png,yen2,page_0172,3,尽,Trời,𡗶,U+215F6,char,SILVER,s2_inter_s3_corrected,0.918,0.22,133.0,172.0,aa16d3d51dd3,ok,train,yen2|page_0172|c3,"[1129, 1346, 1238, 1486]",0.918,True,False,False,False,False,False,False,False,False,False,1.2932330827067668,False,False,False,0.0,other,clean,75.11320754716981,7e89429f188e40a2,552
2196,silver/yen11_page_0184_c09_175.png,yen11,page_0184,9,昇,người,㝵,U+3775,char,SILVER,s2_inter_s3_corrected,0.928,0.15,102.0,137.0,1641065ff6e1,ok,train,yen11|page_0184|c9,"[286, 854, 383, 965]",0.928,True,False,True,True,False,False,False,False,False,False,1.343137254901961,False,False,False,0.9,dup_defect,cross-col(F1),24.956989247311828,b419c0727b468c86,553
58037,gold/yen11_page_0258_c04_073.png,yen11,page_0258,4,時,thì,時,U+6642,char,GOLD,s1_inter_s2_direct,,0.234,87.0,147.0,decb413839b6,ok,train,yen11|page_0258|c4,"[1014, 996, 1117, 1115]",,False,False,False,False,False,False,True,False,False,True,1.6896551724137931,False,False,False,0.0999999999999999,gold_direct,gold-direct(no-s3),75.1512027491409,8c910627c34eaaee,554
63458,silver/yen4_page_0062_c02_025.png,yen4,page_0062,2,辰,rằng,浪,U+6D6A,char,SILVER,s2_inter_s3_corrected,0.923,0.17,78.0,91.0,4a56f4b40f5f,ok,train,yen4|page_0062|c2,"[853, 513, 924, 593]",0.923,True,False,False,False,False,False,False,False,False,False,1.1666666666666667,False,False,False,0.0,other,clean,75.11320754716981,adba0f55772c52ef,555
62169,silver/yen2_page_0220_c06_102.png,yen2,page_0220,6,在,chăng,庄,U+5E84,char,SILVER,s2_inter_s3_corrected,0.732,0.162,109.0,155.0,fe24eba48df1,ok,val,yen2|page_0220|c6,"[665, 981, 767, 1106]",0.732,True,False,False,False,False,False,False,False,False,False,1.4220183486238531,False,False,False,0.0,other,clean,75.11320754716981,5a2b86fb4421d394,556
42511,gold/yen4_page_0244_c03_064.png,yen4,page_0244,3,退,thôi,退,U+9000,char,GOLD,s1_inter_s2_direct,,0.147,70.0,90.0,c1576eb1f574,ok,train,yen4|page_0244|c3,"[765, 1450, 835, 1525]",,False,False,False,False,False,False,True,False,False,True,1.2857142857142858,False,False,False,0.0999999999999999,gold_direct,gold-direct(no-s3),75.1512027491409,b6e5b611936ba85a,557
28304,gold/yen2_page_0264_c04_067.png,yen2,page_0264,4,法,phép,法,U+6CD5,char,GOLD,s1_inter_s2_direct,,0.254,88.0,136.0,aefed600c07c,ok,train,yen2|page_0264|c4,"[974, 921, 1088, 1037]",,False,False,False,False,False,False,True,False,False,True,1.5454545454545454,False,False,False,0.0999999999999999,gold_direct,gold-direct(no-s3),75.1512027491409,1c1245f20892d373,558
3739,gold/yen11_page_0070_c01_004.png,yen11,page_0070,1,宋,cho,朱,U+6731,char,GOLD,s1_inter_s2_similar,0.029,0.313,74.0,131.0,4ab35017c938,ok,train,yen11|page_0070|c1,"[1493, 777, 1590, 884]",0.029,True,False,False,False,True,False,False,True,True,False,1.7702702702702702,False,True,True,0.745,similar_bridge_lowcos,"similar-bridge,s3=0.03<τ,ink-outlier",24.933333333333334,f894b99f9d108e6a,559
47810,gold/yen11_page_0052_c09_192.png,yen11,page_0052,9,之,gì,之,U+4E4B,char,GOLD,s1_inter_s2_direct,,0.136,78.0,132.0,b88b3fa46e1c,ok,train,yen11|page_0052|c9,"[261, 2029, 360, 2137]",,False,False,False,False,False,False,True,False,False,True,1.6923076923076923,False,False,False,0.0999999999999999,gold_direct,gold-direct(no-s3),75.1512027491409,cb91e39f5081396a,560
56878,gold/yen11_page_0236_c03_049.png,yen11,page_0236,3,法,phép,法,U+6CD5,char,GOLD,s1_inter_s2_direct,,0.195,79.0,137.0,22f15b67e052,ok,train,yen11|page_0236|c3,"[1174, 974, 1271, 1085]",,False,False,False,False,False,False,True,False,False,True,1.7341772151898731,False,False,False,0.0999999999999999,gold_direct,gold-direct(no-s3),75.1512027491409,3f4e9da3051d480b,561
25669,gold/yen2_page_0202_c07_130.png,yen2,page_0202,7,体,thấy,体,U+4F53,char,GOLD,s1_inter_s2_direct,,0.278,132.0,170.0,a819bacb5502,ok,train,yen2|page_0202|c7,"[559, 2080, 667, 2218]",,False,False,False,False,False,False,True,False,False,True,1.2878787878787878,False,False,False,0.0999999999999999,gold_direct,gold-direct(no-s3),75.1512027491409,dc1615a7edd17c58,562
2005,gold/yen11_page_0094_c06_119.png,yen11,page_0094,6,且,đến,且,U+4E14,char,GOLD,s1_inter_s2_direct,,0.158,136.0,149.0,a43ad676f750,ok,train,yen11|page_0094|c6,"[714, 1195, 824, 1316]",,False,True,False,True,False,False,True,False,False,True,1.0955882352941178,False,False,False,0.9,dup_defect,dup-bbox(AE-1),24.956989247311828,134bf00a4e205472,563
48709,gold/yen11_page_0070_c01_012.png,yen11,page_0070,1,翁,ông,翁,U+7FC1,char,GOLD,s1_inter_s2_direct,,0.24,90.0,136.0,9ed74912d69a,ok,train,yen11|page_0070|c1,"[1489, 1667, 1594, 1777]",,False,False,False,False,False,False,True,False,False,True,1.511111111111111,False,False,False,0.0999999999999999,gold_direct,gold-direct(no-s3),75.1512027491409,106eda2cb70f6448,564
9628,silver/yen2_page_0084_c01_017.png,yen2,page_0084,1,遠,dọn,迍,U+8FCD,char,SILVER,s2_inter_s3_corrected,0.586,0.182,132.0,141.0,48b3bc6b36f7,ok,train,yen2|page_0084|c1,"[1438, 1971, 1546, 2086]",0.586,True,False,False,False,False,False,False,True,False,False,1.068181818181818,False,False,False,0.35,s3_low,s3=0.59<τ,37.47752808988764,5e120127da2f8d84,565
43375,gold/yen4_page_0260_c06_122.png,yen4,page_0260,6,㝵,người,㝵,U+3775,char,GOLD,s1_inter_s2_direct,,0.193,63.0,93.0,92e821341a3d,ok,train,yen4|page_0260|c6,"[476, 730, 543, 805]",,False,False,False,False,False,False,True,False,False,True,1.4761904761904765,False,False,False,0.0999999999999999,gold_direct,gold-direct(no-s3),75.1512027491409,cbf30f5afb073ca4,566
45231,gold/yen4_page_0296_c08_169.png,yen4,page_0296,8,庄,chẳng,庄,U+5E84,char,GOLD,s1_inter_s2_direct,,0.109,72.0,91.0,ba9c2935048c,ok,train,yen4|page_0296|c8,"[282, 1048, 351, 1125]",,False,False,False,False,False,False,True,False,False,True,1.2638888888888888,False,False,False,0.0999999999999999,gold_direct,gold-direct(no-s3),75.1512027491409,c1cb0cb53a23cdec,567
3857,gold/yen2_page_0260_c06_108.png,yen2,page_0260,6,设,đoạn,段,U+6BB5,char,GOLD,s1_inter_s2_similar,0.161,0.226,110.0,161.0,a38ec01673b7,ok,test,yen2|page_0260|c6,"[702, 2103, 814, 2235]",0.161,True,False,False,False,True,False,False,True,True,False,1.4636363636363636,False,False,False,0.7,similar_bridge_lowcos,"similar-bridge,s3=0.16<τ",24.933333333333334,220802c6ce2f4903,568
4276,syllable/yen4_page_0026_c04_063.png,yen4,page_0026,4,皇,Thánh,,,syllable,SYLLABLE,nghia_consensus,0.293,0.197,51.0,96.0,dae21f797cd8,tall,val,yen4|page_0026|c4,"[666, 445, 736, 523]",0.293,True,False,False,False,False,False,False,True,True,False,1.8823529411764703,True,False,True,0.6799999999999999,s3_low,"s3=0.29<τ,aspect=1.88",37.47752808988764,110a995b8db27485,569
2717,silver/yen2_page_0272_c05_098.png,yen2,page_0272,5,森,trăm,林,U+6797,char,SILVER,s3_head_bank_consensus,0.031,0.219,105.0,159.0,d115f9f2cdd9,ok,train,yen2|page_0272|c5,"[862, 2216, 971, 2345]",0.031,True,False,False,False,False,True,False,True,True,False,1.5142857142857142,False,False,False,0.76,silver_headbank,"silver-headbank,s3=0.03<τ",38.05128205128205,221fa4a8109ad89f,570
10447,silver/yen4_page_0140_c06_120.png,yen4,page_0140,6,采,thầy,柴,U+67F4,char,SILVER,s2_inter_s3_corrected,0.501,0.147,60.0,94.0,077e4d59a977,ok,train,yen4|page_0140|c6,"[468, 909, 539, 985]",0.501,True,False,False,False,False,False,False,True,False,False,1.5666666666666669,False,False,False,0.35,s3_low,s3=0.50<τ,37.47752808988764,5855d1362fa67ca6,571
13266,gold/yen4_page_0304_c06_114.png,yen4,page_0304,6,必,Sa,抄,U+6284,char,GOLD,s1_inter_s2_similar,0.911,0.151,74.0,88.0,b3a4db3912ce,ok,train,yen4|page_0304|c6,"[502, 406, 568, 478]",0.911,True,False,False,False,True,False,False,False,False,False,1.1891891891891893,False,False,False,0.3,similar_bridge,similar-bridge,37.63291139240506,5ee144beb7b706d0,572
50054,gold/yen11_page_0100_c08_151.png,yen11,page_0100,8,各,các,各,U+5404,char,GOLD,s1_inter_s2_direct,,0.172,99.0,146.0,f517dae69e05,ok,train,yen11|page_0100|c8,"[420, 783, 523, 903]",,False,False,False,False,False,False,True,False,False,True,1.4747474747474747,False,False,False,0.0999999999999999,gold_direct,gold-direct(no-s3),75.1512027491409,37ef9c1e388ff87f,573
42534,gold/yen4_page_0244_c05_104.png,yen4,page_0244,5,仍,những,仍,U+4ECD,char,GOLD,s1_inter_s2_direct,,0.167,68.0,90.0,ce161df4185a,ok,test,yen4|page_0244|c5,"[573, 1108, 640, 1182]",,False,False,False,False,False,False,True,False,False,True,1.3235294117647058,False,False,False,0.0999999999999999,gold_direct,gold-direct(no-s3),75.1512027491409,22398a181e0b87c7,574
7164,syllable/yen4_page_0272_c01_010.png,yen4,page_0272,1,之,pha,,,syllable,SYLLABLE,nghia_consensus,0.128,0.167,72.0,97.0,cbcfcb6a662d,ok,train,yen4|page_0272|c1,"[980, 913, 1053, 992]",0.128,True,False,False,False,False,False,False,True,True,False,1.3472222222222223,False,False,False,0.6,s3_low,s3=0.13<τ,37.47752808988764,f15f39c922636f7d,575
31532,gold/yen4_page_0016_c02_033.png,yen4,page_0016,2,欺,khi,欺,U+6B3A,char,GOLD,s1_inter_s2_direct,,0.177,89.0,101.0,054e03b6a170,ok,train,yen4|page_0016|c2,"[867, 913, 940, 996]",,False,False,False,False,False,False,True,False,False,True,1.1348314606741574,False,False,False,0.0999999999999999,gold_direct,gold-direct(no-s3),75.1512027491409,191bfeb43105123b,576
39375,gold/yen4_page_0176_c03_053.png,yen4,page_0176,3,主,Chúa,主,U+4E3B,char,GOLD,s1_inter_s2_direct,,0.114,83.0,93.0,cf09875524da,ok,train,yen4|page_0176|c3,"[761, 714, 829, 789]",,False,False,False,False,False,False,True,False,False,True,1.120481927710843,False,False,False,0.0999999999999999,gold_direct,gold-direct(no-s3),75.1512027491409,5cdc29296acaf2b3,577
2190,gold/yen11_page_0184_c08_162.png,yen11,page_0184,8,虎,hổ,虎,U+864E,char,GOLD,s1_inter_s2_direct,,0.156,93.0,142.0,618da24c3f3a,ok,val,yen11|page_0184|c8,"[273, 1725, 376, 1841]",,False,False,True,True,False,False,True,False,False,True,1.5268817204301075,False,False,False,0.9,dup_defect,cross-col(F1),24.956989247311828,89786cebd13f666d,578
42880,gold/yen4_page_0250_c09_172.png,yen4,page_0250,9,固,có,固,U+56FA,char,GOLD,s1_inter_s2_direct,,0.241,57.0,81.0,72e03b78df4b,ok,train,yen4|page_0250|c9,"[184, 403, 247, 473]",,False,False,False,False,False,False,True,False,False,True,1.4210526315789471,False,False,False,0.0999999999999999,gold_direct,gold-direct(no-s3),75.1512027491409,7d23037b8c32cdf2,579
62557,silver/yen2_page_0270_c02_032.png,yen2,page_0270,2,寿,thì,寺,U+5BFA,char,SILVER,s2_inter_s3_corrected,0.853,0.216,104.0,141.0,51f370484f54,ok,val,yen2|page_0270|c2,"[1287, 1233, 1383, 1348]",0.853,True,False,False,False,False,False,False,False,False,False,1.3557692307692308,False,False,False,0.0,other,clean,75.11320754716981,3668d340820e063d,580
50972,gold/yen11_page_0118_c05_085.png,yen11,page_0118,5,碎,Tôi,碎,U+788E,char,GOLD,s1_inter_s2_direct,,0.194,86.0,113.0,ef857288cb85,ok,train,yen11|page_0118|c5,"[898, 427, 1003, 536]",,False,False,False,False,False,False,True,False,False,True,1.313953488372093,False,False,False,0.0999999999999999,gold_direct,gold-direct(no-s3),75.1512027491409,db6ec8ffb9bb02dc,581
36567,gold/yen4_page_0118_c06_127.png,yen4,page_0118,6,納,nộp,納,U+7D0D,char,GOLD,s1_inter_s2_direct,,0.189,81.0,96.0,ca05622ae630,ok,train,yen4|page_0118|c6,"[481, 1211, 552, 1289]",,False,False,False,False,False,False,True,False,False,True,1.1851851851851851,False,False,False,0.0999999999999999,gold_direct,gold-direct(no-s3),75.1512027491409,32a0d4f970042796,582
60288,silver/yen2_page_0030_c05_098.png,yen2,page_0030,5,吞,Trời,𡗶,U+215F6,char,SILVER,s2_inter_s3_corrected,0.827,0.196,100.0,140.0,038741493ef1,ok,train,yen2|page_0030|c5,"[827, 1226, 927, 1340]",0.827,True,False,False,False,False,False,False,False,False,False,1.4,False,False,False,0.0,other,clean,75.11320754716981,17a205c8080c87d7,583
16772,gold/yen2_page_0018_c07_149.png,yen2,page_0018,7,自,Từ,自,U+81EA,char,GOLD,s1_inter_s2_direct,,0.182,125.0,147.0,7d96c77cfc77,ok,test,yen2|page_0018|c7,"[507, 2089, 614, 2208]",,False,False,False,False,False,False,True,False,False,True,1.176,False,False,False,0.0999999999999999,gold_direct,gold-direct(no-s3),75.1512027491409,16192f75f06feb69,584
8703,syllable/yen11_page_0268_c01_016.png,yen11,page_0268,1,向,làm,,,syllable,SYLLABLE,nghia_consensus,0.051,0.176,109.0,145.0,5d5fc2e73b22,ok,train,yen11|page_0268|c1,"[1468, 1989, 1576, 2106]",0.051,True,False,False,False,False,False,False,True,True,False,1.3302752293577982,False,False,False,0.6,s3_low,s3=0.05<τ,37.47752808988764,416be3736526e0c6,585
67552,silver/yen11_page_0226_c08_162.png,yen11,page_0226,8,粤,là,罗,U+7F57,char,SILVER,s2_inter_s3_corrected,0.623,0.191,87.0,140.0,55e951682f97,ok,val,yen11|page_0226|c8,"[411, 1069, 505, 1183]",0.623,True,False,False,False,False,False,False,False,False,False,1.6091954022988506,False,False,False,0.0,other,clean,75.11320754716981,4c4e37d4be3baa08,586
24665,gold/yen2_page_0180_c01_011.png,yen2,page_0180,1,塊,khỏi,塊,U+584A,char,GOLD,s1_inter_s2_direct,,0.234,108.0,158.0,ea853049628a,ok,train,yen2|page_0180|c1,"[1424, 1658, 1528, 1786]",,False,False,False,False,False,False,True,False,False,True,1.462962962962963,False,False,False,0.0999999999999999,gold_direct,gold-direct(no-s3),75.1512027491409,fd30da99853d4024,587
28741,gold/yen2_page_0274_c04_081.png,yen2,page_0274,4,下,hạ,下,U+4E0B,char,GOLD,s1_inter_s2_direct,,0.165,97.0,142.0,ed9b45ff5b94,ok,train,yen2|page_0274|c4,"[970, 2125, 1078, 2241]",,False,False,False,False,False,False,True,False,False,True,1.4639175257731958,False,False,False,0.0999999999999999,gold_direct,gold-direct(no-s3),75.1512027491409,fce30e69564e0a56,588
68002,silver/yen11_page_0290_c02_041.png,yen11,page_0290,2,将,Ngày,時,U+6642,char,SILVER,s2_inter_s3_corrected,0.842,0.188,109.0,118.0,20674feaf7f9,ok,test,yen11|page_0290|c2,"[1293, 2335, 1400, 2445]",0.842,True,False,False,False,False,False,False,False,False,False,1.0825688073394495,False,False,False,0.0,other,clean,75.11320754716981,ea71a79ed88b5570,589
624,gold/yen2_page_0162_c08_127.png,yen2,page_0162,8,死,tử,死,U+6B7B,char,GOLD,s1_inter_s2_direct,,0.231,147.0,186.0,025b88c4f7e2,ok,train,yen2|page_0162|c8,"[374, 1413, 493, 1563]",,False,False,True,True,False,False,True,False,False,True,1.2653061224489797,False,False,False,0.9,dup_defect,cross-col(F1),24.956989247311828,7d0cfdb0c3feea0e,590
60650,silver/yen2_page_0066_c06_121.png,yen2,page_0066,6,好,đánh,打,U+6253,char,SILVER,s2_inter_s3_corrected,0.977,0.192,141.0,147.0,00e229dcca6a,ok,train,yen2|page_0066|c6,"[687, 1828, 802, 1947]",0.977,True,False,False,False,False,False,False,False,False,False,1.0425531914893618,False,False,False,0.0,other,clean,75.11320754716981,9e29c753d472fda5,591
13037,gold/yen4_page_0228_c05_094.png,yen4,page_0228,5,基,Ki,朞,U+671E,char,GOLD,s1_inter_s2_similar,0.981,0.143,69.0,91.0,6db891825097,ok,train,yen4|page_0228|c5,"[597, 958, 665, 1037]",0.981,True,False,False,False,True,False,False,False,False,False,1.318840579710145,False,False,False,0.3,similar_bridge,similar-bridge,37.63291139240506,3f8361c150728296,592
2245,gold/yen11_page_0210_c08_138.png,yen11,page_0210,8,讀,đọc,讀,U+8B80,char,GOLD,s1_inter_s2_direct,,0.125,129.0,157.0,253c11ecebbc,ok,train,yen11|page_0210|c8,"[607, 1886, 722, 2013]",,False,True,True,True,False,False,True,False,False,True,1.2170542635658914,False,False,False,0.9,dup_defect,"dup-bbox(AE-1),cross-col(F1)",24.956989247311828,ecaacb205704b9de,593
1158,gold/yen4_page_0112_c06_112.png,yen4,page_0112,6,㐌,đã,㐌,U+340C,char,GOLD,s1_inter_s2_direct,,0.158,77.0,110.0,552042d83461,ok,test,yen4|page_0112|c6,"[469, 398, 546, 488]",,False,False,True,True,False,False,True,False,False,True,1.4285714285714286,False,False,False,0.9,dup_defect,cross-col(F1),24.956989247311828,3a799f4a452b0495,594
17020,gold/yen2_page_0024_c02_024.png,yen2,page_0024,2,朱,cho,朱,U+6731,char,GOLD,s1_inter_s2_direct,,0.195,125.0,140.0,fba82313ae33,ok,train,yen2|page_0024|c2,"[1265, 638, 1366, 752]",,False,False,False,False,False,False,True,False,False,True,1.12,False,False,False,0.0999999999999999,gold_direct,gold-direct(no-s3),75.1512027491409,fa790c7d176dbc6b,595
57702,gold/yen11_page_0252_c02_044.png,yen11,page_0252,2,固,có,固,U+56FA,char,GOLD,s1_inter_s2_direct,,0.225,80.0,103.0,c384ff9dfce0,ok,train,yen11|page_0252|c2,"[1359, 2348, 1455, 2444]",,False,False,False,False,False,False,True,False,False,True,1.2875,False,False,False,0.0999999999999999,gold_direct,gold-direct(no-s3),75.1512027491409,7ad62b4ebab1bc3c,596
5128,syllable/yen2_page_0114_c07_133.png,yen2,page_0114,7,婉,em,,,syllable,SYLLABLE,nghia_consensus,0.056,0.196,131.0,140.0,bcf9c11c2ab9,ok,train,yen2|page_0114|c7,"[525, 1152, 636, 1266]",0.056,True,False,False,False,False,False,False,True,True,False,1.068702290076336,False,False,False,0.6,s3_low,s3=0.06<τ,37.47752808988764,496ba6625b9d8480,597
10859,silver/yen11_page_0028_c02_041.png,yen11,page_0028,2,李,học,斈,U+6588,char,SILVER,s2_inter_s3_corrected,0.569,0.167,95.0,149.0,f3c97bf30d78,ok,val,yen11|page_0028|c2,"[1327, 2193, 1427, 2314]",0.569,True,False,False,False,False,False,False,True,False,False,1.568421052631579,False,False,False,0.35,s3_low,s3=0.57<τ,37.47752808988764,24dc04e7bdc00aab,598
43761,gold/yen4_page_0268_c09_182.png,yen4,page_0268,9,麻,mà,麻,U+9EBB,char,GOLD,s1_inter_s2_direct,,0.134,65.0,90.0,c6b2ac28d231,ok,train,yen4|page_0268|c9,"[177, 750, 241, 824]",,False,False,False,False,False,False,True,False,False,True,1.3846153846153846,False,False,False,0.0999999999999999,gold_direct,gold-direct(no-s3),75.1512027491409,2d1e8b124673bcdb,599
33425,gold/yen4_page_0054_c02_023.png,yen4,page_0054,2,罪,tội,罪,U+7F6A,char,GOLD,s1_inter_s2_direct,,0.142,80.0,103.0,e00c341d654a,ok,val,yen4|page_0054|c2,"[890, 350, 962, 434]",,False,False,False,False,False,False,True,False,False,True,1.2875,False,False,False,0.0999999999999999,gold_direct,gold-direct(no-s3),75.1512027491409,c5d24d5a0df5b654,600
8616,syllable/yen11_page_0252_c07_138.png,yen11,page_0252,7,而,làm,,,syllable,SYLLABLE,nghia_consensus,0.382,0.214,74.0,131.0,3ac90f3943c0,ok,test,yen11|page_0252|c7,"[583, 845, 682, 952]",0.382,True,False,False,False,False,False,False,True,True,False,1.7702702702702702,False,False,False,0.6,s3_low,s3=0.38<τ,37.47752808988764,4c52df71a06b1f61,601
40006,gold/yen4_page_0190_c06_127.png,yen4,page_0190,6,強,càng,強,U+5F37,char,GOLD,s1_inter_s2_direct,,0.181,76.0,90.0,fcf0ddb0d394,ok,train,yen4|page_0190|c6,"[482, 1457, 552, 1531]",,False,False,False,False,False,False,True,False,False,True,1.1842105263157894,False,False,False,0.0999999999999999,gold_direct,gold-direct(no-s3),75.1512027491409,5748016955f5f4b0,602
37250,gold/yen4_page_0134_c05_072.png,yen4,page_0134,5,道,đạo,道,U+9053,char,GOLD,s1_inter_s2_direct,,0.155,90.0,104.0,f2752d36ecd4,ok,train,yen4|page_0134|c5,"[550, 745, 624, 829]",,False,False,False,False,False,False,True,False,False,True,1.1555555555555554,False,False,False,0.0999999999999999,gold_direct,gold-direct(no-s3),75.1512027491409,73a2bd05ee407e69,603
46366,gold/yen11_page_0022_c06_118.png,yen11,page_0022,6,庒,chăng,庒,U+5E92,char,GOLD,s1_inter_s2_direct,,0.207,93.0,121.0,5ef797b422ec,ok,train,yen11|page_0022|c6,"[672, 851, 777, 954]",,False,False,False,False,False,False,True,False,False,True,1.3010752688172045,False,False,False,0.0999999999999999,gold_direct,gold-direct(no-s3),75.1512027491409,b6b0dcf1bb978949,604
9538,silver/yen2_page_0042_c09_187.png,yen2,page_0042,9,㸔,mới,買,U+8CB7,char,SILVER,s2_inter_s3_corrected,0.581,0.169,129.0,135.0,61e25367383c,ok,train,yen2|page_0042|c9,"[216, 1941, 322, 2050]",0.581,True,False,False,False,False,False,False,True,False,False,1.0465116279069768,False,False,False,0.35,s3_low,s3=0.58<τ,37.47752808988764,f1668a99cb70a59f,605
298,syllable/yen11_page_0058_c01_010.png,yen11,page_0058,1,𦥷,ra,,,syllable,SYLLABLE,nghia_consensus,0.028,0.206,93.0,133.0,3b983c3de06d,ok,train,yen11|page_0058|c1,"[1486, 1294, 1593, 1407]",0.028,True,True,False,True,False,False,False,True,True,False,1.4301075268817205,False,False,False,0.96,dup_defect,"dup-bbox(AE-1),s3=0.03<τ",24.956989247311828,fb9acf216082d722,606
43677,gold/yen4_page_0268_c01_015.png,yen4,page_0268,1,法,phép,法,U+6CD5,char,GOLD,s1_inter_s2_direct,,0.158,64.0,94.0,9e6ca07841dc,ok,train,yen4|page_0268|c1,"[950, 1163, 1024, 1239]",,False,False,False,False,False,False,True,False,False,True,1.46875,False,False,False,0.0999999999999999,gold_direct,gold-direct(no-s3),75.1512027491409,bc4840d7b43e6091,607
6373,syllable/yen4_page_0080_c09_179.png,yen4,page_0080,9,無,vồ,,,syllable,SYLLABLE,nghia_consensus,0.04,0.152,71.0,92.0,d6197954bd9b,ok,test,yen4|page_0080|c9,"[182, 685, 251, 763]",0.04,True,False,False,False,False,False,False,True,True,False,1.295774647887324,False,False,False,0.6,s3_low,s3=0.04<τ,37.47752808988764,0923f15337cb7489,608
22410,gold/yen2_page_0130_c04_071.png,yen2,page_0130,4,丐,cái,丐,U+4E10,char,GOLD,s1_inter_s2_direct,,0.212,108.0,139.0,fa814af66acb,ok,test,yen2|page_0130|c4,"[987, 930, 1097, 1043]",,False,False,False,False,False,False,True,False,False,True,1.287037037037037,False,False,False,0.0999999999999999,gold_direct,gold-direct(no-s3),75.1512027491409,eb787d108fc84202,609
14956,gold/yen11_page_0174_c07_138.png,yen11,page_0174,7,几,kẻ,几,U+51E0,char,GOLD,s1_inter_s2_direct,,0.129,82.0,148.0,421143a4e962,tall,train,yen11|page_0174|c7,"[553, 991, 661, 1111]",,False,False,False,False,False,False,True,False,False,True,1.804878048780488,True,False,True,0.2799999999999999,quality_flag,aspect=1.80,50.674418604651166,99897241b67646ca,610
61127,silver/yen2_page_0110_c07_124.png,yen2,page_0110,7,來,cho,朱,U+6731,char,SILVER,s2_inter_s3_corrected,0.865,0.222,118.0,152.0,5695839280d7,ok,train,yen2|page_0110|c7,"[539, 787, 640, 911]",0.865,True,False,False,False,False,False,False,False,False,False,1.2881355932203389,False,False,False,0.0,other,clean,75.11320754716981,833b34e958282755,611
21428,gold/yen2_page_0112_c03_048.png,yen2,page_0112,3,道,đạo,道,U+9053,char,GOLD,s1_inter_s2_direct,,0.273,136.0,150.0,dbab43b81429,ok,train,yen2|page_0112|c3,"[1134, 1169, 1244, 1291]",,False,False,False,False,False,False,True,False,False,True,1.1029411764705883,False,False,False,0.0999999999999999,gold_direct,gold-direct(no-s3),75.1512027491409,15e6605030a2c325,612
42681,gold/yen4_page_0246_c09_170.png,yen4,page_0246,9,中,trong,中,U+4E2D,char,GOLD,s1_inter_s2_direct,,0.127,70.0,93.0,9765926bef7c,ok,train,yen4|page_0246|c9,"[184, 294, 250, 369]",,False,False,False,False,False,False,True,False,False,True,1.3285714285714283,False,False,False,0.0999999999999999,gold_direct,gold-direct(no-s3),75.1512027491409,b645a33c9d7fc0a7,613
40089,gold/yen4_page_0192_c06_097.png,yen4,page_0192,6,酥,tô,酥,U+9165,char,GOLD,s1_inter_s2_direct,,0.177,75.0,88.0,3ab697040da2,ok,val,yen4|page_0192|c6,"[474, 811, 544, 893]",,False,False,False,False,False,False,True,False,False,True,1.1733333333333331,False,False,False,0.0999999999999999,gold_direct,gold-direct(no-s3),75.1512027491409,171e4bdff33c8b52,614
58062,gold/yen11_page_0258_c06_116.png,yen11,page_0258,6,把,bà,把,U+628A,char,GOLD,s1_inter_s2_direct,,0.246,91.0,132.0,d0249278f897,ok,train,yen11|page_0258|c6,"[709, 950, 809, 1058]",,False,False,False,False,False,False,True,False,False,True,1.4505494505494505,False,False,False,0.0999999999999999,gold_direct,gold-direct(no-s3),75.1512027491409,59369c50e911a029,615
9510,silver/yen2_page_0032_c07_145.png,yen2,page_0032,7,䍐,ra,囉,U+56C9,char,SILVER,s2_inter_s3_corrected,0.578,0.163,117.0,137.0,e3a1be1004d2,ok,train,yen2|page_0032|c7,"[516, 1857, 618, 1969]",0.578,True,False,False,False,False,False,False,True,False,False,1.170940170940171,False,False,False,0.35,s3_low,s3=0.58<τ,37.47752808988764,e1a2b92998c34ed7,616
28766,gold/yen2_page_0274_c06_118.png,yen2,page_0274,6,朱,CHO,朱,U+6731,char,GOLD,s1_inter_s2_direct,,0.166,104.0,150.0,2e13f1de4e68,ok,train,yen2|page_0274|c6,"[651, 1887, 763, 2009]",,False,False,False,False,False,False,True,False,False,True,1.4423076923076923,False,False,False,0.0999999999999999,gold_direct,gold-direct(no-s3),75.1512027491409,1b0ca08a465c8e82,617
61203,silver/yen2_page_0120_c06_106.png,yen2,page_0120,6,侑,về,𧗱,U+275F1,char,SILVER,s2_inter_s3_corrected,0.821,0.285,114.0,136.0,c90a4a0495d1,ok,train,yen2|page_0120|c6,"[667, 641, 773, 751]",0.821,True,False,False,False,False,False,False,False,False,False,1.1929824561403508,False,False,False,0.0,other,clean,75.11320754716981,22e1de4ba806a969,618
41538,gold/yen4_page_0224_c07_132.png,yen4,page_0224,7,語,ngửa,語,U+8A9E,char,GOLD,s1_inter_s2_direct,,0.158,80.0,103.0,7e2b68c63db9,ok,val,yen4|page_0224|c7,"[398, 664, 469, 749]",,False,False,False,False,False,False,True,False,False,True,1.2875,False,False,False,0.0999999999999999,gold_direct,gold-direct(no-s3),75.1512027491409,54a84a3a70ba7a0b,619
16891,gold/yen2_page_0020_c08_154.png,yen2,page_0020,8,碎,tôi,碎,U+788E,char,GOLD,s1_inter_s2_direct,,0.188,128.0,145.0,01c11a166610,ok,train,yen2|page_0020|c8,"[347, 1475, 451, 1592]",,False,False,False,False,False,False,True,False,False,True,1.1328125,False,False,False,0.0999999999999999,gold_direct,gold-direct(no-s3),75.1512027491409,7ab575d41703aac3,620
1097,gold/yen4_page_0084_c07_150.png,yen4,page_0084,7,讓,nhường,讓,U+8B93,char,GOLD,s1_inter_s2_direct,,0.144,81.0,94.0,8ebffd7798d3,ok,train,yen4|page_0084|c7,"[453, 1206, 522, 1282]",,False,False,True,True,False,False,True,False,False,True,1.160493827160494,False,False,False,0.9,dup_defect,cross-col(F1),24.956989247311828,896ea355b5f64991,621
59535,gold/yen11_page_0288_c08_159.png,yen11,page_0288,8,髙,cao,髙,U+9AD9,char,GOLD,s1_inter_s2_direct,,0.201,101.0,137.0,a220144fd94b,ok,train,yen11|page_0288|c8,"[447, 1148, 545, 1259]",,False,False,False,False,False,False,True,False,False,True,1.3564356435643563,False,False,False,0.0999999999999999,gold_direct,gold-direct(no-s3),75.1512027491409,7179644c3fd1bfcb,622
40236,gold/yen4_page_0196_c09_175.png,yen4,page_0196,9,棱,rừng,棱,U+68F1,char,GOLD,s1_inter_s2_direct,,0.14,81.0,100.0,b4b10aba4f7b,ok,train,yen4|page_0196|c9,"[205, 1124, 278, 1206]",,False,False,False,False,False,False,True,False,False,True,1.2345679012345678,False,False,False,0.0999999999999999,gold_direct,gold-direct(no-s3),75.1512027491409,ad018c01d646dee6,623
12372,gold/yen2_page_0318_c01_015.png,yen2,page_0318,1,不,Vậy,丕,U+4E15,char,GOLD,s1_inter_s2_similar,0.978,0.17,83.0,148.0,bc23db7b1dd9,ok,train,yen2|page_0318|c1,"[1445, 2045, 1555, 2165]",0.978,True,False,False,False,True,False,False,False,False,False,1.783132530120482,False,False,False,0.3,similar_bridge,similar-bridge,37.63291139240506,921652ff06157094,624
8714,syllable/yen11_page_0270_c01_004.png,yen11,page_0270,1,人,ấy,,,syllable,SYLLABLE,nghia_consensus,0.131,0.161,113.0,136.0,76497d2cf794,ok,test,yen11|page_0270|c1,"[1453, 794, 1553, 904]",0.131,True,False,False,False,False,False,False,True,True,False,1.2035398230088497,False,False,False,0.6,s3_low,s3=0.13<τ,37.47752808988764,90cad4c72ae06ac9,625
2401,silver/yen2_page_0012_c08_126.png,yen2,page_0012,8,屠,rô,嚕,U+5695,char,SILVER,s3_head_bank_consensus,0.026,0.197,109.0,146.0,0a0191a7caed,ok,train,yen2|page_0012|c8,"[346, 1219, 449, 1337]",0.026,True,False,False,False,False,True,False,True,True,False,1.3394495412844036,False,False,False,0.76,silver_headbank,"silver-headbank,s3=0.03<τ",38.05128205128205,6a92d4c7b6c6c188,626
50862,gold/yen11_page_0116_c05_103.png,yen11,page_0116,5,嗔,xin,嗔,U+55D4,char,GOLD,s1_inter_s2_direct,,0.145,112.0,150.0,56e594125641,ok,train,yen11|page_0116|c5,"[904, 2093, 1011, 2215]",,False,False,False,False,False,False,True,False,False,True,1.3392857142857142,False,False,False,0.0999999999999999,gold_direct,gold-direct(no-s3),75.1512027491409,36a87a708b9a0dd2,627
64532,silver/yen4_page_0174_c03_059.png,yen4,page_0174,3,率,tốt,窣,U+7AA3,char,SILVER,s2_inter_s3_corrected,0.82,0.187,58.0,82.0,ec0ecb5e7b74,ok,train,yen4|page_0174|c3,"[776, 887, 843, 960]",0.82,True,False,False,False,False,False,False,False,False,False,1.4137931034482758,False,False,False,0.0,other,clean,75.11320754716981,42c3d2930cad6948,628
14484,gold/yen2_page_0306_c07_130.png,yen2,page_0306,7,㝵,người,㝵,U+3775,char,GOLD,s1_inter_s2_direct,,0.237,86.0,155.0,edad31a8720f,tall,train,yen2|page_0306|c7,"[559, 1923, 666, 2048]",,False,False,False,False,False,False,True,False,False,True,1.802325581395349,True,False,True,0.2799999999999999,quality_flag,aspect=1.80,50.674418604651166,4d97b97621743864,629
27154,gold/yen2_page_0238_c06_106.png,yen2,page_0238,6,事,sự,事,U+4E8B,char,GOLD,s1_inter_s2_direct,,0.171,112.0,151.0,bd923807d1d4,ok,train,yen2|page_0238|c6,"[700, 1648, 806, 1777]",,False,False,False,False,False,False,True,False,False,True,1.3482142857142858,False,False,False,0.0999999999999999,gold_direct,gold-direct(no-s3),75.1512027491409,7f64442ceb4760a1,630
62954,silver/yen2_page_0330_c08_143.png,yen2,page_0330,8,魁,lên,連,U+9023,char,SILVER,s2_inter_s3_corrected,0.872,0.221,135.0,162.0,c6026deec161,ok,test,yen2|page_0330|c8,"[382, 1310, 500, 1442]",0.872,True,False,False,False,False,False,False,False,False,False,1.2,False,False,False,0.0,other,clean,75.11320754716981,d0c94a483496298a,631
407,gold/yen4_page_0058_c06_121.png,yen4,page_0058,6,橋,kẻo,撟,U+649F,char,GOLD,s1_inter_s2_similar,0.776,0.181,71.0,98.0,0e885df40840,ok,train,yen4|page_0058|c6,"[566, 1384, 637, 1464]",0.776,True,False,True,True,True,False,False,False,False,False,1.380281690140845,False,False,False,0.93,dup_defect,"cross-col(F1),similar-bridge",24.956989247311828,1385e11f18b42bfc,632
6073,syllable/yen2_page_0328_c02_036.png,yen2,page_0328,2,㸔,khen,,,syllable,SYLLABLE,nghia_consensus,0.019,0.255,120.0,163.0,c95c72e9f83c,ok,train,yen2|page_0328|c2,"[1314, 2182, 1427, 2315]",0.019,True,False,False,False,False,False,False,True,True,False,1.3583333333333334,False,False,False,0.6,s3_low,s3=0.02<τ,37.47752808988764,0dc68cba82b8e9f7,633
55391,gold/yen11_page_0204_c05_102.png,yen11,page_0204,5,外,ngoài,外,U+5916,char,GOLD,s1_inter_s2_direct,,0.164,119.0,140.0,18f4cc88ab9b,ok,train,yen11|page_0204|c5,"[901, 1671, 1011, 1785]",,False,False,False,False,False,False,True,False,False,True,1.1764705882352942,False,False,False,0.0999999999999999,gold_direct,gold-direct(no-s3),75.1512027491409,7ba40760ed9ba934,634
14552,gold/yen4_page_0096_c08_160.png,yen4,page_0096,8,空,không,空,U+7A7A,char,GOLD,s1_inter_s2_direct,,0.176,49.0,98.0,c96312011b69,tall,test,yen4|page_0096|c8,"[274, 290, 342, 370]",,False,False,False,False,False,False,True,False,False,True,2.0,True,False,True,0.2799999999999999,quality_flag,aspect=2.00,50.674418604651166,1ba4ff90f3a93a84,635
48799,gold/yen11_page_0072_c01_013.png,yen11,page_0072,1,墓,mộ,墓,U+5893,char,GOLD,s1_inter_s2_direct,,0.187,81.0,136.0,9726cd268b35,ok,val,yen11|page_0072|c1,"[1466, 1872, 1564, 1982]",,False,False,False,False,False,False,True,False,False,True,1.6790123456790125,False,False,False,0.0999999999999999,gold_direct,gold-direct(no-s3),75.1512027491409,296256465f6ae894,636
59658,gold/yen11_page_0292_c01_000.png,yen11,page_0292,1,年,nên,年,U+5E74,char,GOLD,s1_inter_s2_direct,,0.169,70.0,102.0,49ba86ffc996,ok,train,yen11|page_0292|c1,"[1504, 450, 1605, 561]",,False,False,False,False,False,False,True,False,False,True,1.457142857142857,False,False,False,0.0999999999999999,gold_direct,gold-direct(no-s3),75.1512027491409,88d31a9f3a3cdf46,637
67498,silver/yen11_page_0220_c05_107.png,yen11,page_0220,5,数,đoạn,断,U+65AD,char,SILVER,s2_inter_s3_corrected,0.878,0.173,116.0,121.0,14787f52ccbd,ok,train,yen11|page_0220|c5,"[897, 2343, 1003, 2447]",0.878,True,False,False,False,False,False,False,False,False,False,1.043103448275862,False,False,False,0.0,other,clean,75.11320754716981,d68a27e3dfc705ba,638
6479,syllable/yen4_page_0104_c04_070.png,yen4,page_0104,4,張,mẹ,,,syllable,SYLLABLE,nghia_consensus,0.261,0.145,82.0,98.0,0e7dc6553de1,ok,test,yen4|page_0104|c4,"[667, 698, 739, 778]",0.261,True,False,False,False,False,False,False,True,True,False,1.195121951219512,False,False,False,0.6,s3_low,s3=0.26<τ,37.47752808988764,8b0e7eae9c1e09d6,639
18486,gold/yen2_page_0052_c03_057.png,yen2,page_0052,3,恠,quái,恠,U+6060,char,GOLD,s1_inter_s2_direct,,0.214,94.0,58.0,6655863cd5e1,ok,train,yen2|page_0052|c3,"[1111, 1710, 1215, 1758]",,False,False,False,False,False,False,True,False,False,True,0.6170212765957447,False,False,False,0.0999999999999999,gold_direct,gold-direct(no-s3),75.1512027491409,2e4754f9a07689e3,640
54750,gold/yen11_page_0192_c03_059.png,yen11,page_0192,3,昆,con,昆,U+6606,char,GOLD,s1_inter_s2_direct,,0.161,87.0,139.0,a7e3b9c270f8,ok,test,yen11|page_0192|c3,"[1180, 1913, 1284, 2026]",,False,False,False,False,False,False,True,False,False,True,1.5977011494252873,False,False,False,0.0999999999999999,gold_direct,gold-direct(no-s3),75.1512027491409,72bf047316d75f82,641
62516,silver/yen2_page_0264_c03_050.png,yen2,page_0264,3,𢙢,hồn,魂,U+9B42,char,SILVER,s2_inter_s3_corrected,0.74,0.266,129.0,149.0,0bd60ed54e91,ok,train,yen2|page_0264|c3,"[1121, 1341, 1241, 1464]",0.74,True,False,False,False,False,False,False,False,False,False,1.1550387596899223,False,False,False,0.0,other,clean,75.11320754716981,c3fe4dd498e57200,642
32473,gold/yen4_page_0034_c09_174.png,yen4,page_0034,9,爲,vì,爲,U+7232,char,GOLD,s1_inter_s2_direct,,0.143,89.0,96.0,1a5983297e06,ok,val,yen4|page_0034|c9,"[160, 322, 233, 400]",,False,False,False,False,False,False,True,False,False,True,1.0786516853932584,False,False,False,0.0999999999999999,gold_direct,gold-direct(no-s3),75.1512027491409,9c9886de0eebbe01,643
9380,silver/yen4_page_0264_c03_045.png,yen4,page_0264,3,槎,si,瘥,U+7625,char,SILVER,s3_head_bank_consensus,0.71,0.169,82.0,100.0,e2b48eb4bd0f,ok,train,yen4|page_0264|c3,"[760, 361, 832, 443]",0.71,True,False,False,False,False,True,False,False,False,False,1.2195121951219512,False,False,False,0.4,silver_headbank,silver-headbank,38.05128205128205,f3e7e4029f704fb2,644
37309,gold/yen4_page_0136_c01_004.png,yen4,page_0136,1,皮,bề,皮,U+76AE,char,GOLD,s1_inter_s2_direct,,0.177,85.0,99.0,7cd1a6eef772,ok,train,yen4|page_0136|c1,"[962, 564, 1036, 645]",,False,False,False,False,False,False,True,False,False,True,1.1647058823529413,False,False,False,0.0999999999999999,gold_direct,gold-direct(no-s3),75.1512027491409,ce08540253c9b0e0,645
6267,syllable/yen4_page_0048_c05_086.png,yen4,page_0048,5,丑,cùng,,,syllable,SYLLABLE,nghia_consensus,0.432,0.171,73.0,99.0,5b57a3594aa3,ok,train,yen4|page_0048|c5,"[585, 515, 654, 596]",0.432,True,False,False,False,False,False,False,True,True,False,1.356164383561644,False,False,False,0.6,s3_low,s3=0.43<τ,37.47752808988764,857930dc76a36545,646
29283,gold/yen2_page_0284_c09_161.png,yen2,page_0284,9,梏,gạo,梏,U+688F,char,GOLD,s1_inter_s2_direct,,0.223,100.0,173.0,4a622907e606,ok,train,yen2|page_0284|c9,"[218, 2254, 342, 2395]",,False,False,False,False,False,False,True,False,False,True,1.73,False,False,False,0.0999999999999999,gold_direct,gold-direct(no-s3),75.1512027491409,44fbafb464450abf,647
1967,gold/yen11_page_0066_c02_039.png,yen11,page_0066,2,昆,con,昆,U+6606,char,GOLD,s1_inter_s2_direct,,0.2,86.0,135.0,78c7cd758098,ok,train,yen11|page_0066|c2,"[1319, 2022, 1424, 2137]",,False,True,False,True,False,False,True,False,False,True,1.569767441860465,False,False,False,0.9,dup_defect,dup-bbox(AE-1),24.956989247311828,d8d4c412d11e2aa2,648
2013,gold/yen11_page_0096_c04_080.png,yen11,page_0096,4,朱,cho,朱,U+6731,char,GOLD,s1_inter_s2_direct,,0.214,102.0,135.0,70cf58c759d9,ok,train,yen11|page_0096|c4,"[1041, 2010, 1148, 2130]",,False,False,True,True,False,False,True,False,False,True,1.3235294117647058,False,False,False,0.9,dup_defect,cross-col(F1),24.956989247311828,469ae832b8fcee32,649
32998,gold/yen4_page_0044_c08_160.png,yen4,page_0044,8,及,gặp,及,U+53CA,char,GOLD,s1_inter_s2_direct,,0.184,61.0,80.0,0f443b8573a0,ok,train,yen4|page_0044|c8,"[271, 677, 337, 749]",,False,False,False,False,False,False,True,False,False,True,1.3114754098360657,False,False,False,0.0999999999999999,gold_direct,gold-direct(no-s3),75.1512027491409,98c064df1d98f5e9,650
18207,gold/yen2_page_0046_c07_142.png,yen2,page_0046,7,折,chết,折,U+6298,char,GOLD,s1_inter_s2_direct,,0.214,113.0,148.0,2a89ce5ce0b3,ok,train,yen2|page_0046|c7,"[529, 1814, 635, 1934]",,False,False,False,False,False,False,True,False,False,True,1.3097345132743363,False,False,False,0.0999999999999999,gold_direct,gold-direct(no-s3),75.1512027491409,f755f5fb5b07a25a,651
33514,gold/yen4_page_0056_c01_010.png,yen4,page_0056,1,庄,chăng,庄,U+5E84,char,GOLD,s1_inter_s2_direct,,0.148,82.0,100.0,5cfd44bc9ca6,ok,train,yen4|page_0056|c1,"[951, 911, 1024, 993]",,False,False,False,False,False,False,True,False,False,True,1.2195121951219512,False,False,False,0.0999999999999999,gold_direct,gold-direct(no-s3),75.1512027491409,dee47ac96481f6b2,652
8441,syllable/yen11_page_0222_c08_160.png,yen11,page_0222,8,戈,cùng,,,syllable,SYLLABLE,nghia_consensus,0.071,0.174,80.0,131.0,f6590bc1336b,ok,val,yen11|page_0222|c8,"[432, 1231, 530, 1338]",0.071,True,False,False,False,False,False,False,True,True,False,1.6375,False,False,False,0.6,s3_low,s3=0.07<τ,37.47752808988764,5b22739fdaf57075,653
1733,gold/yen4_page_0302_c08_144.png,yen4,page_0302,8,意,ấy,意,U+610F,char,GOLD,s1_inter_s2_direct,,0.215,76.0,79.0,b73d1081b9af,ok,train,yen4|page_0302|c8,"[272, 246, 340, 321]",,False,False,True,True,False,False,True,False,False,True,1.0394736842105263,False,False,False,0.9,dup_defect,cross-col(F1),24.956989247311828,864bc5bfd45b8d87,654
51374,gold/yen11_page_0126_c03_056.png,yen11,page_0126,3,燒,theo,燒,U+71D2,char,GOLD,s1_inter_s2_direct,,0.174,113.0,152.0,68ce009b0c30,ok,train,yen11|page_0126|c3,"[1168, 1614, 1275, 1738]",,False,False,False,False,False,False,True,False,False,True,1.345132743362832,False,False,False,0.0999999999999999,gold_direct,gold-direct(no-s3),75.1512027491409,19b4ce57d9988064,655
3760,gold/yen2_page_0066_c02_023.png,yen2,page_0066,2,蚕,Tao,蚤,U+86A4,char,GOLD,s1_inter_s2_similar,0.086,0.257,124.0,140.0,cc58b846a5ee,ok,test,yen2|page_0066|c2,"[1312, 686, 1417, 800]",0.086,True,False,False,False,True,False,False,True,True,False,1.1290322580645162,False,False,False,0.7,similar_bridge_lowcos,"similar-bridge,s3=0.09<τ",24.933333333333334,7a9aebc195df2bcc,656
19009,gold/yen2_page_0062_c06_123.png,yen2,page_0062,6,麻,mà,麻,U+9EBB,char,GOLD,s1_inter_s2_direct,,0.244,123.0,149.0,88f84d69d74d,ok,train,yen2|page_0062|c6,"[678, 2108, 784, 2229]",,False,False,False,False,False,False,True,False,False,True,1.2113821138211385,False,False,False,0.0999999999999999,gold_direct,gold-direct(no-s3),75.1512027491409,8092bf708b8cbf04,657
46326,gold/yen11_page_0022_c03_053.png,yen11,page_0022,3,代,đời,代,U+4EE3,char,GOLD,s1_inter_s2_direct,,0.2,112.0,131.0,a4ee1e9ce979,ok,train,yen11|page_0022|c3,"[1142, 1113, 1250, 1220]",,False,False,False,False,False,False,True,False,False,True,1.1696428571428572,False,False,False,0.0999999999999999,gold_direct,gold-direct(no-s3),75.1512027491409,5c0a4107ac779b7e,658
19125,gold/yen2_page_0064_c08_159.png,yen2,page_0064,8,碎,Tôi,碎,U+788E,char,GOLD,s1_inter_s2_direct,,0.187,121.0,148.0,19989ec11d20,ok,train,yen2|page_0064|c8,"[357, 2303, 460, 2423]",,False,False,False,False,False,False,True,False,False,True,1.2231404958677683,False,False,False,0.0999999999999999,gold_direct,gold-direct(no-s3),75.1512027491409,79c2099117e690ba,659
65060,silver/yen4_page_0230_c06_120.png,yen4,page_0230,6,激,một,没,U+6CA1,char,SILVER,s2_inter_s3_corrected,0.742,0.208,66.0,92.0,95aef1e86446,ok,train,yen4|page_0230|c6,"[481, 1368, 551, 1450]",0.742,True,False,False,False,False,False,False,False,False,False,1.393939393939394,False,False,False,0.0,other,clean,75.11320754716981,32b07701755180fb,660
51230,gold/yen11_page_0122_c08_150.png,yen11,page_0122,8,其,kia,其,U+5176,char,GOLD,s1_inter_s2_direct,,0.164,110.0,138.0,eda3b9483968,ok,train,yen11|page_0122|c8,"[446, 2286, 544, 2398]",,False,False,False,False,False,False,True,False,False,True,1.2545454545454546,False,False,False,0.0999999999999999,gold_direct,gold-direct(no-s3),75.1512027491409,59246776a12c5236,661
52629,gold/yen11_page_0150_c08_156.png,yen11,page_0150,8,創,Sáng,創,U+5275,char,GOLD,s1_inter_s2_direct,,0.168,119.0,141.0,1af4096ab330,ok,train,yen11|page_0150|c8,"[358, 601, 465, 716]",,False,False,False,False,False,False,True,False,False,True,1.184873949579832,False,False,False,0.0999999999999999,gold_direct,gold-direct(no-s3),75.1512027491409,c9184ddd8248ceaf,662
19724,gold/yen2_page_0076_c08_158.png,yen2,page_0076,8,慰,ủi,慰,U+6170,char,GOLD,s1_inter_s2_direct,,0.236,113.0,145.0,bc07928bd78f,ok,train,yen2|page_0076|c8,"[346, 1445, 450, 1562]",,False,False,False,False,False,False,True,False,False,True,1.2831858407079646,False,False,False,0.0999999999999999,gold_direct,gold-direct(no-s3),75.1512027491409,8d4492beea6721e9,663
18349,gold/yen2_page_0050_c02_026.png,yen2,page_0050,2,几,kẻ,几,U+51E0,char,GOLD,s1_inter_s2_direct,,0.183,113.0,146.0,ea4d3f764383,ok,train,yen2|page_0050|c2,"[1311, 866, 1413, 984]",,False,False,False,False,False,False,True,False,False,True,1.2920353982300885,False,False,False,0.0999999999999999,gold_direct,gold-direct(no-s3),75.1512027491409,685f8929f0519182,664
2544,silver/yen2_page_0134_c05_097.png,yen2,page_0134,5,及,chịu,召,U+53EC,char,SILVER,s3_head_bank_consensus,0.328,0.192,129.0,146.0,ec678a89d137,ok,train,yen2|page_0134|c5,"[851, 1553, 956, 1671]",0.328,True,False,False,False,False,True,False,True,True,False,1.131782945736434,False,False,False,0.76,silver_headbank,"silver-headbank,s3=0.33<τ",38.05128205128205,e48941b78c4b839c,665
38239,gold/yen4_page_0154_c06_114.png,yen4,page_0154,6,年,nên,年,U+5E74,char,GOLD,s1_inter_s2_direct,,0.135,75.0,98.0,00dd3b5df25b,ok,train,yen4|page_0154|c6,"[457, 868, 532, 948]",,False,False,False,False,False,False,True,False,False,True,1.3066666666666666,False,False,False,0.0999999999999999,gold_direct,gold-direct(no-s3),75.1512027491409,e6adc094d1abab26,666
7479,syllable/yen11_page_0048_c09_172.png,yen11,page_0048,9,被,xem,,,syllable,SYLLABLE,nghia_consensus,0.341,0.213,97.0,138.0,95291c92710c,ok,train,yen11|page_0048|c9,"[219, 567, 319, 686]",0.341,True,False,False,False,False,False,False,True,True,False,1.422680412371134,False,False,False,0.6,s3_low,s3=0.34<τ,37.47752808988764,4ef454272826a005,667
2847,silver/yen4_page_0050_c07_108.png,yen4,page_0050,7,厕,trời,𡗶,U+215F6,char,SILVER,s3_head_bank_consensus,0.22,0.169,85.0,100.0,eedc609f5ffa,ok,train,yen4|page_0050|c7,"[370, 312, 441, 394]",0.22,True,False,False,False,False,True,False,True,True,False,1.1764705882352942,False,False,False,0.76,silver_headbank,"silver-headbank,s3=0.22<τ",38.05128205128205,2eade8e5bc088c72,668
36138,gold/yen4_page_0108_c03_051.png,yen4,page_0108,3,花,hoa,花,U+82B1,char,GOLD,s1_inter_s2_direct,,0.194,63.0,88.0,5aaae8ad638d,ok,train,yen4|page_0108|c3,"[776, 687, 847, 759]",,False,False,False,False,False,False,True,False,False,True,1.3968253968253967,False,False,False,0.0999999999999999,gold_direct,gold-direct(no-s3),75.1512027491409,1a591cf7658c8eb2,669
28279,gold/yen2_page_0264_c02_029.png,yen2,page_0264,2,几,kẻ,几,U+51E0,char,GOLD,s1_inter_s2_direct,,0.173,119.0,149.0,4ebd9c8ee82e,ok,train,yen2|page_0264|c2,"[1282, 1332, 1398, 1453]",,False,False,False,False,False,False,True,False,False,True,1.2521008403361344,False,False,False,0.0999999999999999,gold_direct,gold-direct(no-s3),75.1512027491409,fd85cf168366dcfa,670
54916,gold/yen11_page_0194_c07_136.png,yen11,page_0194,7,昆,con,昆,U+6606,char,GOLD,s1_inter_s2_direct,,0.15,95.0,128.0,6e4399a90f98,ok,train,yen11|page_0194|c7,"[544, 2074, 653, 2178]",,False,False,False,False,False,False,True,False,False,True,1.3473684210526315,False,False,False,0.0999999999999999,gold_direct,gold-direct(no-s3),75.1512027491409,07f10446332a4b73,671
9100,gold/yen11_page_0294_c01_012.png,yen11,page_0294,1,混,hôn,泯,U+6CEF,char,GOLD,s1_inter_s2_similar,0.519,0.159,108.0,148.0,49166d5f8a05,ok,train,yen11|page_0294|c1,"[1461, 1582, 1567, 1702]",0.519,True,False,False,False,True,False,False,True,False,False,1.3703703703703705,False,False,False,0.5,similar_bridge_lowcos,"similar-bridge,s3=0.52<τ",24.933333333333334,818c077d05293bbe,672
63701,silver/yen4_page_0084_c03_047.png,yen4,page_0084,3,按,nổi,挼,U+633C,char,SILVER,s2_inter_s3_corrected,0.86,0.15,77.0,96.0,cb257ad870de,ok,train,yen4|page_0084|c3,"[764, 492, 836, 570]",0.86,True,False,False,False,False,False,False,False,False,False,1.2467532467532467,False,False,False,0.0,other,clean,75.11320754716981,791444bc5017b349,673
17101,gold/yen2_page_0024_c08_162.png,yen2,page_0024,8,泑,ao,泑,U+6CD1,char,GOLD,s1_inter_s2_direct,,0.198,109.0,129.0,f2c73e0e19ed,ok,train,yen2|page_0024|c8,"[335, 1128, 438, 1233]",,False,False,False,False,False,False,True,False,False,True,1.18348623853211,False,False,False,0.0999999999999999,gold_direct,gold-direct(no-s3),75.1512027491409,fded1dd7e26cdb71,674
22183,gold/yen2_page_0126_c04_085.png,yen2,page_0126,4,冷,lành,冷,U+51B7,char,GOLD,s1_inter_s2_direct,,0.152,124.0,148.0,f3660944e1b1,ok,train,yen2|page_0126|c4,"[981, 2209, 1083, 2329]",,False,False,False,False,False,False,True,False,False,True,1.1935483870967742,False,False,False,0.0999999999999999,gold_direct,gold-direct(no-s3),75.1512027491409,7e09a70ef9603a46,675
4920,syllable/yen2_page_0072_c01_009.png,yen2,page_0072,1,妃,bà,,,syllable,SYLLABLE,nghia_consensus,0.404,0.245,114.0,139.0,c73f42dc54dd,ok,train,yen2|page_0072|c1,"[1432, 1311, 1537, 1424]",0.404,True,False,False,False,False,False,False,True,True,False,1.219298245614035,False,False,False,0.6,s3_low,s3=0.40<τ,37.47752808988764,543fe8b574354b2a,676
13708,gold/yen11_page_0142_c09_177.png,yen11,page_0142,9,帖,xem,䀡,U+4021,char,GOLD,s1_inter_s2_similar,0.9,0.162,95.0,137.0,c46a0c8dd801,ok,train,yen11|page_0142|c9,"[236, 652, 333, 763]",0.9,True,False,False,False,True,False,False,False,False,False,1.4421052631578948,False,False,False,0.3,similar_bridge,similar-bridge,37.63291139240506,2ed6e46086213526,677
60527,silver/yen2_page_0054_c04_069.png,yen2,page_0054,4,带,nao,市,U+5E02,char,SILVER,s2_inter_s3_corrected,0.691,0.213,115.0,148.0,fc124d1d8e2b,ok,train,yen2|page_0054|c4,"[980, 1113, 1086, 1233]",0.691,True,False,False,False,False,False,False,False,False,False,1.2869565217391303,False,False,False,0.0,other,clean,75.11320754716981,d3cb437146608d5e,678
52,silver/yen11_page_0096_c04_084.png,yen11,page_0096,4,承,nó,奴,U+5974,char,SILVER,s3_head_bank_consensus,0.014,0.149,128.0,116.0,1bacfcb9e0d1,ok,train,yen11|page_0096|c4,"[892, 2363, 1002, 2472]",0.014,True,False,True,True,False,True,False,True,True,False,0.90625,False,False,False,0.976,dup_defect,"cross-col(F1),silver-headbank,s3=0.01<τ",24.956989247311828,400bef5bc066f0dd,679
67890,silver/yen11_page_0274_c07_133.png,yen11,page_0274,7,庶,mà,麻,U+9EBB,char,SILVER,s2_inter_s3_corrected,0.981,0.231,84.0,129.0,e85570e3fcb7,ok,train,yen11|page_0274|c7,"[558, 509, 664, 623]",0.981,True,False,False,False,False,False,False,False,False,False,1.5357142857142858,False,False,False,0.0,other,clean,75.11320754716981,948a53df547e96fe,680
43827,gold/yen4_page_0270_c06_120.png,yen4,page_0270,6,別,biết,別,U+5225,char,GOLD,s1_inter_s2_direct,,0.128,81.0,92.0,d99cb743e76e,ok,train,yen4|page_0270|c6,"[478, 742, 551, 821]",,False,False,False,False,False,False,True,False,False,True,1.1358024691358024,False,False,False,0.0999999999999999,gold_direct,gold-direct(no-s3),75.1512027491409,c35fbfa362d7c236,681
56687,gold/yen11_page_0232_c04_083.png,yen11,page_0232,4,汝,nhớ,汝,U+6C5D,char,GOLD,s1_inter_s2_direct,,0.173,91.0,118.0,09f8d47142f3,ok,train,yen11|page_0232|c4,"[1033, 2387, 1136, 2500]",,False,False,False,False,False,False,True,False,False,True,1.2967032967032968,False,False,False,0.0999999999999999,gold_direct,gold-direct(no-s3),75.1512027491409,d3d9f22aa0ddc55e,682
10275,silver/yen4_page_0058_c04_064.png,yen4,page_0058,4,咯,hai,咍,U+548D,char,SILVER,s2_inter_s3_corrected,0.511,0.177,63.0,99.0,36b499f00c49,ok,train,yen4|page_0058|c4,"[696, 404, 768, 485]",0.511,True,False,False,False,False,False,False,True,False,False,1.5714285714285714,False,False,False,0.35,s3_low,s3=0.51<τ,37.47752808988764,7e0208003bb11276,683
11260,silver/yen11_page_0238_c02_035.png,yen11,page_0238,2,浸,một,没,U+6CA1,char,SILVER,s2_inter_s3_corrected,0.529,0.188,85.0,136.0,c4545f116799,ok,train,yen11|page_0238|c2,"[1317, 1568, 1420, 1678]",0.529,True,False,False,False,False,False,False,True,False,False,1.6,False,False,False,0.35,s3_low,s3=0.53<τ,37.47752808988764,ebcb178eb57e12d4,684
43262,gold/yen4_page_0258_c06_116.png,yen4,page_0258,6,意,ấy,意,U+610F,char,GOLD,s1_inter_s2_direct,,0.21,70.0,96.0,b0dda3287068,ok,train,yen4|page_0258|c6,"[473, 760, 544, 842]",,False,False,False,False,False,False,True,False,False,True,1.3714285714285714,False,False,False,0.0999999999999999,gold_direct,gold-direct(no-s3),75.1512027491409,17b8c4eb6c2f2ed8,685
55452,gold/yen11_page_0206_c01_018.png,yen11,page_0206,1,茹,nhà,茹,U+8339,char,GOLD,s1_inter_s2_direct,,0.168,97.0,134.0,2703bfbc3bfd,ok,val,yen11|page_0206|c1,"[1468, 2109, 1576, 2224]",,False,False,False,False,False,False,True,False,False,True,1.381443298969072,False,False,False,0.0999999999999999,gold_direct,gold-direct(no-s3),75.1512027491409,beb14ca05a1f69af,686
25063,gold/yen2_page_0188_c06_104.png,yen2,page_0188,6,眉,mày,眉,U+7709,char,GOLD,s1_inter_s2_direct,,0.201,131.0,170.0,3b839cd71d7c,ok,test,yen2|page_0188|c6,"[639, 1356, 746, 1494]",,False,False,False,False,False,False,True,False,False,True,1.297709923664122,False,False,False,0.0999999999999999,gold_direct,gold-direct(no-s3),75.1512027491409,6d2a38ac3879926d,687
41430,gold/yen4_page_0222_c06_110.png,yen4,page_0222,6,跡,tích,跡,U+8DE1,char,GOLD,s1_inter_s2_direct,,0.153,74.0,101.0,fa399d6a293e,ok,train,yen4|page_0222|c6,"[483, 705, 552, 788]",,False,False,False,False,False,False,True,False,False,True,1.364864864864865,False,False,False,0.0999999999999999,gold_direct,gold-direct(no-s3),75.1512027491409,2652e2c69daaac88,688
12336,gold/yen2_page_0304_c02_026.png,yen2,page_0304,2,采,cho,朱,U+6731,char,GOLD,s1_inter_s2_similar,0.939,0.166,114.0,140.0,6c7a23ac8e48,ok,val,yen2|page_0304|c2,"[1313, 1203, 1420, 1317]",0.939,True,False,False,False,True,False,False,False,False,False,1.2280701754385963,False,False,False,0.3,similar_bridge,similar-bridge,37.63291139240506,06307698aa4b826b,689
6257,syllable/yen4_page_0046_c05_092.png,yen4,page_0046,5,而,làm,,,syllable,SYLLABLE,nghia_consensus,0.055,0.164,83.0,93.0,5761740f94ef,ok,test,yen4|page_0046|c5,"[572, 434, 644, 509]",0.055,True,False,False,False,False,False,False,True,True,False,1.120481927710843,False,False,False,0.6,s3_low,s3=0.06<τ,37.47752808988764,a5dc4ab2db67c12c,690
52921,gold/yen11_page_0156_c03_045.png,yen11,page_0156,3,主,Chúa,主,U+4E3B,char,GOLD,s1_inter_s2_direct,,0.178,76.0,105.0,2861b9c6a482,ok,train,yen11|page_0156|c3,"[1187, 420, 1287, 520]",,False,False,False,False,False,False,True,False,False,True,1.381578947368421,False,False,False,0.0999999999999999,gold_direct,gold-direct(no-s3),75.1512027491409,8c196530867d52eb,691
42091,gold/yen4_page_0236_c01_003.png,yen4,page_0236,1,翁,ông,翁,U+7FC1,char,GOLD,s1_inter_s2_direct,,0.187,69.0,86.0,4ec86671b217,ok,train,yen4|page_0236|c1,"[959, 421, 1028, 499]",,False,False,False,False,False,False,True,False,False,True,1.2463768115942029,False,False,False,0.0999999999999999,gold_direct,gold-direct(no-s3),75.1512027491409,322c16d994783d80,692
11483,gold/yen2_page_0042_c03_045.png,yen2,page_0042,3,俸,Bồng,捧,U+6367,char,GOLD,s1_inter_s2_similar,0.981,0.174,131.0,134.0,f5ababfc8091,ok,train,yen2|page_0042|c3,"[1127, 470, 1234, 579]",0.981,True,False,False,False,True,False,False,False,False,False,1.0229007633587786,False,False,False,0.3,similar_bridge,similar-bridge,37.63291139240506,5fde3d4140393168,693
1510,gold/yen4_page_0198_c07_108.png,yen4,page_0198,7,分,phận,分,U+5206,char,GOLD,s1_inter_s2_direct,,0.196,74.0,93.0,0e9c0090f092,ok,train,yen4|page_0198|c7,"[381, 471, 451, 546]",,False,False,True,True,False,False,True,False,False,True,1.2567567567567568,False,False,False,0.9,dup_defect,cross-col(F1),24.956989247311828,490426f8b40c7910,694
43664,gold/yen4_page_0266_c09_165.png,yen4,page_0266,9,罢,bởi,罢,U+7F62,char,GOLD,s1_inter_s2_direct,,0.197,64.0,97.0,2dc611ad834c,ok,train,yen4|page_0266|c9,"[215, 1208, 285, 1287]",,False,False,False,False,False,False,True,False,False,True,1.515625,False,False,False,0.0999999999999999,gold_direct,gold-direct(no-s3),75.1512027491409,9e0353179c8d3a75,695
9165,syllable/yen11_page_0252_c08_168.png,yen11,page_0252,8,希,vua,,,syllable,SYLLABLE,nghia_consensus,0.592,0.199,71.0,145.0,298d48567674,tall,train,yen11|page_0252|c8,"[420, 1498, 526, 1616]",0.592,True,False,False,False,False,False,False,True,False,False,2.0422535211267605,True,False,True,0.48,s3_low,"s3=0.59<τ,aspect=2.04",37.47752808988764,de35ba3f3d21fe48,696
17864,gold/yen2_page_0040_c04_077.png,yen2,page_0040,4,忌,cậy,忌,U+5FCC,char,GOLD,s1_inter_s2_direct,,0.191,101.0,130.0,6ac247bd12fe,ok,train,yen2|page_0040|c4,"[1015, 1916, 1119, 2022]",,False,False,False,False,False,False,True,False,False,True,1.2871287128712872,False,False,False,0.0999999999999999,gold_direct,gold-direct(no-s3),75.1512027491409,62653f2f7e66cfb4,697
4517,syllable/yen4_page_0014_c03_055.png,yen4,page_0014,3,皇,Thánh,,,syllable,SYLLABLE,nghia_consensus,0.158,0.102,84.0,96.0,4e388bc7a4eb,ok,test,yen4|page_0014|c3,"[762, 793, 830, 871]",0.158,True,False,False,False,False,False,False,True,True,False,1.1428571428571428,False,True,True,0.6599999999999999,s3_low,"s3=0.16<τ,ink-outlier",37.47752808988764,f8e9e035519365b5,698
27445,gold/yen2_page_0244_c08_148.png,yen2,page_0244,8,德,Đức,德,U+5FB7,char,GOLD,s1_inter_s2_direct,,0.216,94.0,141.0,485893fdc788,ok,train,yen2|page_0244|c8,"[407, 1582, 514, 1697]",,False,False,False,False,False,False,True,False,False,True,1.5,False,False,False,0.0999999999999999,gold_direct,gold-direct(no-s3),75.1512027491409,9059a765a133d1ad,699
65306,silver/yen4_page_0256_c04_055.png,yen4,page_0256,4,等,thì,時,U+6642,char,SILVER,s2_inter_s3_corrected,0.686,0.192,70.0,86.0,231af9195741,ok,train,yen4|page_0256|c4,"[663, 461, 729, 531]",0.686,True,False,False,False,False,False,False,False,False,False,1.2285714285714286,False,False,False,0.0,other,clean,75.11320754716981,30031d5c98a6dd12,700
11234,silver/yen11_page_0224_c03_046.png,yen11,page_0224,3,尅,sáu,老,U+8001,char,SILVER,s2_inter_s3_corrected,0.516,0.178,91.0,138.0,89fa8ec82ee3,ok,train,yen11|page_0224|c3,"[1177, 538, 1281, 650]",0.516,True,False,False,False,False,False,False,True,False,False,1.5164835164835164,False,False,False,0.35,s3_low,s3=0.52<τ,37.47752808988764,2aafc5e79928b502,701
2229,gold/yen11_page_0202_c07_138.png,yen11,page_0202,7,碎,tôi,碎,U+788E,char,GOLD,s1_inter_s2_direct,,0.213,89.0,140.0,341cc0ae1f7c,ok,train,yen11|page_0202|c7,"[589, 2224, 690, 2338]",,False,False,True,True,False,False,True,False,False,True,1.5730337078651686,False,False,False,0.9,dup_defect,cross-col(F1),24.956989247311828,e5ca1e88c28f9ad1,702
743,gold/yen2_page_0280_c07_150.png,yen2,page_0280,7,欺,khi,欺,U+6B3A,char,GOLD,s1_inter_s2_direct,,0.211,132.0,117.0,60ce63e7a302,ok,train,yen2|page_0280|c7,"[536, 2414, 644, 2522]",,False,False,True,True,False,False,True,False,False,True,0.8863636363636364,False,False,False,0.9,dup_defect,cross-col(F1),24.956989247311828,b2a0b0c38c5522bc,703
10162,silver/yen2_page_0330_c07_121.png,yen2,page_0330,7,列,chước,斫,U+65AB,char,SILVER,s2_inter_s3_corrected,0.511,0.281,105.0,161.0,e68040172959,ok,train,yen2|page_0330|c7,"[520, 950, 638, 1081]",0.511,True,False,False,False,False,False,False,True,False,False,1.5333333333333334,False,False,False,0.35,s3_low,s3=0.51<τ,37.47752808988764,fa45d90d39bb6fef,704
32812,gold/yen4_page_0042_c01_020.png,yen4,page_0042,1,碎,Tôi,碎,U+788E,char,GOLD,s1_inter_s2_direct,,0.146,96.0,98.0,9e83ab92c4fc,ok,train,yen4|page_0042|c1,"[968, 1523, 1046, 1603]",,False,False,False,False,False,False,True,False,False,True,1.0208333333333333,False,False,False,0.0999999999999999,gold_direct,gold-direct(no-s3),75.1512027491409,d2a82a6a90e138d9,705
8511,syllable/yen11_page_0234_c09_168.png,yen11,page_0234,9,人,ấy,,,syllable,SYLLABLE,nghia_consensus,0.079,0.11,88.0,124.0,0460a5bea412,ok,train,yen11|page_0234|c9,"[264, 1475, 359, 1575]",0.079,True,False,False,False,False,False,False,True,True,False,1.4090909090909092,False,False,False,0.6,s3_low,s3=0.08<τ,37.47752808988764,acf1c15fcac51fdd,706
66842,silver/yen11_page_0140_c08_148.png,yen11,page_0140,8,見,con,昆,U+6606,char,SILVER,s2_inter_s3_corrected,0.661,0.182,104.0,141.0,53454f1985a7,ok,train,yen11|page_0140|c8,"[428, 1045, 531, 1160]",0.661,True,False,False,False,False,False,False,False,False,False,1.3557692307692308,False,False,False,0.0,other,clean,75.11320754716981,f36dfe2627b954a3,707
8626,syllable/yen11_page_0254_c03_051.png,yen11,page_0254,3,庵,xuống,,,syllable,SYLLABLE,nghia_consensus,0.181,0.253,102.0,140.0,bce72f96cc55,ok,train,yen11|page_0254|c3,"[1168, 1077, 1270, 1192]",0.181,True,False,False,False,False,False,False,True,True,False,1.3725490196078431,False,False,False,0.6,s3_low,s3=0.18<τ,37.47752808988764,0685dfeff6f7ea83,708
55161,gold/yen11_page_0200_c03_055.png,yen11,page_0200,3,真,xin,真,U+771F,char,GOLD,s1_inter_s2_direct,,0.202,92.0,140.0,b5bbe606f449,ok,train,yen11|page_0200|c3,"[1183, 1644, 1285, 1758]",,False,False,False,False,False,False,True,False,False,True,1.5217391304347827,False,False,False,0.0999999999999999,gold_direct,gold-direct(no-s3),75.1512027491409,5112e82ba28c78d8,709
59646,gold/yen11_page_0290_c08_167.png,yen11,page_0290,8,女,nữa,女,U+5973,char,GOLD,s1_inter_s2_direct,,0.134,86.0,147.0,7b6c2bd091d1,ok,train,yen11|page_0290|c8,"[400, 2249, 498, 2368]",,False,False,False,False,False,False,True,False,False,True,1.7093023255813953,False,False,False,0.0999999999999999,gold_direct,gold-direct(no-s3),75.1512027491409,ce0fd22ae172a962,710
11373,silver/yen11_page_0290_c01_018.png,yen11,page_0290,1,土,Chúa,主,U+4E3B,char,SILVER,s2_inter_s3_corrected,0.54,0.167,94.0,132.0,58c5a7c7a800,ok,train,yen11|page_0290|c1,"[1452, 2127, 1556, 2235]",0.54,True,False,False,False,False,False,False,True,False,False,1.4042553191489362,False,False,False,0.35,s3_low,s3=0.54<τ,37.47752808988764,eda814e1c3a62889,711
9401,silver/yen11_page_0176_c08_167.png,yen11,page_0176,8,彼,hơn,欣,U+6B23,char,SILVER,s3_head_bank_consensus,0.658,0.206,95.0,148.0,1bd6411883f6,ok,val,yen11|page_0176|c8,"[438, 1690, 540, 1810]",0.658,True,False,False,False,False,True,False,False,False,False,1.5578947368421052,False,False,False,0.4,silver_headbank,silver-headbank,38.05128205128205,a0aaa425f4542298,712
26812,gold/yen2_page_0230_c08_167.png,yen2,page_0230,8,唐,đàng,唐,U+5510,char,GOLD,s1_inter_s2_direct,,0.272,86.0,141.0,6e0434a3e46b,ok,train,yen2|page_0230|c8,"[412, 2058, 511, 2173]",,False,False,False,False,False,False,True,False,False,True,1.6395348837209305,False,False,False,0.0999999999999999,gold_direct,gold-direct(no-s3),75.1512027491409,8c6fa3382dbed3d6,713
3947,gold/yen4_page_0112_c05_096.png,yen4,page_0112,5,歇,Khi,欺,U+6B3A,char,GOLD,s1_inter_s2_similar,0.49,0.202,71.0,96.0,ac5e5559060d,ok,train,yen4|page_0112|c5,"[576, 763, 646, 841]",0.49,True,False,False,False,True,False,False,True,True,False,1.352112676056338,False,False,False,0.7,similar_bridge_lowcos,"similar-bridge,s3=0.49<τ",24.933333333333334,99e84e3918618f20,714
9485,silver/yen2_page_0024_c01_004.png,yen2,page_0024,1,録,tích,跡,U+8DE1,char,SILVER,s2_inter_s3_corrected,0.527,0.186,103.0,145.0,7c7c8854762b,ok,train,yen2|page_0024|c1,"[1402, 824, 1505, 941]",0.527,True,False,False,False,False,False,False,True,False,False,1.4077669902912622,False,False,False,0.35,s3_low,s3=0.53<τ,37.47752808988764,10c1076a7241d32e,715
15366,gold/yen2_page_0104_c09_184.png,yen2,page_0104,9,連,lên,連,U+9023,char,GOLD,s1_inter_s2_direct,,0.356,96.0,137.0,79122bd1d841,ok,train,yen2|page_0104|c9,"[219, 2085, 319, 2196]",,False,False,False,False,False,False,True,False,False,True,1.4270833333333333,False,True,True,0.235,quality_flag,ink-outlier,50.674418604651166,c013f4926f3e48b1,716
5350,syllable/yen2_page_0162_c04_066.png,yen2,page_0162,4,僥,nhiều,,,syllable,SYLLABLE,nghia_consensus,0.332,0.246,133.0,176.0,d113bb0a22eb,ok,train,yen2|page_0162|c4,"[980, 1245, 1093, 1387]",0.332,True,False,False,False,False,False,False,True,True,False,1.3233082706766917,False,False,False,0.6,s3_low,s3=0.33<τ,37.47752808988764,4babda767b0fd2af,717
9876,silver/yen2_page_0180_c09_152.png,yen2,page_0180,9,𭔿,ông,翁,U+7FC1,char,SILVER,s2_inter_s3_corrected,0.532,0.139,127.0,159.0,f23e2956cf7b,ok,test,yen2|page_0180|c9,"[197, 686, 306, 815]",0.532,True,False,False,False,False,False,False,True,False,False,1.251968503937008,False,False,False,0.35,s3_low,s3=0.53<τ,37.47752808988764,39eb0a3ae83663c3,718
25509,gold/yen2_page_0198_c09_152.png,yen2,page_0198,9,浪,răng,浪,U+6D6A,char,GOLD,s1_inter_s2_direct,,0.283,114.0,155.0,d97d97cafe10,ok,val,yen2|page_0198|c9,"[201, 1059, 315, 1184]",,False,False,False,False,False,False,True,False,False,True,1.3596491228070176,False,False,False,0.0999999999999999,gold_direct,gold-direct(no-s3),75.1512027491409,5cfe7aaa5fe43240,719
49277,gold/yen11_page_0080_c09_176.png,yen11,page_0080,9,福,phúc,福,U+798F,char,GOLD,s1_inter_s2_direct,,0.162,87.0,141.0,f6ac1310e90c,ok,test,yen11|page_0080|c9,"[276, 1096, 374, 1211]",,False,False,False,False,False,False,True,False,False,True,1.6206896551724137,False,False,False,0.0999999999999999,gold_direct,gold-direct(no-s3),75.1512027491409,5bcc924a35761291,720
207,syllable/yen4_page_0090_c05_108.png,yen4,page_0090,5,閤,gian,,,syllable,SYLLABLE,nghia_consensus,0.208,0.222,63.0,96.0,4f180d13e42a,ok,train,yen4|page_0090|c5,"[591, 1335, 662, 1413]",0.208,True,False,True,True,False,False,False,True,True,False,1.5238095238095235,False,False,False,0.96,dup_defect,"cross-col(F1),s3=0.21<τ",24.956989247311828,31e0b04e848ac0c3,721
12323,gold/yen2_page_0300_c07_129.png,yen2,page_0300,7,其,cung,共,U+5171,char,GOLD,s1_inter_s2_similar,0.904,0.191,129.0,160.0,14c1fa896443,ok,train,yen2|page_0300|c7,"[567, 2087, 680, 2217]",0.904,True,False,False,False,True,False,False,False,False,False,1.2403100775193798,False,False,False,0.3,similar_bridge,similar-bridge,37.63291139240506,d3141dc60c937a0b,722
7141,syllable/yen4_page_0266_c06_099.png,yen4,page_0266,6,皇,Thánh,,,syllable,SYLLABLE,nghia_consensus,0.397,0.143,73.0,111.0,2e6613e08d70,ok,train,yen4|page_0266|c6,"[484, 655, 558, 746]",0.397,True,False,False,False,False,False,False,True,True,False,1.5205479452054795,False,False,False,0.6,s3_low,s3=0.40<τ,37.47752808988764,c1520bb4667e25ab,723
885,gold/yen2_page_0330_c04_075.png,yen2,page_0330,4,矣,hãy,矣,U+77E3,char,GOLD,s1_inter_s2_direct,,0.183,96.0,162.0,ba6745202294,ok,test,yen2|page_0330|c4,"[981, 2195, 1094, 2327]",,False,False,True,True,False,False,True,False,False,True,1.6875,False,False,False,0.9,dup_defect,cross-col(F1),24.956989247311828,8f19a9c68020f9df,724
36461,gold/yen4_page_0116_c05_097.png,yen4,page_0116,5,麻,mà,麻,U+9EBB,char,GOLD,s1_inter_s2_direct,,0.149,83.0,97.0,4886519aafd5,ok,train,yen4|page_0116|c5,"[556, 772, 624, 851]",,False,False,False,False,False,False,True,False,False,True,1.1686746987951808,False,False,False,0.0999999999999999,gold_direct,gold-direct(no-s3),75.1512027491409,673a1d3cbb4161b0,725
64459,silver/yen4_page_0166_c06_113.png,yen4,page_0166,6,侯,ai,唉,U+5509,char,SILVER,s2_inter_s3_corrected,0.796,0.148,88.0,89.0,af163afb62ea,ok,train,yen4|page_0166|c6,"[467, 349, 539, 426]",0.796,True,False,False,False,False,False,False,False,False,False,1.0113636363636365,False,False,False,0.0,other,clean,75.11320754716981,60f3ac421b940d95,726
540,gold/yen2_page_0026_c03_057.png,yen2,page_0026,3,圭,quê,圭,U+572D,char,GOLD,s1_inter_s2_direct,,0.145,125.0,140.0,61c13df183e8,ok,train,yen2|page_0026|c3,"[967, 1664, 1070, 1778]",,False,False,True,True,False,False,True,False,False,True,1.12,False,False,False,0.9,dup_defect,cross-col(F1),24.956989247311828,82471c03296ad872,727
53655,gold/yen11_page_0172_c03_047.png,yen11,page_0172,3,生,sinh,生,U+751F,char,GOLD,s1_inter_s2_direct,,0.138,135.0,129.0,4da219a297de,ok,train,yen11|page_0172|c3,"[1717, 1444, 1826, 1549]",,False,False,False,False,False,False,True,False,False,True,0.9555555555555556,False,False,False,0.0999999999999999,gold_direct,gold-direct(no-s3),75.1512027491409,fdbb9e84bda31f6c,728
12801,gold/yen4_page_0148_c05_091.png,yen4,page_0148,5,怖,phải,伂,U+4F02,char,GOLD,s1_inter_s2_similar,0.717,0.174,89.0,109.0,ed79fb64cf14,ok,train,yen4|page_0148|c5,"[564, 649, 637, 738]",0.717,True,False,False,False,True,False,False,False,False,False,1.2247191011235956,False,False,False,0.3,similar_bridge,similar-bridge,37.63291139240506,16adad15b2a7822e,729
20500,gold/yen2_page_0092_c08_167.png,yen2,page_0092,8,吏,lại,吏,U+540F,char,GOLD,s1_inter_s2_direct,,0.177,116.0,129.0,2c68908f0228,ok,val,yen2|page_0092|c8,"[369, 908, 470, 1013]",,False,False,False,False,False,False,True,False,False,True,1.112068965517241,False,False,False,0.0999999999999999,gold_direct,gold-direct(no-s3),75.1512027491409,3051a5b9aaf52456,730
20464,gold/yen2_page_0092_c05_091.png,yen2,page_0092,5,𦔳,chữa,𦔳,U+26533,char,GOLD,s1_inter_s2_direct,,0.244,124.0,112.0,9c2d8f039c21,ok,train,yen2|page_0092|c5,"[826, 486, 926, 584]",,False,False,False,False,False,False,True,False,False,True,0.9032258064516128,False,False,False,0.0999999999999999,gold_direct,gold-direct(no-s3),75.1512027491409,c53e4992ee4c1575,731
28946,gold/yen2_page_0278_c05_084.png,yen2,page_0278,5,固,có,固,U+56FA,char,GOLD,s1_inter_s2_direct,,0.22,106.0,149.0,4a9487dcd599,ok,train,yen2|page_0278|c5,"[824, 1368, 931, 1489]",,False,False,False,False,False,False,True,False,False,True,1.4056603773584906,False,False,False,0.0999999999999999,gold_direct,gold-direct(no-s3),75.1512027491409,d720fbadbd4fb0da,732
7795,syllable/yen11_page_0106_c09_192.png,yen11,page_0106,9,从,ấy,,,syllable,SYLLABLE,nghia_consensus,0.138,0.112,81.0,138.0,1a5e3c4073b1,ok,train,yen11|page_0106|c9,"[267, 2287, 362, 2399]",0.138,True,False,False,False,False,False,False,True,True,False,1.7037037037037035,False,False,False,0.6,s3_low,s3=0.14<τ,37.47752808988764,6ff31235bcebe9cb,733
3224,silver/yen4_page_0256_c06_101.png,yen4,page_0256,6,在,mà,麻,U+9EBB,char,SILVER,s3_head_bank_consensus,0.467,0.174,64.0,87.0,fa32086dc923,ok,val,yen4|page_0256|c6,"[469, 409, 535, 481]",0.467,True,False,False,False,False,True,False,True,True,False,1.359375,False,False,False,0.76,silver_headbank,"silver-headbank,s3=0.47<τ",38.05128205128205,e12fec7ff96b4478,734
7000,syllable/yen4_page_0238_c02_023.png,yen4,page_0238,2,異,là,,,syllable,SYLLABLE,nghia_consensus,0.144,0.181,70.0,101.0,43be2d5acf61,ok,train,yen4|page_0238|c2,"[857, 382, 928, 465]",0.144,True,False,False,False,False,False,False,True,True,False,1.4428571428571428,False,False,False,0.6,s3_low,s3=0.14<τ,37.47752808988764,792ec35d922d9564,735
38306,gold/yen4_page_0156_c05_075.png,yen4,page_0156,5,支,giê,支,U+652F,char,GOLD,s1_inter_s2_direct,,0.123,86.0,99.0,ed47d269e101,ok,train,yen4|page_0156|c5,"[591, 732, 664, 816]",,False,False,False,False,False,False,True,False,False,True,1.1511627906976745,False,False,False,0.0999999999999999,gold_direct,gold-direct(no-s3),75.1512027491409,bf747fc65f2cca83,736
49458,gold/yen11_page_0088_c08_186.png,yen11,page_0088,8,秋,su,秋,U+79CB,char,GOLD,s1_inter_s2_direct,,0.156,102.0,145.0,3bc1cbaf67f3,ok,train,yen11|page_0088|c8,"[438, 2024, 541, 2141]",,False,False,False,False,False,False,True,False,False,True,1.4215686274509804,False,False,False,0.0999999999999999,gold_direct,gold-direct(no-s3),75.1512027491409,21d2e7127a75ac28,737
852,gold/yen2_page_0328_c04_059.png,yen2,page_0328,4,体,thấy,体,U+4F53,char,GOLD,s1_inter_s2_direct,,0.197,131.0,160.0,79aece23b499,ok,train,yen2|page_0328|c4,"[1017, 559, 1129, 689]",,False,False,True,True,False,False,True,False,False,True,1.2213740458015268,False,False,False,0.9,dup_defect,cross-col(F1),24.956989247311828,5d4fad8115a1815a,738
17081,gold/yen2_page_0024_c07_132.png,yen2,page_0024,7,碎,tôi,碎,U+788E,char,GOLD,s1_inter_s2_direct,,0.207,124.0,124.0,51dea2b23355,ok,train,yen2|page_0024|c7,"[505, 622, 608, 722]",,False,False,False,False,False,False,True,False,False,True,1.0,False,False,False,0.0999999999999999,gold_direct,gold-direct(no-s3),75.1512027491409,59410f8748f7fdfb,739
41120,gold/yen4_page_0216_c05_093.png,yen4,page_0216,5,麻,mà,麻,U+9EBB,char,GOLD,s1_inter_s2_direct,,0.19,90.0,98.0,8175a20ab344,ok,train,yen4|page_0216|c5,"[566, 827, 640, 907]",,False,False,False,False,False,False,True,False,False,True,1.0888888888888888,False,False,False,0.0999999999999999,gold_direct,gold-direct(no-s3),75.1512027491409,f36bab2acd266107,740
4653,syllable/yen2_page_0022_c01_012.png,yen2,page_0022,1,婉,em,,,syllable,SYLLABLE,nghia_consensus,0.046,0.196,109.0,139.0,92655b938633,ok,train,yen2|page_0022|c1,"[1450, 1574, 1554, 1689]",0.046,True,False,False,False,False,False,False,True,True,False,1.275229357798165,False,False,False,0.6,s3_low,s3=0.05<τ,37.47752808988764,632a49e4f0e458af,741
2264,gold/yen11_page_0256_c01_001.png,yen11,page_0256,1,把,bà,把,U+628A,char,GOLD,s1_inter_s2_direct,,0.204,92.0,139.0,8db5d9cb8d00,ok,train,yen11|page_0256|c1,"[1346, 525, 1449, 638]",,False,False,True,True,False,False,True,False,False,True,1.5108695652173914,False,False,False,0.9,dup_defect,cross-col(F1),24.956989247311828,1616567c4c6a514c,742
4733,syllable/yen2_page_0036_c09_169.png,yen2,page_0036,9,𡖋,làm,,,syllable,SYLLABLE,nghia_consensus,0.04,0.147,125.0,146.0,cb49f37f1139,ok,train,yen2|page_0036|c9,"[185, 2120, 292, 2238]",0.04,True,False,False,False,False,False,False,True,True,False,1.168,False,False,False,0.6,s3_low,s3=0.04<τ,37.47752808988764,18a42bdd8a345691,743
55554,gold/yen11_page_0208_c02_032.png,yen11,page_0208,2,時,ngày,時,U+6642,char,GOLD,s1_inter_s2_direct,,0.24,102.0,148.0,826c2ca10378,ok,train,yen11|page_0208|c2,"[1403, 1223, 1507, 1343]",,False,False,False,False,False,False,True,False,False,True,1.4509803921568627,False,False,False,0.0999999999999999,gold_direct,gold-direct(no-s3),75.1512027491409,d622a458aec1b05a,744
6142,syllable/yen4_page_0022_c02_024.png,yen4,page_0022,2,庵,xuống,,,syllable,SYLLABLE,nghia_consensus,0.026,0.179,68.0,94.0,c0f16c2837a0,ok,train,yen4|page_0022|c2,"[864, 482, 931, 558]",0.026,True,False,False,False,False,False,False,True,True,False,1.3823529411764706,False,False,False,0.6,s3_low,s3=0.03<τ,37.47752808988764,82e4ca30bf39dee3,745
51703,gold/yen11_page_0134_c01_008.png,yen11,page_0134,1,垩,Thánh,垩,U+57A9,char,GOLD,s1_inter_s2_direct,,0.196,113.0,127.0,974da8c1ebd5,ok,train,yen11|page_0134|c1,"[1469, 1203, 1584, 1313]",,False,False,False,False,False,False,True,False,False,True,1.1238938053097345,False,False,False,0.0999999999999999,gold_direct,gold-direct(no-s3),75.1512027491409,f10edd82d8ed0286,746
26299,gold/yen2_page_0220_c03_045.png,yen2,page_0220,3,命,mình,命,U+547D,char,GOLD,s1_inter_s2_direct,,0.223,130.0,158.0,83f98155d18a,ok,train,yen2|page_0220|c3,"[1114, 1095, 1225, 1223]",,False,False,False,False,False,False,True,False,False,True,1.2153846153846153,False,False,False,0.0999999999999999,gold_direct,gold-direct(no-s3),75.1512027491409,73c4f4d3ddec6ccf,747
23019,gold/yen2_page_0142_c04_056.png,yen2,page_0142,4,碎,tôi,碎,U+788E,char,GOLD,s1_inter_s2_direct,,0.247,127.0,150.0,333864be1428,ok,train,yen2|page_0142|c4,"[994, 586, 1102, 708]",,False,False,False,False,False,False,True,False,False,True,1.1811023622047243,False,False,False,0.0999999999999999,gold_direct,gold-direct(no-s3),75.1512027491409,4c27743c3fcb7d63,748
11920,gold/yen2_page_0156_c08_147.png,yen2,page_0156,8,幾,một,没,U+6CA1,char,GOLD,s1_inter_s2_similar,0.875,0.234,106.0,155.0,53d75e9ab2b7,ok,train,yen2|page_0156|c8,"[364, 1383, 472, 1508]",0.875,True,False,False,False,True,False,False,False,False,False,1.4622641509433962,False,False,False,0.3,similar_bridge,similar-bridge,37.63291139240506,c273717c3b9506b8,749
62868,syllable/yen2_page_0318_c01_003.png,yen2,page_0318,1,平,băng,,,syllable,SYLLABLE,nghia_consensus,0.7,0.133,110.0,150.0,db8339729ecb,ok,train,yen2|page_0318|c1,"[1432, 761, 1544, 883]",0.7,True,False,False,False,False,False,False,False,False,False,1.3636363636363635,False,False,False,0.0,other,clean,75.11320754716981,79cac7d4a185e00b,750
24040,gold/yen2_page_0166_c02_031.png,yen2,page_0166,2,連,liên,連,U+9023,char,GOLD,s1_inter_s2_direct,,0.26,108.0,155.0,d9ce97619c7e,ok,train,yen2|page_0166|c2,"[1289, 1826, 1398, 1951]",,False,False,False,False,False,False,True,False,False,True,1.4351851851851851,False,False,False,0.0999999999999999,gold_direct,gold-direct(no-s3),75.1512027491409,351e0178770e5e38,751
67119,silver/yen11_page_0174_c05_108.png,yen11,page_0174,5,顇,nguyện,願,U+9858,char,SILVER,s2_inter_s3_corrected,0.942,0.248,85.0,114.0,79d60c7f9e73,ok,train,yen11|page_0174|c5,"[860, 2402, 965, 2510]",0.942,True,False,False,False,False,False,False,False,False,False,1.3411764705882352,False,False,False,0.0,other,clean,75.11320754716981,1d580caa66a1ad01,752
12215,gold/yen2_page_0268_c08_150.png,yen2,page_0268,8,迊,mươi,𨒒,U+28492,char,GOLD,s1_inter_s2_similar,0.787,0.201,85.0,130.0,3c5141b52a36,ok,train,yen2|page_0268|c8,"[400, 1698, 497, 1804]",0.787,True,False,False,False,True,False,False,False,False,False,1.5294117647058822,False,False,False,0.3,similar_bridge,similar-bridge,37.63291139240506,ca4180dd4c0bb133,753
13295,gold/yen11_page_0018_c04_065.png,yen11,page_0018,4,詳,ra,群,U+7FA4,char,GOLD,s1_inter_s2_similar,0.922,0.287,107.0,141.0,874d9dd61cb3,ok,train,yen11|page_0018|c4,"[1018, 509, 1127, 624]",0.922,True,False,False,False,True,False,False,False,False,False,1.3177570093457944,False,False,False,0.3,similar_bridge,similar-bridge,37.63291139240506,f2696cbf910b6913,754
62677,silver/yen2_page_0288_c05_085.png,yen2,page_0288,5,氏,ấy,衣,U+8863,char,SILVER,s2_inter_s3_corrected,0.895,0.197,117.0,156.0,b7f0fc5bf1ac,ok,train,yen2|page_0288|c5,"[830, 1057, 943, 1183]",0.895,True,False,False,False,False,False,False,False,False,False,1.3333333333333333,False,False,False,0.0,other,clean,75.11320754716981,77e11af30cc8f0f6,755
37706,gold/yen4_page_0144_c01_015.png,yen4,page_0144,1,明,mừng,明,U+660E,char,GOLD,s1_inter_s2_direct,,0.174,67.0,104.0,7f28c6dd1a9c,ok,train,yen4|page_0144|c1,"[993, 1238, 1069, 1322]",,False,False,False,False,False,False,True,False,False,True,1.5522388059701493,False,False,False,0.0999999999999999,gold_direct,gold-direct(no-s3),75.1512027491409,97118986224dab77,756
61719,silver/yen2_page_0174_c04_067.png,yen2,page_0174,4,商,mà,麻,U+9EBB,char,SILVER,s2_inter_s3_corrected,0.968,0.281,106.0,157.0,abb2eb211d22,ok,train,yen2|page_0174|c4,"[997, 879, 1101, 1006]",0.968,True,False,False,False,False,False,False,False,False,False,1.481132075471698,False,False,False,0.0,other,clean,75.11320754716981,4292cbcec9f50a5c,757
45885,gold/yen11_page_0014_c03_062.png,yen11,page_0014,3,朱,cho,朱,U+6731,char,GOLD,s1_inter_s2_direct,,0.205,137.0,149.0,53e8fe5569ac,ok,train,yen11|page_0014|c3,"[1144, 2295, 1258, 2416]",,False,False,False,False,False,False,True,False,False,True,1.0875912408759123,False,False,False,0.0999999999999999,gold_direct,gold-direct(no-s3),75.1512027491409,19960ead5c1d5520,758
1268,gold/yen4_page_0142_c05_107.png,yen4,page_0142,5,同,có,同,U+540C,char,GOLD,s1_inter_s2_direct,,0.147,73.0,83.0,e947b7383687,ok,train,yen4|page_0142|c5,"[548, 1583, 619, 1657]",,False,False,True,True,False,False,True,False,False,True,1.1369863013698631,False,False,False,0.9,dup_defect,cross-col(F1),24.956989247311828,81aded984a5ec32e,759
12111,gold/yen2_page_0232_c08_144.png,yen2,page_0232,8,存,thì,寺,U+5BFA,char,GOLD,s1_inter_s2_similar,0.955,0.272,94.0,151.0,4c5d5f6db563,ok,train,yen2|page_0232|c8,"[408, 1175, 516, 1298]",0.955,True,False,False,False,True,False,False,False,False,False,1.6063829787234043,False,False,False,0.3,similar_bridge,similar-bridge,37.63291139240506,a0d0e73ecd103790,760
66574,silver/yen11_page_0106_c03_046.png,yen11,page_0106,3,以,chịu,召,U+53EC,char,SILVER,s2_inter_s3_corrected,0.783,0.161,85.0,148.0,3e54750bcead,ok,train,yen11|page_0106|c3,"[1194, 561, 1296, 681]",0.783,True,False,False,False,False,False,False,False,False,False,1.741176470588235,False,False,False,0.0,other,clean,75.11320754716981,3bff3350db28731c,761
12279,gold/yen2_page_0288_c03_050.png,yen2,page_0288,3,齒,thì,𥊘,U+25298,char,GOLD,s1_inter_s2_similar,0.981,0.208,128.0,146.0,77192f1df73f,ok,train,yen2|page_0288|c3,"[1137, 1582, 1252, 1700]",0.981,True,False,False,False,True,False,False,False,False,False,1.140625,False,False,False,0.3,similar_bridge,similar-bridge,37.63291139240506,c174fa1001e86725,762
2500,silver/yen2_page_0090_c09_171.png,yen2,page_0090,9,恭,cho,朱,U+6731,char,SILVER,s3_head_bank_consensus,0.484,0.202,128.0,119.0,79df270ed1e5,ok,train,yen2|page_0090|c9,"[207, 480, 311, 580]",0.484,True,False,False,False,False,True,False,True,True,False,0.9296875,False,False,False,0.76,silver_headbank,"silver-headbank,s3=0.48<τ",38.05128205128205,b05a903152a7cf4c,763
47704,gold/yen11_page_0052_c01_021.png,yen11,page_0052,1,帝,đí,帝,U+5E1D,char,GOLD,s1_inter_s2_direct,,0.162,99.0,116.0,0795cf83bf50,ok,train,yen11|page_0052|c1,"[1465, 2401, 1563, 2504]",,False,False,False,False,False,False,True,False,False,True,1.1717171717171715,False,False,False,0.0999999999999999,gold_direct,gold-direct(no-s3),75.1512027491409,02c742cff3d4f5bb,764
38028,gold/yen4_page_0150_c06_119.png,yen4,page_0150,6,理,lẽ,理,U+7406,char,GOLD,s1_inter_s2_direct,,0.268,66.0,88.0,b821b2ff0c99,ok,test,yen4|page_0150|c6,"[468, 802, 537, 874]",,False,False,False,False,False,False,True,False,False,True,1.3333333333333333,False,False,False,0.0999999999999999,gold_direct,gold-direct(no-s3),75.1512027491409,fa0e25b954d95872,765
3486,silver/yen11_page_0146_c06_115.png,yen11,page_0146,6,挑,thuê,稅,U+7A05,char,SILVER,s3_head_bank_consensus,0.126,0.2,91.0,137.0,ab9526eec394,ok,train,yen11|page_0146|c6,"[690, 636, 794, 747]",0.126,True,False,False,False,False,True,False,True,True,False,1.5054945054945057,False,False,False,0.76,silver_headbank,"silver-headbank,s3=0.13<τ",38.05128205128205,18030cceae341856,766
5861,syllable/yen2_page_0274_c07_132.png,yen2,page_0274,7,可,làm,,,syllable,SYLLABLE,nghia_consensus,0.028,0.147,98.0,157.0,acd5cab2eb64,ok,train,yen2|page_0274|c7,"[503, 1280, 610, 1407]",0.028,True,False,False,False,False,False,False,True,True,False,1.6020408163265305,False,False,False,0.6,s3_low,s3=0.03<τ,37.47752808988764,db7eca95c00e28a3,767
1417,gold/yen4_page_0194_c04_068.png,yen4,page_0194,4,固,có,固,U+56FA,char,GOLD,s1_inter_s2_direct,,0.21,73.0,94.0,3e1fdfedac80,ok,train,yen4|page_0194|c4,"[682, 351, 753, 427]",,False,False,True,True,False,False,True,False,False,True,1.2876712328767124,False,False,False,0.9,dup_defect,cross-col(F1),24.956989247311828,c1b1ee8e9d4bf2b1,768
57836,gold/yen11_page_0254_c04_075.png,yen11,page_0254,4,各,các,各,U+5404,char,GOLD,s1_inter_s2_direct,,0.171,95.0,139.0,1a1fda0ef4e9,ok,train,yen11|page_0254|c4,"[1019, 1258, 1125, 1371]",,False,False,False,False,False,False,True,False,False,True,1.4631578947368422,False,False,False,0.0999999999999999,gold_direct,gold-direct(no-s3),75.1512027491409,ff111c429516b8d3,769
37512,gold/yen4_page_0140_c01_019.png,yen4,page_0140,1,油,dầu,油,U+6CB9,char,GOLD,s1_inter_s2_direct,,0.16,61.0,101.0,9d46f42a62db,ok,train,yen4|page_0140|c1,"[960, 1443, 1034, 1526]",,False,False,False,False,False,False,True,False,False,True,1.6557377049180328,False,False,False,0.0999999999999999,gold_direct,gold-direct(no-s3),75.1512027491409,b99fe22b80ac8a68,770
21392,gold/yen2_page_0110_c09_177.png,yen2,page_0110,9,嗔,xin,嗔,U+55D4,char,GOLD,s1_inter_s2_direct,,0.203,106.0,145.0,36360bb5bdc1,ok,test,yen2|page_0110|c9,"[221, 1944, 323, 2061]",,False,False,False,False,False,False,True,False,False,True,1.3679245283018868,False,False,False,0.0999999999999999,gold_direct,gold-direct(no-s3),75.1512027491409,7552b2e2e9a5c291,771
24720,gold/yen2_page_0180_c06_111.png,yen2,page_0180,6,判,phán,判,U+5224,char,GOLD,s1_inter_s2_direct,,0.18,117.0,158.0,ee305b89ef73,ok,train,yen2|page_0180|c6,"[669, 2191, 767, 2319]",,False,False,False,False,False,False,True,False,False,True,1.3504273504273503,False,False,False,0.0999999999999999,gold_direct,gold-direct(no-s3),75.1512027491409,b72371b512410c6e,772
59954,gold/yen11_page_0296_c06_113.png,yen11,page_0296,6,麻,mà,麻,U+9EBB,char,GOLD,s1_inter_s2_direct,,0.214,101.0,142.0,2d3021db533b,ok,train,yen11|page_0296|c6,"[730, 1829, 833, 1945]",,False,False,False,False,False,False,True,False,False,True,1.405940594059406,False,False,False,0.0999999999999999,gold_direct,gold-direct(no-s3),75.1512027491409,886ca6041651df30,773
1107,gold/yen4_page_0086_c09_174.png,yen4,page_0086,9,巴,ba,巴,U+5DF4,char,GOLD,s1_inter_s2_direct,,0.157,79.0,99.0,caadc3c3c97c,ok,val,yen4|page_0086|c9,"[158, 1144, 233, 1225]",,False,True,False,True,False,False,True,False,False,True,1.2531645569620251,False,False,False,0.9,dup_defect,dup-bbox(AE-1),24.956989247311828,086866bc546f8504,774
3950,gold/yen4_page_0120_c02_028.png,yen4,page_0120,2,淆,li,莉,U+8389,char,GOLD,s1_inter_s2_similar,0.148,0.178,95.0,99.0,6e9f57eb6e48,ok,val,yen4|page_0120|c2,"[841, 675, 918, 756]",0.148,True,False,False,False,True,False,False,True,True,False,1.0421052631578946,False,False,False,0.7,similar_bridge_lowcos,"similar-bridge,s3=0.15<τ",24.933333333333334,2f7f9cf69fc3188a,775
10703,silver/yen4_page_0260_c01_003.png,yen4,page_0260,1,妃,bà,把,U+628A,char,SILVER,s2_inter_s3_corrected,0.598,0.161,84.0,93.0,a76cedab9233,ok,train,yen4|page_0260|c1,"[951, 416, 1023, 491]",0.598,True,False,False,False,False,False,False,True,False,False,1.1071428571428572,False,False,False,0.35,s3_low,s3=0.60<τ,37.47752808988764,01e939efaace9f0f,776
56962,gold/yen11_page_0238_c01_020.png,yen11,page_0238,1,丐,cái,丐,U+4E10,char,GOLD,s1_inter_s2_direct,,0.164,97.0,145.0,d70e8f5c2e9d,ok,train,yen11|page_0238|c1,"[1475, 2284, 1578, 2401]",,False,False,False,False,False,False,True,False,False,True,1.4948453608247425,False,False,False,0.0999999999999999,gold_direct,gold-direct(no-s3),75.1512027491409,ca4b8f3a20ba3690,777
67429,silver/yen11_page_0212_c05_086.png,yen11,page_0212,5,袂,áo,袄,U+8884,char,SILVER,s2_inter_s3_corrected,0.948,0.145,110.0,149.0,a21bf28daa97,ok,val,yen11|page_0212|c5,"[854, 506, 960, 627]",0.948,True,False,False,False,False,False,False,False,False,False,1.3545454545454545,False,False,False,0.0,other,clean,75.11320754716981,3ef3b4fa3c3f3d84,778
59688,gold/yen11_page_0292_c03_049.png,yen11,page_0292,3,垩,Thánh,垩,U+57A9,char,GOLD,s1_inter_s2_direct,,0.159,99.0,146.0,7f8f32adfa95,ok,train,yen11|page_0292|c3,"[1206, 1216, 1307, 1334]",,False,False,False,False,False,False,True,False,False,True,1.4747474747474747,False,False,False,0.0999999999999999,gold_direct,gold-direct(no-s3),75.1512027491409,14432e7a2a16b2ac,779
6711,syllable/yen4_page_0172_c01_009.png,yen4,page_0172,1,僥,nhiều,,,syllable,SYLLABLE,nghia_consensus,0.235,0.188,75.0,87.0,2eb705c4bec3,ok,train,yen4|page_0172|c1,"[961, 803, 1029, 874]",0.235,True,False,False,False,False,False,False,True,True,False,1.16,False,False,False,0.6,s3_low,s3=0.23<τ,37.47752808988764,034536111d0a98d1,780
42225,gold/yen4_page_0238_c04_080.png,yen4,page_0238,4,弄,lòng,弄,U+5F04,char,GOLD,s1_inter_s2_direct,,0.167,69.0,96.0,0fe0228ec65a,ok,train,yen4|page_0238|c4,"[675, 1439, 744, 1521]",,False,False,False,False,False,False,True,False,False,True,1.391304347826087,False,False,False,0.0999999999999999,gold_direct,gold-direct(no-s3),75.1512027491409,9af33fd3270639c6,781
1208,gold/yen4_page_0128_c06_130.png,yen4,page_0128,6,批,Phê,批,U+6279,char,GOLD,s1_inter_s2_direct,,0.118,74.0,92.0,e32e317189e4,ok,train,yen4|page_0128|c6,"[472, 1463, 538, 1539]",,False,True,False,True,False,False,True,False,False,True,1.2432432432432432,False,False,False,0.9,dup_defect,dup-bbox(AE-1),24.956989247311828,d018cd7d697a41de,782
13856,gold/yen11_page_0186_c05_082.png,yen11,page_0186,5,昜,dễ,易,U+6613,char,GOLD,s1_inter_s2_similar,0.699,0.146,100.0,131.0,a674fe8fe237,ok,train,yen11|page_0186|c5,"[905, 431, 1012, 538]",0.699,True,False,False,False,True,False,False,False,False,False,1.31,False,False,False,0.3,similar_bridge,similar-bridge,37.63291139240506,5744f513d5ea5157,783
52479,gold/yen11_page_0148_c04_070.png,yen11,page_0148,4,斈,Học,斈,U+6588,char,GOLD,s1_inter_s2_direct,,0.137,107.0,145.0,b859ff991955,ok,train,yen11|page_0148|c4,"[1035, 996, 1139, 1113]",,False,False,False,False,False,False,True,False,False,True,1.355140186915888,False,False,False,0.0999999999999999,gold_direct,gold-direct(no-s3),75.1512027491409,48d654f0f5b5efc0,784
56716,gold/yen11_page_0232_c07_137.png,yen11,page_0232,7,浪,răng,浪,U+6D6A,char,GOLD,s1_inter_s2_direct,,0.177,99.0,140.0,de8d977b2186,ok,train,yen11|page_0232|c7,"[571, 1262, 677, 1376]",,False,False,False,False,False,False,True,False,False,True,1.414141414141414,False,False,False,0.0999999999999999,gold_direct,gold-direct(no-s3),75.1512027491409,6c495726cf15e1bf,785
22112,gold/yen2_page_0124_c08_155.png,yen2,page_0124,8,味,vị,味,U+5473,char,GOLD,s1_inter_s2_direct,,0.18,108.0,123.0,e6effb37202f,ok,test,yen2|page_0124|c8,"[366, 1102, 466, 1216]",,False,False,False,False,False,False,True,False,False,True,1.1388888888888888,False,False,False,0.0999999999999999,gold_direct,gold-direct(no-s3),75.1512027491409,5626aad5eb48cb24,786
1377,gold/yen4_page_0182_c02_041.png,yen4,page_0182,2,宜,nghe,宜,U+5B9C,char,GOLD,s1_inter_s2_direct,,0.171,66.0,90.0,21ce2b8c73c5,ok,train,yen4|page_0182|c2,"[916, 1228, 980, 1302]",,False,False,True,True,False,False,True,False,False,True,1.3636363636363635,False,False,False,0.9,dup_defect,cross-col(F1),24.956989247311828,fdd4b11d75746c96,787
13590,gold/yen11_page_0116_c01_002.png,yen11,page_0116,1,早,người,㝵,U+3775,char,GOLD,s1_inter_s2_similar,0.901,0.155,90.0,138.0,82dea38b805b,ok,train,yen11|page_0116|c1,"[1517, 622, 1619, 734]",0.901,True,False,False,False,True,False,False,False,False,False,1.5333333333333334,False,False,False,0.3,similar_bridge,similar-bridge,37.63291139240506,5208feb370bb6dc5,788
57924,gold/yen11_page_0256_c03_052.png,yen11,page_0256,3,朱,cho,朱,U+6731,char,GOLD,s1_inter_s2_direct,,0.203,88.0,136.0,c2d9da437fd8,ok,test,yen11|page_0256|c3,"[1198, 1158, 1296, 1269]",,False,False,False,False,False,False,True,False,False,True,1.5454545454545454,False,False,False,0.0999999999999999,gold_direct,gold-direct(no-s3),75.1512027491409,9b97a2ee1c7d06a0,789
12817,gold/yen4_page_0152_c07_131.png,yen4,page_0152,7,不,vậy,丕,U+4E15,char,GOLD,s1_inter_s2_similar,0.981,0.148,74.0,88.0,eec0ba9462bd,ok,train,yen4|page_0152|c7,"[369, 294, 441, 372]",0.981,True,False,False,False,True,False,False,False,False,False,1.1891891891891893,False,False,False,0.3,similar_bridge,similar-bridge,37.63291139240506,400e318fcee621e9,790
27264,gold/yen2_page_0240_c08_134.png,yen2,page_0240,8,信,tin,信,U+4FE1,char,GOLD,s1_inter_s2_direct,,0.187,134.0,179.0,22c51dbc24c8,ok,train,yen2|page_0240|c8,"[387, 582, 519, 727]",,False,False,False,False,False,False,True,False,False,True,1.335820895522388,False,False,False,0.0999999999999999,gold_direct,gold-direct(no-s3),75.1512027491409,9529975cb8e29f3a,791
1606,gold/yen4_page_0262_c02_024.png,yen4,page_0262,2,庄,chăng,庄,U+5E84,char,GOLD,s1_inter_s2_direct,,0.141,71.0,101.0,04a2541a3711,ok,train,yen4|page_0262|c2,"[868, 1360, 935, 1443]",,False,True,False,True,False,False,True,False,False,True,1.4225352112676055,False,False,False,0.9,dup_defect,dup-bbox(AE-1),24.956989247311828,558333f1f28b0af8,792
46523,gold/yen11_page_0024_c09_193.png,yen11,page_0024,9,丕,vậy,丕,U+4E15,char,GOLD,s1_inter_s2_direct,,0.167,102.0,133.0,8f072f10553c,ok,train,yen11|page_0024|c9,"[270, 1496, 375, 1608]",,False,False,False,False,False,False,True,False,False,True,1.303921568627451,False,False,False,0.0999999999999999,gold_direct,gold-direct(no-s3),75.1512027491409,362ae934d20144f4,793
25836,gold/yen2_page_0206_c09_172.png,yen2,page_0206,9,寺,thì,寺,U+5BFA,char,GOLD,s1_inter_s2_direct,,0.205,120.0,158.0,3936e3a9838a,ok,train,yen2|page_0206|c9,"[203, 2304, 316, 2432]",,False,False,False,False,False,False,True,False,False,True,1.3166666666666669,False,False,False,0.0999999999999999,gold_direct,gold-direct(no-s3),75.1512027491409,08843458ecd99544,794
15281,gold/yen11_page_0294_c01_018.png,yen11,page_0294,1,美,mở,美,U+7F8E,char,GOLD,s1_inter_s2_direct,,0.155,81.0,148.0,f0185ce2beb9,tall,train,yen11|page_0294|c1,"[1464, 2154, 1566, 2274]",,False,False,False,False,False,False,True,False,False,True,1.8271604938271604,True,False,True,0.2799999999999999,quality_flag,aspect=1.83,50.674418604651166,75dc901e89b098f5,795
47638,gold/yen11_page_0050_c06_119.png,yen11,page_0050,6,召,chịu,召,U+53EC,char,GOLD,s1_inter_s2_direct,,0.167,89.0,145.0,2164e114e617,ok,train,yen11|page_0050|c6,"[723, 1087, 828, 1204]",,False,False,False,False,False,False,True,False,False,True,1.6292134831460674,False,False,False,0.0999999999999999,gold_direct,gold-direct(no-s3),75.1512027491409,71f471281833919c,796
65601,silver/yen4_page_0284_c01_001.png,yen4,page_0284,1,橋,roi,檑,U+6A91,char,SILVER,s2_inter_s3_corrected,0.878,0.18,79.0,94.0,ced821acdec2,ok,train,yen4|page_0284|c1,"[945, 285, 1016, 361]",0.878,True,False,False,False,False,False,False,False,False,False,1.1898734177215189,False,False,False,0.0,other,clean,75.11320754716981,2635698723568dd2,797
804,silver/yen2_page_0308_c05_061.png,yen2,page_0308,5,詩,thì,寺,U+5BFA,char,SILVER,s2_inter_s3_corrected,0.926,0.189,127.0,141.0,fbdd0e0bfabf,ok,test,yen2|page_0308|c5,"[866, 1116, 969, 1231]",0.926,True,False,True,True,False,False,False,False,False,False,1.110236220472441,False,False,False,0.9,dup_defect,cross-col(F1),24.956989247311828,66eb518105953f02,798
23837,gold/yen2_page_0160_c06_104.png,yen2,page_0160,6,体,thấy,体,U+4F53,char,GOLD,s1_inter_s2_direct,,0.208,115.0,151.0,3e9099c8488d,ok,train,yen2|page_0160|c6,"[660, 1586, 765, 1709]",,False,False,False,False,False,False,True,False,False,True,1.3130434782608695,False,False,False,0.0999999999999999,gold_direct,gold-direct(no-s3),75.1512027491409,effd072cab1dd9b6,799
1804,gold/yen11_page_0024_c05_110.png,yen11,page_0024,5,洩,dáy,洩,U+6D29,char,GOLD,s1_inter_s2_direct,,0.175,123.0,139.0,139cbb898ba8,ok,train,yen11|page_0024|c5,"[871, 2170, 981, 2283]",,False,False,True,True,False,False,True,False,False,True,1.1300813008130082,False,False,False,0.9,dup_defect,cross-col(F1),24.956989247311828,4661f21f6b90c727,800
46303,gold/yen11_page_0022_c01_003.png,yen11,page_0022,1,罪,tội,罪,U+7F6A,char,GOLD,s1_inter_s2_direct,,0.256,88.0,130.0,538d4623dbb7,ok,test,yen11|page_0022|c1,"[1439, 689, 1547, 795]",,False,False,False,False,False,False,True,False,False,True,1.4772727272727273,False,False,False,0.0999999999999999,gold_direct,gold-direct(no-s3),75.1512027491409,ba3ffe1e12089c11,801
12613,gold/yen4_page_0080_c02_022.png,yen4,page_0080,2,户,lo,卢,U+5362,char,GOLD,s1_inter_s2_similar,0.97,0.123,64.0,95.0,7abbe282c523,ok,test,yen4|page_0080|c2,"[863, 328, 932, 405]",0.97,True,False,False,False,True,False,False,False,False,False,1.484375,False,False,False,0.3,similar_bridge,similar-bridge,37.63291139240506,b9a96efa940525ce,802
39127,gold/yen4_page_0172_c01_013.png,yen4,page_0172,1,灵,linh,灵,U+7075,char,GOLD,s1_inter_s2_direct,,0.154,83.0,90.0,b566b658b807,ok,train,yen4|page_0172|c1,"[953, 1044, 1024, 1118]",,False,False,False,False,False,False,True,False,False,True,1.0843373493975903,False,False,False,0.0999999999999999,gold_direct,gold-direct(no-s3),75.1512027491409,f91716997b6725c7,803
62511,silver/yen2_page_0262_c06_097.png,yen2,page_0262,6,𫆀,da,耶,U+8036,char,SILVER,s2_inter_s3_corrected,0.71,0.222,135.0,124.0,87c0acf4df3e,ok,val,yen2|page_0262|c6,"[679, 459, 788, 571]",0.71,True,False,False,False,False,False,False,False,False,False,0.9185185185185184,False,False,False,0.0,other,clean,75.11320754716981,bd371fd6e9e5d9f1,804
56928,gold/yen11_page_0236_c07_144.png,yen11,page_0236,7,夢,mồng,夢,U+5922,char,GOLD,s1_inter_s2_direct,,0.138,126.0,141.0,ba29be21a2e8,ok,train,yen11|page_0236|c7,"[572, 1444, 676, 1559]",,False,False,False,False,False,False,True,False,False,True,1.119047619047619,False,False,False,0.0999999999999999,gold_direct,gold-direct(no-s3),75.1512027491409,985aed48f01cecf1,805
25043,gold/yen2_page_0188_c04_073.png,yen2,page_0188,4,神,THẦN,神,U+795E,char,GOLD,s1_inter_s2_direct,,0.206,131.0,167.0,ad5e0038db11,ok,train,yen2|page_0188|c4,"[936, 2068, 1049, 2203]",,False,False,False,False,False,False,True,False,False,True,1.2748091603053435,False,False,False,0.0999999999999999,gold_direct,gold-direct(no-s3),75.1512027491409,80d05b7c7360c841,806
36919,gold/yen4_page_0126_c07_151.png,yen4,page_0126,7,求,cầu,求,U+6C42,char,GOLD,s1_inter_s2_direct,,0.194,62.0,98.0,e33e32be6eaa,ok,train,yen4|page_0126|c7,"[374, 1430, 444, 1510]",,False,False,False,False,False,False,True,False,False,True,1.5806451612903225,False,False,False,0.0999999999999999,gold_direct,gold-direct(no-s3),75.1512027491409,03c28714e48927ce,807
65218,silver/yen4_page_0246_c04_079.png,yen4,page_0246,4,在,chăng,庄,U+5E84,char,SILVER,s2_inter_s3_corrected,0.771,0.172,72.0,99.0,8194c4bf68b9,ok,train,yen4|page_0246|c4,"[681, 1169, 753, 1250]",0.771,True,False,False,False,False,False,False,False,False,False,1.375,False,False,False,0.0,other,clean,75.11320754716981,cffed16604f7e492,808
56536,gold/yen11_page_0226_c08_164.png,yen11,page_0226,8,眉,mi,眉,U+7709,char,GOLD,s1_inter_s2_direct,,0.184,83.0,139.0,a3cb768e1880,ok,val,yen11|page_0226|c8,"[411, 1259, 506, 1372]",,False,False,False,False,False,False,True,False,False,True,1.6746987951807228,False,False,False,0.0999999999999999,gold_direct,gold-direct(no-s3),75.1512027491409,494170326dd95adf,809
34236,gold/yen4_page_0068_c09_204.png,yen4,page_0068,9,連,lên,連,U+9023,char,GOLD,s1_inter_s2_direct,,0.153,56.0,96.0,0bc2fb40bd32,ok,train,yen4|page_0068|c9,"[178, 1509, 248, 1587]",,False,False,False,False,False,False,True,False,False,True,1.7142857142857142,False,False,False,0.0999999999999999,gold_direct,gold-direct(no-s3),75.1512027491409,e1c38f0006cb51ad,810
114,gold/yen11_page_0070_c09_181.png,yen11,page_0070,9,曉,nhiều,嬈,U+5B08,char,GOLD,s1_inter_s2_similar,0.027,0.129,101.0,135.0,2cfcbb1b2cd6,ok,train,yen11|page_0070|c9,"[273, 2326, 373, 2435]",0.027,True,True,False,True,True,False,False,True,True,False,1.3366336633663367,False,False,False,0.97,dup_defect,"dup-bbox(AE-1),similar-bridge,s3=0.03<τ",24.956989247311828,15f87fe594ed6fd4,811
2458,silver/yen2_page_0062_c04_077.png,yen2,page_0062,4,牡,dồ,𠱋,U+20C4B,char,SILVER,s3_head_bank_consensus,0.028,0.229,127.0,138.0,0d4716376558,ok,train,yen2|page_0062|c4,"[985, 1687, 1093, 1799]",0.028,True,False,False,False,False,True,False,True,True,False,1.0866141732283463,False,False,False,0.76,silver_headbank,"silver-headbank,s3=0.03<τ",38.05128205128205,a2bb7d8de1219bd2,812
16393,gold/yen2_page_0012_c04_038.png,yen2,page_0012,4,徳,Đức,徳,U+5FB3,char,GOLD,s1_inter_s2_direct,,0.238,142.0,146.0,401f8de1e9e1,ok,train,yen2|page_0012|c4,"[967, 464, 1083, 582]",,False,False,False,False,False,False,True,False,False,True,1.028169014084507,False,False,False,0.0999999999999999,gold_direct,gold-direct(no-s3),75.1512027491409,e02098aee4ed33b3,813
5044,syllable/yen2_page_0098_c03_046.png,yen2,page_0098,3,知,Đức,,,syllable,SYLLABLE,nghia_consensus,0.169,0.175,108.0,141.0,0b246fdc3d44,ok,test,yen2|page_0098|c3,"[1097, 569, 1203, 684]",0.169,True,False,False,False,False,False,False,True,True,False,1.3055555555555556,False,False,False,0.6,s3_low,s3=0.17<τ,37.47752808988764,70fcc4550eaa5cbb,814
22887,gold/yen2_page_0138_c09_188.png,yen2,page_0138,9,㝵,người,㝵,U+3775,char,GOLD,s1_inter_s2_direct,,0.179,110.0,127.0,c2eac107f803,ok,test,yen2|page_0138|c9,"[242, 1855, 341, 1965]",,False,False,False,False,False,False,True,False,False,True,1.1545454545454543,False,False,False,0.0999999999999999,gold_direct,gold-direct(no-s3),75.1512027491409,c1910a56f561174a,815
3971,gold/yen4_page_0154_c03_058.png,yen4,page_0154,3,不,chẳng,丕,U+4E15,char,GOLD,s1_inter_s2_similar,0.079,0.149,86.0,98.0,b53a8f7bf96b,ok,val,yen4|page_0154|c3,"[750, 1373, 823, 1453]",0.079,True,False,False,False,True,False,False,True,True,False,1.1395348837209305,False,False,False,0.7,similar_bridge_lowcos,"similar-bridge,s3=0.08<τ",24.933333333333334,84486712e62d7568,816
729,gold/yen2_page_0278_c02_031.png,yen2,page_0278,2,朱,cho,朱,U+6731,char,GOLD,s1_inter_s2_direct,,0.18,97.0,171.0,5adcfbd3abed,ok,test,yen2|page_0278|c2,"[1275, 1997, 1393, 2136]",,False,False,True,True,False,False,True,False,False,True,1.7628865979381445,False,False,False,0.9,dup_defect,cross-col(F1),24.956989247311828,3a68a0e0c08d56b6,817
52910,gold/yen11_page_0156_c01_020.png,yen11,page_0156,1,主,Chúa,主,U+4E3B,char,GOLD,s1_inter_s2_direct,,0.121,91.0,137.0,4aae8083565b,ok,train,yen11|page_0156|c1,"[1493, 2249, 1591, 2360]",,False,False,False,False,False,False,True,False,False,True,1.5054945054945057,False,False,False,0.0999999999999999,gold_direct,gold-direct(no-s3),75.1512027491409,f8721056749f7b25,818
11237,silver/yen11_page_0226_c09_187.png,yen11,page_0226,9,岂,hay,咍,U+548D,char,SILVER,s2_inter_s3_corrected,0.533,0.13,85.0,119.0,8955906decb8,ok,test,yen11|page_0226|c9,"[266, 1336, 356, 1442]",0.533,True,False,False,False,False,False,False,True,False,False,1.4,False,False,False,0.35,s3_low,s3=0.53<τ,37.47752808988764,e8ccb793abc370ad,819
65015,silver/yen4_page_0228_c02_022.png,yen4,page_0228,2,交,lại,吏,U+540F,char,SILVER,s2_inter_s3_corrected,0.917,0.156,88.0,83.0,c5863a3c4932,ok,test,yen4|page_0228|c2,"[894, 253, 971, 333]",0.917,True,False,False,False,False,False,False,False,False,False,0.9431818181818182,False,False,False,0.0,other,clean,75.11320754716981,2d0d2db6d9602075,820
64571,silver/yen4_page_0176_c06_127.png,yen4,page_0176,6,身,người,㝵,U+3775,char,SILVER,s2_inter_s3_corrected,0.735,0.161,65.0,90.0,22ba1017c029,ok,train,yen4|page_0176|c6,"[468, 993, 536, 1067]",0.735,True,False,False,False,False,False,False,False,False,False,1.3846153846153846,False,False,False,0.0,other,clean,75.11320754716981,8f08b79176a916b5,821
37445,gold/yen4_page_0138_c05_110.png,yen4,page_0138,5,麻,mà,麻,U+9EBB,char,GOLD,s1_inter_s2_direct,,0.155,78.0,86.0,e567062e73b7,ok,train,yen4|page_0138|c5,"[547, 1465, 616, 1536]",,False,False,False,False,False,False,True,False,False,True,1.1025641025641026,False,False,False,0.0999999999999999,gold_direct,gold-direct(no-s3),75.1512027491409,4e19d3ae782a1399,822
42208,gold/yen4_page_0238_c03_044.png,yen4,page_0238,3,燒,theo,燒,U+71D2,char,GOLD,s1_inter_s2_direct,,0.224,74.0,98.0,f49190b295ef,ok,val,yen4|page_0238|c3,"[760, 435, 830, 515]",,False,False,False,False,False,False,True,False,False,True,1.3243243243243243,False,False,False,0.0999999999999999,gold_direct,gold-direct(no-s3),75.1512027491409,34aae757bdf001a4,823
49234,gold/yen11_page_0080_c04_069.png,yen11,page_0080,4,罰,phạt,罰,U+7F70,char,GOLD,s1_inter_s2_direct,,0.207,105.0,152.0,6f4a01b39e68,ok,train,yen11|page_0080|c4,"[1014, 1008, 1123, 1132]",,False,False,False,False,False,False,True,False,False,True,1.4476190476190476,False,False,False,0.0999999999999999,gold_direct,gold-direct(no-s3),75.1512027491409,af08f5c70b76bee4,824
27891,gold/yen2_page_0254_c07_113.png,yen2,page_0254,7,双,Song,双,U+53CC,char,GOLD,s1_inter_s2_direct,,0.187,134.0,170.0,7ce426e3364f,ok,train,yen2|page_0254|c7,"[537, 869, 658, 1007]",,False,False,False,False,False,False,True,False,False,True,1.2686567164179106,False,False,False,0.0999999999999999,gold_direct,gold-direct(no-s3),75.1512027491409,6f7b8431a7ec7b49,825
47483,gold/yen11_page_0048_c03_056.png,yen11,page_0048,3,歇,hết,歇,U+6B47,char,GOLD,s1_inter_s2_direct,,0.17,114.0,150.0,934991de9742,ok,train,yen11|page_0048|c3,"[1132, 1578, 1241, 1700]",,False,False,False,False,False,False,True,False,False,True,1.3157894736842106,False,False,False,0.0999999999999999,gold_direct,gold-direct(no-s3),75.1512027491409,25478d8cbc6f78bd,826
28719,gold/yen2_page_0274_c02_040.png,yen2,page_0274,2,几,kẻ,几,U+51E0,char,GOLD,s1_inter_s2_direct,,0.124,109.0,138.0,e0fd87e67116,ok,val,yen2|page_0274|c2,"[1261, 2329, 1363, 2441]",,False,False,False,False,False,False,True,False,False,True,1.2660550458715596,False,False,False,0.0999999999999999,gold_direct,gold-direct(no-s3),75.1512027491409,7970b290034c836a,827
16372,silver/yen11_page_0272_c05_079.png,yen11,page_0272,5,因,có,固,U+56FA,char,SILVER,s2_inter_s3_corrected,0.981,0.317,92.0,139.0,a5b7d1d26255,ok,val,yen11|page_0272|c5,"[898, 903, 1008, 1024]",0.981,True,False,False,False,False,False,False,False,False,False,1.5108695652173914,False,True,True,0.15,quality_flag,ink-outlier,50.674418604651166,c75f697cb0010c19,828
5080,syllable/yen2_page_0106_c06_113.png,yen2,page_0106,6,好,Đức,,,syllable,SYLLABLE,nghia_consensus,0.026,0.234,120.0,152.0,73a4ea3de191,ok,train,yen2|page_0106|c6,"[689, 2112, 797, 2236]",0.026,True,False,False,False,False,False,False,True,True,False,1.2666666666666666,False,False,False,0.6,s3_low,s3=0.03<τ,37.47752808988764,82b0042011ba21b5,829
19779,gold/yen2_page_0078_c04_063.png,yen2,page_0078,4,瑭,đường,瑭,U+746D,char,GOLD,s1_inter_s2_direct,,0.21,132.0,129.0,578e608dbb66,ok,train,yen2|page_0078|c4,"[1021, 497, 1129, 607]",,False,False,False,False,False,False,True,False,False,True,0.9772727272727272,False,False,False,0.0999999999999999,gold_direct,gold-direct(no-s3),75.1512027491409,8649dd904dbe5b73,830
52800,gold/yen11_page_0154_c02_039.png,yen11,page_0154,2,丕,vậy,丕,U+4E15,char,GOLD,s1_inter_s2_direct,,0.126,108.0,139.0,9758f8fe2289,ok,train,yen11|page_0154|c2,"[1259, 1937, 1363, 2050]",,False,False,False,False,False,False,True,False,False,True,1.287037037037037,False,False,False,0.0999999999999999,gold_direct,gold-direct(no-s3),75.1512027491409,470413c830e19f3d,831
16276,syllable/yen2_page_0216_c02_035.png,yen2,page_0216,2,廪,lăm,,,syllable,SYLLABLE,nghia_consensus,0.623,0.308,121.0,159.0,407b75732522,ok,train,yen2|page_0216|c2,"[1311, 2085, 1414, 2214]",0.623,True,False,False,False,False,False,False,False,False,False,1.3140495867768596,False,True,True,0.15,quality_flag,ink-outlier,50.674418604651166,5c92ebd848ce7f8b,832
61807,silver/yen2_page_0182_c07_112.png,yen2,page_0182,7,閃,mừng,明,U+660E,char,SILVER,s2_inter_s3_corrected,0.921,0.248,129.0,150.0,6885ee08c3f6,ok,train,yen2|page_0182|c7,"[537, 485, 642, 607]",0.921,True,False,False,False,False,False,False,False,False,False,1.162790697674419,False,False,False,0.0,other,clean,75.11320754716981,5373fff1bd96e631,833
11664,gold/yen2_page_0086_c04_084.png,yen2,page_0086,4,存,giữ,抒,U+6292,char,GOLD,s1_inter_s2_similar,0.634,0.236,102.0,139.0,0c2db8c14f98,ok,val,yen2|page_0086|c4,"[1004, 1972, 1112, 2085]",0.634,True,False,False,False,True,False,False,False,False,False,1.3627450980392155,False,False,False,0.3,similar_bridge,similar-bridge,37.63291139240506,9faa86e762a50e2a,834
267,syllable/yen4_page_0274_c08_160.png,yen4,page_0274,8,而,làm,,,syllable,SYLLABLE,nghia_consensus,0.043,0.173,76.0,96.0,1bad556895cf,ok,val,yen4|page_0274|c8,"[384, 551, 455, 629]",0.043,True,False,True,True,False,False,False,True,True,False,1.263157894736842,False,False,False,0.96,dup_defect,"cross-col(F1),s3=0.04<τ",24.956989247311828,aba6f0a83b3ae43a,835
9330,gold/yen11_page_0046_c04_048.png,yen11,page_0046,4,婦,chị,姉,U+59C9,char,GOLD,s1_inter_s2_similar,0.95,0.336,100.0,68.0,473678d82f56,ok,train,yen11|page_0046|c4,"[985, 1890, 1096, 1946]",0.95,True,False,False,False,True,False,False,False,False,False,0.68,False,True,True,0.405,similar_bridge,"similar-bridge,ink-outlier",37.63291139240506,40cbab921d2e18c6,836
25801,gold/yen2_page_0206_c06_103.png,yen2,page_0206,6,打,đánh,打,U+6253,char,GOLD,s1_inter_s2_direct,,0.195,136.0,166.0,226b33e257be,ok,train,yen2|page_0206|c6,"[682, 1336, 792, 1470]",,False,False,False,False,False,False,True,False,False,True,1.2205882352941178,False,False,False,0.0999999999999999,gold_direct,gold-direct(no-s3),75.1512027491409,65a21c34f87346f6,837
29811,gold/yen2_page_0298_c02_018.png,yen2,page_0298,2,几,kẻ,几,U+51E0,char,GOLD,s1_inter_s2_direct,,0.15,133.0,123.0,f4cdcce357d4,ok,train,yen2|page_0298|c2,"[1259, 474, 1375, 590]",,False,False,False,False,False,False,True,False,False,True,0.924812030075188,False,False,False,0.0999999999999999,gold_direct,gold-direct(no-s3),75.1512027491409,3379476b470f0405,838
38427,gold/yen4_page_0158_c07_139.png,yen4,page_0158,7,束,thuốc,束,U+675F,char,GOLD,s1_inter_s2_direct,,0.139,85.0,106.0,ef7f7692d0df,ok,test,yen4|page_0158|c7,"[371, 1034, 447, 1120]",,False,False,False,False,False,False,True,False,False,True,1.2470588235294118,False,False,False,0.0999999999999999,gold_direct,gold-direct(no-s3),75.1512027491409,c9f163817dea61b1,839
59670,gold/yen11_page_0292_c02_024.png,yen11,page_0292,2,女,nữa,女,U+5973,char,GOLD,s1_inter_s2_direct,,0.163,100.0,149.0,cc83eeafcbdd,ok,train,yen11|page_0292|c2,"[1354, 832, 1456, 953]",,False,False,False,False,False,False,True,False,False,True,1.49,False,False,False,0.0999999999999999,gold_direct,gold-direct(no-s3),75.1512027491409,a84506117dedb414,840
133,syllable/yen4_page_0194_c04_082.png,yen4,page_0194,4,僊,Đức,,,syllable,SYLLABLE,nghia_consensus,0.022,0.15,52.0,94.0,e99fcd9f6dbd,tall,train,yen4|page_0194|c4,"[783, 1207, 852, 1283]",0.022,True,False,True,True,False,False,False,True,True,False,1.8076923076923077,True,False,True,0.968,dup_defect,"cross-col(F1),s3=0.02<τ,aspect=1.81",24.956989247311828,1dbdca69ff9e4869,841
30895,gold/yen2_page_0322_c01_015.png,yen2,page_0322,1,主,chúa,主,U+4E3B,char,GOLD,s1_inter_s2_direct,,0.17,101.0,163.0,61057cfce939,ok,train,yen2|page_0322|c1,"[1447, 2068, 1561, 2201]",,False,False,False,False,False,False,True,False,False,True,1.613861386138614,False,False,False,0.0999999999999999,gold_direct,gold-direct(no-s3),75.1512027491409,13d780a247218bf7,842
3969,gold/yen4_page_0152_c08_161.png,yen4,page_0152,8,布,phải,伂,U+4F02,char,GOLD,s1_inter_s2_similar,0.314,0.132,68.0,107.0,fe0845df32d7,ok,test,yen4|page_0152|c8,"[259, 889, 335, 979]",0.314,True,False,False,False,True,False,False,True,True,False,1.5735294117647058,False,False,False,0.7,similar_bridge_lowcos,"similar-bridge,s3=0.31<τ",24.933333333333334,3229cecef18ac145,843
8045,syllable/yen11_page_0150_c02_040.png,yen11,page_0150,2,洋,còn,,,syllable,SYLLABLE,nghia_consensus,0.207,0.183,110.0,147.0,09286baf3d86,ok,train,yen11|page_0150|c2,"[1259, 1942, 1371, 2061]",0.207,True,False,False,False,False,False,False,True,True,False,1.3363636363636364,False,False,False,0.6,s3_low,s3=0.21<τ,37.47752808988764,6690ee7c85b9e214,844
7281,syllable/yen4_page_0304_c04_066.png,yen4,page_0304,4,祠,vua,,,syllable,SYLLABLE,nghia_consensus,0.354,0.198,73.0,68.0,ab7b82882b25,ok,test,yen4|page_0304|c4,"[701, 240, 774, 313]",0.354,True,False,False,False,False,False,False,True,True,False,0.9315068493150684,False,False,False,0.6,s3_low,s3=0.35<τ,37.47752808988764,96fd1380bdf9680a,845
20211,gold/yen2_page_0086_c09_184.png,yen2,page_0086,9,恪,khác,恪,U+606A,char,GOLD,s1_inter_s2_direct,,0.187,118.0,135.0,f51656bae932,ok,train,yen2|page_0086|c9,"[247, 844, 347, 953]",,False,False,False,False,False,False,True,False,False,True,1.1440677966101696,False,False,False,0.0999999999999999,gold_direct,gold-direct(no-s3),75.1512027491409,3f47f083729911fb,846
55961,gold/yen11_page_0216_c04_083.png,yen11,page_0216,4,罗,là,罗,U+7F57,char,GOLD,s1_inter_s2_direct,,0.204,105.0,137.0,3bb1b94ad2e4,ok,train,yen11|page_0216|c4,"[1049, 2089, 1152, 2200]",,False,False,False,False,False,False,True,False,False,True,1.3047619047619048,False,False,False,0.0999999999999999,gold_direct,gold-direct(no-s3),75.1512027491409,20c92bced76afac8,847
5353,syllable/yen2_page_0162_c09_145.png,yen2,page_0162,9,而,làm,,,syllable,SYLLABLE,nghia_consensus,0.252,0.203,103.0,170.0,60d6e5a60f9b,ok,train,yen2|page_0162|c9,"[214, 2052, 331, 2190]",0.252,True,False,False,False,False,False,False,True,True,False,1.6504854368932038,False,False,False,0.6,s3_low,s3=0.25<τ,37.47752808988764,b24b9ded2a7c05bd,848
1556,gold/yen4_page_0212_c05_110.png,yen4,page_0212,5,共,cùng,共,U+5171,char,GOLD,s1_inter_s2_direct,,0.196,60.0,87.0,029dce9ace04,ok,train,yen4|page_0212|c5,"[593, 1403, 663, 1480]",,False,False,True,True,False,False,True,False,False,True,1.45,False,False,False,0.9,dup_defect,cross-col(F1),24.956989247311828,4a31581bb6bc26c1,849
43006,gold/yen4_page_0254_c03_052.png,yen4,page_0254,3,主,Chúa,主,U+4E3B,char,GOLD,s1_inter_s2_direct,,0.191,76.0,98.0,ba811fb1cbac,ok,train,yen4|page_0254|c3,"[771, 1501, 844, 1581]",,False,False,False,False,False,False,True,False,False,True,1.2894736842105263,False,False,False,0.0999999999999999,gold_direct,gold-direct(no-s3),75.1512027491409,91091d74d972a4a7,850
13423,gold/yen11_page_0058_c07_144.png,yen11,page_0058,7,凡,hòn,几,U+51E0,char,GOLD,s1_inter_s2_similar,0.91,0.186,88.0,138.0,e9a3dd05e890,ok,val,yen11|page_0058|c7,"[566, 1771, 673, 1883]",0.91,True,False,False,False,True,False,False,False,False,False,1.568181818181818,False,False,False,0.3,similar_bridge,similar-bridge,37.63291139240506,cc903e9f2d70a8df,851
2102,gold/yen11_page_0136_c07_156.png,yen11,page_0136,7,扒,bắt,扒,U+6252,char,GOLD,s1_inter_s2_direct,,0.152,128.0,135.0,98d269bfb9b7,ok,train,yen11|page_0136|c7,"[579, 2241, 685, 2351]",,False,False,True,True,False,False,True,False,False,True,1.0546875,False,False,False,0.9,dup_defect,cross-col(F1),24.956989247311828,e07890e2730c7c58,852
14855,gold/yen11_page_0130_c05_095.png,yen11,page_0130,5,曰,viết,曰,U+66F0,char,GOLD,s1_inter_s2_direct,,0.204,65.0,124.0,a4453f4b6f39,tall,train,yen11|page_0130|c5,"[862, 1545, 967, 1645]",,False,False,False,False,False,False,True,False,False,True,1.907692307692308,True,False,True,0.2799999999999999,quality_flag,aspect=1.91,50.674418604651166,5cde7060b258ffe2,853
54478,gold/yen11_page_0186_c09_171.png,yen11,page_0186,9,蜍,thờ,蜍,U+870D,char,GOLD,s1_inter_s2_direct,,0.194,96.0,152.0,2b305af8d6cc,ok,train,yen11|page_0186|c9,"[262, 1025, 364, 1149]",,False,False,False,False,False,False,True,False,False,True,1.5833333333333333,False,False,False,0.0999999999999999,gold_direct,gold-direct(no-s3),75.1512027491409,05f9daf1a3482a4a,854
31252,gold/yen2_page_0328_c08_134.png,yen2,page_0328,8,連,liền,連,U+9023,char,GOLD,s1_inter_s2_direct,,0.229,139.0,157.0,604be7d5f679,ok,test,yen2|page_0328|c8,"[433, 551, 555, 678]",,False,False,False,False,False,False,True,False,False,True,1.129496402877698,False,False,False,0.0999999999999999,gold_direct,gold-direct(no-s3),75.1512027491409,e3f8dbf472a9bb49,855
388,gold/yen2_page_0054_c03_042.png,yen2,page_0054,3,馮,ô,溩,U+6EA9,char,GOLD,s1_inter_s2_similar,0.939,0.244,132.0,120.0,77eb272ba094,ok,train,yen2|page_0054|c3,"[1119, 469, 1227, 576]",0.939,True,True,False,True,True,False,False,False,False,False,0.9090909090909092,False,False,False,0.93,dup_defect,"dup-bbox(AE-1),similar-bridge",24.956989247311828,4c1a3d395f9c93d2,856
1662,gold/yen4_page_0274_c04_073.png,yen4,page_0274,4,曰,viết,曰,U+66F0,char,GOLD,s1_inter_s2_direct,,0.139,73.0,83.0,a3d7640891e9,ok,train,yen4|page_0274|c4,"[677, 688, 745, 764]",,False,False,True,True,False,False,True,False,False,True,1.1369863013698631,False,False,False,0.9,dup_defect,cross-col(F1),24.956989247311828,bacb04e260c5adec,857
6941,syllable/yen4_page_0224_c04_082.png,yen4,page_0224,4,𦤳,Thánh,,,syllable,SYLLABLE,nghia_consensus,0.148,0.198,66.0,88.0,b0ecf8e68333,ok,train,yen4|page_0224|c4,"[687, 1525, 755, 1597]",0.148,True,False,False,False,False,False,False,True,True,False,1.3333333333333333,False,False,False,0.6,s3_low,s3=0.15<τ,37.47752808988764,ee774641b25a5393,858
43623,gold/yen4_page_0266_c04_070.png,yen4,page_0266,4,些,ta,些,U+4E9B,char,GOLD,s1_inter_s2_direct,,0.177,64.0,104.0,8e51aa7c7006,ok,train,yen4|page_0266|c4,"[680, 812, 752, 896]",,False,False,False,False,False,False,True,False,False,True,1.625,False,False,False,0.0999999999999999,gold_direct,gold-direct(no-s3),75.1512027491409,dad5175edc4a1b55,859
5801,syllable/yen2_page_0260_c08_137.png,yen2,page_0260,8,噀,ra,,,syllable,SYLLABLE,nghia_consensus,0.245,0.194,123.0,141.0,295c5a092050,ok,val,yen2|page_0260|c8,"[394, 923, 506, 1038]",0.245,True,False,False,False,False,False,False,True,True,False,1.146341463414634,False,False,False,0.6,s3_low,s3=0.24<τ,37.47752808988764,758a1cc1f81f95d0,860
48560,gold/yen11_page_0066_c08_153.png,yen11,page_0066,8,柴,thầy,柴,U+67F4,char,GOLD,s1_inter_s2_direct,,0.165,109.0,135.0,8ae78d0a76c4,ok,train,yen11|page_0066|c8,"[408, 712, 511, 821]",,False,False,False,False,False,False,True,False,False,True,1.238532110091743,False,False,False,0.0999999999999999,gold_direct,gold-direct(no-s3),75.1512027491409,6077762e926fdd29,861
11079,silver/yen11_page_0142_c03_057.png,yen11,page_0142,3,對,cả,哿,U+54FF,char,SILVER,s2_inter_s3_corrected,0.508,0.149,116.0,141.0,5a7fe94411d7,ok,train,yen11|page_0142|c3,"[1149, 1662, 1257, 1777]",0.508,True,False,False,False,False,False,False,True,False,False,1.2155172413793105,False,False,False,0.35,s3_low,s3=0.51<τ,37.47752808988764,d37ea62305d6b2a4,862
7701,syllable/yen11_page_0090_c04_069.png,yen11,page_0090,4,嘿,ra,,,syllable,SYLLABLE,nghia_consensus,0.266,0.24,92.0,101.0,9bf29148b8e4,ok,val,yen11|page_0090|c4,"[1010, 441, 1116, 542]",0.266,True,False,False,False,False,False,False,True,True,False,1.0978260869565215,False,False,False,0.6,s3_low,s3=0.27<τ,37.47752808988764,9375da628b1536ef,863
11582,gold/yen2_page_0066_c03_056.png,yen2,page_0066,3,蚕,tao,蚤,U+86A4,char,GOLD,s1_inter_s2_similar,0.981,0.165,133.0,142.0,593635ffc004,ok,train,yen2|page_0066|c3,"[1148, 1703, 1259, 1819]",0.981,True,False,False,False,True,False,False,False,False,False,1.0676691729323309,False,False,False,0.3,similar_bridge,similar-bridge,37.63291139240506,afcf47076fe9cf37,864
45449,gold/yen4_page_0300_c08_153.png,yen4,page_0300,8,髙,cao,髙,U+9AD9,char,GOLD,s1_inter_s2_direct,,0.14,75.0,100.0,691a8ed8ecc4,ok,train,yen4|page_0300|c8,"[267, 388, 337, 470]",,False,False,False,False,False,False,True,False,False,True,1.3333333333333333,False,False,False,0.0999999999999999,gold_direct,gold-direct(no-s3),75.1512027491409,fb1039aafc5b5617,865
57606,gold/yen11_page_0250_c05_098.png,yen11,page_0250,5,罪,tội,罪,U+7F6A,char,GOLD,s1_inter_s2_direct,,0.179,95.0,131.0,cc976e95468b,ok,train,yen11|page_0250|c5,"[876, 932, 973, 1039]",,False,False,False,False,False,False,True,False,False,True,1.3789473684210527,False,False,False,0.0999999999999999,gold_direct,gold-direct(no-s3),75.1512027491409,8f0bdd4c04ac6ef5,866
30251,gold/yen2_page_0308_c03_028.png,yen2,page_0308,3,㝵,người,㝵,U+3775,char,GOLD,s1_inter_s2_direct,,0.197,129.0,151.0,3780f0263ef2,ok,val,yen2|page_0308|c3,"[1008, 2012, 1123, 2135]",,False,False,False,False,False,False,True,False,False,True,1.1705426356589148,False,False,False,0.0999999999999999,gold_direct,gold-direct(no-s3),75.1512027491409,7553a835aff8643c,867
6233,syllable/yen4_page_0040_c09_186.png,yen4,page_0040,9,𭃡,xưa,,,syllable,SYLLABLE,nghia_consensus,0.427,0.119,79.0,96.0,0a9ade73e539,ok,train,yen4|page_0040|c9,"[152, 1168, 227, 1246]",0.427,True,False,False,False,False,False,False,True,True,False,1.2151898734177216,False,False,False,0.6,s3_low,s3=0.43<τ,37.47752808988764,43113bf6c73fdced,868
46761,gold/yen11_page_0028_c09_189.png,yen11,page_0028,9,些,ta,些,U+4E9B,char,GOLD,s1_inter_s2_direct,,0.225,93.0,137.0,29a1156da76f,ok,val,yen11|page_0028|c9,"[271, 1385, 371, 1496]",,False,False,False,False,False,False,True,False,False,True,1.4731182795698925,False,False,False,0.0999999999999999,gold_direct,gold-direct(no-s3),75.1512027491409,e49727f78f24f34f,869
36729,gold/yen4_page_0124_c01_007.png,yen4,page_0124,1,朱,cho,朱,U+6731,char,GOLD,s1_inter_s2_direct,,0.156,76.0,94.0,eee834322aef,ok,train,yen4|page_0124|c1,"[948, 641, 1021, 717]",,False,False,False,False,False,False,True,False,False,True,1.236842105263158,False,False,False,0.0999999999999999,gold_direct,gold-direct(no-s3),75.1512027491409,56ca4403305251ea,870
16595,gold/yen2_page_0014_c09_202.png,yen2,page_0014,9,几,kẻ,几,U+51E0,char,GOLD,s1_inter_s2_direct,,0.151,114.0,139.0,67d6161f9498,ok,val,yen2|page_0014|c9,"[222, 2315, 320, 2428]",,False,False,False,False,False,False,True,False,False,True,1.219298245614035,False,False,False,0.0999999999999999,gold_direct,gold-direct(no-s3),75.1512027491409,8876ce6f05e3d8a3,871
63093,silver/yen4_page_0026_c04_064.png,yen4,page_0026,4,丈,Chi,支,U+652F,char,SILVER,s2_inter_s3_corrected,0.836,0.13,69.0,94.0,fa57327788a7,ok,val,yen4|page_0026|c4,"[665, 505, 736, 581]",0.836,True,False,False,False,False,False,False,False,False,False,1.3623188405797102,False,False,False,0.0,other,clean,75.11320754716981,95816ad77d40f178,872
13604,gold/yen11_page_0116_c06_115.png,yen11,page_0116,6,早,người,㝵,U+3775,char,GOLD,s1_inter_s2_similar,0.939,0.114,110.0,148.0,85e1ee1c2168,ok,train,yen11|page_0116|c6,"[754, 1185, 859, 1305]",0.939,True,False,False,False,True,False,False,False,False,False,1.3454545454545457,False,False,False,0.3,similar_bridge,similar-bridge,37.63291139240506,c99cde171440b347,873
46507,gold/yen11_page_0024_c08_168.png,yen11,page_0024,8,天,thiên,天,U+5929,char,GOLD,s1_inter_s2_direct,,0.163,95.0,130.0,9729fe302433,ok,train,yen11|page_0024|c8,"[410, 1370, 509, 1476]",,False,False,False,False,False,False,True,False,False,True,1.368421052631579,False,False,False,0.0999999999999999,gold_direct,gold-direct(no-s3),75.1512027491409,1bc6a50fc0eccc3b,874
11702,gold/yen2_page_0094_c09_181.png,yen2,page_0094,9,術,về,𧗱,U+275F1,char,GOLD,s1_inter_s2_similar,0.945,0.219,125.0,147.0,a2778b6b3525,ok,train,yen2|page_0094|c9,"[215, 559, 323, 678]",0.945,True,False,False,False,True,False,False,False,False,False,1.176,False,False,False,0.3,similar_bridge,similar-bridge,37.63291139240506,e2277ad52df3e2a9,875
58800,gold/yen11_page_0274_c03_047.png,yen11,page_0274,3,朱,cho,朱,U+6731,char,GOLD,s1_inter_s2_direct,,0.201,91.0,145.0,bc9850cb4e5d,ok,val,yen11|page_0274|c3,"[1170, 605, 1272, 722]",,False,False,False,False,False,False,True,False,False,True,1.5934065934065933,False,False,False,0.0999999999999999,gold_direct,gold-direct(no-s3),75.1512027491409,2a8a3b64474a45bd,876
8681,syllable/yen11_page_0264_c03_053.png,yen11,page_0264,3,常,và,,,syllable,SYLLABLE,nghia_consensus,0.337,0.202,98.0,138.0,bc396501290e,ok,train,yen11|page_0264|c3,"[1192, 1473, 1294, 1585]",0.337,True,False,False,False,False,False,False,True,True,False,1.4081632653061225,False,False,False,0.6,s3_low,s3=0.34<τ,37.47752808988764,297c3476e6bea191,877
505,gold/yen4_page_0150_c08_172.png,yen4,page_0150,8,於,ở,於,U+65BC,char,GOLD,s1_inter_s2_direct,,0.097,87.0,97.0,ea061c709e74,ok,train,yen4|page_0150|c8,"[267, 1212, 338, 1291]",,False,False,True,True,False,False,True,False,False,True,1.1149425287356325,False,True,True,0.915,dup_defect,"cross-col(F1),ink-outlier",24.956989247311828,96c355727c442173,878
32554,gold/yen4_page_0036_c06_115.png,yen4,page_0036,6,礼,lạy,礼,U+793C,char,GOLD,s1_inter_s2_direct,,0.13,94.0,96.0,b04d1bfc6ed8,ok,train,yen4|page_0036|c6,"[483, 912, 559, 990]",,False,False,False,False,False,False,True,False,False,True,1.0212765957446808,False,False,False,0.0999999999999999,gold_direct,gold-direct(no-s3),75.1512027491409,ba9a108ab6fc963e,879
6817,syllable/yen4_page_0196_c03_034.png,yen4,page_0196,3,皇,Thánh,,,syllable,SYLLABLE,nghia_consensus,0.154,0.172,59.0,99.0,a0d3dacee635,ok,train,yen4|page_0196|c3,"[797, 315, 870, 396]",0.154,True,False,False,False,False,False,False,True,True,False,1.6779661016949152,False,False,False,0.6,s3_low,s3=0.15<τ,37.47752808988764,f45bd11e2a16eb54,880
35946,gold/yen4_page_0102_c04_079.png,yen4,page_0102,4,自,Từ,自,U+81EA,char,GOLD,s1_inter_s2_direct,,0.206,68.0,79.0,7e66e32ee7ff,ok,train,yen4|page_0102|c4,"[661, 1572, 727, 1643]",,False,False,False,False,False,False,True,False,False,True,1.161764705882353,False,False,False,0.0999999999999999,gold_direct,gold-direct(no-s3),75.1512027491409,3ff11d35a9e7d2f1,881
36397,gold/yen4_page_0114_c09_196.png,yen4,page_0114,9,中,khăn,中,U+4E2D,char,GOLD,s1_inter_s2_direct,,0.154,61.0,94.0,f1dcccd6168d,ok,train,yen4|page_0114|c9,"[173, 1352, 247, 1428]",,False,False,False,False,False,False,True,False,False,True,1.540983606557377,False,False,False,0.0999999999999999,gold_direct,gold-direct(no-s3),75.1512027491409,77c4909137801d0d,882
6643,syllable/yen4_page_0148_c08_158.png,yen4,page_0148,8,皇,Thánh,,,syllable,SYLLABLE,nghia_consensus,0.202,0.114,76.0,104.0,f618eb72fc48,ok,train,yen4|page_0148|c8,"[266, 1498, 338, 1582]",0.202,True,False,False,False,False,False,False,True,True,False,1.368421052631579,False,False,False,0.6,s3_low,s3=0.20<τ,37.47752808988764,fc387cf5f3a3aaf0,883
24778,gold/yen2_page_0182_c04_058.png,yen2,page_0182,4,語,ngửa,語,U+8A9E,char,GOLD,s1_inter_s2_direct,,0.218,136.0,160.0,2dd9aadd338a,ok,train,yen2|page_0182|c4,"[982, 684, 1092, 814]",,False,False,False,False,False,False,True,False,False,True,1.1764705882352942,False,False,False,0.0999999999999999,gold_direct,gold-direct(no-s3),75.1512027491409,3c97ef4f790602f4,884
12040,gold/yen2_page_0204_c05_074.png,yen2,page_0204,5,不,Vậy,丕,U+4E15,char,GOLD,s1_inter_s2_similar,0.954,0.222,125.0,140.0,f49fa6d94009,ok,train,yen2|page_0204|c5,"[835, 507, 936, 625]",0.954,True,False,False,False,True,False,False,False,False,False,1.12,False,False,False,0.3,similar_bridge,similar-bridge,37.63291139240506,38a09c75494ba9ba,885
26638,gold/yen2_page_0228_c02_013.png,yen2,page_0228,2,各,các,各,U+5404,char,GOLD,s1_inter_s2_direct,,0.166,137.0,158.0,fcbcc7233495,ok,train,yen2|page_0228|c2,"[1273, 598, 1385, 726]",,False,False,False,False,False,False,True,False,False,True,1.1532846715328466,False,False,False,0.0999999999999999,gold_direct,gold-direct(no-s3),75.1512027491409,c6e54aa45cea64f6,886
6535,syllable/yen4_page_0126_c01_001.png,yen4,page_0126,1,鲁,rô,,,syllable,SYLLABLE,nghia_consensus,0.475,0.164,61.0,95.0,e8a26a890827,ok,train,yen4|page_0126|c1,"[957, 334, 1031, 415]",0.475,True,False,False,False,False,False,False,True,True,False,1.5573770491803278,False,False,False,0.6,s3_low,s3=0.47<τ,37.47752808988764,61cfa8ef13379235,887
36076,gold/yen4_page_0104_c06_106.png,yen4,page_0104,6,主,Chúa,主,U+4E3B,char,GOLD,s1_inter_s2_direct,,0.134,59.0,99.0,f8fd9935c9ad,ok,train,yen4|page_0104|c6,"[473, 313, 543, 394]",,False,False,False,False,False,False,True,False,False,True,1.6779661016949152,False,False,False,0.0999999999999999,gold_direct,gold-direct(no-s3),75.1512027491409,d4b369260776993e,888
42215,gold/yen4_page_0238_c04_062.png,yen4,page_0238,4,女,nữa,女,U+5973,char,GOLD,s1_inter_s2_direct,,0.132,75.0,72.0,2a35396ea826,ok,train,yen4|page_0238|c4,"[665, 251, 735, 324]",,False,False,False,False,False,False,True,False,False,True,0.96,False,False,False,0.0999999999999999,gold_direct,gold-direct(no-s3),75.1512027491409,55a9715e4d6c94be,889
27121,gold/yen2_page_0238_c02_034.png,yen2,page_0238,2,庄,chẳng,庄,U+5E84,char,GOLD,s1_inter_s2_direct,,0.147,116.0,158.0,78f96242bf4e,ok,train,yen2|page_0238|c2,"[1298, 1916, 1403, 2044]",,False,False,False,False,False,False,True,False,False,True,1.362068965517241,False,False,False,0.0999999999999999,gold_direct,gold-direct(no-s3),75.1512027491409,bd3d23abde4712b1,890
13452,gold/yen11_page_0064_c04_064.png,yen11,page_0064,4,燒,nhiều,嬈,U+5B08,char,GOLD,s1_inter_s2_similar,0.707,0.201,97.0,141.0,46579902a5e7,ok,val,yen11|page_0064|c4,"[1072, 519, 1177, 634]",0.707,True,False,False,False,True,False,False,False,False,False,1.4536082474226804,False,False,False,0.3,similar_bridge,similar-bridge,37.63291139240506,041878c6e032ce1c,891
14208,gold/yen11_page_0288_c06_117.png,yen11,page_0288,6,腹,răng,𦝄,U+26744,char,GOLD,s1_inter_s2_similar,0.789,0.197,113.0,146.0,5772c196f184,ok,train,yen11|page_0288|c6,"[746, 1286, 853, 1404]",0.789,True,False,False,False,True,False,False,False,False,False,1.2920353982300885,False,False,False,0.3,similar_bridge,similar-bridge,37.63291139240506,163645e0967bca1a,892
9606,silver/yen2_page_0074_c03_054.png,yen2,page_0074,3,乇,đã,拖,U+62D6,char,SILVER,s2_inter_s3_corrected,0.566,0.171,121.0,149.0,674f9d645c95,ok,train,yen2|page_0074|c3,"[1130, 1740, 1239, 1861]",0.566,True,False,False,False,False,False,False,True,False,False,1.2314049586776858,False,False,False,0.35,s3_low,s3=0.57<τ,37.47752808988764,f03fffd4f9e65191,893
13755,gold/yen11_page_0156_c04_081.png,yen11,page_0156,4,数,kính,敬,U+656C,char,GOLD,s1_inter_s2_similar,0.943,0.185,121.0,137.0,3b915bcd55a4,ok,train,yen11|page_0156|c4,"[1039, 1551, 1154, 1662]",0.943,True,False,False,False,True,False,False,False,False,False,1.1322314049586777,False,False,False,0.3,similar_bridge,similar-bridge,37.63291139240506,61e2d818469cb88a,894
5597,syllable/yen2_page_0208_c03_056.png,yen2,page_0208,3,芒,là,,,syllable,SYLLABLE,nghia_consensus,0.065,0.223,138.0,135.0,2e4a13636e64,ok,val,yen2|page_0208|c3,"[1139, 2414, 1251, 2526]",0.065,True,False,False,False,False,False,False,True,True,False,0.9782608695652174,False,False,False,0.6,s3_low,s3=0.07<τ,37.47752808988764,cc42ee5414a82931,895
31174,gold/yen2_page_0326_c08_143.png,yen2,page_0326,8,好,háo,好,U+597D,char,GOLD,s1_inter_s2_direct,,0.194,133.0,163.0,d2337e8969c0,ok,train,yen2|page_0326|c8,"[351, 1109, 466, 1242]",,False,False,False,False,False,False,True,False,False,True,1.2255639097744362,False,False,False,0.0999999999999999,gold_direct,gold-direct(no-s3),75.1512027491409,fa69f70ed1c5c9eb,896
11243,silver/yen11_page_0232_c04_064.png,yen11,page_0232,4,篋,nước,渃,U+6E03,char,SILVER,s2_inter_s3_corrected,0.53,0.158,123.0,148.0,f8cb7baf5183,ok,train,yen11|page_0232|c4,"[1021, 523, 1131, 643]",0.53,True,False,False,False,False,False,False,True,False,False,1.2032520325203253,False,False,False,0.35,s3_low,s3=0.53<τ,37.47752808988764,d89be1fe626e4741,897
46401,gold/yen11_page_0022_c08_169.png,yen11,page_0022,8,尼,nơi,尼,U+5C3C,char,GOLD,s1_inter_s2_direct,,0.214,85.0,130.0,151410f14230,ok,train,yen11|page_0022|c8,"[378, 1313, 476, 1419]",,False,False,False,False,False,False,True,False,False,True,1.5294117647058822,False,False,False,0.0999999999999999,gold_direct,gold-direct(no-s3),75.1512027491409,b414680eed46b2b7,898
27344,gold/yen2_page_0242_c07_121.png,yen2,page_0242,7,楼,lâu,楼,U+697C,char,GOLD,s1_inter_s2_direct,,0.249,105.0,158.0,7a19f3a89d70,ok,train,yen2|page_0242|c7,"[556, 1758, 666, 1886]",,False,False,False,False,False,False,True,False,False,True,1.5047619047619047,False,False,False,0.0999999999999999,gold_direct,gold-direct(no-s3),75.1512027491409,1c6645acdbe1f08b,899
53083,gold/yen11_page_0158_c08_173.png,yen11,page_0158,8,壳,xác,壳,U+58F3,char,GOLD,s1_inter_s2_direct,,0.128,81.0,136.0,0678d00dae91,ok,train,yen11|page_0158|c8,"[411, 1855, 509, 1965]",,False,False,False,False,False,False,True,False,False,True,1.6790123456790125,False,False,False,0.0999999999999999,gold_direct,gold-direct(no-s3),75.1512027491409,ce5303e2c6416e7d,900
64162,silver/yen4_page_0132_c08_123.png,yen4,page_0132,8,在,mà,麻,U+9EBB,char,SILVER,s2_inter_s3_corrected,0.981,0.133,81.0,105.0,998f42ae50d8,ok,val,yen4|page_0132|c8,"[275, 432, 346, 517]",0.981,True,False,False,False,False,False,False,False,False,False,1.2962962962962965,False,False,False,0.0,other,clean,75.11320754716981,24940e53d6b88d32,901
59642,gold/yen11_page_0290_c08_162.png,yen11,page_0290,8,特,được,特,U+7279,char,GOLD,s1_inter_s2_direct,,0.153,92.0,155.0,670f86f690a2,ok,train,yen11|page_0290|c8,"[399, 1749, 498, 1874]",,False,False,False,False,False,False,True,False,False,True,1.684782608695652,False,False,False,0.0999999999999999,gold_direct,gold-direct(no-s3),75.1512027491409,af639608146777e2,902
25713,gold/yen2_page_0204_c03_045.png,yen2,page_0204,3,碎,tôi,碎,U+788E,char,GOLD,s1_inter_s2_direct,,0.254,132.0,161.0,2c19df8400ce,ok,train,yen2|page_0204|c3,"[1131, 1344, 1239, 1475]",,False,False,False,False,False,False,True,False,False,True,1.2196969696969695,False,False,False,0.0999999999999999,gold_direct,gold-direct(no-s3),75.1512027491409,9593f0ef92453cc3,903
55795,gold/yen11_page_0212_c07_141.png,yen11,page_0212,7,如,như,如,U+5982,char,GOLD,s1_inter_s2_direct,,0.141,100.0,141.0,c51baa7bc16e,ok,test,yen11|page_0212|c7,"[555, 1897, 664, 2012]",,False,False,False,False,False,False,True,False,False,True,1.41,False,False,False,0.0999999999999999,gold_direct,gold-direct(no-s3),75.1512027491409,c546de0d12e44fdd,904
48863,gold/yen11_page_0072_c06_111.png,yen11,page_0072,6,奴,nó,奴,U+5974,char,GOLD,s1_inter_s2_direct,,0.216,94.0,135.0,5f4ed33923bb,ok,test,yen11|page_0072|c6,"[702, 774, 806, 883]",,False,False,False,False,False,False,True,False,False,True,1.4361702127659577,False,False,False,0.0999999999999999,gold_direct,gold-direct(no-s3),75.1512027491409,083c5eef8e96dd05,905
6360,syllable/yen4_page_0076_c08_163.png,yen4,page_0076,8,弄,toan,,,syllable,SYLLABLE,nghia_consensus,0.383,0.168,60.0,80.0,3016d221a134,ok,train,yen4|page_0076|c8,"[272, 716, 338, 787]",0.383,True,False,False,False,False,False,False,True,True,False,1.3333333333333333,False,False,False,0.6,s3_low,s3=0.38<τ,37.47752808988764,38c1acd907e71e5c,906
2311,gold/yen11_page_0298_c05_091.png,yen11,page_0298,5,固,có,固,U+56FA,char,GOLD,s1_inter_s2_direct,,0.172,104.0,143.0,7cdb4ab1af9f,ok,train,yen11|page_0298|c5,"[851, 1284, 957, 1407]",,False,True,False,True,False,False,True,False,False,True,1.375,False,False,False,0.9,dup_defect,dup-bbox(AE-1),24.956989247311828,ecce687626bc253c,907
38056,gold/yen4_page_0150_c08_167.png,yen4,page_0150,8,翁,ông,翁,U+7FC1,char,GOLD,s1_inter_s2_direct,,0.191,84.0,94.0,e69bd717f123,ok,train,yen4|page_0150|c8,"[269, 900, 337, 976]",,False,False,False,False,False,False,True,False,False,True,1.119047619047619,False,False,False,0.0999999999999999,gold_direct,gold-direct(no-s3),75.1512027491409,c577eb9a9a7c75e3,908
11510,gold/yen2_page_0046_c06_107.png,yen2,page_0046,6,金,mình,𠇮,U+201EE,char,GOLD,s1_inter_s2_similar,0.981,0.238,136.0,140.0,a5e9900749b9,ok,train,yen2|page_0046|c6,"[684, 566, 794, 680]",0.981,True,False,False,False,True,False,False,False,False,False,1.0294117647058822,False,False,False,0.3,similar_bridge,similar-bridge,37.63291139240506,8d462d577d6ad7cb,909
18955,gold/yen2_page_0062_c02_025.png,yen2,page_0062,2,朱,cho,朱,U+6731,char,GOLD,s1_inter_s2_direct,,0.201,107.0,145.0,7c2a8b6c3bae,ok,train,yen2|page_0062|c2,"[1286, 854, 1392, 971]",,False,False,False,False,False,False,True,False,False,True,1.355140186915888,False,False,False,0.0999999999999999,gold_direct,gold-direct(no-s3),75.1512027491409,a6136ce59cd6b369,910
9649,syllable/yen2_page_0090_c09_182.png,yen2,page_0090,9,罡,là,,,syllable,SYLLABLE,nghia_consensus,0.528,0.285,95.0,131.0,ebf32a7c6e81,ok,train,yen2|page_0090|c9,"[214, 1411, 308, 1518]",0.528,True,False,False,False,False,False,False,True,False,False,1.3789473684210527,False,False,False,0.35,s3_low,s3=0.53<τ,37.47752808988764,28020f50ebcef0d7,911
13072,gold/yen4_page_0240_c07_126.png,yen4,page_0240,7,梓,Rút,椊,U+690A,char,GOLD,s1_inter_s2_similar,0.95,0.127,73.0,89.0,e8ff01bd98c3,ok,train,yen4|page_0240|c7,"[382, 290, 453, 363]",0.95,True,False,False,False,True,False,False,False,False,False,1.2191780821917808,False,False,False,0.3,similar_bridge,similar-bridge,37.63291139240506,4ed3afe1bc6b9e39,912
57364,gold/yen11_page_0246_c02_032.png,yen11,page_0246,2,差,sai,差,U+5DEE,char,GOLD,s1_inter_s2_direct,,0.209,81.0,136.0,5e269990ad38,ok,train,yen11|page_0246|c2,"[1319, 1472, 1421, 1582]",,False,False,False,False,False,False,True,False,False,True,1.6790123456790125,False,False,False,0.0999999999999999,gold_direct,gold-direct(no-s3),75.1512027491409,df3dbd48def446e7,913
8572,syllable/yen11_page_0244_c09_183.png,yen11,page_0244,9,希,vua,,,syllable,SYLLABLE,nghia_consensus,0.027,0.197,86.0,139.0,f8234365f76c,ok,train,yen11|page_0244|c9,"[274, 1635, 371, 1748]",0.027,True,False,False,False,False,False,False,True,True,False,1.6162790697674418,False,False,False,0.6,s3_low,s3=0.03<τ,37.47752808988764,80fdfc4eb96d76d4,914
53739,gold/yen11_page_0174_c02_039.png,yen11,page_0174,2,益,ích,益,U+76CA,char,GOLD,s1_inter_s2_direct,,0.183,92.0,126.0,282eec84bad8,ok,train,yen11|page_0174|c2,"[1317, 2062, 1416, 2169]",,False,False,False,False,False,False,True,False,False,True,1.3695652173913044,False,False,False,0.0999999999999999,gold_direct,gold-direct(no-s3),75.1512027491409,705d72cd60cde602,915
32453,gold/yen4_page_0034_c07_140.png,yen4,page_0034,7,除,giờ,除,U+9664,char,GOLD,s1_inter_s2_direct,,0.179,83.0,94.0,386f1050d120,ok,train,yen4|page_0034|c7,"[359, 876, 431, 953]",,False,False,False,False,False,False,True,False,False,True,1.1325301204819278,False,False,False,0.0999999999999999,gold_direct,gold-direct(no-s3),75.1512027491409,5c365a69cc468a03,916
2428,silver/yen2_page_0040_c01_011.png,yen2,page_0040,1,悻,gở,㪯,U+3AAF,char,SILVER,s3_head_bank_consensus,0.038,0.221,93.0,152.0,384f2baa39cf,ok,train,yen2|page_0040|c1,"[1471, 1863, 1572, 1987]",0.038,True,False,False,False,False,True,False,True,True,False,1.6344086021505375,False,False,False,0.76,silver_headbank,"silver-headbank,s3=0.04<τ",38.05128205128205,3b1b9422a82e18a3,917
42865,gold/yen4_page_0250_c08_148.png,yen4,page_0250,8,嗔,xin,嗔,U+55D4,char,GOLD,s1_inter_s2_direct,,0.185,73.0,89.0,273ef920258c,ok,train,yen4|page_0250|c8,"[283, 408, 348, 481]",,False,False,False,False,False,False,True,False,False,True,1.2191780821917808,False,False,False,0.0999999999999999,gold_direct,gold-direct(no-s3),75.1512027491409,ac69db520a5587dc,918
61648,silver/yen2_page_0166_c09_154.png,yen2,page_0166,9,昇,ti,𤰞,U+24C1E,char,SILVER,s2_inter_s3_corrected,0.775,0.247,110.0,162.0,3fbf4a0bea49,ok,train,yen2|page_0166|c9,"[226, 1106, 336, 1238]",0.775,True,False,False,False,False,False,False,False,False,False,1.4727272727272729,False,False,False,0.0,other,clean,75.11320754716981,d883e2438ff299cc,919
6456,syllable/yen4_page_0098_c07_150.png,yen4,page_0098,7,薊,lời,,,syllable,SYLLABLE,nghia_consensus,0.083,0.194,86.0,95.0,965d57f740f2,ok,train,yen4|page_0098|c7,"[360, 1440, 430, 1517]",0.083,True,False,False,False,False,False,False,True,True,False,1.1046511627906976,False,False,False,0.6,s3_low,s3=0.08<τ,37.47752808988764,94d541a4aefe2466,920
64086,silver/yen4_page_0126_c01_004.png,yen4,page_0126,1,桑,chay,粂,U+7C82,char,SILVER,s2_inter_s3_corrected,0.834,0.15,70.0,98.0,4887e7e08009,ok,train,yen4|page_0126|c1,"[958, 534, 1028, 614]",0.834,True,False,False,False,False,False,False,False,False,False,1.4,False,False,False,0.0,other,clean,75.11320754716981,4d976f22c087a764,921
8428,syllable/yen11_page_0222_c03_055.png,yen11,page_0222,3,从,ấy,,,syllable,SYLLABLE,nghia_consensus,0.09,0.181,89.0,140.0,4b3d97a1ad96,ok,train,yen11|page_0222|c3,"[1168, 1544, 1272, 1658]",0.09,True,False,False,False,False,False,False,True,True,False,1.5730337078651686,False,False,False,0.6,s3_low,s3=0.09<τ,37.47752808988764,2873916e5060a693,922
33183,gold/yen4_page_0048_c06_112.png,yen4,page_0048,6,庄,chẳng,庄,U+5E84,char,GOLD,s1_inter_s2_direct,,0.176,84.0,99.0,664834443041,ok,train,yen4|page_0048|c6,"[491, 889, 562, 970]",,False,False,False,False,False,False,True,False,False,True,1.1785714285714286,False,False,False,0.0999999999999999,gold_direct,gold-direct(no-s3),75.1512027491409,b642ce6878d614a9,923
7571,syllable/yen11_page_0066_c04_078.png,yen11,page_0066,4,人,ấy,,,syllable,SYLLABLE,nghia_consensus,0.171,0.226,98.0,145.0,c87370e1f7e3,ok,test,yen11|page_0066|c4,"[1022, 1725, 1128, 1842]",0.171,True,False,False,False,False,False,False,True,True,False,1.479591836734694,False,False,False,0.6,s3_low,s3=0.17<τ,37.47752808988764,c6ec4dec97d410a9,924
23486,gold/yen2_page_0152_c08_148.png,yen2,page_0152,8,主,Chúa,主,U+4E3B,char,GOLD,s1_inter_s2_direct,,0.206,104.0,148.0,32f30c387c1a,ok,train,yen2|page_0152|c8,"[370, 970, 470, 1090]",,False,False,False,False,False,False,True,False,False,True,1.4230769230769231,False,False,False,0.0999999999999999,gold_direct,gold-direct(no-s3),75.1512027491409,5f90029ce11faadd,925
50737,gold/yen11_page_0114_c03_047.png,yen11,page_0114,3,女,nữa,女,U+5973,char,GOLD,s1_inter_s2_direct,,0.204,126.0,145.0,f6d793971884,ok,test,yen11|page_0114|c3,"[1173, 998, 1279, 1115]",,False,False,False,False,False,False,True,False,False,True,1.1507936507936507,False,False,False,0.0999999999999999,gold_direct,gold-direct(no-s3),75.1512027491409,27a43f134d25e2fe,926
19190,gold/yen2_page_0066_c05_098.png,yen2,page_0066,5,几,kẻ,几,U+51E0,char,GOLD,s1_inter_s2_direct,,0.162,132.0,146.0,04c6bb442207,ok,train,yen2|page_0066|c5,"[841, 1541, 949, 1659]",,False,False,False,False,False,False,True,False,False,True,1.106060606060606,False,False,False,0.0999999999999999,gold_direct,gold-direct(no-s3),75.1512027491409,926df5d4931e428d,927
47300,gold/yen11_page_0044_c01_018.png,yen11,page_0044,1,体,thấy,体,U+4F53,char,GOLD,s1_inter_s2_direct,,0.181,116.0,128.0,4d9d69f99620,ok,train,yen11|page_0044|c1,"[1503, 1895, 1606, 1999]",,False,False,False,False,False,False,True,False,False,True,1.103448275862069,False,False,False,0.0999999999999999,gold_direct,gold-direct(no-s3),75.1512027491409,2cb7229aaaad1512,928
33509,gold/yen4_page_0056_c01_001.png,yen4,page_0056,1,意,ấy,意,U+610F,char,GOLD,s1_inter_s2_direct,,0.19,64.0,94.0,4fef51121c57,ok,train,yen4|page_0056|c1,"[953, 314, 1025, 390]",,False,False,False,False,False,False,True,False,False,True,1.46875,False,False,False,0.0999999999999999,gold_direct,gold-direct(no-s3),75.1512027491409,4ae9d4834bb77564,929
3709,silver/yen11_page_0284_c09_143.png,yen11,page_0284,9,發,rê,黎,U+9ECE,char,SILVER,s3_head_bank_consensus,0.129,0.19,108.0,145.0,4deb0b6357d5,ok,train,yen11|page_0284|c9,"[269, 596, 378, 713]",0.129,True,False,False,False,False,True,False,True,True,False,1.3425925925925926,False,False,False,0.76,silver_headbank,"silver-headbank,s3=0.13<τ",38.05128205128205,01e14ed1281e0dbe,930
42250,gold/yen4_page_0238_c06_124.png,yen4,page_0238,6,朱,cho,朱,U+6731,char,GOLD,s1_inter_s2_direct,,0.14,75.0,90.0,96bb3fc00797,ok,train,yen4|page_0238|c6,"[475, 1400, 545, 1474]",,False,False,False,False,False,False,True,False,False,True,1.2,False,False,False,0.0999999999999999,gold_direct,gold-direct(no-s3),75.1512027491409,ad2309f4dc89f387,931
38942,gold/yen4_page_0168_c03_044.png,yen4,page_0168,3,傷,thương,傷,U+50B7,char,GOLD,s1_inter_s2_direct,,0.193,66.0,83.0,85223de9a7b1,ok,train,yen4|page_0168|c3,"[776, 629, 845, 704]",,False,False,False,False,False,False,True,False,False,True,1.2575757575757576,False,False,False,0.0999999999999999,gold_direct,gold-direct(no-s3),75.1512027491409,c059a5eb3bac8f4c,932
65454,silver/yen4_page_0270_c06_124.png,yen4,page_0270,6,為,để,底,U+5E95,char,SILVER,s2_inter_s3_corrected,0.831,0.16,90.0,97.0,1a81da980692,ok,train,yen4|page_0270|c6,"[478, 1008, 552, 1087]",0.831,True,False,False,False,False,False,False,False,False,False,1.0777777777777775,False,False,False,0.0,other,clean,75.11320754716981,800865025b127e45,933
5569,syllable/yen2_page_0204_c02_033.png,yen2,page_0204,2,知,Đức,,,syllable,SYLLABLE,nghia_consensus,0.02,0.251,105.0,163.0,c8e22540d848,ok,train,yen2|page_0204|c2,"[1282, 2087, 1392, 2220]",0.02,True,False,False,False,False,False,False,True,True,False,1.5523809523809524,False,False,False,0.6,s3_low,s3=0.02<τ,37.47752808988764,900461c70966f892,934
66047,silver/yen11_page_0032_c04_070.png,yen11,page_0032,4,媚,em,㛪,U+36EA,char,SILVER,s2_inter_s3_corrected,0.712,0.237,121.0,146.0,420ecf88a020,ok,train,yen11|page_0032|c4,"[1003, 885, 1114, 1003]",0.712,True,False,False,False,False,False,False,False,False,False,1.206611570247934,False,False,False,0.0,other,clean,75.11320754716981,643d5e66ff4a07dc,935
19183,gold/yen2_page_0066_c05_087.png,yen2,page_0066,5,仃,đừng,仃,U+4EC3,char,GOLD,s1_inter_s2_direct,,0.156,132.0,129.0,7e8fddb1d09b,ok,train,yen2|page_0066|c5,"[849, 498, 957, 605]",,False,False,False,False,False,False,True,False,False,True,0.9772727272727272,False,False,False,0.0999999999999999,gold_direct,gold-direct(no-s3),75.1512027491409,24bf9c197547d0f7,936
12869,gold/yen4_page_0170_c07_138.png,yen4,page_0170,7,矢,Thiên,天,U+5929,char,GOLD,s1_inter_s2_similar,0.814,0.139,82.0,98.0,78456f303532,ok,train,yen4|page_0170|c7,"[403, 946, 476, 1026]",0.814,True,False,False,False,True,False,False,False,False,False,1.195121951219512,False,False,False,0.3,similar_bridge,similar-bridge,37.63291139240506,078753c1920e8e7c,937
59449,gold/yen11_page_0286_c09_180.png,yen11,page_0286,9,理,lẽ,理,U+7406,char,GOLD,s1_inter_s2_direct,,0.172,93.0,126.0,0260c3082204,ok,val,yen11|page_0286|c9,"[265, 1739, 358, 1851]",,False,False,False,False,False,False,True,False,False,True,1.3548387096774193,False,False,False,0.0999999999999999,gold_direct,gold-direct(no-s3),75.1512027491409,9e505e7b43dd6b50,938
37236,gold/yen4_page_0134_c03_038.png,yen4,page_0134,3,伇,việc,伇,U+4F07,char,GOLD,s1_inter_s2_direct,,0.148,81.0,98.0,a73df111aee7,ok,train,yen4|page_0134|c3,"[750, 1296, 824, 1376]",,False,False,False,False,False,False,True,False,False,True,1.2098765432098766,False,False,False,0.0999999999999999,gold_direct,gold-direct(no-s3),75.1512027491409,d7df2c9cd011492a,939
63399,silver/yen4_page_0056_c07_140.png,yen4,page_0056,7,奔,mà,麻,U+9EBB,char,SILVER,s2_inter_s3_corrected,0.973,0.145,81.0,96.0,9adc93364a9f,ok,train,yen4|page_0056|c7,"[352, 1006, 425, 1084]",0.973,True,False,False,False,False,False,False,False,False,False,1.1851851851851851,False,False,False,0.0,other,clean,75.11320754716981,670c8c27afe7fab0,940
6156,syllable/yen4_page_0024_c02_027.png,yen4,page_0024,2,𦤳,Thánh,,,syllable,SYLLABLE,nghia_consensus,0.463,0.164,67.0,100.0,6a6083968a84,ok,train,yen4|page_0024|c2,"[860, 716, 931, 798]",0.463,True,False,False,False,False,False,False,True,True,False,1.492537313432836,False,False,False,0.6,s3_low,s3=0.46<τ,37.47752808988764,ace9bd9b5b839431,941
25259,gold/yen2_page_0192_c08_147.png,yen2,page_0192,8,迈,mươi,迈,U+8FC8,char,GOLD,s1_inter_s2_direct,,0.23,127.0,149.0,1ab4f20656a1,ok,train,yen2|page_0192|c8,"[336, 2305, 439, 2426]",,False,False,False,False,False,False,True,False,False,True,1.1732283464566928,False,False,False,0.0999999999999999,gold_direct,gold-direct(no-s3),75.1512027491409,2ce1cf0ddef4670b,942
37247,gold/yen4_page_0134_c05_066.png,yen4,page_0134,5,扲,cầm,扲,U+6272,char,GOLD,s1_inter_s2_direct,,0.188,88.0,107.0,083c6156b3a2,ok,train,yen4|page_0134|c5,"[542, 343, 619, 430]",,False,False,False,False,False,False,True,False,False,True,1.2159090909090908,False,False,False,0.0999999999999999,gold_direct,gold-direct(no-s3),75.1512027491409,17a8cd827cc6cc9c,943
34560,gold/yen4_page_0076_c04_081.png,yen4,page_0076,4,時,thì,時,U+6642,char,GOLD,s1_inter_s2_direct,,0.134,82.0,88.0,d742b7b27c64,ok,train,yen4|page_0076|c4,"[659, 1325, 729, 1402]",,False,False,False,False,False,False,True,False,False,True,1.0731707317073171,False,False,False,0.0999999999999999,gold_direct,gold-direct(no-s3),75.1512027491409,9e639f9c3eef7b30,944
17555,gold/yen2_page_0034_c04_078.png,yen2,page_0034,4,麻,mà,麻,U+9EBB,char,GOLD,s1_inter_s2_direct,,0.281,120.0,147.0,e3e04a8368ce,ok,train,yen2|page_0034|c4,"[950, 1921, 1055, 2040]",,False,False,False,False,False,False,True,False,False,True,1.225,False,False,False,0.0999999999999999,gold_direct,gold-direct(no-s3),75.1512027491409,1cafdf5c3610429c,945
47673,gold/yen11_page_0050_c08_172.png,yen11,page_0050,8,奴,nó,奴,U+5974,char,GOLD,s1_inter_s2_direct,,0.194,92.0,134.0,21d68f05f1e2,ok,val,yen11|page_0050|c8,"[422, 2234, 519, 2343]",,False,False,False,False,False,False,True,False,False,True,1.4565217391304348,False,False,False,0.0999999999999999,gold_direct,gold-direct(no-s3),75.1512027491409,9102fa8b5e2b8914,946
3731,gold/yen4_page_0022_c01_016.png,yen4,page_0022,1,因,nơi,尼,U+5C3C,char,GOLD,s1_inter_s2_similar,0.128,0.104,78.0,84.0,dc7df139a20d,ok,train,yen4|page_0022|c1,"[953, 1372, 1017, 1441]",0.128,True,False,False,False,True,False,False,True,True,False,1.0769230769230769,False,True,True,0.745,similar_bridge_lowcos,"similar-bridge,s3=0.13<τ,ink-outlier",24.933333333333334,ad59a3dffdbf1d3f,947
46857,gold/yen11_page_0032_c03_063.png,yen11,page_0032,3,求,cầu,求,U+6C42,char,GOLD,s1_inter_s2_direct,,0.166,95.0,139.0,42633b34741b,ok,test,yen11|page_0032|c3,"[1166, 2281, 1269, 2394]",,False,False,False,False,False,False,True,False,False,True,1.4631578947368422,False,False,False,0.0999999999999999,gold_direct,gold-direct(no-s3),75.1512027491409,166fd8a86f6c9b6a,948
63786,silver/yen4_page_0092_c06_124.png,yen4,page_0092,6,末,cho,朱,U+6731,char,SILVER,s2_inter_s3_corrected,0.919,0.157,73.0,94.0,ae73a7fa039d,ok,train,yen4|page_0092|c6,"[478, 1512, 550, 1588]",0.919,True,False,False,False,False,False,False,False,False,False,1.2876712328767124,False,False,False,0.0,other,clean,75.11320754716981,720199533705b50c,949
38218,gold/yen4_page_0154_c04_079.png,yen4,page_0154,4,灵,linh,灵,U+7075,char,GOLD,s1_inter_s2_direct,,0.144,70.0,99.0,f04b1189cfcd,ok,train,yen4|page_0154|c4,"[658, 1444, 730, 1525]",,False,False,False,False,False,False,True,False,False,True,1.4142857142857144,False,False,False,0.0999999999999999,gold_direct,gold-direct(no-s3),75.1512027491409,9aca8986e7b30f95,950
52329,gold/yen11_page_0146_c01_001.png,yen11,page_0146,1,垩,Thánh,垩,U+57A9,char,GOLD,s1_inter_s2_direct,,0.182,108.0,140.0,b86806400136,ok,train,yen11|page_0146|c1,"[1454, 449, 1567, 563]",,False,False,False,False,False,False,True,False,False,True,1.2962962962962965,False,False,False,0.0999999999999999,gold_direct,gold-direct(no-s3),75.1512027491409,6b30c3013eb44e84,951
23779,gold/yen2_page_0158_c09_166.png,yen2,page_0158,9,麻,mà,麻,U+9EBB,char,GOLD,s1_inter_s2_direct,,0.262,99.0,156.0,a7aa29a8b077,ok,train,yen2|page_0158|c9,"[250, 1376, 360, 1502]",,False,False,False,False,False,False,True,False,False,True,1.5757575757575757,False,False,False,0.0999999999999999,gold_direct,gold-direct(no-s3),75.1512027491409,c24e8004554499b5,952
43655,gold/yen4_page_0266_c09_152.png,yen4,page_0266,9,多,đi,多,U+591A,char,GOLD,s1_inter_s2_direct,,0.188,66.0,98.0,b6c12e7574c9,ok,train,yen4|page_0266|c9,"[188, 326, 257, 406]",,False,False,False,False,False,False,True,False,False,True,1.4848484848484849,False,False,False,0.0999999999999999,gold_direct,gold-direct(no-s3),75.1512027491409,934e69286654a057,953
5336,syllable/yen2_page_0158_c07_118.png,yen2,page_0158,7,䏻,đi,,,syllable,SYLLABLE,nghia_consensus,0.317,0.231,138.0,140.0,9d19e1acefe4,ok,train,yen2|page_0158|c7,"[548, 474, 660, 588]",0.317,True,False,False,False,False,False,False,True,True,False,1.0144927536231885,False,False,False,0.6,s3_low,s3=0.32<τ,37.47752808988764,3fe1be5aca4c3582,954
56338,gold/yen11_page_0224_c01_003.png,yen11,page_0224,1,支,Giê,支,U+652F,char,GOLD,s1_inter_s2_direct,,0.148,102.0,132.0,d8edd487a285,ok,train,yen11|page_0224|c1,"[1482, 707, 1579, 815]",,False,False,False,False,False,False,True,False,False,True,1.2941176470588236,False,False,False,0.0999999999999999,gold_direct,gold-direct(no-s3),75.1512027491409,3820055c44db795e,955
55502,gold/yen11_page_0206_c06_106.png,yen11,page_0206,6,𢃄,dưới,𢃄,U+220C4,char,GOLD,s1_inter_s2_direct,,0.181,104.0,133.0,c0539b02cb2d,ok,train,yen11|page_0206|c6,"[720, 407, 833, 516]",,False,False,False,False,False,False,True,False,False,True,1.2788461538461535,False,False,False,0.0999999999999999,gold_direct,gold-direct(no-s3),75.1512027491409,7843afbb5518dad0,956
30174,gold/yen2_page_0306_c04_057.png,yen2,page_0306,4,几,kẻ,几,U+51E0,char,GOLD,s1_inter_s2_direct,,0.202,110.0,115.0,581f7b62147e,ok,train,yen2|page_0306|c4,"[992, 483, 1110, 597]",,False,False,False,False,False,False,True,False,False,True,1.0454545454545454,False,False,False,0.0999999999999999,gold_direct,gold-direct(no-s3),75.1512027491409,7b6a3ab4e220ce82,957
9480,silver/yen2_page_0020_c04_078.png,yen2,page_0020,4,艮,căn,垠,U+57A0,char,SILVER,s2_inter_s3_corrected,0.542,0.174,116.0,149.0,2300eda13585,ok,val,yen2|page_0020|c4,"[961, 2014, 1065, 2135]",0.542,True,False,False,False,False,False,False,True,False,False,1.2844827586206895,False,False,False,0.35,s3_low,s3=0.54<τ,37.47752808988764,8dddf24a89d286ca,958
25301,gold/yen2_page_0194_c03_055.png,yen2,page_0194,3,那,na,那,U+90A3,char,GOLD,s1_inter_s2_direct,,0.275,141.0,139.0,5b3a0aec86d3,ok,val,yen2|page_0194|c3,"[1092, 2403, 1207, 2517]",,False,False,False,False,False,False,True,False,False,True,0.9858156028368794,False,False,False,0.0999999999999999,gold_direct,gold-direct(no-s3),75.1512027491409,3a0ddf876464dde4,959
10481,silver/yen4_page_0154_c04_078.png,yen4,page_0154,4,空,hai,咍,U+548D,char,SILVER,s2_inter_s3_corrected,0.523,0.17,72.0,93.0,dbbd1128db3e,ok,train,yen4|page_0154|c4,"[651, 1373, 723, 1455]",0.523,True,False,False,False,False,False,False,True,False,False,1.2916666666666667,False,False,False,0.35,s3_low,s3=0.52<τ,37.47752808988764,b6f5435b8f4003ec,960
42737,gold/yen4_page_0248_c05_095.png,yen4,page_0248,5,福,phúc,福,U+798F,char,GOLD,s1_inter_s2_direct,,0.167,63.0,87.0,4941034bf4dc,ok,train,yen4|page_0248|c5,"[591, 1115, 656, 1187]",,False,False,False,False,False,False,True,False,False,True,1.380952380952381,False,False,False,0.0999999999999999,gold_direct,gold-direct(no-s3),75.1512027491409,c70cc4212ee0d682,961
7724,syllable/yen11_page_0094_c01_016.png,yen11,page_0094,1,𡬦,ông,,,syllable,SYLLABLE,nghia_consensus,0.083,0.161,109.0,136.0,c132bda97bfc,ok,train,yen11|page_0094|c1,"[1468, 1879, 1573, 1989]",0.083,True,False,False,False,False,False,False,True,True,False,1.2477064220183487,False,False,False,0.6,s3_low,s3=0.08<τ,37.47752808988764,61a7b9a4fdfede88,962
39381,gold/yen4_page_0176_c03_062.png,yen4,page_0176,3,奇,cả,奇,U+5947,char,GOLD,s1_inter_s2_direct,,0.164,78.0,94.0,ee87a9bd5e98,ok,train,yen4|page_0176|c3,"[765, 1261, 836, 1337]",,False,False,False,False,False,False,True,False,False,True,1.205128205128205,False,False,False,0.0999999999999999,gold_direct,gold-direct(no-s3),75.1512027491409,b265116d1e93dcd5,963
8974,gold/yen4_page_0170_c05_093.png,yen4,page_0170,5,妃,rằng,娘,U+5A18,char,GOLD,s1_inter_s2_similar,0.567,0.183,82.0,77.0,889a766a4de1,ok,train,yen4|page_0170|c5,"[603, 901, 670, 970]",0.567,True,False,False,False,True,False,False,True,False,False,0.9390243902439024,False,False,False,0.5,similar_bridge_lowcos,"similar-bridge,s3=0.57<τ",24.933333333333334,ad98ee98381c6d26,964
64186,silver/yen4_page_0136_c03_043.png,yen4,page_0136,3,因,có,固,U+56FA,char,SILVER,s2_inter_s3_corrected,0.957,0.218,48.0,75.0,2778c0dc4593,ok,train,yen4|page_0136|c3,"[778, 258, 848, 334]",0.957,True,False,False,False,False,False,False,False,False,False,1.5625,False,False,False,0.0,other,clean,75.11320754716981,60d50d75d2c75ffd,965
3436,silver/yen11_page_0104_c01_008.png,yen11,page_0104,1,碧,Rô,嚕,U+5695,char,SILVER,s3_head_bank_consensus,0.015,0.201,103.0,155.0,a8c134dc2992,ok,train,yen11|page_0104|c1,"[1508, 1252, 1614, 1377]",0.015,True,False,False,False,False,True,False,True,True,False,1.5048543689320388,False,False,False,0.76,silver_headbank,"silver-headbank,s3=0.01<τ",38.05128205128205,e944c016a38d510b,966
64962,silver/yen4_page_0222_c03_046.png,yen4,page_0222,3,祧,lạy,礼,U+793C,char,SILVER,s2_inter_s3_corrected,0.981,0.115,81.0,110.0,17b578d9173d,ok,train,yen4|page_0222|c3,"[774, 601, 846, 691]",0.981,True,False,False,False,False,False,False,False,False,False,1.3580246913580247,False,False,False,0.0,other,clean,75.11320754716981,999e1bd97cd67c9f,967
20719,gold/yen2_page_0096_c08_155.png,yen2,page_0096,8,干,can,干,U+5E72,char,GOLD,s1_inter_s2_direct,,0.17,94.0,130.0,98ef534dd5dd,ok,test,yen2|page_0096|c8,"[371, 733, 474, 839]",,False,False,False,False,False,False,True,False,False,True,1.3829787234042554,False,False,False,0.0999999999999999,gold_direct,gold-direct(no-s3),75.1512027491409,6b09164c13012926,968
44042,gold/yen4_page_0276_c04_066.png,yen4,page_0276,4,道,đạo,道,U+9053,char,GOLD,s1_inter_s2_direct,,0.164,79.0,100.0,775c6e4fbf94,ok,train,yen4|page_0276|c4,"[666, 1251, 737, 1333]",,False,False,False,False,False,False,True,False,False,True,1.2658227848101269,False,False,False,0.0999999999999999,gold_direct,gold-direct(no-s3),75.1512027491409,4f69cb5d3f46a816,969
1196,gold/yen4_page_0122_c09_107.png,yen4,page_0122,9,巴,ba,巴,U+5DF4,char,GOLD,s1_inter_s2_direct,,0.178,73.0,94.0,b0b5d3145314,ok,test,yen4|page_0122|c9,"[276, 526, 347, 602]",,False,False,True,True,False,False,True,False,False,True,1.2876712328767124,False,False,False,0.9,dup_defect,cross-col(F1),24.956989247311828,574f4ba34b86520c,970
21263,gold/yen2_page_0108_c07_121.png,yen2,page_0108,7,斫,chước,斫,U+65AB,char,GOLD,s1_inter_s2_direct,,0.183,126.0,148.0,8db2918f4c9e,ok,train,yen2|page_0108|c7,"[558, 2193, 660, 2313]",,False,False,False,False,False,False,True,False,False,True,1.1746031746031746,False,False,False,0.0999999999999999,gold_direct,gold-direct(no-s3),75.1512027491409,5b31564da4686192,971
55672,gold/yen11_page_0210_c03_044.png,yen11,page_0210,3,古,của,古,U+53E4,char,GOLD,s1_inter_s2_direct,,0.195,118.0,140.0,fe453f63b3b9,ok,train,yen11|page_0210|c3,"[1289, 585, 1398, 699]",,False,False,False,False,False,False,True,False,False,True,1.1864406779661016,False,False,False,0.0999999999999999,gold_direct,gold-direct(no-s3),75.1512027491409,43987716d1a7646b,972
33496,gold/yen4_page_0054_c08_159.png,yen4,page_0054,8,補,bỏ,補,U+88DC,char,GOLD,s1_inter_s2_direct,,0.198,78.0,105.0,53a2e797eec1,ok,train,yen4|page_0054|c8,"[283, 1014, 358, 1099]",,False,False,False,False,False,False,True,False,False,True,1.3461538461538465,False,False,False,0.0999999999999999,gold_direct,gold-direct(no-s3),75.1512027491409,3a2a0174cd339d11,973
8038,syllable/yen11_page_0148_c07_147.png,yen11,page_0148,7,𭴾,vồ,,,syllable,SYLLABLE,nghia_consensus,0.275,0.193,114.0,132.0,74c6055375c2,ok,train,yen11|page_0148|c7,"[568, 2115, 672, 2226]",0.275,True,False,False,False,False,False,False,True,True,False,1.1578947368421053,False,False,False,0.6,s3_low,s3=0.28<τ,37.47752808988764,58a11109add482eb,974
14593,gold/yen4_page_0182_c09_207.png,yen4,page_0182,9,事,sự,事,U+4E8B,char,GOLD,s1_inter_s2_direct,,0.238,51.0,104.0,f77dc3eea75a,tall,train,yen4|page_0182|c9,"[204, 1476, 279, 1560]",,False,False,False,False,False,False,True,False,False,True,2.0392156862745097,True,False,True,0.2799999999999999,quality_flag,aspect=2.04,50.674418604651166,5439e88f678cc402,975
4427,syllable/yen11_page_0240_c09_189.png,yen11,page_0240,9,行,Đức,,,syllable,SYLLABLE,nghia_consensus,0.076,0.209,70.0,131.0,54172c2fd042,tall,train,yen11|page_0240|c9,"[268, 975, 358, 1082]",0.076,True,False,False,False,False,False,False,True,True,False,1.8714285714285712,True,False,True,0.6799999999999999,s3_low,"s3=0.08<τ,aspect=1.87",37.47752808988764,778fd556b05c4d8c,976
3603,silver/yen11_page_0224_c03_047.png,yen11,page_0224,3,𭁡,trăm,林,U+6797,char,SILVER,s3_head_bank_consensus,0.057,0.237,81.0,131.0,debcfc939c0f,ok,train,yen11|page_0224|c3,"[1173, 632, 1274, 742]",0.057,True,False,False,False,False,True,False,True,True,False,1.617283950617284,False,False,False,0.76,silver_headbank,"silver-headbank,s3=0.06<τ",38.05128205128205,d4f145718cf3f805,977
51428,gold/yen11_page_0128_c01_016.png,yen11,page_0128,1,庒,Chăng,庒,U+5E92,char,GOLD,s1_inter_s2_direct,,0.129,109.0,139.0,d4582bf09a1d,ok,val,yen11|page_0128|c1,"[1471, 1938, 1579, 2051]",,False,False,False,False,False,False,True,False,False,True,1.275229357798165,False,False,False,0.0999999999999999,gold_direct,gold-direct(no-s3),75.1512027491409,60946747b0d99189,978
30122,gold/yen2_page_0304_c08_140.png,yen2,page_0304,8,矣,hãy,矣,U+77E3,char,GOLD,s1_inter_s2_direct,,0.139,126.0,145.0,3ee12ebb1175,ok,train,yen2|page_0304|c8,"[415, 554, 526, 671]",,False,False,False,False,False,False,True,False,False,True,1.1507936507936507,False,False,False,0.0999999999999999,gold_direct,gold-direct(no-s3),75.1512027491409,f7c5fd0140028460,979
25402,gold/yen2_page_0196_c07_099.png,yen2,page_0196,7,㝵,người,㝵,U+3775,char,GOLD,s1_inter_s2_direct,,0.254,129.0,159.0,32e42ecb12d7,ok,train,yen2|page_0196|c7,"[503, 1455, 608, 1584]",,False,False,False,False,False,False,True,False,False,True,1.2325581395348837,False,False,False,0.0999999999999999,gold_direct,gold-direct(no-s3),75.1512027491409,ebc394842aaa9d24,980
1094,gold/yen4_page_0084_c06_129.png,yen4,page_0084,6,特,được,特,U+7279,char,GOLD,s1_inter_s2_direct,,0.183,72.0,93.0,8feec5d461db,ok,train,yen4|page_0084|c6,"[452, 1390, 523, 1465]",,False,False,True,True,False,False,True,False,False,True,1.2916666666666667,False,False,False,0.9,dup_defect,cross-col(F1),24.956989247311828,c6a82291e9c54d3d,981
35638,gold/yen4_page_0096_c06_122.png,yen4,page_0096,6,双,Song,双,U+53CC,char,GOLD,s1_inter_s2_direct,,0.139,68.0,89.0,b1d56a40d51d,ok,train,yen4|page_0096|c6,"[469, 722, 537, 795]",,False,False,False,False,False,False,True,False,False,True,1.3088235294117647,False,False,False,0.0999999999999999,gold_direct,gold-direct(no-s3),75.1512027491409,b454c33fe5db60d0,982
57250,gold/yen11_page_0244_c02_027.png,yen11,page_0244,2,体,thấy,体,U+4F53,char,GOLD,s1_inter_s2_direct,,0.162,108.0,134.0,8c16e62a6a08,ok,train,yen11|page_0244|c2,"[1309, 1241, 1417, 1355]",,False,False,False,False,False,False,True,False,False,True,1.2407407407407407,False,False,False,0.0999999999999999,gold_direct,gold-direct(no-s3),75.1512027491409,8b178134b57e20d9,983
18409,gold/yen2_page_0050_c06_117.png,yen2,page_0050,6,命,mình,命,U+547D,char,GOLD,s1_inter_s2_direct,,0.254,109.0,132.0,2085b257a564,ok,train,yen2|page_0050|c6,"[699, 1075, 807, 1183]",,False,False,False,False,False,False,True,False,False,True,1.211009174311927,False,False,False,0.0999999999999999,gold_direct,gold-direct(no-s3),75.1512027491409,4aa36ebf4131593f,984
5771,syllable/yen2_page_0252_c03_051.png,yen2,page_0252,3,可,làm,,,syllable,SYLLABLE,nghia_consensus,0.107,0.213,93.0,161.0,f8bcc110333e,ok,train,yen2|page_0252|c3,"[1156, 1984, 1262, 2115]",0.107,True,False,False,False,False,False,False,True,True,False,1.7311827956989247,False,False,False,0.6,s3_low,s3=0.11<τ,37.47752808988764,fd5d97db3539cf74,985
6022,syllable/yen2_page_0314_c01_019.png,yen2,page_0314,1,噀,ra,,,syllable,SYLLABLE,nghia_consensus,0.218,0.182,125.0,148.0,c3f0b7849c99,ok,test,yen2|page_0314|c1,"[1429, 2275, 1537, 2395]",0.218,True,False,False,False,False,False,False,True,True,False,1.184,False,False,False,0.6,s3_low,s3=0.22<τ,37.47752808988764,a1878f6eea23d68e,986
20514,gold/yen2_page_0092_c09_202.png,yen2,page_0092,9,断,Đoạn,断,U+65AD,char,GOLD,s1_inter_s2_direct,,0.211,130.0,131.0,5e3a9d74b1ee,ok,train,yen2|page_0092|c9,"[205, 1884, 313, 1991]",,False,False,False,False,False,False,True,False,False,True,1.0076923076923077,False,False,False,0.0999999999999999,gold_direct,gold-direct(no-s3),75.1512027491409,7d422775cafb52a0,987
2926,silver/yen4_page_0094_c02_027.png,yen4,page_0094,2,思,quỷ,鬼,U+9B3C,char,SILVER,s3_head_bank_consensus,0.484,0.195,75.0,87.0,72d9b86a4054,ok,train,yen4|page_0094|c2,"[850, 551, 921, 622]",0.484,True,False,False,False,False,True,False,True,True,False,1.16,False,False,False,0.76,silver_headbank,"silver-headbank,s3=0.48<τ",38.05128205128205,7ec839d647a527dc,988
4615,syllable/yen2_page_0012_c09_141.png,yen2,page_0012,9,海,hỏi,,,syllable,SYLLABLE,nghia_consensus,0.15,0.218,109.0,125.0,99b8f639e0eb,ok,train,yen2|page_0012|c9,"[198, 550, 296, 651]",0.15,True,False,False,False,False,False,False,True,True,False,1.146788990825688,False,False,False,0.6,s3_low,s3=0.15<τ,37.47752808988764,ce44fff1de58c0f5,989
6141,syllable/yen4_page_0022_c01_017.png,yen4,page_0022,1,皮,một,,,syllable,SYLLABLE,nghia_consensus,0.16,0.12,79.0,86.0,765c0fdd6c11,ok,train,yen4|page_0022|c1,"[960, 1422, 1025, 1492]",0.16,True,False,False,False,False,False,False,True,True,False,1.0886075949367089,False,False,False,0.6,s3_low,s3=0.16<τ,37.47752808988764,960f857686141426,990
12714,gold/yen4_page_0114_c01_016.png,yen4,page_0114,1,欿,hát,欯,U+6B2F,char,GOLD,s1_inter_s2_similar,0.942,0.154,78.0,92.0,cbcd1b3882bf,ok,train,yen4|page_0114|c1,"[961, 1236, 1033, 1317]",0.942,True,False,False,False,True,False,False,False,False,False,1.1794871794871795,False,False,False,0.3,similar_bridge,similar-bridge,37.63291139240506,e05deb1ba7295177,991
6917,syllable/yen4_page_0218_c04_078.png,yen4,page_0218,4,祠,vua,,,syllable,SYLLABLE,nghia_consensus,0.059,0.198,89.0,101.0,09a258980745,ok,test,yen4|page_0218|c4,"[673, 1496, 746, 1579]",0.059,True,False,False,False,False,False,False,True,True,False,1.1348314606741574,False,False,False,0.6,s3_low,s3=0.06<τ,37.47752808988764,9ac4c4083673b268,992
22588,gold/yen2_page_0134_c01_005.png,yen2,page_0134,1,奴,nô,奴,U+5974,char,GOLD,s1_inter_s2_direct,,0.213,106.0,145.0,674e580b7ffa,ok,train,yen2|page_0134|c1,"[1446, 965, 1549, 1082]",,False,False,False,False,False,False,True,False,False,True,1.3679245283018868,False,False,False,0.0999999999999999,gold_direct,gold-direct(no-s3),75.1512027491409,7461830cfe052e6f,993
22141,gold/yen2_page_0126_c01_017.png,yen2,page_0126,1,㝵,người,㝵,U+3775,char,GOLD,s1_inter_s2_direct,,0.148,112.0,140.0,2e7d0e6ff4ad,ok,train,yen2|page_0126|c1,"[1441, 2042, 1538, 2156]",,False,False,False,False,False,False,True,False,False,True,1.25,False,False,False,0.0999999999999999,gold_direct,gold-direct(no-s3),75.1512027491409,da1e4540c8e82b11,994
9556,silver/yen2_page_0052_c07_138.png,yen2,page_0052,7,虎,xác,壳,U+58F3,char,SILVER,s2_inter_s3_corrected,0.504,0.212,114.0,141.0,a1ec92fa7191,ok,train,yen2|page_0052|c7,"[527, 1772, 626, 1887]",0.504,True,False,False,False,False,False,False,True,False,False,1.236842105263158,False,False,False,0.35,s3_low,s3=0.50<τ,37.47752808988764,6d8b745de6c04a72,995
23468,gold/yen2_page_0152_c06_109.png,yen2,page_0152,6,过,quá,过,U+8FC7,char,GOLD,s1_inter_s2_direct,,0.194,134.0,159.0,f46a20c7b9a3,ok,train,yen2|page_0152|c6,"[667, 1073, 776, 1202]",,False,False,False,False,False,False,True,False,False,True,1.1865671641791045,False,False,False,0.0999999999999999,gold_direct,gold-direct(no-s3),75.1512027491409,623fa09d0508722e,996
61845,silver/yen2_page_0186_c07_116.png,yen2,page_0186,7,詩,thì,寺,U+5BFA,char,SILVER,s2_inter_s3_corrected,0.926,0.192,142.0,173.0,824b8fac4696,ok,train,yen2|page_0186|c7,"[488, 688, 604, 829]",0.926,True,False,False,False,False,False,False,False,False,False,1.2183098591549295,False,False,False,0.0,other,clean,75.11320754716981,b6dd839d429b222a,997
14807,gold/yen11_page_0110_c01_014.png,yen11,page_0110,1,召,chịu,召,U+53EC,char,GOLD,s1_inter_s2_direct,,0.152,83.0,152.0,ff777af4f8d3,tall,train,yen11|page_0110|c1,"[1453, 1820, 1567, 1944]",,False,False,False,False,False,False,True,False,False,True,1.8313253012048192,True,False,True,0.2799999999999999,quality_flag,aspect=1.83,50.674418604651166,888bdab0745178c6,998
29183,gold/yen2_page_0282_c07_139.png,yen2,page_0282,7,㝵,Người,㝵,U+3775,char,GOLD,s1_inter_s2_direct,,0.234,123.0,166.0,d3cbc3c2d76e,ok,train,yen2|page_0282|c7,"[532, 2199, 645, 2333]",,False,False,False,False,False,False,True,False,False,True,1.3495934959349594,False,False,False,0.0999999999999999,gold_direct,gold-direct(no-s3),75.1512027491409,84e3ed35d591db8b,999
49741,gold/yen11_page_0094_c05_093.png,yen11,page_0094,5,断,Đoạn,断,U+65AD,char,GOLD,s1_inter_s2_direct,,0.241,101.0,125.0,d265c2dc2806,ok,train,yen11|page_0094|c5,"[877, 908, 977, 1009]",,False,False,False,False,False,False,True,False,False,True,1.2376237623762376,False,False,False,0.0999999999999999,gold_direct,gold-direct(no-s3),75.1512027491409,640545c3215b4acf,1000
23446,gold/yen2_page_0152_c04_072.png,yen2,page_0152,4,遣,khiến,遣,U+9063,char,GOLD,s1_inter_s2_direct,,0.225,120.0,154.0,ca320607b87e,ok,train,yen2|page_0152|c4,"[978, 1309, 1084, 1435]",,False,False,False,False,False,False,True,False,False,True,1.2833333333333334,False,False,False,0.0999999999999999,gold_direct,gold-direct(no-s3),75.1512027491409,d8e7b9caca1b28f5,1001
19360,gold/yen2_page_0070_c02_015.png,yen2,page_0070,2,古,của,古,U+53E4,char,GOLD,s1_inter_s2_direct,,0.173,126.0,150.0,45b9fcde8933,ok,train,yen2|page_0070|c2,"[1299, 1507, 1409, 1629]",,False,False,False,False,False,False,True,False,False,True,1.1904761904761905,False,False,False,0.0999999999999999,gold_direct,gold-direct(no-s3),75.1512027491409,6ebacac824ceded4,1002
50312,gold/yen11_page_0106_c01_014.png,yen11,page_0106,1,道,đạo,道,U+9053,char,GOLD,s1_inter_s2_direct,,0.189,86.0,138.0,fcee647b5814,ok,train,yen11|page_0106|c1,"[1475, 1795, 1584, 1907]",,False,False,False,False,False,False,True,False,False,True,1.6046511627906976,False,False,False,0.0999999999999999,gold_direct,gold-direct(no-s3),75.1512027491409,d6f2e814a15e33a6,1003
12922,gold/yen4_page_0188_c03_060.png,yen4,page_0188,3,妥,ăn,安,U+5B89,char,GOLD,s1_inter_s2_similar,0.927,0.177,67.0,95.0,590ba40c95f5,ok,train,yen4|page_0188|c3,"[754, 1314, 823, 1391]",0.927,True,False,False,False,True,False,False,False,False,False,1.417910447761194,False,False,False,0.3,similar_bridge,similar-bridge,37.63291139240506,4895f653eb3d6b0d,1004
12212,gold/yen2_page_0268_c06_100.png,yen2,page_0268,6,術,về,𧗱,U+275F1,char,GOLD,s1_inter_s2_similar,0.957,0.218,99.0,141.0,2b994190f831,ok,val,yen2|page_0268|c6,"[696, 849, 793, 964]",0.957,True,False,False,False,True,False,False,False,False,False,1.4242424242424243,False,False,False,0.3,similar_bridge,similar-bridge,37.63291139240506,2aafe01744d07713,1005
13815,gold/yen11_page_0176_c02_036.png,yen11,page_0176,2,史,chê,支,U+652F,char,GOLD,s1_inter_s2_similar,0.886,0.136,107.0,148.0,7a2dc6bbb679,ok,train,yen11|page_0176|c2,"[1362, 1711, 1469, 1831]",0.886,True,False,False,False,True,False,False,False,False,False,1.383177570093458,False,False,False,0.3,similar_bridge,similar-bridge,37.63291139240506,381e5f1673f61c8b,1006
28230,gold/yen2_page_0262_c07_129.png,yen2,page_0262,7,下,hạ,下,U+4E0B,char,GOLD,s1_inter_s2_direct,,0.217,114.0,151.0,b520946b5988,ok,train,yen2|page_0262|c7,"[535, 1716, 649, 1839]",,False,False,False,False,False,False,True,False,False,True,1.3245614035087718,False,False,False,0.0999999999999999,gold_direct,gold-direct(no-s3),75.1512027491409,ef06b35b8a9ddcb6,1007
57777,gold/yen11_page_0252_c08_173.png,yen11,page_0252,8,別,biết,別,U+5225,char,GOLD,s1_inter_s2_direct,,0.241,78.0,135.0,e905e186622e,ok,train,yen11|page_0252|c8,"[421, 1967, 525, 2084]",,False,False,False,False,False,False,True,False,False,True,1.7307692307692308,False,False,False,0.0999999999999999,gold_direct,gold-direct(no-s3),75.1512027491409,a02f1e15e0d32a8f,1008
67040,silver/yen11_page_0164_c05_099.png,yen11,page_0164,5,及,chịu,召,U+53EC,char,SILVER,s2_inter_s3_corrected,0.973,0.139,120.0,148.0,9bd49e1ecaef,ok,train,yen11|page_0164|c5,"[877, 2099, 986, 2219]",0.973,True,False,False,False,False,False,False,False,False,False,1.2333333333333334,False,False,False,0.0,other,clean,75.11320754716981,0f4cf17fe43b256b,1009
8011,syllable/yen11_page_0144_c02_031.png,yen11,page_0144,2,竈,xuống,,,syllable,SYLLABLE,nghia_consensus,0.169,0.186,92.0,145.0,2ce4f786be92,ok,train,yen11|page_0144|c2,"[1336, 1265, 1435, 1382]",0.169,True,False,False,False,False,False,False,True,True,False,1.576086956521739,False,False,False,0.6,s3_low,s3=0.17<τ,37.47752808988764,c0c717e90a6d0b93,1010
58796,gold/yen11_page_0274_c02_041.png,yen11,page_0274,2,対,dối,対,U+5BFE,char,GOLD,s1_inter_s2_direct,,0.176,92.0,136.0,37fa22ef05f3,ok,test,yen11|page_0274|c2,"[1321, 2119, 1422, 2231]",,False,False,False,False,False,False,True,False,False,True,1.4782608695652173,False,False,False,0.0999999999999999,gold_direct,gold-direct(no-s3),75.1512027491409,2d944d328936ef5c,1011
14476,gold/yen2_page_0302_c01_017.png,yen2,page_0302,1,几,kẻ,几,U+51E0,char,GOLD,s1_inter_s2_direct,,0.18,73.0,156.0,08663b5eddd3,tall,train,yen2|page_0302|c1,"[1427, 2205, 1538, 2331]",,False,False,False,False,False,False,True,False,False,True,2.136986301369863,True,False,True,0.2799999999999999,quality_flag,aspect=2.14,50.674418604651166,80fb50b4cca7bb8e,1012
47007,gold/yen11_page_0034_c08_157.png,yen11,page_0034,8,户,họ,户,U+6237,char,GOLD,s1_inter_s2_direct,,0.175,84.0,141.0,42fdeafc31b1,ok,train,yen11|page_0034|c8,"[396, 803, 499, 918]",,False,False,False,False,False,False,True,False,False,True,1.6785714285714286,False,False,False,0.0999999999999999,gold_direct,gold-direct(no-s3),75.1512027491409,0cb1fdbe18169ae5,1013
280,syllable/yen11_page_0020_c05_102.png,yen11,page_0020,5,仪,ấy,,,syllable,SYLLABLE,nghia_consensus,0.226,0.196,117.0,128.0,2c6347246cd1,ok,train,yen11|page_0020|c5,"[869, 2298, 978, 2402]",0.226,True,True,False,True,False,False,False,True,True,False,1.094017094017094,False,False,False,0.96,dup_defect,"dup-bbox(AE-1),s3=0.23<τ",24.956989247311828,0e32d60fd5b09d71,1014
5874,syllable/yen2_page_0280_c01_013.png,yen2,page_0280,1,州,sáng,,,syllable,SYLLABLE,nghia_consensus,0.04,0.216,96.0,137.0,4df485330952,ok,val,yen2|page_0280|c1,"[1452, 1643, 1564, 1754]",0.04,True,False,False,False,False,False,False,True,True,False,1.4270833333333333,False,False,False,0.6,s3_low,s3=0.04<τ,37.47752808988764,73981e79df7e4cdc,1015
13498,gold/yen11_page_0076_c09_158.png,yen11,page_0076,9,攺,cãi,改,U+6539,char,GOLD,s1_inter_s2_similar,0.917,0.159,107.0,145.0,48a0b46644b6,ok,train,yen11|page_0076|c9,"[312, 916, 414, 1033]",0.917,True,False,False,False,True,False,False,False,False,False,1.355140186915888,False,False,False,0.3,similar_bridge,similar-bridge,37.63291139240506,9f5a8c828ccca7b6,1016
37995,gold/yen4_page_0150_c04_071.png,yen4,page_0150,4,意,ấy,意,U+610F,char,GOLD,s1_inter_s2_direct,,0.185,70.0,98.0,e266959a2886,ok,train,yen4|page_0150|c4,"[666, 562, 736, 642]",,False,False,False,False,False,False,True,False,False,True,1.4,False,False,False,0.0999999999999999,gold_direct,gold-direct(no-s3),75.1512027491409,b4d42d38b7c9454b,1017
39769,gold/yen4_page_0184_c09_188.png,yen4,page_0184,9,特,được,特,U+7279,char,GOLD,s1_inter_s2_direct,,0.109,74.0,95.0,dc2915553930,ok,train,yen4|page_0184|c9,"[184, 302, 253, 379]",,False,False,False,False,False,False,True,False,False,True,1.2837837837837838,False,False,False,0.0999999999999999,gold_direct,gold-direct(no-s3),75.1512027491409,986571fa3f3e9b10,1018
5389,syllable/yen2_page_0170_c05_089.png,yen2,page_0170,5,要,là,,,syllable,SYLLABLE,nghia_consensus,0.05,0.252,121.0,148.0,8710cf928c78,ok,train,yen2|page_0170|c5,"[829, 1863, 941, 1983]",0.05,True,False,False,False,False,False,False,True,True,False,1.2231404958677683,False,False,False,0.6,s3_low,s3=0.05<τ,37.47752808988764,2b927973b4866695,1019
9739,silver/yen2_page_0118_c02_034.png,yen2,page_0118,2,𭔿,ông,翁,U+7FC1,char,SILVER,s2_inter_s3_corrected,0.52,0.152,125.0,138.0,082f20ff42b9,ok,test,yen2|page_0118|c2,"[1287, 1481, 1388, 1593]",0.52,True,False,False,False,False,False,False,True,False,False,1.104,False,False,False,0.35,s3_low,s3=0.52<τ,37.47752808988764,7d49eef1b72086cb,1020
3343,silver/yen11_page_0040_c04_070.png,yen11,page_0040,4,昇,người,㝵,U+3775,char,SILVER,s3_head_bank_consensus,0.495,0.163,100.0,138.0,8e65231d1aaa,ok,train,yen11|page_0040|c4,"[1010, 533, 1118, 645]",0.495,True,False,False,False,False,True,False,True,True,False,1.38,False,False,False,0.76,silver_headbank,"silver-headbank,s3=0.49<τ",38.05128205128205,40ec264684f869fe,1021
10970,silver/yen11_page_0088_c09_211.png,yen11,page_0088,9,餘,thờ,蜍,U+870D,char,SILVER,s2_inter_s3_corrected,0.556,0.166,121.0,139.0,ffefb730b403,ok,val,yen11|page_0088|c9,"[281, 2291, 383, 2404]",0.556,True,False,False,False,False,False,False,True,False,False,1.1487603305785123,False,False,False,0.35,s3_low,s3=0.56<τ,37.47752808988764,0fce9f9e0be3f0c2,1022
52562,gold/yen11_page_0150_c02_026.png,yen11,page_0150,2,特,được,特,U+7279,char,GOLD,s1_inter_s2_direct,,0.283,97.0,147.0,c931f92b262d,ok,train,yen11|page_0150|c2,"[1271, 610, 1380, 729]",,False,False,False,False,False,False,True,False,False,True,1.5154639175257731,False,False,False,0.0999999999999999,gold_direct,gold-direct(no-s3),75.1512027491409,682f986fc9d4e430,1023
66022,silver/yen11_page_0028_c03_064.png,yen11,page_0028,3,愧,khỏi,塊,U+584A,char,SILVER,s2_inter_s3_corrected,0.918,0.181,116.0,124.0,be3a58622ee4,ok,train,yen11|page_0028|c3,"[1174, 2364, 1283, 2479]",0.918,True,False,False,False,False,False,False,False,False,False,1.0689655172413792,False,False,False,0.0,other,clean,75.11320754716981,b52bdba2997a6eb3,1024
60957,silver/yen2_page_0096_c06_116.png,yen2,page_0096,6,数,nhà,茹,U+8339,char,SILVER,s2_inter_s3_corrected,0.923,0.183,127.0,136.0,24aeb87e742c,ok,train,yen2|page_0096|c6,"[681, 570, 787, 680]",0.923,True,False,False,False,False,False,False,False,False,False,1.0708661417322836,False,False,False,0.0,other,clean,75.11320754716981,8fc513bf4d333914,1025
48060,gold/yen11_page_0058_c01_015.png,yen11,page_0058,1,凜,lắm,凜,U+51DC,char,GOLD,s1_inter_s2_direct,,0.26,105.0,142.0,a7dc17aee588,ok,train,yen11|page_0058|c1,"[1487, 1938, 1592, 2054]",,False,False,False,False,False,False,True,False,False,True,1.3523809523809525,False,False,False,0.0999999999999999,gold_direct,gold-direct(no-s3),75.1512027491409,a0dfa8b0a7667070,1026
6562,syllable/yen4_page_0130_c08_156.png,yen4,page_0130,8,𭮀,Pha,,,syllable,SYLLABLE,nghia_consensus,0.026,0.143,84.0,99.0,8d6832974871,ok,train,yen4|page_0130|c8,"[314, 540, 384, 621]",0.026,True,False,False,False,False,False,False,True,True,False,1.1785714285714286,False,False,False,0.6,s3_low,s3=0.03<τ,37.47752808988764,2d628f3e7a3321e2,1027
4102,gold/yen11_page_0106_c02_030.png,yen11,page_0106,2,豈,cùng,穹,U+7A79,char,GOLD,s1_inter_s2_similar,0.155,0.191,98.0,127.0,0f9ef5e2a4d7,ok,test,yen11|page_0106|c2,"[1332, 1188, 1433, 1298]",0.155,True,False,False,False,True,False,False,True,True,False,1.2959183673469388,False,False,False,0.7,similar_bridge_lowcos,"similar-bridge,s3=0.15<τ",24.933333333333334,e3467501702a2364,1028
24761,gold/yen2_page_0182_c02_023.png,yen2,page_0182,2,宜,nghe,宜,U+5B9C,char,GOLD,s1_inter_s2_direct,,0.238,111.0,171.0,d942a4f53f58,ok,train,yen2|page_0182|c2,"[1282, 1041, 1392, 1180]",,False,False,False,False,False,False,True,False,False,True,1.5405405405405406,False,False,False,0.0999999999999999,gold_direct,gold-direct(no-s3),75.1512027491409,6857200a78d03b1a,1029
42814,gold/yen4_page_0250_c04_056.png,yen4,page_0250,4,城,thành,城,U+57CE,char,GOLD,s1_inter_s2_direct,,0.176,70.0,88.0,7212e0141e33,ok,train,yen4|page_0250|c4,"[668, 587, 735, 659]",,False,False,False,False,False,False,True,False,False,True,1.2571428571428571,False,False,False,0.0999999999999999,gold_direct,gold-direct(no-s3),75.1512027491409,ae2420d8bc9c4d01,1030
12015,gold/yen2_page_0192_c08_143.png,yen2,page_0192,8,在,sợ,怍,U+600D,char,GOLD,s1_inter_s2_similar,0.971,0.209,94.0,148.0,0cb18513e050,ok,train,yen2|page_0192|c8,"[327, 1825, 429, 1945]",0.971,True,False,False,False,True,False,False,False,False,False,1.574468085106383,False,False,False,0.3,similar_bridge,similar-bridge,37.63291139240506,5ce838290f94d085,1031
37110,gold/yen4_page_0130_c08_167.png,yen4,page_0130,8,真,xin,真,U+771F,char,GOLD,s1_inter_s2_direct,,0.17,79.0,97.0,1472ae6515e3,ok,train,yen4|page_0130|c8,"[284, 1254, 357, 1336]",,False,False,False,False,False,False,True,False,False,True,1.2278481012658229,False,False,False,0.0999999999999999,gold_direct,gold-direct(no-s3),75.1512027491409,b609b705e8de9314,1032
46247,gold/yen11_page_0020_c06_108.png,yen11,page_0020,6,極,cực,極,U+6975,char,GOLD,s1_inter_s2_direct,,0.255,99.0,125.0,b30e152a1d5e,ok,train,yen11|page_0020|c6,"[715, 780, 818, 881]",,False,False,False,False,False,False,True,False,False,True,1.2626262626262623,False,False,False,0.0999999999999999,gold_direct,gold-direct(no-s3),75.1512027491409,7a53463c334b1018,1033
15175,gold/yen11_page_0260_c01_015.png,yen11,page_0260,1,穷,cùng,穷,U+7A77,char,GOLD,s1_inter_s2_direct,,0.142,71.0,145.0,c665e09ca805,tall,train,yen11|page_0260|c1,"[1458, 1811, 1560, 1928]",,False,False,False,False,False,False,True,False,False,True,2.0422535211267605,True,False,True,0.2799999999999999,quality_flag,aspect=2.04,50.674418604651166,cc4075c170991cfb,1034
10797,silver/yen4_page_0300_c07_146.png,yen4,page_0300,7,凄,sâu,娄,U+5A04,char,SILVER,s2_inter_s3_corrected,0.511,0.135,84.0,90.0,d6e5ef3bb32c,ok,test,yen4|page_0300|c7,"[365, 1280, 438, 1359]",0.511,True,False,False,False,False,False,False,True,False,False,1.0714285714285714,False,False,False,0.35,s3_low,s3=0.51<τ,37.47752808988764,a2dc2e4446482805,1035
15761,gold/yen4_page_0136_c07_138.png,yen4,page_0136,7,依,E,依,U+4F9D,char,GOLD,s1_inter_s2_direct,,0.104,83.0,93.0,5bf52c768b11,ok,train,yen4|page_0136|c7,"[362, 847, 432, 922]",,False,False,False,False,False,False,True,False,False,True,1.120481927710843,False,True,True,0.235,quality_flag,ink-outlier,50.674418604651166,608202d5540f0bae,1036
3234,silver/yen4_page_0258_c09_189.png,yen4,page_0258,9,奕,anh,英,U+82F1,char,SILVER,s3_head_bank_consensus,0.4,0.193,63.0,103.0,7d3e8b79b388,ok,train,yen4|page_0258|c9,"[166, 1293, 239, 1377]",0.4,True,False,False,False,False,True,False,True,True,False,1.6349206349206349,False,False,False,0.76,silver_headbank,"silver-headbank,s3=0.40<τ",38.05128205128205,778f0cd2c579ac1e,1037
14677,gold/yen11_page_0046_c04_053.png,yen11,page_0046,4,那,na,那,U+90A3,char,GOLD,s1_inter_s2_direct,,0.235,110.0,52.0,b72121f374ab,ok,train,yen11|page_0046|c4,"[976, 2421, 1086, 2463]",,False,False,False,False,False,False,True,False,False,True,0.4727272727272727,True,False,True,0.2799999999999999,quality_flag,aspect=0.47,50.674418604651166,923655531911da58,1038
26033,gold/yen2_page_0212_c06_085.png,yen2,page_0212,6,衣,ấy,衣,U+8863,char,GOLD,s1_inter_s2_direct,,0.211,132.0,163.0,be4eecebdc89,ok,val,yen2|page_0212|c6,"[691, 1231, 799, 1364]",,False,False,False,False,False,False,True,False,False,True,1.2348484848484849,False,False,False,0.0999999999999999,gold_direct,gold-direct(no-s3),75.1512027491409,17a2ec1263d4152e,1039
35447,gold/yen4_page_0092_c09_180.png,yen4,page_0092,9,命,mình,命,U+547D,char,GOLD,s1_inter_s2_direct,,0.17,60.0,98.0,969eeb00f9c1,ok,train,yen4|page_0092|c9,"[162, 978, 233, 1058]",,False,False,False,False,False,False,True,False,False,True,1.6333333333333333,False,False,False,0.0999999999999999,gold_direct,gold-direct(no-s3),75.1512027491409,60f345800c6743c9,1040
5767,syllable/yen2_page_0250_c05_082.png,yen2,page_0250,5,弇,ông,,,syllable,SYLLABLE,nghia_consensus,0.345,0.187,119.0,178.0,9ae221c4ba98,ok,train,yen2|page_0250|c5,"[875, 1136, 989, 1280]",0.345,True,False,False,False,False,False,False,True,True,False,1.495798319327731,False,False,False,0.6,s3_low,s3=0.34<τ,37.47752808988764,f37ac50e66c9ae67,1041
65698,silver/yen4_page_0290_c08_168.png,yen4,page_0290,8,冬,các,各,U+5404,char,SILVER,s2_inter_s3_corrected,0.943,0.181,79.0,95.0,4cd6592de2db,ok,train,yen4|page_0290|c8,"[284, 851, 349, 928]",0.943,True,False,False,False,False,False,False,False,False,False,1.2025316455696202,False,False,False,0.0,other,clean,75.11320754716981,f959f13f837b0299,1042
8607,syllable/yen11_page_0250_c06_138.png,yen11,page_0250,6,呫,lo,,,syllable,SYLLABLE,nghia_consensus,0.487,0.226,96.0,111.0,71aeab14e7e3,ok,train,yen11|page_0250|c6,"[723, 2380, 826, 2481]",0.487,True,False,False,False,False,False,False,True,True,False,1.15625,False,False,False,0.6,s3_low,s3=0.49<τ,37.47752808988764,61c17983db9bdb8f,1043
4573,syllable/yen11_page_0210_c03_063.png,yen11,page_0210,3,人,ấy,,,syllable,SYLLABLE,nghia_consensus,0.066,0.379,91.0,65.0,392c7aeeea59,ok,train,yen11|page_0210|c3,"[1336, 2361, 1443, 2414]",0.066,True,False,False,False,False,False,False,True,True,False,0.7142857142857143,False,True,True,0.6599999999999999,s3_low,"s3=0.07<τ,ink-outlier",37.47752808988764,1889e714455427d3,1044
45597,gold/yen4_page_0304_c05_100.png,yen4,page_0304,5,極,cực,極,U+6975,char,GOLD,s1_inter_s2_direct,,0.166,85.0,92.0,ba82fbdbcf17,ok,train,yen4|page_0304|c5,"[576, 978, 650, 1053]",,False,False,False,False,False,False,True,False,False,True,1.0823529411764703,False,False,False,0.0999999999999999,gold_direct,gold-direct(no-s3),75.1512027491409,8ad737c5ceacb129,1045
5120,syllable/yen2_page_0112_c07_130.png,yen2,page_0112,7,㓜,chém,,,syllable,SYLLABLE,nghia_consensus,0.148,0.278,105.0,135.0,def6422d008c,ok,val,yen2|page_0112|c7,"[526, 920, 634, 1029]",0.148,True,False,False,False,False,False,False,True,True,False,1.2857142857142858,False,False,False,0.6,s3_low,s3=0.15<τ,37.47752808988764,257a220a78db862e,1046
14498,gold/yen2_page_0316_c04_066.png,yen2,page_0316,4,罢,bảy,罢,U+7F62,char,GOLD,s1_inter_s2_direct,,0.261,81.0,166.0,61d22f37a3f0,tall,train,yen2|page_0316|c4,"[1018, 1240, 1127, 1374]",,False,False,False,False,False,False,True,False,False,True,2.049382716049383,True,False,True,0.2799999999999999,quality_flag,aspect=2.05,50.674418604651166,45de393a6e79b258,1047
7394,syllable/yen11_page_0028_c02_029.png,yen11,page_0028,2,人,ấy,,,syllable,SYLLABLE,nghia_consensus,0.058,0.147,108.0,129.0,329aa70f39d8,ok,val,yen11|page_0028|c2,"[1337, 1057, 1439, 1170]",0.058,True,False,False,False,False,False,False,True,True,False,1.1944444444444444,False,False,False,0.6,s3_low,s3=0.06<τ,37.47752808988764,4eb612cd8b46483b,1048
7158,syllable/yen4_page_0270_c03_058.png,yen4,page_0270,3,異,là,,,syllable,SYLLABLE,nghia_consensus,0.117,0.176,74.0,94.0,47b4791fec7b,ok,train,yen4|page_0270|c3,"[775, 1083, 846, 1159]",0.117,True,False,False,False,False,False,False,True,True,False,1.2702702702702702,False,False,False,0.6,s3_low,s3=0.12<τ,37.47752808988764,df3762ffdc4f062b,1049
65382,silver/yen4_page_0262_c06_097.png,yen4,page_0262,6,祇,dạy,代,U+4EE3,char,SILVER,s2_inter_s3_corrected,0.762,0.15,80.0,99.0,18196682a17a,ok,test,yen4|page_0262|c6,"[482, 498, 550, 579]",0.762,True,False,False,False,False,False,False,False,False,False,1.2375,False,False,False,0.0,other,clean,75.11320754716981,ccc1e2bcd146f9d2,1050
41831,gold/yen4_page_0230_c06_103.png,yen4,page_0230,6,蜍,thờ,蜍,U+870D,char,GOLD,s1_inter_s2_direct,,0.221,73.0,77.0,8b23f400bd17,ok,train,yen4|page_0230|c6,"[481, 249, 551, 324]",,False,False,False,False,False,False,True,False,False,True,1.0547945205479452,False,False,False,0.0999999999999999,gold_direct,gold-direct(no-s3),75.1512027491409,fdd224063329888a,1051
40224,gold/yen4_page_0196_c08_150.png,yen4,page_0196,8,庄,chăng,庄,U+5E84,char,GOLD,s1_inter_s2_direct,,0.136,74.0,97.0,4e891f768925,ok,train,yen4|page_0196|c8,"[300, 945, 370, 1024]",,False,False,False,False,False,False,True,False,False,True,1.3108108108108107,False,False,False,0.0999999999999999,gold_direct,gold-direct(no-s3),75.1512027491409,abca845603c955ec,1052
34142,gold/yen4_page_0068_c02_040.png,yen4,page_0068,2,浪,rằng,浪,U+6D6A,char,GOLD,s1_inter_s2_direct,,0.142,82.0,89.0,43ecb3512be7,ok,train,yen4|page_0068|c2,"[878, 1367, 949, 1440]",,False,False,False,False,False,False,True,False,False,True,1.0853658536585369,False,False,False,0.0999999999999999,gold_direct,gold-direct(no-s3),75.1512027491409,4194a446d1b95a3b,1053
19174,gold/yen2_page_0066_c04_073.png,yen2,page_0066,4,也,đã,也,U+4E5F,char,GOLD,s1_inter_s2_direct,,0.232,121.0,139.0,cabc2772c58d,ok,train,yen2|page_0066|c4,"[998, 1233, 1105, 1346]",,False,False,False,False,False,False,True,False,False,True,1.1487603305785123,False,False,False,0.0999999999999999,gold_direct,gold-direct(no-s3),75.1512027491409,9e930aaca55118c5,1054
59673,gold/yen11_page_0292_c02_027.png,yen11,page_0292,2,官,quan,官,U+5B98,char,GOLD,s1_inter_s2_direct,,0.129,116.0,151.0,07c244526e17,ok,train,yen11|page_0292|c2,"[1355, 1130, 1457, 1253]",,False,False,False,False,False,False,True,False,False,True,1.3017241379310345,False,False,False,0.0999999999999999,gold_direct,gold-direct(no-s3),75.1512027491409,fdc694943efe541b,1055
2435,silver/yen2_page_0042_c07_134.png,yen2,page_0042,7,栖,mặt,末,U+672B,char,SILVER,s3_head_bank_consensus,0.351,0.17,125.0,137.0,9d73d62e73fd,ok,train,yen2|page_0042|c7,"[524, 1081, 627, 1196]",0.351,True,False,False,False,False,True,False,True,True,False,1.096,False,False,False,0.76,silver_headbank,"silver-headbank,s3=0.35<τ",38.05128205128205,8dc3d4d922812dd5,1056
13680,gold/yen11_page_0136_c01_007.png,yen11,page_0136,1,蚕,tao,蚤,U+86A4,char,GOLD,s1_inter_s2_similar,0.706,0.184,89.0,122.0,0588fc30f614,ok,train,yen11|page_0136|c1,"[1532, 1126, 1634, 1237]",0.706,True,False,False,False,True,False,False,False,False,False,1.3707865168539326,False,False,False,0.3,similar_bridge,similar-bridge,37.63291139240506,e3ad18d9fdac870d,1057
16774,gold/yen2_page_0018_c07_152.png,yen2,page_0018,7,碎,tôi,碎,U+788E,char,GOLD,s1_inter_s2_direct,,0.207,130.0,126.0,a7e9a8174799,ok,test,yen2|page_0018|c7,"[516, 2375, 622, 2477]",,False,False,False,False,False,False,True,False,False,True,0.9692307692307692,False,False,False,0.0999999999999999,gold_direct,gold-direct(no-s3),75.1512027491409,66d712ce09404b3c,1058
13085,gold/yen4_page_0246_c02_041.png,yen4,page_0246,2,玄,nửa,女,U+5973,char,GOLD,s1_inter_s2_similar,0.962,0.137,55.0,89.0,326f542c20e2,ok,train,yen4|page_0246|c2,"[878, 1408, 941, 1481]",0.962,True,False,False,False,True,False,False,False,False,False,1.6181818181818182,False,False,False,0.3,similar_bridge,similar-bridge,37.63291139240506,61a8c54fb5872928,1059
3851,gold/yen2_page_0254_c02_023.png,yen2,page_0254,2,已,vào,旦,U+65E6,char,GOLD,s1_inter_s2_similar,0.428,0.245,99.0,163.0,7430949d65bc,ok,train,yen2|page_0254|c2,"[1281, 1114, 1398, 1247]",0.428,True,False,False,False,True,False,False,True,True,False,1.6464646464646464,False,False,False,0.7,similar_bridge_lowcos,"similar-bridge,s3=0.43<τ",24.933333333333334,a280e58e9e03f5d8,1060
17385,gold/yen2_page_0030_c09_189.png,yen2,page_0030,9,智,trí,智,U+667A,char,GOLD,s1_inter_s2_direct,,0.183,118.0,147.0,f1b6d42d4b15,ok,train,yen2|page_0030|c9,"[196, 1458, 302, 1577]",,False,False,False,False,False,False,True,False,False,True,1.2457627118644068,False,False,False,0.0999999999999999,gold_direct,gold-direct(no-s3),75.1512027491409,d922c139314d9cb2,1061
29208,gold/yen2_page_0284_c01_010.png,yen2,page_0284,1,施,thí,施,U+65BD,char,GOLD,s1_inter_s2_direct,,0.25,108.0,157.0,1e2f4a25164c,ok,train,yen2|page_0284|c1,"[1443, 1573, 1551, 1700]",,False,False,False,False,False,False,True,False,False,True,1.4537037037037035,False,False,False,0.0999999999999999,gold_direct,gold-direct(no-s3),75.1512027491409,761e014a3570831a,1062
51933,gold/yen11_page_0138_c01_015.png,yen11,page_0138,1,麻,mà,麻,U+9EBB,char,GOLD,s1_inter_s2_direct,,0.233,105.0,129.0,7eec451b9b57,ok,test,yen11|page_0138|c1,"[1471, 1707, 1579, 1812]",,False,False,False,False,False,False,True,False,False,True,1.2285714285714286,False,False,False,0.0999999999999999,gold_direct,gold-direct(no-s3),75.1512027491409,a9b83a9d22915596,1063
26029,gold/yen2_page_0212_c06_080.png,yen2,page_0212,6,寺,thì,寺,U+5BFA,char,GOLD,s1_inter_s2_direct,,0.255,119.0,157.0,c54417bf0da4,ok,val,yen2|page_0212|c6,"[693, 684, 799, 811]",,False,False,False,False,False,False,True,False,False,True,1.319327731092437,False,False,False,0.0999999999999999,gold_direct,gold-direct(no-s3),75.1512027491409,e6b3808e72451411,1064
236,syllable/yen4_page_0194_c01_019.png,yen4,page_0194,1,罪,là,,,syllable,SYLLABLE,nghia_consensus,0.23,0.146,77.0,90.0,8e85d2a24be3,ok,train,yen4|page_0194|c1,"[882, 1514, 952, 1588]",0.23,True,False,True,True,False,False,False,True,True,False,1.1688311688311688,False,False,False,0.96,dup_defect,"cross-col(F1),s3=0.23<τ",24.956989247311828,5c91e0015434c7dc,1065
10480,silver/yen4_page_0154_c04_067.png,yen4,page_0154,4,闘,Bấy,閉,U+9589,char,SILVER,s2_inter_s3_corrected,0.506,0.225,74.0,101.0,c4f8afa064e0,ok,train,yen4|page_0154|c4,"[657, 631, 730, 714]",0.506,True,False,False,False,False,False,False,True,False,False,1.364864864864865,False,False,False,0.35,s3_low,s3=0.51<τ,37.47752808988764,e10ea76886190743,1066
34585,gold/yen4_page_0076_c07_137.png,yen4,page_0076,7,欣,hơn,欣,U+6B23,char,GOLD,s1_inter_s2_direct,,0.166,61.0,93.0,97ca1de4ea17,ok,test,yen4|page_0076|c7,"[366, 563, 433, 638]",,False,False,False,False,False,False,True,False,False,True,1.524590163934426,False,False,False,0.0999999999999999,gold_direct,gold-direct(no-s3),75.1512027491409,23c78143d66920d7,1067
20404,gold/yen2_page_0090_c09_180.png,yen2,page_0090,9,重,trọng,重,U+91CD,char,GOLD,s1_inter_s2_direct,,0.193,101.0,126.0,6cddd5e218b5,ok,train,yen2|page_0090|c9,"[215, 1253, 307, 1355]",,False,False,False,False,False,False,True,False,False,True,1.2475247524752475,False,False,False,0.0999999999999999,gold_direct,gold-direct(no-s3),75.1512027491409,4f84f85940a9ccb8,1068
493,gold/yen2_page_0308_c02_007.png,yen2,page_0308,2,為,Vi,為,U+70BA,char,GOLD,s1_inter_s2_direct,,0.327,89.0,142.0,428035066911,ok,test,yen2|page_0308|c2,"[1140, 1030, 1246, 1146]",,False,True,False,True,False,False,True,False,False,True,1.595505617977528,False,True,True,0.915,dup_defect,"dup-bbox(AE-1),ink-outlier",24.956989247311828,40db2fdef0683196,1069
14227,gold/yen11_page_0294_c02_036.png,yen11,page_0294,2,建,trên,連,U+9023,char,GOLD,s1_inter_s2_similar,0.648,0.244,98.0,141.0,baf7a04b15dc,ok,train,yen11|page_0294|c2,"[1303, 1817, 1411, 1932]",0.648,True,False,False,False,True,False,False,False,False,False,1.4387755102040816,False,False,False,0.3,similar_bridge,similar-bridge,37.63291139240506,8f8aecb10b841f5a,1070
7719,syllable/yen11_page_0092_c06_101.png,yen11,page_0092,6,瑪,ma,,,syllable,SYLLABLE,nghia_consensus,0.451,0.198,112.0,145.0,eac91b620a25,ok,train,yen11|page_0092|c6,"[724, 1239, 829, 1356]",0.451,True,False,False,False,False,False,False,True,True,False,1.2946428571428572,False,False,False,0.6,s3_low,s3=0.45<τ,37.47752808988764,03d63bf095f41099,1071
11724,gold/yen2_page_0102_c03_052.png,yen2,page_0102,3,兵,cùng,其,U+5176,char,GOLD,s1_inter_s2_similar,0.772,0.181,127.0,145.0,a366e3ba97ab,ok,train,yen2|page_0102|c3,"[1124, 1449, 1228, 1566]",0.772,True,False,False,False,True,False,False,False,False,False,1.141732283464567,False,False,False,0.3,similar_bridge,similar-bridge,37.63291139240506,0d231fe62fccf4ab,1072
44222,gold/yen4_page_0280_c01_010.png,yen4,page_0280,1,吟,ngăm,吟,U+541F,char,GOLD,s1_inter_s2_direct,,0.192,65.0,86.0,9076a91a227e,ok,train,yen4|page_0280|c1,"[951, 800, 1021, 870]",,False,False,False,False,False,False,True,False,False,True,1.323076923076923,False,False,False,0.0999999999999999,gold_direct,gold-direct(no-s3),75.1512027491409,81dc73defb074a6f,1073
11958,gold/yen2_page_0172_c04_070.png,yen2,page_0172,4,要,anh,孾,U+5B7E,char,GOLD,s1_inter_s2_similar,0.881,0.262,105.0,158.0,fc78d78eaeb2,ok,val,yen2|page_0172|c4,"[978, 1886, 1084, 2014]",0.881,True,False,False,False,True,False,False,False,False,False,1.5047619047619047,False,False,False,0.3,similar_bridge,similar-bridge,37.63291139240506,b544a929f49aa7aa,1074
43689,gold/yen4_page_0268_c02_031.png,yen4,page_0268,2,年,nên,年,U+5E74,char,GOLD,s1_inter_s2_direct,,0.156,75.0,96.0,7bf8f82c3f53,ok,train,yen4|page_0268|c2,"[844, 734, 917, 812]",,False,False,False,False,False,False,True,False,False,True,1.28,False,False,False,0.0999999999999999,gold_direct,gold-direct(no-s3),75.1512027491409,cbafb76c5ba19b31,1075
45451,gold/yen4_page_0300_c08_159.png,yen4,page_0300,8,仍,những,仍,U+4ECD,char,GOLD,s1_inter_s2_direct,,0.156,65.0,96.0,d4db6d2b950d,ok,train,yen4|page_0300|c8,"[266, 781, 337, 861]",,False,False,False,False,False,False,True,False,False,True,1.476923076923077,False,False,False,0.0999999999999999,gold_direct,gold-direct(no-s3),75.1512027491409,95e1523943d4a229,1076
1303,gold/yen4_page_0150_c09_189.png,yen4,page_0150,9,召,chịu,召,U+53EC,char,GOLD,s1_inter_s2_direct,,0.215,86.0,95.0,cbf0e78a5d9f,ok,train,yen4|page_0150|c9,"[268, 842, 338, 919]",,False,False,True,True,False,False,True,False,False,True,1.1046511627906976,False,False,False,0.9,dup_defect,cross-col(F1),24.956989247311828,c8b185d7da19b633,1077
16958,gold/yen2_page_0022_c05_099.png,yen2,page_0022,5,碎,tôi,碎,U+788E,char,GOLD,s1_inter_s2_direct,,0.227,119.0,147.0,75f089c184ef,ok,train,yen2|page_0022|c5,"[819, 2012, 924, 2131]",,False,False,False,False,False,False,True,False,False,True,1.2352941176470589,False,False,False,0.0999999999999999,gold_direct,gold-direct(no-s3),75.1512027491409,0b17ce6125c9a772,1078
9,silver/yen2_page_0026_c05_098.png,yen2,page_0026,5,周,vua,君,U+541B,char,SILVER,s3_head_bank_consensus,0.014,0.229,116.0,142.0,ff5853fa6382,ok,test,yen2|page_0026|c5,"[967, 1472, 1072, 1588]",0.014,True,False,True,True,False,True,False,True,True,False,1.2241379310344829,False,False,False,0.976,dup_defect,"cross-col(F1),silver-headbank,s3=0.01<τ",24.956989247311828,1d91d0a00938f253,1079
19513,gold/yen2_page_0072_c08_140.png,yen2,page_0072,8,各,các,各,U+5404,char,GOLD,s1_inter_s2_direct,,0.182,110.0,146.0,6e9118ddcdac,ok,train,yen2|page_0072|c8,"[349, 851, 452, 969]",,False,False,False,False,False,False,True,False,False,True,1.3272727272727274,False,False,False,0.0999999999999999,gold_direct,gold-direct(no-s3),75.1512027491409,14b664b4e3704f0a,1080
42640,gold/yen4_page_0246_c05_096.png,yen4,page_0246,5,重,trọng,重,U+91CD,char,GOLD,s1_inter_s2_direct,,0.193,73.0,98.0,7f9426e01766,ok,train,yen4|page_0246|c5,"[581, 884, 652, 964]",,False,False,False,False,False,False,True,False,False,True,1.3424657534246576,False,False,False,0.0999999999999999,gold_direct,gold-direct(no-s3),75.1512027491409,1cc80db481bb804e,1081
23064,gold/yen2_page_0142_c08_134.png,yen2,page_0142,8,沛,phải,沛,U+6C9B,char,GOLD,s1_inter_s2_direct,,0.205,132.0,132.0,0d60017841eb,ok,train,yen2|page_0142|c8,"[390, 497, 498, 610]",,False,False,False,False,False,False,True,False,False,True,1.0,False,False,False,0.0999999999999999,gold_direct,gold-direct(no-s3),75.1512027491409,f4603999bd5aa73a,1082
8111,syllable/yen11_page_0160_c08_150.png,yen11,page_0160,8,入,ấy,,,syllable,SYLLABLE,nghia_consensus,0.081,0.156,87.0,140.0,c0fa597af9b3,ok,val,yen11|page_0160|c8,"[428, 1954, 532, 2068]",0.081,True,False,False,False,False,False,False,True,True,False,1.6091954022988506,False,False,False,0.6,s3_low,s3=0.08<τ,37.47752808988764,2985399d1ac1d18b,1083
31587,gold/yen4_page_0016_c06_132.png,yen4,page_0016,6,於,ở,於,U+65BC,char,GOLD,s1_inter_s2_direct,,0.152,88.0,94.0,fdd48b075e8c,ok,test,yen4|page_0016|c6,"[538, 1546, 610, 1622]",,False,False,False,False,False,False,True,False,False,True,1.068181818181818,False,False,False,0.0999999999999999,gold_direct,gold-direct(no-s3),75.1512027491409,187f985ced65039e,1084
44617,gold/yen4_page_0286_c05_095.png,yen4,page_0286,5,困,khốn,困,U+56F0,char,GOLD,s1_inter_s2_direct,,0.166,68.0,91.0,c89d15453408,ok,test,yen4|page_0286|c5,"[578, 295, 645, 370]",,False,False,False,False,False,False,True,False,False,True,1.338235294117647,False,False,False,0.0999999999999999,gold_direct,gold-direct(no-s3),75.1512027491409,7e733e57daaa54bb,1085
23661,gold/yen2_page_0156_c07_123.png,yen2,page_0156,7,㐌,đã,㐌,U+340C,char,GOLD,s1_inter_s2_direct,,0.167,109.0,149.0,9ced0aa7e65e,ok,train,yen2|page_0156|c7,"[518, 961, 617, 1082]",,False,False,False,False,False,False,True,False,False,True,1.3669724770642202,False,False,False,0.0999999999999999,gold_direct,gold-direct(no-s3),75.1512027491409,0a300ab30961a8f0,1086
6513,syllable/yen4_page_0118_c06_120.png,yen4,page_0118,6,先,đem,,,syllable,SYLLABLE,nghia_consensus,0.338,0.16,66.0,96.0,caf344d532fa,ok,train,yen4|page_0118|c6,"[488, 719, 557, 797]",0.338,True,False,False,False,False,False,False,True,True,False,1.4545454545454546,False,False,False,0.6,s3_low,s3=0.34<τ,37.47752808988764,0cd311e5811312b0,1087
52073,gold/yen11_page_0140_c04_064.png,yen11,page_0140,4,翁,ÔNG,翁,U+7FC1,char,GOLD,s1_inter_s2_direct,,0.179,121.0,150.0,0b3ecdd739d3,ok,train,yen11|page_0140|c4,"[1033, 956, 1149, 1079]",,False,False,False,False,False,False,True,False,False,True,1.2396694214876034,False,False,False,0.0999999999999999,gold_direct,gold-direct(no-s3),75.1512027491409,e0b0f0c672b62b6f,1088
50943,gold/yen11_page_0118_c02_037.png,yen11,page_0118,2,南,năm,南,U+5357,char,GOLD,s1_inter_s2_direct,,0.179,94.0,148.0,6d018b3e2ef0,ok,train,yen11|page_0118|c2,"[1324, 2112, 1429, 2232]",,False,False,False,False,False,False,True,False,False,True,1.574468085106383,False,False,False,0.0999999999999999,gold_direct,gold-direct(no-s3),75.1512027491409,0d73d1dcc6729aed,1089
15508,gold/yen2_page_0204_c07_125.png,yen2,page_0204,7,体,thấy,体,U+4F53,char,GOLD,s1_inter_s2_direct,,0.306,113.0,157.0,ad3e53e39811,ok,train,yen2|page_0204|c7,"[540, 2090, 640, 2217]",,False,False,False,False,False,False,True,False,False,True,1.3893805309734513,False,True,True,0.235,quality_flag,ink-outlier,50.674418604651166,ef751a68bbb35acc,1090
11968,gold/yen2_page_0174_c04_065.png,yen2,page_0174,4,忝,trời,𡗶,U+215F6,char,GOLD,s1_inter_s2_similar,0.954,0.222,132.0,156.0,52ae66e919db,ok,train,yen2|page_0174|c4,"[993, 678, 1103, 804]",0.954,True,False,False,False,True,False,False,False,False,False,1.181818181818182,False,False,False,0.3,similar_bridge,similar-bridge,37.63291139240506,cef5042aa68c3893,1091
8763,syllable/yen11_page_0278_c05_094.png,yen11,page_0278,5,白,làm,,,syllable,SYLLABLE,nghia_consensus,0.159,0.109,122.0,147.0,3a8ec85776c2,ok,train,yen11|page_0278|c5,"[862, 1393, 968, 1512]",0.159,True,False,False,False,False,False,False,True,True,False,1.2049180327868851,False,False,False,0.6,s3_low,s3=0.16<τ,37.47752808988764,623078f341e3dc0c,1092
44859,gold/yen4_page_0290_c06_115.png,yen4,page_0290,6,固,Có,固,U+56FA,char,GOLD,s1_inter_s2_direct,,0.168,68.0,85.0,f0a521de0d00,ok,train,yen4|page_0290|c6,"[471, 591, 535, 660]",,False,False,False,False,False,False,True,False,False,True,1.25,False,False,False,0.0999999999999999,gold_direct,gold-direct(no-s3),75.1512027491409,f4fc38bdac1c6d11,1093
44108,gold/yen4_page_0278_c01_006.png,yen4,page_0278,1,各,các,各,U+5404,char,GOLD,s1_inter_s2_direct,,0.12,93.0,130.0,05976602b6da,ok,val,yen4|page_0278|c1,"[1445, 747, 1548, 853]",,False,False,False,False,False,False,True,False,False,True,1.3978494623655917,False,False,False,0.0999999999999999,gold_direct,gold-direct(no-s3),75.1512027491409,91f66c410bb57a90,1094
4036,gold/yen4_page_0274_c04_076.png,yen4,page_0274,4,殿,một,殁,U+6B81,char,GOLD,s1_inter_s2_similar,0.253,0.214,80.0,95.0,8b54659dce40,ok,train,yen4|page_0274|c4,"[669, 952, 741, 1029]",0.253,True,False,False,False,True,False,False,True,True,False,1.1875,False,False,False,0.7,similar_bridge_lowcos,"similar-bridge,s3=0.25<τ",24.933333333333334,38a8bd9898fdda88,1095
22081,gold/yen2_page_0124_c04_082.png,yen2,page_0124,4,命,mình,命,U+547D,char,GOLD,s1_inter_s2_direct,,0.208,139.0,149.0,40ebc07ddc00,ok,train,yen2|page_0124|c4,"[974, 2191, 1087, 2312]",,False,False,False,False,False,False,True,False,False,True,1.0719424460431657,False,False,False,0.0999999999999999,gold_direct,gold-direct(no-s3),75.1512027491409,bb703f71f02d4aee,1096
5443,syllable/yen2_page_0180_c03_046.png,yen2,page_0180,3,炤,lửa,,,syllable,SYLLABLE,nghia_consensus,0.336,0.224,115.0,159.0,39173797b016,ok,train,yen2|page_0180|c3,"[1122, 1305, 1232, 1434]",0.336,True,False,False,False,False,False,False,True,True,False,1.382608695652174,False,False,False,0.6,s3_low,s3=0.34<τ,37.47752808988764,58e446edcb926db7,1097
7044,syllable/yen4_page_0246_c02_034.png,yen4,page_0246,2,先,đem,,,syllable,SYLLABLE,nghia_consensus,0.046,0.152,77.0,90.0,44399e0a05c2,ok,train,yen4|page_0246|c2,"[875, 959, 944, 1033]",0.046,True,False,False,False,False,False,False,True,True,False,1.1688311688311688,False,False,False,0.6,s3_low,s3=0.05<τ,37.47752808988764,066402f55fc3f560,1098
26929,gold/yen2_page_0234_c02_022.png,yen2,page_0234,2,除,giờ,除,U+9664,char,GOLD,s1_inter_s2_direct,,0.184,111.0,156.0,eb6327142f96,ok,train,yen2|page_0234|c2,"[1258, 570, 1367, 696]",,False,False,False,False,False,False,True,False,False,True,1.4054054054054057,False,False,False,0.0999999999999999,gold_direct,gold-direct(no-s3),75.1512027491409,2fc67a08864b409d,1099
19115,gold/yen2_page_0064_c07_138.png,yen2,page_0064,7,事,sự,事,U+4E8B,char,GOLD,s1_inter_s2_direct,,0.161,116.0,149.0,913a229e3c96,ok,train,yen2|page_0064|c7,"[507, 2216, 606, 2337]",,False,False,False,False,False,False,True,False,False,True,1.2844827586206895,False,False,False,0.0999999999999999,gold_direct,gold-direct(no-s3),75.1512027491409,b9cb6ab1b37c5774,1100
64751,silver/yen4_page_0200_c03_056.png,yen4,page_0200,3,放,nó,奴,U+5974,char,SILVER,s2_inter_s3_corrected,0.646,0.132,77.0,79.0,1629669509a8,ok,train,yen4|page_0200|c3,"[780, 1114, 852, 1187]",0.646,True,False,False,False,False,False,False,False,False,False,1.025974025974026,False,False,False,0.0,other,clean,75.11320754716981,b94fc4af1a86b767,1101
52525,gold/yen11_page_0148_c08_152.png,yen11,page_0148,8,命,mình,命,U+547D,char,GOLD,s1_inter_s2_direct,,0.177,120.0,151.0,f54472be1a53,ok,train,yen11|page_0148|c8,"[430, 612, 538, 735]",,False,False,False,False,False,False,True,False,False,True,1.2583333333333333,False,False,False,0.0999999999999999,gold_direct,gold-direct(no-s3),75.1512027491409,40ddc42885b64cee,1102
10330,silver/yen4_page_0082_c03_044.png,yen4,page_0082,3,庵,muốn,悶,U+60B6,char,SILVER,s2_inter_s3_corrected,0.578,0.188,65.0,72.0,7d8b9e6cf1d2,ok,val,yen4|page_0082|c3,"[755, 277, 821, 345]",0.578,True,False,False,False,False,False,False,True,False,False,1.1076923076923078,False,False,False,0.35,s3_low,s3=0.58<τ,37.47752808988764,8d8163b832f43d6d,1103
56281,gold/yen11_page_0222_c05_091.png,yen11,page_0222,5,事,sự,事,U+4E8B,char,GOLD,s1_inter_s2_direct,,0.171,114.0,142.0,b5f36788c4ab,ok,train,yen11|page_0222|c5,"[874, 910, 976, 1026]",,False,False,False,False,False,False,True,False,False,True,1.2456140350877194,False,False,False,0.0999999999999999,gold_direct,gold-direct(no-s3),75.1512027491409,a8d7555c879cd21c,1104
15805,gold/yen4_page_0160_c09_185.png,yen4,page_0160,9,扒,bớt,扒,U+6252,char,GOLD,s1_inter_s2_direct,,0.101,68.0,86.0,51bbd1553f65,ok,train,yen4|page_0160|c9,"[184, 531, 251, 601]",,False,False,False,False,False,False,True,False,False,True,1.2647058823529411,False,True,True,0.235,quality_flag,ink-outlier,50.674418604651166,06c98a056ba2f7ee,1105
24270,gold/yen2_page_0170_c06_098.png,yen2,page_0170,6,秋,su,秋,U+79CB,char,GOLD,s1_inter_s2_direct,,0.252,118.0,148.0,7963652eb581,ok,train,yen2|page_0170|c6,"[683, 878, 789, 998]",,False,False,False,False,False,False,True,False,False,True,1.2542372881355932,False,False,False,0.0999999999999999,gold_direct,gold-direct(no-s3),75.1512027491409,c08ff67fd9df1521,1106
11845,gold/yen2_page_0140_c08_140.png,yen2,page_0140,8,青,trách,责,U+8D23,char,GOLD,s1_inter_s2_similar,0.952,0.225,129.0,150.0,dc4fe6196995,ok,train,yen2|page_0140|c8,"[354, 1631, 460, 1753]",0.952,True,False,False,False,True,False,False,False,False,False,1.162790697674419,False,False,False,0.3,similar_bridge,similar-bridge,37.63291139240506,41a087a58034d0aa,1107
31326,gold/yen4_page_0012_c01_008.png,yen4,page_0012,1,曰,viết,曰,U+66F0,char,GOLD,s1_inter_s2_direct,,0.162,63.0,99.0,1b9b93815e64,ok,train,yen4|page_0012|c1,"[960, 1121, 1036, 1202]",,False,False,False,False,False,False,True,False,False,True,1.5714285714285714,False,False,False,0.0999999999999999,gold_direct,gold-direct(no-s3),75.1512027491409,6e8ef6792ac6c4a6,1108
10296,syllable/yen4_page_0068_c02_023.png,yen4,page_0068,2,得,ngày,,,syllable,SYLLABLE,nghia_consensus,0.555,0.215,84.0,86.0,73a90f0a7ef7,ok,train,yen4|page_0068|c2,"[875, 370, 948, 443]",0.555,True,False,False,False,False,False,False,True,False,False,1.0238095238095235,False,False,False,0.35,s3_low,s3=0.56<τ,37.47752808988764,07398a2689728425,1109
37026,gold/yen4_page_0128_c08_169.png,yen4,page_0128,8,些,ta,些,U+4E9B,char,GOLD,s1_inter_s2_direct,,0.122,64.0,94.0,7f8566b0dd73,ok,train,yen4|page_0128|c8,"[261, 1163, 334, 1251]",,False,False,False,False,False,False,True,False,False,True,1.46875,False,False,False,0.0999999999999999,gold_direct,gold-direct(no-s3),75.1512027491409,25753b0b1f52f8eb,1110
31115,gold/yen2_page_0326_c02_021.png,yen2,page_0326,2,於,Ở,於,U+65BC,char,GOLD,s1_inter_s2_direct,,0.299,112.0,160.0,b91012c89d51,ok,train,yen2|page_0326|c2,"[1291, 587, 1401, 717]",,False,False,False,False,False,False,True,False,False,True,1.4285714285714286,False,False,False,0.0999999999999999,gold_direct,gold-direct(no-s3),75.1512027491409,61bd58afe8836013,1111
58892,gold/yen11_page_0276_c01_007.png,yen11,page_0276,1,勾,câu,勾,U+52FE,char,GOLD,s1_inter_s2_direct,,0.113,103.0,148.0,657b91b0f173,ok,train,yen11|page_0276|c1,"[1496, 1093, 1600, 1213]",,False,False,False,False,False,False,True,False,False,True,1.4368932038834952,False,False,False,0.0999999999999999,gold_direct,gold-direct(no-s3),75.1512027491409,7dc4495a4f8edc9b,1112
11618,gold/yen2_page_0074_c02_036.png,yen2,page_0074,2,柒,thầy,柴,U+67F4,char,GOLD,s1_inter_s2_similar,0.981,0.184,104.0,152.0,b7d4dd6619c6,ok,train,yen2|page_0074|c2,"[1281, 1982, 1385, 2106]",0.981,True,False,False,False,True,False,False,False,False,False,1.4615384615384617,False,False,False,0.3,similar_bridge,similar-bridge,37.63291139240506,6c9b1ec99decf59e,1113
16078,gold/yen11_page_0298_c09_175.png,yen11,page_0298,9,垩,Thánh,垩,U+57A9,char,GOLD,s1_inter_s2_direct,,0.103,110.0,139.0,cd6d58d694dc,ok,train,yen11|page_0298|c9,"[246, 1162, 338, 1275]",,False,False,False,False,False,False,True,False,False,True,1.2636363636363637,False,True,True,0.235,quality_flag,ink-outlier,50.674418604651166,89e301ccd54d364d,1114
49748,gold/yen11_page_0094_c05_105.png,yen11,page_0094,5,黄,vàng,黄,U+9EC4,char,GOLD,s1_inter_s2_direct,,0.189,126.0,129.0,54dd63b3452a,ok,train,yen11|page_0094|c5,"[851, 1946, 962, 2051]",,False,False,False,False,False,False,True,False,False,True,1.0238095238095235,False,False,False,0.0999999999999999,gold_direct,gold-direct(no-s3),75.1512027491409,8ebf9df403351b75,1115
1383,gold/yen4_page_0186_c02_035.png,yen4,page_0186,2,中,trong,中,U+4E2D,char,GOLD,s1_inter_s2_direct,,0.196,85.0,94.0,8cd6bb953b87,ok,train,yen4|page_0186|c2,"[863, 846, 932, 922]",,False,True,False,True,False,False,True,False,False,True,1.1058823529411763,False,False,False,0.9,dup_defect,dup-bbox(AE-1),24.956989247311828,6e386937a81d419d,1116
52780,gold/yen11_page_0154_c01_004.png,yen11,page_0154,1,真,xin,真,U+771F,char,GOLD,s1_inter_s2_direct,,0.166,126.0,152.0,cfd9484bbbd5,ok,train,yen11|page_0154|c1,"[1409, 726, 1517, 850]",,False,False,False,False,False,False,True,False,False,True,1.2063492063492065,False,False,False,0.0999999999999999,gold_direct,gold-direct(no-s3),75.1512027491409,7f424cffd8e68e78,1117
66247,silver/yen11_page_0058_c07_131.png,yen11,page_0058,7,燒,nhiêu,嬈,U+5B08,char,SILVER,s2_inter_s3_corrected,0.822,0.186,103.0,138.0,7a07bc717c57,ok,val,yen11|page_0058|c7,"[577, 625, 685, 737]",0.822,True,False,False,False,False,False,False,False,False,False,1.3398058252427183,False,False,False,0.0,other,clean,75.11320754716981,1844089fb31e10a6,1118
14951,gold/yen11_page_0168_c04_084.png,yen11,page_0168,4,特,được,特,U+7279,char,GOLD,s1_inter_s2_direct,,0.179,79.0,147.0,fbf6175b73ec,tall,test,yen11|page_0168|c4,"[1031, 1904, 1139, 2023]",,False,False,False,False,False,False,True,False,False,True,1.860759493670886,True,False,True,0.2799999999999999,quality_flag,aspect=1.86,50.674418604651166,216c99be07df9f13,1119
33038,gold/yen4_page_0046_c03_049.png,yen4,page_0046,3,殼,xác,殼,U+6BBC,char,GOLD,s1_inter_s2_direct,,0.184,78.0,90.0,3efbd11f2576,ok,train,yen4|page_0046|c3,"[767, 557, 837, 631]",,False,False,False,False,False,False,True,False,False,True,1.1538461538461535,False,False,False,0.0999999999999999,gold_direct,gold-direct(no-s3),75.1512027491409,79ea20d0e69125f0,1120
7599,syllable/yen11_page_0070_c03_047.png,yen11,page_0070,3,人,ấy,,,syllable,SYLLABLE,nghia_consensus,0.363,0.194,110.0,136.0,dce090e944d7,ok,train,yen11|page_0070|c3,"[1191, 827, 1296, 940]",0.363,True,False,False,False,False,False,False,True,True,False,1.2363636363636363,False,False,False,0.6,s3_low,s3=0.36<τ,37.47752808988764,81b5107c9fa38576,1121
8995,gold/yen4_page_0246_c07_141.png,yen4,page_0246,7,出,đốt,茁,U+8301,char,GOLD,s1_inter_s2_similar,0.56,0.14,88.0,101.0,b0ddd958080f,ok,train,yen4|page_0246|c7,"[381, 1068, 453, 1151]",0.56,True,False,False,False,True,False,False,True,False,False,1.1477272727272727,False,False,False,0.5,similar_bridge_lowcos,"similar-bridge,s3=0.56<τ",24.933333333333334,635f406f469df853,1122
37476,gold/yen4_page_0138_c08_159.png,yen4,page_0138,8,包,vào,包,U+5305,char,GOLD,s1_inter_s2_direct,,0.149,79.0,94.0,b76be8e9c862,ok,train,yen4|page_0138|c8,"[262, 300, 328, 376]",,False,False,False,False,False,False,True,False,False,True,1.1898734177215189,False,False,False,0.0999999999999999,gold_direct,gold-direct(no-s3),75.1512027491409,e56e266bb074187f,1123
53201,gold/yen11_page_0162_c05_095.png,yen11,page_0162,5,折,chết,折,U+6298,char,GOLD,s1_inter_s2_direct,,0.182,98.0,146.0,cf3690c05ce6,ok,val,yen11|page_0162|c5,"[945, 1028, 1055, 1146]",,False,False,False,False,False,False,True,False,False,True,1.489795918367347,False,False,False,0.0999999999999999,gold_direct,gold-direct(no-s3),75.1512027491409,fe3ab66e4af256b4,1124
49,silver/yen11_page_0022_c01_016.png,yen11,page_0022,1,濟,nấu,耨,U+8028,char,SILVER,s3_head_bank_consensus,0.015,0.19,126.0,137.0,103ac10ab02a,ok,test,yen11|page_0022|c1,"[1277, 1869, 1392, 1980]",0.015,True,True,True,True,False,True,False,True,True,False,1.0873015873015872,False,False,False,0.976,dup_defect,"dup-bbox(AE-1),cross-col(F1),silver-headbank,s3=0.01<τ",24.956989247311828,46a7f6c66246d97d,1125
28031,gold/yen2_page_0258_c04_068.png,yen2,page_0258,4,眉,Mày,眉,U+7709,char,GOLD,s1_inter_s2_direct,,0.203,96.0,172.0,524fa89a53ca,ok,train,yen2|page_0258|c4,"[991, 1686, 1101, 1826]",,False,False,False,False,False,False,True,False,False,True,1.7916666666666667,False,False,False,0.0999999999999999,gold_direct,gold-direct(no-s3),75.1512027491409,b4ae67db6c2004ae,1126
9984,silver/yen2_page_0228_c09_148.png,yen2,page_0228,9,爵,le,离,U+79BB,char,SILVER,s2_inter_s3_corrected,0.52,0.215,115.0,160.0,6e11ff765708,ok,train,yen2|page_0228|c9,"[238, 587, 346, 717]",0.52,True,False,False,False,False,False,False,True,False,False,1.391304347826087,False,False,False,0.35,s3_low,s3=0.52<τ,37.47752808988764,420e5e0bb59cdf66,1127
64127,silver/yen4_page_0130_c01_009.png,yen4,page_0130,1,绰,rước,綽,U+7DBD,char,SILVER,s2_inter_s3_corrected,0.79,0.144,83.0,101.0,8660b3cc30e4,ok,train,yen4|page_0130|c1,"[974, 842, 1052, 925]",0.79,True,False,False,False,False,False,False,False,False,False,1.216867469879518,False,False,False,0.0,other,clean,75.11320754716981,946f6fe6a7d0f304,1128
1132,gold/yen4_page_0100_c06_122.png,yen4,page_0100,6,翁,ong,翁,U+7FC1,char,GOLD,s1_inter_s2_direct,,0.158,67.0,96.0,7e8cd8de6763,ok,val,yen4|page_0100|c6,"[561, 1252, 633, 1330]",,False,True,False,True,False,False,True,False,False,True,1.4328358208955223,False,False,False,0.9,dup_defect,dup-bbox(AE-1),24.956989247311828,a561fd020e963fe9,1129
1950,gold/yen11_page_0058_c01_009.png,yen11,page_0058,1,末,mắt,末,U+672B,char,GOLD,s1_inter_s2_direct,,0.206,93.0,133.0,3b983c3de06d,ok,train,yen11|page_0058|c1,"[1486, 1294, 1593, 1407]",,False,True,False,True,False,False,True,False,False,True,1.4301075268817205,False,False,False,0.9,dup_defect,dup-bbox(AE-1),24.956989247311828,b1ab1ad34f48620a,1130
4144,gold/yen11_page_0160_c01_020.png,yen11,page_0160,1,儿,kẻ,几,U+51E0,char,GOLD,s1_inter_s2_similar,0.451,0.15,86.0,114.0,2dcdc4341492,ok,test,yen11|page_0160|c1,"[1479, 2101, 1574, 2199]",0.451,True,False,False,False,True,False,False,True,True,False,1.3255813953488371,False,False,False,0.7,similar_bridge_lowcos,"similar-bridge,s3=0.45<τ",24.933333333333334,29f607ed0b9a3143,1131
30216,gold/yen2_page_0306_c07_127.png,yen2,page_0306,7,世,thế,世,U+4E16,char,GOLD,s1_inter_s2_direct,,0.203,124.0,155.0,0f5409a6a74a,ok,train,yen2|page_0306|c7,"[554, 1604, 669, 1729]",,False,False,False,False,False,False,True,False,False,True,1.25,False,False,False,0.0999999999999999,gold_direct,gold-direct(no-s3),75.1512027491409,824b727b02abab7b,1132
15729,gold/yen4_page_0116_c08_152.png,yen4,page_0116,8,多,đi,多,U+591A,char,GOLD,s1_inter_s2_direct,,0.1,65.0,100.0,b340fb7a7ae5,ok,train,yen4|page_0116|c8,"[276, 304, 344, 386]",,False,False,False,False,False,False,True,False,False,True,1.5384615384615383,False,True,True,0.235,quality_flag,ink-outlier,50.674418604651166,8d0b306feac6a14b,1133
22210,gold/yen2_page_0126_c07_134.png,yen2,page_0126,7,事,sự,事,U+4E8B,char,GOLD,s1_inter_s2_direct,,0.204,107.0,140.0,72d6d45747af,ok,test,yen2|page_0126|c7,"[542, 866, 640, 980]",,False,False,False,False,False,False,True,False,False,True,1.308411214953271,False,False,False,0.0999999999999999,gold_direct,gold-direct(no-s3),75.1512027491409,3a97864c048da8fe,1134
24869,gold/yen2_page_0184_c05_077.png,yen2,page_0184,5,事,sự,事,U+4E8B,char,GOLD,s1_inter_s2_direct,,0.257,113.0,147.0,1a7ad848f8cd,ok,train,yen2|page_0184|c5,"[868, 1062, 976, 1181]",,False,False,False,False,False,False,True,False,False,True,1.3008849557522124,False,False,False,0.0999999999999999,gold_direct,gold-direct(no-s3),75.1512027491409,f457a9b651e7fa74,1135
4064,gold/yen11_page_0014_c09_177.png,yen11,page_0014,9,旱,người,㝵,U+3775,char,GOLD,s1_inter_s2_similar,0.455,0.151,94.0,126.0,bf1ab3c73556,ok,train,yen11|page_0014|c9,"[242, 1108, 340, 1212]",0.455,True,False,False,False,True,False,False,True,True,False,1.3404255319148937,False,False,False,0.7,similar_bridge_lowcos,"similar-bridge,s3=0.46<τ",24.933333333333334,dc5c4f5f109c45a3,1136
1677,gold/yen4_page_0274_c06_125.png,yen4,page_0274,6,麻,mà,麻,U+9EBB,char,GOLD,s1_inter_s2_direct,,0.19,73.0,94.0,b63033b5db13,ok,val,yen4|page_0274|c6,"[476, 1154, 546, 1230]",,False,False,True,True,False,False,True,False,False,True,1.2876712328767124,False,False,False,0.9,dup_defect,cross-col(F1),24.956989247311828,f425f1de2c239dc4,1137
64597,silver/yen4_page_0182_c02_034.png,yen4,page_0182,2,恐,ta,些,U+4E9B,char,SILVER,s2_inter_s3_corrected,0.91,0.168,60.0,87.0,9c25fc3be89e,ok,train,yen4|page_0182|c2,"[900, 819, 967, 890]",0.91,True,False,False,False,False,False,False,False,False,False,1.45,False,False,False,0.0,other,clean,75.11320754716981,46f743c2ce768ad5,1138
13518,gold/yen11_page_0090_c08_159.png,yen11,page_0090,8,煒,sốt,焠,U+7120,char,GOLD,s1_inter_s2_similar,0.969,0.205,88.0,140.0,acd97c64c600,ok,train,yen11|page_0090|c8,"[393, 511, 500, 625]",0.969,True,False,False,False,True,False,False,False,False,False,1.5909090909090908,False,False,False,0.3,similar_bridge,similar-bridge,37.63291139240506,d021b9924184adda,1139
48132,gold/yen11_page_0058_c07_140.png,yen11,page_0058,7,宻,mật,宻,U+5BBB,char,GOLD,s1_inter_s2_direct,,0.155,99.0,138.0,7f2ddfd6c078,ok,val,yen11|page_0058|c7,"[567, 1421, 673, 1533]",,False,False,False,False,False,False,True,False,False,True,1.393939393939394,False,False,False,0.0999999999999999,gold_direct,gold-direct(no-s3),75.1512027491409,ccb2773a0399b1b7,1140
11971,gold/yen2_page_0176_c04_064.png,yen2,page_0176,4,不,vậy,丕,U+4E15,char,GOLD,s1_inter_s2_similar,0.73,0.188,138.0,152.0,31b5c72864f7,ok,val,yen2|page_0176|c4,"[970, 1392, 1082, 1516]",0.73,True,False,False,False,True,False,False,False,False,False,1.1014492753623188,False,False,False,0.3,similar_bridge,similar-bridge,37.63291139240506,74ea899a2092c926,1141
3483,silver/yen11_page_0146_c03_056.png,yen11,page_0146,3,恩,đạo,道,U+9053,char,SILVER,s3_head_bank_consensus,0.16,0.235,102.0,131.0,be03279b39a5,ok,train,yen11|page_0146|c3,"[1146, 1480, 1256, 1587]",0.16,True,False,False,False,False,True,False,True,True,False,1.2843137254901962,False,False,False,0.76,silver_headbank,"silver-headbank,s3=0.16<τ",38.05128205128205,fd623d70d406f763,1142
55433,gold/yen11_page_0204_c08_173.png,yen11,page_0204,8,㝵,người,㝵,U+3775,char,GOLD,s1_inter_s2_direct,,0.141,113.0,149.0,d0c3493fc45a,ok,train,yen11|page_0204|c8,"[444, 2085, 548, 2206]",,False,False,False,False,False,False,True,False,False,True,1.3185840707964602,False,False,False,0.0999999999999999,gold_direct,gold-direct(no-s3),75.1512027491409,6e8b22f748f388c4,1143
24420,gold/yen2_page_0174_c03_045.png,yen2,page_0174,3,些,ta,些,U+4E9B,char,GOLD,s1_inter_s2_direct,,0.202,126.0,146.0,cecc471e6afd,ok,train,yen2|page_0174|c3,"[1144, 764, 1246, 882]",,False,False,False,False,False,False,True,False,False,True,1.1587301587301588,False,False,False,0.0999999999999999,gold_direct,gold-direct(no-s3),75.1512027491409,47dd4b78a035317a,1144
11,silver/yen2_page_0078_c03_053.png,yen2,page_0078,3,敵,trá,詐,U+8A50,char,SILVER,s3_head_bank_consensus,0.396,0.206,118.0,140.0,49f71b6dc753,ok,train,yen2|page_0078|c3,"[1173, 1509, 1275, 1623]",0.396,True,True,False,True,False,True,False,True,True,False,1.1864406779661016,False,False,False,0.976,dup_defect,"dup-bbox(AE-1),silver-headbank,s3=0.40<τ",24.956989247311828,6b82807d4ac73a3b,1145
7207,syllable/yen4_page_0282_c01_020.png,yen4,page_0282,1,閤,gian,,,syllable,SYLLABLE,nghia_consensus,0.076,0.171,62.0,78.0,f76851c1e218,ok,train,yen4|page_0282|c1,"[897, 1578, 965, 1645]",0.076,True,False,False,False,False,False,False,True,True,False,1.2580645161290325,False,False,False,0.6,s3_low,s3=0.08<τ,37.47752808988764,2e96c5d40beb5fe5,1146
32556,gold/yen4_page_0036_c06_119.png,yen4,page_0036,6,碎,tôi,碎,U+788E,char,GOLD,s1_inter_s2_direct,,0.128,96.0,97.0,e20123d3eb93,ok,train,yen4|page_0036|c6,"[489, 1167, 567, 1246]",,False,False,False,False,False,False,True,False,False,True,1.0104166666666667,False,False,False,0.0999999999999999,gold_direct,gold-direct(no-s3),75.1512027491409,a9cc92a7119eb366,1147
5777,syllable/yen2_page_0252_c08_126.png,yen2,page_0252,8,𭃡,xưa,,,syllable,SYLLABLE,nghia_consensus,0.365,0.159,107.0,173.0,69f46ebdc84a,ok,train,yen2|page_0252|c8,"[374, 1724, 489, 1865]",0.365,True,False,False,False,False,False,False,True,True,False,1.616822429906542,False,False,False,0.6,s3_low,s3=0.36<τ,37.47752808988764,3dbe397deacb763e,1148
4017,gold/yen4_page_0236_c06_102.png,yen4,page_0236,6,矢,thiên,天,U+5929,char,GOLD,s1_inter_s2_similar,0.364,0.151,54.0,86.0,b34ae631d901,ok,test,yen4|page_0236|c6,"[484, 480, 548, 551]",0.364,True,False,False,False,True,False,False,True,True,False,1.5925925925925926,False,False,False,0.7,similar_bridge_lowcos,"similar-bridge,s3=0.36<τ",24.933333333333334,01a06d2d394c50dc,1149
