source_row,image,book,page,column,ocr_char,syllable,label,unicode,label_level,tier,rule,s3_cosine,ink_pct,crop_w,crop_h,image_md5,seg_flag,split,split_group,bbox,s3_val,s3_present,dup_bbox,cross_col,dup_defect,similar_bridge,head_bank,gold_direct,s3_low,s3_verylow,s3_missing,aspect,aspect_out,ink_out,quality_flag,suspicion,stratum,risk_reason,design_weight,item_id,audit_order
64078,silver/yen4_page_0124_c05_101.png,yen4,page_0124,5,許,gian,奸,U+5978,char,SILVER,s2_inter_s3_corrected,0.73,0.153,71.0,94.0,34a14ca6f070,ok,train,yen4|page_0124|c5,"[565, 917, 634, 993]",0.73,True,False,False,False,False,False,False,False,False,False,1.323943661971831,False,False,False,0.0,other,clean,80.46808510638297,4d6f66b39712e077,0
65599,silver/yen4_page_0282_c09_192.png,yen4,page_0282,9,數,khi,欺,U+6B3A,char,SILVER,s2_inter_s3_corrected,0.981,0.184,74.0,99.0,a0205f638086,ok,train,yen4|page_0282|c9,"[214, 884, 286, 965]",0.981,True,False,False,False,False,False,False,False,False,False,1.337837837837838,False,False,False,0.0,other,clean,80.46808510638297,c339a4e0bca5fe45,1
18200,gold/yen2_page_0046_c07_129.png,yen2,page_0046,7,悲,Bây,悲,U+60B2,char,GOLD,s1_inter_s2_direct,,0.238,123.0,148.0,49cf7a0c0006,ok,train,yen2|page_0046|c7,"[532, 563, 638, 683]",,False,False,False,False,False,False,True,False,False,True,1.2032520325203253,False,False,False,0.0999999999999999,gold_direct,gold-direct(no-s3),80.46808510638297,1c475954beff6240,2
67755,silver/yen11_page_0256_c05_108.png,yen11,page_0256,5,道,nghe,宜,U+5B9C,char,SILVER,s2_inter_s3_corrected,0.667,0.136,101.0,140.0,516daf96f87d,ok,train,yen11|page_0256|c5,"[895, 2173, 998, 2287]",0.667,True,False,False,False,False,False,False,False,False,False,1.386138613861386,False,False,False,0.0,other,clean,80.46808510638297,9ee9d15a2b8d7a43,3
25342,gold/yen2_page_0194_c08_139.png,yen2,page_0194,8,与,dữ,与,U+4E0E,char,GOLD,s1_inter_s2_direct,,0.193,124.0,178.0,ced1c931415c,ok,train,yen2|page_0194|c8,"[340, 1913, 450, 2057]",,False,False,False,False,False,False,True,False,False,True,1.435483870967742,False,False,False,0.0999999999999999,gold_direct,gold-direct(no-s3),80.46808510638297,4a2b6ffd5b94378a,4
33244,gold/yen4_page_0050_c02_041.png,yen4,page_0050,2,傳,truyện,傳,U+50B3,char,GOLD,s1_inter_s2_direct,,0.154,84.0,88.0,97e0b1e46ff6,ok,train,yen4|page_0050|c2,"[855, 1503, 925, 1575]",,False,False,False,False,False,False,True,False,False,True,1.0476190476190477,False,False,False,0.0999999999999999,gold_direct,gold-direct(no-s3),80.46808510638297,08334dbce478bed9,5
1973,gold/yen11_page_0070_c09_179.png,yen11,page_0070,9,麻,mà,麻,U+9EBB,char,GOLD,s1_inter_s2_direct,,0.213,98.0,137.0,663df4ff7b4f,ok,train,yen11|page_0070|c9,"[273, 1974, 373, 2085]",,False,True,False,True,False,False,True,False,False,True,1.3979591836734695,False,False,False,0.9,dup_defect,dup-bbox(AE-1),80.46808510638297,5e9f14da6ac07600,6
22951,gold/yen2_page_0140_c07_110.png,yen2,page_0140,7,要,yếu,要,U+8981,char,GOLD,s1_inter_s2_direct,,0.24,125.0,138.0,9adc2da15e3a,ok,val,yen2|page_0140|c7,"[504, 831, 605, 943]",,False,False,False,False,False,False,True,False,False,True,1.104,False,False,False,0.0999999999999999,gold_direct,gold-direct(no-s3),80.46808510638297,5895d4474eea6b41,7
21662,gold/yen2_page_0116_c04_074.png,yen2,page_0116,4,郎,sang,郎,U+90CE,char,GOLD,s1_inter_s2_direct,,0.193,114.0,158.0,032eb53a57c4,ok,test,yen2|page_0116|c4,"[989, 2288, 1102, 2416]",,False,False,False,False,False,False,True,False,False,True,1.3859649122807018,False,False,False,0.0999999999999999,gold_direct,gold-direct(no-s3),80.46808510638297,127982bf2101de3d,8
19386,gold/yen2_page_0070_c05_076.png,yen2,page_0070,5,每,môi,每,U+6BCF,char,GOLD,s1_inter_s2_direct,,0.281,104.0,152.0,b1b7d93d9b64,ok,train,yen2|page_0070|c5,"[841, 1505, 948, 1629]",,False,False,False,False,False,False,True,False,False,True,1.4615384615384617,False,False,False,0.0999999999999999,gold_direct,gold-direct(no-s3),80.46808510638297,510412a4fdb28337,9
59918,gold/yen11_page_0296_c04_054.png,yen11,page_0296,4,昆,con,昆,U+6606,char,GOLD,s1_inter_s2_direct,,0.161,94.0,140.0,05c7556df1ab,ok,train,yen11|page_0296|c4,"[1027, 531, 1133, 645]",,False,False,False,False,False,False,True,False,False,True,1.4893617021276595,False,False,False,0.0999999999999999,gold_direct,gold-direct(no-s3),80.46808510638297,d85341ae5cebc1eb,10
7241,syllable/yen4_page_0294_c04_071.png,yen4,page_0294,4,定,đem,,,syllable,SYLLABLE,nghia_consensus,0.051,0.169,63.0,96.0,115c4b798d31,ok,val,yen4|page_0294|c4,"[655, 741, 721, 819]",0.051,True,False,False,False,False,False,False,True,True,False,1.5238095238095235,False,False,False,0.6,s3_low,s3=0.05<τ,80.46808510638297,51fa3084e6208f6f,11
13460,gold/yen11_page_0066_c08_168.png,yen11,page_0066,8,曵,một,更,U+66F4,char,GOLD,s1_inter_s2_similar,0.821,0.155,83.0,139.0,d65f2a2ead9f,ok,train,yen11|page_0066|c8,"[400, 2099, 500, 2212]",0.821,True,False,False,False,True,False,False,False,False,False,1.6746987951807228,False,False,False,0.3,similar_bridge,similar-bridge,80.46808510638297,84574392502004f2,12
8373,syllable/yen11_page_0214_c05_087.png,yen11,page_0214,5,之,pha,,,syllable,SYLLABLE,nghia_consensus,0.111,0.161,80.0,142.0,a082a904a911,ok,test,yen11|page_0214|c5,"[843, 698, 945, 814]",0.111,True,False,False,False,False,False,False,True,True,False,1.775,False,False,False,0.6,s3_low,s3=0.11<τ,80.46808510638297,b820bb16418a6dd2,13
67861,silver/yen11_page_0272_c02_022.png,yen11,page_0272,2,翹,lên,連,U+9023,char,SILVER,s2_inter_s3_corrected,0.924,0.264,107.0,101.0,b032f2db4b17,ok,train,yen11|page_0272|c2,"[1383, 458, 1489, 562]",0.924,True,False,False,False,False,False,False,False,False,False,0.9439252336448598,False,False,False,0.0,other,clean,80.46808510638297,07296a1e5c5f26db,14
59709,gold/yen11_page_0292_c04_074.png,yen11,page_0292,4,碎,Tôi,碎,U+788E,char,GOLD,s1_inter_s2_direct,,0.176,112.0,155.0,c77975379256,ok,train,yen11|page_0292|c4,"[1053, 1662, 1157, 1787]",,False,False,False,False,False,False,True,False,False,True,1.3839285714285714,False,False,False,0.0999999999999999,gold_direct,gold-direct(no-s3),80.46808510638297,204e9a98a192e5d8,15
58177,gold/yen11_page_0260_c07_151.png,yen11,page_0260,7,𥓓,bia,𥓓,U+254D3,char,GOLD,s1_inter_s2_direct,,0.187,114.0,134.0,69580f666cd8,ok,train,yen11|page_0260|c7,"[545, 2184, 651, 2299]",,False,False,False,False,False,False,True,False,False,True,1.1754385964912282,False,False,False,0.0999999999999999,gold_direct,gold-direct(no-s3),80.46808510638297,32ac1ea5eee6e30a,16
495,gold/yen4_page_0022_c08_175.png,yen4,page_0022,8,徳,Đức,徳,U+5FB3,char,GOLD,s1_inter_s2_direct,,0.072,80.0,80.0,87fd74184b8c,ok,train,yen4|page_0022|c8,"[283, 1205, 349, 1275]",,False,True,False,True,False,False,True,False,False,True,1.0,False,True,True,0.915,dup_defect,"dup-bbox(AE-1),ink-outlier",80.46808510638297,6513dd010dbe153b,17
15101,gold/yen11_page_0232_c08_162.png,yen11,page_0232,8,午,ngủ,午,U+5348,char,GOLD,s1_inter_s2_direct,,0.186,80.0,145.0,daf60a085824,tall,test,yen11|page_0232|c8,"[424, 1538, 526, 1655]",,False,False,False,False,False,False,True,False,False,True,1.8125,True,False,True,0.2799999999999999,quality_flag,aspect=1.81,80.46808510638297,a7ffc936e30f1289,18
1630,gold/yen4_page_0272_c01_017.png,yen4,page_0272,1,㝵,người,㝵,U+3775,char,GOLD,s1_inter_s2_direct,,0.143,90.0,105.0,4ae684c2bb12,ok,train,yen4|page_0272|c1,"[893, 1315, 967, 1400]",,False,False,True,True,False,False,True,False,False,True,1.1666666666666667,False,False,False,0.9,dup_defect,cross-col(F1),80.46808510638297,a43163173e912b28,19
62776,silver/yen2_page_0302_c08_142.png,yen2,page_0302,8,因,có,固,U+56FA,char,SILVER,s2_inter_s3_corrected,0.981,0.2,129.0,168.0,0b792b4ea67e,ok,train,yen2|page_0302|c8,"[381, 1350, 498, 1486]",0.981,True,False,False,False,False,False,False,False,False,False,1.302325581395349,False,False,False,0.0,other,clean,80.46808510638297,f92d3fdebdadedeb,20
22530,gold/yen2_page_0132_c05_090.png,yen2,page_0132,5,卒,tốt,卒,U+5352,char,GOLD,s1_inter_s2_direct,,0.165,127.0,138.0,d41066e2d51d,ok,train,yen2|page_0132|c5,"[790, 1019, 893, 1131]",,False,False,False,False,False,False,True,False,False,True,1.0866141732283463,False,False,False,0.0999999999999999,gold_direct,gold-direct(no-s3),80.46808510638297,99417aca32fd183b,21
50495,gold/yen11_page_0108_c07_145.png,yen11,page_0108,7,碎,tôi,碎,U+788E,char,GOLD,s1_inter_s2_direct,,0.187,99.0,145.0,871138f29ffe,ok,train,yen11|page_0108|c7,"[553, 2015, 657, 2132]",,False,False,False,False,False,False,True,False,False,True,1.4646464646464648,False,False,False,0.0999999999999999,gold_direct,gold-direct(no-s3),80.46808510638297,4e7bb226e85ea644,22
24936,gold/yen2_page_0186_c03_038.png,yen2,page_0186,3,歇,hết,歇,U+6B47,char,GOLD,s1_inter_s2_direct,,0.217,132.0,146.0,5e8b958c9276,ok,train,yen2|page_0186|c3,"[1087, 505, 1195, 629]",,False,False,False,False,False,False,True,False,False,True,1.106060606060606,False,False,False,0.0999999999999999,gold_direct,gold-direct(no-s3),80.46808510638297,1f9a04d0c6422db0,23
16097,silver/yen2_page_0264_c08_140.png,yen2,page_0264,8,在,chăng,庄,U+5E84,char,SILVER,s2_inter_s3_corrected,0.833,0.19,77.0,167.0,ad3bab7a2d63,tall,train,yen2|page_0264|c8,"[354, 785, 462, 920]",0.833,True,False,False,False,False,False,False,False,False,False,2.168831168831169,True,False,True,0.1999999999999999,quality_flag,aspect=2.17,80.46808510638297,462f022a4fd5edc0,24
25690,gold/yen2_page_0204_c01_008.png,yen2,page_0204,1,朱,cho,朱,U+6731,char,GOLD,s1_inter_s2_direct,,0.269,117.0,168.0,43c9761479af,ok,train,yen2|page_0204|c1,"[1437, 1395, 1550, 1531]",,False,False,False,False,False,False,True,False,False,True,1.435897435897436,False,False,False,0.0999999999999999,gold_direct,gold-direct(no-s3),80.46808510638297,c5bd6014e8e24edd,25
22685,gold/yen2_page_0134_c09_183.png,yen2,page_0134,9,昆,con,昆,U+6606,char,GOLD,s1_inter_s2_direct,,0.2,104.0,148.0,82aaeda67936,ok,train,yen2|page_0134|c9,"[231, 1713, 334, 1833]",,False,False,False,False,False,False,True,False,False,True,1.4230769230769231,False,False,False,0.0999999999999999,gold_direct,gold-direct(no-s3),80.46808510638297,4faf128205368ea1,26
61880,silver/yen2_page_0190_c06_105.png,yen2,page_0190,6,通,giục,逐,U+9010,char,SILVER,s2_inter_s3_corrected,0.893,0.238,141.0,148.0,faa8fee26af4,ok,train,yen2|page_0190|c6,"[670, 1856, 785, 1986]",0.893,True,False,False,False,False,False,False,False,False,False,1.049645390070922,False,False,False,0.0,other,clean,80.46808510638297,4afa9092b6c9c6e7,27
332,syllable/yen11_page_0210_c07_117.png,yen11,page_0210,7,節,sang,,,syllable,SYLLABLE,nghia_consensus,0.026,0.169,112.0,113.0,8a01f090956d,ok,train,yen11|page_0210|c7,"[774, 1540, 883, 1654]",0.026,True,False,True,True,False,False,False,True,True,False,1.0089285714285714,False,False,False,0.96,dup_defect,"cross-col(F1),s3=0.03<τ",80.46808510638297,2e415f101096d707,28
23099,gold/yen2_page_0146_c02_034.png,yen2,page_0146,2,盈,riêng,盈,U+76C8,char,GOLD,s1_inter_s2_direct,,0.248,113.0,155.0,848083e4f876,ok,train,yen2|page_0146|c2,"[1306, 1718, 1413, 1843]",,False,False,False,False,False,False,True,False,False,True,1.3716814159292037,False,False,False,0.0999999999999999,gold_direct,gold-direct(no-s3),80.46808510638297,4c0446dda650057b,29
358,silver/yen2_page_0218_c04_066.png,yen2,page_0218,4,用,vua,君,U+541B,char,SILVER,s2_inter_s3_corrected,0.521,0.298,105.0,149.0,13055a9571a3,ok,test,yen2|page_0218|c4,"[990, 1408, 1096, 1529]",0.521,True,False,True,True,False,False,False,True,False,False,1.4190476190476191,False,False,False,0.935,dup_defect,"cross-col(F1),s3=0.52<τ",80.46808510638297,0d140c03aec58b1f,30
10714,syllable/yen4_page_0264_c08_162.png,yen4,page_0264,8,廪,lăm,,,syllable,SYLLABLE,nghia_consensus,0.505,0.106,78.0,101.0,ead8a9d348cf,ok,train,yen4|page_0264|c8,"[275, 840, 346, 923]",0.505,True,False,False,False,False,False,False,True,False,False,1.294871794871795,False,False,False,0.35,s3_low,s3=0.51<τ,80.46808510638297,749952244e585e5a,31
49893,gold/yen11_page_0098_c02_026.png,yen11,page_0098,2,固,có,固,U+56FA,char,GOLD,s1_inter_s2_direct,,0.204,89.0,146.0,5926dca96eba,ok,train,yen11|page_0098|c2,"[1331, 1026, 1439, 1144]",,False,False,False,False,False,False,True,False,False,True,1.6404494382022472,False,False,False,0.0999999999999999,gold_direct,gold-direct(no-s3),80.46808510638297,e57915e3140149f3,32
39439,gold/yen4_page_0176_c08_163.png,yen4,page_0176,8,持,nghỉ,持,U+6301,char,GOLD,s1_inter_s2_direct,,0.12,59.0,86.0,7ff9dba2153c,ok,train,yen4|page_0176|c8,"[275, 299, 345, 378]",,False,False,False,False,False,False,True,False,False,True,1.4576271186440677,False,False,False,0.0999999999999999,gold_direct,gold-direct(no-s3),80.46808510638297,7d67d1f321854327,33
65200,silver/yen4_page_0244_c04_068.png,yen4,page_0244,4,越,sáu,老,U+8001,char,SILVER,s2_inter_s3_corrected,0.824,0.177,79.0,84.0,d77c85495552,ok,train,yen4|page_0244|c4,"[670, 295, 741, 373]",0.824,True,False,False,False,False,False,False,False,False,False,1.0632911392405062,False,False,False,0.0,other,clean,80.46808510638297,979e8fd6b271ba25,34
42945,gold/yen4_page_0252_c05_098.png,yen4,page_0252,5,翁,ông,翁,U+7FC1,char,GOLD,s1_inter_s2_direct,,0.153,68.0,87.0,5f1b40045064,ok,train,yen4|page_0252|c5,"[568, 588, 635, 661]",,False,False,False,False,False,False,True,False,False,True,1.2794117647058822,False,False,False,0.0999999999999999,gold_direct,gold-direct(no-s3),80.46808510638297,e388e1dffb4dca9f,35
7839,syllable/yen11_page_0116_c01_015.png,yen11,page_0116,1,人,ấy,,,syllable,SYLLABLE,nghia_consensus,0.106,0.126,96.0,140.0,48a04fee0a3c,ok,train,yen11|page_0116|c1,"[1514, 1831, 1618, 1945]",0.106,True,False,False,False,False,False,False,True,True,False,1.4583333333333333,False,False,False,0.6,s3_low,s3=0.11<τ,80.46808510638297,6d2df2b4a2b5a195,36
10226,silver/yen4_page_0042_c02_023.png,yen4,page_0042,2,商,lời,例,U+4F8B,char,SILVER,s2_inter_s3_corrected,0.596,0.148,67.0,97.0,ed4e27ce4f7c,ok,train,yen4|page_0042|c2,"[859, 324, 928, 403]",0.596,True,False,False,False,False,False,False,True,False,False,1.4477611940298507,False,False,False,0.35,s3_low,s3=0.60<τ,80.46808510638297,d065f73272a36eaa,37
62077,silver/yen2_page_0210_c01_007.png,yen2,page_0210,1,妄,An,安,U+5B89,char,SILVER,s2_inter_s3_corrected,0.901,0.205,110.0,166.0,c0d4d1e59567,ok,train,yen2|page_0210|c1,"[1457, 1262, 1559, 1396]",0.901,True,False,False,False,False,False,False,False,False,False,1.509090909090909,False,False,False,0.0,other,clean,80.46808510638297,b983cd31d995fb14,38
11513,gold/yen2_page_0048_c03_045.png,yen2,page_0048,3,建,trên,連,U+9023,char,GOLD,s1_inter_s2_similar,0.955,0.257,128.0,129.0,ade7aeab20df,ok,train,yen2|page_0048|c3,"[1114, 2148, 1223, 2253]",0.955,True,False,False,False,True,False,False,False,False,False,1.0078125,False,False,False,0.3,similar_bridge,similar-bridge,80.46808510638297,49759f00eef8b5aa,39
54305,gold/yen11_page_0184_c01_008.png,yen11,page_0184,1,事,sự,事,U+4E8B,char,GOLD,s1_inter_s2_direct,,0.115,108.0,148.0,eefec1c41b15,ok,train,yen11|page_0184|c1,"[1475, 1169, 1580, 1289]",,False,False,False,False,False,False,True,False,False,True,1.3703703703703705,False,False,False,0.0999999999999999,gold_direct,gold-direct(no-s3),80.46808510638297,2b16206fb820c135,40
49530,gold/yen11_page_0090_c05_103.png,yen11,page_0090,5,烝,chưng,烝,U+70DD,char,GOLD,s1_inter_s2_direct,,0.143,94.0,136.0,95935083fe0e,ok,val,yen11|page_0090|c5,"[839, 1491, 943, 1601]",,False,False,False,False,False,False,True,False,False,True,1.446808510638298,False,False,False,0.0999999999999999,gold_direct,gold-direct(no-s3),80.46808510638297,dd21a3ffbd85c4b6,41
6197,syllable/yen4_page_0032_c09_162.png,yen4,page_0032,9,貯,gần,,,syllable,SYLLABLE,nghia_consensus,0.132,0.133,64.0,109.0,9200774c6c7d,ok,train,yen4|page_0032|c9,"[159, 541, 237, 630]",0.132,True,False,False,False,False,False,False,True,True,False,1.703125,False,False,False,0.6,s3_low,s3=0.13<τ,80.46808510638297,28576a7600e22954,42
37599,gold/yen4_page_0140_c09_174.png,yen4,page_0140,9,女,nữa,女,U+5973,char,GOLD,s1_inter_s2_direct,,0.117,62.0,68.0,2d6a031f8d07,ok,train,yen4|page_0140|c9,"[175, 233, 243, 303]",,False,False,False,False,False,False,True,False,False,True,1.096774193548387,False,False,False,0.0999999999999999,gold_direct,gold-direct(no-s3),80.46808510638297,9dc6784a9e11fc22,43
59314,gold/yen11_page_0284_c06_080.png,yen11,page_0284,6,几,kẻ,几,U+51E0,char,GOLD,s1_inter_s2_direct,,0.122,110.0,146.0,1b0920dfac96,ok,test,yen11|page_0284|c6,"[737, 976, 845, 1094]",,False,False,False,False,False,False,True,False,False,True,1.3272727272727274,False,False,False,0.0999999999999999,gold_direct,gold-direct(no-s3),80.46808510638297,ba9d06eacd68d2ce,44
8605,syllable/yen11_page_0250_c05_092.png,yen11,page_0250,5,万,Đức,,,syllable,SYLLABLE,nghia_consensus,0.141,0.227,61.0,97.0,d4700000d821,ok,train,yen11|page_0250|c5,"[887, 434, 984, 527]",0.141,True,False,False,False,False,False,False,True,True,False,1.5901639344262295,False,False,False,0.6,s3_low,s3=0.14<τ,80.46808510638297,eedaa9dee1ff0b9e,45
21455,gold/yen2_page_0112_c05_093.png,yen2,page_0112,5,欺,Khi,欺,U+6B3A,char,GOLD,s1_inter_s2_direct,,0.253,125.0,138.0,2e351bc3143a,ok,train,yen2|page_0112|c5,"[835, 1483, 941, 1595]",,False,False,False,False,False,False,True,False,False,True,1.104,False,False,False,0.0999999999999999,gold_direct,gold-direct(no-s3),80.46808510638297,1107ac408d9ecb6e,46
2509,silver/yen2_page_0096_c02_026.png,yen2,page_0096,2,奡,trăm,林,U+6797,char,SILVER,s3_head_bank_consensus,0.097,0.225,125.0,137.0,26a99b19d4e2,ok,train,yen2|page_0096|c2,"[1285, 751, 1390, 862]",0.097,True,False,False,False,False,True,False,True,True,False,1.096,False,False,False,0.76,silver_headbank,"silver-headbank,s3=0.10<τ",80.46808510638297,54a34a27a24f1a8f,47
13028,gold/yen4_page_0224_c06_116.png,yen4,page_0224,6,運,liền,蓮,U+84EE,char,GOLD,s1_inter_s2_similar,0.916,0.193,69.0,99.0,b329a5a6bf53,ok,train,yen4|page_0224|c6,"[484, 968, 556, 1049]",0.916,True,False,False,False,True,False,False,False,False,False,1.434782608695652,False,False,False,0.3,similar_bridge,similar-bridge,80.46808510638297,c1bc055eb9f84d85,48
40272,gold/yen4_page_0198_c08_129.png,yen4,page_0198,8,罰,phạt,罰,U+7F70,char,GOLD,s1_inter_s2_direct,,0.17,83.0,95.0,f76ff04adc8e,ok,train,yen4|page_0198|c8,"[279, 357, 352, 434]",,False,False,False,False,False,False,True,False,False,True,1.144578313253012,False,False,False,0.0999999999999999,gold_direct,gold-direct(no-s3),80.46808510638297,8f4d90dd7782b121,49
8697,syllable/yen11_page_0266_c03_057.png,yen11,page_0266,3,衣,I,,,syllable,SYLLABLE,nghia_consensus,0.074,0.192,87.0,131.0,3d7af1171440,ok,train,yen11|page_0266|c3,"[1169, 1790, 1265, 1897]",0.074,True,False,False,False,False,False,False,True,True,False,1.5057471264367817,False,False,False,0.6,s3_low,s3=0.07<τ,80.46808510638297,aab732239e4c8db9,50
8916,gold/yen2_page_0192_c01_007.png,yen2,page_0192,1,君,đã,吏,U+540F,char,GOLD,s1_inter_s2_similar,0.554,0.149,124.0,163.0,14f376447088,ok,train,yen2|page_0192|c1,"[1409, 1246, 1511, 1379]",0.554,True,False,False,False,True,False,False,True,False,False,1.314516129032258,False,False,False,0.5,similar_bridge_lowcos,"similar-bridge,s3=0.55<τ",80.46808510638297,dd8e7b441f1261b8,51
2808,silver/yen4_page_0034_c02_019.png,yen4,page_0034,2,裔,Trời,𡗶,U+215F6,char,SILVER,s3_head_bank_consensus,0.145,0.156,66.0,70.0,a4e9f32b43c1,ok,train,yen4|page_0034|c2,"[838, 281, 907, 352]",0.145,True,False,False,False,False,True,False,True,True,False,1.0606060606060606,False,False,False,0.76,silver_headbank,"silver-headbank,s3=0.14<τ",80.46808510638297,b4744d3d0eeff789,52
54605,gold/yen11_page_0188_c09_188.png,yen11,page_0188,9,佇,giữ,佇,U+4F47,char,GOLD,s1_inter_s2_direct,,0.183,90.0,135.0,e187fcf72041,ok,train,yen11|page_0188|c9,"[285, 1974, 384, 2084]",,False,False,False,False,False,False,True,False,False,True,1.5,False,False,False,0.0999999999999999,gold_direct,gold-direct(no-s3),80.46808510638297,37a587b116ea02ef,53
24245,gold/yen2_page_0170_c03_052.png,yen2,page_0170,3,折,giết,折,U+6298,char,GOLD,s1_inter_s2_direct,,0.227,125.0,167.0,833b89fab496,ok,train,yen2|page_0170|c3,"[1138, 2092, 1249, 2227]",,False,False,False,False,False,False,True,False,False,True,1.336,False,False,False,0.0999999999999999,gold_direct,gold-direct(no-s3),80.46808510638297,08a570da4f0a80dc,54
45309,gold/yen4_page_0298_c06_112.png,yen4,page_0298,6,補,bỏ,補,U+88DC,char,GOLD,s1_inter_s2_direct,,0.204,74.0,94.0,b4dd6d12cb3f,ok,train,yen4|page_0298|c6,"[475, 902, 543, 985]",,False,False,False,False,False,False,True,False,False,True,1.2702702702702702,False,False,False,0.0999999999999999,gold_direct,gold-direct(no-s3),80.46808510638297,ff255a4c9f262318,55
25687,gold/yen2_page_0204_c01_001.png,yen2,page_0204,1,体,thấy,体,U+4F53,char,GOLD,s1_inter_s2_direct,,0.207,136.0,168.0,deae3eefa990,ok,train,yen2|page_0204|c1,"[1440, 606, 1551, 742]",,False,False,False,False,False,False,True,False,False,True,1.2352941176470589,False,False,False,0.0999999999999999,gold_direct,gold-direct(no-s3),80.46808510638297,2c5f8b80a3a81e90,56
5778,syllable/yen2_page_0252_c09_137.png,yen2,page_0252,9,海,hỏi,,,syllable,SYLLABLE,nghia_consensus,0.25,0.194,135.0,179.0,e843109225be,ok,train,yen2|page_0252|c9,"[221, 945, 344, 1090]",0.25,True,False,False,False,False,False,False,True,True,False,1.325925925925926,False,False,False,0.6,s3_low,s3=0.25<τ,80.46808510638297,1797d7a0607b82c0,57
16907,gold/yen2_page_0020_c09_183.png,yen2,page_0020,9,重,chuộng,重,U+91CD,char,GOLD,s1_inter_s2_direct,,0.163,81.0,145.0,7e1bba5e0d3e,ok,train,yen2|page_0020|c9,"[199, 2217, 299, 2334]",,False,False,False,False,False,False,True,False,False,True,1.7901234567901234,False,False,False,0.0999999999999999,gold_direct,gold-direct(no-s3),80.46808510638297,0312196c1a9f5ab5,58
56665,gold/yen11_page_0232_c02_034.png,yen11,page_0232,2,召,chịu,召,U+53EC,char,GOLD,s1_inter_s2_direct,,0.146,97.0,139.0,73f3c434f90e,ok,val,yen11|page_0232|c2,"[1352, 1588, 1455, 1712]",,False,False,False,False,False,False,True,False,False,True,1.4329896907216495,False,False,False,0.0999999999999999,gold_direct,gold-direct(no-s3),80.46808510638297,f8de84f54ef6b935,59
7957,syllable/yen11_page_0134_c05_101.png,yen11,page_0134,5,妃,bà,,,syllable,SYLLABLE,nghia_consensus,0.454,0.269,115.0,133.0,a2d9b9a3e863,ok,train,yen11|page_0134|c5,"[872, 1150, 979, 1261]",0.454,True,False,False,False,False,False,False,True,True,False,1.1565217391304348,False,False,False,0.6,s3_low,s3=0.45<τ,80.46808510638297,d7eb9683e80f7e37,60
21670,gold/yen2_page_0116_c05_089.png,yen2,page_0116,5,道,đạo,道,U+9053,char,GOLD,s1_inter_s2_direct,,0.199,137.0,156.0,a3c92527a2c3,ok,train,yen2|page_0116|c5,"[831, 1779, 942, 1905]",,False,False,False,False,False,False,True,False,False,True,1.1386861313868613,False,False,False,0.0999999999999999,gold_direct,gold-direct(no-s3),80.46808510638297,5be7394244498823,61
7132,gold/yen4_page_0262_c09_149.png,yen4,page_0262,9,冶,HAI,咍,U+548D,char,GOLD,s1_inter_s2_similar,0.608,0.183,57.0,105.0,a5e17768d834,tall,train,yen4|page_0262|c9,"[172, 253, 248, 338]",0.608,True,False,False,False,True,False,False,True,False,False,1.8421052631578947,True,False,True,0.6,similar_bridge_lowcos,"similar-bridge,s3=0.61<τ,aspect=1.84",80.46808510638297,277592e02d27d7dd,62
45620,gold/yen4_page_0304_c07_145.png,yen4,page_0304,7,之,chi,之,U+4E4B,char,GOLD,s1_inter_s2_direct,,0.117,68.0,95.0,1d5f0ca0567a,ok,train,yen4|page_0304|c7,"[391, 899, 462, 976]",,False,False,False,False,False,False,True,False,False,True,1.3970588235294117,False,False,False,0.0999999999999999,gold_direct,gold-direct(no-s3),80.46808510638297,8e732c4967e8d1e8,63
53733,gold/yen11_page_0174_c02_026.png,yen11,page_0174,2,勧,khuyên,勧,U+52E7,char,GOLD,s1_inter_s2_direct,,0.232,80.0,129.0,6f08b98ae739,ok,train,yen11|page_0174|c2,"[1319, 925, 1420, 1030]",,False,False,False,False,False,False,True,False,False,True,1.6125,False,False,False,0.0999999999999999,gold_direct,gold-direct(no-s3),80.46808510638297,99d2479c7836ef31,64
31194,gold/yen2_page_0328_c01_000.png,yen2,page_0328,1,持,được,持,U+6301,char,GOLD,s1_inter_s2_direct,,0.182,144.0,132.0,0cf1cf4faded,ok,train,yen2|page_0328|c1,"[1469, 438, 1592, 559]",,False,False,False,False,False,False,True,False,False,True,0.9166666666666666,False,False,False,0.0999999999999999,gold_direct,gold-direct(no-s3),80.46808510638297,c776237ccd323a94,65
30903,gold/yen2_page_0322_c02_033.png,yen2,page_0322,2,麻,mà,麻,U+9EBB,char,GOLD,s1_inter_s2_direct,,0.145,131.0,155.0,81c616ac42b0,ok,train,yen2|page_0322|c2,"[1288, 1867, 1399, 1994]",,False,False,False,False,False,False,True,False,False,True,1.183206106870229,False,False,False,0.0999999999999999,gold_direct,gold-direct(no-s3),80.46808510638297,83808553184e9362,66
20825,gold/yen2_page_0100_c01_000.png,yen2,page_0100,1,於,ở,於,U+65BC,char,GOLD,s1_inter_s2_direct,,0.191,128.0,125.0,2b08d28b0fda,ok,train,yen2|page_0100|c1,"[1415, 483, 1519, 584]",,False,False,False,False,False,False,True,False,False,True,0.9765625,False,False,False,0.0999999999999999,gold_direct,gold-direct(no-s3),80.46808510638297,b171a9aae9cd593d,67
53212,gold/yen11_page_0162_c06_116.png,yen11,page_0162,6,共,cũng,共,U+5171,char,GOLD,s1_inter_s2_direct,,0.153,111.0,141.0,6a45901ef3c3,ok,train,yen11|page_0162|c6,"[799, 920, 913, 1035]",,False,False,False,False,False,False,True,False,False,True,1.2702702702702702,False,False,False,0.0999999999999999,gold_direct,gold-direct(no-s3),80.46808510638297,aacfbaa67fe6dc06,68
59723,gold/yen11_page_0292_c05_097.png,yen11,page_0292,5,楼,lâu,楼,U+697C,char,GOLD,s1_inter_s2_direct,,0.198,126.0,151.0,6a4087d1e4bb,ok,train,yen11|page_0292|c5,"[901, 1899, 1008, 2022]",,False,False,False,False,False,False,True,False,False,True,1.1984126984126984,False,False,False,0.0999999999999999,gold_direct,gold-direct(no-s3),80.46808510638297,3fab00274cfd7a49,69
20941,gold/yen2_page_0102_c03_046.png,yen2,page_0102,3,𣵀,nết,𣵀,U+23D40,char,GOLD,s1_inter_s2_direct,,0.169,118.0,141.0,f13efa3efdf1,ok,train,yen2|page_0102|c3,"[1120, 863, 1227, 978]",,False,False,False,False,False,False,True,False,False,True,1.194915254237288,False,False,False,0.0999999999999999,gold_direct,gold-direct(no-s3),80.46808510638297,b028700b1f69b1a9,70
2157,gold/yen11_page_0162_c01_015.png,yen11,page_0162,1,官,quan,官,U+5B98,char,GOLD,s1_inter_s2_direct,,0.18,104.0,137.0,17f09947d6c3,ok,train,yen11|page_0162|c1,"[1544, 1841, 1657, 1952]",,False,False,True,True,False,False,True,False,False,True,1.3173076923076923,False,False,False,0.9,dup_defect,cross-col(F1),80.46808510638297,3931689e089d10f6,71
12701,gold/yen4_page_0108_c06_122.png,yen4,page_0108,6,屯,đã,拖,U+62D6,char,GOLD,s1_inter_s2_similar,0.971,0.14,77.0,89.0,e2552b18e3fa,ok,val,yen4|page_0108|c6,"[500, 842, 566, 915]",0.971,True,False,False,False,True,False,False,False,False,False,1.155844155844156,False,False,False,0.3,similar_bridge,similar-bridge,80.46808510638297,1a8df5469471ffd9,72
5585,syllable/yen2_page_0206_c06_095.png,yen2,page_0206,6,瑪,ma,,,syllable,SYLLABLE,nghia_consensus,0.447,0.271,131.0,142.0,9b19c5406b6b,ok,train,yen2|page_0206|c6,"[683, 496, 790, 612]",0.447,True,False,False,False,False,False,False,True,True,False,1.083969465648855,False,False,False,0.6,s3_low,s3=0.45<τ,80.46808510638297,5f7a3cb2b04dd52b,73
32017,gold/yen4_page_0024_c07_150.png,yen4,page_0024,7,重,trọng,重,U+91CD,char,GOLD,s1_inter_s2_direct,,0.164,62.0,72.0,9252afaf1b71,ok,train,yen4|page_0024|c7,"[390, 1599, 458, 1669]",,False,False,False,False,False,False,True,False,False,True,1.1612903225806452,False,False,False,0.0999999999999999,gold_direct,gold-direct(no-s3),80.46808510638297,87a55e31e70870fb,74
51537,gold/yen11_page_0130_c01_019.png,yen11,page_0130,1,垩,Thánh,垩,U+57A9,char,GOLD,s1_inter_s2_direct,,0.174,94.0,147.0,4eb39d493abd,ok,train,yen11|page_0130|c1,"[1478, 2191, 1581, 2310]",,False,False,False,False,False,False,True,False,False,True,1.5638297872340423,False,False,False,0.0999999999999999,gold_direct,gold-direct(no-s3),80.46808510638297,ff9c0527564af420,75
30236,gold/yen2_page_0306_c09_158.png,yen2,page_0306,9,命,mình,命,U+547D,char,GOLD,s1_inter_s2_direct,,0.163,136.0,157.0,47466549716c,ok,train,yen2|page_0306|c9,"[267, 771, 382, 898]",,False,False,False,False,False,False,True,False,False,True,1.1544117647058822,False,False,False,0.0999999999999999,gold_direct,gold-direct(no-s3),80.46808510638297,e2415e5fc6590492,76
65852,silver/yen4_page_0302_c07_141.png,yen4,page_0302,7,意,ây,意,U+610F,char,SILVER,s1_inter_s3_out_of_dict,0.896,0.151,99.0,109.0,10ca788305a1,ok,train,yen4|page_0302|c7,"[380, 1448, 461, 1537]",0.896,True,False,False,False,False,False,False,False,False,False,1.101010101010101,False,False,False,0.0,other,clean,80.46808510638297,26d9f9a4e3918968,77
44729,gold/yen4_page_0288_c05_097.png,yen4,page_0288,5,徳,Đức,徳,U+5FB3,char,GOLD,s1_inter_s2_direct,,0.161,79.0,93.0,83a9f60e8964,ok,train,yen4|page_0288|c5,"[571, 603, 637, 678]",,False,False,False,False,False,False,True,False,False,True,1.1772151898734178,False,False,False,0.0999999999999999,gold_direct,gold-direct(no-s3),80.46808510638297,5772dcdef8727e25,78
9732,silver/yen2_page_0116_c05_078.png,yen2,page_0116,5,青,quý,貴,U+8CB4,char,SILVER,s2_inter_s3_corrected,0.541,0.252,128.0,149.0,4334cab5c9a7,ok,train,yen2|page_0116|c5,"[834, 657, 943, 778]",0.541,True,False,False,False,False,False,False,True,False,False,1.1640625,False,False,False,0.35,s3_low,s3=0.54<τ,80.46808510638297,a71e2ccb871534db,79
43565,gold/yen4_page_0264_c07_151.png,yen4,page_0264,7,官,Quan,官,U+5B98,char,GOLD,s1_inter_s2_direct,,0.149,72.0,95.0,d6e003d89bfa,ok,train,yen4|page_0264|c7,"[391, 1528, 458, 1606]",,False,False,False,False,False,False,True,False,False,True,1.3194444444444444,False,False,False,0.0999999999999999,gold_direct,gold-direct(no-s3),80.46808510638297,21840dab4e9a45fb,80
46328,gold/yen11_page_0022_c03_059.png,yen11,page_0022,3,垩,Thánh,垩,U+57A9,char,GOLD,s1_inter_s2_direct,,0.246,98.0,132.0,6d4ab7942b57,ok,train,yen11|page_0022|c3,"[1128, 1618, 1245, 1726]",,False,False,False,False,False,False,True,False,False,True,1.346938775510204,False,False,False,0.0999999999999999,gold_direct,gold-direct(no-s3),80.46808510638297,06a69e024fa3decf,81
35508,gold/yen4_page_0094_c06_113.png,yen4,page_0094,6,主,Chúa,主,U+4E3B,char,GOLD,s1_inter_s2_direct,,0.156,72.0,96.0,c8ae35ada784,ok,train,yen4|page_0094|c6,"[458, 305, 528, 383]",,False,False,False,False,False,False,True,False,False,True,1.3333333333333333,False,False,False,0.0999999999999999,gold_direct,gold-direct(no-s3),80.46808510638297,a0851073ad83d8ba,82
45085,gold/yen4_page_0294_c05_086.png,yen4,page_0294,5,安,ăn,安,U+5B89,char,GOLD,s1_inter_s2_direct,,0.148,73.0,97.0,aac64ba2ebe8,ok,val,yen4|page_0294|c5,"[561, 293, 627, 372]",,False,False,False,False,False,False,True,False,False,True,1.3287671232876712,False,False,False,0.0999999999999999,gold_direct,gold-direct(no-s3),80.46808510638297,dea3270460bb6f50,83
21375,gold/yen2_page_0110_c08_151.png,yen2,page_0110,8,命,mình,命,U+547D,char,GOLD,s1_inter_s2_direct,,0.239,115.0,156.0,1a5ee36bb9b9,ok,train,yen2|page_0110|c8,"[377, 1500, 486, 1626]",,False,False,False,False,False,False,True,False,False,True,1.3565217391304347,False,False,False,0.0999999999999999,gold_direct,gold-direct(no-s3),80.46808510638297,7a87f3d3a41e2814,84
10381,silver/yen4_page_0102_c04_074.png,yen4,page_0102,4,乇,cha,吒,U+5412,char,SILVER,s2_inter_s3_corrected,0.544,0.121,89.0,95.0,dea17573e477,ok,train,yen4|page_0102|c4,"[658, 1253, 731, 1333]",0.544,True,False,False,False,False,False,False,True,False,False,1.0674157303370786,False,False,False,0.35,s3_low,s3=0.54<τ,80.46808510638297,1cb2913c6fd61afe,85
52859,gold/yen11_page_0154_c07_140.png,yen11,page_0154,7,慰,ủi,慰,U+6170,char,GOLD,s1_inter_s2_direct,,0.209,98.0,136.0,6ade385b27a8,ok,train,yen11|page_0154|c7,"[503, 1076, 610, 1186]",,False,False,False,False,False,False,True,False,False,True,1.3877551020408163,False,False,False,0.0999999999999999,gold_direct,gold-direct(no-s3),80.46808510638297,d08f7da31d33cfa2,86
49985,gold/yen11_page_0100_c03_049.png,yen11,page_0100,3,判,phán,判,U+5224,char,GOLD,s1_inter_s2_direct,,0.197,74.0,118.0,66794bac34ae,ok,train,yen11|page_0100|c3,"[1171, 1238, 1274, 1340]",,False,False,False,False,False,False,True,False,False,True,1.5945945945945943,False,False,False,0.0999999999999999,gold_direct,gold-direct(no-s3),80.46808510638297,991010d6bfaa5d60,87
40066,gold/yen4_page_0192_c03_052.png,yen4,page_0192,3,盈,riêng,盈,U+76C8,char,GOLD,s1_inter_s2_direct,,0.218,78.0,97.0,54b1c6a4dee6,ok,train,yen4|page_0192|c3,"[750, 998, 825, 1077]",,False,False,False,False,False,False,True,False,False,True,1.2435897435897436,False,False,False,0.0999999999999999,gold_direct,gold-direct(no-s3),80.46808510638297,0bb4518c39e4c5b5,88
38704,gold/yen4_page_0164_c03_053.png,yen4,page_0164,3,尼,này,尼,U+5C3C,char,GOLD,s1_inter_s2_direct,,0.145,71.0,99.0,1d835a32d063,ok,train,yen4|page_0164|c3,"[768, 820, 838, 901]",,False,False,False,False,False,False,True,False,False,True,1.3943661971830985,False,False,False,0.0999999999999999,gold_direct,gold-direct(no-s3),80.46808510638297,bb5690fc978b58f3,89
49800,gold/yen11_page_0096_c03_046.png,yen11,page_0096,3,時,thì,時,U+6642,char,GOLD,s1_inter_s2_direct,,0.165,111.0,147.0,63d9cd4a4c6a,ok,val,yen11|page_0096|c3,"[1157, 803, 1269, 922]",,False,False,False,False,False,False,True,False,False,True,1.3243243243243243,False,False,False,0.0999999999999999,gold_direct,gold-direct(no-s3),80.46808510638297,d3d1102091bbef9e,90
62395,silver/yen2_page_0248_c02_034.png,yen2,page_0248,2,𠗆,khác,恪,U+606A,char,SILVER,s2_inter_s3_corrected,0.625,0.208,125.0,150.0,e5a93409912c,ok,train,yen2|page_0248|c2,"[1277, 2096, 1386, 2218]",0.625,True,False,False,False,False,False,False,False,False,False,1.2,False,False,False,0.0,other,clean,80.46808510638297,fd3c92de9899aaea,91
8136,syllable/yen11_page_0164_c09_186.png,yen11,page_0164,9,希,vua,,,syllable,SYLLABLE,nghia_consensus,0.159,0.171,80.0,137.0,3fe9e9842116,ok,train,yen11|page_0164|c9,"[277, 2018, 373, 2129]",0.159,True,False,False,False,False,False,False,True,True,False,1.7125,False,False,False,0.6,s3_low,s3=0.16<τ,80.46808510638297,efd59ba660ab7eb5,92
48348,gold/yen11_page_0062_c08_154.png,yen11,page_0062,8,皇,hoàng,皇,U+7687,char,GOLD,s1_inter_s2_direct,,0.177,110.0,148.0,1bddbbb7bb6c,ok,train,yen11|page_0062|c8,"[383, 1431, 494, 1556]",,False,False,False,False,False,False,True,False,False,True,1.3454545454545457,False,False,False,0.0999999999999999,gold_direct,gold-direct(no-s3),80.46808510638297,2f15ed9075863a60,93
11235,silver/yen11_page_0224_c05_088.png,yen11,page_0224,5,並,a,亜,U+4E9C,char,SILVER,s2_inter_s3_corrected,0.518,0.184,114.0,107.0,b6f102fae520,ok,train,yen11|page_0224|c5,"[877, 442, 986, 548]",0.518,True,False,False,False,False,False,False,True,False,False,0.9385964912280702,False,False,False,0.35,s3_low,s3=0.52<τ,80.46808510638297,848e3d25ff59c2df,94
34272,gold/yen4_page_0070_c04_070.png,yen4,page_0070,4,双,Song,双,U+53CC,char,GOLD,s1_inter_s2_direct,,0.168,87.0,93.0,eda4d3a6377f,ok,test,yen4|page_0070|c4,"[657, 741, 728, 816]",,False,False,False,False,False,False,True,False,False,True,1.0689655172413792,False,False,False,0.0999999999999999,gold_direct,gold-direct(no-s3),80.46808510638297,cc849e200be977f3,95
24831,gold/yen2_page_0184_c01_010.png,yen2,page_0184,1,于,vu,于,U+4E8E,char,GOLD,s1_inter_s2_direct,,0.181,120.0,168.0,12b15c1b23e8,ok,test,yen2|page_0184|c1,"[1474, 1596, 1578, 1732]",,False,False,False,False,False,False,True,False,False,True,1.4,False,False,False,0.0999999999999999,gold_direct,gold-direct(no-s3),80.46808510638297,a2f3b32a9443f4c2,96
63292,silver/yen4_page_0046_c03_046.png,yen4,page_0046,3,在,mà,麻,U+9EBB,char,SILVER,s2_inter_s3_corrected,0.952,0.146,77.0,87.0,fd5d6cc62354,ok,train,yen4|page_0046|c3,"[766, 376, 836, 452]",0.952,True,False,False,False,False,False,False,False,False,False,1.12987012987013,False,False,False,0.0,other,clean,80.46808510638297,291f57184ce81dd7,97
61050,silver/yen2_page_0104_c03_062.png,yen2,page_0104,3,我,su,秋,U+79CB,char,SILVER,s2_inter_s3_corrected,0.91,0.263,118.0,148.0,c05e480b10f4,ok,train,yen2|page_0104|c3,"[1127, 2242, 1238, 2362]",0.91,True,False,False,False,False,False,False,False,False,False,1.2542372881355932,False,False,False,0.0,other,clean,80.46808510638297,ca7ce9d214fbc40d,98
56947,gold/yen11_page_0236_c09_189.png,yen11,page_0236,9,重,trọng,重,U+91CD,char,GOLD,s1_inter_s2_direct,,0.152,80.0,140.0,417b84e77a38,ok,train,yen11|page_0236|c9,"[289, 1615, 384, 1729]",,False,False,False,False,False,False,True,False,False,True,1.75,False,False,False,0.0999999999999999,gold_direct,gold-direct(no-s3),80.46808510638297,308cc71341483586,99
36031,gold/yen4_page_0104_c02_034.png,yen4,page_0104,2,昆,con,昆,U+6606,char,GOLD,s1_inter_s2_direct,,0.14,77.0,96.0,24c9fe729766,ok,train,yen4|page_0104|c2,"[859, 1175, 930, 1255]",,False,False,False,False,False,False,True,False,False,True,1.2467532467532467,False,False,False,0.0999999999999999,gold_direct,gold-direct(no-s3),80.46808510638297,34b6113eae5d3704,100
21595,gold/yen2_page_0114_c07_135.png,yen2,page_0114,7,末,mất,末,U+672B,char,GOLD,s1_inter_s2_direct,,0.205,130.0,129.0,58ecc5bcdad9,ok,train,yen2|page_0114|c7,"[527, 1387, 635, 1501]",,False,False,False,False,False,False,True,False,False,True,0.9923076923076924,False,False,False,0.0999999999999999,gold_direct,gold-direct(no-s3),80.46808510638297,b2707b04b31078dd,101
12109,gold/yen2_page_0232_c04_061.png,yen2,page_0232,4,冈,tù,囚,U+56DA,char,GOLD,s1_inter_s2_similar,0.953,0.169,126.0,160.0,9e69daec62f7,ok,train,yen2|page_0232|c4,"[1009, 756, 1121, 886]",0.953,True,False,False,False,True,False,False,False,False,False,1.2698412698412698,False,False,False,0.3,similar_bridge,similar-bridge,80.46808510638297,23a881983d2873c5,102
50536,gold/yen11_page_0110_c02_032.png,yen11,page_0110,2,賖,xa,賖,U+8CD6,char,GOLD,s1_inter_s2_direct,,0.245,117.0,148.0,e26fd2796318,ok,train,yen11|page_0110|c2,"[1293, 1652, 1408, 1772]",,False,False,False,False,False,False,True,False,False,True,1.264957264957265,False,False,False,0.0999999999999999,gold_direct,gold-direct(no-s3),80.46808510638297,b27d75888060c2ab,103
17297,gold/yen2_page_0030_c02_028.png,yen2,page_0030,2,諸,chưa,諸,U+8AF8,char,GOLD,s1_inter_s2_direct,,0.261,87.0,136.0,dc9288fa9cd3,ok,train,yen2|page_0030|c2,"[1278, 1036, 1375, 1146]",,False,False,False,False,False,False,True,False,False,True,1.5632183908045978,False,False,False,0.0999999999999999,gold_direct,gold-direct(no-s3),80.46808510638297,8746d340a2c60449,104
18026,gold/yen2_page_0042_c08_164.png,yen2,page_0042,8,各,các,各,U+5404,char,GOLD,s1_inter_s2_direct,,0.173,115.0,139.0,7bca69d6f331,ok,train,yen2|page_0042|c8,"[365, 1854, 470, 1968]",,False,False,False,False,False,False,True,False,False,True,1.208695652173913,False,False,False,0.0999999999999999,gold_direct,gold-direct(no-s3),80.46808510638297,2006f88ac5f6cdaa,105
40742,gold/yen4_page_0208_c06_123.png,yen4,page_0208,6,各,các,各,U+5404,char,GOLD,s1_inter_s2_direct,,0.153,76.0,99.0,02a948dbb42d,ok,train,yen4|page_0208|c6,"[493, 1081, 566, 1162]",,False,False,False,False,False,False,True,False,False,True,1.3026315789473684,False,False,False,0.0999999999999999,gold_direct,gold-direct(no-s3),80.46808510638297,21217da07e630ca4,106
9543,silver/yen2_page_0044_c07_143.png,yen2,page_0044,7,氣,sang,創,U+5275,char,SILVER,s2_inter_s3_corrected,0.591,0.18,114.0,155.0,cfd7ca651a96,ok,train,yen2|page_0044|c7,"[512, 2090, 610, 2215]",0.591,True,False,False,False,False,False,False,True,False,False,1.3596491228070176,False,False,False,0.35,s3_low,s3=0.59<τ,80.46808510638297,5a6978ae0c3fae42,107
6100,syllable/yen4_page_0012_c07_133.png,yen4,page_0012,7,配,Pha,,,syllable,SYLLABLE,nghia_consensus,0.026,0.134,70.0,90.0,86d4eacaf5ae,ok,train,yen4|page_0012|c7,"[357, 990, 423, 1064]",0.026,True,False,False,False,False,False,False,True,True,False,1.2857142857142858,False,False,False,0.6,s3_low,s3=0.03<τ,80.46808510638297,37062eb0c871b95a,108
11823,gold/yen2_page_0132_c07_144.png,yen2,page_0132,7,返,mươi,迈,U+8FC8,char,GOLD,s1_inter_s2_similar,0.947,0.286,127.0,147.0,a6342d13019d,ok,val,yen2|page_0132|c7,"[495, 2150, 598, 2269]",0.947,True,False,False,False,True,False,False,False,False,False,1.15748031496063,False,False,False,0.3,similar_bridge,similar-bridge,80.46808510638297,dfcf6bc29a13562e,109
669,gold/yen2_page_0218_c04_073.png,yen2,page_0218,4,勑,sắc,勑,U+52D1,char,GOLD,s1_inter_s2_direct,,0.281,99.0,148.0,3719c0adefe0,ok,test,yen2|page_0218|c4,"[852, 2154, 952, 2274]",,False,False,True,True,False,False,True,False,False,True,1.494949494949495,False,False,False,0.9,dup_defect,cross-col(F1),80.46808510638297,2b9972c2d49e5ac8,110
48334,gold/yen11_page_0062_c07_127.png,yen11,page_0062,7,自,Từ,自,U+81EA,char,GOLD,s1_inter_s2_direct,,0.234,63.0,101.0,c608f74f6d3b,ok,train,yen11|page_0062|c7,"[564, 443, 672, 545]",,False,False,False,False,False,False,True,False,False,True,1.6031746031746033,False,False,False,0.0999999999999999,gold_direct,gold-direct(no-s3),80.46808510638297,fe66983d7b63b837,111
36942,gold/yen4_page_0126_c09_187.png,yen4,page_0126,9,軍,quân,軍,U+8ECD,char,GOLD,s1_inter_s2_direct,,0.169,71.0,96.0,0b8c55badca7,ok,train,yen4|page_0126|c9,"[173, 862, 246, 940]",,False,False,False,False,False,False,True,False,False,True,1.352112676056338,False,False,False,0.0999999999999999,gold_direct,gold-direct(no-s3),80.46808510638297,7e74ae0342d7b8d8,112
49012,gold/yen11_page_0076_c03_058.png,yen11,page_0076,3,壳,xác,壳,U+58F3,char,GOLD,s1_inter_s2_direct,,0.164,94.0,148.0,6796da2b1f86,ok,train,yen11|page_0076|c3,"[1221, 1939, 1322, 2059]",,False,False,False,False,False,False,True,False,False,True,1.574468085106383,False,False,False,0.0999999999999999,gold_direct,gold-direct(no-s3),80.46808510638297,eb1712c17018cf66,113
35072,gold/yen4_page_0084_c09_189.png,yen4,page_0084,9,吏,lại,吏,U+540F,char,GOLD,s1_inter_s2_direct,,0.185,79.0,93.0,0f13698c1d4f,ok,train,yen4|page_0084|c9,"[168, 764, 236, 839]",,False,False,False,False,False,False,True,False,False,True,1.1772151898734178,False,False,False,0.0999999999999999,gold_direct,gold-direct(no-s3),80.46808510638297,c1e38217df1a7296,114
4385,syllable/yen11_page_0166_c07_132.png,yen11,page_0166,7,白,làm,,,syllable,SYLLABLE,nghia_consensus,0.238,0.181,70.0,138.0,6a2f21ccb28f,tall,test,yen11|page_0166|c7,"[565, 877, 666, 989]",0.238,True,False,False,False,False,False,False,True,True,False,1.9714285714285715,True,False,True,0.6799999999999999,s3_low,"s3=0.24<τ,aspect=1.97",80.46808510638297,b96aa1e0c0f23ce2,115
56558,gold/yen11_page_0228_c01_008.png,yen11,page_0228,1,綿,men,綿,U+7DBF,char,GOLD,s1_inter_s2_direct,,0.131,99.0,150.0,3d5f291e4adf,ok,train,yen11|page_0228|c1,"[1478, 1186, 1586, 1308]",,False,False,False,False,False,False,True,False,False,True,1.5151515151515151,False,False,False,0.0999999999999999,gold_direct,gold-direct(no-s3),80.46808510638297,c2366be826163407,116
7826,syllable/yen11_page_0114_c03_041.png,yen11,page_0114,3,弟,một,,,syllable,SYLLABLE,nghia_consensus,0.275,0.217,80.0,105.0,b0343ea75b60,ok,test,yen11|page_0114|c3,"[1166, 433, 1272, 540]",0.275,True,False,False,False,False,False,False,True,True,False,1.3125,False,False,False,0.6,s3_low,s3=0.28<τ,80.46808510638297,a29b10dd6543ab47,117
65410,silver/yen4_page_0266_c05_083.png,yen4,page_0266,5,啾,su,秋,U+79CB,char,SILVER,s2_inter_s3_corrected,0.903,0.131,90.0,107.0,6800bdcd75b8,ok,train,yen4|page_0266|c5,"[574, 520, 652, 607]",0.903,True,False,False,False,False,False,False,False,False,False,1.1888888888888889,False,False,False,0.0,other,clean,80.46808510638297,a9a4a73d77ca71cd,118
12285,gold/yen2_page_0290_c03_041.png,yen2,page_0290,3,鋒,ong,蜂,U+8702,char,GOLD,s1_inter_s2_similar,0.76,0.19,134.0,166.0,f8f1fb6c9bfe,ok,test,yen2|page_0290|c3,"[1117, 776, 1227, 910]",0.76,True,False,False,False,True,False,False,False,False,False,1.2388059701492538,False,False,False,0.3,similar_bridge,similar-bridge,80.46808510638297,5f599ee0a1dd5ce3,119
51019,gold/yen11_page_0118_c08_162.png,yen11,page_0118,8,信,tin,信,U+4FE1,char,GOLD,s1_inter_s2_direct,,0.178,83.0,149.0,c3e635bc56a1,ok,train,yen11|page_0118|c8,"[411, 1793, 512, 1914]",,False,False,False,False,False,False,True,False,False,True,1.7951807228915662,False,False,False,0.0999999999999999,gold_direct,gold-direct(no-s3),80.46808510638297,6890d3904b529395,120
58441,gold/yen11_page_0266_c09_146.png,yen11,page_0266,9,麻,mà,麻,U+9EBB,char,GOLD,s1_inter_s2_direct,,0.166,99.0,136.0,81f83b63f3b0,ok,train,yen11|page_0266|c9,"[267, 1182, 360, 1292]",,False,False,False,False,False,False,True,False,False,True,1.3737373737373737,False,False,False,0.0999999999999999,gold_direct,gold-direct(no-s3),80.46808510638297,2bce00128141b096,121
10046,silver/yen2_page_0262_c03_056.png,yen2,page_0262,3,乔,Trời,𡗶,U+215F6,char,SILVER,s2_inter_s3_corrected,0.546,0.14,141.0,166.0,812767fa3bbf,ok,train,yen2|page_0262|c3,"[1121, 2319, 1238, 2453]",0.546,True,False,False,False,False,False,False,True,False,False,1.177304964539007,False,False,False,0.35,s3_low,s3=0.55<τ,80.46808510638297,9bf26df612f26d15,122
43303,gold/yen4_page_0258_c09_192.png,yen4,page_0258,9,些,ta,些,U+4E9B,char,GOLD,s1_inter_s2_direct,,0.167,61.0,101.0,b870b4077ace,ok,train,yen4|page_0258|c9,"[165, 1499, 241, 1582]",,False,False,False,False,False,False,True,False,False,True,1.6557377049180328,False,False,False,0.0999999999999999,gold_direct,gold-direct(no-s3),80.46808510638297,5009cec7150959aa,123
53409,gold/yen11_page_0166_c05_103.png,yen11,page_0166,5,主,Chúa,主,U+4E3B,char,GOLD,s1_inter_s2_direct,,0.165,82.0,132.0,d5993b2461a6,ok,train,yen11|page_0166|c5,"[861, 2284, 964, 2392]",,False,False,False,False,False,False,True,False,False,True,1.6097560975609757,False,False,False,0.0999999999999999,gold_direct,gold-direct(no-s3),80.46808510638297,12b15f86d294d07c,124
65349,silver/yen4_page_0260_c01_004.png,yen4,page_0260,1,夷,anh,英,U+82F1,char,SILVER,s2_inter_s3_corrected,0.623,0.19,69.0,90.0,0037554f3e5e,ok,train,yen4|page_0260|c1,"[951, 474, 1023, 548]",0.623,True,False,False,False,False,False,False,False,False,False,1.3043478260869563,False,False,False,0.0,other,clean,80.46808510638297,363fe7b22fc63e73,125
48246,gold/yen11_page_0060_c09_164.png,yen11,page_0060,9,吝,lần,吝,U+541D,char,GOLD,s1_inter_s2_direct,,0.132,96.0,114.0,5ae1e156048b,ok,train,yen11|page_0060|c9,"[265, 624, 364, 716]",,False,False,False,False,False,False,True,False,False,True,1.1875,False,False,False,0.0999999999999999,gold_direct,gold-direct(no-s3),80.46808510638297,d66a265def33bfe3,126
20365,gold/yen2_page_0090_c06_106.png,yen2,page_0090,6,連,liền,連,U+9023,char,GOLD,s1_inter_s2_direct,,0.206,137.0,130.0,a053d0ebeaa3,ok,val,yen2|page_0090|c6,"[653, 995, 764, 1101]",,False,False,False,False,False,False,True,False,False,True,0.948905109489051,False,False,False,0.0999999999999999,gold_direct,gold-direct(no-s3),80.46808510638297,450f91584bfc3ff8,127
45951,gold/yen11_page_0014_c08_162.png,yen11,page_0014,8,旦,đến,旦,U+65E6,char,GOLD,s1_inter_s2_direct,,0.288,79.0,131.0,dc7187a3d092,ok,train,yen11|page_0014|c8,"[381, 1604, 477, 1711]",,False,False,False,False,False,False,True,False,False,True,1.6582278481012658,False,False,False,0.0999999999999999,gold_direct,gold-direct(no-s3),80.46808510638297,a9ceaba41cb65f4c,128
56162,gold/yen11_page_0220_c04_067.png,yen11,page_0220,4,旦,Đến,旦,U+65E6,char,GOLD,s1_inter_s2_direct,,0.182,98.0,138.0,21288ef3adc7,ok,train,yen11|page_0220|c4,"[1046, 703, 1148, 815]",,False,False,False,False,False,False,True,False,False,True,1.4081632653061225,False,False,False,0.0999999999999999,gold_direct,gold-direct(no-s3),80.46808510638297,5b27fdf459155c58,129
1317,gold/yen4_page_0156_c05_086.png,yen4,page_0156,5,爲,vì,爲,U+7232,char,GOLD,s1_inter_s2_direct,,0.136,89.0,98.0,a384b9d50049,ok,train,yen4|page_0156|c5,"[613, 1474, 686, 1554]",,False,False,True,True,False,False,True,False,False,True,1.101123595505618,False,False,False,0.9,dup_defect,cross-col(F1),80.46808510638297,3cc57772ada6d36d,130
47485,gold/yen11_page_0048_c03_058.png,yen11,page_0048,3,欺,Khi,欺,U+6B3A,char,GOLD,s1_inter_s2_direct,,0.217,119.0,148.0,3755afa0687d,ok,train,yen11|page_0048|c3,"[1133, 1769, 1240, 1889]",,False,False,False,False,False,False,True,False,False,True,1.2436974789915969,False,False,False,0.0999999999999999,gold_direct,gold-direct(no-s3),80.46808510638297,3567007172651568,131
66880,syllable/yen11_page_0146_c01_004.png,yen11,page_0146,1,姑,gô,,,syllable,SYLLABLE,nghia_consensus,0.733,0.205,113.0,137.0,8d10182e9489,ok,train,yen11|page_0146|c1,"[1456, 728, 1564, 839]",0.733,True,False,False,False,False,False,False,False,False,False,1.2123893805309736,False,False,False,0.0,other,clean,80.46808510638297,f0936674462d921d,132
54398,gold/yen11_page_0186_c01_010.png,yen11,page_0186,1,垩,Thánh,垩,U+57A9,char,GOLD,s1_inter_s2_direct,,0.174,102.0,135.0,baef6c5dcaa5,ok,train,yen11|page_0186|c1,"[1479, 1328, 1583, 1437]",,False,False,False,False,False,False,True,False,False,True,1.3235294117647058,False,False,False,0.0999999999999999,gold_direct,gold-direct(no-s3),80.46808510638297,376c0c9624e0938b,133
29507,gold/yen2_page_0290_c06_109.png,yen2,page_0290,6,共,cùng,共,U+5171,char,GOLD,s1_inter_s2_direct,,0.187,133.0,160.0,c637259a4f92,ok,train,yen2|page_0290|c6,"[670, 2052, 785, 2182]",,False,False,False,False,False,False,True,False,False,True,1.2030075187969924,False,False,False,0.0999999999999999,gold_direct,gold-direct(no-s3),80.46808510638297,e260f3f77888eab1,134
62485,silver/yen2_page_0258_c07_118.png,yen2,page_0258,7,架,thầy,柴,U+67F4,char,SILVER,s2_inter_s3_corrected,0.95,0.199,103.0,166.0,0589a04a70a0,ok,val,yen2|page_0258|c7,"[542, 1094, 654, 1228]",0.95,True,False,False,False,False,False,False,False,False,False,1.6116504854368932,False,False,False,0.0,other,clean,80.46808510638297,6a20769df763c06c,135
10242,silver/yen4_page_0044_c09_191.png,yen4,page_0044,9,長,nẻo,裊,U+88CA,char,SILVER,s2_inter_s3_corrected,0.599,0.133,66.0,84.0,30e6813663f4,ok,train,yen4|page_0044|c9,"[176, 1156, 246, 1229]",0.599,True,False,False,False,False,False,False,True,False,False,1.2727272727272727,False,False,False,0.35,s3_low,s3=0.60<τ,80.46808510638297,3f43361bb10978c4,136
48404,gold/yen11_page_0064_c04_081.png,yen11,page_0064,4,朱,Cho,朱,U+6731,char,GOLD,s1_inter_s2_direct,,0.196,104.0,141.0,74a6e7b11573,ok,val,yen11|page_0064|c4,"[1092, 2164, 1195, 2281]",,False,False,False,False,False,False,True,False,False,True,1.3557692307692308,False,False,False,0.0999999999999999,gold_direct,gold-direct(no-s3),80.46808510638297,4caac8a83d55c236,137
18389,gold/yen2_page_0050_c04_076.png,yen2,page_0050,4,連,trên,連,U+9023,char,GOLD,s1_inter_s2_direct,,0.245,129.0,141.0,ecde64532afd,ok,train,yen2|page_0050|c4,"[1012, 1499, 1117, 1614]",,False,False,False,False,False,False,True,False,False,True,1.0930232558139534,False,False,False,0.0999999999999999,gold_direct,gold-direct(no-s3),80.46808510638297,9848045ed7be7b33,138
17771,gold/yen2_page_0038_c05_088.png,yen2,page_0038,5,呈,trình,呈,U+5448,char,GOLD,s1_inter_s2_direct,,0.194,111.0,150.0,40d6c5933c40,ok,train,yen2|page_0038|c5,"[846, 859, 951, 981]",,False,False,False,False,False,False,True,False,False,True,1.351351351351351,False,False,False,0.0999999999999999,gold_direct,gold-direct(no-s3),80.46808510638297,8e95a4a5160b34d3,139
41520,gold/yen4_page_0224_c05_096.png,yen4,page_0224,5,官,quan,官,U+5B98,char,GOLD,s1_inter_s2_direct,,0.152,74.0,100.0,e1aafa2378a6,ok,train,yen4|page_0224|c5,"[585, 1046, 655, 1128]",,False,False,False,False,False,False,True,False,False,True,1.351351351351351,False,False,False,0.0999999999999999,gold_direct,gold-direct(no-s3),80.46808510638297,bb6d2c043b7a7f01,140
54610,gold/yen11_page_0190_c01_001.png,yen11,page_0190,1,玉,ngọc,玉,U+7389,char,GOLD,s1_inter_s2_direct,,0.159,93.0,147.0,e3f1663a50d8,ok,train,yen11|page_0190|c1,"[1968, 503, 2075, 622]",,False,False,False,False,False,False,True,False,False,True,1.5806451612903225,False,False,False,0.0999999999999999,gold_direct,gold-direct(no-s3),80.46808510638297,01377127d4f7cbea,141
39296,gold/yen4_page_0174_c05_109.png,yen4,page_0174,5,魂,hồn,魂,U+9B42,char,GOLD,s1_inter_s2_direct,,0.211,67.0,94.0,86a068930965,ok,train,yen4|page_0174|c5,"[590, 1258, 657, 1334]",,False,False,False,False,False,False,True,False,False,True,1.4029850746268655,False,False,False,0.0999999999999999,gold_direct,gold-direct(no-s3),80.46808510638297,4f04234380447291,142
25592,gold/yen2_page_0200_c08_147.png,yen2,page_0200,8,強,càng,強,U+5F37,char,GOLD,s1_inter_s2_direct,,0.252,124.0,159.0,d9b16239d3d7,ok,train,yen2|page_0200|c8,"[346, 1434, 448, 1563]",,False,False,False,False,False,False,True,False,False,True,1.282258064516129,False,False,False,0.0999999999999999,gold_direct,gold-direct(no-s3),80.46808510638297,1e2c74a8a4535a0d,143
28449,gold/yen2_page_0268_c01_003.png,yen2,page_0268,1,信,tin,信,U+4FE1,char,GOLD,s1_inter_s2_direct,,0.177,112.0,157.0,76d40aa5928e,ok,test,yen2|page_0268|c1,"[1446, 756, 1553, 883]",,False,False,False,False,False,False,True,False,False,True,1.4017857142857142,False,False,False,0.0999999999999999,gold_direct,gold-direct(no-s3),80.46808510638297,9a2937cf25d6ec1a,144
19293,gold/yen2_page_0068_c04_084.png,yen2,page_0068,4,朱,cho,朱,U+6731,char,GOLD,s1_inter_s2_direct,,0.266,130.0,140.0,e2b0946512d5,ok,train,yen2|page_0068|c4,"[983, 2241, 1092, 2355]",,False,False,False,False,False,False,True,False,False,True,1.0769230769230769,False,False,False,0.0999999999999999,gold_direct,gold-direct(no-s3),80.46808510638297,e5e7c967ea837d9c,145
34050,gold/yen4_page_0066_c03_046.png,yen4,page_0066,3,些,ta,些,U+4E9B,char,GOLD,s1_inter_s2_direct,,0.198,65.0,89.0,d58ac6da65aa,ok,train,yen4|page_0066|c3,"[763, 382, 830, 455]",,False,False,False,False,False,False,True,False,False,True,1.3692307692307693,False,False,False,0.0999999999999999,gold_direct,gold-direct(no-s3),80.46808510638297,86bf86995ec72730,146
26061,gold/yen2_page_0212_c08_134.png,yen2,page_0212,8,共,cùng,共,U+5171,char,GOLD,s1_inter_s2_direct,,0.24,113.0,155.0,343f466851ac,ok,train,yen2|page_0212|c8,"[374, 2196, 482, 2321]",,False,False,False,False,False,False,True,False,False,True,1.3716814159292037,False,False,False,0.0999999999999999,gold_direct,gold-direct(no-s3),80.46808510638297,24fc1aafcd448768,147
6155,syllable/yen4_page_0024_c02_021.png,yen4,page_0024,2,凜,lăm,,,syllable,SYLLABLE,nghia_consensus,0.094,0.213,67.0,100.0,d8b07f2c5fe5,ok,train,yen4|page_0024|c2,"[864, 318, 938, 400]",0.094,True,False,False,False,False,False,False,True,True,False,1.492537313432836,False,False,False,0.6,s3_low,s3=0.09<τ,80.46808510638297,230f66fe6ed197c7,148
33770,gold/yen4_page_0060_c07_131.png,yen4,page_0060,7,罢,bảy,罢,U+7F62,char,GOLD,s1_inter_s2_direct,,0.173,70.0,97.0,40d33f78a481,ok,train,yen4|page_0060|c7,"[374, 625, 443, 704]",,False,False,False,False,False,False,True,False,False,True,1.3857142857142857,False,False,False,0.0999999999999999,gold_direct,gold-direct(no-s3),80.46808510638297,57b5dfc9c406b1ca,149
39410,gold/yen4_page_0176_c05_107.png,yen4,page_0176,5,功,công,功,U+529F,char,GOLD,s1_inter_s2_direct,,0.151,87.0,90.0,11d72c926625,ok,train,yen4|page_0176|c5,"[573, 1228, 644, 1302]",,False,False,False,False,False,False,True,False,False,True,1.0344827586206895,False,False,False,0.0999999999999999,gold_direct,gold-direct(no-s3),80.46808510638297,f910c67e1a0f5adf,150
40844,gold/yen4_page_0210_c08_154.png,yen4,page_0210,8,事,sự,事,U+4E8B,char,GOLD,s1_inter_s2_direct,,0.185,77.0,101.0,688967c2ba52,ok,train,yen4|page_0210|c8,"[318, 377, 389, 460]",,False,False,False,False,False,False,True,False,False,True,1.3116883116883118,False,False,False,0.0999999999999999,gold_direct,gold-direct(no-s3),80.46808510638297,ed998e8e042bd23a,151
18970,gold/yen2_page_0062_c03_056.png,yen2,page_0062,3,盃,vui,盃,U+76C3,char,GOLD,s1_inter_s2_direct,,0.221,116.0,137.0,f7b6b8330701,ok,train,yen2|page_0062|c3,"[1132, 1793, 1240, 1904]",,False,False,False,False,False,False,True,False,False,True,1.1810344827586208,False,False,False,0.0999999999999999,gold_direct,gold-direct(no-s3),80.46808510638297,6c8d6c7c09279c4f,152
25060,gold/yen2_page_0188_c06_101.png,yen2,page_0188,6,事,sự,事,U+4E8B,char,GOLD,s1_inter_s2_direct,,0.212,113.0,168.0,c76d983ba600,ok,test,yen2|page_0188|c6,"[630, 1008, 740, 1144]",,False,False,False,False,False,False,True,False,False,True,1.4867256637168142,False,False,False,0.0999999999999999,gold_direct,gold-direct(no-s3),80.46808510638297,cf9a845d4b626002,153
33440,gold/yen4_page_0054_c03_050.png,yen4,page_0054,3,時,thì,時,U+6642,char,GOLD,s1_inter_s2_direct,,0.171,80.0,94.0,45e5574e4ba8,ok,train,yen4|page_0054|c3,"[782, 808, 854, 887]",,False,False,False,False,False,False,True,False,False,True,1.175,False,False,False,0.0999999999999999,gold_direct,gold-direct(no-s3),80.46808510638297,53f291dbf45b48e0,154
59822,gold/yen11_page_0294_c04_065.png,yen11,page_0294,4,衣,ấy,衣,U+8863,char,GOLD,s1_inter_s2_direct,,0.137,113.0,146.0,b265eabb33f6,ok,train,yen11|page_0294|c4,"[1011, 609, 1112, 727]",,False,False,False,False,False,False,True,False,False,True,1.2920353982300885,False,False,False,0.0999999999999999,gold_direct,gold-direct(no-s3),80.46808510638297,a2b7a6887a115d3c,155
17211,gold/yen2_page_0028_c03_056.png,yen2,page_0028,3,判,phán,判,U+5224,char,GOLD,s1_inter_s2_direct,,0.18,120.0,138.0,a15996233dfe,ok,train,yen2|page_0028|c3,"[1116, 1474, 1224, 1586]",,False,False,False,False,False,False,True,False,False,True,1.15,False,False,False,0.0999999999999999,gold_direct,gold-direct(no-s3),80.46808510638297,63d55b7412b5b453,156
24672,gold/yen2_page_0180_c02_020.png,yen2,page_0180,2,衣,ấy,衣,U+8863,char,GOLD,s1_inter_s2_direct,,0.234,114.0,157.0,c985fcdd3502,ok,train,yen2|page_0180|c2,"[1273, 582, 1380, 709]",,False,False,False,False,False,False,True,False,False,True,1.3771929824561404,False,False,False,0.0999999999999999,gold_direct,gold-direct(no-s3),80.46808510638297,aeb76429f1e12fba,157
51834,gold/yen11_page_0136_c03_046.png,yen11,page_0136,3,朱,cho,朱,U+6731,char,GOLD,s1_inter_s2_direct,,0.191,83.0,103.0,7894d45501f1,ok,train,yen11|page_0136|c3,"[1237, 506, 1342, 607]",,False,False,False,False,False,False,True,False,False,True,1.2409638554216869,False,False,False,0.0999999999999999,gold_direct,gold-direct(no-s3),80.46808510638297,b59d40662b9d6e85,158
52871,gold/yen11_page_0154_c08_156.png,yen11,page_0154,8,几,kẻ,几,U+51E0,char,GOLD,s1_inter_s2_direct,,0.167,98.0,132.0,482081b91d13,ok,train,yen11|page_0154|c8,"[356, 451, 457, 559]",,False,False,False,False,False,False,True,False,False,True,1.346938775510204,False,False,False,0.0999999999999999,gold_direct,gold-direct(no-s3),80.46808510638297,5554535dc589a8aa,159
55317,gold/yen11_page_0202_c08_141.png,yen11,page_0202,8,鄧,dâng,鄧,U+9127,char,GOLD,s1_inter_s2_direct,,0.222,87.0,117.0,33fed2294852,ok,train,yen11|page_0202|c8,"[409, 435, 514, 546]",,False,False,False,False,False,False,True,False,False,True,1.3448275862068966,False,False,False,0.0999999999999999,gold_direct,gold-direct(no-s3),80.46808510638297,f941d768ab9e375e,160
27623,gold/yen2_page_0248_c08_135.png,yen2,page_0248,8,形,hình,形,U+5F62,char,GOLD,s1_inter_s2_direct,,0.196,99.0,156.0,3366702100fa,ok,train,yen2|page_0248|c8,"[385, 2295, 494, 2421]",,False,False,False,False,False,False,True,False,False,True,1.5757575757575757,False,False,False,0.0999999999999999,gold_direct,gold-direct(no-s3),80.46808510638297,1acddad590c38968,161
49280,gold/yen11_page_0080_c09_183.png,yen11,page_0080,9,福,phúc,福,U+798F,char,GOLD,s1_inter_s2_direct,,0.201,94.0,147.0,b360aae7cbd1,ok,test,yen11|page_0080|c9,"[271, 1777, 377, 1896]",,False,False,False,False,False,False,True,False,False,True,1.5638297872340423,False,False,False,0.0999999999999999,gold_direct,gold-direct(no-s3),80.46808510638297,ed5d420166c8669b,162
45018,gold/yen4_page_0292_c07_163.png,yen4,page_0292,7,㝵,người,㝵,U+3775,char,GOLD,s1_inter_s2_direct,,0.135,74.0,90.0,5c66906d166a,ok,train,yen4|page_0292|c7,"[375, 1291, 444, 1365]",,False,False,False,False,False,False,True,False,False,True,1.2162162162162162,False,False,False,0.0999999999999999,gold_direct,gold-direct(no-s3),80.46808510638297,cd08b81eefcd293d,163
36777,gold/yen4_page_0124_c05_095.png,yen4,page_0124,5,巴,ba,巴,U+5DF4,char,GOLD,s1_inter_s2_direct,,0.16,78.0,90.0,a44f31a33a9c,ok,train,yen4|page_0124|c5,"[563, 548, 633, 622]",,False,False,False,False,False,False,True,False,False,True,1.1538461538461535,False,False,False,0.0999999999999999,gold_direct,gold-direct(no-s3),80.46808510638297,20b395e215ff54ec,164
63641,silver/yen4_page_0078_c05_115.png,yen4,page_0078,5,納,nói,呐,U+5450,char,SILVER,s2_inter_s3_corrected,0.734,0.207,62.0,87.0,97086c780c1a,ok,train,yen4|page_0078|c5,"[594, 1439, 663, 1510]",0.734,True,False,False,False,False,False,False,False,False,False,1.403225806451613,False,False,False,0.0,other,clean,80.46808510638297,762d2042d4e8724e,165
25751,gold/yen2_page_0204_c07_128.png,yen2,page_0204,7,奇,cả,奇,U+5947,char,GOLD,s1_inter_s2_direct,,0.25,129.0,141.0,ca403e794330,ok,train,yen2|page_0204|c7,"[538, 2404, 643, 2519]",,False,False,False,False,False,False,True,False,False,True,1.0930232558139534,False,False,False,0.0999999999999999,gold_direct,gold-direct(no-s3),80.46808510638297,b99712bdb0f8dc13,166
46138,gold/yen11_page_0018_c05_097.png,yen11,page_0018,5,佇,giữ,佇,U+4F47,char,GOLD,s1_inter_s2_direct,,0.24,91.0,145.0,ad51d5c441f1,ok,train,yen11|page_0018|c5,"[852, 1542, 957, 1659]",,False,False,False,False,False,False,True,False,False,True,1.5934065934065933,False,False,False,0.0999999999999999,gold_direct,gold-direct(no-s3),80.46808510638297,d69618f146579c15,167
26086,gold/yen2_page_0214_c01_015.png,yen2,page_0214,1,功,công,功,U+529F,char,GOLD,s1_inter_s2_direct,,0.245,98.0,139.0,9a1eba1cb698,ok,train,yen2|page_0214|c1,"[1455, 1886, 1561, 1999]",,False,False,False,False,False,False,True,False,False,True,1.4183673469387754,False,False,False,0.0999999999999999,gold_direct,gold-direct(no-s3),80.46808510638297,1a1d49acb7b03e87,168
6501,syllable/yen4_page_0114_c06_122.png,yen4,page_0114,6,張,mẹ,,,syllable,SYLLABLE,nghia_consensus,0.027,0.163,81.0,95.0,b4307e03e5c6,ok,test,yen4|page_0114|c6,"[475, 830, 547, 907]",0.027,True,False,False,False,False,False,False,True,True,False,1.1728395061728396,False,False,False,0.6,s3_low,s3=0.03<τ,80.46808510638297,c4ab215641d1548c,169
33412,gold/yen4_page_0052_c09_177.png,yen4,page_0052,9,連,liền,連,U+9023,char,GOLD,s1_inter_s2_direct,,0.126,83.0,93.0,c96f93b7976d,ok,train,yen4|page_0052|c9,"[152, 1445, 227, 1526]",,False,False,False,False,False,False,True,False,False,True,1.120481927710843,False,False,False,0.0999999999999999,gold_direct,gold-direct(no-s3),80.46808510638297,5a86165a3670c97e,170
19139,gold/yen2_page_0066_c01_004.png,yen2,page_0066,1,召,chịu,召,U+53EC,char,GOLD,s1_inter_s2_direct,,0.188,95.0,142.0,dd3cbcaf7dda,ok,train,yen2|page_0066|c1,"[1454, 879, 1558, 995]",,False,False,False,False,False,False,True,False,False,True,1.4947368421052631,False,False,False,0.0999999999999999,gold_direct,gold-direct(no-s3),80.46808510638297,496039e6d04aa682,171
6978,syllable/yen4_page_0232_c08_155.png,yen4,page_0232,8,皇,Thánh,,,syllable,SYLLABLE,nghia_consensus,0.071,0.159,67.0,95.0,167d56bf90e3,ok,test,yen4|page_0232|c8,"[282, 670, 350, 747]",0.071,True,False,False,False,False,False,False,True,True,False,1.417910447761194,False,False,False,0.6,s3_low,s3=0.07<τ,80.46808510638297,fe6519d3cb1a35fd,172
30878,gold/yen2_page_0320_c09_162.png,yen2,page_0320,9,每,mọi,每,U+6BCF,char,GOLD,s1_inter_s2_direct,,0.195,105.0,161.0,5abebce97e10,ok,train,yen2|page_0320|c9,"[247, 1387, 358, 1518]",,False,False,False,False,False,False,True,False,False,True,1.5333333333333334,False,False,False,0.0999999999999999,gold_direct,gold-direct(no-s3),80.46808510638297,219fe9cace7346ae,173
33775,gold/yen4_page_0060_c07_138.png,yen4,page_0060,7,廩,lắm,廩,U+5EE9,char,GOLD,s1_inter_s2_direct,,0.211,70.0,97.0,ee42bc42262f,ok,train,yen4|page_0060|c7,"[367, 1116, 436, 1195]",,False,False,False,False,False,False,True,False,False,True,1.3857142857142857,False,False,False,0.0999999999999999,gold_direct,gold-direct(no-s3),80.46808510638297,24e321ef024953b6,174
63279,silver/yen4_page_0044_c08_159.png,yen4,page_0044,8,花,nơi,尼,U+5C3C,char,SILVER,s2_inter_s3_corrected,0.646,0.125,67.0,87.0,1e0b6fa7e852,ok,train,yen4|page_0044|c8,"[271, 620, 338, 691]",0.646,True,False,False,False,False,False,False,False,False,False,1.2985074626865671,False,False,False,0.0,other,clean,80.46808510638297,2b8a4494f2a0cdf6,175
49329,gold/yen11_page_0086_c05_084.png,yen11,page_0086,5,麻,mà,麻,U+9EBB,char,GOLD,s1_inter_s2_direct,,0.201,121.0,138.0,680d91e1207d,ok,train,yen11|page_0086|c5,"[856, 1756, 962, 1868]",,False,False,False,False,False,False,True,False,False,True,1.140495867768595,False,False,False,0.0999999999999999,gold_direct,gold-direct(no-s3),80.46808510638297,66a11bd3daa5b940,176
51172,gold/yen11_page_0122_c02_038.png,yen11,page_0122,2,神,thần,神,U+795E,char,GOLD,s1_inter_s2_direct,,0.146,102.0,145.0,6c769263f85f,ok,train,yen11|page_0122|c2,"[1342, 1899, 1442, 2016]",,False,False,False,False,False,False,True,False,False,True,1.4215686274509804,False,False,False,0.0999999999999999,gold_direct,gold-direct(no-s3),80.46808510638297,5899f48da984661c,177
58476,gold/yen11_page_0268_c04_067.png,yen11,page_0268,4,几,kẻ,几,U+51E0,char,GOLD,s1_inter_s2_direct,,0.169,106.0,145.0,15dffd977b9a,ok,val,yen11|page_0268|c4,"[1030, 716, 1135, 833]",,False,False,False,False,False,False,True,False,False,True,1.3679245283018868,False,False,False,0.0999999999999999,gold_direct,gold-direct(no-s3),80.46808510638297,5d1769174cafcda3,178
46941,gold/yen11_page_0034_c02_042.png,yen11,page_0034,2,奴,nó,奴,U+5974,char,GOLD,s1_inter_s2_direct,,0.254,109.0,142.0,94204b1cc904,ok,val,yen11|page_0034|c2,"[1325, 2283, 1431, 2399]",,False,False,False,False,False,False,True,False,False,True,1.3027522935779816,False,False,False,0.0999999999999999,gold_direct,gold-direct(no-s3),80.46808510638297,f56b3194d467be55,179
31659,gold/yen4_page_0018_c05_064.png,yen4,page_0018,5,中,Trong,中,U+4E2D,char,GOLD,s1_inter_s2_direct,,0.161,61.0,70.0,bc1cc907ff63,ok,train,yen4|page_0018|c5,"[548, 268, 620, 339]",,False,False,False,False,False,False,True,False,False,True,1.147540983606557,False,False,False,0.0999999999999999,gold_direct,gold-direct(no-s3),80.46808510638297,c7497e0c81317696,180
2527,silver/yen2_page_0118_c07_136.png,yen2,page_0118,7,烽,sợ,𢜝,U+2271D,char,SILVER,s3_head_bank_consensus,0.498,0.28,130.0,155.0,828f23da94e2,ok,train,yen2|page_0118|c7,"[522, 667, 634, 792]",0.498,True,False,False,False,False,True,False,True,True,False,1.1923076923076923,False,False,False,0.76,silver_headbank,"silver-headbank,s3=0.50<τ",80.46808510638297,96e06111be9ba805,181
13516,gold/yen11_page_0090_c01_012.png,yen11,page_0090,1,事,sợ,𢜝,U+2271D,char,GOLD,s1_inter_s2_similar,0.981,0.183,95.0,140.0,66b0242ef146,ok,train,yen11|page_0090|c1,"[1460, 1542, 1570, 1656]",0.981,True,False,False,False,True,False,False,False,False,False,1.4736842105263157,False,False,False,0.3,similar_bridge,similar-bridge,80.46808510638297,ef861b7e93969cfb,182
52004,gold/yen11_page_0138_c07_135.png,yen11,page_0138,7,奴,Nó,奴,U+5974,char,GOLD,s1_inter_s2_direct,,0.153,88.0,139.0,ee25ab19ac8e,ok,train,yen11|page_0138|c7,"[560, 723, 660, 836]",,False,False,False,False,False,False,True,False,False,True,1.5795454545454546,False,False,False,0.0999999999999999,gold_direct,gold-direct(no-s3),80.46808510638297,e9f7c66ad0936f52,183
50998,gold/yen11_page_0118_c07_129.png,yen11,page_0118,7,事,Sự,事,U+4E8B,char,GOLD,s1_inter_s2_direct,,0.183,107.0,141.0,1b39ca397ca3,ok,train,yen11|page_0118|c7,"[581, 703, 686, 818]",,False,False,False,False,False,False,True,False,False,True,1.3177570093457944,False,False,False,0.0999999999999999,gold_direct,gold-direct(no-s3),80.46808510638297,7a123627f01d2136,184
15762,gold/yen4_page_0136_c07_146.png,yen4,page_0136,7,各,các,各,U+5404,char,GOLD,s1_inter_s2_direct,,0.104,87.0,96.0,b1aa205ec1df,ok,train,yen4|page_0136|c7,"[447, 1311, 519, 1390]",,False,False,False,False,False,False,True,False,False,True,1.103448275862069,False,True,True,0.235,quality_flag,ink-outlier,80.46808510638297,4a6a3e88b6f1a0ef,185
62194,silver/yen2_page_0222_c06_110.png,yen2,page_0222,6,郎,sa,沙,U+6C99,char,SILVER,s2_inter_s3_corrected,0.663,0.261,102.0,167.0,18a32b9d5eeb,ok,train,yen2|page_0222|c6,"[655, 1966, 755, 2101]",0.663,True,False,False,False,False,False,False,False,False,False,1.6372549019607845,False,False,False,0.0,other,clean,80.46808510638297,8e8f525da66a5195,186
24863,gold/yen2_page_0184_c04_064.png,yen2,page_0184,4,禄,lóc,禄,U+7984,char,GOLD,s1_inter_s2_direct,,0.267,139.0,161.0,6d51ae15624c,ok,val,yen2|page_0184|c4,"[1013, 1769, 1126, 1900]",,False,False,False,False,False,False,True,False,False,True,1.158273381294964,False,False,False,0.0999999999999999,gold_direct,gold-direct(no-s3),80.46808510638297,5927f5542f4bce80,187
53550,gold/yen11_page_0168_c08_161.png,yen11,page_0168,8,生,sinh,生,U+751F,char,GOLD,s1_inter_s2_direct,,0.196,97.0,120.0,ef613b14bf2b,ok,train,yen11|page_0168|c8,"[429, 1118, 523, 1223]",,False,False,False,False,False,False,True,False,False,True,1.2371134020618555,False,False,False,0.0999999999999999,gold_direct,gold-direct(no-s3),80.46808510638297,9bc94da697fc79ea,188
20638,gold/yen2_page_0096_c02_033.png,yen2,page_0096,2,道,đạo,道,U+9053,char,GOLD,s1_inter_s2_direct,,0.192,125.0,141.0,a3e421672eec,ok,train,yen2|page_0096|c2,"[1287, 1411, 1392, 1526]",,False,False,False,False,False,False,True,False,False,True,1.128,False,False,False,0.0999999999999999,gold_direct,gold-direct(no-s3),80.46808510638297,1002e37f1a19caa1,189
44243,gold/yen4_page_0280_c03_054.png,yen4,page_0280,3,体,thấy,体,U+4F53,char,GOLD,s1_inter_s2_direct,,0.158,66.0,90.0,99a80f59a495,ok,train,yen4|page_0280|c3,"[765, 472, 833, 546]",,False,False,False,False,False,False,True,False,False,True,1.3636363636363635,False,False,False,0.0999999999999999,gold_direct,gold-direct(no-s3),80.46808510638297,a92320776612b69c,190
4509,syllable/yen2_page_0242_c01_016.png,yen2,page_0242,1,而,làm,,,syllable,SYLLABLE,nghia_consensus,0.189,0.095,140.0,115.0,19fe160f8768,ok,test,yen2|page_0242|c1,"[1436, 2362, 1550, 2492]",0.189,True,False,False,False,False,False,False,True,True,False,0.8214285714285714,False,True,True,0.6599999999999999,s3_low,"s3=0.19<τ,ink-outlier",80.46808510638297,51ace06acdebd2b4,191
61061,silver/yen2_page_0104_c07_141.png,yen2,page_0104,7,遥,la,邏,U+908F,char,SILVER,s2_inter_s3_corrected,0.901,0.221,129.0,146.0,b7dcb3ffd596,ok,train,yen2|page_0104|c7,"[512, 1901, 624, 2019]",0.901,True,False,False,False,False,False,False,False,False,False,1.131782945736434,False,False,False,0.0,other,clean,80.46808510638297,b974be9ca1496d99,192
3339,silver/yen11_page_0034_c09_178.png,yen11,page_0034,9,斥,Trời,𡗶,U+215F6,char,SILVER,s3_head_bank_consensus,0.159,0.152,97.0,137.0,1119697aa5aa,ok,test,yen11|page_0034|c9,"[251, 794, 347, 905]",0.159,True,False,False,False,False,True,False,True,True,False,1.4123711340206186,False,False,False,0.76,silver_headbank,"silver-headbank,s3=0.16<τ",80.46808510638297,f31e7094615a73ff,193
21356,gold/yen2_page_0110_c07_122.png,yen2,page_0110,7,魂,hồn,魂,U+9B42,char,GOLD,s1_inter_s2_direct,,0.283,108.0,142.0,43b9643de728,ok,train,yen2|page_0110|c7,"[540, 588, 638, 704]",,False,False,False,False,False,False,True,False,False,True,1.3148148148148149,False,False,False,0.0999999999999999,gold_direct,gold-direct(no-s3),80.46808510638297,9c6ad9cb96da8777,194
27576,gold/yen2_page_0248_c03_052.png,yen2,page_0248,3,少,thiếu,少,U+5C11,char,GOLD,s1_inter_s2_direct,,0.175,119.0,149.0,1c7a7b147cb3,ok,train,yen2|page_0248|c3,"[1136, 1842, 1249, 1963]",,False,False,False,False,False,False,True,False,False,True,1.2521008403361344,False,False,False,0.0999999999999999,gold_direct,gold-direct(no-s3),80.46808510638297,d4f21abd244c5017,195
5737,syllable/yen2_page_0244_c08_142.png,yen2,page_0244,8,𭴾,vồ,,,syllable,SYLLABLE,nghia_consensus,0.047,0.16,132.0,145.0,fdf79d6a692b,ok,train,yen2|page_0244|c8,"[393, 933, 510, 1050]",0.047,True,False,False,False,False,False,False,True,True,False,1.0984848484848484,False,False,False,0.6,s3_low,s3=0.05<τ,80.46808510638297,f1122feb85fa1c68,196
16031,gold/yen11_page_0206_c09_183.png,yen11,page_0206,9,主,Chúa,主,U+4E3B,char,GOLD,s1_inter_s2_direct,,0.098,88.0,147.0,db6c52cf1f38,ok,test,yen11|page_0206|c9,"[252, 1387, 352, 1506]",,False,False,False,False,False,False,True,False,False,True,1.6704545454545454,False,True,True,0.235,quality_flag,ink-outlier,80.46808510638297,a198ba27b7d2e8f3,197
50598,gold/yen11_page_0110_c08_160.png,yen11,page_0110,8,丕,Phi,丕,U+4E15,char,GOLD,s1_inter_s2_direct,,0.135,115.0,134.0,d9279583300d,ok,train,yen11|page_0110|c8,"[389, 1443, 492, 1558]",,False,False,False,False,False,False,True,False,False,True,1.1652173913043478,False,False,False,0.0999999999999999,gold_direct,gold-direct(no-s3),80.46808510638297,6cb7d94798130e81,198
5137,syllable/yen2_page_0116_c04_056.png,yen2,page_0116,4,弇,ông,,,syllable,SYLLABLE,nghia_consensus,0.286,0.19,126.0,145.0,f77e6a2d6870,ok,test,yen2|page_0116|c4,"[994, 551, 1099, 668]",0.286,True,False,False,False,False,False,False,True,True,False,1.1507936507936507,False,False,False,0.6,s3_low,s3=0.29<τ,80.46808510638297,55e4c6d852b0b3dd,199
18631,gold/yen2_page_0056_c01_006.png,yen2,page_0056,1,代,đời,代,U+4EE3,char,GOLD,s1_inter_s2_direct,,0.215,109.0,139.0,d315d26f5abe,ok,train,yen2|page_0056|c1,"[1414, 1046, 1517, 1159]",,False,False,False,False,False,False,True,False,False,True,1.275229357798165,False,False,False,0.0999999999999999,gold_direct,gold-direct(no-s3),80.46808510638297,e8a7bd71c2ca384d,200
8947,gold/yen4_page_0062_c09_177.png,yen4,page_0062,9,布,nào,市,U+5E02,char,GOLD,s1_inter_s2_similar,0.614,0.134,85.0,90.0,1d4da7835dfa,ok,train,yen4|page_0062|c9,"[175, 310, 244, 384]",0.614,True,False,False,False,True,False,False,True,False,False,1.0588235294117647,False,False,False,0.5,similar_bridge_lowcos,"similar-bridge,s3=0.61<τ",80.46808510638297,88a34e3408fa3431,201
20475,gold/yen2_page_0092_c05_110.png,yen2,page_0092,5,㝵,người,㝵,U+3775,char,GOLD,s1_inter_s2_direct,,0.219,119.0,136.0,dc61d64d577b,ok,train,yen2|page_0092|c5,"[823, 2145, 924, 2255]",,False,False,False,False,False,False,True,False,False,True,1.1428571428571428,False,False,False,0.0999999999999999,gold_direct,gold-direct(no-s3),80.46808510638297,4d9a8a642557bbda,202
3028,silver/yen4_page_0158_c06_119.png,yen4,page_0158,6,昇,người,㝵,U+3775,char,SILVER,s3_head_bank_consensus,0.389,0.163,79.0,99.0,ed6f3a702a1e,ok,test,yen4|page_0158|c6,"[472, 1108, 545, 1189]",0.389,True,False,False,False,False,True,False,True,True,False,1.2531645569620251,False,False,False,0.76,silver_headbank,"silver-headbank,s3=0.39<τ",80.46808510638297,9b94e5a9d1834018,203
48539,gold/yen11_page_0066_c05_105.png,yen11,page_0066,5,各,các,各,U+5404,char,GOLD,s1_inter_s2_direct,,0.175,100.0,135.0,9c2844c3e9a0,ok,train,yen11|page_0066|c5,"[859, 2131, 971, 2242]",,False,False,False,False,False,False,True,False,False,True,1.35,False,False,False,0.0999999999999999,gold_direct,gold-direct(no-s3),80.46808510638297,7a88dbae1e38fe4f,204
5472,syllable/yen2_page_0184_c08_139.png,yen2,page_0184,8,知,Đức,,,syllable,SYLLABLE,nghia_consensus,0.044,0.185,129.0,152.0,acd271150f87,ok,train,yen2|page_0184|c8,"[398, 1997, 503, 2121]",0.044,True,False,False,False,False,False,False,True,True,False,1.178294573643411,False,False,False,0.6,s3_low,s3=0.04<τ,80.46808510638297,4d04993007deefe6,205
13736,gold/yen11_page_0150_c04_074.png,yen11,page_0150,4,早,người,㝵,U+3775,char,GOLD,s1_inter_s2_similar,0.906,0.147,119.0,145.0,8e7b5c664dca,ok,train,yen11|page_0150|c4,"[965, 1008, 1070, 1125]",0.906,True,False,False,False,True,False,False,False,False,False,1.218487394957983,False,False,False,0.3,similar_bridge,similar-bridge,80.46808510638297,aac13a3242a84457,206
23850,gold/yen2_page_0160_c07_128.png,yen2,page_0160,7,蓮,trên,蓮,U+84EE,char,GOLD,s1_inter_s2_direct,,0.245,125.0,162.0,2e6421b992e7,ok,val,yen2|page_0160|c7,"[501, 2068, 609, 2200]",,False,False,False,False,False,False,True,False,False,True,1.296,False,False,False,0.0999999999999999,gold_direct,gold-direct(no-s3),80.46808510638297,ba0725474ed15a12,207
65192,silver/yen4_page_0244_c01_015.png,yen4,page_0244,1,閤,gian,間,U+9593,char,SILVER,s2_inter_s3_corrected,0.74,0.174,76.0,89.0,3553017242a9,ok,train,yen4|page_0244|c1,"[964, 1241, 1039, 1320]",0.74,True,False,False,False,False,False,False,False,False,False,1.1710526315789471,False,False,False,0.0,other,clean,80.46808510638297,957955421bce288b,208
38084,gold/yen4_page_0152_c01_020.png,yen4,page_0152,1,平,bằng,平,U+5E73,char,GOLD,s1_inter_s2_direct,,0.11,88.0,97.0,418ad3190e36,ok,train,yen4|page_0152|c1,"[955, 1562, 1027, 1641]",,False,False,False,False,False,False,True,False,False,True,1.1022727272727273,False,False,False,0.0999999999999999,gold_direct,gold-direct(no-s3),80.46808510638297,446fb73b6af97733,209
43201,gold/yen4_page_0258_c01_018.png,yen4,page_0258,1,殼,xác,殼,U+6BBC,char,GOLD,s1_inter_s2_direct,,0.147,68.0,93.0,bd618cd3e9e1,ok,train,yen4|page_0258|c1,"[959, 1327, 1028, 1402]",,False,False,False,False,False,False,True,False,False,True,1.3676470588235294,False,False,False,0.0999999999999999,gold_direct,gold-direct(no-s3),80.46808510638297,d16fbda8f412d638,210
29421,gold/yen2_page_0288_c06_107.png,yen2,page_0288,6,事,sự,事,U+4E8B,char,GOLD,s1_inter_s2_direct,,0.22,124.0,156.0,b9f3ceb526dd,ok,train,yen2|page_0288|c6,"[683, 1281, 794, 1407]",,False,False,False,False,False,False,True,False,False,True,1.2580645161290325,False,False,False,0.0999999999999999,gold_direct,gold-direct(no-s3),80.46808510638297,351df5cd27edeced,211
16292,silver/yen4_page_0014_c08_176.png,yen4,page_0014,8,𭔿,người,㝵,U+3775,char,SILVER,s2_inter_s3_corrected,0.722,0.103,89.0,95.0,b1e5e78adac2,ok,train,yen4|page_0014|c8,"[287, 1237, 360, 1314]",0.722,True,False,False,False,False,False,False,False,False,False,1.0674157303370786,False,True,True,0.15,quality_flag,ink-outlier,80.46808510638297,fa458863fbb4c7e8,212
29405,gold/yen2_page_0288_c05_079.png,yen2,page_0288,5,把,trả,把,U+628A,char,GOLD,s1_inter_s2_direct,,0.209,126.0,123.0,d2cec8d69473,ok,train,yen2|page_0288|c5,"[832, 456, 947, 574]",,False,False,False,False,False,False,True,False,False,True,0.9761904761904762,False,False,False,0.0999999999999999,gold_direct,gold-direct(no-s3),80.46808510638297,c697d1bf7914aa46,213
50690,gold/yen11_page_0112_c06_123.png,yen11,page_0112,6,眉,mày,眉,U+7709,char,GOLD,s1_inter_s2_direct,,0.163,88.0,140.0,498be0b61bf7,ok,train,yen11|page_0112|c6,"[705, 1935, 813, 2049]",,False,False,False,False,False,False,True,False,False,True,1.5909090909090908,False,False,False,0.0999999999999999,gold_direct,gold-direct(no-s3),80.46808510638297,ed9387ae92f9e08e,214
62564,silver/yen2_page_0270_c03_064.png,yen2,page_0270,3,新,đoạn,断,U+65AD,char,SILVER,s2_inter_s3_corrected,0.955,0.223,94.0,140.0,963072ecc0ce,ok,train,yen2|page_0270|c3,"[1134, 2232, 1235, 2346]",0.955,True,False,False,False,False,False,False,False,False,False,1.4893617021276595,False,False,False,0.0,other,clean,80.46808510638297,cd369688e21f7607,215
20247,gold/yen2_page_0088_c03_045.png,yen2,page_0088,3,灵,linh,灵,U+7075,char,GOLD,s1_inter_s2_direct,,0.223,115.0,151.0,a38c270a800f,ok,train,yen2|page_0088|c3,"[1133, 677, 1241, 800]",,False,False,False,False,False,False,True,False,False,True,1.3130434782608695,False,False,False,0.0999999999999999,gold_direct,gold-direct(no-s3),80.46808510638297,8c93969c38f67d18,216
44331,gold/yen4_page_0282_c01_002.png,yen4,page_0282,1,中,trong,中,U+4E2D,char,GOLD,s1_inter_s2_direct,,0.132,65.0,92.0,41d76531bf32,ok,train,yen4|page_0282|c1,"[954, 414, 1026, 490]",,False,False,False,False,False,False,True,False,False,True,1.4153846153846157,False,False,False,0.0999999999999999,gold_direct,gold-direct(no-s3),80.46808510638297,cfadb6dd5d143574,217
5334,syllable/yen2_page_0158_c06_101.png,yen2,page_0158,6,舞,sau,,,syllable,SYLLABLE,nghia_consensus,0.106,0.293,120.0,151.0,a276989c3bf0,ok,train,yen2|page_0158|c6,"[692, 769, 798, 892]",0.106,True,False,False,False,False,False,False,True,True,False,1.2583333333333333,False,False,False,0.6,s3_low,s3=0.11<τ,80.46808510638297,576d9223c7f5bc0d,218
29785,gold/yen2_page_0296_c07_119.png,yen2,page_0296,7,哿,Cả,哿,U+54FF,char,GOLD,s1_inter_s2_direct,,0.141,134.0,166.0,3d0a0096930b,ok,train,yen2|page_0296|c7,"[555, 1865, 668, 1999]",,False,False,False,False,False,False,True,False,False,True,1.2388059701492538,False,False,False,0.0999999999999999,gold_direct,gold-direct(no-s3),80.46808510638297,2983b023cd2dd46f,219
4919,syllable/yen2_page_0070_c09_167.png,yen2,page_0070,9,其,dữ,,,syllable,SYLLABLE,nghia_consensus,0.057,0.212,107.0,122.0,bce167cdfab3,ok,val,yen2|page_0070|c9,"[209, 2215, 315, 2332]",0.057,True,False,False,False,False,False,False,True,True,False,1.1401869158878504,False,False,False,0.6,s3_low,s3=0.06<τ,80.46808510638297,0e5a9c44c982ac83,220
54549,gold/yen11_page_0188_c05_095.png,yen11,page_0188,5,腮,tay,腮,U+816E,char,GOLD,s1_inter_s2_direct,,0.203,134.0,139.0,0a85a6898ec8,ok,train,yen11|page_0188|c5,"[875, 1461, 988, 1574]",,False,False,False,False,False,False,True,False,False,True,1.037313432835821,False,False,False,0.0999999999999999,gold_direct,gold-direct(no-s3),80.46808510638297,f50fae16c866fe4a,221
3523,silver/yen11_page_0174_c07_132.png,yen11,page_0174,7,霖,trăm,林,U+6797,char,SILVER,s3_head_bank_consensus,0.045,0.18,125.0,122.0,a626f4796686,ok,train,yen11|page_0174|c7,"[569, 417, 683, 526]",0.045,True,False,False,False,False,True,False,True,True,False,0.976,False,False,False,0.76,silver_headbank,"silver-headbank,s3=0.04<τ",80.46808510638297,ed769e1de8471cbe,222
8029,syllable/yen11_page_0146_c09_184.png,yen11,page_0146,9,而,làm,,,syllable,SYLLABLE,nghia_consensus,0.164,0.121,83.0,127.0,edbab37aa54f,ok,train,yen11|page_0146|c9,"[228, 729, 320, 837]",0.164,True,False,False,False,False,False,False,True,True,False,1.5301204819277108,False,False,False,0.6,s3_low,s3=0.16<τ,80.46808510638297,3afbe505564d870b,223
47489,gold/yen11_page_0048_c03_064.png,yen11,page_0048,3,𨺻,hãm,𨺻,U+28EBB,char,GOLD,s1_inter_s2_direct,,0.227,91.0,115.0,8e650c42031a,ok,train,yen11|page_0048|c3,"[1144, 2354, 1250, 2461]",,False,False,False,False,False,False,True,False,False,True,1.2637362637362637,False,False,False,0.0999999999999999,gold_direct,gold-direct(no-s3),80.46808510638297,611b79851c4e4ec9,224
22676,gold/yen2_page_0134_c08_162.png,yen2,page_0134,8,差,sai,差,U+5DEE,char,GOLD,s1_inter_s2_direct,,0.267,104.0,156.0,964554b294ab,ok,train,yen2|page_0134|c8,"[387, 1561, 500, 1687]",,False,False,False,False,False,False,True,False,False,True,1.5,False,False,False,0.0999999999999999,gold_direct,gold-direct(no-s3),80.46808510638297,34743a0f2b9abe85,225
4569,syllable/yen11_page_0190_c09_175.png,yen11,page_0190,9,𡖋,làm,,,syllable,SYLLABLE,nghia_consensus,0.226,0.104,103.0,130.0,76c1a2b93d3a,ok,train,yen11|page_0190|c9,"[762, 869, 866, 980]",0.226,True,False,False,False,False,False,False,True,True,False,1.2621359223300972,False,True,True,0.6599999999999999,s3_low,"s3=0.23<τ,ink-outlier",80.46808510638297,e51aae0563479b3a,226
16948,gold/yen2_page_0022_c04_081.png,yen2,page_0022,4,碎,tôi,碎,U+788E,char,GOLD,s1_inter_s2_direct,,0.222,128.0,138.0,277b28db43c1,ok,train,yen2|page_0022|c4,"[969, 2133, 1073, 2245]",,False,False,False,False,False,False,True,False,False,True,1.078125,False,False,False,0.0999999999999999,gold_direct,gold-direct(no-s3),80.46808510638297,7858d6031fb178e7,227
47126,gold/yen11_page_0036_c08_162.png,yen11,page_0036,8,主,Chúa,主,U+4E3B,char,GOLD,s1_inter_s2_direct,,0.196,95.0,121.0,560414efcc0b,ok,train,yen11|page_0036|c8,"[447, 1841, 546, 1953]",,False,False,False,False,False,False,True,False,False,True,1.2736842105263158,False,False,False,0.0999999999999999,gold_direct,gold-direct(no-s3),80.46808510638297,c9eaf302f5100fd3,228
30090,gold/yen2_page_0304_c05_087.png,yen2,page_0304,5,主,Chúa,主,U+4E3B,char,GOLD,s1_inter_s2_direct,,0.184,106.0,161.0,6522162c6f05,ok,train,yen2|page_0304|c5,"[855, 1291, 966, 1422]",,False,False,False,False,False,False,True,False,False,True,1.518867924528302,False,False,False,0.0999999999999999,gold_direct,gold-direct(no-s3),80.46808510638297,29ffb26857e98d43,229
48962,gold/yen11_page_0074_c07_139.png,yen11,page_0074,7,穌,tô,穌,U+7A4C,char,GOLD,s1_inter_s2_direct,,0.201,106.0,150.0,d4550086ea54,ok,train,yen11|page_0074|c7,"[581, 1493, 688, 1615]",,False,False,False,False,False,False,True,False,False,True,1.4150943396226414,False,False,False,0.0999999999999999,gold_direct,gold-direct(no-s3),80.46808510638297,17e81541cff5cf15,230
369,silver/yen4_page_0192_c02_036.png,yen4,page_0192,2,身,người,㝵,U+3775,char,SILVER,s2_inter_s3_corrected,0.554,0.131,85.0,108.0,caabc295fe82,ok,train,yen4|page_0192|c2,"[850, 1378, 925, 1466]",0.554,True,False,True,True,False,False,False,True,False,False,1.2705882352941176,False,False,False,0.935,dup_defect,"cross-col(F1),s3=0.55<τ",80.46808510638297,67cbe12627ca590f,231
45962,gold/yen11_page_0014_c09_178.png,yen11,page_0014,9,女,nữ,女,U+5973,char,GOLD,s1_inter_s2_direct,,0.163,109.0,127.0,75c53a054e39,ok,train,yen11|page_0014|c9,"[244, 1202, 339, 1305]",,False,False,False,False,False,False,True,False,False,True,1.165137614678899,False,False,False,0.0999999999999999,gold_direct,gold-direct(no-s3),80.46808510638297,bc4806a6d3bfcde0,232
7702,syllable/yen11_page_0090_c04_071.png,yen11,page_0090,4,要,là,,,syllable,SYLLABLE,nghia_consensus,0.428,0.199,95.0,119.0,a01deae071c2,ok,val,yen11|page_0090|c4,"[1012, 608, 1114, 714]",0.428,True,False,False,False,False,False,False,True,True,False,1.2526315789473683,False,False,False,0.6,s3_low,s3=0.43<τ,80.46808510638297,9cb3e31c14baf226,233
56518,gold/yen11_page_0226_c07_138.png,yen11,page_0226,7,主,Chúa,主,U+4E3B,char,GOLD,s1_inter_s2_direct,,0.139,101.0,131.0,3c39ae799872,ok,train,yen11|page_0226|c7,"[556, 872, 657, 979]",,False,False,False,False,False,False,True,False,False,True,1.297029702970297,False,False,False,0.0999999999999999,gold_direct,gold-direct(no-s3),80.46808510638297,ec4d5825b592fd1f,234
30151,gold/yen2_page_0306_c01_013.png,yen2,page_0306,1,共,cùng,共,U+5171,char,GOLD,s1_inter_s2_direct,,0.166,124.0,162.0,c77944b0125f,ok,train,yen2|page_0306|c1,"[1447, 1836, 1564, 1968]",,False,False,False,False,False,False,True,False,False,True,1.3064516129032258,False,False,False,0.0999999999999999,gold_direct,gold-direct(no-s3),80.46808510638297,b9a2f9eb0109707d,235
62636,silver/yen2_page_0282_c09_163.png,yen2,page_0282,9,𢙢,tay,腮,U+816E,char,SILVER,s2_inter_s3_corrected,0.807,0.192,137.0,163.0,7ec6bd07f185,ok,train,yen2|page_0282|c9,"[235, 650, 350, 783]",0.807,True,False,False,False,False,False,False,False,False,False,1.1897810218978102,False,False,False,0.0,other,clean,80.46808510638297,e3644c84a49dcb06,236
24394,gold/yen2_page_0174_c01_003.png,yen2,page_0174,1,户,họ,户,U+6237,char,GOLD,s1_inter_s2_direct,,0.12,106.0,146.0,655e4a622ce0,ok,train,yen2|page_0174|c1,"[1442, 757, 1547, 875]",,False,False,False,False,False,False,True,False,False,True,1.3773584905660377,False,False,False,0.0999999999999999,gold_direct,gold-direct(no-s3),80.46808510638297,0356086e4de6c6ab,237
49892,gold/yen11_page_0098_c02_024.png,yen11,page_0098,2,主,Chúa,主,U+4E3B,char,GOLD,s1_inter_s2_direct,,0.18,97.0,147.0,28ab0303b3a4,ok,train,yen11|page_0098|c2,"[1342, 842, 1448, 961]",,False,False,False,False,False,False,True,False,False,True,1.5154639175257731,False,False,False,0.0999999999999999,gold_direct,gold-direct(no-s3),80.46808510638297,fa1060aaeda85543,238
16391,gold/yen2_page_0012_c03_033.png,yen2,page_0012,3,秋,su,秋,U+79CB,char,GOLD,s1_inter_s2_direct,,0.218,124.0,135.0,cebbda4dd6cc,ok,test,yen2|page_0012|c3,"[1117, 2029, 1229, 2138]",,False,False,False,False,False,False,True,False,False,True,1.0887096774193548,False,False,False,0.0999999999999999,gold_direct,gold-direct(no-s3),80.46808510638297,a1f8326822f2e0a8,239
63200,silver/yen4_page_0038_c02_032.png,yen4,page_0038,2,未,mất,末,U+672B,char,SILVER,s2_inter_s3_corrected,0.783,0.151,74.0,86.0,fa02fbb7256a,ok,train,yen4|page_0038|c2,"[854, 946, 925, 1016]",0.783,True,False,False,False,False,False,False,False,False,False,1.162162162162162,False,False,False,0.0,other,clean,80.46808510638297,4e985087725b4312,240
440,gold/yen11_page_0160_c06_103.png,yen11,page_0160,6,思,chước,捉,U+6349,char,GOLD,s1_inter_s2_similar,0.981,0.224,112.0,127.0,58bf89999a01,ok,train,yen11|page_0160|c6,"[881, 1408, 987, 1517]",0.981,True,False,True,True,True,False,False,False,False,False,1.1339285714285714,False,False,False,0.93,dup_defect,"cross-col(F1),similar-bridge",80.46808510638297,8f47a4d99fe1cba7,241
30852,gold/yen2_page_0320_c06_105.png,yen2,page_0320,6,寺,thì,寺,U+5BFA,char,GOLD,s1_inter_s2_direct,,0.242,97.0,152.0,271e57b92e83,ok,val,yen2|page_0320|c6,"[697, 1539, 804, 1663]",,False,False,False,False,False,False,True,False,False,True,1.5670103092783505,False,False,False,0.0999999999999999,gold_direct,gold-direct(no-s3),80.46808510638297,9d66e80418e40f59,242
46552,gold/yen11_page_0026_c02_037.png,yen11,page_0026,2,柴,thầy,柴,U+67F4,char,GOLD,s1_inter_s2_direct,,0.174,86.0,140.0,482b3b188d72,ok,train,yen11|page_0026|c2,"[1293, 1929, 1396, 2043]",,False,False,False,False,False,False,True,False,False,True,1.627906976744186,False,False,False,0.0999999999999999,gold_direct,gold-direct(no-s3),80.46808510638297,efe0796a84d09fe8,243
49652,gold/yen11_page_0092_c07_117.png,yen11,page_0092,7,主,Chúa,主,U+4E3B,char,GOLD,s1_inter_s2_direct,,0.162,90.0,138.0,26e7aca2d467,ok,train,yen11|page_0092|c7,"[560, 869, 661, 981]",,False,False,False,False,False,False,True,False,False,True,1.5333333333333334,False,False,False,0.0999999999999999,gold_direct,gold-direct(no-s3),80.46808510638297,31b9d8991b29525e,244
15462,gold/yen2_page_0182_c05_083.png,yen2,page_0182,5,寺,thì,寺,U+5BFA,char,GOLD,s1_inter_s2_direct,,0.304,126.0,162.0,6011e283fa6a,ok,val,yen2|page_0182|c5,"[836, 1322, 945, 1454]",,False,False,False,False,False,False,True,False,False,True,1.2857142857142858,False,True,True,0.235,quality_flag,ink-outlier,80.46808510638297,a79a7315e80bf343,245
42872,gold/yen4_page_0250_c08_160.png,yen4,page_0250,8,察,xét,察,U+5BDF,char,GOLD,s1_inter_s2_direct,,0.185,71.0,94.0,7853faffac6c,ok,train,yen4|page_0250|c8,"[262, 1105, 329, 1181]",,False,False,False,False,False,False,True,False,False,True,1.323943661971831,False,False,False,0.0999999999999999,gold_direct,gold-direct(no-s3),80.46808510638297,493ac34f80dbbb7a,246
19896,gold/yen2_page_0080_c05_098.png,yen2,page_0080,5,特,được,特,U+7279,char,GOLD,s1_inter_s2_direct,,0.232,126.0,137.0,4d101435c6bb,ok,train,yen2|page_0080|c5,"[837, 1666, 943, 1777]",,False,False,False,False,False,False,True,False,False,True,1.0873015873015872,False,False,False,0.0999999999999999,gold_direct,gold-direct(no-s3),80.46808510638297,872a29728aae33bc,247
26904,gold/yen2_page_0232_c08_148.png,yen2,page_0232,8,拱,cũng,拱,U+62F1,char,GOLD,s1_inter_s2_direct,,0.214,115.0,156.0,cdd700112bf3,ok,train,yen2|page_0232|c8,"[406, 1491, 517, 1617]",,False,False,False,False,False,False,True,False,False,True,1.3565217391304347,False,False,False,0.0999999999999999,gold_direct,gold-direct(no-s3),80.46808510638297,a1ac182e58c7206f,248
61987,silver/yen2_page_0202_c01_010.png,yen2,page_0202,1,仪,ấy,衣,U+8863,char,SILVER,s2_inter_s3_corrected,0.929,0.221,129.0,157.0,fc427664b05b,ok,train,yen2|page_0202|c1,"[1455, 1510, 1560, 1637]",0.929,True,False,False,False,False,False,False,False,False,False,1.2170542635658914,False,False,False,0.0,other,clean,80.46808510638297,4ec7d726e36b3e5f,249
33649,gold/yen4_page_0058_c05_092.png,yen4,page_0058,5,法,phép,法,U+6CD5,char,GOLD,s1_inter_s2_direct,,0.192,84.0,104.0,1a2719590289,ok,train,yen4|page_0058|c5,"[586, 849, 662, 933]",,False,False,False,False,False,False,True,False,False,True,1.238095238095238,False,False,False,0.0999999999999999,gold_direct,gold-direct(no-s3),80.46808510638297,41ca9d442caa3ddd,250
6389,syllable/yen4_page_0084_c02_029.png,yen4,page_0084,2,廩,lăm,,,syllable,SYLLABLE,nghia_consensus,0.019,0.21,81.0,99.0,8632f6f60cc0,ok,train,yen4|page_0084|c2,"[851, 704, 923, 785]",0.019,True,False,False,False,False,False,False,True,True,False,1.2222222222222223,False,False,False,0.6,s3_low,s3=0.02<τ,80.46808510638297,0a698ff32bf4fcf6,251
54456,gold/yen11_page_0186_c06_123.png,yen11,page_0186,6,魂,hồn,魂,U+9B42,char,GOLD,s1_inter_s2_direct,,0.117,119.0,145.0,d4363e25c15b,ok,train,yen11|page_0186|c6,"[738, 2300, 841, 2417]",,False,False,False,False,False,False,True,False,False,True,1.218487394957983,False,False,False,0.0999999999999999,gold_direct,gold-direct(no-s3),80.46808510638297,f11b8deb5847a843,252
21751,gold/yen2_page_0118_c03_051.png,yen2,page_0118,3,固,có,固,U+56FA,char,GOLD,s1_inter_s2_direct,,0.238,108.0,135.0,dcc0b841b21d,ok,train,yen2|page_0118|c3,"[1135, 973, 1238, 1082]",,False,False,False,False,False,False,True,False,False,True,1.25,False,False,False,0.0999999999999999,gold_direct,gold-direct(no-s3),80.46808510638297,be6cf1cf37c66319,253
34973,gold/yen4_page_0082_c09_187.png,yen4,page_0082,9,饒,nhiều,饒,U+9952,char,GOLD,s1_inter_s2_direct,,0.232,74.0,98.0,cb1b6c330ffa,ok,train,yen4|page_0082|c9,"[176, 848, 247, 928]",,False,False,False,False,False,False,True,False,False,True,1.3243243243243243,False,False,False,0.0999999999999999,gold_direct,gold-direct(no-s3),80.46808510638297,899b8bb8e979f910,254
56035,gold/yen11_page_0218_c01_005.png,yen11,page_0218,1,朱,cho,朱,U+6731,char,GOLD,s1_inter_s2_direct,,0.27,100.0,129.0,58a5b3d167f8,ok,train,yen11|page_0218|c1,"[1451, 839, 1553, 944]",,False,False,False,False,False,False,True,False,False,True,1.29,False,False,False,0.0999999999999999,gold_direct,gold-direct(no-s3),80.46808510638297,75c341cd3d4ed991,255
51830,gold/yen11_page_0136_c02_039.png,yen11,page_0136,2,困,khốn,困,U+56F0,char,GOLD,s1_inter_s2_direct,,0.229,74.0,129.0,ddaacd755e2c,ok,train,yen11|page_0136|c2,"[1360, 1906, 1462, 2017]",,False,False,False,False,False,False,True,False,False,True,1.7432432432432432,False,False,False,0.0999999999999999,gold_direct,gold-direct(no-s3),80.46808510638297,c83686326100446b,256
38380,gold/yen4_page_0158_c03_056.png,yen4,page_0158,3,理,lẽ,理,U+7406,char,GOLD,s1_inter_s2_direct,,0.205,75.0,100.0,64883c5d2b1f,ok,train,yen4|page_0158|c3,"[764, 973, 836, 1055]",,False,False,False,False,False,False,True,False,False,True,1.3333333333333333,False,False,False,0.0999999999999999,gold_direct,gold-direct(no-s3),80.46808510638297,13231100c4d088dd,257
54392,gold/yen11_page_0186_c01_002.png,yen11,page_0186,1,主,Chúa,主,U+4E3B,char,GOLD,s1_inter_s2_direct,,0.168,101.0,132.0,6f368e0611a5,ok,train,yen11|page_0186|c1,"[1483, 599, 1585, 707]",,False,False,False,False,False,False,True,False,False,True,1.306930693069307,False,False,False,0.0999999999999999,gold_direct,gold-direct(no-s3),80.46808510638297,273596b153294280,258
13095,gold/yen4_page_0250_c03_039.png,yen4,page_0250,3,鎮,xin,填,U+586B,char,GOLD,s1_inter_s2_similar,0.915,0.158,78.0,97.0,f7edb86bae1d,ok,test,yen4|page_0250|c3,"[766, 933, 835, 1012]",0.915,True,False,False,False,True,False,False,False,False,False,1.2435897435897436,False,False,False,0.3,similar_bridge,similar-bridge,80.46808510638297,982bd26756d159b1,259
40996,gold/yen4_page_0214_c05_094.png,yen4,page_0214,5,麻,mà,麻,U+9EBB,char,GOLD,s1_inter_s2_direct,,0.156,83.0,97.0,8fdf6a3f65c9,ok,train,yen4|page_0214|c5,"[573, 684, 644, 763]",,False,False,False,False,False,False,True,False,False,True,1.1686746987951808,False,False,False,0.0999999999999999,gold_direct,gold-direct(no-s3),80.46808510638297,58440159f6d88635,260
3035,silver/yen4_page_0160_c05_090.png,yen4,page_0160,5,弑,trống,弄,U+5F04,char,SILVER,s3_head_bank_consensus,0.258,0.124,87.0,94.0,51f59f8cca7d,ok,train,yen4|page_0160|c5,"[573, 292, 644, 368]",0.258,True,False,False,False,False,True,False,True,True,False,1.0804597701149423,False,False,False,0.76,silver_headbank,"silver-headbank,s3=0.26<τ",80.46808510638297,4a01e2e0a3e3bcac,261
8292,syllable/yen11_page_0196_c07_127.png,yen11,page_0196,7,入,ấy,,,syllable,SYLLABLE,nghia_consensus,0.073,0.171,109.0,148.0,3542c8df4e5c,ok,train,yen11|page_0196|c7,"[587, 597, 698, 717]",0.073,True,False,False,False,False,False,False,True,True,False,1.3577981651376148,False,False,False,0.6,s3_low,s3=0.07<τ,80.46808510638297,261cd4a5a6bffb8b,262
9753,silver/yen2_page_0124_c04_074.png,yen2,page_0124,4,淂,ngày,㝵,U+3775,char,SILVER,s2_inter_s3_corrected,0.617,0.191,135.0,146.0,e3bbb4b8e697,ok,train,yen2|page_0124|c4,"[964, 1408, 1080, 1526]",0.617,True,False,False,False,False,False,False,True,False,False,1.0814814814814817,False,False,False,0.35,s3_low,s3=0.62<τ,80.46808510638297,39b31860cdfa5a26,263
26126,gold/yen2_page_0214_c06_106.png,yen2,page_0214,6,垩,Thánh,垩,U+57A9,char,GOLD,s1_inter_s2_direct,,0.263,112.0,142.0,c4ee91e95e2f,ok,train,yen2|page_0214|c6,"[707, 636, 811, 752]",,False,False,False,False,False,False,True,False,False,True,1.2678571428571428,False,False,False,0.0999999999999999,gold_direct,gold-direct(no-s3),80.46808510638297,7fcdf94cfda065ca,264
29608,gold/yen2_page_0292_c08_130.png,yen2,page_0292,8,古,của,古,U+53E4,char,GOLD,s1_inter_s2_direct,,0.174,126.0,168.0,bae561704085,ok,train,yen2|page_0292|c8,"[403, 560, 520, 696]",,False,False,False,False,False,False,True,False,False,True,1.3333333333333333,False,False,False,0.0999999999999999,gold_direct,gold-direct(no-s3),80.46808510638297,e56dedc38fe6ad1a,265
11966,gold/yen2_page_0174_c02_025.png,yen2,page_0174,2,饮,hơn,欣,U+6B23,char,GOLD,s1_inter_s2_similar,0.941,0.171,128.0,148.0,73f0b35db078,ok,train,yen2|page_0174|c2,"[1293, 850, 1399, 970]",0.941,True,False,False,False,True,False,False,False,False,False,1.15625,False,False,False,0.3,similar_bridge,similar-bridge,80.46808510638297,9534f8e8ccca6eda,266
62517,syllable/yen2_page_0264_c04_070.png,yen2,page_0264,4,洋,còn,,,syllable,SYLLABLE,nghia_consensus,0.63,0.272,99.0,139.0,1409be868756,ok,train,yen2|page_0264|c4,"[972, 1197, 1090, 1312]",0.63,True,False,False,False,False,False,False,False,False,False,1.404040404040404,False,False,False,0.0,other,clean,80.46808510638297,b466cabb092f7cef,267
52988,gold/yen11_page_0156_c08_174.png,yen11,page_0156,8,羅,là,羅,U+7F85,char,GOLD,s1_inter_s2_direct,,0.212,88.0,148.0,c94903295967,ok,train,yen11|page_0156|c8,"[417, 1936, 526, 2061]",,False,False,False,False,False,False,True,False,False,True,1.681818181818182,False,False,False,0.0999999999999999,gold_direct,gold-direct(no-s3),80.46808510638297,35836f187280a488,268
22388,gold/yen2_page_0130_c02_033.png,yen2,page_0130,2,㝵,người,㝵,U+3775,char,GOLD,s1_inter_s2_direct,,0.181,130.0,138.0,9c971b4967ae,ok,train,yen2|page_0130|c2,"[1298, 1391, 1404, 1503]",,False,False,False,False,False,False,True,False,False,True,1.0615384615384615,False,False,False,0.0999999999999999,gold_direct,gold-direct(no-s3),80.46808510638297,472cbf71aaa8b1d5,269
51113,gold/yen11_page_0120_c07_146.png,yen11,page_0120,7,於,ở,於,U+65BC,char,GOLD,s1_inter_s2_direct,,0.167,122.0,137.0,065d434d9cd6,ok,train,yen11|page_0120|c7,"[558, 1303, 665, 1414]",,False,False,False,False,False,False,True,False,False,True,1.1229508196721312,False,False,False,0.0999999999999999,gold_direct,gold-direct(no-s3),80.46808510638297,bd249c9a0f0f98de,270
39314,gold/yen4_page_0174_c06_136.png,yen4,page_0174,6,巴,ba,巴,U+5DF4,char,GOLD,s1_inter_s2_direct,,0.151,84.0,88.0,6c4077fbf265,ok,val,yen4|page_0174|c6,"[496, 1566, 566, 1638]",,False,False,False,False,False,False,True,False,False,True,1.0476190476190477,False,False,False,0.0999999999999999,gold_direct,gold-direct(no-s3),80.46808510638297,bc849d2f311d20ec,271
18960,gold/yen2_page_0062_c02_036.png,yen2,page_0062,2,迈,mày,迈,U+8FC8,char,GOLD,s1_inter_s2_direct,,0.228,83.0,139.0,9618f43d3b01,ok,train,yen2|page_0062|c2,"[1285, 1954, 1391, 2067]",,False,False,False,False,False,False,True,False,False,True,1.6746987951807228,False,False,False,0.0999999999999999,gold_direct,gold-direct(no-s3),80.46808510638297,0f0c7ae67dfcce98,272
53552,gold/yen11_page_0168_c08_164.png,yen11,page_0168,8,主,Chúa,主,U+4E3B,char,GOLD,s1_inter_s2_direct,,0.157,118.0,132.0,3b8019919586,ok,train,yen11|page_0168|c8,"[424, 1384, 527, 1492]",,False,False,False,False,False,False,True,False,False,True,1.11864406779661,False,False,False,0.0999999999999999,gold_direct,gold-direct(no-s3),80.46808510638297,da74d03e6d973a40,273
16016,gold/yen11_page_0188_c04_067.png,yen11,page_0188,4,矯,kẻo,矯,U+77EF,char,GOLD,s1_inter_s2_direct,,0.305,102.0,140.0,4aaf3180fcac,ok,train,yen11|page_0188|c4,"[1029, 801, 1134, 915]",,False,False,False,False,False,False,True,False,False,True,1.3725490196078431,False,True,True,0.235,quality_flag,ink-outlier,80.46808510638297,ee2b290073e34188,274
56472,gold/yen11_page_0226_c03_063.png,yen11,page_0226,3,傳,truyền,傳,U+50B3,char,GOLD,s1_inter_s2_direct,,0.195,98.0,139.0,9a8405f91546,ok,train,yen11|page_0226|c3,"[1169, 2178, 1270, 2291]",,False,False,False,False,False,False,True,False,False,True,1.4183673469387754,False,False,False,0.0999999999999999,gold_direct,gold-direct(no-s3),80.46808510638297,a31e5dcc8a3b9454,275
49033,gold/yen11_page_0076_c06_099.png,yen11,page_0076,6,曰,viết,曰,U+66F0,char,GOLD,s1_inter_s2_direct,,0.235,104.0,133.0,89d5b8341f72,ok,train,yen11|page_0076|c6,"[760, 1014, 873, 1125]",,False,False,False,False,False,False,True,False,False,True,1.2788461538461535,False,False,False,0.0999999999999999,gold_direct,gold-direct(no-s3),80.46808510638297,c7182809bd2c25b8,276
34253,gold/yen4_page_0070_c02_030.png,yen4,page_0070,2,徳,Đức,徳,U+5FB3,char,GOLD,s1_inter_s2_direct,,0.177,71.0,98.0,eecab9b9fcab,ok,train,yen4|page_0070|c2,"[852, 903, 920, 983]",,False,False,False,False,False,False,True,False,False,True,1.380281690140845,False,False,False,0.0999999999999999,gold_direct,gold-direct(no-s3),80.46808510638297,1dfe855bf437db82,277
64257,silver/yen4_page_0144_c06_110.png,yen4,page_0144,6,架,Thầy,柴,U+67F4,char,SILVER,s2_inter_s3_corrected,0.904,0.131,74.0,99.0,068fdfa43475,ok,train,yen4|page_0144|c6,"[488, 374, 557, 455]",0.904,True,False,False,False,False,False,False,False,False,False,1.337837837837838,False,False,False,0.0,other,clean,80.46808510638297,aebd15aa278de59d,278
21648,gold/yen2_page_0116_c03_046.png,yen2,page_0116,3,罪,tội,罪,U+7F6A,char,GOLD,s1_inter_s2_direct,,0.239,129.0,145.0,cb623275e243,ok,train,yen2|page_0116|c3,"[1149, 1028, 1254, 1145]",,False,False,False,False,False,False,True,False,False,True,1.124031007751938,False,False,False,0.0999999999999999,gold_direct,gold-direct(no-s3),80.46808510638297,d1778ee57df68e67,279
2947,silver/yen4_page_0108_c07_142.png,yen4,page_0108,7,向,vua,君,U+541B,char,SILVER,s3_head_bank_consensus,0.03,0.188,64.0,93.0,f29924cc31f1,ok,train,yen4|page_0108|c7,"[397, 628, 463, 703]",0.03,True,False,False,False,False,True,False,True,True,False,1.453125,False,False,False,0.76,silver_headbank,"silver-headbank,s3=0.03<τ",80.46808510638297,2e04409ec1281036,280
42492,gold/yen4_page_0244_c02_030.png,yen4,page_0244,2,吟,ngăm,吟,U+541F,char,GOLD,s1_inter_s2_direct,,0.125,84.0,93.0,d2a4a1339587,ok,train,yen4|page_0244|c2,"[858, 791, 930, 866]",,False,False,False,False,False,False,True,False,False,True,1.1071428571428572,False,False,False,0.0999999999999999,gold_direct,gold-direct(no-s3),80.46808510638297,d0b6f9ab7ce19c54,281
64387,silver/yen4_page_0158_c05_098.png,yen4,page_0158,5,身,người,㝵,U+3775,char,SILVER,s2_inter_s3_corrected,0.666,0.165,75.0,99.0,c387e16d0fdb,ok,train,yen4|page_0158|c5,"[579, 1108, 651, 1189]",0.666,True,False,False,False,False,False,False,False,False,False,1.32,False,False,False,0.0,other,clean,80.46808510638297,a7563d0201cd2df2,282
24697,gold/yen2_page_0180_c04_062.png,yen2,page_0180,4,真,chân,真,U+771F,char,GOLD,s1_inter_s2_direct,,0.189,140.0,163.0,fe512a1bd185,ok,train,yen2|page_0180|c4,"[963, 1005, 1077, 1138]",,False,False,False,False,False,False,True,False,False,True,1.1642857142857144,False,False,False,0.0999999999999999,gold_direct,gold-direct(no-s3),80.46808510638297,8a6eb902ba17cb46,283
53156,gold/yen11_page_0160_c08_153.png,yen11,page_0160,8,時,thì,時,U+6642,char,GOLD,s1_inter_s2_direct,,0.25,93.0,140.0,96959b039bb6,ok,val,yen11|page_0160|c8,"[429, 2229, 531, 2343]",,False,False,False,False,False,False,True,False,False,True,1.5053763440860215,False,False,False,0.0999999999999999,gold_direct,gold-direct(no-s3),80.46808510638297,9cdacf4af5a93077,284
42419,gold/yen4_page_0242_c05_090.png,yen4,page_0242,5,渚,chưa,渚,U+6E1A,char,GOLD,s1_inter_s2_direct,,0.163,75.0,93.0,03c463049c4c,ok,train,yen4|page_0242|c5,"[611, 1216, 680, 1291]",,False,False,False,False,False,False,True,False,False,True,1.24,False,False,False,0.0999999999999999,gold_direct,gold-direct(no-s3),80.46808510638297,8acdd00e22f5b90e,285
9127,silver/yen11_page_0050_c03_048.png,yen11,page_0050,3,每,đức,德,U+5FB7,char,SILVER,s2_inter_s3_corrected,0.586,0.208,69.0,140.0,b1b71aa55042,tall,train,yen11|page_0050|c3,"[1170, 782, 1271, 897]",0.586,True,False,False,False,False,False,False,True,False,False,2.028985507246377,True,False,True,0.48,s3_low,"s3=0.59<τ,aspect=2.03",80.46808510638297,bf65575dcf443de6,286
5864,syllable/yen2_page_0276_c01_003.png,yen2,page_0276,1,常,và,,,syllable,SYLLABLE,nghia_consensus,0.401,0.188,115.0,163.0,42795de952e2,ok,train,yen2|page_0276|c1,"[2038, 803, 2158, 936]",0.401,True,False,False,False,False,False,False,True,True,False,1.417391304347826,False,False,False,0.6,s3_low,s3=0.40<τ,80.46808510638297,81467ecc6521cba3,287
60266,silver/yen2_page_0028_c04_080.png,yen2,page_0028,4,要,ăn,安,U+5B89,char,SILVER,s2_inter_s3_corrected,0.9,0.188,125.0,131.0,7368cf26593b,ok,val,yen2|page_0028|c4,"[959, 1687, 1060, 1794]",0.9,True,False,False,False,False,False,False,False,False,False,1.048,False,False,False,0.0,other,clean,80.46808510638297,a8b046943c44131f,288
13203,gold/yen4_page_0288_c07_152.png,yen4,page_0288,7,柳,máu,泖,U+6CD6,char,GOLD,s1_inter_s2_similar,0.934,0.145,88.0,97.0,b2d704426b15,ok,train,yen4|page_0288|c7,"[375, 1503, 447, 1582]",0.934,True,False,False,False,True,False,False,False,False,False,1.1022727272727273,False,False,False,0.3,similar_bridge,similar-bridge,80.46808510638297,80441d21580c891a,289
11393,gold/yen2_page_0012_c04_053.png,yen2,page_0012,4,韋,và,喡,U+55A1,char,GOLD,s1_inter_s2_similar,0.771,0.191,115.0,140.0,d9e12251d760,ok,train,yen2|page_0012|c4,"[968, 1859, 1077, 1973]",0.771,True,False,False,False,True,False,False,False,False,False,1.2173913043478262,False,False,False,0.3,similar_bridge,similar-bridge,80.46808510638297,6582815017da7068,290
19783,gold/yen2_page_0078_c04_073.png,yen2,page_0078,4,𠰥,nhược,𠰥,U+20C25,char,GOLD,s1_inter_s2_direct,,0.201,121.0,150.0,1a00d7eb4ab0,ok,train,yen2|page_0078|c4,"[1021, 1463, 1126, 1585]",,False,False,False,False,False,False,True,False,False,True,1.2396694214876034,False,False,False,0.0999999999999999,gold_direct,gold-direct(no-s3),80.46808510638297,a6e96d1a87644def,291
65515,silver/yen4_page_0276_c04_050.png,yen4,page_0276,4,筍,tiếng,省,U+7701,char,SILVER,s2_inter_s3_corrected,0.778,0.147,88.0,74.0,66ee2cd264a2,ok,train,yen4|page_0276|c4,"[657, 232, 729, 305]",0.778,True,False,False,False,False,False,False,False,False,False,0.8409090909090909,False,False,False,0.0,other,clean,80.46808510638297,d44e0a3772d8c33b,292
37670,gold/yen4_page_0142_c07_139.png,yen4,page_0142,7,㝵,người,㝵,U+3775,char,GOLD,s1_inter_s2_direct,,0.14,72.0,98.0,746c274c91a5,ok,train,yen4|page_0142|c7,"[394, 753, 468, 833]",,False,False,False,False,False,False,True,False,False,True,1.3611111111111112,False,False,False,0.0999999999999999,gold_direct,gold-direct(no-s3),80.46808510638297,b563de7684029eff,293
29824,gold/yen2_page_0298_c03_041.png,yen2,page_0298,3,䰟,hồn,䰟,U+4C1F,char,GOLD,s1_inter_s2_direct,,0.17,99.0,156.0,3f7387276b06,ok,train,yen2|page_0298|c3,"[1113, 757, 1225, 883]",,False,False,False,False,False,False,True,False,False,True,1.5757575757575757,False,False,False,0.0999999999999999,gold_direct,gold-direct(no-s3),80.46808510638297,d84ea6d521546575,294
67497,silver/yen11_page_0220_c05_100.png,yen11,page_0220,5,氏,ấy,衣,U+8863,char,SILVER,s2_inter_s3_corrected,0.679,0.191,80.0,139.0,a4b31b5d3b6e,ok,train,yen11|page_0220|c5,"[889, 1702, 992, 1815]",0.679,True,False,False,False,False,False,False,False,False,False,1.7375,False,False,False,0.0,other,clean,80.46808510638297,23e7852f80f9d1bc,295
64332,silver/yen4_page_0152_c09_174.png,yen4,page_0152,9,昇,người,㝵,U+3775,char,SILVER,s2_inter_s3_corrected,0.871,0.112,88.0,114.0,80d3dd674ed7,ok,train,yen4|page_0152|c9,"[164, 438, 241, 530]",0.871,True,False,False,False,False,False,False,False,False,False,1.2954545454545454,False,False,False,0.0,other,clean,80.46808510638297,c9d4943c08075deb,296
41857,gold/yen4_page_0230_c08_149.png,yen4,page_0230,8,天,thiên,天,U+5929,char,GOLD,s1_inter_s2_direct,,0.183,72.0,101.0,731881fcad2c,ok,val,yen4|page_0230|c8,"[288, 503, 358, 586]",,False,False,False,False,False,False,True,False,False,True,1.4027777777777777,False,False,False,0.0999999999999999,gold_direct,gold-direct(no-s3),80.46808510638297,6f19c8049d17a4f6,297
20148,gold/yen2_page_0086_c03_062.png,yen2,page_0086,3,稜,rừng,稜,U+7A1C,char,GOLD,s1_inter_s2_direct,,0.269,131.0,132.0,0e577297b1c0,ok,train,yen2|page_0086|c3,"[1155, 2005, 1267, 2113]",,False,False,False,False,False,False,True,False,False,True,1.0076335877862594,False,False,False,0.0999999999999999,gold_direct,gold-direct(no-s3),80.46808510638297,39096fc18d3e7f5f,298
8786,syllable/yen11_page_0282_c02_040.png,yen11,page_0282,2,䆒,đem,,,syllable,SYLLABLE,nghia_consensus,0.06,0.218,83.0,142.0,271b6c31e7df,ok,train,yen11|page_0282|c2,"[1319, 2192, 1421, 2308]",0.06,True,False,False,False,False,False,False,True,True,False,1.710843373493976,False,False,False,0.6,s3_low,s3=0.06<τ,80.46808510638297,cfe1c71d6324b1a8,299
21027,gold/yen2_page_0104_c01_011.png,yen2,page_0104,1,㝵,người,㝵,U+3775,char,GOLD,s1_inter_s2_direct,,0.253,106.0,148.0,74395cef5b54,ok,test,yen2|page_0104|c1,"[1430, 1465, 1537, 1585]",,False,False,False,False,False,False,True,False,False,True,1.3962264150943395,False,False,False,0.0999999999999999,gold_direct,gold-direct(no-s3),80.46808510638297,77dd3db0dacb7872,300
10816,silver/yen11_page_0012_c02_030.png,yen11,page_0012,2,人,ấy,衣,U+8863,char,SILVER,s2_inter_s3_corrected,0.598,0.202,96.0,120.0,5ed28173dbac,ok,train,yen11|page_0012|c2,"[1350, 1334, 1447, 1440]",0.598,True,False,False,False,False,False,False,True,False,False,1.25,False,False,False,0.35,s3_low,s3=0.60<τ,80.46808510638297,5513f37d1a0cb047,301
57555,gold/yen11_page_0250_c01_006.png,yen11,page_0250,1,埃,ai,埃,U+57C3,char,GOLD,s1_inter_s2_direct,,0.236,102.0,137.0,676111c757db,ok,train,yen11|page_0250|c1,"[1473, 962, 1575, 1073]",,False,False,False,False,False,False,True,False,False,True,1.343137254901961,False,False,False,0.0999999999999999,gold_direct,gold-direct(no-s3),80.46808510638297,d260c24a609b9da9,302
22224,gold/yen2_page_0126_c08_155.png,yen2,page_0126,8,由,ru,由,U+7531,char,GOLD,s1_inter_s2_direct,,0.179,123.0,137.0,2c926628f869,ok,train,yen2|page_0126|c8,"[392, 856, 493, 967]",,False,False,False,False,False,False,True,False,False,True,1.113821138211382,False,False,False,0.0999999999999999,gold_direct,gold-direct(no-s3),80.46808510638297,fc9db80eeab36908,303
30078,gold/yen2_page_0304_c04_063.png,yen2,page_0304,4,命,mình,命,U+547D,char,GOLD,s1_inter_s2_direct,,0.24,107.0,162.0,fc668e43b041,ok,train,yen2|page_0304|c4,"[1002, 779, 1112, 911]",,False,False,False,False,False,False,True,False,False,True,1.514018691588785,False,False,False,0.0999999999999999,gold_direct,gold-direct(no-s3),80.46808510638297,e9e12a951e66eb20,304
24938,gold/yen2_page_0186_c03_042.png,yen2,page_0186,3,碎,tôi,碎,U+788E,char,GOLD,s1_inter_s2_direct,,0.188,129.0,168.0,2b5c80dc5fbd,ok,train,yen2|page_0186|c3,"[1091, 935, 1198, 1071]",,False,False,False,False,False,False,True,False,False,True,1.302325581395349,False,False,False,0.0999999999999999,gold_direct,gold-direct(no-s3),80.46808510638297,82c64721fdf8ecaf,305
33427,gold/yen4_page_0054_c02_025.png,yen4,page_0054,2,体,thấy,体,U+4F53,char,GOLD,s1_inter_s2_direct,,0.155,77.0,104.0,82e853eb4579,ok,val,yen4|page_0054|c2,"[889, 487, 962, 573]",,False,False,False,False,False,False,True,False,False,True,1.3506493506493509,False,False,False,0.0999999999999999,gold_direct,gold-direct(no-s3),80.46808510638297,21094c74b50f5b3d,306
55673,gold/yen11_page_0210_c03_046.png,yen11,page_0210,3,旦,đến,旦,U+65E6,char,GOLD,s1_inter_s2_direct,,0.272,107.0,139.0,2ea80c16fbe3,ok,train,yen11|page_0210|c3,"[1281, 772, 1389, 885]",,False,False,False,False,False,False,True,False,False,True,1.2990654205607477,False,False,False,0.0999999999999999,gold_direct,gold-direct(no-s3),80.46808510638297,10616c23a445e49d,307
15272,gold/yen11_page_0290_c09_175.png,yen11,page_0290,9,打,đánh,打,U+6253,char,GOLD,s1_inter_s2_direct,,0.173,69.0,140.0,8d7a45ff4dfb,tall,train,yen11|page_0290|c9,"[253, 993, 345, 1107]",,False,False,False,False,False,False,True,False,False,True,2.028985507246377,True,False,True,0.2799999999999999,quality_flag,aspect=2.03,80.46808510638297,004e7fcadab22636,308
50001,gold/yen11_page_0100_c04_075.png,yen11,page_0100,4,中,trong,中,U+4E2D,char,GOLD,s1_inter_s2_direct,,0.141,112.0,136.0,b7817918e201,ok,val,yen11|page_0100|c4,"[1011, 1693, 1120, 1815]",,False,False,False,False,False,False,True,False,False,True,1.2142857142857142,False,False,False,0.0999999999999999,gold_direct,gold-direct(no-s3),80.46808510638297,5cb4e49fbb8cf759,309
57211,gold/yen11_page_0242_c06_105.png,yen11,page_0242,6,山,san,山,U+5C71,char,GOLD,s1_inter_s2_direct,,0.177,120.0,133.0,f1e5f8808b0f,ok,train,yen11|page_0242|c6,"[714, 2209, 823, 2320]",,False,False,False,False,False,False,True,False,False,True,1.1083333333333334,False,False,False,0.0999999999999999,gold_direct,gold-direct(no-s3),80.46808510638297,2b52c3f1606afa9b,310
2386,silver/yen4_page_0166_c03_055.png,yen4,page_0166,3,左,vậy,丕,U+4E15,char,SILVER,s3_head_bank_consensus,0.465,0.078,80.0,86.0,3f378069870c,ok,train,yen4|page_0166|c3,"[759, 1023, 829, 1093]",0.465,True,False,False,False,False,True,False,True,True,False,1.075,False,True,True,0.796,silver_headbank,"silver-headbank,s3=0.47<τ,ink-outlier",80.46808510638297,44561741ffc7e639,311
2202,gold/yen11_page_0184_c09_186.png,yen11,page_0184,9,於,ở,於,U+65BC,char,GOLD,s1_inter_s2_direct,,0.153,98.0,145.0,af19235626c9,ok,train,yen11|page_0184|c9,"[271, 1915, 376, 2032]",,False,False,True,True,False,False,True,False,False,True,1.479591836734694,False,False,False,0.9,dup_defect,cross-col(F1),80.46808510638297,3467f1b91ceb16bf,312
48689,gold/yen11_page_0068_c09_180.png,yen11,page_0068,9,兮,hề,兮,U+516E,char,GOLD,s1_inter_s2_direct,,0.151,106.0,130.0,1fdd63916772,ok,train,yen11|page_0068|c9,"[239, 934, 341, 1040]",,False,False,False,False,False,False,True,False,False,True,1.2264150943396226,False,False,False,0.0999999999999999,gold_direct,gold-direct(no-s3),80.46808510638297,f87771d3d5a6956a,313
42967,gold/yen4_page_0252_c07_144.png,yen4,page_0252,7,没,một,没,U+6CA1,char,GOLD,s1_inter_s2_direct,,0.154,61.0,65.0,23f39ec82faa,ok,test,yen4|page_0252|c7,"[370, 615, 436, 676]",,False,False,False,False,False,False,True,False,False,True,1.0655737704918034,False,False,False,0.0999999999999999,gold_direct,gold-direct(no-s3),80.46808510638297,aa06ac34e66663f7,314
37037,gold/yen4_page_0130_c01_017.png,yen4,page_0130,1,固,có,固,U+56FA,char,GOLD,s1_inter_s2_direct,,0.118,79.0,98.0,5254efb97f63,ok,train,yen4|page_0130|c1,"[942, 1413, 1012, 1493]",,False,False,False,False,False,False,True,False,False,True,1.240506329113924,False,False,False,0.0999999999999999,gold_direct,gold-direct(no-s3),80.46808510638297,6e2dd9c02d8afbe3,315
54861,gold/yen11_page_0194_c03_049.png,yen11,page_0194,3,旦,đến,旦,U+65E6,char,GOLD,s1_inter_s2_direct,,0.145,108.0,158.0,b29b0a650196,ok,train,yen11|page_0194|c3,"[1168, 1349, 1278, 1477]",,False,False,False,False,False,False,True,False,False,True,1.462962962962963,False,False,False,0.0999999999999999,gold_direct,gold-direct(no-s3),80.46808510638297,1bf0a028bc677751,316
64401,silver/yen4_page_0160_c06_112.png,yen4,page_0160,6,媿,khỏi,塊,U+584A,char,SILVER,s2_inter_s3_corrected,0.937,0.131,68.0,94.0,0efc12a10c62,ok,train,yen4|page_0160|c6,"[477, 301, 543, 377]",0.937,True,False,False,False,False,False,False,False,False,False,1.3823529411764706,False,False,False,0.0,other,clean,80.46808510638297,76d01b68487984cb,317
47174,gold/yen11_page_0040_c03_056.png,yen11,page_0040,3,几,kẻ,几,U+51E0,char,GOLD,s1_inter_s2_direct,,0.197,88.0,131.0,ae71f593c7e3,ok,train,yen11|page_0040|c3,"[1170, 1275, 1271, 1382]",,False,False,False,False,False,False,True,False,False,True,1.4886363636363635,False,False,False,0.0999999999999999,gold_direct,gold-direct(no-s3),80.46808510638297,a37811a6034ea028,318
33526,gold/yen4_page_0056_c02_039.png,yen4,page_0056,2,罢,bởi,罢,U+7F62,char,GOLD,s1_inter_s2_direct,,0.209,67.0,105.0,c5a63aef33ec,ok,train,yen4|page_0056|c2,"[852, 1423, 924, 1508]",,False,False,False,False,False,False,True,False,False,True,1.5671641791044777,False,False,False,0.0999999999999999,gold_direct,gold-direct(no-s3),80.46808510638297,753015f921fa3d0a,319
23413,gold/yen2_page_0152_c01_000.png,yen2,page_0152,1,别,biết,别,U+522B,char,GOLD,s1_inter_s2_direct,,0.227,139.0,138.0,bf9bcff926e4,ok,train,yen2|page_0152|c1,"[1412, 492, 1525, 604]",,False,False,False,False,False,False,True,False,False,True,0.9928057553956836,False,False,False,0.0999999999999999,gold_direct,gold-direct(no-s3),80.46808510638297,8928278a3b393f6c,320
67537,silver/yen11_page_0224_c08_163.png,yen11,page_0224,8,奎,trọng,重,U+91CD,char,SILVER,s2_inter_s3_corrected,0.946,0.221,77.0,133.0,bf752556dfd8,ok,train,yen11|page_0224|c8,"[426, 1239, 524, 1352]",0.946,True,False,False,False,False,False,False,False,False,False,1.7272727272727273,False,False,False,0.0,other,clean,80.46808510638297,a2b30ed1633878d8,321
28227,gold/yen2_page_0262_c07_124.png,yen2,page_0262,7,中,trong,中,U+4E2D,char,GOLD,s1_inter_s2_direct,,0.218,113.0,149.0,708bade84d6f,ok,train,yen2|page_0262|c7,"[537, 1129, 651, 1251]",,False,False,False,False,False,False,True,False,False,True,1.3185840707964602,False,False,False,0.0999999999999999,gold_direct,gold-direct(no-s3),80.46808510638297,0ca11b9def7bd822,322
65871,silver/yen4_page_0304_c09_184.png,yen4,page_0304,9,覺,đâu,兜,U+515C,char,SILVER,s2_inter_s3_corrected,0.663,0.146,72.0,105.0,af094fa0ee30,ok,train,yen4|page_0304|c9,"[197, 772, 270, 857]",0.663,True,False,False,False,False,False,False,False,False,False,1.4583333333333333,False,False,False,0.0,other,clean,80.46808510638297,8cfe1d084394e673,323
31970,gold/yen4_page_0024_c04_069.png,yen4,page_0024,4,礼,lấy,礼,U+793C,char,GOLD,s1_inter_s2_direct,,0.14,89.0,93.0,72e76055f9e2,ok,train,yen4|page_0024|c4,"[670, 568, 743, 643]",,False,False,False,False,False,False,True,False,False,True,1.0449438202247192,False,False,False,0.0999999999999999,gold_direct,gold-direct(no-s3),80.46808510638297,b3a665b0fb4a83f8,324
64529,silver/yen4_page_0174_c02_044.png,yen4,page_0174,2,在,mà,麻,U+9EBB,char,SILVER,s2_inter_s3_corrected,0.924,0.167,74.0,85.0,6d77f592f091,ok,val,yen4|page_0174|c2,"[877, 1410, 942, 1482]",0.924,True,False,False,False,False,False,False,False,False,False,1.148648648648649,False,False,False,0.0,other,clean,80.46808510638297,9cd7add02cd5774d,325
14456,gold/yen2_page_0290_c03_048.png,yen2,page_0290,3,庫,khó,庫,U+5EAB,char,GOLD,s1_inter_s2_direct,,0.244,97.0,176.0,e23fb412d013,tall,test,yen2|page_0290|c3,"[1117, 1558, 1229, 1700]",,False,False,False,False,False,False,True,False,False,True,1.8144329896907216,True,False,True,0.2799999999999999,quality_flag,aspect=1.81,80.46808510638297,b8d72172fa8e335f,326
18661,gold/yen2_page_0056_c04_067.png,yen2,page_0056,4,悪,ác,悪,U+60AA,char,GOLD,s1_inter_s2_direct,,0.215,129.0,132.0,3f15b05c9724,ok,train,yen2|page_0056|c4,"[967, 762, 1074, 870]",,False,False,False,False,False,False,True,False,False,True,1.0232558139534884,False,False,False,0.0999999999999999,gold_direct,gold-direct(no-s3),80.46808510638297,c69d43ea452b4853,327
836,gold/yen2_page_0310_c08_122.png,yen2,page_0310,8,吏,lại,吏,U+540F,char,GOLD,s1_inter_s2_direct,,0.25,110.0,157.0,c1eadf6bc313,ok,test,yen2|page_0310|c8,"[406, 1569, 518, 1696]",,False,True,False,True,False,False,True,False,False,True,1.4272727272727272,False,False,False,0.9,dup_defect,dup-bbox(AE-1),80.46808510638297,cca6a28e8cc58166,328
61219,silver/yen2_page_0122_c03_044.png,yen2,page_0122,3,立,nữa,女,U+5973,char,SILVER,s2_inter_s3_corrected,0.746,0.19,132.0,140.0,50c4f322a0ac,ok,train,yen2|page_0122|c3,"[1139, 667, 1247, 781]",0.746,True,False,False,False,False,False,False,False,False,False,1.0606060606060606,False,False,False,0.0,other,clean,80.46808510638297,95a11a52137162c0,329
30298,gold/yen2_page_0310_c01_016.png,yen2,page_0310,1,如,như,如,U+5982,char,GOLD,s1_inter_s2_direct,,0.145,107.0,152.0,66071d02cef0,ok,train,yen2|page_0310|c1,"[1452, 2081, 1560, 2205]",,False,False,False,False,False,False,True,False,False,True,1.4205607476635511,False,False,False,0.0999999999999999,gold_direct,gold-direct(no-s3),80.46808510638297,18ffdc5a5289e429,330
58758,gold/yen11_page_0272_c09_166.png,yen11,page_0272,9,麻,mà,麻,U+9EBB,char,GOLD,s1_inter_s2_direct,,0.202,90.0,145.0,42665135f5cf,ok,train,yen11|page_0272|c9,"[293, 904, 388, 1021]",,False,False,False,False,False,False,True,False,False,True,1.6111111111111112,False,False,False,0.0999999999999999,gold_direct,gold-direct(no-s3),80.46808510638297,29fe162fce292a95,331
35514,gold/yen4_page_0094_c06_121.png,yen4,page_0094,6,拙,chút,拙,U+62D9,char,GOLD,s1_inter_s2_direct,,0.162,68.0,95.0,9b25511e96b6,ok,train,yen4|page_0094|c6,"[454, 813, 522, 890]",,False,False,False,False,False,False,True,False,False,True,1.3970588235294117,False,False,False,0.0999999999999999,gold_direct,gold-direct(no-s3),80.46808510638297,50e1952a00241fcb,332
29334,gold/yen2_page_0286_c06_091.png,yen2,page_0286,6,共,cùng,共,U+5171,char,GOLD,s1_inter_s2_direct,,0.16,111.0,121.0,397cf9739f40,ok,train,yen2|page_0286|c6,"[681, 444, 788, 558]",,False,False,False,False,False,False,True,False,False,True,1.09009009009009,False,False,False,0.0999999999999999,gold_direct,gold-direct(no-s3),80.46808510638297,c6507a0e0fa7736a,333
46965,gold/yen11_page_0034_c04_082.png,yen11,page_0034,4,祝,chốc,祝,U+795D,char,GOLD,s1_inter_s2_direct,,0.225,106.0,136.0,8405b958289f,ok,train,yen11|page_0034|c4,"[1016, 1925, 1126, 2035]",,False,False,False,False,False,False,True,False,False,True,1.2830188679245282,False,False,False,0.0999999999999999,gold_direct,gold-direct(no-s3),80.46808510638297,a404f33b789b4eaa,334
51528,gold/yen11_page_0130_c01_003.png,yen11,page_0130,1,支,giê,支,U+652F,char,GOLD,s1_inter_s2_direct,,0.25,94.0,141.0,9e5434e69e90,ok,train,yen11|page_0130|c1,"[1457, 731, 1564, 846]",,False,False,False,False,False,False,True,False,False,True,1.5,False,False,False,0.0999999999999999,gold_direct,gold-direct(no-s3),80.46808510638297,31bbc2591132ac2a,335
64398,syllable/yen4_page_0160_c04_078.png,yen4,page_0160,4,庄,chắng,,,syllable,SYLLABLE,nghia_consensus,0.835,0.149,82.0,96.0,c0e98147aa72,ok,test,yen4|page_0160|c4,"[667, 906, 738, 984]",0.835,True,False,False,False,False,False,False,False,False,False,1.170731707317073,False,False,False,0.0,other,clean,80.46808510638297,2668e668235d2149,336
62017,silver/yen2_page_0204_c08_142.png,yen2,page_0204,8,荒,xác,壳,U+58F3,char,SILVER,s2_inter_s3_corrected,0.74,0.19,115.0,166.0,882bf84b9733,ok,train,yen2|page_0204|c8,"[392, 1928, 494, 2062]",0.74,True,False,False,False,False,False,False,False,False,False,1.443478260869565,False,False,False,0.0,other,clean,80.46808510638297,caeb071cf774d751,337
16472,gold/yen2_page_0014_c01_008.png,yen2,page_0014,1,主,Chúa,主,U+4E3B,char,GOLD,s1_inter_s2_direct,,0.153,109.0,137.0,290ba46fdfb5,ok,train,yen2|page_0014|c1,"[1435, 1176, 1539, 1287]",,False,False,False,False,False,False,True,False,False,True,1.256880733944954,False,False,False,0.0999999999999999,gold_direct,gold-direct(no-s3),80.46808510638297,754a9225537ef6d4,338
44673,gold/yen4_page_0286_c09_188.png,yen4,page_0286,9,麻,mà,麻,U+9EBB,char,GOLD,s1_inter_s2_direct,,0.165,74.0,90.0,3f4fc256c621,ok,train,yen4|page_0286|c9,"[201, 538, 265, 612]",,False,False,False,False,False,False,True,False,False,True,1.2162162162162162,False,False,False,0.0999999999999999,gold_direct,gold-direct(no-s3),80.46808510638297,ac7500d378460405,339
52369,gold/yen11_page_0146_c04_083.png,yen11,page_0146,4,事,sự,事,U+4E8B,char,GOLD,s1_inter_s2_direct,,0.193,111.0,135.0,54c9e909be16,ok,train,yen11|page_0146|c4,"[989, 1770, 1100, 1879]",,False,False,False,False,False,False,True,False,False,True,1.2162162162162162,False,False,False,0.0999999999999999,gold_direct,gold-direct(no-s3),80.46808510638297,fa1af043d220dc01,340
40350,gold/yen4_page_0200_c06_114.png,yen4,page_0200,6,特,được,特,U+7279,char,GOLD,s1_inter_s2_direct,,0.148,83.0,100.0,0ab1bf7e63dc,ok,train,yen4|page_0200|c6,"[503, 640, 574, 722]",,False,False,False,False,False,False,True,False,False,True,1.2048192771084338,False,False,False,0.0999999999999999,gold_direct,gold-direct(no-s3),80.46808510638297,15759d81f43e0afb,341
20060,gold/yen2_page_0084_c04_076.png,yen2,page_0084,4,堂,đàng,堂,U+5802,char,GOLD,s1_inter_s2_direct,,0.204,119.0,145.0,b8e850f0aa8b,ok,train,yen2|page_0084|c4,"[987, 1424, 1096, 1541]",,False,False,False,False,False,False,True,False,False,True,1.218487394957983,False,False,False,0.0999999999999999,gold_direct,gold-direct(no-s3),80.46808510638297,940ebcc2caaf5c9d,342
54196,gold/yen11_page_0182_c02_021.png,yen11,page_0182,2,宜,nghe,宜,U+5B9C,char,GOLD,s1_inter_s2_direct,,0.208,109.0,116.0,918b57ded949,ok,train,yen11|page_0182|c2,"[1296, 413, 1401, 521]",,False,False,False,False,False,False,True,False,False,True,1.0642201834862386,False,False,False,0.0999999999999999,gold_direct,gold-direct(no-s3),80.46808510638297,12344a4dd175a574,343
7390,syllable/yen11_page_0026_c08_165.png,yen11,page_0026,8,呫,lo,,,syllable,SYLLABLE,nghia_consensus,0.26,0.174,79.0,123.0,4a6ed5cf70c0,ok,val,yen11|page_0026|c8,"[400, 1018, 496, 1121]",0.26,True,False,False,False,False,False,False,True,True,False,1.5569620253164558,False,False,False,0.6,s3_low,s3=0.26<τ,80.46808510638297,38d33798c84baf1e,344
44008,gold/yen4_page_0276_c01_002.png,yen4,page_0276,1,主,Chúa,主,U+4E3B,char,GOLD,s1_inter_s2_direct,,0.157,62.0,93.0,1b2652d94e53,ok,test,yen4|page_0276|c1,"[950, 343, 1020, 418]",,False,False,False,False,False,False,True,False,False,True,1.5,False,False,False,0.0999999999999999,gold_direct,gold-direct(no-s3),80.46808510638297,52a4e64df8c2747d,345
533,gold/yen2_page_0020_c08_157.png,yen2,page_0020,8,曳,dái,曳,U+66F3,char,GOLD,s1_inter_s2_direct,,0.159,119.0,146.0,5575ac4ae826,ok,train,yen2|page_0020|c8,"[356, 1740, 458, 1858]",,False,True,False,True,False,False,True,False,False,True,1.226890756302521,False,False,False,0.9,dup_defect,dup-bbox(AE-1),80.46808510638297,e207d40e6fa5922c,346
31739,gold/yen4_page_0020_c03_046.png,yen4,page_0020,3,茄,nhà,茄,U+8304,char,GOLD,s1_inter_s2_direct,,0.17,68.0,89.0,e6f250f359d2,ok,train,yen4|page_0020|c3,"[769, 565, 840, 640]",,False,False,False,False,False,False,True,False,False,True,1.3088235294117647,False,False,False,0.0999999999999999,gold_direct,gold-direct(no-s3),80.46808510638297,0616503e99b01ab8,347
39886,gold/yen4_page_0188_c06_121.png,yen4,page_0188,6,宐,nghe,宐,U+5B90,char,GOLD,s1_inter_s2_direct,,0.195,59.0,90.0,1e5f995cd7ee,ok,train,yen4|page_0188|c6,"[463, 1000, 529, 1077]",,False,False,False,False,False,False,True,False,False,True,1.5254237288135593,False,False,False,0.0999999999999999,gold_direct,gold-direct(no-s3),80.46808510638297,0678ab58db9eb7c5,348
67128,silver/yen11_page_0176_c02_038.png,yen11,page_0176,2,婿,vợ,嬏,U+5B0F,char,SILVER,s2_inter_s3_corrected,0.754,0.192,120.0,146.0,ceb24219fe42,ok,train,yen11|page_0176|c2,"[1362, 1907, 1469, 2025]",0.754,True,False,False,False,False,False,False,False,False,False,1.2166666666666666,False,False,False,0.0,other,clean,80.46808510638297,3748a68679259eb8,349
37579,gold/yen4_page_0140_c07_145.png,yen4,page_0140,7,真,xin,真,U+771F,char,GOLD,s1_inter_s2_direct,,0.112,63.0,95.0,99f38dea4acf,ok,train,yen4|page_0140|c7,"[377, 1051, 444, 1128]",,False,False,False,False,False,False,True,False,False,True,1.507936507936508,False,False,False,0.0999999999999999,gold_direct,gold-direct(no-s3),80.46808510638297,24211fe452c77469,350
59727,gold/yen11_page_0292_c05_101.png,yen11,page_0292,5,極,cực,極,U+6975,char,GOLD,s1_inter_s2_direct,,0.236,93.0,151.0,97f131984985,ok,train,yen11|page_0292|c5,"[902, 2295, 1008, 2418]",,False,False,False,False,False,False,True,False,False,True,1.6236559139784943,False,False,False,0.0999999999999999,gold_direct,gold-direct(no-s3),80.46808510638297,13f0b841a8a9eba6,351
6386,syllable/yen4_page_0082_c09_190.png,yen4,page_0082,9,修,khác,,,syllable,SYLLABLE,nghia_consensus,0.424,0.187,79.0,100.0,c332e1d53dd0,ok,train,yen4|page_0082|c9,"[181, 1048, 256, 1130]",0.424,True,False,False,False,False,False,False,True,True,False,1.2658227848101269,False,False,False,0.6,s3_low,s3=0.42<τ,80.46808510638297,0bcadc8b6dccd671,352
37537,gold/yen4_page_0140_c04_073.png,yen4,page_0140,4,朱,cho,朱,U+6731,char,GOLD,s1_inter_s2_direct,,0.171,88.0,90.0,37e2540fcaca,ok,train,yen4|page_0140|c4,"[661, 839, 733, 913]",,False,False,False,False,False,False,True,False,False,True,1.0227272727272727,False,False,False,0.0999999999999999,gold_direct,gold-direct(no-s3),80.46808510638297,3cca92c5a7a300df,353
68058,silver/yen11_page_0296_c05_079.png,yen11,page_0296,5,肈,mình,命,U+547D,char,SILVER,s2_inter_s3_corrected,0.981,0.233,96.0,135.0,227a0c90bac9,ok,train,yen11|page_0296|c5,"[877, 706, 979, 816]",0.981,True,False,False,False,False,False,False,False,False,False,1.40625,False,False,False,0.0,other,clean,80.46808510638297,6f1ee37b83db0e86,354
42896,gold/yen4_page_0252_c01_005.png,yen4,page_0252,1,閉,Bấy,閉,U+9589,char,GOLD,s1_inter_s2_direct,,0.211,76.0,82.0,45fd056b12a8,ok,train,yen4|page_0252|c1,"[961, 524, 1028, 595]",,False,False,False,False,False,False,True,False,False,True,1.0789473684210529,False,False,False,0.0999999999999999,gold_direct,gold-direct(no-s3),80.46808510638297,6a9b90ad226bcc6a,355
57976,gold/yen11_page_0256_c07_146.png,yen11,page_0256,7,末,mặt,末,U+672B,char,GOLD,s1_inter_s2_direct,,0.151,95.0,142.0,44a3c04961e9,ok,val,yen11|page_0256|c7,"[584, 1550, 688, 1666]",,False,False,False,False,False,False,True,False,False,True,1.4947368421052631,False,False,False,0.0999999999999999,gold_direct,gold-direct(no-s3),80.46808510638297,e3bf8400be364b52,356
54178,gold/yen11_page_0180_c09_189.png,yen11,page_0180,9,於,ở,於,U+65BC,char,GOLD,s1_inter_s2_direct,,0.119,106.0,147.0,38a688abafe1,ok,train,yen11|page_0180|c9,"[296, 1803, 397, 1922]",,False,False,False,False,False,False,True,False,False,True,1.3867924528301887,False,False,False,0.0999999999999999,gold_direct,gold-direct(no-s3),80.46808510638297,eeb60dabb4784767,357
27648,gold/yen2_page_0250_c01_013.png,yen2,page_0250,1,朱,cho,朱,U+6731,char,GOLD,s1_inter_s2_direct,,0.176,96.0,169.0,468d27ab683c,ok,train,yen2|page_0250|c1,"[1443, 1961, 1551, 2098]",,False,False,False,False,False,False,True,False,False,True,1.7604166666666667,False,False,False,0.0999999999999999,gold_direct,gold-direct(no-s3),80.46808510638297,edde71ff5ff98aba,358
43579,gold/yen4_page_0264_c09_190.png,yen4,page_0264,9,除,giờ,除,U+9664,char,GOLD,s1_inter_s2_direct,,0.116,74.0,83.0,ef9ab6fbe98e,ok,train,yen4|page_0264|c9,"[188, 1592, 261, 1666]",,False,False,False,False,False,False,True,False,False,True,1.1216216216216215,False,False,False,0.0999999999999999,gold_direct,gold-direct(no-s3),80.46808510638297,eacf1e72673e4aeb,359
13491,gold/yen11_page_0076_c02_041.png,yen11,page_0076,2,曳,một,更,U+66F4,char,GOLD,s1_inter_s2_similar,0.633,0.184,81.0,135.0,faf2c480953e,ok,train,yen11|page_0076|c2,"[1370, 2251, 1468, 2360]",0.633,True,False,False,False,True,False,False,False,False,False,1.6666666666666667,False,False,False,0.3,similar_bridge,similar-bridge,80.46808510638297,aeafc7b41cb5afe5,360
46150,gold/yen11_page_0018_c06_118.png,yen11,page_0018,6,些,ta,些,U+4E9B,char,GOLD,s1_inter_s2_direct,,0.237,107.0,149.0,da51d6d6149a,ok,train,yen11|page_0018|c6,"[694, 1595, 796, 1716]",,False,False,False,False,False,False,True,False,False,True,1.3925233644859814,False,False,False,0.0999999999999999,gold_direct,gold-direct(no-s3),80.46808510638297,0354dbac35f9bf0f,361
40611,gold/yen4_page_0206_c04_072.png,yen4,page_0206,4,㓜,ao,㓜,U+34DC,char,GOLD,s1_inter_s2_direct,,0.207,70.0,93.0,f5743dac1775,ok,train,yen4|page_0206|c4,"[675, 737, 744, 812]",,False,False,False,False,False,False,True,False,False,True,1.3285714285714283,False,False,False,0.0999999999999999,gold_direct,gold-direct(no-s3),80.46808510638297,765c0fc6737b3498,362
1539,gold/yen4_page_0210_c08_164.png,yen4,page_0210,8,強,càng,強,U+5F37,char,GOLD,s1_inter_s2_direct,,0.123,86.0,109.0,f9d75677c9f8,ok,train,yen4|page_0210|c8,"[301, 1092, 375, 1181]",,False,False,True,True,False,False,True,False,False,True,1.2674418604651163,False,False,False,0.9,dup_defect,cross-col(F1),80.46808510638297,171a2bde38cee1fc,363
53133,gold/yen11_page_0160_c05_092.png,yen11,page_0160,5,翁,ông,翁,U+7FC1,char,GOLD,s1_inter_s2_direct,,0.176,110.0,137.0,36f2430d1b0c,ok,train,yen11|page_0160|c5,"[882, 2210, 987, 2321]",,False,False,False,False,False,False,True,False,False,True,1.2454545454545454,False,False,False,0.0999999999999999,gold_direct,gold-direct(no-s3),80.46808510638297,f17f7a70c46d336d,364
32209,gold/yen4_page_0030_c05_092.png,yen4,page_0030,5,連,liền,連,U+9023,char,GOLD,s1_inter_s2_direct,,0.18,67.0,70.0,9b2dd13e1605,ok,train,yen4|page_0030|c5,"[554, 255, 624, 327]",,False,False,False,False,False,False,True,False,False,True,1.044776119402985,False,False,False,0.0999999999999999,gold_direct,gold-direct(no-s3),80.46808510638297,5526afe2cbf92059,365
21278,gold/yen2_page_0108_c09_146.png,yen2,page_0108,9,嬌,kẻo,嬌,U+5B0C,char,GOLD,s1_inter_s2_direct,,0.207,115.0,162.0,f63b80260d60,ok,train,yen2|page_0108|c9,"[231, 671, 347, 803]",,False,False,False,False,False,False,True,False,False,True,1.4086956521739131,False,False,False,0.0999999999999999,gold_direct,gold-direct(no-s3),80.46808510638297,6027b6f69583c3da,366
15781,gold/yen4_page_0144_c03_055.png,yen4,page_0144,3,体,thấy,体,U+4F53,char,GOLD,s1_inter_s2_direct,,0.104,92.0,89.0,f9d18f86db2f,ok,val,yen4|page_0144|c3,"[781, 1070, 856, 1152]",,False,False,False,False,False,False,True,False,False,True,0.967391304347826,False,True,True,0.235,quality_flag,ink-outlier,80.46808510638297,d21470629143e441,367
52577,gold/yen11_page_0150_c03_053.png,yen11,page_0150,3,体,thấy,体,U+4F53,char,GOLD,s1_inter_s2_direct,,0.169,115.0,145.0,71d7c7a4d460,ok,train,yen11|page_0150|c3,"[1112, 1088, 1223, 1205]",,False,False,False,False,False,False,True,False,False,True,1.2608695652173914,False,False,False,0.0999999999999999,gold_direct,gold-direct(no-s3),80.46808510638297,7cdba642b04c40dd,368
57788,gold/yen11_page_0252_c09_192.png,yen11,page_0252,9,碎,tôi,碎,U+788E,char,GOLD,s1_inter_s2_direct,,0.209,95.0,129.0,5f42a216ca0e,ok,train,yen11|page_0252|c9,"[284, 1621, 384, 1726]",,False,False,False,False,False,False,True,False,False,True,1.3578947368421053,False,False,False,0.0999999999999999,gold_direct,gold-direct(no-s3),80.46808510638297,c524ae35600e1560,369
37732,gold/yen4_page_0144_c04_066.png,yen4,page_0144,4,堂,đàng,堂,U+5802,char,GOLD,s1_inter_s2_direct,,0.16,88.0,96.0,9941b4228f1c,ok,train,yen4|page_0144|c4,"[673, 368, 746, 446]",,False,False,False,False,False,False,True,False,False,True,1.0909090909090908,False,False,False,0.0999999999999999,gold_direct,gold-direct(no-s3),80.46808510638297,b01a7e715e616e97,370
47184,gold/yen11_page_0040_c03_067.png,yen11,page_0040,3,昔,tiếc,昔,U+6614,char,GOLD,s1_inter_s2_direct,,0.186,96.0,129.0,eca99ca575f2,ok,train,yen11|page_0040|c3,"[1160, 2215, 1262, 2322]",,False,False,False,False,False,False,True,False,False,True,1.34375,False,False,False,0.0999999999999999,gold_direct,gold-direct(no-s3),80.46808510638297,d3682b734e13250f,371
35176,gold/yen4_page_0088_c01_002.png,yen4,page_0088,1,翁,Ong,翁,U+7FC1,char,GOLD,s1_inter_s2_direct,,0.178,63.0,89.0,5f59dc370d29,ok,train,yen4|page_0088|c1,"[971, 578, 1043, 666]",,False,False,False,False,False,False,True,False,False,True,1.4126984126984128,False,False,False,0.0999999999999999,gold_direct,gold-direct(no-s3),80.46808510638297,5835b94d67eefc81,372
44156,gold/yen4_page_0278_c05_093.png,yen4,page_0278,5,連,lên,連,U+9023,char,GOLD,s1_inter_s2_direct,,0.163,113.0,135.0,8a8b8016c205,ok,train,yen4|page_0278|c5,"[844, 295, 945, 404]",,False,False,False,False,False,False,True,False,False,True,1.1946902654867255,False,False,False,0.0999999999999999,gold_direct,gold-direct(no-s3),80.46808510638297,cf21566c58485802,373
29266,gold/yen2_page_0284_c07_129.png,yen2,page_0284,7,共,cùng,共,U+5171,char,GOLD,s1_inter_s2_direct,,0.178,128.0,163.0,d465f7a61b45,ok,train,yen2|page_0284|c7,"[551, 2257, 665, 2390]",,False,False,False,False,False,False,True,False,False,True,1.2734375,False,False,False,0.0999999999999999,gold_direct,gold-direct(no-s3),80.46808510638297,b99699bf9b43aa96,374
26598,gold/yen2_page_0226_c05_087.png,yen2,page_0226,5,体,thấy,体,U+4F53,char,GOLD,s1_inter_s2_direct,,0.223,121.0,135.0,6443d4fe58e9,ok,train,yen2|page_0226|c5,"[862, 1414, 961, 1523]",,False,False,False,False,False,False,True,False,False,True,1.115702479338843,False,False,False,0.0999999999999999,gold_direct,gold-direct(no-s3),80.46808510638297,e55c72c022470366,375
48676,gold/yen11_page_0068_c08_162.png,yen11,page_0068,8,悶,muốn,悶,U+60B6,char,GOLD,s1_inter_s2_direct,,0.265,83.0,134.0,b7dbd4c0f193,ok,val,yen11|page_0068|c8,"[395, 1340, 500, 1458]",,False,False,False,False,False,False,True,False,False,True,1.6144578313253013,False,False,False,0.0999999999999999,gold_direct,gold-direct(no-s3),80.46808510638297,f69279bf801889ea,376
38889,gold/yen4_page_0166_c08_161.png,yen4,page_0166,8,時,thì,時,U+6642,char,GOLD,s1_inter_s2_direct,,0.169,84.0,99.0,89eda9bd91e2,ok,train,yen4|page_0166|c8,"[274, 490, 345, 571]",,False,False,False,False,False,False,True,False,False,True,1.1785714285714286,False,False,False,0.0999999999999999,gold_direct,gold-direct(no-s3),80.46808510638297,16113d48584dc73f,377
3754,gold/yen2_page_0046_c09_176.png,yen2,page_0046,9,昻,con,昆,U+6606,char,GOLD,s1_inter_s2_similar,0.05,0.224,100.0,147.0,fbe0c019ced3,ok,test,yen2|page_0046|c9,"[234, 1217, 333, 1336]",0.05,True,False,False,False,True,False,False,True,True,False,1.47,False,False,False,0.7,similar_bridge_lowcos,"similar-bridge,s3=0.05<τ",80.46808510638297,ca2a308b5af02ccd,378
12211,gold/yen2_page_0266_c08_141.png,yen2,page_0266,8,及,a,价,U+4EF7,char,GOLD,s1_inter_s2_similar,0.921,0.135,130.0,157.0,bafd2a2736c5,ok,train,yen2|page_0266|c8,"[396, 1172, 505, 1299]",0.921,True,False,False,False,True,False,False,False,False,False,1.2076923076923076,False,False,False,0.3,similar_bridge,similar-bridge,80.46808510638297,574523fcfb671c37,379
372,silver/yen4_page_0212_c02_047.png,yen4,page_0212,2,扵,bắt,扒,U+6252,char,SILVER,s2_inter_s3_corrected,0.506,0.157,85.0,83.0,019fe1bf03d0,ok,train,yen4|page_0212|c2,"[884, 1597, 953, 1664]",0.506,True,False,True,True,False,False,False,True,False,False,0.976470588235294,False,False,False,0.935,dup_defect,"cross-col(F1),s3=0.51<τ",80.46808510638297,acee67443b70207c,380
67838,silver/yen11_page_0268_c05_096.png,yen11,page_0268,5,付,về,𧗱,U+275F1,char,SILVER,s2_inter_s3_corrected,0.803,0.199,113.0,138.0,154c5ea36e83,ok,train,yen11|page_0268|c5,"[883, 1411, 986, 1523]",0.803,True,False,False,False,False,False,False,False,False,False,1.2212389380530972,False,False,False,0.0,other,clean,80.46808510638297,fffef292c0f90838,381
21321,gold/yen2_page_0110_c03_057.png,yen2,page_0110,3,鬼,quỷ,鬼,U+9B3C,char,GOLD,s1_inter_s2_direct,,0.229,112.0,139.0,6da7bb1dfe55,ok,train,yen2|page_0110|c3,"[1137, 2223, 1242, 2339]",,False,False,False,False,False,False,True,False,False,True,1.2410714285714286,False,False,False,0.0999999999999999,gold_direct,gold-direct(no-s3),80.46808510638297,476851a0f30e72fd,382
29253,gold/yen2_page_0284_c06_110.png,yen2,page_0284,6,体,thấy,体,U+4F53,char,GOLD,s1_inter_s2_direct,,0.215,121.0,159.0,2efc56daeb1e,ok,train,yen2|page_0284|c6,"[701, 2078, 812, 2207]",,False,False,False,False,False,False,True,False,False,True,1.3140495867768596,False,False,False,0.0999999999999999,gold_direct,gold-direct(no-s3),80.46808510638297,746b8344abfc2d07,383
2337,silver/yen11_page_0072_c06_119.png,yen11,page_0072,6,牛,Phiên,蹯,U+8E6F,char,SILVER,s3_head_bank_consensus,0.012,0.228,76.0,137.0,1d2a16ad765b,tall,test,yen11|page_0072|c6,"[712, 1671, 817, 1782]",0.012,True,False,False,False,False,True,False,True,True,False,1.8026315789473684,True,False,True,0.808,silver_headbank,"silver-headbank,s3=0.01<τ,aspect=1.80",80.46808510638297,2402c826ed850b5d,384
36177,gold/yen4_page_0108_c06_131.png,yen4,page_0108,6,悲,Bi,悲,U+60B2,char,GOLD,s1_inter_s2_direct,,0.184,60.0,86.0,8e818def4fb5,ok,val,yen4|page_0108|c6,"[508, 1358, 572, 1428]",,False,False,False,False,False,False,True,False,False,True,1.4333333333333331,False,False,False,0.0999999999999999,gold_direct,gold-direct(no-s3),80.46808510638297,063d0b3c4ce76313,385
57734,gold/yen11_page_0252_c05_104.png,yen11,page_0252,5,𥘉,xưa,𥘉,U+25609,char,GOLD,s1_inter_s2_direct,,0.226,98.0,132.0,aa675b05a303,ok,train,yen11|page_0252|c5,"[890, 1822, 992, 1930]",,False,False,False,False,False,False,True,False,False,True,1.346938775510204,False,False,False,0.0999999999999999,gold_direct,gold-direct(no-s3),80.46808510638297,2d4e307a094cf4df,386
45736,gold/yen11_page_0012_c01_001.png,yen11,page_0012,1,事,sự,事,U+4E8B,char,GOLD,s1_inter_s2_direct,,0.191,108.0,145.0,a539248936ef,ok,train,yen11|page_0012|c1,"[1494, 554, 1604, 671]",,False,False,False,False,False,False,True,False,False,True,1.3425925925925926,False,False,False,0.0999999999999999,gold_direct,gold-direct(no-s3),80.46808510638297,8269373128c1f7cb,387
45840,gold/yen11_page_0012_c09_190.png,yen11,page_0012,9,仍,những,仍,U+4ECD,char,GOLD,s1_inter_s2_direct,,0.2,106.0,148.0,f986167ed492,ok,train,yen11|page_0012|c9,"[259, 2316, 368, 2436]",,False,False,False,False,False,False,True,False,False,True,1.3962264150943395,False,False,False,0.0999999999999999,gold_direct,gold-direct(no-s3),80.46808510638297,1be994905b24476c,388
942,gold/yen4_page_0020_c06_126.png,yen4,page_0020,6,徳,Đức,徳,U+5FB3,char,GOLD,s1_inter_s2_direct,,0.16,76.0,90.0,9b0b9f2cee5d,ok,train,yen4|page_0020|c6,"[489, 1526, 556, 1600]",,False,True,False,True,False,False,True,False,False,True,1.1842105263157894,False,False,False,0.9,dup_defect,dup-bbox(AE-1),80.46808510638297,60e9b386346e9fd2,389
60087,gold/yen11_page_0298_c08_147.png,yen11,page_0298,8,檜,củi,檜,U+6A9C,char,GOLD,s1_inter_s2_direct,,0.218,90.0,146.0,70be1f910254,ok,train,yen11|page_0298|c8,"[397, 505, 498, 623]",,False,False,False,False,False,False,True,False,False,True,1.6222222222222222,False,False,False,0.0999999999999999,gold_direct,gold-direct(no-s3),80.46808510638297,8fca067b07e8a779,390
62766,silver/yen2_page_0300_c08_136.png,yen2,page_0300,8,欲,hết,歇,U+6B47,char,SILVER,s2_inter_s3_corrected,0.899,0.205,112.0,159.0,aeb8d9158f76,ok,train,yen2|page_0300|c8,"[406, 794, 519, 923]",0.899,True,False,False,False,False,False,False,False,False,False,1.4196428571428572,False,False,False,0.0,other,clean,80.46808510638297,5a2a1283832d6791,391
36893,gold/yen4_page_0126_c06_112.png,yen4,page_0126,6,事,sự,事,U+4E8B,char,GOLD,s1_inter_s2_direct,,0.185,70.0,94.0,9ee9cc8b5989,ok,train,yen4|page_0126|c6,"[476, 327, 545, 403]",,False,False,False,False,False,False,True,False,False,True,1.3428571428571427,False,False,False,0.0999999999999999,gold_direct,gold-direct(no-s3),80.46808510638297,637eb0034e19724e,392
48810,gold/yen11_page_0072_c02_029.png,yen11,page_0072,2,分,phần,分,U+5206,char,GOLD,s1_inter_s2_direct,,0.17,87.0,130.0,c8b7015f47e5,ok,train,yen11|page_0072|c2,"[1318, 1294, 1416, 1400]",,False,False,False,False,False,False,True,False,False,True,1.4942528735632183,False,False,False,0.0999999999999999,gold_direct,gold-direct(no-s3),80.46808510638297,1fa08e5ee5862f2b,393
64977,silver/yen4_page_0222_c08_162.png,yen4,page_0222,8,冐,người,㝵,U+3775,char,SILVER,s2_inter_s3_corrected,0.909,0.138,80.0,101.0,b9d18745e4e8,ok,train,yen4|page_0222|c8,"[282, 1370, 353, 1453]",0.909,True,False,False,False,False,False,False,False,False,False,1.2625,False,False,False,0.0,other,clean,80.46808510638297,e3607d0357cf2d52,394
22287,gold/yen2_page_0128_c03_062.png,yen2,page_0128,3,麻,mà,麻,U+9EBB,char,GOLD,s1_inter_s2_direct,,0.253,131.0,125.0,82fd74239431,ok,val,yen2|page_0128|c3,"[1118, 2416, 1225, 2521]",,False,False,False,False,False,False,True,False,False,True,0.9541984732824428,False,False,False,0.0999999999999999,gold_direct,gold-direct(no-s3),80.46808510638297,c03cb55e89a9f341,395
54005,gold/yen11_page_0178_c04_074.png,yen11,page_0178,4,体,thấy,体,U+4F53,char,GOLD,s1_inter_s2_direct,,0.203,124.0,136.0,24661e551528,ok,train,yen11|page_0178|c4,"[1019, 1281, 1123, 1391]",,False,False,False,False,False,False,True,False,False,True,1.096774193548387,False,False,False,0.0999999999999999,gold_direct,gold-direct(no-s3),80.46808510638297,7e3c05b15f48f0a2,396
17611,gold/yen2_page_0034_c08_167.png,yen2,page_0034,8,僥,nhiêu,僥,U+50E5,char,GOLD,s1_inter_s2_direct,,0.179,114.0,128.0,bb851db44989,ok,train,yen2|page_0034|c8,"[358, 2406, 458, 2510]",,False,False,False,False,False,False,True,False,False,True,1.1228070175438596,False,False,False,0.0999999999999999,gold_direct,gold-direct(no-s3),80.46808510638297,ac9bd4826128af2a,397
54405,gold/yen11_page_0186_c02_029.png,yen11,page_0186,2,傳,truyện,傳,U+50B3,char,GOLD,s1_inter_s2_direct,,0.162,116.0,152.0,2d610b06e6fd,ok,train,yen11|page_0186|c2,"[1320, 1395, 1427, 1519]",,False,False,False,False,False,False,True,False,False,True,1.3103448275862069,False,False,False,0.0999999999999999,gold_direct,gold-direct(no-s3),80.46808510638297,b49713ed4fa26c48,398
60939,silver/yen2_page_0094_c05_105.png,yen2,page_0094,5,殊,cho,朱,U+6731,char,SILVER,s2_inter_s3_corrected,0.91,0.219,127.0,137.0,76598cd7c705,ok,test,yen2|page_0094|c5,"[813, 1564, 916, 1675]",0.91,True,False,False,False,False,False,False,False,False,False,1.078740157480315,False,False,False,0.0,other,clean,80.46808510638297,371704d42662f6ab,399
64676,silver/yen4_page_0190_c04_073.png,yen4,page_0190,4,仰,máu,泖,U+6CD6,char,SILVER,s2_inter_s3_corrected,0.896,0.203,74.0,101.0,3f5b921f1ba4,ok,train,yen4|page_0190|c4,"[682, 841, 752, 924]",0.896,True,False,False,False,False,False,False,False,False,False,1.364864864864865,False,False,False,0.0,other,clean,80.46808510638297,90db47fe42b6f387,400
66438,silver/yen11_page_0086_c06_112.png,yen11,page_0086,6,人,ấy,衣,U+8863,char,SILVER,s2_inter_s3_corrected,0.861,0.163,109.0,127.0,b55ed2976397,ok,test,yen11|page_0086|c6,"[710, 2239, 811, 2342]",0.861,True,False,False,False,False,False,False,False,False,False,1.165137614678899,False,False,False,0.0,other,clean,80.46808510638297,8ac47f975e81e5f6,401
28844,gold/yen2_page_0276_c04_069.png,yen2,page_0276,4,古,của,古,U+53E4,char,GOLD,s1_inter_s2_direct,,0.234,118.0,150.0,c2e741a8d8f6,ok,train,yen2|page_0276|c4,"[1606, 1999, 1721, 2123]",,False,False,False,False,False,False,True,False,False,True,1.271186440677966,False,False,False,0.0999999999999999,gold_direct,gold-direct(no-s3),80.46808510638297,bb0fe51057e3d3bc,402
33383,gold/yen4_page_0052_c07_129.png,yen4,page_0052,7,浪,rằng,浪,U+6D6A,char,GOLD,s1_inter_s2_direct,,0.196,68.0,98.0,cd203f90a93c,ok,train,yen4|page_0052|c7,"[361, 915, 432, 995]",,False,False,False,False,False,False,True,False,False,True,1.4411764705882353,False,False,False,0.0999999999999999,gold_direct,gold-direct(no-s3),80.46808510638297,d466b27db2acaed1,403
29093,gold/yen2_page_0280_c09_184.png,yen2,page_0280,9,低,đây,低,U+4F4E,char,GOLD,s1_inter_s2_direct,,0.245,89.0,140.0,0239300016e5,ok,train,yen2|page_0280|c9,"[252, 1482, 356, 1596]",,False,False,False,False,False,False,True,False,False,True,1.5730337078651686,False,False,False,0.0999999999999999,gold_direct,gold-direct(no-s3),80.46808510638297,7ba73760ec841fa6,404
61267,silver/yen2_page_0126_c02_038.png,yen2,page_0126,2,并,Ông,翁,U+7FC1,char,SILVER,s2_inter_s3_corrected,0.672,0.223,99.0,131.0,501981965b8f,ok,train,yen2|page_0126|c2,"[1289, 1981, 1391, 2088]",0.672,True,False,False,False,False,False,False,False,False,False,1.323232323232323,False,False,False,0.0,other,clean,80.46808510638297,54e10b70274165d5,405
33868,gold/yen4_page_0062_c06_115.png,yen4,page_0062,6,固,có,固,U+56FA,char,GOLD,s1_inter_s2_direct,,0.156,67.0,98.0,52f948b832b8,ok,test,yen4|page_0062|c6,"[468, 627, 538, 707]",,False,False,False,False,False,False,True,False,False,True,1.462686567164179,False,False,False,0.0999999999999999,gold_direct,gold-direct(no-s3),80.46808510638297,fb82835a976d50c6,406
4292,syllable/yen4_page_0196_c05_086.png,yen4,page_0196,5,皇,Thánh,,,syllable,SYLLABLE,nghia_consensus,0.06,0.198,49.0,90.0,0b64bbb21434,tall,train,yen4|page_0196|c5,"[597, 1041, 665, 1115]",0.06,True,False,False,False,False,False,False,True,True,False,1.836734693877551,True,False,True,0.6799999999999999,s3_low,"s3=0.06<τ,aspect=1.84",80.46808510638297,efb086f0cdfc77a5,407
60310,silver/yen2_page_0032_c04_066.png,yen2,page_0032,4,兹,cai,該,U+8A72,char,SILVER,s2_inter_s3_corrected,0.764,0.188,125.0,128.0,39c5da891c64,ok,train,yen2|page_0032|c4,"[973, 480, 1074, 584]",0.764,True,False,False,False,False,False,False,False,False,False,1.024,False,False,False,0.0,other,clean,80.46808510638297,e44c6067cd6a343c,408
52575,gold/yen11_page_0150_c03_050.png,yen11,page_0150,3,現,hiện,現,U+73FE,char,GOLD,s1_inter_s2_direct,,0.209,114.0,140.0,a9f87a79b446,ok,train,yen11|page_0150|c3,"[1120, 802, 1228, 916]",,False,False,False,False,False,False,True,False,False,True,1.2280701754385963,False,False,False,0.0999999999999999,gold_direct,gold-direct(no-s3),80.46808510638297,6ba5c371ad4a01c3,409
38729,gold/yen4_page_0164_c05_089.png,yen4,page_0164,5,意,ấy,意,U+610F,char,GOLD,s1_inter_s2_direct,,0.164,75.0,90.0,f432c0976f5b,ok,train,yen4|page_0164|c5,"[571, 368, 640, 442]",,False,False,False,False,False,False,True,False,False,True,1.2,False,False,False,0.0999999999999999,gold_direct,gold-direct(no-s3),80.46808510638297,077307e34781af9b,410
29425,gold/yen2_page_0288_c06_114.png,yen2,page_0288,6,体,thấy,体,U+4F53,char,GOLD,s1_inter_s2_direct,,0.223,121.0,157.0,70a5b7bd4fc6,ok,train,yen2|page_0288|c6,"[674, 2023, 782, 2150]",,False,False,False,False,False,False,True,False,False,True,1.2975206611570247,False,False,False,0.0999999999999999,gold_direct,gold-direct(no-s3),80.46808510638297,1a0728ce64d56fcc,411
63412,silver/yen4_page_0058_c01_001.png,yen4,page_0058,1,寧,và,喡,U+55A1,char,SILVER,s2_inter_s3_corrected,0.97,0.118,72.0,94.0,a6148bfacee0,ok,train,yen4|page_0058|c1,"[999, 339, 1069, 415]",0.97,True,False,False,False,False,False,False,False,False,False,1.3055555555555556,False,False,False,0.0,other,clean,80.46808510638297,6ec8512165d7bc6c,412
47139,gold/yen11_page_0036_c09_187.png,yen11,page_0036,9,事,sự,事,U+4E8B,char,GOLD,s1_inter_s2_direct,,0.168,113.0,128.0,8b830e53ff90,ok,train,yen11|page_0036|c9,"[309, 2050, 406, 2154]",,False,False,False,False,False,False,True,False,False,True,1.1327433628318584,False,False,False,0.0999999999999999,gold_direct,gold-direct(no-s3),80.46808510638297,0a7632a07165a06d,413
30743,gold/yen2_page_0318_c05_090.png,yen2,page_0318,5,麻,mà,麻,U+9EBB,char,GOLD,s1_inter_s2_direct,,0.228,94.0,150.0,e685ee08c30c,ok,train,yen2|page_0318|c5,"[853, 1716, 962, 1838]",,False,False,False,False,False,False,True,False,False,True,1.5957446808510638,False,False,False,0.0999999999999999,gold_direct,gold-direct(no-s3),80.46808510638297,c3efd59292892feb,414
30288,gold/yen2_page_0310_c01_000.png,yen2,page_0310,1,奴,nó,奴,U+5974,char,GOLD,s1_inter_s2_direct,,0.146,140.0,121.0,b24b01b68602,ok,train,yen2|page_0310|c1,"[1459, 491, 1573, 604]",,False,False,False,False,False,False,True,False,False,True,0.8642857142857143,False,False,False,0.0999999999999999,gold_direct,gold-direct(no-s3),80.46808510638297,07268b9059a33ced,415
57498,gold/yen11_page_0248_c05_106.png,yen11,page_0248,5,固,có,固,U+56FA,char,GOLD,s1_inter_s2_direct,,0.268,80.0,128.0,f99d45893db1,ok,train,yen11|page_0248|c5,"[882, 2313, 980, 2417]",,False,False,False,False,False,False,True,False,False,True,1.6,False,False,False,0.0999999999999999,gold_direct,gold-direct(no-s3),80.46808510638297,4e8b4d5e2a2d7723,416
30306,gold/yen2_page_0310_c02_028.png,yen2,page_0310,2,麻,mà,麻,U+9EBB,char,GOLD,s1_inter_s2_direct,,0.165,124.0,156.0,485f60f0512e,ok,train,yen2|page_0310|c2,"[1299, 1272, 1414, 1398]",,False,False,False,False,False,False,True,False,False,True,1.2580645161290325,False,False,False,0.0999999999999999,gold_direct,gold-direct(no-s3),80.46808510638297,71d2d9acb1cc3de4,417
64707,silver/yen4_page_0194_c01_000.png,yen4,page_0194,1,海,hỏi,𠳨,U+20CE8,char,SILVER,s2_inter_s3_corrected,0.819,0.167,78.0,81.0,8fdea80f5472,ok,train,yen4|page_0194|c1,"[965, 232, 1040, 307]",0.819,True,False,False,False,False,False,False,False,False,False,1.0384615384615383,False,False,False,0.0,other,clean,80.46808510638297,068a7fbf21820d7c,418
10365,silver/yen4_page_0098_c01_007.png,yen4,page_0098,1,而,làm,乄,U+4E44,char,SILVER,s2_inter_s3_corrected,0.608,0.134,68.0,89.0,42c7b405c23f,ok,test,yen4|page_0098|c1,"[963, 649, 1037, 725]",0.608,True,False,False,False,False,False,False,True,False,False,1.3088235294117647,False,False,False,0.35,s3_low,s3=0.61<τ,80.46808510638297,f5aef42ba8373f84,419
50009,gold/yen11_page_0100_c05_084.png,yen11,page_0100,5,凜,lắm,凜,U+51DC,char,GOLD,s1_inter_s2_direct,,0.259,94.0,139.0,b163bdbb4c1b,ok,train,yen11|page_0100|c5,"[856, 501, 960, 614]",,False,False,False,False,False,False,True,False,False,True,1.4787234042553192,False,False,False,0.0999999999999999,gold_direct,gold-direct(no-s3),80.46808510638297,26fd27209db5583c,420
19411,gold/yen2_page_0070_c08_133.png,yen2,page_0070,8,敢,dám,敢,U+6562,char,GOLD,s1_inter_s2_direct,,0.236,125.0,147.0,0305cd8cdf32,ok,train,yen2|page_0070|c8,"[369, 867, 476, 986]",,False,False,False,False,False,False,True,False,False,True,1.176,False,False,False,0.0999999999999999,gold_direct,gold-direct(no-s3),80.46808510638297,cdcbe874c18acbb1,421
12413,gold/yen4_page_0014_c07_137.png,yen4,page_0014,7,兀,kẻ,几,U+51E0,char,GOLD,s1_inter_s2_similar,0.902,0.201,61.0,69.0,33ca765df469,ok,test,yen4|page_0014|c7,"[368, 281, 439, 352]",0.902,True,False,False,False,True,False,False,False,False,False,1.1311475409836065,False,False,False,0.3,similar_bridge,similar-bridge,80.46808510638297,fe5e02ddb09251f2,422
51182,gold/yen11_page_0122_c03_060.png,yen11,page_0122,3,時,thì,時,U+6642,char,GOLD,s1_inter_s2_direct,,0.229,107.0,141.0,92830493585c,ok,train,yen11|page_0122|c3,"[1192, 1952, 1295, 2067]",,False,False,False,False,False,False,True,False,False,True,1.3177570093457944,False,False,False,0.0999999999999999,gold_direct,gold-direct(no-s3),80.46808510638297,b86e8966e1498617,423
24931,gold/yen2_page_0186_c02_027.png,yen2,page_0186,2,㝵,người,㝵,U+3775,char,GOLD,s1_inter_s2_direct,,0.176,124.0,156.0,0c9fbbb84361,ok,val,yen2|page_0186|c2,"[1249, 1334, 1349, 1460]",,False,False,False,False,False,False,True,False,False,True,1.2580645161290325,False,False,False,0.0999999999999999,gold_direct,gold-direct(no-s3),80.46808510638297,26a0aacb7e9933ca,424
3406,silver/yen11_page_0090_c08_164.png,yen11,page_0090,8,拈,dõ,杜,U+675C,char,SILVER,s3_head_bank_consensus,0.018,0.154,84.0,146.0,906a08d6d35b,ok,train,yen11|page_0090|c8,"[380, 990, 478, 1108]",0.018,True,False,False,False,False,True,False,True,True,False,1.738095238095238,False,False,False,0.76,silver_headbank,"silver-headbank,s3=0.02<τ",80.46808510638297,43b26293e4ae4f55,425
49152,gold/yen11_page_0078_c06_117.png,yen11,page_0078,6,曰,viết,曰,U+66F0,char,GOLD,s1_inter_s2_direct,,0.167,96.0,149.0,34b5184c60a1,ok,val,yen11|page_0078|c6,"[682, 1096, 788, 1217]",,False,False,False,False,False,False,True,False,False,True,1.5520833333333333,False,False,False,0.0999999999999999,gold_direct,gold-direct(no-s3),80.46808510638297,269cc7f070b0add1,426
62592,silver/yen2_page_0274_c04_075.png,yen2,page_0274,4,将,ngày,時,U+6642,char,SILVER,s2_inter_s3_corrected,0.71,0.268,107.0,148.0,98c953520346,ok,train,yen2|page_0274|c4,"[969, 1454, 1080, 1574]",0.71,True,False,False,False,False,False,False,False,False,False,1.383177570093458,False,False,False,0.0,other,clean,80.46808510638297,feb8d9e9501d6972,427
42228,gold/yen4_page_0238_c05_086.png,yen4,page_0238,5,德,Đức,德,U+5FB7,char,GOLD,s1_inter_s2_direct,,0.177,71.0,96.0,a5b3743c4ff5,ok,train,yen4|page_0238|c5,"[567, 427, 636, 505]",,False,False,False,False,False,False,True,False,False,True,1.352112676056338,False,False,False,0.0999999999999999,gold_direct,gold-direct(no-s3),80.46808510638297,d584edbe9d3eb429,428
52518,gold/yen11_page_0148_c07_135.png,yen11,page_0148,7,垩,thánh,垩,U+57A9,char,GOLD,s1_inter_s2_direct,,0.115,115.0,142.0,4c0356f2b03c,ok,train,yen11|page_0148|c7,"[578, 975, 684, 1094]",,False,False,False,False,False,False,True,False,False,True,1.2347826086956522,False,False,False,0.0999999999999999,gold_direct,gold-direct(no-s3),80.46808510638297,bc49bf30bf885211,429
17744,gold/yen2_page_0038_c02_040.png,yen2,page_0038,2,寺,thì,寺,U+5BFA,char,GOLD,s1_inter_s2_direct,,0.176,113.0,151.0,a7ab512dd713,ok,test,yen2|page_0038|c2,"[1299, 2312, 1402, 2435]",,False,False,False,False,False,False,True,False,False,True,1.336283185840708,False,False,False,0.0999999999999999,gold_direct,gold-direct(no-s3),80.46808510638297,e649d192c0d157df,430
6894,syllable/yen4_page_0214_c02_039.png,yen4,page_0214,2,而,làm,,,syllable,SYLLABLE,nghia_consensus,0.084,0.138,68.0,87.0,3e796c1abb55,ok,train,yen4|page_0214|c2,"[868, 1287, 936, 1358]",0.084,True,False,False,False,False,False,False,True,True,False,1.2794117647058822,False,False,False,0.6,s3_low,s3=0.08<τ,80.46808510638297,aade77c5169941fe,431
35158,gold/yen4_page_0086_c07_140.png,yen4,page_0086,7,重,trọng,重,U+91CD,char,GOLD,s1_inter_s2_direct,,0.179,69.0,90.0,3c5bdc5c0deb,ok,test,yen4|page_0086|c7,"[365, 905, 439, 979]",,False,False,False,False,False,False,True,False,False,True,1.3043478260869563,False,False,False,0.0999999999999999,gold_direct,gold-direct(no-s3),80.46808510638297,bd6743d21125a88f,432
44708,gold/yen4_page_0288_c03_057.png,yen4,page_0288,3,庄,chăng,庄,U+5E84,char,GOLD,s1_inter_s2_direct,,0.143,68.0,89.0,4b253b53c114,ok,train,yen4|page_0288|c3,"[758, 998, 823, 1071]",,False,False,False,False,False,False,True,False,False,True,1.3088235294117647,False,False,False,0.0999999999999999,gold_direct,gold-direct(no-s3),80.46808510638297,65da8c46b41fadd5,433
25333,gold/yen2_page_0194_c07_121.png,yen2,page_0194,7,㝵,người,㝵,U+3775,char,GOLD,s1_inter_s2_direct,,0.211,112.0,176.0,9f85578e32fd,ok,train,yen2|page_0194|c7,"[491, 1786, 599, 1928]",,False,False,False,False,False,False,True,False,False,True,1.5714285714285714,False,False,False,0.0999999999999999,gold_direct,gold-direct(no-s3),80.46808510638297,b6440efb84f5856e,434
6000,syllable/yen2_page_0308_c01_001.png,yen2,page_0308,1,可,làm,,,syllable,SYLLABLE,nghia_consensus,0.08,0.158,127.0,168.0,c76ef9d5e6b3,ok,val,yen2|page_0308|c1,"[1434, 564, 1548, 700]",0.08,True,False,False,False,False,False,False,True,True,False,1.3228346456692914,False,False,False,0.6,s3_low,s3=0.08<τ,80.46808510638297,528baa332d6c14fc,435
11124,silver/yen11_page_0166_c04_073.png,yen11,page_0166,4,街,về,𧗱,U+275F1,char,SILVER,s2_inter_s3_corrected,0.603,0.237,96.0,141.0,9f80838679cc,ok,train,yen11|page_0166|c4,"[1016, 1532, 1125, 1648]",0.603,True,False,False,False,False,False,False,True,False,False,1.46875,False,False,False,0.35,s3_low,s3=0.60<τ,80.46808510638297,b1783ca0b4d5285e,436
22260,gold/yen2_page_0128_c02_022.png,yen2,page_0128,2,主,Chúa,主,U+4E3B,char,GOLD,s1_inter_s2_direct,,0.189,108.0,148.0,69081a80e9fc,ok,train,yen2|page_0128|c2,"[1267, 645, 1372, 765]",,False,False,False,False,False,False,True,False,False,True,1.3703703703703705,False,False,False,0.0999999999999999,gold_direct,gold-direct(no-s3),80.46808510638297,436195fbb6d0c675,437
12277,gold/yen2_page_0288_c02_026.png,yen2,page_0288,2,戋,qua,戈,U+6208,char,GOLD,s1_inter_s2_similar,0.672,0.232,128.0,147.0,84dc4840255a,ok,train,yen2|page_0288|c2,"[1299, 1029, 1412, 1148]",0.672,True,False,False,False,True,False,False,False,False,False,1.1484375,False,False,False,0.3,similar_bridge,similar-bridge,80.46808510638297,edd2d1c29911e454,438
7278,syllable/yen4_page_0304_c02_024.png,yen4,page_0304,2,皇,Thánh,,,syllable,SYLLABLE,nghia_consensus,0.131,0.172,64.0,96.0,b56068a87753,ok,train,yen4|page_0304|c2,"[886, 294, 957, 372]",0.131,True,False,False,False,False,False,False,True,True,False,1.5,False,False,False,0.6,s3_low,s3=0.13<τ,80.46808510638297,a3a4dc5ea04c2cac,439
52188,gold/yen11_page_0142_c05_093.png,yen11,page_0142,5,門,môn,門,U+9580,char,GOLD,s1_inter_s2_direct,,0.179,121.0,146.0,325783f0d438,ok,train,yen11|page_0142|c5,"[847, 958, 960, 1076]",,False,False,False,False,False,False,True,False,False,True,1.206611570247934,False,False,False,0.0999999999999999,gold_direct,gold-direct(no-s3),80.46808510638297,4b5b307c3bfbcbcd,440
55801,gold/yen11_page_0212_c08_151.png,yen11,page_0212,8,朱,cho,朱,U+6731,char,GOLD,s1_inter_s2_direct,,0.175,121.0,152.0,b710269e71ff,ok,train,yen11|page_0212|c8,"[404, 801, 515, 925]",,False,False,False,False,False,False,True,False,False,True,1.256198347107438,False,False,False,0.0999999999999999,gold_direct,gold-direct(no-s3),80.46808510638297,c420710d0d5b350a,441
48685,gold/yen11_page_0068_c08_173.png,yen11,page_0068,8,連,trên,連,U+9023,char,GOLD,s1_inter_s2_direct,,0.215,118.0,126.0,3051e0a3fce3,ok,val,yen11|page_0068|c8,"[395, 2360, 501, 2468]",,False,False,False,False,False,False,True,False,False,True,1.0677966101694916,False,False,False,0.0999999999999999,gold_direct,gold-direct(no-s3),80.46808510638297,839a74087ae889dc,442
49445,gold/yen11_page_0088_c07_153.png,yen11,page_0088,7,陣,trận,陣,U+9663,char,GOLD,s1_inter_s2_direct,,0.221,93.0,148.0,cff7526361f9,ok,train,yen11|page_0088|c7,"[576, 978, 680, 1098]",,False,False,False,False,False,False,True,False,False,True,1.5913978494623655,False,False,False,0.0999999999999999,gold_direct,gold-direct(no-s3),80.46808510638297,832f68bde3c65092,443
15974,gold/yen11_page_0060_c05_077.png,yen11,page_0060,5,葩,Pha,葩,U+8469,char,GOLD,s1_inter_s2_direct,,0.311,97.0,135.0,3d31268ee563,ok,train,yen11|page_0060|c5,"[863, 871, 966, 980]",,False,False,False,False,False,False,True,False,False,True,1.3917525773195876,False,True,True,0.235,quality_flag,ink-outlier,80.46808510638297,098b72f6d096a173,444
8509,syllable/yen11_page_0234_c09_159.png,yen11,page_0234,9,攵,ấy,,,syllable,SYLLABLE,nghia_consensus,0.04,0.167,96.0,120.0,c253ace96b7d,ok,train,yen11|page_0234|c9,"[253, 757, 346, 855]",0.04,True,False,False,False,False,False,False,True,True,False,1.25,False,False,False,0.6,s3_low,s3=0.04<τ,80.46808510638297,2d827e6ee3820b8a,445
58765,gold/yen11_page_0272_c09_179.png,yen11,page_0272,9,腮,tay,腮,U+816E,char,GOLD,s1_inter_s2_direct,,0.208,96.0,140.0,4c50096d2a65,ok,train,yen11|page_0272|c9,"[295, 2131, 404, 2251]",,False,False,False,False,False,False,True,False,False,True,1.4583333333333333,False,False,False,0.0999999999999999,gold_direct,gold-direct(no-s3),80.46808510638297,8ba91181eba99335,446
35400,gold/yen4_page_0092_c05_093.png,yen4,page_0092,5,庫,khó,庫,U+5EAB,char,GOLD,s1_inter_s2_direct,,0.172,74.0,77.0,bd1f1f501d59,ok,train,yen4|page_0092|c5,"[572, 959, 643, 1022]",,False,False,False,False,False,False,True,False,False,True,1.0405405405405406,False,False,False,0.0999999999999999,gold_direct,gold-direct(no-s3),80.46808510638297,17924647d0893478,447
13698,gold/yen11_page_0140_c07_121.png,yen11,page_0140,7,具,cùng,其,U+5176,char,GOLD,s1_inter_s2_similar,0.831,0.2,104.0,141.0,819cb0a7a007,ok,train,yen11|page_0140|c7,"[571, 591, 680, 706]",0.831,True,False,False,False,True,False,False,False,False,False,1.3557692307692308,False,False,False,0.3,similar_bridge,similar-bridge,80.46808510638297,2c670d7be33dd521,448
9499,silver/yen2_page_0028_c08_158.png,yen2,page_0028,8,好,Đức,德,U+5FB7,char,SILVER,s2_inter_s3_corrected,0.545,0.141,100.0,142.0,c4ed1d8ce7d1,ok,train,yen2|page_0028|c8,"[345, 740, 446, 856]",0.545,True,False,False,False,False,False,False,True,False,False,1.42,False,False,False,0.35,s3_low,s3=0.55<τ,80.46808510638297,df570619977887e3,449
56139,gold/yen11_page_0220_c01_021.png,yen11,page_0220,1,每,mọi,每,U+6BCF,char,GOLD,s1_inter_s2_direct,,0.131,94.0,109.0,3e0cdea5376f,ok,train,yen11|page_0220|c1,"[1487, 2357, 1584, 2461]",,False,False,False,False,False,False,True,False,False,True,1.1595744680851063,False,False,False,0.0999999999999999,gold_direct,gold-direct(no-s3),80.46808510638297,92ceb1ea3068a1e2,450
19215,gold/yen2_page_0066_c07_142.png,yen2,page_0066,7,法,phép,法,U+6CD5,char,GOLD,s1_inter_s2_direct,,0.264,107.0,152.0,2e28488e1364,ok,train,yen2|page_0066|c7,"[530, 1902, 638, 2026]",,False,False,False,False,False,False,True,False,False,True,1.4205607476635511,False,False,False,0.0999999999999999,gold_direct,gold-direct(no-s3),80.46808510638297,fcc24e91f1ca8260,451
49611,gold/yen11_page_0092_c02_038.png,yen11,page_0092,2,末,mất,末,U+672B,char,GOLD,s1_inter_s2_direct,,0.183,76.0,136.0,859f4e0c669c,ok,train,yen11|page_0092|c2,"[1321, 2046, 1422, 2156]",,False,False,False,False,False,False,True,False,False,True,1.7894736842105263,False,False,False,0.0999999999999999,gold_direct,gold-direct(no-s3),80.46808510638297,65b8d87801710168,452
57844,gold/yen11_page_0254_c04_086.png,yen11,page_0254,4,庒,chăng,庒,U+5E92,char,GOLD,s1_inter_s2_direct,,0.235,88.0,141.0,58b5526af8ee,ok,train,yen11|page_0254|c4,"[1022, 2282, 1122, 2397]",,False,False,False,False,False,False,True,False,False,True,1.6022727272727273,False,False,False,0.0999999999999999,gold_direct,gold-direct(no-s3),80.46808510638297,3422339618bfcf95,453
1459,gold/yen4_page_0196_c05_089.png,yen4,page_0196,5,𤰞,ti,𤰞,U+24C1E,char,GOLD,s1_inter_s2_direct,,0.17,70.0,95.0,b8731217478b,ok,train,yen4|page_0196|c5,"[588, 1227, 659, 1304]",,False,False,True,True,False,False,True,False,False,True,1.3571428571428572,False,False,False,0.9,dup_defect,cross-col(F1),80.46808510638297,b7550dd14ec5d03a,454
33210,gold/yen4_page_0048_c09_170.png,yen4,page_0048,9,真,chân,真,U+771F,char,GOLD,s1_inter_s2_direct,,0.118,74.0,96.0,7b62ef8b29c6,ok,val,yen4|page_0048|c9,"[190, 651, 263, 735]",,False,False,False,False,False,False,True,False,False,True,1.2972972972972974,False,False,False,0.0999999999999999,gold_direct,gold-direct(no-s3),80.46808510638297,cfd8f0259d06ea36,455
29771,gold/yen2_page_0296_c05_088.png,yen2,page_0296,5,些,ta,些,U+4E9B,char,GOLD,s1_inter_s2_direct,,0.201,113.0,157.0,2aff6ea2039b,ok,val,yen2|page_0296|c5,"[845, 2189, 954, 2316]",,False,False,False,False,False,False,True,False,False,True,1.3893805309734513,False,False,False,0.0999999999999999,gold_direct,gold-direct(no-s3),80.46808510638297,84c1466eeebd6cad,456
56063,gold/yen11_page_0218_c04_062.png,yen11,page_0218,4,体,thấy,体,U+4F53,char,GOLD,s1_inter_s2_direct,,0.194,100.0,113.0,5628f2c0fcf8,ok,test,yen11|page_0218|c4,"[1000, 423, 1101, 530]",,False,False,False,False,False,False,True,False,False,True,1.13,False,False,False,0.0999999999999999,gold_direct,gold-direct(no-s3),80.46808510638297,7b556e6d457b6335,457
51815,gold/yen11_page_0134_c09_199.png,yen11,page_0134,9,称,xưng,称,U+79F0,char,GOLD,s1_inter_s2_direct,,0.162,78.0,125.0,61c5c9ad3579,ok,train,yen11|page_0134|c9,"[270, 2044, 358, 2146]",,False,False,False,False,False,False,True,False,False,True,1.6025641025641026,False,False,False,0.0999999999999999,gold_direct,gold-direct(no-s3),80.46808510638297,9f4e0e5ef5044676,458
64706,silver/yen4_page_0192_c09_155.png,yen4,page_0192,9,樞,Giu,樞,U+6A1E,char,SILVER,s1_inter_s3_out_of_dict,0.94,0.115,78.0,105.0,0257e9591c21,ok,train,yen4|page_0192|c9,"[188, 995, 260, 1080]",0.94,True,False,False,False,False,False,False,False,False,False,1.3461538461538465,False,False,False,0.0,other,clean,80.46808510638297,cc2939cecdbc9428,459
59143,gold/yen11_page_0280_c07_128.png,yen11,page_0280,7,麻,mà,麻,U+9EBB,char,GOLD,s1_inter_s2_direct,,0.172,87.0,148.0,efea938d2ea7,ok,train,yen11|page_0280|c7,"[584, 512, 687, 632]",,False,False,False,False,False,False,True,False,False,True,1.7011494252873562,False,False,False,0.0999999999999999,gold_direct,gold-direct(no-s3),80.46808510638297,9bee3511584d1d3e,460
34032,gold/yen4_page_0066_c01_015.png,yen4,page_0066,1,恪,khác,恪,U+606A,char,GOLD,s1_inter_s2_direct,,0.136,75.0,95.0,8691308f9fd3,ok,val,yen4|page_0066|c1,"[955, 1193, 1023, 1270]",,False,False,False,False,False,False,True,False,False,True,1.2666666666666666,False,False,False,0.0999999999999999,gold_direct,gold-direct(no-s3),80.46808510638297,75a422f26d8656af,461
28821,gold/yen2_page_0276_c03_037.png,yen2,page_0276,3,几,kẻ,几,U+51E0,char,GOLD,s1_inter_s2_direct,,0.177,123.0,170.0,8b0417fbff09,ok,train,yen2|page_0276|c3,"[1738, 680, 1860, 818]",,False,False,False,False,False,False,True,False,False,True,1.3821138211382114,False,False,False,0.0999999999999999,gold_direct,gold-direct(no-s3),80.46808510638297,56d76553d1c464d1,462
16050,gold/yen11_page_0242_c07_114.png,yen11,page_0242,7,穌,tô,穌,U+7A4C,char,GOLD,s1_inter_s2_direct,,0.318,104.0,136.0,00d615295a16,ok,train,yen11|page_0242|c7,"[567, 990, 672, 1100]",,False,False,False,False,False,False,True,False,False,True,1.3076923076923077,False,True,True,0.235,quality_flag,ink-outlier,80.46808510638297,8687f0811f6a0931,463
66798,silver/yen11_page_0134_c09_202.png,yen11,page_0134,9,𫊫,tao,蚤,U+86A4,char,SILVER,s2_inter_s3_corrected,0.825,0.198,86.0,127.0,c903c879e800,ok,train,yen11|page_0134|c9,"[268, 2307, 362, 2410]",0.825,True,False,False,False,False,False,False,False,False,False,1.4767441860465116,False,False,False,0.0,other,clean,80.46808510638297,d6585140afbcd67b,464
31601,gold/yen4_page_0016_c08_159.png,yen4,page_0016,8,徳,đức,徳,U+5FB3,char,GOLD,s1_inter_s2_direct,,0.18,75.0,88.0,d4eb812da457,ok,train,yen4|page_0016|c8,"[326, 371, 397, 443]",,False,False,False,False,False,False,True,False,False,True,1.1733333333333331,False,False,False,0.0999999999999999,gold_direct,gold-direct(no-s3),80.46808510638297,f6ebf2d0528a6779,465
27941,gold/yen2_page_0256_c04_067.png,yen2,page_0256,4,於,ở,於,U+65BC,char,GOLD,s1_inter_s2_direct,,0.159,126.0,162.0,c299c778b77f,ok,val,yen2|page_0256|c4,"[1000, 1868, 1110, 2000]",,False,False,False,False,False,False,True,False,False,True,1.2857142857142858,False,False,False,0.0999999999999999,gold_direct,gold-direct(no-s3),80.46808510638297,67b9ca41598b70c1,466
44750,gold/yen4_page_0288_c06_130.png,yen4,page_0288,6,烈,liệt,烈,U+70C8,char,GOLD,s1_inter_s2_direct,,0.137,85.0,91.0,58548003c6ad,ok,val,yen4|page_0288|c6,"[477, 1376, 546, 1453]",,False,False,False,False,False,False,True,False,False,True,1.0705882352941176,False,False,False,0.0999999999999999,gold_direct,gold-direct(no-s3),80.46808510638297,14a33f6f178c7a41,467
21428,gold/yen2_page_0112_c03_048.png,yen2,page_0112,3,道,đạo,道,U+9053,char,GOLD,s1_inter_s2_direct,,0.273,136.0,150.0,dbab43b81429,ok,train,yen2|page_0112|c3,"[1134, 1169, 1244, 1291]",,False,False,False,False,False,False,True,False,False,True,1.1029411764705883,False,False,False,0.0999999999999999,gold_direct,gold-direct(no-s3),80.46808510638297,15e6605030a2c325,468
52547,gold/yen11_page_0150_c01_000.png,yen11,page_0150,1,宜,nghe,宜,U+5B9C,char,GOLD,s1_inter_s2_direct,,0.141,126.0,108.0,073622c3a33a,ok,test,yen11|page_0150|c1,"[1430, 347, 1539, 453]",,False,False,False,False,False,False,True,False,False,True,0.8571428571428571,False,False,False,0.0999999999999999,gold_direct,gold-direct(no-s3),80.46808510638297,6dcef4457d137a0f,469
31133,gold/yen2_page_0326_c03_055.png,yen2,page_0326,3,之,gì,之,U+4E4B,char,GOLD,s1_inter_s2_direct,,0.206,122.0,158.0,3306a1d2a3dd,ok,test,yen2|page_0326|c3,"[1137, 1983, 1254, 2111]",,False,False,False,False,False,False,True,False,False,True,1.2950819672131149,False,False,False,0.0999999999999999,gold_direct,gold-direct(no-s3),80.46808510638297,c3ec530b22808630,470
6328,syllable/yen4_page_0068_c03_057.png,yen4,page_0068,3,個,vua,,,syllable,SYLLABLE,nghia_consensus,0.082,0.205,62.0,84.0,197d182d35fa,ok,train,yen4|page_0068|c3,"[770, 985, 842, 1058]",0.082,True,False,False,False,False,False,False,True,True,False,1.3548387096774193,False,False,False,0.6,s3_low,s3=0.08<τ,80.46808510638297,58d1c0e0d83c4c6c,471
55874,gold/yen11_page_0214_c05_100.png,yen11,page_0214,5,謹,kín,謹,U+8B39,char,GOLD,s1_inter_s2_direct,,0.206,103.0,151.0,eb07e9d76c28,ok,test,yen11|page_0214|c5,"[830, 1985, 937, 2108]",,False,False,False,False,False,False,True,False,False,True,1.4660194174757282,False,False,False,0.0999999999999999,gold_direct,gold-direct(no-s3),80.46808510638297,82fc2a759aeb2310,472
13742,gold/yen11_page_0152_c02_033.png,yen11,page_0152,2,唐,đêm,店,U+5E97,char,GOLD,s1_inter_s2_similar,0.763,0.209,99.0,149.0,eb7d54e4517e,ok,val,yen11|page_0152|c2,"[1347, 1543, 1451, 1664]",0.763,True,False,False,False,True,False,False,False,False,False,1.505050505050505,False,False,False,0.3,similar_bridge,similar-bridge,80.46808510638297,000ba9ce3cefe677,473
6069,syllable/yen2_page_0326_c04_076.png,yen2,page_0326,4,司,vua,,,syllable,SYLLABLE,nghia_consensus,0.093,0.23,138.0,158.0,5967361fdb06,ok,train,yen2|page_0326|c4,"[978, 2100, 1095, 2228]",0.093,True,False,False,False,False,False,False,True,True,False,1.144927536231884,False,False,False,0.6,s3_low,s3=0.09<τ,80.46808510638297,3b83d1a8a61d372b,474
10031,silver/yen2_page_0250_c09_169.png,yen2,page_0250,9,君,sắt,瑟,U+745F,char,SILVER,s2_inter_s3_corrected,0.601,0.213,146.0,147.0,9c7d29e2bbd6,ok,train,yen2|page_0250|c9,"[243, 2395, 362, 2514]",0.601,True,False,False,False,False,False,False,True,False,False,1.0068493150684932,False,False,False,0.35,s3_low,s3=0.60<τ,80.46808510638297,53d7cf642774a7be,475
56068,gold/yen11_page_0218_c04_071.png,yen11,page_0218,4,除,giờ,除,U+9664,char,GOLD,s1_inter_s2_direct,,0.204,100.0,139.0,83a8505ea31a,ok,test,yen11|page_0218|c4,"[989, 1236, 1090, 1349]",,False,False,False,False,False,False,True,False,False,True,1.39,False,False,False,0.0999999999999999,gold_direct,gold-direct(no-s3),80.46808510638297,a52ab65c994164fe,476
62749,silver/yen2_page_0298_c04_065.png,yen2,page_0298,4,扑,cầm,扲,U+6272,char,SILVER,s2_inter_s3_corrected,0.951,0.183,135.0,168.0,9211deb4cff1,ok,train,yen2|page_0298|c4,"[964, 1388, 1080, 1524]",0.951,True,False,False,False,False,False,False,False,False,False,1.2444444444444445,False,False,False,0.0,other,clean,80.46808510638297,60066f8505ab7c7b,477
28371,gold/yen2_page_0266_c02_024.png,yen2,page_0266,2,不,Phi,不,U+4E0D,char,GOLD,s1_inter_s2_direct,,0.162,110.0,162.0,24a798837dbd,ok,test,yen2|page_0266|c2,"[1279, 1001, 1387, 1133]",,False,False,False,False,False,False,True,False,False,True,1.4727272727272729,False,False,False,0.0999999999999999,gold_direct,gold-direct(no-s3),80.46808510638297,f4b0d805210d0278,478
34404,gold/yen4_page_0072_c08_120.png,yen4,page_0072,8,几,kẻ,几,U+51E0,char,GOLD,s1_inter_s2_direct,,0.125,80.0,93.0,00d2163f0df5,ok,train,yen4|page_0072|c8,"[271, 662, 337, 737]",,False,False,False,False,False,False,True,False,False,True,1.1625,False,False,False,0.0999999999999999,gold_direct,gold-direct(no-s3),80.46808510638297,9acb614bc0a38e19,479
67391,silver/yen11_page_0208_c01_000.png,yen11,page_0208,1,症,sạch,泟,U+6CDF,char,SILVER,s2_inter_s3_corrected,0.766,0.191,92.0,104.0,0249cdb30063,ok,train,yen11|page_0208|c1,"[1545, 473, 1650, 574]",0.766,True,False,False,False,False,False,False,False,False,False,1.1304347826086956,False,False,False,0.0,other,clean,80.46808510638297,3982d2f89a8636e9,480
35262,gold/yen4_page_0088_c09_178.png,yen4,page_0088,9,碎,tôi,碎,U+788E,char,GOLD,s1_inter_s2_direct,,0.149,76.0,97.0,aca17a3a1441,ok,test,yen4|page_0088|c9,"[143, 1102, 220, 1181]",,False,False,False,False,False,False,True,False,False,True,1.2763157894736843,False,False,False,0.0999999999999999,gold_direct,gold-direct(no-s3),80.46808510638297,e4224637207fe9c8,481
57655,gold/yen11_page_0250_c08_170.png,yen11,page_0250,8,支,Giê,支,U+652F,char,GOLD,s1_inter_s2_direct,,0.132,101.0,131.0,f1899537fcc0,ok,train,yen11|page_0250|c8,"[409, 1197, 509, 1304]",,False,False,False,False,False,False,True,False,False,True,1.297029702970297,False,False,False,0.0999999999999999,gold_direct,gold-direct(no-s3),80.46808510638297,092374edabfbbc8e,482
62328,silver/yen2_page_0240_c02_020.png,yen2,page_0240,2,漸,Đoạn,断,U+65AD,char,SILVER,s2_inter_s3_corrected,0.924,0.263,104.0,155.0,2246e63423d3,ok,test,yen2|page_0240|c2,"[1308, 570, 1419, 695]",0.924,True,False,False,False,False,False,False,False,False,False,1.4903846153846154,False,False,False,0.0,other,clean,80.46808510638297,b2e933fde1acc7b5,483
46538,gold/yen11_page_0026_c01_020.png,yen11,page_0026,1,尾,vẻ,尾,U+5C3E,char,GOLD,s1_inter_s2_direct,,0.205,93.0,112.0,18d41333ac29,ok,train,yen11|page_0026|c1,"[1431, 2373, 1534, 2474]",,False,False,False,False,False,False,True,False,False,True,1.2043010752688172,False,False,False,0.0999999999999999,gold_direct,gold-direct(no-s3),80.46808510638297,7b9ebde7ca97d49b,484
18079,gold/yen2_page_0044_c04_081.png,yen2,page_0044,4,哭,khóc,哭,U+54ED,char,GOLD,s1_inter_s2_direct,,0.199,125.0,135.0,9b995e1ad056,ok,val,yen2|page_0044|c4,"[957, 2162, 1058, 2271]",,False,False,False,False,False,False,True,False,False,True,1.08,False,False,False,0.0999999999999999,gold_direct,gold-direct(no-s3),80.46808510638297,a61f91ac71a589c4,485
46203,gold/yen11_page_0020_c03_041.png,yen11,page_0020,3,罪,tội,罪,U+7F6A,char,GOLD,s1_inter_s2_direct,,0.189,83.0,127.0,99e9d4af3773,ok,test,yen11|page_0020|c3,"[1169, 986, 1271, 1094]",,False,False,False,False,False,False,True,False,False,True,1.5301204819277108,False,False,False,0.0999999999999999,gold_direct,gold-direct(no-s3),80.46808510638297,c3bd6cc44450f2f9,486
8969,gold/yen4_page_0162_c01_011.png,yen4,page_0162,1,冕,Con,晜,U+665C,char,GOLD,s1_inter_s2_similar,0.525,0.167,65.0,90.0,a144bca1d035,ok,train,yen4|page_0162|c1,"[973, 883, 1041, 957]",0.525,True,False,False,False,True,False,False,True,False,False,1.3846153846153846,False,False,False,0.5,similar_bridge_lowcos,"similar-bridge,s3=0.53<τ",80.46808510638297,441b9688d524b8d8,487
36344,gold/yen4_page_0114_c05_089.png,yen4,page_0114,5,下,hạ,下,U+4E0B,char,GOLD,s1_inter_s2_direct,,0.141,60.0,73.0,5c1c621bd298,ok,train,yen4|page_0114|c5,"[578, 233, 646, 301]",,False,False,False,False,False,False,True,False,False,True,1.2166666666666666,False,False,False,0.0999999999999999,gold_direct,gold-direct(no-s3),80.46808510638297,7a363b133a3d585e,488
36164,gold/yen4_page_0108_c05_104.png,yen4,page_0108,5,主,Chúa,主,U+4E3B,char,GOLD,s1_inter_s2_direct,,0.167,65.0,88.0,a08e3a23065b,ok,val,yen4|page_0108|c5,"[601, 1121, 669, 1193]",,False,False,False,False,False,False,True,False,False,True,1.353846153846154,False,False,False,0.0999999999999999,gold_direct,gold-direct(no-s3),80.46808510638297,3f491c3a0394d01e,489
50176,gold/yen11_page_0102_c08_156.png,yen11,page_0102,8,𠾖,khí,𠾖,U+20F96,char,GOLD,s1_inter_s2_direct,,0.144,101.0,140.0,759d636beb2c,ok,train,yen11|page_0102|c8,"[407, 1114, 513, 1228]",,False,False,False,False,False,False,True,False,False,True,1.386138613861386,False,False,False,0.0999999999999999,gold_direct,gold-direct(no-s3),80.46808510638297,8eaa9c0d8d0cb5ff,490
31730,gold/yen4_page_0020_c01_019.png,yen4,page_0020,1,時,thì,時,U+6642,char,GOLD,s1_inter_s2_direct,,0.192,66.0,76.0,71a0182744b3,ok,train,yen4|page_0020|c1,"[977, 1585, 1049, 1657]",,False,False,False,False,False,False,True,False,False,True,1.1515151515151516,False,False,False,0.0999999999999999,gold_direct,gold-direct(no-s3),80.46808510638297,c53b64312ee33b04,491
46889,gold/yen11_page_0032_c06_119.png,yen11,page_0032,6,体,thấy,体,U+4F53,char,GOLD,s1_inter_s2_direct,,0.194,96.0,140.0,4dc4acfc53b4,ok,train,yen11|page_0032|c6,"[708, 1426, 818, 1540]",,False,False,False,False,False,False,True,False,False,True,1.4583333333333333,False,False,False,0.0999999999999999,gold_direct,gold-direct(no-s3),80.46808510638297,31614131a11694c1,492
53098,gold/yen11_page_0158_c09_196.png,yen11,page_0158,9,些,Ta,些,U+4E9B,char,GOLD,s1_inter_s2_direct,,0.198,83.0,126.0,c265039d2bf9,ok,train,yen11|page_0158|c9,"[265, 1837, 359, 1944]",,False,False,False,False,False,False,True,False,False,True,1.5180722891566265,False,False,False,0.0999999999999999,gold_direct,gold-direct(no-s3),80.46808510638297,9ffd792b000632e9,493
57346,gold/yen11_page_0246_c01_005.png,yen11,page_0246,1,奏,Tâu,奏,U+594F,char,GOLD,s1_inter_s2_direct,,0.197,100.0,147.0,814bb4702b16,ok,train,yen11|page_0246|c1,"[1475, 929, 1580, 1048]",,False,False,False,False,False,False,True,False,False,True,1.47,False,False,False,0.0999999999999999,gold_direct,gold-direct(no-s3),80.46808510638297,38f443bb67f0e31e,494
11997,gold/yen2_page_0186_c07_128.png,yen2,page_0186,7,不,Vậy,丕,U+4E15,char,GOLD,s1_inter_s2_similar,0.715,0.256,132.0,162.0,df33eb0ef352,ok,train,yen2|page_0186|c7,"[490, 2011, 603, 2143]",0.715,True,False,False,False,True,False,False,False,False,False,1.2272727272727273,False,False,False,0.3,similar_bridge,similar-bridge,80.46808510638297,7258e7ca1ba70c62,495
46751,gold/yen11_page_0028_c08_174.png,yen11,page_0028,8,恪,khác,恪,U+606A,char,GOLD,s1_inter_s2_direct,,0.248,100.0,136.0,028b371cdef8,ok,train,yen11|page_0028|c8,"[405, 2100, 511, 2210]",,False,False,False,False,False,False,True,False,False,True,1.36,False,False,False,0.0999999999999999,gold_direct,gold-direct(no-s3),80.46808510638297,7b437f69ac32f91a,496
65602,silver/yen4_page_0284_c01_002.png,yen4,page_0284,1,府,mà,麻,U+9EBB,char,SILVER,s2_inter_s3_corrected,0.939,0.162,71.0,94.0,e05bf2eb5fc0,ok,train,yen4|page_0284|c1,"[945, 349, 1016, 425]",0.939,True,False,False,False,False,False,False,False,False,False,1.323943661971831,False,False,False,0.0,other,clean,80.46808510638297,9ae851c42470d0cb,497
60391,silver/yen2_page_0040_c07_142.png,yen2,page_0040,7,丈,lại,吏,U+540F,char,SILVER,s2_inter_s3_corrected,0.897,0.172,116.0,139.0,9cbdef427515,ok,train,yen2|page_0040|c7,"[559, 1891, 663, 2004]",0.897,True,False,False,False,False,False,False,False,False,False,1.1982758620689655,False,False,False,0.0,other,clean,80.46808510638297,bc5bff9cd148bcb0,498
54304,gold/yen11_page_0184_c01_007.png,yen11,page_0184,1,塊,khỏi,塊,U+584A,char,GOLD,s1_inter_s2_direct,,0.117,131.0,147.0,d78110d43ae3,ok,train,yen11|page_0184|c1,"[1482, 1083, 1589, 1202]",,False,False,False,False,False,False,True,False,False,True,1.1221374045801529,False,False,False,0.0999999999999999,gold_direct,gold-direct(no-s3),80.46808510638297,f0b7a6d8f04e282d,499
11216,silver/yen11_page_0218_c01_001.png,yen11,page_0218,1,厅,Đức,德,U+5FB7,char,SILVER,s2_inter_s3_corrected,0.582,0.171,79.0,131.0,0233f92afe60,ok,train,yen11|page_0218|c1,"[1443, 499, 1546, 606]",0.582,True,False,False,False,False,False,False,True,False,False,1.6582278481012658,False,False,False,0.35,s3_low,s3=0.58<τ,80.46808510638297,c3b0c2472e226872,500
66729,silver/yen11_page_0126_c01_000.png,yen11,page_0126,1,抑,chết,折,U+6298,char,SILVER,s2_inter_s3_corrected,0.877,0.23,102.0,108.0,ed8d9d15da61,ok,val,yen11|page_0126|c1,"[1466, 414, 1567, 520]",0.877,True,False,False,False,False,False,False,False,False,False,1.0588235294117647,False,False,False,0.0,other,clean,80.46808510638297,695f590ad7574a1c,501
51922,gold/yen11_page_0136_c09_199.png,yen11,page_0136,9,盆,buồn,盆,U+76C6,char,GOLD,s1_inter_s2_direct,,0.135,110.0,147.0,1f314f304ad1,ok,train,yen11|page_0136|c9,"[275, 2021, 383, 2140]",,False,False,False,False,False,False,True,False,False,True,1.3363636363636364,False,False,False,0.0999999999999999,gold_direct,gold-direct(no-s3),80.46808510638297,77c7c82bd79e4687,502
11788,gold/yen2_page_0122_c09_185.png,yen2,page_0122,9,攺,gửi,改,U+6539,char,GOLD,s1_inter_s2_similar,0.981,0.22,107.0,150.0,2b31bb050c08,ok,train,yen2|page_0122|c9,"[219, 1669, 327, 1791]",0.981,True,False,False,False,True,False,False,False,False,False,1.4018691588785046,False,False,False,0.3,similar_bridge,similar-bridge,80.46808510638297,121f8d2dd975d3eb,503
28223,gold/yen2_page_0262_c06_114.png,yen2,page_0262,6,主,Chúa,主,U+4E3B,char,GOLD,s1_inter_s2_direct,,0.18,108.0,150.0,70ead8100601,ok,val,yen2|page_0262|c6,"[687, 2228, 795, 2350]",,False,False,False,False,False,False,True,False,False,True,1.3888888888888888,False,False,False,0.0999999999999999,gold_direct,gold-direct(no-s3),80.46808510638297,02bcbc685f1afa57,504
36370,gold/yen4_page_0114_c07_142.png,yen4,page_0114,7,時,thì,時,U+6642,char,GOLD,s1_inter_s2_direct,,0.21,72.0,94.0,c471dda05b8d,ok,train,yen4|page_0114|c7,"[384, 645, 451, 721]",,False,False,False,False,False,False,True,False,False,True,1.3055555555555556,False,False,False,0.0999999999999999,gold_direct,gold-direct(no-s3),80.46808510638297,57b010a8a1ec6feb,505
1433,gold/yen4_page_0194_c05_105.png,yen4,page_0194,5,時,thì,時,U+6642,char,GOLD,s1_inter_s2_direct,,0.134,66.0,89.0,23f88c6e667b,ok,test,yen4|page_0194|c5,"[689, 1273, 761, 1346]",,False,False,True,True,False,False,True,False,False,True,1.3484848484848484,False,False,False,0.9,dup_defect,cross-col(F1),80.46808510638297,5476ea338ee4dc8c,506
52870,gold/yen11_page_0154_c07_154.png,yen11,page_0154,7,佇,giữ,佇,U+4F47,char,GOLD,s1_inter_s2_direct,,0.198,104.0,114.0,12dd4c3146c4,ok,train,yen11|page_0154|c7,"[485, 2324, 589, 2427]",,False,False,False,False,False,False,True,False,False,True,1.0961538461538465,False,False,False,0.0999999999999999,gold_direct,gold-direct(no-s3),80.46808510638297,ccbae4b97079bc46,507
38302,gold/yen4_page_0156_c05_070.png,yen4,page_0156,5,命,mình,命,U+547D,char,GOLD,s1_inter_s2_direct,,0.18,86.0,99.0,29d0ce4cb799,ok,train,yen4|page_0156|c5,"[582, 394, 658, 475]",,False,False,False,False,False,False,True,False,False,True,1.1511627906976745,False,False,False,0.0999999999999999,gold_direct,gold-direct(no-s3),80.46808510638297,bd24950fc721c763,508
6457,syllable/yen4_page_0100_c01_006.png,yen4,page_0100,1,宅,là,,,syllable,SYLLABLE,nghia_consensus,0.098,0.172,85.0,97.0,95f07003ab08,ok,train,yen4|page_0100|c1,"[945, 636, 1020, 715]",0.098,True,False,False,False,False,False,False,True,True,False,1.1411764705882352,False,False,False,0.6,s3_low,s3=0.10<τ,80.46808510638297,2e6cbaa3a41945d3,509
31402,gold/yen4_page_0012_c09_171.png,yen4,page_0012,9,南,năm,南,U+5357,char,GOLD,s1_inter_s2_direct,,0.136,73.0,94.0,401456289948,ok,train,yen4|page_0012|c9,"[184, 566, 250, 642]",,False,False,False,False,False,False,True,False,False,True,1.2876712328767124,False,False,False,0.0999999999999999,gold_direct,gold-direct(no-s3),80.46808510638297,dd8ea6d843498852,510
34199,gold/yen4_page_0068_c06_135.png,yen4,page_0068,6,生,Chăng,生,U+751F,char,GOLD,s1_inter_s2_direct,,0.112,83.0,93.0,feca2603cf73,ok,train,yen4|page_0068|c6,"[482, 1512, 549, 1587]",,False,False,False,False,False,False,True,False,False,True,1.120481927710843,False,False,False,0.0999999999999999,gold_direct,gold-direct(no-s3),80.46808510638297,b52c8dd1180baf2e,511
19318,gold/yen2_page_0068_c06_123.png,yen2,page_0068,6,世,thế,世,U+4E16,char,GOLD,s1_inter_s2_direct,,0.256,104.0,152.0,751baa678fd3,ok,train,yen2|page_0068|c6,"[668, 1991, 772, 2115]",,False,False,False,False,False,False,True,False,False,True,1.4615384615384617,False,False,False,0.0999999999999999,gold_direct,gold-direct(no-s3),80.46808510638297,1948ec7ae598fe98,512
33177,gold/yen4_page_0048_c05_101.png,yen4,page_0048,5,共,cùng,共,U+5171,char,GOLD,s1_inter_s2_direct,,0.137,78.0,94.0,936078c5217f,ok,train,yen4|page_0048|c5,"[579, 1499, 648, 1581]",,False,False,False,False,False,False,True,False,False,True,1.205128205128205,False,False,False,0.0999999999999999,gold_direct,gold-direct(no-s3),80.46808510638297,106385e1489f7013,513
822,syllable/yen2_page_0308_c07_118.png,yen2,page_0308,7,因,có,,,syllable,SYLLABLE,nghia_consensus,0.643,0.281,80.0,116.0,3f85f7d1b783,ok,train,yen2|page_0308|c7,"[568, 2413, 673, 2522]",0.643,True,False,True,True,False,False,False,False,False,False,1.45,False,False,False,0.9,dup_defect,cross-col(F1),80.46808510638297,affbff8ad1064b7f,514
27524,gold/yen2_page_0246_c08_145.png,yen2,page_0246,8,徳,Đức,徳,U+5FB3,char,GOLD,s1_inter_s2_direct,,0.246,116.0,150.0,6e42d710e02e,ok,train,yen2|page_0246|c8,"[396, 824, 507, 946]",,False,False,False,False,False,False,True,False,False,True,1.293103448275862,False,False,False,0.0999999999999999,gold_direct,gold-direct(no-s3),80.46808510638297,c4be0f24c9c1d87d,515
42020,gold/yen4_page_0234_c04_068.png,yen4,page_0234,4,年,nên,年,U+5E74,char,GOLD,s1_inter_s2_direct,,0.167,79.0,96.0,6f51dd2a0b0b,ok,train,yen4|page_0234|c4,"[675, 1504, 744, 1582]",,False,False,False,False,False,False,True,False,False,True,1.2151898734177216,False,False,False,0.0999999999999999,gold_direct,gold-direct(no-s3),80.46808510638297,8d27607fd80900ba,516
37303,gold/yen4_page_0134_c09_160.png,yen4,page_0134,9,修,tu,修,U+4FEE,char,GOLD,s1_inter_s2_direct,,0.173,69.0,96.0,1b15c9e9c1c4,ok,train,yen4|page_0134|c9,"[166, 1096, 239, 1175]",,False,False,False,False,False,False,True,False,False,True,1.391304347826087,False,False,False,0.0999999999999999,gold_direct,gold-direct(no-s3),80.46808510638297,a58e15acae41908e,517
52625,gold/yen11_page_0150_c07_151.png,yen11,page_0150,7,每,hỏi,每,U+6BCF,char,GOLD,s1_inter_s2_direct,,0.213,110.0,147.0,0c9feedaf8c8,ok,train,yen11|page_0150|c7,"[508, 2238, 613, 2357]",,False,False,False,False,False,False,True,False,False,True,1.3363636363636364,False,False,False,0.0999999999999999,gold_direct,gold-direct(no-s3),80.46808510638297,1cb745a8f4e4c7e4,518
60521,silver/yen2_page_0054_c02_039.png,yen2,page_0054,2,寺,Giê,支,U+652F,char,SILVER,s2_inter_s3_corrected,0.843,0.204,107.0,139.0,8524d27939da,ok,train,yen2|page_0054|c2,"[1280, 2218, 1382, 2331]",0.843,True,False,False,False,False,False,False,False,False,False,1.2990654205607477,False,False,False,0.0,other,clean,80.46808510638297,ea69bac8cc215383,519
3005,silver/yen4_page_0144_c04_073.png,yen4,page_0144,4,爾,Trời,𡗶,U+215F6,char,SILVER,s3_head_bank_consensus,0.455,0.172,78.0,97.0,06607fe196e4,ok,train,yen4|page_0144|c4,"[693, 815, 766, 894]",0.455,True,False,False,False,False,True,False,True,True,False,1.2435897435897436,False,False,False,0.76,silver_headbank,"silver-headbank,s3=0.46<τ",80.46808510638297,adf18d10beda9ff6,520
45303,gold/yen4_page_0298_c05_101.png,yen4,page_0298,5,共,cùng,共,U+5171,char,GOLD,s1_inter_s2_direct,,0.238,70.0,84.0,eec9a78be771,ok,train,yen4|page_0298|c5,"[567, 1570, 637, 1644]",,False,False,False,False,False,False,True,False,False,True,1.2,False,False,False,0.0999999999999999,gold_direct,gold-direct(no-s3),80.46808510638297,d8c449f66d4a8329,521
18428,gold/yen2_page_0050_c07_153.png,yen2,page_0050,7,朱,cho,朱,U+6731,char,GOLD,s1_inter_s2_direct,,0.259,102.0,120.0,e7f1bc89de05,ok,train,yen2|page_0050|c7,"[554, 2083, 653, 2185]",,False,False,False,False,False,False,True,False,False,True,1.1764705882352942,False,False,False,0.0999999999999999,gold_direct,gold-direct(no-s3),80.46808510638297,399e3499227beb3b,522
37542,gold/yen4_page_0140_c04_084.png,yen4,page_0140,4,双,Song,双,U+53CC,char,GOLD,s1_inter_s2_direct,,0.168,82.0,87.0,e401b824eff9,ok,train,yen4|page_0140|c4,"[668, 1518, 739, 1589]",,False,False,False,False,False,False,True,False,False,True,1.0609756097560976,False,False,False,0.0999999999999999,gold_direct,gold-direct(no-s3),80.46808510638297,1731a0fae4f2f692,523
9514,silver/yen2_page_0034_c04_067.png,yen2,page_0034,4,君,nê,𡰱,U+21C31,char,SILVER,s2_inter_s3_corrected,0.537,0.173,125.0,140.0,f3045d043cd8,ok,train,yen2|page_0034|c4,"[952, 840, 1053, 954]",0.537,True,False,False,False,False,False,False,True,False,False,1.12,False,False,False,0.35,s3_low,s3=0.54<τ,80.46808510638297,8a32ad7e8ff74ddd,524
63198,silver/yen4_page_0038_c01_016.png,yen4,page_0038,1,身,người,㝵,U+3775,char,SILVER,s2_inter_s3_corrected,0.981,0.133,77.0,96.0,9072d9671232,ok,train,yen4|page_0038|c1,"[958, 1300, 1033, 1378]",0.981,True,False,False,False,False,False,False,False,False,False,1.2467532467532467,False,False,False,0.0,other,clean,80.46808510638297,c9674cb7cebd3460,525
64993,silver/yen4_page_0224_c06_123.png,yen4,page_0224,6,未,cho,朱,U+6731,char,SILVER,s2_inter_s3_corrected,0.884,0.144,83.0,92.0,14a0e0fcd392,ok,train,yen4|page_0224|c6,"[490, 1443, 564, 1522]",0.884,True,False,False,False,False,False,False,False,False,False,1.108433734939759,False,False,False,0.0,other,clean,80.46808510638297,a5a7e8accf6a86de,526
39072,gold/yen4_page_0170_c05_090.png,yen4,page_0170,5,除,giờ,除,U+9664,char,GOLD,s1_inter_s2_direct,,0.219,62.0,87.0,cba90143b249,ok,train,yen4|page_0170|c5,"[601, 679, 671, 753]",,False,False,False,False,False,False,True,False,False,True,1.403225806451613,False,False,False,0.0999999999999999,gold_direct,gold-direct(no-s3),80.46808510638297,3121d13a87131f8d,527
44929,gold/yen4_page_0292_c01_017.png,yen4,page_0292,1,施,thí,施,U+65BD,char,GOLD,s1_inter_s2_direct,,0.159,72.0,95.0,fed4119980b2,ok,val,yen4|page_0292|c1,"[938, 1255, 1007, 1332]",,False,False,False,False,False,False,True,False,False,True,1.3194444444444444,False,False,False,0.0999999999999999,gold_direct,gold-direct(no-s3),80.46808510638297,57b77c15a2154050,528
30845,gold/yen2_page_0320_c06_095.png,yen2,page_0320,6,垩,Thánh,垩,U+57A9,char,GOLD,s1_inter_s2_direct,,0.223,87.0,139.0,7006a0720dc9,ok,val,yen2|page_0320|c6,"[699, 540, 801, 662]",,False,False,False,False,False,False,True,False,False,True,1.5977011494252873,False,False,False,0.0999999999999999,gold_direct,gold-direct(no-s3),80.46808510638297,3ff3d799efa26577,529
5709,syllable/yen2_page_0236_c06_093.png,yen2,page_0236,6,入,ấy,,,syllable,SYLLABLE,nghia_consensus,0.232,0.186,129.0,123.0,954a0eeac7e3,ok,train,yen2|page_0236|c6,"[690, 475, 805, 594]",0.232,True,False,False,False,False,False,False,True,True,False,0.9534883720930232,False,False,False,0.6,s3_low,s3=0.23<τ,80.46808510638297,9ee0f24881137de3,530
29339,gold/yen2_page_0286_c06_104.png,yen2,page_0286,6,先,tên,先,U+5148,char,GOLD,s1_inter_s2_direct,,0.189,125.0,141.0,84e3229ad8c2,ok,train,yen2|page_0286|c6,"[683, 1667, 790, 1782]",,False,False,False,False,False,False,True,False,False,True,1.128,False,False,False,0.0999999999999999,gold_direct,gold-direct(no-s3),80.46808510638297,f2316a3b75919c45,531
44603,gold/yen4_page_0286_c03_067.png,yen4,page_0286,3,黄,vàng,黄,U+9EC4,char,GOLD,s1_inter_s2_direct,,0.173,65.0,84.0,baeb0279eb4c,ok,train,yen4|page_0286|c3,"[771, 1428, 838, 1496]",,False,False,False,False,False,False,True,False,False,True,1.2923076923076924,False,False,False,0.0999999999999999,gold_direct,gold-direct(no-s3),80.46808510638297,4390439e1b2a0d09,532
5909,syllable/yen2_page_0286_c01_014.png,yen2,page_0286,1,百,làm,,,syllable,SYLLABLE,nghia_consensus,0.189,0.219,95.0,168.0,2c8f1563cef9,ok,train,yen2|page_0286|c1,"[1452, 1975, 1571, 2111]",0.189,True,False,False,False,False,False,False,True,True,False,1.768421052631579,False,False,False,0.6,s3_low,s3=0.19<τ,80.46808510638297,e98a82a21c54ad83,533
24756,gold/yen2_page_0182_c01_015.png,yen2,page_0182,1,仍,những,仍,U+4ECD,char,GOLD,s1_inter_s2_direct,,0.184,131.0,162.0,699ba385329e,ok,train,yen2|page_0182|c1,"[1440, 2162, 1547, 2294]",,False,False,False,False,False,False,True,False,False,True,1.236641221374046,False,False,False,0.0999999999999999,gold_direct,gold-direct(no-s3),80.46808510638297,33278b906941d695,534
35969,gold/yen4_page_0102_c06_114.png,yen4,page_0102,6,朱,cho,朱,U+6731,char,GOLD,s1_inter_s2_direct,,0.139,75.0,96.0,19b5d10681d5,ok,train,yen4|page_0102|c6,"[466, 1133, 538, 1211]",,False,False,False,False,False,False,True,False,False,True,1.28,False,False,False,0.0999999999999999,gold_direct,gold-direct(no-s3),80.46808510638297,a04a4fe44f9765dd,535
63339,silver/yen4_page_0050_c08_129.png,yen4,page_0050,8,直,trinh,貞,U+8C9E,char,SILVER,s2_inter_s3_corrected,0.854,0.15,88.0,101.0,a0eaf6ad2086,ok,val,yen4|page_0050|c8,"[280, 311, 352, 394]",0.854,True,False,False,False,False,False,False,False,False,False,1.1477272727272727,False,False,False,0.0,other,clean,80.46808510638297,6023359d85ab9996,536
61908,silver/yen2_page_0194_c03_051.png,yen2,page_0194,3,妃,bà,把,U+628A,char,SILVER,s2_inter_s3_corrected,0.62,0.247,137.0,158.0,ffa108b51429,ok,val,yen2|page_0194|c3,"[1094, 1879, 1205, 2007]",0.62,True,False,False,False,False,False,False,False,False,False,1.1532846715328466,False,False,False,0.0,other,clean,80.46808510638297,2f9e4f0930599a20,537
20987,gold/yen2_page_0102_c07_130.png,yen2,page_0102,7,聀,chức,聀,U+8040,char,GOLD,s1_inter_s2_direct,,0.199,111.0,138.0,5efb134c3c92,ok,train,yen2|page_0102|c7,"[520, 768, 621, 880]",,False,False,False,False,False,False,True,False,False,True,1.2432432432432432,False,False,False,0.0999999999999999,gold_direct,gold-direct(no-s3),80.46808510638297,3fd66ce6a5fbb892,538
34512,gold/yen4_page_0074_c09_172.png,yen4,page_0074,9,先,tên,先,U+5148,char,GOLD,s1_inter_s2_direct,,0.2,71.0,97.0,bcaa63175948,ok,train,yen4|page_0074|c9,"[167, 1277, 240, 1356]",,False,False,False,False,False,False,True,False,False,True,1.3661971830985915,False,False,False,0.0999999999999999,gold_direct,gold-direct(no-s3),80.46808510638297,6cd4581f2022864a,539
36614,gold/yen4_page_0120_c01_000.png,yen4,page_0120,1,義,nghĩa,義,U+7FA9,char,GOLD,s1_inter_s2_direct,,0.164,73.0,79.0,b57ddcd46c28,ok,train,yen4|page_0120|c1,"[953, 229, 1023, 305]",,False,False,False,False,False,False,True,False,False,True,1.082191780821918,False,False,False,0.0999999999999999,gold_direct,gold-direct(no-s3),80.46808510638297,63ba8b4c51565ecd,540
16269,silver/yen2_page_0202_c06_101.png,yen2,page_0202,6,𡚶,ăn,安,U+5B89,char,SILVER,s2_inter_s3_corrected,0.698,0.318,116.0,172.0,9bc1871c045e,ok,train,yen2|page_0202|c6,"[707, 821, 818, 961]",0.698,True,False,False,False,False,False,False,False,False,False,1.4827586206896552,False,True,True,0.15,quality_flag,ink-outlier,80.46808510638297,04960f8b7bc7a95a,541
1530,gold/yen4_page_0202_c04_075.png,yen4,page_0202,4,生,Sinh,生,U+751F,char,GOLD,s1_inter_s2_direct,,0.131,89.0,98.0,99d7d7b5eb9e,ok,train,yen4|page_0202|c4,"[585, 1143, 658, 1223]",,False,False,True,True,False,False,True,False,False,True,1.101123595505618,False,False,False,0.9,dup_defect,cross-col(F1),80.46808510638297,55d005d7e843eeb6,542
25260,gold/yen2_page_0192_c08_148.png,yen2,page_0192,8,㝵,người,㝵,U+3775,char,GOLD,s1_inter_s2_direct,,0.226,128.0,139.0,ce717b95c187,ok,train,yen2|page_0192|c8,"[335, 2405, 439, 2518]",,False,False,False,False,False,False,True,False,False,True,1.0859375,False,False,False,0.0999999999999999,gold_direct,gold-direct(no-s3),80.46808510638297,2a869cb6920f69b6,543
65359,silver/yen4_page_0260_c04_075.png,yen4,page_0260,4,𭘾,người,㝵,U+3775,char,SILVER,s2_inter_s3_corrected,0.754,0.178,80.0,97.0,114b31856789,ok,test,yen4|page_0260|c4,"[660, 693, 731, 772]",0.754,True,False,False,False,False,False,False,False,False,False,1.2125,False,False,False,0.0,other,clean,80.46808510638297,15c1c51a18b6c7b5,544
36611,gold/yen4_page_0118_c09_196.png,yen4,page_0118,9,碎,tôi,碎,U+788E,char,GOLD,s1_inter_s2_direct,,0.167,78.0,98.0,1f1f705c590a,ok,train,yen4|page_0118|c9,"[149, 1366, 228, 1446]",,False,False,False,False,False,False,True,False,False,True,1.2564102564102564,False,False,False,0.0999999999999999,gold_direct,gold-direct(no-s3),80.46808510638297,fdbd39968cb4d73d,545
53655,gold/yen11_page_0172_c03_047.png,yen11,page_0172,3,生,sinh,生,U+751F,char,GOLD,s1_inter_s2_direct,,0.138,135.0,129.0,4da219a297de,ok,train,yen11|page_0172|c3,"[1717, 1444, 1826, 1549]",,False,False,False,False,False,False,True,False,False,True,0.9555555555555556,False,False,False,0.0999999999999999,gold_direct,gold-direct(no-s3),80.46808510638297,fdbb9e84bda31f6c,546
10409,silver/yen4_page_0118_c08_164.png,yen4,page_0118,8,朱,mùi,味,U+5473,char,SILVER,s2_inter_s3_corrected,0.567,0.177,90.0,101.0,f21817944946,ok,train,yen4|page_0118|c8,"[273, 739, 347, 822]",0.567,True,False,False,False,False,False,False,True,False,False,1.1222222222222222,False,False,False,0.35,s3_low,s3=0.57<τ,80.46808510638297,845ddee30f4a4807,547
37073,gold/yen4_page_0130_c04_083.png,yen4,page_0130,4,仍,những,仍,U+4ECD,char,GOLD,s1_inter_s2_direct,,0.141,78.0,90.0,076dc15119a7,ok,train,yen4|page_0130|c4,"[660, 1516, 731, 1595]",,False,False,False,False,False,False,True,False,False,True,1.1538461538461535,False,False,False,0.0999999999999999,gold_direct,gold-direct(no-s3),80.46808510638297,79c8567acec36dfa,548
63255,silver/yen4_page_0042_c07_150.png,yen4,page_0042,7,架,thầy,柴,U+67F4,char,SILVER,s2_inter_s3_corrected,0.666,0.163,69.0,95.0,2397ab462fea,ok,train,yen4|page_0042|c7,"[387, 1468, 458, 1545]",0.666,True,False,False,False,False,False,False,False,False,False,1.3768115942028984,False,False,False,0.0,other,clean,80.46808510638297,1a5969b36b25f950,549
61191,silver/yen2_page_0118_c07_153.png,yen2,page_0118,7,辰,rằng,浪,U+6D6A,char,SILVER,s2_inter_s3_corrected,0.729,0.292,138.0,136.0,ebe1a6c7acba,ok,train,yen2|page_0118|c7,"[514, 2409, 626, 2519]",0.729,True,False,False,False,False,False,False,False,False,False,0.9855072463768116,False,False,False,0.0,other,clean,80.46808510638297,1b4fdbe55d1d2016,550
40403,gold/yen4_page_0202_c03_055.png,yen4,page_0202,3,時,thì,時,U+6642,char,GOLD,s1_inter_s2_direct,,0.145,88.0,101.0,cd4922ee5f04,ok,train,yen4|page_0202|c3,"[780, 1163, 852, 1246]",,False,False,False,False,False,False,True,False,False,True,1.1477272727272727,False,False,False,0.0999999999999999,gold_direct,gold-direct(no-s3),80.46808510638297,930134b5f6c3a6e9,551
16788,gold/yen2_page_0018_c09_177.png,yen2,page_0018,9,仍,những,仍,U+4ECD,char,GOLD,s1_inter_s2_direct,,0.151,111.0,138.0,3e0a4775e002,ok,train,yen2|page_0018|c9,"[219, 503, 319, 615]",,False,False,False,False,False,False,True,False,False,True,1.2432432432432432,False,False,False,0.0999999999999999,gold_direct,gold-direct(no-s3),80.46808510638297,e734101f9e7bfd12,552
20408,gold/yen2_page_0090_c09_189.png,yen2,page_0090,9,打,đánh,打,U+6253,char,GOLD,s1_inter_s2_direct,,0.2,111.0,126.0,697057d95f84,ok,train,yen2|page_0090|c9,"[212, 2010, 310, 2112]",,False,False,False,False,False,False,True,False,False,True,1.135135135135135,False,False,False,0.0999999999999999,gold_direct,gold-direct(no-s3),80.46808510638297,3dcb4f3f657a55cb,553
22634,gold/yen2_page_0134_c05_090.png,yen2,page_0134,5,対,đói,対,U+5BFE,char,GOLD,s1_inter_s2_direct,,0.187,119.0,147.0,6b7793e3409b,ok,train,yen2|page_0134|c5,"[851, 858, 955, 977]",,False,False,False,False,False,False,True,False,False,True,1.2352941176470589,False,False,False,0.0999999999999999,gold_direct,gold-direct(no-s3),80.46808510638297,d94327e1bf827cb5,554
56198,gold/yen11_page_0220_c07_135.png,yen11,page_0220,7,事,sự,事,U+4E8B,char,GOLD,s1_inter_s2_direct,,0.154,114.0,135.0,8aea2beec06c,ok,train,yen11|page_0220|c7,"[580, 780, 681, 889]",,False,False,False,False,False,False,True,False,False,True,1.1842105263157894,False,False,False,0.0999999999999999,gold_direct,gold-direct(no-s3),80.46808510638297,0be463202c574778,555
63318,silver/yen4_page_0048_c05_095.png,yen4,page_0048,5,燕,ta,些,U+4E9B,char,SILVER,s2_inter_s3_corrected,0.966,0.175,67.0,98.0,2f82705e96c7,ok,train,yen4|page_0048|c5,"[579, 1105, 649, 1186]",0.966,True,False,False,False,False,False,False,False,False,False,1.462686567164179,False,False,False,0.0,other,clean,80.46808510638297,50d8f66e3ad1fd53,556
52840,gold/yen11_page_0154_c05_106.png,yen11,page_0154,5,庒,chăng,庒,U+5E92,char,GOLD,s1_inter_s2_direct,,0.201,107.0,139.0,07b43e0ab126,ok,train,yen11|page_0154|c5,"[792, 2029, 906, 2142]",,False,False,False,False,False,False,True,False,False,True,1.2990654205607477,False,False,False,0.0999999999999999,gold_direct,gold-direct(no-s3),80.46808510638297,4d35f6bc1cef7fa0,557
8615,syllable/yen11_page_0252_c06_127.png,yen11,page_0252,6,戈,cùng,,,syllable,SYLLABLE,nghia_consensus,0.062,0.184,96.0,135.0,d1ea14354918,ok,train,yen11|page_0252|c6,"[730, 1874, 833, 1983]",0.062,True,False,False,False,False,False,False,True,True,False,1.40625,False,False,False,0.6,s3_low,s3=0.06<τ,80.46808510638297,2d4eb4254372b24d,558
9748,silver/yen2_page_0122_c01_009.png,yen2,page_0122,1,証,thí,施,U+65BD,char,SILVER,s2_inter_s3_corrected,0.584,0.201,130.0,142.0,58426c1ef757,ok,train,yen2|page_0122|c1,"[1451, 1416, 1557, 1532]",0.584,True,False,False,False,False,False,False,True,False,False,1.0923076923076922,False,False,False,0.35,s3_low,s3=0.58<τ,80.46808510638297,1e6ae620ee0dfb5e,559
44580,gold/yen4_page_0286_c02_031.png,yen4,page_0286,2,時,thì,時,U+6642,char,GOLD,s1_inter_s2_direct,,0.18,69.0,90.0,8c53762e7957,ok,train,yen4|page_0286|c2,"[871, 739, 937, 813]",,False,False,False,False,False,False,True,False,False,True,1.3043478260869563,False,False,False,0.0999999999999999,gold_direct,gold-direct(no-s3),80.46808510638297,71c4099dc5fc085f,560
32558,gold/yen4_page_0036_c06_123.png,yen4,page_0036,6,固,có,固,U+56FA,char,GOLD,s1_inter_s2_direct,,0.154,77.0,96.0,b92e1c6eb039,ok,train,yen4|page_0036|c6,"[492, 1414, 565, 1492]",,False,False,False,False,False,False,True,False,False,True,1.2467532467532467,False,False,False,0.0999999999999999,gold_direct,gold-direct(no-s3),80.46808510638297,8d64ea1bab141ceb,561
28057,gold/yen2_page_0258_c06_110.png,yen2,page_0258,6,主,Chúa,主,U+4E3B,char,GOLD,s1_inter_s2_direct,,0.213,126.0,157.0,34780f39b101,ok,train,yen2|page_0258|c6,"[692, 2275, 803, 2402]",,False,False,False,False,False,False,True,False,False,True,1.246031746031746,False,False,False,0.0999999999999999,gold_direct,gold-direct(no-s3),80.46808510638297,dda64814f76c8189,562
12304,gold/yen2_page_0296_c02_030.png,yen2,page_0296,2,良,rằng,哴,U+54F4,char,GOLD,s1_inter_s2_similar,0.943,0.132,132.0,170.0,8863e861ca1d,ok,train,yen2|page_0296|c2,"[1302, 1673, 1412, 1811]",0.943,True,False,False,False,True,False,False,False,False,False,1.2878787878787878,False,False,False,0.3,similar_bridge,similar-bridge,80.46808510638297,2adc865bbb3da570,563
43328,gold/yen4_page_0260_c02_037.png,yen4,page_0260,2,徳,Đức,徳,U+5FB3,char,GOLD,s1_inter_s2_direct,,0.218,77.0,96.0,1615fdb5ec8d,ok,val,yen4|page_0260|c2,"[845, 1184, 918, 1262]",,False,False,False,False,False,False,True,False,False,True,1.2467532467532467,False,False,False,0.0999999999999999,gold_direct,gold-direct(no-s3),80.46808510638297,747773b1313869fd,564
12122,gold/yen2_page_0236_c03_044.png,yen2,page_0236,3,欤,hơn,欣,U+6B23,char,GOLD,s1_inter_s2_similar,0.635,0.171,109.0,167.0,334ff54e73d0,ok,train,yen2|page_0236|c3,"[1137, 1335, 1245, 1470]",0.635,True,False,False,False,True,False,False,False,False,False,1.5321100917431192,False,False,False,0.3,similar_bridge,similar-bridge,80.46808510638297,a5c8d0e4ffd4909a,565
36685,gold/yen4_page_0120_c07_137.png,yen4,page_0120,7,椰,dừa,椰,U+6930,char,GOLD,s1_inter_s2_direct,,0.131,87.0,105.0,b9db91381863,ok,train,yen4|page_0120|c7,"[352, 1072, 423, 1157]",,False,False,False,False,False,False,True,False,False,True,1.206896551724138,False,False,False,0.0999999999999999,gold_direct,gold-direct(no-s3),80.46808510638297,e659f7512b3bf106,566
64860,silver/yen4_page_0210_c07_134.png,yen4,page_0210,7,歐,hết,欱,U+6B31,char,SILVER,s2_inter_s3_corrected,0.722,0.144,79.0,94.0,4ba72122f048,ok,test,yen4|page_0210|c7,"[412, 438, 482, 514]",0.722,True,False,False,False,False,False,False,False,False,False,1.1898734177215189,False,False,False,0.0,other,clean,80.46808510638297,6b2a49c7f8bfea68,567
16737,gold/yen2_page_0018_c04_085.png,yen2,page_0018,4,朱,cho,朱,U+6731,char,GOLD,s1_inter_s2_direct,,0.178,105.0,142.0,d73da7be8895,ok,test,yen2|page_0018|c4,"[973, 2284, 1083, 2400]",,False,False,False,False,False,False,True,False,False,True,1.3523809523809525,False,False,False,0.0999999999999999,gold_direct,gold-direct(no-s3),80.46808510638297,5da36f3a7702f717,568
45301,gold/yen4_page_0298_c05_099.png,yen4,page_0298,5,𦀇,kinh,𦀇,U+26007,char,GOLD,s1_inter_s2_direct,,0.17,79.0,101.0,dac9fb2e5fb6,ok,train,yen4|page_0298|c5,"[573, 1437, 643, 1520]",,False,False,False,False,False,False,True,False,False,True,1.2784810126582278,False,False,False,0.0999999999999999,gold_direct,gold-direct(no-s3),80.46808510638297,228aacc0775ad2b3,569
29299,gold/yen2_page_0286_c02_024.png,yen2,page_0286,2,改,gởi,改,U+6539,char,GOLD,s1_inter_s2_direct,,0.208,121.0,171.0,cf395a20253f,ok,val,yen2|page_0286|c2,"[1283, 1155, 1400, 1294]",,False,False,False,False,False,False,True,False,False,True,1.4132231404958675,False,False,False,0.0999999999999999,gold_direct,gold-direct(no-s3),80.46808510638297,43c46be722b9dbb5,570
9415,gold/yen2_page_0194_c06_105.png,yen2,page_0194,6,庫,khó,庫,U+5EAB,char,GOLD,s1_inter_s2_direct,,0.307,86.0,170.0,9e900c0e7a8e,tall,train,yen2|page_0194|c6,"[642, 1947, 746, 2085]",,False,False,False,False,False,False,True,False,False,True,1.9767441860465116,True,True,True,0.3879999999999999,quality_flag,"aspect=1.98,ink-outlier",80.46808510638297,ae59cb10ea762285,571
32855,gold/yen4_page_0042_c05_093.png,yen4,page_0042,5,南,năm,南,U+5357,char,GOLD,s1_inter_s2_direct,,0.153,84.0,99.0,4d1d184a6e11,ok,val,yen4|page_0042|c5,"[573, 699, 647, 780]",,False,False,False,False,False,False,True,False,False,True,1.1785714285714286,False,False,False,0.0999999999999999,gold_direct,gold-direct(no-s3),80.46808510638297,d94718a8de9988bd,572
49474,gold/yen11_page_0090_c01_007.png,yen11,page_0090,1,磊,lối,磊,U+78CA,char,GOLD,s1_inter_s2_direct,,0.244,92.0,147.0,9f868c650154,ok,train,yen11|page_0090|c1,"[1461, 1097, 1572, 1216]",,False,False,False,False,False,False,True,False,False,True,1.5978260869565215,False,False,False,0.0999999999999999,gold_direct,gold-direct(no-s3),80.46808510638297,0f7208ecd0399bd8,573
8241,syllable/yen11_page_0186_c03_045.png,yen11,page_0186,3,莒,đầy,,,syllable,SYLLABLE,nghia_consensus,0.032,0.226,79.0,130.0,9bdfcee6de14,ok,train,yen11|page_0186|c3,"[1183, 1136, 1284, 1248]",0.032,True,False,False,False,False,False,False,True,True,False,1.6455696202531649,False,False,False,0.6,s3_low,s3=0.03<τ,80.46808510638297,01df96d7b499edd4,574
44298,gold/yen4_page_0280_c07_144.png,yen4,page_0280,7,安,ăn,安,U+5B89,char,GOLD,s1_inter_s2_direct,,0.152,81.0,91.0,a5432553732d,ok,val,yen4|page_0280|c7,"[375, 682, 443, 762]",,False,False,False,False,False,False,True,False,False,True,1.123456790123457,False,False,False,0.0999999999999999,gold_direct,gold-direct(no-s3),80.46808510638297,29bc98150a0cbc9c,575
2940,silver/yen4_page_0102_c07_131.png,yen4,page_0102,7,比,chảy,沚,U+6C9A,char,SILVER,s3_head_bank_consensus,0.026,0.112,75.0,99.0,b189f6638eb5,ok,train,yen4|page_0102|c7,"[373, 846, 445, 927]",0.026,True,False,False,False,False,True,False,True,True,False,1.32,False,False,False,0.76,silver_headbank,"silver-headbank,s3=0.03<τ",80.46808510638297,39c9745c0626224f,576
65107,silver/yen4_page_0234_c09_173.png,yen4,page_0234,9,己,này,尼,U+5C3C,char,SILVER,s2_inter_s3_corrected,0.749,0.215,60.0,97.0,9f08f5de4b2e,ok,train,yen4|page_0234|c9,"[168, 1339, 238, 1419]",0.749,True,False,False,False,False,False,False,False,False,False,1.6166666666666667,False,False,False,0.0,other,clean,80.46808510638297,c695ef800032a0d9,577
45404,gold/yen4_page_0300_c04_072.png,yen4,page_0300,4,意,ấy,意,U+610F,char,GOLD,s1_inter_s2_direct,,0.194,83.0,97.0,29ecc0605db7,ok,train,yen4|page_0300|c4,"[659, 753, 728, 832]",,False,False,False,False,False,False,True,False,False,True,1.1686746987951808,False,False,False,0.0999999999999999,gold_direct,gold-direct(no-s3),80.46808510638297,fe466c4a449894de,578
31533,gold/yen4_page_0016_c02_034.png,yen4,page_0016,2,折,chết,折,U+6298,char,GOLD,s1_inter_s2_direct,,0.147,86.0,101.0,c8a60546a21c,ok,train,yen4|page_0016|c2,"[867, 972, 940, 1055]",,False,False,False,False,False,False,True,False,False,True,1.1744186046511629,False,False,False,0.0999999999999999,gold_direct,gold-direct(no-s3),80.46808510638297,4d833b07f1f5b90f,579
9409,silver/yen11_page_0242_c04_058.png,yen11,page_0242,4,欹,CA,歌,U+6B4C,char,SILVER,s3_head_bank_consensus,0.742,0.197,126.0,151.0,65ccbc6e8c6c,ok,train,yen11|page_0242|c4,"[1022, 1183, 1132, 1307]",0.742,True,False,False,False,False,True,False,False,False,False,1.1984126984126984,False,False,False,0.4,silver_headbank,silver-headbank,80.46808510638297,efa27f73f641aed8,580
18892,gold/yen2_page_0060_c06_111.png,yen2,page_0060,6,燒,theo,燒,U+71D2,char,GOLD,s1_inter_s2_direct,,0.22,138.0,138.0,a06b9647b151,ok,train,yen2|page_0060|c6,"[669, 655, 781, 767]",,False,False,False,False,False,False,True,False,False,True,1.0,False,False,False,0.0999999999999999,gold_direct,gold-direct(no-s3),80.46808510638297,35645d1487774609,581
7238,syllable/yen4_page_0292_c07_167.png,yen4,page_0292,7,喫,ra,,,syllable,SYLLABLE,nghia_consensus,0.026,0.168,72.0,90.0,f60b42124c5f,ok,train,yen4|page_0292|c7,"[388, 1519, 458, 1593]",0.026,True,False,False,False,False,False,False,True,True,False,1.25,False,False,False,0.6,s3_low,s3=0.03<τ,80.46808510638297,18dc77d83bf824b8,582
43847,gold/yen4_page_0270_c07_154.png,yen4,page_0270,7,麻,mà,麻,U+9EBB,char,GOLD,s1_inter_s2_direct,,0.13,82.0,88.0,e62832d8c09f,ok,test,yen4|page_0270|c7,"[378, 1436, 450, 1508]",,False,False,False,False,False,False,True,False,False,True,1.0731707317073171,False,False,False,0.0999999999999999,gold_direct,gold-direct(no-s3),80.46808510638297,d89dd868f68470b6,583
55540,gold/yen11_page_0208_c01_004.png,yen11,page_0208,1,冷,lành,冷,U+51B7,char,GOLD,s1_inter_s2_direct,,0.111,94.0,132.0,f4be789512a8,ok,train,yen11|page_0208|c1,"[1549, 806, 1649, 914]",,False,False,False,False,False,False,True,False,False,True,1.4042553191489362,False,False,False,0.0999999999999999,gold_direct,gold-direct(no-s3),80.46808510638297,5185942df778cd20,584
52564,gold/yen11_page_0150_c02_028.png,yen11,page_0150,2,朗,láng,朗,U+6717,char,GOLD,s1_inter_s2_direct,,0.241,98.0,146.0,a3d819a69e1b,ok,train,yen11|page_0150|c2,"[1272, 800, 1379, 918]",,False,False,False,False,False,False,True,False,False,True,1.489795918367347,False,False,False,0.0999999999999999,gold_direct,gold-direct(no-s3),80.46808510638297,05767f76bb97b90d,585
56962,gold/yen11_page_0238_c01_020.png,yen11,page_0238,1,丐,cái,丐,U+4E10,char,GOLD,s1_inter_s2_direct,,0.164,97.0,145.0,d70e8f5c2e9d,ok,train,yen11|page_0238|c1,"[1475, 2284, 1578, 2401]",,False,False,False,False,False,False,True,False,False,True,1.4948453608247425,False,False,False,0.0999999999999999,gold_direct,gold-direct(no-s3),80.46808510638297,ca4b8f3a20ba3690,586
60463,silver/yen2_page_0046_c01_017.png,yen2,page_0046,1,生,lại,吏,U+540F,char,SILVER,s2_inter_s3_corrected,0.906,0.139,121.0,139.0,8e917160b1bd,ok,train,yen2|page_0046|c1,"[1430, 2063, 1529, 2176]",0.906,True,False,False,False,False,False,False,False,False,False,1.1487603305785123,False,False,False,0.0,other,clean,80.46808510638297,c805a448c7aba9bb,587
9290,gold/yen2_page_0074_c09_170.png,yen2,page_0074,9,淜,dòng,𣳔,U+23CD4,char,GOLD,s1_inter_s2_similar,0.929,0.334,101.0,148.0,c1bb2556ff50,ok,test,yen2|page_0074|c9,"[205, 666, 309, 786]",0.929,True,False,False,False,True,False,False,False,False,False,1.465346534653465,False,True,True,0.405,similar_bridge,"similar-bridge,ink-outlier",80.46808510638297,74c77e30b37eae4c,588
33335,gold/yen4_page_0052_c03_043.png,yen4,page_0052,3,体,thấy,体,U+4F53,char,GOLD,s1_inter_s2_direct,,0.167,75.0,95.0,ad6cc4e1b1ca,ok,train,yen4|page_0052|c3,"[750, 437, 819, 514]",,False,False,False,False,False,False,True,False,False,True,1.2666666666666666,False,False,False,0.0999999999999999,gold_direct,gold-direct(no-s3),80.46808510638297,ceacf8c6f1a9b141,589
8867,syllable/yen11_page_0296_c06_116.png,yen11,page_0296,6,万,Đức,,,syllable,SYLLABLE,nghia_consensus,0.042,0.16,95.0,146.0,df74e95f6e29,ok,train,yen11|page_0296|c6,"[728, 2103, 835, 2224]",0.042,True,False,False,False,False,False,False,True,True,False,1.5368421052631578,False,False,False,0.6,s3_low,s3=0.04<τ,80.46808510638297,c0c6af711ca523e7,590
31257,gold/yen2_page_0328_c09_154.png,yen2,page_0328,9,打,đánh,打,U+6253,char,GOLD,s1_inter_s2_direct,,0.25,122.0,122.0,d798658ea780,ok,val,yen2|page_0328|c9,"[266, 459, 386, 578]",,False,False,False,False,False,False,True,False,False,True,1.0,False,False,False,0.0999999999999999,gold_direct,gold-direct(no-s3),80.46808510638297,45e5a4c8252c2c03,591
15753,gold/yen4_page_0132_c08_133.png,yen4,page_0132,8,灵,linh,灵,U+7075,char,GOLD,s1_inter_s2_direct,,0.093,84.0,105.0,d19a2bf0391d,ok,val,yen4|page_0132|c8,"[260, 1199, 333, 1284]",,False,False,False,False,False,False,True,False,False,True,1.25,False,True,True,0.235,quality_flag,ink-outlier,80.46808510638297,4797e3224f6ec1f0,592
36364,gold/yen4_page_0114_c06_132.png,yen4,page_0114,6,於,ở,於,U+65BC,char,GOLD,s1_inter_s2_direct,,0.151,69.0,90.0,300e88bebca6,ok,test,yen4|page_0114|c6,"[470, 1438, 538, 1512]",,False,False,False,False,False,False,True,False,False,True,1.3043478260869563,False,False,False,0.0999999999999999,gold_direct,gold-direct(no-s3),80.46808510638297,ed1b9f435bdffb16,593
991,gold/yen4_page_0040_c04_078.png,yen4,page_0040,4,唐,đường,唐,U+5510,char,GOLD,s1_inter_s2_direct,,0.149,82.0,89.0,5b52caa4fb4a,ok,train,yen4|page_0040|c4,"[748, 1164, 821, 1237]",,False,False,True,True,False,False,True,False,False,True,1.0853658536585369,False,False,False,0.9,dup_defect,cross-col(F1),80.46808510638297,4cca3207a17ec5c0,594
11925,gold/yen2_page_0158_c07_120.png,yen2,page_0158,7,怪,khác,恪,U+606A,char,GOLD,s1_inter_s2_similar,0.981,0.255,122.0,150.0,aa4e9ccd18bd,ok,train,yen2|page_0158|c7,"[552, 662, 658, 784]",0.981,True,False,False,False,True,False,False,False,False,False,1.2295081967213115,False,False,False,0.3,similar_bridge,similar-bridge,80.46808510638297,23b843dcffe01e75,595
32334,gold/yen4_page_0032_c06_112.png,yen4,page_0032,6,意,ấy,意,U+610F,char,GOLD,s1_inter_s2_direct,,0.172,77.0,101.0,1920f7276471,ok,train,yen4|page_0032|c6,"[472, 1321, 542, 1404]",,False,False,False,False,False,False,True,False,False,True,1.3116883116883118,False,False,False,0.0999999999999999,gold_direct,gold-direct(no-s3),80.46808510638297,c6a818682c6569d7,596
44541,gold/yen4_page_0284_c08_176.png,yen4,page_0284,8,婆,bà,婆,U+5A46,char,GOLD,s1_inter_s2_direct,,0.183,66.0,76.0,336b015ef104,ok,train,yen4|page_0284|c8,"[276, 1573, 342, 1643]",,False,False,False,False,False,False,True,False,False,True,1.1515151515151516,False,False,False,0.0999999999999999,gold_direct,gold-direct(no-s3),80.46808510638297,ee6aee2430f046c5,597
40321,gold/yen4_page_0200_c04_066.png,yen4,page_0200,4,美,mở,美,U+7F8E,char,GOLD,s1_inter_s2_direct,,0.172,68.0,99.0,234b201ac4e0,ok,train,yen4|page_0200|c4,"[700, 299, 772, 380]",,False,False,False,False,False,False,True,False,False,True,1.4558823529411764,False,False,False,0.0999999999999999,gold_direct,gold-direct(no-s3),80.46808510638297,a8b4a4ad5e58b9f5,598
29152,gold/yen2_page_0282_c05_089.png,yen2,page_0282,5,黄,vàng,黄,U+9EC4,char,GOLD,s1_inter_s2_direct,,0.194,101.0,155.0,49e114ab5c0e,ok,train,yen2|page_0282|c5,"[844, 1151, 949, 1276]",,False,False,False,False,False,False,True,False,False,True,1.534653465346535,False,False,False,0.0999999999999999,gold_direct,gold-direct(no-s3),80.46808510638297,43366d3310d6afa4,599
60590,silver/yen2_page_0060_c05_092.png,yen2,page_0060,5,常,và,喡,U+55A1,char,SILVER,s2_inter_s3_corrected,0.666,0.256,82.0,142.0,93eb1a415a2f,ok,train,yen2|page_0060|c5,"[831, 858, 933, 974]",0.666,True,False,False,False,False,False,False,False,False,False,1.7317073170731707,False,False,False,0.0,other,clean,80.46808510638297,98709c31446df645,600
53549,gold/yen11_page_0168_c08_159.png,yen11,page_0168,8,底,Để,底,U+5E95,char,GOLD,s1_inter_s2_direct,,0.199,92.0,130.0,0725afad21a5,ok,train,yen11|page_0168|c8,"[428, 851, 524, 957]",,False,False,False,False,False,False,True,False,False,True,1.4130434782608696,False,False,False,0.0999999999999999,gold_direct,gold-direct(no-s3),80.46808510638297,c23b22d98a7d21ab,601
53803,gold/yen11_page_0174_c06_130.png,yen11,page_0174,6,欺,khi,欺,U+6B3A,char,GOLD,s1_inter_s2_direct,,0.213,98.0,139.0,c5c962a8d7df,ok,train,yen11|page_0174|c6,"[712, 2284, 818, 2397]",,False,False,False,False,False,False,True,False,False,True,1.4183673469387754,False,False,False,0.0999999999999999,gold_direct,gold-direct(no-s3),80.46808510638297,9791039b99eb71f5,602
40939,gold/yen4_page_0212_c09_174.png,yen4,page_0212,9,特,được,特,U+7279,char,GOLD,s1_inter_s2_direct,,0.125,63.0,107.0,3b1df1510564,ok,train,yen4|page_0212|c9,"[212, 1471, 288, 1558]",,False,False,False,False,False,False,True,False,False,True,1.6984126984126984,False,False,False,0.0999999999999999,gold_direct,gold-direct(no-s3),80.46808510638297,e26235cc5ab703b2,603
44077,gold/yen4_page_0276_c08_139.png,yen4,page_0276,8,丕,vậy,丕,U+4E15,char,GOLD,s1_inter_s2_direct,,0.139,74.0,81.0,1d69a96569e5,ok,train,yen4|page_0276|c8,"[280, 235, 351, 302]",,False,False,False,False,False,False,True,False,False,True,1.0945945945945943,False,False,False,0.0999999999999999,gold_direct,gold-direct(no-s3),80.46808510638297,812ca4e4fa87b338,604
33784,gold/yen4_page_0060_c08_154.png,yen4,page_0060,8,庄,chăng,庄,U+5E84,char,GOLD,s1_inter_s2_direct,,0.162,72.0,96.0,2d79d1615fe3,ok,train,yen4|page_0060|c8,"[269, 754, 336, 832]",,False,False,False,False,False,False,True,False,False,True,1.3333333333333333,False,False,False,0.0999999999999999,gold_direct,gold-direct(no-s3),80.46808510638297,afe13175fbb50122,605
32522,gold/yen4_page_0036_c04_066.png,yen4,page_0036,4,當,đáng,當,U+7576,char,GOLD,s1_inter_s2_direct,,0.218,73.0,77.0,a9d432254039,ok,train,yen4|page_0036|c4,"[670, 292, 740, 367]",,False,False,False,False,False,False,True,False,False,True,1.0547945205479452,False,False,False,0.0999999999999999,gold_direct,gold-direct(no-s3),80.46808510638297,be8c54de9415a11a,606
46666,gold/yen11_page_0028_c02_022.png,yen11,page_0028,2,朱,cho,朱,U+6731,char,GOLD,s1_inter_s2_direct,,0.179,74.0,106.0,4196d379447a,ok,val,yen11|page_0028|c2,"[1346, 428, 1446, 529]",,False,False,False,False,False,False,True,False,False,True,1.4324324324324325,False,False,False,0.0999999999999999,gold_direct,gold-direct(no-s3),80.46808510638297,fa37fa07c6db9d30,607
18564,gold/yen2_page_0054_c03_053.png,yen2,page_0054,3,断,đoạn,断,U+65AD,char,GOLD,s1_inter_s2_direct,,0.188,136.0,148.0,a4e2949e4a47,ok,train,yen2|page_0054|c3,"[1127, 1621, 1237, 1741]",,False,False,False,False,False,False,True,False,False,True,1.088235294117647,False,False,False,0.0999999999999999,gold_direct,gold-direct(no-s3),80.46808510638297,f03e59bb834f2991,608
31157,gold/yen2_page_0326_c05_098.png,yen2,page_0326,5,浪,rằng,浪,U+6D6A,char,GOLD,s1_inter_s2_direct,,0.299,121.0,155.0,ed8592fb39ff,ok,train,yen2|page_0326|c5,"[819, 2314, 938, 2439]",,False,False,False,False,False,False,True,False,False,True,1.28099173553719,False,False,False,0.0999999999999999,gold_direct,gold-direct(no-s3),80.46808510638297,5825ba2297d35ae0,609
57593,gold/yen11_page_0250_c04_075.png,yen11,page_0250,4,事,sự,事,U+4E8B,char,GOLD,s1_inter_s2_direct,,0.198,89.0,140.0,b395c72fb46c,ok,train,yen11|page_0250|c4,"[1032, 887, 1133, 1001]",,False,False,False,False,False,False,True,False,False,True,1.5730337078651686,False,False,False,0.0999999999999999,gold_direct,gold-direct(no-s3),80.46808510638297,295da44d2f0a08bd,610
9483,silver/yen2_page_0022_c08_147.png,yen2,page_0022,8,𭔿,ông,翁,U+7FC1,char,SILVER,s2_inter_s3_corrected,0.564,0.172,101.0,140.0,fb3aea666303,ok,train,yen2|page_0022|c8,"[382, 738, 482, 852]",0.564,True,False,False,False,False,False,False,True,False,False,1.386138613861386,False,False,False,0.35,s3_low,s3=0.56<τ,80.46808510638297,2083bd411d41c22b,611
45609,gold/yen4_page_0304_c06_132.png,yen4,page_0304,6,共,cùng,共,U+5171,char,GOLD,s1_inter_s2_direct,,0.133,56.0,72.0,ec226cb61640,ok,train,yen4|page_0304|c6,"[472, 1516, 539, 1579]",,False,False,False,False,False,False,True,False,False,True,1.2857142857142858,False,False,False,0.0999999999999999,gold_direct,gold-direct(no-s3),80.46808510638297,79376359b105124e,612
22854,gold/yen2_page_0138_c06_116.png,yen2,page_0138,6,固,có,固,U+56FA,char,GOLD,s1_inter_s2_direct,,0.293,99.0,145.0,f8a8c59e9c64,ok,train,yen2|page_0138|c6,"[698, 872, 803, 989]",,False,False,False,False,False,False,True,False,False,True,1.4646464646464648,False,False,False,0.0999999999999999,gold_direct,gold-direct(no-s3),80.46808510638297,fc09b7243483cb59,613
7713,syllable/yen11_page_0090_c09_188.png,yen11,page_0090,9,希,vua,,,syllable,SYLLABLE,nghia_consensus,0.035,0.165,78.0,126.0,dc526bf1ee30,ok,train,yen11|page_0090|c9,"[245, 1115, 337, 1217]",0.035,True,False,False,False,False,False,False,True,True,False,1.6153846153846154,False,False,False,0.6,s3_low,s3=0.04<τ,80.46808510638297,924cef4a21ca6d83,614
15552,gold/yen2_page_0218_c03_054.png,yen2,page_0218,3,歇,hết,歇,U+6B47,char,GOLD,s1_inter_s2_direct,,0.32,121.0,156.0,f8393ed90f68,ok,val,yen2|page_0218|c3,"[998, 2228, 1107, 2354]",,False,False,False,False,False,False,True,False,False,True,1.2892561983471074,False,True,True,0.235,quality_flag,ink-outlier,80.46808510638297,78dddadaf1971cb7,615
10267,silver/yen4_page_0056_c04_069.png,yen4,page_0056,4,硬,mẹ,美,U+7F8E,char,SILVER,s2_inter_s3_corrected,0.514,0.171,85.0,97.0,a086b49049f9,ok,train,yen4|page_0056|c4,"[664, 684, 739, 763]",0.514,True,False,False,False,False,False,False,True,False,False,1.1411764705882352,False,False,False,0.35,s3_low,s3=0.51<τ,80.46808510638297,6942d4614fa5605a,616
41717,gold/yen4_page_0228_c04_074.png,yen4,page_0228,4,烈,liệt,烈,U+70C8,char,GOLD,s1_inter_s2_direct,,0.163,77.0,89.0,7b91606a2e31,ok,train,yen4|page_0228|c4,"[689, 1089, 760, 1169]",,False,False,False,False,False,False,True,False,False,True,1.155844155844156,False,False,False,0.0999999999999999,gold_direct,gold-direct(no-s3),80.46808510638297,0958a329568ecb52,617
5345,syllable/yen2_page_0160_c07_123.png,yen2,page_0160,7,虎,xác,,,syllable,SYLLABLE,nghia_consensus,0.464,0.209,131.0,152.0,436c8a5779e7,ok,val,yen2|page_0160|c7,"[501, 1563, 608, 1687]",0.464,True,False,False,False,False,False,False,True,True,False,1.1603053435114503,False,False,False,0.6,s3_low,s3=0.46<τ,80.46808510638297,34816b8799f98d19,618
39128,gold/yen4_page_0172_c01_019.png,yen4,page_0172,1,㝵,người,㝵,U+3775,char,GOLD,s1_inter_s2_direct,,0.144,69.0,89.0,cef700d155ea,ok,train,yen4|page_0172|c1,"[961, 1388, 1031, 1461]",,False,False,False,False,False,False,True,False,False,True,1.289855072463768,False,False,False,0.0999999999999999,gold_direct,gold-direct(no-s3),80.46808510638297,d00c9a43d294e423,619
20193,gold/yen2_page_0086_c07_151.png,yen2,page_0086,7,体,thấy,体,U+4F53,char,GOLD,s1_inter_s2_direct,,0.196,96.0,135.0,d9a685c52a8b,ok,val,yen2|page_0086|c7,"[546, 1726, 647, 1835]",,False,False,False,False,False,False,True,False,False,True,1.40625,False,False,False,0.0999999999999999,gold_direct,gold-direct(no-s3),80.46808510638297,a7a537ed452d58c8,620
36801,gold/yen4_page_0124_c07_141.png,yen4,page_0124,7,先,tên,先,U+5148,char,GOLD,s1_inter_s2_direct,,0.141,75.0,89.0,b669974610ac,ok,train,yen4|page_0124|c7,"[375, 500, 446, 581]",,False,False,False,False,False,False,True,False,False,True,1.1866666666666668,False,False,False,0.0999999999999999,gold_direct,gold-direct(no-s3),80.46808510638297,84a898807106ff53,621
21554,gold/yen2_page_0114_c04_067.png,yen2,page_0114,4,些,ta,些,U+4E9B,char,GOLD,s1_inter_s2_direct,,0.207,118.0,137.0,94706d3bb366,ok,train,yen2|page_0114|c4,"[987, 844, 1093, 955]",,False,False,False,False,False,False,True,False,False,True,1.1610169491525424,False,False,False,0.0999999999999999,gold_direct,gold-direct(no-s3),80.46808510638297,4155fefeed6616ce,622
31248,gold/yen2_page_0328_c07_129.png,yen2,page_0328,7,代,dạy,代,U+4EE3,char,GOLD,s1_inter_s2_direct,,0.208,139.0,156.0,5d83f515be44,ok,train,yen2|page_0328|c7,"[568, 2098, 681, 2224]",,False,False,False,False,False,False,True,False,False,True,1.1223021582733812,False,False,False,0.0999999999999999,gold_direct,gold-direct(no-s3),80.46808510638297,8c1ba80713be7cf1,623
55021,gold/yen11_page_0196_c08_154.png,yen11,page_0196,8,别,biết,别,U+522B,char,GOLD,s1_inter_s2_direct,,0.213,105.0,141.0,6b7fff7b68f9,ok,train,yen11|page_0196|c8,"[422, 1151, 525, 1266]",,False,False,False,False,False,False,True,False,False,True,1.3428571428571427,False,False,False,0.0999999999999999,gold_direct,gold-direct(no-s3),80.46808510638297,ac32dca7f664e11e,624
18995,gold/yen2_page_0062_c05_101.png,yen2,page_0062,5,呈,trình,呈,U+5448,char,GOLD,s1_inter_s2_direct,,0.208,132.0,146.0,177cfadc5979,ok,train,yen2|page_0062|c5,"[835, 1940, 943, 2058]",,False,False,False,False,False,False,True,False,False,True,1.106060606060606,False,False,False,0.0999999999999999,gold_direct,gold-direct(no-s3),80.46808510638297,a957e020d40cc794,625
10871,silver/yen11_page_0032_c05_091.png,yen11,page_0032,5,戛,một,蔑,U+8511,char,SILVER,s2_inter_s3_corrected,0.616,0.221,86.0,136.0,6a8d8cc9e742,ok,train,yen11|page_0032|c5,"[849, 866, 956, 981]",0.616,True,False,False,False,False,False,False,True,False,False,1.5813953488372092,False,False,False,0.35,s3_low,s3=0.62<τ,80.46808510638297,42cdf620cee106b1,626
53955,gold/yen11_page_0176_c09_184.png,yen11,page_0176,9,福,phúc,福,U+798F,char,GOLD,s1_inter_s2_direct,,0.186,95.0,140.0,1f8791e4fbdf,ok,train,yen11|page_0176|c9,"[300, 1253, 400, 1367]",,False,False,False,False,False,False,True,False,False,True,1.4736842105263157,False,False,False,0.0999999999999999,gold_direct,gold-direct(no-s3),80.46808510638297,9a0d547ddba98d5d,627
41803,gold/yen4_page_0230_c03_052.png,yen4,page_0230,3,㐌,đã,㐌,U+340C,char,GOLD,s1_inter_s2_direct,,0.135,77.0,101.0,4729d0dd9a53,ok,train,yen4|page_0230|c3,"[759, 896, 831, 979]",,False,False,False,False,False,False,True,False,False,True,1.3116883116883118,False,False,False,0.0999999999999999,gold_direct,gold-direct(no-s3),80.46808510638297,74ced27d501ae366,628
6120,syllable/yen4_page_0018_c05_085.png,yen4,page_0018,5,罕,ra,,,syllable,SYLLABLE,nghia_consensus,0.095,0.177,80.0,93.0,d6d8d2d324ea,ok,train,yen4|page_0018|c5,"[568, 1533, 641, 1608]",0.095,True,False,False,False,False,False,False,True,True,False,1.1625,False,False,False,0.6,s3_low,s3=0.10<τ,80.46808510638297,550fe53c432b7963,629
34883,gold/yen4_page_0082_c02_027.png,yen4,page_0082,2,時,thì,時,U+6642,char,GOLD,s1_inter_s2_direct,,0.164,77.0,91.0,a3d0ce38db19,ok,train,yen4|page_0082|c2,"[860, 569, 930, 646]",,False,False,False,False,False,False,True,False,False,True,1.181818181818182,False,False,False,0.0999999999999999,gold_direct,gold-direct(no-s3),80.46808510638297,2546022cff2e2882,630
49107,gold/yen11_page_0078_c03_050.png,yen11,page_0078,3,連,liên,連,U+9023,char,GOLD,s1_inter_s2_direct,,0.161,129.0,137.0,0cd099d6b5aa,ok,train,yen11|page_0078|c3,"[1145, 1026, 1252, 1137]",,False,False,False,False,False,False,True,False,False,True,1.062015503875969,False,False,False,0.0999999999999999,gold_direct,gold-direct(no-s3),80.46808510638297,bbf30ec463fc1c46,631
44981,gold/yen4_page_0292_c05_100.png,yen4,page_0292,5,事,sự,事,U+4E8B,char,GOLD,s1_inter_s2_direct,,0.174,79.0,89.0,8ecacf4d463f,ok,val,yen4|page_0292|c5,"[560, 465, 628, 538]",,False,False,False,False,False,False,True,False,False,True,1.1265822784810129,False,False,False,0.0999999999999999,gold_direct,gold-direct(no-s3),80.46808510638297,bb0a3e630cfc02fb,632
18622,gold/yen2_page_0054_c09_171.png,yen2,page_0054,9,蜍,thờ,蜍,U+870D,char,GOLD,s1_inter_s2_direct,,0.283,126.0,132.0,9682d84daa92,ok,train,yen2|page_0054|c9,"[218, 1798, 320, 1906]",,False,False,False,False,False,False,True,False,False,True,1.0476190476190477,False,False,False,0.0999999999999999,gold_direct,gold-direct(no-s3),80.46808510638297,cbabcdf7c1b1712a,633
67791,silver/yen11_page_0260_c04_089.png,yen11,page_0260,4,慎,xin,真,U+771F,char,SILVER,s2_inter_s3_corrected,0.683,0.201,98.0,110.0,41b7e66ebc07,ok,train,yen11|page_0260|c4,"[1009, 2397, 1118, 2501]",0.683,True,False,False,False,False,False,False,False,False,False,1.1224489795918366,False,False,False,0.0,other,clean,80.46808510638297,83854bbf3b088bbd,634
52826,gold/yen11_page_0154_c04_083.png,yen11,page_0154,4,綽,rước,綽,U+7DBD,char,GOLD,s1_inter_s2_direct,,0.191,120.0,126.0,ce19c6fb6939,ok,train,yen11|page_0154|c4,"[952, 1948, 1067, 2060]",,False,False,False,False,False,False,True,False,False,True,1.05,False,False,False,0.0999999999999999,gold_direct,gold-direct(no-s3),80.46808510638297,ebdcecb247a662b4,635
62404,silver/yen2_page_0250_c02_033.png,yen2,page_0250,2,注,chăng,庄,U+5E84,char,SILVER,s2_inter_s3_corrected,0.827,0.196,119.0,162.0,2005ead79f40,ok,train,yen2|page_0250|c2,"[1305, 2091, 1410, 2223]",0.827,True,False,False,False,False,False,False,False,False,False,1.361344537815126,False,False,False,0.0,other,clean,80.46808510638297,edffc84690aea485,636
6332,syllable/yen4_page_0068_c06_116.png,yen4,page_0068,6,夜,lời,,,syllable,SYLLABLE,nghia_consensus,0.266,0.146,55.0,93.0,0d35876917b6,ok,train,yen4|page_0068|c6,"[478, 326, 543, 401]",0.266,True,False,False,False,False,False,False,True,True,False,1.690909090909091,False,False,False,0.6,s3_low,s3=0.27<τ,80.46808510638297,bb0cdb4477b70a74,637
65570,syllable/yen4_page_0280_c03_052.png,yen4,page_0280,3,願,nguyên,,,syllable,SYLLABLE,nghia_consensus,0.701,0.21,80.0,93.0,b3a74edbdc5f,ok,train,yen4|page_0280|c3,"[763, 350, 835, 425]",0.701,True,False,False,False,False,False,False,False,False,False,1.1625,False,False,False,0.0,other,clean,80.46808510638297,624506a4015cd091,638
35942,gold/yen4_page_0102_c04_071.png,yen4,page_0102,4,朱,cho,朱,U+6731,char,GOLD,s1_inter_s2_direct,,0.155,81.0,95.0,1c476e36edd3,ok,train,yen4|page_0102|c4,"[658, 1069, 730, 1147]",,False,False,False,False,False,False,True,False,False,True,1.1728395061728396,False,False,False,0.0999999999999999,gold_direct,gold-direct(no-s3),80.46808510638297,79bf67745097e3f7,639
52283,gold/yen11_page_0144_c05_095.png,yen11,page_0144,5,堂,đàng,堂,U+5802,char,GOLD,s1_inter_s2_direct,,0.194,106.0,141.0,987bea1ebe61,ok,train,yen11|page_0144|c5,"[878, 977, 984, 1092]",,False,False,False,False,False,False,True,False,False,True,1.330188679245283,False,False,False,0.0999999999999999,gold_direct,gold-direct(no-s3),80.46808510638297,3c6ea02edd563a54,640
41660,gold/yen4_page_0226_c07_147.png,yen4,page_0226,7,連,liền,連,U+9023,char,GOLD,s1_inter_s2_direct,,0.189,85.0,95.0,46d9d99ca22e,ok,train,yen4|page_0226|c7,"[372, 1502, 446, 1579]",,False,False,False,False,False,False,True,False,False,True,1.1176470588235294,False,False,False,0.0999999999999999,gold_direct,gold-direct(no-s3),80.46808510638297,30bdb04df941e4f7,641
15979,gold/yen11_page_0078_c09_190.png,yen11,page_0078,9,外,ngoài,外,U+5916,char,GOLD,s1_inter_s2_direct,,0.096,80.0,131.0,a2b524f76e0e,ok,train,yen11|page_0078|c9,"[233, 2001, 327, 2108]",,False,False,False,False,False,False,True,False,False,True,1.6375,False,True,True,0.235,quality_flag,ink-outlier,80.46808510638297,eecf824d819ed53b,642
37290,gold/yen4_page_0134_c08_140.png,yen4,page_0134,8,時,được,時,U+6642,char,GOLD,s1_inter_s2_direct,,0.139,89.0,101.0,7946526eaf25,ok,train,yen4|page_0134|c8,"[259, 1195, 332, 1278]",,False,False,False,False,False,False,True,False,False,True,1.1348314606741574,False,False,False,0.0999999999999999,gold_direct,gold-direct(no-s3),80.46808510638297,818d095e69614cf9,643
16962,gold/yen2_page_0022_c06_107.png,yen2,page_0022,6,樞,xu,樞,U+6A1E,char,GOLD,s1_inter_s2_direct,,0.159,114.0,142.0,71908c6bd19c,ok,train,yen2|page_0022|c6,"[672, 836, 775, 952]",,False,False,False,False,False,False,True,False,False,True,1.2456140350877194,False,False,False,0.0999999999999999,gold_direct,gold-direct(no-s3),80.46808510638297,10d9b8f0185df8c5,644
31352,gold/yen4_page_0012_c04_056.png,yen4,page_0012,4,本,bổn,本,U+672C,char,GOLD,s1_inter_s2_direct,,0.148,92.0,95.0,42322a19d998,ok,test,yen4|page_0012|c4,"[665, 566, 743, 643]",,False,False,False,False,False,False,True,False,False,True,1.0326086956521738,False,False,False,0.0999999999999999,gold_direct,gold-direct(no-s3),80.46808510638297,198ea668eb94add0,645
42424,gold/yen4_page_0242_c06_104.png,yen4,page_0242,6,福,phúc,福,U+798F,char,GOLD,s1_inter_s2_direct,,0.155,80.0,94.0,72712bbb5499,ok,train,yen4|page_0242|c6,"[504, 657, 575, 735]",,False,False,False,False,False,False,True,False,False,True,1.175,False,False,False,0.0999999999999999,gold_direct,gold-direct(no-s3),80.46808510638297,30187262caa6e951,646
55886,gold/yen11_page_0214_c06_125.png,yen11,page_0214,6,坦,đất,坦,U+5766,char,GOLD,s1_inter_s2_direct,,0.193,123.0,118.0,379906de5d2e,ok,train,yen11|page_0214|c6,"[691, 2363, 798, 2468]",,False,False,False,False,False,False,True,False,False,True,0.959349593495935,False,False,False,0.0999999999999999,gold_direct,gold-direct(no-s3),80.46808510638297,4418c66d9a575ee7,647
23410,gold/yen2_page_0150_c09_182.png,yen2,page_0150,9,碎,Tôi,碎,U+788E,char,GOLD,s1_inter_s2_direct,,0.222,131.0,152.0,b571bb769559,ok,train,yen2|page_0150|c9,"[218, 2124, 325, 2248]",,False,False,False,False,False,False,True,False,False,True,1.1603053435114503,False,False,False,0.0999999999999999,gold_direct,gold-direct(no-s3),80.46808510638297,5a821cbf43580313,648
20327,gold/yen2_page_0090_c03_041.png,yen2,page_0090,3,道,đạo,道,U+9053,char,GOLD,s1_inter_s2_direct,,0.272,76.0,129.0,7a841c63fb46,ok,train,yen2|page_0090|c3,"[1123, 1273, 1228, 1378]",,False,False,False,False,False,False,True,False,False,True,1.6973684210526316,False,False,False,0.0999999999999999,gold_direct,gold-direct(no-s3),80.46808510638297,3df7ae62cbd304b8,649
61834,silver/yen2_page_0186_c02_029.png,yen2,page_0186,2,良,răng,浪,U+6D6A,char,SILVER,s2_inter_s3_corrected,0.955,0.222,107.0,158.0,6340f4992282,ok,val,yen2|page_0186|c2,"[1250, 1546, 1350, 1674]",0.955,True,False,False,False,False,False,False,False,False,False,1.4766355140186915,False,False,False,0.0,other,clean,80.46808510638297,fdc49d8827410948,650
54055,gold/yen11_page_0178_c08_166.png,yen11,page_0178,8,旦,đến,旦,U+65E6,char,GOLD,s1_inter_s2_direct,,0.161,103.0,140.0,c5764104527a,ok,train,yen11|page_0178|c8,"[407, 1955, 510, 2069]",,False,False,False,False,False,False,True,False,False,True,1.3592233009708738,False,False,False,0.0999999999999999,gold_direct,gold-direct(no-s3),80.46808510638297,91fa7a688f0c1aae,651
7154,syllable/yen4_page_0270_c02_035.png,yen4,page_0270,2,宅,là,,,syllable,SYLLABLE,nghia_consensus,0.028,0.141,85.0,95.0,6313f9653dfa,ok,val,yen4|page_0270|c2,"[877, 1075, 946, 1152]",0.028,True,False,False,False,False,False,False,True,True,False,1.1176470588235294,False,False,False,0.6,s3_low,s3=0.03<τ,80.46808510638297,ea84e26309d6d7f6,652
48052,gold/yen11_page_0058_c01_001.png,yen11,page_0058,1,茹,nhà,茹,U+8339,char,GOLD,s1_inter_s2_direct,,0.207,94.0,140.0,1b3eb0fde305,ok,train,yen11|page_0058|c1,"[1486, 542, 1591, 656]",,False,False,False,False,False,False,True,False,False,True,1.4893617021276595,False,False,False,0.0999999999999999,gold_direct,gold-direct(no-s3),80.46808510638297,d28458af76e5b2de,653
30745,gold/yen2_page_0318_c05_092.png,yen2,page_0318,5,多,đi,多,U+591A,char,GOLD,s1_inter_s2_direct,,0.159,111.0,142.0,71890d3d89d0,ok,train,yen2|page_0318|c5,"[853, 1907, 960, 2030]",,False,False,False,False,False,False,True,False,False,True,1.279279279279279,False,False,False,0.0999999999999999,gold_direct,gold-direct(no-s3),80.46808510638297,7501da344833f2ed,654
18361,gold/yen2_page_0050_c03_043.png,yen2,page_0050,3,㝵,người,㝵,U+3775,char,GOLD,s1_inter_s2_direct,,0.2,131.0,131.0,ebe631fa10dc,ok,test,yen2|page_0050|c3,"[1151, 497, 1258, 604]",,False,False,False,False,False,False,True,False,False,True,1.0,False,False,False,0.0999999999999999,gold_direct,gold-direct(no-s3),80.46808510638297,90b50b6d22d9e6c8,655
11253,silver/yen11_page_0236_c06_113.png,yen11,page_0236,6,消,chưa,渚,U+6E1A,char,SILVER,s2_inter_s3_corrected,0.578,0.256,83.0,136.0,125845a96514,ok,test,yen11|page_0236|c6,"[715, 687, 815, 797]",0.578,True,False,False,False,False,False,False,True,False,False,1.6385542168674698,False,False,False,0.35,s3_low,s3=0.58<τ,80.46808510638297,24107fea84a71900,656
63559,syllable/yen4_page_0070_c06_111.png,yen4,page_0070,6,等,thì,,,syllable,SYLLABLE,nghia_consensus,0.916,0.171,73.0,90.0,3ca95b22c741,ok,train,yen4|page_0070|c6,"[471, 535, 539, 609]",0.916,True,False,False,False,False,False,False,False,False,False,1.2328767123287672,False,False,False,0.0,other,clean,80.46808510638297,7fae56a87dafc1fc,657
32596,gold/yen4_page_0036_c09_189.png,yen4,page_0036,9,庄,chẳng,庄,U+5E84,char,GOLD,s1_inter_s2_direct,,0.179,66.0,100.0,aaaf81872857,ok,train,yen4|page_0036|c9,"[199, 1457, 273, 1539]",,False,False,False,False,False,False,True,False,False,True,1.5151515151515151,False,False,False,0.0999999999999999,gold_direct,gold-direct(no-s3),80.46808510638297,f79814044e52029e,658
51690,gold/yen11_page_0132_c09_174.png,yen11,page_0132,9,模,mô,模,U+6A21,char,GOLD,s1_inter_s2_direct,,0.214,127.0,142.0,f5124fa91599,ok,train,yen11|page_0132|c9,"[297, 1054, 400, 1170]",,False,False,False,False,False,False,True,False,False,True,1.1181102362204725,False,False,False,0.0999999999999999,gold_direct,gold-direct(no-s3),80.46808510638297,9506a841ea74d4ad,659
27732,gold/yen2_page_0250_c09_155.png,yen2,page_0250,9,敬,kính,敬,U+656C,char,GOLD,s1_inter_s2_direct,,0.204,132.0,171.0,53e6b1b1f48d,ok,train,yen2|page_0250|c9,"[275, 883, 393, 1022]",,False,False,False,False,False,False,True,False,False,True,1.2954545454545454,False,False,False,0.0999999999999999,gold_direct,gold-direct(no-s3),80.46808510638297,33670b8605372a47,660
56027,gold/yen11_page_0216_c09_188.png,yen11,page_0216,9,道,đạo,道,U+9053,char,GOLD,s1_inter_s2_direct,,0.158,97.0,136.0,2a7b5a18d1a8,ok,val,yen11|page_0216|c9,"[285, 1695, 384, 1805]",,False,False,False,False,False,False,True,False,False,True,1.402061855670103,False,False,False,0.0999999999999999,gold_direct,gold-direct(no-s3),80.46808510638297,f6076e5b583cecb8,661
52938,gold/yen11_page_0156_c04_086.png,yen11,page_0156,4,埃,Ai,埃,U+57C3,char,GOLD,s1_inter_s2_direct,,0.2,104.0,140.0,15095f9a8f97,ok,train,yen11|page_0156|c4,"[1042, 2003, 1153, 2117]",,False,False,False,False,False,False,True,False,False,True,1.3461538461538465,False,False,False,0.0999999999999999,gold_direct,gold-direct(no-s3),80.46808510638297,93e2393a25205d26,662
42754,gold/yen4_page_0248_c07_130.png,yen4,page_0248,7,綿,men,綿,U+7DBF,char,GOLD,s1_inter_s2_direct,,0.187,68.0,90.0,03cef6176c86,ok,train,yen4|page_0248|c7,"[399, 465, 464, 539]",,False,False,False,False,False,False,True,False,False,True,1.3235294117647058,False,False,False,0.0999999999999999,gold_direct,gold-direct(no-s3),80.46808510638297,1383d1b933c1d9b2,663
11504,gold/yen2_page_0044_c08_156.png,yen2,page_0044,8,建,liền,連,U+9023,char,GOLD,s1_inter_s2_similar,0.69,0.21,102.0,148.0,288b68a5392d,ok,train,yen2|page_0044|c8,"[361, 1333, 461, 1453]",0.69,True,False,False,False,True,False,False,False,False,False,1.4509803921568627,False,False,False,0.3,similar_bridge,similar-bridge,80.46808510638297,abc76f744b54b5d4,664
8744,syllable/yen11_page_0274_c08_156.png,yen11,page_0274,8,心,làm,,,syllable,SYLLABLE,nghia_consensus,0.326,0.155,85.0,138.0,abfdfa46ee38,ok,train,yen11|page_0274|c8,"[409, 500, 511, 612]",0.326,True,False,False,False,False,False,False,True,True,False,1.623529411764706,False,False,False,0.6,s3_low,s3=0.33<τ,80.46808510638297,765182e53a7602dc,665
9461,gold/yen11_page_0296_c03_033.png,yen11,page_0296,3,固,Có,固,U+56FA,char,GOLD,s1_inter_s2_direct,,0.31,62.0,113.0,f4738b46185c,tall,train,yen11|page_0296|c3,"[1179, 459, 1279, 568]",,False,False,False,False,False,False,True,False,False,True,1.8225806451612905,True,True,True,0.3879999999999999,quality_flag,"aspect=1.82,ink-outlier",80.46808510638297,22e4fbf171b6d873,666
1214,gold/yen4_page_0130_c06_120.png,yen4,page_0130,6,包,vào,包,U+5305,char,GOLD,s1_inter_s2_direct,,0.139,87.0,99.0,b6ad0e08a3f6,ok,train,yen4|page_0130|c6,"[487, 1002, 558, 1083]",,False,False,True,True,False,False,True,False,False,True,1.137931034482759,False,False,False,0.9,dup_defect,cross-col(F1),80.46808510638297,12b292fe11184262,667
34172,gold/yen4_page_0068_c04_089.png,yen4,page_0068,4,宜,nghe,宜,U+5B9C,char,GOLD,s1_inter_s2_direct,,0.16,82.0,86.0,5a8a6f38c770,ok,val,yen4|page_0068|c4,"[674, 1583, 748, 1656]",,False,False,False,False,False,False,True,False,False,True,1.048780487804878,False,False,False,0.0999999999999999,gold_direct,gold-direct(no-s3),80.46808510638297,cdb72e65af418537,668
60210,silver/yen2_page_0022_c02_038.png,yen2,page_0022,2,宵,thật,實,U+5BE6,char,SILVER,s2_inter_s3_corrected,0.767,0.177,124.0,148.0,d6096f4c8fe6,ok,train,yen2|page_0022|c2,"[1279, 2020, 1386, 2140]",0.767,True,False,False,False,False,False,False,False,False,False,1.1935483870967742,False,False,False,0.0,other,clean,80.46808510638297,76ff029b0f926c2b,669
17929,gold/yen2_page_0040_c09_186.png,yen2,page_0040,9,朱,cho,朱,U+6731,char,GOLD,s1_inter_s2_direct,,0.152,100.0,139.0,da371ea3cd24,ok,train,yen2|page_0040|c9,"[262, 1856, 360, 1973]",,False,False,False,False,False,False,True,False,False,True,1.39,False,False,False,0.0999999999999999,gold_direct,gold-direct(no-s3),80.46808510638297,e62abc68e111a78c,670
38601,gold/yen4_page_0162_c04_097.png,yen4,page_0162,4,事,sự,事,U+4E8B,char,GOLD,s1_inter_s2_direct,,0.207,61.0,66.0,cd92d652a752,ok,train,yen4|page_0162|c4,"[702, 1607, 766, 1670]",,False,False,False,False,False,False,True,False,False,True,1.0819672131147542,False,False,False,0.0999999999999999,gold_direct,gold-direct(no-s3),80.46808510638297,acc9ad64251954f2,671
40558,gold/yen4_page_0204_c07_158.png,yen4,page_0204,7,生,sinh,生,U+751F,char,GOLD,s1_inter_s2_direct,,0.146,72.0,93.0,edc0421d9351,ok,test,yen4|page_0204|c7,"[396, 1511, 463, 1586]",,False,False,False,False,False,False,True,False,False,True,1.2916666666666667,False,False,False,0.0999999999999999,gold_direct,gold-direct(no-s3),80.46808510638297,f52f9d53b1b6fc4f,672
1682,gold/yen4_page_0274_c07_137.png,yen4,page_0274,7,徳,Đức,徳,U+5FB3,char,GOLD,s1_inter_s2_direct,,0.187,74.0,96.0,58db20c9b584,ok,train,yen4|page_0274|c7,"[383, 487, 454, 565]",,False,False,True,True,False,False,True,False,False,True,1.2972972972972974,False,False,False,0.9,dup_defect,cross-col(F1),80.46808510638297,a8197d9f52be9c5d,673
35361,gold/yen4_page_0092_c02_036.png,yen4,page_0092,2,平,bằng,平,U+5E73,char,GOLD,s1_inter_s2_direct,,0.187,72.0,90.0,5ca2294d30b5,ok,train,yen4|page_0092|c2,"[867, 1373, 939, 1454]",,False,False,False,False,False,False,True,False,False,True,1.25,False,False,False,0.0999999999999999,gold_direct,gold-direct(no-s3),80.46808510638297,85d09c58e73c0118,674
28287,gold/yen2_page_0264_c03_041.png,yen2,page_0264,3,共,cùng,共,U+5171,char,GOLD,s1_inter_s2_direct,,0.152,145.0,124.0,5a0c20ba1d62,ok,train,yen2|page_0264|c3,"[1123, 466, 1240, 579]",,False,False,False,False,False,False,True,False,False,True,0.8551724137931035,False,False,False,0.0999999999999999,gold_direct,gold-direct(no-s3),80.46808510638297,a9ca3c7fad106be2,675
62440,silver/yen2_page_0254_c07_120.png,yen2,page_0254,7,壽,thì,寺,U+5BFA,char,SILVER,s2_inter_s3_corrected,0.898,0.226,115.0,170.0,44a5e0bd8339,ok,train,yen2|page_0254|c7,"[540, 1654, 657, 1792]",0.898,True,False,False,False,False,False,False,False,False,False,1.4782608695652173,False,False,False,0.0,other,clean,80.46808510638297,d418ea9c24c3036e,676
57698,gold/yen11_page_0252_c02_034.png,yen11,page_0252,2,𥘉,xưa,𥘉,U+25609,char,GOLD,s1_inter_s2_direct,,0.192,92.0,120.0,69ad4206f945,ok,train,yen11|page_0252|c2,"[1357, 1355, 1457, 1458]",,False,False,False,False,False,False,True,False,False,True,1.3043478260869563,False,False,False,0.0999999999999999,gold_direct,gold-direct(no-s3),80.46808510638297,57bb80eaf803dd0d,677
40563,gold/yen4_page_0204_c08_178.png,yen4,page_0204,8,特,ĐƯỢC,特,U+7279,char,GOLD,s1_inter_s2_direct,,0.133,84.0,95.0,0e843c5c39fc,ok,val,yen4|page_0204|c8,"[282, 1388, 350, 1465]",,False,False,False,False,False,False,True,False,False,True,1.130952380952381,False,False,False,0.0999999999999999,gold_direct,gold-direct(no-s3),80.46808510638297,9487110b220668ad,678
36659,gold/yen4_page_0120_c05_088.png,yen4,page_0120,5,体,thấy,体,U+4F53,char,GOLD,s1_inter_s2_direct,,0.175,89.0,109.0,0bd7bd4a8a81,ok,test,yen4|page_0120|c5,"[552, 428, 625, 517]",,False,False,False,False,False,False,True,False,False,True,1.2247191011235956,False,False,False,0.0999999999999999,gold_direct,gold-direct(no-s3),80.46808510638297,c07fc20bff857907,679
52020,gold/yen11_page_0138_c08_166.png,yen11,page_0138,8,之,gì,之,U+4E4B,char,GOLD,s1_inter_s2_direct,,0.122,83.0,138.0,a17ef70e41dc,ok,train,yen11|page_0138|c8,"[403, 1533, 501, 1645]",,False,False,False,False,False,False,True,False,False,True,1.6626506024096386,False,False,False,0.0999999999999999,gold_direct,gold-direct(no-s3),80.46808510638297,776e31a4afd36e86,680
9454,gold/yen11_page_0206_c08_158.png,yen11,page_0206,8,中,trong,中,U+4E2D,char,GOLD,s1_inter_s2_direct,,0.103,72.0,140.0,7785ce580db2,tall,train,yen11|page_0206|c8,"[399, 1124, 501, 1238]",,False,False,False,False,False,False,True,False,False,True,1.9444444444444444,True,True,True,0.3879999999999999,quality_flag,"aspect=1.94,ink-outlier",80.46808510638297,5d0c2f84b18969ba,681
6456,syllable/yen4_page_0098_c07_150.png,yen4,page_0098,7,薊,lời,,,syllable,SYLLABLE,nghia_consensus,0.083,0.194,86.0,95.0,965d57f740f2,ok,train,yen4|page_0098|c7,"[360, 1440, 430, 1517]",0.083,True,False,False,False,False,False,False,True,True,False,1.1046511627906976,False,False,False,0.6,s3_low,s3=0.08<τ,80.46808510638297,94d541a4aefe2466,682
6508,syllable/yen4_page_0116_c08_153.png,yen4,page_0116,8,祐,xem,,,syllable,SYLLABLE,nghia_consensus,0.172,0.114,66.0,105.0,2519b2118e65,ok,train,yen4|page_0116|c8,"[275, 368, 344, 453]",0.172,True,False,False,False,False,False,False,True,True,False,1.5909090909090908,False,False,False,0.6,s3_low,s3=0.17<τ,80.46808510638297,c3960df198212ec2,683
15534,gold/yen2_page_0214_c05_098.png,yen2,page_0214,5,先,tên,先,U+5148,char,GOLD,s1_inter_s2_direct,,0.305,107.0,136.0,e0addd3122b1,ok,test,yen2|page_0214|c5,"[863, 1825, 966, 1935]",,False,False,False,False,False,False,True,False,False,True,1.2710280373831775,False,True,True,0.235,quality_flag,ink-outlier,80.46808510638297,197588d38b908f14,684
29113,gold/yen2_page_0282_c02_023.png,yen2,page_0282,2,執,giúp,執,U+57F7,char,GOLD,s1_inter_s2_direct,,0.214,122.0,151.0,934541f6c61f,ok,train,yen2|page_0282|c2,"[1285, 730, 1395, 853]",,False,False,False,False,False,False,True,False,False,True,1.2377049180327868,False,False,False,0.0999999999999999,gold_direct,gold-direct(no-s3),80.46808510638297,2bc63fbd1e7e591a,685
63165,silver/yen4_page_0034_c04_083.png,yen4,page_0034,4,辰,rằng,浪,U+6D6A,char,SILVER,s2_inter_s3_corrected,0.953,0.217,73.0,95.0,8e0e7e5be9cf,ok,train,yen4|page_0034|c4,"[651, 1383, 723, 1460]",0.953,True,False,False,False,False,False,False,False,False,False,1.3013698630136987,False,False,False,0.0,other,clean,80.46808510638297,99e5b4c394a7c5e4,686
52034,gold/yen11_page_0138_c09_195.png,yen11,page_0138,9,仍,nhưng,仍,U+4ECD,char,GOLD,s1_inter_s2_direct,,0.116,89.0,146.0,7b8d82f17b0a,ok,train,yen11|page_0138|c9,"[263, 2158, 363, 2276]",,False,False,False,False,False,False,True,False,False,True,1.6404494382022472,False,False,False,0.0999999999999999,gold_direct,gold-direct(no-s3),80.46808510638297,173bed16f5e5ae58,687
19666,gold/yen2_page_0076_c03_059.png,yen2,page_0076,3,割,cắt,割,U+5272,char,GOLD,s1_inter_s2_direct,,0.24,118.0,147.0,92020d2de83a,ok,train,yen2|page_0076|c3,"[1109, 2027, 1214, 2146]",,False,False,False,False,False,False,True,False,False,True,1.2457627118644068,False,False,False,0.0999999999999999,gold_direct,gold-direct(no-s3),80.46808510638297,be5e0a79c1bce1a7,688
9734,silver/yen2_page_0116_c06_096.png,yen2,page_0116,6,虗,nết,涅,U+6D85,char,SILVER,s2_inter_s3_corrected,0.604,0.212,132.0,133.0,e7f76bf24fd4,ok,val,yen2|page_0116|c6,"[682, 471, 790, 582]",0.604,True,False,False,False,False,False,False,True,False,False,1.0075757575757576,False,False,False,0.35,s3_low,s3=0.60<τ,80.46808510638297,7a3513920c11c696,689
27388,gold/yen2_page_0244_c03_043.png,yen2,page_0244,3,固,có,固,U+56FA,char,GOLD,s1_inter_s2_direct,,0.233,122.0,151.0,14e0f1df0261,ok,train,yen2|page_0244|c3,"[1150, 1066, 1261, 1193]",,False,False,False,False,False,False,True,False,False,True,1.2377049180327868,False,False,False,0.0999999999999999,gold_direct,gold-direct(no-s3),80.46808510638297,ca6f5f3a8b99a745,690
53155,gold/yen11_page_0160_c08_152.png,yen11,page_0160,8,願,nguyện,願,U+9858,char,GOLD,s1_inter_s2_direct,,0.156,96.0,151.0,d8152f6e1634,ok,val,yen11|page_0160|c8,"[575, 2140, 681, 2263]",,False,False,False,False,False,False,True,False,False,True,1.5729166666666667,False,False,False,0.0999999999999999,gold_direct,gold-direct(no-s3),80.46808510638297,20c23356d7428cfe,691
32641,gold/yen4_page_0038_c04_075.png,yen4,page_0038,4,德,Đức,德,U+5FB7,char,GOLD,s1_inter_s2_direct,,0.214,76.0,95.0,76c95b937824,ok,train,yen4|page_0038|c4,"[652, 807, 727, 884]",,False,False,False,False,False,False,True,False,False,True,1.25,False,False,False,0.0999999999999999,gold_direct,gold-direct(no-s3),80.46808510638297,6c95104ef0351b16,692
42392,gold/yen4_page_0242_c03_030.png,yen4,page_0242,3,翁,Ông,翁,U+7FC1,char,GOLD,s1_inter_s2_direct,,0.178,72.0,71.0,4160108e036a,ok,train,yen4|page_0242|c3,"[791, 237, 858, 309]",,False,False,False,False,False,False,True,False,False,True,0.9861111111111112,False,False,False,0.0999999999999999,gold_direct,gold-direct(no-s3),80.46808510638297,9ede9b82b2bba006,693
33129,gold/yen4_page_0048_c01_010.png,yen4,page_0048,1,拱,cũng,拱,U+62F1,char,GOLD,s1_inter_s2_direct,,0.175,69.0,89.0,2579071a828e,ok,train,yen4|page_0048|c1,"[965, 875, 1036, 953]",,False,False,False,False,False,False,True,False,False,True,1.289855072463768,False,False,False,0.0999999999999999,gold_direct,gold-direct(no-s3),80.46808510638297,ced68a003f60d7d9,694
27403,gold/yen2_page_0244_c04_068.png,yen2,page_0244,4,安,An,安,U+5B89,char,GOLD,s1_inter_s2_direct,,0.163,138.0,156.0,d25651a0d662,ok,train,yen2|page_0244|c4,"[1008, 1586, 1122, 1712]",,False,False,False,False,False,False,True,False,False,True,1.1304347826086956,False,False,False,0.0999999999999999,gold_direct,gold-direct(no-s3),80.46808510638297,20c769f0d7acd94f,695
45530,gold/yen4_page_0302_c06_118.png,yen4,page_0302,6,麻,mà,麻,U+9EBB,char,GOLD,s1_inter_s2_direct,,0.131,88.0,106.0,9e76ec558ba8,ok,train,yen4|page_0302|c6,"[492, 1248, 564, 1334]",,False,False,False,False,False,False,True,False,False,True,1.2045454545454546,False,False,False,0.0999999999999999,gold_direct,gold-direct(no-s3),80.46808510638297,be42d0adaa0d258d,696
50021,gold/yen11_page_0100_c05_101.png,yen11,page_0100,5,語,ngữ,語,U+8A9E,char,GOLD,s1_inter_s2_direct,,0.154,123.0,149.0,b7ba334c3950,ok,train,yen11|page_0100|c5,"[863, 2170, 970, 2291]",,False,False,False,False,False,False,True,False,False,True,1.2113821138211385,False,False,False,0.0999999999999999,gold_direct,gold-direct(no-s3),80.46808510638297,463a528dd8d305b3,697
50488,gold/yen11_page_0108_c06_125.png,yen11,page_0108,6,欺,khi,欺,U+6B3A,char,GOLD,s1_inter_s2_direct,,0.204,105.0,142.0,517666dcbacb,ok,train,yen11|page_0108|c6,"[703, 2203, 804, 2319]",,False,False,False,False,False,False,True,False,False,True,1.3523809523809525,False,False,False,0.0999999999999999,gold_direct,gold-direct(no-s3),80.46808510638297,c5ada248447b6506,698
479,gold/yen11_page_0112_c09_181.png,yen11,page_0112,9,弹,đàn,弹,U+5F39,char,GOLD,s1_inter_s2_direct,,0.145,90.0,163.0,1e22503e8a60,tall,val,yen11|page_0112|c9,"[250, 1235, 357, 1368]",,False,False,True,True,False,False,True,False,False,True,1.8111111111111111,True,False,True,0.92,dup_defect,"cross-col(F1),aspect=1.81",80.46808510638297,27ed142d781fc688,699
57728,gold/yen11_page_0252_c05_092.png,yen11,page_0252,5,之,chi,之,U+4E4B,char,GOLD,s1_inter_s2_direct,,0.136,103.0,137.0,65e944f9ee09,ok,train,yen11|page_0252|c5,"[887, 766, 990, 877]",,False,False,False,False,False,False,True,False,False,True,1.3300970873786409,False,False,False,0.0999999999999999,gold_direct,gold-direct(no-s3),80.46808510638297,95ac1c083b9e6fb9,700
30173,gold/yen2_page_0306_c03_055.png,yen2,page_0306,3,施,thí,施,U+65BD,char,GOLD,s1_inter_s2_direct,,0.24,116.0,140.0,040f289a2b6c,ok,train,yen2|page_0306|c3,"[1143, 2323, 1252, 2437]",,False,False,False,False,False,False,True,False,False,True,1.206896551724138,False,False,False,0.0999999999999999,gold_direct,gold-direct(no-s3),80.46808510638297,d657e29adec05d4b,701
66208,silver/yen11_page_0054_c06_108.png,yen11,page_0054,6,栒,Câu,枸,U+67B8,char,SILVER,s2_inter_s3_corrected,0.863,0.227,84.0,132.0,85172116c3c7,ok,train,yen11|page_0054|c6,"[749, 538, 849, 646]",0.863,True,False,False,False,False,False,False,False,False,False,1.5714285714285714,False,False,False,0.0,other,clean,80.46808510638297,05032e32962599a3,702
38072,gold/yen4_page_0152_c01_000.png,yen4,page_0152,1,特,được,特,U+7279,char,GOLD,s1_inter_s2_direct,,0.185,75.0,67.0,ce4c2b1516e1,ok,train,yen4|page_0152|c1,"[951, 224, 1027, 299]",,False,False,False,False,False,False,True,False,False,True,0.8933333333333333,False,False,False,0.0999999999999999,gold_direct,gold-direct(no-s3),80.46808510638297,79386793aa1e27cd,703
40010,gold/yen4_page_0190_c07_135.png,yen4,page_0190,7,没,một,没,U+6CA1,char,GOLD,s1_inter_s2_direct,,0.211,72.0,89.0,f65118af02c0,ok,train,yen4|page_0190|c7,"[383, 544, 453, 619]",,False,False,False,False,False,False,True,False,False,True,1.2361111111111112,False,False,False,0.0999999999999999,gold_direct,gold-direct(no-s3),80.46808510638297,2da0ace490e507df,704
57382,gold/yen11_page_0246_c03_058.png,yen11,page_0246,3,些,ta,些,U+4E9B,char,GOLD,s1_inter_s2_direct,,0.189,91.0,130.0,d6895ed7dc6e,ok,train,yen11|page_0246|c3,"[1183, 1771, 1281, 1877]",,False,False,False,False,False,False,True,False,False,True,1.4285714285714286,False,False,False,0.0999999999999999,gold_direct,gold-direct(no-s3),80.46808510638297,61f40d1542aa6964,705
65197,silver/yen4_page_0244_c02_038.png,yen4,page_0244,2,𣈆,ngày,𣈜,U+2321C,char,SILVER,s2_inter_s3_corrected,0.655,0.187,72.0,93.0,e6491ec3ace3,ok,train,yen4|page_0244|c2,"[859, 1280, 929, 1355]",0.655,True,False,False,False,False,False,False,False,False,False,1.2916666666666667,False,False,False,0.0,other,clean,80.46808510638297,c5647a054000c355,706
41039,gold/yen4_page_0214_c08_164.png,yen4,page_0214,8,吏,lại,吏,U+540F,char,GOLD,s1_inter_s2_direct,,0.128,81.0,100.0,9184886584cb,ok,train,yen4|page_0214|c8,"[281, 1246, 353, 1328]",,False,False,False,False,False,False,True,False,False,True,1.2345679012345678,False,False,False,0.0999999999999999,gold_direct,gold-direct(no-s3),80.46808510638297,2b85eeb7ace82264,707
67831,silver/yen11_page_0266_c09_156.png,yen11,page_0266,9,我,chức,聀,U+8040,char,SILVER,s2_inter_s3_corrected,0.95,0.139,90.0,140.0,41a5d2f90abb,ok,train,yen11|page_0266|c9,"[266, 2202, 358, 2316]",0.95,True,False,False,False,False,False,False,False,False,False,1.5555555555555556,False,False,False,0.0,other,clean,80.46808510638297,b89d0ea9b9d6c188,708
32424,gold/yen4_page_0034_c04_085.png,yen4,page_0034,4,徳,Đức,徳,U+5FB3,char,GOLD,s1_inter_s2_direct,,0.193,86.0,93.0,a39193b1586b,ok,train,yen4|page_0034|c4,"[645, 1513, 715, 1588]",,False,False,False,False,False,False,True,False,False,True,1.0813953488372092,False,False,False,0.0999999999999999,gold_direct,gold-direct(no-s3),80.46808510638297,176ee8be4654514b,709
37485,gold/yen4_page_0138_c09_183.png,yen4,page_0138,9,朱,cho,朱,U+6731,char,GOLD,s1_inter_s2_direct,,0.17,75.0,97.0,518d00798c91,ok,val,yen4|page_0138|c9,"[170, 490, 236, 569]",,False,False,False,False,False,False,True,False,False,True,1.2933333333333332,False,False,False,0.0999999999999999,gold_direct,gold-direct(no-s3),80.46808510638297,372e2817ed7a048d,710
11203,silver/yen11_page_0212_c06_111.png,yen11,page_0212,6,那,tôi,碎,U+788E,char,SILVER,s2_inter_s3_corrected,0.549,0.228,104.0,137.0,93e2ac4fafe7,ok,train,yen11|page_0212|c6,"[715, 992, 820, 1116]",0.549,True,False,False,False,False,False,False,True,False,False,1.3173076923076923,False,False,False,0.35,s3_low,s3=0.55<τ,80.46808510638297,f90465f1d39c8f60,711
63261,silver/yen4_page_0044_c01_000.png,yen4,page_0044,1,嗽,su,秋,U+79CB,char,SILVER,s2_inter_s3_corrected,0.955,0.144,81.0,83.0,b29d6b83ffc3,ok,test,yen4|page_0044|c1,"[948, 264, 1022, 341]",0.955,True,False,False,False,False,False,False,False,False,False,1.0246913580246917,False,False,False,0.0,other,clean,80.46808510638297,06720ec639b2f475,712
12751,gold/yen4_page_0128_c02_036.png,yen4,page_0128,2,鹿,đường,榶,U+69B6,char,GOLD,s1_inter_s2_similar,0.906,0.142,85.0,96.0,06afbd970d0e,ok,train,yen4|page_0128|c2,"[836, 1061, 905, 1139]",0.906,True,False,False,False,True,False,False,False,False,False,1.1294117647058823,False,False,False,0.3,similar_bridge,similar-bridge,80.46808510638297,d33b3bab776fdac0,713
65121,silver/yen4_page_0238_c01_019.png,yen4,page_0238,1,非,mà,麻,U+9EBB,char,SILVER,s2_inter_s3_corrected,0.951,0.138,85.0,96.0,642153d3da9a,ok,train,yen4|page_0238|c1,"[960, 1519, 1029, 1597]",0.951,True,False,False,False,False,False,False,False,False,False,1.1294117647058823,False,False,False,0.0,other,clean,80.46808510638297,195f58861230fbe5,714
57157,gold/yen11_page_0242_c01_010.png,yen11,page_0242,1,吏,lại,吏,U+540F,char,GOLD,s1_inter_s2_direct,,0.234,93.0,156.0,66e8628d526b,ok,train,yen11|page_0242|c1,"[1458, 1460, 1567, 1586]",,False,False,False,False,False,False,True,False,False,True,1.6774193548387095,False,False,False,0.0999999999999999,gold_direct,gold-direct(no-s3),80.46808510638297,8ba221425f27927e,715
10561,silver/yen4_page_0190_c06_125.png,yen4,page_0190,6,幽,càng,强,U+5F3A,char,SILVER,s2_inter_s3_corrected,0.568,0.161,75.0,93.0,14279c282fbd,ok,train,yen4|page_0190|c6,"[483, 1330, 550, 1405]",0.568,True,False,False,False,False,False,False,True,False,False,1.24,False,False,False,0.35,s3_low,s3=0.57<τ,80.46808510638297,8b51c2be5ec47a5a,716
30905,gold/yen2_page_0322_c02_038.png,yen2,page_0322,2,歇,hết,歇,U+6B47,char,GOLD,s1_inter_s2_direct,,0.212,107.0,131.0,857ba63927d4,ok,train,yen2|page_0322|c2,"[1299, 2368, 1407, 2485]",,False,False,False,False,False,False,True,False,False,True,1.2242990654205608,False,False,False,0.0999999999999999,gold_direct,gold-direct(no-s3),80.46808510638297,444c2a80a5a3ade8,717
11636,gold/yen2_page_0078_c05_087.png,yen2,page_0078,5,砰,Tôi,砕,U+7815,char,GOLD,s1_inter_s2_similar,0.819,0.207,136.0,149.0,caa2a369d4ab,ok,train,yen2|page_0078|c5,"[862, 779, 972, 900]",0.819,True,False,False,False,True,False,False,False,False,False,1.0955882352941178,False,False,False,0.3,similar_bridge,similar-bridge,80.46808510638297,2ce6a48d0d2c0945,718
51126,gold/yen11_page_0120_c08_163.png,yen11,page_0120,8,命,mình,命,U+547D,char,GOLD,s1_inter_s2_direct,,0.168,108.0,141.0,2b4c181103b9,ok,train,yen11|page_0120|c8,"[408, 785, 514, 900]",,False,False,False,False,False,False,True,False,False,True,1.3055555555555556,False,False,False,0.0999999999999999,gold_direct,gold-direct(no-s3),80.46808510638297,8ccf6081b296e240,719
3928,gold/yen4_page_0066_c05_108.png,yen4,page_0066,5,氓,ngần,銀,U+9280,char,GOLD,s1_inter_s2_similar,0.498,0.149,87.0,96.0,5e8c2225707e,ok,train,yen4|page_0066|c5,"[568, 1385, 639, 1463]",0.498,True,False,False,False,True,False,False,True,True,False,1.103448275862069,False,False,False,0.7,similar_bridge_lowcos,"similar-bridge,s3=0.50<τ",80.46808510638297,794c774f06a1a86d,720
11115,silver/yen11_page_0158_c05_094.png,yen11,page_0158,5,尺,nơi,尼,U+5C3C,char,SILVER,s2_inter_s3_corrected,0.542,0.22,96.0,133.0,e89d39509c26,ok,train,yen11|page_0158|c5,"[873, 778, 979, 887]",0.542,True,False,False,False,False,False,False,True,False,False,1.3854166666666667,False,False,False,0.35,s3_low,s3=0.54<τ,80.46808510638297,d57c0ddac9adcaea,721
39660,gold/yen4_page_0184_c01_000.png,yen4,page_0184,1,功,công,功,U+529F,char,GOLD,s1_inter_s2_direct,,0.126,63.0,83.0,416661db1d45,ok,train,yen4|page_0184|c1,"[967, 250, 1033, 317]",,False,False,False,False,False,False,True,False,False,True,1.3174603174603174,False,False,False,0.0999999999999999,gold_direct,gold-direct(no-s3),80.46808510638297,81c612164ebaa1c6,722
54435,gold/yen11_page_0186_c04_078.png,yen11,page_0186,4,麻,mà,麻,U+9EBB,char,GOLD,s1_inter_s2_direct,,0.19,117.0,142.0,302a1ef3b9eb,ok,train,yen11|page_0186|c4,"[1032, 2130, 1140, 2246]",,False,False,False,False,False,False,True,False,False,True,1.2136752136752136,False,False,False,0.0999999999999999,gold_direct,gold-direct(no-s3),80.46808510638297,a578406c404aa267,723
46095,gold/yen11_page_0018_c02_024.png,yen11,page_0018,2,庄,chăng,庄,U+5E84,char,GOLD,s1_inter_s2_direct,,0.213,102.0,141.0,220a8af577a0,ok,train,yen11|page_0018|c2,"[1318, 699, 1421, 814]",,False,False,False,False,False,False,True,False,False,True,1.3823529411764706,False,False,False,0.0999999999999999,gold_direct,gold-direct(no-s3),80.46808510638297,8d19bf2509f7036e,724
28168,gold/yen2_page_0262_c01_015.png,yen2,page_0262,1,朱,cho,朱,U+6731,char,GOLD,s1_inter_s2_direct,,0.192,98.0,147.0,05a1d2020261,ok,train,yen2|page_0262|c1,"[1435, 2059, 1544, 2178]",,False,False,False,False,False,False,True,False,False,True,1.5,False,False,False,0.0999999999999999,gold_direct,gold-direct(no-s3),80.46808510638297,4f57216985c61a6b,725
21232,gold/yen2_page_0108_c04_056.png,yen2,page_0108,4,主,Chúa,主,U+4E3B,char,GOLD,s1_inter_s2_direct,,0.185,121.0,140.0,fa392281b455,ok,train,yen2|page_0108|c4,"[1004, 635, 1109, 749]",,False,False,False,False,False,False,True,False,False,True,1.1570247933884297,False,False,False,0.0999999999999999,gold_direct,gold-direct(no-s3),80.46808510638297,729ad26cf746d4cf,726
8300,syllable/yen11_page_0198_c03_058.png,yen11,page_0198,3,滋,nước,,,syllable,SYLLABLE,nghia_consensus,0.027,0.166,119.0,131.0,8b3c221dc8a0,ok,train,yen11|page_0198|c3,"[1651, 1829, 1757, 1936]",0.027,True,False,False,False,False,False,False,True,True,False,1.100840336134454,False,False,False,0.6,s3_low,s3=0.03<τ,80.46808510638297,66b0506f666627e8,727
40082,gold/yen4_page_0192_c05_084.png,yen4,page_0192,5,道,đạo,道,U+9053,char,GOLD,s1_inter_s2_direct,,0.168,75.0,96.0,5cfa675ce05c,ok,test,yen4|page_0192|c5,"[552, 1112, 624, 1190]",,False,False,False,False,False,False,True,False,False,True,1.28,False,False,False,0.0999999999999999,gold_direct,gold-direct(no-s3),80.46808510638297,9591f30d99ed8cf3,728
53057,gold/yen11_page_0158_c05_109.png,yen11,page_0158,5,体,thấy,体,U+4F53,char,GOLD,s1_inter_s2_direct,,0.205,117.0,129.0,14e58013538a,ok,train,yen11|page_0158|c5,"[862, 2071, 969, 2176]",,False,False,False,False,False,False,True,False,False,True,1.1025641025641026,False,False,False,0.0999999999999999,gold_direct,gold-direct(no-s3),80.46808510638297,c9c8ac3ea8d5154e,729
66994,syllable/yen11_page_0156_c08_176.png,yen11,page_0156,8,姑,gô,,,syllable,SYLLABLE,nghia_consensus,0.681,0.17,105.0,152.0,f6c975103716,ok,train,yen11|page_0156|c8,"[426, 2136, 537, 2260]",0.681,True,False,False,False,False,False,False,False,False,False,1.4476190476190476,False,False,False,0.0,other,clean,80.46808510638297,f83a4e8c7d8bb066,730
19562,gold/yen2_page_0074_c04_063.png,yen2,page_0074,4,支,Giê,支,U+652F,char,GOLD,s1_inter_s2_direct,,0.228,112.0,140.0,def556d70cb7,ok,train,yen2|page_0074|c4,"[971, 576, 1076, 690]",,False,False,False,False,False,False,True,False,False,True,1.25,False,False,False,0.0999999999999999,gold_direct,gold-direct(no-s3),80.46808510638297,012921011e5985ed,731
46968,gold/yen11_page_0034_c05_089.png,yen11,page_0034,5,打,đánh,打,U+6253,char,GOLD,s1_inter_s2_direct,,0.217,118.0,136.0,8450827f7b36,ok,val,yen11|page_0034|c5,"[868, 603, 976, 715]",,False,False,False,False,False,False,True,False,False,True,1.152542372881356,False,False,False,0.0999999999999999,gold_direct,gold-direct(no-s3),80.46808510638297,e07fa88b062d66aa,732
9903,silver/yen2_page_0192_c09_151.png,yen2,page_0192,9,竝,nữa,女,U+5973,char,SILVER,s2_inter_s3_corrected,0.519,0.227,130.0,159.0,cbd8c73d3d1c,ok,train,yen2|page_0192|c9,"[193, 704, 299, 833]",0.519,True,False,False,False,False,False,False,True,False,False,1.2230769230769232,False,False,False,0.35,s3_low,s3=0.52<τ,80.46808510638297,1b10bf5f91193a23,733
67694,silver/yen11_page_0248_c04_068.png,yen11,page_0248,4,姻,điều,調,U+8ABF,char,SILVER,s2_inter_s3_corrected,0.958,0.228,93.0,137.0,35b4d6ea6451,ok,train,yen11|page_0248|c4,"[1018, 1046, 1120, 1157]",0.958,True,False,False,False,False,False,False,False,False,False,1.4731182795698925,False,False,False,0.0,other,clean,80.46808510638297,fd38ae3ab9b620a3,734
33064,gold/yen4_page_0046_c05_097.png,yen4,page_0046,5,爲,vì,爲,U+7232,char,GOLD,s1_inter_s2_direct,,0.172,80.0,95.0,01602018992a,ok,test,yen4|page_0046|c5,"[580, 749, 648, 826]",,False,False,False,False,False,False,True,False,False,True,1.1875,False,False,False,0.0999999999999999,gold_direct,gold-direct(no-s3),80.46808510638297,1aceaa84f23b2860,735
24531,gold/yen2_page_0176_c07_113.png,yen2,page_0176,7,麻,mà,麻,U+9EBB,char,GOLD,s1_inter_s2_direct,,0.232,121.0,151.0,23a1377c6b09,ok,train,yen2|page_0176|c7,"[515, 584, 623, 707]",,False,False,False,False,False,False,True,False,False,True,1.2479338842975207,False,False,False,0.0999999999999999,gold_direct,gold-direct(no-s3),80.46808510638297,a4f0b7f18a73dc8b,736
56050,gold/yen11_page_0218_c03_040.png,yen11,page_0218,3,体,thấy,体,U+4F53,char,GOLD,s1_inter_s2_direct,,0.204,94.0,110.0,300e6f1aeadb,ok,train,yen11|page_0218|c3,"[1137, 424, 1238, 530]",,False,False,False,False,False,False,True,False,False,True,1.1702127659574468,False,False,False,0.0999999999999999,gold_direct,gold-direct(no-s3),80.46808510638297,a2ef0481287a5bc1,737
42912,gold/yen4_page_0252_c02_037.png,yen4,page_0252,2,巴,ba,巴,U+5DF4,char,GOLD,s1_inter_s2_direct,,0.117,71.0,88.0,33ef24da264c,ok,train,yen4|page_0252|c2,"[862, 1058, 927, 1130]",,False,False,False,False,False,False,True,False,False,True,1.2394366197183098,False,False,False,0.0999999999999999,gold_direct,gold-direct(no-s3),80.46808510638297,01a2d3e5f91523c2,738
19496,gold/yen2_page_0072_c06_112.png,yen2,page_0072,6,年,nên,年,U+5E74,char,GOLD,s1_inter_s2_direct,,0.255,111.0,138.0,75e46d50bef7,ok,train,yen2|page_0072|c6,"[646, 2320, 750, 2432]",,False,False,False,False,False,False,True,False,False,True,1.2432432432432432,False,False,False,0.0999999999999999,gold_direct,gold-direct(no-s3),80.46808510638297,043a0c493179062c,739
63234,silver/yen4_page_0040_c05_090.png,yen4,page_0040,5,三,Đến,旦,U+65E6,char,SILVER,s2_inter_s3_corrected,0.908,0.153,78.0,89.0,4db9ee5781a1,ok,train,yen4|page_0040|c5,"[572, 554, 640, 627]",0.908,True,False,False,False,False,False,False,False,False,False,1.141025641025641,False,False,False,0.0,other,clean,80.46808510638297,11e8cbd0cae509b2,740
24559,gold/yen2_page_0176_c09_163.png,yen2,page_0176,9,奴,no,奴,U+5974,char,GOLD,s1_inter_s2_direct,,0.2,97.0,168.0,15dab648198d,ok,train,yen2|page_0176|c9,"[193, 1949, 305, 2085]",,False,False,False,False,False,False,True,False,False,True,1.731958762886598,False,False,False,0.0999999999999999,gold_direct,gold-direct(no-s3),80.46808510638297,e8a0645ea151eae1,741
4147,gold/yen11_page_0164_c04_078.png,yen11,page_0164,4,之,nhất,弌,U+5F0C,char,GOLD,s1_inter_s2_similar,0.445,0.118,99.0,95.0,4d896d7542ea,ok,train,yen11|page_0164|c4,"[1028, 2139, 1135, 2216]",0.445,True,False,False,False,True,False,False,True,True,False,0.9595959595959596,False,False,False,0.7,similar_bridge_lowcos,"similar-bridge,s3=0.45<τ",80.46808510638297,2daab0753506b768,742
7524,syllable/yen11_page_0058_c01_016.png,yen11,page_0058,1,洋,còn,,,syllable,SYLLABLE,nghia_consensus,0.135,0.225,96.0,141.0,4c2a3c5c4234,ok,train,yen11|page_0058|c1,"[1479, 2033, 1582, 2148]",0.135,True,False,False,False,False,False,False,True,True,False,1.46875,False,False,False,0.6,s3_low,s3=0.14<τ,80.46808510638297,396cef44805eacfe,743
31082,gold/yen2_page_0324_c08_150.png,yen2,page_0324,8,罰,phạt,罰,U+7F70,char,GOLD,s1_inter_s2_direct,,0.172,109.0,161.0,c4d1721d7000,ok,train,yen2|page_0324|c8,"[407, 1756, 516, 1887]",,False,False,False,False,False,False,True,False,False,True,1.4770642201834865,False,False,False,0.0999999999999999,gold_direct,gold-direct(no-s3),80.46808510638297,6590f87fdc4d006a,744
28214,gold/yen2_page_0262_c06_099.png,yen2,page_0262,6,特,được,特,U+7279,char,GOLD,s1_inter_s2_direct,,0.233,101.0,140.0,a569db902ca3,ok,val,yen2|page_0262|c6,"[680, 642, 787, 756]",,False,False,False,False,False,False,True,False,False,True,1.386138613861386,False,False,False,0.0999999999999999,gold_direct,gold-direct(no-s3),80.46808510638297,df510047308be8fe,745
62719,silver/yen2_page_0294_c06_110.png,yen2,page_0294,6,架,thầy,柴,U+67F4,char,SILVER,s2_inter_s3_corrected,0.981,0.165,127.0,151.0,5b7d3694740b,ok,train,yen2|page_0294|c6,"[696, 1260, 800, 1383]",0.981,True,False,False,False,False,False,False,False,False,False,1.188976377952756,False,False,False,0.0,other,clean,80.46808510638297,16f2e74e40decbf6,746
67850,silver/yen11_page_0270_c03_048.png,yen11,page_0270,3,母,cả,竒,U+7AD2,char,SILVER,s2_inter_s3_corrected,0.799,0.226,97.0,149.0,787c4b737ff2,ok,train,yen11|page_0270|c3,"[1166, 894, 1268, 1015]",0.799,True,False,False,False,False,False,False,False,False,False,1.5360824742268042,False,False,False,0.0,other,clean,80.46808510638297,48c0d0a2cf41a087,747
11205,syllable/yen11_page_0212_c08_167.png,yen11,page_0212,8,戈,cùng,,,syllable,SYLLABLE,nghia_consensus,0.528,0.161,100.0,120.0,6e7e12b4420c,ok,train,yen11|page_0212|c8,"[400, 2357, 501, 2468]",0.528,True,False,False,False,False,False,False,True,False,False,1.2,False,False,False,0.35,s3_low,s3=0.53<τ,80.46808510638297,e724ac488e20f4db,748
62746,silver/yen2_page_0298_c02_029.png,yen2,page_0298,2,來,cho,朱,U+6731,char,SILVER,s2_inter_s3_corrected,0.929,0.187,103.0,156.0,7e85c5349ad2,ok,train,yen2|page_0298|c2,"[1271, 1573, 1384, 1699]",0.929,True,False,False,False,False,False,False,False,False,False,1.5145631067961165,False,False,False,0.0,other,clean,80.46808510638297,5920c74e4863caf6,749
11836,gold/yen2_page_0138_c03_063.png,yen2,page_0138,3,閱,muốn,悶,U+60B6,char,GOLD,s1_inter_s2_similar,0.973,0.226,106.0,138.0,502e46583c2d,ok,train,yen2|page_0138|c3,"[1156, 2131, 1256, 2243]",0.973,True,False,False,False,True,False,False,False,False,False,1.30188679245283,False,False,False,0.3,similar_bridge,similar-bridge,80.46808510638297,ee311ee3b74843ec,750
6145,syllable/yen4_page_0022_c03_051.png,yen4,page_0022,3,丸,đem,,,syllable,SYLLABLE,nghia_consensus,0.157,0.164,67.0,79.0,b97336e1d8fb,ok,test,yen4|page_0022|c3,"[761, 774, 832, 847]",0.157,True,False,False,False,False,False,False,True,True,False,1.1791044776119404,False,False,False,0.6,s3_low,s3=0.16<τ,80.46808510638297,1cf2f8d30725b8f2,751
67516,silver/yen11_page_0222_c07_132.png,yen11,page_0222,7,祀,lấy,礼,U+793C,char,SILVER,s2_inter_s3_corrected,0.878,0.215,106.0,128.0,52b748609c6f,ok,train,yen11|page_0222|c7,"[579, 708, 681, 821]",0.878,True,False,False,False,False,False,False,False,False,False,1.2075471698113207,False,False,False,0.0,other,clean,80.46808510638297,a40938cc1a398042,752
38386,gold/yen4_page_0158_c03_065.png,yen4,page_0158,3,礼,lấy,礼,U+793C,char,GOLD,s1_inter_s2_direct,,0.137,84.0,89.0,dcae57aef250,ok,train,yen4|page_0158|c3,"[766, 1562, 834, 1635]",,False,False,False,False,False,False,True,False,False,True,1.0595238095238095,False,False,False,0.0999999999999999,gold_direct,gold-direct(no-s3),80.46808510638297,1dae4c3d6fb37978,753
31397,gold/yen4_page_0012_c08_163.png,yen4,page_0012,8,贖,chuộc,贖,U+8D16,char,GOLD,s1_inter_s2_direct,,0.162,85.0,94.0,6b1d0a33cd44,ok,train,yen4|page_0012|c8,"[254, 1447, 325, 1523]",,False,False,False,False,False,False,True,False,False,True,1.1058823529411763,False,False,False,0.0999999999999999,gold_direct,gold-direct(no-s3),80.46808510638297,1bd6e8caaa6602a6,754
37418,gold/yen4_page_0138_c03_052.png,yen4,page_0138,3,德,Đức,德,U+5FB7,char,GOLD,s1_inter_s2_direct,,0.132,84.0,94.0,c76b78076104,ok,train,yen4|page_0138|c3,"[752, 722, 823, 798]",,False,False,False,False,False,False,True,False,False,True,1.119047619047619,False,False,False,0.0999999999999999,gold_direct,gold-direct(no-s3),80.46808510638297,ad03b8148307de6a,755
65728,silver/yen4_page_0294_c01_000.png,yen4,page_0294,1,丑,cùng,共,U+5171,char,SILVER,s2_inter_s3_corrected,0.94,0.133,58.0,75.0,0c0410331635,ok,train,yen4|page_0294|c1,"[945, 236, 1016, 309]",0.94,True,False,False,False,False,False,False,False,False,False,1.293103448275862,False,False,False,0.0,other,clean,80.46808510638297,92123c97a446db82,756
40532,gold/yen4_page_0204_c05_101.png,yen4,page_0204,5,麻,mà,麻,U+9EBB,char,GOLD,s1_inter_s2_direct,,0.17,72.0,89.0,0b453ba17293,ok,train,yen4|page_0204|c5,"[568, 820, 635, 893]",,False,False,False,False,False,False,True,False,False,True,1.2361111111111112,False,False,False,0.0999999999999999,gold_direct,gold-direct(no-s3),80.46808510638297,496d43560822388e,757
56320,gold/yen11_page_0222_c08_163.png,yen11,page_0222,8,施,thí,施,U+65BD,char,GOLD,s1_inter_s2_direct,,0.237,82.0,132.0,268524da5408,ok,val,yen11|page_0222|c8,"[434, 1484, 528, 1592]",,False,False,False,False,False,False,True,False,False,True,1.6097560975609757,False,False,False,0.0999999999999999,gold_direct,gold-direct(no-s3),80.46808510638297,d25e477ad4006968,758
9471,syllable/yen2_page_0018_c02_029.png,yen2,page_0018,2,衣,I,,,syllable,SYLLABLE,nghia_consensus,0.579,0.149,115.0,141.0,308780fa4c91,ok,train,yen2|page_0018|c2,"[1296, 1088, 1398, 1203]",0.579,True,False,False,False,False,False,False,True,False,False,1.2260869565217392,False,False,False,0.35,s3_low,s3=0.58<τ,80.46808510638297,187595507e4e83ea,759
64686,silver/yen4_page_0190_c08_170.png,yen4,page_0190,8,𠊓,thương,傷,U+50B7,char,SILVER,s2_inter_s3_corrected,0.944,0.203,80.0,105.0,06c5243b3ddc,ok,train,yen4|page_0190|c8,"[279, 1440, 355, 1525]",0.944,True,False,False,False,False,False,False,False,False,False,1.3125,False,False,False,0.0,other,clean,80.46808510638297,c3de8a84b43101d9,760
37995,gold/yen4_page_0150_c04_071.png,yen4,page_0150,4,意,ấy,意,U+610F,char,GOLD,s1_inter_s2_direct,,0.185,70.0,98.0,e266959a2886,ok,train,yen4|page_0150|c4,"[666, 562, 736, 642]",,False,False,False,False,False,False,True,False,False,True,1.4,False,False,False,0.0999999999999999,gold_direct,gold-direct(no-s3),80.46808510638297,b4d42d38b7c9454b,761
50139,gold/yen11_page_0102_c04_086.png,yen11,page_0102,4,特,được,特,U+7279,char,GOLD,s1_inter_s2_direct,,0.212,100.0,115.0,22639a53fb16,ok,train,yen11|page_0102|c4,"[1023, 2359, 1128, 2465]",,False,False,False,False,False,False,True,False,False,True,1.15,False,False,False,0.0999999999999999,gold_direct,gold-direct(no-s3),80.46808510638297,3d65c224dcd9a938,762
29355,gold/yen2_page_0286_c08_150.png,yen2,page_0286,8,伯,bạc,伯,U+4F2F,char,GOLD,s1_inter_s2_direct,,0.142,120.0,159.0,d4af79cdea2c,ok,train,yen2|page_0286|c8,"[382, 2170, 497, 2299]",,False,False,False,False,False,False,True,False,False,True,1.325,False,False,False,0.0999999999999999,gold_direct,gold-direct(no-s3),80.46808510638297,b4ce1a8c2639965f,763
9331,gold/yen11_page_0056_c09_175.png,yen11,page_0056,9,旱,người,㝵,U+3775,char,GOLD,s1_inter_s2_similar,0.914,0.09,100.0,141.0,49365f960b73,ok,train,yen11|page_0056|c9,"[270, 1176, 374, 1291]",0.914,True,False,False,False,True,False,False,False,False,False,1.41,False,True,True,0.405,similar_bridge,"similar-bridge,ink-outlier",80.46808510638297,4ada0894b8db4e82,764
16128,silver/yen4_page_0260_c08_169.png,yen4,page_0260,8,后,thay,台,U+53F0,char,SILVER,s2_inter_s3_corrected,0.761,0.137,54.0,98.0,55530d76dbfb,tall,train,yen4|page_0260|c8,"[276, 977, 344, 1057]",0.761,True,False,False,False,False,False,False,False,False,False,1.8148148148148149,True,False,True,0.1999999999999999,quality_flag,aspect=1.81,80.46808510638297,898ee2e1c4548599,765
39219,gold/yen4_page_0172_c08_182.png,yen4,page_0172,8,欺,Khi,欺,U+6B3A,char,GOLD,s1_inter_s2_direct,,0.128,76.0,86.0,fcce6b6ab9fc,ok,train,yen4|page_0172|c8,"[279, 760, 341, 830]",,False,False,False,False,False,False,True,False,False,True,1.131578947368421,False,False,False,0.0999999999999999,gold_direct,gold-direct(no-s3),80.46808510638297,3843ebdde677b21a,766
57423,gold/yen11_page_0246_c07_148.png,yen11,page_0246,7,内,nói,内,U+5185,char,GOLD,s1_inter_s2_direct,,0.227,73.0,130.0,64ddc69cf77b,ok,train,yen11|page_0246|c7,"[557, 1845, 657, 1951]",,False,False,False,False,False,False,True,False,False,True,1.7808219178082192,False,False,False,0.0999999999999999,gold_direct,gold-direct(no-s3),80.46808510638297,1947d41e7d5ddd93,767
8347,syllable/yen11_page_0206_c05_094.png,yen11,page_0206,5,人,ấy,,,syllable,SYLLABLE,nghia_consensus,0.085,0.127,101.0,155.0,1a84c98153f0,ok,val,yen11|page_0206|c5,"[863, 1298, 973, 1423]",0.085,True,False,False,False,False,False,False,True,True,False,1.534653465346535,False,False,False,0.6,s3_low,s3=0.09<τ,80.46808510638297,809f4fc28a5d2eae,768
67373,silver/yen11_page_0206_c04_069.png,yen11,page_0206,4,惸,rất,慄,U+6144,char,SILVER,s2_inter_s3_corrected,0.947,0.189,99.0,147.0,4de0733c47e1,ok,train,yen11|page_0206|c4,"[1022, 697, 1127, 816]",0.947,True,False,False,False,False,False,False,False,False,False,1.4848484848484849,False,False,False,0.0,other,clean,80.46808510638297,25090a7672057036,769
1698,gold/yen4_page_0274_c08_171.png,yen4,page_0274,8,廩,lắm,廩,U+5EE9,char,GOLD,s1_inter_s2_direct,,0.189,67.0,95.0,e2147b387103,ok,val,yen4|page_0274|c8,"[384, 1267, 453, 1344]",,False,False,True,True,False,False,True,False,False,True,1.417910447761194,False,False,False,0.9,dup_defect,cross-col(F1),80.46808510638297,758b6bbe96eee154,770
29445,gold/yen2_page_0288_c08_152.png,yen2,page_0288,8,㝵,người,㝵,U+3775,char,GOLD,s1_inter_s2_direct,,0.194,108.0,147.0,0676e7e986c0,ok,train,yen2|page_0288|c8,"[397, 1847, 505, 1966]",,False,False,False,False,False,False,True,False,False,True,1.3611111111111112,False,False,False,0.0999999999999999,gold_direct,gold-direct(no-s3),80.46808510638297,fe2d8b46a3baeecc,771
20540,gold/yen2_page_0094_c02_045.png,yen2,page_0094,2,也,đã,也,U+4E5F,char,GOLD,s1_inter_s2_direct,,0.206,125.0,131.0,675d59e6536b,ok,test,yen2|page_0094|c2,"[1280, 2328, 1384, 2435]",,False,False,False,False,False,False,True,False,False,True,1.048,False,False,False,0.0999999999999999,gold_direct,gold-direct(no-s3),80.46808510638297,7213189ab96d15a6,772
26681,gold/yen2_page_0228_c06_100.png,yen2,page_0228,6,于,Vu,于,U+4E8E,char,GOLD,s1_inter_s2_direct,,0.156,128.0,145.0,5da110a295c5,ok,train,yen2|page_0228|c6,"[705, 2027, 812, 2144]",,False,False,False,False,False,False,True,False,False,True,1.1328125,False,False,False,0.0999999999999999,gold_direct,gold-direct(no-s3),80.46808510638297,78c6d2b78950f025,773
50225,gold/yen11_page_0104_c04_061.png,yen11,page_0104,4,吒,cha,吒,U+5412,char,GOLD,s1_inter_s2_direct,,0.208,115.0,132.0,29ee7804cdba,ok,train,yen11|page_0104|c4,"[1036, 1224, 1141, 1343]",,False,False,False,False,False,False,True,False,False,True,1.1478260869565218,False,False,False,0.0999999999999999,gold_direct,gold-direct(no-s3),80.46808510638297,31d3e2b99663d031,774
4573,syllable/yen11_page_0210_c03_063.png,yen11,page_0210,3,人,ấy,,,syllable,SYLLABLE,nghia_consensus,0.066,0.379,91.0,65.0,392c7aeeea59,ok,train,yen11|page_0210|c3,"[1336, 2361, 1443, 2414]",0.066,True,False,False,False,False,False,False,True,True,False,0.7142857142857143,False,True,True,0.6599999999999999,s3_low,"s3=0.07<τ,ink-outlier",80.46808510638297,1889e714455427d3,775
33493,gold/yen4_page_0054_c08_155.png,yen4,page_0054,8,貞,trinh,貞,U+8C9E,char,GOLD,s1_inter_s2_direct,,0.215,65.0,104.0,4ebd18164708,ok,train,yen4|page_0054|c8,"[292, 726, 364, 810]",,False,False,False,False,False,False,True,False,False,True,1.6,False,False,False,0.0999999999999999,gold_direct,gold-direct(no-s3),80.46808510638297,cdd4577f63775d3a,776
49127,gold/yen11_page_0078_c04_074.png,yen11,page_0078,4,事,sự,事,U+4E8B,char,GOLD,s1_inter_s2_direct,,0.183,94.0,139.0,d882f17ad3e1,ok,train,yen11|page_0078|c4,"[989, 1142, 1093, 1255]",,False,False,False,False,False,False,True,False,False,True,1.4787234042553192,False,False,False,0.0999999999999999,gold_direct,gold-direct(no-s3),80.46808510638297,871eb81eb5bf676c,777
29984,gold/yen2_page_0302_c03_052.png,yen2,page_0302,3,秋,su,秋,U+79CB,char,GOLD,s1_inter_s2_direct,,0.235,112.0,149.0,5caa177c5597,ok,test,yen2|page_0302|c3,"[1151, 1761, 1260, 1882]",,False,False,False,False,False,False,True,False,False,True,1.3303571428571428,False,False,False,0.0999999999999999,gold_direct,gold-direct(no-s3),80.46808510638297,22d5c73ef0dd2869,778
35074,gold/yen4_page_0084_c09_193.png,yen4,page_0084,9,仍,những,仍,U+4ECD,char,GOLD,s1_inter_s2_direct,,0.154,69.0,89.0,8971214b0224,ok,train,yen4|page_0084|c9,"[153, 1006, 224, 1081]",,False,False,False,False,False,False,True,False,False,True,1.289855072463768,False,False,False,0.0999999999999999,gold_direct,gold-direct(no-s3),80.46808510638297,9fa3b5b0c23918c3,779
49701,gold/yen11_page_0094_c01_015.png,yen11,page_0094,1,呈,Trình,呈,U+5448,char,GOLD,s1_inter_s2_direct,,0.204,99.0,137.0,76aba37a580f,ok,train,yen11|page_0094|c1,"[1468, 1785, 1572, 1896]",,False,False,False,False,False,False,True,False,False,True,1.383838383838384,False,False,False,0.0999999999999999,gold_direct,gold-direct(no-s3),80.46808510638297,27f7b341d5b1f436,780
16532,gold/yen2_page_0014_c05_110.png,yen2,page_0014,5,徳,Đức,徳,U+5FB3,char,GOLD,s1_inter_s2_direct,,0.233,126.0,117.0,e753ad6623c9,ok,test,yen2|page_0014|c5,"[827, 2419, 929, 2514]",,False,False,False,False,False,False,True,False,False,True,0.9285714285714286,False,False,False,0.0999999999999999,gold_direct,gold-direct(no-s3),80.46808510638297,7bcc82816c4fa141,781
35531,gold/yen4_page_0094_c08_153.png,yen4,page_0094,8,眉,mày,眉,U+7709,char,GOLD,s1_inter_s2_direct,,0.159,78.0,76.0,1cdc4bec8132,ok,train,yen4|page_0094|c8,"[260, 242, 330, 318]",,False,False,False,False,False,False,True,False,False,True,0.9743589743589745,False,False,False,0.0999999999999999,gold_direct,gold-direct(no-s3),80.46808510638297,4fef530b23a22f3b,782
29638,gold/yen2_page_0294_c02_021.png,yen2,page_0294,2,麻,mà,麻,U+9EBB,char,GOLD,s1_inter_s2_direct,,0.207,109.0,148.0,b82319f203e0,ok,train,yen2|page_0294|c2,"[1281, 581, 1389, 701]",,False,False,False,False,False,False,True,False,False,True,1.3577981651376148,False,False,False,0.0999999999999999,gold_direct,gold-direct(no-s3),80.46808510638297,2476a1c29ddeeaeb,783
8057,syllable/yen11_page_0152_c02_035.png,yen11,page_0152,2,白,làm,,,syllable,SYLLABLE,nghia_consensus,0.402,0.173,92.0,146.0,e50e8c7cbd90,ok,val,yen11|page_0152|c2,"[1340, 1737, 1442, 1855]",0.402,True,False,False,False,False,False,False,True,True,False,1.5869565217391304,False,False,False,0.6,s3_low,s3=0.40<τ,80.46808510638297,2556e0a8dc0d6e28,784
34804,gold/yen4_page_0080_c04_085.png,yen4,page_0080,4,仕,sẽ,仕,U+4ED5,char,GOLD,s1_inter_s2_direct,,0.182,82.0,79.0,3543e0de8889,ok,train,yen4|page_0080|c4,"[643, 1580, 719, 1652]",,False,False,False,False,False,False,True,False,False,True,0.9634146341463414,False,False,False,0.0999999999999999,gold_direct,gold-direct(no-s3),80.46808510638297,cd6a53de9fe10d93,785
13650,gold/yen11_page_0128_c06_115.png,yen11,page_0128,6,婚,vợ,嬏,U+5B0F,char,GOLD,s1_inter_s2_similar,0.919,0.234,99.0,138.0,f02244fce625,ok,train,yen11|page_0128|c6,"[709, 897, 810, 1009]",0.919,True,False,False,False,True,False,False,False,False,False,1.393939393939394,False,False,False,0.3,similar_bridge,similar-bridge,80.46808510638297,ac661122c3c97e22,786
56912,gold/yen11_page_0236_c06_111.png,yen11,page_0236,6,尼,này,尼,U+5C3C,char,GOLD,s1_inter_s2_direct,,0.137,98.0,140.0,348d58f50501,ok,test,yen11|page_0236|c6,"[715, 512, 814, 626]",,False,False,False,False,False,False,True,False,False,True,1.4285714285714286,False,False,False,0.0999999999999999,gold_direct,gold-direct(no-s3),80.46808510638297,29ae77987935ba87,787
65304,silver/yen4_page_0256_c03_049.png,yen4,page_0256,3,羽,Song,双,U+53CC,char,SILVER,s2_inter_s3_corrected,0.803,0.168,65.0,86.0,0455f5c70ec2,ok,train,yen4|page_0256|c3,"[752, 1515, 823, 1585]",0.803,True,False,False,False,False,False,False,False,False,False,1.323076923076923,False,False,False,0.0,other,clean,80.46808510638297,8c8e8c261b66b2ae,788
20092,gold/yen2_page_0084_c06_129.png,yen2,page_0084,6,福,phúc,福,U+798F,char,GOLD,s1_inter_s2_direct,,0.219,129.0,139.0,4feb2944ee31,ok,train,yen2|page_0084|c6,"[669, 2411, 774, 2524]",,False,False,False,False,False,False,True,False,False,True,1.0775193798449612,False,False,False,0.0999999999999999,gold_direct,gold-direct(no-s3),80.46808510638297,a654cc9e728c525f,789
31643,gold/yen4_page_0018_c03_035.png,yen4,page_0018,3,徳,Đức,徳,U+5FB3,char,GOLD,s1_inter_s2_direct,,0.159,78.0,95.0,23d8fbc911d9,ok,train,yen4|page_0018|c3,"[732, 316, 806, 393]",,False,False,False,False,False,False,True,False,False,True,1.2179487179487178,False,False,False,0.0999999999999999,gold_direct,gold-direct(no-s3),80.46808510638297,4a655a35fa227244,790
41339,gold/yen4_page_0220_c07_131.png,yen4,page_0220,7,餅,bánh,餅,U+9905,char,GOLD,s1_inter_s2_direct,,0.159,69.0,107.0,c825969bfce2,ok,train,yen4|page_0220|c7,"[385, 794, 456, 881]",,False,False,False,False,False,False,True,False,False,True,1.5507246376811594,False,False,False,0.0999999999999999,gold_direct,gold-direct(no-s3),80.46808510638297,78996e87fca6a92b,791
56146,gold/yen11_page_0220_c02_033.png,yen11,page_0220,2,平,bằng,平,U+5E73,char,GOLD,s1_inter_s2_direct,,0.175,89.0,141.0,2d5191604819,ok,train,yen11|page_0220|c2,"[1348, 1435, 1449, 1550]",,False,False,False,False,False,False,True,False,False,True,1.5842696629213484,False,False,False,0.0999999999999999,gold_direct,gold-direct(no-s3),80.46808510638297,6b6633c3b165d39e,792
60880,silver/yen2_page_0088_c07_140.png,yen2,page_0088,7,姦,Nhà,茹,U+8339,char,SILVER,s2_inter_s3_corrected,0.794,0.166,132.0,155.0,c886cf07b796,ok,train,yen2|page_0088|c7,"[523, 1600, 631, 1725]",0.794,True,False,False,False,False,False,False,False,False,False,1.1742424242424243,False,False,False,0.0,other,clean,80.46808510638297,22b0d8868968af2a,793
51904,gold/yen11_page_0136_c08_173.png,yen11,page_0136,8,蓮,liền,蓮,U+84EE,char,GOLD,s1_inter_s2_direct,,0.263,103.0,141.0,32285e7f4f3c,ok,train,yen11|page_0136|c8,"[439, 1678, 544, 1793]",,False,False,False,False,False,False,True,False,False,True,1.3689320388349515,False,False,False,0.0999999999999999,gold_direct,gold-direct(no-s3),80.46808510638297,1859c10cd3c818dc,794
21926,gold/yen2_page_0120_c08_166.png,yen2,page_0120,8,朱,cho,朱,U+6731,char,GOLD,s1_inter_s2_direct,,0.197,102.0,147.0,d45db9b05865,ok,train,yen2|page_0120|c8,"[346, 2041, 453, 2160]",,False,False,False,False,False,False,True,False,False,True,1.4411764705882353,False,False,False,0.0999999999999999,gold_direct,gold-direct(no-s3),80.46808510638297,56bb71050005a5f0,795
19657,gold/yen2_page_0076_c02_040.png,yen2,page_0076,2,中,trong,中,U+4E2D,char,GOLD,s1_inter_s2_direct,,0.222,119.0,140.0,c7eff4f068ac,ok,test,yen2|page_0076|c2,"[1269, 2252, 1372, 2366]",,False,False,False,False,False,False,True,False,False,True,1.1764705882352942,False,False,False,0.0999999999999999,gold_direct,gold-direct(no-s3),80.46808510638297,35c21a80be16aa2b,796
56773,gold/yen11_page_0234_c03_047.png,yen11,page_0234,3,旦,đến,旦,U+65E6,char,GOLD,s1_inter_s2_direct,,0.191,104.0,138.0,8c54ad4e0796,ok,train,yen11|page_0234|c3,"[1157, 1173, 1259, 1285]",,False,False,False,False,False,False,True,False,False,True,1.3269230769230769,False,False,False,0.0999999999999999,gold_direct,gold-direct(no-s3),80.46808510638297,5b04f05191d08d7f,797
6545,syllable/yen4_page_0126_c07_146.png,yen4,page_0126,7,竈,xuống,,,syllable,SYLLABLE,nghia_consensus,0.048,0.189,68.0,99.0,5932601f5156,ok,train,yen4|page_0126|c7,"[373, 1102, 445, 1183]",0.048,True,False,False,False,False,False,False,True,True,False,1.4558823529411764,False,False,False,0.6,s3_low,s3=0.05<τ,80.46808510638297,f9d597343434c5d9,798
67092,silver/yen11_page_0170_c07_070.png,yen11,page_0170,7,𬼘,ta,些,U+4E9B,char,SILVER,s2_inter_s3_corrected,0.981,0.18,99.0,140.0,9599c4643f78,ok,train,yen11|page_0170|c7,"[554, 1036, 660, 1150]",0.981,True,False,False,False,False,False,False,False,False,False,1.414141414141414,False,False,False,0.0,other,clean,80.46808510638297,7e7cc8b725da58c5,799
7333,syllable/yen11_page_0018_c02_035.png,yen11,page_0018,2,𡖋,làm,,,syllable,SYLLABLE,nghia_consensus,0.124,0.161,111.0,142.0,f9e6d6394ead,ok,train,yen11|page_0018|c2,"[1305, 1735, 1412, 1851]",0.124,True,False,False,False,False,False,False,True,True,False,1.279279279279279,False,False,False,0.6,s3_low,s3=0.12<τ,80.46808510638297,612800800cc24dc5,800
13284,gold/yen11_page_0016_c04_086.png,yen11,page_0016,4,不,vậy,丕,U+4E15,char,GOLD,s1_inter_s2_similar,0.981,0.146,129.0,142.0,8ab1e5f587d9,ok,train,yen11|page_0016|c4,"[1039, 2332, 1152, 2448]",0.981,True,False,False,False,True,False,False,False,False,False,1.1007751937984496,False,False,False,0.3,similar_bridge,similar-bridge,80.46808510638297,c9b6df6003810d81,801
50131,gold/yen11_page_0102_c04_075.png,yen11,page_0102,4,脩,tu,脩,U+8129,char,GOLD,s1_inter_s2_direct,,0.235,96.0,136.0,1fb5dd18e356,ok,train,yen11|page_0102|c4,"[1034, 1317, 1136, 1427]",,False,False,False,False,False,False,True,False,False,True,1.4166666666666667,False,False,False,0.0999999999999999,gold_direct,gold-direct(no-s3),80.46808510638297,b0b2de23c7002dd0,802
7956,syllable/yen11_page_0134_c05_096.png,yen11,page_0134,5,異,là,,,syllable,SYLLABLE,nghia_consensus,0.367,0.182,93.0,147.0,17b578cee3df,ok,train,yen11|page_0134|c5,"[876, 693, 977, 812]",0.367,True,False,False,False,False,False,False,True,True,False,1.5806451612903225,False,False,False,0.6,s3_low,s3=0.37<τ,80.46808510638297,ebf36b94c271e569,803
60710,silver/yen2_page_0072_c04_064.png,yen2,page_0072,4,得,ngày,𣈜,U+2321C,char,SILVER,s2_inter_s3_corrected,0.72,0.256,125.0,145.0,928d7e7ba840,ok,train,yen2|page_0072|c4,"[957, 1149, 1071, 1266]",0.72,True,False,False,False,False,False,False,False,False,False,1.16,False,False,False,0.0,other,clean,80.46808510638297,84e8291b99dd8b6f,804
64674,silver/yen4_page_0190_c02_028.png,yen4,page_0190,2,獨,thương,傷,U+50B7,char,SILVER,s2_inter_s3_corrected,0.953,0.206,60.0,96.0,747cc7a0e578,ok,train,yen4|page_0190|c2,"[871, 621, 937, 699]",0.953,True,False,False,False,False,False,False,False,False,False,1.6,False,False,False,0.0,other,clean,80.46808510638297,0c43aa870b5fa306,805
46575,gold/yen11_page_0026_c04_077.png,yen11,page_0026,4,魂,hồn,魂,U+9B42,char,GOLD,s1_inter_s2_direct,,0.15,117.0,131.0,27d3d0394582,ok,test,yen11|page_0026|c4,"[996, 1493, 1104, 1600]",,False,False,False,False,False,False,True,False,False,True,1.1196581196581197,False,False,False,0.0999999999999999,gold_direct,gold-direct(no-s3),80.46808510638297,12c6e5b8cd4cfda3,806
67070,silver/yen11_page_0166_c09_192.png,yen11,page_0166,9,逖,trên,連,U+9023,char,SILVER,s2_inter_s3_corrected,0.981,0.166,110.0,136.0,b94da220ead6,ok,val,yen11|page_0166|c9,"[259, 2095, 362, 2205]",0.981,True,False,False,False,False,False,False,False,False,False,1.2363636363636363,False,False,False,0.0,other,clean,80.46808510638297,81c41b4a659f002d,807
18617,gold/yen2_page_0054_c09_165.png,yen2,page_0054,9,吏,lại,吏,U+540F,char,GOLD,s1_inter_s2_direct,,0.23,130.0,137.0,3966388beb6e,ok,train,yen2|page_0054|c9,"[215, 1276, 323, 1387]",,False,False,False,False,False,False,True,False,False,True,1.053846153846154,False,False,False,0.0999999999999999,gold_direct,gold-direct(no-s3),80.46808510638297,e7d35a89ec8f0836,808
54529,gold/yen11_page_0188_c04_070.png,yen11,page_0188,4,固,có,固,U+56FA,char,GOLD,s1_inter_s2_direct,,0.206,87.0,142.0,7a817b5e0010,ok,train,yen11|page_0188|c4,"[1029, 1077, 1136, 1193]",,False,False,False,False,False,False,True,False,False,True,1.632183908045977,False,False,False,0.0999999999999999,gold_direct,gold-direct(no-s3),80.46808510638297,614079eea1265918,809
55363,gold/yen11_page_0204_c03_052.png,yen11,page_0204,3,兮,hề,兮,U+516E,char,GOLD,s1_inter_s2_direct,,0.129,99.0,142.0,7f16ccf6a845,ok,train,yen11|page_0204|c3,"[1204, 1177, 1311, 1293]",,False,False,False,False,False,False,True,False,False,True,1.4343434343434345,False,False,False,0.0999999999999999,gold_direct,gold-direct(no-s3),80.46808510638297,68952f93fe67dbf1,810
42494,gold/yen4_page_0244_c02_032.png,yen4,page_0244,2,徳,Đức,徳,U+5FB3,char,GOLD,s1_inter_s2_direct,,0.22,75.0,88.0,3e46a31c8bea,ok,train,yen4|page_0244|c2,"[858, 912, 929, 989]",,False,False,False,False,False,False,True,False,False,True,1.1733333333333331,False,False,False,0.0999999999999999,gold_direct,gold-direct(no-s3),80.46808510638297,feca81b08785048a,811
44859,gold/yen4_page_0290_c06_115.png,yen4,page_0290,6,固,Có,固,U+56FA,char,GOLD,s1_inter_s2_direct,,0.168,68.0,85.0,f0a521de0d00,ok,train,yen4|page_0290|c6,"[471, 591, 535, 660]",,False,False,False,False,False,False,True,False,False,True,1.25,False,False,False,0.0999999999999999,gold_direct,gold-direct(no-s3),80.46808510638297,f4fc38bdac1c6d11,812
50116,gold/yen11_page_0102_c03_055.png,yen11,page_0102,3,女,nữa,女,U+5973,char,GOLD,s1_inter_s2_direct,,0.176,118.0,136.0,26ea3183631b,ok,train,yen11|page_0102|c3,"[1171, 1434, 1276, 1544]",,False,False,False,False,False,False,True,False,False,True,1.152542372881356,False,False,False,0.0999999999999999,gold_direct,gold-direct(no-s3),80.46808510638297,e183ea9f8198c741,813
43391,gold/yen4_page_0260_c07_145.png,yen4,page_0260,7,代,dạy,代,U+4EE3,char,GOLD,s1_inter_s2_direct,,0.126,64.0,97.0,9155e2626a26,ok,train,yen4|page_0260|c7,"[370, 757, 436, 836]",,False,False,False,False,False,False,True,False,False,True,1.515625,False,False,False,0.0999999999999999,gold_direct,gold-direct(no-s3),80.46808510638297,311c3a0eae6f9c7b,814
1494,silver/yen4_page_0198_c05_070.png,yen4,page_0198,5,翕,Ong,翁,U+7FC1,char,SILVER,s2_inter_s3_corrected,0.981,0.172,80.0,71.0,2f19f5e01bc8,ok,train,yen4|page_0198|c5,"[578, 570, 653, 647]",0.981,True,False,True,True,False,False,False,False,False,False,0.8875,False,False,False,0.9,dup_defect,cross-col(F1),80.46808510638297,222d201baeb15916,815
31754,gold/yen4_page_0020_c04_078.png,yen4,page_0020,4,功,công,功,U+529F,char,GOLD,s1_inter_s2_direct,,0.154,73.0,94.0,f47c763b2cef,ok,test,yen4|page_0020|c4,"[675, 1198, 745, 1274]",,False,False,False,False,False,False,True,False,False,True,1.2876712328767124,False,False,False,0.0999999999999999,gold_direct,gold-direct(no-s3),80.46808510638297,f1cb99ec31b37f7c,816
65876,silver/yen11_page_0010_c05_088.png,yen11,page_0010,5,丶,pha,葩,U+8469,char,SILVER,s2_inter_s3_corrected,0.695,0.247,106.0,133.0,2fdb348a9374,ok,train,yen11|page_0010|c5,"[848, 2367, 955, 2476]",0.695,True,False,False,False,False,False,False,False,False,False,1.2547169811320755,False,False,False,0.0,other,clean,80.46808510638297,df98248ce0285b94,817
6721,syllable/yen4_page_0174_c02_046.png,yen4,page_0174,2,仗,việc,,,syllable,SYLLABLE,nghia_consensus,0.379,0.209,82.0,88.0,3ec0dc2dd083,ok,val,yen4|page_0174|c2,"[876, 1530, 944, 1602]",0.379,True,False,False,False,False,False,False,True,True,False,1.0731707317073171,False,False,False,0.6,s3_low,s3=0.38<τ,80.46808510638297,d77d07a9e8d6be94,818
19630,gold/yen2_page_0074_c09_186.png,yen2,page_0074,9,庄,chăng,庄,U+5E84,char,GOLD,s1_inter_s2_direct,,0.274,130.0,137.0,6ef11c88962e,ok,test,yen2|page_0074|c9,"[207, 2138, 313, 2249]",,False,False,False,False,False,False,True,False,False,True,1.053846153846154,False,False,False,0.0999999999999999,gold_direct,gold-direct(no-s3),80.46808510638297,8153545af842edcb,819
67989,silver/yen11_page_0288_c05_102.png,yen11,page_0288,5,庶,mà,麻,U+9EBB,char,SILVER,s2_inter_s3_corrected,0.87,0.204,106.0,141.0,fd107d06435c,ok,train,yen11|page_0288|c5,"[904, 1939, 1012, 2054]",0.87,True,False,False,False,False,False,False,False,False,False,1.330188679245283,False,False,False,0.0,other,clean,80.46808510638297,3edf1f927d8e868c,820
2461,silver/yen2_page_0064_c04_063.png,yen2,page_0064,4,躬,ngươi,的,U+7684,char,SILVER,s3_head_bank_consensus,0.179,0.199,134.0,152.0,2df976a1ce01,ok,train,yen2|page_0064|c4,"[956, 845, 1071, 969]",0.179,True,False,False,False,False,True,False,True,True,False,1.1343283582089552,False,False,False,0.76,silver_headbank,"silver-headbank,s3=0.18<τ",80.46808510638297,c3fee8f31d42faae,821
21917,gold/yen2_page_0120_c07_148.png,yen2,page_0120,7,官,quan,官,U+5B98,char,GOLD,s1_inter_s2_direct,,0.197,129.0,125.0,681921fc04a8,ok,train,yen2|page_0120|c7,"[506, 2410, 611, 2511]",,False,False,False,False,False,False,True,False,False,True,0.9689922480620154,False,False,False,0.0999999999999999,gold_direct,gold-direct(no-s3),80.46808510638297,50dd8069da305c6d,822
1207,gold/yen4_page_0128_c02_042.png,yen4,page_0128,2,官,quan,官,U+5B98,char,GOLD,s1_inter_s2_direct,,0.134,74.0,101.0,0c0f81203e3c,ok,train,yen4|page_0128|c2,"[864, 1446, 934, 1529]",,False,False,True,True,False,False,True,False,False,True,1.364864864864865,False,False,False,0.9,dup_defect,cross-col(F1),80.46808510638297,c0c2e8558822c248,823
57600,gold/yen11_page_0250_c04_086.png,yen11,page_0250,4,地,địa,地,U+5730,char,GOLD,s1_inter_s2_direct,,0.19,116.0,141.0,c83c5817a687,ok,train,yen11|page_0250|c4,"[1026, 1899, 1135, 2014]",,False,False,False,False,False,False,True,False,False,True,1.2155172413793105,False,False,False,0.0999999999999999,gold_direct,gold-direct(no-s3),80.46808510638297,4e9513ee438228ca,824
65081,silver/yen4_page_0232_c04_080.png,yen4,page_0232,4,思,khỏi,塊,U+584A,char,SILVER,s2_inter_s3_corrected,0.707,0.216,71.0,86.0,6165716ae62c,ok,train,yen4|page_0232|c4,"[679, 1496, 751, 1572]",0.707,True,False,False,False,False,False,False,False,False,False,1.2112676056338028,False,False,False,0.0,other,clean,80.46808510638297,ee3b75da99378eed,825
42584,gold/yen4_page_0246_c01_000.png,yen4,page_0246,1,連,liền,連,U+9023,char,GOLD,s1_inter_s2_direct,,0.199,62.0,63.0,cfbc6f3a9bec,ok,test,yen4|page_0246|c1,"[961, 250, 1031, 316]",,False,False,False,False,False,False,True,False,False,True,1.0161290322580645,False,False,False,0.0999999999999999,gold_direct,gold-direct(no-s3),80.46808510638297,1024b303c149822f,826
2076,gold/yen11_page_0126_c04_070.png,yen11,page_0126,4,垩,Thánh,垩,U+57A9,char,GOLD,s1_inter_s2_direct,,0.208,98.0,136.0,c7d8c9fab9df,ok,val,yen11|page_0126|c4,"[1032, 1092, 1134, 1202]",,False,True,False,True,False,False,True,False,False,True,1.3877551020408163,False,False,False,0.9,dup_defect,dup-bbox(AE-1),80.46808510638297,e8908389b580742f,827
5960,syllable/yen2_page_0296_c03_036.png,yen2,page_0296,3,可,làm,,,syllable,SYLLABLE,nghia_consensus,0.073,0.186,102.0,132.0,e17e41a6c07e,ok,train,yen2|page_0296|c3,"[1166, 487, 1271, 606]",0.073,True,False,False,False,False,False,False,True,True,False,1.2941176470588236,False,False,False,0.6,s3_low,s3=0.07<τ,80.46808510638297,ce30220830b4891b,828
5697,syllable/yen2_page_0234_c03_055.png,yen2,page_0234,3,仏,ấy,,,syllable,SYLLABLE,nghia_consensus,0.062,0.2,118.0,149.0,6eb6020e9095,ok,test,yen2|page_0234|c3,"[1109, 2101, 1216, 2222]",0.062,True,False,False,False,False,False,False,True,True,False,1.2627118644067796,False,False,False,0.6,s3_low,s3=0.06<τ,80.46808510638297,7e5ca2f057744df2,829
3618,silver/yen11_page_0236_c04_072.png,yen11,page_0236,4,𫊫,tao,蚤,U+86A4,char,SILVER,s3_head_bank_consensus,0.402,0.13,104.0,147.0,dde90dd9a752,ok,train,yen11|page_0236|c4,"[1021, 1002, 1123, 1121]",0.402,True,False,False,False,False,True,False,True,True,False,1.4134615384615383,False,False,False,0.76,silver_headbank,"silver-headbank,s3=0.40<τ",80.46808510638297,d7f9d80e0e8319fc,830
43128,gold/yen4_page_0256_c04_068.png,yen4,page_0256,4,朱,cho,朱,U+6731,char,GOLD,s1_inter_s2_direct,,0.199,75.0,86.0,8d1c82553281,ok,train,yen4|page_0256|c4,"[660, 1231, 729, 1301]",,False,False,False,False,False,False,True,False,False,True,1.1466666666666667,False,False,False,0.0999999999999999,gold_direct,gold-direct(no-s3),80.46808510638297,bc0ead562a2a9749,831
44769,gold/yen4_page_0288_c08_159.png,yen4,page_0288,8,補,bỏ,補,U+88DC,char,GOLD,s1_inter_s2_direct,,0.149,80.0,94.0,2f11984467c6,ok,train,yen4|page_0288|c8,"[278, 538, 344, 614]",,False,False,False,False,False,False,True,False,False,True,1.175,False,False,False,0.0999999999999999,gold_direct,gold-direct(no-s3),80.46808510638297,4fc7689f4bcf9f5e,832
15284,gold/yen11_page_0294_c06_107.png,yen11,page_0294,6,中,trong,中,U+4E2D,char,GOLD,s1_inter_s2_direct,,0.164,78.0,146.0,9b3366b6a437,tall,train,yen11|page_0294|c6,"[705, 507, 809, 625]",,False,False,False,False,False,False,True,False,False,True,1.871794871794872,True,False,True,0.2799999999999999,quality_flag,aspect=1.87,80.46808510638297,344c4cddddbb4727,833
58151,gold/yen11_page_0260_c05_092.png,yen11,page_0260,5,事,sự,事,U+4E8B,char,GOLD,s1_inter_s2_direct,,0.174,96.0,139.0,0a9c6d134c11,ok,train,yen11|page_0260|c5,"[846, 607, 948, 720]",,False,False,False,False,False,False,True,False,False,True,1.4479166666666667,False,False,False,0.0999999999999999,gold_direct,gold-direct(no-s3),80.46808510638297,58caaf4061ba39b0,834
13546,gold/yen11_page_0104_c03_042.png,yen11,page_0104,3,早,người,㝵,U+3775,char,GOLD,s1_inter_s2_similar,0.796,0.164,104.0,141.0,87ca8cee2234,ok,train,yen11|page_0104|c3,"[1189, 1425, 1293, 1547]",0.796,True,False,False,False,True,False,False,False,False,False,1.3557692307692308,False,False,False,0.3,similar_bridge,similar-bridge,80.46808510638297,12f63ed1f1c20151,835
27065,gold/yen2_page_0236_c06_105.png,yen2,page_0236,6,古,cổ,古,U+53E4,char,GOLD,s1_inter_s2_direct,,0.183,124.0,151.0,d511f02334b6,ok,train,yen2|page_0236|c6,"[691, 1795, 800, 1920]",,False,False,False,False,False,False,True,False,False,True,1.217741935483871,False,False,False,0.0999999999999999,gold_direct,gold-direct(no-s3),80.46808510638297,ed6c6b90f1dc60df,836
24484,gold/yen2_page_0174_c09_173.png,yen2,page_0174,9,像,tượng,像,U+50CF,char,GOLD,s1_inter_s2_direct,,0.255,137.0,156.0,0758de448be9,ok,train,yen2|page_0174|c9,"[235, 2189, 348, 2315]",,False,False,False,False,False,False,True,False,False,True,1.1386861313868613,False,False,False,0.0999999999999999,gold_direct,gold-direct(no-s3),80.46808510638297,d4aa53491cf54a02,837
60277,silver/yen2_page_0028_c09_186.png,yen2,page_0028,9,殊,thưa,踈,U+8E08,char,SILVER,s2_inter_s3_corrected,0.906,0.149,93.0,140.0,861283aa1ad2,ok,train,yen2|page_0028|c9,"[200, 1197, 295, 1311]",0.906,True,False,False,False,False,False,False,False,False,False,1.5053763440860215,False,False,False,0.0,other,clean,80.46808510638297,472c1811c92d6cb8,838
14154,gold/yen11_page_0270_c08_160.png,yen11,page_0270,8,儿,kẻ,几,U+51E0,char,GOLD,s1_inter_s2_similar,0.928,0.129,109.0,129.0,431b18b96819,ok,train,yen11|page_0270|c8,"[397, 1039, 497, 1144]",0.928,True,False,False,False,True,False,False,False,False,False,1.18348623853211,False,False,False,0.3,similar_bridge,similar-bridge,80.46808510638297,0d477200cb80c266,839
53198,gold/yen11_page_0162_c05_092.png,yen11,page_0162,5,些,ta,些,U+4E9B,char,GOLD,s1_inter_s2_direct,,0.168,93.0,139.0,bf0017eb29d0,ok,val,yen11|page_0162|c5,"[969, 748, 1074, 861]",,False,False,False,False,False,False,True,False,False,True,1.4946236559139785,False,False,False,0.0999999999999999,gold_direct,gold-direct(no-s3),80.46808510638297,3bc0999e9ecc2f44,840
7168,syllable/yen4_page_0272_c09_193.png,yen4,page_0272,9,啾,su,,,syllable,SYLLABLE,nghia_consensus,0.433,0.126,79.0,88.0,04d7f4bad983,ok,train,yen4|page_0272|c9,"[207, 1408, 277, 1481]",0.433,True,False,False,False,False,False,False,True,True,False,1.1139240506329111,False,False,False,0.6,s3_low,s3=0.43<τ,80.46808510638297,eaee1c0575be7f69,841
55337,gold/yen11_page_0204_c01_013.png,yen11,page_0204,1,庄,chăng,庄,U+5E84,char,GOLD,s1_inter_s2_direct,,0.153,127.0,141.0,fbaa366c3e43,ok,train,yen11|page_0204|c1,"[1503, 1638, 1606, 1753]",,False,False,False,False,False,False,True,False,False,True,1.110236220472441,False,False,False,0.0999999999999999,gold_direct,gold-direct(no-s3),80.46808510638297,7abf0533b5dc99ac,842
8052,syllable/yen11_page_0150_c04_084.png,yen11,page_0150,4,从,ấy,,,syllable,SYLLABLE,nghia_consensus,0.477,0.154,113.0,139.0,4a2e47d4a42b,ok,train,yen11|page_0150|c4,"[956, 1953, 1060, 2066]",0.477,True,False,False,False,False,False,False,True,True,False,1.2300884955752212,False,False,False,0.6,s3_low,s3=0.48<τ,80.46808510638297,e4a80e5b2916562b,843
42324,gold/yen4_page_0240_c04_072.png,yen4,page_0240,4,殿,đền,殿,U+6BBF,char,GOLD,s1_inter_s2_direct,,0.185,76.0,89.0,c67ceb9cafdb,ok,val,yen4|page_0240|c4,"[668, 1240, 739, 1313]",,False,False,False,False,False,False,True,False,False,True,1.1710526315789471,False,False,False,0.0999999999999999,gold_direct,gold-direct(no-s3),80.46808510638297,91a90dd251eb3306,844
63651,silver/yen4_page_0078_c08_177.png,yen4,page_0078,8,在,mà,麻,U+9EBB,char,SILVER,s2_inter_s3_corrected,0.942,0.137,94.0,106.0,2853b2f16afc,ok,test,yen4|page_0078|c8,"[295, 1496, 371, 1582]",0.942,True,False,False,False,False,False,False,False,False,False,1.127659574468085,False,False,False,0.0,other,clean,80.46808510638297,21b7344460c997de,845
