book	edition	page_id	page_image	verse_idx_in_page	col_index	part	patch_image	patch_preprocessed	split	col_bbox_xywh	nom_text	nom_unicode	n_nom	qn_verse	n_qn_syll	len_match	nomnaocr_label	nna_eq_ihr
LucVanTien1916	nlvnpf-0059 (in mộc bản 1916)	nlvnpf-0059-002	data/LucVanTien1916/pages/images/nlvnpf-0059-002.jpg	0	0	1	data/LucVanTien1916/patches/nlvnpf-0059-002.jpg_0_1.jpg	data/LucVanTien1916/patches_preprocessed/train/nlvnpf-0059-002.jpg_0_1.jpg	train	424.3,152.1,41.4,520.9	畧畑䀡傳西銘	U+7567 U+7551 U+4021 U+50B3 U+897F U+9298	6	Trước đèn xem chuyện Tây Minh	6	1	畧畑䀡傳西銘	1
LucVanTien1916	nlvnpf-0059 (in mộc bản 1916)	nlvnpf-0059-002	data/LucVanTien1916/pages/images/nlvnpf-0059-002.jpg	1	0	2	data/LucVanTien1916/patches/nlvnpf-0059-002.jpg_0_2.jpg	data/LucVanTien1916/patches_preprocessed/train/nlvnpf-0059-002.jpg_0_2.jpg	train	424.3,152.1,41.4,520.9	𡄎唭𠄩𡦂人情喓𠻗	U+2110E U+552D U+20129 U+21982 U+4EBA U+60C5 U+5593 U+20ED7	8	Ngẫm cười hai chữ nhân tình éo le	8	1	𡄎唭𠄩𡦂人情喓𠻗	1
LucVanTien1916	nlvnpf-0059 (in mộc bản 1916)	nlvnpf-0059-002	data/LucVanTien1916/pages/images/nlvnpf-0059-002.jpg	2	1	1	data/LucVanTien1916/patches/nlvnpf-0059-002.jpg_1_1.jpg	data/LucVanTien1916/patches_preprocessed/train/nlvnpf-0059-002.jpg_1_1.jpg	train	371.9,152.7,43.2,522.1	埃匕𠳺匕麻𦖑	U+57C3 U+5315 U+20CFA U+5315 U+9EBB U+26591	6	Ai ai lẳng lặng mà nghe	6	1	埃匕𠳺匕麻𦖑	1
LucVanTien1916	nlvnpf-0059 (in mộc bản 1916)	nlvnpf-0059-002	data/LucVanTien1916/pages/images/nlvnpf-0059-002.jpg	3	1	2	data/LucVanTien1916/patches/nlvnpf-0059-002.jpg_1_2.jpg	data/LucVanTien1916/patches_preprocessed/train/nlvnpf-0059-002.jpg_1_2.jpg	train	371.9,152.7,43.2,522.1	𡨺噒役畧苓𠽮身𡢐	U+21A3A U+5652 U+5F79 U+7567 U+82D3 U+20F6E U+8EAB U+21890	8	Dữ răn việc trước, lành dè thân sau	8	1	𡨺噒役畧苓𠽮身𡢐	1
LucVanTien1916	nlvnpf-0059 (in mộc bản 1916)	nlvnpf-0059-002	data/LucVanTien1916/pages/images/nlvnpf-0059-002.jpg	4	2	1	data/LucVanTien1916/patches/nlvnpf-0059-002.jpg_2_1.jpg	data/LucVanTien1916/patches_preprocessed/train/nlvnpf-0059-002.jpg_2_1.jpg	train	318.3,152.7,40.8,523.3	𤳆辰忠孝󰥎頭	U+24CC6 U+8FB0 U+5FE0 U+5B5D U+F094E U+982D	6	Trai thời trung hiếu làm đầu	6	1	𤳆辰忠孝󰥎頭	1
LucVanTien1916	nlvnpf-0059 (in mộc bản 1916)	nlvnpf-0059-002	data/LucVanTien1916/pages/images/nlvnpf-0059-002.jpg	5	2	2	data/LucVanTien1916/patches/nlvnpf-0059-002.jpg_2_2.jpg	data/LucVanTien1916/patches_preprocessed/train/nlvnpf-0059-002.jpg_2_2.jpg	train	318.3,152.7,40.8,523.3	𡛔辰節行󰑼句捞𨉓	U+216D4 U+8FB0 U+7BC0 U+884C U+F047C U+53E5 U+635E U+28253	8	Gái thời tiết hạnh là câu trau mình	8	1	𡛔辰節行󰑼句捞𨉓	1
LucVanTien1916	nlvnpf-0059 (in mộc bản 1916)	nlvnpf-0059-002	data/LucVanTien1916/pages/images/nlvnpf-0059-002.jpg	6	3	1	data/LucVanTien1916/patches/nlvnpf-0059-002.jpg_3_1.jpg	data/LucVanTien1916/patches_preprocessed/train/nlvnpf-0059-002.jpg_3_1.jpg	train	269.0,153.3,40.8,525.1	固𠊛扵郡東城	U+56FA U+2029B U+6275 U+90E1 U+6771 U+57CE	6	Có người ở quận Ðông Thành	6	1	固𠊛扵郡東城	1
LucVanTien1916	nlvnpf-0059 (in mộc bản 1916)	nlvnpf-0059-002	data/LucVanTien1916/pages/images/nlvnpf-0059-002.jpg	7	3	2	data/LucVanTien1916/patches/nlvnpf-0059-002.jpg_3_2.jpg	data/LucVanTien1916/patches_preprocessed/train/nlvnpf-0059-002.jpg_3_2.jpg	train	269.0,153.3,40.8,525.1	修仁積󱉎󰉲生昆䝨	U+4FEE U+4EC1 U+7A4D U+F124E U+F0272 U+751F U+6606 U+4768	8	Tu nhân tích đức sớm sinh con hiền	8	1	修仁積󱉎󰉲生昆䝨	1
LucVanTien1916	nlvnpf-0059 (in mộc bản 1916)	nlvnpf-0059-002	data/LucVanTien1916/pages/images/nlvnpf-0059-002.jpg	8	4	1	data/LucVanTien1916/patches/nlvnpf-0059-002.jpg_4_1.jpg	data/LucVanTien1916/patches_preprocessed/train/nlvnpf-0059-002.jpg_4_1.jpg	train	218.5,153.3,42.0,525.7	達𠸜󰑼陸雲仙	U+9054 U+20E1C U+F047C U+9678 U+96F2 U+4ED9	6	Ðặt tên là Lục Vân Tiên	6	1	達𠸜󰑼陸雲仙	1
LucVanTien1916	nlvnpf-0059 (in mộc bản 1916)	nlvnpf-0059-002	data/LucVanTien1916/pages/images/nlvnpf-0059-002.jpg	9	4	2	data/LucVanTien1916/patches/nlvnpf-0059-002.jpg_4_2.jpg	data/LucVanTien1916/patches_preprocessed/train/nlvnpf-0059-002.jpg_4_2.jpg	train	218.5,153.3,42.0,525.7	歲𣃣𠄩糁芸專斈行	U+6B72 U+230E3 U+20129 U+7CC1 U+82B8 U+5C08 U+6588 U+884C	8	Tuổi vừa hai tám, nghề chuyên học hành	8	1	歲𣃣𠄩糁芸專斈行	1
LucVanTien1916	nlvnpf-0059 (in mộc bản 1916)	nlvnpf-0059-002	data/LucVanTien1916/pages/images/nlvnpf-0059-002.jpg	10	5	1	data/LucVanTien1916/patches/nlvnpf-0059-002.jpg_5_1.jpg	data/LucVanTien1916/patches_preprocessed/train/nlvnpf-0059-002.jpg_5_1.jpg	train	158.9,153.3,40.2,525.1	蹺柴𤍇史𥸷經	U+8E7A U+67F4 U+24347 U+53F2 U+25E37 U+7D93	6	Theo thầy nấu sử sôi kinh	6	1	蹺柴𤍇史𥸷經	1
LucVanTien1916	nlvnpf-0059 (in mộc bản 1916)	nlvnpf-0059-002	data/LucVanTien1916/pages/images/nlvnpf-0059-002.jpg	11	5	2	data/LucVanTien1916/patches/nlvnpf-0059-002.jpg_5_2.jpg	data/LucVanTien1916/patches_preprocessed/train/nlvnpf-0059-002.jpg_5_2.jpg	train	158.9,153.3,40.2,525.1	𣎃㝵包𬋩功程劳刀	U+23383 U+3775 U+5305 U+2C2E9 U+529F U+7A0B U+52B3 U+5200	8	Tháng ngày bao quản công trình lao đao	8	1	𣎃㝵包𬋩功程劳刀	1
LucVanTien1916	nlvnpf-0059 (in mộc bản 1916)	nlvnpf-0059-002	data/LucVanTien1916/pages/images/nlvnpf-0059-002.jpg	12	6	1	data/LucVanTien1916/patches/nlvnpf-0059-002.jpg_6_1.jpg	data/LucVanTien1916/patches_preprocessed/train/nlvnpf-0059-002.jpg_6_1.jpg	train	106.5,153.9,40.2,522.7	文它起鳳滕雲	U+6587 U+5B83 U+8D77 U+9CF3 U+6ED5 U+96F2	6	Văn đà khởi phụng đằng vân	6	1	文它起鳳滕雲	1
LucVanTien1916	nlvnpf-0059 (in mộc bản 1916)	nlvnpf-0059-002	data/LucVanTien1916/pages/images/nlvnpf-0059-002.jpg	13	6	2	data/LucVanTien1916/patches/nlvnpf-0059-002.jpg_6_2.jpg	data/LucVanTien1916/patches_preprocessed/train/nlvnpf-0059-002.jpg_6_2.jpg	train	106.5,153.9,40.2,522.7	武添叁畧六韜埃皮	U+6B66 U+6DFB U+53C1 U+7567 U+516D U+97DC U+57C3 U+76AE	8	Võ thêm tam lược lục thao ai bì	8	1	武添叁畧六韜埃皮	1
LucVanTien1916	nlvnpf-0059 (in mộc bản 1916)	nlvnpf-0059-003	data/LucVanTien1916/pages/images/nlvnpf-0059-003.jpg	0	0	1	data/LucVanTien1916/patches/nlvnpf-0059-003.jpg_0_1.jpg	data/LucVanTien1916/patches_preprocessed/train/nlvnpf-0059-003.jpg_0_1.jpg	train	373.5,146.6,39.6,522.3	𠫾䀡󰘉会科詩	U+20AFE U+4021 U+F0609 U+4F1A U+79D1 U+8A69	6	Đi xem mở hội khoa thi	6	1	𠫾䀡󰘉会科詩	1
LucVanTien1916	nlvnpf-0059 (in mộc bản 1916)	nlvnpf-0059-003	data/LucVanTien1916/pages/images/nlvnpf-0059-003.jpg	1	0	2	data/LucVanTien1916/patches/nlvnpf-0059-003.jpg_0_2.jpg	data/LucVanTien1916/patches_preprocessed/val/nlvnpf-0059-003.jpg_0_2.jpg	val	373.5,146.6,39.6,522.3	雲仙𠓨謝尊師𦋦𧗱	U+96F2 U+4ED9 U+204E8 U+8B1D U+5C0A U+5E2B U+262E6 U+275F1	8	Vân Tiên vào tạ tôn sư ra về	8	1	雲仙𠓨謝尊師𦋦𧗱	1
LucVanTien1916	nlvnpf-0059 (in mộc bản 1916)	nlvnpf-0059-003	data/LucVanTien1916/pages/images/nlvnpf-0059-003.jpg	2	1	1	data/LucVanTien1916/patches/nlvnpf-0059-003.jpg_1_1.jpg	data/LucVanTien1916/patches_preprocessed/train/nlvnpf-0059-003.jpg_1_1.jpg	train	332.5,147.2,38.8,529.4	閉𥹰󰘂圣預掑	U+9589 U+25E70 U+F0602 U+5723 U+9810 U+6391	6	Bấy lâu cửa thánh dựa kề	6	1	閉𥹰󰘂圣預掑	1
LucVanTien1916	nlvnpf-0059 (in mộc bản 1916)	nlvnpf-0059-003	data/LucVanTien1916/pages/images/nlvnpf-0059-003.jpg	3	1	2	data/LucVanTien1916/patches/nlvnpf-0059-003.jpg_1_2.jpg	data/LucVanTien1916/patches_preprocessed/train/nlvnpf-0059-003.jpg_1_2.jpg	train	332.5,147.2,38.8,529.4	㐌鮮氣象吏吹精神	U+340C U+9BAE U+6C23 U+8C61 U+540F U+5439 U+7CBE U+795E	8	Ðã tươi khí tượng lại xuê tinh thần	8	1	㐌鮮氣象吏吹精神	1
LucVanTien1916	nlvnpf-0059 (in mộc bản 1916)	nlvnpf-0059-003	data/LucVanTien1916/pages/images/nlvnpf-0059-003.jpg	4	2	1	data/LucVanTien1916/patches/nlvnpf-0059-003.jpg_2_1.jpg	data/LucVanTien1916/patches_preprocessed/train/nlvnpf-0059-003.jpg_2_1.jpg	train	294.1,147.8,38.9,527.8	𫢩它及会風雲	U+2B8A9 U+5B83 U+53CA U+4F1A U+98A8 U+96F2	6	Nay đà gặp hội phong vân	6	1	𫢩它及会風雲	1
LucVanTien1916	nlvnpf-0059 (in mộc bản 1916)	nlvnpf-0059-003	data/LucVanTien1916/pages/images/nlvnpf-0059-003.jpg	5	2	2	data/LucVanTien1916/patches/nlvnpf-0059-003.jpg_2_2.jpg	data/LucVanTien1916/patches_preprocessed/val/nlvnpf-0059-003.jpg_2_2.jpg	val	294.1,147.8,38.9,527.8	𠊛匕埃拱立身貝尼	U+2029B U+5315 U+57C3 U+62F1 U+7ACB U+8EAB U+8C9D U+5C3C	8	Người người ai cũng lập thân buổi nàỵ	8	1	𠊛匕埃拱立身貝尼	1
LucVanTien1916	nlvnpf-0059 (in mộc bản 1916)	nlvnpf-0059-003	data/LucVanTien1916/pages/images/nlvnpf-0059-003.jpg	6	3	1	data/LucVanTien1916/patches/nlvnpf-0059-003.jpg_3_1.jpg	data/LucVanTien1916/patches_preprocessed/train/nlvnpf-0059-003.jpg_3_1.jpg	train	257.5,148.3,38.3,527.6	志𭸓𢏑鴈边𩄲	U+5FD7 U+2DE13 U+223D1 U+9D08 U+8FB9 U+29132	6	Chí [?] bắn nhạn ven mây	6	1	志𭸓𢏑鴈边𩄲	1
LucVanTien1916	nlvnpf-0059 (in mộc bản 1916)	nlvnpf-0059-003	data/LucVanTien1916/pages/images/nlvnpf-0059-003.jpg	7	3	2	data/LucVanTien1916/patches/nlvnpf-0059-003.jpg_3_2.jpg	data/LucVanTien1916/patches_preprocessed/val/nlvnpf-0059-003.jpg_3_2.jpg	val	257.5,148.3,38.3,527.6	名碎㐌𤎜㗂柴屯賖	U+540D U+788E U+340C U+2439C U+35C2 U+67F4 U+5C6F U+8CD6	8	Danh tôi đã rạng, tiếng thầy đồn xa	8	1	名碎㐌𤎜㗂柴屯賖	1
LucVanTien1916	nlvnpf-0059 (in mộc bản 1916)	nlvnpf-0059-003	data/LucVanTien1916/pages/images/nlvnpf-0059-003.jpg	8	4	1	data/LucVanTien1916/patches/nlvnpf-0059-003.jpg_4_1.jpg	data/LucVanTien1916/patches_preprocessed/train/nlvnpf-0059-003.jpg_4_1.jpg	train	215.1,149.1,42.2,529.0	󰥎𤳆𥪝𡎝𠊛些	U+F094E U+24CC6 U+25A9D U+2139D U+2029B U+4E9B	6	Làm trai trong cõi người ta	6	1	󰥎𤳆𥪝𡎝𠊛些	1
LucVanTien1916	nlvnpf-0059 (in mộc bản 1916)	nlvnpf-0059-003	data/LucVanTien1916/pages/images/nlvnpf-0059-003.jpg	9	4	2	data/LucVanTien1916/patches/nlvnpf-0059-003.jpg_4_2.jpg	data/LucVanTien1916/patches_preprocessed/val/nlvnpf-0059-003.jpg_4_2.jpg	val	215.1,149.1,42.2,529.0	畧卢報補𡢐󰑼顕荣	U+7567 U+5362 U+5831 U+88DC U+21890 U+F047C U+9855 U+8363	8	Trước lo báo bổ, sau là hiển vinh\	8	1	畧卢報補𡢐󰑼顕荣	1
LucVanTien1916	nlvnpf-0059 (in mộc bản 1916)	nlvnpf-0059-003	data/LucVanTien1916/pages/images/nlvnpf-0059-003.jpg	10	5	1	data/LucVanTien1916/patches/nlvnpf-0059-003.jpg_5_1.jpg	data/LucVanTien1916/patches_preprocessed/train/nlvnpf-0059-003.jpg_5_1.jpg	train	178.4,147.2,39.8,533.6	尊師欺意論盘	U+5C0A U+5E2B U+6B3A U+610F U+8AD6 U+76D8	6	Tôn sư khi ấy luận bàn	6	1	尊師欺意論盘	1
LucVanTien1916	nlvnpf-0059 (in mộc bản 1916)	nlvnpf-0059-003	data/LucVanTien1916/pages/images/nlvnpf-0059-003.jpg	11	5	2	data/LucVanTien1916/patches/nlvnpf-0059-003.jpg_5_2.jpg	data/LucVanTien1916/patches_preprocessed/train/nlvnpf-0059-003.jpg_5_2.jpg	train	178.4,147.2,39.8,533.6	𡄎𥪝𢼂係科塲群賖	U+2110E U+25A9D U+22F02 U+4FC2 U+79D1 U+5872 U+7FA4 U+8CD6	8	Ngẫm trong số hệ khoa trường còn xa	8	1	𡄎𥪝𢼂係科塲群賖	1
LucVanTien1916	nlvnpf-0059 (in mộc bản 1916)	nlvnpf-0059-003	data/LucVanTien1916/pages/images/nlvnpf-0059-003.jpg	12	6	1	data/LucVanTien1916/patches/nlvnpf-0059-003.jpg_6_1.jpg	data/LucVanTien1916/patches_preprocessed/train/nlvnpf-0059-003.jpg_6_1.jpg	train	140.4,147.8,40.9,531.2	𢵯𢈱󰝸敢呐𠚢	U+22D6F U+22231 U+F0778 U+6562 U+5450 U+206A2	6	Mấy lời chẳng dám nói ra	6	1	𢵯𢈱󰝸敢呐𠚢	1
LucVanTien1916	nlvnpf-0059 (in mộc bản 1916)	nlvnpf-0059-003	data/LucVanTien1916/pages/images/nlvnpf-0059-003.jpg	13	6	2	data/LucVanTien1916/patches/nlvnpf-0059-003.jpg_6_2.jpg	data/LucVanTien1916/patches_preprocessed/val/nlvnpf-0059-003.jpg_6_2.jpg	val	140.4,147.8,40.9,531.2	吹柴傷伵㤕車𥪝𢚸	U+5439 U+67F4 U+50B7 U+4F35 U+3915 U+8ECA U+25A9D U+226B8	8	Xui thầy thương tớ xót xa trong lòng	8	1	吹柴傷伵㤕車𥪝𢚸	1
LucVanTien1916	nlvnpf-0059 (in mộc bản 1916)	nlvnpf-0059-003	data/LucVanTien1916/pages/images/nlvnpf-0059-003.jpg	14	7	1	data/LucVanTien1916/patches/nlvnpf-0059-003.jpg_7_1.jpg	data/LucVanTien1916/patches_preprocessed/train/nlvnpf-0059-003.jpg_7_1.jpg	train	101.4,146.6,38.5,536.2	𡢐油訴浽濁冲	U+21890 U+6CB9 U+8A34 U+6D7D U+6FC1 U+51B2	6	Sau dù tỏ nỗi đục trong	6	1	𡢐油訴浽濁冲	1
LucVanTien1916	nlvnpf-0059 (in mộc bản 1916)	nlvnpf-0059-003	data/LucVanTien1916/pages/images/nlvnpf-0059-003.jpg	15	7	2	data/LucVanTien1916/patches/nlvnpf-0059-003.jpg_7_2.jpg	data/LucVanTien1916/patches_preprocessed/val/nlvnpf-0059-003.jpg_7_2.jpg	val	101.4,146.6,38.5,536.2	沛朱𠬠法底防𫉚身	U+6C9B U+6731 U+20B20 U+6CD5 U+5E95 U+9632 U+2B25A U+8EAB	8	Phải cho một phép để phòng hộ thân	8	1	沛朱𠬠法底防𫉚身	1
LucVanTien1916	nlvnpf-0059 (in mộc bản 1916)	nlvnpf-0059-003	data/LucVanTien1916/pages/images/nlvnpf-0059-003.jpg	16	8	1	data/LucVanTien1916/patches/nlvnpf-0059-003.jpg_8_1.jpg	data/LucVanTien1916/patches_preprocessed/train/nlvnpf-0059-003.jpg_8_1.jpg	train	66.5,146.0,38.0,535.1	𣈙昆𠖈准風󰡰	U+23219 U+6606 U+20588 U+51C6 U+98A8 U+F0870	6	Rày con xuống chốn phong trần	6	1	𣈙昆𠖈准風󰡰	1
LucVanTien1916	nlvnpf-0059 (in mộc bản 1916)	nlvnpf-0059-003	data/LucVanTien1916/pages/images/nlvnpf-0059-003.jpg	17	8	2	data/LucVanTien1916/patches/nlvnpf-0059-003.jpg_8_2.jpg	data/LucVanTien1916/patches_preprocessed/val/nlvnpf-0059-003.jpg_8_2.jpg	val	66.5,146.0,38.0,535.1	柴朱𠀧道符神󰝡蹺	U+67F4 U+6731 U+20027 U+9053 U+7B26 U+795E U+F0761 U+8E7A	8	Thầy cho ba đạo phù thần đem theo	8	1	柴朱𠀧道符神󰝡蹺	1
LucVanTien1916	nlvnpf-0059 (in mộc bản 1916)	nlvnpf-0059-003	data/LucVanTien1916/pages/images/nlvnpf-0059-003.jpg	18	9	1	data/LucVanTien1916/patches/nlvnpf-0059-003.jpg_9_1.jpg	data/LucVanTien1916/patches_preprocessed/train/nlvnpf-0059-003.jpg_9_1.jpg	train	28.1,147.8,39.3,532.7	󰝸埋麻及𠯿𠨪	U+F0778 U+57CB U+9EBB U+53CA U+20BFF U+20A2A	6	Chẳng may mà gặp lúc nghèo	6	1	󰝸埋麻及𠯿𠨪	1
LucVanTien1916	nlvnpf-0059 (in mộc bản 1916)	nlvnpf-0059-003	data/LucVanTien1916/pages/images/nlvnpf-0059-003.jpg	19	9	2	data/LucVanTien1916/patches/nlvnpf-0059-003.jpg_9_2.jpg	data/LucVanTien1916/patches_preprocessed/train/nlvnpf-0059-003.jpg_9_2.jpg	train	28.1,147.8,39.3,532.7	𠖈滝供𠊡𨖲𰎉拱安	U+20588 U+6EDD U+4F9B U+202A1 U+285B2 U+30389 U+62F1 U+5B89	8	Xuống sông cũng vững, lên đèo cũng an	8	1	𠖈滝供𠊡𨖲𰎉拱安	1
LucVanTien1916	nlvnpf-0059 (in mộc bản 1916)	nlvnpf-0059-004	data/LucVanTien1916/pages/images/nlvnpf-0059-004.jpg	0	0	1	data/LucVanTien1916/patches/nlvnpf-0059-004.jpg_0_1.jpg	data/LucVanTien1916/patches_preprocessed/train/nlvnpf-0059-004.jpg_0_1.jpg	train	437.8,144.8,36.0,532.5	尊師𠓨准後堂	U+5C0A U+5E2B U+204E8 U+51C6 U+5F8C U+5802	6	Tôn sư vào chốn hậu đường	6	1	尊師𠓨准後堂	1
LucVanTien1916	nlvnpf-0059 (in mộc bản 1916)	nlvnpf-0059-004	data/LucVanTien1916/pages/images/nlvnpf-0059-004.jpg	1	0	2	data/LucVanTien1916/patches/nlvnpf-0059-004.jpg_0_2.jpg	data/LucVanTien1916/patches_preprocessed/val/nlvnpf-0059-004.jpg_0_2.jpg	val	437.8,144.8,36.0,532.5	雲仙魚謹𢚸強生𪟽	U+96F2 U+4ED9 U+9B5A U+8B39 U+226B8 U+5F37 U+751F U+2A7FD	8	Vân Tiên ngơ ngẩn lòng càng sinh nghi	8	1	雲仙魚謹𢚸強生𪟽	1
LucVanTien1916	nlvnpf-0059 (in mộc bản 1916)	nlvnpf-0059-004	data/LucVanTien1916/pages/images/nlvnpf-0059-004.jpg	2	1	1	data/LucVanTien1916/patches/nlvnpf-0059-004.jpg_1_1.jpg	data/LucVanTien1916/patches_preprocessed/train/nlvnpf-0059-004.jpg_1_1.jpg	train	400.0,144.3,37.2,538.1	󰝸咍𨉓嗼役之	U+F0778 U+548D U+28253 U+55FC U+5F79 U+4E4B	6	Chẳng hay mình mắc việc chi	6	1	󰝸咍𨉓嗼役之	1
LucVanTien1916	nlvnpf-0059 (in mộc bản 1916)	nlvnpf-0059-004	data/LucVanTien1916/pages/images/nlvnpf-0059-004.jpg	3	1	2	data/LucVanTien1916/patches/nlvnpf-0059-004.jpg_1_2.jpg	data/LucVanTien1916/patches_preprocessed/train/nlvnpf-0059-004.jpg_1_2.jpg	train	400.0,144.3,37.2,538.1	󰲹師𠊛𠰺科期群賖	U+F0CB9 U+5E2B U+2029B U+20C3A U+79D1 U+671F U+7FA4 U+8CD6	8	Tôn sư người dạy khoa kỳ còn xa	8	1	󰲹師𠊛𠰺科期群賖	1
LucVanTien1916	nlvnpf-0059 (in mộc bản 1916)	nlvnpf-0059-004	data/LucVanTien1916/pages/images/nlvnpf-0059-004.jpg	4	2	1	data/LucVanTien1916/patches/nlvnpf-0059-004.jpg_2_1.jpg	data/LucVanTien1916/patches_preprocessed/train/nlvnpf-0059-004.jpg_2_1.jpg	train	362.7,146.9,35.4,537.3	𠬠󰑼貝󰑚𭛣茄	U+20B20 U+F047C U+8C9D U+F045A U+2D6E3 U+8304	6	Một là bối rối việc nhà	6	1	𠬠󰑼貝󰑚𭛣茄	1
LucVanTien1916	nlvnpf-0059 (in mộc bản 1916)	nlvnpf-0059-004	data/LucVanTien1916/pages/images/nlvnpf-0059-004.jpg	5	2	2	data/LucVanTien1916/patches/nlvnpf-0059-004.jpg_2_2.jpg	data/LucVanTien1916/patches_preprocessed/train/nlvnpf-0059-004.jpg_2_2.jpg	train	362.7,146.9,35.4,537.3	𠄩󰑼󱉎泊𠀧󰑼才踈	U+20129 U+F047C U+F124E U+6CCA U+20027 U+F047C U+624D U+8E08	8	Hai là đức bạc ba là tài sơ	8	1	𠄩󰑼󱉎泊𠀧󰑼才踈	1
LucVanTien1916	nlvnpf-0059 (in mộc bản 1916)	nlvnpf-0059-004	data/LucVanTien1916/pages/images/nlvnpf-0059-004.jpg	6	3	1	data/LucVanTien1916/patches/nlvnpf-0059-004.jpg_3_1.jpg	data/LucVanTien1916/patches_preprocessed/train/nlvnpf-0059-004.jpg_3_1.jpg	train	323.6,150.2,36.1,536.5	闭𥹰󰲺飭詩書	U+95ED U+25E70 U+F0CBA U+98ED U+8A69 U+66F8	6	Bấy lâu ra sức thi thư	6	1	闭𥹰󰲺飭詩書	1
LucVanTien1916	nlvnpf-0059 (in mộc bản 1916)	nlvnpf-0059-004	data/LucVanTien1916/pages/images/nlvnpf-0059-004.jpg	7	3	2	data/LucVanTien1916/patches/nlvnpf-0059-004.jpg_3_2.jpg	data/LucVanTien1916/patches_preprocessed/train/nlvnpf-0059-004.jpg_3_2.jpg	train	323.6,150.2,36.1,536.5	会尼󰝸及群除会芇	U+4F1A U+5C3C U+F0778 U+53CA U+7FA4 U+9664 U+4F1A U+8287	8	Hội này chẳng kịp còn chờ hội nao	8	1	会尼󰝸及群除会芇	1
LucVanTien1916	nlvnpf-0059 (in mộc bản 1916)	nlvnpf-0059-004	data/LucVanTien1916/pages/images/nlvnpf-0059-004.jpg	8	4	1	data/LucVanTien1916/patches/nlvnpf-0059-004.jpg_4_1.jpg	data/LucVanTien1916/patches_preprocessed/train/nlvnpf-0059-004.jpg_4_1.jpg	train	284.9,149.0,36.1,537.8	盛衰󰝸別󰥎牢	U+76DB U+8870 U+F0778 U+5225 U+F094E U+7262	6	Thịnh suy chẳng biết làm sao	6	1	盛衰󰝸別󰥎牢	1
LucVanTien1916	nlvnpf-0059 (in mộc bản 1916)	nlvnpf-0059-004	data/LucVanTien1916/pages/images/nlvnpf-0059-004.jpg	9	4	2	data/LucVanTien1916/patches/nlvnpf-0059-004.jpg_4_2.jpg	data/LucVanTien1916/patches_preprocessed/val/nlvnpf-0059-004.jpg_4_2.jpg	val	284.9,149.0,36.1,537.8	之朋哙吏理芇朱明	U+4E4B U+670B U+54D9 U+540F U+7406 U+8287 U+6731 U+660E	8	Chi bằng hỏi lại lẽ nào cho minh	8	1	之朋哙吏理芇朱明	1
LucVanTien1916	nlvnpf-0059 (in mộc bản 1916)	nlvnpf-0059-004	data/LucVanTien1916/pages/images/nlvnpf-0059-004.jpg	10	5	1	data/LucVanTien1916/patches/nlvnpf-0059-004.jpg_5_1.jpg	data/LucVanTien1916/patches_preprocessed/train/nlvnpf-0059-004.jpg_5_1.jpg	train	247.4,152.5,35.8,531.7	𠓨䜹朱訢事情	U+204E8 U+4739 U+6731 U+8A22 U+4E8B U+60C5	6	Vào thưa cho tỏ sự tình	6	1	𠓨䜹朱訢事情	1
LucVanTien1916	nlvnpf-0059 (in mộc bản 1916)	nlvnpf-0059-004	data/LucVanTien1916/pages/images/nlvnpf-0059-004.jpg	11	5	2	data/LucVanTien1916/patches/nlvnpf-0059-004.jpg_5_2.jpg	data/LucVanTien1916/patches_preprocessed/train/nlvnpf-0059-004.jpg_5_2.jpg	train	247.4,152.5,35.8,531.7	丕𡢐𠦳淡登程買安	U+4E15 U+21890 U+209B3 U+6DE1 U+767B U+7A0B U+8CB7 U+5B89	8	Vậy sau ng àn dặm đăng trình mới an	9	0	丕𡢐𠦳淡登程買安	1
LucVanTien1916	nlvnpf-0059 (in mộc bản 1916)	nlvnpf-0059-004	data/LucVanTien1916/pages/images/nlvnpf-0059-004.jpg	12	6	1	data/LucVanTien1916/patches/nlvnpf-0059-004.jpg_6_1.jpg	data/LucVanTien1916/patches_preprocessed/train/nlvnpf-0059-004.jpg_6_1.jpg	train	205.0,152.7,39.5,534.0	尊師𡓮唉咀嘆	U+5C0A U+5E2B U+214EE U+5509 U+5480 U+5606	6	Tôn sư ngồi hãy thở than	6	1	尊師𡓮唉咀嘆	1
LucVanTien1916	nlvnpf-0059 (in mộc bản 1916)	nlvnpf-0059-004	data/LucVanTien1916/pages/images/nlvnpf-0059-004.jpg	13	6	2	data/LucVanTien1916/patches/nlvnpf-0059-004.jpg_6_2.jpg	data/LucVanTien1916/patches_preprocessed/train/nlvnpf-0059-004.jpg_6_2.jpg	train	205.0,152.7,39.5,534.0	𥄭𠚢畧按𧡊払阻󰀡	U+2512D U+206A2 U+7567 U+6309 U+2784A U+6255 U+963B U+F0021	8	Ngó ra trước án thấy chàng trở vô	8	1	𥄭𠚢畧按𧡊払阻󰀡	1
LucVanTien1916	nlvnpf-0059 (in mộc bản 1916)	nlvnpf-0059-004	data/LucVanTien1916/pages/images/nlvnpf-0059-004.jpg	14	7	1	data/LucVanTien1916/patches/nlvnpf-0059-004.jpg_7_1.jpg	data/LucVanTien1916/patches_preprocessed/train/nlvnpf-0059-004.jpg_7_1.jpg	train	168.5,150.5,36.7,536.6	哙浪萬里程途	U+54D9 U+6D6A U+842C U+91CC U+7A0B U+9014	6	Hỏi rằng vạn lý trình đồ	6	1	哙浪萬里程途	1
LucVanTien1916	nlvnpf-0059 (in mộc bản 1916)	nlvnpf-0059-004	data/LucVanTien1916/pages/images/nlvnpf-0059-004.jpg	15	7	2	data/LucVanTien1916/patches/nlvnpf-0059-004.jpg_7_2.jpg	data/LucVanTien1916/patches_preprocessed/val/nlvnpf-0059-004.jpg_7_2.jpg	val	168.5,150.5,36.7,536.6	昆渚拮挭群󰀡𭛣之	U+6606 U+6E1A U+62EE U+632D U+7FA4 U+F0021 U+2D6E3 U+4E4B	8	Con chưa cất gánh còn vô việc gì	8	1	昆渚拮挭群󰀡𭛣之	1
LucVanTien1916	nlvnpf-0059 (in mộc bản 1916)	nlvnpf-0059-004	data/LucVanTien1916/pages/images/nlvnpf-0059-004.jpg	16	8	1	data/LucVanTien1916/patches/nlvnpf-0059-004.jpg_8_1.jpg	data/LucVanTien1916/patches_preprocessed/train/nlvnpf-0059-004.jpg_8_1.jpg	train	131.7,154.5,38.2,531.7	咍󰑼昆唉胡𪟽	U+548D U+F047C U+6606 U+5509 U+80E1 U+2A7FD	6	Hay là con hãy hồ nghi	6	1	咍󰑼昆唉胡𪟽	1
LucVanTien1916	nlvnpf-0059 (in mộc bản 1916)	nlvnpf-0059-004	data/LucVanTien1916/pages/images/nlvnpf-0059-004.jpg	17	8	2	data/LucVanTien1916/patches/nlvnpf-0059-004.jpg_8_2.jpg	data/LucVanTien1916/patches_preprocessed/val/nlvnpf-0059-004.jpg_8_2.jpg	val	131.7,154.5,38.2,531.7	柴盘𠬠𭛣科期群賖	U+67F4 U+76D8 U+20B20 U+2D6E3 U+79D1 U+671F U+7FA4 U+8CD6	8	Thầy bàn một việc khoa kỳ còn xa	8	1	柴盘𠬠𭛣科期群賖	1
LucVanTien1916	nlvnpf-0059 (in mộc bản 1916)	nlvnpf-0059-004	data/LucVanTien1916/pages/images/nlvnpf-0059-004.jpg	18	9	1	data/LucVanTien1916/patches/nlvnpf-0059-004.jpg_9_1.jpg	data/LucVanTien1916/patches_preprocessed/train/nlvnpf-0059-004.jpg_9_1.jpg	train	97.1,156.1,34.7,534.7	云仙𦖑呐連䜹	U+4E91 U+4ED9 U+26591 U+5450 U+9023 U+4739	6	Vân Tiên nghe nói liền thưa	6	1	云仙𦖑呐連䜹	1
LucVanTien1916	nlvnpf-0059 (in mộc bản 1916)	nlvnpf-0059-004	data/LucVanTien1916/pages/images/nlvnpf-0059-004.jpg	19	9	2	data/LucVanTien1916/patches/nlvnpf-0059-004.jpg_9_2.jpg	data/LucVanTien1916/patches_preprocessed/train/nlvnpf-0059-004.jpg_9_2.jpg	train	97.1,156.1,34.7,534.7	小生庄別𬋟湄𠯿芇	U+5C0F U+751F U+5E84 U+5225 U+2C2DF U+6E44 U+20BFF U+8287	8	Tiểu sinh chẳng biết nắng mưa lúc nào	8	1	小生庄別𬋟湄𠯿芇	1
LucVanTien1916	nlvnpf-0059 (in mộc bản 1916)	nlvnpf-0059-005	data/LucVanTien1916/pages/images/nlvnpf-0059-005.jpg	0	0	1	data/LucVanTien1916/patches/nlvnpf-0059-005.jpg_0_1.jpg	data/LucVanTien1916/patches_preprocessed/train/nlvnpf-0059-005.jpg_0_1.jpg	train	355.6,157.6,38.4,524.3	椿萱歲鶴㐌高	U+693F U+8431 U+6B72 U+9DB4 U+340C U+9AD8	6	Xuân huyên tuổi hạc đã cao	6	1	椿萱歲鶴㐌高	1
LucVanTien1916	nlvnpf-0059 (in mộc bản 1916)	nlvnpf-0059-005	data/LucVanTien1916/pages/images/nlvnpf-0059-005.jpg	1	0	2	data/LucVanTien1916/patches/nlvnpf-0059-005.jpg_0_2.jpg	data/LucVanTien1916/patches_preprocessed/train/nlvnpf-0059-005.jpg_0_2.jpg	train	355.6,157.6,38.4,524.3	吀柴排訢音毛朱詳	U+5400 U+67F4 U+6392 U+8A22 U+97F3 U+6BDB U+6731 U+8A73	8	Xin thầy bày tỏ âm hao cho tường	8	1	吀柴排訢音毛朱詳	1
LucVanTien1916	nlvnpf-0059 (in mộc bản 1916)	nlvnpf-0059-005	data/LucVanTien1916/pages/images/nlvnpf-0059-005.jpg	2	1	1	data/LucVanTien1916/patches/nlvnpf-0059-005.jpg_1_1.jpg	data/LucVanTien1916/patches_preprocessed/train/nlvnpf-0059-005.jpg_1_1.jpg	train	315.8,156.4,41.9,524.9	尊師𦖑呐添傷	U+5C0A U+5E2B U+26591 U+5450 U+6DFB U+50B7	6	Tôn sư nghe nói thêm thương	6	1	尊師𦖑呐添傷	1
LucVanTien1916	nlvnpf-0059 (in mộc bản 1916)	nlvnpf-0059-005	data/LucVanTien1916/pages/images/nlvnpf-0059-005.jpg	3	1	2	data/LucVanTien1916/patches/nlvnpf-0059-005.jpg_1_2.jpg	data/LucVanTien1916/patches_preprocessed/train/nlvnpf-0059-005.jpg_1_2.jpg	train	315.8,156.4,41.9,524.9	𢩮𢬣󰑾準前堂䀡𦝄	U+22A6E U+22B23 U+F047E U+6E96 U+524D U+5802 U+4021 U+26744	8	Dắt tay ra chốn tiền đường xem trăng	8	1	𢩮𢬣󰑾準前堂䀡𦝄	1
LucVanTien1916	nlvnpf-0059 (in mộc bản 1916)	nlvnpf-0059-005	data/LucVanTien1916/pages/images/nlvnpf-0059-005.jpg	4	2	1	data/LucVanTien1916/patches/nlvnpf-0059-005.jpg_2_1.jpg	data/LucVanTien1916/patches_preprocessed/train/nlvnpf-0059-005.jpg_2_1.jpg	train	279.3,156.4,38.8,525.5	因机謀事𠴍浪	U+56E0 U+673A U+8B00 U+4E8B U+20D0D U+6D6A	6	Nhân cơ mưu sự dặn rằng	6	1	因机謀事𠴍浪	1
LucVanTien1916	nlvnpf-0059 (in mộc bản 1916)	nlvnpf-0059-005	data/LucVanTien1916/pages/images/nlvnpf-0059-005.jpg	5	2	2	data/LucVanTien1916/patches/nlvnpf-0059-005.jpg_2_2.jpg	data/LucVanTien1916/patches_preprocessed/train/nlvnpf-0059-005.jpg_2_2.jpg	train	279.3,156.4,38.8,525.5	𭛣𠊛󰝸恪󰘚𦝄𨕭𡗶	U+2D6E3 U+2029B U+F0778 U+606A U+F061A U+26744 U+2856D U+215F6	8	Việc người chẳng khác mặt trăng lên trời	8	1	𭛣𠊛󰝸恪󰘚𦝄𨕭𡗶	1
LucVanTien1916	nlvnpf-0059 (in mộc bản 1916)	nlvnpf-0059-005	data/LucVanTien1916/pages/images/nlvnpf-0059-005.jpg	6	3	1	data/LucVanTien1916/patches/nlvnpf-0059-005.jpg_3_1.jpg	data/LucVanTien1916/patches_preprocessed/train/nlvnpf-0059-005.jpg_3_1.jpg	train	240.7,157.0,41.2,524.9	雖浪㵢泣尼匕	U+96D6 U+6D6A U+3D62 U+6CE3 U+5C3C U+5315	6	Tuy rằng soi khắp nơi nơi	6	1	雖浪㵢泣尼匕	1
LucVanTien1916	nlvnpf-0059 (in mộc bản 1916)	nlvnpf-0059-005	data/LucVanTien1916/pages/images/nlvnpf-0059-005.jpg	7	3	2	data/LucVanTien1916/patches/nlvnpf-0059-005.jpg_3_2.jpg	data/LucVanTien1916/patches_preprocessed/train/nlvnpf-0059-005.jpg_3_2.jpg	train	240.7,157.0,41.2,524.9	欺𤎎欺訢欺潙欺苔	U+6B3A U+2438E U+6B3A U+8A22 U+6B3A U+6F59 U+6B3A U+82D4	8	Khi mờ, khi tỏ, khi vơi, khi đầy	8	1	欺𤎎欺訢欺潙欺苔	1
LucVanTien1916	nlvnpf-0059 (in mộc bản 1916)	nlvnpf-0059-005	data/LucVanTien1916/pages/images/nlvnpf-0059-005.jpg	8	4	1	data/LucVanTien1916/patches/nlvnpf-0059-005.jpg_4_1.jpg	data/LucVanTien1916/patches_preprocessed/train/nlvnpf-0059-005.jpg_4_1.jpg	train	201.6,156.4,42.4,525.5	𡢐昆拱𤎜𭛣𠁀	U+21890 U+6606 U+62F1 U+2439C U+2D6E3 U+20040	6	Sau con cũng rạng việc đời	6	1	𡢐昆拱𤎜𭛣𠁀	1
LucVanTien1916	nlvnpf-0059 (in mộc bản 1916)	nlvnpf-0059-005	data/LucVanTien1916/pages/images/nlvnpf-0059-005.jpg	9	4	2	data/LucVanTien1916/patches/nlvnpf-0059-005.jpg_4_2.jpg	data/LucVanTien1916/patches_preprocessed/train/nlvnpf-0059-005.jpg_4_2.jpg	train	201.6,156.4,42.4,525.5	呂󰑼柴沛𣴓唎爫之	U+5442 U+F047C U+67F4 U+6C9B U+23D13 U+550E U+722B U+4E4B	8	Lựa là thầy phải cạn lời làm chi	8	1	呂󰑼柴沛𣴓唎爫之	1
LucVanTien1916	nlvnpf-0059 (in mộc bản 1916)	nlvnpf-0059-005	data/LucVanTien1916/pages/images/nlvnpf-0059-005.jpg	10	5	1	data/LucVanTien1916/patches/nlvnpf-0059-005.jpg_5_1.jpg	data/LucVanTien1916/patches_preprocessed/train/nlvnpf-0059-005.jpg_5_1.jpg	train	161.8,156.4,41.1,526.1	𡢐昆𠄩𡦂科期	U+21890 U+6606 U+20129 U+21982 U+79D1 U+671F	6	Sau con hai chữ khoa kỳ	6	1	𡢐昆𠄩𡦂科期	1
LucVanTien1916	nlvnpf-0059 (in mộc bản 1916)	nlvnpf-0059-005	data/LucVanTien1916/pages/images/nlvnpf-0059-005.jpg	11	5	2	data/LucVanTien1916/patches/nlvnpf-0059-005.jpg_5_2.jpg	data/LucVanTien1916/patches_preprocessed/train/nlvnpf-0059-005.jpg_5_2.jpg	train	161.8,156.4,41.1,526.1	斗星㐌𤎜紫微添和	U+6597 U+661F U+340C U+2439C U+7D2B U+5FAE U+6DFB U+548C	8	Đẩu tinh đã rạng, tử vi thêm hòa	8	1	斗星㐌𤎜紫微添和	1
LucVanTien1916	nlvnpf-0059 (in mộc bản 1916)	nlvnpf-0059-005	data/LucVanTien1916/pages/images/nlvnpf-0059-005.jpg	12	6	1	data/LucVanTien1916/patches/nlvnpf-0059-005.jpg_6_1.jpg	data/LucVanTien1916/patches_preprocessed/train/nlvnpf-0059-005.jpg_6_1.jpg	train	126.3,155.8,37.7,526.1	嫌爲馭唉群賖	U+5ACC U+7232 U+99AD U+5509 U+7FA4 U+8CD6	6	Hiềm vì ngựa hãy còn xa	6	1	嫌爲馭唉群賖	1
LucVanTien1916	nlvnpf-0059 (in mộc bản 1916)	nlvnpf-0059-005	data/LucVanTien1916/pages/images/nlvnpf-0059-005.jpg	13	6	2	data/LucVanTien1916/patches/nlvnpf-0059-005.jpg_6_2.jpg	data/LucVanTien1916/patches_preprocessed/train/nlvnpf-0059-005.jpg_6_2.jpg	train	126.3,155.8,37.7,526.1	兎它路俸𬷤它𠰁散	U+514E U+5B83 U+8DEF U+4FF8 U+2CDE4 U+5B83 U+20C01 U+6563	8	Thỏ đà lộ bóng, gà đà gáy tan	8	1	兎它路俸𬷤它𠰁散	1
LucVanTien1916	nlvnpf-0059 (in mộc bản 1916)	nlvnpf-0059-005	data/LucVanTien1916/pages/images/nlvnpf-0059-005.jpg	14	7	1	data/LucVanTien1916/patches/nlvnpf-0059-005.jpg_7_1.jpg	data/LucVanTien1916/patches_preprocessed/train/nlvnpf-0059-005.jpg_7_1.jpg	train	91.2,153.9,36.2,526.7	包徐朱細北方	U+5305 U+5F90 U+6731 U+7D30 U+5317 U+65B9	6	Bao giờ cho tới bắc phương	6	1	包徐朱細北方	1
LucVanTien1916	nlvnpf-0059 (in mộc bản 1916)	nlvnpf-0059-005	data/LucVanTien1916/pages/images/nlvnpf-0059-005.jpg	15	7	2	data/LucVanTien1916/patches/nlvnpf-0059-005.jpg_7_2.jpg	data/LucVanTien1916/patches_preprocessed/val/nlvnpf-0059-005.jpg_7_2.jpg	val	91.2,153.9,36.2,526.7	包徐﨤𤝞󰑾塘𢧚名	U+5305 U+5F90 U+FA24 U+2475E U+F047E U+5858 U+229DA U+540D	8	Bao giờ gặp chuột ra đàng nên danh	8	1	包徐﨤𤝞󰑾塘𢧚名	1
LucVanTien1916	nlvnpf-0059 (in mộc bản 1916)	nlvnpf-0059-005	data/LucVanTien1916/pages/images/nlvnpf-0059-005.jpg	16	8	1	data/LucVanTien1916/patches/nlvnpf-0059-005.jpg_8_1.jpg	data/LucVanTien1916/patches_preprocessed/train/nlvnpf-0059-005.jpg_8_1.jpg	train	50.7,152.4,38.1,527.0	𡢐油鄧𡦂顕荣	U+21890 U+6CB9 U+9127 U+21982 U+9855 U+8363	6	Sau dầu đặng chữ hiển vinh	6	1	𡢐油鄧𡦂顕荣	1
LucVanTien1916	nlvnpf-0059 (in mộc bản 1916)	nlvnpf-0059-005	data/LucVanTien1916/pages/images/nlvnpf-0059-005.jpg	17	8	2	data/LucVanTien1916/patches/nlvnpf-0059-005.jpg_8_2.jpg	data/LucVanTien1916/patches_preprocessed/train/nlvnpf-0059-005.jpg_8_2.jpg	train	50.7,152.4,38.1,527.0	󰋇唎柴呐前程󰝸差	U+F02C7 U+550E U+67F4 U+5450 U+524D U+7A0B U+F0778 U+5DEE	8	Mấy lời thầy nói tiền trình chẳng sai	8	1	󰋇唎柴呐前程󰝸差	1
LucVanTien1916	nlvnpf-0059 (in mộc bản 1916)	nlvnpf-0059-005	data/LucVanTien1916/pages/images/nlvnpf-0059-005.jpg	18	9	1	data/LucVanTien1916/patches/nlvnpf-0059-005.jpg_9_1.jpg	data/LucVanTien1916/patches_preprocessed/train/nlvnpf-0059-005.jpg_9_1.jpg	train	16.4,153.3,35.7,526.7	汝勾否極泰來	U+6C5D U+52FE U+5426 U+6975 U+6CF0 U+4F86	6	Nhớ câu bĩ cực thái lai	6	1	汝勾否極泰來	1
LucVanTien1916	nlvnpf-0059 (in mộc bản 1916)	nlvnpf-0059-005	data/LucVanTien1916/pages/images/nlvnpf-0059-005.jpg	19	9	2	data/LucVanTien1916/patches/nlvnpf-0059-005.jpg_9_2.jpg	data/LucVanTien1916/patches_preprocessed/val/nlvnpf-0059-005.jpg_9_2.jpg	val	16.4,153.3,35.7,526.7	𡨹𠇮朱援𭛣埃󰝸潺	U+21A39 U+201EE U+6731 U+63F4 U+2D6E3 U+57C3 U+F0778 U+6F7A	8	Giữ mình cho vẹn việc ai chẳng sờn	8	1	𡨹𠇮朱援𭛣埃󰝸潺	1
LucVanTien1916	nlvnpf-0059 (in mộc bản 1916)	nlvnpf-0059-006	data/LucVanTien1916/pages/images/nlvnpf-0059-006.jpg	0	0	1	data/LucVanTien1916/patches/nlvnpf-0059-006.jpg_0_1.jpg	data/LucVanTien1916/patches_preprocessed/train/nlvnpf-0059-006.jpg_0_1.jpg	train	433.4,152.7,33.9,526.7	雲仙倍且謝恩	U+96F2 U+4ED9 U+500D U+4E14 U+8B1D U+6069	6	Vân Tiên vội vã tạ ơn	6	1	雲仙倍且謝恩	1
LucVanTien1916	nlvnpf-0059 (in mộc bản 1916)	nlvnpf-0059-006	data/LucVanTien1916/pages/images/nlvnpf-0059-006.jpg	1	0	2	data/LucVanTien1916/patches/nlvnpf-0059-006.jpg_0_2.jpg	data/LucVanTien1916/patches_preprocessed/train/nlvnpf-0059-006.jpg_0_2.jpg	train	433.4,152.7,33.9,526.7	𤾓𠄼吀亘膠山𠬠𠳒	U+24F93 U+2013C U+5400 U+4E98 U+81A0 U+5C71 U+20B20 U+20CD2	8	Trăm năm xin hẵng keo sơn một lờị	8	1	𤾓𠄼吀亘膠山𠬠𠳒	1
LucVanTien1916	nlvnpf-0059 (in mộc bản 1916)	nlvnpf-0059-006	data/LucVanTien1916/pages/images/nlvnpf-0059-006.jpg	2	1	1	data/LucVanTien1916/patches/nlvnpf-0059-006.jpg_1_1.jpg	data/LucVanTien1916/patches_preprocessed/train/nlvnpf-0059-006.jpg_1_1.jpg	train	394.9,153.9,35.3,529.7	󰑾𠫾𣃣尽蹎𡗶	U+F047E U+20AFE U+230E3 U+5C3D U+8E4E U+215F6	6	Ra đi vừa tận chân trời	6	1	󰑾𠫾𣃣尽蹎𡗶	1
LucVanTien1916	nlvnpf-0059 (in mộc bản 1916)	nlvnpf-0059-006	data/LucVanTien1916/pages/images/nlvnpf-0059-006.jpg	3	1	2	data/LucVanTien1916/patches/nlvnpf-0059-006.jpg_1_2.jpg	data/LucVanTien1916/patches_preprocessed/val/nlvnpf-0059-006.jpg_1_2.jpg	val	394.9,153.9,35.3,529.7	𠿯匕吏𥄭𠓨尼圣堂	U+20FEF U+5315 U+540F U+2512D U+204E8 U+5C3C U+5723 U+5802	8	Ngùi ngùi lại ngó vào nơi thánh đường	8	1	𠿯匕吏𥄭𠓨尼圣堂	1
LucVanTien1916	nlvnpf-0059 (in mộc bản 1916)	nlvnpf-0059-006	data/LucVanTien1916/pages/images/nlvnpf-0059-006.jpg	4	2	1	data/LucVanTien1916/patches/nlvnpf-0059-006.jpg_2_1.jpg	data/LucVanTien1916/patches_preprocessed/train/nlvnpf-0059-006.jpg_2_1.jpg	train	357.0,155.2,38.0,529.1	嘆浪天各一方	U+5606 U+6D6A U+5929 U+5404 U+4E00 U+65B9	6	Than rằng Thiên các nhất phương	6	1	嘆浪天各一方	1
LucVanTien1916	nlvnpf-0059 (in mộc bản 1916)	nlvnpf-0059-006	data/LucVanTien1916/pages/images/nlvnpf-0059-006.jpg	5	2	2	data/LucVanTien1916/patches/nlvnpf-0059-006.jpg_2_2.jpg	data/LucVanTien1916/patches_preprocessed/train/nlvnpf-0059-006.jpg_2_2.jpg	train	357.0,155.2,38.0,529.1	柴王段慘伵王段愁	U+67F4 U+738B U+6BB5 U+6158 U+4F35 U+738B U+6BB5 U+6101	8	Thầy vương đoạn thảm, tớ vương đoạn sầu	8	1	柴王段慘伵王段愁	1
LucVanTien1916	nlvnpf-0059 (in mộc bản 1916)	nlvnpf-0059-006	data/LucVanTien1916/pages/images/nlvnpf-0059-006.jpg	6	3	1	data/LucVanTien1916/patches/nlvnpf-0059-006.jpg_3_1.jpg	data/LucVanTien1916/patches_preprocessed/train/nlvnpf-0059-006.jpg_3_1.jpg	train	319.3,155.2,38.6,527.3	管包𠇮󱎣解油	U+7BA1 U+5305 U+201EE U+F13A3 U+89E3 U+6CB9	6	Quản bao mình trẻ giãi dầu	6	1	管包𠇮󱎣解油	1
LucVanTien1916	nlvnpf-0059 (in mộc bản 1916)	nlvnpf-0059-006	data/LucVanTien1916/pages/images/nlvnpf-0059-006.jpg	7	3	2	data/LucVanTien1916/patches/nlvnpf-0059-006.jpg_3_2.jpg	data/LucVanTien1916/patches_preprocessed/train/nlvnpf-0059-006.jpg_3_2.jpg	train	319.3,155.2,38.6,527.3	芒帶子路掛瓢刘泠	U+8292 U+5E36 U+5B50 U+8DEF U+639B U+74E2 U+5218 U+6CE0	8	Mang đai Tử Lộ quảy bầu Lưu Linh	8	1	芒帶子路掛瓢刘泠	1
LucVanTien1916	nlvnpf-0059 (in mộc bản 1916)	nlvnpf-0059-006	data/LucVanTien1916/pages/images/nlvnpf-0059-006.jpg	8	4	1	data/LucVanTien1916/patches/nlvnpf-0059-006.jpg_4_1.jpg	data/LucVanTien1916/patches_preprocessed/train/nlvnpf-0059-006.jpg_4_1.jpg	train	281.3,154.6,36.7,528.6	㝵芇亇渃及縁	U+3775 U+8287 U+4E87 U+6E03 U+53CA U+7E01	6	Ngày nào cá nước gặp duyên	6	1	㝵芇亇渃及縁	1
LucVanTien1916	nlvnpf-0059 (in mộc bản 1916)	nlvnpf-0059-006	data/LucVanTien1916/pages/images/nlvnpf-0059-006.jpg	9	4	2	data/LucVanTien1916/patches/nlvnpf-0059-006.jpg_4_2.jpg	data/LucVanTien1916/patches_preprocessed/train/nlvnpf-0059-006.jpg_4_2.jpg	train	281.3,154.6,36.7,528.6	朗名昆討匪願碎𬆄	U+6717 U+540D U+6606 U+8A0E U+532A U+9858 U+788E U+2C184	8	Rạng danh con thảo phỉ nguyền tôi ngay	8	1	朗名昆討匪願碎𬆄	1
LucVanTien1916	nlvnpf-0059 (in mộc bản 1916)	nlvnpf-0059-006	data/LucVanTien1916/pages/images/nlvnpf-0059-006.jpg	10	5	1	data/LucVanTien1916/patches/nlvnpf-0059-006.jpg_5_1.jpg	data/LucVanTien1916/patches_preprocessed/train/nlvnpf-0059-006.jpg_5_1.jpg	train	239.1,157.6,39.3,527.3	計自昔淡細𫢩	U+8A08 U+81EA U+6614 U+6DE1 U+7D30 U+2B8A9	6	Kể từ tách dặm tới nay	6	1	計自昔淡細𫢩	1
LucVanTien1916	nlvnpf-0059 (in mộc bản 1916)	nlvnpf-0059-006	data/LucVanTien1916/pages/images/nlvnpf-0059-006.jpg	11	5	2	data/LucVanTien1916/patches/nlvnpf-0059-006.jpg_5_2.jpg	data/LucVanTien1916/patches_preprocessed/train/nlvnpf-0059-006.jpg_5_2.jpg	train	239.1,157.6,39.3,527.3	痗迷倂㐌闭迡衝霜	U+75D7 U+8FF7 U+5002 U+340C U+95ED U+8FE1 U+885D U+971C	8	Mỏi mê tính đã bấy chầy xông sương	8	1	痗迷倂㐌闭迡衝霜	1
LucVanTien1916	nlvnpf-0059 (in mộc bản 1916)	nlvnpf-0059-006	data/LucVanTien1916/pages/images/nlvnpf-0059-006.jpg	12	6	1	data/LucVanTien1916/patches/nlvnpf-0059-006.jpg_6_1.jpg	data/LucVanTien1916/patches_preprocessed/train/nlvnpf-0059-006.jpg_6_1.jpg	train	203.9,160.6,37.0,521.2	兑𦖻風景添傷	U+5151 U+265BB U+98A8 U+666F U+6DFB U+50B7	6	Ðoái tai phong cảnh thêm thương	6	1	兑𦖻風景添傷	1
LucVanTien1916	nlvnpf-0059 (in mộc bản 1916)	nlvnpf-0059-006	data/LucVanTien1916/pages/images/nlvnpf-0059-006.jpg	13	6	2	data/LucVanTien1916/patches/nlvnpf-0059-006.jpg_6_2.jpg	data/LucVanTien1916/patches_preprocessed/train/nlvnpf-0059-006.jpg_6_2.jpg	train	203.9,160.6,37.0,521.2	為匕淡娄裊塘群賖	U+70BA U+5315 U+6DE1 U+5A04 U+88CA U+5858 U+7FA4 U+8CD6	8	Vơi vơi dặm cũ, nẻo đường còn xa	8	1	為匕淡娄裊塘群賖	1
LucVanTien1916	nlvnpf-0059 (in mộc bản 1916)	nlvnpf-0059-006	data/LucVanTien1916/pages/images/nlvnpf-0059-006.jpg	14	7	1	data/LucVanTien1916/patches/nlvnpf-0059-006.jpg_7_1.jpg	data/LucVanTien1916/patches_preprocessed/train/nlvnpf-0059-006.jpg_7_1.jpg	train	166.9,161.8,39.1,522.4	丿兜㐌細隣家	U+4E3F U+515C U+340C U+7D30 U+96A3 U+5BB6	6	Phút đâu đã tới lân gia	6	1	丿兜㐌細隣家	1
LucVanTien1916	nlvnpf-0059 (in mộc bản 1916)	nlvnpf-0059-006	data/LucVanTien1916/pages/images/nlvnpf-0059-006.jpg	15	7	2	data/LucVanTien1916/patches/nlvnpf-0059-006.jpg_7_2.jpg	data/LucVanTien1916/patches_preprocessed/train/nlvnpf-0059-006.jpg_7_2.jpg	train	166.9,161.8,39.1,522.4	畧󰑼探伴𡢐󰑼󰀢蹎	U+7567 U+F047C U+63A2 U+4F34 U+21890 U+F047C U+F0022 U+8E4E	8	Trước là thăm bạn sau là nghỉ chân	8	1	畧󰑼探伴𡢐󰑼󰀢蹎	1
LucVanTien1916	nlvnpf-0059 (in mộc bản 1916)	nlvnpf-0059-006	data/LucVanTien1916/pages/images/nlvnpf-0059-006.jpg	16	8	1	data/LucVanTien1916/patches/nlvnpf-0059-006.jpg_8_1.jpg	data/LucVanTien1916/patches_preprocessed/train/nlvnpf-0059-006.jpg_8_1.jpg	train	127.3,162.4,41.7,521.8	𭛣之𪡔哭熷𤇊	U+2D6E3 U+4E4B U+2A854 U+54ED U+71B7 U+241CA	6	Việc chi la khóc tưng bừng	6	1	𭛣之𪡔哭熷𤇊	1
LucVanTien1916	nlvnpf-0059 (in mộc bản 1916)	nlvnpf-0059-006	data/LucVanTien1916/pages/images/nlvnpf-0059-006.jpg	17	8	2	data/LucVanTien1916/patches/nlvnpf-0059-006.jpg_8_2.jpg	data/LucVanTien1916/patches_preprocessed/val/nlvnpf-0059-006.jpg_8_2.jpg	val	127.3,162.4,41.7,521.8	調󰝡饒𧼋𠓨棱𨑗𡽫	U+8ABF U+F0761 U+9952 U+27F0B U+204E8 U+68F1 U+28457 U+21F6B	8	Ðều đem nhau chạy vào rừng lên non	8	1	調󰝡饒𧼋𠓨棱𨑗𡽫	1
LucVanTien1916	nlvnpf-0059 (in mộc bản 1916)	nlvnpf-0059-006	data/LucVanTien1916/pages/images/nlvnpf-0059-006.jpg	18	9	1	data/LucVanTien1916/patches/nlvnpf-0059-006.jpg_9_1.jpg	data/LucVanTien1916/patches_preprocessed/train/nlvnpf-0059-006.jpg_9_1.jpg	train	89.7,161.8,35.2,522.2	仙浪各注拱昆	U+4ED9 U+6D6A U+5404 U+6CE8 U+62F1 U+6606	6	Tiên rằng các chú cùng con	6	1	仙浪各注拱昆	1
LucVanTien1916	nlvnpf-0059 (in mộc bản 1916)	nlvnpf-0059-006	data/LucVanTien1916/pages/images/nlvnpf-0059-006.jpg	19	9	2	data/LucVanTien1916/patches/nlvnpf-0059-006.jpg_9_2.jpg	data/LucVanTien1916/patches_preprocessed/train/nlvnpf-0059-006.jpg_9_2.jpg	train	89.7,161.8,35.2,522.2	𭛣之急足奔匕𧼋𢙇	U+2D6E3 U+4E4B U+6025 U+8DB3 U+5954 U+5315 U+27F0B U+22647	8	Việc chi cấp tốc bon bon chạy hoài	8	1	𭛣之急足奔匕𧼋𢙇	1
LucVanTien1916	nlvnpf-0059 (in mộc bản 1916)	nlvnpf-0059-007	data/LucVanTien1916/pages/images/nlvnpf-0059-007.jpg	0							民浪小子󰑼昆	U+6C11 U+6D6A U+5C0F U+5B50 U+F047C U+6606	6	Dân rằng Tiểu tử là con	6	1	民浪小子󰑼昆	1
LucVanTien1916	nlvnpf-0059 (in mộc bản 1916)	nlvnpf-0059-007	data/LucVanTien1916/pages/images/nlvnpf-0059-007.jpg	1							咍󰑼𠬠屡山󰉟蹺些	U+548D U+F047C U+20B20 U+5C61 U+5C71 U+F025F U+8E7A U+4E9B	8	Hay là một lũ sơn đài theo ta	8	1	咍󰑼𠬠屡山󰉟蹺些	1
LucVanTien1916	nlvnpf-0059 (in mộc bản 1916)	nlvnpf-0059-007	data/LucVanTien1916/pages/images/nlvnpf-0059-007.jpg	2							仙浪拠事爫牢	U+4ED9 U+6D6A U+62E0 U+4E8B U+722B U+7262	6	Tiên rằng cớ sự làm sao	6	1	仙浪拠事爫牢	1
LucVanTien1916	nlvnpf-0059 (in mộc bản 1916)	nlvnpf-0059-007	data/LucVanTien1916/pages/images/nlvnpf-0059-007.jpg	3							吀柴𡮇㐌仕𢭂𠬠𢈱	U+5400 U+67F4 U+21B87 U+340C U+4ED5 U+22B42 U+20B20 U+22231	8	Xin thầy chút đã sẽ trao một lời	8	1	吀柴𡮇㐌仕𢭂𠬠𢈱	1
LucVanTien1916	nlvnpf-0059 (in mộc bản 1916)	nlvnpf-0059-007	data/LucVanTien1916/pages/images/nlvnpf-0059-007.jpg	4							民𦖑㗂呐請台	U+6C11 U+26591 U+35C2 U+5450 U+8ACB U+53F0	6	Dân nghe tiếng nói thảnh thơi	6	1	民𦖑㗂呐請台	1
LucVanTien1916	nlvnpf-0059 (in mộc bản 1916)	nlvnpf-0059-007	data/LucVanTien1916/pages/images/nlvnpf-0059-007.jpg	5							呌蹺𨅸吏𤑟𢈱分戈	U+544C U+8E7A U+28178 U+540F U+2445F U+22231 U+5206 U+6208	8	Kêu nhau đứng lại rõ lời phân qua	8	1	呌蹺𨅸吏𤑟𢈱分戈	1
LucVanTien1916	nlvnpf-0059 (in mộc bản 1916)	nlvnpf-0059-007	data/LucVanTien1916/pages/images/nlvnpf-0059-007.jpg	6							䜹浪固党娄󰑼	U+4739 U+6D6A U+56FA U+515A U+5A04 U+F047C	6	Thưa rằng có đảng lâu la	6	1	䜹浪固党娄󰑼	1
LucVanTien1916	nlvnpf-0059 (in mộc bản 1916)	nlvnpf-0059-007	data/LucVanTien1916/pages/images/nlvnpf-0059-007.jpg	7							𠸜󰑼杜預号󰑼風來	U+20E1C U+F047C U+675C U+9810 U+53F7 U+F047C U+98A8 U+4F86	8	Tên là Ðỗ Dự, hiệu là Phong Lai	8	1	𠸜󰑼杜預号󰑼風來	1
LucVanTien1916	nlvnpf-0059 (in mộc bản 1916)	nlvnpf-0059-007	data/LucVanTien1916/pages/images/nlvnpf-0059-007.jpg	8							𥱱饒扵准山󰉟	U+25C71 U+9952 U+6275 U+51C6 U+5C71 U+F025F	6	Chụm nhau ở chốn sơn đài	6	1	𥱱饒扵准山󰉟	1
LucVanTien1916	nlvnpf-0059 (in mộc bản 1916)	nlvnpf-0059-007	data/LucVanTien1916/pages/images/nlvnpf-0059-007.jpg	9							𠊛調𢜝奴固才坤當	U+2029B U+8ABF U+2271D U+5974 U+56FA U+624D U+5764 U+7576	8	Người đều sợ nó có tài khôn đương	8	1	𠊛調𢜝奴固才坤當	1
LucVanTien1916	nlvnpf-0059 (in mộc bản 1916)	nlvnpf-0059-007	data/LucVanTien1916/pages/images/nlvnpf-0059-007.jpg	10							悲徐都𠖈本鄕	U+60B2 U+5F90 U+90FD U+20588 U+672C U+9115	6	Bây giờ đua xuống bản hương	6	1	悲徐都𠖈本鄕	1
LucVanTien1916	nlvnpf-0059 (in mộc bản 1916)	nlvnpf-0059-007	data/LucVanTien1916/pages/images/nlvnpf-0059-007.jpg	11							𧡊昆𡛔卒戈塘扒𠫾	U+2784A U+6606 U+216D4 U+5352 U+6208 U+5858 U+6252 U+20AFE	8	Thấy con gái tốt qua đường bắt đi	8	1	𧡊昆𡛔卒戈塘扒𠫾	1
LucVanTien1916	nlvnpf-0059 (in mộc bản 1916)	nlvnpf-0059-007	data/LucVanTien1916/pages/images/nlvnpf-0059-007.jpg	12							𥪝廊󰝸敢呐之	U+25A9D U+5ECA U+F0778 U+6562 U+5450 U+4E4B	6	Trong làng chẳng dám nói chi	6	1	𥪝廊󰝸敢呐之	1
LucVanTien1916	nlvnpf-0059 (in mộc bản 1916)	nlvnpf-0059-007	data/LucVanTien1916/pages/images/nlvnpf-0059-007.jpg	13							感傷𠄩婍女兒縸𮥷	U+611F U+50B7 U+20129 U+5A4D U+5973 U+5152 U+7E38 U+2E977	8	Cảm thương hai ả nữ nhi mắc nàn.	8	1	感傷𠄩婍女兒縸𮥷	1
LucVanTien1916	nlvnpf-0059 (in mộc bản 1916)	nlvnpf-0059-007	data/LucVanTien1916/pages/images/nlvnpf-0059-007.jpg	14							昆埃䏧玉𠇮鐄	U+6606 U+57C3 U+43E7 U+7389 U+201EE U+9404	6	Con ai da ngọc mình vàng	6	1	昆埃䏧玉𠇮鐄	1
LucVanTien1916	nlvnpf-0059 (in mộc bản 1916)	nlvnpf-0059-007	data/LucVanTien1916/pages/images/nlvnpf-0059-007.jpg	15							𦟐桃眉󰳀容顔冷㳥	U+267D0 U+6843 U+7709 U+F0CC0 U+5BB9 U+9854 U+51B7 U+3CE5	8	Má đào mày liễu dung nhan lạnh lùng	8	1	𦟐桃眉󰳀容顔冷㳥	1
LucVanTien1916	nlvnpf-0059 (in mộc bản 1916)	nlvnpf-0059-007	data/LucVanTien1916/pages/images/nlvnpf-0059-007.jpg	16							𠲖欺及党行凶	U+20C96 U+6B3A U+53CA U+515A U+884C U+51F6	6	E khi gặp đảng hành hung	6	1	𠲖欺及党行凶	1
LucVanTien1916	nlvnpf-0059 (in mộc bản 1916)	nlvnpf-0059-007	data/LucVanTien1916/pages/images/nlvnpf-0059-007.jpg	17							枉荘淑女生󰠃匹夫	U+6789 U+8358 U+6DD1 U+5973 U+751F U+F0803 U+5339 U+592B	8	Uổng trang thục nữ sánh cùng thất phu	8	1	枉荘淑女生󰠃匹夫	1
LucVanTien1916	nlvnpf-0059 (in mộc bản 1916)	nlvnpf-0059-007	data/LucVanTien1916/pages/images/nlvnpf-0059-007.jpg	18							崔匕渚呵呐𥹰	U+5D14 U+5315 U+6E1A U+5475 U+5450 U+25E70	6	Thôi thôi chưa khá nói lâu	6	1	崔匕渚呵呐𥹰	1
LucVanTien1916	nlvnpf-0059 (in mộc bản 1916)	nlvnpf-0059-007	data/LucVanTien1916/pages/images/nlvnpf-0059-007.jpg	19							𧼋𠫾朱塊矯敺細󰳁	U+27F0B U+20AFE U+6731 U+584A U+77EF U+657A U+7D30 U+F0CC1	8	Chạy đi cho khỏi kẻo âu tới mình	8	1	𧼋𠫾朱塊矯敺細󰳁	1
LucVanTien1916	nlvnpf-0059 (in mộc bản 1916)	nlvnpf-0059-008	data/LucVanTien1916/pages/images/nlvnpf-0059-008.jpg	0	0	1	data/LucVanTien1916/patches/nlvnpf-0059-008.jpg_0_1.jpg	data/LucVanTien1916/patches_preprocessed/train/nlvnpf-0059-008.jpg_0_1.jpg	train	432.3,139.5,35.6,534.3	雲仙浽陣雷霆	U+96F2 U+4ED9 U+6D7D U+9663 U+96F7 U+9706	6	Vân Tiên nổi trận lôi đình	6	1	雲仙浽陣雷霆	1
LucVanTien1916	nlvnpf-0059 (in mộc bản 1916)	nlvnpf-0059-008	data/LucVanTien1916/pages/images/nlvnpf-0059-008.jpg	1	0	2	data/LucVanTien1916/patches/nlvnpf-0059-008.jpg_0_2.jpg	data/LucVanTien1916/patches_preprocessed/val/nlvnpf-0059-008.jpg_0_2.jpg	val	432.3,139.5,35.6,534.3	哙探屡奴群仃尼芇	U+54D9 U+63A2 U+5C61 U+5974 U+7FA4 U+4EC3 U+5C3C U+8287	8	Hỏi thăm lũ nó còn dừng nơi nao	8	1	哙探屡奴群仃尼芇	1
LucVanTien1916	nlvnpf-0059 (in mộc bản 1916)	nlvnpf-0059-008	data/LucVanTien1916/pages/images/nlvnpf-0059-008.jpg	2	1	1	data/LucVanTien1916/patches/nlvnpf-0059-008.jpg_1_1.jpg	data/LucVanTien1916/patches_preprocessed/train/nlvnpf-0059-008.jpg_1_1.jpg	train	395.8,140.1,35.2,536.1	碎吀𦋦飭英豪	U+788E U+5400 U+262E6 U+98ED U+82F1 U+8C6A	6	Tôi xin ra sức anh hào	6	1	碎吀𦋦飭英豪	1
LucVanTien1916	nlvnpf-0059 (in mộc bản 1916)	nlvnpf-0059-008	data/LucVanTien1916/pages/images/nlvnpf-0059-008.jpg	3	1	2	data/LucVanTien1916/patches/nlvnpf-0059-008.jpg_1_2.jpg	data/LucVanTien1916/patches_preprocessed/val/nlvnpf-0059-008.jpg_1_2.jpg	val	395.8,140.1,35.2,536.1	枚𠊛朱塊劳刀貝尼	U+679A U+2029B U+6731 U+584A U+52B3 U+5200 U+8C9D U+5C3C	8	May người cho khỏi lao đao buổi nàỵ	8	1	枚𠊛朱塊劳刀貝尼	1
LucVanTien1916	nlvnpf-0059 (in mộc bản 1916)	nlvnpf-0059-008	data/LucVanTien1916/pages/images/nlvnpf-0059-008.jpg	4	2	1	data/LucVanTien1916/patches/nlvnpf-0059-008.jpg_2_1.jpg	data/LucVanTien1916/patches_preprocessed/train/nlvnpf-0059-008.jpg_2_1.jpg	train	359.4,141.3,37.8,536.7	民浪屡奴群低	U+6C11 U+6D6A U+5C61 U+5974 U+7FA4 U+4F4E	6	Dân rằng Lũ nó còn đây	6	1	民浪屡奴群低	1
LucVanTien1916	nlvnpf-0059 (in mộc bản 1916)	nlvnpf-0059-008	data/LucVanTien1916/pages/images/nlvnpf-0059-008.jpg	5	2	2	data/LucVanTien1916/patches/nlvnpf-0059-008.jpg_2_2.jpg	data/LucVanTien1916/patches_preprocessed/val/nlvnpf-0059-008.jpg_2_2.jpg	val	359.4,141.3,37.8,536.7	戈䀡󰘚倍踈兮㐌仃	U+6208 U+4021 U+F061A U+500D U+8E08 U+516E U+340C U+4EC3	8	Qua xem mặt bậu thơ ngây đã đành	8	1	戈䀡󰘚倍踈兮㐌仃	1
LucVanTien1916	nlvnpf-0059 (in mộc bản 1916)	nlvnpf-0059-008	data/LucVanTien1916/pages/images/nlvnpf-0059-008.jpg	6	3	1	data/LucVanTien1916/patches/nlvnpf-0059-008.jpg_3_1.jpg	data/LucVanTien1916/patches_preprocessed/train/nlvnpf-0059-008.jpg_3_1.jpg	train	322.1,142.5,35.9,535.5	𠲖欺𪽗虎不成	U+20C96 U+6B3A U+2AF57 U+864E U+4E0D U+6210	6	E khi vẽ hổ bất thành	6	1	𠲖欺𪽗虎不成	1
LucVanTien1916	nlvnpf-0059 (in mộc bản 1916)	nlvnpf-0059-008	data/LucVanTien1916/pages/images/nlvnpf-0059-008.jpg	7	3	2	data/LucVanTien1916/patches/nlvnpf-0059-008.jpg_3_2.jpg	data/LucVanTien1916/patches_preprocessed/train/nlvnpf-0059-008.jpg_3_2.jpg	train	322.1,142.5,35.9,535.5	欺空𠇮吏墫𠇮𠓨𡎟	U+6B3A U+7A7A U+201EE U+540F U+58AB U+201EE U+204E8 U+2139F	8	Khi không mình lại chôn mình vào hang.	8	1	欺空𠇮吏墫𠇮𠓨𡎟	1
LucVanTien1916	nlvnpf-0059 (in mộc bản 1916)	nlvnpf-0059-008	data/LucVanTien1916/pages/images/nlvnpf-0059-008.jpg	8	4	1	data/LucVanTien1916/patches/nlvnpf-0059-008.jpg_4_1.jpg	data/LucVanTien1916/patches_preprocessed/train/nlvnpf-0059-008.jpg_4_1.jpg	train	282.6,142.4,37.3,535.5	雲仙𨅸吏边塘	U+96F2 U+4ED9 U+28178 U+540F U+8FB9 U+5858	6	Vân Tiên đứng lại bên đàng	6	1	雲仙𨅸吏边塘	1
LucVanTien1916	nlvnpf-0059 (in mộc bản 1916)	nlvnpf-0059-008	data/LucVanTien1916/pages/images/nlvnpf-0059-008.jpg	9	4	2	data/LucVanTien1916/patches/nlvnpf-0059-008.jpg_4_2.jpg			282.6,142.4,37.3,535.5	𢯏核爫梞[?]𠦳𧼋無	U+22BCF U+6838 U+722B U+689E U+005B U+003F U+005D U+209B3 U+27F0B U+7121	10	Bẻ cây làm gậy [?] ngàn chạy vô	8	0	𢯏核爫梞?𠦳𧼋無	0
LucVanTien1916	nlvnpf-0059 (in mộc bản 1916)	nlvnpf-0059-008	data/LucVanTien1916/pages/images/nlvnpf-0059-008.jpg	10	5	1	data/LucVanTien1916/patches/nlvnpf-0059-008.jpg_5_1.jpg	data/LucVanTien1916/patches_preprocessed/train/nlvnpf-0059-008.jpg_5_1.jpg	train	243.0,145.6,35.9,533.0	呌浪唉党凶徒	U+544C U+6D6A U+5509 U+515A U+51F6 U+5F92	6	Kêu rằng hỡi đảng hung đồ	6	1	呌浪唉党凶徒	1
LucVanTien1916	nlvnpf-0059 (in mộc bản 1916)	nlvnpf-0059-008	data/LucVanTien1916/pages/images/nlvnpf-0059-008.jpg	11	5	2	data/LucVanTien1916/patches/nlvnpf-0059-008.jpg_5_2.jpg	data/LucVanTien1916/patches_preprocessed/train/nlvnpf-0059-008.jpg_5_2.jpg	train	243.0,145.6,35.9,533.0	渚涓退与模糊害民	U+6E1A U+6D93 U+9000 U+4E0E U+6A21 U+7CCA U+5BB3 U+6C11	8	Chớ quen thói dữ Mạc Hồ hại dân	8	1	渚涓退与模糊害民	1
LucVanTien1916	nlvnpf-0059 (in mộc bản 1916)	nlvnpf-0059-008	data/LucVanTien1916/pages/images/nlvnpf-0059-008.jpg	12	6	1	data/LucVanTien1916/patches/nlvnpf-0059-008.jpg_6_1.jpg	data/LucVanTien1916/patches_preprocessed/train/nlvnpf-0059-008.jpg_6_1.jpg	train	205.9,143.4,35.6,535.7	風來󰘚䚂𤇊匕	U+98A8 U+4F86 U+F061A U+4682 U+241CA U+5315	6	Phong Lai mặt đỏ bừng bừng	6	1	風來󰘚䚂𤇊匕	1
LucVanTien1916	nlvnpf-0059 (in mộc bản 1916)	nlvnpf-0059-008	data/LucVanTien1916/pages/images/nlvnpf-0059-008.jpg	13	6	2	data/LucVanTien1916/patches/nlvnpf-0059-008.jpg_6_2.jpg	data/LucVanTien1916/patches_preprocessed/val/nlvnpf-0059-008.jpg_6_2.jpg	val	205.9,143.4,35.6,535.7	繩芇麻敢礼凌𠓨低	U+7E69 U+8287 U+9EBB U+6562 U+793C U+51CC U+204E8 U+4F4E	8	Thằng nào mà dám lẫy lừng vào đây	8	1	繩芇麻敢礼凌𠓨低	1
LucVanTien1916	nlvnpf-0059 (in mộc bản 1916)	nlvnpf-0059-008	data/LucVanTien1916/pages/images/nlvnpf-0059-008.jpg	14	7	1	data/LucVanTien1916/patches/nlvnpf-0059-008.jpg_7_1.jpg	data/LucVanTien1916/patches_preprocessed/train/nlvnpf-0059-008.jpg_7_1.jpg	train	168.5,143.0,35.7,538.7	畧掑𭛣与在眉	U+7567 U+6391 U+2D6E3 U+4E0E U+5728 U+7709	6	Trước gây việc dữ tại mày	6	1	畧掑𭛣与在眉	1
LucVanTien1916	nlvnpf-0059 (in mộc bản 1916)	nlvnpf-0059-008	data/LucVanTien1916/pages/images/nlvnpf-0059-008.jpg	15	7	2	data/LucVanTien1916/patches/nlvnpf-0059-008.jpg_7_2.jpg	data/LucVanTien1916/patches_preprocessed/train/nlvnpf-0059-008.jpg_7_2.jpg	train	168.5,143.0,35.7,538.7	傳軍𦊚費補𡆫䈟蓬	U+50B3 U+8ECD U+2629A U+8CBB U+88DC U+211AB U+421F U+84EC	8	Truyền quân bốn phía bổ vây bịt bùng	8	1	傳軍𦊚費補𡆫䈟蓬	1
LucVanTien1916	nlvnpf-0059 (in mộc bản 1916)	nlvnpf-0059-008	data/LucVanTien1916/pages/images/nlvnpf-0059-008.jpg	16	8	1	data/LucVanTien1916/patches/nlvnpf-0059-008.jpg_8_1.jpg	data/LucVanTien1916/patches_preprocessed/train/nlvnpf-0059-008.jpg_8_1.jpg	train	132.8,143.3,36.1,539.6	云仙左突右衝	U+4E91 U+4ED9 U+5DE6 U+7A81 U+53F3 U+885D	6	Vân Tiên tả đột hữu xung	6	1	云仙左突右衝	1
LucVanTien1916	nlvnpf-0059 (in mộc bản 1916)	nlvnpf-0059-008	data/LucVanTien1916/pages/images/nlvnpf-0059-008.jpg	17	8	2	data/LucVanTien1916/patches/nlvnpf-0059-008.jpg_8_2.jpg	data/LucVanTien1916/patches_preprocessed/train/nlvnpf-0059-008.jpg_8_2.jpg	train	132.8,143.3,36.1,539.6	恪芇趙子越󰑍当阳	U+606A U+8287 U+8D99 U+5B50 U+8D8A U+F044D U+5F53 U+9633	8	Khác nào Triệu Tử vượt vòng Ðương Dương	8	1	恪芇趙子越󰑍当阳	1
LucVanTien1916	nlvnpf-0059 (in mộc bản 1916)	nlvnpf-0059-008	data/LucVanTien1916/pages/images/nlvnpf-0059-008.jpg	18	9	1	data/LucVanTien1916/patches/nlvnpf-0059-008.jpg_9_1.jpg	data/LucVanTien1916/patches_preprocessed/train/nlvnpf-0059-008.jpg_9_1.jpg	train	93.6,144.3,36.8,534.9	娄󰑼𦊚費𡲤散	U+5A04 U+F047C U+2629A U+8CBB U+21CA4 U+6563	6	Lâu la bốn phía vỡ tan	6	1	娄󰑼𦊚費𡲤散	1
LucVanTien1916	nlvnpf-0059 (in mộc bản 1916)	nlvnpf-0059-008	data/LucVanTien1916/pages/images/nlvnpf-0059-008.jpg	19	9	2	data/LucVanTien1916/patches/nlvnpf-0059-008.jpg_9_2.jpg	data/LucVanTien1916/patches_preprocessed/train/nlvnpf-0059-008.jpg_9_2.jpg	train	93.6,144.3,36.8,534.9	調挄劍敎𦋦塘𧼋𦖑	U+8ABF U+6304 U+528D U+654E U+262E6 U+5858 U+27F0B U+26591	8	Ðều quăng gươm giáo ra đường chạy ngay	8	1	調挄劍敎𦋦塘𧼋𦖑	1
LucVanTien1916	nlvnpf-0059 (in mộc bản 1916)	nlvnpf-0059-009	data/LucVanTien1916/pages/images/nlvnpf-0059-009.jpg	0	0	1	data/LucVanTien1916/patches/nlvnpf-0059-009.jpg_0_1.jpg	data/LucVanTien1916/patches_preprocessed/train/nlvnpf-0059-009.jpg_0_1.jpg	train	361.0,148.7,38.1,527.6	風來庄及阻𢬣	U+98A8 U+4F86 U+5E84 U+53CA U+963B U+22B23	6	Phong Lai chẳng kịp trở tay	6	1	風來庄及阻𢬣	1
LucVanTien1916	nlvnpf-0059 (in mộc bản 1916)	nlvnpf-0059-009	data/LucVanTien1916/pages/images/nlvnpf-0059-009.jpg	1	0	2	data/LucVanTien1916/patches/nlvnpf-0059-009.jpg_0_2.jpg	data/LucVanTien1916/patches_preprocessed/val/nlvnpf-0059-009.jpg_0_2.jpg	val	361.0,148.7,38.1,527.6	被仙梞𠖈払𣈙𠇮亡	U+88AB U+4ED9 U+689E U+20588 U+6255 U+23219 U+201EE U+4EA1	8	Bị Tiên gậy xuống chàng rày mình vong	8	1	被仙梞𠖈払𣈙𠇮亡	1
LucVanTien1916	nlvnpf-0059 (in mộc bản 1916)	nlvnpf-0059-009	data/LucVanTien1916/pages/images/nlvnpf-0059-009.jpg	2	1	1	data/LucVanTien1916/patches/nlvnpf-0059-009.jpg_1_1.jpg	data/LucVanTien1916/patches_preprocessed/train/nlvnpf-0059-009.jpg_1_1.jpg	train	323.6,151.1,39.2,524.0	折耒屡蜆排螉	U+6298 U+8012 U+5C61 U+8706 U+6392 U+8789	6	Giết rồi lũ kiến bầy ong	6	1	折耒屡蜆排螉	1
LucVanTien1916	nlvnpf-0059 (in mộc bản 1916)	nlvnpf-0059-009	data/LucVanTien1916/pages/images/nlvnpf-0059-009.jpg	3	1	2	data/LucVanTien1916/patches/nlvnpf-0059-009.jpg_1_2.jpg	data/LucVanTien1916/patches_preprocessed/val/nlvnpf-0059-009.jpg_1_2.jpg	val	323.6,151.1,39.2,524.0	哙埃嘆哭扵冲車尼	U+54D9 U+57C3 U+5606 U+54ED U+6275 U+51B2 U+8ECA U+5C3C	8	Hỏi Ai than khóc ở trong xe nàỷ	8	1	哙埃嘆哭扵冲車尼	1
LucVanTien1916	nlvnpf-0059 (in mộc bản 1916)	nlvnpf-0059-009	data/LucVanTien1916/pages/images/nlvnpf-0059-009.jpg	4	2	1	data/LucVanTien1916/patches/nlvnpf-0059-009.jpg_2_1.jpg	data/LucVanTien1916/patches_preprocessed/train/nlvnpf-0059-009.jpg_2_1.jpg	train	288.3,147.4,36.6,526.4	䜹浪碎寔𠊛𬆄	U+4739 U+6D6A U+788E U+5BD4 U+2029B U+2C184	6	Thưa rằng tôi thiệt người ngay	6	1	䜹浪碎寔𠊛𬆄	1
LucVanTien1916	nlvnpf-0059 (in mộc bản 1916)	nlvnpf-0059-009	data/LucVanTien1916/pages/images/nlvnpf-0059-009.jpg	5	2	2	data/LucVanTien1916/patches/nlvnpf-0059-009.jpg_2_2.jpg	data/LucVanTien1916/patches_preprocessed/train/nlvnpf-0059-009.jpg_2_2.jpg	train	288.3,147.4,36.6,526.4	沙机𢧚買林𢬣凶徒	U+6C99 U+673A U+229DA U+8CB7 U+6797 U+22B23 U+51F6 U+5F92	8	Sa cơ nên mới lâm tay hung đồ	8	1	沙机𢧚買林𢬣凶徒	1
LucVanTien1916	nlvnpf-0059 (in mộc bản 1916)	nlvnpf-0059-009	data/LucVanTien1916/pages/images/nlvnpf-0059-009.jpg	6	3	1	data/LucVanTien1916/patches/nlvnpf-0059-009.jpg_3_1.jpg	data/LucVanTien1916/patches_preprocessed/train/nlvnpf-0059-009.jpg_3_1.jpg	train	248.0,147.4,40.6,530.7	冲車質合苦無	U+51B2 U+8ECA U+8CEA U+5408 U+82E6 U+7121	6	Trong xe chật hẹp khó vô	6	1	冲車質合苦無	1
LucVanTien1916	nlvnpf-0059 (in mộc bản 1916)	nlvnpf-0059-009	data/LucVanTien1916/pages/images/nlvnpf-0059-009.jpg	7	3	2	data/LucVanTien1916/patches/nlvnpf-0059-009.jpg_3_2.jpg	data/LucVanTien1916/patches_preprocessed/val/nlvnpf-0059-009.jpg_3_2.jpg	val	248.0,147.4,40.6,530.7	敢䜹埃妬救姑碎󰠃	U+6562 U+4739 U+57C3 U+59AC U+6551 U+59D1 U+788E U+F0803	8	Dám thưa ai đó cứu cô tôi cùng	8	1	敢䜹埃妬救姑碎󰠃	1
LucVanTien1916	nlvnpf-0059 (in mộc bản 1916)	nlvnpf-0059-009	data/LucVanTien1916/pages/images/nlvnpf-0059-009.jpg	8	4	1	data/LucVanTien1916/patches/nlvnpf-0059-009.jpg_4_1.jpg	data/LucVanTien1916/patches_preprocessed/train/nlvnpf-0059-009.jpg_4_1.jpg	train	210.1,146.8,38.2,530.7	云仙𦖑呐動𢚸	U+4E91 U+4ED9 U+26591 U+5450 U+52D5 U+226B8	6	Vân Tiên nghe nói động lòng,	6	1	云仙𦖑呐動𢚸	1
LucVanTien1916	nlvnpf-0059 (in mộc bản 1916)	nlvnpf-0059-009	data/LucVanTien1916/pages/images/nlvnpf-0059-009.jpg	9	4	2	data/LucVanTien1916/patches/nlvnpf-0059-009.jpg_4_2.jpg	data/LucVanTien1916/patches_preprocessed/val/nlvnpf-0059-009.jpg_4_2.jpg	val	210.1,146.8,38.2,530.7	𣈜󰅒些㐌除𣳔娄󰑼	U+2321C U+F0152 U+4E9B U+340C U+9664 U+23CD4 U+5A04 U+F047C	8	Ngày nay ta đã trừ dòng lâu la	8	1	𣈜󰅒些㐌除𣳔娄󰑼	1
LucVanTien1916	nlvnpf-0059 (in mộc bản 1916)	nlvnpf-0059-009	data/LucVanTien1916/pages/images/nlvnpf-0059-009.jpg	10	5	1	data/LucVanTien1916/patches/nlvnpf-0059-009.jpg_5_1.jpg	data/LucVanTien1916/patches_preprocessed/train/nlvnpf-0059-009.jpg_5_1.jpg	train	169.7,146.8,41.0,531.3	寬寬𡎢妬渚𦋦	U+5BEC U+5BEC U+213A2 U+59AC U+6E1A U+262E6	6	Khoan khoan ngồi đó chớ ra	6	1	寬寬𡎢妬渚𦋦	1
LucVanTien1916	nlvnpf-0059 (in mộc bản 1916)	nlvnpf-0059-009	data/LucVanTien1916/pages/images/nlvnpf-0059-009.jpg	11	5	2	data/LucVanTien1916/patches/nlvnpf-0059-009.jpg_5_2.jpg	data/LucVanTien1916/patches_preprocessed/train/nlvnpf-0059-009.jpg_5_2.jpg	train	169.7,146.8,41.0,531.3	娘󰑼分𡛔些󰑼分𤳇	U+5A18 U+F047C U+5206 U+216D4 U+4E9B U+F047C U+5206 U+24CC7	8	Nàng là phận gái ta là phận trai	8	1	娘󰑼分𡛔些󰑼分𤳇	1
LucVanTien1916	nlvnpf-0059 (in mộc bản 1916)	nlvnpf-0059-009	data/LucVanTien1916/pages/images/nlvnpf-0059-009.jpg	12	6	1	data/LucVanTien1916/patches/nlvnpf-0059-009.jpg_6_1.jpg	data/LucVanTien1916/patches_preprocessed/train/nlvnpf-0059-009.jpg_6_1.jpg	train	130.4,148.1,39.7,531.9	小姐昆𡛔茄埃	U+5C0F U+59D0 U+6606 U+216D4 U+8304 U+57C3	6	Tiểu thư con gái nhà ai	6	1	小姐昆𡛔茄埃	1
LucVanTien1916	nlvnpf-0059 (in mộc bản 1916)	nlvnpf-0059-009	data/LucVanTien1916/pages/images/nlvnpf-0059-009.jpg	13	6	2	data/LucVanTien1916/patches/nlvnpf-0059-009.jpg_6_2.jpg	data/LucVanTien1916/patches_preprocessed/train/nlvnpf-0059-009.jpg_6_2.jpg	train	130.4,148.1,39.7,531.9	𠫾兜𢧚浽芒灾不期	U+20AFE U+515C U+229DA U+6D7D U+8292 U+707E U+4E0D U+671F	8	Ði đâu nên nỗi mang tai bất kỳ	8	1	𠫾兜𢧚浽芒灾不期	1
LucVanTien1916	nlvnpf-0059 (in mộc bản 1916)	nlvnpf-0059-009	data/LucVanTien1916/pages/images/nlvnpf-0059-009.jpg	14	7	1	data/LucVanTien1916/patches/nlvnpf-0059-009.jpg_7_1.jpg	data/LucVanTien1916/patches_preprocessed/train/nlvnpf-0059-009.jpg_7_1.jpg	train	95.0,146.2,38.0,534.3	󰝸咍𠸜户󰑼之	U+F0778 U+548D U+20E1C U+6237 U+F047C U+4E4B	6	Chẳng hay tên họ là chi	6	1	󰝸咍𠸜户󰑼之	1
LucVanTien1916	nlvnpf-0059 (in mộc bản 1916)	nlvnpf-0059-009	data/LucVanTien1916/pages/images/nlvnpf-0059-009.jpg	15	7	2	data/LucVanTien1916/patches/nlvnpf-0059-009.jpg_7_2.jpg	data/LucVanTien1916/patches_preprocessed/train/nlvnpf-0059-009.jpg_7_2.jpg	train	95.0,146.2,38.0,534.3	閨卿分妬役之細低	U+95A8 U+537F U+5206 U+59AC U+5F79 U+4E4B U+7D30 U+4F4E	8	Khuê khanh phận đó việc gì tới đâỷ	8	1	閨卿分妬役之細低	1
LucVanTien1916	nlvnpf-0059 (in mộc bản 1916)	nlvnpf-0059-009	data/LucVanTien1916/pages/images/nlvnpf-0059-009.jpg	16	8	1	data/LucVanTien1916/patches/nlvnpf-0059-009.jpg_8_1.jpg	data/LucVanTien1916/patches_preprocessed/train/nlvnpf-0059-009.jpg_8_1.jpg	train	59.0,145.6,37.3,533.7	畧𡢐渚旱肔尼	U+7567 U+21890 U+6E1A U+65F1 U+8094 U+5C3C	6	Trước sau chưa hãn dạ này	6	1	畧𡢐渚旱肔尼	1
LucVanTien1916	nlvnpf-0059 (in mộc bản 1916)	nlvnpf-0059-009	data/LucVanTien1916/pages/images/nlvnpf-0059-009.jpg	17	8	2	data/LucVanTien1916/patches/nlvnpf-0059-009.jpg_8_2.jpg	data/LucVanTien1916/patches_preprocessed/train/nlvnpf-0059-009.jpg_8_2.jpg	train	59.0,145.6,37.3,533.7	𠄩娘埃伵埃柴呐𦋦	U+20129 U+5A18 U+57C3 U+4F35 U+57C3 U+67F4 U+5450 U+262E6	8	Hai nàng ai tớ ai thầy nói rả	8	1	𠄩娘埃伵埃柴呐𦋦	1
LucVanTien1916	nlvnpf-0059 (in mộc bản 1916)	nlvnpf-0059-009	data/LucVanTien1916/pages/images/nlvnpf-0059-009.jpg	18	9	1	data/LucVanTien1916/patches/nlvnpf-0059-009.jpg_9_1.jpg	data/LucVanTien1916/patches_preprocessed/train/nlvnpf-0059-009.jpg_9_1.jpg	train	21.9,146.2,36.9,534.3	䜹浪碎矯月娥	U+4739 U+6D6A U+788E U+77EF U+6708 U+5A25	6	Thưa rằng Tôi Kiều Nguyệt Nga	6	1	䜹浪碎矯月娥	1
LucVanTien1916	nlvnpf-0059 (in mộc bản 1916)	nlvnpf-0059-009	data/LucVanTien1916/pages/images/nlvnpf-0059-009.jpg	19	9	2	data/LucVanTien1916/patches/nlvnpf-0059-009.jpg_9_2.jpg	data/LucVanTien1916/patches_preprocessed/train/nlvnpf-0059-009.jpg_9_2.jpg	train	21.9,146.2,36.9,534.3	尼昆婢膝𠸜󰑼金連	U+5C3C U+6606 U+5A62 U+819D U+20E1C U+F047C U+91D1 U+9023	8	Nay con tì tất tên là Kim Liên.	8	1	尼昆婢膝𠸜󰑼金連	1
LucVanTien1916	nlvnpf-0059 (in mộc bản 1916)	nlvnpf-0059-010	data/LucVanTien1916/pages/images/nlvnpf-0059-010.jpg	0	0	1	data/LucVanTien1916/patches/nlvnpf-0059-010.jpg_0_1.jpg	data/LucVanTien1916/patches_preprocessed/train/nlvnpf-0059-010.jpg_0_1.jpg	train	435.1,146.2,37.8,535.6	圭茄扵郡西川	U+572D U+8304 U+6275 U+90E1 U+897F U+5DDD	6	Quê nhà ở quận Tây Xuyên	6	1	圭茄扵郡西川	1
LucVanTien1916	nlvnpf-0059 (in mộc bản 1916)	nlvnpf-0059-010	data/LucVanTien1916/pages/images/nlvnpf-0059-010.jpg	1	0	2	data/LucVanTien1916/patches/nlvnpf-0059-010.jpg_0_2.jpg	data/LucVanTien1916/patches_preprocessed/train/nlvnpf-0059-010.jpg_0_2.jpg	train	435.1,146.2,37.8,535.6	吒爫知府𡎢沔河溪	U+5412 U+722B U+77E5 U+5E9C U+213A2 U+6C94 U+6CB3 U+6EAA	8	Cha làm tri phủ ngồi miền Hà khê	8	1	吒爫知府𡎢沔河溪	1
LucVanTien1916	nlvnpf-0059 (in mộc bản 1916)	nlvnpf-0059-010	data/LucVanTien1916/pages/images/nlvnpf-0059-010.jpg	2	1	1	data/LucVanTien1916/patches/nlvnpf-0059-010.jpg_1_1.jpg	data/LucVanTien1916/patches_preprocessed/train/nlvnpf-0059-010.jpg_1_1.jpg	train	398.2,148.1,38.0,537.4	差軍󰝡幅书𧗱	U+5DEE U+8ECD U+F0761 U+5E45 U+4E66 U+275F1	6	Sai quân đem bức thư về	6	1	差軍󰝡幅书𧗱	1
LucVanTien1916	nlvnpf-0059 (in mộc bản 1916)	nlvnpf-0059-010	data/LucVanTien1916/pages/images/nlvnpf-0059-010.jpg	3	1	2	data/LucVanTien1916/patches/nlvnpf-0059-010.jpg_1_2.jpg	data/LucVanTien1916/patches_preprocessed/train/nlvnpf-0059-010.jpg_1_2.jpg	train	398.2,148.1,38.0,537.4	逴碎戈妬定皮宜家	U+9034 U+788E U+6208 U+59AC U+5B9A U+76AE U+5B9C U+5BB6	8	Rước tôi qua đó định bề nghi gia	8	1	逴碎戈妬定皮宜家	1
LucVanTien1916	nlvnpf-0059 (in mộc bản 1916)	nlvnpf-0059-010	data/LucVanTien1916/pages/images/nlvnpf-0059-010.jpg	4	2	1	data/LucVanTien1916/patches/nlvnpf-0059-010.jpg_2_1.jpg	data/LucVanTien1916/patches_preprocessed/train/nlvnpf-0059-010.jpg_2_1.jpg	train	360.2,149.2,38.6,539.7	爫昆兜敢改吒	U+722B U+6606 U+515C U+6562 U+6539 U+5412	6	Làm con đâu dám cãi cha	6	1	爫昆兜敢改吒	1
LucVanTien1916	nlvnpf-0059 (in mộc bản 1916)	nlvnpf-0059-010	data/LucVanTien1916/pages/images/nlvnpf-0059-010.jpg	5	2	2	data/LucVanTien1916/patches/nlvnpf-0059-010.jpg_2_2.jpg	data/LucVanTien1916/patches_preprocessed/val/nlvnpf-0059-010.jpg_2_2.jpg	val	360.2,149.2,38.6,539.7	󰂇油𠦳淡塘車拱仃	U+F0087 U+6CB9 U+209B3 U+6DE1 U+5858 U+8ECA U+62F1 U+4EC3	8	Ví dầu ngàn dặm đường xa cũng đành	8	1	󰂇油𠦳淡塘車拱仃	1
LucVanTien1916	nlvnpf-0059 (in mộc bản 1916)	nlvnpf-0059-010	data/LucVanTien1916/pages/images/nlvnpf-0059-010.jpg	6	3	1	data/LucVanTien1916/patches/nlvnpf-0059-010.jpg_3_1.jpg	data/LucVanTien1916/patches_preprocessed/train/nlvnpf-0059-010.jpg_3_1.jpg	train	324.5,149.9,37.5,534.6	󰝸咍󰑼事不平	U+F0778 U+548D U+F047C U+4E8B U+4E0D U+5E73	6	Chẳng hay là sự bất bình	6	1	󰝸咍󰑼事不平	1
LucVanTien1916	nlvnpf-0059 (in mộc bản 1916)	nlvnpf-0059-010	data/LucVanTien1916/pages/images/nlvnpf-0059-010.jpg	7	3	2	data/LucVanTien1916/patches/nlvnpf-0059-010.jpg_3_2.jpg	data/LucVanTien1916/patches_preprocessed/val/nlvnpf-0059-010.jpg_3_2.jpg	val	324.5,149.9,37.5,534.6	別𡆫催固上程爫之	U+5225 U+211AB U+50AC U+56FA U+4E0A U+7A0B U+722B U+4E4B	8	Biết vầy thôi có thượng trình làm chi	8	1	別𡆫催固上程爫之	1
LucVanTien1916	nlvnpf-0059 (in mộc bản 1916)	nlvnpf-0059-010	data/LucVanTien1916/pages/images/nlvnpf-0059-010.jpg	8	4	1	data/LucVanTien1916/patches/nlvnpf-0059-010.jpg_4_1.jpg	data/LucVanTien1916/patches_preprocessed/train/nlvnpf-0059-010.jpg_4_1.jpg	train	283.1,149.9,39.5,536.8	臨危󰝸及解危	U+81E8 U+5371 U+F0778 U+53CA U+89E3 U+5371	6	Lâm nguy chẳ ng kịp giải nguy	7	0	臨危󰝸及解危	1
LucVanTien1916	nlvnpf-0059 (in mộc bản 1916)	nlvnpf-0059-010	data/LucVanTien1916/pages/images/nlvnpf-0059-010.jpg	9	4	2	data/LucVanTien1916/patches/nlvnpf-0059-010.jpg_4_2.jpg	data/LucVanTien1916/patches_preprocessed/val/nlvnpf-0059-010.jpg_4_2.jpg	val	283.1,149.9,39.5,536.8	節𤾓𫷜拱補迻𠬠回	U+7BC0 U+24F93 U+2BDDC U+62F1 U+88DC U+8FFB U+20B20 U+56DE	8	Tiết trăm năm cũng bỏ đi một hồi	8	1	節𤾓𫷜拱補迻𠬠回	1
LucVanTien1916	nlvnpf-0059 (in mộc bản 1916)	nlvnpf-0059-010	data/LucVanTien1916/pages/images/nlvnpf-0059-010.jpg	10	5	1	data/LucVanTien1916/patches/nlvnpf-0059-010.jpg_5_1.jpg	data/LucVanTien1916/patches_preprocessed/train/nlvnpf-0059-010.jpg_5_1.jpg	train	244.3,151.1,38.8,536.7	畧車君子暫𡎢	U+7567 U+8ECA U+541B U+5B50 U+66AB U+213A2	6	Trước xe quân tử tạm ngồi	6	1	畧車君子暫𡎢	1
LucVanTien1916	nlvnpf-0059 (in mộc bản 1916)	nlvnpf-0059-010	data/LucVanTien1916/pages/images/nlvnpf-0059-010.jpg	11	5	2	data/LucVanTien1916/patches/nlvnpf-0059-010.jpg_5_2.jpg	data/LucVanTien1916/patches_preprocessed/train/nlvnpf-0059-010.jpg_5_2.jpg	train	244.3,151.1,38.8,536.7	嗔朱賤妾𥛉耒仕分	U+55D4 U+6731 U+8CE4 U+59BE U+256C9 U+8012 U+4ED5 U+5206	8	Xin cho tiện thiếp lạy rồi sẽ phân	8	1	嗔朱賤妾𥛉耒仕分	1
LucVanTien1916	nlvnpf-0059 (in mộc bản 1916)	nlvnpf-0059-010	data/LucVanTien1916/pages/images/nlvnpf-0059-010.jpg	12	6	1	data/LucVanTien1916/patches/nlvnpf-0059-010.jpg_6_1.jpg	data/LucVanTien1916/patches_preprocessed/train/nlvnpf-0059-010.jpg_6_1.jpg	train	206.5,155.4,36.6,526.8	河溪戈妬拱𧵆	U+6CB3 U+6EAA U+6208 U+59AC U+62F1 U+27D46	6	Hà khê qua đó cũng gần	6	1	河溪戈妬拱𧵆	1
LucVanTien1916	nlvnpf-0059 (in mộc bản 1916)	nlvnpf-0059-010	data/LucVanTien1916/pages/images/nlvnpf-0059-010.jpg	13	6	2	data/LucVanTien1916/patches/nlvnpf-0059-010.jpg_6_2.jpg	data/LucVanTien1916/patches_preprocessed/val/nlvnpf-0059-010.jpg_6_2.jpg	val	206.5,155.4,36.6,526.8	嗔蹺拱妾𡊰恩朱払	U+55D4 U+8E7A U+62F1 U+59BE U+212B0 U+6069 U+6731 U+6255	8	Xin theo cùng thiếp đền ơn cho chàng	8	1	嗔蹺拱妾𡊰恩朱払	1
LucVanTien1916	nlvnpf-0059 (in mộc bản 1916)	nlvnpf-0059-010	data/LucVanTien1916/pages/images/nlvnpf-0059-010.jpg	14	7	1	data/LucVanTien1916/patches/nlvnpf-0059-010.jpg_7_1.jpg	data/LucVanTien1916/patches_preprocessed/train/nlvnpf-0059-010.jpg_7_1.jpg	train	168.2,152.9,40.2,532.5	﨤低当𣅶𡨌塘	U+FA24 U+4F4E U+5F53 U+23176 U+21A0C U+5858	6	Gặp đây đương lúc giữa đàng	6	1	﨤低当𣅶𡨌塘	1
LucVanTien1916	nlvnpf-0059 (in mộc bản 1916)	nlvnpf-0059-010	data/LucVanTien1916/pages/images/nlvnpf-0059-010.jpg	15	7	2	data/LucVanTien1916/patches/nlvnpf-0059-010.jpg_7_2.jpg	data/LucVanTien1916/patches_preprocessed/train/nlvnpf-0059-010.jpg_7_2.jpg	train	168.2,152.9,40.2,532.5	𧵑錢󰝸固泊鐄拱空	U+27D51 U+9322 U+F0778 U+56FA U+6CCA U+9404 U+62F1 U+7A7A	8	Của tiền chẳng có, bạc vàng cũng không	8	1	𧵑錢󰝸固泊鐄拱空	1
LucVanTien1916	nlvnpf-0059 (in mộc bản 1916)	nlvnpf-0059-010	data/LucVanTien1916/pages/images/nlvnpf-0059-010.jpg	16	8	1	data/LucVanTien1916/patches/nlvnpf-0059-010.jpg_8_1.jpg	data/LucVanTien1916/patches_preprocessed/train/nlvnpf-0059-010.jpg_8_1.jpg	train	129.4,154.1,40.6,535.2	汝句報德酬功	U+6C5D U+53E5 U+5831 U+5FB7 U+916C U+529F	6	Nhớ câu báo đức thù công	6	1	汝句報德酬功	1
LucVanTien1916	nlvnpf-0059 (in mộc bản 1916)	nlvnpf-0059-010	data/LucVanTien1916/pages/images/nlvnpf-0059-010.jpg	17	8	2	data/LucVanTien1916/patches/nlvnpf-0059-010.jpg_8_2.jpg	data/LucVanTien1916/patches_preprocessed/train/nlvnpf-0059-010.jpg_8_2.jpg	train	129.4,154.1,40.6,535.2	𥙩之朱匪󰌵𢚸󰠃𤽗	U+25669 U+4E4B U+6731 U+532A U+F0335 U+226B8 U+F0803 U+24F57	8	Lấy chi cho phỉ tấm lòng cùng ngươị	8	1	𥙩之朱匪󰌵𢚸󰠃𤽗	1
LucVanTien1916	nlvnpf-0059 (in mộc bản 1916)	nlvnpf-0059-010	data/LucVanTien1916/pages/images/nlvnpf-0059-010.jpg	18	9	1	data/LucVanTien1916/patches/nlvnpf-0059-010.jpg_9_1.jpg	data/LucVanTien1916/patches_preprocessed/train/nlvnpf-0059-010.jpg_9_1.jpg	train	96.3,156.6,35.6,531.1	云仙𦖑呐𠴡唭	U+4E91 U+4ED9 U+26591 U+5450 U+20D21 U+552D	6	Vân Tiên nghe nói miệng cười	6	1	云仙𦖑呐𠴡唭	1
LucVanTien1916	nlvnpf-0059 (in mộc bản 1916)	nlvnpf-0059-010	data/LucVanTien1916/pages/images/nlvnpf-0059-010.jpg	19	9	2	data/LucVanTien1916/patches/nlvnpf-0059-010.jpg_9_2.jpg	data/LucVanTien1916/patches_preprocessed/train/nlvnpf-0059-010.jpg_9_2.jpg	train	96.3,156.6,35.6,531.1	爫恩呵易徐𠊛者恩	U+722B U+6069 U+5475 U+6613 U+5F90 U+2029B U+8005 U+6069	8	Làm ơn há dễ chờ người trả ơn	8	1	爫恩呵易徐𠊛者恩	1
LucVanTien1916	nlvnpf-0059 (in mộc bản 1916)	nlvnpf-0059-011	data/LucVanTien1916/pages/images/nlvnpf-0059-011.jpg	0	0	1	data/LucVanTien1916/patches/nlvnpf-0059-011.jpg_0_1.jpg	data/LucVanTien1916/patches_preprocessed/train/nlvnpf-0059-011.jpg_0_1.jpg	train	365.4,151.1,36.8,522.2	󰅒它𤑟鄧源干	U+F0152 U+5B83 U+2445F U+9127 U+6E90 U+5E72	6	Nay đà rõ đặng nguồn cơn	6	1	󰅒它𤑟鄧源干	1
LucVanTien1916	nlvnpf-0059 (in mộc bản 1916)	nlvnpf-0059-011	data/LucVanTien1916/pages/images/nlvnpf-0059-011.jpg	1	0	2	data/LucVanTien1916/patches/nlvnpf-0059-011.jpg_0_2.jpg	data/LucVanTien1916/patches_preprocessed/val/nlvnpf-0059-011.jpg_0_2.jpg	val	365.4,151.1,36.8,522.2	芇埃併寔推欣爫之	U+8287 U+57C3 U+4F75 U+5BD4 U+63A8 U+6B23 U+722B U+4E4B	8	Nào ai tính thiệt so hơn làm gì	8	1	芇埃併寔推欣爫之	1
LucVanTien1916	nlvnpf-0059 (in mộc bản 1916)	nlvnpf-0059-011	data/LucVanTien1916/pages/images/nlvnpf-0059-011.jpg	2	1	1	data/LucVanTien1916/patches/nlvnpf-0059-011.jpg_1_1.jpg	data/LucVanTien1916/patches_preprocessed/train/nlvnpf-0059-011.jpg_1_1.jpg	train	325.4,152.3,36.6,519.7	汝句見󰒂不爲	U+6C5D U+53E5 U+898B U+F0482 U+4E0D U+7232	6	Nhớ câu kiến ngãi bất vi	6	1	汝句見󰒂不爲	1
LucVanTien1916	nlvnpf-0059 (in mộc bản 1916)	nlvnpf-0059-011	data/LucVanTien1916/pages/images/nlvnpf-0059-011.jpg	3	1	2	data/LucVanTien1916/patches/nlvnpf-0059-011.jpg_1_2.jpg	data/LucVanTien1916/patches_preprocessed/train/nlvnpf-0059-011.jpg_1_2.jpg	train	325.4,152.3,36.6,519.7	𠊛𠁀𦍛意是非𮎦雄	U+2029B U+20040 U+2635B U+610F U+662F U+975E U+2E3A6 U+96C4	8	Người đời dường ấy thị phi anh hùng	8	1	𠊛𠁀𦍛意是非𮎦雄	1
LucVanTien1916	nlvnpf-0059 (in mộc bản 1916)	nlvnpf-0059-011	data/LucVanTien1916/pages/images/nlvnpf-0059-011.jpg	4	2	1	data/LucVanTien1916/patches/nlvnpf-0059-011.jpg_2_1.jpg	data/LucVanTien1916/patches_preprocessed/train/nlvnpf-0059-011.jpg_2_1.jpg	train	286.7,151.7,38.9,524.0	妬它別𡦂始終	U+59AC U+5B83 U+5225 U+21982 U+59CB U+7D42	6	Ðó đà biết chữ thủy chung	6	1	妬它別𡦂始終	1
LucVanTien1916	nlvnpf-0059 (in mộc bản 1916)	nlvnpf-0059-011	data/LucVanTien1916/pages/images/nlvnpf-0059-011.jpg	5	2	2	data/LucVanTien1916/patches/nlvnpf-0059-011.jpg_2_2.jpg	data/LucVanTien1916/patches_preprocessed/val/nlvnpf-0059-011.jpg_2_2.jpg	val	286.7,151.7,38.9,524.0	呂󰑼些沛蹺󰠃爫之	U+5442 U+F047C U+4E9B U+6C9B U+8E7A U+F0803 U+722B U+4E4B	8	Lựa là ta phải theo cùng làm chi	8	1	呂󰑼些沛蹺󰠃爫之	1
LucVanTien1916	nlvnpf-0059 (in mộc bản 1916)	nlvnpf-0059-011	data/LucVanTien1916/pages/images/nlvnpf-0059-011.jpg	6	3	1	data/LucVanTien1916/patches/nlvnpf-0059-011.jpg_3_1.jpg	data/LucVanTien1916/patches_preprocessed/train/nlvnpf-0059-011.jpg_3_1.jpg	train	252.1,150.5,36.7,527.6	月娥別意󰝸𠫾	U+6708 U+5A25 U+5225 U+610F U+F0778 U+20AFE	6	Nguyệt Nga biết ý chẳng đi	6	1	月娥別意󰝸𠫾	1
LucVanTien1916	nlvnpf-0059 (in mộc bản 1916)	nlvnpf-0059-011	data/LucVanTien1916/pages/images/nlvnpf-0059-011.jpg	7	3	2	data/LucVanTien1916/patches/nlvnpf-0059-011.jpg_3_2.jpg	data/LucVanTien1916/patches_preprocessed/val/nlvnpf-0059-011.jpg_3_2.jpg	val	252.1,150.5,36.7,527.6	哙戈𠸜户𠬠欺朱詳	U+54D9 U+6208 U+20E1C U+6237 U+20B20 U+6B3A U+6731 U+8A73	8	Hỏi qua tên họ một khi cho tường.	8	1	哙戈𠸜户𠬠欺朱詳	1
LucVanTien1916	nlvnpf-0059 (in mộc bản 1916)	nlvnpf-0059-011	data/LucVanTien1916/pages/images/nlvnpf-0059-011.jpg	8	4	1	data/LucVanTien1916/patches/nlvnpf-0059-011.jpg_4_1.jpg	data/LucVanTien1916/patches_preprocessed/train/nlvnpf-0059-011.jpg_4_1.jpg	train	212.7,148.6,36.0,528.9	䜹浪便妾𠫾塘	U+4739 U+6D6A U+4FBF U+59BE U+20AFE U+5858	6	Thưa rằng Tiện thiếp đi đường	6	1	䜹浪便妾𠫾塘	1
LucVanTien1916	nlvnpf-0059 (in mộc bản 1916)	nlvnpf-0059-011	data/LucVanTien1916/pages/images/nlvnpf-0059-011.jpg	9	4	2	data/LucVanTien1916/patches/nlvnpf-0059-011.jpg_4_2.jpg	data/LucVanTien1916/patches_preprocessed/val/nlvnpf-0059-011.jpg_4_2.jpg	val	212.7,148.6,36.0,528.9	󰝸咍君子圭鄕尼芇	U+F0778 U+548D U+541B U+5B50 U+572D U+9115 U+5C3C U+8287	8	Chẳng qua quân tử quê hương nơi nàỏ	8	1	󰝸咍君子圭鄕尼芇	1
LucVanTien1916	nlvnpf-0059 (in mộc bản 1916)	nlvnpf-0059-011	data/LucVanTien1916/pages/images/nlvnpf-0059-011.jpg	10	5	1	data/LucVanTien1916/patches/nlvnpf-0059-011.jpg_5_1.jpg	data/LucVanTien1916/patches_preprocessed/train/nlvnpf-0059-011.jpg_5_1.jpg	train	173.1,149.9,36.0,529.5	𦖻𦖑㗂呐請台	U+265BB U+26591 U+35C2 U+5450 U+8ACB U+53F0	6	Tai nghe t iếng nói thảnh thơi	7	0	𦖻𦖑㗂呐請台	1
LucVanTien1916	nlvnpf-0059 (in mộc bản 1916)	nlvnpf-0059-011	data/LucVanTien1916/pages/images/nlvnpf-0059-011.jpg	11	5	2	data/LucVanTien1916/patches/nlvnpf-0059-011.jpg_5_2.jpg	data/LucVanTien1916/patches_preprocessed/val/nlvnpf-0059-011.jpg_5_2.jpg	val	173.1,149.9,36.0,529.5	云仙包𦬑𢚸芇配波	U+4E91 U+4ED9 U+5305 U+26B11 U+226B8 U+8287 U+914D U+6CE2	8	Vân Tiên bao nỡ lòng nào phôi pha	8	1	云仙包𦬑𢚸芇配波	1
LucVanTien1916	nlvnpf-0059 (in mộc bản 1916)	nlvnpf-0059-011	data/LucVanTien1916/pages/images/nlvnpf-0059-011.jpg	12	6	1	data/LucVanTien1916/patches/nlvnpf-0059-011.jpg_6_1.jpg	data/LucVanTien1916/patches_preprocessed/train/nlvnpf-0059-011.jpg_6_1.jpg	train	137.1,148.7,33.5,529.5	東城本寔圭茄	U+6771 U+57CE U+672C U+5BD4 U+572D U+8304	6	Ðông Thành vốn thiệt quê nhà	6	1	東城本寔圭茄	1
LucVanTien1916	nlvnpf-0059 (in mộc bản 1916)	nlvnpf-0059-011	data/LucVanTien1916/pages/images/nlvnpf-0059-011.jpg	13	6	2	data/LucVanTien1916/patches/nlvnpf-0059-011.jpg_6_2.jpg	data/LucVanTien1916/patches_preprocessed/train/nlvnpf-0059-011.jpg_6_2.jpg	train	137.1,148.7,33.5,529.5	户󰑼陸氏𠸜󰑼云仙	U+6237 U+F047C U+9678 U+6C0F U+20E1C U+F047C U+4E91 U+4ED9	8	Họ là Lục thị tên là Vân Tiên.	8	1	户󰑼陸氏𠸜󰑼云仙	1
LucVanTien1916	nlvnpf-0059 (in mộc bản 1916)	nlvnpf-0059-011	data/LucVanTien1916/pages/images/nlvnpf-0059-011.jpg	14	7	1	data/LucVanTien1916/patches/nlvnpf-0059-011.jpg_7_1.jpg	data/LucVanTien1916/patches_preprocessed/train/nlvnpf-0059-011.jpg_7_1.jpg	train	98.4,147.4,35.7,532.5	月娥本𨅸嬋娟	U+6708 U+5A25 U+672C U+28178 U+5B0B U+5A1F	6	Nguyệt Nga vốn đấng thuyền quyên	6	1	月娥本𨅸嬋娟	1
LucVanTien1916	nlvnpf-0059 (in mộc bản 1916)	nlvnpf-0059-011	data/LucVanTien1916/pages/images/nlvnpf-0059-011.jpg	15	7	2	data/LucVanTien1916/patches/nlvnpf-0059-011.jpg_7_2.jpg	data/LucVanTien1916/patches_preprocessed/train/nlvnpf-0059-011.jpg_7_2.jpg	train	98.4,147.4,35.7,532.5	𦖻𦖑𢈱呐𢬣連𢭂簪	U+265BB U+26591 U+22231 U+5450 U+22B23 U+9023 U+22B42 U+7C2A	8	Tai nghe lời nói tay liền trao trâm	8	1	𦖻𦖑𢈱呐𢬣連𢭂簪	1
LucVanTien1916	nlvnpf-0059 (in mộc bản 1916)	nlvnpf-0059-011	data/LucVanTien1916/pages/images/nlvnpf-0059-011.jpg	16	8	1	data/LucVanTien1916/patches/nlvnpf-0059-011.jpg_8_1.jpg	data/LucVanTien1916/patches_preprocessed/train/nlvnpf-0059-011.jpg_8_1.jpg	train	60.3,148.1,37.5,532.5	䜹浪󰅒﨤知音	U+4739 U+6D6A U+F0152 U+FA24 U+77E5 U+97F3	6	Thưa rằng nay gặp tri âm	6	1	䜹浪󰅒﨤知音	1
LucVanTien1916	nlvnpf-0059 (in mộc bản 1916)	nlvnpf-0059-011	data/LucVanTien1916/pages/images/nlvnpf-0059-011.jpg	17	8	2	data/LucVanTien1916/patches/nlvnpf-0059-011.jpg_8_2.jpg	data/LucVanTien1916/patches_preprocessed/val/nlvnpf-0059-011.jpg_8_2.jpg	val	60.3,148.1,37.5,532.5	嗔迻𠬠物底扲爫信	U+55D4 U+8FFB U+20B20 U+7269 U+5E95 U+6272 U+722B U+4FE1	8	Xin đưa một vật để cầm làm tin	8	1	嗔迻𠬠物底扲爫信	1
LucVanTien1916	nlvnpf-0059 (in mộc bản 1916)	nlvnpf-0059-011	data/LucVanTien1916/pages/images/nlvnpf-0059-011.jpg	18	9	1	data/LucVanTien1916/patches/nlvnpf-0059-011.jpg_9_1.jpg	data/LucVanTien1916/patches_preprocessed/train/nlvnpf-0059-011.jpg_9_1.jpg	train	25.6,148.7,35.0,530.7	云仙仰󰘚󰝸𥆾	U+4E91 U+4ED9 U+4EF0 U+F061A U+F0778 U+251BE	6	Vân Tiên ngơ mặt chẳng nhìn	6	1	云仙仰󰘚󰝸𥆾	1
LucVanTien1916	nlvnpf-0059 (in mộc bản 1916)	nlvnpf-0059-011	data/LucVanTien1916/pages/images/nlvnpf-0059-011.jpg	19	9	2	data/LucVanTien1916/patches/nlvnpf-0059-011.jpg_9_2.jpg	data/LucVanTien1916/patches_preprocessed/train/nlvnpf-0059-011.jpg_9_2.jpg	train	25.6,148.7,35.0,530.7	月娥𥆁𧡊𥆁辰󰞺那	U+6708 U+5A25 U+25181 U+2784A U+25181 U+8FB0 U+F07BA U+90A3	8	Nguyệt Nga liếc thấy càng thìn nết na	8	1	月娥𥆁𧡊𥆁辰󰞺那	1
LucVanTien1916	nlvnpf-0059 (in mộc bản 1916)	nlvnpf-0059-012	data/LucVanTien1916/pages/images/nlvnpf-0059-012.jpg	0	0	1	data/LucVanTien1916/patches/nlvnpf-0059-012.jpg_0_1.jpg	data/LucVanTien1916/patches_preprocessed/train/nlvnpf-0059-012.jpg_0_1.jpg	train	434.4,146.2,36.0,533.7	物之𠬠𡮇哙󰑼	U+7269 U+4E4B U+20B20 U+21B87 U+54D9 U+F047C	6	Vật chi một chút gọi là	6	1	物之𠬠𡮇哙󰑼	1
LucVanTien1916	nlvnpf-0059 (in mộc bản 1916)	nlvnpf-0059-012	data/LucVanTien1916/pages/images/nlvnpf-0059-012.jpg	1	0	2	data/LucVanTien1916/patches/nlvnpf-0059-012.jpg_0_2.jpg	data/LucVanTien1916/patches_preprocessed/val/nlvnpf-0059-012.jpg_0_2.jpg	val	434.4,146.2,36.0,533.7	妾䜹渚一払它爫魚	U+59BE U+4739 U+6E1A U+4E00 U+6255 U+5B83 U+722B U+9B5A	8	Thiếp thưa chưa dứt chàng đà làm ngơ	8	1	妾䜹渚一払它爫魚	1
LucVanTien1916	nlvnpf-0059 (in mộc bản 1916)	nlvnpf-0059-012	data/LucVanTien1916/pages/images/nlvnpf-0059-012.jpg	2	1	1	data/LucVanTien1916/patches/nlvnpf-0059-012.jpg_1_1.jpg	data/LucVanTien1916/patches_preprocessed/train/nlvnpf-0059-012.jpg_1_1.jpg	train	396.5,146.8,38.3,533.1	𧵑尼󰑼𧵑沕爲	U+27D51 U+5C3C U+F047C U+27D51 U+6C95 U+7232	6	Của này là của vất vơ	6	1	𧵑尼󰑼𧵑沕爲	1
LucVanTien1916	nlvnpf-0059 (in mộc bản 1916)	nlvnpf-0059-012	data/LucVanTien1916/pages/images/nlvnpf-0059-012.jpg	3	1	2	data/LucVanTien1916/patches/nlvnpf-0059-012.jpg_1_2.jpg	data/LucVanTien1916/patches_preprocessed/train/nlvnpf-0059-012.jpg_1_2.jpg	train	396.5,146.8,38.3,533.1	𢚸吱拱沛󰘚魚牢仃	U+226B8 U+5431 U+62F1 U+6C9B U+F061A U+9B5A U+7262 U+4EC3	8	Lòng chê cũng phải mặt ngơ sao đành	8	1	𢚸吱拱沛󰘚魚牢仃	1
LucVanTien1916	nlvnpf-0059 (in mộc bản 1916)	nlvnpf-0059-012	data/LucVanTien1916/pages/images/nlvnpf-0059-012.jpg	4	2	1	data/LucVanTien1916/patches/nlvnpf-0059-012.jpg_2_1.jpg	data/LucVanTien1916/patches_preprocessed/train/nlvnpf-0059-012.jpg_2_1.jpg	train	362.4,147.4,36.3,533.7	云仙苦浽爫清	U+4E91 U+4ED9 U+82E6 U+6D7D U+722B U+6E05	6	Vân Tiên khó nỗi làm thinh	6	1	云仙苦浽爫清	1
LucVanTien1916	nlvnpf-0059 (in mộc bản 1916)	nlvnpf-0059-012	data/LucVanTien1916/pages/images/nlvnpf-0059-012.jpg	5	2	2	data/LucVanTien1916/patches/nlvnpf-0059-012.jpg_2_2.jpg	data/LucVanTien1916/patches_preprocessed/train/nlvnpf-0059-012.jpg_2_2.jpg	train	362.4,147.4,36.3,533.7	𡦂恩󰑼󰒂𡦂情󰑼𦀊	U+21982 U+6069 U+F047C U+F0482 U+21982 U+60C5 U+F047C U+2600A	8	Chữ ân là nghĩa, chữ tình là đây	8	1	𡦂恩󰑼󰒂𡦂情󰑼𦀊	1
LucVanTien1916	nlvnpf-0059 (in mộc bản 1916)	nlvnpf-0059-012	data/LucVanTien1916/pages/images/nlvnpf-0059-012.jpg	6	3	1	data/LucVanTien1916/patches/nlvnpf-0059-012.jpg_3_1.jpg	data/LucVanTien1916/patches_preprocessed/train/nlvnpf-0059-012.jpg_3_1.jpg	train	324.3,147.4,37.2,533.7	嘆浪妬窖嘹低	U+5606 U+6D6A U+59AC U+7A96 U+5639 U+4F4E	6	Than rằng đó khéo trêu đây	6	1	嘆浪妬窖嘹低	1
LucVanTien1916	nlvnpf-0059 (in mộc bản 1916)	nlvnpf-0059-012	data/LucVanTien1916/pages/images/nlvnpf-0059-012.jpg	7	3	2	data/LucVanTien1916/patches/nlvnpf-0059-012.jpg_3_2.jpg	data/LucVanTien1916/patches_preprocessed/val/nlvnpf-0059-012.jpg_3_2.jpg	val	324.3,147.4,37.2,533.7	恩箕㐌買𧵑尼𢭂朗	U+6069 U+7B95 U+340C U+8CB7 U+27D51 U+5C3C U+22B42 U+6717	8	Ơn kia đã mấy của này trao sang	8	1	恩箕㐌買𧵑尼𢭂朗	1
LucVanTien1916	nlvnpf-0059 (in mộc bản 1916)	nlvnpf-0059-012	data/LucVanTien1916/pages/images/nlvnpf-0059-012.jpg	8	4	1	data/LucVanTien1916/patches/nlvnpf-0059-012.jpg_4_1.jpg	data/LucVanTien1916/patches_preprocessed/train/nlvnpf-0059-012.jpg_4_1.jpg	train	284.1,148.7,39.4,534.7	当欺﨤𡂂𡨌塘	U+5F53 U+6B3A U+FA24 U+21082 U+21A0C U+5858	6	Đương khi gặp gỡ giữa đường	6	1	当欺﨤𡂂𡨌塘	1
LucVanTien1916	nlvnpf-0059 (in mộc bản 1916)	nlvnpf-0059-012	data/LucVanTien1916/pages/images/nlvnpf-0059-012.jpg	9	4	2	data/LucVanTien1916/patches/nlvnpf-0059-012.jpg_4_2.jpg	data/LucVanTien1916/patches_preprocessed/val/nlvnpf-0059-012.jpg_4_2.jpg	val	284.1,148.7,39.4,534.7	𠬠𢈱嗔汝𠦳鐄󰝸差	U+20B20 U+22231 U+55D4 U+6C5D U+209B3 U+9404 U+F0778 U+5DEE	8	Một lời xin nhớ, ngàn vàng chẳng sai	8	1	𠬠𢈱嗔汝𠦳鐄󰝸差	1
LucVanTien1916	nlvnpf-0059 (in mộc bản 1916)	nlvnpf-0059-012	data/LucVanTien1916/pages/images/nlvnpf-0059-012.jpg	10	5	1	data/LucVanTien1916/patches/nlvnpf-0059-012.jpg_5_1.jpg	data/LucVanTien1916/patches_preprocessed/train/nlvnpf-0059-012.jpg_5_1.jpg	train	244.2,149.9,38.6,532.5	汝勾重󰒂輕財	U+6C5D U+52FE U+91CD U+F0482 U+8F15 U+8CA1	6	Nhớ câu trọng nghĩa khinh tài	6	1	汝勾重󰒂輕財	1
LucVanTien1916	nlvnpf-0059 (in mộc bản 1916)	nlvnpf-0059-012	data/LucVanTien1916/pages/images/nlvnpf-0059-012.jpg	11	5	2	data/LucVanTien1916/patches/nlvnpf-0059-012.jpg_5_2.jpg	data/LucVanTien1916/patches_preprocessed/train/nlvnpf-0059-012.jpg_5_2.jpg	train	244.2,149.9,38.6,532.5	芇埃𠹾𥙩𧵑埃爫之	U+8287 U+57C3 U+20E7E U+25669 U+27D51 U+57C3 U+722B U+4E4B	8	Nào ai chịu lấy của ai làm gì.	8	1	芇埃𠹾𥙩𧵑埃爫之	1
LucVanTien1916	nlvnpf-0059 (in mộc bản 1916)	nlvnpf-0059-012	data/LucVanTien1916/pages/images/nlvnpf-0059-012.jpg	12	6	1	data/LucVanTien1916/patches/nlvnpf-0059-012.jpg_6_1.jpg	data/LucVanTien1916/patches_preprocessed/train/nlvnpf-0059-012.jpg_6_1.jpg	train	206.1,150.5,39.1,531.9	䜹浪碎分女兒	U+4739 U+6D6A U+788E U+5206 U+5973 U+5152	6	Thưa rằng: Tôi phận nữ nhi	6	1	䜹浪碎分女兒	1
LucVanTien1916	nlvnpf-0059 (in mộc bản 1916)	nlvnpf-0059-012	data/LucVanTien1916/pages/images/nlvnpf-0059-012.jpg	13	6	2	data/LucVanTien1916/patches/nlvnpf-0059-012.jpg_6_2.jpg	data/LucVanTien1916/patches_preprocessed/val/nlvnpf-0059-012.jpg_6_2.jpg	val	206.1,150.5,39.1,531.9	本渚別氏固欺覔𢚸	U+672C U+6E1A U+5225 U+6C0F U+56FA U+6B3A U+8994 U+226B8	8	Vốn chưa biết thị, có khi mích lòng	8	1	本渚別氏固欺覔𢚸	1
LucVanTien1916	nlvnpf-0059 (in mộc bản 1916)	nlvnpf-0059-012	data/LucVanTien1916/pages/images/nlvnpf-0059-012.jpg	14	7	1	data/LucVanTien1916/patches/nlvnpf-0059-012.jpg_7_1.jpg	data/LucVanTien1916/patches_preprocessed/train/nlvnpf-0059-012.jpg_7_1.jpg	train	171.5,151.7,36.6,532.9	埃𪟽𨅸󰘚𮎦雄	U+57C3 U+2A7FD U+28178 U+F061A U+2E3A6 U+96C4	6	Ai ngờ đấng mặt anh hùng	6	1	埃𪟽𨅸󰘚𮎦雄	1
LucVanTien1916	nlvnpf-0059 (in mộc bản 1916)	nlvnpf-0059-012	data/LucVanTien1916/pages/images/nlvnpf-0059-012.jpg	15	7	2	data/LucVanTien1916/patches/nlvnpf-0059-012.jpg_7_2.jpg	data/LucVanTien1916/patches_preprocessed/train/nlvnpf-0059-012.jpg_7_2.jpg	train	171.5,151.7,36.6,532.9	𧡊簪催吏𢢆󰠃丐簪	U+2784A U+7C2A U+50AC U+540F U+22886 U+F0803 U+4E10 U+7C2A	8	Thấy trâm thôi lại thẹn cùng cái trâm	8	1	𧡊簪催吏𢢆󰠃丐簪	1
LucVanTien1916	nlvnpf-0059 (in mộc bản 1916)	nlvnpf-0059-012	data/LucVanTien1916/pages/images/nlvnpf-0059-012.jpg	16	8	1	data/LucVanTien1916/patches/nlvnpf-0059-012.jpg_8_1.jpg	data/LucVanTien1916/patches_preprocessed/train/nlvnpf-0059-012.jpg_8_1.jpg	train	133.4,151.7,39.1,530.6	嘆浪簪咳󰑼簪	U+5606 U+6D6A U+7C2A U+54B3 U+F047C U+7C2A	6	Than rằng: Trâm hỡi là trâm	6	1	嘆浪簪咳󰑼簪	1
LucVanTien1916	nlvnpf-0059 (in mộc bản 1916)	nlvnpf-0059-012	data/LucVanTien1916/pages/images/nlvnpf-0059-012.jpg	17	8	2	data/LucVanTien1916/patches/nlvnpf-0059-012.jpg_8_2.jpg	data/LucVanTien1916/patches_preprocessed/train/nlvnpf-0059-012.jpg_8_2.jpg	train	133.4,151.7,39.1,530.6	㐌無縁闭埃扲麻嘛	U+340C U+7121 U+7E01 U+95ED U+57C3 U+6272 U+9EBB U+561B	8	Đã vô duyên bấy, ai cầm mà mơ	8	1	㐌無縁闭埃扲麻嘛	1
LucVanTien1916	nlvnpf-0059 (in mộc bản 1916)	nlvnpf-0059-012	data/LucVanTien1916/pages/images/nlvnpf-0059-012.jpg	18	9	1	data/LucVanTien1916/patches/nlvnpf-0059-012.jpg_9_1.jpg	data/LucVanTien1916/patches_preprocessed/train/nlvnpf-0059-012.jpg_9_1.jpg	train	95.7,152.9,38.5,531.3	迻簪払㐌爫魚	U+8FFB U+7C2A U+6255 U+340C U+722B U+9B5A	6	Ðưa trâm chàng đã làm ngơ	6	1	迻簪払㐌爫魚	1
LucVanTien1916	nlvnpf-0059 (in mộc bản 1916)	nlvnpf-0059-012	data/LucVanTien1916/pages/images/nlvnpf-0059-012.jpg	19	9	2	data/LucVanTien1916/patches/nlvnpf-0059-012.jpg_9_2.jpg	data/LucVanTien1916/patches_preprocessed/val/nlvnpf-0059-012.jpg_9_2.jpg	val	95.7,152.9,38.5,531.3	妾嗔爫𠬠排书謝辞	U+59BE U+55D4 U+722B U+20B20 U+6392 U+4E66 U+8B1D U+8F9E	8	Thiếp xin làm một bài thơ tạ từ	8	1	妾嗔爫𠬠排书謝辞	1
LucVanTien1916	nlvnpf-0059 (in mộc bản 1916)	nlvnpf-0059-013	data/LucVanTien1916/pages/images/nlvnpf-0059-013.jpg	0							云仙𥄭吏𢚸唹	U+4E91 U+4ED9 U+2512D U+540F U+226B8 U+5539	6	Vân Tiên ngó lại lòng ưa	6	1	云仙𥄭吏𢚸唹	1
LucVanTien1916	nlvnpf-0059 (in mộc bản 1916)	nlvnpf-0059-013	data/LucVanTien1916/pages/images/nlvnpf-0059-013.jpg	1							爫詩朱?𠬠徐渚𥹰	U+722B U+8A69 U+6731 U+003F U+20B20 U+5F90 U+6E1A U+25E70	8	Làm thơ cho kíp một giờ chưa lâu	8	1	爫詩朱?𠬠徐渚𥹰	1
LucVanTien1916	nlvnpf-0059 (in mộc bản 1916)	nlvnpf-0059-013	data/LucVanTien1916/pages/images/nlvnpf-0059-013.jpg	2							月娥應㗂吀侯	U+6708 U+5A25 U+61C9 U+35C2 U+5400 U+4FAF	6	Nguyệt Nga ứng tiếng xin hầu	6	1	月娥應㗂吀侯	1
LucVanTien1916	nlvnpf-0059 (in mộc bản 1916)	nlvnpf-0059-013	data/LucVanTien1916/pages/images/nlvnpf-0059-013.jpg	3							𠖈𢬣卞曰糁句𠄼韻	U+20588 U+22B23 U+535E U+66F0 U+7CC1 U+53E5 U+2013C U+97FB	8	Xuống tay bèn viết tám câu năm vần	8	1	𠖈𢬣卞曰糁句𠄼韻	1
LucVanTien1916	nlvnpf-0059 (in mộc bản 1916)	nlvnpf-0059-013	data/LucVanTien1916/pages/images/nlvnpf-0059-013.jpg	4							詩浪	U+8A69 U+6D6A	2	Thi rằng:	2	1	詩浪	1
LucVanTien1916	nlvnpf-0059 (in mộc bản 1916)	nlvnpf-0059-013	data/LucVanTien1916/pages/images/nlvnpf-0059-013.jpg	5							前恩思报念徘徊	U+524D U+6069 U+601D U+62A5 U+5FF5 U+5F98 U+5F8A	7	"""Tiền ân tư báo niệm bồi hồi"	7	1	前恩思报念徘徊爱述一詩	0
LucVanTien1916	nlvnpf-0059 (in mộc bản 1916)	nlvnpf-0059-013	data/LucVanTien1916/pages/images/nlvnpf-0059-013.jpg	6							爱述一詩爲贈來	U+7231 U+8FF0 U+4E00 U+8A69 U+7232 U+8D08 U+4F86	7	Ái thuật nhất thi vi tặng lai	7	1	爲贈來字匕長情新笔寫言匕厚意錦	0
LucVanTien1916	nlvnpf-0059 (in mộc bản 1916)	nlvnpf-0059-013	data/LucVanTien1916/pages/images/nlvnpf-0059-013.jpg	7							字匕長情新笔寫	U+5B57 U+5315 U+9577 U+60C5 U+65B0 U+7B14 U+5BEB	7	Tự tự trường tình tân bút tả	7	1	雲𫔭金簮雖貴輕由葉大󰒂深𢙇重萬	0
LucVanTien1916	nlvnpf-0059 (in mộc bản 1916)	nlvnpf-0059-013	data/LucVanTien1916/pages/images/nlvnpf-0059-013.jpg	8							言匕厚意錦雲𫔭	U+8A00 U+5315 U+539A U+610F U+9326 U+96F2 U+2B52D	7	Ngôn ngôn hậu ý cẩm vân khai	7	1	杯從此願君爭甲第妾看馬上錦衣囬	0
LucVanTien1916	nlvnpf-0059 (in mộc bản 1916)	nlvnpf-0059-013	data/LucVanTien1916/pages/images/nlvnpf-0059-013.jpg	9							金簮雖貴輕由葉	U+91D1 U+7C2E U+96D6 U+8CB4 U+8F15 U+7531 U+8449	7	Kim trâm vi quý khinh do diệp	7	1	詩耒尼妾吀𤼸	0
LucVanTien1916	nlvnpf-0059 (in mộc bản 1916)	nlvnpf-0059-013	data/LucVanTien1916/pages/images/nlvnpf-0059-013.jpg	10							大󰒂深𢙇重萬杯	U+5927 U+F0482 U+6DF1 U+22647 U+91CD U+842C U+676F	7	Đại nghĩa thâm hoài trọng vạn bôi	7	1	仰𬂙量𢌌文人󰡫芇	0
LucVanTien1916	nlvnpf-0059 (in mộc bản 1916)	nlvnpf-0059-013	data/LucVanTien1916/pages/images/nlvnpf-0059-013.jpg	11							從此願君爭甲第	U+5F9E U+6B64 U+9858 U+541B U+722D U+7532 U+7B2C	7	Tòng thử nguyện quân tranh giáp đệ	7	1	云仙䀡𧡊喭敖	0
LucVanTien1916	nlvnpf-0059 (in mộc bản 1916)	nlvnpf-0059-013	data/LucVanTien1916/pages/images/nlvnpf-0059-013.jpg	12							妾看馬上錦衣囬	U+59BE U+770B U+99AC U+4E0A U+9326 U+8863 U+56EC	7	"Thiếp khan mã thượng cẩm y hồi"""	7	1	埃咍飭𡛔才髙幅尼	0
LucVanTien1916	nlvnpf-0059 (in mộc bản 1916)	nlvnpf-0059-013	data/LucVanTien1916/pages/images/nlvnpf-0059-013.jpg	13							詩耒尼妾吀𤼸	U+8A69 U+8012 U+5C3C U+59BE U+5400 U+24F38	6	Thơ rồi này thiếp xin dâng	6	1	㐌毛麻吏添咍	0
LucVanTien1916	nlvnpf-0059 (in mộc bản 1916)	nlvnpf-0059-013	data/LucVanTien1916/pages/images/nlvnpf-0059-013.jpg	14							仰𬂙量𢌌文人󰡫芇	U+4EF0 U+2C099 U+91CF U+2230C U+6587 U+4EBA U+F086B U+8287	8	Ngửa trông lượng rộng văn nhân thế nào	8	1	󰝸畨宋玉拱󰟴西詩	0
LucVanTien1916	nlvnpf-0059 (in mộc bản 1916)	nlvnpf-0059-013	data/LucVanTien1916/pages/images/nlvnpf-0059-013.jpg	15							云仙䀡𧡊喭敖	U+4E91 U+4ED9 U+4021 U+2784A U+55AD U+6556	6	Vân Tiên xem thấy ngán ngao	6	1	汝句愈出愈奇	0
LucVanTien1916	nlvnpf-0059 (in mộc bản 1916)	nlvnpf-0059-013	data/LucVanTien1916/pages/images/nlvnpf-0059-013.jpg	16							埃咍飭𡛔才髙幅尼	U+57C3 U+548D U+98ED U+216D4 U+624D U+9AD9 U+5E45 U+5C3C	8	Ai hay sức gái tài cao bậc này	8	1	埃咍才𡛔劍夷才𤳆	0
LucVanTien1916	nlvnpf-0059 (in mộc bản 1916)	nlvnpf-0059-013	data/LucVanTien1916/pages/images/nlvnpf-0059-013.jpg	17							㐌毛麻吏添咍	U+340C U+6BDB U+9EBB U+540F U+6DFB U+548D	6	Ðã mau mà lại thêm hay	6	1		
LucVanTien1916	nlvnpf-0059 (in mộc bản 1916)	nlvnpf-0059-013	data/LucVanTien1916/pages/images/nlvnpf-0059-013.jpg	18							󰝸畨宋玉拱󰟴西詩	U+F0778 U+7568 U+5B8B U+7389 U+62F1 U+F07F4 U+897F U+8A69	8	Chẳng phen Tống Ngọc, cũng tày Tây Thi	8	1		
LucVanTien1916	nlvnpf-0059 (in mộc bản 1916)	nlvnpf-0059-013	data/LucVanTien1916/pages/images/nlvnpf-0059-013.jpg	19							汝句愈出愈奇	U+6C5D U+53E5 U+6108 U+51FA U+6108 U+5947	6	Nhớ câu dũ xuất dũ kỳ	6	1		
LucVanTien1916	nlvnpf-0059 (in mộc bản 1916)	nlvnpf-0059-013	data/LucVanTien1916/pages/images/nlvnpf-0059-013.jpg	20							埃咍才𡛔劍夷才𤳆	U+57C3 U+548D U+624D U+216D4 U+528D U+5937 U+624D U+24CC6	8	Ai hay tài gái kém gì tài trai	8	1		
LucVanTien1916	nlvnpf-0059 (in mộc bản 1916)	nlvnpf-0059-014	data/LucVanTien1916/pages/images/nlvnpf-0059-014.jpg	0							如𡆫埃易收埃	U+5982 U+211AB U+57C3 U+6613 U+6536 U+57C3	6	Như vầy ai dễ thua ai	6	1	如𡆫埃易收埃	1
LucVanTien1916	nlvnpf-0059 (in mộc bản 1916)	nlvnpf-0059-014	data/LucVanTien1916/pages/images/nlvnpf-0059-014.jpg	1							云仙和吏𠬠排𢭂𦋦	U+4E91 U+4ED9 U+548C U+540F U+20B20 U+6392 U+22B42 U+262E6	8	Vân Tiên họa lại một bài trao ra	8	1	云仙和吏𠬠排𢭂𦋦	1
LucVanTien1916	nlvnpf-0059 (in mộc bản 1916)	nlvnpf-0059-014	data/LucVanTien1916/pages/images/nlvnpf-0059-014.jpg	2							詩浪	U+8A69 U+6D6A	2	Thi rằng:	2	1	詩浪	1
LucVanTien1916	nlvnpf-0059 (in mộc bản 1916)	nlvnpf-0059-014	data/LucVanTien1916/pages/images/nlvnpf-0059-014.jpg	3							排徊相別執󰡞盃	U+6392 U+5F8A U+76F8 U+5225 U+57F7 U+F085E U+76C3	7	"""Bồi hồi tương biệt chấp li bôi"	7	1	排徊相別執󰡞盃敢曰施恩	0
LucVanTien1916	nlvnpf-0059 (in mộc bản 1916)	nlvnpf-0059-014	data/LucVanTien1916/pages/images/nlvnpf-0059-014.jpg	4							敢曰施恩望報哉	U+6562 U+66F0 U+65BD U+6069 U+671B U+5831 U+54C9	7	Cảm viết thi ân vọng báo tai	7	1	望報哉重󰒂数言髙唱入叙情一幅和	0
LucVanTien1916	nlvnpf-0059 (in mộc bản 1916)	nlvnpf-0059-014	data/LucVanTien1916/pages/images/nlvnpf-0059-014.jpg	5							重󰒂数言髙唱入	U+91CD U+F0482 U+6570 U+8A00 U+9AD9 U+5531 U+5165	7	Trọng nghĩa sổ ngôn cao xướng nhập	7	1	𰙔來币𫎇既𡴯隨享達日月長流用去	0
LucVanTien1916	nlvnpf-0059 (in mộc bản 1916)	nlvnpf-0059-014	data/LucVanTien1916/pages/images/nlvnpf-0059-014.jpg	6							叙情一幅和𰙔來	U+53D9 U+60C5 U+4E00 U+5E45 U+548C U+30654 U+4F86	7	Tự tình nhất bức hoạ ca lai	7	1	囬軫重個中無別語天長地久永相𢙇	0
LucVanTien1916	nlvnpf-0059 (in mộc bản 1916)	nlvnpf-0059-014	data/LucVanTien1916/pages/images/nlvnpf-0059-014.jpg	7							币𫎇既𡴯隨享達	U+5E01 U+2B387 U+65E2 U+21D2F U+96A8 U+4EAB U+9054	7	Tệ mông kí ngất tuỳ hưởng đạt	7	1	䀡詩買別𧵆賖	0
LucVanTien1916	nlvnpf-0059 (in mộc bản 1916)	nlvnpf-0059-014	data/LucVanTien1916/pages/images/nlvnpf-0059-014.jpg	8							日月長流用去囬	U+65E5 U+6708 U+9577 U+6D41 U+7528 U+53BB U+56EC	7	Nhật nguyệt trường lưu dụng khứ hồi	7	1	枚和韻𫠓匕和韻枚	0
LucVanTien1916	nlvnpf-0059 (in mộc bản 1916)	nlvnpf-0059-014	data/LucVanTien1916/pages/images/nlvnpf-0059-014.jpg	9							軫重個中無別語	U+8EEB U+91CD U+500B U+4E2D U+7121 U+5225 U+8A9E	7	Chẩn trọng cá trung vô biệt ngữ	7	1	塘賖審匕興𢙇	0
LucVanTien1916	nlvnpf-0059 (in mộc bản 1916)	nlvnpf-0059-014	data/LucVanTien1916/pages/images/nlvnpf-0059-014.jpg	10							天長地久永相𢙇	U+5929 U+9577 U+5730 U+4E45 U+6C38 U+76F8 U+22647	7	"Thiên trường địa cửu vĩnh tương hoài"""	7	1	塘賖審匕淡𨱽潙匕	0
LucVanTien1916	nlvnpf-0059 (in mộc bản 1916)	nlvnpf-0059-014	data/LucVanTien1916/pages/images/nlvnpf-0059-014.jpg	11							䀡詩買別𧵆賖	U+4021 U+8A69 U+8CB7 U+5225 U+27D46 U+8CD6	6	Xem thơ mới biết gần xa	6	1	埃匕拱扵𥪝𡗶	0
LucVanTien1916	nlvnpf-0059 (in mộc bản 1916)	nlvnpf-0059-014	data/LucVanTien1916/pages/images/nlvnpf-0059-014.jpg	12							枚和韻𫠓匕和韻枚	U+679A U+548C U+97FB U+2B813 U+5315 U+548C U+97FB U+679A	8	Mai hòa vận điểu, điểu hòa vận mai	8	1	﨤饒𢈱㐌𣴓𢈱辰傕	0
LucVanTien1916	nlvnpf-0059 (in mộc bản 1916)	nlvnpf-0059-014	data/LucVanTien1916/pages/images/nlvnpf-0059-014.jpg	13							塘賖審匕興𢙇	U+5858 U+8CD6 U+5BE9 U+5315 U+8208 U+22647	6	Đường xa thăm thẳm hứng hoài	6	1	云仙辞謝返囬	0
LucVanTien1916	nlvnpf-0059 (in mộc bản 1916)	nlvnpf-0059-014	data/LucVanTien1916/pages/images/nlvnpf-0059-014.jpg	14							塘賖審匕淡𨱽潙匕	U+5858 U+8CD6 U+5BE9 U+5315 U+6DE1 U+28C7D U+6F59 U+5315	8	Ðường xa thăm thẳm, dặm dài vơi vơi	8	1	月娥嘆哭情喂󰑼情	0
LucVanTien1916	nlvnpf-0059 (in mộc bản 1916)	nlvnpf-0059-014	data/LucVanTien1916/pages/images/nlvnpf-0059-014.jpg	15							埃匕拱扵𥪝𡗶	U+57C3 U+5315 U+62F1 U+6275 U+25A9D U+215F6	6	Ai ai cũng ở trong trời	6	1	𢪀𠇮麻喭朱𠇮	0
LucVanTien1916	nlvnpf-0059 (in mộc bản 1916)	nlvnpf-0059-014	data/LucVanTien1916/pages/images/nlvnpf-0059-014.jpg	16							﨤饒𢈱㐌𣴓𢈱辰傕	U+FA24 U+9952 U+22231 U+340C U+23D13 U+22231 U+8FB0 U+5095	8	Gặp nhau lời đã cạn lời thì thôị	8	1	浽恩渚呂浽情吏芒	0
LucVanTien1916	nlvnpf-0059 (in mộc bản 1916)	nlvnpf-0059-014	data/LucVanTien1916/pages/images/nlvnpf-0059-014.jpg	17							云仙辞謝返囬	U+4E91 U+4ED9 U+8F9E U+8B1D U+8FD4 U+56EC	6	Vân Tiên từ tạ phản hồi	6	1		
LucVanTien1916	nlvnpf-0059 (in mộc bản 1916)	nlvnpf-0059-014	data/LucVanTien1916/pages/images/nlvnpf-0059-014.jpg	18							月娥嘆哭情喂󰑼情	U+6708 U+5A25 U+5606 U+54ED U+60C5 U+5582 U+F047C U+60C5	8	"Nguyệt Nga than khóc: ""Tình ôi là tình!"""	8	1		
LucVanTien1916	nlvnpf-0059 (in mộc bản 1916)	nlvnpf-0059-014	data/LucVanTien1916/pages/images/nlvnpf-0059-014.jpg	19							𢪀𠇮麻喭朱𠇮	U+22A80 U+201EE U+9EBB U+55AD U+6731 U+201EE	6	Nghĩ mình mà ngán cho mình	6	1		
LucVanTien1916	nlvnpf-0059 (in mộc bản 1916)	nlvnpf-0059-014	data/LucVanTien1916/pages/images/nlvnpf-0059-014.jpg	20							浽恩渚呂浽情吏芒	U+6D7D U+6069 U+6E1A U+5442 U+6D7D U+60C5 U+540F U+8292	8	Nỗi ân chưa trả, nỗi tình lại mang	8	1		
LucVanTien1916	nlvnpf-0059 (in mộc bản 1916)	nlvnpf-0059-015	data/LucVanTien1916/pages/images/nlvnpf-0059-015.jpg	0	0	1	data/LucVanTien1916/patches/nlvnpf-0059-015.jpg_0_1.jpg	data/LucVanTien1916/patches_preprocessed/train/nlvnpf-0059-015.jpg_0_1.jpg	train	373.4,150.3,33.6,529.6	󰠱泥𠄩𡦂鴛鴦	U+F0831 U+6CE5 U+20129 U+21982 U+9D1B U+9D26	6	Nặng nề hai chữ uyên ương	6	1	󰠱泥𠄩𡦂鴛鴦	1
LucVanTien1916	nlvnpf-0059 (in mộc bản 1916)	nlvnpf-0059-015	data/LucVanTien1916/pages/images/nlvnpf-0059-015.jpg	1	0	2	data/LucVanTien1916/patches/nlvnpf-0059-015.jpg_0_2.jpg	data/LucVanTien1916/patches_preprocessed/train/nlvnpf-0059-015.jpg_0_2.jpg	train	373.4,150.3,33.6,529.6	叛愁埃窖问王𠓨𢚸	U+53DB U+6101 U+57C3 U+7A96 U+95EE U+738B U+204E8 U+226B8	8	Phản sầu ai khéo vấn vương vào lòng	8	1	叛愁埃窖问王𠓨𢚸	1
LucVanTien1916	nlvnpf-0059 (in mộc bản 1916)	nlvnpf-0059-015	data/LucVanTien1916/pages/images/nlvnpf-0059-015.jpg	2	1	1	data/LucVanTien1916/patches/nlvnpf-0059-015.jpg_1_1.jpg	data/LucVanTien1916/patches_preprocessed/train/nlvnpf-0059-015.jpg_1_1.jpg	train	332.2,150.9,36.9,531.5	𠳿󰠃月老絲紅	U+20CFF U+F0803 U+6708 U+8001 U+7D72 U+7D05	6	Vái cùng Nguyệt Lão tơ hồng	6	1	𠳿󰠃月老絲紅	1
LucVanTien1916	nlvnpf-0059 (in mộc bản 1916)	nlvnpf-0059-015	data/LucVanTien1916/pages/images/nlvnpf-0059-015.jpg	3	1	2	data/LucVanTien1916/patches/nlvnpf-0059-015.jpg_1_2.jpg	data/LucVanTien1916/patches_preprocessed/val/nlvnpf-0059-015.jpg_1_2.jpg	val	332.2,150.9,36.9,531.5	𤾓𠄼朱論𡦂從貝安	U+24F93 U+2013C U+6731 U+8AD6 U+21982 U+5F9E U+8C9D U+5B89	8	Trăm năm cho chọn chữ tòng mới an	8	1	𤾓𠄼朱論𡦂從貝安	1
LucVanTien1916	nlvnpf-0059 (in mộc bản 1916)	nlvnpf-0059-015	data/LucVanTien1916/pages/images/nlvnpf-0059-015.jpg	4	2	1	data/LucVanTien1916/patches/nlvnpf-0059-015.jpg_2_1.jpg	data/LucVanTien1916/patches_preprocessed/train/nlvnpf-0059-015.jpg_2_1.jpg	train	295.2,151.5,35.5,529.6	有情之闭牛𬞕	U+6709 U+60C5 U+4E4B U+95ED U+725B U+2C795	6	Hữu tình chi bấy Ngưu Lang	6	1	有情之闭牛𬞕	1
LucVanTien1916	nlvnpf-0059 (in mộc bản 1916)	nlvnpf-0059-015	data/LucVanTien1916/pages/images/nlvnpf-0059-015.jpg	5	2	2	data/LucVanTien1916/patches/nlvnpf-0059-015.jpg_2_2.jpg	data/LucVanTien1916/patches_preprocessed/val/nlvnpf-0059-015.jpg_2_2.jpg	val	295.2,151.5,35.5,529.6	𬌓𢚸娥女爲払麻迎	U+2C313 U+226B8 U+5A25 U+5973 U+7232 U+6255 U+9EBB U+8FCE	8	Tấm lòng Nga nữ vì chàng mà nghiêng	8	1	𬌓𢚸娥女爲払麻迎	1
LucVanTien1916	nlvnpf-0059 (in mộc bản 1916)	nlvnpf-0059-015	data/LucVanTien1916/pages/images/nlvnpf-0059-015.jpg	6	3	1	data/LucVanTien1916/patches/nlvnpf-0059-015.jpg_3_1.jpg	data/LucVanTien1916/patches_preprocessed/train/nlvnpf-0059-015.jpg_3_1.jpg	train	258.3,149.7,37.6,531.5	傕匕㛪唉金連	U+5095 U+5315 U+36EA U+5509 U+91D1 U+9023	6	Thôi thôi em hỡi Kim Liên	6	1	傕匕㛪唉金連	1
LucVanTien1916	nlvnpf-0059 (in mộc bản 1916)	nlvnpf-0059-015	data/LucVanTien1916/pages/images/nlvnpf-0059-015.jpg	7	3	2	data/LucVanTien1916/patches/nlvnpf-0059-015.jpg_3_2.jpg	data/LucVanTien1916/patches_preprocessed/val/nlvnpf-0059-015.jpg_3_2.jpg	val	258.3,149.7,37.6,531.5	𠖰車朱姉戈沔河溪	U+205B0 U+8ECA U+6731 U+59C9 U+6208 U+6C94 U+6CB3 U+6EAA	8	Dẩy xe cho chị qua miền Hà-Khê	7	0	𠖰車朱姉戈沔河溪	1
LucVanTien1916	nlvnpf-0059 (in mộc bản 1916)	nlvnpf-0059-015	data/LucVanTien1916/pages/images/nlvnpf-0059-015.jpg	8	4	1	data/LucVanTien1916/patches/nlvnpf-0059-015.jpg_4_1.jpg	data/LucVanTien1916/patches_preprocessed/train/nlvnpf-0059-015.jpg_4_1.jpg	train	218.8,149.7,38.2,532.7	󰠵戈𨁪𤟛塘羝	U+F0835 U+6208 U+2806A U+247DB U+5858 U+7F9D	6	Trải qua dấu thỏ đường dê	6	1	󰠵戈𨁪𤟛塘羝	1
LucVanTien1916	nlvnpf-0059 (in mộc bản 1916)	nlvnpf-0059-015	data/LucVanTien1916/pages/images/nlvnpf-0059-015.jpg	9	4	2	data/LucVanTien1916/patches/nlvnpf-0059-015.jpg_4_2.jpg	data/LucVanTien1916/patches_preprocessed/train/nlvnpf-0059-015.jpg_4_2.jpg	train	218.8,149.7,38.2,532.7	𪀄呌猿唿𦊚皮渃𡽫	U+2A004 U+544C U+733F U+553F U+2629A U+76AE U+6E03 U+21F6B	8	Chim kêu vượn hót, bốn bề nước non	8	1	𪀄呌猿唿𦊚皮渃𡽫	1
LucVanTien1916	nlvnpf-0059 (in mộc bản 1916)	nlvnpf-0059-015	data/LucVanTien1916/pages/images/nlvnpf-0059-015.jpg	10	5	1	data/LucVanTien1916/patches/nlvnpf-0059-015.jpg_5_1.jpg	data/LucVanTien1916/patches_preprocessed/train/nlvnpf-0059-015.jpg_5_1.jpg	train	176.0,149.2,37.9,533.1	拜𡗶吀鄧󱓨𧷺	U+62DC U+215F6 U+5400 U+9127 U+F14E8 U+27DFA	6	Lạy trời xin đặng vuông tròn	6	1	拜𡗶吀鄧󱓨𧷺	1
LucVanTien1916	nlvnpf-0059 (in mộc bản 1916)	nlvnpf-0059-015	data/LucVanTien1916/pages/images/nlvnpf-0059-015.jpg	11	5	2	data/LucVanTien1916/patches/nlvnpf-0059-015.jpg_5_2.jpg	data/LucVanTien1916/patches_preprocessed/val/nlvnpf-0059-015.jpg_5_2.jpg	val	176.0,149.2,37.9,533.1	𤾓𠄼朱援𢚸崙󰠃払	U+24F93 U+2013C U+6731 U+63F4 U+226B8 U+5D19 U+F0803 U+6255	8	Trăm năm cho vẹn lòng son cùng chàng	8	1	𤾓𠄼朱援𢚸崙󰠃払	1
LucVanTien1916	nlvnpf-0059 (in mộc bản 1916)	nlvnpf-0059-015	data/LucVanTien1916/pages/images/nlvnpf-0059-015.jpg	12	6	1	data/LucVanTien1916/patches/nlvnpf-0059-015.jpg_6_1.jpg	data/LucVanTien1916/patches_preprocessed/train/nlvnpf-0059-015.jpg_6_1.jpg	train	139.8,147.9,37.1,536.4	丿兜㐌細府堂	U+4E3F U+515C U+340C U+7D30 U+5E9C U+5802	6	Phút đâu đã tới phủ đường	6	1	丿兜㐌細府堂	1
LucVanTien1916	nlvnpf-0059 (in mộc bản 1916)	nlvnpf-0059-015	data/LucVanTien1916/pages/images/nlvnpf-0059-015.jpg	13	6	2	data/LucVanTien1916/patches/nlvnpf-0059-015.jpg_6_2.jpg	data/LucVanTien1916/patches_preprocessed/val/nlvnpf-0059-015.jpg_6_2.jpg	val	139.8,147.9,37.1,536.4	矯公䀡𧡊𢚸強生𪟽	U+77EF U+516C U+4021 U+2784A U+226B8 U+5F37 U+751F U+2A7FD	8	Kiều công xem thấy lòng càng sinh nghi	8	1	矯公䀡𧡊𢚸強生𪟽	1
LucVanTien1916	nlvnpf-0059 (in mộc bản 1916)	nlvnpf-0059-015	data/LucVanTien1916/pages/images/nlvnpf-0059-015.jpg	14	7	1	data/LucVanTien1916/patches/nlvnpf-0059-015.jpg_7_1.jpg	data/LucVanTien1916/patches_preprocessed/train/nlvnpf-0059-015.jpg_7_1.jpg	train	102.1,148.7,36.6,534.9	哙浪芇𥘷过兒	U+54D9 U+6D6A U+8287 U+25637 U+8FC7 U+5152	6	Hỏi rằng: Nào trẻ quá nhi	6	1	哙浪芇𥘷过兒	1
LucVanTien1916	nlvnpf-0059 (in mộc bản 1916)	nlvnpf-0059-015	data/LucVanTien1916/pages/images/nlvnpf-0059-015.jpg	15	7	2	data/LucVanTien1916/patches/nlvnpf-0059-015.jpg_7_2.jpg	data/LucVanTien1916/patches_preprocessed/val/nlvnpf-0059-015.jpg_7_2.jpg	val	102.1,148.7,36.6,534.9	故牢𢧚浽昆𠫾𠬠𠇮	U+6545 U+7262 U+229DA U+6D7D U+6606 U+20AFE U+20B20 U+201EE	8	Cớ sao nên nỗi con đi một mình?	8	1	故牢𢧚浽昆𠫾𠬠𠇮	1
LucVanTien1916	nlvnpf-0059 (in mộc bản 1916)	nlvnpf-0059-015	data/LucVanTien1916/pages/images/nlvnpf-0059-015.jpg	16	8	1	data/LucVanTien1916/patches/nlvnpf-0059-015.jpg_8_1.jpg	data/LucVanTien1916/patches_preprocessed/train/nlvnpf-0059-015.jpg_8_1.jpg	train	64.2,147.2,37.8,535.1	月娥踈𭛣前程	U+6708 U+5A25 U+8E08 U+2D6E3 U+524D U+7A0B	6	Nguyệt Nga thưa việc tiền trình	6	1	月娥踈𭛣前程	1
LucVanTien1916	nlvnpf-0059 (in mộc bản 1916)	nlvnpf-0059-015	data/LucVanTien1916/pages/images/nlvnpf-0059-015.jpg	17	8	2	data/LucVanTien1916/patches/nlvnpf-0059-015.jpg_8_2.jpg	data/LucVanTien1916/patches_preprocessed/val/nlvnpf-0059-015.jpg_8_2.jpg	val	64.2,147.2,37.8,535.1	矯公𦖑呐事情庒盃	U+77EF U+516C U+26591 U+5450 U+4E8B U+60C5 U+5E92 U+76C3	8	Kiều công nghe nói sự tình chẳng vui	8	1	矯公𦖑呐事情庒盃	1
LucVanTien1916	nlvnpf-0059 (in mộc bản 1916)	nlvnpf-0059-015	data/LucVanTien1916/pages/images/nlvnpf-0059-015.jpg	18	9	1	data/LucVanTien1916/patches/nlvnpf-0059-015.jpg_9_1.jpg	data/LucVanTien1916/patches_preprocessed/train/nlvnpf-0059-015.jpg_9_1.jpg	train	28.1,148.3,35.2,534.7	月娥胣唉嵬匕	U+6708 U+5A25 U+80E3 U+5509 U+5D6C U+5315	6	Nguyệt Nga dạ hãy ngùi ngùi	6	1	月娥胣唉嵬匕	1
LucVanTien1916	nlvnpf-0059 (in mộc bản 1916)	nlvnpf-0059-015	data/LucVanTien1916/pages/images/nlvnpf-0059-015.jpg	19	9	2	data/LucVanTien1916/patches/nlvnpf-0059-015.jpg_9_2.jpg	data/LucVanTien1916/patches_preprocessed/train/nlvnpf-0059-015.jpg_9_2.jpg	train	28.1,148.3,35.2,534.7	𢪀隊杆吏𣳔涞隊杆	U+22A80 U+968A U+6746 U+540F U+23CD4 U+6D9E U+968A U+6746	8	Nghĩ đòi cơn lại rụng rời đòi cơn	8	1	𢪀隊杆吏𣳔涞隊杆	1
LucVanTien1916	nlvnpf-0059 (in mộc bản 1916)	nlvnpf-0059-016	data/LucVanTien1916/pages/images/nlvnpf-0059-016.jpg	0	0	1	data/LucVanTien1916/patches/nlvnpf-0059-016.jpg_0_1.jpg			436.5,145.3,36.8,536.4	劳刀淬分之遲	U+52B3 U+5200 U+6DEC U+5206 U+4E4B U+9072	6	Lao đao chút phận chi chầy	6	1	劳刀淬分之遲	1
LucVanTien1916	nlvnpf-0059 (in mộc bản 1916)	nlvnpf-0059-016	data/LucVanTien1916/pages/images/nlvnpf-0059-016.jpg	1	0	2	data/LucVanTien1916/patches/nlvnpf-0059-016.jpg_0_2.jpg			436.5,145.3,36.8,536.4	𣈗芇香焒功恩朱払	U+23217 U+8287 U+9999 U+7112 U+529F U+6069 U+6731 U+6255	8	Ngày nào hương lửa công ơn cho chàng.	8	1	𣈗芇香焒功恩朱払	1
LucVanTien1916	nlvnpf-0059 (in mộc bản 1916)	nlvnpf-0059-016	data/LucVanTien1916/pages/images/nlvnpf-0059-016.jpg	2	1	1	data/LucVanTien1916/patches/nlvnpf-0059-016.jpg_1_1.jpg			400.1,145.4,35.9,537.0	矯公𦖑呐徬徨	U+77EF U+516C U+26591 U+5450 U+5FAC U+5FA8	6	Kiều công nghe nói bàng hoàng	6	1	矯公𦖑呐徬徨	1
LucVanTien1916	nlvnpf-0059 (in mộc bản 1916)	nlvnpf-0059-016	data/LucVanTien1916/pages/images/nlvnpf-0059-016.jpg	3	1	2	data/LucVanTien1916/patches/nlvnpf-0059-016.jpg_1_2.jpg			400.1,145.4,35.9,537.0	𠰺浪昆唉暫安府鐄	U+20C3A U+6D6A U+6606 U+5509 U+66AB U+5B89 U+5E9C U+9404	8	Dạy rằng: Con hãy tạm an phủ vàng	8	1	𠰺浪昆唉暫安府鐄	1
LucVanTien1916	nlvnpf-0059 (in mộc bản 1916)	nlvnpf-0059-016	data/LucVanTien1916/pages/images/nlvnpf-0059-016.jpg	4	2	1	data/LucVanTien1916/patches/nlvnpf-0059-016.jpg_2_1.jpg			363.3,145.7,35.5,537.9	𣅶芇吒領役官	U+23176 U+8287 U+5412 U+9818 U+5F79 U+5B98	6	Lúc nào cha rãnh việc quan	6	1	𣅶芇吒領役官	1
LucVanTien1916	nlvnpf-0059 (in mộc bản 1916)	nlvnpf-0059-016	data/LucVanTien1916/pages/images/nlvnpf-0059-016.jpg	5	2	2	data/LucVanTien1916/patches/nlvnpf-0059-016.jpg_2_2.jpg			363.3,145.7,35.5,537.9	曰書戈妬𨑮払鄧低	U+66F0 U+66F8 U+6208 U+59AC U+2846E U+6255 U+9127 U+4F4E	8	Viết thư qua đó mời chàng đặng đây	8	1	曰書戈妬𨑮払鄧低	1
LucVanTien1916	nlvnpf-0059 (in mộc bản 1916)	nlvnpf-0059-016	data/LucVanTien1916/pages/images/nlvnpf-0059-016.jpg	6	3	1	data/LucVanTien1916/patches/nlvnpf-0059-016.jpg_3_1.jpg			325.3,147.2,35.6,537.0	畧𡢐󰡫拱庒迡	U+7567 U+21890 U+F086B U+62F1 U+5E92 U+8FE1	6	Trước sau thế cũng chẳng chầy	6	1	畧𡢐󰡫拱庒迡	1
LucVanTien1916	nlvnpf-0059 (in mộc bản 1916)	nlvnpf-0059-016	data/LucVanTien1916/pages/images/nlvnpf-0059-016.jpg	7	3	2	data/LucVanTien1916/patches/nlvnpf-0059-016.jpg_3_2.jpg			325.3,147.2,35.6,537.0	吒願呂特󰒂尼辰傕	U+5412 U+9858 U+5442 U+7279 U+F0482 U+5C3C U+8FB0 U+5095	8	Cha nguyền trả được nghĩa này thì thôi	8	1	吒願呂特󰒂尼辰傕	1
LucVanTien1916	nlvnpf-0059 (in mộc bản 1916)	nlvnpf-0059-016	data/LucVanTien1916/pages/images/nlvnpf-0059-016.jpg	8	4	1	data/LucVanTien1916/patches/nlvnpf-0059-016.jpg_4_1.jpg			287.0,147.8,37.3,537.6	後塘昆呵暫𨆢	U+5F8C U+5858 U+6606 U+5475 U+66AB U+281A2	6	Hậu đường con há tạm lui	6	1	後塘昆呵暫𨆢	1
LucVanTien1916	nlvnpf-0059 (in mộc bản 1916)	nlvnpf-0059-016	data/LucVanTien1916/pages/images/nlvnpf-0059-016.jpg	9	4	2	data/LucVanTien1916/patches/nlvnpf-0059-016.jpg_4_2.jpg			287.0,147.8,37.3,537.6	爫虧胣𥘷朱盃𢚸𫅷	U+722B U+8667 U+80E3 U+25637 U+6731 U+76C3 U+226B8 U+2B177	8	Làm khuây dạ trẻ cho vui lòng già	8	1	爫虧胣𥘷朱盃𢚸𫅷	1
LucVanTien1916	nlvnpf-0059 (in mộc bản 1916)	nlvnpf-0059-016	data/LucVanTien1916/pages/images/nlvnpf-0059-016.jpg	10	5	1	data/LucVanTien1916/patches/nlvnpf-0059-016.jpg_5_1.jpg			246.7,148.3,36.6,535.9	侈𦖑鼓點郎𠀧	U+4F88 U+26591 U+9F13 U+9EDE U+90CE U+20027	6	Xẩy nghe trống điểm sang ba	6	1	侈𦖑鼓點郎𠀧	1
LucVanTien1916	nlvnpf-0059 (in mộc bản 1916)	nlvnpf-0059-016	data/LucVanTien1916/pages/images/nlvnpf-0059-016.jpg	11	5	2	data/LucVanTien1916/patches/nlvnpf-0059-016.jpg_5_2.jpg			246.7,148.3,36.6,535.9	月娥汝細㤕𢚷分𠇮	U+6708 U+5A25 U+6C5D U+7D30 U+3915 U+226B7 U+5206 U+201EE	8	Nguyệt Nga nhớ tới xót xa phận mình	8	1	月娥汝細㤕𢚷分𠇮	1
LucVanTien1916	nlvnpf-0059 (in mộc bản 1916)	nlvnpf-0059-016	data/LucVanTien1916/pages/images/nlvnpf-0059-016.jpg	12	6	1	data/LucVanTien1916/patches/nlvnpf-0059-016.jpg_6_1.jpg			205.8,150.3,37.3,533.9	移吀𦋦准梨庭	U+79FB U+5400 U+262E6 U+51C6 U+68A8 U+5EAD	6	Dời xin ra chốn lê đình	6	1	移吀𦋦准梨庭	1
LucVanTien1916	nlvnpf-0059 (in mộc bản 1916)	nlvnpf-0059-016	data/LucVanTien1916/pages/images/nlvnpf-0059-016.jpg	13	6	2	data/LucVanTien1916/patches/nlvnpf-0059-016.jpg_6_2.jpg			205.8,150.3,37.3,533.9	䀡𦝄耒吏想情故人	U+4021 U+26744 U+8012 U+540F U+60F3 U+60C5 U+6545 U+4EBA	8	Xem trăng rồi lại tưởng tình cố nhân	8	1	䀡𦝄耒吏想情故人	1
LucVanTien1916	nlvnpf-0059 (in mộc bản 1916)	nlvnpf-0059-016	data/LucVanTien1916/pages/images/nlvnpf-0059-016.jpg	14	7	1	data/LucVanTien1916/patches/nlvnpf-0059-016.jpg_7_1.jpg			168.9,150.9,35.8,534.2	嘆浪流水清山	U+5606 U+6D6A U+6D41 U+6C34 U+6E05 U+5C71	6	Than rằng: Lưu thu ỷ thanh sơn	7	0	嘆浪流水清山	1
LucVanTien1916	nlvnpf-0059 (in mộc bản 1916)	nlvnpf-0059-016	data/LucVanTien1916/pages/images/nlvnpf-0059-016.jpg	15	7	2	data/LucVanTien1916/patches/nlvnpf-0059-016.jpg_7_2.jpg			168.9,150.9,35.8,534.2	㝵芇𦖑鄧㗂弹知音	U+3775 U+8287 U+26591 U+9127 U+35C2 U+5F39 U+77E5 U+97F3	8	Ngày nào nghe đặng tiếng đàn tri âm	8	1	㝵芇𦖑鄧㗂弹知音	1
LucVanTien1916	nlvnpf-0059 (in mộc bản 1916)	nlvnpf-0059-016	data/LucVanTien1916/pages/images/nlvnpf-0059-016.jpg	16	8	1	data/LucVanTien1916/patches/nlvnpf-0059-016.jpg_8_1.jpg			133.6,151.5,38.4,533.9	𡦂情乾想乾深	U+21982 U+60C5 U+4E7E U+60F3 U+4E7E U+6DF1	6	Chữ tình càng tưởng càng thâm	6	1	𡦂情乾想乾深	1
LucVanTien1916	nlvnpf-0059 (in mộc bản 1916)	nlvnpf-0059-016	data/LucVanTien1916/pages/images/nlvnpf-0059-016.jpg	17	8	2	data/LucVanTien1916/patches/nlvnpf-0059-016.jpg_8_2.jpg			133.6,151.5,38.4,533.9	悶分苦辨悶淫苦沛	U+60B6 U+5206 U+82E6 U+8FA8 U+60B6 U+6DEB U+82E6 U+6C9B	8	Muốn phân khổ biện, muốn dầm khổ phai	8	1	悶分苦辨悶淫苦沛	1
LucVanTien1916	nlvnpf-0059 (in mộc bản 1916)	nlvnpf-0059-016	data/LucVanTien1916/pages/images/nlvnpf-0059-016.jpg	18	9	1	data/LucVanTien1916/patches/nlvnpf-0059-016.jpg_9_1.jpg			95.9,152.7,35.0,535.1	潙匕坦𢌌天高	U+6F59 U+5315 U+5766 U+2230C U+5929 U+9AD8	6	Vời vời đất rộng trời cao	6	1	潙匕坦𢌌天高	1
LucVanTien1916	nlvnpf-0059 (in mộc bản 1916)	nlvnpf-0059-016	data/LucVanTien1916/pages/images/nlvnpf-0059-016.jpg	19	9	2	data/LucVanTien1916/patches/nlvnpf-0059-016.jpg_9_2.jpg			95.9,152.7,35.0,535.1	芇埃女底朱埃𠹾煩	U+8287 U+57C3 U+5973 U+5E95 U+6731 U+57C3 U+20E7E U+7169	8	Nào ai nỡ để cho ai chịu phiền	8	1	芇埃女底朱埃𠹾煩	1
LucVanTien1916	nlvnpf-0059 (in mộc bản 1916)	nlvnpf-0059-017	data/LucVanTien1916/pages/images/nlvnpf-0059-017.jpg	0	0	1	data/LucVanTien1916/patches/nlvnpf-0059-017.jpg_0_1.jpg	data/LucVanTien1916/patches_preprocessed/train/nlvnpf-0059-017.jpg_0_1.jpg	train	361.9,144.6,34.3,529.1	阻𠓨卞𥙩笔硯	U+963B U+204E8 U+535E U+25669 U+7B14 U+786F	6	Trở vào bèn lấy bút nghiên	6	1	阻𠓨卞𥙩笔硯	1
LucVanTien1916	nlvnpf-0059 (in mộc bản 1916)	nlvnpf-0059-017	data/LucVanTien1916/pages/images/nlvnpf-0059-017.jpg	1	0	2	data/LucVanTien1916/patches/nlvnpf-0059-017.jpg_0_2.jpg	data/LucVanTien1916/patches_preprocessed/train/nlvnpf-0059-017.jpg_0_2.jpg	train	361.9,144.6,34.3,529.1	達盘香案祝願神灵	U+9054 U+76D8 U+9999 U+6848 U+795D U+9858 U+795E U+7075	8	Ðặt bàn hương án chúc nguyền thần linh	8	1	達盘香案祝願神灵	1
LucVanTien1916	nlvnpf-0059 (in mộc bản 1916)	nlvnpf-0059-017	data/LucVanTien1916/pages/images/nlvnpf-0059-017.jpg	2	1	1	data/LucVanTien1916/patches/nlvnpf-0059-017.jpg_1_1.jpg	data/LucVanTien1916/patches_preprocessed/train/nlvnpf-0059-017.jpg_1_1.jpg	train	323.5,144.6,35.4,526.4	漏匕𠬠𬌓𢚸誠	U+6F0F U+5315 U+20B20 U+2C313 U+226B8 U+8AA0	6	Làu làu một tấm lòng thành	6	1	漏匕𠬠𬌓𢚸誠	1
LucVanTien1916	nlvnpf-0059 (in mộc bản 1916)	nlvnpf-0059-017	data/LucVanTien1916/pages/images/nlvnpf-0059-017.jpg	3	1	2	data/LucVanTien1916/patches/nlvnpf-0059-017.jpg_1_2.jpg	data/LucVanTien1916/patches_preprocessed/train/nlvnpf-0059-017.jpg_1_2.jpg	train	323.5,144.6,35.4,526.4	𦘧𦋦幅像𢧚形云仙	U+26627 U+262E6 U+5E45 U+50CF U+229DA U+5F62 U+4E91 U+4ED9	8	Vẽ ra bức tượng nên hình Vân Tiên	8	1	𦘧𦋦幅像𢧚形云仙	1
LucVanTien1916	nlvnpf-0059 (in mộc bản 1916)	nlvnpf-0059-017	data/LucVanTien1916/pages/images/nlvnpf-0059-017.jpg	4	2	1	data/LucVanTien1916/patches/nlvnpf-0059-017.jpg_2_1.jpg	data/LucVanTien1916/patches_preprocessed/train/nlvnpf-0059-017.jpg_2_1.jpg	train	285.3,143.4,36.1,529.3	嘆浪𠦳淡山川	U+5606 U+6D6A U+209B3 U+6DE1 U+5C71 U+5DDD	6	Than rằng: Ngàn dặm sơn xuyên	6	1	嘆浪𠦳淡山川	1
LucVanTien1916	nlvnpf-0059 (in mộc bản 1916)	nlvnpf-0059-017	data/LucVanTien1916/pages/images/nlvnpf-0059-017.jpg	5	2	2	data/LucVanTien1916/patches/nlvnpf-0059-017.jpg_2_2.jpg	data/LucVanTien1916/patches_preprocessed/train/nlvnpf-0059-017.jpg_2_2.jpg	train	285.3,143.4,36.1,529.3	𡦂恩底胣𡦂縁冉牟	U+21982 U+6069 U+5E95 U+80E3 U+21982 U+7E01 U+5189 U+725F	8	Chữ ân để dạ, chữ duyên nhiễm mầu	8	1	𡦂恩底胣𡦂縁冉牟	1
LucVanTien1916	nlvnpf-0059 (in mộc bản 1916)	nlvnpf-0059-017	data/LucVanTien1916/pages/images/nlvnpf-0059-017.jpg	6	3	1	data/LucVanTien1916/patches/nlvnpf-0059-017.jpg_3_1.jpg	data/LucVanTien1916/patches_preprocessed/train/nlvnpf-0059-017.jpg_3_1.jpg	train	246.6,144.0,37.1,529.6	𡀯娘𡢐唉群𥹰	U+2102F U+5A18 U+21890 U+5509 U+7FA4 U+25E70	6	Truyện nàng sau hãy còn lâu	6	1	𡀯娘𡢐唉群𥹰	1
LucVanTien1916	nlvnpf-0059 (in mộc bản 1916)	nlvnpf-0059-017	data/LucVanTien1916/pages/images/nlvnpf-0059-017.jpg	7	3	2	data/LucVanTien1916/patches/nlvnpf-0059-017.jpg_3_2.jpg	data/LucVanTien1916/patches_preprocessed/val/nlvnpf-0059-017.jpg_3_2.jpg	val	246.6,144.0,37.1,529.6	𡀯払吀呐自頭劄𦋦	U+2102F U+6255 U+5400 U+5450 U+81EA U+982D U+5284 U+262E6	8	Truyện chàng xin nói từ đầu chép ra	8	1	𡀯払吀呐自頭劄𦋦	1
LucVanTien1916	nlvnpf-0059 (in mộc bản 1916)	nlvnpf-0059-017	data/LucVanTien1916/pages/images/nlvnpf-0059-017.jpg	8	4	1	data/LucVanTien1916/patches/nlvnpf-0059-017.jpg_4_1.jpg	data/LucVanTien1916/patches_preprocessed/train/nlvnpf-0059-017.jpg_4_1.jpg	train	206.6,145.2,37.6,530.9	云仙自󰘌月娥	U+4E91 U+4ED9 U+81EA U+F060C U+6708 U+5A25	6	Vân Tiên từ cách Nguyệt Nga	6	1	云仙自󰘌月娥	1
LucVanTien1916	nlvnpf-0059 (in mộc bản 1916)	nlvnpf-0059-017	data/LucVanTien1916/pages/images/nlvnpf-0059-017.jpg	9	4	2	data/LucVanTien1916/patches/nlvnpf-0059-017.jpg_4_2.jpg	data/LucVanTien1916/patches_preprocessed/train/nlvnpf-0059-017.jpg_4_2.jpg	train	206.6,145.2,37.6,530.9	𡧲塘吏﨤𠊛𦋦京畿	U+219F2 U+5858 U+540F U+FA24 U+2029B U+262E6 U+4EAC U+757F	8	Giữa đường lại gặp người ra kinh kỳ	8	1	𡧲塘吏﨤𠊛𦋦京畿	1
LucVanTien1916	nlvnpf-0059 (in mộc bản 1916)	nlvnpf-0059-017	data/LucVanTien1916/pages/images/nlvnpf-0059-017.jpg	10	5	1	data/LucVanTien1916/patches/nlvnpf-0059-017.jpg_5_1.jpg	data/LucVanTien1916/patches_preprocessed/train/nlvnpf-0059-017.jpg_5_1.jpg	train	163.6,143.4,39.5,533.1	賖䀡󰘚𪖫顛痴	U+8CD6 U+4021 U+F061A U+2A5AB U+985B U+75F4	6	Xa xem mặt mũi đen sì	6	1	賖䀡󰘚𪖫顛痴	1
LucVanTien1916	nlvnpf-0059 (in mộc bản 1916)	nlvnpf-0059-017	data/LucVanTien1916/pages/images/nlvnpf-0059-017.jpg	11	5	2	data/LucVanTien1916/patches/nlvnpf-0059-017.jpg_5_2.jpg	data/LucVanTien1916/patches_preprocessed/train/nlvnpf-0059-017.jpg_5_2.jpg	train	163.6,143.4,39.5,533.1	𠇮高路匕異奇叱凶	U+201EE U+9AD8 U+8DEF U+5315 U+7570 U+5947 U+53F1 U+51F6	8	Mình cao lồ lộ dị kỳ rất hung	8	1	𠇮高路匕異奇叱凶	1
LucVanTien1916	nlvnpf-0059 (in mộc bản 1916)	nlvnpf-0059-017	data/LucVanTien1916/pages/images/nlvnpf-0059-017.jpg	12	6	1	data/LucVanTien1916/patches/nlvnpf-0059-017.jpg_6_1.jpg	data/LucVanTien1916/patches_preprocessed/train/nlvnpf-0059-017.jpg_6_1.jpg	train	129.2,143.5,37.0,531.7	汝句泙水相逢	U+6C5D U+53E5 U+6CD9 U+6C34 U+76F8 U+9022	6	Nhớ câu bình thủy tương phùng	6	1	汝句泙水相逢	1
LucVanTien1916	nlvnpf-0059 (in mộc bản 1916)	nlvnpf-0059-017	data/LucVanTien1916/pages/images/nlvnpf-0059-017.jpg	13	6	2	data/LucVanTien1916/patches/nlvnpf-0059-017.jpg_6_2.jpg	data/LucVanTien1916/patches_preprocessed/train/nlvnpf-0059-017.jpg_6_2.jpg	train	129.2,143.5,37.0,531.7	𮎦䧺吏﨤𮎦雄𠬠欺	U+2E3A6 U+49FA U+540F U+FA24 U+2E3A6 U+96C4 U+20B20 U+6B3A	8	Anh hùng lại gặp anh hùng một khị	8	1	𮎦䧺吏﨤𮎦雄𠬠欺	1
LucVanTien1916	nlvnpf-0059 (in mộc bản 1916)	nlvnpf-0059-017	data/LucVanTien1916/pages/images/nlvnpf-0059-017.jpg	14	7	1	data/LucVanTien1916/patches/nlvnpf-0059-017.jpg_7_1.jpg	data/LucVanTien1916/patches_preprocessed/train/nlvnpf-0059-017.jpg_7_1.jpg	train	94.1,145.0,36.0,530.1	庒咍名姓󰑼之	U+5E92 U+548D U+540D U+59D3 U+F047C U+4E4B	6	Chẳng hay danh tính là chi	6	1	庒咍名姓󰑼之	1
LucVanTien1916	nlvnpf-0059 (in mộc bản 1916)	nlvnpf-0059-017	data/LucVanTien1916/pages/images/nlvnpf-0059-017.jpg	15	7	2	data/LucVanTien1916/patches/nlvnpf-0059-017.jpg_7_2.jpg	data/LucVanTien1916/patches_preprocessed/val/nlvnpf-0059-017.jpg_7_2.jpg	val	94.1,145.0,36.0,530.1	𠬠𠇮芒笈麻𠫾役之	U+20B20 U+201EE U+8292 U+7B08 U+9EBB U+20AFE U+5F79 U+4E4B	8	Một mình mang cặp mà đi việc gì?	8	1	𠬠𠇮芒笈麻𠫾役之	1
LucVanTien1916	nlvnpf-0059 (in mộc bản 1916)	nlvnpf-0059-017	data/LucVanTien1916/pages/images/nlvnpf-0059-017.jpg	16	8	1	data/LucVanTien1916/patches/nlvnpf-0059-017.jpg_8_1.jpg	data/LucVanTien1916/patches_preprocessed/train/nlvnpf-0059-017.jpg_8_1.jpg	train	56.1,142.2,37.6,538.1	答浪些拱𠖈詩	U+7B54 U+6D6A U+4E9B U+62F1 U+20588 U+8A69	6	Ðáp rằng ta cũng xuống thi	6	1	答浪些拱𠖈詩	1
LucVanTien1916	nlvnpf-0059 (in mộc bản 1916)	nlvnpf-0059-017	data/LucVanTien1916/pages/images/nlvnpf-0059-017.jpg	17	8	2	data/LucVanTien1916/patches/nlvnpf-0059-017.jpg_8_2.jpg	data/LucVanTien1916/patches_preprocessed/train/nlvnpf-0059-017.jpg_8_2.jpg	train	56.1,142.2,37.6,538.1	漢明姓字水支圭茄	U+6F22 U+660E U+59D3 U+5B57 U+6C34 U+652F U+572D U+8304	8	Hán Minh tính tự , Thuỷ Chi quê nhà	9	0	漢明姓字水支圭茄	1
LucVanTien1916	nlvnpf-0059 (in mộc bản 1916)	nlvnpf-0059-017	data/LucVanTien1916/pages/images/nlvnpf-0059-017.jpg	18	9	1	data/LucVanTien1916/patches/nlvnpf-0059-017.jpg_9_1.jpg	data/LucVanTien1916/patches_preprocessed/train/nlvnpf-0059-017.jpg_9_1.jpg	train	23.2,144.8,31.2,534.2	云仙別理正邪	U+4E91 U+4ED9 U+5225 U+7406 U+6B63 U+90AA	6	Vân Tiên biết lẽ chính tà	6	1	云仙別理正邪	1
LucVanTien1916	nlvnpf-0059 (in mộc bản 1916)	nlvnpf-0059-017	data/LucVanTien1916/pages/images/nlvnpf-0059-017.jpg	19	9	2	data/LucVanTien1916/patches/nlvnpf-0059-017.jpg_9_2.jpg	data/LucVanTien1916/patches_preprocessed/train/nlvnpf-0059-017.jpg_9_2.jpg	train	23.2,144.8,31.2,534.2	係󰑼異相乙󰑼才高	U+4FC2 U+F047C U+7570 U+76F8 U+4E59 U+F047C U+624D U+9AD8	8	Hễ là dị tướng ắt là tài cao	8	1	係󰑼異相乙󰑼才高	1
LucVanTien1916	nlvnpf-0059 (in mộc bản 1916)	nlvnpf-0059-018	data/LucVanTien1916/pages/images/nlvnpf-0059-018.jpg	0	0	1	data/LucVanTien1916/patches/nlvnpf-0059-018.jpg_0_1.jpg	data/LucVanTien1916/patches_preprocessed/train/nlvnpf-0059-018.jpg_0_1.jpg	train	433.0,142.3,36.4,536.2	𡦂浪朋友之交	U+21982 U+6D6A U+670B U+53CB U+4E4B U+4EA4	6	Chữ rằng bằng hữu chi giao	6	1	𡦂浪朋友之交	1
LucVanTien1916	nlvnpf-0059 (in mộc bản 1916)	nlvnpf-0059-018	data/LucVanTien1916/pages/images/nlvnpf-0059-018.jpg	1	0	2	data/LucVanTien1916/patches/nlvnpf-0059-018.jpg_0_2.jpg	data/LucVanTien1916/patches_preprocessed/val/nlvnpf-0059-018.jpg_0_2.jpg	val	433.0,142.3,36.4,536.2	情箕㐌﨤理芇爫𢗃	U+60C5 U+7B95 U+340C U+FA24 U+7406 U+8287 U+722B U+225C3	8	Tình kia đã gặp lẽ nào làm khuâỷ	8	1	情箕㐌﨤理芇爫𢗃	1
LucVanTien1916	nlvnpf-0059 (in mộc bản 1916)	nlvnpf-0059-018	data/LucVanTien1916/pages/images/nlvnpf-0059-018.jpg	2	1	1	data/LucVanTien1916/patches/nlvnpf-0059-018.jpg_1_1.jpg	data/LucVanTien1916/patches_preprocessed/train/nlvnpf-0059-018.jpg_1_1.jpg	train	392.8,145.0,38.3,532.2	𨑗棱𧯶易𠬠核	U+28457 U+68F1 U+27BF6 U+6613 U+20B20 U+6838	6	Trên rừng há dễ một cây	6	1	𨑗棱𧯶易𠬠核	1
LucVanTien1916	nlvnpf-0059 (in mộc bản 1916)	nlvnpf-0059-018	data/LucVanTien1916/pages/images/nlvnpf-0059-018.jpg	3	1	2	data/LucVanTien1916/patches/nlvnpf-0059-018.jpg_1_2.jpg	data/LucVanTien1916/patches_preprocessed/train/nlvnpf-0059-018.jpg_1_2.jpg	train	392.8,145.0,38.3,532.2	悶朱固妬固低森𡆫	U+60B6 U+6731 U+56FA U+59AC U+56FA U+4F4E U+68EE U+211AB	8	Muốn cho có đó có đây xum vầy	8	1	悶朱固妬固低森𡆫	1
LucVanTien1916	nlvnpf-0059 (in mộc bản 1916)	nlvnpf-0059-018	data/LucVanTien1916/pages/images/nlvnpf-0059-018.jpg	4	2	1	data/LucVanTien1916/patches/nlvnpf-0059-018.jpg_2_1.jpg	data/LucVanTien1916/patches_preprocessed/train/nlvnpf-0059-018.jpg_2_1.jpg	train	356.5,144.0,38.8,535.7	箕尼庙宇𧵆低	U+7B95 U+5C3C U+5E99 U+5B87 U+27D46 U+4F4E	6	Kia nơi miếu vũ gần đây	6	1	箕尼庙宇𧵆低	1
LucVanTien1916	nlvnpf-0059 (in mộc bản 1916)	nlvnpf-0059-018	data/LucVanTien1916/pages/images/nlvnpf-0059-018.jpg	5	2	2	data/LucVanTien1916/patches/nlvnpf-0059-018.jpg_2_2.jpg	data/LucVanTien1916/patches_preprocessed/val/nlvnpf-0059-018.jpg_2_2.jpg	val	356.5,144.0,38.8,535.7	𠄩些𠓨妬𢬥𢬣卞𡎢	U+20129 U+4E9B U+204E8 U+59AC U+22B25 U+22B23 U+535E U+213A2	8	Hai ta vào đó giang tay bèn ngồi	8	1	𠄩些𠓨妬𢬥𢬣卞𡎢	1
LucVanTien1916	nlvnpf-0059 (in mộc bản 1916)	nlvnpf-0059-018	data/LucVanTien1916/pages/images/nlvnpf-0059-018.jpg	6	3	1	data/LucVanTien1916/patches/nlvnpf-0059-018.jpg_3_1.jpg	data/LucVanTien1916/patches_preprocessed/train/nlvnpf-0059-018.jpg_3_1.jpg	train	319.8,145.8,38.0,535.0	共饒排户𠸜耒	U+5171 U+9952 U+6392 U+6237 U+20E1C U+8012	6	Cùng nhau bày họ tên rồi	6	1	共饒排户𠸜耒	1
LucVanTien1916	nlvnpf-0059 (in mộc bản 1916)	nlvnpf-0059-018	data/LucVanTien1916/pages/images/nlvnpf-0059-018.jpg	7	3	2	data/LucVanTien1916/patches/nlvnpf-0059-018.jpg_3_2.jpg	data/LucVanTien1916/patches_preprocessed/train/nlvnpf-0059-018.jpg_3_2.jpg	train	319.8,145.8,38.0,535.0	謝辞庙宇卞𨆢𦋦塘	U+8B1D U+8F9E U+5E99 U+5B87 U+535E U+281A2 U+262E6 U+5858	8	Tạ từ miếu vũ bèn lui ra đường	8	1	謝辞庙宇卞𨆢𦋦塘	1
LucVanTien1916	nlvnpf-0059 (in mộc bản 1916)	nlvnpf-0059-018	data/LucVanTien1916/pages/images/nlvnpf-0059-018.jpg	8	4	1	data/LucVanTien1916/patches/nlvnpf-0059-018.jpg_4_1.jpg	data/LucVanTien1916/patches_preprocessed/train/nlvnpf-0059-018.jpg_4_1.jpg	train	280.9,147.6,37.5,533.2	漢明𠫾畧就塲	U+6F22 U+660E U+20AFE U+7567 U+5C31 U+5872	6	Hán Minh đi trước tựu trường	6	1	漢明𠫾畧就塲	1
LucVanTien1916	nlvnpf-0059 (in mộc bản 1916)	nlvnpf-0059-018	data/LucVanTien1916/pages/images/nlvnpf-0059-018.jpg	9	4	2	data/LucVanTien1916/patches/nlvnpf-0059-018.jpg_4_2.jpg	data/LucVanTien1916/patches_preprocessed/val/nlvnpf-0059-018.jpg_4_2.jpg	val	280.9,147.6,37.5,533.2	云仙群唉囬鄕咏茄	U+4E91 U+4ED9 U+7FA4 U+5509 U+56EC U+9115 U+548F U+8304	8	Vân Tiên còn hãy hồi hương viếng nhà	8	1	云仙群唉囬鄕咏茄	1
LucVanTien1916	nlvnpf-0059 (in mộc bản 1916)	nlvnpf-0059-018	data/LucVanTien1916/pages/images/nlvnpf-0059-018.jpg	10	5	1	data/LucVanTien1916/patches/nlvnpf-0059-018.jpg_5_1.jpg	data/LucVanTien1916/patches_preprocessed/train/nlvnpf-0059-018.jpg_5_1.jpg	train	240.9,150.1,40.6,532.0	𢜠浪𫢩𧡊昆些	U+22720 U+6D6A U+2B8A9 U+2784A U+6606 U+4E9B	6	Mừng rằng: Nay thấy con ta	6	1	𢜠浪𫢩𧡊昆些	1
LucVanTien1916	nlvnpf-0059 (in mộc bản 1916)	nlvnpf-0059-018	data/LucVanTien1916/pages/images/nlvnpf-0059-018.jpg	11	5	2	data/LucVanTien1916/patches/nlvnpf-0059-018.jpg_5_2.jpg	data/LucVanTien1916/patches_preprocessed/train/nlvnpf-0059-018.jpg_5_2.jpg	train	240.9,150.1,40.6,532.0	吒𫅷仍想媄𫅷仍𬂙	U+5412 U+2B177 U+4ECD U+60F3 U+5A84 U+2B177 U+4ECD U+2C099	8	Cha già những tưởng, mẹ già những trông	8	1	吒𫅷仍想媄𫅷仍𬂙	1
LucVanTien1916	nlvnpf-0059 (in mộc bản 1916)	nlvnpf-0059-018	data/LucVanTien1916/pages/images/nlvnpf-0059-018.jpg	12	6	1	data/LucVanTien1916/patches/nlvnpf-0059-018.jpg_6_1.jpg	data/LucVanTien1916/patches_preprocessed/train/nlvnpf-0059-018.jpg_6_1.jpg	train	200.6,149.5,38.6,533.2	闭𥹰畑册固功	U+95ED U+25E70 U+7551 U+518C U+56FA U+529F	6	Bấy lâu đèn sách có công	6	1	闭𥹰畑册固功	1
LucVanTien1916	nlvnpf-0059 (in mộc bản 1916)	nlvnpf-0059-018	data/LucVanTien1916/pages/images/nlvnpf-0059-018.jpg	13	6	2	data/LucVanTien1916/patches/nlvnpf-0059-018.jpg_6_2.jpg	data/LucVanTien1916/patches_preprocessed/val/nlvnpf-0059-018.jpg_6_2.jpg	val	200.6,149.5,38.6,533.2	昆它𢧚𡦂䘮蓬󰠃庒	U+6606 U+5B83 U+229DA U+21982 U+462E U+84EC U+F0803 U+5E92	8	Con đà nên chữ tang bồng cùng chăng?	8	1	昆它𢧚𡦂䘮蓬󰠃庒	1
LucVanTien1916	nlvnpf-0059 (in mộc bản 1916)	nlvnpf-0059-018	data/LucVanTien1916/pages/images/nlvnpf-0059-018.jpg	14	7	1	data/LucVanTien1916/patches/nlvnpf-0059-018.jpg_7_1.jpg	data/LucVanTien1916/patches_preprocessed/train/nlvnpf-0059-018.jpg_7_1.jpg	train	164.6,151.3,35.7,532.1	云仙逵󱖺䜹浪	U+4E91 U+4ED9 U+9035 U+F15BA U+4739 U+6D6A	6	Vân Tiên quỳ gối thưa rằng:	6	1	云仙逵󱖺䜹浪	1
LucVanTien1916	nlvnpf-0059 (in mộc bản 1916)	nlvnpf-0059-018	data/LucVanTien1916/pages/images/nlvnpf-0059-018.jpg	15	7	2	data/LucVanTien1916/patches/nlvnpf-0059-018.jpg_7_2.jpg	data/LucVanTien1916/patches_preprocessed/train/nlvnpf-0059-018.jpg_7_2.jpg	train	164.6,151.3,35.7,532.1	庒欣几古󰠃朋𠊛今	U+5E92 U+6B23 U+51E0 U+53E4 U+F0803 U+670B U+2029B U+4ECA	8	Chẳng hơn kẻ cổ cũng bằng người kim	8	1	庒欣几古󰠃朋𠊛今	1
LucVanTien1916	nlvnpf-0059 (in mộc bản 1916)	nlvnpf-0059-018	data/LucVanTien1916/pages/images/nlvnpf-0059-018.jpg	16	8	1	data/LucVanTien1916/patches/nlvnpf-0059-018.jpg_8_1.jpg	data/LucVanTien1916/patches_preprocessed/train/nlvnpf-0059-018.jpg_8_1.jpg	train	128.5,152.5,38.2,532.2	敢吀父母安心	U+6562 U+5400 U+7236 U+6BCD U+5B89 U+5FC3	6	Dám xin phụ mẫu an tâm	6	1	敢吀父母安心	1
LucVanTien1916	nlvnpf-0059 (in mộc bản 1916)	nlvnpf-0059-018	data/LucVanTien1916/pages/images/nlvnpf-0059-018.jpg	17	8	2	data/LucVanTien1916/patches/nlvnpf-0059-018.jpg_8_2.jpg	data/LucVanTien1916/patches_preprocessed/val/nlvnpf-0059-018.jpg_8_2.jpg	val	128.5,152.5,38.2,532.2	鄧昆呂女袄𩚵朱耒	U+9127 U+6606 U+5442 U+5973 U+8884 U+296B5 U+6731 U+8012	8	Ðặng con trả nợ áo cơm cho rồi	8	1	鄧昆呂女袄𩚵朱耒	1
LucVanTien1916	nlvnpf-0059 (in mộc bản 1916)	nlvnpf-0059-018	data/LucVanTien1916/pages/images/nlvnpf-0059-018.jpg	18	9	1	data/LucVanTien1916/patches/nlvnpf-0059-018.jpg_9_1.jpg	data/LucVanTien1916/patches_preprocessed/train/nlvnpf-0059-018.jpg_9_1.jpg	train	93.3,153.7,36.8,529.6	双親𦖑呐𢚸盃	U+53CC U+89AA U+26591 U+5450 U+226B8 U+76C3	6	Song thân nghe nói lòng vui	6	1	双親𦖑呐𢚸盃	1
LucVanTien1916	nlvnpf-0059 (in mộc bản 1916)	nlvnpf-0059-018	data/LucVanTien1916/pages/images/nlvnpf-0059-018.jpg	19	9	2	data/LucVanTien1916/patches/nlvnpf-0059-018.jpg_9_2.jpg	data/LucVanTien1916/patches_preprocessed/val/nlvnpf-0059-018.jpg_9_2.jpg	val	93.3,153.7,36.8,529.6	吏卢𡽫渃賖吹𠦳重	U+540F U+5362 U+21F6B U+6E03 U+8CD6 U+5439 U+209B3 U+91CD	8	Lại lo non nước xa xôi nghìn trùng	8	1	吏卢𡽫渃賖吹𠦳重	1
LucVanTien1916	nlvnpf-0059 (in mộc bản 1916)	nlvnpf-0059-019	data/LucVanTien1916/pages/images/nlvnpf-0059-019.jpg	0	0	1	data/LucVanTien1916/patches/nlvnpf-0059-019.jpg_0_1.jpg	data/LucVanTien1916/patches_preprocessed/train/nlvnpf-0059-019.jpg_0_1.jpg	train	366.7,147.8,34.2,526.0	朱𠫾𠬠妸小童	U+6731 U+20AFE U+20B20 U+59B8 U+5C0F U+7AE5	6	Cho đi một gã tiểu đồng	6	1	朱𠫾𠬠妸小童	1
LucVanTien1916	nlvnpf-0059 (in mộc bản 1916)	nlvnpf-0059-019	data/LucVanTien1916/pages/images/nlvnpf-0059-019.jpg	1	0	2	data/LucVanTien1916/patches/nlvnpf-0059-019.jpg_0_2.jpg	data/LucVanTien1916/patches_preprocessed/val/nlvnpf-0059-019.jpg_0_2.jpg	val	366.7,147.8,34.2,526.0	曰书𠬠幅吲󰠃云仙	U+66F0 U+4E66 U+20B20 U+5E45 U+5432 U+F0803 U+4E91 U+4ED9	8	Viết thư một bức dặn cùng Vân Tiên	8	1	曰书𠬠幅吲󰠃云仙	1
LucVanTien1916	nlvnpf-0059 (in mộc bản 1916)	nlvnpf-0059-019	data/LucVanTien1916/pages/images/nlvnpf-0059-019.jpg	2	1	1	data/LucVanTien1916/patches/nlvnpf-0059-019.jpg_1_1.jpg	data/LucVanTien1916/patches_preprocessed/train/nlvnpf-0059-019.jpg_1_1.jpg	train	328.3,146.0,36.1,529.6	畧它定𡦂良縁	U+7567 U+5B83 U+5B9A U+21982 U+826F U+7E01	6	Trước đà định chữ lương duyên	6	1	畧它定𡦂良縁	1
LucVanTien1916	nlvnpf-0059 (in mộc bản 1916)	nlvnpf-0059-019	data/LucVanTien1916/pages/images/nlvnpf-0059-019.jpg	3	1	2	data/LucVanTien1916/patches/nlvnpf-0059-019.jpg_1_2.jpg	data/LucVanTien1916/patches_preprocessed/train/nlvnpf-0059-019.jpg_1_2.jpg	train	328.3,146.0,36.1,529.6	昆官休致扵沔寒江	U+6606 U+5B98 U+4F11 U+81F4 U+6275 U+6C94 U+5BD2 U+6C5F	8	Con quan hưu trí ở miền Hàn Giang	8	1	昆官休致扵沔寒江	1
LucVanTien1916	nlvnpf-0059 (in mộc bản 1916)	nlvnpf-0059-019	data/LucVanTien1916/pages/images/nlvnpf-0059-019.jpg	4	2	1	data/LucVanTien1916/patches/nlvnpf-0059-019.jpg_2_1.jpg	data/LucVanTien1916/patches_preprocessed/train/nlvnpf-0059-019.jpg_2_1.jpg	train	288.6,148.1,37.1,530.1	昆𠊛󰑼武彩鵉	U+6606 U+2029B U+F047C U+6B66 U+5F69 U+9D49	6	Con người là Võ Thái Loan	6	1	昆𠊛󰑼武彩鵉	1
LucVanTien1916	nlvnpf-0059 (in mộc bản 1916)	nlvnpf-0059-019	data/LucVanTien1916/pages/images/nlvnpf-0059-019.jpg	5	2	2	data/LucVanTien1916/patches/nlvnpf-0059-019.jpg_2_2.jpg	data/LucVanTien1916/patches_preprocessed/train/nlvnpf-0059-019.jpg_2_2.jpg	train	288.6,148.1,37.1,530.1	歲𣃣𠄩𬙞容顔𠼦麻	U+6B72 U+230E3 U+20129 U+2C65E U+5BB9 U+9854 U+20F26 U+9EBB	8	Tuổi vừa hai bảy dung nhan mặn mà	8	1	歲𣃣𠄩𬙞容顔𠼦麻	1
LucVanTien1916	nlvnpf-0059 (in mộc bản 1916)	nlvnpf-0059-019	data/LucVanTien1916/pages/images/nlvnpf-0059-019.jpg	6	3	1	data/LucVanTien1916/patches/nlvnpf-0059-019.jpg_3_1.jpg	data/LucVanTien1916/patches_preprocessed/train/nlvnpf-0059-019.jpg_3_1.jpg	train	253.0,147.6,37.7,531.7	𡦂浪胡越一家	U+21982 U+6D6A U+80E1 U+8D8A U+4E00 U+5BB6	6	Chữ rằng Hồ Việt nhất gia	6	1	𡦂浪胡越一家	1
LucVanTien1916	nlvnpf-0059 (in mộc bản 1916)	nlvnpf-0059-019	data/LucVanTien1916/pages/images/nlvnpf-0059-019.jpg	7	3	2	data/LucVanTien1916/patches/nlvnpf-0059-019.jpg_3_2.jpg	data/LucVanTien1916/patches_preprocessed/val/nlvnpf-0059-019.jpg_3_2.jpg	val	253.0,147.6,37.7,531.7	昆𠫾細妬𢭂戈书尼	U+6606 U+20AFE U+7D30 U+59AC U+22B42 U+6208 U+4E66 U+5C3C	8	Con đi tới đó trao qua thư này	8	1	昆𠫾細妬𢭂戈书尼	1
LucVanTien1916	nlvnpf-0059 (in mộc bản 1916)	nlvnpf-0059-019	data/LucVanTien1916/pages/images/nlvnpf-0059-019.jpg	8	4	1	data/LucVanTien1916/patches/nlvnpf-0059-019.jpg_4_1.jpg	data/LucVanTien1916/patches_preprocessed/train/nlvnpf-0059-019.jpg_4_1.jpg	train	212.7,150.5,38.4,528.8	昆油𨀈鄧湯𩄲	U+6606 U+6CB9 U+28008 U+9127 U+6E6F U+29132	6	Con dầu bước đặng thang mây	6	1	昆油𨀈鄧湯𩄲	1
LucVanTien1916	nlvnpf-0059 (in mộc bản 1916)	nlvnpf-0059-019	data/LucVanTien1916/pages/images/nlvnpf-0059-019.jpg	9	4	2	data/LucVanTien1916/patches/nlvnpf-0059-019.jpg_4_2.jpg	data/LucVanTien1916/patches_preprocessed/val/nlvnpf-0059-019.jpg_4_2.jpg	val	212.7,150.5,38.4,528.8	󰡎嗔㐌産固𦀊絲紅	U+F084E U+55D4 U+340C U+7523 U+56FA U+2600A U+7D72 U+7D05	8	Dưới xin sẵn có dây tơ hồng	7	0	󰡎嗔㐌産固𦀊絲紅	1
LucVanTien1916	nlvnpf-0059 (in mộc bản 1916)	nlvnpf-0059-019	data/LucVanTien1916/pages/images/nlvnpf-0059-019.jpg	10	5	1	data/LucVanTien1916/patches/nlvnpf-0059-019.jpg_5_1.jpg	data/LucVanTien1916/patches_preprocessed/train/nlvnpf-0059-019.jpg_5_1.jpg	train	172.6,153.1,37.0,527.4	双親吲保𣃣衝	U+53CC U+89AA U+5432 U+4FDD U+230E3 U+885D	6	Song thân dặn bảo vừa xong	6	1	双親吲保𣃣衝	1
LucVanTien1916	nlvnpf-0059 (in mộc bản 1916)	nlvnpf-0059-019	data/LucVanTien1916/pages/images/nlvnpf-0059-019.jpg	11	5	2	data/LucVanTien1916/patches/nlvnpf-0059-019.jpg_5_2.jpg	data/LucVanTien1916/patches_preprocessed/val/nlvnpf-0059-019.jpg_5_2.jpg	val	172.6,153.1,37.0,527.4	云仙󰠃妸小童移蹎	U+4E91 U+4ED9 U+F0803 U+59B8 U+5C0F U+7AE5 U+79FB U+8E4E	8	Vân Tiên cùng gã tiểu đồng dời chân	8	1	云仙󰠃妸小童移蹎	1
LucVanTien1916	nlvnpf-0059 (in mộc bản 1916)	nlvnpf-0059-019	data/LucVanTien1916/pages/images/nlvnpf-0059-019.jpg	12	6	1	data/LucVanTien1916/patches/nlvnpf-0059-019.jpg_6_1.jpg	data/LucVanTien1916/patches_preprocessed/train/nlvnpf-0059-019.jpg_6_1.jpg	train	135.6,149.5,39.0,531.6	𬂙澄買淡䦕山	U+2C099 U+6F84 U+8CB7 U+6DE1 U+4995 U+5C71	6	Trông chừng mấy dặm quan sơn	6	1	𬂙澄買淡䦕山	1
LucVanTien1916	nlvnpf-0059 (in mộc bản 1916)	nlvnpf-0059-019	data/LucVanTien1916/pages/images/nlvnpf-0059-019.jpg	13	6	2	data/LucVanTien1916/patches/nlvnpf-0059-019.jpg_6_2.jpg	data/LucVanTien1916/patches_preprocessed/train/nlvnpf-0059-019.jpg_6_2.jpg	train	135.6,149.5,39.0,531.6	𩙌西𣈙㐌迻春創夏	U+2964C U+897F U+23219 U+340C U+8FFB U+6625 U+5275 U+590F	8	Gió Tây rày đã đưa xuân sang hè	8	1	𩙌西𣈙㐌迻春創夏	1
LucVanTien1916	nlvnpf-0059 (in mộc bản 1916)	nlvnpf-0059-019	data/LucVanTien1916/pages/images/nlvnpf-0059-019.jpg	14	7	1	data/LucVanTien1916/patches/nlvnpf-0059-019.jpg_7_1.jpg	data/LucVanTien1916/patches_preprocessed/train/nlvnpf-0059-019.jpg_7_1.jpg	train	99.5,146.6,36.6,533.9	盆䀡淡柳塘槐	U+76C6 U+4021 U+6DE1 U+67F3 U+5858 U+69D0	6	Buồn xem dặm liễu đường hòe	6	1	盆䀡淡柳塘槐	1
LucVanTien1916	nlvnpf-0059 (in mộc bản 1916)	nlvnpf-0059-019	data/LucVanTien1916/pages/images/nlvnpf-0059-019.jpg	15	7	2	data/LucVanTien1916/patches/nlvnpf-0059-019.jpg_7_2.jpg	data/LucVanTien1916/patches_preprocessed/train/nlvnpf-0059-019.jpg_7_2.jpg	train	99.5,146.6,36.6,533.9	信蜂魚菫㗂蟡󰠓𠼪	U+4FE1 U+8702 U+9B5A U+83EB U+35C2 U+87E1 U+F0813 U+20F2A	8	Tin ong ngơ ngẩn ve vang dầỵ	7	0	信蜂魚菫㗂蟡󰠓𠼪	1
LucVanTien1916	nlvnpf-0059 (in mộc bản 1916)	nlvnpf-0059-019	data/LucVanTien1916/pages/images/nlvnpf-0059-019.jpg	16	8	1	data/LucVanTien1916/patches/nlvnpf-0059-019.jpg_8_1.jpg	data/LucVanTien1916/patches_preprocessed/train/nlvnpf-0059-019.jpg_8_1.jpg	train	62.5,147.9,35.4,534.5	盆䀡渃奴𡽫尼	U+76C6 U+4021 U+6E03 U+5974 U+21F6B U+5C3C	6	Buồn xem nước nọ non này	6	1	盆䀡渃奴𡽫尼	1
LucVanTien1916	nlvnpf-0059 (in mộc bản 1916)	nlvnpf-0059-019	data/LucVanTien1916/pages/images/nlvnpf-0059-019.jpg	17	8	2	data/LucVanTien1916/patches/nlvnpf-0059-019.jpg_8_2.jpg	data/LucVanTien1916/patches_preprocessed/train/nlvnpf-0059-019.jpg_8_2.jpg	train	62.5,147.9,35.4,534.5	渃滈㳥演𡽫𡆫𥒥高	U+6E03 U+6EC8 U+3CE5 U+6F14 U+21F6B U+211AB U+254A5 U+9AD8	8	Nước xao dợn, non vầy đá cao	7	0	渃滈㳥演𡽫𡆫𥒥高	1
LucVanTien1916	nlvnpf-0059 (in mộc bản 1916)	nlvnpf-0059-019	data/LucVanTien1916/pages/images/nlvnpf-0059-019.jpg	18	9	1	data/LucVanTien1916/patches/nlvnpf-0059-019.jpg_9_1.jpg	data/LucVanTien1916/patches_preprocessed/train/nlvnpf-0059-019.jpg_9_1.jpg	train	22.6,147.2,38.3,535.7	𥒅戈買𩈘別芇	U+25485 U+6208 U+8CB7 U+29218 U+5225 U+8287	6	Trải qua mấy mặt biết nào	6	1	𥒅戈買𩈘別芇	1
LucVanTien1916	nlvnpf-0059 (in mộc bản 1916)	nlvnpf-0059-019	data/LucVanTien1916/pages/images/nlvnpf-0059-019.jpg	19	9	2	data/LucVanTien1916/patches/nlvnpf-0059-019.jpg_9_2.jpg	data/LucVanTien1916/patches_preprocessed/train/nlvnpf-0059-019.jpg_9_2.jpg	train	22.6,147.2,38.3,535.7	𨑗梗𪀄呐𠖈𬇚󰠩唭	U+28457 U+6897 U+2A004 U+5450 U+20588 U+2C1DA U+F0829 U+552D	8	Trên cành chim nói, xuống ao cá cười	8	1	𨑗梗𪀄呐𠖈𬇚󰠩唭	1
LucVanTien1916	nlvnpf-0059 (in mộc bản 1916)	nlvnpf-0059-020	data/LucVanTien1916/pages/images/nlvnpf-0059-020.jpg	0	0	1	data/LucVanTien1916/patches/nlvnpf-0059-020.jpg_0_1.jpg	data/LucVanTien1916/patches_preprocessed/train/nlvnpf-0059-020.jpg_0_1.jpg	train	428.1,145.4,39.1,537.0	󰠵戈堆森景𠊛	U+F0835 U+6208 U+5806 U+68EE U+666F U+2029B	6	Trải qua đồi rậm cảnh người	6	1	󰠵戈堆森景𠊛	1
LucVanTien1916	nlvnpf-0059 (in mộc bản 1916)	nlvnpf-0059-020	data/LucVanTien1916/pages/images/nlvnpf-0059-020.jpg	1	0	2	data/LucVanTien1916/patches/nlvnpf-0059-020.jpg_0_2.jpg	data/LucVanTien1916/patches_preprocessed/train/nlvnpf-0059-020.jpg_0_2.jpg	train	428.1,145.4,39.1,537.0	景撑如𡳒𠊛鮮如𬁻	U+666F U+6491 U+5982 U+21CD2 U+2029B U+9BAE U+5982 U+2C07B	8	Cảnh xinh như vẽ, người tươi như giồi	8	1	景撑如𡳒𠊛鮮如𬁻	1
LucVanTien1916	nlvnpf-0059 (in mộc bản 1916)	nlvnpf-0059-020	data/LucVanTien1916/pages/images/nlvnpf-0059-020.jpg	2	1	1	data/LucVanTien1916/patches/nlvnpf-0059-020.jpg_1_1.jpg	data/LucVanTien1916/patches_preprocessed/train/nlvnpf-0059-020.jpg_1_1.jpg	train	391.1,145.2,39.6,536.6	寒江丿㐌細耒	U+5BD2 U+6C5F U+4E3F U+340C U+7D30 U+8012	6	Hàn Giang phút đã tới rồi	6	1	寒江丿㐌細耒	1
LucVanTien1916	nlvnpf-0059 (in mộc bản 1916)	nlvnpf-0059-020	data/LucVanTien1916/pages/images/nlvnpf-0059-020.jpg	3	1	2	data/LucVanTien1916/patches/nlvnpf-0059-020.jpg_1_2.jpg	data/LucVanTien1916/patches_preprocessed/train/nlvnpf-0059-020.jpg_1_2.jpg	train	391.1,145.2,39.6,536.6	云仙暫住𠬠囬𢭂书	U+4E91 U+4ED9 U+66AB U+4F4F U+20B20 U+56EC U+22B42 U+4E66	8	Vân Tiên tạm trú một hồi trao thư	8	1	云仙暫住𠬠囬𢭂书	1
LucVanTien1916	nlvnpf-0059 (in mộc bản 1916)	nlvnpf-0059-020	data/LucVanTien1916/pages/images/nlvnpf-0059-020.jpg	4	2	1	data/LucVanTien1916/patches/nlvnpf-0059-020.jpg_2_1.jpg	data/LucVanTien1916/patches_preprocessed/train/nlvnpf-0059-020.jpg_2_1.jpg	train	353.2,146.0,40.1,535.7	武公䀡𧡊信书	U+6B66 U+516C U+4021 U+2784A U+4FE1 U+4E66	6	Võ công xem thấy tin thư	6	1	武公䀡𧡊信书	1
LucVanTien1916	nlvnpf-0059 (in mộc bản 1916)	nlvnpf-0059-020	data/LucVanTien1916/pages/images/nlvnpf-0059-020.jpg	5	2	2	data/LucVanTien1916/patches/nlvnpf-0059-020.jpg_2_2.jpg	data/LucVanTien1916/patches_preprocessed/train/nlvnpf-0059-020.jpg_2_2.jpg	train	353.2,146.0,40.1,535.7	𢜠縁琴瑟䋦絲鄧連	U+22720 U+7E01 U+7434 U+745F U+42E6 U+7D72 U+9127 U+9023	8	Mừng duyên cầm sắt mối tơ đặng liền	8	1	𢜠縁琴瑟䋦絲鄧連	1
LucVanTien1916	nlvnpf-0059 (in mộc bản 1916)	nlvnpf-0059-020	data/LucVanTien1916/pages/images/nlvnpf-0059-020.jpg	6	3	1	data/LucVanTien1916/patches/nlvnpf-0059-020.jpg_3_1.jpg	data/LucVanTien1916/patches_preprocessed/train/nlvnpf-0059-020.jpg_3_1.jpg	train	317.4,148.2,35.7,534.8	䀡戈相貌云仙	U+4021 U+6208 U+76F8 U+8C8C U+4E91 U+4ED9	6	Xem qua tướng mạo Vân Tiên	6	1	䀡戈相貌云仙	1
LucVanTien1916	nlvnpf-0059 (in mộc bản 1916)	nlvnpf-0059-020	data/LucVanTien1916/pages/images/nlvnpf-0059-020.jpg	7	3	2	data/LucVanTien1916/patches/nlvnpf-0059-020.jpg_3_2.jpg	data/LucVanTien1916/patches_preprocessed/train/nlvnpf-0059-020.jpg_3_2.jpg	train	317.4,148.2,35.7,534.8	呵𠸦户陸福䝨生昆	U+5475 U+20E26 U+6237 U+9678 U+798F U+4768 U+751F U+6606	8	Khá khen họ Lục phước hiền sinh con	8	1	呵𠸦户陸福䝨生昆	1
LucVanTien1916	nlvnpf-0059 (in mộc bản 1916)	nlvnpf-0059-020	data/LucVanTien1916/pages/images/nlvnpf-0059-020.jpg	8	4	1	data/LucVanTien1916/patches/nlvnpf-0059-020.jpg_4_1.jpg	data/LucVanTien1916/patches_preprocessed/train/nlvnpf-0059-020.jpg_4_1.jpg	train	280.6,148.2,37.1,535.4	眉蠶𬑉鳳𠶣崙	U+7709 U+8836 U+2C449 U+9CF3 U+20DA3 U+5D19	6	Mày tằm, mắt phụng, môi son	6	1	眉蠶𬑉鳳𠶣崙	1
LucVanTien1916	nlvnpf-0059 (in mộc bản 1916)	nlvnpf-0059-020	data/LucVanTien1916/pages/images/nlvnpf-0059-020.jpg	9	4	2	data/LucVanTien1916/patches/nlvnpf-0059-020.jpg_4_2.jpg	data/LucVanTien1916/patches_preprocessed/train/nlvnpf-0059-020.jpg_4_2.jpg	train	280.6,148.2,37.1,535.4	𨑮分骨格𣃱𧷺𨑮分	U+2846E U+5206 U+9AA8 U+683C U+230F1 U+27DFA U+2846E U+5206	8	Mười phần cốt cách vuông tròn mười phân	8	1	𨑮分骨格𣃱𧷺𨑮分	1
LucVanTien1916	nlvnpf-0059 (in mộc bản 1916)	nlvnpf-0059-020	data/LucVanTien1916/pages/images/nlvnpf-0059-020.jpg	10	5	1	data/LucVanTien1916/patches/nlvnpf-0059-020.jpg_5_1.jpg	data/LucVanTien1916/patches_preprocessed/train/nlvnpf-0059-020.jpg_5_1.jpg	train	239.6,152.3,41.9,527.8	仍𠲖几晋𠊛秦	U+4ECD U+20C96 U+51E0 U+664B U+2029B U+79E6	6	Những e kẻ Tấn người Tần	6	1	仍𠲖几晋𠊛秦	1
LucVanTien1916	nlvnpf-0059 (in mộc bản 1916)	nlvnpf-0059-020	data/LucVanTien1916/pages/images/nlvnpf-0059-020.jpg	11	5	2	data/LucVanTien1916/patches/nlvnpf-0059-020.jpg_5_2.jpg	data/LucVanTien1916/patches_preprocessed/train/nlvnpf-0059-020.jpg_5_2.jpg	train	239.6,152.3,41.9,527.8	芇咍𡦂壻鄧連𡦂佳	U+8287 U+548D U+21982 U+58FB U+9127 U+9023 U+21982 U+4F73	8	Nào hay chữ rể đặng liền chữ giai	8	1	芇咍𡦂壻鄧連𡦂佳	1
LucVanTien1916	nlvnpf-0059 (in mộc bản 1916)	nlvnpf-0059-020	data/LucVanTien1916/pages/images/nlvnpf-0059-020.jpg	12	6	1	data/LucVanTien1916/patches/nlvnpf-0059-020.jpg_6_1.jpg	data/LucVanTien1916/patches_preprocessed/train/nlvnpf-0059-020.jpg_6_1.jpg	train	199.3,149.6,38.0,535.8	𥄮它𢢲胣和𠄩	U+2512E U+5B83 U+228B2 U+80E3 U+548C U+20129	6	Nhắm đà đẹp dạ hòa hai	6	1	𥄮它𢢲胣和𠄩	1
LucVanTien1916	nlvnpf-0059 (in mộc bản 1916)	nlvnpf-0059-020	data/LucVanTien1916/pages/images/nlvnpf-0059-020.jpg	13	6	2	data/LucVanTien1916/patches/nlvnpf-0059-020.jpg_6_2.jpg	data/LucVanTien1916/patches_preprocessed/train/nlvnpf-0059-020.jpg_6_2.jpg	train	199.3,149.6,38.0,535.8	尼妯南澗怒𤳆東麻	U+5C3C U+59AF U+5357 U+6F97 U+6012 U+24CC6 U+6771 U+9EBB	8	Nay dâu nam giản , nọ trai đông sàng	9	0	尼妯南澗怒𤳆東麻	1
LucVanTien1916	nlvnpf-0059 (in mộc bản 1916)	nlvnpf-0059-020	data/LucVanTien1916/pages/images/nlvnpf-0059-020.jpg	14	7	1	data/LucVanTien1916/patches/nlvnpf-0059-020.jpg_7_1.jpg	data/LucVanTien1916/patches_preprocessed/train/nlvnpf-0059-020.jpg_7_1.jpg	train	166.1,153.3,35.6,532.7	公浪𫢩󰒂壻郎	U+516C U+6D6A U+2B8A9 U+F0482 U+58FB U+90CE	6	Công rằng: Nay nghĩa rể sang	6	1	公浪𫢩󰒂壻郎	1
LucVanTien1916	nlvnpf-0059 (in mộc bản 1916)	nlvnpf-0059-020	data/LucVanTien1916/pages/images/nlvnpf-0059-020.jpg	15	7	2	data/LucVanTien1916/patches/nlvnpf-0059-020.jpg_7_2.jpg	data/LucVanTien1916/patches_preprocessed/train/nlvnpf-0059-020.jpg_7_2.jpg	train	166.1,153.3,35.6,532.7	悶卢役渃沛筭役茄	U+60B6 U+5362 U+5F79 U+6E03 U+6C9B U+7B6D U+5F79 U+8304	8	Muốn lo việc nước phải toan việc nhà.	8	1	悶卢役渃沛筭役茄	1
LucVanTien1916	nlvnpf-0059 (in mộc bản 1916)	nlvnpf-0059-020	data/LucVanTien1916/pages/images/nlvnpf-0059-020.jpg	16	8	1	data/LucVanTien1916/patches/nlvnpf-0059-020.jpg_8_1.jpg	data/LucVanTien1916/patches_preprocessed/train/nlvnpf-0059-020.jpg_8_1.jpg	train	126.4,150.1,40.4,535.4	仙浪𢘾量岳爺	U+4ED9 U+6D6A U+2263E U+91CF U+5CB3 U+723A	6	Tiên rằng: Nhờ lượng nhạc gia	6	1	仙浪𢘾量岳爺	1
LucVanTien1916	nlvnpf-0059 (in mộc bản 1916)	nlvnpf-0059-020	data/LucVanTien1916/pages/images/nlvnpf-0059-020.jpg	17	8	2	data/LucVanTien1916/patches/nlvnpf-0059-020.jpg_8_2.jpg	data/LucVanTien1916/patches_preprocessed/train/nlvnpf-0059-020.jpg_8_2.jpg	train	126.4,150.1,40.4,535.4	大科嗔及小科卢夷	U+5927 U+79D1 U+55D4 U+53CA U+5C0F U+79D1 U+5362 U+5937	8	Ðại khoa xin kịp, tiểu khoa lo gì	8	1	大科嗔及小科卢夷	1
LucVanTien1916	nlvnpf-0059 (in mộc bản 1916)	nlvnpf-0059-020	data/LucVanTien1916/pages/images/nlvnpf-0059-020.jpg	18	9	1	data/LucVanTien1916/patches/nlvnpf-0059-020.jpg_9_1.jpg	data/LucVanTien1916/patches_preprocessed/train/nlvnpf-0059-020.jpg_9_1.jpg	train	91.0,151.7,36.1,536.7	公浪昆篤𠖈詩	U+516C U+6D6A U+6606 U+7BE4 U+20588 U+8A69	6	Công rằng: Con dốc xuống thi	6	1	公浪昆篤𠖈詩	1
LucVanTien1916	nlvnpf-0059 (in mộc bản 1916)	nlvnpf-0059-020	data/LucVanTien1916/pages/images/nlvnpf-0059-020.jpg	19	9	2	data/LucVanTien1916/patches/nlvnpf-0059-020.jpg_9_2.jpg	data/LucVanTien1916/patches_preprocessed/val/nlvnpf-0059-020.jpg_9_2.jpg	val	91.0,151.7,36.1,536.7	牢空結伴麻𠫾𠓨塲	U+7262 U+7A7A U+7D50 U+4F34 U+9EBB U+20AFE U+204E8 U+5872	8	Sao không kết bạn mà đi vào trường	8	1	牢空結伴麻𠫾𠓨塲	1
LucVanTien1916	nlvnpf-0059 (in mộc bản 1916)	nlvnpf-0059-021	data/LucVanTien1916/pages/images/nlvnpf-0059-021.jpg	0	0	1	data/LucVanTien1916/patches/nlvnpf-0059-021.jpg_0_1.jpg	data/LucVanTien1916/patches_preprocessed/train/nlvnpf-0059-021.jpg_0_1.jpg	train	370.1,151.5,35.1,525.4	𧵆低固𠬠户王	U+27D46 U+4F4E U+56FA U+20B20 U+6237 U+738B	6	Gần đây có một họ Vương	6	1	𧵆低固𠬠户王	1
LucVanTien1916	nlvnpf-0059 (in mộc bản 1916)	nlvnpf-0059-021	data/LucVanTien1916/pages/images/nlvnpf-0059-021.jpg	1	0	2	data/LucVanTien1916/patches/nlvnpf-0059-021.jpg_0_2.jpg	data/LucVanTien1916/patches_preprocessed/train/nlvnpf-0059-021.jpg_0_2.jpg	train	370.1,151.5,35.1,525.4	𠸜󰑼子直文章捽𠁀	U+20E1C U+F047C U+5B50 U+76F4 U+6587 U+7AE0 U+637D U+20040	8	Tên là Tử Trực văn chương tót đời	8	1	𠸜󰑼子直文章捽𠁀	1
LucVanTien1916	nlvnpf-0059 (in mộc bản 1916)	nlvnpf-0059-021	data/LucVanTien1916/pages/images/nlvnpf-0059-021.jpg	2	1	1	data/LucVanTien1916/patches/nlvnpf-0059-021.jpg_1_1.jpg	data/LucVanTien1916/patches_preprocessed/train/nlvnpf-0059-021.jpg_1_1.jpg	train	331.3,152.1,36.6,525.9	吒浪差几戈𨑮	U+5412 U+6D6A U+5DEE U+51E0 U+6208 U+2846E	6	Cha rằng sai kẻ qua mời	6	1	吒浪差几戈𨑮	1
LucVanTien1916	nlvnpf-0059 (in mộc bản 1916)	nlvnpf-0059-021	data/LucVanTien1916/pages/images/nlvnpf-0059-021.jpg	3	1	2	data/LucVanTien1916/patches/nlvnpf-0059-021.jpg_1_2.jpg	data/LucVanTien1916/patches_preprocessed/train/nlvnpf-0059-021.jpg_1_2.jpg	train	331.3,152.1,36.6,525.9	朱昆󰠃妸此制𠬠排	U+6731 U+6606 U+F0803 U+59B8 U+6B64 U+5236 U+20B20 U+6392	8	Cho con cùng gã thử chơi một bài	8	1	朱昆󰠃妸此制𠬠排	1
LucVanTien1916	nlvnpf-0059 (in mộc bản 1916)	nlvnpf-0059-021	data/LucVanTien1916/pages/images/nlvnpf-0059-021.jpg	4	2	1	data/LucVanTien1916/patches/nlvnpf-0059-021.jpg_2_1.jpg	data/LucVanTien1916/patches_preprocessed/train/nlvnpf-0059-021.jpg_2_1.jpg	train	294.6,152.8,36.5,526.5	湿高買別所才	U+6E7F U+9AD8 U+8CB7 U+5225 U+6240 U+624D	6	Thấp cao, mới biết sở tài	6	1	湿高買別所才	1
LucVanTien1916	nlvnpf-0059 (in mộc bản 1916)	nlvnpf-0059-021	data/LucVanTien1916/pages/images/nlvnpf-0059-021.jpg	5	2	2	data/LucVanTien1916/patches/nlvnpf-0059-021.jpg_2_2.jpg	data/LucVanTien1916/patches_preprocessed/train/nlvnpf-0059-021.jpg_2_2.jpg	train	294.6,152.8,36.5,526.5	丕𡢐客竹伴枚買牟	U+4E15 U+21890 U+5BA2 U+7AF9 U+4F34 U+679A U+8CB7 U+725F	8	Vầy sau khách trúc bạn mai mới màụ	8	1	丕𡢐客竹伴枚買牟	1
LucVanTien1916	nlvnpf-0059 (in mộc bản 1916)	nlvnpf-0059-021	data/LucVanTien1916/pages/images/nlvnpf-0059-021.jpg	6	3	1	data/LucVanTien1916/patches/nlvnpf-0059-021.jpg_3_1.jpg	data/LucVanTien1916/patches_preprocessed/train/nlvnpf-0059-021.jpg_3_1.jpg	train	257.3,152.9,38.5,528.2	𠫾兜子直細侯	U+20AFE U+515C U+5B50 U+76F4 U+7D30 U+4FAF	6	Đi đâu Tử Trực tới hầu	6	1	𠫾兜子直細侯	1
LucVanTien1916	nlvnpf-0059 (in mộc bản 1916)	nlvnpf-0059-021	data/LucVanTien1916/pages/images/nlvnpf-0059-021.jpg	7	3	2	data/LucVanTien1916/patches/nlvnpf-0059-021.jpg_3_2.jpg	data/LucVanTien1916/patches_preprocessed/val/nlvnpf-0059-021.jpg_3_2.jpg	val	257.3,152.9,38.5,528.2	武公産達𠬠瓢𨢇唁	U+6B66 U+516C U+7523 U+9054 U+20B20 U+74E2 U+28887 U+5501	8	Võ công sẵn đặt một bầu rượu ngon.	8	1	武公産達𠬠瓢𨢇唁	1
LucVanTien1916	nlvnpf-0059 (in mộc bản 1916)	nlvnpf-0059-021	data/LucVanTien1916/pages/images/nlvnpf-0059-021.jpg	8	4	1	data/LucVanTien1916/patches/nlvnpf-0059-021.jpg_4_1.jpg	data/LucVanTien1916/patches_preprocessed/train/nlvnpf-0059-021.jpg_4_1.jpg	train	214.8,154.6,39.4,526.6	公浪󰖆𩈘𠄩昆	U+516C U+6D6A U+F0586 U+29218 U+20129 U+6606	6	Công rằng: Đủ mặt hai con	6	1	公浪󰖆𩈘𠄩昆	1
LucVanTien1916	nlvnpf-0059 (in mộc bản 1916)	nlvnpf-0059-021	data/LucVanTien1916/pages/images/nlvnpf-0059-021.jpg	9	4	2	data/LucVanTien1916/patches/nlvnpf-0059-021.jpg_4_2.jpg	data/LucVanTien1916/patches_preprocessed/train/nlvnpf-0059-021.jpg_4_2.jpg	train	214.8,154.6,39.4,526.6	詩咍爫𫴋𨢇唁賞連	U+8A69 U+548D U+722B U+2BD0B U+28887 U+5501 U+8CDE U+9023	8	Thơ hay làm xuống rượu ngon thưởng liền	8	1	詩咍爫𫴋𨢇唁賞連	1
LucVanTien1916	nlvnpf-0059 (in mộc bản 1916)	nlvnpf-0059-021	data/LucVanTien1916/pages/images/nlvnpf-0059-021.jpg	10	5	1	data/LucVanTien1916/patches/nlvnpf-0059-021.jpg_5_1.jpg	data/LucVanTien1916/patches_preprocessed/train/nlvnpf-0059-021.jpg_5_1.jpg	train	176.9,157.6,37.0,524.8	悶朱直𤯭󰠃仙	U+60B6 U+6731 U+76F4 U+24BED U+F0803 U+4ED9	6	Muốn cho Trực sánh cùng Tiên	6	1	悶朱直𤯭󰠃仙	1
LucVanTien1916	nlvnpf-0059 (in mộc bản 1916)	nlvnpf-0059-021	data/LucVanTien1916/pages/images/nlvnpf-0059-021.jpg	11	5	2	data/LucVanTien1916/patches/nlvnpf-0059-021.jpg_5_2.jpg	data/LucVanTien1916/patches_preprocessed/train/nlvnpf-0059-021.jpg_5_2.jpg	train	176.9,157.6,37.0,524.8	𥙩句泙水有縁爲題	U+25669 U+53E5 U+6CD9 U+6C34 U+6709 U+7E01 U+7232 U+984C	8	"Lấy câu "" bình thủy hữu duyên "" vì đề."	10	0	𥙩句泙水有縁爲題	1
LucVanTien1916	nlvnpf-0059 (in mộc bản 1916)	nlvnpf-0059-021	data/LucVanTien1916/pages/images/nlvnpf-0059-021.jpg	12	6	1	data/LucVanTien1916/patches/nlvnpf-0059-021.jpg_6_1.jpg	data/LucVanTien1916/patches_preprocessed/train/nlvnpf-0059-021.jpg_6_1.jpg	train	138.0,155.4,39.6,527.6	双離堆妸交掑	U+53CC U+96E2 U+5806 U+59B8 U+4EA4 U+6391	6	Song li đôi gã giao kề	6	1	双離堆妸交掑	1
LucVanTien1916	nlvnpf-0059 (in mộc bản 1916)	nlvnpf-0059-021	data/LucVanTien1916/pages/images/nlvnpf-0059-021.jpg	13	6	2	data/LucVanTien1916/patches/nlvnpf-0059-021.jpg_6_2.jpg	data/LucVanTien1916/patches_preprocessed/val/nlvnpf-0059-021.jpg_6_2.jpg	val	138.0,155.4,39.6,527.6	陸王𠄩户都芸𠬠欺	U+9678 U+738B U+20129 U+6237 U+90FD U+82B8 U+20B20 U+6B3A	8	Lục, Vương hai họ đua nghề một khi	8	1	陸王𠄩户都芸𠬠欺	1
LucVanTien1916	nlvnpf-0059 (in mộc bản 1916)	nlvnpf-0059-021	data/LucVanTien1916/pages/images/nlvnpf-0059-021.jpg	14	7	1	data/LucVanTien1916/patches/nlvnpf-0059-021.jpg_7_1.jpg	data/LucVanTien1916/patches_preprocessed/train/nlvnpf-0059-021.jpg_7_1.jpg	train	100.2,154.6,36.2,529.0	朱咍奇吏﨤奇	U+6731 U+548D U+5947 U+540F U+FA24 U+5947	6	Cho hay kỳ lại gặp kỳ	6	1	朱咍奇吏﨤奇	1
LucVanTien1916	nlvnpf-0059 (in mộc bản 1916)	nlvnpf-0059-021	data/LucVanTien1916/pages/images/nlvnpf-0059-021.jpg	15	7	2	data/LucVanTien1916/patches/nlvnpf-0059-021.jpg_7_2.jpg	data/LucVanTien1916/patches_preprocessed/train/nlvnpf-0059-021.jpg_7_2.jpg	train	100.2,154.6,36.2,529.0	白函妬易劔夷朱生	U+767D U+51FD U+59AC U+6613 U+5294 U+5937 U+6731 U+751F	8	Bạch Hàm đó dễ kém gì Châu Sinh	8	1	白函妬易劔夷朱生	1
LucVanTien1916	nlvnpf-0059 (in mộc bản 1916)	nlvnpf-0059-021	data/LucVanTien1916/pages/images/nlvnpf-0059-021.jpg	16	8	1	data/LucVanTien1916/patches/nlvnpf-0059-021.jpg_8_1.jpg	data/LucVanTien1916/patches_preprocessed/train/nlvnpf-0059-021.jpg_8_1.jpg	train	64.2,156.4,38.1,528.8	公浪丹桂𠄩梗	U+516C U+6D6A U+4E39 U+6842 U+20129 U+6897	6	Công rằng: Ðơn quế hai cành	6	1	公浪丹桂𠄩梗	1
LucVanTien1916	nlvnpf-0059 (in mộc bản 1916)	nlvnpf-0059-021	data/LucVanTien1916/pages/images/nlvnpf-0059-021.jpg	17	8	2	data/LucVanTien1916/patches/nlvnpf-0059-021.jpg_8_2.jpg	data/LucVanTien1916/patches_preprocessed/train/nlvnpf-0059-021.jpg_8_2.jpg	train	64.2,156.4,38.1,528.8	榜鐄𥮋泊㐌仃𤎜𢭂	U+699C U+9404 U+25B8B U+6CCA U+340C U+4EC3 U+2439C U+22B42	8	Bảng vàng, thẻ bạc đã đành rạng trao	8	1	榜鐄𥮋泊㐌仃𤎜𢭂	1
LucVanTien1916	nlvnpf-0059 (in mộc bản 1916)	nlvnpf-0059-021	data/LucVanTien1916/pages/images/nlvnpf-0059-021.jpg	18	9	1	data/LucVanTien1916/patches/nlvnpf-0059-021.jpg_9_1.jpg	data/LucVanTien1916/patches_preprocessed/train/nlvnpf-0059-021.jpg_9_1.jpg	train	28.1,157.6,37.1,527.8	如鍾庒打牢呌	U+5982 U+937E U+5E92 U+6253 U+7262 U+544C	6	Như chuông chẳng đánh sao kêu	6	1	如鍾庒打牢呌	1
LucVanTien1916	nlvnpf-0059 (in mộc bản 1916)	nlvnpf-0059-021	data/LucVanTien1916/pages/images/nlvnpf-0059-021.jpg	19	9	2	data/LucVanTien1916/patches/nlvnpf-0059-021.jpg_9_2.jpg	data/LucVanTien1916/patches_preprocessed/train/nlvnpf-0059-021.jpg_9_2.jpg	train	28.1,157.6,37.1,527.8	𦰟畑鄧𤏣畧挑罷𠇮	U+26C1F U+7551 U+9127 U+243E3 U+7567 U+6311 U+7F77 U+201EE	8	Ngọn đèn đặng tỏ trước khêu bởi mình	8	1	𦰟畑鄧𤏣畧挑罷𠇮	1
LucVanTien1916	nlvnpf-0059 (in mộc bản 1916)	nlvnpf-0059-022	data/LucVanTien1916/pages/images/nlvnpf-0059-022.jpg	0	0	1	data/LucVanTien1916/patches/nlvnpf-0059-022.jpg_0_1.jpg	data/LucVanTien1916/patches_preprocessed/train/nlvnpf-0059-022.jpg_0_1.jpg	train	438.8,159.0,34.8,526.0	尼莊樑棟㐌仃	U+5C3C U+838A U+6A11 U+68DF U+340C U+4EC3	6	Nay trang lương đống đã đành	6	1	尼莊樑棟㐌仃	1
LucVanTien1916	nlvnpf-0059 (in mộc bản 1916)	nlvnpf-0059-022	data/LucVanTien1916/pages/images/nlvnpf-0059-022.jpg	1	0	2	data/LucVanTien1916/patches/nlvnpf-0059-022.jpg_0_2.jpg	data/LucVanTien1916/patches_preprocessed/train/nlvnpf-0059-022.jpg_0_2.jpg	train	438.8,159.0,34.8,526.0	呵𠰙𠄩妸才苓奇𠄩	U+5475 U+20C19 U+20129 U+59B8 U+624D U+82D3 U+5947 U+20129	8	Khá khen hai gã tài lành cả haị	8	1	呵𠰙𠄩妸才苓奇𠄩	1
LucVanTien1916	nlvnpf-0059 (in mộc bản 1916)	nlvnpf-0059-022	data/LucVanTien1916/pages/images/nlvnpf-0059-022.jpg	2	1	1	data/LucVanTien1916/patches/nlvnpf-0059-022.jpg_1_1.jpg	data/LucVanTien1916/patches_preprocessed/train/nlvnpf-0059-022.jpg_1_1.jpg	train	401.5,159.2,35.4,526.2	直浪仙本高才	U+76F4 U+6D6A U+4ED9 U+672C U+9AD8 U+624D	6	Trực rằng: Tiên vốn cao tài	6	1	直浪仙本高才	1
LucVanTien1916	nlvnpf-0059 (in mộc bản 1916)	nlvnpf-0059-022	data/LucVanTien1916/pages/images/nlvnpf-0059-022.jpg	3	1	2	data/LucVanTien1916/patches/nlvnpf-0059-022.jpg_1_2.jpg	data/LucVanTien1916/patches_preprocessed/train/nlvnpf-0059-022.jpg_1_2.jpg	train	401.5,159.2,35.4,526.2	固兠鴻鵠𤯭𦢳𠬠排	U+56FA U+5160 U+9D3B U+9D60 U+24BED U+268B3 U+20B20 U+6392	8	Có đâu Hồng hộc sánh vai một bầy	8	1	固兠鴻鵠𤯭𦢳𠬠排	1
LucVanTien1916	nlvnpf-0059 (in mộc bản 1916)	nlvnpf-0059-022	data/LucVanTien1916/pages/images/nlvnpf-0059-022.jpg	4	2	1	data/LucVanTien1916/patches/nlvnpf-0059-022.jpg_2_1.jpg	data/LucVanTien1916/patches_preprocessed/train/nlvnpf-0059-022.jpg_2_1.jpg	train	364.8,160.7,37.4,526.0	情棋麻﨤饒低	U+60C5 U+68CB U+9EBB U+FA24 U+9952 U+4F4E	6	Tình cờ mà gặp nhau đây	6	1	情棋麻﨤饒低	1
LucVanTien1916	nlvnpf-0059 (in mộc bản 1916)	nlvnpf-0059-022	data/LucVanTien1916/pages/images/nlvnpf-0059-022.jpg	5	2	2	data/LucVanTien1916/patches/nlvnpf-0059-022.jpg_2_2.jpg	data/LucVanTien1916/patches_preprocessed/train/nlvnpf-0059-022.jpg_2_2.jpg	train	364.8,160.7,37.4,526.0	直浪嗔讓仙󰉨爫英	U+76F4 U+6D6A U+55D4 U+8B93 U+4ED9 U+F0268 U+722B U+82F1	8	Trực rằng xin nhượng Tiên rày làm anh	8	1	直浪嗔讓仙󰉨爫英	1
LucVanTien1916	nlvnpf-0059 (in mộc bản 1916)	nlvnpf-0059-022	data/LucVanTien1916/pages/images/nlvnpf-0059-022.jpg	6	3	1	data/LucVanTien1916/patches/nlvnpf-0059-022.jpg_3_1.jpg	data/LucVanTien1916/patches_preprocessed/train/nlvnpf-0059-022.jpg_3_1.jpg	train	325.7,160.8,37.9,528.3	𫢩它結󰒂弟兄	U+2B8A9 U+5B83 U+7D50 U+F0482 U+5F1F U+5144	6	Nay đà kết nghĩa đệ huynh	6	1	𫢩它結󰒂弟兄	1
LucVanTien1916	nlvnpf-0059 (in mộc bản 1916)	nlvnpf-0059-022	data/LucVanTien1916/pages/images/nlvnpf-0059-022.jpg	7	3	2	data/LucVanTien1916/patches/nlvnpf-0059-022.jpg_3_2.jpg	data/LucVanTien1916/patches_preprocessed/val/nlvnpf-0059-022.jpg_3_2.jpg	val	325.7,160.8,37.9,528.3	嗔𧗱埋仕上程󰠃饒	U+55D4 U+275F1 U+57CB U+4ED5 U+4E0A U+7A0B U+F0803 U+9952	8	Xin về mai sẽ thượng trình cùng nhaụ	8	1	嗔𧗱埋仕上程󰠃饒	1
LucVanTien1916	nlvnpf-0059 (in mộc bản 1916)	nlvnpf-0059-022	data/LucVanTien1916/pages/images/nlvnpf-0059-022.jpg	8	4	1	data/LucVanTien1916/patches/nlvnpf-0059-022.jpg_4_1.jpg	data/LucVanTien1916/patches_preprocessed/train/nlvnpf-0059-022.jpg_4_1.jpg	train	285.7,164.3,37.2,525.6	𠫾𦖑鼔㐌點頭	U+20AFE U+26591 U+9F14 U+340C U+9EDE U+982D	6	Đi nghe trống đã điểm đầu	6	1	𠫾𦖑鼔㐌點頭	1
LucVanTien1916	nlvnpf-0059 (in mộc bản 1916)	nlvnpf-0059-022	data/LucVanTien1916/pages/images/nlvnpf-0059-022.jpg	9	4	2	data/LucVanTien1916/patches/nlvnpf-0059-022.jpg_4_2.jpg	data/LucVanTien1916/patches_preprocessed/train/nlvnpf-0059-022.jpg_4_2.jpg	train	285.7,164.3,37.2,525.6	云仙𠓨准書楼𢪀安	U+4E91 U+4ED9 U+204E8 U+51C6 U+66F8 U+697C U+22A80 U+5B89	8	Vân Tiên vào chốn thư lầu nghỉ an.	8	1	云仙𠓨准書楼𢪀安	1
LucVanTien1916	nlvnpf-0059 (in mộc bản 1916)	nlvnpf-0059-022	data/LucVanTien1916/pages/images/nlvnpf-0059-022.jpg	10	5	1	data/LucVanTien1916/patches/nlvnpf-0059-022.jpg_5_1.jpg	data/LucVanTien1916/patches_preprocessed/train/nlvnpf-0059-022.jpg_5_1.jpg	train	245.4,163.7,38.7,528.4	武公阻吏後堂	U+6B66 U+516C U+963B U+540F U+5F8C U+5802	6	Võ công trở lại hậu đường	6	1	武公阻吏後堂	1
LucVanTien1916	nlvnpf-0059 (in mộc bản 1916)	nlvnpf-0059-022	data/LucVanTien1916/pages/images/nlvnpf-0059-022.jpg	11	5	2	data/LucVanTien1916/patches/nlvnpf-0059-022.jpg_5_2.jpg	data/LucVanTien1916/patches_preprocessed/train/nlvnpf-0059-022.jpg_5_2.jpg	train	245.4,163.7,38.7,528.4	店𢇡代𡁹彩鵉每𢈱	U+5E97 U+221E1 U+4EE3 U+21079 U+5F69 U+9D49 U+6BCF U+22231	8	Ðêm khuya dạy dỗ Thái Loan mọi lời	8	1	店𢇡代𡁹彩鵉每𢈱	1
LucVanTien1916	nlvnpf-0059 (in mộc bản 1916)	nlvnpf-0059-022	data/LucVanTien1916/pages/images/nlvnpf-0059-022.jpg	12	6	1	data/LucVanTien1916/patches/nlvnpf-0059-022.jpg_6_1.jpg	data/LucVanTien1916/patches_preprocessed/train/nlvnpf-0059-022.jpg_6_1.jpg	train	206.8,165.6,40.4,529.0	󰉹枚𣃣𤎜蹎𡗶	U+F0279 U+679A U+230E3 U+2439C U+8E4E U+215F6	6	Sớm mai vừa rạng chân trời	6	1	󰉹枚𣃣𤎜蹎𡗶	1
LucVanTien1916	nlvnpf-0059 (in mộc bản 1916)	nlvnpf-0059-022	data/LucVanTien1916/pages/images/nlvnpf-0059-022.jpg	13	6	2	data/LucVanTien1916/patches/nlvnpf-0059-022.jpg_6_2.jpg	data/LucVanTien1916/patches_preprocessed/val/nlvnpf-0059-022.jpg_6_2.jpg	val	206.8,165.6,40.4,529.0	彩鵉荘點𦋦尼梨庭	U+5F69 U+9D49 U+8358 U+9EDE U+262E6 U+5C3C U+68A8 U+5EAD	8	Thái Loan trang điểm ra nơi lê đình	8	1	彩鵉荘點𦋦尼梨庭	1
LucVanTien1916	nlvnpf-0059 (in mộc bản 1916)	nlvnpf-0059-022	data/LucVanTien1916/pages/images/nlvnpf-0059-022.jpg	14	7	1	data/LucVanTien1916/patches/nlvnpf-0059-022.jpg_7_1.jpg	data/LucVanTien1916/patches_preprocessed/train/nlvnpf-0059-022.jpg_7_1.jpg	train	170.7,168.0,39.2,527.8	哙󰑼𡮇󰒂送情	U+54D9 U+F047C U+21B87 U+F0482 U+9001 U+60C5	6	Gọi là chút nghĩa tống tình	6	1	哙󰑼𡮇󰒂送情	1
LucVanTien1916	nlvnpf-0059 (in mộc bản 1916)	nlvnpf-0059-022	data/LucVanTien1916/pages/images/nlvnpf-0059-022.jpg	15	7	2	data/LucVanTien1916/patches/nlvnpf-0059-022.jpg_7_2.jpg	data/LucVanTien1916/patches_preprocessed/val/nlvnpf-0059-022.jpg_7_2.jpg	val	170.7,168.0,39.2,527.8	防𡢐朱塊不平𢚸饒	U+9632 U+21890 U+6731 U+584A U+4E0D U+5E73 U+226B8 U+9952	8	Phòng sau cho khỏi bất bình lòng nhau	8	1	防𡢐朱塊不平𢚸饒	1
LucVanTien1916	nlvnpf-0059 (in mộc bản 1916)	nlvnpf-0059-022	data/LucVanTien1916/pages/images/nlvnpf-0059-022.jpg	16	8	1	data/LucVanTien1916/patches/nlvnpf-0059-022.jpg_8_1.jpg	data/LucVanTien1916/patches_preprocessed/train/nlvnpf-0059-022.jpg_8_1.jpg	train	132.5,171.0,39.4,521.2	䏾𦝄𣃣格梗橷	U+43FE U+26744 U+230E3 U+683C U+6897 U+6A77	6	Bóng trăng vừa cách cành dâu	6	1	䏾𦝄𣃣格梗橷	1
LucVanTien1916	nlvnpf-0059 (in mộc bản 1916)	nlvnpf-0059-022	data/LucVanTien1916/pages/images/nlvnpf-0059-022.jpg	17	8	2	data/LucVanTien1916/patches/nlvnpf-0059-022.jpg_8_2.jpg	data/LucVanTien1916/patches_preprocessed/train/nlvnpf-0059-022.jpg_8_2.jpg	train	132.5,171.0,39.4,521.2	云仙𠓨謝午欧出行	U+4E91 U+4ED9 U+204E8 U+8B1D U+5348 U+6B27 U+51FA U+884C	8	Vân Tiên vào tạ ngõ âu xuất hành.	8	1	云仙𠓨謝午欧出行	1
LucVanTien1916	nlvnpf-0059 (in mộc bản 1916)	nlvnpf-0059-022	data/LucVanTien1916/pages/images/nlvnpf-0059-022.jpg	18	9	1	data/LucVanTien1916/patches/nlvnpf-0059-022.jpg_9_1.jpg	data/LucVanTien1916/patches_preprocessed/train/nlvnpf-0059-022.jpg_9_1.jpg	train	96.6,172.9,37.5,522.5	移蹎𣃣課平明	U+79FB U+8E4E U+230E3 U+8AB2 U+5E73 U+660E	6	Dời chân vừa thuở bình minh	6	1	移蹎𣃣課平明	1
LucVanTien1916	nlvnpf-0059 (in mộc bản 1916)	nlvnpf-0059-022	data/LucVanTien1916/pages/images/nlvnpf-0059-022.jpg	19	9	2	data/LucVanTien1916/patches/nlvnpf-0059-022.jpg_9_2.jpg	data/LucVanTien1916/patches_preprocessed/train/nlvnpf-0059-022.jpg_9_2.jpg	train	96.6,172.9,37.5,522.5	彩鵉𨅸畧𡑝庭欽容	U+5F69 U+9D49 U+28178 U+7567 U+2145D U+5EAD U+6B3D U+5BB9	8	Thể Loan đứng trước sân đình khâm dung	8	1	彩鵉𨅸畧𡑝庭欽容	1
LucVanTien1916	nlvnpf-0059 (in mộc bản 1916)	nlvnpf-0059-023	data/LucVanTien1916/pages/images/nlvnpf-0059-023.jpg	0	0	1	data/LucVanTien1916/patches/nlvnpf-0059-023.jpg_0_1.jpg	data/LucVanTien1916/patches_preprocessed/train/nlvnpf-0059-023.jpg_0_1.jpg	train	368.5,152.7,35.4,528.4	踈浪君子赴京	U+8E08 U+6D6A U+541B U+5B50 U+8D74 U+4EAC	6	Thưa rằng: Quân tử phó kinh	6	1	踈浪君子赴京	1
LucVanTien1916	nlvnpf-0059 (in mộc bản 1916)	nlvnpf-0059-023	data/LucVanTien1916/pages/images/nlvnpf-0059-023.jpg	1	0	2	data/LucVanTien1916/patches/nlvnpf-0059-023.jpg_0_2.jpg	data/LucVanTien1916/patches_preprocessed/train/nlvnpf-0059-023.jpg_0_2.jpg	train	368.5,152.7,35.4,528.4	説身󰲍要𡦂情㝵𠸗	U+8AAC U+8EAB U+F0C8D U+8981 U+21982 U+60C5 U+3775 U+20E17	8	Thoát thân liễu yếu chữ tình ngày xưa	8	1	説身󰲍要𡦂情㝵𠸗	1
LucVanTien1916	nlvnpf-0059 (in mộc bản 1916)	nlvnpf-0059-023	data/LucVanTien1916/pages/images/nlvnpf-0059-023.jpg	2	1	1	data/LucVanTien1916/patches/nlvnpf-0059-023.jpg_1_1.jpg	data/LucVanTien1916/patches_preprocessed/train/nlvnpf-0059-023.jpg_1_1.jpg	train	325.9,152.7,39.0,529.4	𬌓𢚸惨切如湄	U+2C313 U+226B8 U+60E8 U+5207 U+5982 U+6E44	6	Tấm lòng thảm thiết như mưa	6	1	𬌓𢚸惨切如湄	1
LucVanTien1916	nlvnpf-0059 (in mộc bản 1916)	nlvnpf-0059-023	data/LucVanTien1916/pages/images/nlvnpf-0059-023.jpg	3	1	2	data/LucVanTien1916/patches/nlvnpf-0059-023.jpg_1_2.jpg	data/LucVanTien1916/patches_preprocessed/val/nlvnpf-0059-023.jpg_1_2.jpg	val	325.9,152.7,39.0,529.4	塘賖𠦳淡嗔迻𠬠𢈱	U+5858 U+8CD6 U+209B3 U+6DE1 U+55D4 U+8FFB U+20B20 U+22231	8	Ðường xa ngàn dặm xin đưa một lời	8	1	塘賖𠦳淡嗔迻𠬠𢈱	1
LucVanTien1916	nlvnpf-0059 (in mộc bản 1916)	nlvnpf-0059-023	data/LucVanTien1916/pages/images/nlvnpf-0059-023.jpg	4	2	1	data/LucVanTien1916/patches/nlvnpf-0059-023.jpg_2_1.jpg	data/LucVanTien1916/patches_preprocessed/train/nlvnpf-0059-023.jpg_2_1.jpg	train	288.4,152.7,36.9,529.0	㝵𫢩圣主治𠁀	U+3775 U+2B8A9 U+5723 U+4E3B U+6CBB U+20040	6	Ngày nay thánh chúa trị đời	6	1	㝵𫢩圣主治𠁀	1
LucVanTien1916	nlvnpf-0059 (in mộc bản 1916)	nlvnpf-0059-023	data/LucVanTien1916/pages/images/nlvnpf-0059-023.jpg	5	2	2	data/LucVanTien1916/patches/nlvnpf-0059-023.jpg_2_2.jpg	data/LucVanTien1916/patches_preprocessed/train/nlvnpf-0059-023.jpg_2_2.jpg	train	288.4,152.7,36.9,529.0	願朱灵鳳及尼梧桐	U+9858 U+6731 U+7075 U+9CF3 U+53CA U+5C3C U+68A7 U+6850	8	Nguyền cho linh phụng gặp nơi ngô đồng	8	1	願朱灵鳳及尼梧桐	1
LucVanTien1916	nlvnpf-0059 (in mộc bản 1916)	nlvnpf-0059-023	data/LucVanTien1916/pages/images/nlvnpf-0059-023.jpg	6	3	1	data/LucVanTien1916/patches/nlvnpf-0059-023.jpg_3_1.jpg	data/LucVanTien1916/patches_preprocessed/train/nlvnpf-0059-023.jpg_3_1.jpg	train	250.3,150.9,38.3,531.5	管包𡮇分𦟐紅	U+7BA1 U+5305 U+21B87 U+5206 U+267D0 U+7D05	6	Quản bao chút phận má hồng	6	1	管包𡮇分𦟐紅	1
LucVanTien1916	nlvnpf-0059 (in mộc bản 1916)	nlvnpf-0059-023	data/LucVanTien1916/pages/images/nlvnpf-0059-023.jpg	7	3	2	data/LucVanTien1916/patches/nlvnpf-0059-023.jpg_3_2.jpg	data/LucVanTien1916/patches_preprocessed/train/nlvnpf-0059-023.jpg_3_2.jpg	train	250.3,150.9,38.3,531.5	𣎃迡坤掣㝵𬂙苦量	U+23383 U+8FE1 U+5764 U+63A3 U+3775 U+2C099 U+82E6 U+91CF	8	Tháng chầy khôn xiết ngày trông khó lường	8	1	𣎃迡坤掣㝵𬂙苦量	1
LucVanTien1916	nlvnpf-0059 (in mộc bản 1916)	nlvnpf-0059-023	data/LucVanTien1916/pages/images/nlvnpf-0059-023.jpg	8	4	1	data/LucVanTien1916/patches/nlvnpf-0059-023.jpg_4_1.jpg	data/LucVanTien1916/patches_preprocessed/train/nlvnpf-0059-023.jpg_4_1.jpg	train	210.8,151.5,40.2,531.5	払油﨤𣅶顯荣	U+6255 U+6CB9 U+FA24 U+23176 U+986F U+8363	6	Chàng dầu gặp lúc hiển vinh	6	1	払油﨤𣅶顯荣	1
LucVanTien1916	nlvnpf-0059 (in mộc bản 1916)	nlvnpf-0059-023	data/LucVanTien1916/pages/images/nlvnpf-0059-023.jpg	9	4	2	data/LucVanTien1916/patches/nlvnpf-0059-023.jpg_4_2.jpg	data/LucVanTien1916/patches_preprocessed/val/nlvnpf-0059-023.jpg_4_2.jpg	val	210.8,151.5,40.2,531.5	妾吀汝𡦂糟糠朱仃	U+59BE U+5400 U+6C5D U+21982 U+7CDF U+7CE0 U+6731 U+4EC3	8	Thiếp xin nhớ chữ tao khang cho đành	8	1	妾吀汝𡦂糟糠朱仃	1
LucVanTien1916	nlvnpf-0059 (in mộc bản 1916)	nlvnpf-0059-023	data/LucVanTien1916/pages/images/nlvnpf-0059-023.jpg	10	5	1	data/LucVanTien1916/patches/nlvnpf-0059-023.jpg_5_1.jpg	data/LucVanTien1916/patches_preprocessed/train/nlvnpf-0059-023.jpg_5_1.jpg	train	171.9,149.7,37.6,531.5	嗔仃貪妬補䔲	U+55D4 U+4EC3 U+8CAA U+59AC U+88DC U+4532	6	Xin đừng t ham đó bỏ đăng	7	0	嗔仃貪妬補䔲	1
LucVanTien1916	nlvnpf-0059 (in mộc bản 1916)	nlvnpf-0059-023	data/LucVanTien1916/pages/images/nlvnpf-0059-023.jpg	11	5	2	data/LucVanTien1916/patches/nlvnpf-0059-023.jpg_5_2.jpg	data/LucVanTien1916/patches_preprocessed/train/nlvnpf-0059-023.jpg_5_2.jpg	train	171.9,149.7,37.6,531.5	制梨涓㩅制𦝄涓畑	U+5236 U+68A8 U+6D93 U+3A45 U+5236 U+26744 U+6D93 U+7551	8	Chơi lê quên lựu, chơi trăng quên đèn.	8	1	制梨涓㩅制𦝄涓畑	1
LucVanTien1916	nlvnpf-0059 (in mộc bản 1916)	nlvnpf-0059-023	data/LucVanTien1916/pages/images/nlvnpf-0059-023.jpg	12	6	1	data/LucVanTien1916/patches/nlvnpf-0059-023.jpg_6_1.jpg	data/LucVanTien1916/patches_preprocessed/train/nlvnpf-0059-023.jpg_6_1.jpg	train	136.7,150.3,34.8,531.5	仙浪如焒買燃	U+4ED9 U+6D6A U+5982 U+7112 U+8CB7 U+71C3	6	Tiên rằng: Như lửa mới nhen	6	1	仙浪如焒買燃	1
LucVanTien1916	nlvnpf-0059 (in mộc bản 1916)	nlvnpf-0059-023	data/LucVanTien1916/pages/images/nlvnpf-0059-023.jpg	13	6	2	data/LucVanTien1916/patches/nlvnpf-0059-023.jpg_6_2.jpg	data/LucVanTien1916/patches_preprocessed/train/nlvnpf-0059-023.jpg_6_2.jpg	train	136.7,150.3,34.8,531.5	易冲𠬠𤇮麻𢷆𠄩󰌎	U+6613 U+51B2 U+20B20 U+241EE U+9EBB U+22DC6 U+20129 U+F030E	8	Dễ trong một bếp mà chen hai lò	8	1	易冲𠬠𤇮麻𢷆𠄩󰌎	1
LucVanTien1916	nlvnpf-0059 (in mộc bản 1916)	nlvnpf-0059-023	data/LucVanTien1916/pages/images/nlvnpf-0059-023.jpg	14	7	1	data/LucVanTien1916/patches/nlvnpf-0059-023.jpg_7_1.jpg	data/LucVanTien1916/patches_preprocessed/train/nlvnpf-0059-023.jpg_7_1.jpg	train	99.9,150.3,37.3,530.9	埋縁𦇒女渚哺	U+57CB U+7E01 U+261D2 U+5973 U+6E1A U+54FA	6	May duyên rủi nợ chưa phô	6	1	埋縁𦇒女渚哺	1
LucVanTien1916	nlvnpf-0059 (in mộc bản 1916)	nlvnpf-0059-023	data/LucVanTien1916/pages/images/nlvnpf-0059-023.jpg	15	7	2	data/LucVanTien1916/patches/nlvnpf-0059-023.jpg_7_2.jpg	data/LucVanTien1916/patches_preprocessed/val/nlvnpf-0059-023.jpg_7_2.jpg	val	99.9,150.3,37.3,530.9	唉吀朱汝𡀯卢買神	U+5509 U+5400 U+6731 U+6C5D U+2102F U+5362 U+8CB7 U+795E	8	Ai xin cho nhớ chuyện lo Mãi Thần	8	1	唉吀朱汝𡀯卢買神	1
LucVanTien1916	nlvnpf-0059 (in mộc bản 1916)	nlvnpf-0059-023	data/LucVanTien1916/pages/images/nlvnpf-0059-023.jpg	16	8	1	data/LucVanTien1916/patches/nlvnpf-0059-023.jpg_8_1.jpg	data/LucVanTien1916/patches_preprocessed/train/nlvnpf-0059-023.jpg_8_1.jpg	train	61.0,149.7,36.9,532.1	鵉浪史馬經𡑝	U+9D49 U+6D6A U+53F2 U+99AC U+7D93 U+2145D	6	Loan rằng: Sử mã kinh lân	6	1	鵉浪史馬經𡑝	1
LucVanTien1916	nlvnpf-0059 (in mộc bản 1916)	nlvnpf-0059-023	data/LucVanTien1916/pages/images/nlvnpf-0059-023.jpg	17	8	2	data/LucVanTien1916/patches/nlvnpf-0059-023.jpg_8_2.jpg	data/LucVanTien1916/patches_preprocessed/train/nlvnpf-0059-023.jpg_8_2.jpg	train	61.0,149.7,36.9,532.1	固句正節固韻整躬	U+56FA U+53E5 U+6B63 U+7BC0 U+56FA U+97FB U+6574 U+8EAC	8	Có câu chính tiết có vần chỉnh cung	8	1	固句正節固韻整躬	1
LucVanTien1916	nlvnpf-0059 (in mộc bản 1916)	nlvnpf-0059-023	data/LucVanTien1916/pages/images/nlvnpf-0059-023.jpg	18	9	1	data/LucVanTien1916/patches/nlvnpf-0059-023.jpg_9_1.jpg	data/LucVanTien1916/patches_preprocessed/train/nlvnpf-0059-023.jpg_9_1.jpg	train	24.7,150.3,36.6,530.9	𤾓𢆥𢚸庄差𢚸	U+24F93 U+221A5 U+226B8 U+5E84 U+5DEE U+226B8	6	Trăm năm lòng chẳng sai lòng	6	1	𤾓𢆥𢚸庄差𢚸	1
LucVanTien1916	nlvnpf-0059 (in mộc bản 1916)	nlvnpf-0059-023	data/LucVanTien1916/pages/images/nlvnpf-0059-023.jpg	19	9	2	data/LucVanTien1916/patches/nlvnpf-0059-023.jpg_9_2.jpg	data/LucVanTien1916/patches_preprocessed/train/nlvnpf-0059-023.jpg_9_2.jpg	train	24.7,150.3,36.6,530.9	另盆荘子直房王󰁇	U+53E6 U+76C6 U+8358 U+5B50 U+76F4 U+623F U+738B U+F0047	8	Lánh buồn Trang tử trực phòng Vương Ngưng	8	1	另盆荘子直房王󰁇	1
LucVanTien1916	nlvnpf-0059 (in mộc bản 1916)	nlvnpf-0059-024	data/LucVanTien1916/pages/images/nlvnpf-0059-024.jpg	0	0	1	data/LucVanTien1916/patches/nlvnpf-0059-024.jpg_0_1.jpg	data/LucVanTien1916/patches_preprocessed/train/nlvnpf-0059-024.jpg_0_1.jpg	train	433.7,147.8,38.7,533.3	彩鸾倍且𨆢蹎	U+5F69 U+9E3E U+500D U+4E14 U+281A2 U+8E4E	6	Thể Loan vội vã lui chân	6	1	彩鸾倍且𨆢蹎	1
LucVanTien1916	nlvnpf-0059 (in mộc bản 1916)	nlvnpf-0059-024	data/LucVanTien1916/pages/images/nlvnpf-0059-024.jpg	1	0	2	data/LucVanTien1916/patches/nlvnpf-0059-024.jpg_0_2.jpg	data/LucVanTien1916/patches_preprocessed/val/nlvnpf-0059-024.jpg_0_2.jpg	val	433.7,147.8,38.7,533.3	云仙拮梗𬂙澄長安	U+4E91 U+4ED9 U+62EE U+6897 U+2C099 U+6F84 U+9577 U+5B89	8	Vân Tiên cất gánh trông chừng Trường An	8	1	云仙拮梗𬂙澄長安	1
LucVanTien1916	nlvnpf-0059 (in mộc bản 1916)	nlvnpf-0059-024	data/LucVanTien1916/pages/images/nlvnpf-0059-024.jpg	2	1	1	data/LucVanTien1916/patches/nlvnpf-0059-024.jpg_1_1.jpg	data/LucVanTien1916/patches_preprocessed/train/nlvnpf-0059-024.jpg_1_1.jpg	train	396.6,150.3,41.7,530.9	賖匕𣃣𠬠淡塘	U+8CD6 U+5315 U+230E3 U+20B20 U+6DE1 U+5858	6	Xa xa vừa một dặm đường	6	1	賖匕𣃣𠬠淡塘	1
LucVanTien1916	nlvnpf-0059 (in mộc bản 1916)	nlvnpf-0059-024	data/LucVanTien1916/pages/images/nlvnpf-0059-024.jpg	3	1	2	data/LucVanTien1916/patches/nlvnpf-0059-024.jpg_1_2.jpg	data/LucVanTien1916/patches_preprocessed/val/nlvnpf-0059-024.jpg_1_2.jpg	val	396.6,150.3,41.7,530.9	﨤王子直崩𠦳調𠫾	U+FA24 U+738B U+5B50 U+76F4 U+5D29 U+209B3 U+8ABF U+20AFE	8	Gặp Vương Tử Trực băng nghìn đều đị	8	1	﨤王子直崩𠦳調𠫾	1
LucVanTien1916	nlvnpf-0059 (in mộc bản 1916)	nlvnpf-0059-024	data/LucVanTien1916/pages/images/nlvnpf-0059-024.jpg	4	2	1	data/LucVanTien1916/patches/nlvnpf-0059-024.jpg_2_1.jpg	data/LucVanTien1916/patches_preprocessed/train/nlvnpf-0059-024.jpg_2_1.jpg	train	358.2,149.1,41.5,532.4	󰠵戈水秀山岐	U+F0835 U+6208 U+6C34 U+79C0 U+5C71 U+5C90	6	Trải qua thủy tú sơn kỳ	6	1	󰠵戈水秀山岐	1
LucVanTien1916	nlvnpf-0059 (in mộc bản 1916)	nlvnpf-0059-024	data/LucVanTien1916/pages/images/nlvnpf-0059-024.jpg	5	2	2	data/LucVanTien1916/patches/nlvnpf-0059-024.jpg_2_2.jpg	data/LucVanTien1916/patches_preprocessed/train/nlvnpf-0059-024.jpg_2_2.jpg	train	358.2,149.1,41.5,532.4	𡶀高󰠩䟢及其𪀄悲	U+21D80 U+9AD8 U+F0829 U+47E2 U+53CA U+5176 U+2A004 U+60B2	8	Núi cao cá nhảy gặp kì chim bay	8	1	𡶀高󰠩䟢及其𪀄悲	1
LucVanTien1916	nlvnpf-0059 (in mộc bản 1916)	nlvnpf-0059-024	data/LucVanTien1916/pages/images/nlvnpf-0059-024.jpg	6	3	1	data/LucVanTien1916/patches/nlvnpf-0059-024.jpg_3_1.jpg	data/LucVanTien1916/patches_preprocessed/train/nlvnpf-0059-024.jpg_3_1.jpg	train	322.5,149.7,38.5,533.9	𠊛咍吏及景咍	U+2029B U+548D U+540F U+53CA U+666F U+548D	6	Người hay lại gặp cảnh hay	6	1	𠊛咍吏及景咍	1
LucVanTien1916	nlvnpf-0059 (in mộc bản 1916)	nlvnpf-0059-024	data/LucVanTien1916/pages/images/nlvnpf-0059-024.jpg	7	3	2	data/LucVanTien1916/patches/nlvnpf-0059-024.jpg_3_2.jpg	data/LucVanTien1916/patches_preprocessed/train/nlvnpf-0059-024.jpg_3_2.jpg	train	322.5,149.7,38.5,533.9	恪芇仙子﨤㝵蓬萊	U+606A U+8287 U+4ED9 U+5B50 U+FA24 U+3775 U+84EC U+840A	8	Khác nào tiên tử gặp ngày Bồng Lai	8	1	恪芇仙子﨤㝵蓬萊	1
LucVanTien1916	nlvnpf-0059 (in mộc bản 1916)	nlvnpf-0059-024	data/LucVanTien1916/pages/images/nlvnpf-0059-024.jpg	8	4	1	data/LucVanTien1916/patches/nlvnpf-0059-024.jpg_4_1.jpg	data/LucVanTien1916/patches_preprocessed/train/nlvnpf-0059-024.jpg_4_1.jpg	train	285.2,150.9,38.5,533.3	󰠃饒写𡮇情𢙇	U+F0803 U+9952 U+5199 U+21B87 U+60C5 U+22647	6	Cùng nhau tả chút tình hoài	6	1	󰠃饒写𡮇情𢙇	1
LucVanTien1916	nlvnpf-0059 (in mộc bản 1916)	nlvnpf-0059-024	data/LucVanTien1916/pages/images/nlvnpf-0059-024.jpg	9	4	2	data/LucVanTien1916/patches/nlvnpf-0059-024.jpg_4_2.jpg	data/LucVanTien1916/patches_preprocessed/train/nlvnpf-0059-024.jpg_4_2.jpg	train	285.2,150.9,38.5,533.3	𠄼𠀧󱋓󰀃𠬠𢽼句詩	U+2013C U+20027 U+F12D3 U+F0003 U+20B20 U+22F7C U+53E5 U+8A69	8	Năm ba chén rượu một vài câu thơ	8	1	𠄼𠀧󱋓󰀃𠬠𢽼句詩	1
LucVanTien1916	nlvnpf-0059 (in mộc bản 1916)	nlvnpf-0059-024	data/LucVanTien1916/pages/images/nlvnpf-0059-024.jpg	10	5	1	data/LucVanTien1916/patches/nlvnpf-0059-024.jpg_5_1.jpg	data/LucVanTien1916/patches_preprocessed/train/nlvnpf-0059-024.jpg_5_1.jpg	train	243.9,152.1,39.2,532.7	直浪悶𡮇溇𨱽	U+76F4 U+6D6A U+60B6 U+21B87 U+6E87 U+28C7D	6	Trực rằng muốn chút lâu dài	6	1	直浪悶𡮇溇𨱽	1
LucVanTien1916	nlvnpf-0059 (in mộc bản 1916)	nlvnpf-0059-024	data/LucVanTien1916/pages/images/nlvnpf-0059-024.jpg	11	5	2	data/LucVanTien1916/patches/nlvnpf-0059-024.jpg_5_2.jpg	data/LucVanTien1916/patches_preprocessed/train/nlvnpf-0059-024.jpg_5_2.jpg	train	243.9,152.1,39.2,532.7	默油鐄𧺀默油制𩄲	U+9ED8 U+6CB9 U+9404 U+27E80 U+9ED8 U+6CB9 U+5236 U+29132	8	Mặc dầu vàng thắm mặc dầu chơi mây	8	1	默油鐄𧺀默油制𩄲	1
LucVanTien1916	nlvnpf-0059 (in mộc bản 1916)	nlvnpf-0059-024	data/LucVanTien1916/pages/images/nlvnpf-0059-024.jpg	12	6	1	data/LucVanTien1916/patches/nlvnpf-0059-024.jpg_6_1.jpg	data/LucVanTien1916/patches_preprocessed/train/nlvnpf-0059-024.jpg_6_1.jpg	train	206.6,152.7,37.9,532.7	仙浪鴻鵠高𬲊	U+4ED9 U+6D6A U+9D3B U+9D60 U+9AD8 U+2CC8A	6	Tiên rằng Hồng hộc cao bay	6	1	仙浪鴻鵠高𬲊	1
LucVanTien1916	nlvnpf-0059 (in mộc bản 1916)	nlvnpf-0059-024	data/LucVanTien1916/pages/images/nlvnpf-0059-024.jpg	13	6	2	data/LucVanTien1916/patches/nlvnpf-0059-024.jpg_6_2.jpg	data/LucVanTien1916/patches_preprocessed/val/nlvnpf-0059-024.jpg_6_2.jpg	val	206.6,152.7,37.9,532.7	𠲖欺麻瘼落排𧗱兜	U+20C96 U+6B3A U+9EBB U+763C U+843D U+6392 U+275F1 U+515C	8	E khi mà mỏi lạc bầy về đâu	8	1	𠲖欺麻瘼落排𧗱兜	1
LucVanTien1916	nlvnpf-0059 (in mộc bản 1916)	nlvnpf-0059-024	data/LucVanTien1916/pages/images/nlvnpf-0059-024.jpg	14	7	1	data/LucVanTien1916/patches/nlvnpf-0059-024.jpg_7_1.jpg	data/LucVanTien1916/patches_preprocessed/train/nlvnpf-0059-024.jpg_7_1.jpg	train	169.3,155.5,39.2,529.9	莽群盘泊共饒	U+83BD U+7FA4 U+76D8 U+6CCA U+5171 U+9952	6	Mảng còn bàn bạc cùng nhau	6	1	莽群盘泊共饒	1
LucVanTien1916	nlvnpf-0059 (in mộc bản 1916)	nlvnpf-0059-024	data/LucVanTien1916/pages/images/nlvnpf-0059-024.jpg	15	7	2	data/LucVanTien1916/patches/nlvnpf-0059-024.jpg_7_2.jpg	data/LucVanTien1916/patches_preprocessed/val/nlvnpf-0059-024.jpg_7_2.jpg	val	169.3,155.5,39.2,529.9	𬂙澄京地㐌候細尼	U+2C099 U+6F84 U+4EAC U+5730 U+340C U+5019 U+7D30 U+5C3C	8	Trông chừng kinh địa đã hầu tới nơị	8	1	𬂙澄京地㐌候細尼	1
LucVanTien1916	nlvnpf-0059 (in mộc bản 1916)	nlvnpf-0059-024	data/LucVanTien1916/pages/images/nlvnpf-0059-024.jpg	16	8	1	data/LucVanTien1916/patches/nlvnpf-0059-024.jpg_8_1.jpg	data/LucVanTien1916/patches_preprocessed/train/nlvnpf-0059-024.jpg_8_1.jpg	train	132.6,157.0,38.4,527.8	征匕𣃣熾西𡗶	U+5F81 U+5315 U+230E3 U+71BE U+897F U+215F6	6	Chênh chênh vừa xế tây trời	6	1	征匕𣃣熾西𡗶	1
LucVanTien1916	nlvnpf-0059 (in mộc bản 1916)	nlvnpf-0059-024	data/LucVanTien1916/pages/images/nlvnpf-0059-024.jpg	17	8	2	data/LucVanTien1916/patches/nlvnpf-0059-024.jpg_8_2.jpg	data/LucVanTien1916/patches_preprocessed/train/nlvnpf-0059-024.jpg_8_2.jpg	train	132.6,157.0,38.4,527.8	𠄩𠊛尋舘󰀢𪟽待期	U+20129 U+2029B U+5C0B U+8218 U+F0022 U+2A7FD U+5F85 U+671F	8	Hai người tìm quán nghỉ ngơi đợi kỳ	8	1	𠄩𠊛尋舘󰀢𪟽待期	1
LucVanTien1916	nlvnpf-0059 (in mộc bản 1916)	nlvnpf-0059-024	data/LucVanTien1916/pages/images/nlvnpf-0059-024.jpg	18	9	1	data/LucVanTien1916/patches/nlvnpf-0059-024.jpg_9_1.jpg	data/LucVanTien1916/patches_preprocessed/train/nlvnpf-0059-024.jpg_9_1.jpg	train	95.4,159.4,38.4,524.1	丿󰠲﨤伴故知	U+4E3F U+F0832 U+FA24 U+4F34 U+6545 U+77E5	6	Phút đâu gặp bạn cố tri	6	1	丿󰠲﨤伴故知	1
LucVanTien1916	nlvnpf-0059 (in mộc bản 1916)	nlvnpf-0059-024	data/LucVanTien1916/pages/images/nlvnpf-0059-024.jpg	19	9	2	data/LucVanTien1916/patches/nlvnpf-0059-024.jpg_9_2.jpg	data/LucVanTien1916/patches_preprocessed/val/nlvnpf-0059-024.jpg_9_2.jpg	val	95.4,159.4,38.4,524.1	調排𠸜户𠬠欺買詳	U+8ABF U+6392 U+20E1C U+6237 U+20B20 U+6B3A U+8CB7 U+8A73	8	Ðều bày tên họ một khi mới tường.	8	1	調排𠸜户𠬠欺買詳	1
LucVanTien1916	nlvnpf-0059 (in mộc bản 1916)	nlvnpf-0059-025	data/LucVanTien1916/pages/images/nlvnpf-0059-025.jpg	0	0	1	data/LucVanTien1916/patches/nlvnpf-0059-025.jpg_0_1.jpg	data/LucVanTien1916/patches_preprocessed/train/nlvnpf-0059-025.jpg_0_1.jpg	train	373.6,146.0,34.0,533.4	𠬠𠊛扵府潘章	U+20B20 U+2029B U+6275 U+5E9C U+6F58 U+7AE0	6	Một người ở phủ Phan-Chương	5	0	𠬠𠊛扵府潘章	1
LucVanTien1916	nlvnpf-0059 (in mộc bản 1916)	nlvnpf-0059-025	data/LucVanTien1916/pages/images/nlvnpf-0059-025.jpg	1	0	2	data/LucVanTien1916/patches/nlvnpf-0059-025.jpg_0_2.jpg	data/LucVanTien1916/patches_preprocessed/train/nlvnpf-0059-025.jpg_0_2.jpg	train	373.6,146.0,34.0,533.4	𠸜歆户郑尋常業文	U+20E1C U+6B46 U+6237 U+90D1 U+5C0B U+5E38 U+696D U+6587	8	Tên Hâm họ Trịnh tầm thường nghiệp văn	8	1	𠸜歆户郑尋常業文	1
LucVanTien1916	nlvnpf-0059 (in mộc bản 1916)	nlvnpf-0059-025	data/LucVanTien1916/pages/images/nlvnpf-0059-025.jpg	2	1	1	data/LucVanTien1916/patches/nlvnpf-0059-025.jpg_1_1.jpg	data/LucVanTien1916/patches_preprocessed/train/nlvnpf-0059-025.jpg_1_1.jpg	train	332.9,147.8,36.8,533.3	𠬠𠊛扵府楊春	U+20B20 U+2029B U+6275 U+5E9C U+694A U+6625	6	Một người ở phủ Dương-Xuân	5	0	𠬠𠊛扵府楊春	1
LucVanTien1916	nlvnpf-0059 (in mộc bản 1916)	nlvnpf-0059-025	data/LucVanTien1916/pages/images/nlvnpf-0059-025.jpg	3	1	2	data/LucVanTien1916/patches/nlvnpf-0059-025.jpg_1_2.jpg	data/LucVanTien1916/patches_preprocessed/train/nlvnpf-0059-025.jpg_1_2.jpg	train	332.9,147.8,36.8,533.3	户裴𠸜儉索澄堆𨑮	U+6237 U+88F4 U+20E1C U+5109 U+7D22 U+6F84 U+5806 U+2846E	8	Họ Bùi tên Kiệm tác chừng đôi mươị	8	1	户裴𠸜儉索澄堆𨑮	1
LucVanTien1916	nlvnpf-0059 (in mộc bản 1916)	nlvnpf-0059-025	data/LucVanTien1916/pages/images/nlvnpf-0059-025.jpg	4	2	1	data/LucVanTien1916/patches/nlvnpf-0059-025.jpg_2_1.jpg	data/LucVanTien1916/patches_preprocessed/train/nlvnpf-0059-025.jpg_2_1.jpg	train	292.4,148.4,39.0,533.8	𠄩𠊛吏﨤𠄩𠊛	U+20129 U+2029B U+540F U+FA24 U+20129 U+2029B	6	Hai người lại gặp hai người	6	1	𠄩𠊛吏﨤𠄩𠊛	1
LucVanTien1916	nlvnpf-0059 (in mộc bản 1916)	nlvnpf-0059-025	data/LucVanTien1916/pages/images/nlvnpf-0059-025.jpg	5	2	2	data/LucVanTien1916/patches/nlvnpf-0059-025.jpg_2_2.jpg	data/LucVanTien1916/patches_preprocessed/val/nlvnpf-0059-025.jpg_2_2.jpg	val	292.4,148.4,39.0,533.8	調𠓨𠬠舘盃唭語迎	U+8ABF U+204E8 U+20B20 U+8218 U+76C3 U+552D U+8A9E U+8FCE	8	Ðều vào một quán vui cười ngửa nghiêng	8	1	調𠓨𠬠舘盃唭語迎	1
LucVanTien1916	nlvnpf-0059 (in mộc bản 1916)	nlvnpf-0059-025	data/LucVanTien1916/pages/images/nlvnpf-0059-025.jpg	6	3	1	data/LucVanTien1916/patches/nlvnpf-0059-025.jpg_3_1.jpg	data/LucVanTien1916/patches_preprocessed/train/nlvnpf-0059-025.jpg_3_1.jpg	train	256.3,148.4,37.4,534.3	儉浪𦖑㗂𮎦仙	U+5109 U+6D6A U+26591 U+35C2 U+2E3A6 U+4ED9	6	Kiệm rằng: Nghe tiếng anh Tiên	6	1	儉浪𦖑㗂𮎦仙	1
LucVanTien1916	nlvnpf-0059 (in mộc bản 1916)	nlvnpf-0059-025	data/LucVanTien1916/pages/images/nlvnpf-0059-025.jpg	7	3	2	data/LucVanTien1916/patches/nlvnpf-0059-025.jpg_3_2.jpg	data/LucVanTien1916/patches_preprocessed/val/nlvnpf-0059-025.jpg_3_2.jpg	val	256.3,148.4,37.4,534.3	𫢩它及﨤鄧匪願約𬇚	U+2B8A9 U+5B83 U+53CA U+FA24 U+9127 U+532A U+9858 U+7D04 U+2C1DA	9	Nay đà gặp đặng phỉ nguyền ước aọ	8	0	𫢩它﨤鄧匪願約𬇚	0
LucVanTien1916	nlvnpf-0059 (in mộc bản 1916)	nlvnpf-0059-025	data/LucVanTien1916/pages/images/nlvnpf-0059-025.jpg	8	4	1	data/LucVanTien1916/patches/nlvnpf-0059-025.jpg_4_1.jpg	data/LucVanTien1916/patches_preprocessed/train/nlvnpf-0059-025.jpg_4_1.jpg	train	216.7,150.9,41.0,533.3	歆浪渚別湿高	U+6B46 U+6D6A U+6E1A U+5225 U+6E7F U+9AD8	6	Hâm rằng: Chưa biết thấp cao	6	1	歆浪渚別湿高	1
LucVanTien1916	nlvnpf-0059 (in mộc bản 1916)	nlvnpf-0059-025	data/LucVanTien1916/pages/images/nlvnpf-0059-025.jpg	9	4	2	data/LucVanTien1916/patches/nlvnpf-0059-025.jpg_4_2.jpg	data/LucVanTien1916/patches_preprocessed/val/nlvnpf-0059-025.jpg_4_2.jpg	val	216.7,150.9,41.0,533.3	爫书買𤑟幅芇才能	U+722B U+4E66 U+8CB7 U+2445F U+5E45 U+8287 U+624D U+80FD	8	Làm thơ mới rõ bậc nào tài năng	8	1	爫书買𤑟幅芇才能	1
LucVanTien1916	nlvnpf-0059 (in mộc bản 1916)	nlvnpf-0059-025	data/LucVanTien1916/pages/images/nlvnpf-0059-025.jpg	10	5	1	data/LucVanTien1916/patches/nlvnpf-0059-025.jpg_5_1.jpg	data/LucVanTien1916/patches_preprocessed/train/nlvnpf-0059-025.jpg_5_1.jpg	train	177.6,149.1,41.2,535.7	卞呌翁舘𠰺浪	U+535E U+544C U+7FC1 U+8218 U+20C3A U+6D6A	6	Bèn kêu ông quán dạy rằng:	6	1	卞呌翁舘𠰺浪	1
LucVanTien1916	nlvnpf-0059 (in mộc bản 1916)	nlvnpf-0059-025	data/LucVanTien1916/pages/images/nlvnpf-0059-025.jpg	11	5	2	data/LucVanTien1916/patches/nlvnpf-0059-025.jpg_5_2.jpg	data/LucVanTien1916/patches_preprocessed/train/nlvnpf-0059-025.jpg_5_2.jpg	train	177.6,149.1,41.2,535.7	呵筭讖所物咹朱皮	U+5475 U+7B6D U+8B96 U+6240 U+7269 U+54B9 U+6731 U+76AE	8	Há toan sắm sửa vật ăn cho bề	8	1	呵筭讖所物咹朱皮	1
LucVanTien1916	nlvnpf-0059 (in mộc bản 1916)	nlvnpf-0059-025	data/LucVanTien1916/pages/images/nlvnpf-0059-025.jpg	12	6	1	data/LucVanTien1916/patches/nlvnpf-0059-025.jpg_6_1.jpg	data/LucVanTien1916/patches_preprocessed/train/nlvnpf-0059-025.jpg_6_1.jpg	train	141.1,153.9,35.6,532.1	舘浪𨢇𦧘𠲖兮	U+8218 U+6D6A U+28887 U+269D8 U+20C96 U+516E	6	Quán rằng: Rượu thịt ê hề	6	1	舘浪𨢇𦧘𠲖兮	1
LucVanTien1916	nlvnpf-0059 (in mộc bản 1916)	nlvnpf-0059-025	data/LucVanTien1916/pages/images/nlvnpf-0059-025.jpg	13	6	2	data/LucVanTien1916/patches/nlvnpf-0059-025.jpg_6_2.jpg	data/LucVanTien1916/patches_preprocessed/train/nlvnpf-0059-025.jpg_6_2.jpg	train	141.1,153.9,35.6,532.1	姑鱗鯺鳯少夷物󰠲	U+59D1 U+9C57 U+9BFA U+9CEF U+5C11 U+5937 U+7269 U+F0832	8	Cô lân , chả phượng thiếu gì vật đâụ	9	0	姑鱗鯺鳯少夷物󰠲	1
LucVanTien1916	nlvnpf-0059 (in mộc bản 1916)	nlvnpf-0059-025	data/LucVanTien1916/pages/images/nlvnpf-0059-025.jpg	14	7	1	data/LucVanTien1916/patches/nlvnpf-0059-025.jpg_7_1.jpg	data/LucVanTien1916/patches_preprocessed/train/nlvnpf-0059-025.jpg_7_1.jpg	train	100.7,150.9,41.2,535.7	箕󰑼茦𦲿𨢇橷	U+7B95 U+F047C U+8326 U+26CBF U+28887 U+6A77	6	Kìa là thuốc lá rượu dâu	6	1	箕󰑼茦𦲿𨢇橷	1
LucVanTien1916	nlvnpf-0059 (in mộc bản 1916)	nlvnpf-0059-025	data/LucVanTien1916/pages/images/nlvnpf-0059-025.jpg	15	7	2	data/LucVanTien1916/patches/nlvnpf-0059-025.jpg_7_2.jpg	data/LucVanTien1916/patches_preprocessed/train/nlvnpf-0059-025.jpg_7_2.jpg	train	100.7,150.9,41.2,535.7	尼䃣白雪怒瓢菊椿	U+5C3C U+40E3 U+767D U+96EA U+6012 U+74E2 U+83CA U+693F	8	Này vò bạch tuyết, nọ bầu cúc xuân	8	1	尼䃣白雪怒瓢菊椿	1
LucVanTien1916	nlvnpf-0059 (in mộc bản 1916)	nlvnpf-0059-025	data/LucVanTien1916/pages/images/nlvnpf-0059-025.jpg	16	8	1	data/LucVanTien1916/patches/nlvnpf-0059-025.jpg_8_1.jpg	data/LucVanTien1916/patches_preprocessed/train/nlvnpf-0059-025.jpg_8_1.jpg	train	64.5,152.1,37.0,535.1	防欺待客𮎦雄	U+9632 U+6B3A U+5F85 U+5BA2 U+2E3A6 U+96C4	6	Phòng khi đãi khách anh hung	6	1	防欺待客𮎦雄	1
LucVanTien1916	nlvnpf-0059 (in mộc bản 1916)	nlvnpf-0059-025	data/LucVanTien1916/pages/images/nlvnpf-0059-025.jpg	17	8	2	data/LucVanTien1916/patches/nlvnpf-0059-025.jpg_8_2.jpg	data/LucVanTien1916/patches_preprocessed/train/nlvnpf-0059-025.jpg_8_2.jpg	train	64.5,152.1,37.0,535.1	待荘䝨右𤯭󰠃的弓	U+5F85 U+8358 U+4768 U+53F3 U+24BED U+F0803 U+7684 U+5F13	8	Ðãi trang hiền hữu, sánh cùng đích cung.	8	1	待荘䝨右𤯭󰠃的弓	1
LucVanTien1916	nlvnpf-0059 (in mộc bản 1916)	nlvnpf-0059-025	data/LucVanTien1916/pages/images/nlvnpf-0059-025.jpg	18	9	1	data/LucVanTien1916/patches/nlvnpf-0059-025.jpg_9_1.jpg	data/LucVanTien1916/patches_preprocessed/train/nlvnpf-0059-025.jpg_9_1.jpg	train	28.7,154.6,36.5,533.3	彼盘茶𨢇𣃣衝	U+5F7C U+76D8 U+8336 U+28887 U+230E3 U+885D	6	Bẽ bàng trà rượu vừa xong	6	1	彼盘茶𨢇𣃣衝	1
LucVanTien1916	nlvnpf-0059 (in mộc bản 1916)	nlvnpf-0059-025	data/LucVanTien1916/pages/images/nlvnpf-0059-025.jpg	19	9	2	data/LucVanTien1916/patches/nlvnpf-0059-025.jpg_9_2.jpg	data/LucVanTien1916/patches_preprocessed/val/nlvnpf-0059-025.jpg_9_2.jpg	val	28.7,154.6,36.5,533.3	𦊚𠊛𡎢吏𠬠𣳔爫詩	U+2629A U+2029B U+213A2 U+540F U+20B20 U+23CD4 U+722B U+8A69	8	Bốn người ngồi lại một dòng làm thơ	8	1	𦊚𠊛𡎢吏𠬠𣳔爫詩	1
LucVanTien1916	nlvnpf-0059 (in mộc bản 1916)	nlvnpf-0059-026	data/LucVanTien1916/pages/images/nlvnpf-0059-026.jpg	0	0	1	data/LucVanTien1916/patches/nlvnpf-0059-026.jpg_0_1.jpg	data/LucVanTien1916/patches_preprocessed/train/nlvnpf-0059-026.jpg_0_1.jpg	train	441.2,150.3,37.3,537.0	儉歆群𢪀菫𠽐	U+5109 U+6B46 U+7FA4 U+22A80 U+83EB U+20F50	6	Kiệm, Hâm còn nghĩ ngẩn ngơ	6	1	儉歆群𢪀菫𠽐	1
LucVanTien1916	nlvnpf-0059 (in mộc bản 1916)	nlvnpf-0059-026	data/LucVanTien1916/pages/images/nlvnpf-0059-026.jpg	1	0	2	data/LucVanTien1916/patches/nlvnpf-0059-026.jpg_0_2.jpg	data/LucVanTien1916/patches_preprocessed/val/nlvnpf-0059-026.jpg_0_2.jpg	val	441.2,150.3,37.3,537.0	丿󰦓仙直𠬠徐調衝	U+4E3F U+F0993 U+4ED9 U+76F4 U+20B20 U+5F90 U+8ABF U+885D	8	Phút đâu Tiên, Trực một giờ đều xong.	8	1	丿󰦓仙直𠬠徐調衝	1
LucVanTien1916	nlvnpf-0059 (in mộc bản 1916)	nlvnpf-0059-026	data/LucVanTien1916/pages/images/nlvnpf-0059-026.jpg	2	1	1	data/LucVanTien1916/patches/nlvnpf-0059-026.jpg_1_1.jpg	data/LucVanTien1916/patches_preprocessed/train/nlvnpf-0059-026.jpg_1_1.jpg	train	403.1,150.3,39.8,535.1	儉歆䀡𧡊𨔍𨓡	U+5109 U+6B46 U+4021 U+2784A U+2850D U+284E1	6	Kiệm, Hâm xem thấy lạ lung	6	1	儉歆䀡𧡊𨔍𨓡	1
LucVanTien1916	nlvnpf-0059 (in mộc bản 1916)	nlvnpf-0059-026	data/LucVanTien1916/pages/images/nlvnpf-0059-026.jpg	3	1	2	data/LucVanTien1916/patches/nlvnpf-0059-026.jpg_1_2.jpg	data/LucVanTien1916/patches_preprocessed/train/nlvnpf-0059-026.jpg_1_2.jpg	train	403.1,150.3,39.8,535.1	𢴾詳仙直曰從古詩	U+22D3E U+8A73 U+4ED9 U+76F4 U+66F0 U+5F9E U+53E4 U+8A69	8	Bày tường Tiên, Trực viết tùng cổ thi	8	1	𢴾詳仙直曰從古詩	1
LucVanTien1916	nlvnpf-0059 (in mộc bản 1916)	nlvnpf-0059-026	data/LucVanTien1916/pages/images/nlvnpf-0059-026.jpg	4	2	1	data/LucVanTien1916/patches/nlvnpf-0059-026.jpg_2_1.jpg	data/LucVanTien1916/patches_preprocessed/train/nlvnpf-0059-026.jpg_2_1.jpg	train	365.6,151.2,37.6,535.4	󰝸咍翁舘唭之	U+F0778 U+548D U+7FC1 U+8218 U+552D U+4E4B	6	Chẳng hay ông quán cười chi	6	1	󰝸咍翁舘唭之	1
LucVanTien1916	nlvnpf-0059 (in mộc bản 1916)	nlvnpf-0059-026	data/LucVanTien1916/pages/images/nlvnpf-0059-026.jpg	5	2	2	data/LucVanTien1916/patches/nlvnpf-0059-026.jpg_2_2.jpg	data/LucVanTien1916/patches_preprocessed/val/nlvnpf-0059-026.jpg_2_2.jpg	val	365.6,151.2,37.6,535.4	撫𢬣摺昭𠬠欺唭𨱽	U+64AB U+22B23 U+647A U+662D U+20B20 U+6B3A U+552D U+28C7D	8	Vỗ tay đập chiếu một khi cười dài	8	1	撫𢬣摺昭𠬠欺唭𨱽	1
LucVanTien1916	nlvnpf-0059 (in mộc bản 1916)	nlvnpf-0059-026	data/LucVanTien1916/pages/images/nlvnpf-0059-026.jpg	6	3	1	data/LucVanTien1916/patches/nlvnpf-0059-026.jpg_3_1.jpg	data/LucVanTien1916/patches_preprocessed/train/nlvnpf-0059-026.jpg_3_1.jpg	train	327.6,152.7,37.6,532.7	仙浪翁舘唭埃	U+4ED9 U+6D6A U+7FC1 U+8218 U+552D U+57C3	6	Tiên rằng: Ông quán cười aỉ	6	1	仙浪翁舘唭埃	1
LucVanTien1916	nlvnpf-0059 (in mộc bản 1916)	nlvnpf-0059-026	data/LucVanTien1916/pages/images/nlvnpf-0059-026.jpg	7	3	2	data/LucVanTien1916/patches/nlvnpf-0059-026.jpg_3_2.jpg	data/LucVanTien1916/patches_preprocessed/val/nlvnpf-0059-026.jpg_3_2.jpg	val	327.6,152.7,37.6,532.7	舘浪唭几不才𠁀𠸗	U+8218 U+6D6A U+552D U+51E0 U+4E0D U+624D U+20040 U+20E17	8	Quán rằng: Cười kẻ bất tài đời xưa	8	1	舘浪唭几不才𠁀𠸗	1
LucVanTien1916	nlvnpf-0059 (in mộc bản 1916)	nlvnpf-0059-026	data/LucVanTien1916/pages/images/nlvnpf-0059-026.jpg	8	4	1	data/LucVanTien1916/patches/nlvnpf-0059-026.jpg_4_1.jpg	data/LucVanTien1916/patches_preprocessed/train/nlvnpf-0059-026.jpg_4_1.jpg	train	289.1,152.7,40.8,533.3	唭󰎡孫殯空𩢬	U+552D U+F03A1 U+5B6B U+6BAF U+7A7A U+298AC	6	Cười ngươi Tôn Tẫn không lừa	6	1	唭󰎡孫殯空𩢬	1
LucVanTien1916	nlvnpf-0059 (in mộc bản 1916)	nlvnpf-0059-026	data/LucVanTien1916/pages/images/nlvnpf-0059-026.jpg	9	4	2	data/LucVanTien1916/patches/nlvnpf-0059-026.jpg_4_2.jpg	data/LucVanTien1916/patches_preprocessed/train/nlvnpf-0059-026.jpg_4_2.jpg	train	289.1,152.7,40.8,533.3	畧它𧡊買󰝸𪟽龎涓	U+7567 U+5B83 U+2784A U+8CB7 U+F0778 U+2A7FD U+9F8E U+6D93	8	Trước đà thấy mới, chẳng ngờ Bàng Quyên .	9	0	畧它𧡊買󰝸𪟽龎涓	1
LucVanTien1916	nlvnpf-0059 (in mộc bản 1916)	nlvnpf-0059-026	data/LucVanTien1916/pages/images/nlvnpf-0059-026.jpg	10	5	1	data/LucVanTien1916/patches/nlvnpf-0059-026.jpg_5_1.jpg	data/LucVanTien1916/patches_preprocessed/train/nlvnpf-0059-026.jpg_5_1.jpg	train	249.9,155.2,41.7,531.8	直浪𢈱呐有縁	U+76F4 U+6D6A U+22231 U+5450 U+6709 U+7E01	6	Trực rằng: Lời nói hữu duyên	6	1	直浪𢈱呐有縁	1
LucVanTien1916	nlvnpf-0059 (in mộc bản 1916)	nlvnpf-0059-026	data/LucVanTien1916/pages/images/nlvnpf-0059-026.jpg	11	5	2	data/LucVanTien1916/patches/nlvnpf-0059-026.jpg_5_2.jpg	data/LucVanTien1916/patches_preprocessed/val/nlvnpf-0059-026.jpg_5_2.jpg	val	249.9,155.2,41.7,531.8	󰡫冲經史固全󰠃庒	U+F086B U+51B2 U+7D93 U+53F2 U+56FA U+5168 U+F0803 U+5E92	8	Thế trong Kinh sử có tuyền cùng chăng?	8	1	󰡫冲經史固全󰠃庒	1
LucVanTien1916	nlvnpf-0059 (in mộc bản 1916)	nlvnpf-0059-026	data/LucVanTien1916/pages/images/nlvnpf-0059-026.jpg	12	6	1	data/LucVanTien1916/patches/nlvnpf-0059-026.jpg_6_1.jpg	data/LucVanTien1916/patches_preprocessed/train/nlvnpf-0059-026.jpg_6_1.jpg	train	211.4,155.8,37.8,530.3	舘浪經史㐌曾	U+8218 U+6D6A U+7D93 U+53F2 U+340C U+66FE	6	Quán rằng: Kinh sử đã từng	6	1	舘浪經史㐌曾	1
LucVanTien1916	nlvnpf-0059 (in mộc bản 1916)	nlvnpf-0059-026	data/LucVanTien1916/pages/images/nlvnpf-0059-026.jpg	13	6	2	data/LucVanTien1916/patches/nlvnpf-0059-026.jpg_6_2.jpg	data/LucVanTien1916/patches_preprocessed/train/nlvnpf-0059-026.jpg_6_2.jpg	train	211.4,155.8,37.8,530.3	䀡耒吏遣𢚸恒㤕車	U+4021 U+8012 U+540F U+9063 U+226B8 U+6052 U+3915 U+8ECA	8	Xem rồi lại khiến lòng hằng xót xa	8	1	䀡耒吏遣𢚸恒㤕車	1
LucVanTien1916	nlvnpf-0059 (in mộc bản 1916)	nlvnpf-0059-026	data/LucVanTien1916/pages/images/nlvnpf-0059-026.jpg	14	7	1	data/LucVanTien1916/patches/nlvnpf-0059-026.jpg_7_1.jpg	data/LucVanTien1916/patches_preprocessed/train/nlvnpf-0059-026.jpg_7_1.jpg	train	174.5,158.2,38.0,529.0	哙辰些沛呐𠚢	U+54D9 U+8FB0 U+4E9B U+6C9B U+5450 U+206A2	6	Hỏi thì ta phải nói ra	6	1	哙辰些沛呐𠚢	1
LucVanTien1916	nlvnpf-0059 (in mộc bản 1916)	nlvnpf-0059-026	data/LucVanTien1916/pages/images/nlvnpf-0059-026.jpg	15	7	2	data/LucVanTien1916/patches/nlvnpf-0059-026.jpg_7_2.jpg	data/LucVanTien1916/patches_preprocessed/train/nlvnpf-0059-026.jpg_7_2.jpg	train	174.5,158.2,38.0,529.0	爲蒸咍咭罷麻咍傷	U+7232 U+84B8 U+548D U+54AD U+7F77 U+9EBB U+548D U+50B7	8	Vì chưng hay ghét bởi mà hay thương	8	1	爲蒸咍咭罷麻咍傷	1
LucVanTien1916	nlvnpf-0059 (in mộc bản 1916)	nlvnpf-0059-026	data/LucVanTien1916/pages/images/nlvnpf-0059-026.jpg	16	8	1	data/LucVanTien1916/patches/nlvnpf-0059-026.jpg_8_1.jpg	data/LucVanTien1916/patches_preprocessed/train/nlvnpf-0059-026.jpg_8_1.jpg	train	136.7,161.3,38.8,524.8	仙浪冲濁渚詳	U+4ED9 U+6D6A U+51B2 U+6FC1 U+6E1A U+8A73	6	Tiên rằng: Trong đục chưa tường	6	1	仙浪冲濁渚詳	1
LucVanTien1916	nlvnpf-0059 (in mộc bản 1916)	nlvnpf-0059-026	data/LucVanTien1916/pages/images/nlvnpf-0059-026.jpg	17	8	2	data/LucVanTien1916/patches/nlvnpf-0059-026.jpg_8_2.jpg	data/LucVanTien1916/patches_preprocessed/train/nlvnpf-0059-026.jpg_8_2.jpg	train	136.7,161.3,38.8,524.8	庒󰀉傷咭匕傷理芇	U+5E92 U+F0009 U+50B7 U+54AD U+5315 U+50B7 U+7406 U+8287	8	Chẳng hay thương ghét ghét thương lẽ nàỏ	8	1	庒󰀉傷咭匕傷理芇	1
LucVanTien1916	nlvnpf-0059 (in mộc bản 1916)	nlvnpf-0059-026	data/LucVanTien1916/pages/images/nlvnpf-0059-026.jpg	18	9	1	data/LucVanTien1916/patches/nlvnpf-0059-026.jpg_9_1.jpg	data/LucVanTien1916/patches_preprocessed/train/nlvnpf-0059-026.jpg_9_1.jpg	train	95.3,163.1,39.4,521.7	舘浪咭𭛣尋抛	U+8218 U+6D6A U+54AD U+2D6E3 U+5C0B U+629B	6	Quán rằng: Ghét việc tầm phào	6	1	舘浪咭𭛣尋抛	1
LucVanTien1916	nlvnpf-0059 (in mộc bản 1916)	nlvnpf-0059-026	data/LucVanTien1916/pages/images/nlvnpf-0059-026.jpg	19	9	2	data/LucVanTien1916/patches/nlvnpf-0059-026.jpg_9_2.jpg	data/LucVanTien1916/patches_preprocessed/train/nlvnpf-0059-026.jpg_9_2.jpg	train	95.3,163.1,39.4,521.7	咭荄咭𨐸咭𠓨細心	U+54AD U+8344 U+54AD U+28438 U+54AD U+204E8 U+7D30 U+5FC3	8	Ghét cay, ghét đắng, ghét vào tới tâm.	8	1	咭荄咭𨐸咭𠓨細心	1
LucVanTien1916	nlvnpf-0059 (in mộc bản 1916)	nlvnpf-0059-027	data/LucVanTien1916/pages/images/nlvnpf-0059-027.jpg	0	0	1	data/LucVanTien1916/patches/nlvnpf-0059-027.jpg_0_1.jpg	data/LucVanTien1916/patches_preprocessed/train/nlvnpf-0059-027.jpg_0_1.jpg	train	366.6,153.9,39.8,530.3	咭𠁀傑紂多滛	U+54AD U+20040 U+5091 U+7D02 U+591A U+6EDB	6	Ghét đời Kiệt, Trụ , đa dâm	7	0	咭𠁀傑紂多滛	1
LucVanTien1916	nlvnpf-0059 (in mộc bản 1916)	nlvnpf-0059-027	data/LucVanTien1916/pages/images/nlvnpf-0059-027.jpg	1	0	2	data/LucVanTien1916/patches/nlvnpf-0059-027.jpg_0_2.jpg	data/LucVanTien1916/patches_preprocessed/train/nlvnpf-0059-027.jpg_0_2.jpg	train	366.6,153.9,39.8,530.3	底民細浽沙𡌢𤇧𧯄	U+5E95 U+6C11 U+7D30 U+6D7D U+6C99 U+21322 U+241E7 U+27BC4	8	Ðể dân tới nỗi sa hầm sảy hang.	8	1	底民細浽沙𡌢𤇧𧯄	1
LucVanTien1916	nlvnpf-0059 (in mộc bản 1916)	nlvnpf-0059-027	data/LucVanTien1916/pages/images/nlvnpf-0059-027.jpg	2	1	1	data/LucVanTien1916/patches/nlvnpf-0059-027.jpg_1_1.jpg	data/LucVanTien1916/patches_preprocessed/train/nlvnpf-0059-027.jpg_1_1.jpg	train	327.1,155.8,40.2,527.8	咭𠁀󰁏厲多端	U+54AD U+20040 U+F004F U+53B2 U+591A U+7AEF	6	Ghét đời U, Lệ đa đoan	6	1	咭𠁀󰁏厲多端	1
LucVanTien1916	nlvnpf-0059 (in mộc bản 1916)	nlvnpf-0059-027	data/LucVanTien1916/pages/images/nlvnpf-0059-027.jpg	3	1	2	data/LucVanTien1916/patches/nlvnpf-0059-027.jpg_1_2.jpg	data/LucVanTien1916/patches_preprocessed/train/nlvnpf-0059-027.jpg_1_2.jpg	train	327.1,155.8,40.2,527.8	遣民𨻫𠹾凛湯𬮙分	U+9063 U+6C11 U+28EEB U+20E7E U+51DB U+6E6F U+2CB99 U+5206	8	Khiến dân luống chịu lầm than muôn phần.	8	1	遣民𨻫𠹾凛湯𬮙分	1
LucVanTien1916	nlvnpf-0059 (in mộc bản 1916)	nlvnpf-0059-027	data/LucVanTien1916/pages/images/nlvnpf-0059-027.jpg	4	2	1	data/LucVanTien1916/patches/nlvnpf-0059-027.jpg_2_1.jpg	data/LucVanTien1916/patches_preprocessed/train/nlvnpf-0059-027.jpg_2_1.jpg	train	290.2,155.2,38.3,525.4	咭𠁀五伯紛紜	U+54AD U+20040 U+4E94 U+4F2F U+7D1B U+7D1C	6	Ghét đời Ngũ Bá phân vân	6	1	咭𠁀五伯紛紜	1
LucVanTien1916	nlvnpf-0059 (in mộc bản 1916)	nlvnpf-0059-027	data/LucVanTien1916/pages/images/nlvnpf-0059-027.jpg	5	2	2	data/LucVanTien1916/patches/nlvnpf-0059-027.jpg_2_2.jpg	data/LucVanTien1916/patches_preprocessed/train/nlvnpf-0059-027.jpg_2_2.jpg	train	290.2,155.2,38.3,525.4	乱臣多僣爫民嗕咽	U+4E71 U+81E3 U+591A U+50E3 U+722B U+6C11 U+55D5 U+54BD	8	Loạn thần đa tiếm làm dân nhọc nhằn	8	1	乱臣多僣爫民嗕咽	1
LucVanTien1916	nlvnpf-0059 (in mộc bản 1916)	nlvnpf-0059-027	data/LucVanTien1916/pages/images/nlvnpf-0059-027.jpg	6	3	1	data/LucVanTien1916/patches/nlvnpf-0059-027.jpg_3_1.jpg	data/LucVanTien1916/patches_preprocessed/train/nlvnpf-0059-027.jpg_3_1.jpg	train	252.2,154.6,38.8,527.8	咭𠁀叔季分崩	U+54AD U+20040 U+53D4 U+5B63 U+5206 U+5D29	6	Ghét đời Thúc Quý phân băng	6	1	咭𠁀叔季分崩	1
LucVanTien1916	nlvnpf-0059 (in mộc bản 1916)	nlvnpf-0059-027	data/LucVanTien1916/pages/images/nlvnpf-0059-027.jpg	7	3	2	data/LucVanTien1916/patches/nlvnpf-0059-027.jpg_3_2.jpg	data/LucVanTien1916/patches_preprocessed/train/nlvnpf-0059-027.jpg_3_2.jpg	train	252.2,154.6,38.8,527.8	󰉲頭最打凌絖󰑚民	U+F0272 U+982D U+6700 U+6253 U+51CC U+7D56 U+F045A U+6C11	8	Sớm đầu, tối đánh, lăng quàng rối dân.	8	1	󰉲頭最打凌絖󰑚民	1
LucVanTien1916	nlvnpf-0059 (in mộc bản 1916)	nlvnpf-0059-027	data/LucVanTien1916/pages/images/nlvnpf-0059-027.jpg	8	4	1	data/LucVanTien1916/patches/nlvnpf-0059-027.jpg_4_1.jpg	data/LucVanTien1916/patches_preprocessed/train/nlvnpf-0059-027.jpg_4_1.jpg	train	211.6,153.9,40.4,531.5	傷󰑼傷󱉎圣人	U+50B7 U+F047C U+50B7 U+F124E U+5723 U+4EBA	6	Thương là thươ ng đức thánh nhân	7	0	傷󰑼傷󱉎圣人	1
LucVanTien1916	nlvnpf-0059 (in mộc bản 1916)	nlvnpf-0059-027	data/LucVanTien1916/pages/images/nlvnpf-0059-027.jpg	9	4	2	data/LucVanTien1916/patches/nlvnpf-0059-027.jpg_4_2.jpg	data/LucVanTien1916/patches_preprocessed/train/nlvnpf-0059-027.jpg_4_2.jpg	train	211.6,153.9,40.4,531.5	欺𧗱渃魯傑陳道王	U+6B3A U+275F1 U+6E03 U+9B6F U+5091 U+9673 U+9053 U+738B	8	Khi về nước Lỗ, Kiệt, Trần đạo vương.	8	1	欺𧗱渃魯傑陳道王	1
LucVanTien1916	nlvnpf-0059 (in mộc bản 1916)	nlvnpf-0059-027	data/LucVanTien1916/pages/images/nlvnpf-0059-027.jpg	10	5	1	data/LucVanTien1916/patches/nlvnpf-0059-027.jpg_5_1.jpg	data/LucVanTien1916/patches_preprocessed/train/nlvnpf-0059-027.jpg_5_1.jpg	train	169.8,154.6,39.1,532.1	傷柴顔子󰇾揚	U+50B7 U+67F4 U+9854 U+5B50 U+F01FE U+63DA	6	Thương thầy Nhan Tử dở dang	6	1	傷柴顔子󰇾揚	1
LucVanTien1916	nlvnpf-0059 (in mộc bản 1916)	nlvnpf-0059-027	data/LucVanTien1916/pages/images/nlvnpf-0059-027.jpg	11	5	2	data/LucVanTien1916/patches/nlvnpf-0059-027.jpg_5_2.jpg	data/LucVanTien1916/patches_preprocessed/val/nlvnpf-0059-027.jpg_5_2.jpg	val	169.8,154.6,39.1,532.1	𠀧𨑮𠬠歳惜塘功名	U+20027 U+2846E U+20B20 U+6B73 U+60DC U+5858 U+529F U+540D	8	Ba mươi mốt tuổi, tiếc đường công danh.	8	1	𠀧𨑮𠬠歳惜塘功名	1
LucVanTien1916	nlvnpf-0059 (in mộc bản 1916)	nlvnpf-0059-027	data/LucVanTien1916/pages/images/nlvnpf-0059-027.jpg	12	6	1	data/LucVanTien1916/patches/nlvnpf-0059-027.jpg_6_1.jpg	data/LucVanTien1916/patches_preprocessed/train/nlvnpf-0059-027.jpg_6_1.jpg	train	133.5,155.2,39.9,532.7	傷翁諸葛才苓	U+50B7 U+7FC1 U+8AF8 U+845B U+624D U+82D3	6	Thương ông Chư Cát tài lành	6	1	傷翁諸葛才苓	1
LucVanTien1916	nlvnpf-0059 (in mộc bản 1916)	nlvnpf-0059-027	data/LucVanTien1916/pages/images/nlvnpf-0059-027.jpg	13	6	2	data/LucVanTien1916/patches/nlvnpf-0059-027.jpg_6_2.jpg	data/LucVanTien1916/patches_preprocessed/train/nlvnpf-0059-027.jpg_6_2.jpg	train	133.5,155.2,39.9,532.7	﨤欺漢末㐌仃配波	U+FA24 U+6B3A U+6F22 U+672B U+340C U+4EC3 U+914D U+6CE2	8	Gặp khi Hán mạt đã đành phôi pha	8	1	﨤欺漢末㐌仃配波	1
LucVanTien1916	nlvnpf-0059 (in mộc bản 1916)	nlvnpf-0059-027	data/LucVanTien1916/pages/images/nlvnpf-0059-027.jpg	14	7	1	data/LucVanTien1916/patches/nlvnpf-0059-027.jpg_7_1.jpg	data/LucVanTien1916/patches_preprocessed/train/nlvnpf-0059-027.jpg_7_1.jpg	train	98.0,155.8,38.9,532.1	傷柴童子高賒	U+50B7 U+67F4 U+7AE5 U+5B50 U+9AD8 U+8CD2	6	Thương thầy Ðổng Tử cao xa	6	1	傷柴童子高賒	1
LucVanTien1916	nlvnpf-0059 (in mộc bản 1916)	nlvnpf-0059-027	data/LucVanTien1916/pages/images/nlvnpf-0059-027.jpg	15	7	2	data/LucVanTien1916/patches/nlvnpf-0059-027.jpg_7_2.jpg	data/LucVanTien1916/patches_preprocessed/train/nlvnpf-0059-027.jpg_7_2.jpg	train	98.0,155.8,38.9,532.1	志皮固志嵬皮空嵬	U+5FD7 U+76AE U+56FA U+5FD7 U+5D6C U+76AE U+7A7A U+5D6C	8	Chí vừa có chí, ngôi vừa không ngôi	8	1	志皮固志嵬皮空嵬	1
LucVanTien1916	nlvnpf-0059 (in mộc bản 1916)	nlvnpf-0059-027	data/LucVanTien1916/pages/images/nlvnpf-0059-027.jpg	16	8	1	data/LucVanTien1916/patches/nlvnpf-0059-027.jpg_8_1.jpg	data/LucVanTien1916/patches_preprocessed/train/nlvnpf-0059-027.jpg_8_1.jpg	train	59.4,155.8,38.8,532.1	傷𤽗元諒嵬匕	U+50B7 U+24F57 U+5143 U+8AD2 U+5D6C U+5315	6	Thương ngươi Nguyên Lượng ngùi ngùi	6	1	傷𤽗元諒嵬匕	1
LucVanTien1916	nlvnpf-0059 (in mộc bản 1916)	nlvnpf-0059-027	data/LucVanTien1916/pages/images/nlvnpf-0059-027.jpg	17	8	2	data/LucVanTien1916/patches/nlvnpf-0059-027.jpg_8_2.jpg	data/LucVanTien1916/patches_preprocessed/val/nlvnpf-0059-027.jpg_8_2.jpg	val	59.4,155.8,38.8,532.1	㐌咍𢩾渃吏𨆢𧗱𦓿	U+340C U+548D U+22A7E U+6E03 U+540F U+281A2 U+275F1 U+264FF	8	Đã hay giúp nước, lại lui về cày	8	1	㐌咍𢩾渃吏𨆢𧗱𦓿	1
LucVanTien1916	nlvnpf-0059 (in mộc bản 1916)	nlvnpf-0059-027	data/LucVanTien1916/pages/images/nlvnpf-0059-027.jpg	18	9	1	data/LucVanTien1916/patches/nlvnpf-0059-027.jpg_9_1.jpg	data/LucVanTien1916/patches_preprocessed/train/nlvnpf-0059-027.jpg_9_1.jpg	train	23.3,155.8,38.6,531.5	傷翁翰子庒埋	U+50B7 U+7FC1 U+7FF0 U+5B50 U+5E92 U+57CB	6	Thương ông Hàn Tử chẳng may	6	1	傷翁翰子庒埋	1
LucVanTien1916	nlvnpf-0059 (in mộc bản 1916)	nlvnpf-0059-027	data/LucVanTien1916/pages/images/nlvnpf-0059-027.jpg	19	9	2	data/LucVanTien1916/patches/nlvnpf-0059-027.jpg_9_2.jpg	data/LucVanTien1916/patches_preprocessed/train/nlvnpf-0059-027.jpg_9_2.jpg	train	23.3,155.8,38.6,531.5	󰉲𤼸𢈱表最苔𠫾賖	U+F0272 U+24F38 U+22231 U+8868 U+6700 U+82D4 U+20AFE U+8CD6	8	Sớm dâng lời biểu tối đầy đi xa	8	1	󰉲𤼸𢈱表最苔𠫾賖	1
LucVanTien1916	nlvnpf-0059 (in mộc bản 1916)	nlvnpf-0059-028	data/LucVanTien1916/pages/images/nlvnpf-0059-028.jpg	0	0	1	data/LucVanTien1916/patches/nlvnpf-0059-028.jpg_0_1.jpg	data/LucVanTien1916/patches_preprocessed/train/nlvnpf-0059-028.jpg_0_1.jpg	train	437.6,153.3,36.1,530.3	傷柴廉洛㐌󰲺	U+50B7 U+67F4 U+5EC9 U+6D1B U+340C U+F0CBA	6	Thương thầy Liêm, Lạc đã ra	6	1	傷柴廉洛㐌󰲺	1
LucVanTien1916	nlvnpf-0059 (in mộc bản 1916)	nlvnpf-0059-028	data/LucVanTien1916/pages/images/nlvnpf-0059-028.jpg	1	0	2	data/LucVanTien1916/patches/nlvnpf-0059-028.jpg_0_2.jpg	data/LucVanTien1916/patches_preprocessed/train/nlvnpf-0059-028.jpg_0_2.jpg	train	437.6,153.3,36.1,530.3	被𡗶欧𠲝𧗱茄𠰺民	U+88AB U+215F6 U+6B27 U+20C9D U+275F1 U+8304 U+20C3A U+6C11	8	Bị trời xua đuổi về nhà dạy dân	8	1	被𡗶欧𠲝𧗱茄𠰺民	1
LucVanTien1916	nlvnpf-0059 (in mộc bản 1916)	nlvnpf-0059-028	data/LucVanTien1916/pages/images/nlvnpf-0059-028.jpg	2	1	1	data/LucVanTien1916/patches/nlvnpf-0059-028.jpg_1_1.jpg	data/LucVanTien1916/patches_preprocessed/train/nlvnpf-0059-028.jpg_1_1.jpg	train	399.5,153.3,40.5,530.9	䀡戈册𡲈買𨁮	U+4021 U+6208 U+518C U+21C88 U+8CB7 U+2806E	6	Xem qua sách vấn mấy lần	6	1	䀡戈册𡲈買𨁮	1
LucVanTien1916	nlvnpf-0059 (in mộc bản 1916)	nlvnpf-0059-028	data/LucVanTien1916/pages/images/nlvnpf-0059-028.jpg	3	1	2	data/LucVanTien1916/patches/nlvnpf-0059-028.jpg_1_2.jpg	data/LucVanTien1916/patches_preprocessed/train/nlvnpf-0059-028.jpg_1_2.jpg	train	399.5,153.3,40.5,530.9	姅分吏咭姅分吏傷	U+59C5 U+5206 U+540F U+54AD U+59C5 U+5206 U+540F U+50B7	8	Nửa phần lại ghét nửa phần lại thương.	8	1	姅分吏咭姅分吏傷	1
LucVanTien1916	nlvnpf-0059 (in mộc bản 1916)	nlvnpf-0059-028	data/LucVanTien1916/pages/images/nlvnpf-0059-028.jpg	4	2	1	data/LucVanTien1916/patches/nlvnpf-0059-028.jpg_2_1.jpg	data/LucVanTien1916/patches_preprocessed/train/nlvnpf-0059-028.jpg_2_1.jpg	train	365.0,152.1,35.9,534.5	直浪厨瀝佛鐄	U+76F4 U+6D6A U+53A8 U+701D U+4F5B U+9404	6	Trực rằng: Chùa rách phật vàng	6	1	直浪厨瀝佛鐄	1
LucVanTien1916	nlvnpf-0059 (in mộc bản 1916)	nlvnpf-0059-028	data/LucVanTien1916/pages/images/nlvnpf-0059-028.jpg	5	2	2	data/LucVanTien1916/patches/nlvnpf-0059-028.jpg_2_2.jpg	data/LucVanTien1916/patches_preprocessed/train/nlvnpf-0059-028.jpg_2_2.jpg	train	365.0,152.1,35.9,534.5	埃咍冲舘固藏經綸	U+57C3 U+548D U+51B2 U+8218 U+56FA U+85CF U+7D93 U+7DB8	8	Ai hay trong quán có tàng kinh luân	8	1	埃咍冲舘固藏經綸	1
LucVanTien1916	nlvnpf-0059 (in mộc bản 1916)	nlvnpf-0059-028	data/LucVanTien1916/pages/images/nlvnpf-0059-028.jpg	6	3	1	data/LucVanTien1916/patches/nlvnpf-0059-028.jpg_3_1.jpg	data/LucVanTien1916/patches_preprocessed/train/nlvnpf-0059-028.jpg_3_1.jpg	train	324.0,153.3,38.7,533.9	傷民牢庒立身	U+50B7 U+6C11 U+7262 U+5E92 U+7ACB U+8EAB	6	Thương dân sao chẳng lập thân	6	1	傷民牢庒立身	1
LucVanTien1916	nlvnpf-0059 (in mộc bản 1916)	nlvnpf-0059-028	data/LucVanTien1916/pages/images/nlvnpf-0059-028.jpg	7	3	2	data/LucVanTien1916/patches/nlvnpf-0059-028.jpg_3_2.jpg	data/LucVanTien1916/patches_preprocessed/train/nlvnpf-0059-028.jpg_3_2.jpg	train	324.0,153.3,38.7,533.9	当欺𣌝夏筭分爫湄	U+5F53 U+6B3A U+2331D U+590F U+7B6D U+5206 U+722B U+6E44	8	Ðương khi nắng hạ toan phần làm mưa	8	1	当欺𣌝夏筭分爫湄	1
LucVanTien1916	nlvnpf-0059 (in mộc bản 1916)	nlvnpf-0059-028	data/LucVanTien1916/pages/images/nlvnpf-0059-028.jpg	8	4	1	data/LucVanTien1916/patches/nlvnpf-0059-028.jpg_4_1.jpg	data/LucVanTien1916/patches_preprocessed/train/nlvnpf-0059-028.jpg_4_1.jpg	train	284.8,154.6,40.4,533.3	舘浪堯舜課𠸗	U+8218 U+6D6A U+582F U+821C U+8AB2 U+20E17	6	Quán rằng: Nghiêu Thuấn thuở xưa	6	1	舘浪堯舜課𠸗	1
LucVanTien1916	nlvnpf-0059 (in mộc bản 1916)	nlvnpf-0059-028	data/LucVanTien1916/pages/images/nlvnpf-0059-028.jpg	9	4	2	data/LucVanTien1916/patches/nlvnpf-0059-028.jpg_4_2.jpg	data/LucVanTien1916/patches_preprocessed/train/nlvnpf-0059-028.jpg_4_2.jpg	train	284.8,154.6,40.4,533.3	苦垠巢父坤魚許由	U+82E6 U+57A0 U+5DE2 U+7236 U+5764 U+9B5A U+8A31 U+7531	8	Khó ngăn Sào Phủ, khôn ngừa Hứa Do	8	1	苦垠巢父坤魚許由	1
LucVanTien1916	nlvnpf-0059 (in mộc bản 1916)	nlvnpf-0059-028	data/LucVanTien1916/pages/images/nlvnpf-0059-028.jpg	10	5	1	data/LucVanTien1916/patches/nlvnpf-0059-028.jpg_5_1.jpg	data/LucVanTien1916/patches_preprocessed/train/nlvnpf-0059-028.jpg_5_1.jpg	train	244.0,155.2,41.8,533.9	夷齊庒併𢩾周	U+5937 U+9F4A U+5E92 U+4F75 U+22A7E U+5468	6	Di, Tề chẳng tính giúp Châu	6	1	夷齊庒併𢩾周	1
LucVanTien1916	nlvnpf-0059 (in mộc bản 1916)	nlvnpf-0059-028	data/LucVanTien1916/pages/images/nlvnpf-0059-028.jpg	11	5	2	data/LucVanTien1916/patches/nlvnpf-0059-028.jpg_5_2.jpg	data/LucVanTien1916/patches_preprocessed/train/nlvnpf-0059-028.jpg_5_2.jpg	train	244.0,155.2,41.8,533.9	𠬠𨉓𠬠𡶀埃候之埃	U+20B20 U+28253 U+20B20 U+21D80 U+57C3 U+5019 U+4E4B U+57C3	8	Một mình một núi ai hầu chi ai	8	1	𠬠𨉓𠬠𡶀埃候之埃	1
LucVanTien1916	nlvnpf-0059 (in mộc bản 1916)	nlvnpf-0059-028	data/LucVanTien1916/pages/images/nlvnpf-0059-028.jpg	12	6	1	data/LucVanTien1916/patches/nlvnpf-0059-028.jpg_6_1.jpg	data/LucVanTien1916/patches_preprocessed/train/nlvnpf-0059-028.jpg_6_1.jpg	train	205.6,157.0,39.6,532.1	翁伊翁傅揞才	U+7FC1 U+4F0A U+7FC1 U+5085 U+63DE U+624D	6	Ông Y, ông Phó ôm tài	6	1	翁伊翁傅揞才	1
LucVanTien1916	nlvnpf-0059 (in mộc bản 1916)	nlvnpf-0059-028	data/LucVanTien1916/pages/images/nlvnpf-0059-028.jpg	13	6	2	data/LucVanTien1916/patches/nlvnpf-0059-028.jpg_6_2.jpg	data/LucVanTien1916/patches_preprocessed/train/nlvnpf-0059-028.jpg_6_2.jpg	train	205.6,157.0,39.6,532.1	几𦓿𠊛󱃨兑𢙇之饒	U+51E0 U+264FF U+2029B U+F10E8 U+5151 U+22647 U+4E4B U+9952	8	Kẻ cày người cuốc đoái hoài chi nhau	8	1	几𦓿𠊛󱃨兑𢙇之饒	1
LucVanTien1916	nlvnpf-0059 (in mộc bản 1916)	nlvnpf-0059-028	data/LucVanTien1916/pages/images/nlvnpf-0059-028.jpg	14	7	1	data/LucVanTien1916/patches/nlvnpf-0059-028.jpg_7_1.jpg	data/LucVanTien1916/patches_preprocessed/train/nlvnpf-0059-028.jpg_7_1.jpg	train	168.1,157.6,37.9,532.1	太公𠸗𠬠勤鈎	U+592A U+516C U+20E17 U+20B20 U+52E4 U+920E	6	Thái Công xưa một cần câu	6	1	太公𠸗𠬠勤鈎	1
LucVanTien1916	nlvnpf-0059 (in mộc bản 1916)	nlvnpf-0059-028	data/LucVanTien1916/pages/images/nlvnpf-0059-028.jpg	15	7	2	data/LucVanTien1916/patches/nlvnpf-0059-028.jpg_7_2.jpg	data/LucVanTien1916/patches_preprocessed/train/nlvnpf-0059-028.jpg_7_2.jpg	train	168.1,157.6,37.9,532.1	󰉲埋𣳔渭墨油盃制	U+F0272 U+57CB U+23CD4 U+6E2D U+58A8 U+6CB9 U+76C3 U+5236	8	Sớm mai dòng Vị mặc dầu vui chơi	8	1	󰉲埋𣳔渭墨油盃制	1
LucVanTien1916	nlvnpf-0059 (in mộc bản 1916)	nlvnpf-0059-028	data/LucVanTien1916/pages/images/nlvnpf-0059-028.jpg	16	8	1	data/LucVanTien1916/patches/nlvnpf-0059-028.jpg_8_1.jpg	data/LucVanTien1916/patches_preprocessed/train/nlvnpf-0059-028.jpg_8_1.jpg	train	131.7,159.4,39.9,530.9	嚴陵㐌買都排	U+56B4 U+9675 U+340C U+8CB7 U+90FD U+6392	6	Nghiêm Lăng đã mấy đua bày	6	1	嚴陵㐌買都排	1
LucVanTien1916	nlvnpf-0059 (in mộc bản 1916)	nlvnpf-0059-028	data/LucVanTien1916/pages/images/nlvnpf-0059-028.jpg	17	8	2	data/LucVanTien1916/patches/nlvnpf-0059-028.jpg_8_2.jpg	data/LucVanTien1916/patches_preprocessed/train/nlvnpf-0059-028.jpg_8_2.jpg	train	131.7,159.4,39.9,530.9	袄𥯒󰓳𬌓𩂏𡗶俸橷	U+8884 U+25BD2 U+F04F3 U+2C313 U+2908F U+215F6 U+4FF8 U+6A77	8	Áo tơi một tấm che trời bóng dâu	8	1	袄𥯒󰓳𬌓𩂏𡗶俸橷	1
LucVanTien1916	nlvnpf-0059 (in mộc bản 1916)	nlvnpf-0059-028	data/LucVanTien1916/pages/images/nlvnpf-0059-028.jpg	18	9	1	data/LucVanTien1916/patches/nlvnpf-0059-028.jpg_9_1.jpg	data/LucVanTien1916/patches_preprocessed/train/nlvnpf-0059-028.jpg_9_1.jpg	train	95.1,160.1,38.4,528.4	陳平㐌𠇍卢欧	U+9673 U+5E73 U+340C U+201CD U+5362 U+6B27	6	Trần Bình đã mấy lo âu	6	1	陳平㐌𠇍卢欧	1
LucVanTien1916	nlvnpf-0059 (in mộc bản 1916)	nlvnpf-0059-028	data/LucVanTien1916/pages/images/nlvnpf-0059-028.jpg	19	9	2	data/LucVanTien1916/patches/nlvnpf-0059-028.jpg_9_2.jpg	data/LucVanTien1916/patches_preprocessed/train/nlvnpf-0059-028.jpg_9_2.jpg	train	95.1,160.1,38.4,528.4	𫕲𦝄𠬠會公候占包	U+2B572 U+26744 U+20B20 U+6703 U+516C U+5019 U+5360 U+5305	8	Gió trăng một hội, công hầu chiêm bao	8	1	𫕲𦝄𠬠會公候占包	1
LucVanTien1916	nlvnpf-0059 (in mộc bản 1916)	nlvnpf-0059-029	data/LucVanTien1916/pages/images/nlvnpf-0059-029.jpg	0	0	1	data/LucVanTien1916/patches/nlvnpf-0059-029.jpg_0_1.jpg	data/LucVanTien1916/patches_preprocessed/train/nlvnpf-0059-029.jpg_0_1.jpg	train	363.5,149.1,35.8,524.8	𠊛𫢩固恪𠸗芇	U+2029B U+2B8A9 U+56FA U+606A U+20E17 U+8287	6	Người nay có khác xưa nào	6	1	𠊛𫢩固恪𠸗芇	1
LucVanTien1916	nlvnpf-0059 (in mộc bản 1916)	nlvnpf-0059-029	data/LucVanTien1916/pages/images/nlvnpf-0059-029.jpg	1	0	2	data/LucVanTien1916/patches/nlvnpf-0059-029.jpg_0_2.jpg	data/LucVanTien1916/patches_preprocessed/train/nlvnpf-0059-029.jpg_0_2.jpg	train	363.5,149.1,35.8,524.8	悶𠚢埃禁悶𠓨埃垠	U+60B6 U+206A2 U+57C3 U+7981 U+60B6 U+204E8 U+57C3 U+57A0	8	Muốn ra ai cấm, muốn vào ai ngăn	8	1	悶𠚢埃禁悶𠓨埃垠	1
LucVanTien1916	nlvnpf-0059 (in mộc bản 1916)	nlvnpf-0059-029	data/LucVanTien1916/pages/images/nlvnpf-0059-029.jpg	2	1	1	data/LucVanTien1916/patches/nlvnpf-0059-029.jpg_1_1.jpg	data/LucVanTien1916/patches_preprocessed/train/nlvnpf-0059-029.jpg_1_1.jpg	train	325.5,149.1,38.7,526.0	歆浪老舘呐咽	U+6B46 U+6D6A U+8001 U+8218 U+5450 U+54BD	6	Hâm rằng: Lão quán nói nhăng	6	1	歆浪老舘呐咽	1
LucVanTien1916	nlvnpf-0059 (in mộc bản 1916)	nlvnpf-0059-029	data/LucVanTien1916/pages/images/nlvnpf-0059-029.jpg	3	1	2	data/LucVanTien1916/patches/nlvnpf-0059-029.jpg_1_2.jpg	data/LucVanTien1916/patches_preprocessed/val/nlvnpf-0059-029.jpg_1_2.jpg	val	325.5,149.1,38.7,526.0	油朱󰠵𭛣拱繩半𩚵	U+6CB9 U+6731 U+F0835 U+2D6E3 U+62F1 U+7E69 U+534A U+296B5	8	Dẫu cho trải việc cũng thằng bán cơm	8	1	油朱󰠵𭛣拱繩半𩚵	1
LucVanTien1916	nlvnpf-0059 (in mộc bản 1916)	nlvnpf-0059-029	data/LucVanTien1916/pages/images/nlvnpf-0059-029.jpg	4	2	1	data/LucVanTien1916/patches/nlvnpf-0059-029.jpg_2_1.jpg	data/LucVanTien1916/patches_preprocessed/train/nlvnpf-0059-029.jpg_2_1.jpg	train	286.7,149.1,39.9,529.0	󱖺󰻩蹺分󱖺󰻩	U+F15BA U+F0EE9 U+8E7A U+5206 U+F15BA U+F0EE9	6	Gối rơm theo phận gối rơm	6	1	󱖺󰻩蹺分󱖺󰻩	1
LucVanTien1916	nlvnpf-0059 (in mộc bản 1916)	nlvnpf-0059-029	data/LucVanTien1916/pages/images/nlvnpf-0059-029.jpg	5	2	2	data/LucVanTien1916/patches/nlvnpf-0059-029.jpg_2_2.jpg	data/LucVanTien1916/patches_preprocessed/train/nlvnpf-0059-029.jpg_2_2.jpg	train	286.7,149.1,39.9,529.0	固󰠲󰡎湿麻淡𨖲高	U+56FA U+F0832 U+F084E U+6E7F U+9EBB U+6DE1 U+285B2 U+9AD8	8	Có đâu dưới thấp mà đầm lên caọ	8	1	固󰠲󰡎湿麻淡𨖲高	1
LucVanTien1916	nlvnpf-0059 (in mộc bản 1916)	nlvnpf-0059-029	data/LucVanTien1916/pages/images/nlvnpf-0059-029.jpg	6	3	1	data/LucVanTien1916/patches/nlvnpf-0059-029.jpg_3_1.jpg	data/LucVanTien1916/patches_preprocessed/train/nlvnpf-0059-029.jpg_3_1.jpg	train	246.8,149.1,41.0,529.3	舘浪𩅀𤎜湄滛	U+8218 U+6D6A U+29140 U+2439C U+6E44 U+6EDB	6	Quán rằng: Chớp rạng mưa rào	6	1	舘浪𩅀𤎜湄滛	1
LucVanTien1916	nlvnpf-0059 (in mộc bản 1916)	nlvnpf-0059-029	data/LucVanTien1916/pages/images/nlvnpf-0059-029.jpg	7	3	2	data/LucVanTien1916/patches/nlvnpf-0059-029.jpg_3_2.jpg	data/LucVanTien1916/patches_preprocessed/train/nlvnpf-0059-029.jpg_3_2.jpg	train	246.8,149.1,41.0,529.3	螠𡎢𦨢汫𧡊包饒𡗶	U+87A0 U+213A2 U+26A22 U+6C6B U+2784A U+5305 U+9952 U+215F6	8	Ếnh ngồi đáy giếng thấy bao nhiêu trời	8	1	螠𡎢𦨢汫𧡊包饒𡗶	1
LucVanTien1916	nlvnpf-0059 (in mộc bản 1916)	nlvnpf-0059-029	data/LucVanTien1916/pages/images/nlvnpf-0059-029.jpg	8	4	1	data/LucVanTien1916/patches/nlvnpf-0059-029.jpg_4_1.jpg	data/LucVanTien1916/patches_preprocessed/train/nlvnpf-0059-029.jpg_4_1.jpg	train	207.3,149.7,41.7,528.4	滝溇󰠩𣷮請台	U+6EDD U+6E87 U+F0829 U+23DEE U+8ACB U+53F0	6	Sông sâu cá lội thảnh thơi	6	1	滝溇󰠩𣷮請台	1
LucVanTien1916	nlvnpf-0059 (in mộc bản 1916)	nlvnpf-0059-029	data/LucVanTien1916/pages/images/nlvnpf-0059-029.jpg	9	4	2	data/LucVanTien1916/patches/nlvnpf-0059-029.jpg_4_2.jpg	data/LucVanTien1916/patches_preprocessed/train/nlvnpf-0059-029.jpg_4_2.jpg	train	207.3,149.7,41.7,528.4	䀡𠄩昆𬑉㐌碍如珠	U+4021 U+20129 U+6606 U+2C449 U+340C U+788D U+5982 U+73E0	8	Xem hai con mắt đã ngời như châu	8	1	䀡𠄩昆𬑉㐌碍如珠	1
LucVanTien1916	nlvnpf-0059 (in mộc bản 1916)	nlvnpf-0059-029	data/LucVanTien1916/pages/images/nlvnpf-0059-029.jpg	10	5	1	data/LucVanTien1916/patches/nlvnpf-0059-029.jpg_5_1.jpg	data/LucVanTien1916/patches_preprocessed/train/nlvnpf-0059-029.jpg_5_1.jpg	train	168.0,148.4,40.6,531.5	拠嘹弹𢭮𦖻𬌥	U+62E0 U+5639 U+5F39 U+22B6E U+265BB U+2C325	6	Cứ liều đàn gảy tai trâu	6	1	拠嘹弹𢭮𦖻𬌥	1
LucVanTien1916	nlvnpf-0059 (in mộc bản 1916)	nlvnpf-0059-029	data/LucVanTien1916/pages/images/nlvnpf-0059-029.jpg	11	5	2	data/LucVanTien1916/patches/nlvnpf-0059-029.jpg_5_2.jpg	data/LucVanTien1916/patches_preprocessed/train/nlvnpf-0059-029.jpg_5_2.jpg	train	168.0,148.4,40.6,531.5	渃滈頭𪇴𢪀𥹰𠽋唭	U+6E03 U+6EC8 U+982D U+2A1F4 U+22A80 U+25E70 U+20F4B U+552D	8	Nước xao đầu vịt nghĩ lâu nực cườị	8	1	渃滈頭𪇴𢪀𥹰𠽋唭	1
LucVanTien1916	nlvnpf-0059 (in mộc bản 1916)	nlvnpf-0059-029	data/LucVanTien1916/pages/images/nlvnpf-0059-029.jpg	12	6	1	data/LucVanTien1916/patches/nlvnpf-0059-029.jpg_6_1.jpg	data/LucVanTien1916/patches_preprocessed/train/nlvnpf-0059-029.jpg_6_1.jpg	train	131.7,149.7,36.7,529.6	仙浪翁舘渚唭	U+4ED9 U+6D6A U+7FC1 U+8218 U+6E1A U+552D	6	Tiên rằng: Ông quán chớ cười	6	1	仙浪翁舘渚唭	1
LucVanTien1916	nlvnpf-0059 (in mộc bản 1916)	nlvnpf-0059-029	data/LucVanTien1916/pages/images/nlvnpf-0059-029.jpg	13	6	2	data/LucVanTien1916/patches/nlvnpf-0059-029.jpg_6_2.jpg	data/LucVanTien1916/patches_preprocessed/val/nlvnpf-0059-029.jpg_6_2.jpg	val	131.7,149.7,36.7,529.6	低它𤑟別仍𠊛竹林	U+4F4E U+5B83 U+2445F U+5225 U+4ECD U+2029B U+7AF9 U+6797	8	Ðây đà rõ biết những người trúc lâm	8	1	低它𤑟別仍𠊛竹林	1
LucVanTien1916	nlvnpf-0059 (in mộc bản 1916)	nlvnpf-0059-029	data/LucVanTien1916/pages/images/nlvnpf-0059-029.jpg	14	7	1	data/LucVanTien1916/patches/nlvnpf-0059-029.jpg_7_1.jpg	data/LucVanTien1916/patches_preprocessed/train/nlvnpf-0059-029.jpg_7_1.jpg	train	93.8,149.1,41.1,532.1	󰠃饒結伴同心	U+F0803 U+9952 U+7D50 U+4F34 U+540C U+5FC3	6	Cùng nhau kết bạn đồng tâm	6	1	󰠃饒結伴同心	1
LucVanTien1916	nlvnpf-0059 (in mộc bản 1916)	nlvnpf-0059-029	data/LucVanTien1916/pages/images/nlvnpf-0059-029.jpg	15	7	2	data/LucVanTien1916/patches/nlvnpf-0059-029.jpg_7_2.jpg	data/LucVanTien1916/patches_preprocessed/train/nlvnpf-0059-029.jpg_7_2.jpg	train	93.8,149.1,41.1,532.1	欺棋欺𨢇欺琴欺詩	U+6B3A U+68CB U+6B3A U+28887 U+6B3A U+7434 U+6B3A U+8A69	8	Khi cờ, khi rượu, khi cầm, khi thi	8	1	欺棋欺𨢇欺琴欺詩	1
LucVanTien1916	nlvnpf-0059 (in mộc bản 1916)	nlvnpf-0059-029	data/LucVanTien1916/pages/images/nlvnpf-0059-029.jpg	16	8	1	data/LucVanTien1916/patches/nlvnpf-0059-029.jpg_8_1.jpg	data/LucVanTien1916/patches_preprocessed/train/nlvnpf-0059-029.jpg_8_1.jpg	train	57.2,148.8,38.9,532.9	功名富貴爫之	U+529F U+540D U+5BCC U+8CB4 U+722B U+4E4B	6	Công danh phú quý làm chi	6	1	功名富貴爫之	1
LucVanTien1916	nlvnpf-0059 (in mộc bản 1916)	nlvnpf-0059-029	data/LucVanTien1916/pages/images/nlvnpf-0059-029.jpg	17	8	2	data/LucVanTien1916/patches/nlvnpf-0059-029.jpg_8_2.jpg	data/LucVanTien1916/patches_preprocessed/val/nlvnpf-0059-029.jpg_8_2.jpg	val	57.2,148.8,38.9,532.9	庒朋從且點欺盃𢚸	U+5E92 U+670B U+5F9E U+4E14 U+9EDE U+6B3A U+76C3 U+226B8	8	Chẳng bằng thong thả điểm khi vui long	8	1	庒朋從且點欺盃𢚸	1
LucVanTien1916	nlvnpf-0059 (in mộc bản 1916)	nlvnpf-0059-029	data/LucVanTien1916/pages/images/nlvnpf-0059-029.jpg	18	9	1	data/LucVanTien1916/patches/nlvnpf-0059-029.jpg_9_1.jpg	data/LucVanTien1916/patches_preprocessed/train/nlvnpf-0059-029.jpg_9_1.jpg	train	20.6,146.6,38.6,536.4	舘浪妬別𧘇低	U+8218 U+6D6A U+59AC U+5225 U+27607 U+4F4E	6	Quán rằng: Ðó biết ý đây	6	1	舘浪妬別𧘇低	1
LucVanTien1916	nlvnpf-0059 (in mộc bản 1916)	nlvnpf-0059-029	data/LucVanTien1916/pages/images/nlvnpf-0059-029.jpg	19	9	2	data/LucVanTien1916/patches/nlvnpf-0059-029.jpg_9_2.jpg	data/LucVanTien1916/patches_preprocessed/train/nlvnpf-0059-029.jpg_9_2.jpg	train	20.6,146.6,38.6,536.4	𢈱箕㐌罕𨢇尼賞朱	U+22231 U+7B95 U+340C U+7F55 U+28887 U+5C3C U+8CDE U+6731	8	Lời kia đã hãn rượu này thưởng chọ	8	1	𢈱箕㐌罕𨢇尼賞朱	1
LucVanTien1916	nlvnpf-0059 (in mộc bản 1916)	nlvnpf-0059-030	data/LucVanTien1916/pages/images/nlvnpf-0059-030.jpg	0	0	1	data/LucVanTien1916/patches/nlvnpf-0059-030.jpg_0_1.jpg	data/LucVanTien1916/patches_preprocessed/train/nlvnpf-0059-030.jpg_0_1.jpg	train	436.1,145.5,36.0,539.3	郑歆󰑼𫯍󰪟都	U+90D1 U+6B46 U+F047C U+2BBCD U+F0A9F U+90FD	6	Trịnh Hâm là đứa so đo	6	1	郑歆󰑼𫯍󰪟都	1
LucVanTien1916	nlvnpf-0059 (in mộc bản 1916)	nlvnpf-0059-030	data/LucVanTien1916/pages/images/nlvnpf-0059-030.jpg	1	0	2	data/LucVanTien1916/patches/nlvnpf-0059-030.jpg_0_2.jpg	data/LucVanTien1916/patches_preprocessed/train/nlvnpf-0059-030.jpg_0_2.jpg	train	436.1,145.5,36.0,539.3	𧡊仙𦍛意侵卢冲𢚸	U+2784A U+4ED9 U+2635B U+610F U+4FB5 U+5362 U+51B2 U+226B8	8	Thấy Tiên dường ấy xâm lo trong long	8	1	𧡊仙𦍛意侵卢冲𢚸	1
LucVanTien1916	nlvnpf-0059 (in mộc bản 1916)	nlvnpf-0059-030	data/LucVanTien1916/pages/images/nlvnpf-0059-030.jpg	2	1	1	data/LucVanTien1916/patches/nlvnpf-0059-030.jpg_1_1.jpg	data/LucVanTien1916/patches_preprocessed/train/nlvnpf-0059-030.jpg_1_1.jpg	train	399.9,146.9,35.6,537.9	科尼仙乙𢧚功	U+79D1 U+5C3C U+4ED9 U+4E59 U+229DA U+529F	6	Khoa này Tiên ắt nên công	6	1	科尼仙乙𢧚功	1
LucVanTien1916	nlvnpf-0059 (in mộc bản 1916)	nlvnpf-0059-030	data/LucVanTien1916/pages/images/nlvnpf-0059-030.jpg	3	1	2	data/LucVanTien1916/patches/nlvnpf-0059-030.jpg_1_2.jpg	data/LucVanTien1916/patches_preprocessed/val/nlvnpf-0059-030.jpg_1_2.jpg	val	399.9,146.9,35.6,537.9	歆油固杜拱空𢧚耒	U+6B46 U+6CB9 U+56FA U+675C U+62F1 U+7A7A U+229DA U+8012	8	Hâm dầu có đỗ cũng không nên rồị	8	1	歆油固杜拱空𢧚耒	1
LucVanTien1916	nlvnpf-0059 (in mộc bản 1916)	nlvnpf-0059-030	data/LucVanTien1916/pages/images/nlvnpf-0059-030.jpg	4	2	1	data/LucVanTien1916/patches/nlvnpf-0059-030.jpg_2_1.jpg	data/LucVanTien1916/patches_preprocessed/train/nlvnpf-0059-030.jpg_2_1.jpg	train	360.7,147.4,39.0,538.6	𠇮群𢪀𭛣細𨆢	U+201EE U+7FA4 U+22A80 U+2D6E3 U+7D30 U+281A2	6	Mình còn nghĩ việc tới lui	6	1	𠇮群𢪀𭛣細𨆢	1
LucVanTien1916	nlvnpf-0059 (in mộc bản 1916)	nlvnpf-0059-030	data/LucVanTien1916/pages/images/nlvnpf-0059-030.jpg	5	2	2	data/LucVanTien1916/patches/nlvnpf-0059-030.jpg_2_2.jpg	data/LucVanTien1916/patches_preprocessed/train/nlvnpf-0059-030.jpg_2_2.jpg	train	360.7,147.4,39.0,538.6	𠫾䀡榜𨴦󰠯傕𠓨塲	U+20AFE U+4021 U+699C U+28D26 U+F082F U+5095 U+204E8 U+5872	8	Đi xem bảng cửa trống thôi vào trường.	8	1	𠫾䀡榜𨴦󰠯傕𠓨塲	1
LucVanTien1916	nlvnpf-0059 (in mộc bản 1916)	nlvnpf-0059-030	data/LucVanTien1916/pages/images/nlvnpf-0059-030.jpg	6	3	1	data/LucVanTien1916/patches/nlvnpf-0059-030.jpg_3_1.jpg	data/LucVanTien1916/patches_preprocessed/train/nlvnpf-0059-030.jpg_3_1.jpg	train	324.2,147.7,36.9,539.7	几硯𠊛笈質塘	U+51E0 U+786F U+2029B U+7B08 U+8CEA U+5858	6	Kẻ nghiên, người cặp chất đường	6	1	几硯𠊛笈質塘	1
LucVanTien1916	nlvnpf-0059 (in mộc bản 1916)	nlvnpf-0059-030	data/LucVanTien1916/pages/images/nlvnpf-0059-030.jpg	7	3	2	data/LucVanTien1916/patches/nlvnpf-0059-030.jpg_3_2.jpg	data/LucVanTien1916/patches_preprocessed/train/nlvnpf-0059-030.jpg_3_2.jpg	train	324.2,147.7,36.9,539.7	潦滈屡罷𣳔𣳔屢𠀧	U+6F66 U+6EC8 U+5C61 U+7F77 U+23CD4 U+23CD4 U+5C62 U+20027	8	Lao xao lũ bảy ròng ròng lũ bạ	8	1	潦滈屡罷𣳔𣳔屢𠀧	1
LucVanTien1916	nlvnpf-0059 (in mộc bản 1916)	nlvnpf-0059-030	data/LucVanTien1916/pages/images/nlvnpf-0059-030.jpg	8	4	1	data/LucVanTien1916/patches/nlvnpf-0059-030.jpg_4_1.jpg	data/LucVanTien1916/patches_preprocessed/train/nlvnpf-0059-030.jpg_4_1.jpg	train	285.7,149.8,39.4,538.1	云仙𣃣𨀈蹎𦋦	U+4E91 U+4ED9 U+230E3 U+28008 U+8E4E U+262E6	6	Vân Tiên vừa bước chân ra	6	1	云仙𣃣𨀈蹎𦋦	1
LucVanTien1916	nlvnpf-0059 (in mộc bản 1916)	nlvnpf-0059-030	data/LucVanTien1916/pages/images/nlvnpf-0059-030.jpg	9	4	2	data/LucVanTien1916/patches/nlvnpf-0059-030.jpg_4_2.jpg	data/LucVanTien1916/patches_preprocessed/val/nlvnpf-0059-030.jpg_4_2.jpg	val	285.7,149.8,39.4,538.1	丿󰦓𠫾﨤信茄󰝂书	U+4E3F U+F0993 U+20AFE U+FA24 U+4FE1 U+8304 U+F0742 U+4E66	8	Phút đâu đi gặp tin nhà đem thư	8	1	丿󰦓𠫾﨤信茄󰝂书	1
LucVanTien1916	nlvnpf-0059 (in mộc bản 1916)	nlvnpf-0059-030	data/LucVanTien1916/pages/images/nlvnpf-0059-030.jpg	10	5	1	data/LucVanTien1916/patches/nlvnpf-0059-030.jpg_5_1.jpg	data/LucVanTien1916/patches_preprocessed/train/nlvnpf-0059-030.jpg_5_1.jpg	train	243.6,151.5,41.3,537.0	󰡠封䀡幅𬌓书	U+F0860 U+5C01 U+4021 U+5E45 U+2C313 U+4E66	6	Mở phong xem bức tấm thư	6	1	󰡠封䀡幅𬌓书	1
LucVanTien1916	nlvnpf-0059 (in mộc bản 1916)	nlvnpf-0059-030	data/LucVanTien1916/pages/images/nlvnpf-0059-030.jpg	11	5	2	data/LucVanTien1916/patches/nlvnpf-0059-030.jpg_5_2.jpg	data/LucVanTien1916/patches_preprocessed/val/nlvnpf-0059-030.jpg_5_2.jpg	val	243.6,151.5,41.3,537.0	𨉓沙𠖈坦𠬠徐𠻨𠽐	U+28253 U+6C99 U+20588 U+5766 U+20B20 U+5F90 U+20EE8 U+20F50	8	Mình sa xuống đất một giờ ngẩn ngơ.	8	1	𨉓沙𠖈坦𠬠徐𠻨𠽐	1
LucVanTien1916	nlvnpf-0059 (in mộc bản 1916)	nlvnpf-0059-030	data/LucVanTien1916/pages/images/nlvnpf-0059-030.jpg	12	6	1	data/LucVanTien1916/patches/nlvnpf-0059-030.jpg_6_1.jpg	data/LucVanTien1916/patches_preprocessed/train/nlvnpf-0059-030.jpg_6_1.jpg	train	206.9,155.9,40.1,533.3	伴皮埃乃巴潙	U+4F34 U+76AE U+57C3 U+4E43 U+5DF4 U+6F59	6	Bạn bè ai nấy bơ vơ	6	1	伴皮埃乃巴潙	1
LucVanTien1916	nlvnpf-0059 (in mộc bản 1916)	nlvnpf-0059-030	data/LucVanTien1916/pages/images/nlvnpf-0059-030.jpg	13	6	2	data/LucVanTien1916/patches/nlvnpf-0059-030.jpg_6_2.jpg	data/LucVanTien1916/patches_preprocessed/train/nlvnpf-0059-030.jpg_6_2.jpg	train	206.9,155.9,40.1,533.3	哙𦋦買別母慈𧗱圭	U+54D9 U+262E6 U+8CB7 U+5225 U+6BCD U+6148 U+275F1 U+572D	8	Hỏi ra mới biết mẫu từ về quê	8	1	哙𦋦買別母慈𧗱圭	1
LucVanTien1916	nlvnpf-0059 (in mộc bản 1916)	nlvnpf-0059-030	data/LucVanTien1916/pages/images/nlvnpf-0059-030.jpg	14	7	1	data/LucVanTien1916/patches/nlvnpf-0059-030.jpg_7_1.jpg	data/LucVanTien1916/patches_preprocessed/train/nlvnpf-0059-030.jpg_7_1.jpg	train	171.4,156.9,36.8,532.2	直浪󰞿渚𠶑𠲖	U+76F4 U+6D6A U+F07BF U+6E1A U+20D91 U+20C96	6	Trực rằng: anh chớ ủ ê	6	1	直浪󰞿渚𠶑𠲖	1
LucVanTien1916	nlvnpf-0059 (in mộc bản 1916)	nlvnpf-0059-030	data/LucVanTien1916/pages/images/nlvnpf-0059-030.jpg	15	7	2	data/LucVanTien1916/patches/nlvnpf-0059-030.jpg_7_2.jpg	data/LucVanTien1916/patches_preprocessed/train/nlvnpf-0059-030.jpg_7_2.jpg	train	171.4,156.9,36.8,532.2	嗔𠓨冲舘定皮󰆕家	U+55D4 U+204E8 U+51B2 U+8218 U+5B9A U+76AE U+F0195 U+5BB6	8	Xin vào trong quán định bề quy gia	8	1	嗔𠓨冲舘定皮󰆕家	1
LucVanTien1916	nlvnpf-0059 (in mộc bản 1916)	nlvnpf-0059-030	data/LucVanTien1916/pages/images/nlvnpf-0059-030.jpg	16	8	1	data/LucVanTien1916/patches/nlvnpf-0059-030.jpg_8_1.jpg	data/LucVanTien1916/patches_preprocessed/train/nlvnpf-0059-030.jpg_8_1.jpg	train	132.1,154.6,41.7,532.8	小童咀問嘆𨱽	U+5C0F U+7AE5 U+5480 U+554F U+5606 U+28C7D	6	Tiểu đồng thở vắn than dài	6	1	小童咀問嘆𨱽	1
LucVanTien1916	nlvnpf-0059 (in mộc bản 1916)	nlvnpf-0059-030	data/LucVanTien1916/pages/images/nlvnpf-0059-030.jpg	17	8	2	data/LucVanTien1916/patches/nlvnpf-0059-030.jpg_8_2.jpg	data/LucVanTien1916/patches_preprocessed/train/nlvnpf-0059-030.jpg_8_2.jpg	train	132.1,154.6,41.7,532.8	𡗶牢女負仍才𠊚𣦍	U+215F6 U+7262 U+5973 U+8CA0 U+4ECD U+624D U+2029A U+2398D	8	Trời sao nỡ phụ những tài người ngay	8	1	𡗶牢女負仍才𠊚𣦍	1
LucVanTien1916	nlvnpf-0059 (in mộc bản 1916)	nlvnpf-0059-030	data/LucVanTien1916/pages/images/nlvnpf-0059-030.jpg	18	9	1	data/LucVanTien1916/patches/nlvnpf-0059-030.jpg_9_1.jpg	data/LucVanTien1916/patches_preprocessed/train/nlvnpf-0059-030.jpg_9_1.jpg	train	98.9,157.0,35.8,532.3	直浪㐌細浽尼	U+76F4 U+6D6A U+340C U+7D30 U+6D7D U+5C3C	6	Trực rằng: Ðã tới nỗi này	6	1	直浪㐌細浽尼	1
LucVanTien1916	nlvnpf-0059 (in mộc bản 1916)	nlvnpf-0059-030	data/LucVanTien1916/pages/images/nlvnpf-0059-030.jpg	19	9	2	data/LucVanTien1916/patches/nlvnpf-0059-030.jpg_9_2.jpg	data/LucVanTien1916/patches_preprocessed/train/nlvnpf-0059-030.jpg_9_2.jpg	train	98.9,157.0,35.8,532.3	小童𤽗唉爫𢗃渚繁	U+5C0F U+7AE5 U+24F57 U+5509 U+722B U+225C3 U+6E1A U+7E41	8	Tiểu đồng ngươi hãy làm khuây chớ phiền	8	1	小童𤽗唉爫𢗃渚繁	1
LucVanTien1916	nlvnpf-0059 (in mộc bản 1916)	nlvnpf-0059-031	data/LucVanTien1916/pages/images/nlvnpf-0059-031.jpg	0	0	1	data/LucVanTien1916/patches/nlvnpf-0059-031.jpg_0_1.jpg	data/LucVanTien1916/patches_preprocessed/train/nlvnpf-0059-031.jpg_0_1.jpg	train	362.5,135.4,35.7,535.8	󰉺卢𡨹役茦湯	U+F027A U+5362 U+21A39 U+5F79 U+8326 U+6E6F	6	Sớm lo giữ việc thuốc thang	6	1	󰉺卢𡨹役茦湯	1
LucVanTien1916	nlvnpf-0059 (in mộc bản 1916)	nlvnpf-0059-031	data/LucVanTien1916/pages/images/nlvnpf-0059-031.jpg	1	0	2	data/LucVanTien1916/patches/nlvnpf-0059-031.jpg_0_2.jpg	data/LucVanTien1916/patches_preprocessed/train/nlvnpf-0059-031.jpg_0_2.jpg	train	362.5,135.4,35.7,535.8	除些𨅌𣇊𦋦塲𠱊咍	U+9664 U+4E9B U+2814C U+231CA U+262E6 U+5872 U+20C4A U+548D	8	Chờ ta vài bữa ra trường sẽ hay	8	1	除些𨅌𣇊𦋦塲𠱊咍	1
LucVanTien1916	nlvnpf-0059 (in mộc bản 1916)	nlvnpf-0059-031	data/LucVanTien1916/pages/images/nlvnpf-0059-031.jpg	2	1	1	data/LucVanTien1916/patches/nlvnpf-0059-031.jpg_1_1.jpg	data/LucVanTien1916/patches_preprocessed/train/nlvnpf-0059-031.jpg_1_1.jpg	train	326.2,140.9,37.9,534.4	闭徐急逴署埋	U+95ED U+5F90 U+6025 U+9034 U+7F72 U+57CB	6	Bây giờ kíp rước thợ may	6	1	闭徐急逴署埋	1
LucVanTien1916	nlvnpf-0059 (in mộc bản 1916)	nlvnpf-0059-031	data/LucVanTien1916/pages/images/nlvnpf-0059-031.jpg	3	1	2	data/LucVanTien1916/patches/nlvnpf-0059-031.jpg_1_2.jpg	data/LucVanTien1916/patches_preprocessed/train/nlvnpf-0059-031.jpg_1_2.jpg	train	326.2,140.9,37.9,534.4	懺龱成服内㝵朱衝	U+61FA U+9FB1 U+6210 U+670D U+5185 U+3775 U+6731 U+885D	8	Sắm đồ thành phục nội ngày cho xong	8	1	懺龱成服内㝵朱衝	1
LucVanTien1916	nlvnpf-0059 (in mộc bản 1916)	nlvnpf-0059-031	data/LucVanTien1916/pages/images/nlvnpf-0059-031.jpg	4	2	1	data/LucVanTien1916/patches/nlvnpf-0059-031.jpg_2_1.jpg	data/LucVanTien1916/patches_preprocessed/train/nlvnpf-0059-031.jpg_2_1.jpg	train	290.1,138.5,38.4,536.2	𦀊篮帽󰺔袄縫	U+2600A U+7BEE U+5E3D U+F0E94 U+8884 U+7E2B	6	Dây rơm mũ trắng áo phùng	6	1	𦀊篮帽󰺔袄縫	1
LucVanTien1916	nlvnpf-0059 (in mộc bản 1916)	nlvnpf-0059-031	data/LucVanTien1916/pages/images/nlvnpf-0059-031.jpg	5	2	2	data/LucVanTien1916/patches/nlvnpf-0059-031.jpg_2_2.jpg	data/LucVanTien1916/patches_preprocessed/val/nlvnpf-0059-031.jpg_2_2.jpg	val	290.1,138.5,38.4,536.2	拠蹺冲礼文公麻爫	U+62E0 U+8E7A U+51B2 U+793C U+6587 U+516C U+9EBB U+722B	8	Cứ theo trong lễ Văn công mà làm.	8	1	拠蹺冲礼文公麻爫	1
LucVanTien1916	nlvnpf-0059 (in mộc bản 1916)	nlvnpf-0059-031	data/LucVanTien1916/pages/images/nlvnpf-0059-031.jpg	6	3	1	data/LucVanTien1916/patches/nlvnpf-0059-031.jpg_3_1.jpg	data/LucVanTien1916/patches_preprocessed/train/nlvnpf-0059-031.jpg_3_1.jpg	train	253.1,140.9,41.1,536.9	嘆浪媄北昆南	U+5606 U+6D6A U+5A84 U+5317 U+6606 U+5357	6	Than rằng: mẹ Bắc con Nam	6	1	嘆浪媄北昆南	1
LucVanTien1916	nlvnpf-0059 (in mộc bản 1916)	nlvnpf-0059-031	data/LucVanTien1916/pages/images/nlvnpf-0059-031.jpg	7	3	2	data/LucVanTien1916/patches/nlvnpf-0059-031.jpg_3_2.jpg	data/LucVanTien1916/patches_preprocessed/train/nlvnpf-0059-031.jpg_3_2.jpg	train	253.1,140.9,41.1,536.9	渃󰝶瀋匕㐌甘𥐧󰀩	U+6E03 U+F0776 U+700B U+5315 U+340C U+7518 U+25427 U+F0029	8	Nước non thăm thẳm đã cam lỗi nghì	8	1	渃󰝶瀋匕㐌甘𥐧󰀩	1
LucVanTien1916	nlvnpf-0059 (in mộc bản 1916)	nlvnpf-0059-031	data/LucVanTien1916/pages/images/nlvnpf-0059-031.jpg	8	4	1	data/LucVanTien1916/patches/nlvnpf-0059-031.jpg_4_1.jpg	data/LucVanTien1916/patches_preprocessed/train/nlvnpf-0059-031.jpg_4_1.jpg	train	211.6,142.8,40.9,536.9	冲𠇮空𦑃空𡆫	U+51B2 U+201EE U+7A7A U+26443 U+7A7A U+211AB	6	Trong mình không cánh không vây	6	1	冲𠇮空𦑃空𡆫	1
LucVanTien1916	nlvnpf-0059 (in mộc bản 1916)	nlvnpf-0059-031	data/LucVanTien1916/pages/images/nlvnpf-0059-031.jpg	9	4	2	data/LucVanTien1916/patches/nlvnpf-0059-031.jpg_4_2.jpg	data/LucVanTien1916/patches_preprocessed/train/nlvnpf-0059-031.jpg_4_2.jpg	train	211.6,142.8,40.9,536.9	𥙩之㳻淡𥙩夷奔䘮	U+25669 U+4E4B U+3CFB U+6DE1 U+25669 U+5937 U+5954 U+462E	8	Lấy chi tách dặm lấy gì bôn tang	8	1	𥙩之㳻淡𥙩夷奔䘮	1
LucVanTien1916	nlvnpf-0059 (in mộc bản 1916)	nlvnpf-0059-031	data/LucVanTien1916/pages/images/nlvnpf-0059-031.jpg	10	5	1	data/LucVanTien1916/patches/nlvnpf-0059-031.jpg_5_1.jpg	data/LucVanTien1916/patches_preprocessed/train/nlvnpf-0059-031.jpg_5_1.jpg	train	169.7,144.0,41.8,539.0	尋官麻吏﨤䘮	U+5C0B U+5B98 U+9EBB U+540F U+FA24 U+462E	6	Tìm quan mà lại gặp tang	6	1	尋官麻吏﨤䘮	1
LucVanTien1916	nlvnpf-0059 (in mộc bản 1916)	nlvnpf-0059-031	data/LucVanTien1916/pages/images/nlvnpf-0059-031.jpg	11	5	2	data/LucVanTien1916/patches/nlvnpf-0059-031.jpg_5_2.jpg	data/LucVanTien1916/patches_preprocessed/train/nlvnpf-0059-031.jpg_5_2.jpg	train	169.7,144.0,41.8,539.0	𠻨𠽐𠊛扵呂廊𠊛𠫾	U+20EE8 U+20F50 U+2029B U+6275 U+5442 U+5ECA U+2029B U+20AFE	8	Ngẩn ngơ người ở, lỡ làng người đị	8	1	𠻨𠽐𠊛扵呂廊𠊛𠫾	1
LucVanTien1916	nlvnpf-0059 (in mộc bản 1916)	nlvnpf-0059-031	data/LucVanTien1916/pages/images/nlvnpf-0059-031.jpg	12	6	1	data/LucVanTien1916/patches/nlvnpf-0059-031.jpg_6_1.jpg	data/LucVanTien1916/patches_preprocessed/train/nlvnpf-0059-031.jpg_6_1.jpg	train	133.0,142.8,39.6,541.1	𠬠𠇮𡗶坦禁之	U+20B20 U+201EE U+215F6 U+5766 U+7981 U+4E4B	6	Một mình trời đất cấm chi	6	1	𠬠𠇮𡗶坦禁之	1
LucVanTien1916	nlvnpf-0059 (in mộc bản 1916)	nlvnpf-0059-031	data/LucVanTien1916/pages/images/nlvnpf-0059-031.jpg	13	6	2	data/LucVanTien1916/patches/nlvnpf-0059-031.jpg_6_2.jpg	data/LucVanTien1916/patches_preprocessed/train/nlvnpf-0059-031.jpg_6_2.jpg	train	133.0,142.8,39.6,541.1	𬁖移物𠲝群夷麻蒙	U+2C056 U+79FB U+7269 U+20C9D U+7FA4 U+5937 U+9EBB U+8499	8	Sao dời, vật đổi còn gì mà mong	8	1	𬁖移物𠲝群夷麻蒙	1
LucVanTien1916	nlvnpf-0059 (in mộc bản 1916)	nlvnpf-0059-031	data/LucVanTien1916/pages/images/nlvnpf-0059-031.jpg	14	7	1	data/LucVanTien1916/patches/nlvnpf-0059-031.jpg_7_1.jpg	data/LucVanTien1916/patches_preprocessed/train/nlvnpf-0059-031.jpg_7_1.jpg	train	96.9,143.4,40.0,539.9	𠄩行渃𬑉𣳔匕	U+20129 U+884C U+6E03 U+2C449 U+23CD4 U+5315	6	Hai hàng nước mắt ròng ròng	6	1	𠄩行渃𬑉𣳔匕	1
LucVanTien1916	nlvnpf-0059 (in mộc bản 1916)	nlvnpf-0059-031	data/LucVanTien1916/pages/images/nlvnpf-0059-031.jpg	15	7	2	data/LucVanTien1916/patches/nlvnpf-0059-031.jpg_7_2.jpg	data/LucVanTien1916/patches_preprocessed/train/nlvnpf-0059-031.jpg_7_2.jpg	train	96.9,143.4,40.0,539.9	想包饒吏𤴬𢚸闭饒	U+60F3 U+5305 U+9952 U+540F U+24D2C U+226B8 U+95ED U+9952	8	Tưởng bao nhiêu lại đau lòng bấy nhiêu	8	1	想包饒吏𤴬𢚸闭饒	1
LucVanTien1916	nlvnpf-0059 (in mộc bản 1916)	nlvnpf-0059-031	data/LucVanTien1916/pages/images/nlvnpf-0059-031.jpg	16	8	1	data/LucVanTien1916/patches/nlvnpf-0059-031.jpg_8_1.jpg	data/LucVanTien1916/patches_preprocessed/train/nlvnpf-0059-031.jpg_8_1.jpg	train	61.4,145.8,38.7,538.1	競󱏹包󰓞𩙌漂	U+7AF6 U+F13F9 U+5305 U+F04DE U+2964C U+6F02	6	Cánh buồm bao quản gió xiêu	6	1	競󱏹包󰓞𩙌漂	1
LucVanTien1916	nlvnpf-0059 (in mộc bản 1916)	nlvnpf-0059-031	data/LucVanTien1916/pages/images/nlvnpf-0059-031.jpg	17	8	2	data/LucVanTien1916/patches/nlvnpf-0059-031.jpg_8_2.jpg	data/LucVanTien1916/patches_preprocessed/val/nlvnpf-0059-031.jpg_8_2.jpg	val	61.4,145.8,38.7,538.1	𢪀浪渃沚𠃩朝𦛌𤴬	U+22A80 U+6D6A U+6E03 U+6C9A U+200E9 U+671D U+266CC U+24D2C	8	Nghĩ rằng nước chảy , chín chiều ruột đaụ	9	0	𢪀浪渃沚𠃩朝𦛌𤴬	1
LucVanTien1916	nlvnpf-0059 (in mộc bản 1916)	nlvnpf-0059-031	data/LucVanTien1916/pages/images/nlvnpf-0059-031.jpg	18	9	1	data/LucVanTien1916/patches/nlvnpf-0059-031.jpg_9_1.jpg	data/LucVanTien1916/patches_preprocessed/train/nlvnpf-0059-031.jpg_9_1.jpg	train	23.8,145.2,37.6,538.7	傷台九字劬劳	U+50B7 U+53F0 U+4E5D U+5B57 U+52AC U+52B3	6	Thương thay chín chữ cù lao	6	1	傷台九字劬劳	1
LucVanTien1916	nlvnpf-0059 (in mộc bản 1916)	nlvnpf-0059-031	data/LucVanTien1916/pages/images/nlvnpf-0059-031.jpg	19	9	2	data/LucVanTien1916/patches/nlvnpf-0059-031.jpg_9_2.jpg	data/LucVanTien1916/patches_preprocessed/train/nlvnpf-0059-031.jpg_9_2.jpg	train	23.8,145.2,37.6,538.7	三年乳哺別包饒情	U+4E09 U+5E74 U+4E73 U+54FA U+5225 U+5305 U+9952 U+60C5	8	Tam niên nhũ bộ biết bao nhiêu tình	8	1	三年乳哺別包饒情	1
LucVanTien1916	nlvnpf-0059 (in mộc bản 1916)	nlvnpf-0059-032	data/LucVanTien1916/pages/images/nlvnpf-0059-032.jpg	0	0	1	data/LucVanTien1916/patches/nlvnpf-0059-032.jpg_0_1.jpg	data/LucVanTien1916/patches_preprocessed/train/nlvnpf-0059-032.jpg_0_1.jpg	train	430.6,148.3,38.4,534.4	舘浪𡗶坦清明	U+8218 U+6D6A U+215F6 U+5766 U+6E05 U+660E	6	Quán rằng: Trời đất thanh minh	6	1	舘浪𡗶坦清明	1
LucVanTien1916	nlvnpf-0059 (in mộc bản 1916)	nlvnpf-0059-032	data/LucVanTien1916/pages/images/nlvnpf-0059-032.jpg	1	0	2	data/LucVanTien1916/patches/nlvnpf-0059-032.jpg_0_2.jpg	data/LucVanTien1916/patches_preprocessed/train/nlvnpf-0059-032.jpg_0_2.jpg	train	430.6,148.3,38.4,534.4	𬰅湄󰦓丿核梗天香	U+2CC05 U+6E44 U+F0993 U+4E3F U+6838 U+6897 U+5929 U+9999	8	Gió mưa đâu phút gãy cành thiên hương	8	1	𬰅湄󰦓丿核梗天香	1
LucVanTien1916	nlvnpf-0059 (in mộc bản 1916)	nlvnpf-0059-032	data/LucVanTien1916/pages/images/nlvnpf-0059-032.jpg	2	1	1	data/LucVanTien1916/patches/nlvnpf-0059-032.jpg_1_1.jpg	data/LucVanTien1916/patches_preprocessed/train/nlvnpf-0059-032.jpg_1_1.jpg	train	393.0,147.4,37.9,537.1	埃匕䀡𧡊庒傷	U+57C3 U+5315 U+4021 U+2784A U+5E92 U+50B7	6	Ai ai xem thấy chẳng thương	6	1	埃匕䀡𧡊庒傷	1
LucVanTien1916	nlvnpf-0059 (in mộc bản 1916)	nlvnpf-0059-032	data/LucVanTien1916/pages/images/nlvnpf-0059-032.jpg	3	1	2	data/LucVanTien1916/patches/nlvnpf-0059-032.jpg_1_2.jpg	data/LucVanTien1916/patches_preprocessed/train/nlvnpf-0059-032.jpg_1_2.jpg	train	393.0,147.4,37.9,537.1	呂皮報孝呂皮立身	U+5442 U+76AE U+5831 U+5B5D U+5442 U+76AE U+7ACB U+8EAB	8	Lỡ bề báo hiếu, lỡ bề lập thân	8	1	呂皮報孝呂皮立身	1
LucVanTien1916	nlvnpf-0059 (in mộc bản 1916)	nlvnpf-0059-032	data/LucVanTien1916/pages/images/nlvnpf-0059-032.jpg	4	2	1	data/LucVanTien1916/patches/nlvnpf-0059-032.jpg_2_1.jpg	data/LucVanTien1916/patches_preprocessed/train/nlvnpf-0059-032.jpg_2_1.jpg	train	356.2,149.2,39.0,536.0	埃咍斫鬼謀神	U+57C3 U+548D U+65AB U+9B3C U+8B00 U+795E	6	Ai hay chước quỷ mưu thần	6	1	埃咍斫鬼謀神	1
LucVanTien1916	nlvnpf-0059 (in mộc bản 1916)	nlvnpf-0059-032	data/LucVanTien1916/pages/images/nlvnpf-0059-032.jpg	5	2	2	data/LucVanTien1916/patches/nlvnpf-0059-032.jpg_2_2.jpg	data/LucVanTien1916/patches_preprocessed/train/nlvnpf-0059-032.jpg_2_2.jpg	train	356.2,149.2,39.0,536.0	󰘩塵埃拱󰘩塵如埃	U+F0629 U+5875 U+57C3 U+62F1 U+F0629 U+5875 U+5982 U+57C3	8	Phong trần ai cũng phong trần như ai	8	1	󰘩塵埃拱󰘩塵如埃	1
LucVanTien1916	nlvnpf-0059 (in mộc bản 1916)	nlvnpf-0059-032	data/LucVanTien1916/pages/images/nlvnpf-0059-032.jpg	6	3	1	data/LucVanTien1916/patches/nlvnpf-0059-032.jpg_3_1.jpg	data/LucVanTien1916/patches_preprocessed/train/nlvnpf-0059-032.jpg_3_1.jpg	train	319.0,149.9,37.2,536.4	喓離埃窖達排	U+5593 U+96E2 U+57C3 U+7A96 U+9054 U+6392	6	Éo le ai khéo đặt bày	6	1	喓離埃窖達排	1
LucVanTien1916	nlvnpf-0059 (in mộc bản 1916)	nlvnpf-0059-032	data/LucVanTien1916/pages/images/nlvnpf-0059-032.jpg	7	3	2	data/LucVanTien1916/patches/nlvnpf-0059-032.jpg_3_2.jpg	data/LucVanTien1916/patches_preprocessed/train/nlvnpf-0059-032.jpg_3_2.jpg	train	319.0,149.9,37.2,536.4	𡦂才扵貝𡦂災𠬠韻	U+21982 U+624D U+6275 U+8C9D U+21982 U+707D U+20B20 U+97FB	8	Chữ tài ở với chữ tai một vần.	8	1	𡦂才扵貝𡦂災𠬠韻	1
LucVanTien1916	nlvnpf-0059 (in mộc bản 1916)	nlvnpf-0059-032	data/LucVanTien1916/pages/images/nlvnpf-0059-032.jpg	8	4	1	data/LucVanTien1916/patches/nlvnpf-0059-032.jpg_4_1.jpg	data/LucVanTien1916/patches_preprocessed/train/nlvnpf-0059-032.jpg_4_1.jpg	train	280.2,152.6,38.2,535.3	塘𠫾𠬠𣎃庒𧵆	U+5858 U+20AFE U+20B20 U+23383 U+5E92 U+27D46	6	Ðường đi một tháng chẳng gần	6	1	塘𠫾𠬠𣎃庒𧵆	1
LucVanTien1916	nlvnpf-0059 (in mộc bản 1916)	nlvnpf-0059-032	data/LucVanTien1916/pages/images/nlvnpf-0059-032.jpg	9	4	2	data/LucVanTien1916/patches/nlvnpf-0059-032.jpg_4_2.jpg	data/LucVanTien1916/patches_preprocessed/train/nlvnpf-0059-032.jpg_4_2.jpg	train	280.2,152.6,38.2,535.3	欺戈欺吏買路衝波	U+6B3A U+6208 U+6B3A U+540F U+8CB7 U+8DEF U+885D U+6CE2	8	Khi qua khi lại mấy lần xông pha	8	1	欺戈欺吏買路衝波	1
LucVanTien1916	nlvnpf-0059 (in mộc bản 1916)	nlvnpf-0059-032	data/LucVanTien1916/pages/images/nlvnpf-0059-032.jpg	10	5	1	data/LucVanTien1916/patches/nlvnpf-0059-032.jpg_5_1.jpg	data/LucVanTien1916/patches_preprocessed/train/nlvnpf-0059-032.jpg_5_1.jpg	train	238.2,151.7,42.0,536.7	𠫾󰦓伴作𣃣󰑾	U+20AFE U+F0993 U+4F34 U+4F5C U+230E3 U+F047E	6	Đi đâu bạn tác vừa ra	6	1	𠫾󰦓伴作𣃣󰑾	1
LucVanTien1916	nlvnpf-0059 (in mộc bản 1916)	nlvnpf-0059-032	data/LucVanTien1916/pages/images/nlvnpf-0059-032.jpg	11	5	2	data/LucVanTien1916/patches/nlvnpf-0059-032.jpg_5_2.jpg	data/LucVanTien1916/patches_preprocessed/val/nlvnpf-0059-032.jpg_5_2.jpg	val	238.2,151.7,42.0,536.7	直󰠃歆儉合麻迻仙	U+76F4 U+F0803 U+6B46 U+5109 U+5408 U+9EBB U+8FFB U+4ED9	8	Trực cùng Hâm, Kiệm hợp mà đưa Tiên.	8	1	直󰠃歆儉合麻迻仙	1
LucVanTien1916	nlvnpf-0059 (in mộc bản 1916)	nlvnpf-0059-032	data/LucVanTien1916/pages/images/nlvnpf-0059-032.jpg	12	6	1	data/LucVanTien1916/patches/nlvnpf-0059-032.jpg_6_1.jpg	data/LucVanTien1916/patches_preprocessed/train/nlvnpf-0059-032.jpg_6_1.jpg	train	201.8,155.6,36.4,533.8	歆浪𮎦庒㧅煩	U+6B46 U+6D6A U+2E3A6 U+5E92 U+39C5 U+7169	6	Hâm rằng: Anh chẳng đeo phiền	6	1	歆浪𮎦庒㧅煩	1
LucVanTien1916	nlvnpf-0059 (in mộc bản 1916)	nlvnpf-0059-032	data/LucVanTien1916/pages/images/nlvnpf-0059-032.jpg	13	6	2	data/LucVanTien1916/patches/nlvnpf-0059-032.jpg_6_2.jpg	data/LucVanTien1916/patches_preprocessed/train/nlvnpf-0059-032.jpg_6_2.jpg	train	201.8,155.6,36.4,533.8	科尼㐌呂些願科𡢐	U+79D1 U+5C3C U+340C U+5442 U+4E9B U+9858 U+79D1 U+21890	8	Khoa này đã lỡ ta nguyền khoa saụ	8	1	科尼㐌呂些願科𡢐	1
LucVanTien1916	nlvnpf-0059 (in mộc bản 1916)	nlvnpf-0059-032	data/LucVanTien1916/pages/images/nlvnpf-0059-032.jpg	14	7	1	data/LucVanTien1916/patches/nlvnpf-0059-032.jpg_7_1.jpg	data/LucVanTien1916/patches_preprocessed/train/nlvnpf-0059-032.jpg_7_1.jpg	train	163.3,156.8,38.0,534.4	𧡊饒折苦貝饒	U+2784A U+9952 U+6298 U+82E6 U+8C9D U+9952	6	Thấy nhau triết khổ với nhau	6	1	𧡊饒折苦貝饒	1
LucVanTien1916	nlvnpf-0059 (in mộc bản 1916)	nlvnpf-0059-032	data/LucVanTien1916/pages/images/nlvnpf-0059-032.jpg	15	7	2	data/LucVanTien1916/patches/nlvnpf-0059-032.jpg_7_2.jpg	data/LucVanTien1916/patches_preprocessed/val/nlvnpf-0059-032.jpg_7_2.jpg	val	163.3,156.8,38.0,534.4	𠬠彙巾泊油匕呵傷	U+20B20 U+5F59 U+5DFE U+6CCA U+6CB9 U+5315 U+5475 U+50B7	8	Một vừng khăn bạc dầu dầu khá thương	8	1	𠬠彙巾泊油匕呵傷	1
LucVanTien1916	nlvnpf-0059 (in mộc bản 1916)	nlvnpf-0059-032	data/LucVanTien1916/pages/images/nlvnpf-0059-032.jpg	16	8	1	data/LucVanTien1916/patches/nlvnpf-0059-032.jpg_8_1.jpg	data/LucVanTien1916/patches_preprocessed/train/nlvnpf-0059-032.jpg_8_1.jpg	train	128.1,157.4,35.1,529.5	云仙拮挭𬨠塘	U+4E91 U+4ED9 U+62EE U+632D U+2CA20 U+5858	6	Vân Tiên cất gánh lên đường	6	1	云仙拮挭𬨠塘	1
LucVanTien1916	nlvnpf-0059 (in mộc bản 1916)	nlvnpf-0059-032	data/LucVanTien1916/pages/images/nlvnpf-0059-032.jpg	17	8	2	data/LucVanTien1916/patches/nlvnpf-0059-032.jpg_8_2.jpg	data/LucVanTien1916/patches_preprocessed/train/nlvnpf-0059-032.jpg_8_2.jpg	train	128.1,157.4,35.1,529.5	郑歆卞𥄭𠄩行淚沙	U+90D1 U+6B46 U+535E U+2512D U+20129 U+884C U+6DDA U+6C99	8	Trịnh Hâm bèn ngó hai hàng lệ sa	8	1	郑歆卞𥄭𠄩行淚沙	1
LucVanTien1916	nlvnpf-0059 (in mộc bản 1916)	nlvnpf-0059-032	data/LucVanTien1916/pages/images/nlvnpf-0059-032.jpg	18	9	1	data/LucVanTien1916/patches/nlvnpf-0059-032.jpg_9_1.jpg	data/LucVanTien1916/patches_preprocessed/train/nlvnpf-0059-032.jpg_9_1.jpg	train	90.3,158.6,35.8,530.4	𠫾𣃣𠬠淡賖匕	U+20AFE U+230E3 U+20B20 U+6DE1 U+8CD6 U+5315	6	Đi vừa một dặm xa xa	6	1	𠫾𣃣𠬠淡賖匕	1
LucVanTien1916	nlvnpf-0059 (in mộc bản 1916)	nlvnpf-0059-032	data/LucVanTien1916/pages/images/nlvnpf-0059-032.jpg	19	9	2	data/LucVanTien1916/patches/nlvnpf-0059-032.jpg_9_2.jpg	data/LucVanTien1916/patches_preprocessed/val/nlvnpf-0059-032.jpg_9_2.jpg	val	90.3,158.6,35.8,530.4	𠫾󰦓翁舘奔波蹺󰠃	U+20AFE U+F0993 U+7FC1 U+8218 U+5954 U+6CE2 U+8E7A U+F0803	8	Đi đâu ông quán bôn ba theo cùng	8	1	𠫾󰦓翁舘奔波蹺󰠃	1
LucVanTien1916	nlvnpf-0059 (in mộc bản 1916)	nlvnpf-0059-033	data/LucVanTien1916/pages/images/nlvnpf-0059-033.jpg	0	0	1	data/LucVanTien1916/patches/nlvnpf-0059-033.jpg_0_1.jpg	data/LucVanTien1916/patches_preprocessed/train/nlvnpf-0059-033.jpg_0_1.jpg	train	359.4,150.5,37.3,530.7	舘浪傷等𮎦䧺	U+8218 U+6D6A U+50B7 U+7B49 U+2E3A6 U+49FA	6	Quán rằng: Thương đấng anh hùng	6	1	舘浪傷等𮎦䧺	1
LucVanTien1916	nlvnpf-0059 (in mộc bản 1916)	nlvnpf-0059-033	data/LucVanTien1916/pages/images/nlvnpf-0059-033.jpg	1	0	2	data/LucVanTien1916/patches/nlvnpf-0059-033.jpg_0_2.jpg	data/LucVanTien1916/patches_preprocessed/train/nlvnpf-0059-033.jpg_0_2.jpg	train	359.4,150.5,37.3,530.7	迻𠀧󰘩茦底防𫉚身	U+8FFB U+20027 U+F0629 U+8326 U+5E95 U+9632 U+2B25A U+8EAB	8	Ðưa ba phong thuốc để phòng hộ than	8	1	迻𠀧󰘩茦底防𫉚身	1
LucVanTien1916	nlvnpf-0059 (in mộc bản 1916)	nlvnpf-0059-033	data/LucVanTien1916/pages/images/nlvnpf-0059-033.jpg	2	1	1	data/LucVanTien1916/patches/nlvnpf-0059-033.jpg_1_1.jpg	data/LucVanTien1916/patches_preprocessed/train/nlvnpf-0059-033.jpg_1_1.jpg	train	321.1,150.5,37.4,530.4	庒埋麻﨤𣅶芇	U+5E92 U+57CB U+9EBB U+FA24 U+23176 U+8287	6	Chẳng may mà gặp lúc nào	6	1	庒埋麻﨤𣅶芇	1
LucVanTien1916	nlvnpf-0059 (in mộc bản 1916)	nlvnpf-0059-033	data/LucVanTien1916/pages/images/nlvnpf-0059-033.jpg	3	1	2	data/LucVanTien1916/patches/nlvnpf-0059-033.jpg_1_2.jpg	data/LucVanTien1916/patches_preprocessed/train/nlvnpf-0059-033.jpg_1_2.jpg	train	321.1,150.5,37.4,530.4	當欺过対咹𠓨拱𩛂	U+7576 U+6B3A U+8FC7 U+5BFE U+54B9 U+204E8 U+62F1 U+296C2	8	Ðương khi quá đói ăn vào cũng no	8	1	當欺过対咹𠓨拱𩛂	1
LucVanTien1916	nlvnpf-0059 (in mộc bản 1916)	nlvnpf-0059-033	data/LucVanTien1916/pages/images/nlvnpf-0059-033.jpg	4	2	1	data/LucVanTien1916/patches/nlvnpf-0059-033.jpg_2_1.jpg	data/LucVanTien1916/patches_preprocessed/train/nlvnpf-0059-033.jpg_2_1.jpg	train	286.0,150.5,33.6,530.7	仙浪𠹾𥙩恩朱	U+4ED9 U+6D6A U+20E7E U+25669 U+6069 U+6731	6	Tiên rằng: Chịu lấy ơn cho	6	1	仙浪𠹾𥙩恩朱	1
LucVanTien1916	nlvnpf-0059 (in mộc bản 1916)	nlvnpf-0059-033	data/LucVanTien1916/pages/images/nlvnpf-0059-033.jpg	5	2	2	data/LucVanTien1916/patches/nlvnpf-0059-033.jpg_2_2.jpg	data/LucVanTien1916/patches_preprocessed/val/nlvnpf-0059-033.jpg_2_2.jpg	val	286.0,150.5,33.6,530.7	𬌓𢚸𪿒匕唉卢賖𧵆	U+2C313 U+226B8 U+2AFD2 U+5315 U+5509 U+5362 U+8CD6 U+27D46	8	Tấm lòng ngài ngại hãy lo xa gần	8	1	𬌓𢚸𪿒匕唉卢賖𧵆	1
LucVanTien1916	nlvnpf-0059 (in mộc bản 1916)	nlvnpf-0059-033	data/LucVanTien1916/pages/images/nlvnpf-0059-033.jpg	6	3	1	data/LucVanTien1916/patches/nlvnpf-0059-033.jpg_3_1.jpg	data/LucVanTien1916/patches_preprocessed/train/nlvnpf-0059-033.jpg_3_1.jpg	train	247.9,148.7,38.1,531.7	舘浪些拱󰘊傾	U+8218 U+6D6A U+4E9B U+62F1 U+F060A U+50BE	6	Quán rằng: Ta cũng bâng khuâng	6	1	舘浪些拱󰘊傾	1
LucVanTien1916	nlvnpf-0059 (in mộc bản 1916)	nlvnpf-0059-033	data/LucVanTien1916/pages/images/nlvnpf-0059-033.jpg	7	3	2	data/LucVanTien1916/patches/nlvnpf-0059-033.jpg_3_2.jpg	data/LucVanTien1916/patches_preprocessed/train/nlvnpf-0059-033.jpg_3_2.jpg	train	247.9,148.7,38.1,531.7	𧡊丕𢧚買避塵除低	U+2784A U+4E15 U+229DA U+8CB7 U+907F U+5875 U+9664 U+4F4E	8	Thấy vầy nên mới tị trần chờ đây	8	1	𧡊丕𢧚買避塵除低	1
LucVanTien1916	nlvnpf-0059 (in mộc bản 1916)	nlvnpf-0059-033	data/LucVanTien1916/pages/images/nlvnpf-0059-033.jpg	8	4	1	data/LucVanTien1916/patches/nlvnpf-0059-033.jpg_4_1.jpg	data/LucVanTien1916/patches_preprocessed/train/nlvnpf-0059-033.jpg_4_1.jpg	train	206.2,148.1,39.0,533.8	𡽫𣛟渃碧盃𡆫	U+21F6B U+236DF U+6E03 U+78A7 U+76C3 U+211AB	6	Non xanh nước biếc vui vầy	6	1	𡽫𣛟渃碧盃𡆫	1
LucVanTien1916	nlvnpf-0059 (in mộc bản 1916)	nlvnpf-0059-033	data/LucVanTien1916/pages/images/nlvnpf-0059-033.jpg	9	4	2	data/LucVanTien1916/patches/nlvnpf-0059-033.jpg_4_2.jpg	data/LucVanTien1916/patches_preprocessed/train/nlvnpf-0059-033.jpg_4_2.jpg	train	206.2,148.1,39.0,533.8	𠬠瓢枯酒𠬠潙金𬞕	U+20B20 U+74E2 U+67AF U+9152 U+20B20 U+6F59 U+91D1 U+2C795	8	Một bầu khô tửu, một vời kim lan	8	1	𠬠瓢枯酒𠬠潙金𬞕	1
LucVanTien1916	nlvnpf-0059 (in mộc bản 1916)	nlvnpf-0059-033	data/LucVanTien1916/pages/images/nlvnpf-0059-033.jpg	10	5	1	data/LucVanTien1916/patches/nlvnpf-0059-033.jpg_5_1.jpg	data/LucVanTien1916/patches_preprocessed/train/nlvnpf-0059-033.jpg_5_1.jpg	train	166.4,148.9,37.6,534.7	隐身蹺准安閒	U+9690 U+8EAB U+8E7A U+51C6 U+5B89 U+9592	6	Ẩn thân theo chốn an nhàn	6	1	隐身蹺准安閒	1
LucVanTien1916	nlvnpf-0059 (in mộc bản 1916)	nlvnpf-0059-033	data/LucVanTien1916/pages/images/nlvnpf-0059-033.jpg	11	5	2	data/LucVanTien1916/patches/nlvnpf-0059-033.jpg_5_2.jpg	data/LucVanTien1916/patches_preprocessed/val/nlvnpf-0059-033.jpg_5_2.jpg	val	166.4,148.9,37.6,534.7	渚尼名利另塘是非	U+6E1A U+5C3C U+540D U+5229 U+53E6 U+5858 U+662F U+975E	8	Chớ nề danh lợi, lánh đàng thị phi	8	1	渚尼名利另塘是非	1
LucVanTien1916	nlvnpf-0059 (in mộc bản 1916)	nlvnpf-0059-033	data/LucVanTien1916/pages/images/nlvnpf-0059-033.jpg	12	6	1	data/LucVanTien1916/patches/nlvnpf-0059-033.jpg_6_1.jpg	data/LucVanTien1916/patches_preprocessed/train/nlvnpf-0059-033.jpg_6_1.jpg	train	130.1,149.5,37.8,533.5	呐耒乖果󰑾𠫾	U+5450 U+8012 U+4E56 U+679C U+F047E U+20AFE	6	Nói rồi quày quả ra đi	6	1	呐耒乖果󰑾𠫾	1
LucVanTien1916	nlvnpf-0059 (in mộc bản 1916)	nlvnpf-0059-033	data/LucVanTien1916/pages/images/nlvnpf-0059-033.jpg	13	6	2	data/LucVanTien1916/patches/nlvnpf-0059-033.jpg_6_2.jpg	data/LucVanTien1916/patches_preprocessed/val/nlvnpf-0059-033.jpg_6_2.jpg	val	130.1,149.5,37.8,533.5	云仙䀡𧡊卞𪟽冲𢚸	U+4E91 U+4ED9 U+4021 U+2784A U+535E U+2A7FD U+51B2 U+226B8	8	Vân Tiên xem thấy bèn nghi trong long	8	1	云仙䀡𧡊卞𪟽冲𢚸	1
LucVanTien1916	nlvnpf-0059 (in mộc bản 1916)	nlvnpf-0059-033	data/LucVanTien1916/pages/images/nlvnpf-0059-033.jpg	14	7	1	data/LucVanTien1916/patches/nlvnpf-0059-033.jpg_7_1.jpg	data/LucVanTien1916/patches_preprocessed/train/nlvnpf-0059-033.jpg_7_1.jpg	train	92.9,148.1,37.5,535.5	𬂙澄淡紫𣦎冬	U+2C099 U+6F84 U+6DE1 U+7D2B U+2398E U+51AC	6	Trông chừng dặm tử thẳng dong	6	1	𬂙澄淡紫𣦎冬	1
LucVanTien1916	nlvnpf-0059 (in mộc bản 1916)	nlvnpf-0059-033	data/LucVanTien1916/pages/images/nlvnpf-0059-033.jpg	15	7	2	data/LucVanTien1916/patches/nlvnpf-0059-033.jpg_7_2.jpg	data/LucVanTien1916/patches_preprocessed/train/nlvnpf-0059-033.jpg_7_2.jpg	train	92.9,148.1,37.5,535.5	𢪀隊干吏𠼦麻隊干	U+22A80 U+968A U+5E72 U+540F U+20F26 U+9EBB U+968A U+5E72	8	Nghĩ đòi cơn lại mặn mà đòi cơn	8	1	𢪀隊干吏𠼦麻隊干	1
LucVanTien1916	nlvnpf-0059 (in mộc bản 1916)	nlvnpf-0059-033	data/LucVanTien1916/pages/images/nlvnpf-0059-033.jpg	16	8	1	data/LucVanTien1916/patches/nlvnpf-0059-033.jpg_8_1.jpg	data/LucVanTien1916/patches_preprocessed/train/nlvnpf-0059-033.jpg_8_1.jpg	train	56.4,147.9,37.0,536.3	𢧚庒𡮇分之麻	U+229DA U+5E92 U+21B87 U+5206 U+4E4B U+9EBB	6	Nên chăng chút phận chi mà	6	1	𢧚庒𡮇分之麻	1
LucVanTien1916	nlvnpf-0059 (in mộc bản 1916)	nlvnpf-0059-033	data/LucVanTien1916/pages/images/nlvnpf-0059-033.jpg	17	8	2	data/LucVanTien1916/patches/nlvnpf-0059-033.jpg_8_2.jpg	data/LucVanTien1916/patches_preprocessed/train/nlvnpf-0059-033.jpg_8_2.jpg	train	56.4,147.9,37.0,536.3	汝句養育卢恩生成	U+6C5D U+53E5 U+990A U+80B2 U+5362 U+6069 U+751F U+6210	8	Nhớ câu dưỡng dục, lo ơn sinh thành	8	1	汝句養育卢恩生成	1
LucVanTien1916	nlvnpf-0059 (in mộc bản 1916)	nlvnpf-0059-033	data/LucVanTien1916/pages/images/nlvnpf-0059-033.jpg	18	9	1	data/LucVanTien1916/patches/nlvnpf-0059-033.jpg_9_1.jpg	data/LucVanTien1916/patches_preprocessed/train/nlvnpf-0059-033.jpg_9_1.jpg	train	23.1,148.3,32.4,537.8	芒句不孝㐌仃	U+8292 U+53E5 U+4E0D U+5B5D U+340C U+4EC3	6	Mang câu bất hiếu đã đành	6	1	芒句不孝㐌仃	1
LucVanTien1916	nlvnpf-0059 (in mộc bản 1916)	nlvnpf-0059-033	data/LucVanTien1916/pages/images/nlvnpf-0059-033.jpg	19	9	2	data/LucVanTien1916/patches/nlvnpf-0059-033.jpg_9_2.jpg	data/LucVanTien1916/patches_preprocessed/train/nlvnpf-0059-033.jpg_9_2.jpg	train	23.1,148.3,32.4,537.8	𢪀𠇮麻𢢆朱𠇮爫昆	U+22A80 U+201EE U+9EBB U+22886 U+6731 U+201EE U+722B U+6606	8	Nghĩ mình mà thẹn cho mình làm con	8	1	𢪀𠇮麻𢢆朱𠇮爫昆	1
LucVanTien1916	nlvnpf-0059 (in mộc bản 1916)	nlvnpf-0059-034	data/LucVanTien1916/pages/images/nlvnpf-0059-034.jpg	0	0	1	data/LucVanTien1916/patches/nlvnpf-0059-034.jpg_0_1.jpg	data/LucVanTien1916/patches_preprocessed/train/nlvnpf-0059-034.jpg_0_1.jpg	train	433.5,145.6,34.6,536.8	嵬匕𠬠𬌓𢚸崙	U+5D6C U+5315 U+20B20 U+2C313 U+226B8 U+5D19	6	Ngôi ngôi một tấm lòng son	6	1	嵬匕𠬠𬌓𢚸崙	1
LucVanTien1916	nlvnpf-0059 (in mộc bản 1916)	nlvnpf-0059-034	data/LucVanTien1916/pages/images/nlvnpf-0059-034.jpg	1	0	2	data/LucVanTien1916/patches/nlvnpf-0059-034.jpg_0_2.jpg	data/LucVanTien1916/patches_preprocessed/val/nlvnpf-0059-034.jpg_0_2.jpg	val	433.5,145.6,34.6,536.8	仍啉呂浽渃𡽫朱耒	U+4ECD U+5549 U+5442 U+6D7D U+6E03 U+21F6B U+6731 U+8012	8	Những lăm trả nợ nước non cho rồi	8	1	仍啉呂浽渃𡽫朱耒	1
LucVanTien1916	nlvnpf-0059 (in mộc bản 1916)	nlvnpf-0059-034	data/LucVanTien1916/pages/images/nlvnpf-0059-034.jpg	2	1	1	data/LucVanTien1916/patches/nlvnpf-0059-034.jpg_1_1.jpg	data/LucVanTien1916/patches_preprocessed/train/nlvnpf-0059-034.jpg_1_1.jpg	train	396.5,147.2,35.3,535.3	芇咍渃沚花㵢	U+8287 U+548D U+6E03 U+6C9A U+82B1 U+3D62	6	Nào hay nước chảy hoa trôi	6	1	芇咍渃沚花㵢	1
LucVanTien1916	nlvnpf-0059 (in mộc bản 1916)	nlvnpf-0059-034	data/LucVanTien1916/pages/images/nlvnpf-0059-034.jpg	3	1	2	data/LucVanTien1916/patches/nlvnpf-0059-034.jpg_1_2.jpg	data/LucVanTien1916/patches_preprocessed/val/nlvnpf-0059-034.jpg_1_2.jpg	val	396.5,147.2,35.3,535.3	芇咍分泊如𪿙󰡫尼	U+8287 U+548D U+5206 U+6CCA U+5982 U+2AFD9 U+F086B U+5C3C	8	Nào hay phận bạc như vôi thế này	8	1	芇咍分泊如𪿙󰡫尼	1
LucVanTien1916	nlvnpf-0059 (in mộc bản 1916)	nlvnpf-0059-034	data/LucVanTien1916/pages/images/nlvnpf-0059-034.jpg	4	2	1	data/LucVanTien1916/patches/nlvnpf-0059-034.jpg_2_1.jpg	data/LucVanTien1916/patches_preprocessed/train/nlvnpf-0059-034.jpg_2_1.jpg	train	359.1,147.1,36.5,540.2	𠬠𠇮魚菫塘𩄲	U+20B20 U+201EE U+9B5A U+83EB U+5858 U+29132	6	Một mình ngơ ngẩn đường mây	6	1	𠬠𠇮魚菫塘𩄲	1
LucVanTien1916	nlvnpf-0059 (in mộc bản 1916)	nlvnpf-0059-034	data/LucVanTien1916/pages/images/nlvnpf-0059-034.jpg	5	2	2	data/LucVanTien1916/patches/nlvnpf-0059-034.jpg_2_2.jpg	data/LucVanTien1916/patches_preprocessed/train/nlvnpf-0059-034.jpg_2_2.jpg	train	359.1,147.1,36.5,540.2	恪芇𪀄鴈落排呌霜	U+606A U+8287 U+2A004 U+9D08 U+843D U+6392 U+544C U+971C	8	Khác nào chim nhạn lạc bầy kêu sương	8	1	恪芇𪀄鴈落排呌霜	1
LucVanTien1916	nlvnpf-0059 (in mộc bản 1916)	nlvnpf-0059-034	data/LucVanTien1916/pages/images/nlvnpf-0059-034.jpg	6	3	1	data/LucVanTien1916/patches/nlvnpf-0059-034.jpg_3_1.jpg	data/LucVanTien1916/patches_preprocessed/train/nlvnpf-0059-034.jpg_3_1.jpg	train	323.5,149.0,35.4,537.0	旦𫢩買別訴詳	U+65E6 U+2B8A9 U+8CB7 U+5225 U+8A34 U+8A73	6	Ðến nay mới biết tỏ tường	6	1	旦𫢩買別訴詳	1
LucVanTien1916	nlvnpf-0059 (in mộc bản 1916)	nlvnpf-0059-034	data/LucVanTien1916/pages/images/nlvnpf-0059-034.jpg	7	3	2	data/LucVanTien1916/patches/nlvnpf-0059-034.jpg_3_2.jpg	data/LucVanTien1916/patches_preprocessed/val/nlvnpf-0059-034.jpg_3_2.jpg	val	323.5,149.0,35.4,537.0	䝨之柴𠰺科塲群賖	U+4768 U+4E4B U+67F4 U+20C3A U+79D1 U+5872 U+7FA4 U+8CD6	8	Hèn chi thày dạy khoa trường còn xa	8	1	䝨之柴𠰺科塲群賖	1
LucVanTien1916	nlvnpf-0059 (in mộc bản 1916)	nlvnpf-0059-034	data/LucVanTien1916/pages/images/nlvnpf-0059-034.jpg	8	4	1	data/LucVanTien1916/patches/nlvnpf-0059-034.jpg_4_1.jpg	data/LucVanTien1916/patches_preprocessed/train/nlvnpf-0059-034.jpg_4_1.jpg	train	284.6,149.6,38.2,537.9	小童𧡊丕踈戈	U+5C0F U+7AE5 U+2784A U+4E15 U+8E08 U+6208	6	Tiểu đồng thấy vậy thưa qua	6	1	小童𧡊丕踈戈	1
LucVanTien1916	nlvnpf-0059 (in mộc bản 1916)	nlvnpf-0059-034	data/LucVanTien1916/pages/images/nlvnpf-0059-034.jpg	9	4	2	data/LucVanTien1916/patches/nlvnpf-0059-034.jpg_4_2.jpg	data/LucVanTien1916/patches_preprocessed/val/nlvnpf-0059-034.jpg_4_2.jpg	val	284.6,149.6,38.2,537.9	自低朱細圭茄群𥹰	U+81EA U+4F4E U+6731 U+7D30 U+572D U+8304 U+7FA4 U+25E70	8	Từ đây cho tới quê nhà còn lâu	8	1	自低朱細圭茄群𥹰	1
LucVanTien1916	nlvnpf-0059 (in mộc bản 1916)	nlvnpf-0059-034	data/LucVanTien1916/pages/images/nlvnpf-0059-034.jpg	10	5	1	data/LucVanTien1916/patches/nlvnpf-0059-034.jpg_5_1.jpg	data/LucVanTien1916/patches_preprocessed/train/nlvnpf-0059-034.jpg_5_1.jpg	train	242.2,150.5,41.6,536.9	󰡫尼庒弋胣愁	U+F086B U+5C3C U+5E92 U+5F0B U+80E3 U+6101	6	Thế này chẳng giấc dạ sầu	6	1	󰡫尼庒弋胣愁	1
LucVanTien1916	nlvnpf-0059 (in mộc bản 1916)	nlvnpf-0059-034	data/LucVanTien1916/pages/images/nlvnpf-0059-034.jpg	11	5	2	data/LucVanTien1916/patches/nlvnpf-0059-034.jpg_5_2.jpg	data/LucVanTien1916/patches_preprocessed/val/nlvnpf-0059-034.jpg_5_2.jpg	val	242.2,150.5,41.6,536.9	𠇮𠫾㐌痗𣳔珠添油	U+201EE U+20AFE U+340C U+75D7 U+23CD4 U+73E0 U+6DFB U+6CB9	8	Mình đi đã mỏi, dòng châu thêm rầụ	8	1	𠇮𠫾㐌痗𣳔珠添油	1
LucVanTien1916	nlvnpf-0059 (in mộc bản 1916)	nlvnpf-0059-034	data/LucVanTien1916/pages/images/nlvnpf-0059-034.jpg	12	6	1	data/LucVanTien1916/patches/nlvnpf-0059-034.jpg_6_1.jpg	data/LucVanTien1916/patches_preprocessed/train/nlvnpf-0059-034.jpg_6_1.jpg	train	206.0,152.0,36.2,537.7	𠲖欺芒病姅澄	U+20C96 U+6B3A U+8292 U+75C5 U+59C5 U+6F84	6	E khi mang bệnh nửa chừng	6	1	𠲖欺芒病姅澄	1
LucVanTien1916	nlvnpf-0059 (in mộc bản 1916)	nlvnpf-0059-034	data/LucVanTien1916/pages/images/nlvnpf-0059-034.jpg	13	6	2	data/LucVanTien1916/patches/nlvnpf-0059-034.jpg_6_2.jpg	data/LucVanTien1916/patches_preprocessed/train/nlvnpf-0059-034.jpg_6_2.jpg	train	206.0,152.0,36.2,537.7	冲𡽫苦料𡨌棱苦筭	U+51B2 U+21F6B U+82E6 U+6599 U+21A0C U+68F1 U+82E6 U+7B6D	8	Trong non khó liệu, giữa rừng khó toan.	8	1	冲𡽫苦料𡨌棱苦筭	1
LucVanTien1916	nlvnpf-0059 (in mộc bản 1916)	nlvnpf-0059-034	data/LucVanTien1916/pages/images/nlvnpf-0059-034.jpg	14	7	1	data/LucVanTien1916/patches/nlvnpf-0059-034.jpg_7_1.jpg	data/LucVanTien1916/patches_preprocessed/train/nlvnpf-0059-034.jpg_7_1.jpg	train	168.5,152.2,37.5,537.6	仙浪枯㭳𦲿肝	U+4ED9 U+6D6A U+67AF U+3B73 U+26CBF U+809D	6	Tiên rằng: Khô héo lá gan	6	1	仙浪枯㭳𦲿肝	1
LucVanTien1916	nlvnpf-0059 (in mộc bản 1916)	nlvnpf-0059-034	data/LucVanTien1916/pages/images/nlvnpf-0059-034.jpg	15	7	2	data/LucVanTien1916/patches/nlvnpf-0059-034.jpg_7_2.jpg	data/LucVanTien1916/patches_preprocessed/train/nlvnpf-0059-034.jpg_7_2.jpg	train	168.5,152.2,37.5,537.6	喂傕昆𬑉㐌芒愁愁	U+5582 U+5095 U+6606 U+2C449 U+340C U+8292 U+6101 U+6101	8	Ôi thôi con mắt đã mang sầu sầu	8	1	喂傕昆𬑉㐌芒愁愁	1
LucVanTien1916	nlvnpf-0059 (in mộc bản 1916)	nlvnpf-0059-034	data/LucVanTien1916/pages/images/nlvnpf-0059-034.jpg	16	8	1	data/LucVanTien1916/patches/nlvnpf-0059-034.jpg_8_1.jpg	data/LucVanTien1916/patches_preprocessed/train/nlvnpf-0059-034.jpg_8_1.jpg	train	131.7,154.8,35.5,538.0	𤻻瘼芇𧡊之󰦓	U+24EFB U+763C U+8287 U+2784A U+4E4B U+F0993	6	Mịt mù nào thấy chi đâu	6	1	𤻻瘼芇𧡊之󰦓	1
LucVanTien1916	nlvnpf-0059 (in mộc bản 1916)	nlvnpf-0059-034	data/LucVanTien1916/pages/images/nlvnpf-0059-034.jpg	17	8	2	data/LucVanTien1916/patches/nlvnpf-0059-034.jpg_8_2.jpg	data/LucVanTien1916/patches_preprocessed/train/nlvnpf-0059-034.jpg_8_2.jpg	train	131.7,154.8,35.5,538.0	蹎𠫾㐌痗𠇮𤴬如寅	U+8E4E U+20AFE U+340C U+75D7 U+201EE U+24D2C U+5982 U+5BC5	8	Chân đi đã mỏi, mình đau như dần	8	1	蹎𠫾㐌痗𠇮𤴬如寅	1
LucVanTien1916	nlvnpf-0059 (in mộc bản 1916)	nlvnpf-0059-034	data/LucVanTien1916/pages/images/nlvnpf-0059-034.jpg	18	9	1	data/LucVanTien1916/patches/nlvnpf-0059-034.jpg_9_1.jpg	data/LucVanTien1916/patches_preprocessed/train/nlvnpf-0059-034.jpg_9_1.jpg	train	93.4,155.4,38.8,533.3	固身吏苦貝身	U+56FA U+8EAB U+540F U+82E6 U+8C9D U+8EAB	6	Có thân lại khổ với thân	6	1	固身吏苦貝身	1
LucVanTien1916	nlvnpf-0059 (in mộc bản 1916)	nlvnpf-0059-034	data/LucVanTien1916/pages/images/nlvnpf-0059-034.jpg	19	9	2	data/LucVanTien1916/patches/nlvnpf-0059-034.jpg_9_2.jpg	data/LucVanTien1916/patches_preprocessed/train/nlvnpf-0059-034.jpg_9_2.jpg	train	93.4,155.4,38.8,533.3	身喂身別𠇍吝庒埋	U+8EAB U+5582 U+8EAB U+5225 U+201CD U+541D U+5E92 U+57CB	8	Thân ôi! Thân biết mấy lần chẳng maỵ	8	1	身喂身別𠇍吝庒埋	1
LucVanTien1916	nlvnpf-0059 (in mộc bản 1916)	nlvnpf-0059-035	data/LucVanTien1916/pages/images/nlvnpf-0059-035.jpg	0	0	1	data/LucVanTien1916/patches/nlvnpf-0059-035.jpg_0_1.jpg	data/LucVanTien1916/patches_preprocessed/train/nlvnpf-0059-035.jpg_0_1.jpg	train	364.4,146.0,36.5,532.9	童浪𡗶坦固咍	U+7AE5 U+6D6A U+215F6 U+5766 U+56FA U+548D	6	Ðồng rằng: Trời đất có hay	6	1	童浪𡗶坦固咍	1
LucVanTien1916	nlvnpf-0059 (in mộc bản 1916)	nlvnpf-0059-035	data/LucVanTien1916/pages/images/nlvnpf-0059-035.jpg	1	0	2	data/LucVanTien1916/patches/nlvnpf-0059-035.jpg_0_2.jpg	data/LucVanTien1916/patches_preprocessed/val/nlvnpf-0059-035.jpg_0_2.jpg	val	364.4,146.0,36.5,532.9	𦋦𠫾買邒𨑮㝵吏𤴬	U+262E6 U+20AFE U+8CB7 U+9092 U+2846E U+3775 U+540F U+24D2C	8	Ra đi mới đặng mươi ngày lại đaụ	8	1	𦋦𠫾買邒𨑮㝵吏𤴬	1
LucVanTien1916	nlvnpf-0059 (in mộc bản 1916)	nlvnpf-0059-035	data/LucVanTien1916/pages/images/nlvnpf-0059-035.jpg	2	1	1	data/LucVanTien1916/patches/nlvnpf-0059-035.jpg_1_1.jpg	data/LucVanTien1916/patches_preprocessed/train/nlvnpf-0059-035.jpg_1_1.jpg	train	326.1,146.0,38.8,532.7	𠬠𠇮󰂌畧󰂌𡢐	U+20B20 U+201EE U+F008C U+7567 U+F008C U+21890	6	Một mình cầu trước cầu sau	6	1	𠬠𠇮󰂌畧󰂌𡢐	1
LucVanTien1916	nlvnpf-0059 (in mộc bản 1916)	nlvnpf-0059-035	data/LucVanTien1916/pages/images/nlvnpf-0059-035.jpg	3	1	2	data/LucVanTien1916/patches/nlvnpf-0059-035.jpg_1_2.jpg	data/LucVanTien1916/patches_preprocessed/train/nlvnpf-0059-035.jpg_1_2.jpg	train	326.1,146.0,38.8,532.7	𣛟匕坡󰀒油匕枯核	U+236DF U+5315 U+5761 U+F0012 U+6CB9 U+5315 U+67AF U+6838	8	Xanh xanh bờ bụi, dàu dàu cỏ câỵ	8	1	𣛟匕坡󰀒油匕枯核	1
LucVanTien1916	nlvnpf-0059 (in mộc bản 1916)	nlvnpf-0059-035	data/LucVanTien1916/pages/images/nlvnpf-0059-035.jpg	4	2	1	data/LucVanTien1916/patches/nlvnpf-0059-035.jpg_2_1.jpg	data/LucVanTien1916/patches_preprocessed/train/nlvnpf-0059-035.jpg_2_1.jpg	train	289.0,145.9,38.3,534.1	本空廊𥯎之低	U+672C U+7A7A U+5ECA U+25BCE U+4E4B U+4F4E	6	Vốn không làng xóm chi đây	6	1	本空廊𥯎之低	1
LucVanTien1916	nlvnpf-0059 (in mộc bản 1916)	nlvnpf-0059-035	data/LucVanTien1916/pages/images/nlvnpf-0059-035.jpg	5	2	2	data/LucVanTien1916/patches/nlvnpf-0059-035.jpg_2_2.jpg	data/LucVanTien1916/patches_preprocessed/val/nlvnpf-0059-035.jpg_2_2.jpg	val	289.0,145.9,38.3,534.1	嗔吝細畧尋柴茦湯	U+55D4 U+541D U+7D30 U+7567 U+5C0B U+67F4 U+8326 U+6E6F	8	Xin lần tới trước tìm thầy thuốc thang.	8	1	嗔吝細畧尋柴茦湯	1
LucVanTien1916	nlvnpf-0059 (in mộc bản 1916)	nlvnpf-0059-035	data/LucVanTien1916/pages/images/nlvnpf-0059-035.jpg	6	3	1	data/LucVanTien1916/patches/nlvnpf-0059-035.jpg_3_1.jpg	data/LucVanTien1916/patches_preprocessed/train/nlvnpf-0059-035.jpg_3_1.jpg	train	253.1,147.2,37.9,531.5	𣃣埋﨤客戈塘	U+230E3 U+57CB U+FA24 U+5BA2 U+6208 U+5858	6	Vừa may gặp khách qua đường	6	1	𣃣埋﨤客戈塘	1
LucVanTien1916	nlvnpf-0059 (in mộc bản 1916)	nlvnpf-0059-035	data/LucVanTien1916/pages/images/nlvnpf-0059-035.jpg	7	3	2	data/LucVanTien1916/patches/nlvnpf-0059-035.jpg_3_2.jpg	data/LucVanTien1916/patches_preprocessed/train/nlvnpf-0059-035.jpg_3_2.jpg	train	253.1,147.2,37.9,531.5	𠊚調指裊𠓨廊同文	U+2029A U+8ABF U+6307 U+88CA U+204E8 U+5ECA U+540C U+6587	8	Người đều chỉ nẻo vào làng Ðồng Văn	8	1	𠊚調指裊𠓨廊同文	1
LucVanTien1916	nlvnpf-0059 (in mộc bản 1916)	nlvnpf-0059-035	data/LucVanTien1916/pages/images/nlvnpf-0059-035.jpg	8	4	1	data/LucVanTien1916/patches/nlvnpf-0059-035.jpg_4_1.jpg	data/LucVanTien1916/patches_preprocessed/train/nlvnpf-0059-035.jpg_4_1.jpg	train	211.4,146.6,39.1,533.3	𢩮饒欺意哙𠽄	U+22A6E U+9952 U+6B3A U+610F U+54D9 U+20F44	6	Dắt nhau khi ấy hỏi thăm	6	1	𢩮饒欺意哙𠽄	1
LucVanTien1916	nlvnpf-0059 (in mộc bản 1916)	nlvnpf-0059-035	data/LucVanTien1916/pages/images/nlvnpf-0059-035.jpg	9	4	2	data/LucVanTien1916/patches/nlvnpf-0059-035.jpg_4_2.jpg	data/LucVanTien1916/patches_preprocessed/val/nlvnpf-0059-035.jpg_4_2.jpg	val	211.4,146.6,39.1,533.3	﨤柴爫茦𠸜浪趙昂	U+FA24 U+67F4 U+722B U+8326 U+20E1C U+6D6A U+8D99 U+6602	8	Gặp thầy làm thuốc tên rằng Triệu Ngang	8	1	﨤柴爫茦𠸜浪趙昂	1
LucVanTien1916	nlvnpf-0059 (in mộc bản 1916)	nlvnpf-0059-035	data/LucVanTien1916/pages/images/nlvnpf-0059-035.jpg	10	5	1	data/LucVanTien1916/patches/nlvnpf-0059-035.jpg_5_1.jpg	data/LucVanTien1916/patches_preprocessed/train/nlvnpf-0059-035.jpg_5_1.jpg	train	167.3,146.6,43.6,534.5	昂浪唉暫𢪀安	U+6602 U+6D6A U+5509 U+66AB U+22A80 U+5B89	6	Ngang rằng: Hãy tạm nghỉ an	6	1	昂浪唉暫𢪀安	1
LucVanTien1916	nlvnpf-0059 (in mộc bản 1916)	nlvnpf-0059-035	data/LucVanTien1916/pages/images/nlvnpf-0059-035.jpg	11	5	2	data/LucVanTien1916/patches/nlvnpf-0059-035.jpg_5_2.jpg	data/LucVanTien1916/patches_preprocessed/train/nlvnpf-0059-035.jpg_5_2.jpg	train	167.3,146.6,43.6,534.5	𤎜㝵䀡脉投湯買仃	U+2439C U+3775 U+4021 U+8109 U+6295 U+6E6F U+8CB7 U+4EC3	8	Rạng ngày xem mạch đầu thang mới dành	8	1	𤎜㝵䀡脉投湯買仃	1
LucVanTien1916	nlvnpf-0059 (in mộc bản 1916)	nlvnpf-0059-035	data/LucVanTien1916/pages/images/nlvnpf-0059-035.jpg	12	6	1	data/LucVanTien1916/patches/nlvnpf-0059-035.jpg_6_1.jpg	data/LucVanTien1916/patches_preprocessed/train/nlvnpf-0059-035.jpg_6_1.jpg	train	130.2,148.4,41.3,533.9	﨤柴辰病乙苓	U+FA24 U+67F4 U+8FB0 U+75C5 U+4E59 U+82D3	6	Gặp thầy thì bệnh ắt lành	6	1	﨤柴辰病乙苓	1
LucVanTien1916	nlvnpf-0059 (in mộc bản 1916)	nlvnpf-0059-035	data/LucVanTien1916/pages/images/nlvnpf-0059-035.jpg	13	6	2	data/LucVanTien1916/patches/nlvnpf-0059-035.jpg_6_2.jpg	data/LucVanTien1916/patches_preprocessed/train/nlvnpf-0059-035.jpg_6_2.jpg	train	130.2,148.4,41.3,533.9	泊鐄冲𫋻産爭包饒	U+6CCA U+9404 U+51B2 U+2B2FB U+7523 U+722D U+5305 U+9952	8	Bạc vàng trong gói sẵn dàng bao nhiêủ	8	1	泊鐄冲𫋻産爭包饒	1
LucVanTien1916	nlvnpf-0059 (in mộc bản 1916)	nlvnpf-0059-035	data/LucVanTien1916/pages/images/nlvnpf-0059-035.jpg	14	7	1	data/LucVanTien1916/patches/nlvnpf-0059-035.jpg_7_1.jpg	data/LucVanTien1916/patches_preprocessed/train/nlvnpf-0059-035.jpg_7_1.jpg	train	95.0,147.8,38.0,536.4	童浪钱泊庒饒	U+7AE5 U+6D6A U+94B1 U+6CCA U+5E92 U+9952	6	Ðồng rằng: Tiền bạc chẳng nhiều	6	1	童浪钱泊庒饒	1
LucVanTien1916	nlvnpf-0059 (in mộc bản 1916)	nlvnpf-0059-035	data/LucVanTien1916/pages/images/nlvnpf-0059-035.jpg	15	7	2	data/LucVanTien1916/patches/nlvnpf-0059-035.jpg_7_2.jpg	data/LucVanTien1916/patches_preprocessed/train/nlvnpf-0059-035.jpg_7_2.jpg	train	95.0,147.8,38.0,536.4	嗔柴𢪀量邒條茦湯	U+55D4 U+67F4 U+22A80 U+91CF U+9092 U+689D U+8326 U+6E6F	8	Xin thầy nghĩ lượng đặng điều thuốc thang.	8	1	嗔柴𢪀量邒條茦湯	1
LucVanTien1916	nlvnpf-0059 (in mộc bản 1916)	nlvnpf-0059-035	data/LucVanTien1916/pages/images/nlvnpf-0059-035.jpg	16	8	1	data/LucVanTien1916/patches/nlvnpf-0059-035.jpg_8_1.jpg	data/LucVanTien1916/patches_preprocessed/train/nlvnpf-0059-035.jpg_8_1.jpg	train	56.4,149.7,42.5,535.1	埋麻病𧘇邒安	U+57CB U+9EBB U+75C5 U+27607 U+9092 U+5B89	6	May mà bệnh ấy đặng an	6	1	埋麻病𧘇邒安	1
LucVanTien1916	nlvnpf-0059 (in mộc bản 1916)	nlvnpf-0059-035	data/LucVanTien1916/pages/images/nlvnpf-0059-035.jpg	17	8	2	data/LucVanTien1916/patches/nlvnpf-0059-035.jpg_8_2.jpg	data/LucVanTien1916/patches_preprocessed/val/nlvnpf-0059-035.jpg_8_2.jpg	val	56.4,149.7,42.5,535.1	泊群𠄼𭃂𢭂郎朱柴	U+6CCA U+7FA4 U+2013C U+2D0C2 U+22B42 U+90CE U+6731 U+67F4	8	Bạc còn năm lượng trao sang cho thày	8	1	泊群𠄼𭃂𢭂郎朱柴	1
LucVanTien1916	nlvnpf-0059 (in mộc bản 1916)	nlvnpf-0059-035	data/LucVanTien1916/pages/images/nlvnpf-0059-035.jpg	18	9	1	data/LucVanTien1916/patches/nlvnpf-0059-035.jpg_9_1.jpg	data/LucVanTien1916/patches_preprocessed/train/nlvnpf-0059-035.jpg_9_1.jpg	train	22.6,149.7,36.1,535.1	昂浪柴扵準尼	U+6602 U+6D6A U+67F4 U+6275 U+6E96 U+5C3C	6	Ngang rằng: Thầy ở chốn này	6	1	昂浪柴扵準尼	1
LucVanTien1916	nlvnpf-0059 (in mộc bản 1916)	nlvnpf-0059-035	data/LucVanTien1916/pages/images/nlvnpf-0059-035.jpg	19	9	2	data/LucVanTien1916/patches/nlvnpf-0059-035.jpg_9_2.jpg	data/LucVanTien1916/patches_preprocessed/train/nlvnpf-0059-035.jpg_9_2.jpg	train	22.6,149.7,36.1,535.1	𠀧𠁀󰡸業爫柴奇𠀧	U+20027 U+20040 U+F0878 U+696D U+722B U+67F4 U+5947 U+20027	8	Ba đời nối nghiệp làm thày cả ba	8	1	𠀧𠁀󰡸業爫柴奇𠀧	1
LucVanTien1916	nlvnpf-0059 (in mộc bản 1916)	nlvnpf-0059-036	data/LucVanTien1916/pages/images/nlvnpf-0059-036.jpg	0	0	1	data/LucVanTien1916/patches/nlvnpf-0059-036.jpg_0_1.jpg			433.6,147.4,36.0,533.1	𠰌之拱𬦼冲茄	U+20C0C U+4E4B U+62F1 U+2C9BC U+51B2 U+8304	6	Mùi chi cũng đủ trong nhà	6	1	𠰌之拱𬦼冲茄	1
LucVanTien1916	nlvnpf-0059 (in mộc bản 1916)	nlvnpf-0059-036	data/LucVanTien1916/pages/images/nlvnpf-0059-036.jpg	1	0	2	data/LucVanTien1916/patches/nlvnpf-0059-036.jpg_0_2.jpg			433.6,147.4,36.0,533.1	内經㐌産外科添牟	U+5185 U+7D93 U+340C U+7523 U+5916 U+79D1 U+6DFB U+725F	8	Nội kinh đã sẵn, ngoại khoa thêm mầu	8	1	内經㐌産外科添牟	1
LucVanTien1916	nlvnpf-0059 (in mộc bản 1916)	nlvnpf-0059-036	data/LucVanTien1916/pages/images/nlvnpf-0059-036.jpg	2	1	1	data/LucVanTien1916/patches/nlvnpf-0059-036.jpg_1_1.jpg			397.0,148.4,37.9,535.2	畧䀡尋世爫頭	U+7567 U+4021 U+5C0B U+4E16 U+722B U+982D	6	Trước xem tầm thế làm đầu	6	1	畧䀡尋世爫頭	1
LucVanTien1916	nlvnpf-0059 (in mộc bản 1916)	nlvnpf-0059-036	data/LucVanTien1916/pages/images/nlvnpf-0059-036.jpg	3	1	2	data/LucVanTien1916/patches/nlvnpf-0059-036.jpg_1_2.jpg			397.0,148.4,37.9,535.2	𡢐䀡医斈次求東医	U+21890 U+4021 U+533B U+6588 U+6B21 U+6C42 U+6771 U+533B	8	Sau xem Y học , thứ cầu Ðông y	9	0	𡢐䀡医斈次求東医	1
LucVanTien1916	nlvnpf-0059 (in mộc bản 1916)	nlvnpf-0059-036	data/LucVanTien1916/pages/images/nlvnpf-0059-036.jpg	4	2	1	data/LucVanTien1916/patches/nlvnpf-0059-036.jpg_2_1.jpg			359.6,150.2,37.8,534.6	𡄎冲銀漢精溦	U+2110E U+51B2 U+9280 U+6F22 U+7CBE U+6EA6	6	Ngẫm trong Ngân Hán tinh vi	6	1	𡄎冲銀漢精溦	1
LucVanTien1916	nlvnpf-0059 (in mộc bản 1916)	nlvnpf-0059-036	data/LucVanTien1916/pages/images/nlvnpf-0059-036.jpg	5	2	2	data/LucVanTien1916/patches/nlvnpf-0059-036.jpg_2_2.jpg			359.6,150.2,37.8,534.6	拱󰑼綱目收夷青東	U+62F1 U+F047C U+7DB1 U+76EE U+6536 U+5937 U+9752 U+6771	8	Cùng là Cương Mục , thua gì Thanh Đông	9	0	拱󰑼綱目收夷青東	1
LucVanTien1916	nlvnpf-0059 (in mộc bản 1916)	nlvnpf-0059-036	data/LucVanTien1916/pages/images/nlvnpf-0059-036.jpg	6	3	1	data/LucVanTien1916/patches/nlvnpf-0059-036.jpg_3_1.jpg			321.0,150.9,38.1,534.5	NgẫmtrongTậpnghiệmlươngphương	U+004E U+0067 U+1EAB U+006D U+0074 U+0072 U+006F U+006E U+0067 U+0054 U+1EAD U+0070 U+006E U+0067 U+0068 U+0069 U+1EC7 U+006D U+006C U+01B0 U+01A1 U+006E U+0067 U+0070 U+0068 U+01B0 U+01A1 U+006E U+0067	29	Ngẫm trong Tập nghiệm lương phương	6	0	𡄎冲集𩡭良方	0
LucVanTien1916	nlvnpf-0059 (in mộc bản 1916)	nlvnpf-0059-036	data/LucVanTien1916/pages/images/nlvnpf-0059-036.jpg	7	3	2	data/LucVanTien1916/patches/nlvnpf-0059-036.jpg_3_2.jpg			321.0,150.9,38.1,534.5	拱󰑼御製𣥱塘回生	U+62F1 U+F047C U+5FA1 U+88FD U+23971 U+5858 U+56DE U+751F	8	Cùng là Ngự chế trải đường hồi sinh	8	1	拱󰑼御製𣥱塘回生	1
LucVanTien1916	nlvnpf-0059 (in mộc bản 1916)	nlvnpf-0059-036	data/LucVanTien1916/pages/images/nlvnpf-0059-036.jpg	8	4	1	data/LucVanTien1916/patches/nlvnpf-0059-036.jpg_4_1.jpg			283.0,152.1,37.2,533.9	味之産達君臣	U+5473 U+4E4B U+7523 U+9054 U+541B U+81E3	6	Vị chi sẵn đặt quân thần	6	1	味之産達君臣	1
LucVanTien1916	nlvnpf-0059 (in mộc bản 1916)	nlvnpf-0059-036	data/LucVanTien1916/pages/images/nlvnpf-0059-036.jpg	9	4	2	data/LucVanTien1916/patches/nlvnpf-0059-036.jpg_4_2.jpg			283.0,152.1,37.2,533.9	茦它炮製𨑮分𤑟𤉜	U+8326 U+5B83 U+70AE U+88FD U+2846E U+5206 U+2445F U+2425C	8	Thuốc đà bào chế mười phân rõ ràng	8	1	茦它炮製𨑮分𤑟𤉜	1
LucVanTien1916	nlvnpf-0059 (in mộc bản 1916)	nlvnpf-0059-036	data/LucVanTien1916/pages/images/nlvnpf-0059-036.jpg	10	5	1	data/LucVanTien1916/patches/nlvnpf-0059-036.jpg_5_1.jpg			243.0,155.2,38.6,531.6	脉辰讀賦矑山	U+8109 U+8FB0 U+8B80 U+8CE6 U+77D1 U+5C71	6	Mạch thời đọc phú Lư Sơn	6	1	脉辰讀賦矑山	1
LucVanTien1916	nlvnpf-0059 (in mộc bản 1916)	nlvnpf-0059-036	data/LucVanTien1916/pages/images/nlvnpf-0059-036.jpg	11	5	2	data/LucVanTien1916/patches/nlvnpf-0059-036.jpg_5_2.jpg			243.0,155.2,38.6,531.6	達𢬣𠓨病別塘死生	U+9054 U+22B23 U+204E8 U+75C5 U+5225 U+5858 U+6B7B U+751F	8	Ðặt tay vào bệnh biết đường tử sinh.	8	1	達𢬣𠓨病別塘死生	1
LucVanTien1916	nlvnpf-0059 (in mộc bản 1916)	nlvnpf-0059-036	data/LucVanTien1916/pages/images/nlvnpf-0059-036.jpg	12	6	1	data/LucVanTien1916/patches/nlvnpf-0059-036.jpg_6_1.jpg			201.1,153.9,40.9,535.1	六君四物湯名	U+516D U+541B U+56DB U+7269 U+6E6F U+540D	6	Lục quân, tứ vật thang danh	6	1	六君四物湯名	1
LucVanTien1916	nlvnpf-0059 (in mộc bản 1916)	nlvnpf-0059-036	data/LucVanTien1916/pages/images/nlvnpf-0059-036.jpg	13	6	2	data/LucVanTien1916/patches/nlvnpf-0059-036.jpg_6_2.jpg			201.1,153.9,40.9,535.1	十全八味産仃内傷	U+5341 U+5168 U+516B U+5473 U+7523 U+4EC3 U+5185 U+50B7	8	Thập toàn, bát vị , sẵn dành nội thương	9	0	十全八味産仃内傷	1
LucVanTien1916	nlvnpf-0059 (in mộc bản 1916)	nlvnpf-0059-036	data/LucVanTien1916/pages/images/nlvnpf-0059-036.jpg	14	7	1	data/LucVanTien1916/patches/nlvnpf-0059-036.jpg_7_1.jpg			166.3,155.8,37.9,533.9	吏通八陣奇方	U+540F U+901A U+516B U+9663 U+5947 U+65B9	6	Lại thông bát trận kì phương	6	1	吏通八陣奇方	1
LucVanTien1916	nlvnpf-0059 (in mộc bản 1916)	nlvnpf-0059-036	data/LucVanTien1916/pages/images/nlvnpf-0059-036.jpg	15	7	2	data/LucVanTien1916/patches/nlvnpf-0059-036.jpg_7_2.jpg			166.3,155.8,37.9,533.9	内傷外感投湯五柴	U+5185 U+50B7 U+5916 U+611F U+6295 U+6E6F U+4E94 U+67F4	8	Nội thương ngoại cảm đầu thang ngũ sài	8	1	内傷外感投湯五柴	1
LucVanTien1916	nlvnpf-0059 (in mộc bản 1916)	nlvnpf-0059-036	data/LucVanTien1916/pages/images/nlvnpf-0059-036.jpg	16	8	1	data/LucVanTien1916/patches/nlvnpf-0059-036.jpg_8_1.jpg			127.4,155.9,40.1,534.4	童浪柴寔固才	U+7AE5 U+6D6A U+67F4 U+5BD4 U+56FA U+624D	6	Ðồng rằng: Thầy thực có tài	6	1	童浪柴寔固才	1
LucVanTien1916	nlvnpf-0059 (in mộc bản 1916)	nlvnpf-0059-036	data/LucVanTien1916/pages/images/nlvnpf-0059-036.jpg	17	8	2	data/LucVanTien1916/patches/nlvnpf-0059-036.jpg_8_2.jpg			127.4,155.9,40.1,534.4	嗔柴䀡脉朱排茦之湯	U+55D4 U+67F4 U+4021 U+8109 U+6731 U+6392 U+8326 U+4E4B U+6E6F	9	Xin thầy xem mạch cho bài thuốc thang.	8	0	嗔柴䀡脉朱排茦湯	0
LucVanTien1916	nlvnpf-0059 (in mộc bản 1916)	nlvnpf-0059-036	data/LucVanTien1916/pages/images/nlvnpf-0059-036.jpg	18	9	1	data/LucVanTien1916/patches/nlvnpf-0059-036.jpg_9_1.jpg			91.0,158.2,38.5,530.3	昂浪六部調散	U+6602 U+6D6A U+516D U+90E8 U+8ABF U+6563	6	Ngang rằng: Lục bộ đều tan	6	1	昂浪六部調散	1
LucVanTien1916	nlvnpf-0059 (in mộc bản 1916)	nlvnpf-0059-036	data/LucVanTien1916/pages/images/nlvnpf-0059-036.jpg	19	9	2	data/LucVanTien1916/patches/nlvnpf-0059-036.jpg_9_2.jpg			91.0,158.2,38.5,530.3	部𫔭边左脉昂浽紅	U+90E8 U+2B52D U+8FB9 U+5DE6 U+8109 U+6602 U+6D7D U+7D05	8	Bộ khai bên tả , mạch ngang nổi hồng	9	0	部𫔭边左脉昂浽紅	1
LucVanTien1916	nlvnpf-0059 (in mộc bản 1916)	nlvnpf-0059-037	data/LucVanTien1916/pages/images/nlvnpf-0059-037.jpg	0	0	1	data/LucVanTien1916/patches/nlvnpf-0059-037.jpg_0_1.jpg	data/LucVanTien1916/patches_preprocessed/train/nlvnpf-0059-037.jpg_0_1.jpg	train	361.9,153.6,36.5,529.9	拠冲册畧麻通	U+62E0 U+51B2 U+518C U+7567 U+9EBB U+901A	6	Cứ trong sách lược mà thông	6	1	拠冲册畧麻通	1
LucVanTien1916	nlvnpf-0059 (in mộc bản 1916)	nlvnpf-0059-037	data/LucVanTien1916/pages/images/nlvnpf-0059-037.jpg	1	0	2	data/LucVanTien1916/patches/nlvnpf-0059-037.jpg_0_2.jpg	data/LucVanTien1916/patches_preprocessed/train/nlvnpf-0059-037.jpg_0_2.jpg	train	361.9,153.6,36.5,529.9	𠇮門相火㐌衝𨕭頭	U+201EE U+9580 U+76F8 U+706B U+340C U+885D U+2856D U+982D	8	Mệnh môn tướng hỏa đã xông lên đầu	8	1	𠇮門相火㐌衝𨕭頭	1
LucVanTien1916	nlvnpf-0059 (in mộc bản 1916)	nlvnpf-0059-037	data/LucVanTien1916/pages/images/nlvnpf-0059-037.jpg	2	1	1	data/LucVanTien1916/patches/nlvnpf-0059-037.jpg_1_1.jpg	data/LucVanTien1916/patches_preprocessed/train/nlvnpf-0059-037.jpg_1_1.jpg	train	322.3,152.5,38.1,531.1	三焦積热㐌𥹰	U+4E09 U+7126 U+7A4D U+70ED U+340C U+25E70	6	Tam tiêu , tích nhiệt đã lâu	7	0	三焦積热㐌𥹰	1
LucVanTien1916	nlvnpf-0059 (in mộc bản 1916)	nlvnpf-0059-037	data/LucVanTien1916/pages/images/nlvnpf-0059-037.jpg	3	1	2	data/LucVanTien1916/patches/nlvnpf-0059-037.jpg_1_2.jpg	data/LucVanTien1916/patches_preprocessed/train/nlvnpf-0059-037.jpg_1_2.jpg	train	322.3,152.5,38.1,531.1	悶朱降火沛投資隂	U+60B6 U+6731 U+964D U+706B U+6C9B U+6295 U+8CC7 U+9682	8	Muốn cho giáng hỏa phải đầu tư âm	8	1	悶朱降火沛投資隂	1
LucVanTien1916	nlvnpf-0059 (in mộc bản 1916)	nlvnpf-0059-037	data/LucVanTien1916/pages/images/nlvnpf-0059-037.jpg	4	2	1	data/LucVanTien1916/patches/nlvnpf-0059-037.jpg_2_1.jpg	data/LucVanTien1916/patches_preprocessed/train/nlvnpf-0059-037.jpg_2_1.jpg	train	286.0,153.3,38.1,531.9	黃連黃栢黃苓	U+9EC3 U+9023 U+9EC3 U+6822 U+9EC3 U+82D3	6	Hoàng liên, Hoàng bá, Hoàng linh	6	1	黃連黃栢黃苓	1
LucVanTien1916	nlvnpf-0059 (in mộc bản 1916)	nlvnpf-0059-037	data/LucVanTien1916/pages/images/nlvnpf-0059-037.jpg	5	2	2	data/LucVanTien1916/patches/nlvnpf-0059-037.jpg_2_2.jpg	data/LucVanTien1916/patches_preprocessed/val/nlvnpf-0059-037.jpg_2_2.jpg	val	286.0,153.3,38.1,531.9	加𠓨朱倍热心買平	U+52A0 U+204E8 U+6731 U+500D U+70ED U+5FC3 U+8CB7 U+5E73	8	Gia vào cho bội nhiệt tâm mới bình	8	1	加𠓨朱倍热心買平	1
LucVanTien1916	nlvnpf-0059 (in mộc bản 1916)	nlvnpf-0059-037	data/LucVanTien1916/pages/images/nlvnpf-0059-037.jpg	6	3	1	data/LucVanTien1916/patches/nlvnpf-0059-037.jpg_3_1.jpg	data/LucVanTien1916/patches_preprocessed/train/nlvnpf-0059-037.jpg_3_1.jpg	train	247.5,152.9,40.4,533.1	外辰朱點萬灵	U+5916 U+8FB0 U+6731 U+9EDE U+842C U+7075	6	Ngoài thời cho điểm vạn linh	6	1	外辰朱點萬灵	1
LucVanTien1916	nlvnpf-0059 (in mộc bản 1916)	nlvnpf-0059-037	data/LucVanTien1916/pages/images/nlvnpf-0059-037.jpg	7	3	2	data/LucVanTien1916/patches/nlvnpf-0059-037.jpg_3_2.jpg	data/LucVanTien1916/patches_preprocessed/train/nlvnpf-0059-037.jpg_3_2.jpg	train	247.5,152.9,40.4,533.1	冲辰朱㕵还情買衝	U+51B2 U+8FB0 U+6731 U+3575 U+8FD8 U+60C5 U+8CB7 U+885D	8	Trong thời cho uống hoàn tình mới xong	8	1	冲辰朱㕵还情買衝	1
LucVanTien1916	nlvnpf-0059 (in mộc bản 1916)	nlvnpf-0059-037	data/LucVanTien1916/pages/images/nlvnpf-0059-037.jpg	8	4	1	data/LucVanTien1916/patches/nlvnpf-0059-037.jpg_4_1.jpg	data/LucVanTien1916/patches_preprocessed/train/nlvnpf-0059-037.jpg_4_1.jpg	train	207.0,154.5,40.9,531.5	呵𢭂𠄩月泊𣳔	U+5475 U+22B42 U+20129 U+6708 U+6CCA U+23CD4	6	Há trao hai lượng bạc ròng	6	1	呵𢭂𠄩月泊𣳔	1
LucVanTien1916	nlvnpf-0059 (in mộc bản 1916)	nlvnpf-0059-037	data/LucVanTien1916/pages/images/nlvnpf-0059-037.jpg	9	4	2	data/LucVanTien1916/patches/nlvnpf-0059-037.jpg_4_2.jpg	data/LucVanTien1916/patches_preprocessed/train/nlvnpf-0059-037.jpg_4_2.jpg	train	207.0,154.5,40.9,531.5	補添味茦低防投湯	U+88DC U+6DFB U+5473 U+8326 U+4F4E U+9632 U+6295 U+6E6F	8	Bổ thêm vị thuốc đề phòng đầu thang	8	1	補添味茦低防投湯	1
LucVanTien1916	nlvnpf-0059 (in mộc bản 1916)	nlvnpf-0059-037	data/LucVanTien1916/pages/images/nlvnpf-0059-037.jpg	10	5	1	data/LucVanTien1916/patches/nlvnpf-0059-037.jpg_5_1.jpg	data/LucVanTien1916/patches_preprocessed/train/nlvnpf-0059-037.jpg_5_1.jpg	train	165.7,153.5,40.5,533.1	庒戈爫福朱払	U+5E92 U+6208 U+722B U+798F U+6731 U+6255	6	Chẳng qua làm phúc cho chàng	6	1	庒戈爫福朱払	1
LucVanTien1916	nlvnpf-0059 (in mộc bản 1916)	nlvnpf-0059-037	data/LucVanTien1916/pages/images/nlvnpf-0059-037.jpg	11	5	2	data/LucVanTien1916/patches/nlvnpf-0059-037.jpg_5_2.jpg	data/LucVanTien1916/patches_preprocessed/train/nlvnpf-0059-037.jpg_5_2.jpg	train	165.7,153.5,40.5,533.1	芇埃隊局隊𡊨之埃	U+8287 U+57C3 U+968A U+5C40 U+968A U+212A8 U+4E4B U+57C3	8	Nào ai đòi cuộc, đòi đàn chi ai	8	1	芇埃隊局隊𡊨之埃	1
LucVanTien1916	nlvnpf-0059 (in mộc bản 1916)	nlvnpf-0059-037	data/LucVanTien1916/pages/images/nlvnpf-0059-037.jpg	12	6	1	data/LucVanTien1916/patches/nlvnpf-0059-037.jpg_6_1.jpg	data/LucVanTien1916/patches_preprocessed/train/nlvnpf-0059-037.jpg_6_1.jpg	train	129.3,152.7,39.4,533.3	小童卞想固才	U+5C0F U+7AE5 U+535E U+60F3 U+56FA U+624D	6	Tiểu đồng bèn tưởng có tài	6	1	小童卞想固才	1
LucVanTien1916	nlvnpf-0059 (in mộc bản 1916)	nlvnpf-0059-037	data/LucVanTien1916/pages/images/nlvnpf-0059-037.jpg	13	6	2	data/LucVanTien1916/patches/nlvnpf-0059-037.jpg_6_2.jpg	data/LucVanTien1916/patches_preprocessed/train/nlvnpf-0059-037.jpg_6_2.jpg	train	129.3,152.7,39.4,533.3	倍鐄󰘉𫋻𥙩潙𭃂𢭂	U+500D U+9404 U+F0609 U+2B2FB U+25669 U+6F59 U+2D0C2 U+22B42	8	Vội vàng mở gói, lấy vài lượng traọ	8	1	倍鐄󰘉𫋻𥙩潙𭃂𢭂	1
LucVanTien1916	nlvnpf-0059 (in mộc bản 1916)	nlvnpf-0059-037	data/LucVanTien1916/pages/images/nlvnpf-0059-037.jpg	14	7	1	data/LucVanTien1916/patches/nlvnpf-0059-037.jpg_7_1.jpg	data/LucVanTien1916/patches_preprocessed/train/nlvnpf-0059-037.jpg_7_1.jpg	train	92.1,154.6,38.6,530.9	𨑮㝵庒叭𡮇芇	U+2846E U+3775 U+5E92 U+53ED U+21B87 U+8287	6	Mười ngày chẳng bớt chút nào	6	1	𨑮㝵庒叭𡮇芇	1
LucVanTien1916	nlvnpf-0059 (in mộc bản 1916)	nlvnpf-0059-037	data/LucVanTien1916/pages/images/nlvnpf-0059-037.jpg	15	7	2	data/LucVanTien1916/patches/nlvnpf-0059-037.jpg_7_2.jpg	data/LucVanTien1916/patches_preprocessed/train/nlvnpf-0059-037.jpg_7_2.jpg	train	92.1,154.6,38.6,530.9	添𤴬冲胣如炮如𢬗	U+6DFB U+24D2C U+51B2 U+80E3 U+5982 U+70AE U+5982 U+22B17	8	Thêm đau trong dạ như bào như soi	8	1	添𤴬冲胣如炮如𢬗	1
LucVanTien1916	nlvnpf-0059 (in mộc bản 1916)	nlvnpf-0059-037	data/LucVanTien1916/pages/images/nlvnpf-0059-037.jpg	16	8	1	data/LucVanTien1916/patches/nlvnpf-0059-037.jpg_8_1.jpg	data/LucVanTien1916/patches_preprocessed/train/nlvnpf-0059-037.jpg_8_1.jpg	train	55.7,155.2,37.8,530.3	童浪𠓨妬柴𥋳	U+7AE5 U+6D6A U+204E8 U+59AC U+67F4 U+252F3	6	Ðồng rằng: Vào đó thầy coi	6	1	童浪𠓨妬柴𥋳	1
LucVanTien1916	nlvnpf-0059 (in mộc bản 1916)	nlvnpf-0059-037	data/LucVanTien1916/pages/images/nlvnpf-0059-037.jpg	17	8	2	data/LucVanTien1916/patches/nlvnpf-0059-037.jpg_8_2.jpg	data/LucVanTien1916/patches_preprocessed/val/nlvnpf-0059-037.jpg_8_2.jpg	val	55.7,155.2,37.8,530.3	病牢庒叭麻隊泊添	U+75C5 U+7262 U+5E92 U+53ED U+9EBB U+968A U+6CCA U+6DFB	8	Bệnh sao chẳng bớt mà đòi bạc thêm.	8	1	病牢庒叭麻隊泊添	1
LucVanTien1916	nlvnpf-0059 (in mộc bản 1916)	nlvnpf-0059-037	data/LucVanTien1916/pages/images/nlvnpf-0059-037.jpg	18	9	1	data/LucVanTien1916/patches/nlvnpf-0059-037.jpg_9_1.jpg	data/LucVanTien1916/patches_preprocessed/train/nlvnpf-0059-037.jpg_9_1.jpg	train	20.0,153.3,35.9,531.7	昂浪𦣰𧡊欺店	U+6602 U+6D6A U+268F0 U+2784A U+6B3A U+5E97	6	Ngang rằng: Nằm thấy khi đêm	6	1	昂浪𦣰𧡊欺店	1
LucVanTien1916	nlvnpf-0059 (in mộc bản 1916)	nlvnpf-0059-037	data/LucVanTien1916/pages/images/nlvnpf-0059-037.jpg	19	9	2	data/LucVanTien1916/patches/nlvnpf-0059-037.jpg_9_2.jpg	data/LucVanTien1916/patches_preprocessed/val/nlvnpf-0059-037.jpg_9_2.jpg	val	20.0,153.3,35.9,531.7	祖師覔保𠬠恬占包	U+7956 U+5E2B U+8994 U+4FDD U+20B20 U+606C U+5360 U+5305	8	Tổ sư mách bảo một điềm chiêm bao	8	1	祖師覔保𠬠恬占包	1
LucVanTien1916	nlvnpf-0059 (in mộc bản 1916)	nlvnpf-0059-038	data/LucVanTien1916/pages/images/nlvnpf-0059-038.jpg	0	0	1	data/LucVanTien1916/patches/nlvnpf-0059-038.jpg_0_1.jpg	data/LucVanTien1916/patches_preprocessed/train/nlvnpf-0059-038.jpg_0_1.jpg	train	432.3,153.3,33.6,532.1	鬼神𠊚扵𨑗高	U+9B3C U+795E U+2029A U+6275 U+28457 U+9AD8	6	Quỉ thần người ở trên cao	6	1	鬼神𠊚扵𨑗高	1
LucVanTien1916	nlvnpf-0059 (in mộc bản 1916)	nlvnpf-0059-038	data/LucVanTien1916/pages/images/nlvnpf-0059-038.jpg	1	0	2	data/LucVanTien1916/patches/nlvnpf-0059-038.jpg_0_2.jpg	data/LucVanTien1916/patches_preprocessed/val/nlvnpf-0059-038.jpg_0_2.jpg	val	432.3,153.3,33.6,532.1	𠲖欺塘詫理芇別󰦓	U+20C96 U+6B3A U+5858 U+8A6B U+7406 U+8287 U+5225 U+F0993	8	E khi đường sá lẽ nào biết đâu	8	1	𠲖欺塘詫理芇別󰦓	1
LucVanTien1916	nlvnpf-0059 (in mộc bản 1916)	nlvnpf-0059-038	data/LucVanTien1916/pages/images/nlvnpf-0059-038.jpg	2	1	1	data/LucVanTien1916/patches/nlvnpf-0059-038.jpg_1_1.jpg	data/LucVanTien1916/patches_preprocessed/train/nlvnpf-0059-038.jpg_1_1.jpg	train	395.2,155.8,36.3,529.6	小童𤽗呵戈求	U+5C0F U+7AE5 U+24F57 U+5475 U+6208 U+6C42	6	Tiểu đồng ngươi há qua cầu	6	1	小童𤽗呵戈求	1
LucVanTien1916	nlvnpf-0059 (in mộc bản 1916)	nlvnpf-0059-038	data/LucVanTien1916/pages/images/nlvnpf-0059-038.jpg	3	1	2	data/LucVanTien1916/patches/nlvnpf-0059-038.jpg_1_2.jpg	data/LucVanTien1916/patches_preprocessed/train/nlvnpf-0059-038.jpg_1_2.jpg	train	395.2,155.8,36.3,529.6	拱翁柴𧴤扵頭西	U+62F1 U+7FC1 U+67F4 U+27D24 U+6275 U+982D U+897F	7	Cùng ông thày bói ở đầu Tây Viên	8	0	拱翁柴𧴤扵頭西𭍝	0
LucVanTien1916	nlvnpf-0059 (in mộc bản 1916)	nlvnpf-0059-038	data/LucVanTien1916/pages/images/nlvnpf-0059-038.jpg	4	2	1	data/LucVanTien1916/patches/nlvnpf-0059-038.jpg_2_1.jpg	data/LucVanTien1916/patches_preprocessed/train/nlvnpf-0059-038.jpg_2_1.jpg	train	355.6,155.8,40.0,530.9	小童𦖑呐𠫾連	U+5C0F U+7AE5 U+26591 U+5450 U+20AFE U+9023	6	Tiểu đồng nghe nói đi liền	6	1	小童𦖑呐𠫾連	1
LucVanTien1916	nlvnpf-0059 (in mộc bản 1916)	nlvnpf-0059-038	data/LucVanTien1916/pages/images/nlvnpf-0059-038.jpg	5	2	2	data/LucVanTien1916/patches/nlvnpf-0059-038.jpg_2_2.jpg	data/LucVanTien1916/patches_preprocessed/train/nlvnpf-0059-038.jpg_2_2.jpg	train	355.6,155.8,40.0,530.9	﨤翁柴𧴤達钱䀡𥋳	U+FA24 U+7FC1 U+67F4 U+27D24 U+9054 U+94B1 U+4021 U+252F3	8	Gặp ông thầy bói đặt tiền xem coị	8	1	﨤翁柴𧴤達钱䀡𥋳	1
LucVanTien1916	nlvnpf-0059 (in mộc bản 1916)	nlvnpf-0059-038	data/LucVanTien1916/pages/images/nlvnpf-0059-038.jpg	6	3	1	data/LucVanTien1916/patches/nlvnpf-0059-038.jpg_3_1.jpg	data/LucVanTien1916/patches_preprocessed/train/nlvnpf-0059-038.jpg_3_1.jpg	train	319.5,156.4,36.7,531.2	𧴤浪渚邒牢灰	U+27D24 U+6D6A U+6E1A U+9092 U+7262 U+7070	6	Bói rằng: Chớ đặng sao hoi	6	1	𧴤浪渚邒牢灰	1
LucVanTien1916	nlvnpf-0059 (in mộc bản 1916)	nlvnpf-0059-038	data/LucVanTien1916/pages/images/nlvnpf-0059-038.jpg	7	3	2	data/LucVanTien1916/patches/nlvnpf-0059-038.jpg_3_2.jpg	data/LucVanTien1916/patches_preprocessed/val/nlvnpf-0059-038.jpg_3_2.jpg	val	319.5,156.4,36.7,531.2	㨿牢𢧚浽達𥋳󰡫尼	U+3A3F U+7262 U+229DA U+6D7D U+9054 U+252F3 U+F086B U+5C3C	8	Cớ sao nên nỗi đặt coi thế nàỵ	8	1	㨿牢𢧚浽達𥋳󰡫尼	1
LucVanTien1916	nlvnpf-0059 (in mộc bản 1916)	nlvnpf-0059-038	data/LucVanTien1916/pages/images/nlvnpf-0059-038.jpg	8	4	1	data/LucVanTien1916/patches/nlvnpf-0059-038.jpg_4_1.jpg	data/LucVanTien1916/patches_preprocessed/train/nlvnpf-0059-038.jpg_4_1.jpg	train	281.6,157.6,39.0,529.6	些低庒沛各柴	U+4E9B U+4F4E U+5E92 U+6C9B U+5404 U+67F4	6	Ta đây chẳng phải các thày	6	1	些低庒沛各柴	1
LucVanTien1916	nlvnpf-0059 (in mộc bản 1916)	nlvnpf-0059-038	data/LucVanTien1916/pages/images/nlvnpf-0059-038.jpg	9	4	2	data/LucVanTien1916/patches/nlvnpf-0059-038.jpg_4_2.jpg	data/LucVanTien1916/patches_preprocessed/train/nlvnpf-0059-038.jpg_4_2.jpg	train	281.6,157.6,39.0,529.6	𧴤爲𧴤曰呐之庒𠰃	U+27D24 U+7232 U+27D24 U+66F0 U+5450 U+4E4B U+5E92 U+20C03	8	Bói vơ, bói vất, nói chi chẳng nhầm	8	1	𧴤爲𧴤曰呐之庒𠰃	1
LucVanTien1916	nlvnpf-0059 (in mộc bản 1916)	nlvnpf-0059-038	data/LucVanTien1916/pages/images/nlvnpf-0059-038.jpg	10	5	1	data/LucVanTien1916/patches/nlvnpf-0059-038.jpg_5_1.jpg	data/LucVanTien1916/patches_preprocessed/train/nlvnpf-0059-038.jpg_5_1.jpg	train	241.2,158.2,39.3,529.6	温潤經易𠇍𢆥	U+6E29 U+6F64 U+7D93 U+6613 U+201CD U+221A5	6	Ôn nhuần Kinh Dịch mấy năm	6	1	温潤經易𠇍𢆥	1
LucVanTien1916	nlvnpf-0059 (in mộc bản 1916)	nlvnpf-0059-038	data/LucVanTien1916/pages/images/nlvnpf-0059-038.jpg	11	5	2	data/LucVanTien1916/patches/nlvnpf-0059-038.jpg_5_2.jpg	data/LucVanTien1916/patches_preprocessed/train/nlvnpf-0059-038.jpg_5_2.jpg	train	241.2,158.2,39.3,529.6	𦒹𨑮𦊚卦𠀧𤾓餘爻	U+264B9 U+2846E U+2629A U+5366 U+20027 U+24F93 U+9918 U+723B	8	Sáu mươi bốn quẻ, ba trăm dư hào	8	1	𦒹𨑮𦊚卦𠀧𤾓餘爻	1
LucVanTien1916	nlvnpf-0059 (in mộc bản 1916)	nlvnpf-0059-038	data/LucVanTien1916/pages/images/nlvnpf-0059-038.jpg	12	6	1	data/LucVanTien1916/patches/nlvnpf-0059-038.jpg_6_1.jpg	data/LucVanTien1916/patches_preprocessed/train/nlvnpf-0059-038.jpg_6_1.jpg	train	202.5,158.2,39.5,530.3	黃金野鶴册高	U+9EC3 U+91D1 U+91CE U+9DB4 U+518C U+9AD8	6	Hoàng kim, Dã hạc sách cao	6	1	黃金野鶴册高	1
LucVanTien1916	nlvnpf-0059 (in mộc bản 1916)	nlvnpf-0059-038	data/LucVanTien1916/pages/images/nlvnpf-0059-038.jpg	13	6	2	data/LucVanTien1916/patches/nlvnpf-0059-038.jpg_6_2.jpg	data/LucVanTien1916/patches_preprocessed/train/nlvnpf-0059-038.jpg_6_2.jpg	train	202.5,158.2,39.5,530.3	六壬六甲𡊲芇庒咍	U+516D U+58EC U+516D U+7532 U+212B2 U+8287 U+5E92 U+548D	8	Lục nhâm, Lục giáp chỗ nào chẳng hay	8	1	六壬六甲𡊲芇庒咍	1
LucVanTien1916	nlvnpf-0059 (in mộc bản 1916)	nlvnpf-0059-038	data/LucVanTien1916/pages/images/nlvnpf-0059-038.jpg	14	7	1	data/LucVanTien1916/patches/nlvnpf-0059-038.jpg_7_1.jpg	data/LucVanTien1916/patches_preprocessed/train/nlvnpf-0059-038.jpg_7_1.jpg	train	165.8,161.3,37.5,529.0	干支調扵冲𢬣	U+5E72 U+652F U+8ABF U+6275 U+51B2 U+22B23	6	Can chi đều ở trong tay	6	1	干支調扵冲𢬣	1
LucVanTien1916	nlvnpf-0059 (in mộc bản 1916)	nlvnpf-0059-038	data/LucVanTien1916/pages/images/nlvnpf-0059-038.jpg	15	7	2	data/LucVanTien1916/patches/nlvnpf-0059-038.jpg_7_2.jpg	data/LucVanTien1916/patches_preprocessed/val/nlvnpf-0059-038.jpg_7_2.jpg	val	165.8,161.3,37.5,529.0	㐌通天地吏咍𭛣𠁀	U+340C U+901A U+5929 U+5730 U+540F U+548D U+2D6E3 U+20040	8	Ðã thông thiên địa, lại hay việc đờị	8	1	㐌通天地吏咍𭛣𠁀	1
LucVanTien1916	nlvnpf-0059 (in mộc bản 1916)	nlvnpf-0059-038	data/LucVanTien1916/pages/images/nlvnpf-0059-038.jpg	16	8	1	data/LucVanTien1916/patches/nlvnpf-0059-038.jpg_8_1.jpg	data/LucVanTien1916/patches_preprocessed/train/nlvnpf-0059-038.jpg_8_1.jpg	train	125.8,163.7,41.0,527.9	現钱貫𠬠𦊚𨑮	U+73FE U+94B1 U+8CAB U+20B20 U+2629A U+2846E	6	Hiện tiền quan mốt bốn mươi	6	1	現钱貫𠬠𦊚𨑮	1
LucVanTien1916	nlvnpf-0059 (in mộc bản 1916)	nlvnpf-0059-038	data/LucVanTien1916/pages/images/nlvnpf-0059-038.jpg	17	8	2	data/LucVanTien1916/patches/nlvnpf-0059-038.jpg_8_2.jpg	data/LucVanTien1916/patches_preprocessed/train/nlvnpf-0059-038.jpg_8_2.jpg	train	125.8,163.7,41.0,527.9	𣛣蔞󱋓𨢇朱鮮𢚸誠	U+236E3 U+851E U+F12D3 U+28887 U+6731 U+9BAE U+226B8 U+8AA0	8	Khơi trầu, chén rượu cho tươi lòng thành.	8	1	𣛣蔞󱋓𨢇朱鮮𢚸誠	1
LucVanTien1916	nlvnpf-0059 (in mộc bản 1916)	nlvnpf-0059-038	data/LucVanTien1916/pages/images/nlvnpf-0059-038.jpg	18	9	1	data/LucVanTien1916/patches/nlvnpf-0059-038.jpg_9_1.jpg	data/LucVanTien1916/patches_preprocessed/train/nlvnpf-0059-038.jpg_9_1.jpg	train	92.8,163.7,33.4,528.8	達𨑗𠳿貝神灵	U+9054 U+28457 U+20CFF U+8C9D U+795E U+7075	6	Đặt trên vái với thần linh	6	1	達𨑗𠳿貝神灵	1
LucVanTien1916	nlvnpf-0059 (in mộc bản 1916)	nlvnpf-0059-038	data/LucVanTien1916/pages/images/nlvnpf-0059-038.jpg	19	9	2	data/LucVanTien1916/patches/nlvnpf-0059-038.jpg_9_2.jpg	data/LucVanTien1916/patches_preprocessed/train/nlvnpf-0059-038.jpg_9_2.jpg	train	92.8,163.7,33.4,528.8	感𠸜歳𧘇路程莫之	U+611F U+20E1C U+6B73 U+27607 U+8DEF U+7A0B U+83AB U+4E4B	8	Cảm tên tuổi ấy lộ trình mắc chị	8	1	感𠸜歳𧘇路程莫之	1
LucVanTien1916	nlvnpf-0059 (in mộc bản 1916)	nlvnpf-0059-039	data/LucVanTien1916/pages/images/nlvnpf-0059-039.jpg	0	0	1	data/LucVanTien1916/patches/nlvnpf-0059-039.jpg_0_1.jpg	data/LucVanTien1916/patches_preprocessed/train/nlvnpf-0059-039.jpg_0_1.jpg	train	368.8,147.8,37.0,525.7	哙󰑾𠸜戸󰑼之	U+54D9 U+F047E U+20E1C U+6238 U+F047C U+4E4B	6	Hỏi ra tên họ là gì?	6	1	哙󰑾𠸜戸󰑼之	1
LucVanTien1916	nlvnpf-0059 (in mộc bản 1916)	nlvnpf-0059-039	data/LucVanTien1916/pages/images/nlvnpf-0059-039.jpg	1	0	2	data/LucVanTien1916/patches/nlvnpf-0059-039.jpg_0_2.jpg	data/LucVanTien1916/patches_preprocessed/val/nlvnpf-0059-039.jpg_0_2.jpg	val	368.8,147.8,37.0,525.7	朱柴達卦𠬠欺買詳	U+6731 U+67F4 U+9054 U+5366 U+20B20 U+6B3A U+8CB7 U+8A73	8	Cho thày đặt quẻ một khi mới tường.	8	1	朱柴達卦𠬠欺買詳	1
LucVanTien1916	nlvnpf-0059 (in mộc bản 1916)	nlvnpf-0059-039	data/LucVanTien1916/pages/images/nlvnpf-0059-039.jpg	2	1	1	data/LucVanTien1916/patches/nlvnpf-0059-039.jpg_1_1.jpg	data/LucVanTien1916/patches_preprocessed/train/nlvnpf-0059-039.jpg_1_1.jpg	train	330.0,146.6,36.0,525.0	童浪𠊚扵東方	U+7AE5 U+6D6A U+2029A U+6275 U+6771 U+65B9	6	Ðồng rằng: Người ở Ðông phương	6	1	童浪𠊚扵東方	1
LucVanTien1916	nlvnpf-0059 (in mộc bản 1916)	nlvnpf-0059-039	data/LucVanTien1916/pages/images/nlvnpf-0059-039.jpg	3	1	2	data/LucVanTien1916/patches/nlvnpf-0059-039.jpg_1_2.jpg	data/LucVanTien1916/patches_preprocessed/train/nlvnpf-0059-039.jpg_1_2.jpg	train	330.0,146.6,36.0,525.0	󰑾𠫾奔拌𫡉塘庒安	U+F047E U+20AFE U+5954 U+62CC U+2B849 U+5858 U+5E92 U+5B89	8	Ra đi buôn bán giữa đường chẳng an.	8	1	󰑾𠫾奔拌𫡉塘庒安	1
LucVanTien1916	nlvnpf-0059 (in mộc bản 1916)	nlvnpf-0059-039	data/LucVanTien1916/pages/images/nlvnpf-0059-039.jpg	4	2	1	data/LucVanTien1916/patches/nlvnpf-0059-039.jpg_2_1.jpg	data/LucVanTien1916/patches_preprocessed/train/nlvnpf-0059-039.jpg_2_1.jpg	train	290.5,148.4,39.5,528.7	固茄戸陸󰑼払	U+56FA U+8304 U+6238 U+9678 U+F047C U+6255	6	Có nhà họ Lục là chàng	6	1	固茄戸陸󰑼払	1
LucVanTien1916	nlvnpf-0059 (in mộc bản 1916)	nlvnpf-0059-039	data/LucVanTien1916/pages/images/nlvnpf-0059-039.jpg	5	2	2	data/LucVanTien1916/patches/nlvnpf-0059-039.jpg_2_2.jpg	data/LucVanTien1916/patches_preprocessed/train/nlvnpf-0059-039.jpg_2_2.jpg	train	290.5,148.4,39.5,528.7	歲𣃣𠄩糁群塘踈𬏝	U+6B72 U+230E3 U+20129 U+7CC1 U+7FA4 U+5858 U+8E08 U+2C3DD	8	Tuổi vừa hai tám, còn đường thơ ngâỵ	8	1	歲𣃣𠄩糁群塘踈𬏝	1
LucVanTien1916	nlvnpf-0059 (in mộc bản 1916)	nlvnpf-0059-039	data/LucVanTien1916/pages/images/nlvnpf-0059-039.jpg	6	3	1	data/LucVanTien1916/patches/nlvnpf-0059-039.jpg_3_1.jpg	data/LucVanTien1916/patches_preprocessed/train/nlvnpf-0059-039.jpg_3_1.jpg	train	251.6,146.0,37.5,533.3	扑浪丁卯𢆥𫢩	U+6251 U+6D6A U+4E01 U+536F U+221A5 U+2B8A9	6	Bói rằng: Ðinh Mão năm nay	6	1	扑浪丁卯𢆥𫢩	1
LucVanTien1916	nlvnpf-0059 (in mộc bản 1916)	nlvnpf-0059-039	data/LucVanTien1916/pages/images/nlvnpf-0059-039.jpg	7	3	2	data/LucVanTien1916/patches/nlvnpf-0059-039.jpg_3_2.jpg	data/LucVanTien1916/patches_preprocessed/val/nlvnpf-0059-039.jpg_3_2.jpg	val	251.6,146.0,37.5,533.3	䝨之甲子㝵𣈙庒安	U+4768 U+4E4B U+7532 U+5B50 U+3775 U+23219 U+5E92 U+5B89	8	Hèn chi Giáp tí ngày rầy chẳng an	8	1	䝨之甲子㝵𣈙庒安	1
LucVanTien1916	nlvnpf-0059 (in mộc bản 1916)	nlvnpf-0059-039	data/LucVanTien1916/pages/images/nlvnpf-0059-039.jpg	8	4	1	data/LucVanTien1916/patches/nlvnpf-0059-039.jpg_4_1.jpg	data/LucVanTien1916/patches_preprocessed/train/nlvnpf-0059-039.jpg_4_1.jpg	train	213.9,147.2,35.5,532.1	𠇮金吏扵宮乾	U+201EE U+91D1 U+540F U+6275 U+5BAE U+4E7E	6	Mạng kim lại ở cung càn	6	1	𠇮金吏扵宮乾	1
LucVanTien1916	nlvnpf-0059 (in mộc bản 1916)	nlvnpf-0059-039	data/LucVanTien1916/pages/images/nlvnpf-0059-039.jpg	9	4	2	data/LucVanTien1916/patches/nlvnpf-0059-039.jpg_4_2.jpg	data/LucVanTien1916/patches_preprocessed/train/nlvnpf-0059-039.jpg_4_2.jpg	train	213.9,147.2,35.5,532.1	歲尼󰑼歲油廊𨑗𠁀	U+6B72 U+5C3C U+F047C U+6B72 U+6CB9 U+5ECA U+28457 U+20040	8	Tuổi này là tuổi giàu sang trên đời	8	1	歲尼󰑼歲油廊𨑗𠁀	1
LucVanTien1916	nlvnpf-0059 (in mộc bản 1916)	nlvnpf-0059-039	data/LucVanTien1916/pages/images/nlvnpf-0059-039.jpg	10	5	1	data/LucVanTien1916/patches/nlvnpf-0059-039.jpg_5_1.jpg	data/LucVanTien1916/patches_preprocessed/train/nlvnpf-0059-039.jpg_5_1.jpg	train	173.6,145.4,37.9,537.0	固󰦓奔半賖𧵆	U+56FA U+F0993 U+5954 U+534A U+8CD6 U+27D46	6	Có đâu buôn bán xa gần	6	1	固󰦓奔半賖𧵆	1
LucVanTien1916	nlvnpf-0059 (in mộc bản 1916)	nlvnpf-0059-039	data/LucVanTien1916/pages/images/nlvnpf-0059-039.jpg	11	5	2	data/LucVanTien1916/patches/nlvnpf-0059-039.jpg_5_2.jpg	data/LucVanTien1916/patches_preprocessed/train/nlvnpf-0059-039.jpg_5_2.jpg	train	173.6,145.4,37.9,537.0	牢𤽗窖劎忍𢈱嘹些	U+7262 U+24F57 U+7A96 U+528E U+5FCD U+22231 U+5639 U+4E9B	8	Sao ngươi khéo kiếm những lời trêu tạ	8	1	牢𤽗窖劎忍𢈱嘹些	1
LucVanTien1916	nlvnpf-0059 (in mộc bản 1916)	nlvnpf-0059-039	data/LucVanTien1916/pages/images/nlvnpf-0059-039.jpg	12	6	1	data/LucVanTien1916/patches/nlvnpf-0059-039.jpg_6_1.jpg	data/LucVanTien1916/patches_preprocessed/train/nlvnpf-0059-039.jpg_6_1.jpg	train	135.0,147.2,37.9,535.7	扲钱招𠖈䀡戈	U+6272 U+94B1 U+62DB U+20588 U+4021 U+6208	6	Cầm tiền gieo xuống xem qua	6	1	扲钱招𠖈䀡戈	1
LucVanTien1916	nlvnpf-0059 (in mộc bản 1916)	nlvnpf-0059-039	data/LucVanTien1916/pages/images/nlvnpf-0059-039.jpg	13	6	2	data/LucVanTien1916/patches/nlvnpf-0059-039.jpg_6_2.jpg	data/LucVanTien1916/patches_preprocessed/val/nlvnpf-0059-039.jpg_6_2.jpg	val	135.0,147.2,37.9,535.7	𠬠交𠄩册麻𠀧爻重	U+20B20 U+4EA4 U+20129 U+518C U+9EBB U+20027 U+723B U+91CD	8	Một giao, hai sách, mà ba Hào trùng .	9	0	𠬠交𠄩册麻𠀧爻重	1
LucVanTien1916	nlvnpf-0059 (in mộc bản 1916)	nlvnpf-0059-039	data/LucVanTien1916/pages/images/nlvnpf-0059-039.jpg	14	7	1	data/LucVanTien1916/patches/nlvnpf-0059-039.jpg_7_1.jpg	data/LucVanTien1916/patches_preprocessed/train/nlvnpf-0059-039.jpg_7_1.jpg	train	98.4,146.6,36.1,535.7	荘成󰑾卦六衝	U+8358 U+6210 U+F047E U+5366 U+516D U+885D	6	Trang thành ra quẻ lục xung	6	1	荘成󰑾卦六衝	1
LucVanTien1916	nlvnpf-0059 (in mộc bản 1916)	nlvnpf-0059-039	data/LucVanTien1916/pages/images/nlvnpf-0059-039.jpg	15	7	2	data/LucVanTien1916/patches/nlvnpf-0059-039.jpg_7_2.jpg	data/LucVanTien1916/patches_preprocessed/train/nlvnpf-0059-039.jpg_7_2.jpg	train	98.4,146.6,36.1,535.7	𧡊爻父母克󰠃子孫	U+2784A U+723B U+7236 U+6BCD U+514B U+F0803 U+5B50 U+5B6B	8	Thấy hào phụ mẫu khắc cùng tử tôn	8	1	𧡊爻父母克󰠃子孫	1
LucVanTien1916	nlvnpf-0059 (in mộc bản 1916)	nlvnpf-0059-039	data/LucVanTien1916/pages/images/nlvnpf-0059-039.jpg	16	8	1	data/LucVanTien1916/patches/nlvnpf-0059-039.jpg_8_1.jpg	data/LucVanTien1916/patches_preprocessed/train/nlvnpf-0059-039.jpg_8_1.jpg	train	61.0,147.2,36.6,533.3	化󰑾爫卦遊𩲉	U+5316 U+F047E U+722B U+5366 U+904A U+29C89	6	Hóa ra làm quẻ du hồn	6	1	化󰑾爫卦遊𩲉	1
LucVanTien1916	nlvnpf-0059 (in mộc bản 1916)	nlvnpf-0059-039	data/LucVanTien1916/pages/images/nlvnpf-0059-039.jpg	17	8	2	data/LucVanTien1916/patches/nlvnpf-0059-039.jpg_8_2.jpg	data/LucVanTien1916/patches_preprocessed/val/nlvnpf-0059-039.jpg_8_2.jpg	val	61.0,147.2,36.6,533.3	吏添世動克屯細官	U+540F U+6DFB U+4E16 U+52D5 U+514B U+5C6F U+7D30 U+5B98	8	Lại thêm thế động khắc dồn tới quan	8	1	吏添世動克屯細官	1
LucVanTien1916	nlvnpf-0059 (in mộc bản 1916)	nlvnpf-0059-039	data/LucVanTien1916/pages/images/nlvnpf-0059-039.jpg	18	9	1	data/LucVanTien1916/patches/nlvnpf-0059-039.jpg_9_1.jpg	data/LucVanTien1916/patches_preprocessed/train/nlvnpf-0059-039.jpg_9_1.jpg	train	24.7,146.0,37.4,538.8	㨿冲卦意麻盘	U+3A3F U+51B2 U+5366 U+610F U+9EBB U+76D8	6	Cứ trong quẻ ấy mà bàn	6	1	㨿冲卦意麻盘	1
LucVanTien1916	nlvnpf-0059 (in mộc bản 1916)	nlvnpf-0059-039	data/LucVanTien1916/pages/images/nlvnpf-0059-039.jpg	19	9	2	data/LucVanTien1916/patches/nlvnpf-0059-039.jpg_9_2.jpg	data/LucVanTien1916/patches_preprocessed/val/nlvnpf-0059-039.jpg_9_2.jpg	val	24.7,146.0,37.4,538.8	歲尼買𠹾母䘮扵𠇮	U+6B72 U+5C3C U+8CB7 U+20E7E U+6BCD U+462E U+6275 U+201EE	8	Tuổi này mới chịu mẫu tang ở mình	8	1	歲尼買𠹾母䘮扵𠇮	1
LucVanTien1916	nlvnpf-0059 (in mộc bản 1916)	nlvnpf-0059-040	data/LucVanTien1916/pages/images/nlvnpf-0059-040.jpg	0	0	1	data/LucVanTien1916/patches/nlvnpf-0059-040.jpg_0_1.jpg	data/LucVanTien1916/patches_preprocessed/train/nlvnpf-0059-040.jpg_0_1.jpg	train	437.1,143.9,37.2,539.7	吹𢧚芒病声灵	U+5439 U+229DA U+8292 U+75C5 U+58F0 U+7075	6	Xui nên mang bệnh thình lình	6	1	吹𢧚芒病声灵	1
LucVanTien1916	nlvnpf-0059 (in mộc bản 1916)	nlvnpf-0059-040	data/LucVanTien1916/pages/images/nlvnpf-0059-040.jpg	1	0	2	data/LucVanTien1916/patches/nlvnpf-0059-040.jpg_0_2.jpg	data/LucVanTien1916/patches_preprocessed/train/nlvnpf-0059-040.jpg_0_2.jpg	train	437.1,143.9,37.2,539.7	爲烝麻鬼路程叱千	U+7232 U+70DD U+9EBB U+9B3C U+8DEF U+7A0B U+53F1 U+5343	8	Vì chưng ma quỉ lộ trình rất thiêng	8	1	爲烝麻鬼路程叱千	1
LucVanTien1916	nlvnpf-0059 (in mộc bản 1916)	nlvnpf-0059-040	data/LucVanTien1916/pages/images/nlvnpf-0059-040.jpg	2	1	1	data/LucVanTien1916/patches/nlvnpf-0059-040.jpg_1_1.jpg	data/LucVanTien1916/patches_preprocessed/train/nlvnpf-0059-040.jpg_1_1.jpg	train	399.3,147.2,38.4,537.5	悶朱病意邒安	U+60B6 U+6731 U+75C5 U+610F U+9092 U+5B89	6	Muốn cho bệnh ấy đặng an	6	1	悶朱病意邒安	1
LucVanTien1916	nlvnpf-0059 (in mộc bản 1916)	nlvnpf-0059-040	data/LucVanTien1916/pages/images/nlvnpf-0059-040.jpg	3	1	2	data/LucVanTien1916/patches/nlvnpf-0059-040.jpg_1_2.jpg	data/LucVanTien1916/patches_preprocessed/val/nlvnpf-0059-040.jpg_1_2.jpg	val	399.3,147.2,38.4,537.5	沛尋柴法渚專朱󰉨	U+6C9B U+5C0B U+67F4 U+6CD5 U+6E1A U+5C08 U+6731 U+F0268	8	Phải tìm thày Pháp chữa chuyên cho ràỵ	8	1	沛尋柴法渚專朱󰉨	1
LucVanTien1916	nlvnpf-0059 (in mộc bản 1916)	nlvnpf-0059-040	data/LucVanTien1916/pages/images/nlvnpf-0059-040.jpg	4	2	1	data/LucVanTien1916/patches/nlvnpf-0059-040.jpg_2_1.jpg	data/LucVanTien1916/patches_preprocessed/train/nlvnpf-0059-040.jpg_2_1.jpg	train	359.7,147.8,39.1,537.0	童浪法扵󰠲低	U+7AE5 U+6D6A U+6CD5 U+6275 U+F0832 U+4F4E	6	Ðồng rằng: Pháp ở đâu đây	6	1	童浪法扵󰠲低	1
LucVanTien1916	nlvnpf-0059 (in mộc bản 1916)	nlvnpf-0059-040	data/LucVanTien1916/pages/images/nlvnpf-0059-040.jpg	5	2	2	data/LucVanTien1916/patches/nlvnpf-0059-040.jpg_2_2.jpg	data/LucVanTien1916/patches_preprocessed/val/nlvnpf-0059-040.jpg_2_2.jpg	val	359.7,147.8,39.1,537.0	扑浪拱扵准尼𨀈戈	U+6251 U+6D6A U+62F1 U+6275 U+51C6 U+5C3C U+28008 U+6208	8	Bói rằng: Cũng ở chốn này bước quạ	8	1	扑浪拱扵准尼𨀈戈	1
LucVanTien1916	nlvnpf-0059 (in mộc bản 1916)	nlvnpf-0059-040	data/LucVanTien1916/pages/images/nlvnpf-0059-040.jpg	6	3	1	data/LucVanTien1916/patches/nlvnpf-0059-040.jpg_3_1.jpg	data/LucVanTien1916/patches_preprocessed/train/nlvnpf-0059-040.jpg_3_1.jpg	train	325.3,148.4,36.9,537.6	法咍㗂曳吨賖	U+6CD5 U+548D U+35C2 U+66F3 U+5428 U+8CD6	6	Pháp hay tiếng dậy đồn xa	6	1	法咍㗂曳吨賖	1
LucVanTien1916	nlvnpf-0059 (in mộc bản 1916)	nlvnpf-0059-040	data/LucVanTien1916/pages/images/nlvnpf-0059-040.jpg	7	3	2	data/LucVanTien1916/patches/nlvnpf-0059-040.jpg_3_2.jpg	data/LucVanTien1916/patches_preprocessed/train/nlvnpf-0059-040.jpg_3_2.jpg	train	325.3,148.4,36.9,537.6	𠸜󰑼道士扵茶青村	U+20E1C U+F047C U+9053 U+58EB U+6275 U+8336 U+9752 U+6751	8	Tên là Ðạo sĩ ở Trà Thanh thôn	8	1	𠸜󰑼道士扵茶青村	1
LucVanTien1916	nlvnpf-0059 (in mộc bản 1916)	nlvnpf-0059-040	data/LucVanTien1916/pages/images/nlvnpf-0059-040.jpg	8	4	1	data/LucVanTien1916/patches/nlvnpf-0059-040.jpg_4_1.jpg	data/LucVanTien1916/patches_preprocessed/train/nlvnpf-0059-040.jpg_4_1.jpg	train	285.6,149.1,39.0,538.5	小童本庒別坤	U+5C0F U+7AE5 U+672C U+5E92 U+5225 U+5764	6	Tiểu đồng vốn chẳng biết khôn	6	1	小童本庒別坤	1
LucVanTien1916	nlvnpf-0059 (in mộc bản 1916)	nlvnpf-0059-040	data/LucVanTien1916/pages/images/nlvnpf-0059-040.jpg	9	4	2	data/LucVanTien1916/patches/nlvnpf-0059-040.jpg_4_2.jpg	data/LucVanTien1916/patches_preprocessed/val/nlvnpf-0059-040.jpg_4_2.jpg	val	285.6,149.1,39.0,538.5	𠫾𦖑𢈱呐吏奔墫尋	U+20AFE U+26591 U+22231 U+5450 U+540F U+5954 U+58AB U+5C0B	8	Đi nghe lời nói lại bôn chôn tìm	8	1	𠫾𦖑𢈱呐吏奔墫尋	1
LucVanTien1916	nlvnpf-0059 (in mộc bản 1916)	nlvnpf-0059-040	data/LucVanTien1916/pages/images/nlvnpf-0059-040.jpg	10	5	1	data/LucVanTien1916/patches/nlvnpf-0059-040.jpg_5_1.jpg	data/LucVanTien1916/patches_preprocessed/train/nlvnpf-0059-040.jpg_5_1.jpg	train	247.0,152.0,37.5,536.5	士浪𥙩扵󰦓尋	U+58EB U+6D6A U+25669 U+6275 U+F0993 U+5C0B	6	Sĩ rằng lấy ở đâu tìm	6	1	士浪𥙩扵󰦓尋	1
LucVanTien1916	nlvnpf-0059 (in mộc bản 1916)	nlvnpf-0059-040	data/LucVanTien1916/pages/images/nlvnpf-0059-040.jpg	11	5	2	data/LucVanTien1916/patches/nlvnpf-0059-040.jpg_5_2.jpg	data/LucVanTien1916/patches_preprocessed/val/nlvnpf-0059-040.jpg_5_2.jpg	val	247.0,152.0,37.5,536.5	咍󰑼㐌莫𥙩恬之低	U+548D U+F047C U+340C U+83AB U+25669 U+606C U+4E4B U+4F4E	8	Hay là đã mắc lấy điềm chi đây	8	1	咍󰑼㐌莫𥙩恬之低	1
LucVanTien1916	nlvnpf-0059 (in mộc bản 1916)	nlvnpf-0059-040	data/LucVanTien1916/pages/images/nlvnpf-0059-040.jpg	12	6	1	data/LucVanTien1916/patches/nlvnpf-0059-040.jpg_6_1.jpg	data/LucVanTien1916/patches_preprocessed/train/nlvnpf-0059-040.jpg_6_1.jpg	train	208.5,152.7,37.3,537.9	童浪𦖑呐吨柴	U+7AE5 U+6D6A U+26591 U+5450 U+5428 U+67F4	6	Ðồng rằng: Nghe nói đồn thầy	6	1	童浪𦖑呐吨柴	1
LucVanTien1916	nlvnpf-0059 (in mộc bản 1916)	nlvnpf-0059-040	data/LucVanTien1916/pages/images/nlvnpf-0059-040.jpg	13	6	2	data/LucVanTien1916/patches/nlvnpf-0059-040.jpg_6_2.jpg	data/LucVanTien1916/patches_preprocessed/train/nlvnpf-0059-040.jpg_6_2.jpg	train	208.5,152.7,37.3,537.9	除邪掩鬼符柴叱咍	U+9664 U+90AA U+63A9 U+9B3C U+7B26 U+67F4 U+53F1 U+548D	8	Trừ tà yểm quỷ bùa thày rất hay	8	1	除邪掩鬼符柴叱咍	1
LucVanTien1916	nlvnpf-0059 (in mộc bản 1916)	nlvnpf-0059-040	data/LucVanTien1916/pages/images/nlvnpf-0059-040.jpg	14	7	1	data/LucVanTien1916/patches/nlvnpf-0059-040.jpg_7_1.jpg	data/LucVanTien1916/patches_preprocessed/train/nlvnpf-0059-040.jpg_7_1.jpg	train	171.9,155.2,37.1,536.2	士浪印㐌高𢬣	U+58EB U+6D6A U+5370 U+340C U+9AD8 U+22B23	6	Sĩ rằng: ấn đã cao tay	6	1	士浪印㐌高𢬣	1
LucVanTien1916	nlvnpf-0059 (in mộc bản 1916)	nlvnpf-0059-040	data/LucVanTien1916/pages/images/nlvnpf-0059-040.jpg	15	7	2	data/LucVanTien1916/patches/nlvnpf-0059-040.jpg_7_2.jpg	data/LucVanTien1916/patches_preprocessed/val/nlvnpf-0059-040.jpg_7_2.jpg	val	171.9,155.2,37.1,536.2	吏添符注𠸗𫢩埃皮	U+540F U+6DFB U+7B26 U+6CE8 U+20E17 U+2B8A9 U+57C3 U+76AE	8	Lại thêm bùa chú xưa nay ai bì	8	1	吏添符注𠸗𫢩埃皮	1
LucVanTien1916	nlvnpf-0059 (in mộc bản 1916)	nlvnpf-0059-040	data/LucVanTien1916/pages/images/nlvnpf-0059-040.jpg	16	8	1	data/LucVanTien1916/patches/nlvnpf-0059-040.jpg_8_1.jpg	data/LucVanTien1916/patches_preprocessed/train/nlvnpf-0059-040.jpg_8_1.jpg	train	134.2,157.6,38.8,531.6	戈滝󰥶𧡊摄𡆫	U+6208 U+6EDD U+F0976 U+2784A U+6444 U+211AB	6	Qua sông cá thấy xếp vây	6	1	戈滝󰥶𧡊摄𡆫	1
LucVanTien1916	nlvnpf-0059 (in mộc bản 1916)	nlvnpf-0059-040	data/LucVanTien1916/pages/images/nlvnpf-0059-040.jpg	17	8	2	data/LucVanTien1916/patches/nlvnpf-0059-040.jpg_8_2.jpg	data/LucVanTien1916/patches_preprocessed/val/nlvnpf-0059-040.jpg_8_2.jpg	val	134.2,157.6,38.8,531.6	𠓨棱𤜯𧡊調跪𥛉迻	U+204E8 U+68F1 U+2472F U+2784A U+8ABF U+8DEA U+256C9 U+8FFB	8	Vào rừng cọp thấy đều quỳ lạy đưa	8	1	𠓨棱𤜯𧡊調跪𥛉迻	1
LucVanTien1916	nlvnpf-0059 (in mộc bản 1916)	nlvnpf-0059-040	data/LucVanTien1916/pages/images/nlvnpf-0059-040.jpg	18	9	1	data/LucVanTien1916/patches/nlvnpf-0059-040.jpg_9_1.jpg	data/LucVanTien1916/patches_preprocessed/train/nlvnpf-0059-040.jpg_9_1.jpg	train	99.0,156.4,35.2,534.8	法咍爫𬰅爫湄	U+6CD5 U+548D U+722B U+2CC05 U+722B U+6E44	6	Pháp hay làm gió làm mưa	6	1	法咍爫𬰅爫湄	1
LucVanTien1916	nlvnpf-0059 (in mộc bản 1916)	nlvnpf-0059-040	data/LucVanTien1916/pages/images/nlvnpf-0059-040.jpg	19	9	2	data/LucVanTien1916/patches/nlvnpf-0059-040.jpg_9_2.jpg	data/LucVanTien1916/patches_preprocessed/train/nlvnpf-0059-040.jpg_9_2.jpg	train	99.0,156.4,35.2,534.8	差𪀄遣猿𠲝𩢬物𬌥	U+5DEE U+2A004 U+9063 U+733F U+20C9D U+298AC U+7269 U+2C325	8	Sai chim, khiến vượn, đuổi lừa, vật trâu	8	1	差𪀄遣猿𠲝𩢬物𬌥	1
LucVanTien1916	nlvnpf-0059 (in mộc bản 1916)	nlvnpf-0059-041	data/LucVanTien1916/pages/images/nlvnpf-0059-041.jpg	0	0	1	data/LucVanTien1916/patches/nlvnpf-0059-041.jpg_0_1.jpg	data/LucVanTien1916/patches_preprocessed/train/nlvnpf-0059-041.jpg_0_1.jpg	train	367.9,162.5,35.4,521.7	法咍念咒𠬠句	U+6CD5 U+548D U+5FF5 U+5492 U+20B20 U+53E5	6	Pháp hay niệm chú một câu	6	1	法咍念咒𠬠句	1
LucVanTien1916	nlvnpf-0059 (in mộc bản 1916)	nlvnpf-0059-041	data/LucVanTien1916/pages/images/nlvnpf-0059-041.jpg	1	0	2	data/LucVanTien1916/patches/nlvnpf-0059-041.jpg_0_2.jpg	data/LucVanTien1916/patches_preprocessed/train/nlvnpf-0059-041.jpg_0_2.jpg	train	367.9,162.5,35.4,521.7	總收𰿘物𠓨瓢壼灵	U+7E3D U+6536 U+30FD8 U+7269 U+204E8 U+74E2 U+58FC U+7075	8	Tóm thâu muôn vật vào bầu hồ linh	8	1	總收𰿘物𠓨瓢壼灵	1
LucVanTien1916	nlvnpf-0059 (in mộc bản 1916)	nlvnpf-0059-041	data/LucVanTien1916/pages/images/nlvnpf-0059-041.jpg	2	1	1	data/LucVanTien1916/patches/nlvnpf-0059-041.jpg_1_1.jpg	data/LucVanTien1916/patches_preprocessed/train/nlvnpf-0059-041.jpg_1_1.jpg	train	329.4,160.7,38.4,522.9	法咍洒豆成兵	U+6CD5 U+548D U+6D12 U+8C46 U+6210 U+5175	6	Phép hay sái đậu thành binh	6	1	法咍洒豆成兵	1
LucVanTien1916	nlvnpf-0059 (in mộc bản 1916)	nlvnpf-0059-041	data/LucVanTien1916/pages/images/nlvnpf-0059-041.jpg	3	1	2	data/LucVanTien1916/patches/nlvnpf-0059-041.jpg_1_2.jpg	data/LucVanTien1916/patches_preprocessed/train/nlvnpf-0059-041.jpg_1_2.jpg	train	329.4,160.7,38.4,522.9	变形爫相破城阎王	U+53D8 U+5F62 U+722B U+76F8 U+7834 U+57CE U+960E U+738B	8	Biến hình làm tướng phá thành Diêm Vương	8	1	变形爫相破城阎王	1
LucVanTien1916	nlvnpf-0059 (in mộc bản 1916)	nlvnpf-0059-041	data/LucVanTien1916/pages/images/nlvnpf-0059-041.jpg	4	2	1	data/LucVanTien1916/patches/nlvnpf-0059-041.jpg_2_1.jpg	data/LucVanTien1916/patches_preprocessed/train/nlvnpf-0059-041.jpg_2_1.jpg	train	292.2,159.4,37.5,526.0	法咍𠫾道火場	U+6CD5 U+548D U+20AFE U+9053 U+706B U+5834	6	Phép ha y đi đạo hoả trường	7	0	法咍𠫾道火場	1
LucVanTien1916	nlvnpf-0059 (in mộc bản 1916)	nlvnpf-0059-041	data/LucVanTien1916/pages/images/nlvnpf-0059-041.jpg	5	2	2	data/LucVanTien1916/patches/nlvnpf-0059-041.jpg_2_2.jpg	data/LucVanTien1916/patches_preprocessed/train/nlvnpf-0059-041.jpg_2_2.jpg	train	292.2,159.4,37.5,526.0	𡎢劎𠫾教󰘉塘天寬	U+213A2 U+528E U+20AFE U+6559 U+F0609 U+5858 U+5929 U+5BEC	8	Ngồi gươm, đi giáo m ở đường thiên khoan	9	0	𡎢劎𠫾教󰘉塘天寬	1
LucVanTien1916	nlvnpf-0059 (in mộc bản 1916)	nlvnpf-0059-041	data/LucVanTien1916/pages/images/nlvnpf-0059-041.jpg	6	3	1	data/LucVanTien1916/patches/nlvnpf-0059-041.jpg_3_1.jpg	data/LucVanTien1916/patches_preprocessed/train/nlvnpf-0059-041.jpg_3_1.jpg	train	254.2,159.4,37.4,526.0	固𠀧月泊𢭂郎	U+56FA U+20027 U+6708 U+6CCA U+22B42 U+90CE	6	Có ba lượng bạc trao sang	6	1	固𠀧月泊𢭂郎	1
LucVanTien1916	nlvnpf-0059 (in mộc bản 1916)	nlvnpf-0059-041	data/LucVanTien1916/pages/images/nlvnpf-0059-041.jpg	7	3	2	data/LucVanTien1916/patches/nlvnpf-0059-041.jpg_3_2.jpg	data/LucVanTien1916/patches_preprocessed/train/nlvnpf-0059-041.jpg_3_2.jpg	train	254.2,159.4,37.4,526.0	邒柴韯所立𡊨渚專	U+9092 U+67F4 U+97EF U+6240 U+7ACB U+212A8 U+6E1A U+5C08	8	Ðặng thày sắm sửa lập đàn chữa chuyên	8	1	邒柴韯所立𡊨渚專	1
LucVanTien1916	nlvnpf-0059 (in mộc bản 1916)	nlvnpf-0059-041	data/LucVanTien1916/pages/images/nlvnpf-0059-041.jpg	8	4	1	data/LucVanTien1916/patches/nlvnpf-0059-041.jpg_4_1.jpg	data/LucVanTien1916/patches_preprocessed/train/nlvnpf-0059-041.jpg_4_1.jpg	train	216.3,160.1,36.2,526.6	童浪碎㐌󰟭欧	U+7AE5 U+6D6A U+788E U+340C U+F07ED U+6B27	6	Ðồng rằng: Tôi đã sớm âu	6	1	童浪碎㐌󰟭欧	1
LucVanTien1916	nlvnpf-0059 (in mộc bản 1916)	nlvnpf-0059-041	data/LucVanTien1916/pages/images/nlvnpf-0059-041.jpg	9	4	2	data/LucVanTien1916/patches/nlvnpf-0059-041.jpg_4_2.jpg	data/LucVanTien1916/patches_preprocessed/val/nlvnpf-0059-041.jpg_4_2.jpg	val	216.3,160.1,36.2,526.6	空茄渚別𠓨󰠲悲除	U+7A7A U+8304 U+6E1A U+5225 U+204E8 U+F0832 U+60B2 U+9664	8	Không nhà chưa biết vào đâu bây giờ	8	1	空茄渚別𠓨󰠲悲除	1
LucVanTien1916	nlvnpf-0059 (in mộc bản 1916)	nlvnpf-0059-041	data/LucVanTien1916/pages/images/nlvnpf-0059-041.jpg	10	5	1	data/LucVanTien1916/patches/nlvnpf-0059-041.jpg_5_1.jpg	data/LucVanTien1916/patches_preprocessed/train/nlvnpf-0059-041.jpg_5_1.jpg	train	175.7,160.7,36.4,525.4	𫡉塘𠳝語逸徐	U+2B849 U+5858 U+20CDD U+8A9E U+9038 U+5F90	6	Giữa đường bỡ ngỡ dật dờ	6	1	𫡉塘𠳝語逸徐	1
LucVanTien1916	nlvnpf-0059 (in mộc bản 1916)	nlvnpf-0059-041	data/LucVanTien1916/pages/images/nlvnpf-0059-041.jpg	11	5	2	data/LucVanTien1916/patches/nlvnpf-0059-041.jpg_5_2.jpg	data/LucVanTien1916/patches_preprocessed/val/nlvnpf-0059-041.jpg_5_2.jpg	val	175.7,160.7,36.4,525.4	泊仃𠄩月防除卢筭	U+6CCA U+4EC3 U+20129 U+6708 U+9632 U+9664 U+5362 U+7B6D	8	Bạc dành hai lượng phòng chờ lo toan	8	1	泊仃𠄩月防除卢筭	1
LucVanTien1916	nlvnpf-0059 (in mộc bản 1916)	nlvnpf-0059-041	data/LucVanTien1916/pages/images/nlvnpf-0059-041.jpg	12	6	1	data/LucVanTien1916/patches/nlvnpf-0059-041.jpg_6_1.jpg	data/LucVanTien1916/patches_preprocessed/train/nlvnpf-0059-041.jpg_6_1.jpg	train	139.9,160.7,37.0,525.4	專渚病意邒安	U+5C08 U+6E1A U+75C5 U+610F U+9092 U+5B89	6	Chuyên chữa bệnh ấy đặng an	6	1	專渚病意邒安	1
LucVanTien1916	nlvnpf-0059 (in mộc bản 1916)	nlvnpf-0059-041	data/LucVanTien1916/pages/images/nlvnpf-0059-041.jpg	13	6	2	data/LucVanTien1916/patches/nlvnpf-0059-041.jpg_6_2.jpg	data/LucVanTien1916/patches_preprocessed/val/nlvnpf-0059-041.jpg_6_2.jpg	val	139.9,160.7,37.0,525.4	耒辰碎仕𢭂郎朱柴	U+8012 U+8FB0 U+788E U+4ED5 U+22B42 U+90CE U+6731 U+67F4	8	Rồi thì tôi sẽ trao sang cho thầy	8	1	耒辰碎仕𢭂郎朱柴	1
LucVanTien1916	nlvnpf-0059 (in mộc bản 1916)	nlvnpf-0059-041	data/LucVanTien1916/pages/images/nlvnpf-0059-041.jpg	14	7	1	data/LucVanTien1916/patches/nlvnpf-0059-041.jpg_7_1.jpg	data/LucVanTien1916/patches_preprocessed/train/nlvnpf-0059-041.jpg_7_1.jpg	train	101.5,160.7,39.3,526.0	士浪𧗱𥙩泊低	U+58EB U+6D6A U+275F1 U+25669 U+6CCA U+4F4E	6	Sĩ rằng: Về lấy bạc đây	6	1	士浪𧗱𥙩泊低	1
LucVanTien1916	nlvnpf-0059 (in mộc bản 1916)	nlvnpf-0059-041	data/LucVanTien1916/pages/images/nlvnpf-0059-041.jpg	15	7	2	data/LucVanTien1916/patches/nlvnpf-0059-041.jpg_7_2.jpg	data/LucVanTien1916/patches_preprocessed/train/nlvnpf-0059-041.jpg_7_2.jpg	train	101.5,160.7,39.3,526.0	待朱筭料󰉺排𡊨󰑾	U+5F85 U+6731 U+7B6D U+6599 U+F027A U+6392 U+212A8 U+F047E	8	Được cho toan liệu sớm bày đàn ra	8	1	待朱筭料󰉺排𡊨󰑾	1
LucVanTien1916	nlvnpf-0059 (in mộc bản 1916)	nlvnpf-0059-041	data/LucVanTien1916/pages/images/nlvnpf-0059-041.jpg	16	8	1	data/LucVanTien1916/patches/nlvnpf-0059-041.jpg_8_1.jpg	data/LucVanTien1916/patches_preprocessed/train/nlvnpf-0059-041.jpg_8_1.jpg	train	63.9,160.1,37.7,526.6	童浪碎㐌卢賖	U+7AE5 U+6D6A U+788E U+340C U+5362 U+8CD6	6	Ðồng rằng: Tôi đã lo xa	6	1	童浪碎㐌卢賖	1
LucVanTien1916	nlvnpf-0059 (in mộc bản 1916)	nlvnpf-0059-041	data/LucVanTien1916/pages/images/nlvnpf-0059-041.jpg	17	8	2	data/LucVanTien1916/patches/nlvnpf-0059-041.jpg_8_2.jpg	data/LucVanTien1916/patches_preprocessed/val/nlvnpf-0059-041.jpg_8_2.jpg	val	63.9,160.1,37.7,526.6	卢爲𠊚病扵茄空安	U+5362 U+7232 U+2029A U+75C5 U+6275 U+8304 U+7A7A U+5B89	8	Lo vì người bệnh ở nhà không yên	8	1	卢爲𠊚病扵茄空安	1
LucVanTien1916	nlvnpf-0059 (in mộc bản 1916)	nlvnpf-0059-041	data/LucVanTien1916/pages/images/nlvnpf-0059-041.jpg	18	9	1	data/LucVanTien1916/patches/nlvnpf-0059-041.jpg_9_1.jpg	data/LucVanTien1916/patches_preprocessed/train/nlvnpf-0059-041.jpg_9_1.jpg	train	27.6,161.9,35.4,524.8	泊𫢩碎沛迻郎	U+6CCA U+2B8A9 U+788E U+6C9B U+8FFB U+90CE	6	Bạc này tôi phải đưa sang	6	1	泊𫢩碎沛迻郎	1
LucVanTien1916	nlvnpf-0059 (in mộc bản 1916)	nlvnpf-0059-041	data/LucVanTien1916/pages/images/nlvnpf-0059-041.jpg	19	9	2	data/LucVanTien1916/patches/nlvnpf-0059-041.jpg_9_2.jpg	data/LucVanTien1916/patches_preprocessed/val/nlvnpf-0059-041.jpg_9_2.jpg	val	27.6,161.9,35.4,524.8	吀柴論法卢筭󰡫芇	U+5400 U+67F4 U+8AD6 U+6CD5 U+5362 U+7B6D U+F086B U+8287	8	Xin thầy luận phép lo toan thế nào	8	1	吀柴論法卢筭󰡫芇	1
LucVanTien1916	nlvnpf-0059 (in mộc bản 1916)	nlvnpf-0059-042	data/LucVanTien1916/pages/images/nlvnpf-0059-042.jpg	0	0	1	data/LucVanTien1916/patches/nlvnpf-0059-042.jpg_0_1.jpg	data/LucVanTien1916/patches_preprocessed/train/nlvnpf-0059-042.jpg_0_1.jpg	train	444.6,159.3,35.1,527.4	士浪固苦之牢	U+58EB U+6D6A U+56FA U+82E6 U+4E4B U+7262	6	Sĩ rằng: Có khó chi sao	6	1	士浪固苦之牢	1
LucVanTien1916	nlvnpf-0059 (in mộc bản 1916)	nlvnpf-0059-042	data/LucVanTien1916/pages/images/nlvnpf-0059-042.jpg	1	0	2	data/LucVanTien1916/patches/nlvnpf-0059-042.jpg_0_2.jpg	data/LucVanTien1916/patches_preprocessed/val/nlvnpf-0059-042.jpg_0_2.jpg	val	444.6,159.3,35.1,527.4	𤽗𦣰些渚符𢭂𧗱耒	U+24F57 U+268F0 U+4E9B U+6E1A U+7B26 U+22B42 U+275F1 U+8012	8	Ngươi nằm ta chữa rồi phù trao về	8	1	𤽗𦣰些渚符𢭂𧗱耒	1
LucVanTien1916	nlvnpf-0059 (in mộc bản 1916)	nlvnpf-0059-042	data/LucVanTien1916/pages/images/nlvnpf-0059-042.jpg	2	1	1	data/LucVanTien1916/patches/nlvnpf-0059-042.jpg_1_1.jpg	data/LucVanTien1916/patches_preprocessed/train/nlvnpf-0059-042.jpg_1_1.jpg	train	408.2,159.1,35.4,528.2	童浪碎本䋲兮	U+7AE5 U+6D6A U+788E U+672C U+42F2 U+516E	6	Ðồng rằng: Tôi vốn thằng hề	6	1	童浪碎本䋲兮	1
LucVanTien1916	nlvnpf-0059 (in mộc bản 1916)	nlvnpf-0059-042	data/LucVanTien1916/pages/images/nlvnpf-0059-042.jpg	3	1	2	data/LucVanTien1916/patches/nlvnpf-0059-042.jpg_1_2.jpg	data/LucVanTien1916/patches_preprocessed/val/nlvnpf-0059-042.jpg_1_2.jpg	val	408.2,159.1,35.4,528.2	𤴬之細浽筭皮渚專	U+24D2C U+4E4B U+7D30 U+6D7D U+7B6D U+76AE U+6E1A U+5C08	8	Đau chi tới nỗi toan bề chữa chuyên	8	1	𤴬之細浽筭皮渚專	1
LucVanTien1916	nlvnpf-0059 (in mộc bản 1916)	nlvnpf-0059-042	data/LucVanTien1916/pages/images/nlvnpf-0059-042.jpg	4	2	1	data/LucVanTien1916/patches/nlvnpf-0059-042.jpg_2_1.jpg	data/LucVanTien1916/patches_preprocessed/train/nlvnpf-0059-042.jpg_2_1.jpg	train	371.3,160.7,35.1,527.8	士浪些沛用權	U+58EB U+6D6A U+4E9B U+6C9B U+7528 U+6B0A	6	Sĩ rằng: Ta phải dùng quyền	6	1	士浪些沛用權	1
LucVanTien1916	nlvnpf-0059 (in mộc bản 1916)	nlvnpf-0059-042	data/LucVanTien1916/pages/images/nlvnpf-0059-042.jpg	5	2	2	data/LucVanTien1916/patches/nlvnpf-0059-042.jpg_2_2.jpg	data/LucVanTien1916/patches_preprocessed/train/nlvnpf-0059-042.jpg_2_2.jpg	train	371.3,160.7,35.1,527.8	病南渚北麻痊買才	U+75C5 U+5357 U+6E1A U+5317 U+9EBB U+75CA U+8CB7 U+624D	8	Bệnh Nam chữa Bắc mà thuyên mới tài	8	1	病南渚北麻痊買才	1
LucVanTien1916	nlvnpf-0059 (in mộc bản 1916)	nlvnpf-0059-042	data/LucVanTien1916/pages/images/nlvnpf-0059-042.jpg	6	3	1	data/LucVanTien1916/patches/nlvnpf-0059-042.jpg_3_1.jpg	data/LucVanTien1916/patches_preprocessed/train/nlvnpf-0059-042.jpg_3_1.jpg	train	333.1,160.3,35.5,528.1	小童𦖑律𠓨𦖻	U+5C0F U+7AE5 U+26591 U+5F8B U+204E8 U+265BB	6	Tiểu đồng nghe lọt vào tai	6	1	小童𦖑律𠓨𦖻	1
LucVanTien1916	nlvnpf-0059 (in mộc bản 1916)	nlvnpf-0059-042	data/LucVanTien1916/pages/images/nlvnpf-0059-042.jpg	7	3	2	data/LucVanTien1916/patches/nlvnpf-0059-042.jpg_3_2.jpg	data/LucVanTien1916/patches_preprocessed/train/nlvnpf-0059-042.jpg_3_2.jpg	train	333.1,160.3,35.5,528.1	𢚸𢜠倍𡲤𦣰𨱽吁專	U+226B8 U+22720 U+500D U+21CA4 U+268F0 U+28C7D U+5401 U+5C08	8	Lòng mừng vội vã nằm dài vo chuyên	8	1	𢚸𢜠倍𡲤𦣰𨱽吁專	1
LucVanTien1916	nlvnpf-0059 (in mộc bản 1916)	nlvnpf-0059-042	data/LucVanTien1916/pages/images/nlvnpf-0059-042.jpg	8	4	1	data/LucVanTien1916/patches/nlvnpf-0059-042.jpg_4_1.jpg	data/LucVanTien1916/patches_preprocessed/train/nlvnpf-0059-042.jpg_4_1.jpg	train	293.9,163.7,36.1,526.6	士浪谷匕呼連	U+58EB U+6D6A U+8C37 U+5315 U+547C U+9023	6	Sĩ rằng: cốc cốc hô lên	6	1	士浪谷匕呼連	1
LucVanTien1916	nlvnpf-0059 (in mộc bản 1916)	nlvnpf-0059-042	data/LucVanTien1916/pages/images/nlvnpf-0059-042.jpg	9	4	2	data/LucVanTien1916/patches/nlvnpf-0059-042.jpg_4_2.jpg	data/LucVanTien1916/patches_preprocessed/train/nlvnpf-0059-042.jpg_4_2.jpg	train	293.9,163.7,36.1,526.6	𨑮翁盘古坐前證明	U+2846E U+7FC1 U+76D8 U+53E4 U+5750 U+524D U+8B49 U+660E	8	Mời ông Bàn cổ tọa tiền chứng minh	8	1	𨑮翁盘古坐前證明	1
LucVanTien1916	nlvnpf-0059 (in mộc bản 1916)	nlvnpf-0059-042	data/LucVanTien1916/pages/images/nlvnpf-0059-042.jpg	10	5	1	data/LucVanTien1916/patches/nlvnpf-0059-042.jpg_5_1.jpg	data/LucVanTien1916/patches_preprocessed/train/nlvnpf-0059-042.jpg_5_1.jpg	train	253.6,164.9,36.1,526.0	𨑮翁大圣󰟴天	U+2846E U+7FC1 U+5927 U+5723 U+F07F4 U+5929	6	Mời ông Ðại thánh Tề thiên	6	1	𨑮翁大圣󰟴天	1
LucVanTien1916	nlvnpf-0059 (in mộc bản 1916)	nlvnpf-0059-042	data/LucVanTien1916/pages/images/nlvnpf-0059-042.jpg	11	5	2	data/LucVanTien1916/patches/nlvnpf-0059-042.jpg_5_2.jpg	data/LucVanTien1916/patches_preprocessed/train/nlvnpf-0059-042.jpg_5_2.jpg	train	253.6,164.9,36.1,526.0	共武后調連細低	U+5171 U+6B66 U+540E U+8ABF U+9023 U+7D30 U+4F4E	7	Cùng bà Vũ Hậu đều liền tới đây	8	0	共妑武后調連細低	0
LucVanTien1916	nlvnpf-0059 (in mộc bản 1916)	nlvnpf-0059-042	data/LucVanTien1916/pages/images/nlvnpf-0059-042.jpg	12	6	1	data/LucVanTien1916/patches/nlvnpf-0059-042.jpg_6_1.jpg	data/LucVanTien1916/patches_preprocessed/train/nlvnpf-0059-042.jpg_6_1.jpg	train	213.0,165.6,36.6,525.7	𨑮翁元帥征西	U+2846E U+7FC1 U+5143 U+5E25 U+5F81 U+897F	6	Mời ông nguyên soái chinh tây	6	1	𨑮翁元帥征西	1
LucVanTien1916	nlvnpf-0059 (in mộc bản 1916)	nlvnpf-0059-042	data/LucVanTien1916/pages/images/nlvnpf-0059-042.jpg	13	6	2	data/LucVanTien1916/patches/nlvnpf-0059-042.jpg_6_2.jpg	data/LucVanTien1916/patches_preprocessed/val/nlvnpf-0059-042.jpg_6_2.jpg	val	213.0,165.6,36.6,525.7	共妑漂母森𡆫𠬠欺	U+5171 U+5991 U+6F02 U+6BCD U+68EE U+211AB U+20B20 U+6B3A	8	Cùng bà Phiêu mẫu sum vầy một khi	8	1	共妑漂母森𡆫𠬠欺	1
LucVanTien1916	nlvnpf-0059 (in mộc bản 1916)	nlvnpf-0059-042	data/LucVanTien1916/pages/images/nlvnpf-0059-042.jpg	14	7	1	data/LucVanTien1916/patches/nlvnpf-0059-042.jpg_7_1.jpg	data/LucVanTien1916/patches_preprocessed/train/nlvnpf-0059-042.jpg_7_1.jpg	train	176.1,166.2,35.5,525.4	𨑮翁佛祖它弥	U+2846E U+7FC1 U+4F5B U+7956 U+5B83 U+5F25	6	Mời ông Phật tổ đà di	6	1	𨑮翁佛祖它弥	1
LucVanTien1916	nlvnpf-0059 (in mộc bản 1916)	nlvnpf-0059-042	data/LucVanTien1916/pages/images/nlvnpf-0059-042.jpg	15	7	2	data/LucVanTien1916/patches/nlvnpf-0059-042.jpg_7_2.jpg	data/LucVanTien1916/patches_preprocessed/train/nlvnpf-0059-042.jpg_7_2.jpg	train	176.1,166.2,35.5,525.4	共妑故喜調𡆫𠄩房	U+5171 U+5991 U+6545 U+559C U+8ABF U+211AB U+20129 U+623F	8	Cùng bà Cố hỉ đều vây hai phòng	8	1	共妑故喜調𡆫𠄩房	1
LucVanTien1916	nlvnpf-0059 (in mộc bản 1916)	nlvnpf-0059-042	data/LucVanTien1916/pages/images/nlvnpf-0059-042.jpg	16	8	1	data/LucVanTien1916/patches/nlvnpf-0059-042.jpg_8_1.jpg	data/LucVanTien1916/patches_preprocessed/train/nlvnpf-0059-042.jpg_8_1.jpg	train	140.6,168.0,34.5,526.0	𨑮妑公主五竜	U+2846E U+5991 U+516C U+4E3B U+4E94 U+7ADC	6	Mời bà công chúa Ngũ long	6	1	𨑮妑公主五竜	1
LucVanTien1916	nlvnpf-0059 (in mộc bản 1916)	nlvnpf-0059-042	data/LucVanTien1916/pages/images/nlvnpf-0059-042.jpg	17	8	2	data/LucVanTien1916/patches/nlvnpf-0059-042.jpg_8_2.jpg	data/LucVanTien1916/patches_preprocessed/train/nlvnpf-0059-042.jpg_8_2.jpg	train	140.6,168.0,34.5,526.0	平蛮五虎会同安营	U+5E73 U+86EE U+4E94 U+864E U+4F1A U+540C U+5B89 U+8425	8	Bình Man ngũ hổ hội đồng an doanh	8	1	平蛮五虎会同安营	1
LucVanTien1916	nlvnpf-0059 (in mộc bản 1916)	nlvnpf-0059-042	data/LucVanTien1916/pages/images/nlvnpf-0059-042.jpg	18	9	1	data/LucVanTien1916/patches/nlvnpf-0059-042.jpg_9_1.jpg	data/LucVanTien1916/patches_preprocessed/train/nlvnpf-0059-042.jpg_9_1.jpg	train	102.7,169.2,35.9,524.1	吏𨑮千將千兵	U+540F U+2846E U+5343 U+5C07 U+5343 U+5175	6	Lại mời thiên tướng thiên binh	6	1	吏𨑮千將千兵	1
LucVanTien1916	nlvnpf-0059 (in mộc bản 1916)	nlvnpf-0059-042	data/LucVanTien1916/pages/images/nlvnpf-0059-042.jpg	19	9	2	data/LucVanTien1916/patches/nlvnpf-0059-042.jpg_9_2.jpg	data/LucVanTien1916/patches_preprocessed/train/nlvnpf-0059-042.jpg_9_2.jpg	train	102.7,169.2,35.9,524.1	𨑮位三府洞廷赤鱗	U+2846E U+4F4D U+4E09 U+5E9C U+6D1E U+5EF7 U+8D64 U+9C57	8	Mời vị Tam phủ Động đình xích lân	8	1	𨑮位三府洞廷赤鱗	1
LucVanTien1916	nlvnpf-0059 (in mộc bản 1916)	nlvnpf-0059-043	data/LucVanTien1916/pages/images/nlvnpf-0059-043.jpg	0	0	1	data/LucVanTien1916/patches/nlvnpf-0059-043.jpg_0_1.jpg	data/LucVanTien1916/patches_preprocessed/train/nlvnpf-0059-043.jpg_0_1.jpg	train	359.7,153.3,36.6,518.6	𨒒它泣歇鬼神	U+28492 U+5B83 U+6CE3 U+6B47 U+9B3C U+795E	6	Mời đà khắp hết quỉ thần	6	1	𨒒它泣歇鬼神	1
LucVanTien1916	nlvnpf-0059 (in mộc bản 1916)	nlvnpf-0059-043	data/LucVanTien1916/pages/images/nlvnpf-0059-043.jpg	1	0	2	data/LucVanTien1916/patches/nlvnpf-0059-043.jpg_0_2.jpg	data/LucVanTien1916/patches_preprocessed/train/nlvnpf-0059-043.jpg_0_2.jpg	train	359.7,153.3,36.6,518.6	󰝡饒𪧍准下塵𠫾制	U+F0761 U+9952 U+2A9CD U+51C6 U+4E0B U+5875 U+20AFE U+5236	8	Đem nhau xuống chốn hạ trần đi chơi	8	1	󰝡饒𪧍准下塵𠫾制	1
LucVanTien1916	nlvnpf-0059 (in mộc bản 1916)	nlvnpf-0059-043	data/LucVanTien1916/pages/images/nlvnpf-0059-043.jpg	2	1	1	data/LucVanTien1916/patches/nlvnpf-0059-043.jpg_1_1.jpg	data/LucVanTien1916/patches_preprocessed/train/nlvnpf-0059-043.jpg_1_1.jpg	train	321.2,152.7,37.8,522.3	朱𤽗𠀧道符𡗶	U+6731 U+24F57 U+20027 U+9053 U+7B26 U+215F6	6	Cho ngươi ba đạo bùa trời	6	1	朱𤽗𠀧道符𡗶	1
LucVanTien1916	nlvnpf-0059 (in mộc bản 1916)	nlvnpf-0059-043	data/LucVanTien1916/pages/images/nlvnpf-0059-043.jpg	3	1	2	data/LucVanTien1916/patches/nlvnpf-0059-043.jpg_1_2.jpg	data/LucVanTien1916/patches_preprocessed/train/nlvnpf-0059-043.jpg_1_2.jpg	train	321.2,152.7,37.8,522.3	㕵𠓨跬孟如𢈱庒差	U+3575 U+204E8 U+8DEC U+5B5F U+5982 U+22231 U+5E92 U+5DEE	8	Uống vào khoẻ mạnh như lời chẳng sai,	8	1	㕵𠓨跬孟如𢈱庒差	1
LucVanTien1916	nlvnpf-0059 (in mộc bản 1916)	nlvnpf-0059-043	data/LucVanTien1916/pages/images/nlvnpf-0059-043.jpg	4	2	1	data/LucVanTien1916/patches/nlvnpf-0059-043.jpg_2_1.jpg	data/LucVanTien1916/patches_preprocessed/train/nlvnpf-0059-043.jpg_2_1.jpg	train	281.8,153.9,40.0,526.0	小童𨻫仍𧼋𢙇	U+5C0F U+7AE5 U+28EEB U+4ECD U+27F0B U+22647	6	Tiểu đồng luống những chạy hoài	6	1	小童𨻫仍𧼋𢙇	1
LucVanTien1916	nlvnpf-0059 (in mộc bản 1916)	nlvnpf-0059-043	data/LucVanTien1916/pages/images/nlvnpf-0059-043.jpg	5	2	2	data/LucVanTien1916/patches/nlvnpf-0059-043.jpg_2_2.jpg	data/LucVanTien1916/patches_preprocessed/train/nlvnpf-0059-043.jpg_2_2.jpg	train	281.8,153.9,40.0,526.0	領符阻吏筭排茦湯	U+9818 U+7B26 U+963B U+540F U+7B6D U+6392 U+8326 U+6E6F	8	Lĩnh bùa trở lại toan bài thuốc thang	8	1	領符阻吏筭排茦湯	1
LucVanTien1916	nlvnpf-0059 (in mộc bản 1916)	nlvnpf-0059-043	data/LucVanTien1916/pages/images/nlvnpf-0059-043.jpg	6	3	1	data/LucVanTien1916/patches/nlvnpf-0059-043.jpg_3_1.jpg	data/LucVanTien1916/patches_preprocessed/train/nlvnpf-0059-043.jpg_3_1.jpg	train	244.0,153.9,40.3,526.0	𠓨茄疎貝趙昂	U+204E8 U+8304 U+758E U+8C9D U+8D99 U+6602	6	Vào nhà thưa với Triệu Ngang	6	1	𠓨茄疎貝趙昂	1
LucVanTien1916	nlvnpf-0059 (in mộc bản 1916)	nlvnpf-0059-043	data/LucVanTien1916/pages/images/nlvnpf-0059-043.jpg	7	3	2	data/LucVanTien1916/patches/nlvnpf-0059-043.jpg_3_2.jpg	data/LucVanTien1916/patches_preprocessed/train/nlvnpf-0059-043.jpg_3_2.jpg	train	244.0,153.9,40.3,526.0	法符㐌𨇜柴筭理芇	U+6CD5 U+7B26 U+340C U+281DC U+67F4 U+7B6D U+7406 U+8287	8	Phép bùa đã đủ thày toan lẽ nàỏ	8	1	法符㐌𨇜柴筭理芇	1
LucVanTien1916	nlvnpf-0059 (in mộc bản 1916)	nlvnpf-0059-043	data/LucVanTien1916/pages/images/nlvnpf-0059-043.jpg	8	4	1	data/LucVanTien1916/patches/nlvnpf-0059-043.jpg_4_1.jpg	data/LucVanTien1916/patches_preprocessed/train/nlvnpf-0059-043.jpg_4_1.jpg	train	207.6,154.6,38.6,527.2	昂浪冲𫋻群包	U+6602 U+6D6A U+51B2 U+2B2FB U+7FA4 U+5305	6	Ngang rằng trong gói còn baỏ	6	1	昂浪冲𫋻群包	1
LucVanTien1916	nlvnpf-0059 (in mộc bản 1916)	nlvnpf-0059-043	data/LucVanTien1916/pages/images/nlvnpf-0059-043.jpg	9	4	2	data/LucVanTien1916/patches/nlvnpf-0059-043.jpg_4_2.jpg	data/LucVanTien1916/patches_preprocessed/val/nlvnpf-0059-043.jpg_4_2.jpg	val	207.6,154.6,38.6,527.2	𤽗𠓨󰘉𫋻麻𢭂朱柴	U+24F57 U+204E8 U+F0609 U+2B2FB U+9EBB U+22B42 U+6731 U+67F4	8	Ngươi vào mở gói mà trao cho thày	8	1	𤽗𠓨󰘉𫋻麻𢭂朱柴	1
LucVanTien1916	nlvnpf-0059 (in mộc bản 1916)	nlvnpf-0059-043	data/LucVanTien1916/pages/images/nlvnpf-0059-043.jpg	10	5	1	data/LucVanTien1916/patches/nlvnpf-0059-043.jpg_5_1.jpg	data/LucVanTien1916/patches_preprocessed/train/nlvnpf-0059-043.jpg_5_1.jpg	train	167.9,155.8,37.3,527.2	童浪碎决𢈱尼	U+7AE5 U+6D6A U+788E U+51B3 U+22231 U+5C3C	6	Ðồng rằng: Tôi quyết lời này	6	1	童浪碎决𢈱尼	1
LucVanTien1916	nlvnpf-0059 (in mộc bản 1916)	nlvnpf-0059-043	data/LucVanTien1916/pages/images/nlvnpf-0059-043.jpg	11	5	2	data/LucVanTien1916/patches/nlvnpf-0059-043.jpg_5_2.jpg	data/LucVanTien1916/patches_preprocessed/val/nlvnpf-0059-043.jpg_5_2.jpg	val	167.9,155.8,37.3,527.2	病箕油呵𠇮尼半𠫾	U+75C5 U+7B95 U+6CB9 U+5475 U+201EE U+5C3C U+534A U+20AFE	8	Bệnh kia dầu khá mình này bán đi	8	1	病箕油呵𠇮尼半𠫾	1
LucVanTien1916	nlvnpf-0059 (in mộc bản 1916)	nlvnpf-0059-043	data/LucVanTien1916/pages/images/nlvnpf-0059-043.jpg	12	6	1	data/LucVanTien1916/patches/nlvnpf-0059-043.jpg_6_1.jpg	data/LucVanTien1916/patches_preprocessed/train/nlvnpf-0059-043.jpg_6_1.jpg	train	129.1,155.2,39.1,527.8	趙昂別庒群之	U+8D99 U+6602 U+5225 U+5E92 U+7FA4 U+4E4B	6	Triệu Ngang biết chẳng còn chi	6	1	趙昂別庒群之	1
LucVanTien1916	nlvnpf-0059 (in mộc bản 1916)	nlvnpf-0059-043	data/LucVanTien1916/pages/images/nlvnpf-0059-043.jpg	13	6	2	data/LucVanTien1916/patches/nlvnpf-0059-043.jpg_6_2.jpg	data/LucVanTien1916/patches_preprocessed/train/nlvnpf-0059-043.jpg_6_2.jpg	train	129.1,155.2,39.1,527.8	劎𢈱到啅吹𠫾塊忘	U+528E U+22231 U+5230 U+5545 U+5439 U+20AFE U+584A U+5FD8	8	Kiếm lời tráo trác xua đi khỏi vòng	8	1	劎𢈱到啅吹𠫾塊忘	1
LucVanTien1916	nlvnpf-0059 (in mộc bản 1916)	nlvnpf-0059-043	data/LucVanTien1916/pages/images/nlvnpf-0059-043.jpg	14	7	1	data/LucVanTien1916/patches/nlvnpf-0059-043.jpg_7_1.jpg	data/LucVanTien1916/patches_preprocessed/train/nlvnpf-0059-043.jpg_7_1.jpg	train	94.8,155.2,34.1,527.2	扵低廊渃苦𢚸	U+6275 U+4F4E U+5ECA U+6E03 U+82E6 U+226B8	6	Ở đây làng nước khó long	6	1	扵低廊渃苦𢚸	1
LucVanTien1916	nlvnpf-0059 (in mộc bản 1916)	nlvnpf-0059-043	data/LucVanTien1916/pages/images/nlvnpf-0059-043.jpg	15	7	2	data/LucVanTien1916/patches/nlvnpf-0059-043.jpg_7_2.jpg	data/LucVanTien1916/patches_preprocessed/train/nlvnpf-0059-043.jpg_7_2.jpg	train	94.8,155.2,34.1,527.2	𠲖欺湄𪱆埃紅拖𩂏	U+20C96 U+6B3A U+6E44 U+2AC46 U+57C3 U+7D05 U+62D6 U+2908F	8	E khi mưa nắng ai hòng đỡ che	8	1	𠲖欺湄𪱆埃紅拖𩂏	1
LucVanTien1916	nlvnpf-0059 (in mộc bản 1916)	nlvnpf-0059-043	data/LucVanTien1916/pages/images/nlvnpf-0059-043.jpg	16	8	1	data/LucVanTien1916/patches/nlvnpf-0059-043.jpg_8_1.jpg	data/LucVanTien1916/patches_preprocessed/train/nlvnpf-0059-043.jpg_8_1.jpg	train	57.1,153.9,37.2,529.0	童浪冲𫋻咏潙	U+7AE5 U+6D6A U+51B2 U+2B2FB U+548F U+6F59	6	Ðồng rằng: Trong gói vắng vơi	6	1	童浪冲𫋻咏潙	1
LucVanTien1916	nlvnpf-0059 (in mộc bản 1916)	nlvnpf-0059-043	data/LucVanTien1916/pages/images/nlvnpf-0059-043.jpg	17	8	2	data/LucVanTien1916/patches/nlvnpf-0059-043.jpg_8_2.jpg	data/LucVanTien1916/patches_preprocessed/train/nlvnpf-0059-043.jpg_8_2.jpg	train	57.1,153.9,37.2,529.0	罷信𢧚莫罷𦖑𢧚啉	U+7F77 U+4FE1 U+229DA U+83AB U+7F77 U+26591 U+229DA U+5549	8	Bởi tin nên mắc, bởi nghe nên lầm	8	1	罷信𢧚莫罷𦖑𢧚啉	1
LucVanTien1916	nlvnpf-0059 (in mộc bản 1916)	nlvnpf-0059-043	data/LucVanTien1916/pages/images/nlvnpf-0059-043.jpg	18	9	1	data/LucVanTien1916/patches/nlvnpf-0059-043.jpg_9_1.jpg	data/LucVanTien1916/patches_preprocessed/train/nlvnpf-0059-043.jpg_9_1.jpg	train	21.6,158.2,33.0,526.6	買卢併歇𠬠𤾓	U+8CB7 U+5362 U+4F75 U+6B47 U+20B20 U+24F93	6	Mới lo tính hết một trăm	6	1	買卢併歇𠬠𤾓	1
LucVanTien1916	nlvnpf-0059 (in mộc bản 1916)	nlvnpf-0059-043	data/LucVanTien1916/pages/images/nlvnpf-0059-043.jpg	19	9	2	data/LucVanTien1916/patches/nlvnpf-0059-043.jpg_9_2.jpg	data/LucVanTien1916/patches_preprocessed/train/nlvnpf-0059-043.jpg_9_2.jpg	train	21.6,158.2,33.0,526.6	𠇮蟡枯蝎𦛌蚕㭳敦	U+201EE U+87E1 U+67AF U+874E U+266CC U+8695 U+3B73 U+6566	8	Mình ve khô xác, ruột tằm héo don	8	1	𠇮蟡枯蝎𦛌蚕㭳敦	1
LucVanTien1916	nlvnpf-0059 (in mộc bản 1916)	nlvnpf-0059-044	data/LucVanTien1916/pages/images/nlvnpf-0059-044.jpg	0	0	1	data/LucVanTien1916/patches/nlvnpf-0059-044.jpg_0_1.jpg	data/LucVanTien1916/patches_preprocessed/train/nlvnpf-0059-044.jpg_0_1.jpg	train	436.7,155.2,36.9,529.6	傷台钱𠅍疾芒	U+50B7 U+53F0 U+94B1 U+2014D U+75BE U+8292	6	Thương thay tiền mất tật mang	6	1	傷台钱𠅍疾芒	1
LucVanTien1916	nlvnpf-0059 (in mộc bản 1916)	nlvnpf-0059-044	data/LucVanTien1916/pages/images/nlvnpf-0059-044.jpg	1	0	2	data/LucVanTien1916/patches/nlvnpf-0059-044.jpg_0_2.jpg	data/LucVanTien1916/patches_preprocessed/train/nlvnpf-0059-044.jpg_0_2.jpg	train	436.7,155.2,36.9,529.6	巴爲坦客鄕村󰡫尼	U+5DF4 U+7232 U+5766 U+5BA2 U+9115 U+6751 U+F086B U+5C3C	8	Bơ vơ đất khách hương thôn thế này	8	1	巴爲坦客鄕村󰡫尼	1
LucVanTien1916	nlvnpf-0059 (in mộc bản 1916)	nlvnpf-0059-044	data/LucVanTien1916/pages/images/nlvnpf-0059-044.jpg	2	1	1	data/LucVanTien1916/patches/nlvnpf-0059-044.jpg_1_1.jpg	data/LucVanTien1916/patches_preprocessed/train/nlvnpf-0059-044.jpg_1_1.jpg	train	399.4,155.8,38.8,532.1	傕匕直強塊低	U+5095 U+5315 U+76F4 U+5F37 U+584A U+4F4E	6	Thôi thôi trực gượng khỏi đây	6	1	傕匕直強塊低	1
LucVanTien1916	nlvnpf-0059 (in mộc bản 1916)	nlvnpf-0059-044	data/LucVanTien1916/pages/images/nlvnpf-0059-044.jpg	3	1	2	data/LucVanTien1916/patches/nlvnpf-0059-044.jpg_1_2.jpg	data/LucVanTien1916/patches_preprocessed/val/nlvnpf-0059-044.jpg_1_2.jpg	val	399.4,155.8,38.8,532.1	碎嗔勸教餒󰉨󰠃饒	U+788E U+55D4 U+52F8 U+6559 U+9912 U+F0268 U+F0803 U+9952	8	Tôi xin khuyên giáo nỗi rày cùng nhau	8	1	碎嗔勸教餒󰉨󰠃饒	1
LucVanTien1916	nlvnpf-0059 (in mộc bản 1916)	nlvnpf-0059-044	data/LucVanTien1916/pages/images/nlvnpf-0059-044.jpg	4	2	1	data/LucVanTien1916/patches/nlvnpf-0059-044.jpg_2_1.jpg	data/LucVanTien1916/patches_preprocessed/train/nlvnpf-0059-044.jpg_2_1.jpg	train	361.9,156.5,38.3,532.6	云仙之掣浽愁	U+4E91 U+4ED9 U+4E4B U+63A3 U+6D7D U+6101	6	Vân Tiên chi xiết nỗi sầu	6	1	云仙之掣浽愁	1
LucVanTien1916	nlvnpf-0059 (in mộc bản 1916)	nlvnpf-0059-044	data/LucVanTien1916/pages/images/nlvnpf-0059-044.jpg	5	2	2	data/LucVanTien1916/patches/nlvnpf-0059-044.jpg_2_2.jpg	data/LucVanTien1916/patches_preprocessed/train/nlvnpf-0059-044.jpg_2_2.jpg	train	361.9,156.5,38.3,532.6	小童𢴿𢩮𫢩橋埋滝	U+5C0F U+7AE5 U+22D3F U+22A6E U+2B8A9 U+6A4B U+57CB U+6EDD	8	Tiểu đồng chèo dắt nay cầu mai sông	8	1	小童𢴿𢩮𫢩橋埋滝	1
LucVanTien1916	nlvnpf-0059 (in mộc bản 1916)	nlvnpf-0059-044	data/LucVanTien1916/pages/images/nlvnpf-0059-044.jpg	6	3	1	data/LucVanTien1916/patches/nlvnpf-0059-044.jpg_3_1.jpg	data/LucVanTien1916/patches_preprocessed/train/nlvnpf-0059-044.jpg_3_1.jpg	train	323.0,158.2,38.5,532.1	當欺湄𩙌竜冬	U+7576 U+6B3A U+6E44 U+2964C U+7ADC U+51AC	6	Ðương khi mưa gió long đong	6	1	當欺湄𩙌竜冬	1
LucVanTien1916	nlvnpf-0059 (in mộc bản 1916)	nlvnpf-0059-044	data/LucVanTien1916/pages/images/nlvnpf-0059-044.jpg	7	3	2	data/LucVanTien1916/patches/nlvnpf-0059-044.jpg_3_2.jpg	data/LucVanTien1916/patches_preprocessed/train/nlvnpf-0059-044.jpg_3_2.jpg	train	323.0,158.2,38.5,532.1	𠊚盆吏﨤景盆添傷	U+2029A U+76C6 U+540F U+FA24 U+666F U+76C6 U+6DFB U+50B7	8	Người buồn lại gặp cảnh buồn thêm thương	8	1	𠊚盆吏﨤景盆添傷	1
LucVanTien1916	nlvnpf-0059 (in mộc bản 1916)	nlvnpf-0059-044	data/LucVanTien1916/pages/images/nlvnpf-0059-044.jpg	8	4	1	data/LucVanTien1916/patches/nlvnpf-0059-044.jpg_4_1.jpg	data/LucVanTien1916/patches_preprocessed/train/nlvnpf-0059-044.jpg_4_1.jpg	train	283.2,158.2,40.4,532.1	掣包咹雪𦣰霜	U+63A3 U+5305 U+54B9 U+96EA U+268F0 U+971C	6	Xiết bao ăn tuyết nằm sương	6	1	掣包咹雪𦣰霜	1
LucVanTien1916	nlvnpf-0059 (in mộc bản 1916)	nlvnpf-0059-044	data/LucVanTien1916/pages/images/nlvnpf-0059-044.jpg	9	4	2	data/LucVanTien1916/patches/nlvnpf-0059-044.jpg_4_2.jpg	data/LucVanTien1916/patches_preprocessed/train/nlvnpf-0059-044.jpg_4_2.jpg	train	283.2,158.2,40.4,532.1	幔𡗶詔坦塘長劳刀	U+5E54 U+215F6 U+8A54 U+5766 U+5858 U+9577 U+52B3 U+5200	8	Màn trời chiếu đất đường trường lao đao	8	1	幔𡗶詔坦塘長劳刀	1
LucVanTien1916	nlvnpf-0059 (in mộc bản 1916)	nlvnpf-0059-044	data/LucVanTien1916/pages/images/nlvnpf-0059-044.jpg	10	5	1	data/LucVanTien1916/patches/nlvnpf-0059-044.jpg_5_1.jpg	data/LucVanTien1916/patches_preprocessed/train/nlvnpf-0059-044.jpg_5_1.jpg	train	242.5,160.7,41.1,533.3	油朱才智叱高	U+6CB9 U+6731 U+624D U+667A U+53F1 U+9AD8	6	Dẫu cho tài trí rất cao	6	1	油朱才智叱高	1
LucVanTien1916	nlvnpf-0059 (in mộc bản 1916)	nlvnpf-0059-044	data/LucVanTien1916/pages/images/nlvnpf-0059-044.jpg	11	5	2	data/LucVanTien1916/patches/nlvnpf-0059-044.jpg_5_2.jpg	data/LucVanTien1916/patches_preprocessed/train/nlvnpf-0059-044.jpg_5_2.jpg	train	242.5,160.7,41.1,533.3	﨤干危𣷷別牢邒常	U+FA24 U+5E72 U+5371 U+23DF7 U+5225 U+7262 U+9092 U+5E38	8	Gặp cơn nguy biến biết sao đặng thường	8	1	﨤干危𣷷別牢邒常	1
LucVanTien1916	nlvnpf-0059 (in mộc bản 1916)	nlvnpf-0059-044	data/LucVanTien1916/pages/images/nlvnpf-0059-044.jpg	12	6	1	data/LucVanTien1916/patches/nlvnpf-0059-044.jpg_6_1.jpg	data/LucVanTien1916/patches_preprocessed/train/nlvnpf-0059-044.jpg_6_1.jpg	train	204.8,160.7,40.4,535.1	嘵嗷𦍛客他鄕	U+5635 U+55F7 U+2635B U+5BA2 U+4ED6 U+9115	6	Nghêu ngao dường khách tha hương	6	1	嘵嗷𦍛客他鄕	1
LucVanTien1916	nlvnpf-0059 (in mộc bản 1916)	nlvnpf-0059-044	data/LucVanTien1916/pages/images/nlvnpf-0059-044.jpg	13	6	2	data/LucVanTien1916/patches/nlvnpf-0059-044.jpg_6_2.jpg	data/LucVanTien1916/patches_preprocessed/val/nlvnpf-0059-044.jpg_6_2.jpg	val	204.8,160.7,40.4,535.1	埃匕訴別空傷包徐	U+57C3 U+5315 U+8A34 U+5225 U+7A7A U+50B7 U+5305 U+5F90	8	Ai ai tỏ biết không thương bao giờ	8	1	埃匕訴別空傷包徐	1
LucVanTien1916	nlvnpf-0059 (in mộc bản 1916)	nlvnpf-0059-044	data/LucVanTien1916/pages/images/nlvnpf-0059-044.jpg	14	7	1	data/LucVanTien1916/patches/nlvnpf-0059-044.jpg_7_1.jpg	data/LucVanTien1916/patches_preprocessed/train/nlvnpf-0059-044.jpg_7_1.jpg	train	167.9,162.5,39.8,533.9	仙浪𠫾㐌吃𠽐	U+4ED9 U+6D6A U+20AFE U+340C U+5403 U+20F50	6	Tiên rằng: Đi đã ngất ngơ	6	1	仙浪𠫾㐌吃𠽐	1
LucVanTien1916	nlvnpf-0059 (in mộc bản 1916)	nlvnpf-0059-044	data/LucVanTien1916/pages/images/nlvnpf-0059-044.jpg	15	7	2	data/LucVanTien1916/patches/nlvnpf-0059-044.jpg_7_2.jpg	data/LucVanTien1916/patches_preprocessed/train/nlvnpf-0059-044.jpg_7_2.jpg	train	167.9,162.5,39.8,533.9	尋尼溪𣷮培坡𢪀蹎	U+5C0B U+5C3C U+6EAA U+23DEE U+57F9 U+5761 U+22A80 U+8E4E	8	Tìm nơi khe suối bụi bờ nghỉ chân	8	1	尋尼溪𣷮培坡𢪀蹎	1
LucVanTien1916	nlvnpf-0059 (in mộc bản 1916)	nlvnpf-0059-044	data/LucVanTien1916/pages/images/nlvnpf-0059-044.jpg	16	8	1	data/LucVanTien1916/patches/nlvnpf-0059-044.jpg_8_1.jpg	data/LucVanTien1916/patches_preprocessed/train/nlvnpf-0059-044.jpg_8_1.jpg	train	131.6,163.1,38.6,533.9	童浪𡮇汝塊棱	U+7AE5 U+6D6A U+21B87 U+6C5D U+584A U+68F1	6	Ðồng rằng: Chút nữa khỏi rừng	6	1	童浪𡮇汝塊棱	1
LucVanTien1916	nlvnpf-0059 (in mộc bản 1916)	nlvnpf-0059-044	data/LucVanTien1916/pages/images/nlvnpf-0059-044.jpg	17	8	2	data/LucVanTien1916/patches/nlvnpf-0059-044.jpg_8_2.jpg	data/LucVanTien1916/patches_preprocessed/train/nlvnpf-0059-044.jpg_8_2.jpg	train	131.6,163.1,38.6,533.9	尋尼舘舍仕仃𢪀蹎	U+5C0B U+5C3C U+8218 U+820D U+4ED5 U+4EC3 U+22A80 U+8E4E	8	Tìm nơi quán xá sẽ dừng nghỉ ngơi	8	1	尋尼舘舍仕仃𢪀蹎	1
LucVanTien1916	nlvnpf-0059 (in mộc bản 1916)	nlvnpf-0059-044	data/LucVanTien1916/pages/images/nlvnpf-0059-044.jpg	18	9	1	data/LucVanTien1916/patches/nlvnpf-0059-044.jpg_9_1.jpg	data/LucVanTien1916/patches_preprocessed/train/nlvnpf-0059-044.jpg_9_1.jpg	train	94.7,163.7,41.3,533.9	𡽫西𣃣格𩈘𡗶	U+21F6B U+897F U+230E3 U+683C U+29218 U+215F6	6	Non Tây vừa cách mặt trời	6	1	𡽫西𣃣格𩈘𡗶	1
LucVanTien1916	nlvnpf-0059 (in mộc bản 1916)	nlvnpf-0059-044	data/LucVanTien1916/pages/images/nlvnpf-0059-044.jpg	19	9	2	data/LucVanTien1916/patches/nlvnpf-0059-044.jpg_9_2.jpg	data/LucVanTien1916/patches_preprocessed/train/nlvnpf-0059-044.jpg_9_2.jpg	train	94.7,163.7,41.3,533.9	伵柴󰲲𢩮細尼大堤	U+4F35 U+67F4 U+F0CB2 U+22A6E U+7D30 U+5C3C U+5927 U+5824	8	Tớ thày dìu dắt tới nơi Ðại đề	8	1	伵柴󰲲𢩮細尼大堤	1
LucVanTien1916	nlvnpf-0059 (in mộc bản 1916)	nlvnpf-0059-045	data/LucVanTien1916/pages/images/nlvnpf-0059-045.jpg	0	0	1	data/LucVanTien1916/patches/nlvnpf-0059-045.jpg_0_1.jpg	data/LucVanTien1916/patches_preprocessed/train/nlvnpf-0059-045.jpg_0_1.jpg	train	362.5,157.6,36.0,522.3	徒詩𠬠屡𦋦𧗱	U+5F92 U+8A69 U+20B20 U+5C61 U+262E6 U+275F1	6	Trò thi một lũ ra về	6	1	徒詩𠬠屡𦋦𧗱	1
LucVanTien1916	nlvnpf-0059 (in mộc bản 1916)	nlvnpf-0059-045	data/LucVanTien1916/pages/images/nlvnpf-0059-045.jpg	1	0	2	data/LucVanTien1916/patches/nlvnpf-0059-045.jpg_0_2.jpg	data/LucVanTien1916/patches_preprocessed/val/nlvnpf-0059-045.jpg_0_2.jpg	val	362.5,157.6,36.0,522.3	郑歆䀡𧡊吏掑哙深	U+90D1 U+6B46 U+4021 U+2784A U+540F U+6391 U+54D9 U+6DF1	8	Trịnh Hâm xem thấy lại kề hỏi thăm	8	1	郑歆䀡𧡊吏掑哙深	1
LucVanTien1916	nlvnpf-0059 (in mộc bản 1916)	nlvnpf-0059-045	data/LucVanTien1916/pages/images/nlvnpf-0059-045.jpg	2	1	1	data/LucVanTien1916/patches/nlvnpf-0059-045.jpg_1_1.jpg	data/LucVanTien1916/patches_preprocessed/train/nlvnpf-0059-045.jpg_1_1.jpg	train	322.1,157.0,39.7,525.4	𮎦𧗱𫢩㐌𠄩𢆥	U+2E3A6 U+275F1 U+2B8A9 U+340C U+20129 U+221A5	6	Anh về nay đã hai năm	6	1	𮎦𧗱𫢩㐌𠄩𢆥	1
LucVanTien1916	nlvnpf-0059 (in mộc bản 1916)	nlvnpf-0059-045	data/LucVanTien1916/pages/images/nlvnpf-0059-045.jpg	3	1	2	data/LucVanTien1916/patches/nlvnpf-0059-045.jpg_1_2.jpg	data/LucVanTien1916/patches_preprocessed/train/nlvnpf-0059-045.jpg_1_2.jpg	train	322.1,157.0,39.7,525.4	故牢莫病群𦣰扵底	U+6545 U+7262 U+83AB U+75C5 U+7FA4 U+268F0 U+6275 U+5E95	8	Cớ sao mắc bệnh còn nằm ở đây	8	1	故牢莫病群𦣰扵底	1
LucVanTien1916	nlvnpf-0059 (in mộc bản 1916)	nlvnpf-0059-045	data/LucVanTien1916/pages/images/nlvnpf-0059-045.jpg	4	2	1	data/LucVanTien1916/patches/nlvnpf-0059-045.jpg_2_1.jpg	data/LucVanTien1916/patches_preprocessed/train/nlvnpf-0059-045.jpg_2_1.jpg	train	285.7,157.6,37.8,524.1	仙浪碎㐌庒埋	U+4ED9 U+6D6A U+788E U+340C U+5E92 U+57CB	6	Tiên rằng:Tôi đã chẳng may	5	0	仙浪碎㐌庒埋	1
LucVanTien1916	nlvnpf-0059 (in mộc bản 1916)	nlvnpf-0059-045	data/LucVanTien1916/pages/images/nlvnpf-0059-045.jpg	5	2	2	data/LucVanTien1916/patches/nlvnpf-0059-045.jpg_2_2.jpg	data/LucVanTien1916/patches_preprocessed/val/nlvnpf-0059-045.jpg_2_2.jpg	val	285.7,157.6,37.8,524.1	庒台眾伴科尼󰡫芇	U+5E92 U+53F0 U+773E U+4F34 U+79D1 U+5C3C U+F086B U+8287	8	Chẳng hay chúng bạn khoa này thế nàỏ	8	1	庒台眾伴科尼󰡫芇	1
LucVanTien1916	nlvnpf-0059 (in mộc bản 1916)	nlvnpf-0059-045	data/LucVanTien1916/pages/images/nlvnpf-0059-045.jpg	6	3	1	data/LucVanTien1916/patches/nlvnpf-0059-045.jpg_3_1.jpg	data/LucVanTien1916/patches_preprocessed/train/nlvnpf-0059-045.jpg_3_1.jpg	train	248.1,158.2,37.6,522.9	歆浪子直杜高	U+6B46 U+6D6A U+5B50 U+76F4 U+675C U+9AD8	6	Hâm rằng: Tử Trực đỗ cao	6	1	歆浪子直杜高	1
LucVanTien1916	nlvnpf-0059 (in mộc bản 1916)	nlvnpf-0059-045	data/LucVanTien1916/pages/images/nlvnpf-0059-045.jpg	7	3	2	data/LucVanTien1916/patches/nlvnpf-0059-045.jpg_3_2.jpg	data/LucVanTien1916/patches_preprocessed/train/nlvnpf-0059-045.jpg_3_2.jpg	train	248.1,158.2,37.6,522.9	碎󰠃裴儉調𠓨󰦄人	U+788E U+F0803 U+88F4 U+5109 U+8ABF U+204E8 U+F0984 U+4EBA	8	Tôi cùng Bùi Kiệm đều vào cử nhân	8	1	碎󰠃裴儉調𠓨󰦄人	1
LucVanTien1916	nlvnpf-0059 (in mộc bản 1916)	nlvnpf-0059-045	data/LucVanTien1916/pages/images/nlvnpf-0059-045.jpg	8	4	1	data/LucVanTien1916/patches/nlvnpf-0059-045.jpg_4_1.jpg	data/LucVanTien1916/patches_preprocessed/train/nlvnpf-0059-045.jpg_4_1.jpg	train	205.0,157.6,40.0,524.8	𠬠碎𧗱畧省親	U+20B20 U+788E U+275F1 U+7567 U+7701 U+89AA	6	Một tôi về trước tỉnh thân	6	1	𠬠碎𧗱畧省親	1
LucVanTien1916	nlvnpf-0059 (in mộc bản 1916)	nlvnpf-0059-045	data/LucVanTien1916/pages/images/nlvnpf-0059-045.jpg	9	4	2	data/LucVanTien1916/patches/nlvnpf-0059-045.jpg_4_2.jpg	data/LucVanTien1916/patches_preprocessed/val/nlvnpf-0059-045.jpg_4_2.jpg	val	205.0,157.6,40.0,524.8	直󰠃裴儉群吝𠫾𥹰	U+76F4 U+F0803 U+88F4 U+5109 U+7FA4 U+541D U+20AFE U+25E70	8	Trực cùng Bùi Kiệm còn lần đi lâu	8	1	直󰠃裴儉群吝𠫾𥹰	1
LucVanTien1916	nlvnpf-0059 (in mộc bản 1916)	nlvnpf-0059-045	data/LucVanTien1916/pages/images/nlvnpf-0059-045.jpg	10	5	1	data/LucVanTien1916/patches/nlvnpf-0059-045.jpg_5_1.jpg	data/LucVanTien1916/patches_preprocessed/train/nlvnpf-0059-045.jpg_5_1.jpg	train	165.3,157.0,41.7,524.2	当欺患难﨤饒	U+5F53 U+6B3A U+60A3 U+96BE U+FA24 U+9952	6	Ðương khi hoạn nạn gặp nhau	6	1	当欺患难﨤饒	1
LucVanTien1916	nlvnpf-0059 (in mộc bản 1916)	nlvnpf-0059-045	data/LucVanTien1916/pages/images/nlvnpf-0059-045.jpg	11	5	2	data/LucVanTien1916/patches/nlvnpf-0059-045.jpg_5_2.jpg	data/LucVanTien1916/patches_preprocessed/train/nlvnpf-0059-045.jpg_5_2.jpg	train	165.3,157.0,41.7,524.2	𠊚苓𦬑補𠊚𤴬牢仃	U+2029A U+82D3 U+26B11 U+88DC U+2029A U+24D2C U+7262 U+4EC3	8	Người lành nỡ bỏ người đau sao đành	8	1	𠊚苓𦬑補𠊚𤴬牢仃	1
LucVanTien1916	nlvnpf-0059 (in mộc bản 1916)	nlvnpf-0059-045	data/LucVanTien1916/pages/images/nlvnpf-0059-045.jpg	12	6	1	data/LucVanTien1916/patches/nlvnpf-0059-045.jpg_6_1.jpg	data/LucVanTien1916/patches_preprocessed/train/nlvnpf-0059-045.jpg_6_1.jpg	train	131.3,158.8,35.9,523.5	自低𧗱旦東城	U+81EA U+4F4E U+275F1 U+65E6 U+6771 U+57CE	6	Từ đây về đến Ðông thành	6	1	自低𧗱旦東城	1
LucVanTien1916	nlvnpf-0059 (in mộc bản 1916)	nlvnpf-0059-045	data/LucVanTien1916/pages/images/nlvnpf-0059-045.jpg	13	6	2	data/LucVanTien1916/patches/nlvnpf-0059-045.jpg_6_2.jpg	data/LucVanTien1916/patches_preprocessed/val/nlvnpf-0059-045.jpg_6_2.jpg	val	131.3,158.8,35.9,523.5	𠬠𠇮病重步行牢衝	U+20B20 U+201EE U+75C5 U+91CD U+6B65 U+884C U+7262 U+885D	8	Một mình bệnh trọng bộ hành sao xong	8	1	𠬠𠇮病重步行牢衝	1
LucVanTien1916	nlvnpf-0059 (in mộc bản 1916)	nlvnpf-0059-045	data/LucVanTien1916/pages/images/nlvnpf-0059-045.jpg	14	7	1	data/LucVanTien1916/patches/nlvnpf-0059-045.jpg_7_1.jpg	data/LucVanTien1916/patches_preprocessed/train/nlvnpf-0059-045.jpg_7_1.jpg	train	92.3,158.8,38.3,524.8	吝囬細准江中	U+541D U+56EC U+7D30 U+51C6 U+6C5F U+4E2D	6	Lần hồi tới chốn giang trung	6	1	吝囬細准江中	1
LucVanTien1916	nlvnpf-0059 (in mộc bản 1916)	nlvnpf-0059-045	data/LucVanTien1916/pages/images/nlvnpf-0059-045.jpg	15	7	2	data/LucVanTien1916/patches/nlvnpf-0059-045.jpg_7_2.jpg	data/LucVanTien1916/patches_preprocessed/val/nlvnpf-0059-045.jpg_7_2.jpg	val	92.3,158.8,38.3,524.8	尋船些仕論盘󰠃饒	U+5C0B U+8239 U+4E9B U+4ED5 U+8AD6 U+76D8 U+F0803 U+9952	8	Tìm thuyền ta sẽ luận bàn cùng nhau	8	1	尋船些仕論盘󰠃饒	1
LucVanTien1916	nlvnpf-0059 (in mộc bản 1916)	nlvnpf-0059-045	data/LucVanTien1916/pages/images/nlvnpf-0059-045.jpg	16	8	1	data/LucVanTien1916/patches/nlvnpf-0059-045.jpg_8_1.jpg	data/LucVanTien1916/patches_preprocessed/train/nlvnpf-0059-045.jpg_8_1.jpg	train	54.7,160.1,38.6,522.8	仙浪情畧󰒂𡢐	U+4ED9 U+6D6A U+60C5 U+7567 U+F0482 U+21890	6	Tiên rằng: Tình trước nghĩa sau	6	1	仙浪情畧󰒂𡢐	1
LucVanTien1916	nlvnpf-0059 (in mộc bản 1916)	nlvnpf-0059-045	data/LucVanTien1916/pages/images/nlvnpf-0059-045.jpg	17	8	2	data/LucVanTien1916/patches/nlvnpf-0059-045.jpg_8_2.jpg	data/LucVanTien1916/patches_preprocessed/train/nlvnpf-0059-045.jpg_8_2.jpg	train	54.7,160.1,38.6,522.8	﨤饒𧯶易補饒畨尼	U+FA24 U+9952 U+27BF6 U+6613 U+88DC U+9952 U+7568 U+5C3C	8	Gặp nhau há dễ bỏ nhau phen này	8	1	﨤饒𧯶易補饒畨尼	1
LucVanTien1916	nlvnpf-0059 (in mộc bản 1916)	nlvnpf-0059-045	data/LucVanTien1916/pages/images/nlvnpf-0059-045.jpg	18	9	1	data/LucVanTien1916/patches/nlvnpf-0059-045.jpg_9_1.jpg	data/LucVanTien1916/patches_preprocessed/train/nlvnpf-0059-045.jpg_9_1.jpg	train	18.4,160.1,37.0,522.2	歆浪𮎦暫𡎢底	U+6B46 U+6D6A U+2E3A6 U+66AB U+213A2 U+5E95	6	Hâm rằng: Anh tạm ngồi đây	6	1	歆浪𮎦暫𡎢底	1
LucVanTien1916	nlvnpf-0059 (in mộc bản 1916)	nlvnpf-0059-045	data/LucVanTien1916/pages/images/nlvnpf-0059-045.jpg	19	9	2	data/LucVanTien1916/patches/nlvnpf-0059-045.jpg_9_2.jpg	data/LucVanTien1916/patches_preprocessed/val/nlvnpf-0059-045.jpg_9_2.jpg	val	18.4,160.1,37.0,522.2	小童細畧尼󰠃貝些	U+5C0F U+7AE5 U+7D30 U+7567 U+5C3C U+F0803 U+8C9D U+4E9B	8	Tiểu đồng tới trước nơi cùng với ta	8	1	小童細畧尼󰠃貝些	1
LucVanTien1916	nlvnpf-0059 (in mộc bản 1916)	nlvnpf-0059-046	data/LucVanTien1916/pages/images/nlvnpf-0059-046.jpg	0	0	1	data/LucVanTien1916/patches/nlvnpf-0059-046.jpg_0_1.jpg	data/LucVanTien1916/patches_preprocessed/train/nlvnpf-0059-046.jpg_0_1.jpg	train	429.9,158.8,35.8,522.9	𠓨棱𥙩茦外科	U+204E8 U+68F1 U+25669 U+8326 U+5916 U+79D1	6	Vào rừng lấy thuốc ngoại khoa	6	1	𠓨棱𥙩茦外科	1
LucVanTien1916	nlvnpf-0059 (in mộc bản 1916)	nlvnpf-0059-046	data/LucVanTien1916/pages/images/nlvnpf-0059-046.jpg	1	0	2	data/LucVanTien1916/patches/nlvnpf-0059-046.jpg_0_2.jpg	data/LucVanTien1916/patches_preprocessed/train/nlvnpf-0059-046.jpg_0_2.jpg	train	429.9,158.8,35.8,522.9	防欺滝𣷷風波不期	U+9632 U+6B3A U+6EDD U+23DF7 U+98A8 U+6CE2 U+4E0D U+671F	8	Phòng khi sông biển phong ba bất kỳ	8	1	防欺滝𣷷風波不期	1
LucVanTien1916	nlvnpf-0059 (in mộc bản 1916)	nlvnpf-0059-046	data/LucVanTien1916/pages/images/nlvnpf-0059-046.jpg	2	1	1	data/LucVanTien1916/patches/nlvnpf-0059-046.jpg_1_1.jpg	data/LucVanTien1916/patches_preprocessed/train/nlvnpf-0059-046.jpg_1_1.jpg	train	394.6,158.8,34.8,522.9	小童倍𡲤𦋦𠫾	U+5C0F U+7AE5 U+500D U+21CA4 U+262E6 U+20AFE	6	Tiểu đồng vội vã ra đi	6	1	小童倍𡲤𦋦𠫾	1
LucVanTien1916	nlvnpf-0059 (in mộc bản 1916)	nlvnpf-0059-046	data/LucVanTien1916/pages/images/nlvnpf-0059-046.jpg	3	1	2	data/LucVanTien1916/patches/nlvnpf-0059-046.jpg_1_2.jpg	data/LucVanTien1916/patches_preprocessed/val/nlvnpf-0059-046.jpg_1_2.jpg	val	394.6,158.8,34.8,522.9	悶朱𢧚役詫夷劳刀	U+60B6 U+6731 U+229DA U+5F79 U+8A6B U+5937 U+52B3 U+5200	8	Muốn cho nên việc xá gì lao đao	8	1	悶朱𢧚役詫夷劳刀	1
LucVanTien1916	nlvnpf-0059 (in mộc bản 1916)	nlvnpf-0059-046	data/LucVanTien1916/pages/images/nlvnpf-0059-046.jpg	4	2	1	data/LucVanTien1916/patches/nlvnpf-0059-046.jpg_2_1.jpg	data/LucVanTien1916/patches_preprocessed/train/nlvnpf-0059-046.jpg_2_1.jpg	train	354.5,160.1,40.2,522.3	郑歆扵胣劎刀	U+90D1 U+6B46 U+6275 U+80E3 U+528E U+5200	6	Trịnh Hâm ở dạ gươm đao	6	1	郑歆扵胣劎刀	1
LucVanTien1916	nlvnpf-0059 (in mộc bản 1916)	nlvnpf-0059-046	data/LucVanTien1916/pages/images/nlvnpf-0059-046.jpg	5	2	2	data/LucVanTien1916/patches/nlvnpf-0059-046.jpg_2_2.jpg	data/LucVanTien1916/patches_preprocessed/val/nlvnpf-0059-046.jpg_2_2.jpg	val	354.5,160.1,40.2,522.3	扒𤽗童子𫃚𠓨冲核	U+6252 U+24F57 U+7AE5 U+5B50 U+2B0DA U+204E8 U+51B2 U+6838	8	Bắt người đồng tử buộc vào trong cây	8	1	扒𤽗童子𫃚𠓨冲核	1
LucVanTien1916	nlvnpf-0059 (in mộc bản 1916)	nlvnpf-0059-046	data/LucVanTien1916/pages/images/nlvnpf-0059-046.jpg	6	3	1	data/LucVanTien1916/patches/nlvnpf-0059-046.jpg_3_1.jpg	data/LucVanTien1916/patches_preprocessed/train/nlvnpf-0059-046.jpg_3_1.jpg	train	319.1,160.7,36.1,522.3	畧朱𤜯𤞻咹眉	U+7567 U+6731 U+2472F U+247BB U+54B9 U+7709	6	Trước cho cọp hùm ăn mày	6	1	畧朱𤜯𤞻咹眉	1
LucVanTien1916	nlvnpf-0059 (in mộc bản 1916)	nlvnpf-0059-046	data/LucVanTien1916/pages/images/nlvnpf-0059-046.jpg	7	3	2	data/LucVanTien1916/patches/nlvnpf-0059-046.jpg_3_2.jpg	data/LucVanTien1916/patches_preprocessed/val/nlvnpf-0059-046.jpg_3_2.jpg	val	319.1,160.7,36.1,522.3	害仙𡢐用謀尼買衝	U+5BB3 U+4ED9 U+21890 U+7528 U+8B00 U+5C3C U+8CB7 U+885D	8	Hại Tiên sau dụng mưu này mới xong	8	1	害仙𡢐用謀尼買衝	1
LucVanTien1916	nlvnpf-0059 (in mộc bản 1916)	nlvnpf-0059-046	data/LucVanTien1916/pages/images/nlvnpf-0059-046.jpg	8	4	1	data/LucVanTien1916/patches/nlvnpf-0059-046.jpg_4_1.jpg			279.3,161.9,40.0,519.9	云仙仍[?]待𬂙	U+4E91 U+4ED9 U+4ECD U+005B U+003F U+005D U+5F85 U+2C099	8	Vân Tiên những [?] đợi trông	6	0	云仙仍?待𬂙	0
LucVanTien1916	nlvnpf-0059 (in mộc bản 1916)	nlvnpf-0059-046	data/LucVanTien1916/pages/images/nlvnpf-0059-046.jpg	9	4	2	data/LucVanTien1916/patches/nlvnpf-0059-046.jpg_4_2.jpg	data/LucVanTien1916/patches_preprocessed/train/nlvnpf-0059-046.jpg_4_2.jpg	train	279.3,161.9,40.0,519.9	郑歆𧗱呐小童扱咹	U+90D1 U+6B46 U+275F1 U+5450 U+5C0F U+7AE5 U+6271 U+54B9	8	Trịnh Hâm về nói tiểu đồng cọp ăn	8	1	郑歆𧗱呐小童扱咹	1
LucVanTien1916	nlvnpf-0059 (in mộc bản 1916)	nlvnpf-0059-046	data/LucVanTien1916/pages/images/nlvnpf-0059-046.jpg	10	5	1	data/LucVanTien1916/patches/nlvnpf-0059-046.jpg_5_1.jpg	data/LucVanTien1916/patches_preprocessed/train/nlvnpf-0059-046.jpg_5_1.jpg	train	240.4,163.1,35.9,518.6	云仙嘆哭我凌	U+4E91 U+4ED9 U+5606 U+54ED U+6211 U+51CC	6	Vân Tiên than khóc ngã lăn	6	1	云仙嘆哭我凌	1
LucVanTien1916	nlvnpf-0059 (in mộc bản 1916)	nlvnpf-0059-046	data/LucVanTien1916/pages/images/nlvnpf-0059-046.jpg	11	5	2	data/LucVanTien1916/patches/nlvnpf-0059-046.jpg_5_2.jpg	data/LucVanTien1916/patches_preprocessed/train/nlvnpf-0059-046.jpg_5_2.jpg	train	240.4,163.1,35.9,518.6	固󰦓坦呂𡗶崩声灵	U+56FA U+F0993 U+5766 U+5442 U+215F6 U+5D29 U+58F0 U+7075	8	Có đâu đất lỡ tr ời băng thình lình	9	0	固󰦓坦呂𡗶崩声灵	1
LucVanTien1916	nlvnpf-0059 (in mộc bản 1916)	nlvnpf-0059-046	data/LucVanTien1916/pages/images/nlvnpf-0059-046.jpg	12	6	1	data/LucVanTien1916/patches/nlvnpf-0059-046.jpg_6_1.jpg	data/LucVanTien1916/patches_preprocessed/train/nlvnpf-0059-046.jpg_6_1.jpg	train	201.0,162.5,40.5,520.8	閉𥹰坦客流令	U+9589 U+25E70 U+5766 U+5BA2 U+6D41 U+4EE4	6	Bấy lâu đất khách lưu linh	6	1	閉𥹰坦客流令	1
LucVanTien1916	nlvnpf-0059 (in mộc bản 1916)	nlvnpf-0059-046	data/LucVanTien1916/pages/images/nlvnpf-0059-046.jpg	13	6	2	data/LucVanTien1916/patches/nlvnpf-0059-046.jpg_6_2.jpg	data/LucVanTien1916/patches_preprocessed/train/nlvnpf-0059-046.jpg_6_2.jpg	train	201.0,162.5,40.5,520.8	𠬠柴𠬠伵路程餒饒	U+20B20 U+67F4 U+20B20 U+4F35 U+8DEF U+7A0B U+9912 U+9952	8	Một thày một tớ lộ trình nuôi nhau	8	1	𠬠柴𠬠伵路程餒饒	1
LucVanTien1916	nlvnpf-0059 (in mộc bản 1916)	nlvnpf-0059-046	data/LucVanTien1916/pages/images/nlvnpf-0059-046.jpg	14	7	1	data/LucVanTien1916/patches/nlvnpf-0059-046.jpg_7_1.jpg	data/LucVanTien1916/patches_preprocessed/train/nlvnpf-0059-046.jpg_7_1.jpg	train	164.3,163.1,36.6,523.1	𫢩它𠄩我格饒	U+2B8A9 U+5B83 U+20129 U+6211 U+683C U+9952	6	Này đà hai ngã cách nhau	6	1	𫢩它𠄩我格饒	1
LucVanTien1916	nlvnpf-0059 (in mộc bản 1916)	nlvnpf-0059-046	data/LucVanTien1916/pages/images/nlvnpf-0059-046.jpg	15	7	2	data/LucVanTien1916/patches/nlvnpf-0059-046.jpg_7_2.jpg	data/LucVanTien1916/patches_preprocessed/train/nlvnpf-0059-046.jpg_7_2.jpg	train	164.3,163.1,36.6,523.1	群埃㨢畧拖𡢐朱𨉓	U+7FA4 U+57C3 U+3A22 U+7567 U+62D6 U+21890 U+6731 U+28253	8	Còn ai nâng trước, đỡ sau cho mình	8	1	群埃㨢畧拖𡢐朱𨉓	1
LucVanTien1916	nlvnpf-0059 (in mộc bản 1916)	nlvnpf-0059-046	data/LucVanTien1916/pages/images/nlvnpf-0059-046.jpg	16	8	1	data/LucVanTien1916/patches/nlvnpf-0059-046.jpg_8_1.jpg	data/LucVanTien1916/patches_preprocessed/train/nlvnpf-0059-046.jpg_8_1.jpg	train	126.9,163.1,38.1,519.8	歆浪𮎦渚𪿒情	U+6B46 U+6D6A U+2E3A6 U+6E1A U+2AFD2 U+60C5	6	Hâm rằng: Anh chớ ngại tình	6	1	歆浪𮎦渚𪿒情	1
LucVanTien1916	nlvnpf-0059 (in mộc bản 1916)	nlvnpf-0059-046	data/LucVanTien1916/pages/images/nlvnpf-0059-046.jpg	17	8	2	data/LucVanTien1916/patches/nlvnpf-0059-046.jpg_8_2.jpg	data/LucVanTien1916/patches_preprocessed/val/nlvnpf-0059-046.jpg_8_2.jpg	val	126.9,163.1,38.1,519.8	碎嗔迻細東城辰傕	U+788E U+55D4 U+8FFB U+7D30 U+6771 U+57CE U+8FB0 U+5095	8	Tôi xin đưa tới Ðông thành thì thôi	8	1	碎嗔迻細東城辰傕	1
LucVanTien1916	nlvnpf-0059 (in mộc bản 1916)	nlvnpf-0059-046	data/LucVanTien1916/pages/images/nlvnpf-0059-046.jpg	18	9	1	data/LucVanTien1916/patches/nlvnpf-0059-046.jpg_9_1.jpg	data/LucVanTien1916/patches_preprocessed/train/nlvnpf-0059-046.jpg_9_1.jpg	train	92.3,164.3,32.9,519.3	云仙之掣󰒜洡	U+4E91 U+4ED9 U+4E4B U+63A3 U+F049C U+6D21	6	Vân Tiên chi xiết lệ rơi	6	1	云仙之掣󰒜洡	1
LucVanTien1916	nlvnpf-0059 (in mộc bản 1916)	nlvnpf-0059-046	data/LucVanTien1916/pages/images/nlvnpf-0059-046.jpg	19	9	2	data/LucVanTien1916/patches/nlvnpf-0059-046.jpg_9_2.jpg	data/LucVanTien1916/patches_preprocessed/val/nlvnpf-0059-046.jpg_9_2.jpg	val	92.3,164.3,32.9,519.3	󱏹它蹺𩙌𧼋吹𠬠皮	U+F13F9 U+5B83 U+8E7A U+2964C U+27F0B U+5439 U+20B20 U+76AE	8	Buồm đà theo gió chạy xuôi một bề	8	1	󱏹它蹺𩙌𧼋吹𠬠皮	1
LucVanTien1916	nlvnpf-0059 (in mộc bản 1916)	nlvnpf-0059-047	data/LucVanTien1916/pages/images/nlvnpf-0059-047.jpg	0	0	1	data/LucVanTien1916/patches/nlvnpf-0059-047.jpg_0_1.jpg	data/LucVanTien1916/patches_preprocessed/train/nlvnpf-0059-047.jpg_0_1.jpg	train	360.8,161.9,35.2,511.3	小童被𫃫坤𧗱	U+5C0F U+7AE5 U+88AB U+2B0EB U+5764 U+275F1	6	Tiểu đồng bị trói khôn về	6	1	小童被𫃫坤𧗱	1
LucVanTien1916	nlvnpf-0059 (in mộc bản 1916)	nlvnpf-0059-047	data/LucVanTien1916/pages/images/nlvnpf-0059-047.jpg	1	0	2	data/LucVanTien1916/patches/nlvnpf-0059-047.jpg_0_2.jpg	data/LucVanTien1916/patches_preprocessed/val/nlvnpf-0059-047.jpg_0_2.jpg	val	360.8,161.9,35.2,511.3	哭󰑼仍𧡊𦊚皮棱荒	U+54ED U+F047C U+4ECD U+2784A U+2629A U+76AE U+68F1 U+8352	8	Khóc la những thấu bốn bề rừng hoang	8	1	哭󰑼仍𧡊𦊚皮棱荒	1
LucVanTien1916	nlvnpf-0059 (in mộc bản 1916)	nlvnpf-0059-047	data/LucVanTien1916/pages/images/nlvnpf-0059-047.jpg	2	1	1	data/LucVanTien1916/patches/nlvnpf-0059-047.jpg_1_1.jpg	data/LucVanTien1916/patches_preprocessed/train/nlvnpf-0059-047.jpg_1_1.jpg	train	322.9,159.4,37.3,516.8	分𠇮群𠅍庒嘆	U+5206 U+201EE U+7FA4 U+2014D U+5E92 U+5606	6	Phần mình còn mất chẳng than	6	1	分𠇮群𠅍庒嘆	1
LucVanTien1916	nlvnpf-0059 (in mộc bản 1916)	nlvnpf-0059-047	data/LucVanTien1916/pages/images/nlvnpf-0059-047.jpg	3	1	2	data/LucVanTien1916/patches/nlvnpf-0059-047.jpg_1_2.jpg	data/LucVanTien1916/patches_preprocessed/train/nlvnpf-0059-047.jpg_1_2.jpg	train	322.9,159.4,37.3,516.8	傷台户六𣷮鐄巴爲	U+50B7 U+53F0 U+6237 U+516D U+23DEE U+9404 U+5DF4 U+7232	8	Thương thay họ Lục suối vàng bơ vơ	8	1	傷台户六𣷮鐄巴爲	1
LucVanTien1916	nlvnpf-0059 (in mộc bản 1916)	nlvnpf-0059-047	data/LucVanTien1916/pages/images/nlvnpf-0059-047.jpg	4	2	1	data/LucVanTien1916/patches/nlvnpf-0059-047.jpg_2_1.jpg	data/LucVanTien1916/patches_preprocessed/train/nlvnpf-0059-047.jpg_2_1.jpg	train	284.5,160.1,37.9,516.2	掣包仍浽逸除	U+63A3 U+5305 U+4ECD U+6D7D U+9038 U+9664	6	Xiết bao nhưng nỗi dật dờ	6	1	掣包仍浽逸除	1
LucVanTien1916	nlvnpf-0059 (in mộc bản 1916)	nlvnpf-0059-047	data/LucVanTien1916/pages/images/nlvnpf-0059-047.jpg	5	2	2	data/LucVanTien1916/patches/nlvnpf-0059-047.jpg_2_2.jpg	data/LucVanTien1916/patches_preprocessed/train/nlvnpf-0059-047.jpg_2_2.jpg	train	284.5,160.1,37.9,516.2	波滝芇別培坡芇咍	U+6CE2 U+6EDD U+8287 U+5225 U+57F9 U+5761 U+8287 U+548D	8	Ba sông nào biết, bụi bờ nào hay	8	1	波滝芇別培坡芇咍	1
LucVanTien1916	nlvnpf-0059 (in mộc bản 1916)	nlvnpf-0059-047	data/LucVanTien1916/pages/images/nlvnpf-0059-047.jpg	6	3	1	data/LucVanTien1916/patches/nlvnpf-0059-047.jpg_3_1.jpg	data/LucVanTien1916/patches_preprocessed/train/nlvnpf-0059-047.jpg_3_1.jpg	train	247.4,161.3,37.6,516.2	云仙魂固灵𤍌	U+4E91 U+4ED9 U+9B42 U+56FA U+7075 U+2434C	6	Vân Tiên hồn có linh thiêng	6	1	云仙魂固灵𤍌	1
LucVanTien1916	nlvnpf-0059 (in mộc bản 1916)	nlvnpf-0059-047	data/LucVanTien1916/pages/images/nlvnpf-0059-047.jpg	7	3	2	data/LucVanTien1916/patches/nlvnpf-0059-047.jpg_3_2.jpg	data/LucVanTien1916/patches_preprocessed/val/nlvnpf-0059-047.jpg_3_2.jpg	val	247.4,161.3,37.6,516.2	󰝡碎蹺貝拖𢬣蹎󰠃	U+F0761 U+788E U+8E7A U+8C9D U+62D6 U+22B23 U+8E4E U+F0803	8	Ðem tôi theo với đỡ tay chân cùng	8	1	󰝡碎蹺貝拖𢬣蹎󰠃	1
LucVanTien1916	nlvnpf-0059 (in mộc bản 1916)	nlvnpf-0059-047	data/LucVanTien1916/pages/images/nlvnpf-0059-047.jpg	8	4	1	data/LucVanTien1916/patches/nlvnpf-0059-047.jpg_4_1.jpg	data/LucVanTien1916/patches_preprocessed/train/nlvnpf-0059-047.jpg_4_1.jpg	train	209.0,157.0,39.6,522.9	嘵耒淚𡮈𣳔匕	U+5635 U+8012 U+6DDA U+21B88 U+23CD4 U+5315	6	Hiêu rồi lụy nhỏ ròng ròng	6	1	嘵耒淚𡮈𣳔匕	1
LucVanTien1916	nlvnpf-0059 (in mộc bản 1916)	nlvnpf-0059-047	data/LucVanTien1916/pages/images/nlvnpf-0059-047.jpg	9	4	2	data/LucVanTien1916/patches/nlvnpf-0059-047.jpg_4_2.jpg	data/LucVanTien1916/patches_preprocessed/train/nlvnpf-0059-047.jpg_4_2.jpg	train	209.0,157.0,39.6,522.9	店𣅘𡎢預桧松𥄭涓	U+5E97 U+23158 U+213A2 U+9810 U+6867 U+677E U+2512D U+6D93	8	Ðêm khuya ngồi dựa cội tùng ngủ quên	8	1	店𣅘𡎢預桧松𥄭涓	1
LucVanTien1916	nlvnpf-0059 (in mộc bản 1916)	nlvnpf-0059-047	data/LucVanTien1916/pages/images/nlvnpf-0059-047.jpg	10	5	1	data/LucVanTien1916/patches/nlvnpf-0059-047.jpg_5_1.jpg	data/LucVanTien1916/patches_preprocessed/train/nlvnpf-0059-047.jpg_5_1.jpg	train	168.0,157.0,39.9,524.1	山君踦吏𠬠边	U+5C71 U+541B U+8E26 U+540F U+20B20 U+8FB9	6	Sơn quân ghé lại một bên	6	1	山君踦吏𠬠边	1
LucVanTien1916	nlvnpf-0059 (in mộc bản 1916)	nlvnpf-0059-047	data/LucVanTien1916/pages/images/nlvnpf-0059-047.jpg	11	5	2	data/LucVanTien1916/patches/nlvnpf-0059-047.jpg_5_2.jpg	data/LucVanTien1916/patches_preprocessed/train/nlvnpf-0059-047.jpg_5_2.jpg	train	168.0,157.0,39.9,524.1	哏󰲳󰘉𫃫卞迻𦋦塘	U+54CF U+F0CB3 U+F0609 U+2B0EB U+535E U+8FFB U+262E6 U+5858	8	Cắn dây mở trói bèn đưa ra đường	8	1	哏󰲳󰘉𫃫卞迻𦋦塘	1
LucVanTien1916	nlvnpf-0059 (in mộc bản 1916)	nlvnpf-0059-047	data/LucVanTien1916/pages/images/nlvnpf-0059-047.jpg	12	6	1	data/LucVanTien1916/patches/nlvnpf-0059-047.jpg_6_1.jpg	data/LucVanTien1916/patches_preprocessed/train/nlvnpf-0059-047.jpg_6_1.jpg	train	132.5,156.4,37.2,525.4	小童式曳𢠩芒	U+5C0F U+7AE5 U+5F0F U+66F3 U+22829 U+8292	6	Tiểu đồng thức dậy mơ màng	6	1	小童式曳𢠩芒	1
LucVanTien1916	nlvnpf-0059 (in mộc bản 1916)	nlvnpf-0059-047	data/LucVanTien1916/pages/images/nlvnpf-0059-047.jpg	13	6	2	data/LucVanTien1916/patches/nlvnpf-0059-047.jpg_6_2.jpg	data/LucVanTien1916/patches_preprocessed/train/nlvnpf-0059-047.jpg_6_2.jpg	train	132.5,156.4,37.2,525.4	䀡戈𧡊坦𠓑𤉜買咍	U+4021 U+6208 U+2784A U+5766 U+204D1 U+2425C U+8CB7 U+548D	8	Xem qua thấy đất rõ ràng mới hay	8	1	䀡戈𧡊坦𠓑𤉜買咍	1
LucVanTien1916	nlvnpf-0059 (in mộc bản 1916)	nlvnpf-0059-047	data/LucVanTien1916/pages/images/nlvnpf-0059-047.jpg	14	7	1	data/LucVanTien1916/patches/nlvnpf-0059-047.jpg_7_1.jpg	data/LucVanTien1916/patches_preprocessed/train/nlvnpf-0059-047.jpg_7_1.jpg	train	94.5,156.4,38.2,526.0	姅𢜠姅吏𢜝台	U+59C5 U+22720 U+59C5 U+540F U+2271D U+53F0	6	Nửa mừng nửa lại sợ thay	6	1	姅𢜠姅吏𢜝台	1
LucVanTien1916	nlvnpf-0059 (in mộc bản 1916)	nlvnpf-0059-047	data/LucVanTien1916/pages/images/nlvnpf-0059-047.jpg	15	7	2	data/LucVanTien1916/patches/nlvnpf-0059-047.jpg_7_2.jpg	data/LucVanTien1916/patches_preprocessed/val/nlvnpf-0059-047.jpg_7_2.jpg	val	94.5,156.4,38.2,526.0	徒𦋦准𫇰尋柴云仙	U+5F92 U+262E6 U+51C6 U+2B1F0 U+5C0B U+67F4 U+4E91 U+4ED9	8	Dò ra chốn cũ tìm thầy Vân Tiên	8	1	徒𦋦准𫇰尋柴云仙	1
LucVanTien1916	nlvnpf-0059 (in mộc bản 1916)	nlvnpf-0059-047	data/LucVanTien1916/pages/images/nlvnpf-0059-047.jpg	16	8	1	data/LucVanTien1916/patches/nlvnpf-0059-047.jpg_8_1.jpg	data/LucVanTien1916/patches_preprocessed/train/nlvnpf-0059-047.jpg_8_1.jpg	train	56.7,155.8,40.0,525.4	𩈘𡗶𣃣絡𣛠軒	U+29218 U+215F6 U+230E3 U+7D61 U+236E0 U+8ED2	6	Mặt trời vừa lạc mái hiên	6	1	𩈘𡗶𣃣絡𣛠軒	1
LucVanTien1916	nlvnpf-0059 (in mộc bản 1916)	nlvnpf-0059-047	data/LucVanTien1916/pages/images/nlvnpf-0059-047.jpg	17	8	2	data/LucVanTien1916/patches/nlvnpf-0059-047.jpg_8_2.jpg	data/LucVanTien1916/patches_preprocessed/train/nlvnpf-0059-047.jpg_8_2.jpg	train	56.7,155.8,40.0,525.4	𠊚奔几半𢄂畨闰闲	U+2029A U+5954 U+51E0 U+534A U+22102 U+7568 U+95F0 U+95F2	8	Người buôn kẻ bán chợ phiên nhộn nhàng	8	1	𠊚奔几半𢄂畨闰闲	1
LucVanTien1916	nlvnpf-0059 (in mộc bản 1916)	nlvnpf-0059-047	data/LucVanTien1916/pages/images/nlvnpf-0059-047.jpg	18	9	1	data/LucVanTien1916/patches/nlvnpf-0059-047.jpg_9_1.jpg	data/LucVanTien1916/patches_preprocessed/train/nlvnpf-0059-047.jpg_9_1.jpg	train	22.8,155.8,33.4,526.0	童浪妑舘𡧲塘	U+7AE5 U+6D6A U+5991 U+8218 U+219F2 U+5858	6	Đồng rằng: Bà quán giữa đường	6	1	童浪妑舘𡧲塘	1
LucVanTien1916	nlvnpf-0059 (in mộc bản 1916)	nlvnpf-0059-047	data/LucVanTien1916/pages/images/nlvnpf-0059-047.jpg	19	9	2	data/LucVanTien1916/patches/nlvnpf-0059-047.jpg_9_2.jpg	data/LucVanTien1916/patches_preprocessed/val/nlvnpf-0059-047.jpg_9_2.jpg	val	22.8,155.8,33.4,526.0	󰉺戈固𧡊𠊚䘮庒󰑼	U+F027A U+6208 U+56FA U+2784A U+2029A U+462E U+5E92 U+F047C	8	Sớm qua có thấy người tang chăng là?	8	1	󰉺戈固𧡊𠊚䘮庒󰑼	1
LucVanTien1916	nlvnpf-0059 (in mộc bản 1916)	nlvnpf-0059-048	data/LucVanTien1916/pages/images/nlvnpf-0059-048.jpg	0	0	1	data/LucVanTien1916/patches/nlvnpf-0059-048.jpg_0_1.jpg	data/LucVanTien1916/patches_preprocessed/train/nlvnpf-0059-048.jpg_0_1.jpg	train	430.4,153.9,34.1,528.5	舘浪傕㐌𠚢魔	U+8218 U+6D6A U+5095 U+340C U+206A2 U+9B54	6	Quán rằng: Thôi đã ra ma	6	1	舘浪傕㐌𠚢魔	1
LucVanTien1916	nlvnpf-0059 (in mộc bản 1916)	nlvnpf-0059-048	data/LucVanTien1916/pages/images/nlvnpf-0059-048.jpg	1	0	2	data/LucVanTien1916/patches/nlvnpf-0059-048.jpg_0_2.jpg	data/LucVanTien1916/patches_preprocessed/train/nlvnpf-0059-048.jpg_0_2.jpg	train	430.4,153.9,34.1,528.5	欺埋廊𡌽踣它墫𠫾	U+6B3A U+57CB U+5ECA U+2133D U+8E23 U+5B83 U+58AB U+20AFE	8	Khi may làng xóm vội đà chôn đi	8	1	欺埋廊𡌽踣它墫𠫾	1
LucVanTien1916	nlvnpf-0059 (in mộc bản 1916)	nlvnpf-0059-048	data/LucVanTien1916/pages/images/nlvnpf-0059-048.jpg	2	1	1	data/LucVanTien1916/patches/nlvnpf-0059-048.jpg_1_1.jpg	data/LucVanTien1916/patches_preprocessed/train/nlvnpf-0059-048.jpg_1_1.jpg	train	393.9,154.5,35.5,528.5	童浪別注芇𦋦	U+7AE5 U+6D6A U+5225 U+6CE8 U+8287 U+262E6	6	Đồng rằng biết chốn nào ra	6	1	童浪別注芇𦋦	1
LucVanTien1916	nlvnpf-0059 (in mộc bản 1916)	nlvnpf-0059-048	data/LucVanTien1916/pages/images/nlvnpf-0059-048.jpg	3	1	2	data/LucVanTien1916/patches/nlvnpf-0059-048.jpg_1_2.jpg	data/LucVanTien1916/patches_preprocessed/val/nlvnpf-0059-048.jpg_1_2.jpg	val	393.9,154.5,35.5,528.5	舘浪𠫾塊鄕村𧡊𠳒	U+8218 U+6D6A U+20AFE U+584A U+9115 U+6751 U+2784A U+20CD2	8	Quán rằng đi khỏi hương thôn thấy lời	8	1	舘浪𠫾塊鄕村𧡊𠳒	1
LucVanTien1916	nlvnpf-0059 (in mộc bản 1916)	nlvnpf-0059-048	data/LucVanTien1916/pages/images/nlvnpf-0059-048.jpg	4	2	1	data/LucVanTien1916/patches/nlvnpf-0059-048.jpg_2_1.jpg	data/LucVanTien1916/patches_preprocessed/train/nlvnpf-0059-048.jpg_2_1.jpg	train	356.1,157.4,38.1,526.1	𢬣捞渃𬑉𬂙澄	U+22B23 U+635E U+6E03 U+2C449 U+2C099 U+6F84	6	Tay lau nước mắt trông chừng	6	1	𢬣捞渃𬑉𬂙澄	1
LucVanTien1916	nlvnpf-0059 (in mộc bản 1916)	nlvnpf-0059-048	data/LucVanTien1916/pages/images/nlvnpf-0059-048.jpg	5	2	2	data/LucVanTien1916/patches/nlvnpf-0059-048.jpg_2_2.jpg	data/LucVanTien1916/patches_preprocessed/train/nlvnpf-0059-048.jpg_2_2.jpg	train	356.1,157.4,38.1,526.1	𠫾𦖑㗂呐頭棱劳嗃	U+20AFE U+26591 U+35C2 U+5450 U+982D U+68F1 U+52B3 U+55C3	8	Đi nghe tiếng nói đầu rừng lao xao	8	1	𠫾𦖑㗂呐頭棱劳嗃	1
LucVanTien1916	nlvnpf-0059 (in mộc bản 1916)	nlvnpf-0059-048	data/LucVanTien1916/pages/images/nlvnpf-0059-048.jpg	6	3	1	data/LucVanTien1916/patches/nlvnpf-0059-048.jpg_3_1.jpg	data/LucVanTien1916/patches_preprocessed/train/nlvnpf-0059-048.jpg_3_1.jpg	train	319.0,159.4,37.5,524.8	小童倍𡲤钱𠓨	U+5C0F U+7AE5 U+500D U+21CA4 U+94B1 U+204E8	6	Tiểu đồng vội vã tiến vào	6	1	小童倍𡲤钱𠓨	1
LucVanTien1916	nlvnpf-0059 (in mộc bản 1916)	nlvnpf-0059-048	data/LucVanTien1916/pages/images/nlvnpf-0059-048.jpg	7	3	2	data/LucVanTien1916/patches/nlvnpf-0059-048.jpg_3_2.jpg	data/LucVanTien1916/patches_preprocessed/train/nlvnpf-0059-048.jpg_3_2.jpg	train	319.0,159.4,37.5,524.8	麻民調哙󰲴芇細低	U+9EBB U+6C11 U+8ABF U+54D9 U+F0CB4 U+8287 U+7D30 U+4F4E	8	Mà dân đều hỏi: Thằng nào tới đâỷ	8	1	麻民調哙󰲴芇細低	1
LucVanTien1916	nlvnpf-0059 (in mộc bản 1916)	nlvnpf-0059-048	data/LucVanTien1916/pages/images/nlvnpf-0059-048.jpg	8	4	1	data/LucVanTien1916/patches/nlvnpf-0059-048.jpg_4_1.jpg	data/LucVanTien1916/patches_preprocessed/train/nlvnpf-0059-048.jpg_4_1.jpg	train	279.6,160.1,39.0,524.2	童浪碎細尋柴	U+7AE5 U+6D6A U+788E U+7D30 U+5C0B U+67F4	6	Ðồng rằng tôi tới tìm thầy	6	1	童浪碎細尋柴	1
LucVanTien1916	nlvnpf-0059 (in mộc bản 1916)	nlvnpf-0059-048	data/LucVanTien1916/pages/images/nlvnpf-0059-048.jpg	9	4	2	data/LucVanTien1916/patches/nlvnpf-0059-048.jpg_4_2.jpg	data/LucVanTien1916/patches_preprocessed/val/nlvnpf-0059-048.jpg_4_2.jpg	val	279.6,160.1,39.0,524.2	庒咍𠊚󰡎馬尼󰑼埃	U+5E92 U+548D U+2029A U+F084E U+99AC U+5C3C U+F047C U+57C3	8	Chẳng hay người dưới mả này là aỉ	8	1	庒咍𠊚󰡎馬尼󰑼埃	1
LucVanTien1916	nlvnpf-0059 (in mộc bản 1916)	nlvnpf-0059-048	data/LucVanTien1916/pages/images/nlvnpf-0059-048.jpg	10	5	1	data/LucVanTien1916/patches/nlvnpf-0059-048.jpg_5_1.jpg	data/LucVanTien1916/patches_preprocessed/train/nlvnpf-0059-048.jpg_5_1.jpg	train	239.9,160.4,36.0,523.8	民浪𧡊几昆𤳆	U+6C11 U+6D6A U+2784A U+51E0 U+6606 U+24CC6	6	Dân rằng: Thấy kẻ con trai	6	1	民浪𧡊几昆𤳆	1
LucVanTien1916	nlvnpf-0059 (in mộc bản 1916)	nlvnpf-0059-048	data/LucVanTien1916/pages/images/nlvnpf-0059-048.jpg	11	5	2	data/LucVanTien1916/patches/nlvnpf-0059-048.jpg_5_2.jpg	data/LucVanTien1916/patches_preprocessed/val/nlvnpf-0059-048.jpg_5_2.jpg	val	239.9,160.4,36.0,523.8	扵兠庒別洛淶細低	U+6275 U+5160 U+5E92 U+5225 U+6D1B U+6DF6 U+7D30 U+4F4E	8	Ở đâu chẳng biết, lạc rời tới đây	8	1	扵兠庒別洛淶細低	1
LucVanTien1916	nlvnpf-0059 (in mộc bản 1916)	nlvnpf-0059-048	data/LucVanTien1916/pages/images/nlvnpf-0059-048.jpg	12	6	1	data/LucVanTien1916/patches/nlvnpf-0059-048.jpg_6_1.jpg	data/LucVanTien1916/patches_preprocessed/train/nlvnpf-0059-048.jpg_6_1.jpg	train	201.3,159.5,37.9,525.9	𢬣蹎𩈘𪖫卒咍	U+22B23 U+8E4E U+29218 U+2A5AB U+5352 U+548D	6	Tay chân, mặt mũi tốt thay	6	1	𢬣蹎𩈘𪖫卒咍	1
LucVanTien1916	nlvnpf-0059 (in mộc bản 1916)	nlvnpf-0059-048	data/LucVanTien1916/pages/images/nlvnpf-0059-048.jpg	13	6	2	data/LucVanTien1916/patches/nlvnpf-0059-048.jpg_6_2.jpg	data/LucVanTien1916/patches_preprocessed/val/nlvnpf-0059-048.jpg_6_2.jpg	val	201.3,159.5,37.9,525.9	𤴬之𢧚浽渃尼呵傷	U+24D2C U+4E4B U+229DA U+6D7D U+6E03 U+5C3C U+5475 U+50B7	8	Ðau chi nên nỗi nước này khá thương.	8	1	𤴬之𢧚浽渃尼呵傷	1
LucVanTien1916	nlvnpf-0059 (in mộc bản 1916)	nlvnpf-0059-048	data/LucVanTien1916/pages/images/nlvnpf-0059-048.jpg	14	7	1	data/LucVanTien1916/patches/nlvnpf-0059-048.jpg_7_1.jpg	data/LucVanTien1916/patches_preprocessed/train/nlvnpf-0059-048.jpg_7_1.jpg	train	163.4,159.4,37.2,526.6	小童庒及哙㗍	U+5C0F U+7AE5 U+5E92 U+53CA U+54D9 U+35CD	6	Tiểu đồng chẳng kịp hỏi han	6	1	小童庒及哙㗍	1
LucVanTien1916	nlvnpf-0059 (in mộc bản 1916)	nlvnpf-0059-048	data/LucVanTien1916/pages/images/nlvnpf-0059-048.jpg	15	7	2	data/LucVanTien1916/patches/nlvnpf-0059-048.jpg_7_2.jpg	data/LucVanTien1916/patches_preprocessed/train/nlvnpf-0059-048.jpg_7_2.jpg	train	163.4,159.4,37.2,526.6	𦣰陵边馬哭嘆徘徊	U+268F0 U+9675 U+8FB9 U+99AC U+54ED U+5606 U+5F98 U+5F8A	8	Nằm lăn bên mả khóc than bồi hồi	8	1	𦣰陵边馬哭嘆徘徊	1
LucVanTien1916	nlvnpf-0059 (in mộc bản 1916)	nlvnpf-0059-048	data/LucVanTien1916/pages/images/nlvnpf-0059-048.jpg	16	8	1	data/LucVanTien1916/patches/nlvnpf-0059-048.jpg_8_1.jpg	data/LucVanTien1916/patches_preprocessed/train/nlvnpf-0059-048.jpg_8_1.jpg	train	127.1,159.4,38.7,529.3	眾民䀡𧡊傷喂	U+773E U+6C11 U+4021 U+2784A U+50B7 U+5582	6	Chúng dân xem thấy thương ôi	6	1		
LucVanTien1916	nlvnpf-0059 (in mộc bản 1916)	nlvnpf-0059-048	data/LucVanTien1916/pages/images/nlvnpf-0059-048.jpg	17	8	2	data/LucVanTien1916/patches/nlvnpf-0059-048.jpg_8_2.jpg	data/LucVanTien1916/patches_preprocessed/val/nlvnpf-0059-048.jpg_8_2.jpg	val	127.1,159.4,38.7,529.3	呌饒博󱃨調𨆢𧗱茄	U+544C U+9952 U+535A U+F10E8 U+8ABF U+281A2 U+275F1 U+8304	8	Kêu nhau vác cuốc đều lui về nhà	8	1	呌饒博󱃨調𨆢𧗱茄	1
LucVanTien1916	nlvnpf-0059 (in mộc bản 1916)	nlvnpf-0059-048	data/LucVanTien1916/pages/images/nlvnpf-0059-048.jpg	18	9	1	data/LucVanTien1916/patches/nlvnpf-0059-048.jpg_9_1.jpg	data/LucVanTien1916/patches_preprocessed/train/nlvnpf-0059-048.jpg_9_1.jpg	train	87.6,158.8,38.4,527.7	小童䀡𧡊㤕車	U+5C0F U+7AE5 U+4021 U+2784A U+3915 U+8ECA	6	Tiểu đồng xem thấy xót xa	6	1	小童䀡𧡊㤕車	1
LucVanTien1916	nlvnpf-0059 (in mộc bản 1916)	nlvnpf-0059-048	data/LucVanTien1916/pages/images/nlvnpf-0059-048.jpg	19	9	2	data/LucVanTien1916/patches/nlvnpf-0059-048.jpg_9_2.jpg	data/LucVanTien1916/patches_preprocessed/train/nlvnpf-0059-048.jpg_9_2.jpg	train	87.6,158.8,38.4,527.7	𩂏僚𡨺馬𢚸些論󰒂	U+2908F U+50DA U+21A3A U+99AC U+226B8 U+4E9B U+8AD6 U+F0482	8	Che lều giữ mả lòng ta chọn nghì	8	1	𩂏僚𡨺馬𢚸些論󰒂	1
LucVanTien1916	nlvnpf-0059 (in mộc bản 1916)	nlvnpf-0059-049	data/LucVanTien1916/pages/images/nlvnpf-0059-049.jpg	0	0	1	data/LucVanTien1916/patches/nlvnpf-0059-049.jpg_0_1.jpg	data/LucVanTien1916/patches_preprocessed/train/nlvnpf-0059-049.jpg_0_1.jpg	train	364.3,144.2,33.5,531.6	𠬠𠇮扵坦大提	U+20B20 U+201EE U+6275 U+5766 U+5927 U+63D0	6	Một mình ở đất Ðại Ðề	6	1	𠬠𠇮扵坦大提	1
LucVanTien1916	nlvnpf-0059 (in mộc bản 1916)	nlvnpf-0059-049	data/LucVanTien1916/pages/images/nlvnpf-0059-049.jpg	1	0	2	data/LucVanTien1916/patches/nlvnpf-0059-049.jpg_0_2.jpg	data/LucVanTien1916/patches_preprocessed/train/nlvnpf-0059-049.jpg_0_2.jpg	train	364.3,144.2,33.5,531.6	󰉹𠫾勸教最𧗱掛󰝂	U+F0279 U+20AFE U+52F8 U+6559 U+6700 U+275F1 U+639B U+F0742	8	Sớm đi khuyên giáo, tối về quảy đem	8	1	󰉹𠫾勸教最𧗱掛󰝂	1
LucVanTien1916	nlvnpf-0059 (in mộc bản 1916)	nlvnpf-0059-049	data/LucVanTien1916/pages/images/nlvnpf-0059-049.jpg	2	1	1	data/LucVanTien1916/patches/nlvnpf-0059-049.jpg_1_1.jpg	data/LucVanTien1916/patches_preprocessed/train/nlvnpf-0059-049.jpg_1_1.jpg	train	324.3,144.2,40.7,535.8	歇𢚸者𦬑襖𩚵	U+6B47 U+226B8 U+8005 U+26B11 U+8956 U+296B5	6	Hết lòng trả nợ áo cơm	6	1	歇𢚸者𦬑襖𩚵	1
LucVanTien1916	nlvnpf-0059 (in mộc bản 1916)	nlvnpf-0059-049	data/LucVanTien1916/pages/images/nlvnpf-0059-049.jpg	3	1	2	data/LucVanTien1916/patches/nlvnpf-0059-049.jpg_1_2.jpg	data/LucVanTien1916/patches_preprocessed/train/nlvnpf-0059-049.jpg_1_2.jpg	train	324.3,144.2,40.7,535.8	𤯩卢报補群𦹳名	U+24BE9 U+5362 U+62A5 U+88DC U+7FA4 U+26E73 U+540D	7	Sống lo báo bổ thác còn thơm danh	8	0	𤯩卢报補托群𦹳名	0
LucVanTien1916	nlvnpf-0059 (in mộc bản 1916)	nlvnpf-0059-049	data/LucVanTien1916/pages/images/nlvnpf-0059-049.jpg	4	2	1	data/LucVanTien1916/patches/nlvnpf-0059-049.jpg_2_1.jpg	data/LucVanTien1916/patches_preprocessed/train/nlvnpf-0059-049.jpg_2_1.jpg	train	287.2,146.0,37.3,533.9	次尼細𠬠云仙	U+6B21 U+5C3C U+7D30 U+20B20 U+4E91 U+4ED9	6	Thứ này tới một Vân Tiên	6	1	次尼細𠬠云仙	1
LucVanTien1916	nlvnpf-0059 (in mộc bản 1916)	nlvnpf-0059-049	data/LucVanTien1916/pages/images/nlvnpf-0059-049.jpg	5	2	2	data/LucVanTien1916/patches/nlvnpf-0059-049.jpg_2_2.jpg	data/LucVanTien1916/patches_preprocessed/train/nlvnpf-0059-049.jpg_2_2.jpg	train	287.2,146.0,37.3,533.9	𠄼更𡎢預幔船咀嘆	U+2013C U+66F4 U+213A2 U+9810 U+5E54 U+8239 U+5480 U+5606	8	Năm canh ngồi dựa mạn thuyền thở than	8	1	𠄼更𡎢預幔船咀嘆	1
LucVanTien1916	nlvnpf-0059 (in mộc bản 1916)	nlvnpf-0059-049	data/LucVanTien1916/pages/images/nlvnpf-0059-049.jpg	6	3	1	data/LucVanTien1916/patches/nlvnpf-0059-049.jpg_3_1.jpg	data/LucVanTien1916/patches_preprocessed/train/nlvnpf-0059-049.jpg_3_1.jpg	train	249.6,146.6,38.2,527.4	巾𣓿汔淚渚滇	U+5DFE U+234FF U+6C54 U+6DDA U+6E1A U+6EC7	6	Khăn lau ngật lệ chứa chan	6	1	巾𣓿汔淚渚滇	1
LucVanTien1916	nlvnpf-0059 (in mộc bản 1916)	nlvnpf-0059-049	data/LucVanTien1916/pages/images/nlvnpf-0059-049.jpg	7	3	2	data/LucVanTien1916/patches/nlvnpf-0059-049.jpg_3_2.jpg	data/LucVanTien1916/patches_preprocessed/val/nlvnpf-0059-049.jpg_3_2.jpg	val	249.6,146.6,38.2,527.4	𢪀傷分伵莫𮥷欺空	U+22A80 U+50B7 U+5206 U+4F35 U+83AB U+2E977 U+6B3A U+7A7A	8	Nghĩ thương phận tớ mắc nàn khi không	8	1	𢪀傷分伵莫𮥷欺空	1
LucVanTien1916	nlvnpf-0059 (in mộc bản 1916)	nlvnpf-0059-049	data/LucVanTien1916/pages/images/nlvnpf-0059-049.jpg	8	4	1	data/LucVanTien1916/patches/nlvnpf-0059-049.jpg_4_1.jpg	data/LucVanTien1916/patches_preprocessed/train/nlvnpf-0059-049.jpg_4_1.jpg	train	209.0,144.6,39.1,529.8	冷丁船𡨌渡東	U+51B7 U+4E01 U+8239 U+21A0C U+6E21 U+6771	6	Lênh đênh thuyền giữa đò Ðông	6	1	冷丁船𡨌渡東	1
LucVanTien1916	nlvnpf-0059 (in mộc bản 1916)	nlvnpf-0059-049	data/LucVanTien1916/pages/images/nlvnpf-0059-049.jpg	9	4	2	data/LucVanTien1916/patches/nlvnpf-0059-049.jpg_4_2.jpg			209.0,144.6,39.1,529.8	感傷𠄩𡦂[辜]蓬菫𠽐	U+611F U+50B7 U+20129 U+21982 U+005B U+8F9C U+005D U+84EC U+83EB U+20F50	10	Cảm thương hai chữ [cô] bồng ngẩn ngơ	8	0	感傷𠄩𡦂喿蓬菫𠽐	0
LucVanTien1916	nlvnpf-0059 (in mộc bản 1916)	nlvnpf-0059-049	data/LucVanTien1916/pages/images/nlvnpf-0059-049.jpg	10	5	1	data/LucVanTien1916/patches/nlvnpf-0059-049.jpg_5_1.jpg	data/LucVanTien1916/patches_preprocessed/train/nlvnpf-0059-049.jpg_5_1.jpg	train	170.5,146.8,36.7,530.7	店𣅘吝理如詞	U+5E97 U+23158 U+541D U+7406 U+5982 U+8A5E	6	Ðêm khuya lặng lẽ như tờ	6	1	店𣅘吝理如詞	1
LucVanTien1916	nlvnpf-0059 (in mộc bản 1916)	nlvnpf-0059-049	data/LucVanTien1916/pages/images/nlvnpf-0059-049.jpg	11	5	2	data/LucVanTien1916/patches/nlvnpf-0059-049.jpg_5_2.jpg	data/LucVanTien1916/patches_preprocessed/train/nlvnpf-0059-049.jpg_5_2.jpg	train	170.5,146.8,36.7,530.7	𨒖昂星木𤻻𢠩霜𬲊	U+28496 U+6602 U+661F U+6728 U+24EFB U+22829 U+971C U+2CC8A	8	Nghênh ngang tinh mọc, mịt mờ sương bay	8	1	𨒖昂星木𤻻𢠩霜𬲊	1
LucVanTien1916	nlvnpf-0059 (in mộc bản 1916)	nlvnpf-0059-049	data/LucVanTien1916/pages/images/nlvnpf-0059-049.jpg	12	6	1	data/LucVanTien1916/patches/nlvnpf-0059-049.jpg_6_1.jpg	data/LucVanTien1916/patches_preprocessed/train/nlvnpf-0059-049.jpg_6_1.jpg	train	129.3,147.0,39.1,531.7	郑歆欺𧘇𠚢𢬣	U+90D1 U+6B46 U+6B3A U+27607 U+206A2 U+22B23	6	Trịnh Hâm khi ấy ra tay	6	1	郑歆欺𧘇𠚢𢬣	1
LucVanTien1916	nlvnpf-0059 (in mộc bản 1916)	nlvnpf-0059-049	data/LucVanTien1916/pages/images/nlvnpf-0059-049.jpg	13	6	2	data/LucVanTien1916/patches/nlvnpf-0059-049.jpg_6_2.jpg	data/LucVanTien1916/patches_preprocessed/train/nlvnpf-0059-049.jpg_6_2.jpg	train	129.3,147.0,39.1,531.7	云仙被婍堆𬆄𠖈潙	U+4E91 U+4ED9 U+88AB U+5A4D U+5806 U+2C184 U+20588 U+6F59	8	Vân Tiên bị gã đôi ngay xuống vời	8	1	云仙被婍堆𬆄𠖈潙	1
LucVanTien1916	nlvnpf-0059 (in mộc bản 1916)	nlvnpf-0059-049	data/LucVanTien1916/pages/images/nlvnpf-0059-049.jpg	14	7	1	data/LucVanTien1916/patches/nlvnpf-0059-049.jpg_7_1.jpg	data/LucVanTien1916/patches_preprocessed/train/nlvnpf-0059-049.jpg_7_1.jpg	train	92.9,147.2,36.7,532.1	郑歆𠬠㗂呌𡗶	U+90D1 U+6B46 U+20B20 U+35C2 U+544C U+215F6	6	Trịnh Hâm một tiếng kêu trời	6	1	郑歆𠬠㗂呌𡗶	1
LucVanTien1916	nlvnpf-0059 (in mộc bản 1916)	nlvnpf-0059-049	data/LucVanTien1916/pages/images/nlvnpf-0059-049.jpg	15	7	2	data/LucVanTien1916/patches/nlvnpf-0059-049.jpg_7_2.jpg	data/LucVanTien1916/patches_preprocessed/val/nlvnpf-0059-049.jpg_7_2.jpg	val	92.9,147.2,36.7,532.1	朱𠊛式曳𥙩𢈱配波	U+6731 U+2029B U+5F0F U+66F3 U+25669 U+22231 U+914D U+6CE2	8	Cho người thức dậy lấy lời phôi pha	8	1	朱𠊛式曳𥙩𢈱配波	1
LucVanTien1916	nlvnpf-0059 (in mộc bản 1916)	nlvnpf-0059-049	data/LucVanTien1916/pages/images/nlvnpf-0059-049.jpg	16	8	1	data/LucVanTien1916/patches/nlvnpf-0059-049.jpg_8_1.jpg	data/LucVanTien1916/patches_preprocessed/train/nlvnpf-0059-049.jpg_8_1.jpg	train	55.0,149.2,36.7,532.6	冲船埃乃調𦋦	U+51B2 U+8239 U+57C3 U+4E43 U+8ABF U+262E6	6	Trong thuyền ai nấy đều ra	6	1	冲船埃乃調𦋦	1
LucVanTien1916	nlvnpf-0059 (in mộc bản 1916)	nlvnpf-0059-049	data/LucVanTien1916/pages/images/nlvnpf-0059-049.jpg	17	8	2	data/LucVanTien1916/patches/nlvnpf-0059-049.jpg_8_2.jpg	data/LucVanTien1916/patches_preprocessed/val/nlvnpf-0059-049.jpg_8_2.jpg	val	55.0,149.2,36.7,532.6	調傷户六㤕車冲𢚸	U+8ABF U+50B7 U+6237 U+516D U+3915 U+8ECA U+51B2 U+226B8	8	Ðều thương họ Lục, xót xa trong lòng	8	1	調傷户六㤕車冲𢚸	1
LucVanTien1916	nlvnpf-0059 (in mộc bản 1916)	nlvnpf-0059-049	data/LucVanTien1916/pages/images/nlvnpf-0059-049.jpg	18	9	1	data/LucVanTien1916/patches/nlvnpf-0059-049.jpg_9_1.jpg	data/LucVanTien1916/patches_preprocessed/train/nlvnpf-0059-049.jpg_9_1.jpg	train	20.0,152.3,33.7,530.1	云仙𠇮𠖈𡧲𣳔	U+4E91 U+4ED9 U+201EE U+20588 U+219F2 U+23CD4	6	Vân Tiên mình xuống giữa dòng	6	1	云仙𠇮𠖈𡧲𣳔	1
LucVanTien1916	nlvnpf-0059 (in mộc bản 1916)	nlvnpf-0059-049	data/LucVanTien1916/pages/images/nlvnpf-0059-049.jpg	19	9	2	data/LucVanTien1916/patches/nlvnpf-0059-049.jpg_9_2.jpg	data/LucVanTien1916/patches_preprocessed/train/nlvnpf-0059-049.jpg_9_2.jpg	train	20.0,152.3,33.7,530.1	蛟神𢴿𠓨冲滝󰉨拖	U+86DF U+795E U+22D3F U+204E8 U+51B2 U+6EDD U+F0268 U+62D6	8	Giao thần chèo đỡ vào trong luống rày	8	1	蛟神𢴿𠓨冲滝󰉨拖	1
LucVanTien1916	nlvnpf-0059 (in mộc bản 1916)	nlvnpf-0059-050	data/LucVanTien1916/pages/images/nlvnpf-0059-050.jpg	0	0	1	data/LucVanTien1916/patches/nlvnpf-0059-050.jpg_0_1.jpg	data/LucVanTien1916/patches_preprocessed/train/nlvnpf-0059-050.jpg_0_1.jpg	train	432.8,149.1,36.5,531.5	皮埋𡗶㐌𤎜㝵	U+76AE U+57CB U+215F6 U+340C U+2439C U+3775	6	Vừa may trời đã sáng ngày	6	1	皮埋𡗶㐌𤎜㝵	1
LucVanTien1916	nlvnpf-0059 (in mộc bản 1916)	nlvnpf-0059-050	data/LucVanTien1916/pages/images/nlvnpf-0059-050.jpg	1	0	2	data/LucVanTien1916/patches/nlvnpf-0059-050.jpg_0_2.jpg	data/LucVanTien1916/patches_preprocessed/train/nlvnpf-0059-050.jpg_0_2.jpg	train	432.8,149.1,36.5,531.5	翁蕉䀡𧡊𢵼𬆄𨑗坡	U+7FC1 U+8549 U+4021 U+2784A U+22D7C U+2C184 U+28457 U+5761	8	Ông tiêu xem thấy vớt ngay lên bờ	8	1	翁蕉䀡𧡊𢵼𬆄𨑗坡	1
LucVanTien1916	nlvnpf-0059 (in mộc bản 1916)	nlvnpf-0059-050	data/LucVanTien1916/pages/images/nlvnpf-0059-050.jpg	2	1	1	data/LucVanTien1916/patches/nlvnpf-0059-050.jpg_1_1.jpg	data/LucVanTien1916/patches_preprocessed/train/nlvnpf-0059-050.jpg_1_1.jpg	train	392.9,150.8,39.9,530.9	遣昆𡆫焒𠬠徐	U+9063 U+6606 U+211AB U+7112 U+20B20 U+5F90	6	Khiến con vầy lửa một giờ	6	1	遣昆𡆫焒𠬠徐	1
LucVanTien1916	nlvnpf-0059 (in mộc bản 1916)	nlvnpf-0059-050	data/LucVanTien1916/pages/images/nlvnpf-0059-050.jpg	3	1	2	data/LucVanTien1916/patches/nlvnpf-0059-050.jpg_1_2.jpg	data/LucVanTien1916/patches_preprocessed/train/nlvnpf-0059-050.jpg_1_2.jpg	train	392.9,150.8,39.9,530.9	翁爐䏾胣妑𪹣𩈘眉	U+7FC1 U+7210 U+43FE U+80E3 U+5991 U+2AE63 U+29218 U+7709	8	Ông lô bụng dạ, bà hơ mặt mày	8	1	翁爐䏾胣妑𪹣𩈘眉	1
LucVanTien1916	nlvnpf-0059 (in mộc bản 1916)	nlvnpf-0059-050	data/LucVanTien1916/pages/images/nlvnpf-0059-050.jpg	4	2	1	data/LucVanTien1916/patches/nlvnpf-0059-050.jpg_2_1.jpg	data/LucVanTien1916/patches_preprocessed/train/nlvnpf-0059-050.jpg_2_1.jpg	train	355.6,152.2,40.0,530.1	云仙披𤋾蹎𢬣	U+4E91 U+4ED9 U+62AB U+242FE U+8E4E U+22B23	6	Vân Tiên vừa ấm chân tay	6	1	云仙披𤋾蹎𢬣	1
LucVanTien1916	nlvnpf-0059 (in mộc bản 1916)	nlvnpf-0059-050	data/LucVanTien1916/pages/images/nlvnpf-0059-050.jpg	5	2	2	data/LucVanTien1916/patches/nlvnpf-0059-050.jpg_2_2.jpg	data/LucVanTien1916/patches_preprocessed/train/nlvnpf-0059-050.jpg_2_2.jpg	train	355.6,152.2,40.0,530.1	𠻨𠽐𩲉魄如醝買耒	U+20EE8 U+20F50 U+29C89 U+9B44 U+5982 U+919D U+8CB7 U+8012	8	Ngẩn ngơ hồn phách như say mới rồi	8	1	𠻨𠽐𩲉魄如醝買耒	1
LucVanTien1916	nlvnpf-0059 (in mộc bản 1916)	nlvnpf-0059-050	data/LucVanTien1916/pages/images/nlvnpf-0059-050.jpg	6	3	1	data/LucVanTien1916/patches/nlvnpf-0059-050.jpg_3_1.jpg	data/LucVanTien1916/patches_preprocessed/train/nlvnpf-0059-050.jpg_3_1.jpg	train	317.5,153.9,39.1,530.9	語󰑼𠇮沛渃㵢	U+8A9E U+F047C U+201EE U+6C9B U+6E03 U+3D62	6	Ngỡ là mình phải nước trôi	6	1	語󰑼𠇮沛渃㵢	1
LucVanTien1916	nlvnpf-0059 (in mộc bản 1916)	nlvnpf-0059-050	data/LucVanTien1916/pages/images/nlvnpf-0059-050.jpg	7	3	2	data/LucVanTien1916/patches/nlvnpf-0059-050.jpg_3_2.jpg	data/LucVanTien1916/patches_preprocessed/val/nlvnpf-0059-050.jpg_3_2.jpg	val	317.5,153.9,39.1,530.9	咍󰦓群唉邒𡎢陽間	U+548D U+F0993 U+7FA4 U+5509 U+9092 U+213A2 U+967D U+9593	8	Hay đâu còn hãy đặng ngồi dương gian	8	1	咍󰦓群唉邒𡎢陽間	1
LucVanTien1916	nlvnpf-0059 (in mộc bản 1916)	nlvnpf-0059-050	data/LucVanTien1916/pages/images/nlvnpf-0059-050.jpg	8	4	1	data/LucVanTien1916/patches/nlvnpf-0059-050.jpg_4_1.jpg	data/LucVanTien1916/patches_preprocessed/train/nlvnpf-0059-050.jpg_4_1.jpg	train	278.8,155.8,40.5,529.6	魚翁欺𧘇哙㗍	U+9B5A U+7FC1 U+6B3A U+27607 U+54D9 U+35CD	6	Ngư ông khi ấy hỏi han	6	1	魚翁欺𧘇哙㗍	1
LucVanTien1916	nlvnpf-0059 (in mộc bản 1916)	nlvnpf-0059-050	data/LucVanTien1916/pages/images/nlvnpf-0059-050.jpg	9	4	2	data/LucVanTien1916/patches/nlvnpf-0059-050.jpg_4_2.jpg	data/LucVanTien1916/patches_preprocessed/val/nlvnpf-0059-050.jpg_4_2.jpg	val	278.8,155.8,40.5,529.6	云仙䜹訴每塘𧵆賖	U+4E91 U+4ED9 U+4739 U+8A34 U+6BCF U+5858 U+27D46 U+8CD6	8	Vân Tiên thưa tỏ mọi đường gần xa	8	1	云仙䜹訴每塘𧵆賖	1
LucVanTien1916	nlvnpf-0059 (in mộc bản 1916)	nlvnpf-0059-050	data/LucVanTien1916/pages/images/nlvnpf-0059-050.jpg	10	5	1	data/LucVanTien1916/patches/nlvnpf-0059-050.jpg_5_1.jpg	data/LucVanTien1916/patches_preprocessed/train/nlvnpf-0059-050.jpg_5_1.jpg	train	239.9,156.4,40.5,529.0	魚翁𤽗扵󰠃些	U+9B5A U+7FC1 U+24F57 U+6275 U+F0803 U+4E9B	6	Ngư ông: Ngươi ở cùng ta	6	1	魚翁𤽗扵󰠃些	1
LucVanTien1916	nlvnpf-0059 (in mộc bản 1916)	nlvnpf-0059-050	data/LucVanTien1916/pages/images/nlvnpf-0059-050.jpg	11	5	2	data/LucVanTien1916/patches/nlvnpf-0059-050.jpg_5_2.jpg	data/LucVanTien1916/patches_preprocessed/val/nlvnpf-0059-050.jpg_5_2.jpg	val	239.9,156.4,40.5,529.0	󰉹㝵𤋾供𠬠茄朱盃	U+F0279 U+3775 U+242FE U+4F9B U+20B20 U+8304 U+6731 U+76C3	8	Sớm ngày ấm cúng một nhà cho vui	8	1	󰉹㝵𤋾供𠬠茄朱盃	1
LucVanTien1916	nlvnpf-0059 (in mộc bản 1916)	nlvnpf-0059-050	data/LucVanTien1916/pages/images/nlvnpf-0059-050.jpg	12	6	1	data/LucVanTien1916/patches/nlvnpf-0059-050.jpg_6_1.jpg	data/LucVanTien1916/patches_preprocessed/train/nlvnpf-0059-050.jpg_6_1.jpg	train	203.3,158.8,39.1,529.0	仙浪翁𥙩之餒	U+4ED9 U+6D6A U+7FC1 U+25669 U+4E4B U+9912	6	Tiên rằng: Ông lấy chi nuôi	6	1	仙浪翁𥙩之餒	1
LucVanTien1916	nlvnpf-0059 (in mộc bản 1916)	nlvnpf-0059-050	data/LucVanTien1916/pages/images/nlvnpf-0059-050.jpg	13	6	2	data/LucVanTien1916/patches/nlvnpf-0059-050.jpg_6_2.jpg	data/LucVanTien1916/patches_preprocessed/train/nlvnpf-0059-050.jpg_6_2.jpg	train	203.3,158.8,39.1,529.0	碎𫢩庒恪菓味𨑗核	U+788E U+2B8A9 U+5E92 U+606A U+83D3 U+5473 U+28457 U+6838	8	Tôi nay chẳng khác quả mùi trên cây	8	1	碎𫢩庒恪菓味𨑗核	1
LucVanTien1916	nlvnpf-0059 (in mộc bản 1916)	nlvnpf-0059-050	data/LucVanTien1916/pages/images/nlvnpf-0059-050.jpg	14	7	1	data/LucVanTien1916/patches/nlvnpf-0059-050.jpg_7_1.jpg	data/LucVanTien1916/patches_preprocessed/train/nlvnpf-0059-050.jpg_7_1.jpg	train	165.6,159.4,37.5,529.0	埋麻㵢浽細低	U+57CB U+9EBB U+3D62 U+6D7D U+7D30 U+4F4E	6	May mà trôi nổi tới đây	6	1	埋麻㵢浽細低	1
LucVanTien1916	nlvnpf-0059 (in mộc bản 1916)	nlvnpf-0059-050	data/LucVanTien1916/pages/images/nlvnpf-0059-050.jpg	15	7	2	data/LucVanTien1916/patches/nlvnpf-0059-050.jpg_7_2.jpg	data/LucVanTien1916/patches_preprocessed/val/nlvnpf-0059-050.jpg_7_2.jpg	val	165.6,159.4,37.5,529.0	𥙩之报答𠇮老猪匕	U+25669 U+4E4B U+62A5 U+7B54 U+201EE U+8001 U+732A U+5315	8	Lấy chi báo đáp mình làu trơ trơ	8	1	𥙩之报答𠇮老猪匕	1
LucVanTien1916	nlvnpf-0059 (in mộc bản 1916)	nlvnpf-0059-050	data/LucVanTien1916/pages/images/nlvnpf-0059-050.jpg	16	8	1	data/LucVanTien1916/patches/nlvnpf-0059-050.jpg_8_1.jpg	data/LucVanTien1916/patches_preprocessed/train/nlvnpf-0059-050.jpg_8_1.jpg	train	128.6,160.1,39.5,530.9	魚浪𢚸老庒𢠩	U+9B5A U+6D6A U+226B8 U+8001 U+5E92 U+22829	6	Ngư rằng: Lòng lão chẳng mơ	6	1	魚浪𢚸老庒𢠩	1
LucVanTien1916	nlvnpf-0059 (in mộc bản 1916)	nlvnpf-0059-050	data/LucVanTien1916/pages/images/nlvnpf-0059-050.jpg	17	8	2	data/LucVanTien1916/patches/nlvnpf-0059-050.jpg_8_2.jpg	data/LucVanTien1916/patches_preprocessed/val/nlvnpf-0059-050.jpg_8_2.jpg	val	128.6,160.1,39.5,530.9	篤󰥎役沛芇除呂恩	U+7BE4 U+F094E U+5F79 U+6C9B U+8287 U+9664 U+5442 U+6069	8	Dốc làm việc phải, nào chờ trả ơn	8	1	篤󰥎役沛芇除呂恩	1
LucVanTien1916	nlvnpf-0059 (in mộc bản 1916)	nlvnpf-0059-050	data/LucVanTien1916/pages/images/nlvnpf-0059-050.jpg	18	9	1	data/LucVanTien1916/patches/nlvnpf-0059-050.jpg_9_1.jpg	data/LucVanTien1916/patches_preprocessed/train/nlvnpf-0059-050.jpg_9_1.jpg	train	92.3,160.7,38.2,529.6	老洳浡渃拱欣	U+8001 U+6D33 U+6D61 U+6E03 U+62F1 U+6B23	6	Làu như bột nước cũng hơn	6	1	老洳浡渃拱欣	1
LucVanTien1916	nlvnpf-0059 (in mộc bản 1916)	nlvnpf-0059-050	data/LucVanTien1916/pages/images/nlvnpf-0059-050.jpg	19	9	2	data/LucVanTien1916/patches/nlvnpf-0059-050.jpg_9_2.jpg	data/LucVanTien1916/patches_preprocessed/val/nlvnpf-0059-050.jpg_9_2.jpg	val	92.3,160.7,38.2,529.6	仍句名利庒潺𢚸低	U+4ECD U+53E5 U+540D U+5229 U+5E92 U+6F7A U+226B8 U+4F4E	8	Những câu danh lợi chẳng sờn lòng đây	8	1	仍句名利庒潺𢚸低	1
LucVanTien1916	nlvnpf-0059 (in mộc bản 1916)	nlvnpf-0059-051	data/LucVanTien1916/pages/images/nlvnpf-0059-051.jpg	0	0	1	data/LucVanTien1916/patches/nlvnpf-0059-051.jpg_0_1.jpg	data/LucVanTien1916/patches_preprocessed/train/nlvnpf-0059-051.jpg_0_1.jpg	train	364.8,160.7,35.4,518.6	𥮉𨱽卷興盃𡆫	U+25B89 U+28C7D U+5377 U+8208 U+76C3 U+211AB	6	Bồ dài cuộn hứng vui vầy	6	1	𥮉𨱽卷興盃𡆫	1
LucVanTien1916	nlvnpf-0059 (in mộc bản 1916)	nlvnpf-0059-051	data/LucVanTien1916/pages/images/nlvnpf-0059-051.jpg	1	0	2	data/LucVanTien1916/patches/nlvnpf-0059-051.jpg_0_2.jpg	data/LucVanTien1916/patches_preprocessed/train/nlvnpf-0059-051.jpg_0_2.jpg	train	364.8,160.7,35.4,518.6	店箕興𩙌最尼制𦝄	U+5E97 U+7B95 U+8208 U+2964C U+6700 U+5C3C U+5236 U+26744	8	Đêm kia hứng gió, tối này chơi trăng	8	1	店箕興𩙌最尼制𦝄	1
LucVanTien1916	nlvnpf-0059 (in mộc bản 1916)	nlvnpf-0059-051	data/LucVanTien1916/pages/images/nlvnpf-0059-051.jpg	2	1	1	data/LucVanTien1916/patches/nlvnpf-0059-051.jpg_1_1.jpg	data/LucVanTien1916/patches_preprocessed/train/nlvnpf-0059-051.jpg_1_1.jpg	train	328.2,160.7,35.8,518.0	㝵匕通且爫咹	U+3775 U+5315 U+901A U+4E14 U+722B U+54B9	6	Ngày ngày thong thả làm ăn	6	1	㝵匕通且爫咹	1
LucVanTien1916	nlvnpf-0059 (in mộc bản 1916)	nlvnpf-0059-051	data/LucVanTien1916/pages/images/nlvnpf-0059-051.jpg	3	1	2	data/LucVanTien1916/patches/nlvnpf-0059-051.jpg_1_2.jpg	data/LucVanTien1916/patches_preprocessed/train/nlvnpf-0059-051.jpg_1_2.jpg	train	328.2,160.7,35.8,518.0	欺辰紂䋥欺𢬥鈎淫	U+6B3A U+8FB0 U+7D02 U+42E5 U+6B3A U+22B25 U+920E U+6DEB	8	Khi thì chài lưới, khi giăng câu dầm	8	1	欺辰紂䋥欺𢬥鈎淫	1
LucVanTien1916	nlvnpf-0059 (in mộc bản 1916)	nlvnpf-0059-051	data/LucVanTien1916/pages/images/nlvnpf-0059-051.jpg	4	2	1	data/LucVanTien1916/patches/nlvnpf-0059-051.jpg_2_1.jpg	data/LucVanTien1916/patches_preprocessed/train/nlvnpf-0059-051.jpg_2_1.jpg	train	289.7,159.9,35.4,521.2	僥嗷𫢩𣷷埋潭	U+50E5 U+55F7 U+2B8A9 U+23DF7 U+57CB U+6F6D	6	Nghêu ngao nay bến mai đầm	6	1	僥嗷𫢩𣷷埋潭	1
LucVanTien1916	nlvnpf-0059 (in mộc bản 1916)	nlvnpf-0059-051	data/LucVanTien1916/pages/images/nlvnpf-0059-051.jpg	5	2	2	data/LucVanTien1916/patches/nlvnpf-0059-051.jpg_2_2.jpg	data/LucVanTien1916/patches_preprocessed/val/nlvnpf-0059-051.jpg_2_2.jpg	val	289.7,159.9,35.4,521.2	𠬠瓢𡗶坦盃󰠐埃咍	U+20B20 U+74E2 U+215F6 U+5766 U+76C3 U+F0810 U+57C3 U+548D	8	Một bầu trời đất vui thầm ai hay	8	1	𠬠瓢𡗶坦盃󰠐埃咍	1
LucVanTien1916	nlvnpf-0059 (in mộc bản 1916)	nlvnpf-0059-051	data/LucVanTien1916/pages/images/nlvnpf-0059-051.jpg	6	3	1	data/LucVanTien1916/patches/nlvnpf-0059-051.jpg_3_1.jpg	data/LucVanTien1916/patches_preprocessed/train/nlvnpf-0059-051.jpg_3_1.jpg	train	253.1,161.0,34.8,520.8	經綸㐌産冲𢬣	U+7D93 U+7DB8 U+340C U+7523 U+51B2 U+22B23	6	Kinh luân đã sẵn trong tay	6	1	經綸㐌産冲𢬣	1
LucVanTien1916	nlvnpf-0059 (in mộc bản 1916)	nlvnpf-0059-051	data/LucVanTien1916/pages/images/nlvnpf-0059-051.jpg	7	3	2	data/LucVanTien1916/patches/nlvnpf-0059-051.jpg_3_2.jpg	data/LucVanTien1916/patches_preprocessed/train/nlvnpf-0059-051.jpg_3_2.jpg	train	253.1,161.0,34.8,520.8	語迎冲渃盃醝冲𡗶	U+8A9E U+8FCE U+51B2 U+6E03 U+76C3 U+919D U+51B2 U+215F6	8	Ngữ nghênh trong nước, vui say trong trời	8	1	語迎冲渃盃醝冲𡗶	1
LucVanTien1916	nlvnpf-0059 (in mộc bản 1916)	nlvnpf-0059-051	data/LucVanTien1916/pages/images/nlvnpf-0059-051.jpg	8	4	1	data/LucVanTien1916/patches/nlvnpf-0059-051.jpg_4_1.jpg	data/LucVanTien1916/patches_preprocessed/train/nlvnpf-0059-051.jpg_4_1.jpg	train	212.1,159.2,36.1,521.9	船难𠬠隻扵𠁀	U+8239 U+96BE U+20B20 U+96BB U+6275 U+20040	6	Thuyền nan một chiếc ở đời	6	1	船难𠬠隻扵𠁀	1
LucVanTien1916	nlvnpf-0059 (in mộc bản 1916)	nlvnpf-0059-051	data/LucVanTien1916/pages/images/nlvnpf-0059-051.jpg	9	4	2	data/LucVanTien1916/patches/nlvnpf-0059-051.jpg_4_2.jpg	data/LucVanTien1916/patches_preprocessed/train/nlvnpf-0059-051.jpg_4_2.jpg	train	212.1,159.2,36.1,521.9	沁湄沚𩙌𡨌󰁍寒江	U+6C81 U+6E44 U+6C9A U+2964C U+21A0C U+F004D U+5BD2 U+6C5F	8	Tắm mưa chải gió giữa vời Hàn Giang	8	1	沁湄沚𩙌𡨌󰁍寒江	1
LucVanTien1916	nlvnpf-0059 (in mộc bản 1916)	nlvnpf-0059-051	data/LucVanTien1916/pages/images/nlvnpf-0059-051.jpg	10	5	1	data/LucVanTien1916/patches/nlvnpf-0059-051.jpg_5_1.jpg	data/LucVanTien1916/patches_preprocessed/train/nlvnpf-0059-051.jpg_5_1.jpg	train	171.7,160.4,37.0,520.7	仙浪汝細寒江	U+4ED9 U+6D6A U+6C5D U+7D30 U+5BD2 U+6C5F	6	Tiên rằng: Nhờ tới Hàn Giang	6	1	仙浪汝細寒江	1
LucVanTien1916	nlvnpf-0059 (in mộc bản 1916)	nlvnpf-0059-051	data/LucVanTien1916/pages/images/nlvnpf-0059-051.jpg	11	5	2	data/LucVanTien1916/patches/nlvnpf-0059-051.jpg_5_2.jpg	data/LucVanTien1916/patches_preprocessed/val/nlvnpf-0059-051.jpg_5_2.jpg	val	171.7,160.4,37.0,520.7	武公茄扵𧵆塘低庒	U+6B66 U+516C U+8304 U+6275 U+27D46 U+5858 U+4F4E U+5E92	8	Võ công nhà ở gần đường đây chăng?	8	1	武公茄扵𧵆塘低庒	1
LucVanTien1916	nlvnpf-0059 (in mộc bản 1916)	nlvnpf-0059-051	data/LucVanTien1916/pages/images/nlvnpf-0059-051.jpg	12	6	1	data/LucVanTien1916/patches/nlvnpf-0059-051.jpg_6_1.jpg	data/LucVanTien1916/patches_preprocessed/train/nlvnpf-0059-051.jpg_6_1.jpg	train	132.2,159.6,38.7,522.7	魚浪户武扵𧵆	U+9B5A U+6D6A U+6237 U+6B66 U+6275 U+27D46	6	Ngư rằng: Họ Võ ở gần	6	1	魚浪户武扵𧵆	1
LucVanTien1916	nlvnpf-0059 (in mộc bản 1916)	nlvnpf-0059-051	data/LucVanTien1916/pages/images/nlvnpf-0059-051.jpg	13	6	2	data/LucVanTien1916/patches/nlvnpf-0059-051.jpg_6_2.jpg	data/LucVanTien1916/patches_preprocessed/train/nlvnpf-0059-051.jpg_6_2.jpg	train	132.2,159.6,38.7,522.7	塊𠀧曲咏辰吝細尼	U+584A U+20027 U+66F2 U+548F U+8FB0 U+541D U+7D30 U+5C3C	8	Khỏi ba khúc vịnh thời lần tới nơi	8	1	塊𠀧曲咏辰吝細尼	1
LucVanTien1916	nlvnpf-0059 (in mộc bản 1916)	nlvnpf-0059-051	data/LucVanTien1916/pages/images/nlvnpf-0059-051.jpg	14	7	1	data/LucVanTien1916/patches/nlvnpf-0059-051.jpg_7_1.jpg	data/LucVanTien1916/patches_preprocessed/train/nlvnpf-0059-051.jpg_7_1.jpg	train	97.3,160.7,37.7,521.1	仙浪𠸗固呵前	U+4ED9 U+6D6A U+20E17 U+56FA U+5475 U+524D	6	Tiên rằng: Xưa có gá tiền	6	1	仙浪𠸗固呵前	1
LucVanTien1916	nlvnpf-0059 (in mộc bản 1916)	nlvnpf-0059-051	data/LucVanTien1916/pages/images/nlvnpf-0059-051.jpg	15	7	2	data/LucVanTien1916/patches/nlvnpf-0059-051.jpg_7_2.jpg	data/LucVanTien1916/patches_preprocessed/train/nlvnpf-0059-051.jpg_7_2.jpg	train	97.3,160.7,37.7,521.1	𡢽爺包𦬑対移庒傷	U+218BD U+723A U+5305 U+26B11 U+5BFE U+79FB U+5E92 U+50B7	8	Sui gia bao nỡ đổi dời chẳng thương	8	1	𡢽爺包𦬑対移庒傷	1
LucVanTien1916	nlvnpf-0059 (in mộc bản 1916)	nlvnpf-0059-051	data/LucVanTien1916/pages/images/nlvnpf-0059-051.jpg	16	8	1	data/LucVanTien1916/patches/nlvnpf-0059-051.jpg_8_1.jpg	data/LucVanTien1916/patches_preprocessed/train/nlvnpf-0059-051.jpg_8_1.jpg	train	58.3,160.1,37.7,521.7	𡟱𫯳󰑼󰒂糟糠	U+217F1 U+2BBF3 U+F047C U+F0482 U+7CDF U+7CE0	6	Vợ chồng là nghĩa tào khang	6	1	𡟱𫯳󰑼󰒂糟糠	1
LucVanTien1916	nlvnpf-0059 (in mộc bản 1916)	nlvnpf-0059-051	data/LucVanTien1916/pages/images/nlvnpf-0059-051.jpg	17	8	2	data/LucVanTien1916/patches/nlvnpf-0059-051.jpg_8_2.jpg	data/LucVanTien1916/patches_preprocessed/val/nlvnpf-0059-051.jpg_8_2.jpg	val	58.3,160.1,37.7,521.7	之朋細妬尋方改𠇮	U+4E4B U+670B U+7D30 U+59AC U+5C0B U+65B9 U+6539 U+201EE	8	Chi bằng tới đó tìm phương gửi mình	8	1	之朋細妬尋方改𠇮	1
LucVanTien1916	nlvnpf-0059 (in mộc bản 1916)	nlvnpf-0059-051	data/LucVanTien1916/pages/images/nlvnpf-0059-051.jpg	18	9	1	data/LucVanTien1916/patches/nlvnpf-0059-051.jpg_9_1.jpg	data/LucVanTien1916/patches_preprocessed/train/nlvnpf-0059-051.jpg_9_1.jpg	train	25.1,161.9,32.3,518.0	林𢆥悶論恩情	U+6797 U+221A5 U+60B6 U+8AD6 U+6069 U+60C5	6	Trăm năm muốn trọn ân tình	6	1	林𢆥悶論恩情	1
LucVanTien1916	nlvnpf-0059 (in mộc bản 1916)	nlvnpf-0059-051	data/LucVanTien1916/pages/images/nlvnpf-0059-051.jpg	19	9	2	data/LucVanTien1916/patches/nlvnpf-0059-051.jpg_9_2.jpg	data/LucVanTien1916/patches_preprocessed/val/nlvnpf-0059-051.jpg_9_2.jpg	val	25.1,161.9,32.3,518.0	﨤欺患难牢仃補饒	U+FA24 U+6B3A U+60A3 U+96BE U+7262 U+4EC3 U+88DC U+9952	8	Gặp khi hoạn nạn sao đành bỏ nhau	8	1	﨤欺患难牢仃補饒	1
LucVanTien1916	nlvnpf-0059 (in mộc bản 1916)	nlvnpf-0059-052	data/LucVanTien1916/pages/images/nlvnpf-0059-052.jpg	0	0	1	data/LucVanTien1916/patches/nlvnpf-0059-052.jpg_0_1.jpg	data/LucVanTien1916/patches_preprocessed/train/nlvnpf-0059-052.jpg_0_1.jpg	train	432.5,159.4,33.8,521.1	汝句救死恩溇	U+6C5D U+53E5 U+6551 U+6B7B U+6069 U+6E87	6	Nhớ câu cứu tử ơn sâu	6	1	汝句救死恩溇	1
LucVanTien1916	nlvnpf-0059 (in mộc bản 1916)	nlvnpf-0059-052	data/LucVanTien1916/pages/images/nlvnpf-0059-052.jpg	1	0	2	data/LucVanTien1916/patches/nlvnpf-0059-052.jpg_0_2.jpg	data/LucVanTien1916/patches_preprocessed/val/nlvnpf-0059-052.jpg_0_2.jpg	val	432.5,159.4,33.8,521.1	吀迻細妬畧𡢐朱𧷺	U+5400 U+8FFB U+7D30 U+59AC U+7567 U+21890 U+6731 U+27DFA	8	Xin đưa tới đó trước sau cho tròn.	8	1	吀迻細妬畧𡢐朱𧷺	1
LucVanTien1916	nlvnpf-0059 (in mộc bản 1916)	nlvnpf-0059-052	data/LucVanTien1916/pages/images/nlvnpf-0059-052.jpg	2	1	1	data/LucVanTien1916/patches/nlvnpf-0059-052.jpg_1_1.jpg	data/LucVanTien1916/patches_preprocessed/train/nlvnpf-0059-052.jpg_1_1.jpg	train	396.5,160.1,35.3,521.7	魚浪󰥎分壻昆	U+9B5A U+6D6A U+F094E U+5206 U+58FB U+6606	6	Ngư rằng: Làm phận rể con	6	1	魚浪󰥎分壻昆	1
LucVanTien1916	nlvnpf-0059 (in mộc bản 1916)	nlvnpf-0059-052	data/LucVanTien1916/pages/images/nlvnpf-0059-052.jpg	3	1	2	data/LucVanTien1916/patches/nlvnpf-0059-052.jpg_1_2.jpg	data/LucVanTien1916/patches_preprocessed/train/nlvnpf-0059-052.jpg_1_2.jpg	train	396.5,160.1,35.3,521.7	恪芇𥿥𥿗麻𫐮𠓨針	U+606A U+8287 U+25FE5 U+25FD7 U+9EBB U+2B42E U+204E8 U+91DD	8	Khác nào sợi chỉ mà lòn vào kim	8	1	恪芇𥿥𥿗麻𫐮𠓨針	1
LucVanTien1916	nlvnpf-0059 (in mộc bản 1916)	nlvnpf-0059-052	data/LucVanTien1916/pages/images/nlvnpf-0059-052.jpg	4	2	1	data/LucVanTien1916/patches/nlvnpf-0059-052.jpg_2_1.jpg	data/LucVanTien1916/patches_preprocessed/train/nlvnpf-0059-052.jpg_2_1.jpg	train	360.2,162.2,36.7,521.4	𠲖𢒎麻痗𦑃𪀄	U+20C96 U+2248E U+9EBB U+75D7 U+26443 U+2A004	6	E bay mà mỏi cánh chim	6	1	𠲖𢒎麻痗𦑃𪀄	1
LucVanTien1916	nlvnpf-0059 (in mộc bản 1916)	nlvnpf-0059-052	data/LucVanTien1916/pages/images/nlvnpf-0059-052.jpg	5	2	2	data/LucVanTien1916/patches/nlvnpf-0059-052.jpg_2_2.jpg	data/LucVanTien1916/patches_preprocessed/train/nlvnpf-0059-052.jpg_2_2.jpg	train	360.2,162.2,36.7,521.4	巴爲景𫇰坤尋核𠸗	U+5DF4 U+7232 U+666F U+2B1F0 U+5764 U+5C0B U+6838 U+20E17	8	Bơ vơ cảnh cũ khôn tìm cây xưa	8	1	巴爲景𫇰坤尋核𠸗	1
LucVanTien1916	nlvnpf-0059 (in mộc bản 1916)	nlvnpf-0059-052	data/LucVanTien1916/pages/images/nlvnpf-0059-052.jpg	6	3	1	data/LucVanTien1916/patches/nlvnpf-0059-052.jpg_3_1.jpg	data/LucVanTien1916/patches_preprocessed/train/nlvnpf-0059-052.jpg_3_1.jpg	train	321.1,163.3,39.3,519.6	𠲖欺踸𨀈細猪	U+20C96 U+6B3A U+8E38 U+28008 U+7D30 U+732A	6	E khi chậm bước tới trưa	6	1	𠲖欺踸𨀈細猪	1
LucVanTien1916	nlvnpf-0059 (in mộc bản 1916)	nlvnpf-0059-052	data/LucVanTien1916/pages/images/nlvnpf-0059-052.jpg	7	3	2	data/LucVanTien1916/patches/nlvnpf-0059-052.jpg_3_2.jpg	data/LucVanTien1916/patches_preprocessed/train/nlvnpf-0059-052.jpg_3_2.jpg	train	321.1,163.3,39.3,519.6	渚信滝𫇰𣷷𠸗麻啉	U+6E1A U+4FE1 U+6EDD U+2B1F0 U+23DF7 U+20E17 U+9EBB U+5549	8	Chớ tin sông cũ bến xưa mà lầm	8	1	渚信滝𫇰𣷷𠸗麻啉	1
LucVanTien1916	nlvnpf-0059 (in mộc bản 1916)	nlvnpf-0059-052	data/LucVanTien1916/pages/images/nlvnpf-0059-052.jpg	8	4	1	data/LucVanTien1916/patches/nlvnpf-0059-052.jpg_4_1.jpg	data/LucVanTien1916/patches_preprocessed/train/nlvnpf-0059-052.jpg_4_1.jpg	train	282.8,162.1,37.1,523.3	󰋇埃扵特好心	U+F02C7 U+57C3 U+6275 U+7279 U+597D U+5FC3	6	Mấy ai ở được hảo tâm	6	1	󰋇埃扵特好心	1
LucVanTien1916	nlvnpf-0059 (in mộc bản 1916)	nlvnpf-0059-052	data/LucVanTien1916/pages/images/nlvnpf-0059-052.jpg	9	4	2	data/LucVanTien1916/patches/nlvnpf-0059-052.jpg_4_2.jpg	data/LucVanTien1916/patches_preprocessed/train/nlvnpf-0059-052.jpg_4_2.jpg	train	282.8,162.1,37.1,523.3	𪱆亨𢩾笠湄淫𢩾𥯒	U+2AC46 U+4EA8 U+22A7E U+7B20 U+6E44 U+6DEB U+22A7E U+25BD2	8	Nắng hanh chóp lợp mưa dầm chóp tơi	8	1	𪱆亨𢩾笠湄淫𢩾𥯒	1
LucVanTien1916	nlvnpf-0059 (in mộc bản 1916)	nlvnpf-0059-052	data/LucVanTien1916/pages/images/nlvnpf-0059-052.jpg	10	5	1	data/LucVanTien1916/patches/nlvnpf-0059-052.jpg_5_1.jpg	data/LucVanTien1916/patches_preprocessed/train/nlvnpf-0059-052.jpg_5_1.jpg	train	242.7,163.7,38.1,522.9	󰋇埃咍𢪀役𠁀	U+F02C7 U+57C3 U+548D U+22A80 U+5F79 U+20040	6	Mấy ai hay nghĩ việc đời	6	1	󰋇埃咍𢪀役𠁀	1
LucVanTien1916	nlvnpf-0059 (in mộc bản 1916)	nlvnpf-0059-052	data/LucVanTien1916/pages/images/nlvnpf-0059-052.jpg	11	5	2	data/LucVanTien1916/patches/nlvnpf-0059-052.jpg_5_2.jpg	data/LucVanTien1916/patches_preprocessed/train/nlvnpf-0059-052.jpg_5_2.jpg	train	242.7,163.7,38.1,522.9	涓尼危苦𢖵尼郎𢀭	U+6D93 U+5C3C U+5371 U+82E6 U+225B5 U+5C3C U+90CE U+2202D	8	Quen nơi nguy khó nhớ nơi sang giàu	8	1	涓尼危苦𢖵尼郎𢀭	1
LucVanTien1916	nlvnpf-0059 (in mộc bản 1916)	nlvnpf-0059-052	data/LucVanTien1916/pages/images/nlvnpf-0059-052.jpg	12	6	1	data/LucVanTien1916/patches/nlvnpf-0059-052.jpg_6_1.jpg	data/LucVanTien1916/patches_preprocessed/train/nlvnpf-0059-052.jpg_6_1.jpg	train	204.2,164.9,38.6,520.5	老𧈧𣦆役奔鈎	U+8001 U+27227 U+23986 U+5F79 U+5954 U+920E	6	Lão càng trải việc buông câu	6	1	老𧈧𣦆役奔鈎	1
LucVanTien1916	nlvnpf-0059 (in mộc bản 1916)	nlvnpf-0059-052	data/LucVanTien1916/pages/images/nlvnpf-0059-052.jpg	13	6	2	data/LucVanTien1916/patches/nlvnpf-0059-052.jpg_6_2.jpg	data/LucVanTien1916/patches_preprocessed/train/nlvnpf-0059-052.jpg_6_2.jpg	train	204.2,164.9,38.6,520.5	𡄎冲役渃恪󰦓役茄	U+2110E U+51B2 U+5F79 U+6E03 U+606A U+F0993 U+5F79 U+8304	8	Ngẫm trong việc nước khác đâu việc nhà	8	1	𡄎冲役渃恪󰦓役茄	1
LucVanTien1916	nlvnpf-0059 (in mộc bản 1916)	nlvnpf-0059-052	data/LucVanTien1916/pages/images/nlvnpf-0059-052.jpg	14	7	1	data/LucVanTien1916/patches/nlvnpf-0059-052.jpg_7_1.jpg	data/LucVanTien1916/patches_preprocessed/train/nlvnpf-0059-052.jpg_7_1.jpg	train	165.8,166.2,39.0,520.5	云仙畧㐌約麻	U+4E91 U+4ED9 U+7567 U+340C U+7D04 U+9EBB	6	Vân Tiên trước đã ước mà	6	1	云仙畧㐌約麻	1
LucVanTien1916	nlvnpf-0059 (in mộc bản 1916)	nlvnpf-0059-052	data/LucVanTien1916/pages/images/nlvnpf-0059-052.jpg	15	7	2	data/LucVanTien1916/patches/nlvnpf-0059-052.jpg_7_2.jpg	data/LucVanTien1916/patches_preprocessed/train/nlvnpf-0059-052.jpg_7_2.jpg	train	165.8,166.2,39.0,520.5	魚翁𡢐沛㳻潙迻朗	U+9B5A U+7FC1 U+21890 U+6C9B U+3CFB U+6F59 U+8FFB U+6717	8	Ngư ông sau phải thác vời đưa sang	8	1	魚翁𡢐沛㳻潙迻朗	1
LucVanTien1916	nlvnpf-0059 (in mộc bản 1916)	nlvnpf-0059-052	data/LucVanTien1916/pages/images/nlvnpf-0059-052.jpg	16	8	1	data/LucVanTien1916/patches/nlvnpf-0059-052.jpg_8_1.jpg	data/LucVanTien1916/patches_preprocessed/train/nlvnpf-0059-052.jpg_8_1.jpg	train	130.7,167.4,36.7,521.1	𢩮仙𠓨准前堂	U+22A6E U+4ED9 U+204E8 U+51C6 U+524D U+5802	6	Dắt Tiên vào chốn tiền đường	6	1	𢩮仙𠓨准前堂	1
LucVanTien1916	nlvnpf-0059 (in mộc bản 1916)	nlvnpf-0059-052	data/LucVanTien1916/pages/images/nlvnpf-0059-052.jpg	17	8	2	data/LucVanTien1916/patches/nlvnpf-0059-052.jpg_8_2.jpg	data/LucVanTien1916/patches_preprocessed/val/nlvnpf-0059-052.jpg_8_2.jpg	val	130.7,167.4,36.7,521.1	武公䀡𧡊𢚸強虎𤽗	U+6B66 U+516C U+4021 U+2784A U+226B8 U+5F37 U+864E U+24F57	8	Võ Công xem thấy lòng càng hổ ngươi	8	1	武公䀡𧡊𢚸強虎𤽗	1
LucVanTien1916	nlvnpf-0059 (in mộc bản 1916)	nlvnpf-0059-052	data/LucVanTien1916/pages/images/nlvnpf-0059-052.jpg	18	9	1	data/LucVanTien1916/patches/nlvnpf-0059-052.jpg_9_1.jpg	data/LucVanTien1916/patches_preprocessed/train/nlvnpf-0059-052.jpg_9_1.jpg	train	95.3,169.8,36.3,519.3	庒戈𢜝世间唭	U+5E92 U+6208 U+2271D U+4E16 U+95F4 U+552D	6	Chẳng qua sợ thế gian cười	6	1	庒戈𢜝世间唭	1
LucVanTien1916	nlvnpf-0059 (in mộc bản 1916)	nlvnpf-0059-052	data/LucVanTien1916/pages/images/nlvnpf-0059-052.jpg	19	9	2	data/LucVanTien1916/patches/nlvnpf-0059-052.jpg_9_2.jpg	data/LucVanTien1916/patches_preprocessed/train/nlvnpf-0059-052.jpg_9_2.jpg	train	95.3,169.8,36.3,519.3	󰘉𢈱亘強嘲𠊚㝵𠸗	U+F0609 U+22231 U+4E98 U+5F37 U+5632 U+2029A U+3775 U+20E17	8	Mở lời gắng gượng chào người ngày xưa	8	1	󰘉𢈱亘強嘲𠊚㝵𠸗	1
LucVanTien1916	nlvnpf-0059 (in mộc bản 1916)	nlvnpf-0059-053	data/LucVanTien1916/pages/images/nlvnpf-0059-053.jpg	0	0	1	data/LucVanTien1916/patches/nlvnpf-0059-053.jpg_0_1.jpg	data/LucVanTien1916/patches_preprocessed/train/nlvnpf-0059-053.jpg_0_1.jpg	train	356.7,157.6,39.3,518.0	鱼翁㐌固功迻	U+9C7C U+7FC1 U+340C U+56FA U+529F U+8FFB	6	Ngư ông đã có công đưa	6	1	鱼翁㐌固功迻	1
LucVanTien1916	nlvnpf-0059 (in mộc bản 1916)	nlvnpf-0059-053	data/LucVanTien1916/pages/images/nlvnpf-0059-053.jpg	1	0	2	data/LucVanTien1916/patches/nlvnpf-0059-053.jpg_0_2.jpg	data/LucVanTien1916/patches_preprocessed/val/nlvnpf-0059-053.jpg_0_2.jpg	val	356.7,157.6,39.3,518.0	𧗱𡢐些沛卢𩢬𡊰恩	U+275F1 U+21890 U+4E9B U+6C9B U+5362 U+298AC U+212B0 U+6069	8	Về sau ta phải lo lừa đền ơn	8	1	𧗱𡢐些沛卢𩢬𡊰恩	1
LucVanTien1916	nlvnpf-0059 (in mộc bản 1916)	nlvnpf-0059-053	data/LucVanTien1916/pages/images/nlvnpf-0059-053.jpg	2	1	1	data/LucVanTien1916/patches/nlvnpf-0059-053.jpg_1_1.jpg	data/LucVanTien1916/patches_preprocessed/train/nlvnpf-0059-053.jpg_1_1.jpg	train	318.0,157.0,40.7,522.3	鱼浪碎庒𥉩恩	U+9C7C U+6D6A U+788E U+5E92 U+25269 U+6069	6	Ngư rằng tôi chẳng trông ơn	6	1	鱼浪碎庒𥉩恩	1
LucVanTien1916	nlvnpf-0059 (in mộc bản 1916)	nlvnpf-0059-053	data/LucVanTien1916/pages/images/nlvnpf-0059-053.jpg	3	1	2	data/LucVanTien1916/patches/nlvnpf-0059-053.jpg_1_2.jpg	data/LucVanTien1916/patches_preprocessed/val/nlvnpf-0059-053.jpg_1_2.jpg	val	318.0,157.0,40.7,522.3	朱𧷺仁󰒂辰欣泊鐄	U+6731 U+27DFA U+4EC1 U+F0482 U+8FB0 U+6B23 U+6CCA U+9404	8	Cho tròn nhân nghĩa thì hơn bạc vàng	8	1	朱𧷺仁󰒂辰欣泊鐄	1
LucVanTien1916	nlvnpf-0059 (in mộc bản 1916)	nlvnpf-0059-053	data/LucVanTien1916/pages/images/nlvnpf-0059-053.jpg	4	2	1	data/LucVanTien1916/patches/nlvnpf-0059-053.jpg_2_1.jpg	data/LucVanTien1916/patches_preprocessed/train/nlvnpf-0059-053.jpg_2_1.jpg	train	279.7,156.4,39.5,521.7	𢖵𠸗冲𡶀󰓗山	U+225B5 U+20E17 U+51B2 U+21D80 U+F04D7 U+5C71	6	Nhớ xưa trong núi Lư sơn	6	1	𢖵𠸗冲𡶀󰓗山	1
LucVanTien1916	nlvnpf-0059 (in mộc bản 1916)	nlvnpf-0059-053	data/LucVanTien1916/pages/images/nlvnpf-0059-053.jpg	5	2	2	data/LucVanTien1916/patches/nlvnpf-0059-053.jpg_2_2.jpg	data/LucVanTien1916/patches_preprocessed/train/nlvnpf-0059-053.jpg_2_2.jpg	train	279.7,156.4,39.5,521.7	固翁鱼父迻払五員	U+56FA U+7FC1 U+9C7C U+7236 U+8FFB U+6255 U+4E94 U+54E1	8	Có ông ngư phụ đưa chàng Ngũ viên	8	1	固翁鱼父迻払五員	1
LucVanTien1916	nlvnpf-0059 (in mộc bản 1916)	nlvnpf-0059-053	data/LucVanTien1916/pages/images/nlvnpf-0059-053.jpg	6	3	1	data/LucVanTien1916/patches/nlvnpf-0059-053.jpg_3_1.jpg	data/LucVanTien1916/patches_preprocessed/train/nlvnpf-0059-053.jpg_3_1.jpg	train	244.7,157.0,38.0,520.5	旦𡢐亭長艤船	U+65E6 U+21890 U+4EAD U+9577 U+8264 U+8239	6	Đến sau đìn h trưởng đỗ thuyền	7	0	旦𡢐亭長艤船	1
LucVanTien1916	nlvnpf-0059 (in mộc bản 1916)	nlvnpf-0059-053	data/LucVanTien1916/pages/images/nlvnpf-0059-053.jpg	7	3	2	data/LucVanTien1916/patches/nlvnpf-0059-053.jpg_3_2.jpg	data/LucVanTien1916/patches_preprocessed/train/nlvnpf-0059-053.jpg_3_2.jpg	train	244.7,157.0,38.0,520.5	迻翁項羽於沔烏江	U+8FFB U+7FC1 U+9805 U+7FBD U+65BC U+6C94 U+70CF U+6C5F	8	Đưa ông Hạng Vũ ở miền Ô-Giang	7	0	迻翁項羽於沔烏江	1
LucVanTien1916	nlvnpf-0059 (in mộc bản 1916)	nlvnpf-0059-053	data/LucVanTien1916/pages/images/nlvnpf-0059-053.jpg	8	4	1	data/LucVanTien1916/patches/nlvnpf-0059-053.jpg_4_1.jpg	data/LucVanTien1916/patches_preprocessed/train/nlvnpf-0059-053.jpg_4_1.jpg	train	207.2,156.4,38.5,523.5	𠸗群󰋇几莫𮥷	U+20E17 U+7FA4 U+F02C7 U+51E0 U+83AB U+2E977	6	Xưa còn mấy kẻ mắc nan	6	1	𠸗群󰋇几莫𮥷	1
LucVanTien1916	nlvnpf-0059 (in mộc bản 1916)	nlvnpf-0059-053	data/LucVanTien1916/pages/images/nlvnpf-0059-053.jpg	9	4	2	data/LucVanTien1916/patches/nlvnpf-0059-053.jpg_4_2.jpg	data/LucVanTien1916/patches_preprocessed/train/nlvnpf-0059-053.jpg_4_2.jpg	train	207.2,156.4,38.5,523.5	况𫢩包𦬑垃塘姻緣	U+51B5 U+2B8A9 U+5305 U+26B11 U+5783 U+5858 U+59FB U+7DE3	8	Huống nay bao nợ khắp đường nhân duyên	8	1	况𫢩包𦬑垃塘姻緣	1
LucVanTien1916	nlvnpf-0059 (in mộc bản 1916)	nlvnpf-0059-053	data/LucVanTien1916/pages/images/nlvnpf-0059-053.jpg	10	5	1	data/LucVanTien1916/patches/nlvnpf-0059-053.jpg_5_1.jpg	data/LucVanTien1916/patches_preprocessed/train/nlvnpf-0059-053.jpg_5_1.jpg	train	163.0,156.6,39.3,524.5	鱼浪辞謝𠖈船	U+9C7C U+6D6A U+8F9E U+8B1D U+20588 U+8239	6	Ngư rằng từ tạ xuống thuyền	6	1	鱼浪辞謝𠖈船	1
LucVanTien1916	nlvnpf-0059 (in mộc bản 1916)	nlvnpf-0059-053	data/LucVanTien1916/pages/images/nlvnpf-0059-053.jpg	11	5	2	data/LucVanTien1916/patches/nlvnpf-0059-053.jpg_5_2.jpg	data/LucVanTien1916/patches_preprocessed/val/nlvnpf-0059-053.jpg_5_2.jpg	val	163.0,156.6,39.3,524.5	武公䀡𧡊𢚸煩悶台	U+6B66 U+516C U+4021 U+2784A U+226B8 U+7169 U+60B6 U+53F0	8	Võ Công xem thấy lòng phiền muộn thay	8	1	武公䀡𧡊𢚸煩悶台	1
LucVanTien1916	nlvnpf-0059 (in mộc bản 1916)	nlvnpf-0059-053	data/LucVanTien1916/pages/images/nlvnpf-0059-053.jpg	12	6	1	data/LucVanTien1916/patches/nlvnpf-0059-053.jpg_6_1.jpg	data/LucVanTien1916/patches_preprocessed/train/nlvnpf-0059-053.jpg_6_1.jpg	train	125.6,157.0,40.0,523.5	雲仙𤽗唉𡎢低	U+96F2 U+4ED9 U+24F57 U+5509 U+213A2 U+4F4E	6	Vân Tiên ngươi hãy ngồi đây	6	1	雲仙𤽗唉𡎢低	1
LucVanTien1916	nlvnpf-0059 (in mộc bản 1916)	nlvnpf-0059-053	data/LucVanTien1916/pages/images/nlvnpf-0059-053.jpg	13	6	2	data/LucVanTien1916/patches/nlvnpf-0059-053.jpg_6_2.jpg	data/LucVanTien1916/patches_preprocessed/val/nlvnpf-0059-053.jpg_6_2.jpg	val	125.6,157.0,40.0,523.5	朱些阻吏𡢐尼料󰝺	U+6731 U+4E9B U+963B U+540F U+21890 U+5C3C U+6599 U+F077A	8	Cho ta trở lại sau này liệu toan	8	1	朱些阻吏𡢐尼料󰝺	1
LucVanTien1916	nlvnpf-0059 (in mộc bản 1916)	nlvnpf-0059-053	data/LucVanTien1916/pages/images/nlvnpf-0059-053.jpg	14	7	1	data/LucVanTien1916/patches/nlvnpf-0059-053.jpg_7_1.jpg	data/LucVanTien1916/patches_preprocessed/train/nlvnpf-0059-053.jpg_7_1.jpg	train	89.9,157.6,37.5,521.7	公浪媒唉瓊荘	U+516C U+6D6A U+5A92 U+5509 U+74CA U+8358	6	Công rằng: Mụ hỡi Quỳnh Trang	6	1	公浪媒唉瓊荘	1
LucVanTien1916	nlvnpf-0059 (in mộc bản 1916)	nlvnpf-0059-053	data/LucVanTien1916/pages/images/nlvnpf-0059-053.jpg	15	7	2	data/LucVanTien1916/patches/nlvnpf-0059-053.jpg_7_2.jpg	data/LucVanTien1916/patches_preprocessed/train/nlvnpf-0059-053.jpg_7_2.jpg	train	89.9,157.6,37.5,521.7	共󰑼愛女彩鵉世芇	U+5171 U+F047C U+611B U+5973 U+5F69 U+9D49 U+4E16 U+8287	8	Cũng là ái nữ Thể Loan thế nào	8	1	共󰑼愛女彩鵉世芇	1
LucVanTien1916	nlvnpf-0059 (in mộc bản 1916)	nlvnpf-0059-053	data/LucVanTien1916/pages/images/nlvnpf-0059-053.jpg	16	8	1	data/LucVanTien1916/patches/nlvnpf-0059-053.jpg_8_1.jpg	data/LucVanTien1916/patches_preprocessed/train/nlvnpf-0059-053.jpg_8_1.jpg	train	54.0,157.6,38.8,523.5	默悲󰝺料󰥎牢	U+9ED8 U+60B2 U+F077A U+6599 U+F094E U+7262	6	Mặc bay toan liệu làm sao	6	1	默悲󰝺料󰥎牢	1
LucVanTien1916	nlvnpf-0059 (in mộc bản 1916)	nlvnpf-0059-053	data/LucVanTien1916/pages/images/nlvnpf-0059-053.jpg	17	8	2	data/LucVanTien1916/patches/nlvnpf-0059-053.jpg_8_2.jpg	data/LucVanTien1916/patches_preprocessed/train/nlvnpf-0059-053.jpg_8_2.jpg	train	54.0,157.6,38.8,523.5	本空押𡞕理芇押昆	U+672C U+7A7A U+62BC U+21795 U+7406 U+8287 U+62BC U+6606	8	Vốn không ép vợ, lẽ nào ép con	8	1	本空押𡞕理芇押昆	1
LucVanTien1916	nlvnpf-0059 (in mộc bản 1916)	nlvnpf-0059-053	data/LucVanTien1916/pages/images/nlvnpf-0059-053.jpg	18	9	1	data/LucVanTien1916/patches/nlvnpf-0059-053.jpg_9_1.jpg	data/LucVanTien1916/patches_preprocessed/train/nlvnpf-0059-053.jpg_9_1.jpg	train	19.6,156.4,33.1,524.1	鵉浪𨃴䚂如𪳔	U+9D49 U+6D6A U+280F4 U+4682 U+5982 U+2ACD4	6	Loan rằng: Gót đỏ như son	6	1	鵉浪𨃴䚂如𪳔	1
LucVanTien1916	nlvnpf-0059 (in mộc bản 1916)	nlvnpf-0059-053	data/LucVanTien1916/pages/images/nlvnpf-0059-053.jpg	19	9	2	data/LucVanTien1916/patches/nlvnpf-0059-053.jpg_9_2.jpg	data/LucVanTien1916/patches_preprocessed/train/nlvnpf-0059-053.jpg_9_2.jpg	train	19.6,156.4,33.1,524.1	𠸗𫢩埃𦬑󰝡墫󰡎𡎛	U+20E17 U+2B8A9 U+57C3 U+26B11 U+F0761 U+58AB U+F084E U+2139B	8	Xưa nay ai nỡ đem chôn dưới bùn	8	1	𠸗𫢩埃𦬑󰝡墫󰡎𡎛	1
LucVanTien1916	nlvnpf-0059 (in mộc bản 1916)	nlvnpf-0059-054	data/LucVanTien1916/pages/images/nlvnpf-0059-054.jpg	0	0	1	data/LucVanTien1916/patches/nlvnpf-0059-054.jpg_0_1.jpg	data/LucVanTien1916/patches_preprocessed/train/nlvnpf-0059-054.jpg_0_1.jpg	train	437.3,157.0,37.5,523.5	埃朱蓮𣑁𠬠盆	U+57C3 U+6731 U+84EE U+23441 U+20B20 U+76C6	6	Ai cho sen súng một bồn	6	1	埃朱蓮𣑁𠬠盆	1
LucVanTien1916	nlvnpf-0059 (in mộc bản 1916)	nlvnpf-0059-054	data/LucVanTien1916/pages/images/nlvnpf-0059-054.jpg	1	0	2	data/LucVanTien1916/patches/nlvnpf-0059-054.jpg_0_2.jpg	data/LucVanTien1916/patches_preprocessed/train/nlvnpf-0059-054.jpg_0_2.jpg	train	437.3,157.0,37.5,523.5	埃朱𣔥楔𤯭共榴梨	U+57C3 U+6731 U+23525 U+6954 U+24BED U+5171 U+69B4 U+68A8	8	Ai cho chanh khế sánh cùng lựu lê	8	1	埃朱𣔥楔𤯭共榴梨	1
LucVanTien1916	nlvnpf-0059 (in mộc bản 1916)	nlvnpf-0059-054	data/LucVanTien1916/pages/images/nlvnpf-0059-054.jpg	2	1	1	data/LucVanTien1916/patches/nlvnpf-0059-054.jpg_1_1.jpg	data/LucVanTien1916/patches_preprocessed/train/nlvnpf-0059-054.jpg_1_1.jpg	train	400.9,158.8,37.8,521.6	他空律𠹾𠬠皮	U+4ED6 U+7A7A U+5F8B U+20E7E U+20B20 U+76AE	6	Thà không trót chịu một bề	6	1	他空律𠹾𠬠皮	1
LucVanTien1916	nlvnpf-0059 (in mộc bản 1916)	nlvnpf-0059-054	data/LucVanTien1916/pages/images/nlvnpf-0059-054.jpg	3	1	2	data/LucVanTien1916/patches/nlvnpf-0059-054.jpg_1_2.jpg	data/LucVanTien1916/patches_preprocessed/train/nlvnpf-0059-054.jpg_1_2.jpg	train	400.9,158.8,37.8,521.6	𧯶󰝡𨉓玉預㘛武夫	U+27BF6 U+F0761 U+28253 U+7389 U+9810 U+361B U+6B66 U+592B	8	Há đem mình ngọc dựa kề vũ phu	8	1	𧯶󰝡𨉓玉預㘛武夫	1
LucVanTien1916	nlvnpf-0059 (in mộc bản 1916)	nlvnpf-0059-054	data/LucVanTien1916/pages/images/nlvnpf-0059-054.jpg	4	2	1	data/LucVanTien1916/patches/nlvnpf-0059-054.jpg_2_1.jpg	data/LucVanTien1916/patches_preprocessed/train/nlvnpf-0059-054.jpg_2_1.jpg	train	364.8,158.2,37.1,526.3	荘浪官品名儒	U+8358 U+6D6A U+5B98 U+54C1 U+540D U+5112	6	Trang rằng quan phẩm danh nho	6	1	荘浪官品名儒	1
LucVanTien1916	nlvnpf-0059 (in mộc bản 1916)	nlvnpf-0059-054	data/LucVanTien1916/pages/images/nlvnpf-0059-054.jpg	5	2	2	data/LucVanTien1916/patches/nlvnpf-0059-054.jpg_2_2.jpg	data/LucVanTien1916/patches_preprocessed/train/nlvnpf-0059-054.jpg_2_2.jpg	train	364.8,158.2,37.1,526.3	壻󰦓固壻𥊖瞙世尼	U+58FB U+F0993 U+56FA U+58FB U+25296 U+7799 U+4E16 U+5C3C	8	Rể đâu có rể đui mù thế nay	8	1	壻󰦓固壻𥊖瞙世尼	1
LucVanTien1916	nlvnpf-0059 (in mộc bản 1916)	nlvnpf-0059-054	data/LucVanTien1916/pages/images/nlvnpf-0059-054.jpg	6	3	1	data/LucVanTien1916/patches/nlvnpf-0059-054.jpg_3_1.jpg	data/LucVanTien1916/patches_preprocessed/train/nlvnpf-0059-054.jpg_3_1.jpg	train	325.4,160.0,38.5,523.0	𦖻𦖑𠊛呐会尼	U+265BB U+26591 U+2029B U+5450 U+4F1A U+5C3C	6	Tai nghe người nói hội này	6	1	𦖻𦖑𠊛呐会尼	1
LucVanTien1916	nlvnpf-0059 (in mộc bản 1916)	nlvnpf-0059-054	data/LucVanTien1916/pages/images/nlvnpf-0059-054.jpg	7	3	2	data/LucVanTien1916/patches/nlvnpf-0059-054.jpg_3_2.jpg	data/LucVanTien1916/patches_preprocessed/train/nlvnpf-0059-054.jpg_3_2.jpg	train	325.4,160.0,38.5,523.0	固王子直杜󰉨首科	U+56FA U+738B U+5B50 U+76F4 U+675C U+F0268 U+9996 U+79D1	8	Có Vương Tử Trực đậu rày thủ khoa	8	1	固王子直杜󰉨首科	1
LucVanTien1916	nlvnpf-0059 (in mộc bản 1916)	nlvnpf-0059-054	data/LucVanTien1916/pages/images/nlvnpf-0059-054.jpg	8	4	1	data/LucVanTien1916/patches/nlvnpf-0059-054.jpg_4_1.jpg	data/LucVanTien1916/patches_preprocessed/train/nlvnpf-0059-054.jpg_4_1.jpg	train	287.8,160.1,38.0,524.8	些油悶結𡢽爺	U+4E9B U+6CB9 U+60B6 U+7D50 U+218BD U+723A	6	Ta dầu muốn kết sui gia	6	1	些油悶結𡢽爺	1
LucVanTien1916	nlvnpf-0059 (in mộc bản 1916)	nlvnpf-0059-054	data/LucVanTien1916/pages/images/nlvnpf-0059-054.jpg	9	4	2	data/LucVanTien1916/patches/nlvnpf-0059-054.jpg_4_2.jpg	data/LucVanTien1916/patches_preprocessed/train/nlvnpf-0059-054.jpg_4_2.jpg	train	287.8,160.1,38.0,524.8	户王户武𠬠茄買𠰮	U+6237 U+738B U+6237 U+6B66 U+20B20 U+8304 U+8CB7 U+20C2E	8	Họ Vương, họ Võ một nhà mới xinh	8	1	户王户武𠬠茄買𠰮	1
LucVanTien1916	nlvnpf-0059 (in mộc bản 1916)	nlvnpf-0059-054	data/LucVanTien1916/pages/images/nlvnpf-0059-054.jpg	10	5	1	data/LucVanTien1916/patches/nlvnpf-0059-054.jpg_5_1.jpg	data/LucVanTien1916/patches_preprocessed/train/nlvnpf-0059-054.jpg_5_1.jpg	train	248.0,161.7,38.7,525.0	公浪悶論𭛣𨉓	U+516C U+6D6A U+60B6 U+8AD6 U+2D6E3 U+28253	6	Công rằng: Muốn trọn việc mình	6	1	公浪悶論𭛣𨉓	1
LucVanTien1916	nlvnpf-0059 (in mộc bản 1916)	nlvnpf-0059-054	data/LucVanTien1916/pages/images/nlvnpf-0059-054.jpg	11	5	2	data/LucVanTien1916/patches/nlvnpf-0059-054.jpg_5_2.jpg	data/LucVanTien1916/patches_preprocessed/val/nlvnpf-0059-054.jpg_5_2.jpg	val	248.0,161.7,38.7,525.0	排󰝺𠬠斫弋情朱衝	U+6392 U+F077A U+20B20 U+65AB U+5F0B U+60C5 U+6731 U+885D	8	Bày toan một chước dứt tình cho xong	8	1	排󰝺𠬠斫弋情朱衝	1
LucVanTien1916	nlvnpf-0059 (in mộc bản 1916)	nlvnpf-0059-054	data/LucVanTien1916/pages/images/nlvnpf-0059-054.jpg	12	6	1	data/LucVanTien1916/patches/nlvnpf-0059-054.jpg_6_1.jpg	data/LucVanTien1916/patches_preprocessed/train/nlvnpf-0059-054.jpg_6_1.jpg	train	212.1,161.9,35.7,523.5	荘浪𦖑𡶀倉松	U+8358 U+6D6A U+26591 U+21D80 U+5009 U+677E	6	Trang rằng: Nghe núi Thương tùng	6	1	荘浪𦖑𡶀倉松	1
LucVanTien1916	nlvnpf-0059 (in mộc bản 1916)	nlvnpf-0059-054	data/LucVanTien1916/pages/images/nlvnpf-0059-054.jpg	13	6	2	data/LucVanTien1916/patches/nlvnpf-0059-054.jpg_6_2.jpg	data/LucVanTien1916/patches_preprocessed/val/nlvnpf-0059-054.jpg_6_2.jpg	val	212.1,161.9,35.7,523.5	固𡎟深匕莂蓬坤𦋦	U+56FA U+2139F U+6DF1 U+5315 U+8382 U+84EC U+5764 U+262E6	8	Có hang thăm thẳm bịt bùng khôn ra	8	1	固𡎟深匕莂蓬坤𦋦	1
LucVanTien1916	nlvnpf-0059 (in mộc bản 1916)	nlvnpf-0059-054	data/LucVanTien1916/pages/images/nlvnpf-0059-054.jpg	14	7	1	data/LucVanTien1916/patches/nlvnpf-0059-054.jpg_7_1.jpg	data/LucVanTien1916/patches_preprocessed/train/nlvnpf-0059-054.jpg_7_1.jpg	train	171.9,164.9,38.5,521.7	東城𠦳淡群賖	U+6771 U+57CE U+209B3 U+6DE1 U+7FA4 U+8CD6	6	Ðông thành ngàn dặm còn xa	6	1	東城𠦳淡群賖	1
LucVanTien1916	nlvnpf-0059 (in mộc bản 1916)	nlvnpf-0059-054	data/LucVanTien1916/pages/images/nlvnpf-0059-054.jpg	15	7	2	data/LucVanTien1916/patches/nlvnpf-0059-054.jpg_7_2.jpg	data/LucVanTien1916/patches_preprocessed/train/nlvnpf-0059-054.jpg_7_2.jpg	train	171.9,164.9,38.5,521.7	󰝡払捕妬埃麻別󰦓	U+F0761 U+6255 U+6355 U+59AC U+57C3 U+9EBB U+5225 U+F0993	8	Ðem chàng bỏ đó ai mà biết đâu	8	1	󰝡払捕妬埃麻別󰦓	1
LucVanTien1916	nlvnpf-0059 (in mộc bản 1916)	nlvnpf-0059-054	data/LucVanTien1916/pages/images/nlvnpf-0059-054.jpg	16	8	1	data/LucVanTien1916/patches/nlvnpf-0059-054.jpg_8_1.jpg	data/LucVanTien1916/patches_preprocessed/train/nlvnpf-0059-054.jpg_8_1.jpg	train	132.7,164.9,40.7,523.5	䏾核𦝄㐌拮頭	U+43FE U+6838 U+26744 U+340C U+62EE U+982D	6	Bóng cây trăng đã cất đầu	6	1	䏾核𦝄㐌拮頭	1
LucVanTien1916	nlvnpf-0059 (in mộc bản 1916)	nlvnpf-0059-054	data/LucVanTien1916/pages/images/nlvnpf-0059-054.jpg	17	8	2	data/LucVanTien1916/patches/nlvnpf-0059-054.jpg_8_2.jpg	data/LucVanTien1916/patches_preprocessed/val/nlvnpf-0059-054.jpg_8_2.jpg	val	132.7,164.9,40.7,523.5	雲仙𡎢畧茄求咀嘆	U+96F2 U+4ED9 U+213A2 U+7567 U+8304 U+6C42 U+5480 U+5606	8	Vân Tiên ngồi trước nhà cầu thở than	8	1	雲仙𡎢畧茄求咀嘆	1
LucVanTien1916	nlvnpf-0059 (in mộc bản 1916)	nlvnpf-0059-054	data/LucVanTien1916/pages/images/nlvnpf-0059-054.jpg	18	9	1	data/LucVanTien1916/patches/nlvnpf-0059-054.jpg_9_1.jpg	data/LucVanTien1916/patches_preprocessed/train/nlvnpf-0059-054.jpg_9_1.jpg	train	97.8,165.6,34.7,524.6	武公𦋦畧誘払	U+6B66 U+516C U+262E6 U+7567 U+8A98 U+6255	6	Võ công ra trước dỗ chàng	6	1	武公𦋦畧誘払	1
LucVanTien1916	nlvnpf-0059 (in mộc bản 1916)	nlvnpf-0059-054	data/LucVanTien1916/pages/images/nlvnpf-0059-054.jpg	19	9	2	data/LucVanTien1916/patches/nlvnpf-0059-054.jpg_9_2.jpg	data/LucVanTien1916/patches_preprocessed/val/nlvnpf-0059-054.jpg_9_2.jpg	val	97.8,165.6,34.7,524.6	𠖈船朱𥙩迻郎東城	U+20588 U+8239 U+6731 U+25669 U+8FFB U+90CE U+6771 U+57CE	8	Xuống thuyền cho lấy đưa sang Ðông thành	8	1	𠖈船朱𥙩迻郎東城	1
LucVanTien1916	nlvnpf-0059 (in mộc bản 1916)	nlvnpf-0059-055	data/LucVanTien1916/pages/images/nlvnpf-0059-055.jpg	0	0	1	data/LucVanTien1916/patches/nlvnpf-0059-055.jpg_0_1.jpg	data/LucVanTien1916/patches_preprocessed/train/nlvnpf-0059-055.jpg_0_1.jpg	train	359.5,159.4,33.5,513.8	𦋦𠫾皮𣅶散更	U+262E6 U+20AFE U+76AE U+23176 U+6563 U+66F4	6	Ra đi vừa lúc tam canh	6	1	𦋦𠫾皮𣅶散更	1
LucVanTien1916	nlvnpf-0059 (in mộc bản 1916)	nlvnpf-0059-055	data/LucVanTien1916/pages/images/nlvnpf-0059-055.jpg	1	0	2	data/LucVanTien1916/patches/nlvnpf-0059-055.jpg_0_2.jpg	data/LucVanTien1916/patches_preprocessed/train/nlvnpf-0059-055.jpg_0_2.jpg	train	359.5,159.4,33.5,513.8	𢩮𠓨𧯄󰀎補仃雲仙	U+22A6E U+204E8 U+27BC4 U+F000E U+88DC U+4EC3 U+96F2 U+4ED9	8	Dắt vào hang ấy bỏ đành Vân Tiên	8	1	𢩮𠓨𧯄󰀎補仃雲仙	1
LucVanTien1916	nlvnpf-0059 (in mộc bản 1916)	nlvnpf-0059-055	data/LucVanTien1916/pages/images/nlvnpf-0059-055.jpg	2	1	1	data/LucVanTien1916/patches/nlvnpf-0059-055.jpg_1_1.jpg	data/LucVanTien1916/patches_preprocessed/train/nlvnpf-0059-055.jpg_1_1.jpg	train	319.9,158.8,37.0,518.0	補耒練匕𨀈連	U+88DC U+8012 U+7DF4 U+5315 U+28008 U+9023	6	Bỏ rồi lén lén bước liền	6	1	補耒練匕𨀈連	1
LucVanTien1916	nlvnpf-0059 (in mộc bản 1916)	nlvnpf-0059-055	data/LucVanTien1916/pages/images/nlvnpf-0059-055.jpg	3	1	2	data/LucVanTien1916/patches/nlvnpf-0059-055.jpg_1_2.jpg	data/LucVanTien1916/patches_preprocessed/train/nlvnpf-0059-055.jpg_1_2.jpg	train	319.9,158.8,37.0,518.0	𠖈核𢴿桂措㐌賖	U+20588 U+6838 U+22D3F U+6842 U+63AA U+340C U+8CD6	7	Xuống cây chèo quế tách thuyền đã xa	8	0	𠖈核𢴿桂措船㐌賖	0
LucVanTien1916	nlvnpf-0059 (in mộc bản 1916)	nlvnpf-0059-055	data/LucVanTien1916/pages/images/nlvnpf-0059-055.jpg	4	2	1	data/LucVanTien1916/patches/nlvnpf-0059-055.jpg_2_1.jpg	data/LucVanTien1916/patches_preprocessed/train/nlvnpf-0059-055.jpg_2_1.jpg	train	282.5,159.4,37.4,516.8	仙浪各注迻些	U+4ED9 U+6D6A U+5404 U+6CE8 U+8FFB U+4E9B	6	Tiên rằng: Các chú đưa ta	6	1	仙浪各注迻些	1
LucVanTien1916	nlvnpf-0059 (in mộc bản 1916)	nlvnpf-0059-055	data/LucVanTien1916/pages/images/nlvnpf-0059-055.jpg	5	2	2	data/LucVanTien1916/patches/nlvnpf-0059-055.jpg_2_2.jpg	data/LucVanTien1916/patches_preprocessed/train/nlvnpf-0059-055.jpg_2_2.jpg	train	282.5,159.4,37.4,516.8	功恩吀旦圭茄仕咍	U+529F U+6069 U+5400 U+65E6 U+572D U+8304 U+4ED5 U+548D	8	Công ơn xin đến quê nhà sẽ hay	8	1	功恩吀旦圭茄仕咍	1
LucVanTien1916	nlvnpf-0059 (in mộc bản 1916)	nlvnpf-0059-055	data/LucVanTien1916/pages/images/nlvnpf-0059-055.jpg	6	3	1	data/LucVanTien1916/patches/nlvnpf-0059-055.jpg_3_1.jpg	data/LucVanTien1916/patches_preprocessed/train/nlvnpf-0059-055.jpg_3_1.jpg	train	245.5,158.8,38.0,519.3	𢭄𢚸篤論討𣦍	U+22B44 U+226B8 U+7BE4 U+8AD6 U+8A0E U+2398D	6	Cậy lòng dốc trọn thảo ngay	6	1	𢭄𢚸篤論討𣦍	1
LucVanTien1916	nlvnpf-0059 (in mộc bản 1916)	nlvnpf-0059-055	data/LucVanTien1916/pages/images/nlvnpf-0059-055.jpg	7	3	2	data/LucVanTien1916/patches/nlvnpf-0059-055.jpg_3_2.jpg	data/LucVanTien1916/patches_preprocessed/val/nlvnpf-0059-055.jpg_3_2.jpg	val	245.5,158.8,38.0,519.3	𠬠畨朱塊𠦳㝵庒涓	U+20B20 U+7568 U+6731 U+584A U+209B3 U+3775 U+5E92 U+6D93	8	Một phen cho khỏi, ngàn ngày chẳng quên	8	1	𠬠畨朱塊𠦳㝵庒涓	1
LucVanTien1916	nlvnpf-0059 (in mộc bản 1916)	nlvnpf-0059-055	data/LucVanTien1916/pages/images/nlvnpf-0059-055.jpg	8	4	1	data/LucVanTien1916/patches/nlvnpf-0059-055.jpg_4_1.jpg	data/LucVanTien1916/patches_preprocessed/train/nlvnpf-0059-055.jpg_4_1.jpg	train	203.7,160.1,39.0,519.9	咏𦖻㗂呐𠄩边	U+548F U+265BB U+35C2 U+5450 U+20129 U+8FB9	6	Vẳng tai tiếng nói hai bên	6	1	咏𦖻㗂呐𠄩边	1
LucVanTien1916	nlvnpf-0059 (in mộc bản 1916)	nlvnpf-0059-055	data/LucVanTien1916/pages/images/nlvnpf-0059-055.jpg	9	4	2	data/LucVanTien1916/patches/nlvnpf-0059-055.jpg_4_2.jpg	data/LucVanTien1916/patches_preprocessed/train/nlvnpf-0059-055.jpg_4_2.jpg	train	203.7,160.1,39.0,519.9	冲𡎟沁最𥒥󰲵質重	U+51B2 U+2139F U+6C81 U+6700 U+254A5 U+F0CB5 U+8CEA U+91CD	8	Trong hang tăm tối đá phên chất chồng	8	1	冲𡎟沁最𥒥󰲵質重	1
LucVanTien1916	nlvnpf-0059 (in mộc bản 1916)	nlvnpf-0059-055	data/LucVanTien1916/pages/images/nlvnpf-0059-055.jpg	10	5	1	data/LucVanTien1916/patches/nlvnpf-0059-055.jpg_5_1.jpg	data/LucVanTien1916/patches_preprocessed/train/nlvnpf-0059-055.jpg_5_1.jpg	train	164.6,158.2,40.6,522.9	雲仙欺𧘇咳䧺	U+96F2 U+4ED9 U+6B3A U+27607 U+54B3 U+49FA	6	Vân Tiên khi ấy hãi hùng	6	1	雲仙欺𧘇咳䧺	1
LucVanTien1916	nlvnpf-0059 (in mộc bản 1916)	nlvnpf-0059-055	data/LucVanTien1916/pages/images/nlvnpf-0059-055.jpg	11	5	2	data/LucVanTien1916/patches/nlvnpf-0059-055.jpg_5_2.jpg	data/LucVanTien1916/patches_preprocessed/val/nlvnpf-0059-055.jpg_5_2.jpg	val	164.6,158.2,40.6,522.9	𢪀𦋦買別武公害𨉓	U+22A80 U+262E6 U+8CB7 U+5225 U+6B66 U+516C U+5BB3 U+28253	8	Nghĩ ra mới biết Võ công hại mình	8	1	𢪀𦋦買別武公害𨉓	1
LucVanTien1916	nlvnpf-0059 (in mộc bản 1916)	nlvnpf-0059-055	data/LucVanTien1916/pages/images/nlvnpf-0059-055.jpg	12	6	1	data/LucVanTien1916/patches/nlvnpf-0059-055.jpg_6_1.jpg	data/LucVanTien1916/patches_preprocessed/train/nlvnpf-0059-055.jpg_6_1.jpg	train	126.0,158.2,41.6,522.9	𠶗唭昆造詐貞	U+20D97 U+552D U+6606 U+9020 U+8A50 U+8C9E	6	Nực cười con tạo trớ trênh	6	1	𠶗唭昆造詐貞	1
LucVanTien1916	nlvnpf-0059 (in mộc bản 1916)	nlvnpf-0059-055	data/LucVanTien1916/pages/images/nlvnpf-0059-055.jpg	13	6	2	data/LucVanTien1916/patches/nlvnpf-0059-055.jpg_6_2.jpg	data/LucVanTien1916/patches_preprocessed/train/nlvnpf-0059-055.jpg_6_2.jpg	train	126.0,158.2,41.6,522.9	𡦂緣到啅𡦂情対𢭂	U+21982 U+7DE3 U+5230 U+5545 U+21982 U+60C5 U+5BFE U+22B42	8	Chữ duyên tráo chác, chữ tình đổi trao	8	1	𡦂緣到啅𡦂情対𢭂	1
LucVanTien1916	nlvnpf-0059 (in mộc bản 1916)	nlvnpf-0059-055	data/LucVanTien1916/pages/images/nlvnpf-0059-055.jpg	14	7	1	data/LucVanTien1916/patches/nlvnpf-0059-055.jpg_7_1.jpg	data/LucVanTien1916/patches_preprocessed/train/nlvnpf-0059-055.jpg_7_1.jpg	train	91.1,158.8,36.2,522.9	計𦋦灾𮥷掣包	U+8A08 U+262E6 U+707E U+2E977 U+63A3 U+5305	6	Kể ra tai nạn xiết bao	6	1	計𦋦灾𮥷掣包	1
LucVanTien1916	nlvnpf-0059 (in mộc bản 1916)	nlvnpf-0059-055	data/LucVanTien1916/pages/images/nlvnpf-0059-055.jpg	15	7	2	data/LucVanTien1916/patches/nlvnpf-0059-055.jpg_7_2.jpg	data/LucVanTien1916/patches_preprocessed/val/nlvnpf-0059-055.jpg_7_2.jpg	val	91.1,158.8,36.2,522.9	買𨕭塊𣷷吏𠓨冲𧯄	U+8CB7 U+2856D U+584A U+23DF7 U+540F U+204E8 U+51B2 U+27BC4	8	Mới lên khỏi biển, lại vào trong hang	8	1	買𨕭塊𣷷吏𠓨冲𧯄	1
LucVanTien1916	nlvnpf-0059 (in mộc bản 1916)	nlvnpf-0059-055	data/LucVanTien1916/pages/images/nlvnpf-0059-055.jpg	16	8	1	data/LucVanTien1916/patches/nlvnpf-0059-055.jpg_8_1.jpg	data/LucVanTien1916/patches_preprocessed/train/nlvnpf-0059-055.jpg_8_1.jpg	train	56.2,160.1,35.4,522.3	𦀊愁埃窖同王	U+2600A U+6101 U+57C3 U+7A96 U+540C U+738B	6	Dây sầu ai khéo đồng vương	6	1	𦀊愁埃窖同王	1
LucVanTien1916	nlvnpf-0059 (in mộc bản 1916)	nlvnpf-0059-055	data/LucVanTien1916/pages/images/nlvnpf-0059-055.jpg	17	8	2	data/LucVanTien1916/patches/nlvnpf-0059-055.jpg_8_2.jpg	data/LucVanTien1916/patches_preprocessed/train/nlvnpf-0059-055.jpg_8_2.jpg	train	56.2,160.1,35.4,522.3	另尼䋥兎﨤塘𣷭橷	U+53E6 U+5C3C U+42E5 U+514E U+FA24 U+5858 U+23DED U+6A77	8	Lánh nơi lưới thỏ gặp đường bể dâu	8	1	另尼䋥兎﨤塘𣷭橷	1
LucVanTien1916	nlvnpf-0059 (in mộc bản 1916)	nlvnpf-0059-055	data/LucVanTien1916/pages/images/nlvnpf-0059-055.jpg	18	9	1	data/LucVanTien1916/patches/nlvnpf-0059-055.jpg_9_1.jpg	data/LucVanTien1916/patches_preprocessed/train/nlvnpf-0059-055.jpg_9_1.jpg	train	21.4,160.1,33.4,521.7	冲𧯄畧乙𡢐囂	U+51B2 U+27BC4 U+7567 U+4E59 U+21890 U+56C2	6	Trong hang trước hắt sau hiêu	6	1	冲𧯄畧乙𡢐囂	1
LucVanTien1916	nlvnpf-0059 (in mộc bản 1916)	nlvnpf-0059-055	data/LucVanTien1916/pages/images/nlvnpf-0059-055.jpg	19	9	2	data/LucVanTien1916/patches/nlvnpf-0059-055.jpg_9_2.jpg	data/LucVanTien1916/patches_preprocessed/val/nlvnpf-0059-055.jpg_9_2.jpg	val	21.4,160.1,33.4,521.7	悶𦋦朱塊埃𢴿些𠫾	U+60B6 U+262E6 U+6731 U+584A U+57C3 U+22D3F U+4E9B U+20AFE	8	Muốn ra cho khỏi ai dìu ta đi	8	1	悶𦋦朱塊埃𢴿些𠫾	1
LucVanTien1916	nlvnpf-0059 (in mộc bản 1916)	nlvnpf-0059-056	data/LucVanTien1916/pages/images/nlvnpf-0059-056.jpg	0	0	1	data/LucVanTien1916/patches/nlvnpf-0059-056.jpg_0_1.jpg	data/LucVanTien1916/patches_preprocessed/train/nlvnpf-0059-056.jpg_0_1.jpg	train	439.1,158.2,34.6,523.5	寃家埃窖畧排	U+5BC3 U+5BB6 U+57C3 U+7A96 U+7567 U+6392	6	Oan gia ai khéo trước bày	6	1	寃家埃窖畧排	1
LucVanTien1916	nlvnpf-0059 (in mộc bản 1916)	nlvnpf-0059-056	data/LucVanTien1916/pages/images/nlvnpf-0059-056.jpg	1	0	2	data/LucVanTien1916/patches/nlvnpf-0059-056.jpg_0_2.jpg	data/LucVanTien1916/patches_preprocessed/train/nlvnpf-0059-056.jpg_0_2.jpg	train	439.1,158.2,34.6,523.5	喂傕身体群夷麻󰝺	U+5582 U+5095 U+8EAB U+4F53 U+7FA4 U+5937 U+9EBB U+F077A	8	Ôi thôi thân thể còn gì mà toan	8	1	喂傕身体群夷麻󰝺	1
LucVanTien1916	nlvnpf-0059 (in mộc bản 1916)	nlvnpf-0059-056	data/LucVanTien1916/pages/images/nlvnpf-0059-056.jpg	2	1	1	data/LucVanTien1916/patches/nlvnpf-0059-056.jpg_1_1.jpg	data/LucVanTien1916/patches_preprocessed/train/nlvnpf-0059-056.jpg_1_1.jpg	train	402.0,160.4,38.0,523.0	㐌停賖𡎝人間	U+340C U+505C U+8CD6 U+2139D U+4EBA U+9593	6	Ðã đành xa cõi nhân gian	6	1	㐌停賖𡎝人間	1
LucVanTien1916	nlvnpf-0059 (in mộc bản 1916)	nlvnpf-0059-056	data/LucVanTien1916/pages/images/nlvnpf-0059-056.jpg	3	1	2	data/LucVanTien1916/patches/nlvnpf-0059-056.jpg_1_2.jpg	data/LucVanTien1916/patches_preprocessed/train/nlvnpf-0059-056.jpg_1_2.jpg	train	402.0,160.4,38.0,523.0	預𠇮𠓨准石盘𦣰孤	U+9810 U+201EE U+204E8 U+51C6 U+77F3 U+76D8 U+268F0 U+5B64	8	Dựa mình vào chốn thạch bàn nằm co	8	1	預𠇮𠓨准石盘𦣰孤	1
LucVanTien1916	nlvnpf-0059 (in mộc bản 1916)	nlvnpf-0059-056	data/LucVanTien1916/pages/images/nlvnpf-0059-056.jpg	4	2	1	data/LucVanTien1916/patches/nlvnpf-0059-056.jpg_2_1.jpg	data/LucVanTien1916/patches_preprocessed/train/nlvnpf-0059-056.jpg_2_1.jpg	train	364.6,161.9,37.9,523.7	店𣅘𦰟𩙌𠺙󰌎	U+5E97 U+23158 U+26C1F U+2964C U+20E99 U+F030E	6	Ðêm khuya ngọn gió thổi lò	6	1	店𣅘𦰟𩙌𠺙󰌎	1
LucVanTien1916	nlvnpf-0059 (in mộc bản 1916)	nlvnpf-0059-056	data/LucVanTien1916/pages/images/nlvnpf-0059-056.jpg	5	2	2	data/LucVanTien1916/patches/nlvnpf-0059-056.jpg_2_2.jpg	data/LucVanTien1916/patches_preprocessed/train/nlvnpf-0059-056.jpg_2_2.jpg	train	364.6,161.9,37.9,523.7	霜𢒎洛達𦣰孤冷𫥌	U+971C U+2248E U+6D1B U+9054 U+268F0 U+5B64 U+51B7 U+2B94C	8	Sương bay lác đác, nằm co lạnh lùng	8	1	霜𢒎洛達𦣰孤冷𫥌	1
LucVanTien1916	nlvnpf-0059 (in mộc bản 1916)	nlvnpf-0059-056	data/LucVanTien1916/pages/images/nlvnpf-0059-056.jpg	6	3	1	data/LucVanTien1916/patches/nlvnpf-0059-056.jpg_3_1.jpg	data/LucVanTien1916/patches_preprocessed/train/nlvnpf-0059-056.jpg_3_1.jpg	train	327.2,162.5,37.4,523.5	五更𠹾𣳔匕匕	U+4E94 U+66F4 U+20E7E U+23CD4 U+5315 U+5315	6	Ngũ canh chịu khát ròng ròng	6	1	五更𠹾𣳔匕匕	1
LucVanTien1916	nlvnpf-0059 (in mộc bản 1916)	nlvnpf-0059-056	data/LucVanTien1916/pages/images/nlvnpf-0059-056.jpg	7	3	2	data/LucVanTien1916/patches/nlvnpf-0059-056.jpg_3_2.jpg	data/LucVanTien1916/patches_preprocessed/train/nlvnpf-0059-056.jpg_3_2.jpg	train	327.2,162.5,37.4,523.5	如𠀧风茦拖𢚸歆枚	U+5982 U+20027 U+98CE U+8326 U+62D6 U+226B8 U+6B46 U+679A	8	Nhờ ba phong thuốc đỡ lòng hôm mai	8	1	如𠀧风茦拖𢚸歆枚	1
LucVanTien1916	nlvnpf-0059 (in mộc bản 1916)	nlvnpf-0059-056	data/LucVanTien1916/pages/images/nlvnpf-0059-056.jpg	8	4	1	data/LucVanTien1916/patches/nlvnpf-0059-056.jpg_4_1.jpg	data/LucVanTien1916/patches_preprocessed/train/nlvnpf-0059-056.jpg_4_1.jpg	train	288.5,162.8,35.5,524.4	𨒣神䀡𧡊傷𢙇	U+284A3 U+795E U+4021 U+2784A U+50B7 U+22647	6	Du thần xem thấy thương hoài	6	1	𨒣神䀡𧡊傷𢙇	1
LucVanTien1916	nlvnpf-0059 (in mộc bản 1916)	nlvnpf-0059-056	data/LucVanTien1916/pages/images/nlvnpf-0059-056.jpg	9	4	2	data/LucVanTien1916/patches/nlvnpf-0059-056.jpg_4_2.jpg	data/LucVanTien1916/patches_preprocessed/val/nlvnpf-0059-056.jpg_4_2.jpg	val	288.5,162.8,35.5,524.4	察冲𠇮妸固排符天	U+5BDF U+51B2 U+201EE U+59B8 U+56FA U+6392 U+7B26 U+5929	8	Xét trong mình gã có bài phù thiên	8	1	察冲𠇮妸固排符天	1
LucVanTien1916	nlvnpf-0059 (in mộc bản 1916)	nlvnpf-0059-056	data/LucVanTien1916/pages/images/nlvnpf-0059-056.jpg	10	5	1	data/LucVanTien1916/patches/nlvnpf-0059-056.jpg_5_1.jpg	data/LucVanTien1916/patches_preprocessed/train/nlvnpf-0059-056.jpg_5_1.jpg	train	249.3,164.3,38.2,524.8	買咍事六雲仙	U+8CB7 U+548D U+4E8B U+516D U+96F2 U+4ED9	6	Mới hay sự LụcVân Tiên	5	0	買咍事六雲仙	1
LucVanTien1916	nlvnpf-0059 (in mộc bản 1916)	nlvnpf-0059-056	data/LucVanTien1916/pages/images/nlvnpf-0059-056.jpg	11	5	2	data/LucVanTien1916/patches/nlvnpf-0059-056.jpg_5_2.jpg	data/LucVanTien1916/patches_preprocessed/val/nlvnpf-0059-056.jpg_5_2.jpg	val	249.3,164.3,38.2,524.8	共饒𢴿𢩮調連阻𦋦	U+5171 U+9952 U+22D3F U+22A6E U+8ABF U+9023 U+963B U+262E6	8	Cùng nhau dìu dắt đều liền trở ra	8	1	共饒𢴿𢩮調連阻𦋦	1
LucVanTien1916	nlvnpf-0059 (in mộc bản 1916)	nlvnpf-0059-056	data/LucVanTien1916/pages/images/nlvnpf-0059-056.jpg	12	6	1	data/LucVanTien1916/patches/nlvnpf-0059-056.jpg_6_1.jpg	data/LucVanTien1916/patches_preprocessed/train/nlvnpf-0059-056.jpg_6_1.jpg	train	209.3,165.6,38.5,524.8	塊𧯄𠬠淡㐌賖	U+584A U+27BC4 U+20B20 U+6DE1 U+340C U+8CD6	6	Khỏi hang một dặm đã xa	6	1	塊𧯄𠬠淡㐌賖	1
LucVanTien1916	nlvnpf-0059 (in mộc bản 1916)	nlvnpf-0059-056	data/LucVanTien1916/pages/images/nlvnpf-0059-056.jpg	13	6	2	data/LucVanTien1916/patches/nlvnpf-0059-056.jpg_6_2.jpg	data/LucVanTien1916/patches_preprocessed/val/nlvnpf-0059-056.jpg_6_2.jpg	val	209.3,165.6,38.5,524.8	細尼大鹿𡗶它𤑍東	U+7D30 U+5C3C U+5927 U+9E7F U+215F6 U+5B83 U+2444D U+6771	8	Tới nơi đại lộc trời đà hửng đông	8	1	細尼大鹿𡗶它𤑍東	1
LucVanTien1916	nlvnpf-0059 (in mộc bản 1916)	nlvnpf-0059-056	data/LucVanTien1916/pages/images/nlvnpf-0059-056.jpg	14	7	1	data/LucVanTien1916/patches/nlvnpf-0059-056.jpg_7_1.jpg	data/LucVanTien1916/patches_preprocessed/train/nlvnpf-0059-056.jpg_7_1.jpg	train	173.5,166.8,35.3,525.4	遊神阻吏山中	U+904A U+795E U+963B U+540F U+5C71 U+4E2D	6	Du thần trở lại sơn trung	6	1	遊神阻吏山中	1
LucVanTien1916	nlvnpf-0059 (in mộc bản 1916)	nlvnpf-0059-056	data/LucVanTien1916/pages/images/nlvnpf-0059-056.jpg	15	7	2	data/LucVanTien1916/patches/nlvnpf-0059-056.jpg_7_2.jpg	data/LucVanTien1916/patches_preprocessed/train/nlvnpf-0059-056.jpg_7_2.jpg	train	173.5,166.8,35.3,525.4	雲仙群唉聀燶迷曼	U+96F2 U+4ED9 U+7FA4 U+5509 U+8040 U+71F6 U+8FF7 U+66FC	8	Vân Tiên còn hãy giấc nồng mê man	8	1	雲仙群唉聀燶迷曼	1
LucVanTien1916	nlvnpf-0059 (in mộc bản 1916)	nlvnpf-0059-056	data/LucVanTien1916/pages/images/nlvnpf-0059-056.jpg	16	8	1	data/LucVanTien1916/patches/nlvnpf-0059-056.jpg_8_1.jpg	data/LucVanTien1916/patches_preprocessed/train/nlvnpf-0059-056.jpg_8_1.jpg	train	135.9,168.9,37.3,523.3	老樵粓𫋻産床	U+8001 U+6A35 U+7C93 U+2B2FB U+7523 U+5E8A	6	Lão tiều cơm gói sẵn sang	6	1	老樵粓𫋻産床	1
LucVanTien1916	nlvnpf-0059 (in mộc bản 1916)	nlvnpf-0059-056	data/LucVanTien1916/pages/images/nlvnpf-0059-056.jpg	17	8	2	data/LucVanTien1916/patches/nlvnpf-0059-056.jpg_8_2.jpg	data/LucVanTien1916/patches_preprocessed/train/nlvnpf-0059-056.jpg_8_2.jpg	train	135.9,168.9,37.3,523.3	󰉺枚捇鈽𠫾昂𠓨棱	U+F027A U+679A U+6347 U+923D U+20AFE U+6602 U+204E8 U+68F1	8	Sớm mai xách búa đi ngang vào rừng	8	1	󰉺枚捇鈽𠫾昂𠓨棱	1
LucVanTien1916	nlvnpf-0059 (in mộc bản 1916)	nlvnpf-0059-056	data/LucVanTien1916/pages/images/nlvnpf-0059-056.jpg	18	9	1	data/LucVanTien1916/patches/nlvnpf-0059-056.jpg_9_1.jpg	data/LucVanTien1916/patches_preprocessed/train/nlvnpf-0059-056.jpg_9_1.jpg	train	103.3,173.1,32.4,520.2	涓塘大麗󰑼澄	U+6D93 U+5858 U+5927 U+9E97 U+F047C U+6F84	6	Quen đường Đại Lệ là chừng	6	1	涓塘大麗󰑼澄	1
LucVanTien1916	nlvnpf-0059 (in mộc bản 1916)	nlvnpf-0059-056	data/LucVanTien1916/pages/images/nlvnpf-0059-056.jpg	19	9	2	data/LucVanTien1916/patches/nlvnpf-0059-056.jpg_9_2.jpg	data/LucVanTien1916/patches_preprocessed/val/nlvnpf-0059-056.jpg_9_2.jpg	val	103.3,173.1,32.4,520.2	𦋦𠫾皮𧡊𨁪蹎𨀈𠓨	U+262E6 U+20AFE U+76AE U+2784A U+2806A U+8E4E U+28008 U+204E8	8	Ra đi vừa thấy dấu chân bước vào	8	1	𦋦𠫾皮𧡊𨁪蹎𨀈𠓨	1
LucVanTien1916	nlvnpf-0059 (in mộc bản 1916)	nlvnpf-0059-057	data/LucVanTien1916/pages/images/nlvnpf-0059-057.jpg	0	0	1	data/LucVanTien1916/patches/nlvnpf-0059-057.jpg_0_1.jpg	data/LucVanTien1916/patches_preprocessed/train/nlvnpf-0059-057.jpg_0_1.jpg	train	363.1,169.8,31.6,511.9	喂傕𤜯扒𠊛芇	U+5582 U+5095 U+2472F U+6252 U+2029B U+8287	6	Ôi thôi cọp bắt người nào	6	1	喂傕𤜯扒𠊛芇	1
LucVanTien1916	nlvnpf-0059 (in mộc bản 1916)	nlvnpf-0059-057	data/LucVanTien1916/pages/images/nlvnpf-0059-057.jpg	1	0	2	data/LucVanTien1916/patches/nlvnpf-0059-057.jpg_0_2.jpg	data/LucVanTien1916/patches_preprocessed/val/nlvnpf-0059-057.jpg_0_2.jpg	val	363.1,169.8,31.6,511.9	𠊛芇𤜯扒󰝡𠓨底低	U+2029B U+8287 U+2472F U+6252 U+F0761 U+204E8 U+5E95 U+4F4E	8	Người nào cọp bắt đem vào để đây	8	1	𠊛芇𤜯扒󰝡𠓨底低	1
LucVanTien1916	nlvnpf-0059 (in mộc bản 1916)	nlvnpf-0059-057	data/LucVanTien1916/pages/images/nlvnpf-0059-057.jpg	2	1	1	data/LucVanTien1916/patches/nlvnpf-0059-057.jpg_1_1.jpg	data/LucVanTien1916/patches_preprocessed/train/nlvnpf-0059-057.jpg_1_1.jpg	train	323.9,170.5,34.8,510.6	吁𩲉吁魄老尼	U+5401 U+29C89 U+5401 U+9B44 U+8001 U+5C3C	6	Hú hồn hú phách lão này	6	1	吁𩲉吁魄老尼	1
LucVanTien1916	nlvnpf-0059 (in mộc bản 1916)	nlvnpf-0059-057	data/LucVanTien1916/pages/images/nlvnpf-0059-057.jpg	3	1	2	data/LucVanTien1916/patches/nlvnpf-0059-057.jpg_1_2.jpg	data/LucVanTien1916/patches_preprocessed/train/nlvnpf-0059-057.jpg_1_2.jpg	train	323.9,170.5,34.8,510.6	迻猪𡮇姅扽核𧵆耒	U+8FFB U+732A U+21B87 U+59C5 U+627D U+6838 U+27D46 U+8012	8	Đi chưa chút nửa đốn cây gần rồi	8	1	迻猪𡮇姅扽核𧵆耒	1
LucVanTien1916	nlvnpf-0059 (in mộc bản 1916)	nlvnpf-0059-057	data/LucVanTien1916/pages/images/nlvnpf-0059-057.jpg	4	2	1	data/LucVanTien1916/patches/nlvnpf-0059-057.jpg_2_1.jpg	data/LucVanTien1916/patches_preprocessed/train/nlvnpf-0059-057.jpg_2_1.jpg	train	285.4,171.1,35.4,511.2	雲仙𠬠聀𣃣耒	U+96F2 U+4ED9 U+20B20 U+8040 U+230E3 U+8012	6	Vân Tiên một giấc vừa rồi	6	1	雲仙𠬠聀𣃣耒	1
LucVanTien1916	nlvnpf-0059 (in mộc bản 1916)	nlvnpf-0059-057	data/LucVanTien1916/pages/images/nlvnpf-0059-057.jpg	5	2	2	data/LucVanTien1916/patches/nlvnpf-0059-057.jpg_2_2.jpg	data/LucVanTien1916/patches_preprocessed/train/nlvnpf-0059-057.jpg_2_2.jpg	train	285.4,171.1,35.4,511.2	侈𦖑㗂呐亘𡎢𨱽呌	U+4F88 U+26591 U+35C2 U+5450 U+4E98 U+213A2 U+28C7D U+544C	8	Xẩy nghe tiếng nói gắng ngồi dậy kêu	8	1	侈𦖑㗂呐亘𡎢𨱽呌	1
LucVanTien1916	nlvnpf-0059 (in mộc bản 1916)	nlvnpf-0059-057	data/LucVanTien1916/pages/images/nlvnpf-0059-057.jpg	6	3	1	data/LucVanTien1916/patches/nlvnpf-0059-057.jpg_3_1.jpg	data/LucVanTien1916/patches_preprocessed/train/nlvnpf-0059-057.jpg_3_1.jpg	train	245.5,172.3,37.7,511.8	老樵𦖑㗂埃呌	U+8001 U+6A35 U+26591 U+35C2 U+57C3 U+544C	6	Lão Tiều nghe tiếng ai kêu	6	1	老樵𦖑㗂埃呌	1
LucVanTien1916	nlvnpf-0059 (in mộc bản 1916)	nlvnpf-0059-057	data/LucVanTien1916/pages/images/nlvnpf-0059-057.jpg	7	3	2	data/LucVanTien1916/patches/nlvnpf-0059-057.jpg_3_2.jpg	data/LucVanTien1916/patches_preprocessed/train/nlvnpf-0059-057.jpg_3_2.jpg	train	245.5,172.3,37.7,511.8	真𨃝庒恪如𨅹𨖲核	U+771F U+280DD U+5E92 U+606A U+5982 U+28179 U+285B2 U+6838	8	Chân dò chẳng khác như trèo lên cây	8	1	真𨃝庒恪如𨅹𨖲核	1
LucVanTien1916	nlvnpf-0059 (in mộc bản 1916)	nlvnpf-0059-057	data/LucVanTien1916/pages/images/nlvnpf-0059-057.jpg	8	4	1	data/LucVanTien1916/patches/nlvnpf-0059-057.jpg_4_1.jpg	data/LucVanTien1916/patches_preprocessed/train/nlvnpf-0059-057.jpg_4_1.jpg	train	206.7,170.7,38.0,513.6	𣃣𨁏𣃣𨀺𣃣𪡔	U+230E3 U+2804F U+230E3 U+2803A U+230E3 U+2A854	6	Vừa bò vừa lết vừa la	6	1	𣃣𨁏𣃣𨀺𣃣𪡔	1
LucVanTien1916	nlvnpf-0059 (in mộc bản 1916)	nlvnpf-0059-057	data/LucVanTien1916/pages/images/nlvnpf-0059-057.jpg	9	4	2	data/LucVanTien1916/patches/nlvnpf-0059-057.jpg_4_2.jpg	data/LucVanTien1916/patches_preprocessed/train/nlvnpf-0059-057.jpg_4_2.jpg	train	206.7,170.7,38.0,513.6	畨尼莫沛禍魔害𫅷	U+7568 U+5C3C U+83AB U+6C9B U+798D U+9B54 U+5BB3 U+2B177	8	Phen này mắc phải hoạ ma hại già	8	1	畨尼莫沛禍魔害𫅷	1
LucVanTien1916	nlvnpf-0059 (in mộc bản 1916)	nlvnpf-0059-057	data/LucVanTien1916/pages/images/nlvnpf-0059-057.jpg	10	5	1	data/LucVanTien1916/patches/nlvnpf-0059-057.jpg_5_1.jpg	data/LucVanTien1916/patches_preprocessed/train/nlvnpf-0059-057.jpg_5_1.jpg	train	166.7,173.2,40.1,512.2	仙浪碎本𠊚些	U+4ED9 U+6D6A U+788E U+672C U+2029A U+4E9B	6	Tiên rằng: Tôi vốn người ta	6	1	仙浪碎本𠊚些	1
LucVanTien1916	nlvnpf-0059 (in mộc bản 1916)	nlvnpf-0059-057	data/LucVanTien1916/pages/images/nlvnpf-0059-057.jpg	11	5	2	data/LucVanTien1916/patches/nlvnpf-0059-057.jpg_5_2.jpg	data/LucVanTien1916/patches_preprocessed/val/nlvnpf-0059-057.jpg_5_2.jpg	val	166.7,173.2,40.1,512.2	爲蒸莫𮥷買𦋦世尼	U+7232 U+84B8 U+83AB U+2E977 U+8CB7 U+262E6 U+4E16 U+5C3C	8	Vì chưng mắc nạn mới ra thế này	8	1	爲蒸莫𮥷買𦋦世尼	1
LucVanTien1916	nlvnpf-0059 (in mộc bản 1916)	nlvnpf-0059-057	data/LucVanTien1916/pages/images/nlvnpf-0059-057.jpg	12	6	1	data/LucVanTien1916/patches/nlvnpf-0059-057.jpg_6_1.jpg	data/LucVanTien1916/patches_preprocessed/train/nlvnpf-0059-057.jpg_6_1.jpg	train	127.2,171.8,39.3,514.8	語𥉩量𢌌高苔	U+8A9E U+25269 U+91CF U+2230C U+9AD8 U+82D4	6	Ngửa trông lượng rộng cao dày	6	1	語𥉩量𢌌高苔	1
LucVanTien1916	nlvnpf-0059 (in mộc bản 1916)	nlvnpf-0059-057	data/LucVanTien1916/pages/images/nlvnpf-0059-057.jpg	13	6	2	data/LucVanTien1916/patches/nlvnpf-0059-057.jpg_6_2.jpg	data/LucVanTien1916/patches_preprocessed/val/nlvnpf-0059-057.jpg_6_2.jpg	val	127.2,171.8,39.3,514.8	救碎𠬠𣅶恩󰟴再生	U+6551 U+788E U+20B20 U+23176 U+6069 U+F07F4 U+518D U+751F	8	Cứu tôi một lúc ơn tày tái sinh	8	1	救碎𠬠𣅶恩󰟴再生	1
LucVanTien1916	nlvnpf-0059 (in mộc bản 1916)	nlvnpf-0059-057	data/LucVanTien1916/pages/images/nlvnpf-0059-057.jpg	14	7	1	data/LucVanTien1916/patches/nlvnpf-0059-057.jpg_7_1.jpg	data/LucVanTien1916/patches_preprocessed/train/nlvnpf-0059-057.jpg_7_1.jpg	train	94.1,172.5,35.2,514.9	老樵欺意歇驚	U+8001 U+6A35 U+6B3A U+610F U+6B47 U+9A5A	6	Lão Tiều khi ấy hết kinh	6	1	老樵欺意歇驚	1
LucVanTien1916	nlvnpf-0059 (in mộc bản 1916)	nlvnpf-0059-057	data/LucVanTien1916/pages/images/nlvnpf-0059-057.jpg	15	7	2	data/LucVanTien1916/patches/nlvnpf-0059-057.jpg_7_2.jpg	data/LucVanTien1916/patches_preprocessed/val/nlvnpf-0059-057.jpg_7_2.jpg	val	94.1,172.5,35.2,514.9	吏𧵆連哙事情買咍	U+540F U+27D46 U+9023 U+54D9 U+4E8B U+60C5 U+8CB7 U+548D	8	Lại gần liền gọi sự tình mới hay	8	1	吏𧵆連哙事情買咍	1
LucVanTien1916	nlvnpf-0059 (in mộc bản 1916)	nlvnpf-0059-057	data/LucVanTien1916/pages/images/nlvnpf-0059-057.jpg	16	8	1	data/LucVanTien1916/patches/nlvnpf-0059-057.jpg_8_1.jpg	data/LucVanTien1916/patches_preprocessed/train/nlvnpf-0059-057.jpg_8_1.jpg	train	57.7,174.4,35.5,512.9	郑𢚸傷細𠊚𣦍	U+90D1 U+226B8 U+50B7 U+7D30 U+2029A U+2398D	6	Trạnh lòng thương tới người ngay	6	1	郑𢚸傷細𠊚𣦍	1
LucVanTien1916	nlvnpf-0059 (in mộc bản 1916)	nlvnpf-0059-057	data/LucVanTien1916/pages/images/nlvnpf-0059-057.jpg	17	8	2	data/LucVanTien1916/patches/nlvnpf-0059-057.jpg_8_2.jpg	data/LucVanTien1916/patches_preprocessed/val/nlvnpf-0059-057.jpg_8_2.jpg	val	57.7,174.4,35.5,512.9	尼又迻老𢩮𢬣𧗱茄	U+5C3C U+53C8 U+8FFB U+8001 U+22A6E U+22B23 U+275F1 U+8304	8	Này này đưa lão dắt tay về nhà	8	1	尼又迻老𢩮𢬣𧗱茄	1
LucVanTien1916	nlvnpf-0059 (in mộc bản 1916)	nlvnpf-0059-057	data/LucVanTien1916/pages/images/nlvnpf-0059-057.jpg	18	9	1	data/LucVanTien1916/patches/nlvnpf-0059-057.jpg_9_1.jpg	data/LucVanTien1916/patches_preprocessed/train/nlvnpf-0059-057.jpg_9_1.jpg	train	24.4,171.9,33.6,517.2	仙浪𩛜㐌㤕車	U+4ED9 U+6D6A U+296DC U+340C U+3915 U+8ECA	6	Tiên rằng: Đói đã xót xa	6	1	仙浪𩛜㐌㤕車	1
LucVanTien1916	nlvnpf-0059 (in mộc bản 1916)	nlvnpf-0059-057	data/LucVanTien1916/pages/images/nlvnpf-0059-057.jpg	19	9	2	data/LucVanTien1916/patches/nlvnpf-0059-057.jpg_9_2.jpg	data/LucVanTien1916/patches_preprocessed/train/nlvnpf-0059-057.jpg_9_2.jpg	train	24.4,171.9,33.6,517.2	𫢩它𠯿𣇊庄和味之	U+2B8A9 U+5B83 U+20BFF U+231CA U+5E84 U+548C U+5473 U+4E4B	8	Nay đà sáu bữa chẳng hòa mùi chi	8	1	𫢩它𠯿𣇊庄和味之	1
LucVanTien1916	nlvnpf-0059 (in mộc bản 1916)	nlvnpf-0059-058	data/LucVanTien1916/pages/images/nlvnpf-0059-058.jpg	0	0	1	data/LucVanTien1916/patches/nlvnpf-0059-058.jpg_0_1.jpg	data/LucVanTien1916/patches_preprocessed/train/nlvnpf-0059-058.jpg_0_1.jpg	train	441.4,175.3,34.7,513.0	吏添𫫵列四支	U+540F U+6DFB U+2BAF5 U+5217 U+56DB U+652F	6	Lại thêm lũ lượt tứ chi	6	1	吏添𫫵列四支	1
LucVanTien1916	nlvnpf-0059 (in mộc bản 1916)	nlvnpf-0059-058	data/LucVanTien1916/pages/images/nlvnpf-0059-058.jpg	1	0	2	data/LucVanTien1916/patches/nlvnpf-0059-058.jpg_0_2.jpg	data/LucVanTien1916/patches_preprocessed/train/nlvnpf-0059-058.jpg_0_2.jpg	train	441.4,175.3,34.7,513.0	悶𠫾蹺妬麻𠫾坤移	U+60B6 U+20AFE U+8E7A U+59AC U+9EBB U+20AFE U+5764 U+79FB	8	Muốn đi theo đó mà đi khôn dời	8	1	悶𠫾蹺妬麻𠫾坤移	1
LucVanTien1916	nlvnpf-0059 (in mộc bản 1916)	nlvnpf-0059-058	data/LucVanTien1916/pages/images/nlvnpf-0059-058.jpg	2	1	1	data/LucVanTien1916/patches/nlvnpf-0059-058.jpg_1_1.jpg	data/LucVanTien1916/patches_preprocessed/train/nlvnpf-0059-058.jpg_1_1.jpg	train	406.4,173.1,32.4,516.6	老樵底仰𥶄𥯒	U+8001 U+6A35 U+5E95 U+4EF0 U+25D84 U+25BD2	6	Lão tiều đây ngửa nón tơi	6	1	老樵底仰𥶄𥯒	1
LucVanTien1916	nlvnpf-0059 (in mộc bản 1916)	nlvnpf-0059-058	data/LucVanTien1916/pages/images/nlvnpf-0059-058.jpg	3	1	2	data/LucVanTien1916/patches/nlvnpf-0059-058.jpg_1_2.jpg	data/LucVanTien1916/patches_preprocessed/train/nlvnpf-0059-058.jpg_1_2.jpg	train	406.4,173.1,32.4,516.6	嗎𦋦粓𫋻𨑮勸雲仙	U+55CE U+262E6 U+7C93 U+2B2FB U+2846E U+52F8 U+96F2 U+4ED9	8	Mở ra cơm gói mời [khuyên] Vân Tiên	8	1	嗎𦋦粓𫋻𨑮勸雲仙	1
LucVanTien1916	nlvnpf-0059 (in mộc bản 1916)	nlvnpf-0059-058	data/LucVanTien1916/pages/images/nlvnpf-0059-058.jpg	4	2	1	data/LucVanTien1916/patches/nlvnpf-0059-058.jpg_2_1.jpg	data/LucVanTien1916/patches_preprocessed/train/nlvnpf-0059-058.jpg_2_1.jpg	train	365.7,174.4,36.2,517.2	冲𨉓咹㕵㐌安	U+51B2 U+28253 U+54B9 U+3575 U+340C U+5B89	6	Trong mình ăn uống đã yên	6	1	冲𨉓咹㕵㐌安	1
LucVanTien1916	nlvnpf-0059 (in mộc bản 1916)	nlvnpf-0059-058	data/LucVanTien1916/pages/images/nlvnpf-0059-058.jpg	5	2	2	data/LucVanTien1916/patches/nlvnpf-0059-058.jpg_2_2.jpg	data/LucVanTien1916/patches_preprocessed/train/nlvnpf-0059-058.jpg_2_2.jpg	train	365.7,174.4,36.2,517.2	老𦋦飭孟󰲶仙𧗱茄	U+8001 U+262E6 U+98ED U+5B5F U+F0CB6 U+4ED9 U+275F1 U+8304	8	Lão ra sức mạnh cõng Tiên về nhà	8	1	老𦋦飭孟󰲶仙𧗱茄	1
LucVanTien1916	nlvnpf-0059 (in mộc bản 1916)	nlvnpf-0059-058	data/LucVanTien1916/pages/images/nlvnpf-0059-058.jpg	6	3	1	data/LucVanTien1916/patches/nlvnpf-0059-058.jpg_3_1.jpg	data/LucVanTien1916/patches_preprocessed/train/nlvnpf-0059-058.jpg_3_1.jpg	train	328.9,176.5,34.7,516.2	塊棱𦋦細頭塘	U+584A U+68F1 U+262E6 U+7D30 U+982D U+5858	6	Khỏi rừng ra tới đầu đường	6	1	塊棱𦋦細頭塘	1
LucVanTien1916	nlvnpf-0059 (in mộc bản 1916)	nlvnpf-0059-058	data/LucVanTien1916/pages/images/nlvnpf-0059-058.jpg	7	3	2	data/LucVanTien1916/patches/nlvnpf-0059-058.jpg_3_2.jpg	data/LucVanTien1916/patches_preprocessed/val/nlvnpf-0059-058.jpg_3_2.jpg	val	328.9,176.5,34.7,516.2	埋󰦓侈﨤𠬠払漢明	U+57CB U+F0993 U+4F88 U+FA24 U+20B20 U+6255 U+6F22 U+660E	8	May đâu xẩy gặp một chàng Hớn Minh	8	1	埋󰦓侈﨤𠬠払漢明	1
LucVanTien1916	nlvnpf-0059 (in mộc bản 1916)	nlvnpf-0059-058	data/LucVanTien1916/pages/images/nlvnpf-0059-058.jpg	8	4	1	data/LucVanTien1916/patches/nlvnpf-0059-058.jpg_4_1.jpg	data/LucVanTien1916/patches_preprocessed/train/nlvnpf-0059-058.jpg_4_1.jpg	train	290.4,175.9,36.6,519.3	老樵栗達奔呈	U+8001 U+6A35 U+6817 U+9054 U+5954 U+5448	6	Lão tiều lật đật bôn trình	6	1	老樵栗達奔呈	1
LucVanTien1916	nlvnpf-0059 (in mộc bản 1916)	nlvnpf-0059-058	data/LucVanTien1916/pages/images/nlvnpf-0059-058.jpg	9	4	2	data/LucVanTien1916/patches/nlvnpf-0059-058.jpg_4_2.jpg	data/LucVanTien1916/patches_preprocessed/val/nlvnpf-0059-058.jpg_4_2.jpg	val	290.4,175.9,36.6,519.3	漢明蹺哙事情𠬠欺	U+6F22 U+660E U+8E7A U+54D9 U+4E8B U+60C5 U+20B20 U+6B3A	8	Hớn Minh theo hỏi sự tình một khi	8	1	漢明蹺哙事情𠬠欺	1
LucVanTien1916	nlvnpf-0059 (in mộc bản 1916)	nlvnpf-0059-058	data/LucVanTien1916/pages/images/nlvnpf-0059-058.jpg	10	5	1	data/LucVanTien1916/patches/nlvnpf-0059-058.jpg_5_1.jpg	data/LucVanTien1916/patches_preprocessed/train/nlvnpf-0059-058.jpg_5_1.jpg	train	250.6,178.4,35.0,519.3	雲仙𦖑㗂故知	U+96F2 U+4ED9 U+26591 U+35C2 U+6545 U+77E5	6	Vân Tiên nghe tiếng cố tri	6	1	雲仙𦖑㗂故知	1
LucVanTien1916	nlvnpf-0059 (in mộc bản 1916)	nlvnpf-0059-058	data/LucVanTien1916/pages/images/nlvnpf-0059-058.jpg	11	5	2	data/LucVanTien1916/patches/nlvnpf-0059-058.jpg_5_2.jpg	data/LucVanTien1916/patches_preprocessed/train/nlvnpf-0059-058.jpg_5_2.jpg	train	250.6,178.4,35.0,519.3	姅𢜠姅𢜝姅衣分𨉓	U+59C5 U+22720 U+59C5 U+2271D U+59C5 U+8863 U+5206 U+28253	8	Nửa mừng nửa sợ nửa e phận mình	8	1	姅𢜠姅𢜝姅衣分𨉓	1
LucVanTien1916	nlvnpf-0059 (in mộc bản 1916)	nlvnpf-0059-058	data/LucVanTien1916/pages/images/nlvnpf-0059-058.jpg	12	6	1	data/LucVanTien1916/patches/nlvnpf-0059-058.jpg_6_1.jpg	data/LucVanTien1916/patches_preprocessed/train/nlvnpf-0059-058.jpg_6_1.jpg	train	210.7,180.8,35.6,516.8	明浪𫢩哙人兄	U+660E U+6D6A U+2B8A9 U+54D9 U+4EBA U+5144	6	Minh rằng: Nay hỏi nhân huynh	6	1	明浪𫢩哙人兄	1
LucVanTien1916	nlvnpf-0059 (in mộc bản 1916)	nlvnpf-0059-058	data/LucVanTien1916/pages/images/nlvnpf-0059-058.jpg	13	6	2	data/LucVanTien1916/patches/nlvnpf-0059-058.jpg_6_2.jpg	data/LucVanTien1916/patches_preprocessed/val/nlvnpf-0059-058.jpg_6_2.jpg	val	210.7,180.8,35.6,516.8	㨿牢𢧚浽身形世尼	U+3A3F U+7262 U+229DA U+6D7D U+8EAB U+5F62 U+4E16 U+5C3C	8	Cớ sao nên nỗi thân hình thế nỉ	8	1	㨿牢𢧚浽身形世尼	1
LucVanTien1916	nlvnpf-0059 (in mộc bản 1916)	nlvnpf-0059-058	data/LucVanTien1916/pages/images/nlvnpf-0059-058.jpg	14	7	1	data/LucVanTien1916/patches/nlvnpf-0059-058.jpg_7_1.jpg	data/LucVanTien1916/patches_preprocessed/train/nlvnpf-0059-058.jpg_7_1.jpg	train	173.4,182.0,37.7,516.8	仙浪庄掣呐之	U+4ED9 U+6D6A U+5E84 U+63A3 U+5450 U+4E4B	6	Tiên rằng: Chẳng xiết nói chi	6	1	仙浪庄掣呐之	1
LucVanTien1916	nlvnpf-0059 (in mộc bản 1916)	nlvnpf-0059-058	data/LucVanTien1916/pages/images/nlvnpf-0059-058.jpg	15	7	2	data/LucVanTien1916/patches/nlvnpf-0059-058.jpg_7_2.jpg	data/LucVanTien1916/patches_preprocessed/val/nlvnpf-0059-058.jpg_7_2.jpg	val	173.4,182.0,37.7,516.8	身尼芇固恪之𣘃㵢	U+8EAB U+5C3C U+8287 U+56FA U+606A U+4E4B U+23603 U+3D62	8	Thân này nào có khác gì cây trôi	8	1	身尼芇固恪之𣘃㵢	1
LucVanTien1916	nlvnpf-0059 (in mộc bản 1916)	nlvnpf-0059-058	data/LucVanTien1916/pages/images/nlvnpf-0059-058.jpg	16	8	1	data/LucVanTien1916/patches/nlvnpf-0059-058.jpg_8_1.jpg	data/LucVanTien1916/patches_preprocessed/train/nlvnpf-0059-058.jpg_8_1.jpg	train	138.6,182.7,37.7,517.4	泠汀𫕲摺㳥洡	U+6CE0 U+6C40 U+2B572 U+647A U+3CE5 U+6D21	6	Lênh đênh gió dập sóng dồi	6	1	泠汀𫕲摺㳥洡	1
LucVanTien1916	nlvnpf-0059 (in mộc bản 1916)	nlvnpf-0059-058	data/LucVanTien1916/pages/images/nlvnpf-0059-058.jpg	17	8	2	data/LucVanTien1916/patches/nlvnpf-0059-058.jpg_8_2.jpg	data/LucVanTien1916/patches_preprocessed/train/nlvnpf-0059-058.jpg_8_2.jpg	train	138.6,182.7,37.7,517.4	󰉨滝枚𣷷󰋇囬󰠡𮥷	U+F0268 U+6EDD U+679A U+23DF7 U+F02C7 U+56EC U+F0821 U+2E977	8	Rày sông mai biển, mấy hồi gian nan	8	1	󰉨滝枚𣷷󰋇囬󰠡𮥷	1
LucVanTien1916	nlvnpf-0059 (in mộc bản 1916)	nlvnpf-0059-058	data/LucVanTien1916/pages/images/nlvnpf-0059-058.jpg	18	9	1	data/LucVanTien1916/patches/nlvnpf-0059-058.jpg_9_1.jpg	data/LucVanTien1916/patches_preprocessed/train/nlvnpf-0059-058.jpg_9_1.jpg	train	103.9,185.2,35.9,515.5	明浪低苦哙㗍	U+660E U+6D6A U+4F4E U+82E6 U+54D9 U+35CD	6	Minh rằng: Ðây khó hỏi han	6	1	明浪低苦哙㗍	1
LucVanTien1916	nlvnpf-0059 (in mộc bản 1916)	nlvnpf-0059-058	data/LucVanTien1916/pages/images/nlvnpf-0059-058.jpg	19	9	2	data/LucVanTien1916/patches/nlvnpf-0059-058.jpg_9_2.jpg	data/LucVanTien1916/patches_preprocessed/val/nlvnpf-0059-058.jpg_9_2.jpg	val	103.9,185.2,35.9,515.5	𠓨厨些仕論盘󰠃饒	U+204E8 U+53A8 U+4E9B U+4ED5 U+8AD6 U+76D8 U+F0803 U+9952	8	Vào chùa ta sẽ luận bàn cùng nhau	8	1	𠓨厨些仕論盘󰠃饒	1
LucVanTien1916	nlvnpf-0059 (in mộc bản 1916)	nlvnpf-0059-059	data/LucVanTien1916/pages/images/nlvnpf-0059-059.jpg	0	0	1	data/LucVanTien1916/patches/nlvnpf-0059-059.jpg_0_1.jpg	data/LucVanTien1916/patches_preprocessed/train/nlvnpf-0059-059.jpg_0_1.jpg	train	366.1,169.8,31.2,505.8	樵浪庄呵呐𥹰	U+6A35 U+6D6A U+5E84 U+5475 U+5450 U+25E70	6	Tiều rằng: Chẳng há nói lâu	6	1	樵浪庄呵呐𥹰	1
LucVanTien1916	nlvnpf-0059 (in mộc bản 1916)	nlvnpf-0059-059	data/LucVanTien1916/pages/images/nlvnpf-0059-059.jpg	1	0	2	data/LucVanTien1916/patches/nlvnpf-0059-059.jpg_0_2.jpg	data/LucVanTien1916/patches_preprocessed/train/nlvnpf-0059-059.jpg_0_2.jpg	train	366.1,169.8,31.2,505.8	𠓨棱扽桧半󰉨𢄂番	U+204E8 U+68F1 U+627D U+6867 U+534A U+F0268 U+22102 U+756A	8	Vào rừng đốn củi bán rày chợ phiên	8	1	𠓨棱扽桧半󰉨𢄂番	1
LucVanTien1916	nlvnpf-0059 (in mộc bản 1916)	nlvnpf-0059-059	data/LucVanTien1916/pages/images/nlvnpf-0059-059.jpg	2	1	1	data/LucVanTien1916/patches/nlvnpf-0059-059.jpg_1_1.jpg	data/LucVanTien1916/patches_preprocessed/train/nlvnpf-0059-059.jpg_1_1.jpg	train	326.5,169.8,35.3,507.0	漢明蹺哙𥛉連	U+6F22 U+660E U+8E7A U+54D9 U+256C9 U+9023	6	Hớn Minh quỳ gọi lạy liền	6	1	漢明蹺哙𥛉連	1
LucVanTien1916	nlvnpf-0059 (in mộc bản 1916)	nlvnpf-0059-059	data/LucVanTien1916/pages/images/nlvnpf-0059-059.jpg	3	1	2	data/LucVanTien1916/patches/nlvnpf-0059-059.jpg_1_2.jpg	data/LucVanTien1916/patches_preprocessed/train/nlvnpf-0059-059.jpg_1_2.jpg	train	326.5,169.8,35.3,507.0	恩翁救鄧雲仙姅𠸖	U+6069 U+7FC1 U+6551 U+9127 U+96F2 U+4ED9 U+59C5 U+20E16	8	Ơn ông cứu đặng Vân Tiên bạn lành	8	1	恩翁救鄧雲仙姅𠸖	1
LucVanTien1916	nlvnpf-0059 (in mộc bản 1916)	nlvnpf-0059-059	data/LucVanTien1916/pages/images/nlvnpf-0059-059.jpg	4	2	1	data/LucVanTien1916/patches/nlvnpf-0059-059.jpg_2_1.jpg	data/LucVanTien1916/patches_preprocessed/train/nlvnpf-0059-059.jpg_2_1.jpg	train	287.0,170.5,34.8,507.0	尼𠄩月泊冲𨉓	U+5C3C U+20129 U+6708 U+6CCA U+51B2 U+28253	6	Nay hai lạng bạc trong mình	6	1	尼𠄩月泊冲𨉓	1
LucVanTien1916	nlvnpf-0059 (in mộc bản 1916)	nlvnpf-0059-059	data/LucVanTien1916/pages/images/nlvnpf-0059-059.jpg	5	2	2	data/LucVanTien1916/patches/nlvnpf-0059-059.jpg_2_2.jpg	data/LucVanTien1916/patches_preprocessed/train/nlvnpf-0059-059.jpg_2_2.jpg	train	287.0,170.5,34.8,507.0	碎吀报答󰭊情朱翁	U+788E U+5400 U+62A5 U+7B54 U+F0B4A U+60C5 U+6731 U+7FC1	8	Tôi xin báo đáp chút tình cho ông	8	1	碎吀报答󰭊情朱翁	1
LucVanTien1916	nlvnpf-0059 (in mộc bản 1916)	nlvnpf-0059-059	data/LucVanTien1916/pages/images/nlvnpf-0059-059.jpg	6	3	1	data/LucVanTien1916/patches/nlvnpf-0059-059.jpg_3_1.jpg	data/LucVanTien1916/patches_preprocessed/train/nlvnpf-0059-059.jpg_3_1.jpg	train	247.2,169.8,37.6,508.9	樵浪些本庄用	U+6A35 U+6D6A U+4E9B U+672C U+5E84 U+7528	6	Tiều rằng: Ta vốn chẳng dung	6	1	樵浪些本庄用	1
LucVanTien1916	nlvnpf-0059 (in mộc bản 1916)	nlvnpf-0059-059	data/LucVanTien1916/pages/images/nlvnpf-0059-059.jpg	7	3	2	data/LucVanTien1916/patches/nlvnpf-0059-059.jpg_3_2.jpg	data/LucVanTien1916/patches_preprocessed/train/nlvnpf-0059-059.jpg_3_2.jpg	train	247.2,169.8,37.6,508.9	𠬠𨉓嗷喭𧀒松𣋚枚	U+20B20 U+28253 U+55F7 U+55AD U+27012 U+677E U+232DA U+679A	8	Một mình ngao ngán non tùng hôm mai	8	1	𠬠𨉓嗷喭𧀒松𣋚枚	1
LucVanTien1916	nlvnpf-0059 (in mộc bản 1916)	nlvnpf-0059-059	data/LucVanTien1916/pages/images/nlvnpf-0059-059.jpg	8	4	1	data/LucVanTien1916/patches/nlvnpf-0059-059.jpg_4_1.jpg	data/LucVanTien1916/patches_preprocessed/train/nlvnpf-0059-059.jpg_4_1.jpg	train	207.1,171.5,38.8,507.8	沁𢚸庄悶𧵑埃	U+6C81 U+226B8 U+5E84 U+60B6 U+27D51 U+57C3	6	Tấm lòng chẳng muốn của ai	6	1	沁𢚸庄悶𧵑埃	1
LucVanTien1916	nlvnpf-0059 (in mộc bản 1916)	nlvnpf-0059-059	data/LucVanTien1916/pages/images/nlvnpf-0059-059.jpg	9	4	2	data/LucVanTien1916/patches/nlvnpf-0059-059.jpg_4_2.jpg	data/LucVanTien1916/patches_preprocessed/train/nlvnpf-0059-059.jpg_4_2.jpg	train	207.1,171.5,38.8,507.8	祿𣘃梗博𠄩󰒺󰠱泥	U+797F U+23603 U+6897 U+535A U+20129 U+F04BA U+F0831 U+6CE5	8	Lộc cây gánh vác hai vai nặng nề	8	1	祿𣘃梗博𠄩󰒺󰠱泥	1
LucVanTien1916	nlvnpf-0059 (in mộc bản 1916)	nlvnpf-0059-059	data/LucVanTien1916/pages/images/nlvnpf-0059-059.jpg	10	5	1	data/LucVanTien1916/patches/nlvnpf-0059-059.jpg_5_1.jpg	data/LucVanTien1916/patches_preprocessed/train/nlvnpf-0059-059.jpg_5_1.jpg	train	168.8,171.4,38.8,509.0	伴𤿤󰠃貝鹿麋	U+4F34 U+24FE4 U+F0803 U+8C9D U+9E7F U+9E8B	6	Bạn bè cùng với lộc mê	6	1	伴𤿤󰠃貝鹿麋	1
LucVanTien1916	nlvnpf-0059 (in mộc bản 1916)	nlvnpf-0059-059	data/LucVanTien1916/pages/images/nlvnpf-0059-059.jpg	11	5	2	data/LucVanTien1916/patches/nlvnpf-0059-059.jpg_5_2.jpg	data/LucVanTien1916/patches_preprocessed/train/nlvnpf-0059-059.jpg_5_2.jpg	train	168.8,171.4,38.8,509.0	𣌋𠫾猿逴最𧗱兎迻	U+2330B U+20AFE U+733F U+9034 U+6700 U+275F1 U+514E U+8FFB	8	Sớm đi vượn rước tối về thỏ đưa	8	1	𣌋𠫾猿逴最𧗱兎迻	1
LucVanTien1916	nlvnpf-0059 (in mộc bản 1916)	nlvnpf-0059-059	data/LucVanTien1916/pages/images/nlvnpf-0059-059.jpg	12	6	1	data/LucVanTien1916/patches/nlvnpf-0059-059.jpg_6_1.jpg	data/LucVanTien1916/patches_preprocessed/train/nlvnpf-0059-059.jpg_6_1.jpg	train	133.8,172.9,35.0,508.3	默油𩛷𩛜𩛷𩛂	U+9ED8 U+6CB9 U+296F7 U+296DC U+296F7 U+296C2	6	Mặc dầu bữa đói bữa no	6	1	默油𩛷𩛜𩛷𩛂	1
LucVanTien1916	nlvnpf-0059 (in mộc bản 1916)	nlvnpf-0059-059	data/LucVanTien1916/pages/images/nlvnpf-0059-059.jpg	13	6	2	data/LucVanTien1916/patches/nlvnpf-0059-059.jpg_6_2.jpg	data/LucVanTien1916/patches_preprocessed/train/nlvnpf-0059-059.jpg_6_2.jpg	train	133.8,172.9,35.0,508.3	埃垠隊𦬑埃𡐚扒搜	U+57C3 U+57A0 U+968A U+26B11 U+57C3 U+2141A U+6252 U+641C	8	Ai ngăn đòi nỡ ai ngừa bắt sưu	8	1	埃垠隊𦬑埃𡐚扒搜	1
LucVanTien1916	nlvnpf-0059 (in mộc bản 1916)	nlvnpf-0059-059	data/LucVanTien1916/pages/images/nlvnpf-0059-059.jpg	14	7	1	data/LucVanTien1916/patches/nlvnpf-0059-059.jpg_7_1.jpg	data/LucVanTien1916/patches_preprocessed/train/nlvnpf-0059-059.jpg_7_1.jpg	train	96.0,172.7,38.2,509.1	冲𨉓領𭛣公侯	U+51B2 U+28253 U+9818 U+2D6E3 U+516C U+4FAF	6	Trong mình lĩnh việc công hầu	6	1	冲𨉓領𭛣公侯	1
LucVanTien1916	nlvnpf-0059 (in mộc bản 1916)	nlvnpf-0059-059	data/LucVanTien1916/pages/images/nlvnpf-0059-059.jpg	15	7	2	data/LucVanTien1916/patches/nlvnpf-0059-059.jpg_7_2.jpg	data/LucVanTien1916/patches_preprocessed/train/nlvnpf-0059-059.jpg_7_2.jpg	train	96.0,172.7,38.2,509.1	𣋚枚𡽫嶺默油盃醝	U+232DA U+679A U+21F6B U+5DBA U+9ED8 U+6CB9 U+76C3 U+919D	8	Hôm mai non lĩnh mặc dầu bữa say	8	1	𣋚枚𡽫嶺默油盃醝	1
LucVanTien1916	nlvnpf-0059 (in mộc bản 1916)	nlvnpf-0059-059	data/LucVanTien1916/pages/images/nlvnpf-0059-059.jpg	16	8	1	data/LucVanTien1916/patches/nlvnpf-0059-059.jpg_8_1.jpg	data/LucVanTien1916/patches_preprocessed/train/nlvnpf-0059-059.jpg_8_1.jpg	train	59.2,172.8,36.4,508.4	雲仙𦖑別𠊛𣦍	U+96F2 U+4ED9 U+26591 U+5225 U+2029B U+2398D	6	Vân Tiên nghe biết người ngay	6	1	雲仙𦖑別𠊛𣦍	1
LucVanTien1916	nlvnpf-0059 (in mộc bản 1916)	nlvnpf-0059-059	data/LucVanTien1916/pages/images/nlvnpf-0059-059.jpg	17	8	2	data/LucVanTien1916/patches/nlvnpf-0059-059.jpg_8_2.jpg	data/LucVanTien1916/patches_preprocessed/train/nlvnpf-0059-059.jpg_8_2.jpg	train	59.2,172.8,36.4,508.4	𠳨𠽄𠸜户防𣈗𡊰恩	U+20CE8 U+20F44 U+20E1C U+6237 U+9632 U+23217 U+212B0 U+6069	8	Hỏi thăm tên họ phòng ngày đền ơn	8	1	𠳨𠽄𠸜户防𣈗𡊰恩	1
LucVanTien1916	nlvnpf-0059 (in mộc bản 1916)	nlvnpf-0059-059	data/LucVanTien1916/pages/images/nlvnpf-0059-059.jpg	18	9	1	data/LucVanTien1916/patches/nlvnpf-0059-059.jpg_9_1.jpg	data/LucVanTien1916/patches_preprocessed/train/nlvnpf-0059-059.jpg_9_1.jpg	train	26.9,172.9,32.4,508.9	老樵阻吏林山	U+8001 U+6A35 U+963B U+540F U+6797 U+5C71	6	Lão Tiều trở lại lâm sơn	6	1	老樵阻吏林山	1
LucVanTien1916	nlvnpf-0059 (in mộc bản 1916)	nlvnpf-0059-059	data/LucVanTien1916/pages/images/nlvnpf-0059-059.jpg	19	9	2	data/LucVanTien1916/patches/nlvnpf-0059-059.jpg_9_2.jpg	data/LucVanTien1916/patches_preprocessed/train/nlvnpf-0059-059.jpg_9_2.jpg	train	26.9,172.9,32.4,508.9	仙明𠄩𡥚調𧗱庵𩄲	U+4ED9 U+660E U+20129 U+2195A U+8ABF U+275F1 U+5EB5 U+29132	8	Tiên, Minh hai gã đều về am mây	8	1	仙明𠄩𡥚調𧗱庵𩄲	1
LucVanTien1916	nlvnpf-0059 (in mộc bản 1916)	nlvnpf-0059-060	data/LucVanTien1916/pages/images/nlvnpf-0059-060.jpg	0	0	1	data/LucVanTien1916/patches/nlvnpf-0059-060.jpg_0_1.jpg	data/LucVanTien1916/patches_preprocessed/train/nlvnpf-0059-060.jpg_0_1.jpg	train	444.9,176.5,35.1,509.6	仙浪㐌﨤科尼	U+4ED9 U+6D6A U+340C U+FA24 U+79D1 U+5C3C	6	Tiên rằng: Ðã gặp khoa này	6	1	仙浪㐌﨤科尼	1
LucVanTien1916	nlvnpf-0059 (in mộc bản 1916)	nlvnpf-0059-060	data/LucVanTien1916/pages/images/nlvnpf-0059-060.jpg	1	0	2	data/LucVanTien1916/patches/nlvnpf-0059-060.jpg_0_2.jpg	data/LucVanTien1916/patches_preprocessed/train/nlvnpf-0059-060.jpg_0_2.jpg	train	444.9,176.5,35.1,509.6	故牢玉友於低󰥎夷	U+6545 U+7262 U+7389 U+53CB U+65BC U+4F4E U+F094E U+5937	8	Cớ sao ngọc hữu ở đây làm gì?	8	1	故牢玉友於低󰥎夷	1
LucVanTien1916	nlvnpf-0059 (in mộc bản 1916)	nlvnpf-0059-060	data/LucVanTien1916/pages/images/nlvnpf-0059-060.jpg	2	1	1	data/LucVanTien1916/patches/nlvnpf-0059-060.jpg_1_1.jpg	data/LucVanTien1916/patches_preprocessed/train/nlvnpf-0059-060.jpg_1_1.jpg	train	406.6,176.5,40.2,506.7	明浪𠸗篤𠖈詩	U+660E U+6D6A U+20E17 U+7BE4 U+20588 U+8A69	6	Minh rằng: Xưa dốc xuống thi	6	1	明浪𠸗篤𠖈詩	1
LucVanTien1916	nlvnpf-0059 (in mộc bản 1916)	nlvnpf-0059-060	data/LucVanTien1916/pages/images/nlvnpf-0059-060.jpg	3	1	2	data/LucVanTien1916/patches/nlvnpf-0059-060.jpg_1_2.jpg	data/LucVanTien1916/patches_preprocessed/val/nlvnpf-0059-060.jpg_1_2.jpg	val	406.6,176.5,40.2,506.7	﨤饒庙宇調𠫾𠬠吝	U+FA24 U+9952 U+5E99 U+5B87 U+8ABF U+20AFE U+20B20 U+541D	8	Gặp nhau miếu vũ đều đi một lần	8	1	﨤饒庙宇調𠫾𠬠吝	1
LucVanTien1916	nlvnpf-0059 (in mộc bản 1916)	nlvnpf-0059-060	data/LucVanTien1916/pages/images/nlvnpf-0059-060.jpg	4	2	1	data/LucVanTien1916/patches/nlvnpf-0059-060.jpg_2_1.jpg	data/LucVanTien1916/patches_preprocessed/train/nlvnpf-0059-060.jpg_2_1.jpg	train	370.8,177.2,37.0,507.4	英時回貫省親	U+82F1 U+6642 U+56DE U+8CAB U+7701 U+89AA	6	Anh thì hồi quán tỉnh thân	6	1	英時回貫省親	1
LucVanTien1916	nlvnpf-0059 (in mộc bản 1916)	nlvnpf-0059-060	data/LucVanTien1916/pages/images/nlvnpf-0059-060.jpg	5	2	2	data/LucVanTien1916/patches/nlvnpf-0059-060.jpg_2_2.jpg	data/LucVanTien1916/patches_preprocessed/val/nlvnpf-0059-060.jpg_2_2.jpg	val	370.8,177.2,37.0,507.4	㛪芒劄册畧吝𦋦京	U+36EA U+8292 U+5284 U+518C U+7567 U+541D U+262E6 U+4EAC	8	Em mang tráp sách trước lần ra kinh	8	1	㛪芒劄册畧吝𦋦京	1
LucVanTien1916	nlvnpf-0059 (in mộc bản 1916)	nlvnpf-0059-060	data/LucVanTien1916/pages/images/nlvnpf-0059-060.jpg	6	3	1	data/LucVanTien1916/patches/nlvnpf-0059-060.jpg_3_1.jpg	data/LucVanTien1916/patches_preprocessed/train/nlvnpf-0059-060.jpg_3_1.jpg	train	332.0,178.4,39.4,509.6	𠫾𣃣細郡鵉灵	U+20AFE U+230E3 U+7D30 U+90E1 U+9D49 U+7075	6	Ði vừa tới quận Loan Linh	6	1	𠫾𣃣細郡鵉灵	1
LucVanTien1916	nlvnpf-0059 (in mộc bản 1916)	nlvnpf-0059-060	data/LucVanTien1916/pages/images/nlvnpf-0059-060.jpg	7	3	2	data/LucVanTien1916/patches/nlvnpf-0059-060.jpg_3_2.jpg	data/LucVanTien1916/patches_preprocessed/val/nlvnpf-0059-060.jpg_3_2.jpg	val	332.0,178.4,39.4,509.6	﨤昆知府鄧生󰑼払	U+FA24 U+6606 U+77E5 U+5E9C U+9127 U+751F U+F047C U+6255	8	Gặp con Tri phủ Ðặng Sinh là chàng	8	1	﨤昆知府鄧生󰑼払	1
LucVanTien1916	nlvnpf-0059 (in mộc bản 1916)	nlvnpf-0059-060	data/LucVanTien1916/pages/images/nlvnpf-0059-060.jpg	8	4	1	data/LucVanTien1916/patches/nlvnpf-0059-060.jpg_4_1.jpg	data/LucVanTien1916/patches_preprocessed/train/nlvnpf-0059-060.jpg_4_1.jpg	train	295.5,180.2,35.4,507.6	𢀭郎涓退荒堂	U+2202D U+90CE U+6D93 U+9000 U+8352 U+5802	6	Giàu sang quen thói hoang đường	6	1	𢀭郎涓退荒堂	1
LucVanTien1916	nlvnpf-0059 (in mộc bản 1916)	nlvnpf-0059-060	data/LucVanTien1916/pages/images/nlvnpf-0059-060.jpg	9	4	2	data/LucVanTien1916/patches/nlvnpf-0059-060.jpg_4_2.jpg	data/LucVanTien1916/patches_preprocessed/val/nlvnpf-0059-060.jpg_4_2.jpg	val	295.5,180.2,35.4,507.6	﨤昆𡛔卒󰥎昂庄爲	U+FA24 U+6606 U+216D4 U+5352 U+F094E U+6602 U+5E84 U+7232	8	Gặp con gái tốt làm ngang chẳng vì	8	1	﨤昆𡛔卒󰥎昂庄爲	1
LucVanTien1916	nlvnpf-0059 (in mộc bản 1916)	nlvnpf-0059-060	data/LucVanTien1916/pages/images/nlvnpf-0059-060.jpg	10	5	1	data/LucVanTien1916/patches/nlvnpf-0059-060.jpg_5_1.jpg	data/LucVanTien1916/patches_preprocessed/train/nlvnpf-0059-060.jpg_5_1.jpg	train	255.6,181.3,39.9,509.0	碎卞浽陣𠬠欺	U+788E U+535E U+6D7D U+9663 U+20B20 U+6B3A	6	Tôi bèn nổi giận một khi	6	1	碎卞浽陣𠬠欺	1
LucVanTien1916	nlvnpf-0059 (in mộc bản 1916)	nlvnpf-0059-060	data/LucVanTien1916/pages/images/nlvnpf-0059-060.jpg	11	5	2	data/LucVanTien1916/patches/nlvnpf-0059-060.jpg_5_2.jpg	data/LucVanTien1916/patches_preprocessed/train/nlvnpf-0059-060.jpg_5_2.jpg	train	255.6,181.3,39.9,509.0	勿払𠖈妬𢯏𠫾𠬠𨃝	U+52FF U+6255 U+20588 U+59AC U+22BCF U+20AFE U+20B20 U+280DD	8	Vật chàng xuống đó bẻ đi một giò	8	1	勿払𠖈妬𢯏𠫾𠬠𨃝	1
LucVanTien1916	nlvnpf-0059 (in mộc bản 1916)	nlvnpf-0059-060	data/LucVanTien1916/pages/images/nlvnpf-0059-060.jpg	12	6	1	data/LucVanTien1916/patches/nlvnpf-0059-060.jpg_6_1.jpg	data/LucVanTien1916/patches_preprocessed/train/nlvnpf-0059-060.jpg_6_1.jpg	train	216.0,183.9,38.8,507.0	𨉓󰥎𨉓底埃𢗼	U+28253 U+F094E U+28253 U+5E95 U+57C3 U+225FC	6	Mình làm mình để ai lo	6	1	𨉓󰥎𨉓底埃𢗼	1
LucVanTien1916	nlvnpf-0059 (in mộc bản 1916)	nlvnpf-0059-060	data/LucVanTien1916/pages/images/nlvnpf-0059-060.jpg	13	6	2	data/LucVanTien1916/patches/nlvnpf-0059-060.jpg_6_2.jpg	data/LucVanTien1916/patches_preprocessed/train/nlvnpf-0059-060.jpg_6_2.jpg	train	216.0,183.9,38.8,507.0	执𢬣𠹾𫃚納朱縣堂	U+6267 U+22B23 U+20E7E U+2B0DA U+7D0D U+6731 U+7E23 U+5802	8	Chấp tay chịu buộc nạp cho huyện đường .	9	0	执𢬣𠹾𫃚納朱縣堂	1
LucVanTien1916	nlvnpf-0059 (in mộc bản 1916)	nlvnpf-0059-060	data/LucVanTien1916/pages/images/nlvnpf-0059-060.jpg	14	7	1	data/LucVanTien1916/patches/nlvnpf-0059-060.jpg_7_1.jpg	data/LucVanTien1916/patches_preprocessed/train/nlvnpf-0059-060.jpg_7_1.jpg	train	181.2,185.0,37.7,506.5	𣃣苔𦋦郡朔方	U+230E3 U+82D4 U+262E6 U+90E1 U+6714 U+65B9	6	Vừa đày ra quận Sóc phương	6	1	𣃣苔𦋦郡朔方	1
LucVanTien1916	nlvnpf-0059 (in mộc bản 1916)	nlvnpf-0059-060	data/LucVanTien1916/pages/images/nlvnpf-0059-060.jpg	15	7	2	data/LucVanTien1916/patches/nlvnpf-0059-060.jpg_7_2.jpg	data/LucVanTien1916/patches_preprocessed/train/nlvnpf-0059-060.jpg_7_2.jpg	train	181.2,185.0,37.7,506.5	碎卞破獄尋塘𧗱低	U+788E U+535E U+7834 U+7344 U+5C0B U+5858 U+275F1 U+4F4E	8	Tôi bèn phá ngục tìm đường về đây	8	1	碎卞破獄尋塘𧗱低	1
LucVanTien1916	nlvnpf-0059 (in mộc bản 1916)	nlvnpf-0059-060	data/LucVanTien1916/pages/images/nlvnpf-0059-060.jpg	16	8	1	data/LucVanTien1916/patches/nlvnpf-0059-060.jpg_8_1.jpg	data/LucVanTien1916/patches_preprocessed/train/nlvnpf-0059-060.jpg_8_1.jpg	train	143.8,186.3,38.2,507.6	𣃣埋吏﨤厨尼	U+230E3 U+57CB U+540F U+FA24 U+53A8 U+5C3C	6	Vừa may lại gặp chùa này	6	1	𣃣埋吏﨤厨尼	1
LucVanTien1916	nlvnpf-0059 (in mộc bản 1916)	nlvnpf-0059-060	data/LucVanTien1916/pages/images/nlvnpf-0059-060.jpg	17	8	2	data/LucVanTien1916/patches/nlvnpf-0059-060.jpg_8_2.jpg	data/LucVanTien1916/patches_preprocessed/train/nlvnpf-0059-060.jpg_8_2.jpg	train	143.8,186.3,38.2,507.6	埋名隱跡闭迡𤍇𢭗	U+57CB U+540D U+96B1 U+8DE1 U+95ED U+8FE1 U+24347 U+22B57	8	Mai danh ẩn tích bấy chầy náu nương	8	1	埋名隱跡闭迡𤍇𢭗	1
LucVanTien1916	nlvnpf-0059 (in mộc bản 1916)	nlvnpf-0059-060	data/LucVanTien1916/pages/images/nlvnpf-0059-060.jpg	18	9	1	data/LucVanTien1916/patches/nlvnpf-0059-060.jpg_9_1.jpg	data/LucVanTien1916/patches_preprocessed/train/nlvnpf-0059-060.jpg_9_1.jpg	train	108.1,188.4,37.1,508.0	雲仙𦖑呐郑傷	U+96F2 U+4ED9 U+26591 U+5450 U+90D1 U+50B7	6	Vân Tiên nghe nói trạnh thương	6	1	雲仙𦖑呐郑傷	1
LucVanTien1916	nlvnpf-0059 (in mộc bản 1916)	nlvnpf-0059-060	data/LucVanTien1916/pages/images/nlvnpf-0059-060.jpg	19	9	2	data/LucVanTien1916/patches/nlvnpf-0059-060.jpg_9_2.jpg	data/LucVanTien1916/patches_preprocessed/val/nlvnpf-0059-060.jpg_9_2.jpg	val	108.1,188.4,37.1,508.0	調排各𭛣󰠡𮥷冲𨉓	U+8ABF U+6392 U+5404 U+2D6E3 U+F0821 U+2E977 U+51B2 U+28253	8	Đều bày các việc gian nan trong mình	8	1	調排各𭛣󰠡𮥷冲𨉓	1
LucVanTien1916	nlvnpf-0059 (in mộc bản 1916)	nlvnpf-0059-061	data/LucVanTien1916/pages/images/nlvnpf-0059-061.jpg	0	0	1	data/LucVanTien1916/patches/nlvnpf-0059-061.jpg_0_1.jpg	data/LucVanTien1916/patches_preprocessed/train/nlvnpf-0059-061.jpg_0_1.jpg	train	360.6,164.3,36.1,518.6	漢明𦖑呐動情	U+6F22 U+660E U+26591 U+5450 U+52D5 U+60C5	6	Hớn Minh nghe nói động tình	6	1	漢明𦖑呐動情	1
LucVanTien1916	nlvnpf-0059 (in mộc bản 1916)	nlvnpf-0059-061	data/LucVanTien1916/pages/images/nlvnpf-0059-061.jpg	1	0	2	data/LucVanTien1916/patches/nlvnpf-0059-061.jpg_0_2.jpg	data/LucVanTien1916/patches_preprocessed/train/nlvnpf-0059-061.jpg_0_2.jpg	train	360.6,164.3,36.1,518.6	𬑉沙紇淚如瓶渃迎	U+2C449 U+6C99 U+7D07 U+6DDA U+5982 U+74F6 U+6E03 U+8FCE	8	Mắt sa hạt lệ như bình nước nghiêng	8	1	𬑉沙紇淚如瓶渃迎	1
LucVanTien1916	nlvnpf-0059 (in mộc bản 1916)	nlvnpf-0059-061	data/LucVanTien1916/pages/images/nlvnpf-0059-061.jpg	2	1	1	data/LucVanTien1916/patches/nlvnpf-0059-061.jpg_1_1.jpg	data/LucVanTien1916/patches_preprocessed/train/nlvnpf-0059-061.jpg_1_1.jpg	train	323.7,165.6,38.0,518.0	仙浪𢖵桧松天	U+4ED9 U+6D6A U+225B5 U+6867 U+677E U+5929	6	Tiên rằng: Nhớ cội tùng thiên	6	1	仙浪𢖵桧松天	1
LucVanTien1916	nlvnpf-0059 (in mộc bản 1916)	nlvnpf-0059-061	data/LucVanTien1916/pages/images/nlvnpf-0059-061.jpg	3	1	2	data/LucVanTien1916/patches/nlvnpf-0059-061.jpg_1_2.jpg	data/LucVanTien1916/patches_preprocessed/train/nlvnpf-0059-061.jpg_1_2.jpg	train	323.7,165.6,38.0,518.0	索高歲𡘯𠹾煩劳刀	U+7D22 U+9AD8 U+6B72 U+2162F U+20E7E U+7169 U+52B3 U+5200	8	Xác cao tuổi lớn chịu phiền lao đao	8	1	索高歲𡘯𠹾煩劳刀	1
LucVanTien1916	nlvnpf-0059 (in mộc bản 1916)	nlvnpf-0059-061	data/LucVanTien1916/pages/images/nlvnpf-0059-061.jpg	4	2	1	data/LucVanTien1916/patches/nlvnpf-0059-061.jpg_2_1.jpg	data/LucVanTien1916/patches_preprocessed/train/nlvnpf-0059-061.jpg_2_1.jpg	train	284.8,164.9,36.9,519.3	𥉩昆如󰠩𥉩𬁖	U+25269 U+6606 U+5982 U+F0829 U+25269 U+2C056	6	Trông con như cá trông sao	6	1	𥉩昆如󰠩𥉩𬁖	1
LucVanTien1916	nlvnpf-0059 (in mộc bản 1916)	nlvnpf-0059-061	data/LucVanTien1916/pages/images/nlvnpf-0059-061.jpg	5	2	2	data/LucVanTien1916/patches/nlvnpf-0059-061.jpg_2_2.jpg	data/LucVanTien1916/patches_preprocessed/val/nlvnpf-0059-061.jpg_2_2.jpg	val	284.8,164.9,36.9,519.3	𨉓尼𧯶易方芇別󰦓	U+28253 U+5C3C U+27BF6 U+6613 U+65B9 U+8287 U+5225 U+F0993	8	Mình này há dễ phương nào biết đâu	8	1	𨉓尼𧯶易方芇別󰦓	1
LucVanTien1916	nlvnpf-0059 (in mộc bản 1916)	nlvnpf-0059-061	data/LucVanTien1916/pages/images/nlvnpf-0059-061.jpg	6	3	1	data/LucVanTien1916/patches/nlvnpf-0059-061.jpg_3_1.jpg	data/LucVanTien1916/patches_preprocessed/train/nlvnpf-0059-061.jpg_3_1.jpg	train	247.9,165.6,35.6,517.4	𠬠彙巾󰺔𩂏頭	U+20B20 U+5F59 U+5DFE U+F0E94 U+2908F U+982D	6	Một vầng khăn trắng che đầu	6	1	𠬠彙巾󰺔𩂏頭	1
LucVanTien1916	nlvnpf-0059 (in mộc bản 1916)	nlvnpf-0059-061	data/LucVanTien1916/pages/images/nlvnpf-0059-061.jpg	7	3	2	data/LucVanTien1916/patches/nlvnpf-0059-061.jpg_3_2.jpg	data/LucVanTien1916/patches_preprocessed/val/nlvnpf-0059-061.jpg_3_2.jpg	val	247.9,165.6,35.6,517.4	𠀧𢆥渚論𠬠勾生誠	U+20027 U+221A5 U+6E1A U+8AD6 U+20B20 U+52FE U+751F U+8AA0	8	Ba năm chưa trọn một câu sinh thành	8	1	𠀧𢆥渚論𠬠勾生誠	1
LucVanTien1916	nlvnpf-0059 (in mộc bản 1916)	nlvnpf-0059-061	data/LucVanTien1916/pages/images/nlvnpf-0059-061.jpg	8	4	1	data/LucVanTien1916/patches/nlvnpf-0059-061.jpg_4_1.jpg	data/LucVanTien1916/patches_preprocessed/train/nlvnpf-0059-061.jpg_4_1.jpg	train	209.1,164.3,37.0,519.3	顕荣渚𧡊顕荣	U+9855 U+8363 U+6E1A U+2784A U+9855 U+8363	6	Hiển vinh chưa thấy hiển vinh	6	1	顕荣渚𧡊顕荣	1
LucVanTien1916	nlvnpf-0059 (in mộc bản 1916)	nlvnpf-0059-061	data/LucVanTien1916/pages/images/nlvnpf-0059-061.jpg	9	4	2	data/LucVanTien1916/patches/nlvnpf-0059-061.jpg_4_2.jpg	data/LucVanTien1916/patches_preprocessed/val/nlvnpf-0059-061.jpg_4_2.jpg	val	209.1,164.3,37.0,519.3	小童畧㐌爲𨉓托寃	U+5C0F U+7AE5 U+7567 U+340C U+7232 U+28253 U+6258 U+5BC3	8	Tiểu đồng trước đã vì mình thác oan	8	1	小童畧㐌爲𨉓托寃	1
LucVanTien1916	nlvnpf-0059 (in mộc bản 1916)	nlvnpf-0059-061	data/LucVanTien1916/pages/images/nlvnpf-0059-061.jpg	10	5	1	data/LucVanTien1916/patches/nlvnpf-0059-061.jpg_5_1.jpg	data/LucVanTien1916/patches_preprocessed/train/nlvnpf-0059-061.jpg_5_1.jpg	train	168.9,164.3,37.2,519.9	想𦋦如割𦛌肝	U+60F3 U+262E6 U+5982 U+5272 U+266CC U+809D	6	Tưởng ra như cắt ruột gan	6	1	想𦋦如割𦛌肝	1
LucVanTien1916	nlvnpf-0059 (in mộc bản 1916)	nlvnpf-0059-061	data/LucVanTien1916/pages/images/nlvnpf-0059-061.jpg	11	5	2	data/LucVanTien1916/patches/nlvnpf-0059-061.jpg_5_2.jpg	data/LucVanTien1916/patches_preprocessed/val/nlvnpf-0059-061.jpg_5_2.jpg	val	168.9,164.3,37.2,519.9	想包饒吏渚滇隊吝	U+60F3 U+5305 U+9952 U+540F U+6E1A U+6EC7 U+968A U+541D	8	Tưởng bao nhiêu lại chứa chan đôi lần	8	1	想包饒吏渚滇隊吝	1
LucVanTien1916	nlvnpf-0059 (in mộc bản 1916)	nlvnpf-0059-061	data/LucVanTien1916/pages/images/nlvnpf-0059-061.jpg	12	6	1	data/LucVanTien1916/patches/nlvnpf-0059-061.jpg_6_1.jpg	data/LucVanTien1916/patches_preprocessed/train/nlvnpf-0059-061.jpg_6_1.jpg	train	131.0,164.3,36.0,519.9	明浪𠊚於冲󰡰	U+660E U+6D6A U+2029A U+65BC U+51B2 U+F0870	6	Minh rằng: Người ở trong trần	6	1	明浪𠊚於冲󰡰	1
LucVanTien1916	nlvnpf-0059 (in mộc bản 1916)	nlvnpf-0059-061	data/LucVanTien1916/pages/images/nlvnpf-0059-061.jpg	13	6	2	data/LucVanTien1916/patches/nlvnpf-0059-061.jpg_6_2.jpg	data/LucVanTien1916/patches_preprocessed/train/nlvnpf-0059-061.jpg_6_2.jpg	train	131.0,164.3,36.0,519.9	固欺富貴固吝󰠡𮥷	U+56FA U+6B3A U+5BCC U+8CB4 U+56FA U+541D U+F0821 U+2E977	8	Có khi phú quí, có lần gian nan	8	1	固欺富貴固吝󰠡𮥷	1
LucVanTien1916	nlvnpf-0059 (in mộc bản 1916)	nlvnpf-0059-061	data/LucVanTien1916/pages/images/nlvnpf-0059-061.jpg	14	7	1	data/LucVanTien1916/patches/nlvnpf-0059-061.jpg_7_1.jpg	data/LucVanTien1916/patches_preprocessed/train/nlvnpf-0059-061.jpg_7_1.jpg	train	94.2,163.7,37.8,521.1	𥰊高鐄別歲鐄	U+25C0A U+9AD8 U+9404 U+5225 U+6B72 U+9404	6	Thấp cao vàng biết tuổi vàng	6	1	𥰊高鐄別歲鐄	1
LucVanTien1916	nlvnpf-0059 (in mộc bản 1916)	nlvnpf-0059-061	data/LucVanTien1916/pages/images/nlvnpf-0059-061.jpg	15	7	2	data/LucVanTien1916/patches/nlvnpf-0059-061.jpg_7_2.jpg	data/LucVanTien1916/patches_preprocessed/train/nlvnpf-0059-061.jpg_7_2.jpg	train	94.2,163.7,37.8,521.1	﨤欺焒䚂牟強添稽	U+FA24 U+6B3A U+7112 U+4682 U+725F U+5F37 U+6DFB U+7A3D	8	Gặp khi lửa đỏ màu càng thêm ghê	8	1	﨤欺焒䚂牟強添稽	1
LucVanTien1916	nlvnpf-0059 (in mộc bản 1916)	nlvnpf-0059-061	data/LucVanTien1916/pages/images/nlvnpf-0059-061.jpg	16	8	1	data/LucVanTien1916/patches/nlvnpf-0059-061.jpg_8_1.jpg	data/LucVanTien1916/patches_preprocessed/train/nlvnpf-0059-061.jpg_8_1.jpg	train	58.3,163.7,35.1,521.9	悲除英渚倍𧗱	U+60B2 U+9664 U+82F1 U+6E1A U+500D U+275F1	6	Bây giờ anh chớ vội về	6	1	悲除英渚倍𧗱	1
LucVanTien1916	nlvnpf-0059 (in mộc bản 1916)	nlvnpf-0059-061	data/LucVanTien1916/pages/images/nlvnpf-0059-061.jpg	17	8	2	data/LucVanTien1916/patches/nlvnpf-0059-061.jpg_8_2.jpg	data/LucVanTien1916/patches_preprocessed/train/nlvnpf-0059-061.jpg_8_2.jpg	train	58.3,163.7,35.1,521.9	於低𢭗𤍇󰝺皮茦湯	U+65BC U+4F4E U+22B57 U+24347 U+F077A U+76AE U+8326 U+6E6F	8	Ở đây nương náu toan bề thuốc thang	8	1	於低𢭗𤍇󰝺皮茦湯	1
LucVanTien1916	nlvnpf-0059 (in mộc bản 1916)	nlvnpf-0059-061	data/LucVanTien1916/pages/images/nlvnpf-0059-061.jpg	18	9	1	data/LucVanTien1916/patches/nlvnpf-0059-061.jpg_9_1.jpg	data/LucVanTien1916/patches_preprocessed/train/nlvnpf-0059-061.jpg_9_1.jpg	train	23.8,163.7,33.6,520.5	包除歇𣅶灾𮥷	U+5305 U+9664 U+6B47 U+23176 U+707E U+2E977	6	Bao giờ hết lúc tai nan	6	1	包除歇𣅶灾𮥷	1
LucVanTien1916	nlvnpf-0059 (in mộc bản 1916)	nlvnpf-0059-061	data/LucVanTien1916/pages/images/nlvnpf-0059-061.jpg	19	9	2	data/LucVanTien1916/patches/nlvnpf-0059-061.jpg_9_2.jpg	data/LucVanTien1916/patches_preprocessed/val/nlvnpf-0059-061.jpg_9_2.jpg	val	23.8,163.7,33.6,520.5	󰝡饒些仕立塘功名	U+F0761 U+9952 U+4E9B U+4ED5 U+7ACB U+5858 U+529F U+540D	8	Ðem nhau ta sẽ lập đường công danh	8	1	󰝡饒些仕立塘功名	1
LucVanTien1916	nlvnpf-0059 (in mộc bản 1916)	nlvnpf-0059-062	data/LucVanTien1916/pages/images/nlvnpf-0059-062.jpg	0	0	1	data/LucVanTien1916/patches/nlvnpf-0059-062.jpg_0_1.jpg	data/LucVanTien1916/patches_preprocessed/train/nlvnpf-0059-062.jpg_0_1.jpg	train	441.3,164.3,34.1,519.0	甘來否𫽄吏亨	U+7518 U+4F86 U+5426 U+2BF44 U+540F U+4EA8	6	Cam lai bĩ cực lại hanh	6	1	甘來否𫽄吏亨	1
LucVanTien1916	nlvnpf-0059 (in mộc bản 1916)	nlvnpf-0059-062	data/LucVanTien1916/pages/images/nlvnpf-0059-062.jpg	1	0	2	data/LucVanTien1916/patches/nlvnpf-0059-062.jpg_0_2.jpg	data/LucVanTien1916/patches_preprocessed/train/nlvnpf-0059-062.jpg_0_2.jpg	train	441.3,164.3,34.1,519.0	𨅸頭士子共荣𠇍𠁀	U+28178 U+982D U+58EB U+5B50 U+5171 U+8363 U+201CD U+20040	8	Đứng đầu sĩ tử cũng vinh mấy đời	8	1	𨅸頭士子共荣𠇍𠁀	1
LucVanTien1916	nlvnpf-0059 (in mộc bản 1916)	nlvnpf-0059-062	data/LucVanTien1916/pages/images/nlvnpf-0059-062.jpg	2	1	1	data/LucVanTien1916/patches/nlvnpf-0059-062.jpg_1_1.jpg	data/LucVanTien1916/patches_preprocessed/train/nlvnpf-0059-062.jpg_1_1.jpg	train	404.6,164.3,36.8,521.1	𢧚庄固坦固𡗶	U+229DA U+5E84 U+56FA U+5766 U+56FA U+215F6	6	Nên chăng có đất có trời	6	1	𢧚庄固坦固𡗶	1
LucVanTien1916	nlvnpf-0059 (in mộc bản 1916)	nlvnpf-0059-062	data/LucVanTien1916/pages/images/nlvnpf-0059-062.jpg	3	1	2	data/LucVanTien1916/patches/nlvnpf-0059-062.jpg_1_2.jpg	data/LucVanTien1916/patches_preprocessed/train/nlvnpf-0059-062.jpg_1_2.jpg	train	404.6,164.3,36.8,521.1	𦋦𢬣康濟役𠁀共衝	U+262E6 U+22B23 U+5EB7 U+6FDF U+5F79 U+20040 U+5171 U+885D	8	Ra tay khang tế việc đời cũng xong	8	1	𦋦𢬣康濟役𠁀共衝	1
LucVanTien1916	nlvnpf-0059 (in mộc bản 1916)	nlvnpf-0059-062	data/LucVanTien1916/pages/images/nlvnpf-0059-062.jpg	4	2	1	data/LucVanTien1916/patches/nlvnpf-0059-062.jpg_2_1.jpg	data/LucVanTien1916/patches_preprocessed/train/nlvnpf-0059-062.jpg_2_1.jpg	train	367.4,165.6,35.5,521.1	雲仙欺意安𢚸	U+96F2 U+4ED9 U+6B3A U+610F U+5B89 U+226B8	6	Vân Tiên khi ấy an long	6	1	雲仙欺意安𢚸	1
LucVanTien1916	nlvnpf-0059 (in mộc bản 1916)	nlvnpf-0059-062	data/LucVanTien1916/pages/images/nlvnpf-0059-062.jpg	5	2	2	data/LucVanTien1916/patches/nlvnpf-0059-062.jpg_2_2.jpg	data/LucVanTien1916/patches_preprocessed/train/nlvnpf-0059-062.jpg_2_2.jpg	train	367.4,165.6,35.5,521.1	於尼奄寺伴󰠃漢明	U+65BC U+5C3C U+5944 U+5BFA U+4F34 U+F0803 U+6F22 U+660E	8	Ở nơi am tự bạn cùng Hớn Minh	8	1	於尼奄寺伴󰠃漢明	1
LucVanTien1916	nlvnpf-0059 (in mộc bản 1916)	nlvnpf-0059-062	data/LucVanTien1916/pages/images/nlvnpf-0059-062.jpg	6	3	1	data/LucVanTien1916/patches/nlvnpf-0059-062.jpg_3_1.jpg	data/LucVanTien1916/patches_preprocessed/train/nlvnpf-0059-062.jpg_3_1.jpg	train	328.0,165.5,37.6,522.4	武公𥙩𭛣詐貞	U+6B66 U+516C U+25669 U+2D6E3 U+8A50 U+8C9E	6	Võ công lấy việc trớ trênh	6	1	武公𥙩𭛣詐貞	1
LucVanTien1916	nlvnpf-0059 (in mộc bản 1916)	nlvnpf-0059-062	data/LucVanTien1916/pages/images/nlvnpf-0059-062.jpg	7	3	2	data/LucVanTien1916/patches/nlvnpf-0059-062.jpg_3_2.jpg	data/LucVanTien1916/patches_preprocessed/train/nlvnpf-0059-062.jpg_3_2.jpg	train	328.0,165.5,37.6,522.4	𢩮情户六結情户王	U+22A6E U+60C5 U+6237 U+516D U+7D50 U+60C5 U+6237 U+738B	8	Dứt tình họ Lục kết tình họ Vương	8	1	𢩮情户六結情户王	1
LucVanTien1916	nlvnpf-0059 (in mộc bản 1916)	nlvnpf-0059-062	data/LucVanTien1916/pages/images/nlvnpf-0059-062.jpg	8	4	1	data/LucVanTien1916/patches/nlvnpf-0059-062.jpg_4_1.jpg	data/LucVanTien1916/patches_preprocessed/train/nlvnpf-0059-062.jpg_4_1.jpg	train	288.9,166.7,39.4,521.9	計自𡎟瀋害払	U+8A08 U+81EA U+2139F U+700B U+5BB3 U+6255	6	Kể từ hang thẳm hại chàng	6	1	計自𡎟瀋害払	1
LucVanTien1916	nlvnpf-0059 (in mộc bản 1916)	nlvnpf-0059-062	data/LucVanTien1916/pages/images/nlvnpf-0059-062.jpg	9	4	2	data/LucVanTien1916/patches/nlvnpf-0059-062.jpg_4_2.jpg	data/LucVanTien1916/patches_preprocessed/train/nlvnpf-0059-062.jpg_4_2.jpg	train	288.9,166.7,39.4,521.9	彩鵉仃胣𢚸強添盃	U+5F69 U+9D49 U+4EC3 U+80E3 U+226B8 U+5F37 U+6DFB U+76C3	8	Thái Loan đành dạ lòng càng thêm vui	8	1	彩鵉仃胣𢚸強添盃	1
LucVanTien1916	nlvnpf-0059 (in mộc bản 1916)	nlvnpf-0059-062	data/LucVanTien1916/pages/images/nlvnpf-0059-062.jpg	10	5	1	data/LucVanTien1916/patches/nlvnpf-0059-062.jpg_5_1.jpg	data/LucVanTien1916/patches_preprocessed/train/nlvnpf-0059-062.jpg_5_1.jpg	train	251.2,166.8,36.3,522.9	㝵匕荘点粉𥅦	U+3775 U+5315 U+8358 U+70B9 U+7C89 U+25166	6	Ngày ngày trang điểm phấn mày	6	1	㝵匕荘点粉𥅦	1
LucVanTien1916	nlvnpf-0059 (in mộc bản 1916)	nlvnpf-0059-062	data/LucVanTien1916/pages/images/nlvnpf-0059-062.jpg	11	5	2	data/LucVanTien1916/patches/nlvnpf-0059-062.jpg_5_2.jpg	data/LucVanTien1916/patches_preprocessed/train/nlvnpf-0059-062.jpg_5_2.jpg	train	251.2,166.8,36.3,522.9	防欺﨤󰣞𨅸𡎢朱吹	U+9632 U+6B3A U+FA24 U+F08DE U+28178 U+213A2 U+6731 U+5439	8	Phòng khi gặp gỡ đứng ngồi cho xuôi	8	1	防欺﨤󰣞𨅸𡎢朱吹	1
LucVanTien1916	nlvnpf-0059 (in mộc bản 1916)	nlvnpf-0059-062	data/LucVanTien1916/pages/images/nlvnpf-0059-062.jpg	12	6	1	data/LucVanTien1916/patches/nlvnpf-0059-062.jpg_6_1.jpg	data/LucVanTien1916/patches_preprocessed/train/nlvnpf-0059-062.jpg_6_1.jpg	train	214.3,169.2,36.4,521.7	丿󰦓子直𣃣𧗱	U+4E3F U+F0993 U+5B50 U+76F4 U+230E3 U+275F1	6	Phút đâu Tử Trực vừa về	6	1	丿󰦓子直𣃣𧗱	1
LucVanTien1916	nlvnpf-0059 (in mộc bản 1916)	nlvnpf-0059-062	data/LucVanTien1916/pages/images/nlvnpf-0059-062.jpg	13	6	2	data/LucVanTien1916/patches/nlvnpf-0059-062.jpg_6_2.jpg	data/LucVanTien1916/patches_preprocessed/val/nlvnpf-0059-062.jpg_6_2.jpg	val	214.3,169.2,36.4,521.7	𠓨茄户武探皮雲仙	U+204E8 U+8304 U+6237 U+6B66 U+63A2 U+76AE U+96F2 U+4ED9	8	Vào nhà họ Võ thăm bề Vân Tiên	8	1	𠓨茄户武探皮雲仙	1
LucVanTien1916	nlvnpf-0059 (in mộc bản 1916)	nlvnpf-0059-062	data/LucVanTien1916/pages/images/nlvnpf-0059-062.jpg	14	7	1	data/LucVanTien1916/patches/nlvnpf-0059-062.jpg_7_1.jpg	data/LucVanTien1916/patches_preprocessed/train/nlvnpf-0059-062.jpg_7_1.jpg	train	177.1,170.4,36.8,521.1	公浪汝浽雲仙	U+516C U+6D6A U+6C5D U+6D7D U+96F2 U+4ED9	6	Công rằng nhớ nỗi Vân Tiên	6	1	公浪汝浽雲仙	1
LucVanTien1916	nlvnpf-0059 (in mộc bản 1916)	nlvnpf-0059-062	data/LucVanTien1916/pages/images/nlvnpf-0059-062.jpg	15	7	2	data/LucVanTien1916/patches/nlvnpf-0059-062.jpg_7_2.jpg	data/LucVanTien1916/patches_preprocessed/train/nlvnpf-0059-062.jpg_7_2.jpg	train	177.1,170.4,36.8,521.1	奴㐌臨病黄泉賖制	U+5974 U+340C U+81E8 U+75C5 U+9EC4 U+6CC9 U+8CD6 U+5236	8	Nó đà lâm bệnh hoàng tuyền xa chơi	8	1	奴㐌臨病黄泉賖制	1
LucVanTien1916	nlvnpf-0059 (in mộc bản 1916)	nlvnpf-0059-062	data/LucVanTien1916/pages/images/nlvnpf-0059-062.jpg	16	8	1	data/LucVanTien1916/patches/nlvnpf-0059-062.jpg_8_1.jpg	data/LucVanTien1916/patches_preprocessed/train/nlvnpf-0059-062.jpg_8_1.jpg	train	138.6,171.0,39.0,519.8	傷払分泊於𠁀	U+50B7 U+6255 U+5206 U+6CCA U+65BC U+20040	6	Thương chàng phận bạc ở đời	6	1	傷払分泊於𠁀	1
LucVanTien1916	nlvnpf-0059 (in mộc bản 1916)	nlvnpf-0059-062	data/LucVanTien1916/pages/images/nlvnpf-0059-062.jpg	17	8	2	data/LucVanTien1916/patches/nlvnpf-0059-062.jpg_8_2.jpg	data/LucVanTien1916/patches_preprocessed/train/nlvnpf-0059-062.jpg_8_2.jpg	train	138.6,171.0,39.0,519.8	共爲月老車𦀊𥿗紅	U+5171 U+7232 U+6708 U+8001 U+8ECA U+2600A U+25FD7 U+7D05	8	Cũng vì nguyệt lão se dây chỉ hồng	8	1	共爲月老車𦀊𥿗紅	1
LucVanTien1916	nlvnpf-0059 (in mộc bản 1916)	nlvnpf-0059-062	data/LucVanTien1916/pages/images/nlvnpf-0059-062.jpg	18	9	1	data/LucVanTien1916/patches/nlvnpf-0059-062.jpg_9_1.jpg	data/LucVanTien1916/patches_preprocessed/train/nlvnpf-0059-062.jpg_9_1.jpg	train	103.9,172.9,31.8,521.0	𦖑戈子直動𢚸	U+26591 U+6208 U+5B50 U+76F4 U+52D5 U+226B8	6	Nghe qua Tử Trực động lòng	6	1	𦖑戈子直動𢚸	1
LucVanTien1916	nlvnpf-0059 (in mộc bản 1916)	nlvnpf-0059-062	data/LucVanTien1916/pages/images/nlvnpf-0059-062.jpg	19	9	2	data/LucVanTien1916/patches/nlvnpf-0059-062.jpg_9_2.jpg	data/LucVanTien1916/patches_preprocessed/val/nlvnpf-0059-062.jpg_9_2.jpg	val	103.9,172.9,31.8,521.0	𠄩行渃𬑉𣳔匕如湄	U+20129 U+884C U+6E03 U+2C449 U+23CD4 U+5315 U+5982 U+6E44	8	Hai hàng nước mắt ròng ròng như mưa	8	1	𠄩行渃𬑉𣳔匕如湄	1
LucVanTien1916	nlvnpf-0059 (in mộc bản 1916)	nlvnpf-0059-063	data/LucVanTien1916/pages/images/nlvnpf-0059-063.jpg	0	0	1	data/LucVanTien1916/patches/nlvnpf-0059-063.jpg_0_1.jpg	data/LucVanTien1916/patches_preprocessed/train/nlvnpf-0059-063.jpg_0_1.jpg	train	360.5,157.6,34.3,519.3	嘆浪󰉨汝灵𠸗	U+5606 U+6D6A U+F0268 U+6C5D U+7075 U+20E17	6	Than rằng: Rày nhớ linh xưa	6	1	嘆浪󰉨汝灵𠸗	1
LucVanTien1916	nlvnpf-0059 (in mộc bản 1916)	nlvnpf-0059-063	data/LucVanTien1916/pages/images/nlvnpf-0059-063.jpg	1	0	2	data/LucVanTien1916/patches/nlvnpf-0059-063.jpg_0_2.jpg	data/LucVanTien1916/patches_preprocessed/train/nlvnpf-0059-063.jpg_0_2.jpg	train	360.5,157.6,34.3,519.3	󰒂它結󰒂情渚訴情	U+F0482 U+5B83 U+7D50 U+F0482 U+60C5 U+6E1A U+8A34 U+60C5	8	Nghĩa đà kết nghĩa, tình chưa tỏ tình	8	1	󰒂它結󰒂情渚訴情	1
LucVanTien1916	nlvnpf-0059 (in mộc bản 1916)	nlvnpf-0059-063	data/LucVanTien1916/pages/images/nlvnpf-0059-063.jpg	2	1	1	data/LucVanTien1916/patches/nlvnpf-0059-063.jpg_1_1.jpg	data/LucVanTien1916/patches_preprocessed/train/nlvnpf-0059-063.jpg_1_1.jpg	train	322.2,158.3,34.6,518.6	𡗶牢𦬑害𠊚苓	U+215F6 U+7262 U+26B11 U+5BB3 U+2029A U+82D3	6	Trời sao nỡ hại người lành	6	1	𡗶牢𦬑害𠊚苓	1
LucVanTien1916	nlvnpf-0059 (in mộc bản 1916)	nlvnpf-0059-063	data/LucVanTien1916/pages/images/nlvnpf-0059-063.jpg	3	1	2	data/LucVanTien1916/patches/nlvnpf-0059-063.jpg_1_2.jpg	data/LucVanTien1916/patches_preprocessed/train/nlvnpf-0059-063.jpg_1_2.jpg	train	322.2,158.3,34.6,518.6	榜鐄渚占眉𣛟㐌󰍹	U+699C U+9404 U+6E1A U+5360 U+7709 U+236DF U+340C U+F0379	8	Bảng vàng chưa chiếm mày xanh đã mòn	8	1	榜鐄渚占眉𣛟㐌󰍹	1
LucVanTien1916	nlvnpf-0059 (in mộc bản 1916)	nlvnpf-0059-063	data/LucVanTien1916/pages/images/nlvnpf-0059-063.jpg	4	2	1	data/LucVanTien1916/patches/nlvnpf-0059-063.jpg_2_1.jpg	data/LucVanTien1916/patches_preprocessed/train/nlvnpf-0059-063.jpg_2_1.jpg	train	284.8,157.0,35.3,521.1	共㛪渚特󰉓𧷺	U+5171 U+36EA U+6E1A U+7279 U+F0253 U+27DFA	6	Cùng em chưa được vuông tròn	6	1	共㛪渚特󰉓𧷺	1
LucVanTien1916	nlvnpf-0059 (in mộc bản 1916)	nlvnpf-0059-063	data/LucVanTien1916/pages/images/nlvnpf-0059-063.jpg	5	2	2	data/LucVanTien1916/patches/nlvnpf-0059-063.jpg_2_2.jpg	data/LucVanTien1916/patches_preprocessed/val/nlvnpf-0059-063.jpg_2_2.jpg	val	284.8,157.0,35.3,521.1	𠊚苓辰𠅍些群爫之	U+2029A U+82D3 U+8FB0 U+2014D U+4E9B U+7FA4 U+722B U+4E4B	8	Người lành thì mất ta còn làm chi	8	1	𠊚苓辰𠅍些群爫之	1
LucVanTien1916	nlvnpf-0059 (in mộc bản 1916)	nlvnpf-0059-063	data/LucVanTien1916/pages/images/nlvnpf-0059-063.jpg	6	3	1	data/LucVanTien1916/patches/nlvnpf-0059-063.jpg_3_1.jpg	data/LucVanTien1916/patches_preprocessed/train/nlvnpf-0059-063.jpg_3_1.jpg	train	248.1,159.4,37.7,518.0	冲𠁀󰋇幅己知	U+51B2 U+20040 U+F02C7 U+5E45 U+5DF1 U+77E5	6	Trong đời mấy bậc kỉ tri	6	1	冲𠁀󰋇幅己知	1
LucVanTien1916	nlvnpf-0059 (in mộc bản 1916)	nlvnpf-0059-063	data/LucVanTien1916/pages/images/nlvnpf-0059-063.jpg	7	3	2	data/LucVanTien1916/patches/nlvnpf-0059-063.jpg_3_2.jpg	data/LucVanTien1916/patches_preprocessed/train/nlvnpf-0059-063.jpg_3_2.jpg	train	248.1,159.4,37.7,518.0	󰋇荘同道󰋇󰀩同心	U+F02C7 U+8358 U+540C U+9053 U+F02C7 U+F0029 U+540C U+5FC3	8	Mấy tran g đồng đạo, mấy nghì đồng tâm	9	0	󰋇荘同道󰋇󰀩同心	1
LucVanTien1916	nlvnpf-0059 (in mộc bản 1916)	nlvnpf-0059-063	data/LucVanTien1916/pages/images/nlvnpf-0059-063.jpg	8	4	1	data/LucVanTien1916/patches/nlvnpf-0059-063.jpg_4_1.jpg	data/LucVanTien1916/patches_preprocessed/train/nlvnpf-0059-063.jpg_4_1.jpg	train	206.8,157.6,39.1,519.3	公浪些共𢢇󰠐	U+516C U+6D6A U+4E9B U+5171 U+22887 U+F0810	6	Công rằng: Ta cũng tủi thầm	6	1	公浪些共𢢇󰠐	1
LucVanTien1916	nlvnpf-0059 (in mộc bản 1916)	nlvnpf-0059-063	data/LucVanTien1916/pages/images/nlvnpf-0059-063.jpg	9	4	2	data/LucVanTien1916/patches/nlvnpf-0059-063.jpg_4_2.jpg	data/LucVanTien1916/patches_preprocessed/train/nlvnpf-0059-063.jpg_4_2.jpg	train	206.8,157.6,39.1,519.3	𢢇緣昆𥘷瑟琴󰇾揚	U+22887 U+7DE3 U+6606 U+25637 U+745F U+7434 U+F01FE U+63DA	8	Tủi duyên con trẻ sắt cầm dở dang	8	1	𢢇緣昆𥘷瑟琴󰇾揚	1
LucVanTien1916	nlvnpf-0059 (in mộc bản 1916)	nlvnpf-0059-063	data/LucVanTien1916/pages/images/nlvnpf-0059-063.jpg	10	5	1	data/LucVanTien1916/patches/nlvnpf-0059-063.jpg_5_1.jpg	data/LucVanTien1916/patches_preprocessed/train/nlvnpf-0059-063.jpg_5_1.jpg	train	167.2,156.4,38.2,522.3	崔匕妬渚咀嘆	U+5D14 U+5315 U+59AC U+6E1A U+5480 U+5606	6	Thôi thôi đó chớ thở than	6	1	崔匕妬渚咀嘆	1
LucVanTien1916	nlvnpf-0059 (in mộc bản 1916)	nlvnpf-0059-063	data/LucVanTien1916/pages/images/nlvnpf-0059-063.jpg	11	5	2	data/LucVanTien1916/patches/nlvnpf-0059-063.jpg_5_2.jpg	data/LucVanTien1916/patches_preprocessed/val/nlvnpf-0059-063.jpg_5_2.jpg	val	167.2,156.4,38.2,522.3	低它併特𠬠塘叱咍	U+4F4E U+5B83 U+4F75 U+7279 U+20B20 U+5858 U+53F1 U+548D	8	Để đà tính được một đàng rất hay	8	1	低它併特𠬠塘叱咍	1
LucVanTien1916	nlvnpf-0059 (in mộc bản 1916)	nlvnpf-0059-063	data/LucVanTien1916/pages/images/nlvnpf-0059-063.jpg	12	6	1	data/LucVanTien1916/patches/nlvnpf-0059-063.jpg_6_1.jpg	data/LucVanTien1916/patches_preprocessed/train/nlvnpf-0059-063.jpg_6_1.jpg	train	128.0,157.0,37.6,523.5	細低辰於吏低	U+7D30 U+4F4E U+8FB0 U+65BC U+540F U+4F4E	6	Tới đây thì ở lại đây	6	1	細低辰於吏低	1
LucVanTien1916	nlvnpf-0059 (in mộc bản 1916)	nlvnpf-0059-063	data/LucVanTien1916/pages/images/nlvnpf-0059-063.jpg	13	6	2	data/LucVanTien1916/patches/nlvnpf-0059-063.jpg_6_2.jpg	data/LucVanTien1916/patches_preprocessed/train/nlvnpf-0059-063.jpg_6_2.jpg	train	128.0,157.0,37.6,523.5	󰠃𡥵𡛔老森𡆫室家	U+F0803 U+21975 U+216D4 U+8001 U+68EE U+211AB U+5BA4 U+5BB6	8	Cùng con gái lão sum vầy thất gia	8	1	󰠃𡥵𡛔老森𡆫室家	1
LucVanTien1916	nlvnpf-0059 (in mộc bản 1916)	nlvnpf-0059-063	data/LucVanTien1916/pages/images/nlvnpf-0059-063.jpg	14	7	1	data/LucVanTien1916/patches/nlvnpf-0059-063.jpg_7_1.jpg	data/LucVanTien1916/patches_preprocessed/train/nlvnpf-0059-063.jpg_7_1.jpg	train	92.5,157.0,37.7,524.1	防欺󰉺最𠓨𦋦	U+9632 U+6B3A U+F027A U+6700 U+204E8 U+262E6	6	Phòng khi sớm tối vào ra	6	1	防欺󰉺最𠓨𦋦	1
LucVanTien1916	nlvnpf-0059 (in mộc bản 1916)	nlvnpf-0059-063	data/LucVanTien1916/pages/images/nlvnpf-0059-063.jpg	15	7	2	data/LucVanTien1916/patches/nlvnpf-0059-063.jpg_7_2.jpg	data/LucVanTien1916/patches_preprocessed/val/nlvnpf-0059-063.jpg_7_2.jpg	val	92.5,157.0,37.7,524.1	𧡊王子直共󰑼雲仙	U+2784A U+738B U+5B50 U+76F4 U+5171 U+F047C U+96F2 U+4ED9	8	Thấy Vương Tử Trực cũng là Vân Tiên	8	1	𧡊王子直共󰑼雲仙	1
LucVanTien1916	nlvnpf-0059 (in mộc bản 1916)	nlvnpf-0059-063	data/LucVanTien1916/pages/images/nlvnpf-0059-063.jpg	16	8	1	data/LucVanTien1916/patches/nlvnpf-0059-063.jpg_8_1.jpg	data/LucVanTien1916/patches_preprocessed/train/nlvnpf-0059-063.jpg_8_1.jpg	train	57.3,157.8,37.9,524.6	直浪󰑼󰒂筆𡥵	U+76F4 U+6D6A U+F047C U+F0482 U+7B46 U+21975	6	Trực rằng: Là nghĩa bút con	6	1	直浪󰑼󰒂筆𡥵	1
LucVanTien1916	nlvnpf-0059 (in mộc bản 1916)	nlvnpf-0059-063	data/LucVanTien1916/pages/images/nlvnpf-0059-063.jpg	17	8	2	data/LucVanTien1916/patches/nlvnpf-0059-063.jpg_8_2.jpg	data/LucVanTien1916/patches_preprocessed/val/nlvnpf-0059-063.jpg_8_2.jpg	val	57.3,157.8,37.9,524.6	英㛪畧㐌結願󰠃饒	U+82F1 U+36EA U+7567 U+340C U+7D50 U+9858 U+F0803 U+9952	8	Anh em trước đã kết nguyền cùng nhau	8	1	英㛪畧㐌結願󰠃饒	1
LucVanTien1916	nlvnpf-0059 (in mộc bản 1916)	nlvnpf-0059-063	data/LucVanTien1916/pages/images/nlvnpf-0059-063.jpg	18	9	1	data/LucVanTien1916/patches/nlvnpf-0059-063.jpg_9_1.jpg	data/LucVanTien1916/patches_preprocessed/train/nlvnpf-0059-063.jpg_9_1.jpg	train	22.6,157.0,37.5,525.4	𡞕仙󰑼直姉妯	U+21795 U+4ED9 U+F047C U+76F4 U+59C9 U+59AF	6	Vợ Tiên là Trực chị dâu	6	1	𡞕仙󰑼直姉妯	1
LucVanTien1916	nlvnpf-0059 (in mộc bản 1916)	nlvnpf-0059-063	data/LucVanTien1916/pages/images/nlvnpf-0059-063.jpg	19	9	2	data/LucVanTien1916/patches/nlvnpf-0059-063.jpg_9_2.jpg	data/LucVanTien1916/patches_preprocessed/train/nlvnpf-0059-063.jpg_9_2.jpg	train	22.6,157.0,37.5,525.4	姉妯㛪伴固󰦓𥐧饒	U+59C9 U+59AF U+36EA U+4F34 U+56FA U+F0993 U+25427 U+9952	8	Chị dâu em bạn em bạn có đâu lỗi nhiều	10	0	姉妯㛪伴固󰦓𥐧饒	1
LucVanTien1916	nlvnpf-0059 (in mộc bản 1916)	nlvnpf-0059-064	data/LucVanTien1916/pages/images/nlvnpf-0059-064.jpg	0	0	1	data/LucVanTien1916/patches/nlvnpf-0059-064.jpg_0_1.jpg	data/LucVanTien1916/patches_preprocessed/train/nlvnpf-0059-064.jpg_0_1.jpg	train	440.5,156.3,35.0,526.1	庒咍𠊚𭓇𠕋之	U+5E92 U+548D U+2029A U+2D4C7 U+2054B U+4E4B	6	Chẳng hay người học sách chi	6	1	庒咍𠊚𭓇󰀋之	0
LucVanTien1916	nlvnpf-0059 (in mộc bản 1916)	nlvnpf-0059-064	data/LucVanTien1916/pages/images/nlvnpf-0059-064.jpg	1	0	2	data/LucVanTien1916/patches/nlvnpf-0059-064.jpg_0_2.jpg	data/LucVanTien1916/patches_preprocessed/val/nlvnpf-0059-064.jpg_0_2.jpg	val	440.5,156.3,35.0,526.1	呐𦋦仍傳異奇苦𦖑	U+5450 U+262E6 U+4ECD U+50B3 U+7570 U+5947 U+82E6 U+26591	8	Nói ra những chuyện dị kỳ khó nghe	8	1	呐𦋦仍傳異奇苦𦖑	1
LucVanTien1916	nlvnpf-0059 (in mộc bản 1916)	nlvnpf-0059-064	data/LucVanTien1916/pages/images/nlvnpf-0059-064.jpg	2	1	1	data/LucVanTien1916/patches/nlvnpf-0059-064.jpg_1_1.jpg	data/LucVanTien1916/patches_preprocessed/train/nlvnpf-0059-064.jpg_1_1.jpg	train	402.6,158.8,38.5,525.4	咍󰑼𭓇𠺙渃󰟴	U+548D U+F047C U+2D4C7 U+20E99 U+6E03 U+F07F4	6	Hay là học thói nước Tề	6	1	咍󰑼𭓇𠺙渃󰟴	1
LucVanTien1916	nlvnpf-0059 (in mộc bản 1916)	nlvnpf-0059-064	data/LucVanTien1916/pages/images/nlvnpf-0059-064.jpg	3	1	2	data/LucVanTien1916/patches/nlvnpf-0059-064.jpg_1_2.jpg	data/LucVanTien1916/patches_preprocessed/train/nlvnpf-0059-064.jpg_1_2.jpg	train	402.6,158.8,38.5,525.4	𡟱𤽗子紏迻𧗱桓公	U+217F1 U+24F57 U+5B50 U+7D0F U+8FFB U+275F1 U+6853 U+516C	8	Vợ ngươi Tử Củ đưa về Hoàn Công	8	1	𡟱𤽗子紏迻𧗱桓公	1
LucVanTien1916	nlvnpf-0059 (in mộc bản 1916)	nlvnpf-0059-064	data/LucVanTien1916/pages/images/nlvnpf-0059-064.jpg	4	2	1	data/LucVanTien1916/patches/nlvnpf-0059-064.jpg_2_1.jpg	data/LucVanTien1916/patches_preprocessed/train/nlvnpf-0059-064.jpg_2_1.jpg	train	366.1,160.1,38.6,524.1	咍󰑼斈𠺙唐宮	U+548D U+F047C U+6588 U+20E99 U+5510 U+5BAE	6	Hay là học thói Ðường cung	6	1	咍󰑼斈𠺙唐宮	1
LucVanTien1916	nlvnpf-0059 (in mộc bản 1916)	nlvnpf-0059-064	data/LucVanTien1916/pages/images/nlvnpf-0059-064.jpg	5	2	2	data/LucVanTien1916/patches/nlvnpf-0059-064.jpg_2_2.jpg	data/LucVanTien1916/patches_preprocessed/train/nlvnpf-0059-064.jpg_2_2.jpg	train	366.1,160.1,38.6,524.1	𡟱𤽗剿刺制共世民	U+217F1 U+24F57 U+527F U+523A U+5236 U+5171 U+4E16 U+6C11	8	Vợ ngươi Tiễu Thích chơi cùng Thế Dân	8	1	𡟱𤽗剿刺制共世民	1
LucVanTien1916	nlvnpf-0059 (in mộc bản 1916)	nlvnpf-0059-064	data/LucVanTien1916/pages/images/nlvnpf-0059-064.jpg	6	3	1	data/LucVanTien1916/patches/nlvnpf-0059-064.jpg_3_1.jpg	data/LucVanTien1916/patches_preprocessed/train/nlvnpf-0059-064.jpg_3_1.jpg	train	328.8,161.9,36.1,524.8	武公󰘚𪖫暢珍	U+6B66 U+516C U+F061A U+2A5AB U+66A2 U+73CD	6	Võ công mặt mũi sướng trân	6	1	武公󰘚𪖫暢珍	1
LucVanTien1916	nlvnpf-0059 (in mộc bản 1916)	nlvnpf-0059-064	data/LucVanTien1916/pages/images/nlvnpf-0059-064.jpg	7	3	2	data/LucVanTien1916/patches/nlvnpf-0059-064.jpg_3_2.jpg	data/LucVanTien1916/patches_preprocessed/train/nlvnpf-0059-064.jpg_3_2.jpg	train	328.8,161.9,36.1,524.8	𠰘猪如𧍉咹啉沛𪿙	U+20C18 U+732A U+5982 U+27349 U+54B9 U+5549 U+6C9B U+2AFD9	8	Miệng trơ như đỉa ăn lầm phải vôi	8	1	𠰘猪如𧍉咹啉沛𪿙	1
LucVanTien1916	nlvnpf-0059 (in mộc bản 1916)	nlvnpf-0059-064	data/LucVanTien1916/pages/images/nlvnpf-0059-064.jpg	8	4	1	data/LucVanTien1916/patches/nlvnpf-0059-064.jpg_4_1.jpg	data/LucVanTien1916/patches_preprocessed/train/nlvnpf-0059-064.jpg_4_1.jpg	train	290.3,161.9,36.7,525.4	彩鵉冲帳𦋦𡎢	U+5F69 U+9D49 U+51B2 U+5E33 U+262E6 U+213A2	6	Thái Loan trong trướng ra ngồi	6	1	彩鵉冲帳𦋦𡎢	1
LucVanTien1916	nlvnpf-0059 (in mộc bản 1916)	nlvnpf-0059-064	data/LucVanTien1916/pages/images/nlvnpf-0059-064.jpg	9	4	2	data/LucVanTien1916/patches/nlvnpf-0059-064.jpg_4_2.jpg	data/LucVanTien1916/patches_preprocessed/train/nlvnpf-0059-064.jpg_4_2.jpg	train	290.3,161.9,36.7,525.4	𠲶嘲柴󰁮新魁買𧗱	U+20CB6 U+5632 U+67F4 U+F006E U+65B0 U+9B41 U+8CB7 U+275F1	8	Miệng chào: Thày Cử tân khôi mới về	8	1	𠲶嘲柴󰁮新魁買𧗱	1
LucVanTien1916	nlvnpf-0059 (in mộc bản 1916)	nlvnpf-0059-064	data/LucVanTien1916/pages/images/nlvnpf-0059-064.jpg	10	5	1	data/LucVanTien1916/patches/nlvnpf-0059-064.jpg_5_1.jpg	data/LucVanTien1916/patches_preprocessed/train/nlvnpf-0059-064.jpg_5_1.jpg	train	251.8,163.1,38.0,523.5	妾㐌󰝸論𠳒誓	U+59BE U+340C U+F0778 U+8AD6 U+20CD2 U+8A93	6	Thiếp đà chẳng trọn lời thề	6	1	妾㐌󰝸論𠳒誓	1
LucVanTien1916	nlvnpf-0059 (in mộc bản 1916)	nlvnpf-0059-064	data/LucVanTien1916/pages/images/nlvnpf-0059-064.jpg	11	5	2	data/LucVanTien1916/patches/nlvnpf-0059-064.jpg_5_2.jpg	data/LucVanTien1916/patches_preprocessed/train/nlvnpf-0059-064.jpg_5_2.jpg	train	251.8,163.1,38.0,523.5	呂皮拖笈呂皮能巾	U+5442 U+76AE U+62D6 U+7B08 U+5442 U+76AE U+80FD U+5DFE	8	Lỡ bề sửa cặp lỡ bề nâng khăn	8	1	呂皮拖笈呂皮能巾	1
LucVanTien1916	nlvnpf-0059 (in mộc bản 1916)	nlvnpf-0059-064	data/LucVanTien1916/pages/images/nlvnpf-0059-064.jpg	12	6	1	data/LucVanTien1916/patches/nlvnpf-0059-064.jpg_6_1.jpg	data/LucVanTien1916/patches_preprocessed/train/nlvnpf-0059-064.jpg_6_1.jpg	train	214.1,163.7,38.7,523.5	惜台𢚸𤟛康匕	U+60DC U+53F0 U+226B8 U+247DB U+5EB7 U+5315	6	Tiếc thay lòng thỏ khăng khăng	6	1	惜台𢚸𤟛康匕	1
LucVanTien1916	nlvnpf-0059 (in mộc bản 1916)	nlvnpf-0059-064	data/LucVanTien1916/pages/images/nlvnpf-0059-064.jpg	13	6	2	data/LucVanTien1916/patches/nlvnpf-0059-064.jpg_6_2.jpg	data/LucVanTien1916/patches_preprocessed/train/nlvnpf-0059-064.jpg_6_2.jpg	train	214.1,163.7,38.7,523.5	𦀼簾除待䏾𦝄闭迡	U+2603C U+7C3E U+9664 U+5F85 U+43FE U+26744 U+95ED U+8FE1	8	Nối rèm chờ đợi bóng trăng bấy chầy	8	1	𦀼簾除待䏾𦝄闭迡	1
LucVanTien1916	nlvnpf-0059 (in mộc bản 1916)	nlvnpf-0059-064	data/LucVanTien1916/pages/images/nlvnpf-0059-064.jpg	14	7	1	data/LucVanTien1916/patches/nlvnpf-0059-064.jpg_7_1.jpg	data/LucVanTien1916/patches_preprocessed/train/nlvnpf-0059-064.jpg_7_1.jpg	train	176.7,166.8,38.4,519.9	庒應辰拱爫虧	U+5E92 U+61C9 U+8FB0 U+62F1 U+722B U+8667	6	Chẳng ưng thì cũng làm khuây	6	1	庒應辰拱爫虧	1
LucVanTien1916	nlvnpf-0059 (in mộc bản 1916)	nlvnpf-0059-064	data/LucVanTien1916/pages/images/nlvnpf-0059-064.jpg	15	7	2	data/LucVanTien1916/patches/nlvnpf-0059-064.jpg_7_2.jpg	data/LucVanTien1916/patches_preprocessed/train/nlvnpf-0059-064.jpg_7_2.jpg	train	176.7,166.8,38.4,519.9	𦬑󰝡㗂呐爫𡆫庒堅	U+26B11 U+F0761 U+35C2 U+5450 U+722B U+211AB U+5E92 U+5805	8	Nỡ đem tiếng nói làm vầy, chẳng kiêng	8	1	𦬑󰝡㗂呐爫𡆫庒堅	1
LucVanTien1916	nlvnpf-0059 (in mộc bản 1916)	nlvnpf-0059-064	data/LucVanTien1916/pages/images/nlvnpf-0059-064.jpg	16	8	1	data/LucVanTien1916/patches/nlvnpf-0059-064.jpg_8_1.jpg	data/LucVanTien1916/patches_preprocessed/train/nlvnpf-0059-064.jpg_8_1.jpg	train	138.5,169.2,39.7,516.8	直浪埃𨔍奉仙	U+76F4 U+6D6A U+57C3 U+2850D U+5949 U+4ED9	6	Trực rằng: Ai lạ Phụng Tiên	6	1	直浪埃𨔍奉仙	1
LucVanTien1916	nlvnpf-0059 (in mộc bản 1916)	nlvnpf-0059-064	data/LucVanTien1916/pages/images/nlvnpf-0059-064.jpg	17	8	2	data/LucVanTien1916/patches/nlvnpf-0059-064.jpg_8_2.jpg	data/LucVanTien1916/patches_preprocessed/train/nlvnpf-0059-064.jpg_8_2.jpg	train	138.5,169.2,39.7,516.8	防筭󰝡𠺙彫船嘹𤽗	U+9632 U+7B6D U+F0761 U+20E99 U+5F6B U+8239 U+5639 U+24F57	8	Phòng toan đem thói Ðiêu Thuyền trêu ngươi	8	1	防筭󰝡𠺙彫船嘹𤽗	1
LucVanTien1916	nlvnpf-0059 (in mộc bản 1916)	nlvnpf-0059-064	data/LucVanTien1916/pages/images/nlvnpf-0059-064.jpg	18	9	1	data/LucVanTien1916/patches/nlvnpf-0059-064.jpg_9_1.jpg	data/LucVanTien1916/patches_preprocessed/train/nlvnpf-0059-064.jpg_9_1.jpg	train	100.2,169.2,37.0,516.2	𡏢𫯳𦰟𦹵群鮮	U+213E2 U+2BBF3 U+26C1F U+26E75 U+7FA4 U+9BAE	6	Mả chồng ngọn cỏ còn tươi	6	1	𡏢𫯳𦰟𦹵群鮮	1
LucVanTien1916	nlvnpf-0059 (in mộc bản 1916)	nlvnpf-0059-064	data/LucVanTien1916/pages/images/nlvnpf-0059-064.jpg	19	9	2	data/LucVanTien1916/patches/nlvnpf-0059-064.jpg_9_2.jpg	data/LucVanTien1916/patches_preprocessed/train/nlvnpf-0059-064.jpg_9_2.jpg	train	100.2,169.2,37.0,516.2	𢚸芇𢚸𦬑󰝡𠳒月花	U+226B8 U+8287 U+226B8 U+26B11 U+F0761 U+20CD2 U+6708 U+82B1	8	Lòng nào lòng nỡ đem lời nguyệt hoa	8	1	𢚸芇𢚸𦬑󰝡𠳒月花	1
LucVanTien1916	nlvnpf-0059 (in mộc bản 1916)	nlvnpf-0059-065	data/LucVanTien1916/pages/images/nlvnpf-0059-065.jpg	0	0	1	data/LucVanTien1916/patches/nlvnpf-0059-065.jpg_0_1.jpg	data/LucVanTien1916/patches_preprocessed/train/nlvnpf-0059-065.jpg_0_1.jpg	train	357.7,185.7,34.0,497.3	𧘇䀡丕拱𠊚些	U+27607 U+4021 U+4E15 U+62F1 U+2029A U+4E9B	6	Ấy xem vậy cũng người ta	6	1	𧘇䀡丕拱𠊚些	1
LucVanTien1916	nlvnpf-0059 (in mộc bản 1916)	nlvnpf-0059-065	data/LucVanTien1916/pages/images/nlvnpf-0059-065.jpg	1	0	2	data/LucVanTien1916/patches/nlvnpf-0059-065.jpg_0_2.jpg	data/LucVanTien1916/patches_preprocessed/train/nlvnpf-0059-065.jpg_0_2.jpg	train	357.7,185.7,34.0,497.3	推𩑛禽獸芇󰑼恪之	U+63A8 U+2945B U+79BD U+7378 U+8287 U+F047C U+606A U+4E4B	8	So loài cầm thú nào là khác chi	8	1	推𩑛禽獸芇󰑼恪之	1
LucVanTien1916	nlvnpf-0059 (in mộc bản 1916)	nlvnpf-0059-065	data/LucVanTien1916/pages/images/nlvnpf-0059-065.jpg	2	1	1	data/LucVanTien1916/patches/nlvnpf-0059-065.jpg_1_1.jpg	data/LucVanTien1916/patches_preprocessed/train/nlvnpf-0059-065.jpg_1_1.jpg	train	320.4,184.5,35.1,501.5	雲仙英唉故知	U+96F2 U+4ED9 U+82F1 U+5509 U+6545 U+77E5	6	Vân Tiên anh hỡi cố tri	6	1	雲仙英唉故知	1
LucVanTien1916	nlvnpf-0059 (in mộc bản 1916)	nlvnpf-0059-065	data/LucVanTien1916/pages/images/nlvnpf-0059-065.jpg	3	1	2	data/LucVanTien1916/patches/nlvnpf-0059-065.jpg_1_2.jpg	data/LucVanTien1916/patches_preprocessed/val/nlvnpf-0059-065.jpg_1_2.jpg	val	320.4,184.5,35.1,501.5	𣷮鐄固別役尼朱些	U+23DEE U+9404 U+56FA U+5225 U+5F79 U+5C3C U+6731 U+4E9B	8	Suối vàng có biết việc này cho ta	8	1	𣷮鐄固別役尼朱些	1
LucVanTien1916	nlvnpf-0059 (in mộc bản 1916)	nlvnpf-0059-065	data/LucVanTien1916/pages/images/nlvnpf-0059-065.jpg	4	2	1	data/LucVanTien1916/patches/nlvnpf-0059-065.jpg_2_1.jpg	data/LucVanTien1916/patches_preprocessed/train/nlvnpf-0059-065.jpg_2_1.jpg	train	279.1,185.1,38.7,499.1	𢬣捞渃𬑉阻𦋦	U+22B23 U+635E U+6E03 U+2C449 U+963B U+262E6	6	Tay lau nước mắt trở ra	6	1	𢬣捞渃𬑉阻𦋦	1
LucVanTien1916	nlvnpf-0059 (in mộc bản 1916)	nlvnpf-0059-065	data/LucVanTien1916/pages/images/nlvnpf-0059-065.jpg	5	2	2	data/LucVanTien1916/patches/nlvnpf-0059-065.jpg_2_2.jpg	data/LucVanTien1916/patches_preprocessed/val/nlvnpf-0059-065.jpg_2_2.jpg	val	279.1,185.1,38.7,499.1	𧗱茄懺所尋戈京城	U+275F1 U+8304 U+61FA U+6240 U+5C0B U+6208 U+4EAC U+57CE	8	Về nhà sắm sửa tìm qua Kinh thành	8	1	𧗱茄懺所尋戈京城	1
LucVanTien1916	nlvnpf-0059 (in mộc bản 1916)	nlvnpf-0059-065	data/LucVanTien1916/pages/images/nlvnpf-0059-065.jpg	6	3	1	data/LucVanTien1916/patches/nlvnpf-0059-065.jpg_3_1.jpg	data/LucVanTien1916/patches_preprocessed/train/nlvnpf-0059-065.jpg_3_1.jpg	train	243.3,184.5,37.4,499.7	武公虎𢢆冲𨉓	U+6B66 U+516C U+864E U+22886 U+51B2 U+28253	6	Võ công hổ thẹn trong mình	6	1	武公虎𢢆冲𨉓	1
LucVanTien1916	nlvnpf-0059 (in mộc bản 1916)	nlvnpf-0059-065	data/LucVanTien1916/pages/images/nlvnpf-0059-065.jpg	7	3	2	data/LucVanTien1916/patches/nlvnpf-0059-065.jpg_3_2.jpg	data/LucVanTien1916/patches_preprocessed/train/nlvnpf-0059-065.jpg_3_2.jpg	train	243.3,184.5,37.4,499.7	𠄼𣈜𦣰病失情托寃	U+2013C U+2321C U+268F0 U+75C5 U+5931 U+60C5 U+6258 U+5BC3	8	Năm ngày nằm bệnh thất tình thác oan	8	1	𠄼𣈜𦣰病失情托寃	1
LucVanTien1916	nlvnpf-0059 (in mộc bản 1916)	nlvnpf-0059-065	data/LucVanTien1916/pages/images/nlvnpf-0059-065.jpg	8	4	1	data/LucVanTien1916/patches/nlvnpf-0059-065.jpg_4_1.jpg	data/LucVanTien1916/patches_preprocessed/train/nlvnpf-0059-065.jpg_4_1.jpg	train	202.4,184.5,38.8,499.7	彩鵉共媒瓊荘	U+5F69 U+9D49 U+5171 U+5A92 U+74CA U+8358	6	Thái Loan cùng mụ Quỳnh Trang	6	1	彩鵉共媒瓊荘	1
LucVanTien1916	nlvnpf-0059 (in mộc bản 1916)	nlvnpf-0059-065	data/LucVanTien1916/pages/images/nlvnpf-0059-065.jpg	9	4	2	data/LucVanTien1916/patches/nlvnpf-0059-065.jpg_4_2.jpg	data/LucVanTien1916/patches_preprocessed/train/nlvnpf-0059-065.jpg_4_2.jpg	train	202.4,184.5,38.8,499.7	媄昆凍󰘂底䘮冲茄	U+5A84 U+6606 U+51CD U+F0602 U+5E95 U+462E U+51B2 U+8304	8	Mẹ con đóng cửa để tang trong nhà	8	1	媄昆凍󰘂底䘮冲茄	1
LucVanTien1916	nlvnpf-0059 (in mộc bản 1916)	nlvnpf-0059-065	data/LucVanTien1916/pages/images/nlvnpf-0059-065.jpg	10	5	1	data/LucVanTien1916/patches/nlvnpf-0059-065.jpg_5_1.jpg	data/LucVanTien1916/patches_preprocessed/train/nlvnpf-0059-065.jpg_5_1.jpg	train	165.4,183.3,37.0,500.9	次尼細次月娥	U+6B21 U+5C3C U+7D30 U+6B21 U+6708 U+5A25	6	Thứ này tới thứ Nguyệt Nga	6	1	次尼細次月娥	1
LucVanTien1916	nlvnpf-0059 (in mộc bản 1916)	nlvnpf-0059-065	data/LucVanTien1916/pages/images/nlvnpf-0059-065.jpg	11	5	2	data/LucVanTien1916/patches/nlvnpf-0059-065.jpg_5_2.jpg	data/LucVanTien1916/patches_preprocessed/train/nlvnpf-0059-065.jpg_5_2.jpg	train	165.4,183.3,37.0,500.9	河溪府意蹺吒斈行	U+6CB3 U+6EAA U+5E9C U+610F U+8E7A U+5412 U+6588 U+884C	8	Hà khê phủ ấy theo cha học hành	8	1	河溪府意蹺吒斈行	1
LucVanTien1916	nlvnpf-0059 (in mộc bản 1916)	nlvnpf-0059-065	data/LucVanTien1916/pages/images/nlvnpf-0059-065.jpg	12	6	1	data/LucVanTien1916/patches/nlvnpf-0059-065.jpg_6_1.jpg	data/LucVanTien1916/patches_preprocessed/train/nlvnpf-0059-065.jpg_6_1.jpg	train	127.3,181.4,37.4,502.8	矯公𨖲聀太卿	U+77EF U+516C U+285B2 U+8040 U+592A U+537F	6	Kiều công lên chức Thái khanh	6	1	矯公𨖲聀太卿	1
LucVanTien1916	nlvnpf-0059 (in mộc bản 1916)	nlvnpf-0059-065	data/LucVanTien1916/pages/images/nlvnpf-0059-065.jpg	13	6	2	data/LucVanTien1916/patches/nlvnpf-0059-065.jpg_6_2.jpg	data/LucVanTien1916/patches_preprocessed/train/nlvnpf-0059-065.jpg_6_2.jpg	train	127.3,181.4,37.4,502.8	差𦋦𡎢郡東城治民	U+5DEE U+262E6 U+213A2 U+90E1 U+6771 U+57CE U+6CBB U+6C11	8	Sai ra ngồi quận Ðông thành trị dân	8	1	差𦋦𡎢郡東城治民	1
LucVanTien1916	nlvnpf-0059 (in mộc bản 1916)	nlvnpf-0059-065	data/LucVanTien1916/pages/images/nlvnpf-0059-065.jpg	14	7	1	data/LucVanTien1916/patches/nlvnpf-0059-065.jpg_7_1.jpg	data/LucVanTien1916/patches_preprocessed/train/nlvnpf-0059-065.jpg_7_1.jpg	train	90.6,182.0,36.1,502.2	𦋦詞隊泣𦊚方	U+262E6 U+8A5E U+968A U+6CE3 U+2629A U+65B9	6	Ra tờ đòi khắp bốn phương	6	1	𦋦詞隊泣𦊚方	1
LucVanTien1916	nlvnpf-0059 (in mộc bản 1916)	nlvnpf-0059-065	data/LucVanTien1916/pages/images/nlvnpf-0059-065.jpg	15	7	2	data/LucVanTien1916/patches/nlvnpf-0059-065.jpg_7_2.jpg	data/LucVanTien1916/patches_preprocessed/train/nlvnpf-0059-065.jpg_7_2.jpg	train	90.6,182.0,36.1,502.2	𠳨𠽄户六源干於𠁀	U+20CE8 U+20F44 U+6237 U+516D U+6E90 U+5E72 U+65BC U+20040	8	Hỏi thăm họ Lục nguồn cơn ở đời	8	1	𠳨𠽄户六源干於𠁀	1
LucVanTien1916	nlvnpf-0059 (in mộc bản 1916)	nlvnpf-0059-065	data/LucVanTien1916/pages/images/nlvnpf-0059-065.jpg	16	8	1	data/LucVanTien1916/patches/nlvnpf-0059-065.jpg_8_1.jpg	data/LucVanTien1916/patches_preprocessed/train/nlvnpf-0059-065.jpg_8_1.jpg	train	57.4,182.7,34.6,501.5	𠰺軍󰝡幅书𠶆	U+20C3A U+8ECD U+F0761 U+5E45 U+4E66 U+20D86	6	Dạy quân đem bức thư mời	6	1	𠰺軍󰝡幅书𠶆	1
LucVanTien1916	nlvnpf-0059 (in mộc bản 1916)	nlvnpf-0059-065	data/LucVanTien1916/pages/images/nlvnpf-0059-065.jpg	17	8	2	data/LucVanTien1916/patches/nlvnpf-0059-065.jpg_8_2.jpg	data/LucVanTien1916/patches_preprocessed/val/nlvnpf-0059-065.jpg_8_2.jpg	val	57.4,182.7,34.6,501.5	六公𠳐令細尼营前	U+516D U+516C U+20CD0 U+4EE4 U+7D30 U+5C3C U+8425 U+524D	8	Lục công vâng lệnh tới nơi dinh tiền	8	1	六公𠳐令細尼营前	1
LucVanTien1916	nlvnpf-0059 (in mộc bản 1916)	nlvnpf-0059-065	data/LucVanTien1916/pages/images/nlvnpf-0059-065.jpg	18	9	1	data/LucVanTien1916/patches/nlvnpf-0059-065.jpg_9_1.jpg	data/LucVanTien1916/patches_preprocessed/train/nlvnpf-0059-065.jpg_9_1.jpg	train	22,182.0,34.7,501.5	矯公哙傳雲仙	U+77EF U+516C U+54D9 U+50B3 U+96F2 U+4ED9	6	Kiều công hỏi truyện Vân Tiên	6	1	矯公哙傳雲仙	1
LucVanTien1916	nlvnpf-0059 (in mộc bản 1916)	nlvnpf-0059-065	data/LucVanTien1916/pages/images/nlvnpf-0059-065.jpg	19	9	2	data/LucVanTien1916/patches/nlvnpf-0059-065.jpg_9_2.jpg	data/LucVanTien1916/patches_preprocessed/val/nlvnpf-0059-065.jpg_9_2.jpg	val	22,182.0,34.7,501.5	六公𢖵細俸連哭嘆	U+516D U+516C U+225B5 U+7D30 U+4FF8 U+9023 U+54ED U+5606	8	Lục công nhớ tới bỗng liền khóc than	8	1	六公𢖵細俸連哭嘆	1
LucVanTien1916	nlvnpf-0059 (in mộc bản 1916)	nlvnpf-0059-066	data/LucVanTien1916/pages/images/nlvnpf-0059-066.jpg	0	0	1	data/LucVanTien1916/patches/nlvnpf-0059-066.jpg_0_1.jpg	data/LucVanTien1916/patches_preprocessed/train/nlvnpf-0059-066.jpg_0_1.jpg	train	439.4,181.4,31.8,502.8	闭𥹰𦖑㗂吨󰠓	U+95ED U+25E70 U+26591 U+35C2 U+5428 U+F0813	6	Bấy lâu nghe tiếng đồn vang	6	1	闭𥹰𦖑㗂吨󰠓	1
LucVanTien1916	nlvnpf-0059 (in mộc bản 1916)	nlvnpf-0059-066	data/LucVanTien1916/pages/images/nlvnpf-0059-066.jpg	1	0	2	data/LucVanTien1916/patches/nlvnpf-0059-066.jpg_0_2.jpg	data/LucVanTien1916/patches_preprocessed/val/nlvnpf-0059-066.jpg_0_2.jpg	val	439.4,181.4,31.8,502.8	昆碎染病𡧲塘補屍	U+6606 U+788E U+67D3 U+75C5 U+219F2 U+5858 U+88DC U+5C4D	8	Con tôi nhuốm bệnh giữa đàng bỏ thây	8	1	昆碎染病𡧲塘補屍	1
LucVanTien1916	nlvnpf-0059 (in mộc bản 1916)	nlvnpf-0059-066	data/LucVanTien1916/pages/images/nlvnpf-0059-066.jpg	2	1	1	data/LucVanTien1916/patches/nlvnpf-0059-066.jpg_1_1.jpg	data/LucVanTien1916/patches_preprocessed/train/nlvnpf-0059-066.jpg_1_1.jpg	train	401.7,180.8,34.6,505.2	別信自意旦𫢩	U+5225 U+4FE1 U+81EA U+610F U+65E6 U+2B8A9	6	Biệt tin từ ấy đến nay	6	1	別信自意旦𫢩	1
LucVanTien1916	nlvnpf-0059 (in mộc bản 1916)	nlvnpf-0059-066	data/LucVanTien1916/pages/images/nlvnpf-0059-066.jpg	3	1	2	data/LucVanTien1916/patches/nlvnpf-0059-066.jpg_1_2.jpg	data/LucVanTien1916/patches_preprocessed/val/nlvnpf-0059-066.jpg_1_2.jpg	val	401.7,180.8,34.6,505.2	丿𦖑𠳒呐𣈗󰉨吏傷	U+4E3F U+26591 U+20CD2 U+5450 U+23217 U+F0268 U+540F U+50B7	8	Phút nghe lời nói ngày rày lại thương	8	1	丿𦖑𠳒呐𣈗󰉨吏傷	1
LucVanTien1916	nlvnpf-0059 (in mộc bản 1916)	nlvnpf-0059-066	data/LucVanTien1916/pages/images/nlvnpf-0059-066.jpg	4	2	1	data/LucVanTien1916/patches/nlvnpf-0059-066.jpg_2_1.jpg	data/LucVanTien1916/patches_preprocessed/train/nlvnpf-0059-066.jpg_2_1.jpg	train	364.4,182.7,36.3,503.4	矯公冲胣惨傷	U+77EF U+516C U+51B2 U+80E3 U+60E8 U+50B7	6	Kiều công trong dạ thảm thương	6	1	矯公冲胣惨傷	1
LucVanTien1916	nlvnpf-0059 (in mộc bản 1916)	nlvnpf-0059-066	data/LucVanTien1916/pages/images/nlvnpf-0059-066.jpg	5	2	2	data/LucVanTien1916/patches/nlvnpf-0059-066.jpg_2_2.jpg	data/LucVanTien1916/patches_preprocessed/val/nlvnpf-0059-066.jpg_2_2.jpg	val	364.4,182.7,36.3,503.4	阻𠓨呐傳󰠃娘月娥	U+963B U+204E8 U+5450 U+50B3 U+F0803 U+5A18 U+6708 U+5A25	8	Trở vào nói chuyện cùng nàng Nguyệt Nga	8	1	阻𠓨呐傳󰠃娘月娥	1
LucVanTien1916	nlvnpf-0059 (in mộc bản 1916)	nlvnpf-0059-066	data/LucVanTien1916/pages/images/nlvnpf-0059-066.jpg	6	3	1	data/LucVanTien1916/patches/nlvnpf-0059-066.jpg_3_1.jpg	data/LucVanTien1916/patches_preprocessed/train/nlvnpf-0059-066.jpg_3_1.jpg	train	326.6,184.5,38.5,502.2	娥浪𢖵𣅶塘賖	U+5A25 U+6D6A U+225B5 U+23176 U+5858 U+8CD6	6	Nga rằng: Nhỡ lúc đường xa	6	1	娥浪𢖵𣅶塘賖	1
LucVanTien1916	nlvnpf-0059 (in mộc bản 1916)	nlvnpf-0059-066	data/LucVanTien1916/pages/images/nlvnpf-0059-066.jpg	7	3	2	data/LucVanTien1916/patches/nlvnpf-0059-066.jpg_3_2.jpg	data/LucVanTien1916/patches_preprocessed/train/nlvnpf-0059-066.jpg_3_2.jpg	train	326.6,184.5,38.5,502.2	嗔𠸼户六󰝡𦋦役堂	U+55D4 U+20E3C U+6237 U+516D U+F0761 U+262E6 U+5F79 U+5802	8	Xin mời họ Lục đem ra dịch đường	8	1	嗔𠸼户六󰝡𦋦役堂	1
LucVanTien1916	nlvnpf-0059 (in mộc bản 1916)	nlvnpf-0059-066	data/LucVanTien1916/pages/images/nlvnpf-0059-066.jpg	8	4	1	data/LucVanTien1916/patches/nlvnpf-0059-066.jpg_4_1.jpg	data/LucVanTien1916/patches_preprocessed/train/nlvnpf-0059-066.jpg_4_1.jpg	train	287.0,185.1,38.3,501.5	矯浪𠲖𢜝㗂娘	U+77EF U+6D6A U+20C96 U+2271D U+35C2 U+5A18	6	Kiều rằng: E sợ tiếng nàng	6	1	矯浪𠲖𢜝㗂娘	1
LucVanTien1916	nlvnpf-0059 (in mộc bản 1916)	nlvnpf-0059-066	data/LucVanTien1916/pages/images/nlvnpf-0059-066.jpg	9	4	2	data/LucVanTien1916/patches/nlvnpf-0059-066.jpg_4_2.jpg	data/LucVanTien1916/patches_preprocessed/val/nlvnpf-0059-066.jpg_4_2.jpg	val	287.0,185.1,38.3,501.5	六翁𠓨准役堂𡎢衝	U+516D U+7FC1 U+204E8 U+51C6 U+5F79 U+5802 U+213A2 U+885D	8	Lục ông vào chốn dịnh đường ngồi xong	8	1	六翁𠓨准役堂𡎢衝	1
LucVanTien1916	nlvnpf-0059 (in mộc bản 1916)	nlvnpf-0059-066	data/LucVanTien1916/pages/images/nlvnpf-0059-066.jpg	10	5	1	data/LucVanTien1916/patches/nlvnpf-0059-066.jpg_5_1.jpg	data/LucVanTien1916/patches_preprocessed/train/nlvnpf-0059-066.jpg_5_1.jpg	train	248.7,186.3,36.1,500.9	月娥𨅸預边房	U+6708 U+5A25 U+28178 U+9810 U+8FB9 U+623F	6	Nguyệt Nga đứng dựa bên phòng	6	1	月娥𨅸預边房	1
LucVanTien1916	nlvnpf-0059 (in mộc bản 1916)	nlvnpf-0059-066	data/LucVanTien1916/pages/images/nlvnpf-0059-066.jpg	11	5	2	data/LucVanTien1916/patches/nlvnpf-0059-066.jpg_5_2.jpg	data/LucVanTien1916/patches_preprocessed/train/nlvnpf-0059-066.jpg_5_2.jpg	train	248.7,186.3,36.1,500.9	𢬣揞幅像哭𣳔如湄	U+22B23 U+63DE U+5E45 U+50CF U+54ED U+23CD4 U+5982 U+6E44	8	Tay ôm bức tượng khóc ròng như mưa	8	1	𢬣揞幅像哭𣳔如湄	1
LucVanTien1916	nlvnpf-0059 (in mộc bản 1916)	nlvnpf-0059-066	data/LucVanTien1916/pages/images/nlvnpf-0059-066.jpg	12	6	1	data/LucVanTien1916/patches/nlvnpf-0059-066.jpg_6_1.jpg	data/LucVanTien1916/patches_preprocessed/train/nlvnpf-0059-066.jpg_6_1.jpg	train	212.1,187.8,33.6,500.0	公浪幅像𠊚𠸗	U+516C U+6D6A U+5E45 U+50CF U+2029A U+20E17	6	Công rằng: Bức tượng người xưa	6	1	公浪幅像𠊚𠸗	1
LucVanTien1916	nlvnpf-0059 (in mộc bản 1916)	nlvnpf-0059-066	data/LucVanTien1916/pages/images/nlvnpf-0059-066.jpg	13	6	2	data/LucVanTien1916/patches/nlvnpf-0059-066.jpg_6_2.jpg	data/LucVanTien1916/patches_preprocessed/val/nlvnpf-0059-066.jpg_6_2.jpg	val	212.1,187.8,33.6,500.0	月娥昆呵󰝡迻𠊚𥆾	U+6708 U+5A25 U+6606 U+5475 U+F0761 U+8FFB U+2029A U+251BE	8	Nguyệt Nga con há đem đưa người nhìn	8	1	月娥昆呵󰝡迻𠊚𥆾	1
LucVanTien1916	nlvnpf-0059 (in mộc bản 1916)	nlvnpf-0059-066	data/LucVanTien1916/pages/images/nlvnpf-0059-066.jpg	14	7	1	data/LucVanTien1916/patches/nlvnpf-0059-066.jpg_7_1.jpg	data/LucVanTien1916/patches_preprocessed/train/nlvnpf-0059-066.jpg_7_1.jpg	train	174.2,188.8,34.8,500.3	矯公各役𢧚印	U+77EF U+516C U+5404 U+5F79 U+229DA U+5370	6	Kiều công các việc nên in	6	1	矯公各役𢧚印	1
LucVanTien1916	nlvnpf-0059 (in mộc bản 1916)	nlvnpf-0059-066	data/LucVanTien1916/pages/images/nlvnpf-0059-066.jpg	15	7	2	data/LucVanTien1916/patches/nlvnpf-0059-066.jpg_7_2.jpg	data/LucVanTien1916/patches_preprocessed/val/nlvnpf-0059-066.jpg_7_2.jpg	val	174.2,188.8,34.8,500.3	六公欺𧘇買信事情	U+516D U+516C U+6B3A U+27607 U+8CB7 U+4FE1 U+4E8B U+60C5	8	Lục công khi ấy mới tin sự tình	8	1	六公欺𧘇買信事情	1
LucVanTien1916	nlvnpf-0059 (in mộc bản 1916)	nlvnpf-0059-066	data/LucVanTien1916/pages/images/nlvnpf-0059-066.jpg	16	8	1	data/LucVanTien1916/patches/nlvnpf-0059-066.jpg_8_1.jpg	data/LucVanTien1916/patches_preprocessed/train/nlvnpf-0059-066.jpg_8_1.jpg	train	136.8,190.6,36.7,499.1	公浪役𬞺宁宁	U+516C U+6D6A U+5F79 U+2C7BA U+5B81 U+5B81	6	Công rằng việc cũ ninh ninh	6	1	公浪役𬞺宁宁	1
LucVanTien1916	nlvnpf-0059 (in mộc bản 1916)	nlvnpf-0059-066	data/LucVanTien1916/pages/images/nlvnpf-0059-066.jpg	17	8	2	data/LucVanTien1916/patches/nlvnpf-0059-066.jpg_8_2.jpg	data/LucVanTien1916/patches_preprocessed/val/nlvnpf-0059-066.jpg_8_2.jpg	val	136.8,190.6,36.7,499.1	𢖵涓𠄩𡦂恩情課𠸗	U+225B5 U+6D93 U+20129 U+21982 U+6069 U+60C5 U+8AB2 U+20E17	8	Nhớ quên hai chữ ân tình thuở xưa	8	1	𢖵涓𠄩𡦂恩情課𠸗	1
LucVanTien1916	nlvnpf-0059 (in mộc bản 1916)	nlvnpf-0059-066	data/LucVanTien1916/pages/images/nlvnpf-0059-066.jpg	18	9	1	data/LucVanTien1916/patches/nlvnpf-0059-066.jpg_9_1.jpg	data/LucVanTien1916/patches_preprocessed/train/nlvnpf-0059-066.jpg_9_1.jpg	train	102.7,193.0,33.9,496.7	泊鐄礼𨳒嗔迻	U+6CCA U+9404 U+793C U+28CD2 U+55D4 U+8FFB	6	Bạc vàng lễ mọn xin đưa	6	1	泊鐄礼𨳒嗔迻	1
LucVanTien1916	nlvnpf-0059 (in mộc bản 1916)	nlvnpf-0059-066	data/LucVanTien1916/pages/images/nlvnpf-0059-066.jpg	19	9	2	data/LucVanTien1916/patches/nlvnpf-0059-066.jpg_9_2.jpg	data/LucVanTien1916/patches_preprocessed/val/nlvnpf-0059-066.jpg_9_2.jpg	val	102.7,193.0,33.9,496.7	𧵑尼爫󰒂𡊰𠸗恩払	U+27D51 U+5C3C U+722B U+F0482 U+212B0 U+20E17 U+6069 U+6255	8	Của này làm nghĩa đền xưa ơn chàng	8	1	𧵑尼爫󰒂𡊰𠸗恩払	1
LucVanTien1916	nlvnpf-0059 (in mộc bản 1916)	nlvnpf-0059-067	data/LucVanTien1916/pages/images/nlvnpf-0059-067.jpg	0	0	1	data/LucVanTien1916/patches/nlvnpf-0059-067.jpg_0_1.jpg	data/LucVanTien1916/patches_preprocessed/train/nlvnpf-0059-067.jpg_0_1.jpg	train	358.9,155.2,34.0,518.6	六浪恩𧘇語喭	U+516D U+6D6A U+6069 U+27607 U+8A9E U+55AD	6	Lục rằng ơn ấy ngỡ ngàng	6	1	六浪恩𧘇語喭	1
LucVanTien1916	nlvnpf-0059 (in mộc bản 1916)	nlvnpf-0059-067	data/LucVanTien1916/pages/images/nlvnpf-0059-067.jpg	1	0	2	data/LucVanTien1916/patches/nlvnpf-0059-067.jpg_0_2.jpg	data/LucVanTien1916/patches_preprocessed/train/nlvnpf-0059-067.jpg_0_2.jpg	train	358.9,155.2,34.0,518.6	碎󰦓监𠹾泊鐄爫之	U+788E U+F0993 U+76D1 U+20E7E U+6CCA U+9404 U+722B U+4E4B	8	Tôi đâu giám chịu bạc vàng làm chi	8	1	碎󰦓监𠹾泊鐄爫之	1
LucVanTien1916	nlvnpf-0059 (in mộc bản 1916)	nlvnpf-0059-067	data/LucVanTien1916/pages/images/nlvnpf-0059-067.jpg	2	1	1	data/LucVanTien1916/patches/nlvnpf-0059-067.jpg_1_1.jpg	data/LucVanTien1916/patches_preprocessed/train/nlvnpf-0059-067.jpg_1_1.jpg	train	318.5,153.9,38.4,522.3	𡂂󰑼昆𥘷𠅍𠫾	U+21082 U+F047C U+6606 U+25637 U+2014D U+20AFE	6	Ngỡ là con trẻ mất đi	6	1	𡂂󰑼昆𥘷𠅍𠫾	1
LucVanTien1916	nlvnpf-0059 (in mộc bản 1916)	nlvnpf-0059-067	data/LucVanTien1916/pages/images/nlvnpf-0059-067.jpg	3	1	2	data/LucVanTien1916/patches/nlvnpf-0059-067.jpg_1_2.jpg	data/LucVanTien1916/patches_preprocessed/val/nlvnpf-0059-067.jpg_1_2.jpg	val	318.5,153.9,38.4,522.3	咍󰦓𬋩格群𥱬像尼	U+548D U+F0993 U+2C2E9 U+683C U+7FA4 U+25C6C U+50CF U+5C3C	8	Hay đâu quản cách còn ghi tượng này	8	1	咍󰦓𬋩格群𥱬像尼	1
LucVanTien1916	nlvnpf-0059 (in mộc bản 1916)	nlvnpf-0059-067	data/LucVanTien1916/pages/images/nlvnpf-0059-067.jpg	4	2	1	data/LucVanTien1916/patches/nlvnpf-0059-067.jpg_2_1.jpg	data/LucVanTien1916/patches_preprocessed/train/nlvnpf-0059-067.jpg_2_1.jpg	train	281.4,155.2,37.0,522.9	𫢩它𧡊特昆低	U+2B8A9 U+5B83 U+2784A U+7279 U+6606 U+4F4E	6	Nay đà thấy được con đây	6	1	𫢩它𧡊特昆低	1
LucVanTien1916	nlvnpf-0059 (in mộc bản 1916)	nlvnpf-0059-067	data/LucVanTien1916/pages/images/nlvnpf-0059-067.jpg	5	2	2	data/LucVanTien1916/patches/nlvnpf-0059-067.jpg_2_2.jpg	data/LucVanTien1916/patches_preprocessed/val/nlvnpf-0059-067.jpg_2_2.jpg	val	281.4,155.2,37.0,522.9	𬌓𢚸傷𢖵拱虧特耒	U+2C313 U+226B8 U+50B7 U+225B5 U+62F1 U+8667 U+7279 U+8012	8	Tấm lòng thương nhớ cùng khuya được rồi	8	1	𬌓𢚸傷𢖵拱虧特耒	1
LucVanTien1916	nlvnpf-0059 (in mộc bản 1916)	nlvnpf-0059-067	data/LucVanTien1916/pages/images/nlvnpf-0059-067.jpg	6	3	1	data/LucVanTien1916/patches/nlvnpf-0059-067.jpg_3_1.jpg	data/LucVanTien1916/patches_preprocessed/train/nlvnpf-0059-067.jpg_3_1.jpg	train	244.4,155.2,39.0,522.9	六翁辞謝𨆢蹎	U+516D U+7FC1 U+8F9E U+8B1D U+281A2 U+8E4E	6	Lục ông từ tạ lui chân	6	1	六翁辞謝𨆢蹎	1
LucVanTien1916	nlvnpf-0059 (in mộc bản 1916)	nlvnpf-0059-067	data/LucVanTien1916/pages/images/nlvnpf-0059-067.jpg	7	3	2	data/LucVanTien1916/patches/nlvnpf-0059-067.jpg_3_2.jpg	data/LucVanTien1916/patches_preprocessed/val/nlvnpf-0059-067.jpg_3_2.jpg	val	244.4,155.2,39.0,522.9	矯公差几迻回𧵑朱	U+77EF U+516C U+5DEE U+51E0 U+8FFB U+56DE U+27D51 U+6731	8	Kiều công sai kẻ đưa hồi của cho	8	1	矯公差几迻回𧵑朱	1
LucVanTien1916	nlvnpf-0059 (in mộc bản 1916)	nlvnpf-0059-067	data/LucVanTien1916/pages/images/nlvnpf-0059-067.jpg	8	4	1	data/LucVanTien1916/patches/nlvnpf-0059-067.jpg_4_1.jpg	data/LucVanTien1916/patches_preprocessed/train/nlvnpf-0059-067.jpg_4_1.jpg	train	207.2,154.6,35.4,526.0	月娥染病𦣰孤	U+6708 U+5A25 U+67D3 U+75C5 U+268F0 U+5B64	6	Nguyệt Nga nhuốm bệnh nằm co	6	1	月娥染病𦣰孤	1
LucVanTien1916	nlvnpf-0059 (in mộc bản 1916)	nlvnpf-0059-067	data/LucVanTien1916/pages/images/nlvnpf-0059-067.jpg	9	4	2	data/LucVanTien1916/patches/nlvnpf-0059-067.jpg_4_2.jpg	data/LucVanTien1916/patches_preprocessed/val/nlvnpf-0059-067.jpg_4_2.jpg	val	207.2,154.6,35.4,526.0	冲𨉓𤾓䋦㐌卢吏愁	U+51B2 U+28253 U+24F93 U+42E6 U+340C U+5362 U+540F U+6101	8	Trong mình trăm mối đã lo lại sầu	8	1	冲𨉓𤾓䋦㐌卢吏愁	1
LucVanTien1916	nlvnpf-0059 (in mộc bản 1916)	nlvnpf-0059-067	data/LucVanTien1916/pages/images/nlvnpf-0059-067.jpg	10	5	1	data/LucVanTien1916/patches/nlvnpf-0059-067.jpg_5_1.jpg	data/LucVanTien1916/patches_preprocessed/train/nlvnpf-0059-067.jpg_5_1.jpg	train	167.4,152.7,37.9,528.4	碎㐌除待闭𥹰	U+788E U+340C U+9664 U+5F85 U+95ED U+25E70	6	Tôi đà chờ được bấy lâu	6	1	碎㐌除待闭𥹰	1
LucVanTien1916	nlvnpf-0059 (in mộc bản 1916)	nlvnpf-0059-067	data/LucVanTien1916/pages/images/nlvnpf-0059-067.jpg	11	5	2	data/LucVanTien1916/patches/nlvnpf-0059-067.jpg_5_2.jpg	data/LucVanTien1916/patches_preprocessed/val/nlvnpf-0059-067.jpg_5_2.jpg	val	167.4,152.7,37.9,528.4	㐌空朱﨤𣇜頭辰傕	U+340C U+7A7A U+6731 U+FA24 U+231DC U+982D U+8FB0 U+5095	8	Đã không cho gặp buổi đầu thì thôi	8	1	㐌空朱﨤𣇜頭辰傕	1
LucVanTien1916	nlvnpf-0059 (in mộc bản 1916)	nlvnpf-0059-067	data/LucVanTien1916/pages/images/nlvnpf-0059-067.jpg	12	6	1	data/LucVanTien1916/patches/nlvnpf-0059-067.jpg_6_1.jpg	data/LucVanTien1916/patches_preprocessed/train/nlvnpf-0059-067.jpg_6_1.jpg	train	128.9,155.2,35.4,526.0	別饒渚待󰋇囬	U+5225 U+9952 U+6E1A U+5F85 U+F02C7 U+56EC	6	Biết nhau chưa được mấy hồi	6	1	別饒渚待󰋇囬	1
LucVanTien1916	nlvnpf-0059 (in mộc bản 1916)	nlvnpf-0059-067	data/LucVanTien1916/pages/images/nlvnpf-0059-067.jpg	13	6	2	data/LucVanTien1916/patches/nlvnpf-0059-067.jpg_6_2.jpg	data/LucVanTien1916/patches_preprocessed/train/nlvnpf-0059-067.jpg_6_2.jpg	train	128.9,155.2,35.4,526.0	几群𠊚𠅍𡗶喂唉𡗶	U+51E0 U+7FA4 U+2029A U+2014D U+215F6 U+5582 U+5509 U+215F6	8	Kẻ còn người mất trời ôi hỡi trời	8	1	几群𠊚𠅍𡗶喂唉𡗶	1
LucVanTien1916	nlvnpf-0059 (in mộc bản 1916)	nlvnpf-0059-067	data/LucVanTien1916/pages/images/nlvnpf-0059-067.jpg	14	7	1	data/LucVanTien1916/patches/nlvnpf-0059-067.jpg_7_1.jpg	data/LucVanTien1916/patches_preprocessed/train/nlvnpf-0059-067.jpg_7_1.jpg	train	91.1,153.3,36.6,529.0	課𠸗渚者󰋇𢈱	U+8AB2 U+20E17 U+6E1A U+8005 U+F02C7 U+22231	6	Thuở xưa chưa giả mấy lời	6	1	課𠸗渚者󰋇𢈱	1
LucVanTien1916	nlvnpf-0059 (in mộc bản 1916)	nlvnpf-0059-067	data/LucVanTien1916/pages/images/nlvnpf-0059-067.jpg	15	7	2	data/LucVanTien1916/patches/nlvnpf-0059-067.jpg_7_2.jpg	data/LucVanTien1916/patches_preprocessed/val/nlvnpf-0059-067.jpg_7_2.jpg	val	91.1,153.3,36.6,529.0	呵𠸦君子別𠁀芇派	U+5475 U+20E26 U+541B U+5B50 U+5225 U+20040 U+8287 U+6D3E	8	Khá khen quân tử biết đời nào phai	8	1	呵𠸦君子別𠁀芇派	1
LucVanTien1916	nlvnpf-0059 (in mộc bản 1916)	nlvnpf-0059-067	data/LucVanTien1916/pages/images/nlvnpf-0059-067.jpg	16	8	1	data/LucVanTien1916/patches/nlvnpf-0059-067.jpg_8_1.jpg	data/LucVanTien1916/patches_preprocessed/train/nlvnpf-0059-067.jpg_8_1.jpg	train	54.9,151.5,36.2,531.5	傷爲𠊚等英才	U+50B7 U+7232 U+2029A U+7B49 U+82F1 U+624D	6	Thương vì người đấng anh tài	6	1	傷爲𠊚等英才	1
LucVanTien1916	nlvnpf-0059 (in mộc bản 1916)	nlvnpf-0059-067	data/LucVanTien1916/pages/images/nlvnpf-0059-067.jpg	17	8	2	data/LucVanTien1916/patches/nlvnpf-0059-067.jpg_8_2.jpg	data/LucVanTien1916/patches_preprocessed/val/nlvnpf-0059-067.jpg_8_2.jpg	val	54.9,151.5,36.2,531.5	芸文業武芇埃𤯭󰠃	U+82B8 U+6587 U+696D U+6B66 U+8287 U+57C3 U+24BED U+F0803	8	Nghề văn, nghệp võ nào ai sánh cùng	8	1	芸文業武芇埃𤯭󰠃	1
LucVanTien1916	nlvnpf-0059 (in mộc bản 1916)	nlvnpf-0059-067	data/LucVanTien1916/pages/images/nlvnpf-0059-067.jpg	18	9	1	data/LucVanTien1916/patches/nlvnpf-0059-067.jpg_9_1.jpg	data/LucVanTien1916/patches_preprocessed/train/nlvnpf-0059-067.jpg_9_1.jpg	train	19.6,152.1,34.0,530.9	傷爲畑𠕋固功	U+50B7 U+7232 U+7551 U+2054B U+56FA U+529F	6	Thương vì đèn sách có công	6	1	傷爲畑󰀋固功	0
LucVanTien1916	nlvnpf-0059 (in mộc bản 1916)	nlvnpf-0059-067	data/LucVanTien1916/pages/images/nlvnpf-0059-067.jpg	19	9	2	data/LucVanTien1916/patches/nlvnpf-0059-067.jpg_9_2.jpg	data/LucVanTien1916/patches_preprocessed/train/nlvnpf-0059-067.jpg_9_2.jpg	train	19.6,152.1,34.0,530.9	𦊚方渚特桑蓬󰜋勾	U+2629A U+65B9 U+6E1A U+7279 U+6851 U+84EC U+F070B U+52FE	8	Bốn phương chưa được tang bồng một câu	8	1	𦊚方渚特桑蓬󰜋勾	1
LucVanTien1916	nlvnpf-0059 (in mộc bản 1916)	nlvnpf-0059-068	data/LucVanTien1916/pages/images/nlvnpf-0059-068.jpg	0	0	1	data/LucVanTien1916/patches/nlvnpf-0059-068.jpg_0_1.jpg	data/LucVanTien1916/patches_preprocessed/train/nlvnpf-0059-068.jpg_0_1.jpg	train	439.5,152.7,32.3,530.3	傷爲𠄩糝歳頭	U+50B7 U+7232 U+20129 U+7CDD U+6B73 U+982D	6	Thương vì hai tám tuổi đầu	6	1	傷爲𠄩糝歳頭	1
LucVanTien1916	nlvnpf-0059 (in mộc bản 1916)	nlvnpf-0059-068	data/LucVanTien1916/pages/images/nlvnpf-0059-068.jpg	1	0	2	data/LucVanTien1916/patches/nlvnpf-0059-068.jpg_0_2.jpg	data/LucVanTien1916/patches_preprocessed/train/nlvnpf-0059-068.jpg_0_2.jpg	train	439.5,152.7,32.3,530.3	𠊚𠁀如俸蜉蝣呂廊	U+2029A U+20040 U+5982 U+4FF8 U+8709 U+8763 U+5442 U+5ECA	8	Người đời như bóng phù du lỡ làng	8	1	𠊚𠁀如俸蜉蝣呂廊	1
LucVanTien1916	nlvnpf-0059 (in mộc bản 1916)	nlvnpf-0059-068	data/LucVanTien1916/pages/images/nlvnpf-0059-068.jpg	2	1	1	data/LucVanTien1916/patches/nlvnpf-0059-068.jpg_1_1.jpg	data/LucVanTien1916/patches_preprocessed/train/nlvnpf-0059-068.jpg_1_1.jpg	train	401.5,152.1,34.8,532.1	傷爲渚特顕荣	U+50B7 U+7232 U+6E1A U+7279 U+9855 U+8363	6	Thương vì chưa được hiển vinh	6	1	傷爲渚特顕荣	1
LucVanTien1916	nlvnpf-0059 (in mộc bản 1916)	nlvnpf-0059-068	data/LucVanTien1916/pages/images/nlvnpf-0059-068.jpg	3	1	2	data/LucVanTien1916/patches/nlvnpf-0059-068.jpg_1_2.jpg	data/LucVanTien1916/patches_preprocessed/train/nlvnpf-0059-068.jpg_1_2.jpg	train	401.5,152.1,34.8,532.1	㵢㵢花󰲼󰉺残功名	U+3D62 U+3D62 U+82B1 U+F0CBC U+F027A U+6B8B U+529F U+540D	8	Trôi trôi hoa dạt sớm tàn công danh	8	1	㵢㵢花󰲼󰉺残功名	1
LucVanTien1916	nlvnpf-0059 (in mộc bản 1916)	nlvnpf-0059-068	data/LucVanTien1916/pages/images/nlvnpf-0059-068.jpg	4	2	1	data/LucVanTien1916/patches/nlvnpf-0059-068.jpg_2_1.jpg	data/LucVanTien1916/patches_preprocessed/train/nlvnpf-0059-068.jpg_2_1.jpg	train	366.1,153.3,34.2,532.7	傷爲堆呂渚成	U+50B7 U+7232 U+5806 U+5442 U+6E1A U+6210	6	Thương vì đôi lứa chưa thành	6	1	傷爲堆呂渚成	1
LucVanTien1916	nlvnpf-0059 (in mộc bản 1916)	nlvnpf-0059-068	data/LucVanTien1916/pages/images/nlvnpf-0059-068.jpg	5	2	2	data/LucVanTien1916/patches/nlvnpf-0059-068.jpg_2_2.jpg	data/LucVanTien1916/patches_preprocessed/train/nlvnpf-0059-068.jpg_2_2.jpg	train	366.1,153.3,34.2,532.7	㘧香鉢渃唉仃㝵𡢐	U+3627 U+9999 U+9262 U+6E03 U+5509 U+4EC3 U+3775 U+21890	8	Trữ hương bát nước hãy dành ngày sau	8	1	㘧香鉢渃唉仃㝵𡢐	1
LucVanTien1916	nlvnpf-0059 (in mộc bản 1916)	nlvnpf-0059-068	data/LucVanTien1916/pages/images/nlvnpf-0059-068.jpg	6	3	1	data/LucVanTien1916/patches/nlvnpf-0059-068.jpg_3_1.jpg	data/LucVanTien1916/patches_preprocessed/train/nlvnpf-0059-068.jpg_3_1.jpg	train	326.9,153.9,35.4,532.7	𠄼更庒𠯪紇珠	U+2013C U+66F4 U+5E92 U+20BEA U+7D07 U+73E0	6	Năm canh chẳng ngớt hạt châu	6	1	𠄼更庒𠯪紇珠	1
LucVanTien1916	nlvnpf-0059 (in mộc bản 1916)	nlvnpf-0059-068	data/LucVanTien1916/pages/images/nlvnpf-0059-068.jpg	7	3	2	data/LucVanTien1916/patches/nlvnpf-0059-068.jpg_3_2.jpg	data/LucVanTien1916/patches_preprocessed/train/nlvnpf-0059-068.jpg_3_2.jpg	train	326.9,153.9,35.4,532.7	兑𥆾幅像𦛌𤴬如𬁻	U+5151 U+251BE U+5E45 U+50CF U+266CC U+24D2C U+5982 U+2C07B	8	Thoắt nhìn bức tượng ruột đau như dần	8	1	兑𥆾幅像𦛌𤴬如𬁻	1
LucVanTien1916	nlvnpf-0059 (in mộc bản 1916)	nlvnpf-0059-068	data/LucVanTien1916/pages/images/nlvnpf-0059-068.jpg	8	4	1	data/LucVanTien1916/patches/nlvnpf-0059-068.jpg_4_1.jpg	data/LucVanTien1916/patches_preprocessed/train/nlvnpf-0059-068.jpg_4_1.jpg	train	287.2,154.6,36.1,532.7	嘆浪渚特󰋇回	U+5606 U+6D6A U+6E1A U+7279 U+F02C7 U+56DE	6	Than rằng chưa được mấy hồi	6	1	嘆浪渚特󰋇回	1
LucVanTien1916	nlvnpf-0059 (in mộc bản 1916)	nlvnpf-0059-068	data/LucVanTien1916/pages/images/nlvnpf-0059-068.jpg	9	4	2	data/LucVanTien1916/patches/nlvnpf-0059-068.jpg_4_2.jpg	data/LucVanTien1916/patches_preprocessed/val/nlvnpf-0059-068.jpg_4_2.jpg	val	287.2,154.6,36.1,532.7	㝵𡢐別固﨤堆庒󰑼	U+3775 U+21890 U+5225 U+56FA U+FA24 U+5806 U+5E92 U+F047C	8	Ngày sau biết có gặp đôi chăng là	8	1	㝵𡢐別固﨤堆庒󰑼	1
LucVanTien1916	nlvnpf-0059 (in mộc bản 1916)	nlvnpf-0059-068	data/LucVanTien1916/pages/images/nlvnpf-0059-068.jpg	10	5	1	data/LucVanTien1916/patches/nlvnpf-0059-068.jpg_5_1.jpg	data/LucVanTien1916/patches_preprocessed/train/nlvnpf-0059-068.jpg_5_1.jpg	train	248.7,157.0,34.8,532.1	矯公冲帳𨀈𦋦	U+77EF U+516C U+51B2 U+5E33 U+28008 U+262E6	6	Kiều công trong trướng bước ra	6	1	矯公冲帳𨀈𦋦	1
LucVanTien1916	nlvnpf-0059 (in mộc bản 1916)	nlvnpf-0059-068	data/LucVanTien1916/pages/images/nlvnpf-0059-068.jpg	11	5	2	data/LucVanTien1916/patches/nlvnpf-0059-068.jpg_5_2.jpg	data/LucVanTien1916/patches_preprocessed/val/nlvnpf-0059-068.jpg_5_2.jpg	val	248.7,157.0,34.8,532.1	𦖑昆嘆咀㤕車𢚸鐄	U+26591 U+6606 U+5606 U+5480 U+3915 U+8ECA U+226B8 U+9404	8	Nghe con than thở, xót xa lòng vàng	8	1	𦖑昆嘆咀㤕車𢚸鐄	1
LucVanTien1916	nlvnpf-0059 (in mộc bản 1916)	nlvnpf-0059-068	data/LucVanTien1916/pages/images/nlvnpf-0059-068.jpg	12	6	1	data/LucVanTien1916/patches/nlvnpf-0059-068.jpg_6_1.jpg	data/LucVanTien1916/patches_preprocessed/train/nlvnpf-0059-068.jpg_6_1.jpg	train	209.0,157.6,36.1,532.7	勸昆辰渚多芒	U+52F8 U+6606 U+8FB0 U+6E1A U+591A U+8292	6	Khuyên con thì chớ đa mang	6	1	勸昆辰渚多芒	1
LucVanTien1916	nlvnpf-0059 (in mộc bản 1916)	nlvnpf-0059-068	data/LucVanTien1916/pages/images/nlvnpf-0059-068.jpg	13	6	2	data/LucVanTien1916/patches/nlvnpf-0059-068.jpg_6_2.jpg	data/LucVanTien1916/patches_preprocessed/val/nlvnpf-0059-068.jpg_6_2.jpg	val	209.0,157.6,36.1,532.7	錦皮群𠅍󰑼常𠸗𫢩	U+9326 U+76AE U+7FA4 U+2014D U+F047C U+5E38 U+20E17 U+2B8A9	8	Gấm bì còn mất là thường xưa nay	8	1	錦皮群𠅍󰑼常𠸗𫢩	1
LucVanTien1916	nlvnpf-0059 (in mộc bản 1916)	nlvnpf-0059-068	data/LucVanTien1916/pages/images/nlvnpf-0059-068.jpg	14	7	1	data/LucVanTien1916/patches/nlvnpf-0059-068.jpg_7_1.jpg	data/LucVanTien1916/patches_preprocessed/train/nlvnpf-0059-068.jpg_7_1.jpg	train	171.7,158.8,35.4,532.1	恩情強想強苔	U+6069 U+60C5 U+5F37 U+60F3 U+5F37 U+82D4	6	Ân tình càng tưởng càng đầy	6	1	恩情強想強苔	1
LucVanTien1916	nlvnpf-0059 (in mộc bản 1916)	nlvnpf-0059-068	data/LucVanTien1916/pages/images/nlvnpf-0059-068.jpg	15	7	2	data/LucVanTien1916/patches/nlvnpf-0059-068.jpg_7_2.jpg	data/LucVanTien1916/patches_preprocessed/train/nlvnpf-0059-068.jpg_7_2.jpg	train	171.7,158.8,35.4,532.1	庒戈𣛠造𨒻𡏦庄常	U+5E92 U+6208 U+236E0 U+9020 U+284BB U+213E6 U+5E84 U+5E38	8	Chẳng qua máy tạo đổi xoay chẳng thường	8	1	庒戈𣛠造𨒻𡏦庄常	1
LucVanTien1916	nlvnpf-0059 (in mộc bản 1916)	nlvnpf-0059-068	data/LucVanTien1916/pages/images/nlvnpf-0059-068.jpg	16	8	1	data/LucVanTien1916/patches/nlvnpf-0059-068.jpg_8_1.jpg	data/LucVanTien1916/patches_preprocessed/train/nlvnpf-0059-068.jpg_8_1.jpg	train	134.4,160.1,36.4,528.4	娥浪空掣浽傷	U+5A25 U+6D6A U+7A7A U+63A3 U+6D7D U+50B7	6	Nga rằng: Khôn xiết nỗi thương	6	1	娥浪空掣浽傷	1
LucVanTien1916	nlvnpf-0059 (in mộc bản 1916)	nlvnpf-0059-068	data/LucVanTien1916/pages/images/nlvnpf-0059-068.jpg	17	8	2	data/LucVanTien1916/patches/nlvnpf-0059-068.jpg_8_2.jpg	data/LucVanTien1916/patches_preprocessed/val/nlvnpf-0059-068.jpg_8_2.jpg	val	134.4,160.1,36.4,528.4	欺空𢭮挭𡧲塘芇咍	U+6B3A U+7A7A U+22B6E U+632D U+219F2 U+5858 U+8287 U+548D	8	Khi không gẫy gánh giữa đường nào hay	8	1	欺空𢭮挭𡧲塘芇咍	1
LucVanTien1916	nlvnpf-0059 (in mộc bản 1916)	nlvnpf-0059-068	data/LucVanTien1916/pages/images/nlvnpf-0059-068.jpg	18	9	1	data/LucVanTien1916/patches/nlvnpf-0059-068.jpg_9_1.jpg	data/LucVanTien1916/patches_preprocessed/train/nlvnpf-0059-068.jpg_9_1.jpg	train	97.2,160.1,34.2,529.6	𫢩㐌鵉鳳落排	U+2B8A9 U+340C U+9D49 U+9CF3 U+843D U+6392	6	Nay đà loan phụng lạc bầy	6	1	𫢩㐌鵉鳳落排	1
LucVanTien1916	nlvnpf-0059 (in mộc bản 1916)	nlvnpf-0059-068	data/LucVanTien1916/pages/images/nlvnpf-0059-068.jpg	19	9	2	data/LucVanTien1916/patches/nlvnpf-0059-068.jpg_9_2.jpg	data/LucVanTien1916/patches_preprocessed/train/nlvnpf-0059-068.jpg_9_2.jpg	train	97.2,160.1,34.2,529.6	捻迎𫋻隻分尼㐌應	U+637B U+8FCE U+2B2FB U+96BB U+5206 U+5C3C U+340C U+61C9	8	Niêm nghiêng, gối chiếc phận này đã ưng	8	1	捻迎𫋻隻分尼㐌應	1
LucVanTien1916	nlvnpf-0059 (in mộc bản 1916)	nlvnpf-0059-069	data/LucVanTien1916/pages/images/nlvnpf-0059-069.jpg	0	0	1	data/LucVanTien1916/patches/nlvnpf-0059-069.jpg_0_1.jpg	data/LucVanTien1916/patches_preprocessed/train/nlvnpf-0059-069.jpg_0_1.jpg	train	362.2,155.0,34.2,519.2	別包饒浽風塵	U+5225 U+5305 U+9952 U+6D7D U+98A8 U+5875	6	Biết bao nhiêu nỗi phong trần	6	1	別包饒浽風塵	1
LucVanTien1916	nlvnpf-0059 (in mộc bản 1916)	nlvnpf-0059-069	data/LucVanTien1916/pages/images/nlvnpf-0059-069.jpg	1	0	2	data/LucVanTien1916/patches/nlvnpf-0059-069.jpg_0_2.jpg	data/LucVanTien1916/patches_preprocessed/train/nlvnpf-0059-069.jpg_0_2.jpg	train	362.2,155.0,34.2,519.2	滝湘迻伴梂銀迻𠊚	U+6EDD U+6E58 U+8FFB U+4F34 U+6882 U+9280 U+8FFB U+2029A	8	Sông Tương đưa bạn, cầu Ngân đưa người	8	1	滝湘迻伴梂銀迻𠊚	1
LucVanTien1916	nlvnpf-0059 (in mộc bản 1916)	nlvnpf-0059-069	data/LucVanTien1916/pages/images/nlvnpf-0059-069.jpg	2	1	1	data/LucVanTien1916/patches/nlvnpf-0059-069.jpg_1_1.jpg	data/LucVanTien1916/patches_preprocessed/train/nlvnpf-0059-069.jpg_1_1.jpg	train	324.5,153.7,33.5,521.0	身昆群𨅸𡧲𡗶	U+8EAB U+6606 U+7FA4 U+28178 U+219F2 U+215F6	6	Thân con còn đứng giữa trời	6	1	身昆群𨅸𡧲𡗶	1
LucVanTien1916	nlvnpf-0059 (in mộc bản 1916)	nlvnpf-0059-069	data/LucVanTien1916/pages/images/nlvnpf-0059-069.jpg	3	1	2	data/LucVanTien1916/patches/nlvnpf-0059-069.jpg_1_2.jpg	data/LucVanTien1916/patches_preprocessed/train/nlvnpf-0059-069.jpg_1_2.jpg	train	324.5,153.7,33.5,521.0	嗔蜍幅像論𠁀辰催	U+55D4 U+870D U+5E45 U+50CF U+8AD6 U+20040 U+8FB0 U+50AC	8	Xin thờ bức tượng trọn đời thì thôi	8	1	嗔蜍幅像論𠁀辰催	1
LucVanTien1916	nlvnpf-0059 (in mộc bản 1916)	nlvnpf-0059-069	data/LucVanTien1916/pages/images/nlvnpf-0059-069.jpg	4	2	1	data/LucVanTien1916/patches/nlvnpf-0059-069.jpg_2_1.jpg	data/LucVanTien1916/patches_preprocessed/train/nlvnpf-0059-069.jpg_2_1.jpg	train	286.6,153.1,34.2,523.5	矯公𢚸叱庒盃	U+77EF U+516C U+226B8 U+53F1 U+5E92 U+76C3	6	Kiều công lòng rất chẳng vui:	6	1	矯公𢚸叱庒盃	1
LucVanTien1916	nlvnpf-0059 (in mộc bản 1916)	nlvnpf-0059-069	data/LucVanTien1916/pages/images/nlvnpf-0059-069.jpg	5	2	2	data/LucVanTien1916/patches/nlvnpf-0059-069.jpg_2_2.jpg	data/LucVanTien1916/patches_preprocessed/val/nlvnpf-0059-069.jpg_2_2.jpg	val	286.6,153.1,34.2,523.5	昆它守節群吹理芇	U+6606 U+5B83 U+5B88 U+7BC0 U+7FA4 U+5439 U+7406 U+8287	8	"""Con đà thủ tiết còn xui lẽ nàỏ"""	8	1	昆它守節群吹理芇	1
LucVanTien1916	nlvnpf-0059 (in mộc bản 1916)	nlvnpf-0059-069	data/LucVanTien1916/pages/images/nlvnpf-0059-069.jpg	6	3	1	data/LucVanTien1916/patches/nlvnpf-0059-069.jpg_3_1.jpg	data/LucVanTien1916/patches_preprocessed/train/nlvnpf-0059-069.jpg_3_1.jpg	train	248.8,153.1,33.5,524.1	固𠊚聀奇嵬高	U+56FA U+2029A U+8040 U+5947 U+5D6C U+9AD8	6	Có người chức cả, ngôi cao	6	1	固𠊚聀奇嵬高	1
LucVanTien1916	nlvnpf-0059 (in mộc bản 1916)	nlvnpf-0059-069	data/LucVanTien1916/pages/images/nlvnpf-0059-069.jpg	7	3	2	data/LucVanTien1916/patches/nlvnpf-0059-069.jpg_3_2.jpg	data/LucVanTien1916/patches_preprocessed/train/nlvnpf-0059-069.jpg_3_2.jpg	train	248.8,153.1,33.5,524.1	太師聀𠹾冲朝敕封	U+592A U+5E2B U+8040 U+20E7E U+51B2 U+671D U+6555 U+5C01	8	Thái sư chức chịu trong triều sắc phong	8	1	太師聀𠹾冲朝敕封	1
LucVanTien1916	nlvnpf-0059 (in mộc bản 1916)	nlvnpf-0059-069	data/LucVanTien1916/pages/images/nlvnpf-0059-069.jpg	8	4	1	data/LucVanTien1916/patches/nlvnpf-0059-069.jpg_4_1.jpg	data/LucVanTien1916/patches_preprocessed/train/nlvnpf-0059-069.jpg_4_1.jpg	train	208.6,153.1,35.4,526.5	𦖑吨昆𡛔矯公	U+26591 U+5428 U+6606 U+216D4 U+77EF U+516C	6	Nghe đồn con gái Kiều công	6	1	𦖑吨昆𡛔矯公	1
LucVanTien1916	nlvnpf-0059 (in mộc bản 1916)	nlvnpf-0059-069	data/LucVanTien1916/pages/images/nlvnpf-0059-069.jpg	9	4	2	data/LucVanTien1916/patches/nlvnpf-0059-069.jpg_4_2.jpg	data/LucVanTien1916/patches_preprocessed/train/nlvnpf-0059-069.jpg_4_2.jpg	train	208.6,153.1,35.4,526.5	買𨑮𦊚歳𥿗紅渚筭	U+8CB7 U+2846E U+2629A U+6B73 U+25FD7 U+7D05 U+6E1A U+7B6D	8	Mới mười bốn tuổi chỉ hồng chưa toan	8	1	買𨑮𦊚歳𥿗紅渚筭	1
LucVanTien1916	nlvnpf-0059 (in mộc bản 1916)	nlvnpf-0059-069	data/LucVanTien1916/pages/images/nlvnpf-0059-069.jpg	10	5	1	data/LucVanTien1916/patches/nlvnpf-0059-069.jpg_5_1.jpg	data/LucVanTien1916/patches_preprocessed/train/nlvnpf-0059-069.jpg_5_1.jpg	train	169.5,152.5,34.8,528.3	太師用礼物𨖅	U+592A U+5E2B U+7528 U+793C U+7269 U+28585	6	Thái sư dùng lễ vật sang	6	1	太師用礼物𨖅	1
LucVanTien1916	nlvnpf-0059 (in mộc bản 1916)	nlvnpf-0059-069	data/LucVanTien1916/pages/images/nlvnpf-0059-069.jpg	11	5	2	data/LucVanTien1916/patches/nlvnpf-0059-069.jpg_5_2.jpg	data/LucVanTien1916/patches_preprocessed/train/nlvnpf-0059-069.jpg_5_2.jpg	train	169.5,152.5,34.8,528.3	𠼦𠋦容呐結塘通家	U+20F26 U+202E6 U+5BB9 U+5450 U+7D50 U+5858 U+901A U+5BB6	8	Mượn mụ dung nói kết đường thông gia	8	1	𠼦𠋦容呐結塘通家	1
LucVanTien1916	nlvnpf-0059 (in mộc bản 1916)	nlvnpf-0059-069	data/LucVanTien1916/pages/images/nlvnpf-0059-069.jpg	12	6	1	data/LucVanTien1916/patches/nlvnpf-0059-069.jpg_6_1.jpg	data/LucVanTien1916/patches_preprocessed/train/nlvnpf-0059-069.jpg_6_1.jpg	train	131.1,153.1,34.2,528.9	矯公坤押月娥	U+77EF U+516C U+5764 U+62BC U+6708 U+5A25	6	Kiều công khôn ép Nguyệt Nga	6	1	矯公坤押月娥	1
LucVanTien1916	nlvnpf-0059 (in mộc bản 1916)	nlvnpf-0059-069	data/LucVanTien1916/pages/images/nlvnpf-0059-069.jpg	13	6	2	data/LucVanTien1916/patches/nlvnpf-0059-069.jpg_6_2.jpg	data/LucVanTien1916/patches_preprocessed/val/nlvnpf-0059-069.jpg_6_2.jpg	val	131.1,153.1,34.2,528.9	礼迻呂吏𧗱茄太師	U+793C U+8FFB U+5442 U+540F U+275F1 U+8304 U+592A U+5E2B	8	Lễ đưa lỡ lại về nhà Thái sư	8	1	礼迻呂吏𧗱茄太師	1
LucVanTien1916	nlvnpf-0059 (in mộc bản 1916)	nlvnpf-0059-069	data/LucVanTien1916/pages/images/nlvnpf-0059-069.jpg	14	7	1	data/LucVanTien1916/patches/nlvnpf-0059-069.jpg_7_1.jpg	data/LucVanTien1916/patches_preprocessed/train/nlvnpf-0059-069.jpg_7_1.jpg	train	93.9,153.7,33.5,528.9	太師庒別𢌌推	U+592A U+5E2B U+5E92 U+5225 U+2230C U+63A8	6	Thái sư chẳng biết rộng suy	6	1	太師庒別𢌌推	1
LucVanTien1916	nlvnpf-0059 (in mộc bản 1916)	nlvnpf-0059-069	data/LucVanTien1916/pages/images/nlvnpf-0059-069.jpg	15	7	2	data/LucVanTien1916/patches/nlvnpf-0059-069.jpg_7_2.jpg	data/LucVanTien1916/patches_preprocessed/train/nlvnpf-0059-069.jpg_7_2.jpg	train	93.9,153.7,33.5,528.9	󰝡調怨恨吏𥱬𠓨𢚸	U+F0761 U+8ABF U+6028 U+6068 U+540F U+25C6C U+204E8 U+226B8	8	Ðem điều oán giận lại ghi vào lòng	8	1	󰝡調怨恨吏𥱬𠓨𢚸	1
LucVanTien1916	nlvnpf-0059 (in mộc bản 1916)	nlvnpf-0059-069	data/LucVanTien1916/pages/images/nlvnpf-0059-069.jpg	16	8	1	data/LucVanTien1916/patches/nlvnpf-0059-069.jpg_8_1.jpg	data/LucVanTien1916/patches_preprocessed/train/nlvnpf-0059-069.jpg_8_1.jpg	train	56.1,153.7,34.2,530.8	丿󰦓潘國交鋒	U+4E3F U+F0993 U+6F58 U+570B U+4EA4 U+92D2	6	Phút đâu Phiên quốc giao phong	6	1	丿󰦓潘國交鋒	1
LucVanTien1916	nlvnpf-0059 (in mộc bản 1916)	nlvnpf-0059-069	data/LucVanTien1916/pages/images/nlvnpf-0059-069.jpg	17	8	2	data/LucVanTien1916/patches/nlvnpf-0059-069.jpg_8_2.jpg	data/LucVanTien1916/patches_preprocessed/train/nlvnpf-0059-069.jpg_8_2.jpg	train	56.1,153.7,34.2,530.8	烏戈渃意兵戎曳乱	U+70CF U+6208 U+6E03 U+610F U+5175 U+620E U+66F3 U+4E71	8	Ô-qua nước ấy, binh nhung dấy loàn	7	0	烏戈渃意兵戎曳乱	1
LucVanTien1916	nlvnpf-0059 (in mộc bản 1916)	nlvnpf-0059-069	data/LucVanTien1916/pages/images/nlvnpf-0059-069.jpg	18	9	1	data/LucVanTien1916/patches/nlvnpf-0059-069.jpg_9_1.jpg	data/LucVanTien1916/patches_preprocessed/train/nlvnpf-0059-069.jpg_9_1.jpg	train	21.3,153.7,33.8,531.4	打𠓨細隘同䦕	U+6253 U+204E8 U+7D30 U+9698 U+540C U+4995	6	Ðánh vào tới ải Ðồng-Quan	5	0	打𠓨細隘同䦕	1
LucVanTien1916	nlvnpf-0059 (in mộc bản 1916)	nlvnpf-0059-069	data/LucVanTien1916/pages/images/nlvnpf-0059-069.jpg	19	9	2	data/LucVanTien1916/patches/nlvnpf-0059-069.jpg_9_2.jpg	data/LucVanTien1916/patches_preprocessed/train/nlvnpf-0059-069.jpg_9_2.jpg	train	21.3,153.7,33.8,531.4	楚王𢚸𢜝𠳨㗍群臣	U+695A U+738B U+226B8 U+2271D U+20CE8 U+35CD U+7FA4 U+81E3	8	Sở vương lòng sợ hỏi han quần thần	8	1	楚王𢚸𢜝𠳨㗍群臣	1
LucVanTien1916	nlvnpf-0059 (in mộc bản 1916)	nlvnpf-0059-070	data/LucVanTien1916/pages/images/nlvnpf-0059-070.jpg	0	0	1	data/LucVanTien1916/patches/nlvnpf-0059-070.jpg_0_1.jpg	data/LucVanTien1916/patches_preprocessed/train/nlvnpf-0059-070.jpg_0_1.jpg	train	437.8,153.9,36.6,533.3	牢朱安渃安民	U+7262 U+6731 U+5B89 U+6E03 U+5B89 U+6C11	6	Sao cho an nước an dân	6	1	牢朱安渃安民	1
LucVanTien1916	nlvnpf-0059 (in mộc bản 1916)	nlvnpf-0059-070	data/LucVanTien1916/pages/images/nlvnpf-0059-070.jpg	1	0	2	data/LucVanTien1916/patches/nlvnpf-0059-070.jpg_0_2.jpg	data/LucVanTien1916/patches_preprocessed/val/nlvnpf-0059-070.jpg_0_2.jpg	val	437.8,153.9,36.6,533.3	朝中埃固法神奏戈	U+671D U+4E2D U+57C3 U+56FA U+6CD5 U+795E U+594F U+6208	8	Triều trung ai có phép thần tâu qua	8	1	朝中埃固法神奏戈	1
LucVanTien1916	nlvnpf-0059 (in mộc bản 1916)	nlvnpf-0059-070	data/LucVanTien1916/pages/images/nlvnpf-0059-070.jpg	2	1	1	data/LucVanTien1916/patches/nlvnpf-0059-070.jpg_1_1.jpg	data/LucVanTien1916/patches_preprocessed/train/nlvnpf-0059-070.jpg_1_1.jpg	train	400.6,155.8,39.9,533.9	太師因役於茄	U+592A U+5E2B U+56E0 U+5F79 U+65BC U+8304	6	Thái sư nhân việc ở nhà	6	1	太師因役於茄	1
LucVanTien1916	nlvnpf-0059 (in mộc bản 1916)	nlvnpf-0059-070	data/LucVanTien1916/pages/images/nlvnpf-0059-070.jpg	3	1	2	data/LucVanTien1916/patches/nlvnpf-0059-070.jpg_1_2.jpg	data/LucVanTien1916/patches_preprocessed/train/nlvnpf-0059-070.jpg_1_2.jpg	train	400.6,155.8,39.9,533.9	倍鐄跪󱖺奏戈每𠳒	U+500D U+9404 U+8DEA U+F15BA U+594F U+6208 U+6BCF U+20CD2	8	Vội vàng quỳ gối tâu qua mọi lời	8	1	倍鐄跪󱖺奏戈每𠳒	1
LucVanTien1916	nlvnpf-0059 (in mộc bản 1916)	nlvnpf-0059-070	data/LucVanTien1916/pages/images/nlvnpf-0059-070.jpg	4	2	1	data/LucVanTien1916/patches/nlvnpf-0059-070.jpg_2_1.jpg	data/LucVanTien1916/patches_preprocessed/train/nlvnpf-0059-070.jpg_2_1.jpg	train	365.2,156.2,35.4,534.7	爲𠸗賊浽倍又	U+7232 U+20E17 U+8CCA U+6D7D U+500D U+53C8	6	Vì xưa giặc nổi bời bời	6	1	爲𠸗賊浽倍又	1
LucVanTien1916	nlvnpf-0059 (in mộc bản 1916)	nlvnpf-0059-070	data/LucVanTien1916/pages/images/nlvnpf-0059-070.jpg	5	2	2	data/LucVanTien1916/patches/nlvnpf-0059-070.jpg_2_2.jpg	data/LucVanTien1916/patches_preprocessed/train/nlvnpf-0059-070.jpg_2_2.jpg	train	365.2,156.2,35.4,534.7	共爲貪色於𠁀中華	U+5171 U+7232 U+8CAA U+8272 U+65BC U+20040 U+4E2D U+83EF	8	Cũng vì tham sắc ở đời Trung Hoa	8	1	共爲貪色於𠁀中華	1
LucVanTien1916	nlvnpf-0059 (in mộc bản 1916)	nlvnpf-0059-070	data/LucVanTien1916/pages/images/nlvnpf-0059-070.jpg	6	3	1	data/LucVanTien1916/patches/nlvnpf-0059-070.jpg_3_1.jpg	data/LucVanTien1916/patches_preprocessed/train/nlvnpf-0059-070.jpg_3_1.jpg	train	327.3,158.8,34.2,532.7	悶𫢩塊曳干戈	U+60B6 U+2B8A9 U+584A U+66F3 U+5E72 U+6208	6	Muốn nay khỏi dậy can qua	6	1	悶𫢩塊曳干戈	1
LucVanTien1916	nlvnpf-0059 (in mộc bản 1916)	nlvnpf-0059-070	data/LucVanTien1916/pages/images/nlvnpf-0059-070.jpg	7	3	2	data/LucVanTien1916/patches/nlvnpf-0059-070.jpg_3_2.jpg	data/LucVanTien1916/patches_preprocessed/train/nlvnpf-0059-070.jpg_3_2.jpg	train	327.3,158.8,34.2,532.7	迻昆𡛔卒交和辰衝	U+8FFB U+6606 U+216D4 U+5352 U+4EA4 U+548C U+8FB0 U+885D	8	Ðưa con gái tốt giao hòa thì xong	8	1	迻昆𡛔卒交和辰衝	1
LucVanTien1916	nlvnpf-0059 (in mộc bản 1916)	nlvnpf-0059-070	data/LucVanTien1916/pages/images/nlvnpf-0059-070.jpg	8	4	1	data/LucVanTien1916/patches/nlvnpf-0059-070.jpg_4_1.jpg	data/LucVanTien1916/patches_preprocessed/train/nlvnpf-0059-070.jpg_4_1.jpg	train	287.6,160.1,36.0,532.7	月娥󰑼𡛔矯公	U+6708 U+5A25 U+F047C U+216D4 U+77EF U+516C	6	Nguyệt Nga là gái Kiều công	6	1	月娥󰑼𡛔矯公	1
LucVanTien1916	nlvnpf-0059 (in mộc bản 1916)	nlvnpf-0059-070	data/LucVanTien1916/pages/images/nlvnpf-0059-070.jpg	9	4	2	data/LucVanTien1916/patches/nlvnpf-0059-070.jpg_4_2.jpg	data/LucVanTien1916/patches_preprocessed/train/nlvnpf-0059-070.jpg_4_2.jpg	train	287.6,160.1,36.0,532.7	買𨑮𦊚歳𦟐紅当𣛟	U+8CB7 U+2846E U+2629A U+6B73 U+267D0 U+7D05 U+5F53 U+236DF	8	Mới mười bốn tuổi má hồng đương xanh	8	1	買𨑮𦊚歳𦟐紅当𣛟	1
LucVanTien1916	nlvnpf-0059 (in mộc bản 1916)	nlvnpf-0059-070	data/LucVanTien1916/pages/images/nlvnpf-0059-070.jpg	10	5	1	data/LucVanTien1916/patches/nlvnpf-0059-070.jpg_5_1.jpg	data/LucVanTien1916/patches_preprocessed/train/nlvnpf-0059-070.jpg_5_1.jpg	train	249.7,161.7,34.8,533.5	娘添國色頃城	U+5A18 U+6DFB U+570B U+8272 U+9803 U+57CE	6	Nàng thêm quốc sắc khuynh thành	6	1	娘添國色頃城	1
LucVanTien1916	nlvnpf-0059 (in mộc bản 1916)	nlvnpf-0059-070	data/LucVanTien1916/pages/images/nlvnpf-0059-070.jpg	11	5	2	data/LucVanTien1916/patches/nlvnpf-0059-070.jpg_5_2.jpg	data/LucVanTien1916/patches_preprocessed/train/nlvnpf-0059-070.jpg_5_2.jpg	train	249.7,161.7,34.8,533.5	吏添𠄩𡦂才苓叱頑	U+540F U+6DFB U+20129 U+21982 U+624D U+82D3 U+53F1 U+9811	8	Lại thêm hai chữ tài lành rất ngoan	8	1	吏添𠄩𡦂才苓叱頑	1
LucVanTien1916	nlvnpf-0059 (in mộc bản 1916)	nlvnpf-0059-070	data/LucVanTien1916/pages/images/nlvnpf-0059-070.jpg	12	6	1	data/LucVanTien1916/patches/nlvnpf-0059-070.jpg_6_1.jpg	data/LucVanTien1916/patches_preprocessed/train/nlvnpf-0059-070.jpg_6_1.jpg	train	208.8,164.3,35.4,529.0	冲朝固𠬠𨉓娘	U+51B2 U+671D U+56FA U+20B20 U+28253 U+5A18	6	Trong triều có một mình nàng	6	1	冲朝固𠬠𨉓娘	1
LucVanTien1916	nlvnpf-0059 (in mộc bản 1916)	nlvnpf-0059-070	data/LucVanTien1916/pages/images/nlvnpf-0059-070.jpg	13	6	2	data/LucVanTien1916/patches/nlvnpf-0059-070.jpg_6_2.jpg	data/LucVanTien1916/patches_preprocessed/val/nlvnpf-0059-070.jpg_6_2.jpg	val	208.8,164.3,35.4,529.0	妸朱潘國乙安每塘	U+59B8 U+6731 U+6F58 U+570B U+4E59 U+5B89 U+6BCF U+5858	8	Gả cho Phiên quốc ắt an mọi đường	8	1	妸朱潘國乙安每塘	1
LucVanTien1916	nlvnpf-0059 (in mộc bản 1916)	nlvnpf-0059-070	data/LucVanTien1916/pages/images/nlvnpf-0059-070.jpg	14	7	1	data/LucVanTien1916/patches/nlvnpf-0059-070.jpg_7_1.jpg	data/LucVanTien1916/patches_preprocessed/train/nlvnpf-0059-070.jpg_7_1.jpg	train	171.0,165.6,36.3,530.3	楚王𦖑𢢲𢚸鐄	U+695A U+738B U+26591 U+228B2 U+226B8 U+9404	6	Sở vương nghe đẹp lòng vàng	6	1	楚王𦖑𢢲𢚸鐄	1
LucVanTien1916	nlvnpf-0059 (in mộc bản 1916)	nlvnpf-0059-070	data/LucVanTien1916/pages/images/nlvnpf-0059-070.jpg	15	7	2	data/LucVanTien1916/patches/nlvnpf-0059-070.jpg_7_2.jpg	data/LucVanTien1916/patches_preprocessed/train/nlvnpf-0059-070.jpg_7_2.jpg	train	171.0,165.6,36.3,530.3	硃批遣使󰝡郎東城	U+7843 U+6279 U+9063 U+4F7F U+F0761 U+90CE U+6771 U+57CE	8	Châu phê khiển sứ đem sang Ðông-thành	7	0	硃批遣使󰝡郎東城	1
LucVanTien1916	nlvnpf-0059 (in mộc bản 1916)	nlvnpf-0059-070	data/LucVanTien1916/pages/images/nlvnpf-0059-070.jpg	16	8	1	data/LucVanTien1916/patches/nlvnpf-0059-070.jpg_8_1.jpg	data/LucVanTien1916/patches_preprocessed/train/nlvnpf-0059-070.jpg_8_1.jpg	train	133.7,166.8,39.1,525.4	敕差户矯太卿	U+6555 U+5DEE U+6237 U+77EF U+592A U+537F	6	Sắc sai họ Kiều Thái Khanh	6	1	敕差户矯太卿	1
LucVanTien1916	nlvnpf-0059 (in mộc bản 1916)	nlvnpf-0059-070	data/LucVanTien1916/pages/images/nlvnpf-0059-070.jpg	17	8	2	data/LucVanTien1916/patches/nlvnpf-0059-070.jpg_8_2.jpg	data/LucVanTien1916/patches_preprocessed/val/nlvnpf-0059-070.jpg_8_2.jpg	val	133.7,166.8,39.1,525.4	役冲茄渃㐌仃朱𤽗	U+5F79 U+51B2 U+8304 U+6E03 U+340C U+4EC3 U+6731 U+24F57	8	Việc trong nhà nước đã dành cho ngươi	8	1	役冲茄渃㐌仃朱𤽗	1
LucVanTien1916	nlvnpf-0059 (in mộc bản 1916)	nlvnpf-0059-070	data/LucVanTien1916/pages/images/nlvnpf-0059-070.jpg	18	9	1	data/LucVanTien1916/patches/nlvnpf-0059-070.jpg_9_1.jpg	data/LucVanTien1916/patches_preprocessed/train/nlvnpf-0059-070.jpg_9_1.jpg	train	94.0,168.6,39.8,525.5	月娥娘𧘇𢧚𠊚	U+6708 U+5A25 U+5A18 U+27607 U+229DA U+2029A	6	Nguyệt Nga nàng ấy nên người	6	1	月娥娘𧘇𢧚𠊚	1
LucVanTien1916	nlvnpf-0059 (in mộc bản 1916)	nlvnpf-0059-070	data/LucVanTien1916/pages/images/nlvnpf-0059-070.jpg	19	9	2	data/LucVanTien1916/patches/nlvnpf-0059-070.jpg_9_2.jpg	data/LucVanTien1916/patches_preprocessed/train/nlvnpf-0059-070.jpg_9_2.jpg	train	94.0,168.6,39.8,525.5	選㝵𣎃𠃩𠄩𨑮貢胡	U+9078 U+3775 U+23383 U+200E9 U+20129 U+2846E U+8CA2 U+80E1	8	Tuyển ngày tháng chín, hai mươi cống Hồ	8	1	選㝵𣎃𠃩𠄩𨑮貢胡	1
LucVanTien1916	nlvnpf-0059 (in mộc bản 1916)	nlvnpf-0059-071	data/LucVanTien1916/pages/images/nlvnpf-0059-071.jpg	0	0	1	data/LucVanTien1916/patches/nlvnpf-0059-071.jpg_0_1.jpg	data/LucVanTien1916/patches_preprocessed/train/nlvnpf-0059-071.jpg_0_1.jpg	train	361.1,158.8,35.5,514.4	矯公𠳐旨貢胡	U+77EF U+516C U+20CD0 U+65E8 U+8CA2 U+80E1	6	Kiều công vâng chỉ cống Hồ	6	1	矯公𠳐旨貢胡	1
LucVanTien1916	nlvnpf-0059 (in mộc bản 1916)	nlvnpf-0059-071	data/LucVanTien1916/pages/images/nlvnpf-0059-071.jpg	1	0	2	data/LucVanTien1916/patches/nlvnpf-0059-071.jpg_0_2.jpg	data/LucVanTien1916/patches_preprocessed/train/nlvnpf-0059-071.jpg_0_2.jpg	train	361.1,158.8,35.5,514.4	𢚸𦖑芇敢呐孤理芇	U+226B8 U+26591 U+8287 U+6562 U+5450 U+5B64 U+7406 U+8287	8	Lòng nghe nào dám nói co lẽ nào	8	1	𢚸𦖑芇敢呐孤理芇	1
LucVanTien1916	nlvnpf-0059 (in mộc bản 1916)	nlvnpf-0059-071	data/LucVanTien1916/pages/images/nlvnpf-0059-071.jpg	2	1	1	data/LucVanTien1916/patches/nlvnpf-0059-071.jpg_1_1.jpg	data/LucVanTien1916/patches_preprocessed/train/nlvnpf-0059-071.jpg_1_1.jpg	train	323.1,157.7,36.7,518.0	月娥冲胣如炮	U+6708 U+5A25 U+51B2 U+80E3 U+5982 U+70AE	6	Nguyệt Nga trong dạ như bào	6	1	月娥冲胣如炮	1
LucVanTien1916	nlvnpf-0059 (in mộc bản 1916)	nlvnpf-0059-071	data/LucVanTien1916/pages/images/nlvnpf-0059-071.jpg	3	1	2	data/LucVanTien1916/patches/nlvnpf-0059-071.jpg_1_2.jpg	data/LucVanTien1916/patches_preprocessed/train/nlvnpf-0059-071.jpg_1_2.jpg	train	323.1,157.7,36.7,518.0	更迡庒𥄭仍韜式𢙇	U+66F4 U+8FE1 U+5E92 U+2512D U+4ECD U+97DC U+5F0F U+22647	8	Canh chày chẳng ngủ những thao thức hoài	8	1	更迡庒𥄭仍韜式𢙇	1
LucVanTien1916	nlvnpf-0059 (in mộc bản 1916)	nlvnpf-0059-071	data/LucVanTien1916/pages/images/nlvnpf-0059-071.jpg	4	2	1	data/LucVanTien1916/patches/nlvnpf-0059-071.jpg_2_1.jpg	data/LucVanTien1916/patches_preprocessed/train/nlvnpf-0059-071.jpg_2_1.jpg	train	284.4,156.7,35.2,518.3	失情情拱变拱	U+5931 U+60C5 U+60C5 U+62F1 U+53D8 U+62F1	6	Thất tình tình cũng biến cùng	6	1	失情情拱变拱	1
LucVanTien1916	nlvnpf-0059 (in mộc bản 1916)	nlvnpf-0059-071	data/LucVanTien1916/pages/images/nlvnpf-0059-071.jpg	5	2	2	data/LucVanTien1916/patches/nlvnpf-0059-071.jpg_2_2.jpg	data/LucVanTien1916/patches_preprocessed/train/nlvnpf-0059-071.jpg_2_2.jpg	train	284.4,156.7,35.2,518.3	預幔咀𬑰咀𨱽𡎢𢗼	U+9810 U+5E54 U+5480 U+2C470 U+5480 U+28C7D U+213A2 U+225FC	8	Dựa màn thở ngắn thở dài ngồi lo	8	1	預幔咀𬑰咀𨱽𡎢𢗼	1
LucVanTien1916	nlvnpf-0059 (in mộc bản 1916)	nlvnpf-0059-071	data/LucVanTien1916/pages/images/nlvnpf-0059-071.jpg	6	3	1	data/LucVanTien1916/patches/nlvnpf-0059-071.jpg_3_1.jpg	data/LucVanTien1916/patches_preprocessed/train/nlvnpf-0059-071.jpg_3_1.jpg	train	248.0,156.7,38.9,521.4	昭君𠸗拱貢胡	U+662D U+541B U+20E17 U+62F1 U+8CA2 U+80E1	6	Chiêu Quân xưa cũng cống Hồ	6	1	昭君𠸗拱貢胡	1
LucVanTien1916	nlvnpf-0059 (in mộc bản 1916)	nlvnpf-0059-071	data/LucVanTien1916/pages/images/nlvnpf-0059-071.jpg	7	3	2	data/LucVanTien1916/patches/nlvnpf-0059-071.jpg_3_2.jpg	data/LucVanTien1916/patches_preprocessed/train/nlvnpf-0059-071.jpg_3_2.jpg	train	248.0,156.7,38.9,521.4	𤳄𤽗延壽𪽗龱朱畨	U+24CC4 U+24F57 U+5EF6 U+58FD U+2AF57 U+9FB1 U+6731 U+7568	8	Bởi ngươi Diên Thọ họa đồ cho Phiên	8	1	𤳄𤽗延壽𪽗龱朱畨	1
LucVanTien1916	nlvnpf-0059 (in mộc bản 1916)	nlvnpf-0059-071	data/LucVanTien1916/pages/images/nlvnpf-0059-071.jpg	8	4	1	data/LucVanTien1916/patches/nlvnpf-0059-071.jpg_4_1.jpg	data/LucVanTien1916/patches_preprocessed/train/nlvnpf-0059-071.jpg_4_1.jpg	train	204.7,156.4,42.1,522.9	杏元𠸗拱貢胡	U+674F U+5143 U+20E17 U+62F1 U+8CA2 U+80E1	6	Hạnh Nguyên xưa cũng cống Hồ	6	1	杏元𠸗拱貢胡	1
LucVanTien1916	nlvnpf-0059 (in mộc bản 1916)	nlvnpf-0059-071	data/LucVanTien1916/pages/images/nlvnpf-0059-071.jpg	9	4	2	data/LucVanTien1916/patches/nlvnpf-0059-071.jpg_4_2.jpg	data/LucVanTien1916/patches_preprocessed/train/nlvnpf-0059-071.jpg_4_2.jpg	train	204.7,156.4,42.1,522.9	𤳄𤽗盧起𫇰讎群𥱬	U+24CC4 U+24F57 U+76E7 U+8D77 U+2B1F0 U+8B8E U+7FA4 U+25C6C	8	Bởi người Lư Khởi cựu thù còn ghi	8	1	𤳄𤽗盧起𫇰讎群𥱬	1
LucVanTien1916	nlvnpf-0059 (in mộc bản 1916)	nlvnpf-0059-071	data/LucVanTien1916/pages/images/nlvnpf-0059-071.jpg	10	5	1	data/LucVanTien1916/patches/nlvnpf-0059-071.jpg_5_1.jpg	data/LucVanTien1916/patches_preprocessed/train/nlvnpf-0059-071.jpg_5_1.jpg	train	165.9,156.0,38.3,524.5	𠄩娘畧㐌沛𠫾	U+20129 U+5A18 U+7567 U+340C U+6C9B U+20AFE	6	Hai nàng trước đã phải đi	6	1	𠄩娘畧㐌沛𠫾	1
LucVanTien1916	nlvnpf-0059 (in mộc bản 1916)	nlvnpf-0059-071	data/LucVanTien1916/pages/images/nlvnpf-0059-071.jpg	11	5	2	data/LucVanTien1916/patches/nlvnpf-0059-071.jpg_5_2.jpg	data/LucVanTien1916/patches_preprocessed/train/nlvnpf-0059-071.jpg_5_2.jpg	train	165.9,156.0,38.3,524.5	󰜋爲𣦍主𠄩爲討吒	U+F070B U+7232 U+2398D U+4E3B U+20129 U+7232 U+8A0E U+5412	8	Một vì ngay chúa , hai vì thảo cha	9	0	󰜋爲𣦍主𠄩爲討吒	1
LucVanTien1916	nlvnpf-0059 (in mộc bản 1916)	nlvnpf-0059-071	data/LucVanTien1916/pages/images/nlvnpf-0059-071.jpg	12	6	1	data/LucVanTien1916/patches/nlvnpf-0059-071.jpg_6_1.jpg	data/LucVanTien1916/patches_preprocessed/train/nlvnpf-0059-071.jpg_6_1.jpg	train	128.6,156.9,39.4,524.8	昭君𬦮𠖈江河	U+662D U+541B U+2C9AE U+20588 U+6C5F U+6CB3	6	Chiêu Quân nhảy xuống giang hà	6	1	昭君𬦮𠖈江河	1
LucVanTien1916	nlvnpf-0059 (in mộc bản 1916)	nlvnpf-0059-071	data/LucVanTien1916/pages/images/nlvnpf-0059-071.jpg	13	6	2	data/LucVanTien1916/patches/nlvnpf-0059-071.jpg_6_2.jpg	data/LucVanTien1916/patches_preprocessed/val/nlvnpf-0059-071.jpg_6_2.jpg	val	128.6,156.9,39.4,524.8	傷𢚸渃漢沛𦋦料𨉓	U+50B7 U+226B8 U+6E03 U+6F22 U+6C9B U+262E6 U+6599 U+28253	8	Thương lòng nước Hán, phải ra liều mình	8	1	傷𢚸渃漢沛𦋦料𨉓	1
LucVanTien1916	nlvnpf-0059 (in mộc bản 1916)	nlvnpf-0059-071	data/LucVanTien1916/pages/images/nlvnpf-0059-071.jpg	14	7	1	data/LucVanTien1916/patches/nlvnpf-0059-071.jpg_7_1.jpg	data/LucVanTien1916/patches_preprocessed/train/nlvnpf-0059-071.jpg_7_1.jpg	train	92.5,157.4,39.4,526.3	杏元𬦮𠖈池灵	U+674F U+5143 U+2C9AE U+20588 U+6C60 U+7075	6	Hạnh Nguyên nhảy xuống Trì-linh	5	0	杏元𬦮𠖈池灵	1
LucVanTien1916	nlvnpf-0059 (in mộc bản 1916)	nlvnpf-0059-071	data/LucVanTien1916/pages/images/nlvnpf-0059-071.jpg	15	7	2	data/LucVanTien1916/patches/nlvnpf-0059-071.jpg_7_2.jpg	data/LucVanTien1916/patches_preprocessed/train/nlvnpf-0059-071.jpg_7_2.jpg	train	92.5,157.4,39.4,526.3	傷𠊚良玉論𨉓特他	U+50B7 U+2029A U+826F U+7389 U+8AD6 U+28253 U+7279 U+4ED6	8	Thương người Lương Ngọc trọn mình được tha	8	1	傷𠊚良玉論𨉓特他	1
LucVanTien1916	nlvnpf-0059 (in mộc bản 1916)	nlvnpf-0059-071	data/LucVanTien1916/pages/images/nlvnpf-0059-071.jpg	16	8	1	data/LucVanTien1916/patches/nlvnpf-0059-071.jpg_8_1.jpg	data/LucVanTien1916/patches_preprocessed/train/nlvnpf-0059-071.jpg_8_1.jpg	train	53.9,159.2,40.9,524.4	細𫢩泊分󰑼些	U+7D30 U+2B8A9 U+6CCA U+5206 U+F047C U+4E9B	6	Tới nay bạc phận là ta	6	1	細𫢩泊分󰑼些	1
LucVanTien1916	nlvnpf-0059 (in mộc bản 1916)	nlvnpf-0059-071	data/LucVanTien1916/pages/images/nlvnpf-0059-071.jpg	17	8	2	data/LucVanTien1916/patches/nlvnpf-0059-071.jpg_8_2.jpg	data/LucVanTien1916/patches_preprocessed/train/nlvnpf-0059-071.jpg_8_2.jpg	train	53.9,159.2,40.9,524.4	願󰠃幅像㗂它終身	U+9858 U+F0803 U+5E45 U+50CF U+35C2 U+5B83 U+7D42 U+8EAB	8	Nguyện cùng bức tượng tiếng đà chung than	8	1	願󰠃幅像㗂它終身	1
LucVanTien1916	nlvnpf-0059 (in mộc bản 1916)	nlvnpf-0059-071	data/LucVanTien1916/pages/images/nlvnpf-0059-071.jpg	18	9	1	data/LucVanTien1916/patches/nlvnpf-0059-071.jpg_9_1.jpg	data/LucVanTien1916/patches_preprocessed/train/nlvnpf-0059-071.jpg_9_1.jpg	train	22,157.5,36.0,528.5	情夫婦义君臣	U+60C5 U+592B U+5A66 U+4E49 U+541B U+81E3	6	Tình phu phụ nghĩa quân thần	6	1	情夫婦义君臣	1
LucVanTien1916	nlvnpf-0059 (in mộc bản 1916)	nlvnpf-0059-071	data/LucVanTien1916/pages/images/nlvnpf-0059-071.jpg	19	9	2	data/LucVanTien1916/patches/nlvnpf-0059-071.jpg_9_2.jpg	data/LucVanTien1916/patches_preprocessed/val/nlvnpf-0059-071.jpg_9_2.jpg	val	22,157.5,36.0,528.5	情麻庒論朱陳字𢧚	U+60C5 U+9EBB U+5E92 U+8AD6 U+6731 U+9673 U+5B57 U+229DA	8	Tình mà chẳng trọn, cho trần chữ nên	8	1	情麻庒論朱陳字𢧚	1
LucVanTien1916	nlvnpf-0059 (in mộc bản 1916)	nlvnpf-0059-072	data/LucVanTien1916/pages/images/nlvnpf-0059-072.jpg	0	0	1	data/LucVanTien1916/patches/nlvnpf-0059-072.jpg_0_1.jpg	data/LucVanTien1916/patches_preprocessed/train/nlvnpf-0059-072.jpg_0_1.jpg	train	442.4,158.3,38.3,527.8	𠄩边使奇𠄩边	U+20129 U+8FB9 U+4F7F U+5947 U+20129 U+8FB9	6	Hai bên xử cả hai bên	6	1	𠄩边使奇𠄩边	1
LucVanTien1916	nlvnpf-0059 (in mộc bản 1916)	nlvnpf-0059-072	data/LucVanTien1916/pages/images/nlvnpf-0059-072.jpg	1	0	2	data/LucVanTien1916/patches/nlvnpf-0059-072.jpg_0_2.jpg	data/LucVanTien1916/patches_preprocessed/train/nlvnpf-0059-072.jpg_0_2.jpg	train	442.4,158.3,38.3,527.8	悶𬆄共主𦬑涓恩成	U+60B6 U+2C184 U+5171 U+4E3B U+26B11 U+6D93 U+6069 U+6210	8	Muốn ngay cùng chúa nỡ quên ơn thành	8	1	悶𬆄共主𦬑涓恩成	1
LucVanTien1916	nlvnpf-0059 (in mộc bản 1916)	nlvnpf-0059-072	data/LucVanTien1916/pages/images/nlvnpf-0059-072.jpg	2	1	1	data/LucVanTien1916/patches/nlvnpf-0059-072.jpg_1_1.jpg	data/LucVanTien1916/patches_preprocessed/train/nlvnpf-0059-072.jpg_1_1.jpg	train	403.9,163.4,37.5,524.5	沙机󰜋𡮇辰󰡶	U+6C99 U+673A U+F070B U+21B87 U+8FB0 U+F0876	6	Sa cơ một chút thì xong	6	1	沙机󰜋𡮇辰󰡶	1
LucVanTien1916	nlvnpf-0059 (in mộc bản 1916)	nlvnpf-0059-072	data/LucVanTien1916/pages/images/nlvnpf-0059-072.jpg	3	1	2	data/LucVanTien1916/patches/nlvnpf-0059-072.jpg_1_2.jpg	data/LucVanTien1916/patches_preprocessed/train/nlvnpf-0059-072.jpg_1_2.jpg	train	403.9,163.4,37.5,524.5	以𨉓𢩾主以𢚸蜍𤤰	U+4EE5 U+28253 U+22A7E U+4E3B U+4EE5 U+226B8 U+870D U+24930	8	Lấy mình giúp chúa, lấy lòng thờ vua	8	1		
LucVanTien1916	nlvnpf-0059 (in mộc bản 1916)	nlvnpf-0059-072	data/LucVanTien1916/pages/images/nlvnpf-0059-072.jpg	4	2	1	data/LucVanTien1916/patches/nlvnpf-0059-072.jpg_2_1.jpg	data/LucVanTien1916/patches_preprocessed/train/nlvnpf-0059-072.jpg_2_1.jpg	train	366.7,165.6,38.8,522.3	矯公𢭗󱖺当愁	U+77EF U+516C U+22B57 U+F15BA U+5F53 U+6101	6	Kiều công nương gối đang sầu	6	1	矯公𢭗󱖺当愁	1
LucVanTien1916	nlvnpf-0059 (in mộc bản 1916)	nlvnpf-0059-072	data/LucVanTien1916/pages/images/nlvnpf-0059-072.jpg	5	2	2	data/LucVanTien1916/patches/nlvnpf-0059-072.jpg_2_2.jpg	data/LucVanTien1916/patches_preprocessed/val/nlvnpf-0059-072.jpg_2_2.jpg	val	366.7,165.6,38.8,522.3	𦖑昆咀哭󰋇句添煩	U+26591 U+6606 U+5480 U+54ED U+F02C7 U+53E5 U+6DFB U+7169	8	Nghe con thở khóc mấy câu thêm phiền	8	1	𦖑昆咀哭󰋇句添煩	1
LucVanTien1916	nlvnpf-0059 (in mộc bản 1916)	nlvnpf-0059-072	data/LucVanTien1916/pages/images/nlvnpf-0059-072.jpg	6	3	1	data/LucVanTien1916/patches/nlvnpf-0059-072.jpg_3_1.jpg	data/LucVanTien1916/patches_preprocessed/train/nlvnpf-0059-072.jpg_3_1.jpg	train	327.9,163.6,36.5,525.4	呌𠓨外預帳前	U+544C U+204E8 U+5916 U+9810 U+5E33 U+524D	6	Kêu vào ngồi dựa trướng tiền	6	1	呌𠓨外預帳前	1
LucVanTien1916	nlvnpf-0059 (in mộc bản 1916)	nlvnpf-0059-072	data/LucVanTien1916/pages/images/nlvnpf-0059-072.jpg	7	3	2	data/LucVanTien1916/patches/nlvnpf-0059-072.jpg_3_2.jpg	data/LucVanTien1916/patches_preprocessed/train/nlvnpf-0059-072.jpg_3_2.jpg	train	327.9,163.6,36.5,525.4	𥙩𡗶𠰺訪朱全身名	U+25669 U+215F6 U+20C3A U+8A2A U+6731 U+5168 U+8EAB U+540D	8	Lấy lời dạy phỏng cho tuyền thân danh	8	1	𥙩𡗶𠰺訪朱全身名	1
LucVanTien1916	nlvnpf-0059 (in mộc bản 1916)	nlvnpf-0059-072	data/LucVanTien1916/pages/images/nlvnpf-0059-072.jpg	8	4	1	data/LucVanTien1916/patches/nlvnpf-0059-072.jpg_4_1.jpg	data/LucVanTien1916/patches_preprocessed/train/nlvnpf-0059-072.jpg_4_1.jpg	train	291.0,165.2,38.3,525.2	庒戈󰑼役朝廷	U+5E92 U+6208 U+F047C U+5F79 U+671D U+5EF7	6	Chẳng qua là việc triều đình	6	1	庒戈󰑼役朝廷	1
LucVanTien1916	nlvnpf-0059 (in mộc bản 1916)	nlvnpf-0059-072	data/LucVanTien1916/pages/images/nlvnpf-0059-072.jpg	9	4	2	data/LucVanTien1916/patches/nlvnpf-0059-072.jpg_4_2.jpg	data/LucVanTien1916/patches_preprocessed/val/nlvnpf-0059-072.jpg_4_2.jpg	val	291.0,165.2,38.3,525.2	芇吒固悶押情之昆	U+8287 U+5412 U+56FA U+60B6 U+62BC U+60C5 U+4E4B U+6606	8	Nào cha có muốn ép tình chi con	8	1	芇吒固悶押情之昆	1
LucVanTien1916	nlvnpf-0059 (in mộc bản 1916)	nlvnpf-0059-072	data/LucVanTien1916/pages/images/nlvnpf-0059-072.jpg	10	5	1	data/LucVanTien1916/patches/nlvnpf-0059-072.jpg_5_1.jpg	data/LucVanTien1916/patches_preprocessed/train/nlvnpf-0059-072.jpg_5_1.jpg	train	252.7,169.4,40.6,523.3	娘浪昆詫之昆	U+5A18 U+6D6A U+6606 U+8A6B U+4E4B U+6606	6	Nàng rằng: Con sá chi con	6	1	娘浪昆詫之昆	1
LucVanTien1916	nlvnpf-0059 (in mộc bản 1916)	nlvnpf-0059-072	data/LucVanTien1916/pages/images/nlvnpf-0059-072.jpg	11	5	2	data/LucVanTien1916/patches/nlvnpf-0059-072.jpg_5_2.jpg	data/LucVanTien1916/patches_preprocessed/train/nlvnpf-0059-072.jpg_5_2.jpg	train	252.7,169.4,40.6,523.3	巴潙另分𠅍群𬋩包	U+5DF4 U+6F59 U+53E6 U+5206 U+2014D U+7FA4 U+2C2E9 U+5305	8	Bơ vơ lánh phận, mất còn quản bao	8	1	巴潙另分𠅍群𬋩包	1
LucVanTien1916	nlvnpf-0059 (in mộc bản 1916)	nlvnpf-0059-072	data/LucVanTien1916/pages/images/nlvnpf-0059-072.jpg	12	6	1	data/LucVanTien1916/patches/nlvnpf-0059-072.jpg_6_1.jpg	data/LucVanTien1916/patches_preprocessed/train/nlvnpf-0059-072.jpg_6_1.jpg	train	213.9,166.4,39.1,527.5	傷吒歲鶴㐌高	U+50B7 U+5412 U+6B72 U+9DB4 U+340C U+9AD8	6	Thương cha tuổi hạc đã cao	6	1	傷吒歲鶴㐌高	1
LucVanTien1916	nlvnpf-0059 (in mộc bản 1916)	nlvnpf-0059-072	data/LucVanTien1916/pages/images/nlvnpf-0059-072.jpg	13	6	2	data/LucVanTien1916/patches/nlvnpf-0059-072.jpg_6_2.jpg	data/LucVanTien1916/patches_preprocessed/train/nlvnpf-0059-072.jpg_6_2.jpg	train	213.9,166.4,39.1,527.5	𠲖欺䕃冷𣅶芇別󰦓	U+20C96 U+6B3A U+4543 U+51B7 U+23176 U+8287 U+5225 U+F0993	8	E khi ấm lạnh lúc nào biết đâu	8	1	𠲖欺䕃冷𣅶芇別󰦓	1
LucVanTien1916	nlvnpf-0059 (in mộc bản 1916)	nlvnpf-0059-072	data/LucVanTien1916/pages/images/nlvnpf-0059-072.jpg	14	7	1	data/LucVanTien1916/patches/nlvnpf-0059-072.jpg_7_1.jpg	data/LucVanTien1916/patches_preprocessed/train/nlvnpf-0059-072.jpg_7_1.jpg	train	176.2,166.7,37.4,527.9	芇冲辰運添愁	U+8287 U+51B2 U+8FB0 U+904B U+6DFB U+6101	6	Nào trong thì vận thêm sầu	6	1	芇冲辰運添愁	1
LucVanTien1916	nlvnpf-0059 (in mộc bản 1916)	nlvnpf-0059-072	data/LucVanTien1916/pages/images/nlvnpf-0059-072.jpg	15	7	2	data/LucVanTien1916/patches/nlvnpf-0059-072.jpg_7_2.jpg	data/LucVanTien1916/patches_preprocessed/train/nlvnpf-0059-072.jpg_7_2.jpg	train	176.2,166.7,37.4,527.9	󰉺啉最永埃侯共吒	U+F027A U+5549 U+6700 U+6C38 U+57C3 U+4FAF U+5171 U+5412	8	Sớm lầm tối vắng, ai hầu cùng cha	8	1	󰉺啉最永埃侯共吒	1
LucVanTien1916	nlvnpf-0059 (in mộc bản 1916)	nlvnpf-0059-072	data/LucVanTien1916/pages/images/nlvnpf-0059-072.jpg	16	8	1	data/LucVanTien1916/patches/nlvnpf-0059-072.jpg_8_1.jpg	data/LucVanTien1916/patches_preprocessed/train/nlvnpf-0059-072.jpg_8_1.jpg	train	138.2,173.8,37.9,522.0	公浪庒𢪀役茄	U+516C U+6D6A U+5E92 U+22A80 U+5F79 U+8304	6	Công rằng: Chẳng nghĩ việc nhà	6	1	公浪庒𢪀役茄	1
LucVanTien1916	nlvnpf-0059 (in mộc bản 1916)	nlvnpf-0059-072	data/LucVanTien1916/pages/images/nlvnpf-0059-072.jpg	17	8	2	data/LucVanTien1916/patches/nlvnpf-0059-072.jpg_8_2.jpg	data/LucVanTien1916/patches_preprocessed/val/nlvnpf-0059-072.jpg_8_2.jpg	val	138.2,173.8,37.9,522.0	唉安胣𥘷麻戈渃𠊚	U+5509 U+5B89 U+80E3 U+25637 U+9EBB U+6208 U+6E03 U+2029A	8	Hãy an dạ trẻ mà qua nước người	8	1	唉安胣𥘷麻戈渃𠊚	1
LucVanTien1916	nlvnpf-0059 (in mộc bản 1916)	nlvnpf-0059-072	data/LucVanTien1916/pages/images/nlvnpf-0059-072.jpg	18	9	1	data/LucVanTien1916/patches/nlvnpf-0059-072.jpg_9_1.jpg	data/LucVanTien1916/patches_preprocessed/train/nlvnpf-0059-072.jpg_9_1.jpg	train	99.0,176.5,39.3,520.5	最𫢩㐌細夢𨑮	U+6700 U+2B8A9 U+340C U+7D30 U+5922 U+2846E	6	Tối nay đã tới mùng mười	6	1	最𫢩㐌細夢𨑮	1
LucVanTien1916	nlvnpf-0059 (in mộc bản 1916)	nlvnpf-0059-072	data/LucVanTien1916/pages/images/nlvnpf-0059-072.jpg	19	9	2	data/LucVanTien1916/patches/nlvnpf-0059-072.jpg_9_2.jpg	data/LucVanTien1916/patches_preprocessed/train/nlvnpf-0059-072.jpg_9_2.jpg	train	99.0,176.5,39.3,520.5	沛󰝺韯所𠄩𨒒出行	U+6C9B U+F077A U+97EF U+6240 U+20129 U+28492 U+51FA U+884C	8	Phải toan sắm sửa hai mươi xuất hành	8	1	沛󰝺韯所𠄩𨒒出行	1
LucVanTien1916	nlvnpf-0059 (in mộc bản 1916)	nlvnpf-0059-073	data/LucVanTien1916/pages/images/nlvnpf-0059-073.jpg	0	0	1	data/LucVanTien1916/patches/nlvnpf-0059-073.jpg_0_1.jpg	data/LucVanTien1916/patches_preprocessed/train/nlvnpf-0059-073.jpg_0_1.jpg	train	362.8,162.4,33.0,514.2	娘浪役𧘇㐌仃	U+5A18 U+6D6A U+5F79 U+27607 U+340C U+4EC3	6	Nàng rằng: Việc ấy đã đành	6	1	娘浪役𧘇㐌仃	1
LucVanTien1916	nlvnpf-0059 (in mộc bản 1916)	nlvnpf-0059-073	data/LucVanTien1916/pages/images/nlvnpf-0059-073.jpg	1	0	2	data/LucVanTien1916/patches/nlvnpf-0059-073.jpg_0_2.jpg	data/LucVanTien1916/patches_preprocessed/val/nlvnpf-0059-073.jpg_0_2.jpg	val	362.8,162.4,33.0,514.2	群卢𠄩𡦂恩情渚衝	U+7FA4 U+5362 U+20129 U+21982 U+6069 U+60C5 U+6E1A U+885D	8	Còn lo hai chữ ân tình chưa xong	8	1	群卢𠄩𡦂恩情渚衝	1
LucVanTien1916	nlvnpf-0059 (in mộc bản 1916)	nlvnpf-0059-073	data/LucVanTien1916/pages/images/nlvnpf-0059-073.jpg	2	1	1	data/LucVanTien1916/patches/nlvnpf-0059-073.jpg_1_1.jpg	data/LucVanTien1916/patches_preprocessed/train/nlvnpf-0059-073.jpg_1_1.jpg	train	324.4,163.4,35.0,513.8	昆嗔戈𥛉六翁	U+6606 U+55D4 U+6208 U+256C9 U+516D U+7FC1	6	Con xin qua lạy Lục ông	6	1	昆嗔戈𥛉六翁	1
LucVanTien1916	nlvnpf-0059 (in mộc bản 1916)	nlvnpf-0059-073	data/LucVanTien1916/pages/images/nlvnpf-0059-073.jpg	3	1	2	data/LucVanTien1916/patches/nlvnpf-0059-073.jpg_1_2.jpg	data/LucVanTien1916/patches_preprocessed/val/nlvnpf-0059-073.jpg_1_2.jpg	val	324.4,163.4,35.0,513.8	爫斎𬙞𩛷論共雲仙	U+722B U+658E U+2C65E U+296F7 U+8AD6 U+5171 U+96F2 U+4ED9	8	Làm chay bảy bữa trọn cùng Vân Tiên	8	1	爫斎𬙞𩛷論共雲仙	1
LucVanTien1916	nlvnpf-0059 (in mộc bản 1916)	nlvnpf-0059-073	data/LucVanTien1916/pages/images/nlvnpf-0059-073.jpg	4	2	1	data/LucVanTien1916/patches/nlvnpf-0059-073.jpg_2_1.jpg	data/LucVanTien1916/patches_preprocessed/train/nlvnpf-0059-073.jpg_2_1.jpg	train	287.6,163.5,36.1,513.7	嗔朱恩󰒂援全	U+55D4 U+6731 U+6069 U+F0482 U+63F4 U+5168	6	Xin cho ơn nghĩa vẹn toàn	6	1	嗔朱恩󰒂援全	1
LucVanTien1916	nlvnpf-0059 (in mộc bản 1916)	nlvnpf-0059-073	data/LucVanTien1916/pages/images/nlvnpf-0059-073.jpg	5	2	2	data/LucVanTien1916/patches/nlvnpf-0059-073.jpg_2_2.jpg	data/LucVanTien1916/patches_preprocessed/val/nlvnpf-0059-073.jpg_2_2.jpg	val	287.6,163.5,36.1,513.7	防欺𠖈准黄泉及饒	U+9632 U+6B3A U+20588 U+51C6 U+9EC4 U+6CC9 U+53CA U+9952	8	Phòng khi xuống chốn hoàng tuyền gặp nhau	8	1	防欺𠖈准黄泉及饒	1
LucVanTien1916	nlvnpf-0059 (in mộc bản 1916)	nlvnpf-0059-073	data/LucVanTien1916/pages/images/nlvnpf-0059-073.jpg	6	3	1	data/LucVanTien1916/patches/nlvnpf-0059-073.jpg_3_1.jpg	data/LucVanTien1916/patches_preprocessed/train/nlvnpf-0059-073.jpg_3_1.jpg	train	247.8,163.5,36.4,514.9	矯公別𢪀畧𡢐	U+77EF U+516C U+5225 U+22A80 U+7567 U+21890	6	Kiều công biết nghĩ trước sau	6	1	矯公別𢪀畧𡢐	1
LucVanTien1916	nlvnpf-0059 (in mộc bản 1916)	nlvnpf-0059-073	data/LucVanTien1916/pages/images/nlvnpf-0059-073.jpg	7	3	2	data/LucVanTien1916/patches/nlvnpf-0059-073.jpg_3_2.jpg	data/LucVanTien1916/patches_preprocessed/train/nlvnpf-0059-073.jpg_3_2.jpg	train	247.8,163.5,36.4,514.9	頒朱钱泊給侯迻𠫾	U+9812 U+6731 U+94B1 U+6CCA U+7D66 U+4FAF U+8FFB U+20AFE	8	Ban cho tiền bạc cấp hầu đưa đi	8	1	頒朱钱泊給侯迻𠫾	1
LucVanTien1916	nlvnpf-0059 (in mộc bản 1916)	nlvnpf-0059-073	data/LucVanTien1916/pages/images/nlvnpf-0059-073.jpg	8	4	1	data/LucVanTien1916/patches/nlvnpf-0059-073.jpg_4_1.jpg	data/LucVanTien1916/patches_preprocessed/train/nlvnpf-0059-073.jpg_4_1.jpg	train	206.1,163.2,38.5,517.1	六翁𦋦逴𠬠欺	U+516D U+7FC1 U+262E6 U+9034 U+20B20 U+6B3A	6	Lục ông ra rước một khi	6	1	六翁𦋦逴𠬠欺	1
LucVanTien1916	nlvnpf-0059 (in mộc bản 1916)	nlvnpf-0059-073	data/LucVanTien1916/pages/images/nlvnpf-0059-073.jpg	9	4	2	data/LucVanTien1916/patches/nlvnpf-0059-073.jpg_4_2.jpg	data/LucVanTien1916/patches_preprocessed/val/nlvnpf-0059-073.jpg_4_2.jpg	val	206.1,163.2,38.5,517.1	月娥𠓨達礼󰀩産床	U+6708 U+5A25 U+204E8 U+9054 U+793C U+F0029 U+7523 U+5E8A	8	Nguyệt Nga vào đặt lễ nghi sẵn sang	8	1	月娥𠓨達礼󰀩産床	1
LucVanTien1916	nlvnpf-0059 (in mộc bản 1916)	nlvnpf-0059-073	data/LucVanTien1916/pages/images/nlvnpf-0059-073.jpg	10	5	1	data/LucVanTien1916/patches/nlvnpf-0059-073.jpg_5_1.jpg	data/LucVanTien1916/patches_preprocessed/train/nlvnpf-0059-073.jpg_5_1.jpg	train	167.2,163.7,37.1,518.3	㝵苓沁浍連𡊨	U+3775 U+82D3 U+6C81 U+6D4D U+9023 U+212A8	6	Ngày lành tắm gội lên đàn	6	1	㝵苓沁浍連𡊨	1
LucVanTien1916	nlvnpf-0059 (in mộc bản 1916)	nlvnpf-0059-073	data/LucVanTien1916/pages/images/nlvnpf-0059-073.jpg	11	5	2	data/LucVanTien1916/patches/nlvnpf-0059-073.jpg_5_2.jpg	data/LucVanTien1916/patches_preprocessed/train/nlvnpf-0059-073.jpg_5_2.jpg	train	167.2,163.7,37.1,518.3	咹𧗱󰳄坦朱払雲仙	U+54B9 U+275F1 U+F0CC4 U+5766 U+6731 U+6255 U+96F2 U+4ED9	8	Ăn về [lìa] đất cho chàng Vân Tiên	8	1	咹𧗱󰳄坦朱払雲仙	1
LucVanTien1916	nlvnpf-0059 (in mộc bản 1916)	nlvnpf-0059-073	data/LucVanTien1916/pages/images/nlvnpf-0059-073.jpg	12	6	1	data/LucVanTien1916/patches/nlvnpf-0059-073.jpg_6_1.jpg	data/LucVanTien1916/patches_preprocessed/train/nlvnpf-0059-073.jpg_6_1.jpg	train	130.5,163.5,37.9,519.2	𬮎𦋦幅像撩𨖲	U+2CB8E U+262E6 U+5E45 U+50CF U+64A9 U+285B2	6	Mở ra bức tượng treo lên	6	1	𬮎𦋦幅像撩𨖲	1
LucVanTien1916	nlvnpf-0059 (in mộc bản 1916)	nlvnpf-0059-073	data/LucVanTien1916/pages/images/nlvnpf-0059-073.jpg	13	6	2	data/LucVanTien1916/patches/nlvnpf-0059-073.jpg_6_2.jpg	data/LucVanTien1916/patches_preprocessed/val/nlvnpf-0059-073.jpg_6_2.jpg	val	130.5,163.5,37.9,519.2	冲茄朱細𡌽廊調傷	U+51B2 U+8304 U+6731 U+7D30 U+2133D U+5ECA U+8ABF U+50B7	8	Trong nhà cho tới xóm làng đều thương	8	1	冲茄朱細𡌽廊調傷	1
LucVanTien1916	nlvnpf-0059 (in mộc bản 1916)	nlvnpf-0059-073	data/LucVanTien1916/pages/images/nlvnpf-0059-073.jpg	14	7	1	data/LucVanTien1916/patches/nlvnpf-0059-073.jpg_7_1.jpg	data/LucVanTien1916/patches_preprocessed/train/nlvnpf-0059-073.jpg_7_1.jpg	train	94.3,162.9,36.3,518.6	月娥奔㗂哭払	U+6708 U+5A25 U+5954 U+35C2 U+54ED U+6255	6	Nguyệt Nga bôn tiếng khóc chàng	6	1	月娥奔㗂哭払	1
LucVanTien1916	nlvnpf-0059 (in mộc bản 1916)	nlvnpf-0059-073	data/LucVanTien1916/pages/images/nlvnpf-0059-073.jpg	15	7	2	data/LucVanTien1916/patches/nlvnpf-0059-073.jpg_7_2.jpg	data/LucVanTien1916/patches_preprocessed/train/nlvnpf-0059-073.jpg_7_2.jpg	train	94.3,162.9,36.3,518.6	雲仙払於󰋞鐄固咍	U+96F2 U+4ED9 U+6255 U+65BC U+F02DE U+9404 U+56FA U+548D	8	Vân Tiên chàng ở suối vàng có hay	8	1	雲仙払於󰋞鐄固咍	1
LucVanTien1916	nlvnpf-0059 (in mộc bản 1916)	nlvnpf-0059-073	data/LucVanTien1916/pages/images/nlvnpf-0059-073.jpg	16	8	1	data/LucVanTien1916/patches/nlvnpf-0059-073.jpg_8_1.jpg	data/LucVanTien1916/patches_preprocessed/train/nlvnpf-0059-073.jpg_8_1.jpg	train	56.3,162.5,36.4,520.2	𬙞㝵耒𭛣爫齋	U+2C65E U+3775 U+8012 U+2D6E3 U+722B U+9F4B	6	Bảy ngày rồi việc làm chay	6	1	𬙞㝵耒𭛣爫齋	1
LucVanTien1916	nlvnpf-0059 (in mộc bản 1916)	nlvnpf-0059-073	data/LucVanTien1916/pages/images/nlvnpf-0059-073.jpg	17	8	2	data/LucVanTien1916/patches/nlvnpf-0059-073.jpg_8_2.jpg	data/LucVanTien1916/patches_preprocessed/val/nlvnpf-0059-073.jpg_8_2.jpg	val	56.3,162.5,36.4,520.2	吏󰝡钱泊討󰉨六公	U+540F U+F0761 U+94B1 U+6CCA U+8A0E U+F0268 U+516D U+516C	8	Lại đem tiền bạc thảo rày Lục công	8	1	吏󰝡钱泊討󰉨六公	1
LucVanTien1916	nlvnpf-0059 (in mộc bản 1916)	nlvnpf-0059-073	data/LucVanTien1916/pages/images/nlvnpf-0059-073.jpg	18	9	1	data/LucVanTien1916/patches/nlvnpf-0059-073.jpg_9_1.jpg	data/LucVanTien1916/patches_preprocessed/train/nlvnpf-0059-073.jpg_9_1.jpg	train	22.0,162.3,34.3,521.0	𬂙𫯳麻庒﨤𫯳	U+2C099 U+2BBF3 U+9EBB U+5E92 U+FA24 U+2BBF3	6	Trông chồng mà chẳng gặp chồng	6	1	𬂙𫯳麻庒﨤𫯳	1
LucVanTien1916	nlvnpf-0059 (in mộc bản 1916)	nlvnpf-0059-073	data/LucVanTien1916/pages/images/nlvnpf-0059-073.jpg	19	9	2	data/LucVanTien1916/patches/nlvnpf-0059-073.jpg_9_2.jpg	data/LucVanTien1916/patches_preprocessed/val/nlvnpf-0059-073.jpg_9_2.jpg	val	22.0,162.3,34.3,521.0	㐌仃𠬠分侍紅無緣	U+340C U+4EC3 U+20B20 U+5206 U+4F8D U+7D05 U+7121 U+7DE3	8	Ðã đành một phận thị hồng vô duyên	8	1	㐌仃𠬠分侍紅無緣	1
LucVanTien1916	nlvnpf-0059 (in mộc bản 1916)	nlvnpf-0059-074	data/LucVanTien1916/pages/images/nlvnpf-0059-074.jpg	0	0	1	data/LucVanTien1916/patches/nlvnpf-0059-074.jpg_0_1.jpg	data/LucVanTien1916/patches_preprocessed/train/nlvnpf-0059-074.jpg_0_1.jpg	train	439.1,162.2,36.6,518.9	自󰉨令嫁𧗱潘	U+81EA U+F0268 U+4EE4 U+5AC1 U+275F1 U+6F58	6	Từ rày lệnh gả về Phiên	6	1	自󰉨令嫁𧗱潘	1
LucVanTien1916	nlvnpf-0059 (in mộc bản 1916)	nlvnpf-0059-074	data/LucVanTien1916/pages/images/nlvnpf-0059-074.jpg	1	0	2	data/LucVanTien1916/patches/nlvnpf-0059-074.jpg_0_2.jpg	data/LucVanTien1916/patches_preprocessed/val/nlvnpf-0059-074.jpg_0_2.jpg	val	439.1,162.2,36.6,518.9	决𢚸𠖈准黄泉﨤饒	U+51B3 U+226B8 U+20588 U+51C6 U+9EC4 U+6CC9 U+FA24 U+9952	8	Quyết lòng xuống chốn hoàng tuyền gặp nhau	8	1	决𢚸𠖈准黄泉﨤饒	1
LucVanTien1916	nlvnpf-0059 (in mộc bản 1916)	nlvnpf-0059-074	data/LucVanTien1916/pages/images/nlvnpf-0059-074.jpg	2	1	1	data/LucVanTien1916/patches/nlvnpf-0059-074.jpg_1_1.jpg	data/LucVanTien1916/patches_preprocessed/train/nlvnpf-0059-074.jpg_1_1.jpg	train	400.4,163.7,36.0,518.0	庒之拱哙㗂妯	U+5E92 U+4E4B U+62F1 U+54D9 U+35C2 U+59AF	6	Chẳng chi cũng gọi tiếng dâu	6	1	庒之拱哙㗂妯	1
LucVanTien1916	nlvnpf-0059 (in mộc bản 1916)	nlvnpf-0059-074	data/LucVanTien1916/pages/images/nlvnpf-0059-074.jpg	3	1	2	data/LucVanTien1916/patches/nlvnpf-0059-074.jpg_1_2.jpg	data/LucVanTien1916/patches_preprocessed/train/nlvnpf-0059-074.jpg_1_2.jpg	train	400.4,163.7,36.0,518.0	悶卢役渃沛欧役茄	U+60B6 U+5362 U+5F79 U+6E03 U+6C9B U+6B27 U+5F79 U+8304	8	Muốn lo việc nước, phải âu việc nhà	8	1	悶卢役渃沛欧役茄	1
LucVanTien1916	nlvnpf-0059 (in mộc bản 1916)	nlvnpf-0059-074	data/LucVanTien1916/pages/images/nlvnpf-0059-074.jpg	4	2	1	data/LucVanTien1916/patches/nlvnpf-0059-074.jpg_2_1.jpg	data/LucVanTien1916/patches_preprocessed/train/nlvnpf-0059-074.jpg_2_1.jpg	train	364.9,166.5,34.8,517.1	𠬠㝵𠬠󰘌𠬠車	U+20B20 U+3775 U+20B20 U+F060C U+20B20 U+8ECA	6	Một ngày một cách một xa	6	1	𠬠㝵𠬠󰘌𠬠車	1
LucVanTien1916	nlvnpf-0059 (in mộc bản 1916)	nlvnpf-0059-074	data/LucVanTien1916/pages/images/nlvnpf-0059-074.jpg	5	2	2	data/LucVanTien1916/patches/nlvnpf-0059-074.jpg_2_2.jpg	data/LucVanTien1916/patches_preprocessed/val/nlvnpf-0059-074.jpg_2_2.jpg	val	364.9,166.5,34.8,517.1	𧵑尼底吏朱吒养𫅷	U+27D51 U+5C3C U+5E95 U+540F U+6731 U+5412 U+517B U+2B177	8	Của này để lại cho cha dưỡng già.	8	1	𧵑尼底吏朱吒养𫅷	1
LucVanTien1916	nlvnpf-0059 (in mộc bản 1916)	nlvnpf-0059-074	data/LucVanTien1916/pages/images/nlvnpf-0059-074.jpg	6	3	1	data/LucVanTien1916/patches/nlvnpf-0059-074.jpg_3_1.jpg	data/LucVanTien1916/patches_preprocessed/train/nlvnpf-0059-074.jpg_3_1.jpg	train	325.8,167.4,38.1,516.4	𥛉耒渃𬑉乳沙	U+256C9 U+8012 U+6E03 U+2C449 U+4E73 U+6C99	6	Lạy rồi nước mắt nhỏ sa	6	1	𥛉耒渃𬑉乳沙	1
LucVanTien1916	nlvnpf-0059 (in mộc bản 1916)	nlvnpf-0059-074	data/LucVanTien1916/pages/images/nlvnpf-0059-074.jpg	7	3	2	data/LucVanTien1916/patches/nlvnpf-0059-074.jpg_3_2.jpg	data/LucVanTien1916/patches_preprocessed/val/nlvnpf-0059-074.jpg_3_2.jpg	val	325.8,167.4,38.1,516.4	𠿯匕辞謝𨀈𦋦阻𧗱	U+20FEF U+5315 U+8F9E U+8B1D U+28008 U+262E6 U+963B U+275F1	8	Ngùi ngùi từ tạ bước ra trở về	8	1	𠿯匕辞謝𨀈𦋦阻𧗱	1
LucVanTien1916	nlvnpf-0059 (in mộc bản 1916)	nlvnpf-0059-074	data/LucVanTien1916/pages/images/nlvnpf-0059-074.jpg	8	4	1	data/LucVanTien1916/patches/nlvnpf-0059-074.jpg_4_1.jpg	data/LucVanTien1916/patches_preprocessed/train/nlvnpf-0059-074.jpg_4_1.jpg	train	289.0,167.7,35.9,515.3	各官車駕𦊚皮	U+5404 U+5B98 U+8ECA U+99D5 U+2629A U+76AE	6	Các quan xa giá bốn bề	6	1	各官車駕𦊚皮	1
LucVanTien1916	nlvnpf-0059 (in mộc bản 1916)	nlvnpf-0059-074	data/LucVanTien1916/pages/images/nlvnpf-0059-074.jpg	9	4	2	data/LucVanTien1916/patches/nlvnpf-0059-074.jpg_4_2.jpg	data/LucVanTien1916/patches_preprocessed/train/nlvnpf-0059-074.jpg_4_2.jpg	train	289.0,167.7,35.9,515.3	𠄼𨑮侍女蹺掑蹎𢬣	U+2013C U+2846E U+4F8D U+5973 U+8E7A U+6391 U+8E4E U+22B23	8	Năm mươi thị nữ theo kề chân tay	8	1	𠄼𨑮侍女蹺掑蹎𢬣	1
LucVanTien1916	nlvnpf-0059 (in mộc bản 1916)	nlvnpf-0059-074	data/LucVanTien1916/pages/images/nlvnpf-0059-074.jpg	10	5	1	data/LucVanTien1916/patches/nlvnpf-0059-074.jpg_5_1.jpg	data/LucVanTien1916/patches_preprocessed/train/nlvnpf-0059-074.jpg_5_1.jpg	train	249.7,168.8,35.4,516.0	𠄩𨑮𫢩㐌旦𣈗	U+20129 U+2846E U+2B8A9 U+340C U+65E6 U+23217	6	Hai mươi nay đã đến ngày	6	1	𠄩𨑮𫢩㐌旦𣈗	1
LucVanTien1916	nlvnpf-0059 (in mộc bản 1916)	nlvnpf-0059-074	data/LucVanTien1916/pages/images/nlvnpf-0059-074.jpg	11	5	2	data/LucVanTien1916/patches/nlvnpf-0059-074.jpg_5_2.jpg	data/LucVanTien1916/patches_preprocessed/train/nlvnpf-0059-074.jpg_5_2.jpg	train	249.7,168.8,35.4,516.0	各官調𫉚迻𣦍𠖈船	U+5404 U+5B98 U+8ABF U+2B25A U+8FFB U+2398D U+20588 U+8239	8	Các quan đều hộ đưa ngay xuống thuyền	8	1	各官調𫉚迻𣦍𠖈船	1
LucVanTien1916	nlvnpf-0059 (in mộc bản 1916)	nlvnpf-0059-074	data/LucVanTien1916/pages/images/nlvnpf-0059-074.jpg	12	6	1	data/LucVanTien1916/patches/nlvnpf-0059-074.jpg_6_1.jpg	data/LucVanTien1916/patches_preprocessed/train/nlvnpf-0059-074.jpg_6_1.jpg	train	211.9,172.9,34.8,513.7	月娥倍遣金蓮	U+6708 U+5A25 U+500D U+9063 U+91D1 U+84EE	6	Nguyệt Nga vội khiến Kim Liên	6	1	月娥倍遣金蓮	1
LucVanTien1916	nlvnpf-0059 (in mộc bản 1916)	nlvnpf-0059-074	data/LucVanTien1916/pages/images/nlvnpf-0059-074.jpg	13	6	2	data/LucVanTien1916/patches/nlvnpf-0059-074.jpg_6_2.jpg	data/LucVanTien1916/patches_preprocessed/train/nlvnpf-0059-074.jpg_6_2.jpg	train	211.9,172.9,34.8,513.7	𨖲侍親父𠖈船疎戈	U+285B2 U+4F8D U+89AA U+7236 U+20588 U+8239 U+758E U+6208	8	Lên thị thân phụ xuống thuyền thưa qua	8	1	𨖲侍親父𠖈船疎戈	1
LucVanTien1916	nlvnpf-0059 (in mộc bản 1916)	nlvnpf-0059-074	data/LucVanTien1916/pages/images/nlvnpf-0059-074.jpg	14	7	1	data/LucVanTien1916/patches/nlvnpf-0059-074.jpg_7_1.jpg	data/LucVanTien1916/patches_preprocessed/train/nlvnpf-0059-074.jpg_7_1.jpg	train	173.4,169.8,35.5,516.3	公浪胣㐌㤕車	U+516C U+6D6A U+80E3 U+340C U+3915 U+8ECA	6	Công rằng: Dạ đã xót xa	6	1	公浪胣㐌㤕車	1
LucVanTien1916	nlvnpf-0059 (in mộc bản 1916)	nlvnpf-0059-074	data/LucVanTien1916/pages/images/nlvnpf-0059-074.jpg	15	7	2	data/LucVanTien1916/patches/nlvnpf-0059-074.jpg_7_2.jpg	data/LucVanTien1916/patches_preprocessed/val/nlvnpf-0059-074.jpg_7_2.jpg	val	173.4,169.8,35.5,516.3	昆仃嘆哭麻吒添愁	U+6606 U+4EC3 U+5606 U+54ED U+9EBB U+5412 U+6DFB U+6101	8	Con đừng than khóc mà cha thêm sầu	8	1	昆仃嘆哭麻吒添愁	1
LucVanTien1916	nlvnpf-0059 (in mộc bản 1916)	nlvnpf-0059-074	data/LucVanTien1916/pages/images/nlvnpf-0059-074.jpg	16	8	1	data/LucVanTien1916/patches/nlvnpf-0059-074.jpg_8_1.jpg	data/LucVanTien1916/patches_preprocessed/train/nlvnpf-0059-074.jpg_8_1.jpg	train	133.3,170.8,36.9,513.6	娥浪𡽫渃高溇	U+5A25 U+6D6A U+21F6B U+6E03 U+9AD8 U+6E87	6	Nga rằng: Non nước cao sâu	6	1	娥浪𡽫渃高溇	1
LucVanTien1916	nlvnpf-0059 (in mộc bản 1916)	nlvnpf-0059-074	data/LucVanTien1916/pages/images/nlvnpf-0059-074.jpg	17	8	2	data/LucVanTien1916/patches/nlvnpf-0059-074.jpg_8_2.jpg	data/LucVanTien1916/patches_preprocessed/train/nlvnpf-0059-074.jpg_8_2.jpg	train	133.3,170.8,36.9,513.6	自𫢩隔别坤侯𧡊吒	U+81EA U+2B8A9 U+9694 U+522B U+5764 U+4FAF U+2784A U+5412	8	Từ nay cách biệt khôn hầu thấy cha	8	1	自𫢩隔别坤侯𧡊吒	1
LucVanTien1916	nlvnpf-0059 (in mộc bản 1916)	nlvnpf-0059-074	data/LucVanTien1916/pages/images/nlvnpf-0059-074.jpg	18	9	1	data/LucVanTien1916/patches/nlvnpf-0059-074.jpg_9_1.jpg	data/LucVanTien1916/patches_preprocessed/train/nlvnpf-0059-074.jpg_9_1.jpg	train	98.3,172.3,33.5,515.6	身昆𧗱渃烏戈	U+8EAB U+6606 U+275F1 U+6E03 U+70CF U+6208	6	Thân con về nước Ô-qua	5	0	身昆𧗱渃烏戈	1
LucVanTien1916	nlvnpf-0059 (in mộc bản 1916)	nlvnpf-0059-074	data/LucVanTien1916/pages/images/nlvnpf-0059-074.jpg	19	9	2	data/LucVanTien1916/patches/nlvnpf-0059-074.jpg_9_2.jpg	data/LucVanTien1916/patches_preprocessed/val/nlvnpf-0059-074.jpg_9_2.jpg	val	98.3,172.3,33.5,515.6	㐌仃𠬠浽爫蹺坦𠊚	U+340C U+4EC3 U+20B20 U+6D7D U+722B U+8E7A U+5766 U+2029A	8	Ðã đành một nỗi làm theo đất người	8	1	㐌仃𠬠浽爫蹺坦𠊚	1
LucVanTien1916	nlvnpf-0059 (in mộc bản 1916)	nlvnpf-0059-075	data/LucVanTien1916/pages/images/nlvnpf-0059-075.jpg	0	0	1	data/LucVanTien1916/patches/nlvnpf-0059-075.jpg_0_1.jpg	data/LucVanTien1916/patches_preprocessed/train/nlvnpf-0059-075.jpg_0_1.jpg	train	359.7,164.2,35.9,519.2	𠄩边南北賖󰁍	U+20129 U+8FB9 U+5357 U+5317 U+8CD6 U+F004D	6	Hai bên Nam Bắc xa vời	6	1	𠄩边南北賖󰁍	1
LucVanTien1916	nlvnpf-0059 (in mộc bản 1916)	nlvnpf-0059-075	data/LucVanTien1916/pages/images/nlvnpf-0059-075.jpg	1	0	2	data/LucVanTien1916/patches/nlvnpf-0059-075.jpg_0_2.jpg	data/LucVanTien1916/patches_preprocessed/train/nlvnpf-0059-075.jpg_0_2.jpg	train	359.7,164.2,35.9,519.2	畧嗔𠳚吏𠬠𠳒爫鏡	U+7567 U+55D4 U+20CDA U+540F U+20B20 U+20CD2 U+722B U+93E1	8	Trước xin gửi lại một lời làm gương	8	1	畧嗔𠳚吏𠬠𠳒爫鏡	1
LucVanTien1916	nlvnpf-0059 (in mộc bản 1916)	nlvnpf-0059-075	data/LucVanTien1916/pages/images/nlvnpf-0059-075.jpg	2	1	1	data/LucVanTien1916/patches/nlvnpf-0059-075.jpg_1_1.jpg	data/LucVanTien1916/patches_preprocessed/train/nlvnpf-0059-075.jpg_1_1.jpg	train	321.8,160.3,38.0,523.6	囂又𩙌𠺙𦰟𣘃	U+56C2 U+53C8 U+2964C U+20E99 U+26C1F U+23603	6	Hiu hiu gió thổi ngọn cây	6	1	囂又𩙌𠺙𦰟𣘃	1
LucVanTien1916	nlvnpf-0059 (in mộc bản 1916)	nlvnpf-0059-075	data/LucVanTien1916/pages/images/nlvnpf-0059-075.jpg	3	1	2	data/LucVanTien1916/patches/nlvnpf-0059-075.jpg_1_2.jpg	data/LucVanTien1916/patches_preprocessed/val/nlvnpf-0059-075.jpg_1_2.jpg	val	321.8,160.3,38.0,523.6	𧘇󰑼𩲉𥘷𧗱𫢩探𫅷	U+27607 U+F047C U+29C89 U+25637 U+275F1 U+2B8A9 U+63A2 U+2B177	8	Ấy là hồn trẻ về nay thăm già	8	1	𧘇󰑼𩲉𥘷𧗱𫢩探𫅷	1
LucVanTien1916	nlvnpf-0059 (in mộc bản 1916)	nlvnpf-0059-075	data/LucVanTien1916/pages/images/nlvnpf-0059-075.jpg	4	2	1	data/LucVanTien1916/patches/nlvnpf-0059-075.jpg_2_1.jpg	data/LucVanTien1916/patches_preprocessed/train/nlvnpf-0059-075.jpg_2_1.jpg	train	283.7,164.5,37.5,519.3	矯公紇淚乳沙	U+77EF U+516C U+7D07 U+6DDA U+4E73 U+6C99	6	Kiều công hạt lệ nhỏ sa	6	1	矯公紇淚乳沙	1
LucVanTien1916	nlvnpf-0059 (in mộc bản 1916)	nlvnpf-0059-075	data/LucVanTien1916/pages/images/nlvnpf-0059-075.jpg	5	2	2	data/LucVanTien1916/patches/nlvnpf-0059-075.jpg_2_2.jpg	data/LucVanTien1916/patches_preprocessed/val/nlvnpf-0059-075.jpg_2_2.jpg	val	283.7,164.5,37.5,519.3	各官埃乃𧡊麻調傷	U+5404 U+5B98 U+57C3 U+4E43 U+2784A U+9EBB U+8ABF U+50B7	8	Các quan ai nấy thấy mà đều thương	8	1	各官埃乃𧡊麻調傷	1
LucVanTien1916	nlvnpf-0059 (in mộc bản 1916)	nlvnpf-0059-075	data/LucVanTien1916/pages/images/nlvnpf-0059-075.jpg	6	3	1	data/LucVanTien1916/patches/nlvnpf-0059-075.jpg_3_1.jpg	data/LucVanTien1916/patches_preprocessed/train/nlvnpf-0059-075.jpg_3_1.jpg	train	246.7,163.5,40.3,521.3	庒戈役於君王	U+5E92 U+6208 U+5F79 U+65BC U+541B U+738B	6	Chẳng qua việc ở quân vương	6	1	庒戈役於君王	1
LucVanTien1916	nlvnpf-0059 (in mộc bản 1916)	nlvnpf-0059-075	data/LucVanTien1916/pages/images/nlvnpf-0059-075.jpg	7	3	2	data/LucVanTien1916/patches/nlvnpf-0059-075.jpg_3_2.jpg	data/LucVanTien1916/patches_preprocessed/val/nlvnpf-0059-075.jpg_3_2.jpg	val	246.7,163.5,40.3,521.3	朱𢧚父子𠄩塘隔饒	U+6731 U+229DA U+7236 U+5B50 U+20129 U+5858 U+9694 U+9952	8	Cho nên phụ tử hai đường cách nhau	8	1	朱𢧚父子𠄩塘隔饒	1
LucVanTien1916	nlvnpf-0059 (in mộc bản 1916)	nlvnpf-0059-075	data/LucVanTien1916/pages/images/nlvnpf-0059-075.jpg	8	4	1	data/LucVanTien1916/patches/nlvnpf-0059-075.jpg_4_1.jpg	data/LucVanTien1916/patches_preprocessed/train/nlvnpf-0059-075.jpg_4_1.jpg	train	203.7,162.7,40.9,525.5	矯󱏹船㐌𦋦潙	U+77EF U+F13F9 U+8239 U+340C U+262E6 U+6F59	6	Kiều buồm thuyền đã ra vời	6	1	矯󱏹船㐌𦋦潙	1
LucVanTien1916	nlvnpf-0059 (in mộc bản 1916)	nlvnpf-0059-075	data/LucVanTien1916/pages/images/nlvnpf-0059-075.jpg	9	4	2	data/LucVanTien1916/patches/nlvnpf-0059-075.jpg_4_2.jpg	data/LucVanTien1916/patches_preprocessed/train/nlvnpf-0059-075.jpg_4_2.jpg	train	203.7,162.7,40.9,525.5	各官迻迍嵬又𨅸𬂙	U+5404 U+5B98 U+8FFB U+8FCD U+5D6C U+53C8 U+28178 U+2C099	8	Các quan đưa đón ngùi ngùi đứng trông	8	1	各官迻迍嵬又𨅸𬂙	1
LucVanTien1916	nlvnpf-0059 (in mộc bản 1916)	nlvnpf-0059-075	data/LucVanTien1916/pages/images/nlvnpf-0059-075.jpg	10	5	1	data/LucVanTien1916/patches/nlvnpf-0059-075.jpg_5_1.jpg	data/LucVanTien1916/patches_preprocessed/train/nlvnpf-0059-075.jpg_5_1.jpg	train	166.0,160.4,38.0,526.8	𨒒㝵𣃣細隘同	U+28492 U+3775 U+230E3 U+7D30 U+9698 U+540C	6	Mười ngày vừa tới ải Ðồng	6	1	𨒒㝵𣃣細隘同	1
LucVanTien1916	nlvnpf-0059 (in mộc bản 1916)	nlvnpf-0059-075	data/LucVanTien1916/pages/images/nlvnpf-0059-075.jpg	11	5	2	data/LucVanTien1916/patches/nlvnpf-0059-075.jpg_5_2.jpg	data/LucVanTien1916/patches_preprocessed/train/nlvnpf-0059-075.jpg_5_2.jpg	train	166.0,160.4,38.0,526.8	冥又波𢌌洞又㳥滈	U+51A5 U+53C8 U+6CE2 U+2230C U+6D1E U+53C8 U+3CE5 U+6EC8	8	Mênh mông bể rộng đùng đùng sóng xao	8	1	冥又波𢌌洞又㳥滈	1
LucVanTien1916	nlvnpf-0059 (in mộc bản 1916)	nlvnpf-0059-075	data/LucVanTien1916/pages/images/nlvnpf-0059-075.jpg	12	6	1	data/LucVanTien1916/patches/nlvnpf-0059-075.jpg_6_1.jpg	data/LucVanTien1916/patches_preprocessed/train/nlvnpf-0059-075.jpg_6_1.jpg	train	128.3,163.4,36.3,520.5	𣋚𫢩庒別𣋚芇	U+232DA U+2B8A9 U+5E92 U+5225 U+232DA U+8287	6	Hôm nay chẳng biết hôm nào	6	1	𣋚𫢩庒別𣋚芇	1
LucVanTien1916	nlvnpf-0059 (in mộc bản 1916)	nlvnpf-0059-075	data/LucVanTien1916/pages/images/nlvnpf-0059-075.jpg	13	6	2	data/LucVanTien1916/patches/nlvnpf-0059-075.jpg_6_2.jpg	data/LucVanTien1916/patches_preprocessed/train/nlvnpf-0059-075.jpg_6_2.jpg	train	128.3,163.4,36.3,520.5	䏾𦝄沕又䏾𬁖麻又	U+43FE U+26744 U+6C95 U+53C8 U+43FE U+2C056 U+9EBB U+53C8	8	Bóng trăng vắt vắt, bóng sao mờ mờ	8	1	䏾𦝄沕又䏾𬁖麻又	1
LucVanTien1916	nlvnpf-0059 (in mộc bản 1916)	nlvnpf-0059-075	data/LucVanTien1916/pages/images/nlvnpf-0059-075.jpg	14	7	1	data/LucVanTien1916/patches/nlvnpf-0059-075.jpg_7_1.jpg	data/LucVanTien1916/patches_preprocessed/train/nlvnpf-0059-075.jpg_7_1.jpg	train	92.9,160.1,36.7,527.5	𨕭𡗶吝理如詞	U+2856D U+215F6 U+541D U+7406 U+5982 U+8A5E	6	Trên trời lặng lẽ như tờ	6	1	𨕭𡗶吝理如詞	1
LucVanTien1916	nlvnpf-0059 (in mộc bản 1916)	nlvnpf-0059-075	data/LucVanTien1916/pages/images/nlvnpf-0059-075.jpg	15	7	2	data/LucVanTien1916/patches/nlvnpf-0059-075.jpg_7_2.jpg	data/LucVanTien1916/patches_preprocessed/val/nlvnpf-0059-075.jpg_7_2.jpg	val	92.9,160.1,36.7,527.5	月娥𢖵浽𩄲絲庒𧷺	U+6708 U+5A25 U+225B5 U+6D7D U+29132 U+7D72 U+5E92 U+27DFA	8	Nguyệt Nga nhớ nỗi mây tơ chẳng tròn	8	1	月娥𢖵浽𩄲絲庒𧷺	1
LucVanTien1916	nlvnpf-0059 (in mộc bản 1916)	nlvnpf-0059-075	data/LucVanTien1916/pages/images/nlvnpf-0059-075.jpg	16	8	1	data/LucVanTien1916/patches/nlvnpf-0059-075.jpg_8_1.jpg	data/LucVanTien1916/patches_preprocessed/train/nlvnpf-0059-075.jpg_8_1.jpg	train	54.5,162.0,37.2,526.7	嘆浪箕渃奴𡽫	U+5606 U+6D6A U+7B95 U+6E03 U+5974 U+21F6B	6	Than rằng: Kia nước nọ non	6	1	嘆浪箕渃奴𡽫	1
LucVanTien1916	nlvnpf-0059 (in mộc bản 1916)	nlvnpf-0059-075	data/LucVanTien1916/pages/images/nlvnpf-0059-075.jpg	17	8	2	data/LucVanTien1916/patches/nlvnpf-0059-075.jpg_8_2.jpg	data/LucVanTien1916/patches_preprocessed/val/nlvnpf-0059-075.jpg_8_2.jpg	val	54.5,162.0,37.2,526.7	景𥆾如𫇰𠊚群𠫾󰦓	U+666F U+251BE U+5982 U+2B1F0 U+2029A U+7FA4 U+20AFE U+F0993	8	Cảnh nhìn như cũ người còn đi đâu	8	1	景𥆾如𫇰𠊚群𠫾󰦓	1
LucVanTien1916	nlvnpf-0059 (in mộc bản 1916)	nlvnpf-0059-075	data/LucVanTien1916/pages/images/nlvnpf-0059-075.jpg	18	9	1	data/LucVanTien1916/patches/nlvnpf-0059-075.jpg_9_1.jpg	data/LucVanTien1916/patches_preprocessed/train/nlvnpf-0059-075.jpg_9_1.jpg	train	19.8,160.3,32.1,528.3	軍侯調𥄭㐌𥹰	U+8ECD U+4FAF U+8ABF U+2512D U+340C U+25E70	6	Quân hầu đều ngủ đã lâu	6	1	軍侯調𥄭㐌𥹰	1
LucVanTien1916	nlvnpf-0059 (in mộc bản 1916)	nlvnpf-0059-075	data/LucVanTien1916/pages/images/nlvnpf-0059-075.jpg	19	9	2	data/LucVanTien1916/patches/nlvnpf-0059-075.jpg_9_2.jpg	data/LucVanTien1916/patches_preprocessed/val/nlvnpf-0059-075.jpg_9_2.jpg	val	19.8,160.3,32.1,528.3	陳𦋦󰇾筆𡎢欧𠬠𨉓	U+9673 U+262E6 U+F01FE U+7B46 U+213A2 U+6B27 U+20B20 U+28253	8	Trần ra dở bút ngồi âu một mình	8	1	陳𦋦󰇾筆𡎢欧𠬠𨉓	1
LucVanTien1916	nlvnpf-0059 (in mộc bản 1916)	nlvnpf-0059-076	data/LucVanTien1916/pages/images/nlvnpf-0059-076.jpg	0	0	1	data/LucVanTien1916/patches/nlvnpf-0059-076.jpg_0_1.jpg	data/LucVanTien1916/patches_preprocessed/train/nlvnpf-0059-076.jpg_0_1.jpg	train	440.1,161.9,34.1,522.3	咏𠊚固俸𦝄清	U+548F U+2029A U+56FA U+4FF8 U+26744 U+6E05	6	Vắng người có bóng trăng thanh	6	1	咏𠊚固俸𦝄清	1
LucVanTien1916	nlvnpf-0059 (in mộc bản 1916)	nlvnpf-0059-076	data/LucVanTien1916/pages/images/nlvnpf-0059-076.jpg	1	0	2	data/LucVanTien1916/patches/nlvnpf-0059-076.jpg_0_2.jpg	data/LucVanTien1916/patches_preprocessed/train/nlvnpf-0059-076.jpg_0_2.jpg	train	440.1,161.9,34.1,522.3	𤾓𠄼嗔𠳚悴情吏低	U+24F93 U+2013C U+55D4 U+20CDA U+60B4 U+60C5 U+540F U+4F4E	8	Trăm năm xin gửi chút tình lại đây	8	1	𤾓𠄼嗔𠳚悴情吏低	1
LucVanTien1916	nlvnpf-0059 (in mộc bản 1916)	nlvnpf-0059-076	data/LucVanTien1916/pages/images/nlvnpf-0059-076.jpg	2	1	1	data/LucVanTien1916/patches/nlvnpf-0059-076.jpg_1_1.jpg	data/LucVanTien1916/patches_preprocessed/train/nlvnpf-0059-076.jpg_1_1.jpg	train	402.7,164.3,34.8,521.1	雲仙払唉固咍	U+96F2 U+4ED9 U+6255 U+5509 U+56FA U+548D	6	Vân Tiên chàng hỡi có hay	6	1	雲仙払唉固咍	1
LucVanTien1916	nlvnpf-0059 (in mộc bản 1916)	nlvnpf-0059-076	data/LucVanTien1916/pages/images/nlvnpf-0059-076.jpg	3	1	2	data/LucVanTien1916/patches/nlvnpf-0059-076.jpg_1_2.jpg	data/LucVanTien1916/patches_preprocessed/val/nlvnpf-0059-076.jpg_1_2.jpg	val	402.7,164.3,34.8,521.1	妾願𠬠𬌓𢚸𣦍買払	U+59BE U+9858 U+20B20 U+2C313 U+226B8 U+2398D U+8CB7 U+6255	8	Thiếp nguyền một tấm lòng ngay với chàng	8	1	妾願𠬠𬌓𢚸𣦍買払	1
LucVanTien1916	nlvnpf-0059 (in mộc bản 1916)	nlvnpf-0059-076	data/LucVanTien1916/pages/images/nlvnpf-0059-076.jpg	4	2	1	data/LucVanTien1916/patches/nlvnpf-0059-076.jpg_2_1.jpg	data/LucVanTien1916/patches_preprocessed/train/nlvnpf-0059-076.jpg_2_1.jpg	train	366.1,164.8,36.0,521.9	嘆耒𥙩像󰒺𫼳	U+5606 U+8012 U+25669 U+50CF U+F04BA U+2BF33	6	Than rồi lấy tượng vai mang	6	1	嘆耒𥙩像󰒺𫼳	1
LucVanTien1916	nlvnpf-0059 (in mộc bản 1916)	nlvnpf-0059-076	data/LucVanTien1916/pages/images/nlvnpf-0059-076.jpg	5	2	2	data/LucVanTien1916/patches/nlvnpf-0059-076.jpg_2_2.jpg	data/LucVanTien1916/patches_preprocessed/train/nlvnpf-0059-076.jpg_2_2.jpg	train	366.1,164.8,36.0,521.9	𥄮𣳔渃沚倍鐄𬦮𣦍	U+2512E U+23CD4 U+6E03 U+6C9A U+500D U+9404 U+2C9AE U+2398D	8	Nhằm dòng nước chảy vội vàng nhảy ngay	8	1	𥄮𣳔渃沚倍鐄𬦮𣦍	1
LucVanTien1916	nlvnpf-0059 (in mộc bản 1916)	nlvnpf-0059-076	data/LucVanTien1916/pages/images/nlvnpf-0059-076.jpg	6	3	1	data/LucVanTien1916/patches/nlvnpf-0059-076.jpg_3_1.jpg	data/LucVanTien1916/patches_preprocessed/train/nlvnpf-0059-076.jpg_3_1.jpg	train	328.0,165.5,37.6,521.4	金連式曳買咍	U+91D1 U+9023 U+5F0F U+66F3 U+8CB7 U+548D	6	Kim Liên thức dậy mới hay	6	1	金連式曳買咍	1
LucVanTien1916	nlvnpf-0059 (in mộc bản 1916)	nlvnpf-0059-076	data/LucVanTien1916/pages/images/nlvnpf-0059-076.jpg	7	3	2	data/LucVanTien1916/patches/nlvnpf-0059-076.jpg_3_2.jpg	data/LucVanTien1916/patches_preprocessed/val/nlvnpf-0059-076.jpg_3_2.jpg	val	328.0,165.5,37.6,521.4	共軍侍女𠬠排調卢	U+5171 U+8ECD U+4F8D U+5973 U+20B20 U+6392 U+8ABF U+5362	8	Cùng quân thị nữ một bầy đều lo	8	1	共軍侍女𠬠排調卢	1
LucVanTien1916	nlvnpf-0059 (in mộc bản 1916)	nlvnpf-0059-076	data/LucVanTien1916/pages/images/nlvnpf-0059-076.jpg	8	4	1	data/LucVanTien1916/patches/nlvnpf-0059-076.jpg_4_1.jpg	data/LucVanTien1916/patches_preprocessed/train/nlvnpf-0059-076.jpg_4_1.jpg	train	291.5,165.6,35.3,521.7	共饒調庒敢呼	U+5171 U+9952 U+8ABF U+5E92 U+6562 U+547C	6	Cùng nhau đều chẳng dám hô	6	1	共饒調庒敢呼	1
LucVanTien1916	nlvnpf-0059 (in mộc bản 1916)	nlvnpf-0059-076	data/LucVanTien1916/pages/images/nlvnpf-0059-076.jpg	9	4	2	data/LucVanTien1916/patches/nlvnpf-0059-076.jpg_4_2.jpg	data/LucVanTien1916/patches_preprocessed/train/nlvnpf-0059-076.jpg_4_2.jpg	train	291.5,165.6,35.3,521.7	啿筭謀計庒朱露情	U+557F U+7B6D U+8B00 U+8A08 U+5E92 U+6731 U+9732 U+60C5	8	Thầm toan mưu kế chẳng cho lộ tình	8	1	啿筭謀計庒朱露情	1
LucVanTien1916	nlvnpf-0059 (in mộc bản 1916)	nlvnpf-0059-076	data/LucVanTien1916/pages/images/nlvnpf-0059-076.jpg	10	5	1	data/LucVanTien1916/patches/nlvnpf-0059-076.jpg_5_1.jpg	data/LucVanTien1916/patches_preprocessed/train/nlvnpf-0059-076.jpg_5_1.jpg	train	249.8,168.5,36.7,519.3	役尼󰑼役朝廷	U+5F79 U+5C3C U+F047C U+5F79 U+671D U+5EF7	6	Việc này là việc triều đình	6	1	役尼󰑼役朝廷	1
LucVanTien1916	nlvnpf-0059 (in mộc bản 1916)	nlvnpf-0059-076	data/LucVanTien1916/pages/images/nlvnpf-0059-076.jpg	11	5	2	data/LucVanTien1916/patches/nlvnpf-0059-076.jpg_5_2.jpg	data/LucVanTien1916/patches_preprocessed/train/nlvnpf-0059-076.jpg_5_2.jpg	train	249.8,168.5,36.7,519.3	督官咍特乙𨉓托冤	U+7763 U+5B98 U+548D U+7279 U+4E59 U+28253 U+6258 U+51A4	8	Ðốc quan hay được ắt mình thác oan	8	1	督官咍特乙𨉓托冤	1
LucVanTien1916	nlvnpf-0059 (in mộc bản 1916)	nlvnpf-0059-076	data/LucVanTien1916/pages/images/nlvnpf-0059-076.jpg	12	6	1	data/LucVanTien1916/patches/nlvnpf-0059-076.jpg_6_1.jpg	data/LucVanTien1916/patches_preprocessed/train/nlvnpf-0059-076.jpg_6_1.jpg	train	210.8,170.1,37.8,518.4	悶朱謹慎𤾓塘	U+60B6 U+6731 U+8B39 U+614E U+24F93 U+5858	6	Muốn cho cẩn thận trăm đường	6	1	悶朱謹慎𤾓塘	1
LucVanTien1916	nlvnpf-0059 (in mộc bản 1916)	nlvnpf-0059-076	data/LucVanTien1916/pages/images/nlvnpf-0059-076.jpg	13	6	2	data/LucVanTien1916/patches/nlvnpf-0059-076.jpg_6_2.jpg	data/LucVanTien1916/patches_preprocessed/val/nlvnpf-0059-076.jpg_6_2.jpg	val	210.8,170.1,37.8,518.4	金蓮󰡫𥙩爫娘月娥	U+91D1 U+84EE U+F086B U+25669 U+722B U+5A18 U+6708 U+5A25	8	Kim Liên thế lấy làm nàng Nguyệt Nga	8	1	金蓮󰡫𥙩爫娘月娥	1
LucVanTien1916	nlvnpf-0059 (in mộc bản 1916)	nlvnpf-0059-076	data/LucVanTien1916/pages/images/nlvnpf-0059-076.jpg	14	7	1	data/LucVanTien1916/patches/nlvnpf-0059-076.jpg_7_1.jpg	data/LucVanTien1916/patches_preprocessed/train/nlvnpf-0059-076.jpg_7_1.jpg	train	172.3,170.2,37.5,517.4	詐婚𧗱渃烏戈	U+8A50 U+5A5A U+275F1 U+6E03 U+70CF U+6208	6	Trá hôn về nước Ô qua	6	1	詐婚𧗱渃烏戈	1
LucVanTien1916	nlvnpf-0059 (in mộc bản 1916)	nlvnpf-0059-076	data/LucVanTien1916/pages/images/nlvnpf-0059-076.jpg	15	7	2	data/LucVanTien1916/patches/nlvnpf-0059-076.jpg_7_2.jpg	data/LucVanTien1916/patches_preprocessed/train/nlvnpf-0059-076.jpg_7_2.jpg	train	172.3,170.2,37.5,517.4	埃麻拍𦲿埃麻尋蝼	U+57C3 U+9EBB U+62CD U+26CBF U+57C3 U+9EBB U+5C0B U+877C	8	Ai mà vạch lá, ai mà tìm sâu	8	1	埃麻拍𦲿埃麻尋蝼	1
LucVanTien1916	nlvnpf-0059 (in mộc bản 1916)	nlvnpf-0059-076	data/LucVanTien1916/pages/images/nlvnpf-0059-076.jpg	16	8	1	data/LucVanTien1916/patches/nlvnpf-0059-076.jpg_8_1.jpg	data/LucVanTien1916/patches_preprocessed/train/nlvnpf-0059-076.jpg_8_1.jpg	train	134.3,172.6,38.6,517.9	併它衝社斫牟	U+4F75 U+5B83 U+885D U+793E U+65AB U+725F	6	Tính đà xong xã chước mầu	6	1	併它衝社斫牟	1
LucVanTien1916	nlvnpf-0059 (in mộc bản 1916)	nlvnpf-0059-076	data/LucVanTien1916/pages/images/nlvnpf-0059-076.jpg	17	8	2	data/LucVanTien1916/patches/nlvnpf-0059-076.jpg_8_2.jpg	data/LucVanTien1916/patches_preprocessed/train/nlvnpf-0059-076.jpg_8_2.jpg	train	134.3,172.6,38.6,517.9	交朱步卒扶娘𧗱畨	U+4EA4 U+6731 U+6B65 U+5352 U+6276 U+5A18 U+275F1 U+7568	8	Giao cho bộ tốt phù nàng về Phiên	8	1	交朱步卒扶娘𧗱畨	1
LucVanTien1916	nlvnpf-0059 (in mộc bản 1916)	nlvnpf-0059-076	data/LucVanTien1916/pages/images/nlvnpf-0059-076.jpg	18	9	1	data/LucVanTien1916/patches/nlvnpf-0059-076.jpg_9_1.jpg	data/LucVanTien1916/patches_preprocessed/train/nlvnpf-0059-076.jpg_9_1.jpg	train	99.6,172.9,35.7,519.5	埃咍󰑼妸金連	U+57C3 U+548D U+F047C U+59B8 U+91D1 U+9023	6	Ai hay là ả Kim Liên	6	1	埃咍󰑼妸金連	1
LucVanTien1916	nlvnpf-0059 (in mộc bản 1916)	nlvnpf-0059-076	data/LucVanTien1916/pages/images/nlvnpf-0059-076.jpg	19	9	2	data/LucVanTien1916/patches/nlvnpf-0059-076.jpg_9_2.jpg	data/LucVanTien1916/patches_preprocessed/val/nlvnpf-0059-076.jpg_9_2.jpg	val	99.6,172.9,35.7,519.5	邒爫皇后渃畨於𠁀	U+9092 U+722B U+7687 U+540E U+6E03 U+7568 U+65BC U+20040	8	Ðặng làm hoàng hậu nước Phiên ở đời	8	1	邒爫皇后渃畨於𠁀	1
LucVanTien1916	nlvnpf-0059 (in mộc bản 1916)	nlvnpf-0059-077	data/LucVanTien1916/pages/images/nlvnpf-0059-077.jpg	0	0	1	data/LucVanTien1916/patches/nlvnpf-0059-077.jpg_0_1.jpg	data/LucVanTien1916/patches_preprocessed/train/nlvnpf-0059-077.jpg_0_1.jpg	train	349.4,121.4,34.4,519.5	月娥𨉓𠖈𡧲潙	U+6708 U+5A25 U+28253 U+20588 U+219F2 U+6F59	6	Nguyệt Nga mình xuống giữa vời	6	1	月娥𨉓𠖈𡧲潙	1
LucVanTien1916	nlvnpf-0059 (in mộc bản 1916)	nlvnpf-0059-077	data/LucVanTien1916/pages/images/nlvnpf-0059-077.jpg	1	0	2	data/LucVanTien1916/patches/nlvnpf-0059-077.jpg_0_2.jpg	data/LucVanTien1916/patches_preprocessed/train/nlvnpf-0059-077.jpg_0_2.jpg	train	349.4,121.4,34.4,519.5	㳥神𢴿拖𠓨𫢩𣺽尼	U+3CE5 U+795E U+22D3F U+62D6 U+204E8 U+2B8A9 U+23EBD U+5C3C	8	Sóng thần dìu đẩy vào nay bãi này	8	1	㳥神𢴿拖𠓨𫢩𣺽尼	1
LucVanTien1916	nlvnpf-0059 (in mộc bản 1916)	nlvnpf-0059-077	data/LucVanTien1916/pages/images/nlvnpf-0059-077.jpg	2	1	1	data/LucVanTien1916/patches/nlvnpf-0059-077.jpg_1_1.jpg	data/LucVanTien1916/patches_preprocessed/train/nlvnpf-0059-077.jpg_1_1.jpg	train	309.5,122.2,37.8,519.2	俸𦝄𣃣細桧𣘃	U+4FF8 U+26744 U+230E3 U+7D30 U+6867 U+23603	6	Bóng trăng vừa tới ngọn cây	6	1	俸𦝄𣃣細桧𣘃	1
LucVanTien1916	nlvnpf-0059 (in mộc bản 1916)	nlvnpf-0059-077	data/LucVanTien1916/pages/images/nlvnpf-0059-077.jpg	3	1	2	data/LucVanTien1916/patches/nlvnpf-0059-077.jpg_1_2.jpg	data/LucVanTien1916/patches_preprocessed/train/nlvnpf-0059-077.jpg_1_2.jpg	train	309.5,122.2,37.8,519.2	月娥𩲉唉制󰉨陰宮	U+6708 U+5A25 U+29C89 U+5509 U+5236 U+F0268 U+9670 U+5BAE	8	Nguyệt Nga hồn hãy chơi rày âm cung	8	1	月娥𩲉唉制󰉨陰宮	1
LucVanTien1916	nlvnpf-0059 (in mộc bản 1916)	nlvnpf-0059-077	data/LucVanTien1916/pages/images/nlvnpf-0059-077.jpg	4	2	1	data/LucVanTien1916/patches/nlvnpf-0059-077.jpg_2_1.jpg	data/LucVanTien1916/patches_preprocessed/train/nlvnpf-0059-077.jpg_2_1.jpg	train	270.8,121.2,38.2,519.4	掣包霜雪𣈘冬	U+63A3 U+5305 U+971C U+96EA U+23218 U+51AC	6	Xiết bao sương tuyết đêm đông	6	1	掣包霜雪𣈘冬	1
LucVanTien1916	nlvnpf-0059 (in mộc bản 1916)	nlvnpf-0059-077	data/LucVanTien1916/pages/images/nlvnpf-0059-077.jpg	5	2	2	data/LucVanTien1916/patches/nlvnpf-0059-077.jpg_2_2.jpg	data/LucVanTien1916/patches_preprocessed/train/nlvnpf-0059-077.jpg_2_2.jpg	train	270.8,121.2,38.2,519.4	𨉓𦣰𡧲𪤄冷㳥埃咍	U+28253 U+268F0 U+219F2 U+2A904 U+51B7 U+3CE5 U+57C3 U+548D	8	Mình nằm giữa bãi lạnh lùng ai hay	8	1	𨉓𦣰𡧲𪤄冷㳥埃咍	1
LucVanTien1916	nlvnpf-0059 (in mộc bản 1916)	nlvnpf-0059-077	data/LucVanTien1916/pages/images/nlvnpf-0059-077.jpg	6	3	1	data/LucVanTien1916/patches/nlvnpf-0059-077.jpg_3_1.jpg	data/LucVanTien1916/patches_preprocessed/train/nlvnpf-0059-077.jpg_3_1.jpg	train	234.7,120.2,36.6,524.8	󰞹音傷几討𦖑	U+F07B9 U+97F3 U+50B7 U+51E0 U+8A0E U+26591	6	Quan âm thương kẻ thảo ngay	6	1	󰞹音傷几討𦖑	1
LucVanTien1916	nlvnpf-0059 (in mộc bản 1916)	nlvnpf-0059-077	data/LucVanTien1916/pages/images/nlvnpf-0059-077.jpg	7	3	2	data/LucVanTien1916/patches/nlvnpf-0059-077.jpg_3_2.jpg	data/LucVanTien1916/patches_preprocessed/val/nlvnpf-0059-077.jpg_3_2.jpg	val	234.7,120.2,36.6,524.8	󰝡屍娘吏情󰉨園花	U+F0761 U+5C4D U+5A18 U+540F U+60C5 U+F0268 U+5712 U+82B1	8	Đem thây nàng lại tình rày vườn hoa	8	1	󰝡屍娘吏情󰉨園花	1
LucVanTien1916	nlvnpf-0059 (in mộc bản 1916)	nlvnpf-0059-077	data/LucVanTien1916/pages/images/nlvnpf-0059-077.jpg	8	4	1	data/LucVanTien1916/patches/nlvnpf-0059-077.jpg_4_1.jpg	data/LucVanTien1916/patches_preprocessed/train/nlvnpf-0059-077.jpg_4_1.jpg	train	194.9,119.2,37.0,524.5	胤𩲉娘矯月娥	U+80E4 U+29C89 U+5A18 U+77EF U+6708 U+5A25	6	Dặn hồn nàng Kiều Nguyệt Nga	6	1	胤𩲉娘矯月娥	1
LucVanTien1916	nlvnpf-0059 (in mộc bản 1916)	nlvnpf-0059-077	data/LucVanTien1916/pages/images/nlvnpf-0059-077.jpg	9	4	2	data/LucVanTien1916/patches/nlvnpf-0059-077.jpg_4_2.jpg	data/LucVanTien1916/patches_preprocessed/train/nlvnpf-0059-077.jpg_4_2.jpg	train	194.9,119.2,37.0,524.5	尋尼𢭗𢭸朱戈𣎃㝵	U+5C0B U+5C3C U+22B57 U+22B78 U+6731 U+6208 U+23383 U+3775	8	Tìm nơi nương tựa cho qua tháng ngày	8	1	尋尼𢭗𢭸朱戈𣎃㝵	1
LucVanTien1916	nlvnpf-0059 (in mộc bản 1916)	nlvnpf-0059-077	data/LucVanTien1916/pages/images/nlvnpf-0059-077.jpg	10	5	1	data/LucVanTien1916/patches/nlvnpf-0059-077.jpg_5_1.jpg	data/LucVanTien1916/patches_preprocessed/train/nlvnpf-0059-077.jpg_5_1.jpg	train	152.5,120.6,35.9,523.8	堆𠀧𠄼女𧵆低	U+5806 U+20027 U+2013C U+5973 U+27D46 U+4F4E	6	Ðôi ba năm nữa gần đây	6	1	堆𠀧𠄼女𧵆低	1
LucVanTien1916	nlvnpf-0059 (in mộc bản 1916)	nlvnpf-0059-077	data/LucVanTien1916/pages/images/nlvnpf-0059-077.jpg	11	5	2	data/LucVanTien1916/patches/nlvnpf-0059-077.jpg_5_2.jpg	data/LucVanTien1916/patches_preprocessed/val/nlvnpf-0059-077.jpg_5_2.jpg	val	152.5,120.6,35.9,523.8	𡟱𫯳𡢐拱森𡆫𠬠尼	U+217F1 U+2BBF3 U+21890 U+62F1 U+68EE U+211AB U+20B20 U+5C3C	8	Vợ chồng sau cũng xum vầy một nơi	8	1	𡟱𫯳𡢐拱森𡆫𠬠尼	1
LucVanTien1916	nlvnpf-0059 (in mộc bản 1916)	nlvnpf-0059-077	data/LucVanTien1916/pages/images/nlvnpf-0059-077.jpg	12	6	1	data/LucVanTien1916/patches/nlvnpf-0059-077.jpg_6_1.jpg	data/LucVanTien1916/patches_preprocessed/train/nlvnpf-0059-077.jpg_6_1.jpg	train	115.8,120.1,36.6,522.4	月娥𦀊丿醒唏	U+6708 U+5A25 U+2600A U+4E3F U+9192 U+550F	6	Nguyệt Nga giây phút tỉnh hơi	6	1	月娥𦀊丿醒唏	1
LucVanTien1916	nlvnpf-0059 (in mộc bản 1916)	nlvnpf-0059-077	data/LucVanTien1916/pages/images/nlvnpf-0059-077.jpg	13	6	2	data/LucVanTien1916/patches/nlvnpf-0059-077.jpg_6_2.jpg	data/LucVanTien1916/patches_preprocessed/train/nlvnpf-0059-077.jpg_6_2.jpg	train	115.8,120.1,36.6,522.4	体𡎢曳𢪀󰋇𠳒占包	U+4F53 U+213A2 U+66F3 U+22A80 U+F02C7 U+20CD2 U+5360 U+5305	8	Thể ngồi dậy nghĩ mấy lời chiêm bao	8	1	体𡎢曳𢪀󰋇𠳒占包	1
LucVanTien1916	nlvnpf-0059 (in mộc bản 1916)	nlvnpf-0059-077	data/LucVanTien1916/pages/images/nlvnpf-0059-077.jpg	14	7	1	data/LucVanTien1916/patches/nlvnpf-0059-077.jpg_7_1.jpg	data/LucVanTien1916/patches_preprocessed/train/nlvnpf-0059-077.jpg_7_1.jpg	train	80.8,118.4,34.5,528.3	𢧚虚渚別爫牢	U+229DA U+865A U+6E1A U+5225 U+722B U+7262	6	Nên hư chưa biết làm sao	6	1	𢧚虚渚別爫牢	1
LucVanTien1916	nlvnpf-0059 (in mộc bản 1916)	nlvnpf-0059-077	data/LucVanTien1916/pages/images/nlvnpf-0059-077.jpg	15	7	2	data/LucVanTien1916/patches/nlvnpf-0059-077.jpg_7_2.jpg	data/LucVanTien1916/patches_preprocessed/val/nlvnpf-0059-077.jpg_7_2.jpg	val	80.8,118.4,34.5,528.3	悲除別劍尼芇投𨉓	U+60B2 U+9664 U+5225 U+528D U+5C3C U+8287 U+6295 U+28253	8	Bây giờ biết kiếm nơi nao đầu mình	8	1	悲除別劍尼芇投𨉓	1
LucVanTien1916	nlvnpf-0059 (in mộc bản 1916)	nlvnpf-0059-077	data/LucVanTien1916/pages/images/nlvnpf-0059-077.jpg	16	8	1	data/LucVanTien1916/patches/nlvnpf-0059-077.jpg_8_1.jpg	data/LucVanTien1916/patches_preprocessed/train/nlvnpf-0059-077.jpg_8_1.jpg	train	42.2,120.4,35.7,526.9	𠬠𨉓𨻫仍氷傾	U+20B20 U+28253 U+28EEB U+4ECD U+6C37 U+50BE	6	Một mình luống những bâng khuâng	6	1	𠬠𨉓𨻫仍氷傾	1
LucVanTien1916	nlvnpf-0059 (in mộc bản 1916)	nlvnpf-0059-077	data/LucVanTien1916/pages/images/nlvnpf-0059-077.jpg	17	8	2	data/LucVanTien1916/patches/nlvnpf-0059-077.jpg_8_2.jpg	data/LucVanTien1916/patches_preprocessed/val/nlvnpf-0059-077.jpg_8_2.jpg	val	42.2,120.4,35.7,526.9	丿󰦓𡗶㐌󰉺𤑍彙東	U+4E3F U+F0993 U+215F6 U+340C U+F027A U+2444D U+5F59 U+6771	8	Phút đâu trời đã sớm hừng vừng đông	8	1	丿󰦓𡗶㐌󰉺𤑍彙東	1
LucVanTien1916	nlvnpf-0059 (in mộc bản 1916)	nlvnpf-0059-077	data/LucVanTien1916/pages/images/nlvnpf-0059-077.jpg	18	9	1	data/LucVanTien1916/patches/nlvnpf-0059-077.jpg_9_1.jpg	data/LucVanTien1916/patches_preprocessed/train/nlvnpf-0059-077.jpg_9_1.jpg	train	8.2,123.4,35.7,524.4	埃探䀡幅像夫	U+57C3 U+63A2 U+4021 U+5E45 U+50CF U+592B	6	Ai thăm xem bức tượng chồng	6	1	埃探䀡幅像夫	1
LucVanTien1916	nlvnpf-0059 (in mộc bản 1916)	nlvnpf-0059-077	data/LucVanTien1916/pages/images/nlvnpf-0059-077.jpg	19	9	2	data/LucVanTien1916/patches/nlvnpf-0059-077.jpg_9_2.jpg	data/LucVanTien1916/patches_preprocessed/val/nlvnpf-0059-077.jpg_9_2.jpg	val	8.2,123.4,35.7,524.4	𣃣枚吏﨤裴公𨄹園	U+230E3 U+679A U+540F U+FA24 U+88F4 U+516C U+28139 U+5712	8	Vừa may lại gặp Bùi công dạo vườn	8	1	𣃣枚吏﨤裴公𨄹園	1
LucVanTien1916	nlvnpf-0059 (in mộc bản 1916)	nlvnpf-0059-078	data/LucVanTien1916/pages/images/nlvnpf-0059-078.jpg	0	0	1	data/LucVanTien1916/patches/nlvnpf-0059-078.jpg_0_1.jpg	data/LucVanTien1916/patches_preprocessed/train/nlvnpf-0059-078.jpg_0_1.jpg	train	428.8,121.5,34.1,525.3	公浪娘於何方	U+516C U+6D6A U+5A18 U+65BC U+4F55 U+65B9	6	Công rằng: Nàng ở hà phương	6	1	公浪娘於何方	1
LucVanTien1916	nlvnpf-0059 (in mộc bản 1916)	nlvnpf-0059-078	data/LucVanTien1916/pages/images/nlvnpf-0059-078.jpg	1	0	2	data/LucVanTien1916/patches/nlvnpf-0059-078.jpg_0_2.jpg	data/LucVanTien1916/patches_preprocessed/val/nlvnpf-0059-078.jpg_0_2.jpg	val	428.8,121.5,34.1,525.3	𭛣之麻細𡧲園花些	U+2D6E3 U+4E4B U+9EBB U+7D30 U+219F2 U+5712 U+82B1 U+4E9B	8	Việc chi mà tới giữa vườn hoa ta	8	1	𭛣之麻細𡧲園花些	1
LucVanTien1916	nlvnpf-0059 (in mộc bản 1916)	nlvnpf-0059-078	data/LucVanTien1916/pages/images/nlvnpf-0059-078.jpg	2	1	1	data/LucVanTien1916/patches/nlvnpf-0059-078.jpg_1_1.jpg	data/LucVanTien1916/patches_preprocessed/train/nlvnpf-0059-078.jpg_1_1.jpg	train	390.7,122.4,34.7,525.5	踈浪陣𩙌󰉺戈	U+8E08 U+6D6A U+9663 U+2964C U+F027A U+6208	6	Thưa rằng: Trận gió hôm qua	6	1	踈浪陣𩙌󰉺戈	1
LucVanTien1916	nlvnpf-0059 (in mộc bản 1916)	nlvnpf-0059-078	data/LucVanTien1916/pages/images/nlvnpf-0059-078.jpg	3	1	2	data/LucVanTien1916/patches/nlvnpf-0059-078.jpg_1_2.jpg	data/LucVanTien1916/patches_preprocessed/val/nlvnpf-0059-078.jpg_1_2.jpg	val	390.7,122.4,34.7,525.5	沉船𢧚浽𨉓𦋦󰡫尼	U+6C89 U+8239 U+229DA U+6D7D U+28253 U+262E6 U+F086B U+5C3C	8	Chìm thuyền nên nỗi mình ra thế này	8	1	沉船𢧚浽𨉓𦋦󰡫尼	1
LucVanTien1916	nlvnpf-0059 (in mộc bản 1916)	nlvnpf-0059-078	data/LucVanTien1916/pages/images/nlvnpf-0059-078.jpg	4	2	1	data/LucVanTien1916/patches/nlvnpf-0059-078.jpg_2_1.jpg	data/LucVanTien1916/patches_preprocessed/train/nlvnpf-0059-078.jpg_2_1.jpg	train	354.6,120.3,33.1,528.2	最沁呂𨀈細低	U+6700 U+6C81 U+5442 U+28008 U+7D30 U+4F4E	6	Tối tăm lỡ bước tới đây	6	1	最沁呂𨀈細低	1
LucVanTien1916	nlvnpf-0059 (in mộc bản 1916)	nlvnpf-0059-078	data/LucVanTien1916/pages/images/nlvnpf-0059-078.jpg	5	2	2	data/LucVanTien1916/patches/nlvnpf-0059-078.jpg_2_2.jpg	data/LucVanTien1916/patches_preprocessed/train/nlvnpf-0059-078.jpg_2_2.jpg	train	354.6,120.3,33.1,528.2	嗔𠊚𤐝𪹾情尼𣦍奸	U+55D4 U+2029A U+2441D U+2AE7E U+60C5 U+5C3C U+2398D U+5978	8	Xin người soi xét tình này ngay gian	8	1	嗔𠊚𤐝𪹾情尼𣦍奸	1
LucVanTien1916	nlvnpf-0059 (in mộc bản 1916)	nlvnpf-0059-078	data/LucVanTien1916/pages/images/nlvnpf-0059-078.jpg	6	3	1	data/LucVanTien1916/patches/nlvnpf-0059-078.jpg_3_1.jpg	data/LucVanTien1916/patches_preprocessed/train/nlvnpf-0059-078.jpg_3_1.jpg	train	317.2,120.2,34.2,530.0	裴公𨅸𥄮相娘	U+88F4 U+516C U+28178 U+2512E U+76F8 U+5A18	6	Bùi công đứng nhắm tướng nàng	6	1	裴公𨅸𥄮相娘	1
LucVanTien1916	nlvnpf-0059 (in mộc bản 1916)	nlvnpf-0059-078	data/LucVanTien1916/pages/images/nlvnpf-0059-078.jpg	7	3	2	data/LucVanTien1916/patches/nlvnpf-0059-078.jpg_3_2.jpg	data/LucVanTien1916/patches_preprocessed/train/nlvnpf-0059-078.jpg_3_2.jpg	train	317.2,120.2,34.2,530.0	庒荘臺阁拱行簮纓	U+5E92 U+8358 U+81FA U+9601 U+62F1 U+884C U+7C2E U+7E93	8	Chẳng t rang đài các cũng hàng trâm anh	9	0	庒荘臺阁拱行簮纓	1
LucVanTien1916	nlvnpf-0059 (in mộc bản 1916)	nlvnpf-0059-078	data/LucVanTien1916/pages/images/nlvnpf-0059-078.jpg	8	4	1	data/LucVanTien1916/patches/nlvnpf-0059-078.jpg_4_1.jpg	data/LucVanTien1916/patches_preprocessed/train/nlvnpf-0059-078.jpg_4_1.jpg	train	279.1,121.7,33.9,527.9	頭𡳪娘呵訴情	U+982D U+21CEA U+5A18 U+5475 U+8A34 U+60C5	6	Ðầu đuôi nàng há tỏ tình	6	1	頭𡳪娘呵訴情	1
LucVanTien1916	nlvnpf-0059 (in mộc bản 1916)	nlvnpf-0059-078	data/LucVanTien1916/pages/images/nlvnpf-0059-078.jpg	9	4	2	data/LucVanTien1916/patches/nlvnpf-0059-078.jpg_4_2.jpg	data/LucVanTien1916/patches_preprocessed/val/nlvnpf-0059-078.jpg_4_2.jpg	val	279.1,121.7,33.9,527.9	月娥𥙩寔傳𨉓疎戈	U+6708 U+5A25 U+25669 U+5BD4 U+50B3 U+28253 U+758E U+6208	8	Nguyệt Nga lấy thực chuyện mình thưa qua	8	1	月娥𥙩寔傳𨉓疎戈	1
LucVanTien1916	nlvnpf-0059 (in mộc bản 1916)	nlvnpf-0059-078	data/LucVanTien1916/pages/images/nlvnpf-0059-078.jpg	10	5	1	data/LucVanTien1916/patches/nlvnpf-0059-078.jpg_5_1.jpg	data/LucVanTien1916/patches_preprocessed/train/nlvnpf-0059-078.jpg_5_1.jpg	train	239.3,122.3,32.8,525.0	裴公𢜠逴𠓨茄	U+88F4 U+516C U+22720 U+9034 U+204E8 U+8304	6	Bùi công mừng rước vào nhà	6	1	裴公𢜠逴𠓨茄	1
LucVanTien1916	nlvnpf-0059 (in mộc bản 1916)	nlvnpf-0059-078	data/LucVanTien1916/pages/images/nlvnpf-0059-078.jpg	11	5	2	data/LucVanTien1916/patches/nlvnpf-0059-078.jpg_5_2.jpg	data/LucVanTien1916/patches_preprocessed/val/nlvnpf-0059-078.jpg_5_2.jpg	val	239.3,122.3,32.8,525.0	台裙𨒻袄餒麻爫昆	U+53F0 U+88D9 U+284BB U+8884 U+9912 U+9EBB U+722B U+6606	8	Thay quần đổi áo nuôi mà làm con	8	1	台裙𨒻袄餒麻爫昆	1
LucVanTien1916	nlvnpf-0059 (in mộc bản 1916)	nlvnpf-0059-078	data/LucVanTien1916/pages/images/nlvnpf-0059-078.jpg	12	6	1	data/LucVanTien1916/patches/nlvnpf-0059-078.jpg_6_1.jpg	data/LucVanTien1916/patches_preprocessed/train/nlvnpf-0059-078.jpg_6_1.jpg	train	200.1,123.5,33.9,525.6	些低拱固𠬠昆	U+4E9B U+4F4E U+62F1 U+56FA U+20B20 U+6606	6	Ta đây cũng có một con	6	1	些低拱固𠬠昆	1
LucVanTien1916	nlvnpf-0059 (in mộc bản 1916)	nlvnpf-0059-078	data/LucVanTien1916/pages/images/nlvnpf-0059-078.jpg	13	6	2	data/LucVanTien1916/patches/nlvnpf-0059-078.jpg_6_2.jpg	data/LucVanTien1916/patches_preprocessed/val/nlvnpf-0059-078.jpg_6_2.jpg	val	200.1,123.5,33.9,525.6	𠸜󰑼裴儉奴群於京	U+20E1C U+F047C U+88F4 U+5109 U+5974 U+7FA4 U+65BC U+4EAC	8	Tên là Bùi Kiệm nó còn ở kinh	8	1	𠸜󰑼裴儉奴群於京	1
LucVanTien1916	nlvnpf-0059 (in mộc bản 1916)	nlvnpf-0059-078	data/LucVanTien1916/pages/images/nlvnpf-0059-078.jpg	14	7	1	data/LucVanTien1916/patches/nlvnpf-0059-078.jpg_7_1.jpg	data/LucVanTien1916/patches_preprocessed/train/nlvnpf-0059-078.jpg_7_1.jpg	train	161.6,124.3,35.0,525.3	冲茄空𡛔後生	U+51B2 U+8304 U+7A7A U+216D4 U+5F8C U+751F	6	Trong nhà không gái hậu sinh	6	1	冲茄空𡛔後生	1
LucVanTien1916	nlvnpf-0059 (in mộc bản 1916)	nlvnpf-0059-078	data/LucVanTien1916/pages/images/nlvnpf-0059-078.jpg	15	7	2	data/LucVanTien1916/patches/nlvnpf-0059-078.jpg_7_2.jpg	data/LucVanTien1916/patches_preprocessed/train/nlvnpf-0059-078.jpg_7_2.jpg	train	161.6,124.3,35.0,525.3	埋麻吏﨤蜞蛉𡧲𡗶	U+57CB U+9EBB U+540F U+FA24 U+871E U+86C9 U+219F2 U+215F6	8	May mà lại gặp kì linh giữa trời	8	1	埋麻吏﨤蜞蛉𡧲𡗶	1
LucVanTien1916	nlvnpf-0059 (in mộc bản 1916)	nlvnpf-0059-078	data/LucVanTien1916/pages/images/nlvnpf-0059-078.jpg	16	8	1	data/LucVanTien1916/patches/nlvnpf-0059-078.jpg_8_1.jpg	data/LucVanTien1916/patches_preprocessed/train/nlvnpf-0059-078.jpg_8_1.jpg	train	125.8,127.3,35.6,520.6	月娥於㐌安尼	U+6708 U+5A25 U+65BC U+340C U+5B89 U+5C3C	6	Nguyệt Nga ở đã an nơi	6	1	月娥於㐌安尼	1
LucVanTien1916	nlvnpf-0059 (in mộc bản 1916)	nlvnpf-0059-078	data/LucVanTien1916/pages/images/nlvnpf-0059-078.jpg	17	8	2	data/LucVanTien1916/patches/nlvnpf-0059-078.jpg_8_2.jpg	data/LucVanTien1916/patches_preprocessed/val/nlvnpf-0059-078.jpg_8_2.jpg	val	125.8,127.3,35.6,520.6	店又𢪀量𠬠𠁀㤕車	U+5E97 U+53C8 U+22A80 U+91CF U+20B20 U+20040 U+3915 U+8ECA	8	Ðêm đêm nghĩ lượng một đời xót xa	8	1	店又𢪀量𠬠𠁀㤕車	1
LucVanTien1916	nlvnpf-0059 (in mộc bản 1916)	nlvnpf-0059-078	data/LucVanTien1916/pages/images/nlvnpf-0059-078.jpg	18	9	1	data/LucVanTien1916/patches/nlvnpf-0059-078.jpg_9_1.jpg	data/LucVanTien1916/patches_preprocessed/train/nlvnpf-0059-078.jpg_9_1.jpg	train	87.8,129.0,35.1,516.0	𠬠卢爲渃烏戈	U+20B20 U+5362 U+7232 U+6E03 U+70CF U+6208	6	Một lo vì nước Ô-qua	5	0	𠬠卢爲渃烏戈	1
LucVanTien1916	nlvnpf-0059 (in mộc bản 1916)	nlvnpf-0059-078	data/LucVanTien1916/pages/images/nlvnpf-0059-078.jpg	19	9	2	data/LucVanTien1916/patches/nlvnpf-0059-078.jpg_9_2.jpg	data/LucVanTien1916/patches_preprocessed/train/nlvnpf-0059-078.jpg_9_2.jpg	train	87.8,129.0,35.1,516.0	𠲖𤤰扒罪吒𫅷托冤	U+20C96 U+24930 U+6252 U+7F6A U+5412 U+2B177 U+6258 U+51A4	8	E vua bắt tội cha già thác oan	8	1	𠲖𤤰扒罪吒𫅷托冤	1
LucVanTien1916	nlvnpf-0059 (in mộc bản 1916)	nlvnpf-0059-079	data/LucVanTien1916/pages/images/nlvnpf-0059-079.jpg	0	0	1	data/LucVanTien1916/patches/nlvnpf-0059-079.jpg_0_1.jpg	data/LucVanTien1916/patches_preprocessed/train/nlvnpf-0059-079.jpg_0_1.jpg	train	362.2,164.0,35.2,519.2	𠄩卢爲𡛔紅顔	U+20129 U+5362 U+7232 U+216D4 U+7D05 U+9854	6	Hai lo vì gái hồng nhan	6	1	𠄩卢爲𡛔紅顔	1
LucVanTien1916	nlvnpf-0059 (in mộc bản 1916)	nlvnpf-0059-079	data/LucVanTien1916/pages/images/nlvnpf-0059-079.jpg	1	0	2	data/LucVanTien1916/patches/nlvnpf-0059-079.jpg_0_2.jpg	data/LucVanTien1916/patches_preprocessed/train/nlvnpf-0059-079.jpg_0_2.jpg	train	362.2,164.0,35.2,519.2	𠲖𠊚保养防筭浽夷	U+20C96 U+2029A U+4FDD U+517B U+9632 U+7B6D U+6D7D U+5937	8	E người bảo dưỡng phòng toan nỗi gì	8	1	𠲖𠊚保养防筭浽夷	1
LucVanTien1916	nlvnpf-0059 (in mộc bản 1916)	nlvnpf-0059-079	data/LucVanTien1916/pages/images/nlvnpf-0059-079.jpg	2	1	1	data/LucVanTien1916/patches/nlvnpf-0059-079.jpg_1_1.jpg	data/LucVanTien1916/patches_preprocessed/train/nlvnpf-0059-079.jpg_1_1.jpg	train	321.6,167.3,38.2,517.2	月娥𨻫仍胡𪟽	U+6708 U+5A25 U+28EEB U+4ECD U+80E1 U+2A7FD	6	Nguyệt Nga luống những hồ nghi	6	1	月娥𨻫仍胡𪟽	1
LucVanTien1916	nlvnpf-0059 (in mộc bản 1916)	nlvnpf-0059-079	data/LucVanTien1916/pages/images/nlvnpf-0059-079.jpg	3	1	2	data/LucVanTien1916/patches/nlvnpf-0059-079.jpg_1_2.jpg	data/LucVanTien1916/patches_preprocessed/val/nlvnpf-0059-079.jpg_1_2.jpg	val	321.6,167.3,38.2,517.2	丿󰦓裴儉𠬠欺𧗱茄	U+4E3F U+F0993 U+88F4 U+5109 U+20B20 U+6B3A U+275F1 U+8304	8	Phút đâu Bùi Kiệm một khi về nhà	8	1	丿󰦓裴儉𠬠欺𧗱茄	1
LucVanTien1916	nlvnpf-0059 (in mộc bản 1916)	nlvnpf-0059-079	data/LucVanTien1916/pages/images/nlvnpf-0059-079.jpg	4	2	1	data/LucVanTien1916/patches/nlvnpf-0059-079.jpg_2_1.jpg	data/LucVanTien1916/patches_preprocessed/train/nlvnpf-0059-079.jpg_2_1.jpg	train	285.6,165.8,34.9,515.7	㝵又䀡𧡊月娥	U+3775 U+53C8 U+4021 U+2784A U+6708 U+5A25	6	Ngày ngày xem thấy Nguyệt Ngạ	6	1	㝵又䀡𧡊月娥	1
LucVanTien1916	nlvnpf-0059 (in mộc bản 1916)	nlvnpf-0059-079	data/LucVanTien1916/pages/images/nlvnpf-0059-079.jpg	5	2	2	data/LucVanTien1916/patches/nlvnpf-0059-079.jpg_2_2.jpg	data/LucVanTien1916/patches_preprocessed/val/nlvnpf-0059-079.jpg_2_2.jpg	val	285.6,165.8,34.9,515.7	情𥢆傕仍想它𢚸春	U+60C5 U+25886 U+5095 U+4ECD U+60F3 U+5B83 U+226B8 U+6625	8	Tình riêng thôi những tưởng đà lòng xuân	8	1	情𥢆傕仍想它𢚸春	1
LucVanTien1916	nlvnpf-0059 (in mộc bản 1916)	nlvnpf-0059-079	data/LucVanTien1916/pages/images/nlvnpf-0059-079.jpg	6	3	1	data/LucVanTien1916/patches/nlvnpf-0059-079.jpg_3_1.jpg	data/LucVanTien1916/patches_preprocessed/train/nlvnpf-0059-079.jpg_3_1.jpg	train	245.9,164.9,40.1,519.0	𧡊娘蜍幅像人	U+2784A U+5A18 U+870D U+5E45 U+50CF U+4EBA	6	Thấy nàng thờ bức tượng nhân	6	1	𧡊娘蜍幅像人	1
LucVanTien1916	nlvnpf-0059 (in mộc bản 1916)	nlvnpf-0059-079	data/LucVanTien1916/pages/images/nlvnpf-0059-079.jpg	7	3	2	data/LucVanTien1916/patches/nlvnpf-0059-079.jpg_3_2.jpg	data/LucVanTien1916/patches_preprocessed/train/nlvnpf-0059-079.jpg_3_2.jpg	train	245.9,164.9,40.1,519.0	儉䀡氏思吝懇𠳨連	U+5109 U+4021 U+6C0F U+601D U+541D U+61C7 U+20CE8 U+9023	8	Kiệm xem thị tứ lần khân hỏi liền	8	1	儉䀡氏思吝懇𠳨連	1
LucVanTien1916	nlvnpf-0059 (in mộc bản 1916)	nlvnpf-0059-079	data/LucVanTien1916/pages/images/nlvnpf-0059-079.jpg	8	4	1	data/LucVanTien1916/patches/nlvnpf-0059-079.jpg_4_1.jpg	data/LucVanTien1916/patches_preprocessed/train/nlvnpf-0059-079.jpg_4_1.jpg	train	207.2,165.3,37.6,518.7	像尼牢𠏳雲仙	U+50CF U+5C3C U+7262 U+203F3 U+96F2 U+4ED9	6	Tượng này sao giống Vân Tiên	6	1	像尼牢𠏳雲仙	1
LucVanTien1916	nlvnpf-0059 (in mộc bản 1916)	nlvnpf-0059-079	data/LucVanTien1916/pages/images/nlvnpf-0059-079.jpg	9	4	2	data/LucVanTien1916/patches/nlvnpf-0059-079.jpg_4_2.jpg	data/LucVanTien1916/patches_preprocessed/train/nlvnpf-0059-079.jpg_4_2.jpg	train	207.2,165.3,37.6,518.7	󰋇𥹰蜍固灵千調夷	U+F02C7 U+25E70 U+870D U+56FA U+7075 U+5343 U+8ABF U+5937	8	Mấy lâu thờ có linh thiêng điều gì?	8	1	󰋇𥹰蜍固灵千調夷	1
LucVanTien1916	nlvnpf-0059 (in mộc bản 1916)	nlvnpf-0059-079	data/LucVanTien1916/pages/images/nlvnpf-0059-079.jpg	10	5	1	data/LucVanTien1916/patches/nlvnpf-0059-079.jpg_5_1.jpg	data/LucVanTien1916/patches_preprocessed/train/nlvnpf-0059-079.jpg_5_1.jpg	train	169.8,163.9,38.1,516.9	娘浪爫分女兒	U+5A18 U+6D6A U+722B U+5206 U+5973 U+5152	6	Nàng rằng: Làm phận nữ nhi	6	1	娘浪爫分女兒	1
LucVanTien1916	nlvnpf-0059 (in mộc bản 1916)	nlvnpf-0059-079	data/LucVanTien1916/pages/images/nlvnpf-0059-079.jpg	11	5	2	data/LucVanTien1916/patches/nlvnpf-0059-079.jpg_5_2.jpg	data/LucVanTien1916/patches_preprocessed/val/nlvnpf-0059-079.jpg_5_2.jpg	val	169.8,163.9,38.1,516.9	𠬠勾節行沛𥱬𠓨𢚸	U+20B20 U+52FE U+7BC0 U+884C U+6C9B U+25C6C U+204E8 U+226B8	8	Một câu tiết hạnh phải ghi vào lòng	8	1	𠬠勾節行沛𥱬𠓨𢚸	1
LucVanTien1916	nlvnpf-0059 (in mộc bản 1916)	nlvnpf-0059-079	data/LucVanTien1916/pages/images/nlvnpf-0059-079.jpg	12	6	1	data/LucVanTien1916/patches/nlvnpf-0059-079.jpg_6_1.jpg	data/LucVanTien1916/patches_preprocessed/train/nlvnpf-0059-079.jpg_6_1.jpg	train	132.1,165.9,38.8,517.3	𤾓𫷜朱論𡦂從	U+24F93 U+2BDDC U+6731 U+8AD6 U+21982 U+5F9E	6	Trăm năm cho trọn chữ tòng	6	1	𤾓𫷜朱論𡦂從	1
LucVanTien1916	nlvnpf-0059 (in mộc bản 1916)	nlvnpf-0059-079	data/LucVanTien1916/pages/images/nlvnpf-0059-079.jpg	13	6	2	data/LucVanTien1916/patches/nlvnpf-0059-079.jpg_6_2.jpg	data/LucVanTien1916/patches_preprocessed/val/nlvnpf-0059-079.jpg_6_2.jpg	val	132.1,165.9,38.8,517.3	𤯩牢托丕𠬠𫯳麻傕	U+24BE9 U+7262 U+6258 U+4E15 U+20B20 U+2BBF3 U+9EBB U+5095	8	Sống sao thác vậy, một chồng mà thôi	8	1	𤯩牢托丕𠬠𫯳麻傕	1
LucVanTien1916	nlvnpf-0059 (in mộc bản 1916)	nlvnpf-0059-079	data/LucVanTien1916/pages/images/nlvnpf-0059-079.jpg	14	7	1	data/LucVanTien1916/patches/nlvnpf-0059-079.jpg_7_1.jpg	data/LucVanTien1916/patches_preprocessed/train/nlvnpf-0059-079.jpg_7_1.jpg	train	93.6,164.5,38.0,521.3	儉浪娘呐差耒	U+5109 U+6D6A U+5A18 U+5450 U+5DEE U+8012	6	Kiệm rằng: Nàng nói sai rồi	6	1	儉浪娘呐差耒	1
LucVanTien1916	nlvnpf-0059 (in mộc bản 1916)	nlvnpf-0059-079	data/LucVanTien1916/pages/images/nlvnpf-0059-079.jpg	15	7	2	data/LucVanTien1916/patches/nlvnpf-0059-079.jpg_7_2.jpg	data/LucVanTien1916/patches_preprocessed/train/nlvnpf-0059-079.jpg_7_2.jpg	train	93.6,164.5,38.0,521.3	埃曾半得麻𡎢󰆀猪	U+57C3 U+66FE U+534A U+5F97 U+9EBB U+213A2 U+F0180 U+732A	8	Ai từng bán được mà ngồi chợ trưa	8	1	埃曾半得麻𡎢󰆀猪	1
LucVanTien1916	nlvnpf-0059 (in mộc bản 1916)	nlvnpf-0059-079	data/LucVanTien1916/pages/images/nlvnpf-0059-079.jpg	16	8	1	data/LucVanTien1916/patches/nlvnpf-0059-079.jpg_8_1.jpg	data/LucVanTien1916/patches_preprocessed/train/nlvnpf-0059-079.jpg_8_1.jpg	train	56.1,164.7,35.8,516.8	󰥎𠊚冲癸𩙌湄	U+F094E U+2029A U+51B2 U+7678 U+2964C U+6E44	6	Làm người trong cõi gió mưa	6	1	󰥎𠊚冲癸𩙌湄	1
LucVanTien1916	nlvnpf-0059 (in mộc bản 1916)	nlvnpf-0059-079	data/LucVanTien1916/pages/images/nlvnpf-0059-079.jpg	17	8	2	data/LucVanTien1916/patches/nlvnpf-0059-079.jpg_8_2.jpg	data/LucVanTien1916/patches_preprocessed/train/nlvnpf-0059-079.jpg_8_2.jpg	train	56.1,164.7,35.8,516.8	𦉱𨑮󰋇󰘚󰠵𠸗鄧芇	U+26271 U+2846E U+F02C7 U+F061A U+F0835 U+20E17 U+9127 U+8287	8	Bảy mươi mấy mặt trải xưa đặng nào	8	1	𦉱𨑮󰋇󰘚󰠵𠸗鄧芇	1
LucVanTien1916	nlvnpf-0059 (in mộc bản 1916)	nlvnpf-0059-079	data/LucVanTien1916/pages/images/nlvnpf-0059-079.jpg	18	9	1	data/LucVanTien1916/patches/nlvnpf-0059-079.jpg_9_1.jpg	data/LucVanTien1916/patches_preprocessed/train/nlvnpf-0059-079.jpg_9_1.jpg	train	20.3,163.9,35.8,522.0	主東𠸗於園桃	U+4E3B U+6771 U+20E17 U+65BC U+5712 U+6843	6	Chúa đông xưa ở vườn đào	6	1	主東𠸗於園桃	1
LucVanTien1916	nlvnpf-0059 (in mộc bản 1916)	nlvnpf-0059-079	data/LucVanTien1916/pages/images/nlvnpf-0059-079.jpg	19	9	2	data/LucVanTien1916/patches/nlvnpf-0059-079.jpg_9_2.jpg	data/LucVanTien1916/patches_preprocessed/val/nlvnpf-0059-079.jpg_9_2.jpg	val	20.3,163.9,35.8,522.0	蜂戈𧊉吏別包饒吝	U+8702 U+6208 U+27289 U+540F U+5225 U+5305 U+9952 U+541D	8	Ong qua bướm lại biết bao nhiêu lần	8	1	蜂戈𧊉吏別包饒吝	1
LucVanTien1916	nlvnpf-0059 (in mộc bản 1916)	nlvnpf-0059-080	data/LucVanTien1916/pages/images/nlvnpf-0059-080.jpg	0	0	1	data/LucVanTien1916/patches/nlvnpf-0059-080.jpg_0_1.jpg	data/LucVanTien1916/patches_preprocessed/train/nlvnpf-0059-080.jpg_0_1.jpg	train	442.1,166.2,33.9,515.6	主東𦋦塊園春	U+4E3B U+6771 U+262E6 U+584A U+5712 U+6625	6	Chúa đông ra khỏi vườn xuân	6	1	主東𦋦塊園春	1
LucVanTien1916	nlvnpf-0059 (in mộc bản 1916)	nlvnpf-0059-080	data/LucVanTien1916/pages/images/nlvnpf-0059-080.jpg	1	0	2	data/LucVanTien1916/patches/nlvnpf-0059-080.jpg_0_2.jpg	data/LucVanTien1916/patches_preprocessed/train/nlvnpf-0059-080.jpg_0_2.jpg	train	442.1,166.2,33.9,515.6	花残蘂𣳮󰑼棱補荒	U+82B1 U+6B8B U+8602 U+23CEE U+F047C U+68F1 U+88DC U+8352	8	Hoa tàn nhụy rữa là rừng bỏ hoang	8	1	花残蘂𣳮󰑼棱補荒	1
LucVanTien1916	nlvnpf-0059 (in mộc bản 1916)	nlvnpf-0059-080	data/LucVanTien1916/pages/images/nlvnpf-0059-080.jpg	2	1	1	data/LucVanTien1916/patches/nlvnpf-0059-080.jpg_1_1.jpg	data/LucVanTien1916/patches_preprocessed/train/nlvnpf-0059-080.jpg_1_1.jpg	train	405.7,167.4,35.1,515.0	於𠁀埃𢚁𢀭𢀨	U+65BC U+20040 U+57C3 U+22681 U+2202D U+22028	6	Ở đời ai cậy giàu sang	6	1	於𠁀埃𢚁𢀭𢀨	1
LucVanTien1916	nlvnpf-0059 (in mộc bản 1916)	nlvnpf-0059-080	data/LucVanTien1916/pages/images/nlvnpf-0059-080.jpg	3	1	2	data/LucVanTien1916/patches/nlvnpf-0059-080.jpg_1_2.jpg	data/LucVanTien1916/patches_preprocessed/train/nlvnpf-0059-080.jpg_1_2.jpg	train	405.7,167.4,35.1,515.0	花春麻歇𠦳鐄坤摸	U+82B1 U+6625 U+9EBB U+6B47 U+209B3 U+9404 U+5764 U+6478	8	Hoa xuân mà hết ngàn vàng khôn mua	8	1	花春麻歇𠦳鐄坤摸	1
LucVanTien1916	nlvnpf-0059 (in mộc bản 1916)	nlvnpf-0059-080	data/LucVanTien1916/pages/images/nlvnpf-0059-080.jpg	4	2	1	data/LucVanTien1916/patches/nlvnpf-0059-080.jpg_2_1.jpg	data/LucVanTien1916/patches_preprocessed/train/nlvnpf-0059-080.jpg_2_1.jpg	train	368.8,168.0,38.3,515.0	咍之仍娓於厨	U+548D U+4E4B U+4ECD U+5A13 U+65BC U+53A8	6	Hay chi những vãi ở chùa	6	1	咍之仍娓於厨	1
LucVanTien1916	nlvnpf-0059 (in mộc bản 1916)	nlvnpf-0059-080	data/LucVanTien1916/pages/images/nlvnpf-0059-080.jpg	5	2	2	data/LucVanTien1916/patches/nlvnpf-0059-080.jpg_2_2.jpg	data/LucVanTien1916/patches_preprocessed/train/nlvnpf-0059-080.jpg_2_2.jpg	train	368.8,168.0,38.3,515.0	𠬠旬𫔤禁𦊚務冷星	U+20B20 U+65EC U+2B524 U+7981 U+2629A U+52D9 U+51B7 U+661F	8	Một tuần cửa cấm, bốn mùa lạnh tanh	8	1	𠬠旬𫔤禁𦊚務冷星	1
LucVanTien1916	nlvnpf-0059 (in mộc bản 1916)	nlvnpf-0059-080	data/LucVanTien1916/pages/images/nlvnpf-0059-080.jpg	6	3	1	data/LucVanTien1916/patches/nlvnpf-0059-080.jpg_3_1.jpg	data/LucVanTien1916/patches_preprocessed/train/nlvnpf-0059-080.jpg_3_1.jpg	train	333.1,168.6,36.1,515.6	冷汀𠬠隻船情	U+51B7 U+6C40 U+20B20 U+96BB U+8239 U+60C5	6	Lênh đênh một chiếc thuyền tình	6	1	冷汀𠬠隻船情	1
LucVanTien1916	nlvnpf-0059 (in mộc bản 1916)	nlvnpf-0059-080	data/LucVanTien1916/pages/images/nlvnpf-0059-080.jpg	7	3	2	data/LucVanTien1916/patches/nlvnpf-0059-080.jpg_3_2.jpg	data/LucVanTien1916/patches_preprocessed/val/nlvnpf-0059-080.jpg_3_2.jpg	val	333.1,168.6,36.1,515.6	𨑮𠄩𣷷渃迻𨉓𠓨󰦓	U+2846E U+20129 U+23DF7 U+6E03 U+8FFB U+28253 U+204E8 U+F0993	8	Mười hai bến nước đưa mình vào đâu	8	1	𨑮𠄩𣷷渃迻𨉓𠓨󰦓	1
LucVanTien1916	nlvnpf-0059 (in mộc bản 1916)	nlvnpf-0059-080	data/LucVanTien1916/pages/images/nlvnpf-0059-080.jpg	8	4	1	data/LucVanTien1916/patches/nlvnpf-0059-080.jpg_4_1.jpg	data/LucVanTien1916/patches_preprocessed/train/nlvnpf-0059-080.jpg_4_1.jpg	train	293.3,169.2,37.3,516.2	埃曾默袄空袍	U+57C3 U+66FE U+9ED8 U+8884 U+7A7A U+888D	6	Ai từng mặc áo không bào	6	1	埃曾默袄空袍	1
LucVanTien1916	nlvnpf-0059 (in mộc bản 1916)	nlvnpf-0059-080	data/LucVanTien1916/pages/images/nlvnpf-0059-080.jpg	9	4	2	data/LucVanTien1916/patches/nlvnpf-0059-080.jpg_4_2.jpg	data/LucVanTien1916/patches_preprocessed/train/nlvnpf-0059-080.jpg_4_2.jpg	train	293.3,169.2,37.3,516.2	咹粓空𥮊咹蔞空槁	U+54B9 U+7C93 U+7A7A U+25B8A U+54B9 U+851E U+7A7A U+69C1	8	Ăn cơm không đũa, ăn trầu không cau	8	1	咹粓空𥮊咹蔞空槁	1
LucVanTien1916	nlvnpf-0059 (in mộc bản 1916)	nlvnpf-0059-080	data/LucVanTien1916/pages/images/nlvnpf-0059-080.jpg	10	5	1	data/LucVanTien1916/patches/nlvnpf-0059-080.jpg_5_1.jpg	data/LucVanTien1916/patches_preprocessed/train/nlvnpf-0059-080.jpg_5_1.jpg	train	253.5,171.0,38.1,515.8	娘牢庒𢪀畧𡢐	U+5A18 U+7262 U+5E92 U+22A80 U+7567 U+21890	6	Nàng sao chẳng nghĩ trước sau	6	1	娘牢庒𢪀畧𡢐	1
LucVanTien1916	nlvnpf-0059 (in mộc bản 1916)	nlvnpf-0059-080	data/LucVanTien1916/pages/images/nlvnpf-0059-080.jpg	11	5	2	data/LucVanTien1916/patches/nlvnpf-0059-080.jpg_5_2.jpg	data/LucVanTien1916/patches_preprocessed/train/nlvnpf-0059-080.jpg_5_2.jpg	train	253.5,171.0,38.1,515.8	底揞幅像闭𥹰舌𨉓	U+5E95 U+63DE U+5E45 U+50CF U+95ED U+25E70 U+820C U+28253	8	Để ôm bức tượng bấy lâu thiệt mình	8	1	底揞幅像闭𥹰舌𨉓	1
LucVanTien1916	nlvnpf-0059 (in mộc bản 1916)	nlvnpf-0059-080	data/LucVanTien1916/pages/images/nlvnpf-0059-080.jpg	12	6	1	data/LucVanTien1916/patches/nlvnpf-0059-080.jpg_6_1.jpg	data/LucVanTien1916/patches_preprocessed/train/nlvnpf-0059-080.jpg_6_1.jpg	train	213.9,171.7,36.7,515.0	娘浪𠸗斈史經	U+5A18 U+6D6A U+20E17 U+6588 U+53F2 U+7D93	6	Nàng rằng: Xưa học sử kinh	6	1	娘浪𠸗斈史經	1
LucVanTien1916	nlvnpf-0059 (in mộc bản 1916)	nlvnpf-0059-080	data/LucVanTien1916/pages/images/nlvnpf-0059-080.jpg	13	6	2	data/LucVanTien1916/patches/nlvnpf-0059-080.jpg_6_2.jpg	data/LucVanTien1916/patches_preprocessed/train/nlvnpf-0059-080.jpg_6_2.jpg	train	213.9,171.7,36.7,515.0	爫身昆𡛔𡦂貞爫頭	U+722B U+8EAB U+6606 U+216D4 U+21982 U+8C9E U+722B U+982D	8	Làm thân con gái chữ trinh làm đầu	8	1	爫身昆𡛔𡦂貞爫頭	1
LucVanTien1916	nlvnpf-0059 (in mộc bản 1916)	nlvnpf-0059-080	data/LucVanTien1916/pages/images/nlvnpf-0059-080.jpg	14	7	1	data/LucVanTien1916/patches/nlvnpf-0059-080.jpg_7_1.jpg	data/LucVanTien1916/patches_preprocessed/train/nlvnpf-0059-080.jpg_7_1.jpg	train	178.4,172.3,36.0,515.6	庒於𠺙渃郑󰦓	U+5E92 U+65BC U+20E99 U+6E03 U+90D1 U+F0993	6	Chẳng ưa thói nước Trịnh đâu	6	1	庒於𠺙渃郑󰦓	1
LucVanTien1916	nlvnpf-0059 (in mộc bản 1916)	nlvnpf-0059-080	data/LucVanTien1916/pages/images/nlvnpf-0059-080.jpg	15	7	2	data/LucVanTien1916/patches/nlvnpf-0059-080.jpg_7_2.jpg	data/LucVanTien1916/patches_preprocessed/val/nlvnpf-0059-080.jpg_7_2.jpg	val	178.4,172.3,36.0,515.6	現𠊚細󰘂󰝡妯私情	U+73FE U+2029A U+7D30 U+F0602 U+F0761 U+59AF U+79C1 U+60C5	8	Hẹn người tới cửa đem dâu tư tình	8	1	現𠊚細󰘂󰝡妯私情	1
LucVanTien1916	nlvnpf-0059 (in mộc bản 1916)	nlvnpf-0059-080	data/LucVanTien1916/pages/images/nlvnpf-0059-080.jpg	16	8	1	data/LucVanTien1916/patches/nlvnpf-0059-080.jpg_8_1.jpg	data/LucVanTien1916/patches_preprocessed/train/nlvnpf-0059-080.jpg_8_1.jpg	train	140.1,172.9,38.1,515.9	儉浪㐌斈史經	U+5109 U+6D6A U+340C U+6588 U+53F2 U+7D93	6	Kiệm rằng: Ðã học sử kinh	6	1	儉浪㐌斈史經	1
LucVanTien1916	nlvnpf-0059 (in mộc bản 1916)	nlvnpf-0059-080	data/LucVanTien1916/pages/images/nlvnpf-0059-080.jpg	17	8	2	data/LucVanTien1916/patches/nlvnpf-0059-080.jpg_8_2.jpg	data/LucVanTien1916/patches_preprocessed/train/nlvnpf-0059-080.jpg_8_2.jpg	train	140.1,172.9,38.1,515.9	牢空𤐝察底𨉓𦣰空	U+7262 U+7A7A U+2441D U+5BDF U+5E95 U+28253 U+268F0 U+7A7A	8	Sao không soi xét để mình nằm không	8	1	牢空𤐝察底𨉓𦣰空	1
LucVanTien1916	nlvnpf-0059 (in mộc bản 1916)	nlvnpf-0059-080	data/LucVanTien1916/pages/images/nlvnpf-0059-080.jpg	18	9	1	data/LucVanTien1916/patches/nlvnpf-0059-080.jpg_9_1.jpg	data/LucVanTien1916/patches_preprocessed/train/nlvnpf-0059-080.jpg_9_1.jpg	train	103.3,174.7,36.1,514.4	胡陽𠸗買化𫯳	U+80E1 U+967D U+20E17 U+8CB7 U+5316 U+2BBF3	6	Hồ Dương xưa mới góa chồng	6	1	胡陽𠸗買化𫯳	1
LucVanTien1916	nlvnpf-0059 (in mộc bản 1916)	nlvnpf-0059-080	data/LucVanTien1916/pages/images/nlvnpf-0059-080.jpg	19	9	2	data/LucVanTien1916/patches/nlvnpf-0059-080.jpg_9_2.jpg	data/LucVanTien1916/patches_preprocessed/val/nlvnpf-0059-080.jpg_9_2.jpg	val	103.3,174.7,36.1,514.4	唉群顔色宋公󰑼𣃣	U+5509 U+7FA4 U+9854 U+8272 U+5B8B U+516C U+F047C U+230E3	8	Hãy còn nhan sắc Tống công là vừa	8	1	唉群顔色宋公󰑼𣃣	1
LucVanTien1916	nlvnpf-0059 (in mộc bản 1916)	nlvnpf-0059-081	data/LucVanTien1916/pages/images/nlvnpf-0059-081.jpg	0	0	1	data/LucVanTien1916/patches/nlvnpf-0059-081.jpg_0_1.jpg	data/LucVanTien1916/patches_preprocessed/train/nlvnpf-0059-081.jpg_0_1.jpg	train	357.5,171.0,35.7,513.1	夏姬結裕課𠸗	U+590F U+59EC U+7D50 U+88D5 U+8AB2 U+20E17	6	Hạ Cơ kết dụ thuở xưa	6	1	夏姬結裕課𠸗	1
LucVanTien1916	nlvnpf-0059 (in mộc bản 1916)	nlvnpf-0059-081	data/LucVanTien1916/pages/images/nlvnpf-0059-081.jpg	1	0	2	data/LucVanTien1916/patches/nlvnpf-0059-081.jpg_0_2.jpg	data/LucVanTien1916/patches_preprocessed/train/nlvnpf-0059-081.jpg_0_2.jpg	train	357.5,171.0,35.7,513.1	󰉺迻尹父最𧗱徐君	U+F027A U+8FFB U+5C39 U+7236 U+6700 U+275F1 U+5F90 U+541B	8	Sớm đưa Doãn Phủ , tối về Từ Quân	9	0	󰉺迻尹父最𧗱徐君	1
LucVanTien1916	nlvnpf-0059 (in mộc bản 1916)	nlvnpf-0059-081	data/LucVanTien1916/pages/images/nlvnpf-0059-081.jpg	2	1	1	data/LucVanTien1916/patches/nlvnpf-0059-081.jpg_1_1.jpg	data/LucVanTien1916/patches_preprocessed/train/nlvnpf-0059-081.jpg_1_1.jpg	train	321.4,171.0,36.7,514.4	漢初呂后當春	U+6F22 U+521D U+5442 U+540E U+7576 U+6625	6	Hán xưa Lữ Hậu đương xuân	6	1	漢初呂后當春	1
LucVanTien1916	nlvnpf-0059 (in mộc bản 1916)	nlvnpf-0059-081	data/LucVanTien1916/pages/images/nlvnpf-0059-081.jpg	3	1	2	data/LucVanTien1916/patches/nlvnpf-0059-081.jpg_1_2.jpg	data/LucVanTien1916/patches_preprocessed/train/nlvnpf-0059-081.jpg_1_2.jpg	train	321.4,171.0,36.7,514.4	𤯭󰠃髙祖册群𥱬底	U+24BED U+F0803 U+9AD9 U+7956 U+518C U+7FA4 U+25C6C U+5E95	8	Sánh cùng Cao tổ sách còn ghi đây	8	1	𤯭󰠃髙祖册群𥱬底	1
LucVanTien1916	nlvnpf-0059 (in mộc bản 1916)	nlvnpf-0059-081	data/LucVanTien1916/pages/images/nlvnpf-0059-081.jpg	4	2	1	data/LucVanTien1916/patches/nlvnpf-0059-081.jpg_2_1.jpg	data/LucVanTien1916/patches_preprocessed/train/nlvnpf-0059-081.jpg_2_1.jpg	train	281.7,171.0,36.4,513.1	唐𠸗武后寔之	U+5510 U+20E17 U+6B66 U+540E U+5BD4 U+4E4B	6	Ðường xưa Võ hậu thiệt chi	6	1	唐𠸗武后寔之	1
LucVanTien1916	nlvnpf-0059 (in mộc bản 1916)	nlvnpf-0059-081	data/LucVanTien1916/pages/images/nlvnpf-0059-081.jpg	5	2	2	data/LucVanTien1916/patches/nlvnpf-0059-081.jpg_2_2.jpg	data/LucVanTien1916/patches_preprocessed/train/nlvnpf-0059-081.jpg_2_2.jpg	train	281.7,171.0,36.4,513.1	二夭吏𥙩三思緣𫅷	U+4E8C U+592D U+540F U+25669 U+4E09 U+601D U+7DE3 U+2B177	8	Nhị Yêu lại lấy, Tam Tư duyên già	8	1	二夭吏𥙩三思緣𫅷	1
LucVanTien1916	nlvnpf-0059 (in mộc bản 1916)	nlvnpf-0059-081	data/LucVanTien1916/pages/images/nlvnpf-0059-081.jpg	6	3	1	data/LucVanTien1916/patches/nlvnpf-0059-081.jpg_3_1.jpg	data/LucVanTien1916/patches_preprocessed/train/nlvnpf-0059-081.jpg_3_1.jpg	train	243.8,169.8,38.7,515.6	拠冲册史呐𦋦	U+62E0 U+51B2 U+518C U+53F2 U+5450 U+262E6	6	Cứ trong sách sử nói ra	6	1	拠冲册史呐𦋦	1
LucVanTien1916	nlvnpf-0059 (in mộc bản 1916)	nlvnpf-0059-081	data/LucVanTien1916/pages/images/nlvnpf-0059-081.jpg	7	3	2	data/LucVanTien1916/patches/nlvnpf-0059-081.jpg_3_2.jpg	data/LucVanTien1916/patches_preprocessed/train/nlvnpf-0059-081.jpg_3_2.jpg	train	243.8,169.8,38.7,515.6	𠬠𠁀盃暢拱戈𠬠𠁀	U+20B20 U+20040 U+76C3 U+66A2 U+62F1 U+6208 U+20B20 U+20040	8	Một đời vui sướng cũng qua một đời	8	1	𠬠𠁀盃暢拱戈𠬠𠁀	1
LucVanTien1916	nlvnpf-0059 (in mộc bản 1916)	nlvnpf-0059-081	data/LucVanTien1916/pages/images/nlvnpf-0059-081.jpg	8	4	1	data/LucVanTien1916/patches/nlvnpf-0059-081.jpg_4_1.jpg	data/LucVanTien1916/patches_preprocessed/train/nlvnpf-0059-081.jpg_4_1.jpg	train	205.1,169.8,36.9,515.6	正專󰝸敢対移	U+6B63 U+5C08 U+F0778 U+6562 U+5BFE U+79FB	6	Chính chuyên chẳng dám đổi dời	6	1	正專󰝸敢対移	1
LucVanTien1916	nlvnpf-0059 (in mộc bản 1916)	nlvnpf-0059-081	data/LucVanTien1916/pages/images/nlvnpf-0059-081.jpg	9	4	2	data/LucVanTien1916/patches/nlvnpf-0059-081.jpg_4_2.jpg	data/LucVanTien1916/patches_preprocessed/val/nlvnpf-0059-081.jpg_4_2.jpg	val	205.1,169.8,36.9,515.6	淡仙課畧歇𠁀𦋦魔	U+6DE1 U+4ED9 U+8AB2 U+7567 U+6B47 U+20040 U+262E6 U+9B54	8	Đạm Tiên thuở trước hết đời ra ma	8	1	淡仙課畧歇𠁀𦋦魔	1
LucVanTien1916	nlvnpf-0059 (in mộc bản 1916)	nlvnpf-0059-081	data/LucVanTien1916/pages/images/nlvnpf-0059-081.jpg	10	5	1	data/LucVanTien1916/patches/nlvnpf-0059-081.jpg_5_1.jpg	data/LucVanTien1916/patches_preprocessed/train/nlvnpf-0059-081.jpg_5_1.jpg	train	168.7,169.2,34.2,517.4	𠊚些󰝸悶𠊚些	U+2029A U+4E9B U+F0778 U+60B6 U+2029A U+4E9B	6	Người ta chẳng muốn người ta	6	1	𠊚些󰝸悶𠊚些	1
LucVanTien1916	nlvnpf-0059 (in mộc bản 1916)	nlvnpf-0059-081	data/LucVanTien1916/pages/images/nlvnpf-0059-081.jpg	11	5	2	data/LucVanTien1916/patches/nlvnpf-0059-081.jpg_5_2.jpg	data/LucVanTien1916/patches_preprocessed/train/nlvnpf-0059-081.jpg_5_2.jpg	train	168.7,169.2,34.2,517.4	拠揞幅像𩈘花守鐄	U+62E0 U+63DE U+5E45 U+50CF U+29218 U+82B1 U+5B88 U+9404	8	Cứ ôm bức tượng mặt hoa thủ vàng	8	1	拠揞幅像𩈘花守鐄	1
LucVanTien1916	nlvnpf-0059 (in mộc bản 1916)	nlvnpf-0059-081	data/LucVanTien1916/pages/images/nlvnpf-0059-081.jpg	12	6	1	data/LucVanTien1916/patches/nlvnpf-0059-081.jpg_6_1.jpg	data/LucVanTien1916/patches_preprocessed/train/nlvnpf-0059-081.jpg_6_1.jpg	train	129.6,169.2,37.3,516.8	強𥆾強絆𢚸娘	U+5F37 U+251BE U+5F37 U+7D46 U+226B8 U+5A18	6	Càng nhìn càng bện lòng nàng	6	1	強𥆾強絆𢚸娘	1
LucVanTien1916	nlvnpf-0059 (in mộc bản 1916)	nlvnpf-0059-081	data/LucVanTien1916/pages/images/nlvnpf-0059-081.jpg	13	6	2	data/LucVanTien1916/patches/nlvnpf-0059-081.jpg_6_2.jpg	data/LucVanTien1916/patches_preprocessed/train/nlvnpf-0059-081.jpg_6_2.jpg	train	129.6,169.2,37.3,516.8	斈隊如世󰖽払文君	U+6588 U+968A U+5982 U+4E16 U+F05BD U+6255 U+6587 U+541B	8	Học đòi Như Thế vẽ chàng Văn Quân	8	1	斈隊如世󰖽払文君	1
LucVanTien1916	nlvnpf-0059 (in mộc bản 1916)	nlvnpf-0059-081	data/LucVanTien1916/pages/images/nlvnpf-0059-081.jpg	14	7	1	data/LucVanTien1916/patches/nlvnpf-0059-081.jpg_7_1.jpg	data/LucVanTien1916/patches_preprocessed/train/nlvnpf-0059-081.jpg_7_1.jpg	train	92.3,169.8,37.2,516.8	月娥別𠁂小人	U+6708 U+5A25 U+5225 U+20042 U+5C0F U+4EBA	6	Nguyệt Nga biết đứa tiểu nhân	6	1	月娥別𠁂小人	1
LucVanTien1916	nlvnpf-0059 (in mộc bản 1916)	nlvnpf-0059-081	data/LucVanTien1916/pages/images/nlvnpf-0059-081.jpg	15	7	2	data/LucVanTien1916/patches/nlvnpf-0059-081.jpg_7_2.jpg	data/LucVanTien1916/patches_preprocessed/train/nlvnpf-0059-081.jpg_7_2.jpg	train	92.3,169.8,37.2,516.8	爫声筭斫脱身塊妄	U+722B U+58F0 U+7B6D U+65AB U+8131 U+8EAB U+584A U+5984	8	Làm thinh toan chước thoát thân khỏi vòng	8	1	爫声筭斫脱身塊妄	1
LucVanTien1916	nlvnpf-0059 (in mộc bản 1916)	nlvnpf-0059-081	data/LucVanTien1916/pages/images/nlvnpf-0059-081.jpg	16	8	1	data/LucVanTien1916/patches/nlvnpf-0059-081.jpg_8_1.jpg	data/LucVanTien1916/patches_preprocessed/train/nlvnpf-0059-081.jpg_8_1.jpg	train	54.6,167.4,36.9,519.3	裴翁唁𣲍濁冲	U+88F4 U+7FC1 U+5501 U+23C8D U+6FC1 U+51B2	6	Bùi ông ngon ngọt đục trong	6	1	裴翁唁𣲍濁冲	1
LucVanTien1916	nlvnpf-0059 (in mộc bản 1916)	nlvnpf-0059-081	data/LucVanTien1916/pages/images/nlvnpf-0059-081.jpg	17	8	2	data/LucVanTien1916/patches/nlvnpf-0059-081.jpg_8_2.jpg	data/LucVanTien1916/patches_preprocessed/val/nlvnpf-0059-081.jpg_8_2.jpg	val	54.6,167.4,36.9,519.3	悶浪朱鄧𤯭拱昆些	U+60B6 U+6D6A U+6731 U+9127 U+24BED U+62F1 U+6606 U+4E9B	8	Muốn rằng cho đặng sánh cùng con ta	8	1	悶浪朱鄧𤯭拱昆些	1
LucVanTien1916	nlvnpf-0059 (in mộc bản 1916)	nlvnpf-0059-081	data/LucVanTien1916/pages/images/nlvnpf-0059-081.jpg	18	9	1	data/LucVanTien1916/patches/nlvnpf-0059-081.jpg_9_1.jpg	data/LucVanTien1916/patches_preprocessed/train/nlvnpf-0059-081.jpg_9_1.jpg	train	19.8,166.8,35.2,518.0	娘仃𢪀𬢱𧵆賖	U+5A18 U+4EC3 U+22A80 U+2C8B1 U+27D46 U+8CD6	6	Nàng đành nghĩ ngợi gần xa	6	1	娘仃𢪀𬢱𧵆賖	1
LucVanTien1916	nlvnpf-0059 (in mộc bản 1916)	nlvnpf-0059-081	data/LucVanTien1916/pages/images/nlvnpf-0059-081.jpg	19	9	2	data/LucVanTien1916/patches/nlvnpf-0059-081.jpg_9_2.jpg	data/LucVanTien1916/patches_preprocessed/train/nlvnpf-0059-081.jpg_9_2.jpg	train	19.8,166.8,35.2,518.0	良緣解逅意󰑼緣天	U+826F U+7DE3 U+89E3 U+9005 U+610F U+F047C U+7DE3 U+5929	8	Lương duyên giải cấu ý là duyên thiên	8	1	良緣解逅意󰑼緣天	1
LucVanTien1916	nlvnpf-0059 (in mộc bản 1916)	nlvnpf-0059-082	data/LucVanTien1916/pages/images/nlvnpf-0059-082.jpg	0	0	1	data/LucVanTien1916/patches/nlvnpf-0059-082.jpg_0_1.jpg	data/LucVanTien1916/patches_preprocessed/train/nlvnpf-0059-082.jpg_0_1.jpg	train	439.4,167.4,36.1,516.2	細低緣㐌𤊰緣	U+7D30 U+4F4E U+7DE3 U+340C U+242B0 U+7DE3	6	Tới đây duyên đã bén duyên	6	1	細低緣㐌𤊰緣	1
LucVanTien1916	nlvnpf-0059 (in mộc bản 1916)	nlvnpf-0059-082	data/LucVanTien1916/pages/images/nlvnpf-0059-082.jpg	1	0	2	data/LucVanTien1916/patches/nlvnpf-0059-082.jpg_0_2.jpg	data/LucVanTien1916/patches_preprocessed/train/nlvnpf-0059-082.jpg_0_2.jpg	train	439.4,167.4,36.1,516.2	𦝄清𩙌沫㩒船待埃	U+26744 U+6E05 U+2964C U+6CAB U+3A52 U+8239 U+5F85 U+57C3	8	Trăng thanh gió mát cắm thuyền đợi ai	8	1	𦝄清𩙌沫㩒船待埃	1
LucVanTien1916	nlvnpf-0059 (in mộc bản 1916)	nlvnpf-0059-082	data/LucVanTien1916/pages/images/nlvnpf-0059-082.jpg	2	1	1	data/LucVanTien1916/patches/nlvnpf-0059-082.jpg_1_1.jpg	data/LucVanTien1916/patches_preprocessed/train/nlvnpf-0059-082.jpg_1_1.jpg	train	403.3,168.0,37.6,515.6	𢖵句春不再來	U+225B5 U+53E5 U+6625 U+4E0D U+518D U+4F86	6	Nhớ câu: Xuân bất tái lai	6	1	𢖵句春不再來	1
LucVanTien1916	nlvnpf-0059 (in mộc bản 1916)	nlvnpf-0059-082	data/LucVanTien1916/pages/images/nlvnpf-0059-082.jpg	3	1	2	data/LucVanTien1916/patches/nlvnpf-0059-082.jpg_1_2.jpg	data/LucVanTien1916/patches_preprocessed/train/nlvnpf-0059-082.jpg_1_2.jpg	train	403.3,168.0,37.6,515.6	𧡊󰅒花𦬑𠲖埋花残	U+2784A U+F0152 U+82B1 U+26B11 U+20C96 U+57CB U+82B1 U+6B8B	8	Thấy nay hoa nở, e mai hoa tàn	8	1	𧡊󰅒花𦬑𠲖埋花残	1
LucVanTien1916	nlvnpf-0059 (in mộc bản 1916)	nlvnpf-0059-082	data/LucVanTien1916/pages/images/nlvnpf-0059-082.jpg	4	2	1	data/LucVanTien1916/patches/nlvnpf-0059-082.jpg_2_1.jpg	data/LucVanTien1916/patches_preprocessed/train/nlvnpf-0059-082.jpg_2_1.jpg	train	365.5,167.6,38.0,516.6	爫之舌分紅顔	U+722B U+4E4B U+820C U+5206 U+7D05 U+9854	6	Làm chi thiệt phận hồng nhan	6	1	爫之舌分紅顔	1
LucVanTien1916	nlvnpf-0059 (in mộc bản 1916)	nlvnpf-0059-082	data/LucVanTien1916/pages/images/nlvnpf-0059-082.jpg	5	2	2	data/LucVanTien1916/patches/nlvnpf-0059-082.jpg_2_2.jpg	data/LucVanTien1916/patches_preprocessed/train/nlvnpf-0059-082.jpg_2_2.jpg	train	365.5,167.6,38.0,516.6	𠄼更𫋻鳳𧜖鵉冷㳥	U+2013C U+66F4 U+2B2FB U+9CF3 U+27716 U+9D49 U+51B7 U+3CE5	8	Năm canh gối phụng chăn loan lạnh lùng	8	1	𠄼更𫋻鳳𧜖鵉冷㳥	1
LucVanTien1916	nlvnpf-0059 (in mộc bản 1916)	nlvnpf-0059-082	data/LucVanTien1916/pages/images/nlvnpf-0059-082.jpg	6	3	1	data/LucVanTien1916/patches/nlvnpf-0059-082.jpg_3_1.jpg	data/LucVanTien1916/patches_preprocessed/train/nlvnpf-0059-082.jpg_3_1.jpg	train	327.2,169.8,37.6,516.2	望夫𠸗仍蒙𫯳	U+671B U+592B U+20E17 U+4ECD U+8499 U+2BBF3	6	Vọng phu xưa những mong chồng	6	1	望夫𠸗仍蒙𫯳	1
LucVanTien1916	nlvnpf-0059 (in mộc bản 1916)	nlvnpf-0059-082	data/LucVanTien1916/pages/images/nlvnpf-0059-082.jpg	7	3	2	data/LucVanTien1916/patches/nlvnpf-0059-082.jpg_3_2.jpg	data/LucVanTien1916/patches_preprocessed/train/nlvnpf-0059-082.jpg_3_2.jpg	train	327.2,169.8,37.6,516.2	眉𣛟悶痗𦟐紅配波	U+7709 U+236DF U+60B6 U+75D7 U+267D0 U+7D05 U+914D U+6CE2	8	Mày xanh mòn mỏi má hồng phôi pha	8	1	眉𣛟悶痗𦟐紅配波	1
LucVanTien1916	nlvnpf-0059 (in mộc bản 1916)	nlvnpf-0059-082	data/LucVanTien1916/pages/images/nlvnpf-0059-082.jpg	8	4	1	data/LucVanTien1916/patches/nlvnpf-0059-082.jpg_4_1.jpg	data/LucVanTien1916/patches_preprocessed/train/nlvnpf-0059-082.jpg_4_1.jpg	train	289.7,169.8,37.3,516.8	傕又娘渚咀𦋦	U+5095 U+53C8 U+5A18 U+6E1A U+5480 U+262E6	6	Thôi thôi nàng chớ thở ra	6	1	傕又娘渚咀𦋦	1
LucVanTien1916	nlvnpf-0059 (in mộc bản 1916)	nlvnpf-0059-082	data/LucVanTien1916/pages/images/nlvnpf-0059-082.jpg	9	4	2	data/LucVanTien1916/patches/nlvnpf-0059-082.jpg_4_2.jpg	data/LucVanTien1916/patches_preprocessed/val/nlvnpf-0059-082.jpg_4_2.jpg	val	289.7,169.8,37.3,516.8	𡆫共昆老𠬠茄朱盃	U+211AB U+5171 U+6606 U+8001 U+20B20 U+8304 U+6731 U+76C3	8	Vầy cùng con lão một nhà cho vui	8	1	𡆫共昆老𠬠茄朱盃	1
LucVanTien1916	nlvnpf-0059 (in mộc bản 1916)	nlvnpf-0059-082	data/LucVanTien1916/pages/images/nlvnpf-0059-082.jpg	10	5	1	data/LucVanTien1916/patches/nlvnpf-0059-082.jpg_5_1.jpg	data/LucVanTien1916/patches_preprocessed/train/nlvnpf-0059-082.jpg_5_1.jpg	train	248.1,170.4,39.0,516.2	月娥車𧺀𢜠盃	U+6708 U+5A25 U+8ECA U+27E80 U+22720 U+76C3	6	Nguyệt Nga xa thắm mừng vui	6	1	月娥車𧺀𢜠盃	1
LucVanTien1916	nlvnpf-0059 (in mộc bản 1916)	nlvnpf-0059-082	data/LucVanTien1916/pages/images/nlvnpf-0059-082.jpg	11	5	2	data/LucVanTien1916/patches/nlvnpf-0059-082.jpg_5_2.jpg	data/LucVanTien1916/patches_preprocessed/val/nlvnpf-0059-082.jpg_5_2.jpg	val	248.1,170.4,39.0,516.2	踈浪𠊚㐌恩餒闭迡	U+8E08 U+6D6A U+2029A U+340C U+6069 U+9912 U+95ED U+8FE1	8	Thưa rằng:Người đã ơn nuôi bấy chầy	7	0	踈浪𠊚㐌恩餒闭迡	1
LucVanTien1916	nlvnpf-0059 (in mộc bản 1916)	nlvnpf-0059-082	data/LucVanTien1916/pages/images/nlvnpf-0059-082.jpg	12	6	1	data/LucVanTien1916/patches/nlvnpf-0059-082.jpg_6_1.jpg	data/LucVanTien1916/patches_preprocessed/train/nlvnpf-0059-082.jpg_6_1.jpg	train	209.6,169.8,35.9,516.8	昆󰦓敢𠳚𠳒尼	U+6606 U+F0993 U+6562 U+20CDA U+20CD2 U+5C3C	6	Con đâu giám gửi lời này	6	1	昆󰦓敢𠳚𠳒尼	1
LucVanTien1916	nlvnpf-0059 (in mộc bản 1916)	nlvnpf-0059-082	data/LucVanTien1916/pages/images/nlvnpf-0059-082.jpg	13	6	2	data/LucVanTien1916/patches/nlvnpf-0059-082.jpg_6_2.jpg	data/LucVanTien1916/patches_preprocessed/train/nlvnpf-0059-082.jpg_6_2.jpg	train	209.6,169.8,35.9,516.8	唉嗔踸又仕𡆫姻緣	U+5509 U+55D4 U+8E38 U+53C8 U+4ED5 U+211AB U+59FB U+7DE3	8	Hãy xin chậm chậm sẽ vầy nhân duyên	8	1	唉嗔踸又仕𡆫姻緣	1
LucVanTien1916	nlvnpf-0059 (in mộc bản 1916)	nlvnpf-0059-082	data/LucVanTien1916/pages/images/nlvnpf-0059-082.jpg	14	7	1	data/LucVanTien1916/patches/nlvnpf-0059-082.jpg_7_1.jpg	data/LucVanTien1916/patches_preprocessed/train/nlvnpf-0059-082.jpg_7_1.jpg	train	172.7,171.0,39.0,517.4	碎𠓨𥛉像雲仙	U+788E U+204E8 U+256C9 U+50CF U+96F2 U+4ED9	6	Tôi vào lạy tượng Vân Tiên	6	1	碎𠓨𥛉像雲仙	1
LucVanTien1916	nlvnpf-0059 (in mộc bản 1916)	nlvnpf-0059-082	data/LucVanTien1916/pages/images/nlvnpf-0059-082.jpg	15	7	2	data/LucVanTien1916/patches/nlvnpf-0059-082.jpg_7_2.jpg	data/LucVanTien1916/patches_preprocessed/train/nlvnpf-0059-082.jpg_7_2.jpg	train	172.7,171.0,39.0,517.4	斎𡊨𬙞𩛷朱全始終	U+658E U+212A8 U+2C65E U+296F7 U+6731 U+5168 U+59CB U+7D42	8	Chay đàn bảy bữa cho tuyền thủy chung	8	1	斎𡊨𬙞𩛷朱全始終	1
LucVanTien1916	nlvnpf-0059 (in mộc bản 1916)	nlvnpf-0059-082	data/LucVanTien1916/pages/images/nlvnpf-0059-082.jpg	16	8	1	data/LucVanTien1916/patches/nlvnpf-0059-082.jpg_8_1.jpg	data/LucVanTien1916/patches_preprocessed/train/nlvnpf-0059-082.jpg_8_1.jpg	train	135.5,171.7,38.0,516.8	吒昆𦖑呐𢜠𢚸	U+5412 U+6606 U+26591 U+5450 U+22720 U+226B8	6	Cha con nghe nói mừng long	6	1	吒昆𦖑呐𢜠𢚸	1
LucVanTien1916	nlvnpf-0059 (in mộc bản 1916)	nlvnpf-0059-082	data/LucVanTien1916/pages/images/nlvnpf-0059-082.jpg	17	8	2	data/LucVanTien1916/patches/nlvnpf-0059-082.jpg_8_2.jpg	data/LucVanTien1916/patches_preprocessed/train/nlvnpf-0059-082.jpg_8_2.jpg	train	135.5,171.7,38.0,516.8	𢮪茄所駐動房朱吹	U+22BAA U+8304 U+6240 U+99D0 U+52D5 U+623F U+6731 U+5439	8	Dọn nhà sử a trú động phòng cho xuê	9	0	𢮪茄所駐動房朱吹	1
LucVanTien1916	nlvnpf-0059 (in mộc bản 1916)	nlvnpf-0059-082	data/LucVanTien1916/pages/images/nlvnpf-0059-082.jpg	18	9	1	data/LucVanTien1916/patches/nlvnpf-0059-082.jpg_9_1.jpg	data/LucVanTien1916/patches_preprocessed/train/nlvnpf-0059-082.jpg_9_1.jpg	train	99.0,172.9,33.2,516.2	詔花𫋻躡𦊚皮	U+8A54 U+82B1 U+2B2FB U+8EA1 U+2629A U+76AE	6	Chiếu hoa gối niếp bốn bề	6	1	詔花𫋻躡𦊚皮	1
LucVanTien1916	nlvnpf-0059 (in mộc bản 1916)	nlvnpf-0059-082	data/LucVanTien1916/pages/images/nlvnpf-0059-082.jpg	19	9	2	data/LucVanTien1916/patches/nlvnpf-0059-082.jpg_9_2.jpg	data/LucVanTien1916/patches_preprocessed/train/nlvnpf-0059-082.jpg_9_2.jpg	train	99.0,172.9,33.2,516.2	古圖八宝慢𧗱蒸𦋦	U+53E4 U+5716 U+516B U+5B9D U+6162 U+275F1 U+84B8 U+262E6	8	Cổ đồ bát bảo mượn về chưng ra	8	1	古圖八宝慢𧗱蒸𦋦	1
LucVanTien1916	nlvnpf-0059 (in mộc bản 1916)	nlvnpf-0059-083	data/LucVanTien1916/pages/images/nlvnpf-0059-083.jpg	0	0	1	data/LucVanTien1916/patches/nlvnpf-0059-083.jpg_0_1.jpg	data/LucVanTien1916/patches_preprocessed/train/nlvnpf-0059-083.jpg_0_1.jpg	train	361.7,162.5,34.3,518.6	侈𣃣典𣅶更𠀧	U+4F88 U+230E3 U+5178 U+23176 U+66F4 U+20027	6	Xẩy vừa đén lúc canh ba	6	1	侈𣃣典𣅶更𠀧	1
LucVanTien1916	nlvnpf-0059 (in mộc bản 1916)	nlvnpf-0059-083	data/LucVanTien1916/pages/images/nlvnpf-0059-083.jpg	1	0	2	data/LucVanTien1916/patches/nlvnpf-0059-083.jpg_0_2.jpg	data/LucVanTien1916/patches_preprocessed/val/nlvnpf-0059-083.jpg_0_2.jpg	val	361.7,162.5,34.3,518.6	月娥𥙩筆題󰑼排詩	U+6708 U+5A25 U+25669 U+7B46 U+984C U+F047C U+6392 U+8A69	8	Nguyệt Nga lấy bút đề là bài thơ	8	1	月娥𥙩筆題󰑼排詩	1
LucVanTien1916	nlvnpf-0059 (in mộc bản 1916)	nlvnpf-0059-083	data/LucVanTien1916/pages/images/nlvnpf-0059-083.jpg	2	1	1	data/LucVanTien1916/patches/nlvnpf-0059-083.jpg_1_1.jpg	data/LucVanTien1916/patches_preprocessed/train/nlvnpf-0059-083.jpg_1_1.jpg	train	317.4,163.1,39.5,521.1	粘𨖲𨕭壁𠬠詞	U+7C98 U+285B2 U+2856D U+58C1 U+20B20 U+8A5E	6	Niêm lên trên vách một tờ	6	1	粘𨖲𨕭壁𠬠詞	1
LucVanTien1916	nlvnpf-0059 (in mộc bản 1916)	nlvnpf-0059-083	data/LucVanTien1916/pages/images/nlvnpf-0059-083.jpg	3	1	2	data/LucVanTien1916/patches/nlvnpf-0059-083.jpg_1_2.jpg	data/LucVanTien1916/patches_preprocessed/val/nlvnpf-0059-083.jpg_1_2.jpg	val	317.4,163.1,39.5,521.1	󰒺芒幅像𠬠除𦋦𠫾	U+F04BA U+8292 U+5E45 U+50CF U+20B20 U+9664 U+262E6 U+20AFE	8	Vai mang bức tượng một giờ ra đi	8	1	󰒺芒幅像𠬠除𦋦𠫾	1
LucVanTien1916	nlvnpf-0059 (in mộc bản 1916)	nlvnpf-0059-083	data/LucVanTien1916/pages/images/nlvnpf-0059-083.jpg	4	2	1	data/LucVanTien1916/patches/nlvnpf-0059-083.jpg_2.jpg	data/LucVanTien1916/patches_preprocessed/train/nlvnpf-0059-083.jpg_2.jpg	train	283.0,296.1,35.1,90.5	詩浪	U+8A69 U+6D6A	2	Thơ rằng:	2	1	詩浪	1
LucVanTien1916	nlvnpf-0059 (in mộc bản 1916)	nlvnpf-0059-083	data/LucVanTien1916/pages/images/nlvnpf-0059-083.jpg	5	3	1	data/LucVanTien1916/patches/nlvnpf-0059-083.jpg_3_1.jpg	data/LucVanTien1916/patches_preprocessed/train/nlvnpf-0059-083.jpg_3_1.jpg	train	246.5,162.5,36.0,521.7	英雄𠬠丿﨤婵娟	U+82F1 U+96C4 U+20B20 U+4E3F U+FA24 U+5A75 U+5A1F	7	"""Anh hùng một phút gặp thuyền quyên"	7	1	英雄𠬠丿﨤婵娟	1
LucVanTien1916	nlvnpf-0059 (in mộc bản 1916)	nlvnpf-0059-083	data/LucVanTien1916/pages/images/nlvnpf-0059-083.jpg	6	3	2	data/LucVanTien1916/patches/nlvnpf-0059-083.jpg_3_2.jpg	data/LucVanTien1916/patches_preprocessed/train/nlvnpf-0059-083.jpg_3_2.jpg	train	246.5,162.5,36.0,521.7	責󰋇化工窖倒顛	U+8CAC U+F02C7 U+5316 U+5DE5 U+7A96 U+5012 U+985B	7	Trách mấy hoá công khéo đảo điên	7	1	責󰋇化工窖倒顛	1
LucVanTien1916	nlvnpf-0059 (in mộc bản 1916)	nlvnpf-0059-083	data/LucVanTien1916/pages/images/nlvnpf-0059-083.jpg	7	4	1	data/LucVanTien1916/patches/nlvnpf-0059-083.jpg_4_1.jpg	data/LucVanTien1916/patches_preprocessed/train/nlvnpf-0059-083.jpg_4_1.jpg	train	205.9,161.9,37.3,523.5	鐄𥒥共払它懇咘	U+9404 U+254A5 U+5171 U+6255 U+5B83 U+61C7 U+5498	7	Vàng đá cùng chàng đà gắn bó	7	1	鐄𥒥共払它懇咘	1
LucVanTien1916	nlvnpf-0059 (in mộc bản 1916)	nlvnpf-0059-083	data/LucVanTien1916/pages/images/nlvnpf-0059-083.jpg	8	4	2	data/LucVanTien1916/patches/nlvnpf-0059-083.jpg_4_2.jpg	data/LucVanTien1916/patches_preprocessed/train/nlvnpf-0059-083.jpg_4_2.jpg	train	205.9,161.9,37.3,523.5	柳蒲分妾𨻫流連	U+67F3 U+84B2 U+5206 U+59BE U+28EEB U+6D41 U+9023	7	Liễu bồ phận thiếp luống lưu liên	7	1	柳蒲分妾𨻫流連	1
LucVanTien1916	nlvnpf-0059 (in mộc bản 1916)	nlvnpf-0059-083	data/LucVanTien1916/pages/images/nlvnpf-0059-083.jpg	9	5	1	data/LucVanTien1916/patches/nlvnpf-0059-083.jpg_5_1.jpg	data/LucVanTien1916/patches_preprocessed/train/nlvnpf-0059-083.jpg_5_1.jpg	train	163.8,158.1,37.8,527.0	𧊉蜂戈𨄹默埃佐	U+27289 U+8702 U+6208 U+28139 U+9ED8 U+57C3 U+4F50	7	Bướm ong qua dạo mặc ai tá	7	1	𧊉蜂戈𨄹默埃佐	1
LucVanTien1916	nlvnpf-0059 (in mộc bản 1916)	nlvnpf-0059-083	data/LucVanTien1916/pages/images/nlvnpf-0059-083.jpg	10	5	2	data/LucVanTien1916/patches/nlvnpf-0059-083.jpg_5_2.jpg	data/LucVanTien1916/patches_preprocessed/train/nlvnpf-0059-083.jpg_5_2.jpg	train	163.8,158.1,37.8,527.0	船栢冷汀沕𢚸專	U+8239 U+6822 U+51B7 U+6C40 U+6C95 U+226B8 U+5C08	7	Thuyền bách lênh đênh vẫn lòng chuyên	7	1	船栢冷汀沕𢚸專	1
LucVanTien1916	nlvnpf-0059 (in mộc bản 1916)	nlvnpf-0059-083	data/LucVanTien1916/pages/images/nlvnpf-0059-083.jpg	11	6	1	data/LucVanTien1916/patches/nlvnpf-0059-083.jpg_6_1.jpg	data/LucVanTien1916/patches_preprocessed/train/nlvnpf-0059-083.jpg_6_1.jpg	train	130.1,158.8,34.7,526.0	指𡶀誓滝芇固透	U+6307 U+21D80 U+8A93 U+6EDD U+8287 U+56FA U+900F	7	Chỉ núi thề sông nào có thấu	7	1	指𡶀誓滝芇固透	1
LucVanTien1916	nlvnpf-0059 (in mộc bản 1916)	nlvnpf-0059-083	data/LucVanTien1916/pages/images/nlvnpf-0059-083.jpg	12	6	2	data/LucVanTien1916/patches/nlvnpf-0059-083.jpg_6_2.jpg	data/LucVanTien1916/patches_preprocessed/train/nlvnpf-0059-083.jpg_6_2.jpg	train	130.1,158.8,34.7,526.0	𠬠念鉄𥒥付皇天	U+20B20 U+5FF5 U+9244 U+254A5 U+4ED8 U+7687 U+5929	7	"Một niềm sắt đá phó hoàng thiên"""	7	1	𠬠念鉄𥒥付皇天	1
LucVanTien1916	nlvnpf-0059 (in mộc bản 1916)	nlvnpf-0059-083	data/LucVanTien1916/pages/images/nlvnpf-0059-083.jpg	13	7	1	data/LucVanTien1916/patches/nlvnpf-0059-083.jpg_7_1.jpg	data/LucVanTien1916/patches_preprocessed/train/nlvnpf-0059-083.jpg_7_1.jpg	train	92.5,158.8,38.1,526.6	𠄩边坡𡏧𥯓𥯌	U+20129 U+8FB9 U+5761 U+213E7 U+25BD3 U+25BCC	6	Hai bên bờ bụi rậm rì	6	1	𠄩边坡𡏧𥯓𥯌	1
LucVanTien1916	nlvnpf-0059 (in mộc bản 1916)	nlvnpf-0059-083	data/LucVanTien1916/pages/images/nlvnpf-0059-083.jpg	14	7	2	data/LucVanTien1916/patches/nlvnpf-0059-083.jpg_7_2.jpg	data/LucVanTien1916/patches_preprocessed/train/nlvnpf-0059-083.jpg_7_2.jpg	train	92.5,158.8,38.1,526.6	𣈘𣅘咏𢽙𠰃欺𦝄𪾦	U+23218 U+23158 U+548F U+22F59 U+20C03 U+6B3A U+26744 U+2AFA6	8	Ðêm khuya vắng vẻ nhầm khi trăng lờ	8	1	𣈘𣅘咏𢽙𠰃欺𦝄𪾦	1
LucVanTien1916	nlvnpf-0059 (in mộc bản 1916)	nlvnpf-0059-083	data/LucVanTien1916/pages/images/nlvnpf-0059-083.jpg	15	8	1	data/LucVanTien1916/patches/nlvnpf-0059-083.jpg_8_1.jpg	data/LucVanTien1916/patches_preprocessed/train/nlvnpf-0059-083.jpg_8_1.jpg	train	55.0,160.1,38.6,526.0	𬂙澄塘詫󰜫爲	U+2C099 U+6F84 U+5858 U+8A6B U+F072B U+7232	6	Trông chừng đường sá bơ vơ	6	1	𬂙澄塘詫󰜫爲	1
LucVanTien1916	nlvnpf-0059 (in mộc bản 1916)	nlvnpf-0059-083	data/LucVanTien1916/pages/images/nlvnpf-0059-083.jpg	16	8	2	data/LucVanTien1916/patches/nlvnpf-0059-083.jpg_8_2.jpg	data/LucVanTien1916/patches_preprocessed/train/nlvnpf-0059-083.jpg_8_2.jpg	train	55.0,160.1,38.6,526.0	固昆󰳃又𤍎徐𠫾蹺	U+56FA U+6606 U+F0CC3 U+53C8 U+2434E U+5F90 U+20AFE U+8E7A	8	Có con đom đóm sáng chờ đi theo	8	1	固昆󰳃又𤍎徐𠫾蹺	1
LucVanTien1916	nlvnpf-0059 (in mộc bản 1916)	nlvnpf-0059-083	data/LucVanTien1916/pages/images/nlvnpf-0059-083.jpg	17	9	1	data/LucVanTien1916/patches/nlvnpf-0059-083.jpg_9_1.jpg	data/LucVanTien1916/patches_preprocessed/train/nlvnpf-0059-083.jpg_9_1.jpg	train	22.6,157.6,34.1,527.2	戈滝耒吏𨖲岧	U+6208 U+6EDD U+8012 U+540F U+285B2 U+5CA7	6	Qua sông rồi lại lên đèo	6	1	戈滝耒吏𨖲岧	1
LucVanTien1916	nlvnpf-0059 (in mộc bản 1916)	nlvnpf-0059-083	data/LucVanTien1916/pages/images/nlvnpf-0059-083.jpg	18	9	2	data/LucVanTien1916/patches/nlvnpf-0059-083.jpg_9_2.jpg	data/LucVanTien1916/patches_preprocessed/train/nlvnpf-0059-083.jpg_9_2.jpg	train	22.6,157.6,34.1,527.2	𧍝吟吲唯蟡呌荣同	U+2735D U+541F U+5432 U+552F U+87E1 U+544C U+8363 U+540C	8	Dế ngâm giăng giỏi, ve kêu vang đồng	8	1	𧍝吟吲唯蟡呌荣同	1
LucVanTien1916	nlvnpf-0059 (in mộc bản 1916)	nlvnpf-0059-084	data/LucVanTien1916/pages/images/nlvnpf-0059-084.jpg	0	0	1	data/LucVanTien1916/patches/nlvnpf-0059-084.jpg_0_1.jpg	data/LucVanTien1916/patches_preprocessed/train/nlvnpf-0059-084.jpg_0_1.jpg	train	438.2,155.8,36.0,529.6	苔𥑥蹅𥗐𤈘衝	U+82D4 U+25465 U+8E45 U+255D0 U+24218 U+885D	6	Đầy sành đạp sỏi liệt xông	6	1	苔𥑥蹅𥗐𤈘衝	1
LucVanTien1916	nlvnpf-0059 (in mộc bản 1916)	nlvnpf-0059-084	data/LucVanTien1916/pages/images/nlvnpf-0059-084.jpg	1	0	2	data/LucVanTien1916/patches/nlvnpf-0059-084.jpg_0_2.jpg	data/LucVanTien1916/patches_preprocessed/val/nlvnpf-0059-084.jpg_0_2.jpg	val	438.2,155.8,36.0,529.6	𣃣枚𡗶㐌𤎜𤑍彙東	U+230E3 U+679A U+215F6 U+340C U+2439C U+2444D U+5F59 U+6771	8	Vừa may trời đã rạng hừng vầng đông	8	1	𣃣枚𡗶㐌𤎜𤑍彙東	1
LucVanTien1916	nlvnpf-0059 (in mộc bản 1916)	nlvnpf-0059-084	data/LucVanTien1916/pages/images/nlvnpf-0059-084.jpg	2	1	1	data/LucVanTien1916/patches/nlvnpf-0059-084.jpg_1_1.jpg	data/LucVanTien1916/patches_preprocessed/train/nlvnpf-0059-084.jpg_1_1.jpg	train	403.3,158.2,34.2,529.0	月娥𠫾㐌旦耒	U+6708 U+5A25 U+20AFE U+340C U+65E6 U+8012	6	Nguyệt Nga đi đã đến rồi	6	1	月娥𠫾㐌旦耒	1
LucVanTien1916	nlvnpf-0059 (in mộc bản 1916)	nlvnpf-0059-084	data/LucVanTien1916/pages/images/nlvnpf-0059-084.jpg	3	1	2	data/LucVanTien1916/patches/nlvnpf-0059-084.jpg_1_2.jpg	data/LucVanTien1916/patches_preprocessed/train/nlvnpf-0059-084.jpg_1_2.jpg	train	403.3,158.2,34.2,529.0	﨤尼盤石暫𡎢𢪀蹎	U+FA24 U+5C3C U+76E4 U+77F3 U+66AB U+213A2 U+22A80 U+8E4E	8	Gặp nơi bàn thạch tạm ngồi nghỉ chân	8	1	﨤尼盤石暫𡎢𢪀蹎	1
LucVanTien1916	nlvnpf-0059 (in mộc bản 1916)	nlvnpf-0059-084	data/LucVanTien1916/pages/images/nlvnpf-0059-084.jpg	4	2	1	data/LucVanTien1916/patches/nlvnpf-0059-084.jpg_2_1.jpg	data/LucVanTien1916/patches_preprocessed/train/nlvnpf-0059-084.jpg_2_1.jpg	train	366.7,158.2,34.3,529.6	𠊚𣦍𡗶坦拱𠳐	U+2029A U+2398D U+215F6 U+5766 U+62F1 U+20CD0	6	Người ngay trời đất cũng vâng	6	1	𠊚𣦍𡗶坦拱𠳐	1
LucVanTien1916	nlvnpf-0059 (in mộc bản 1916)	nlvnpf-0059-084	data/LucVanTien1916/pages/images/nlvnpf-0059-084.jpg	5	2	2	data/LucVanTien1916/patches/nlvnpf-0059-084.jpg_2_2.jpg	data/LucVanTien1916/patches_preprocessed/train/nlvnpf-0059-084.jpg_2_2.jpg	train	366.7,158.2,34.3,529.6	老妑𢶢梞冲棱𠫾𦋦	U+8001 U+5991 U+22DA2 U+689E U+51B2 U+68F1 U+20AFE U+262E6	8	Lão bà chống gậy trong rừng đi ra	8	1	老妑𢶢梞冲棱𠫾𦋦	1
LucVanTien1916	nlvnpf-0059 (in mộc bản 1916)	nlvnpf-0059-084	data/LucVanTien1916/pages/images/nlvnpf-0059-084.jpg	6	3	1	data/LucVanTien1916/patches/nlvnpf-0059-084.jpg_3_1.jpg	data/LucVanTien1916/patches_preprocessed/train/nlvnpf-0059-084.jpg_3_1.jpg	train	328.1,158.8,36.2,529.6	𠳨浪娘沛月娥	U+20CE8 U+6D6A U+5A18 U+6C9B U+6708 U+5A25	6	Hỏi rằng: Nàng phải Nguyệt Nga	6	1	𠳨浪娘沛月娥	1
LucVanTien1916	nlvnpf-0059 (in mộc bản 1916)	nlvnpf-0059-084	data/LucVanTien1916/pages/images/nlvnpf-0059-084.jpg	7	3	2	data/LucVanTien1916/patches/nlvnpf-0059-084.jpg_3_2.jpg	data/LucVanTien1916/patches_preprocessed/train/nlvnpf-0059-084.jpg_3_2.jpg	train	328.1,158.8,36.2,529.6	呵須亘強𧗱茄󰠃些	U+5475 U+9808 U+4E98 U+5F37 U+275F1 U+8304 U+F0803 U+4E9B	8	Khá tua gắng gượng về nhà cùng ta	8	1	呵須亘強𧗱茄󰠃些	1
LucVanTien1916	nlvnpf-0059 (in mộc bản 1916)	nlvnpf-0059-084	data/LucVanTien1916/pages/images/nlvnpf-0059-084.jpg	8	4	1	data/LucVanTien1916/patches/nlvnpf-0059-084.jpg_4_1.jpg	data/LucVanTien1916/patches_preprocessed/train/nlvnpf-0059-084.jpg_4_1.jpg	train	290.9,160.7,37.7,528.4	欺𣈘𦣰𧡊佛󰜏	U+6B3A U+23218 U+268F0 U+2784A U+4F5B U+F070F	6	Khi đêm nằm thấy Phật bà	6	1	欺𣈘𦣰𧡊佛󰜏	1
LucVanTien1916	nlvnpf-0059 (in mộc bản 1916)	nlvnpf-0059-084	data/LucVanTien1916/pages/images/nlvnpf-0059-084.jpg	9	4	2	data/LucVanTien1916/patches/nlvnpf-0059-084.jpg_4_2.jpg	data/LucVanTien1916/patches_preprocessed/train/nlvnpf-0059-084.jpg_4_2.jpg	train	290.9,160.7,37.7,528.4	𠊛它覔保𢧚𫅷典低	U+2029B U+5B83 U+8994 U+4FDD U+229DA U+2B177 U+5178 U+4F4E	8	Người đà mách bảo nên già đến đây	8	1	𠊛它覔保𢧚𫅷典低	1
LucVanTien1916	nlvnpf-0059 (in mộc bản 1916)	nlvnpf-0059-084	data/LucVanTien1916/pages/images/nlvnpf-0059-084.jpg	10	5	1	data/LucVanTien1916/patches/nlvnpf-0059-084.jpg_5_1.jpg	data/LucVanTien1916/patches_preprocessed/train/nlvnpf-0059-084.jpg_5_1.jpg	train	248.7,162.4,36.6,529.2	月娥半信半𪟽	U+6708 U+5A25 U+534A U+4FE1 U+534A U+2A7FD	6	Nguyệt Nga bán tín bán nghi	6	1	月娥半信半𪟽	1
LucVanTien1916	nlvnpf-0059 (in mộc bản 1916)	nlvnpf-0059-084	data/LucVanTien1916/pages/images/nlvnpf-0059-084.jpg	11	5	2	data/LucVanTien1916/patches/nlvnpf-0059-084.jpg_5_2.jpg	data/LucVanTien1916/patches_preprocessed/val/nlvnpf-0059-084.jpg_5_2.jpg	val	248.7,162.4,36.6,529.2	打料𥄮𬑉蹺𠫾𧗱茄	U+6253 U+6599 U+2512E U+2C449 U+8E7A U+20AFE U+275F1 U+8304	8	Ðành liều nhắm mắt theo đi về nhà	8	1	打料𥄮𬑉蹺𠫾𧗱茄	1
LucVanTien1916	nlvnpf-0059 (in mộc bản 1916)	nlvnpf-0059-084	data/LucVanTien1916/pages/images/nlvnpf-0059-084.jpg	12	6	1	data/LucVanTien1916/patches/nlvnpf-0059-084.jpg_6_1.jpg	data/LucVanTien1916/patches_preprocessed/train/nlvnpf-0059-084.jpg_6_1.jpg	train	210.8,163.7,37.9,526.6	𨀈𠓨𧡊仍弹妑	U+28008 U+204E8 U+2784A U+4ECD U+5F39 U+5991	6	Bước vào thấy những đàn bà	6	1	𨀈𠓨𧡊仍弹妑	1
LucVanTien1916	nlvnpf-0059 (in mộc bản 1916)	nlvnpf-0059-084	data/LucVanTien1916/pages/images/nlvnpf-0059-084.jpg	13	6	2	data/LucVanTien1916/patches/nlvnpf-0059-084.jpg_6_2.jpg	data/LucVanTien1916/patches_preprocessed/train/nlvnpf-0059-084.jpg_6_2.jpg	train	210.8,163.7,37.9,526.6	爫藝綆𦀻𫄄𬗢麻催	U+722B U+85DD U+7D86 U+2603B U+2B104 U+2C5E2 U+9EBB U+50AC	8	Làm nghề canh cửi lụa là mà thôi	8	1	爫藝綆𦀻𫄄𬗢麻催	1
LucVanTien1916	nlvnpf-0059 (in mộc bản 1916)	nlvnpf-0059-084	data/LucVanTien1916/pages/images/nlvnpf-0059-084.jpg	14	7	1	data/LucVanTien1916/patches/nlvnpf-0059-084.jpg_7_1.jpg	data/LucVanTien1916/patches_preprocessed/train/nlvnpf-0059-084.jpg_7_1.jpg	train	173.3,165.6,38.0,527.6	月娥停胣於耒	U+6708 U+5A25 U+505C U+80E3 U+65BC U+8012	6	Nguyệt Nga đành dạ ở rồi	6	1	月娥停胣於耒	1
LucVanTien1916	nlvnpf-0059 (in mộc bản 1916)	nlvnpf-0059-084	data/LucVanTien1916/pages/images/nlvnpf-0059-084.jpg	15	7	2	data/LucVanTien1916/patches/nlvnpf-0059-084.jpg_7_2.jpg	data/LucVanTien1916/patches_preprocessed/val/nlvnpf-0059-084.jpg_7_2.jpg	val	173.3,165.6,38.0,527.6	自低買歇細𨆢准芇	U+81EA U+4F4E U+8CB7 U+6B47 U+7D30 U+281A2 U+51C6 U+8287	8	Từ đây mới hết tới lui hốn nào	8	1	自低買歇細𨆢准芇	1
LucVanTien1916	nlvnpf-0059 (in mộc bản 1916)	nlvnpf-0059-084	data/LucVanTien1916/pages/images/nlvnpf-0059-084.jpg	16	8	1	data/LucVanTien1916/patches/nlvnpf-0059-084.jpg_8_1.jpg	data/LucVanTien1916/patches_preprocessed/train/nlvnpf-0059-084.jpg_8_1.jpg	train	136.9,166.2,37.2,525.4	𠳨𠽄𦋦𡶀烏巢	U+20CE8 U+20F44 U+262E6 U+21D80 U+70CF U+5DE2	6	Hỏi thăm ra núi Ô sào	6	1	𠳨𠽄𦋦𡶀烏巢	1
LucVanTien1916	nlvnpf-0059 (in mộc bản 1916)	nlvnpf-0059-084	data/LucVanTien1916/pages/images/nlvnpf-0059-084.jpg	17	8	2	data/LucVanTien1916/patches/nlvnpf-0059-084.jpg_8_2.jpg	data/LucVanTien1916/patches_preprocessed/val/nlvnpf-0059-084.jpg_8_2.jpg	val	136.9,166.2,37.2,525.4	同䦕󰋇淡𠫾𠓨細尼	U+540C U+4995 U+F02C7 U+6DE1 U+20AFE U+204E8 U+7D30 U+5C3C	8	Đồng Quan mấy dặm đi vào tới nơi	8	1	同䦕󰋇淡𠫾𠓨細尼	1
LucVanTien1916	nlvnpf-0059 (in mộc bản 1916)	nlvnpf-0059-084	data/LucVanTien1916/pages/images/nlvnpf-0059-084.jpg	18	9	1	data/LucVanTien1916/patches/nlvnpf-0059-084.jpg_9_1.jpg	data/LucVanTien1916/patches_preprocessed/train/nlvnpf-0059-084.jpg_9_1.jpg	train	100.2,166.2,34.8,526.8	次尼細次𦋦𠁀	U+6B21 U+5C3C U+7D30 U+6B21 U+262E6 U+20040	6	Thứ này tới thứ ra đời	6	1	次尼細次𦋦𠁀	1
LucVanTien1916	nlvnpf-0059 (in mộc bản 1916)	nlvnpf-0059-084	data/LucVanTien1916/pages/images/nlvnpf-0059-084.jpg	19	9	2	data/LucVanTien1916/patches/nlvnpf-0059-084.jpg_9_2.jpg	data/LucVanTien1916/patches_preprocessed/train/nlvnpf-0059-084.jpg_9_2.jpg	train	100.2,166.2,34.8,526.8	云仙課畧於尼厨廛	U+4E91 U+4ED9 U+8AB2 U+7567 U+65BC U+5C3C U+53A8 U+5EDB	8	Vân Tiên thuở trước ở nơi chùa chiền	8	1	云仙課畧於尼厨廛	1
LucVanTien1916	nlvnpf-0059 (in mộc bản 1916)	nlvnpf-0059-085	data/LucVanTien1916/pages/images/nlvnpf-0059-085.jpg	0	0	1	data/LucVanTien1916/patches/nlvnpf-0059-085.jpg_0_1.jpg	data/LucVanTien1916/patches_preprocessed/train/nlvnpf-0059-085.jpg_0_1.jpg	train	361.2,157.0,36.0,520.7	姅𣈘𦣰𧡊翁仙	U+59C5 U+23218 U+268F0 U+2784A U+7FC1 U+4ED9	6	Nửa đêm nằm thấy ông tiên	6	1	姅𣈘𦣰𧡊翁仙	1
LucVanTien1916	nlvnpf-0059 (in mộc bản 1916)	nlvnpf-0059-085	data/LucVanTien1916/pages/images/nlvnpf-0059-085.jpg	1	0	2	data/LucVanTien1916/patches/nlvnpf-0059-085.jpg_0_2.jpg	data/LucVanTien1916/patches_preprocessed/val/nlvnpf-0059-085.jpg_0_2.jpg	val	361.2,157.0,36.0,520.7	󰝡朱󱋓茦𬑉連𤎜𦋦	U+F0761 U+6731 U+F12D3 U+8326 U+2C449 U+9023 U+2439C U+262E6	8	Ðem cho chén thuốc mắt liền sáng ra	8	1	󰝡朱󱋓茦𬑉連𤎜𦋦	1
LucVanTien1916	nlvnpf-0059 (in mộc bản 1916)	nlvnpf-0059-085	data/LucVanTien1916/pages/images/nlvnpf-0059-085.jpg	2	1	1	data/LucVanTien1916/patches/nlvnpf-0059-085.jpg_1_1.jpg	data/LucVanTien1916/patches_preprocessed/train/nlvnpf-0059-085.jpg_1_1.jpg	train	322.7,158.8,37.9,517.4	計自染病塘賖	U+8A08 U+81EA U+67D3 U+75C5 U+5858 U+8CD6	6	Kể từ nhiễm bệnh đường xa	6	1	計自染病塘賖	1
LucVanTien1916	nlvnpf-0059 (in mộc bản 1916)	nlvnpf-0059-085	data/LucVanTien1916/pages/images/nlvnpf-0059-085.jpg	3	1	2	data/LucVanTien1916/patches/nlvnpf-0059-085.jpg_1_2.jpg	data/LucVanTien1916/patches_preprocessed/val/nlvnpf-0059-085.jpg_1_2.jpg	val	322.7,158.8,37.9,517.4	典𫢩計吏啐它𦊚𠄼	U+5178 U+2B8A9 U+8A08 U+540F U+5550 U+5B83 U+2629A U+2013C	8	Đến nay kể lại trót đà bốn năm	8	1	典𫢩計吏啐它𦊚𠄼	1
LucVanTien1916	nlvnpf-0059 (in mộc bản 1916)	nlvnpf-0059-085	data/LucVanTien1916/pages/images/nlvnpf-0059-085.jpg	4	2	1	data/LucVanTien1916/patches/nlvnpf-0059-085.jpg_2_1.jpg	data/LucVanTien1916/patches_preprocessed/train/nlvnpf-0059-085.jpg_2_1.jpg	train	283.3,158.2,35.2,519.3	歳吒𫢩㐌𠄼𠄻	U+6B73 U+5412 U+2B8A9 U+340C U+2013C U+2013B	6	Tuổi cha nay đã năm lăm	6	1	歳吒𫢩㐌𠄼𠄻	1
LucVanTien1916	nlvnpf-0059 (in mộc bản 1916)	nlvnpf-0059-085	data/LucVanTien1916/pages/images/nlvnpf-0059-085.jpg	5	2	2	data/LucVanTien1916/patches/nlvnpf-0059-085.jpg_2_2.jpg	data/LucVanTien1916/patches_preprocessed/train/nlvnpf-0059-085.jpg_2_2.jpg	train	283.3,158.2,35.2,519.3	郑𢚸𢖵旦潭又淚沙	U+90D1 U+226B8 U+225B5 U+65E6 U+6F6D U+53C8 U+6DDA U+6C99	8	Chạnh lòng nhớ đến đầm đầm lệ sa	8	1	郑𢚸𢖵旦潭又淚沙	1
LucVanTien1916	nlvnpf-0059 (in mộc bản 1916)	nlvnpf-0059-085	data/LucVanTien1916/pages/images/nlvnpf-0059-085.jpg	6	3	1	data/LucVanTien1916/patches/nlvnpf-0059-085.jpg_3_1.jpg	data/LucVanTien1916/patches_preprocessed/train/nlvnpf-0059-085.jpg_3_1.jpg	train	248.1,157.6,36.9,521.7	雲仙阻吏圭茄	U+96F2 U+4ED9 U+963B U+540F U+572D U+8304	6	Vân Tiên trở lại quê nhà	6	1	雲仙阻吏圭茄	1
LucVanTien1916	nlvnpf-0059 (in mộc bản 1916)	nlvnpf-0059-085	data/LucVanTien1916/pages/images/nlvnpf-0059-085.jpg	7	3	2	data/LucVanTien1916/patches/nlvnpf-0059-085.jpg_3_2.jpg	data/LucVanTien1916/patches_preprocessed/val/nlvnpf-0059-085.jpg_3_2.jpg	val	248.1,157.6,36.9,521.7	漢明迻塊𠄼𠀧淡塘	U+6F22 U+660E U+8FFB U+584A U+2013C U+20027 U+6DE1 U+5858	8	Hớn Minh đưa khỏi năm ba dặm đường	8	1	漢明迻塊𠄼𠀧淡塘	1
LucVanTien1916	nlvnpf-0059 (in mộc bản 1916)	nlvnpf-0059-085	data/LucVanTien1916/pages/images/nlvnpf-0059-085.jpg	8	4	1	data/LucVanTien1916/patches/nlvnpf-0059-085.jpg_4_1.jpg	data/LucVanTien1916/patches_preprocessed/train/nlvnpf-0059-085.jpg_4_1.jpg	train	208.0,158.2,39.5,521.1	仙浪些吏故鄕	U+4ED9 U+6D6A U+4E9B U+540F U+6545 U+9115	6	Tiên rằng: Ta lại cố hương	6	1	仙浪些吏故鄕	1
LucVanTien1916	nlvnpf-0059 (in mộc bản 1916)	nlvnpf-0059-085	data/LucVanTien1916/pages/images/nlvnpf-0059-085.jpg	9	4	2	data/LucVanTien1916/patches/nlvnpf-0059-085.jpg_4_2.jpg	data/LucVanTien1916/patches_preprocessed/val/nlvnpf-0059-085.jpg_4_2.jpg	val	208.0,158.2,39.5,521.1	恩饒𡢐﨤科塲仕咍	U+6069 U+9952 U+21890 U+FA24 U+79D1 U+5872 U+4ED5 U+548D	8	Ơn nhau sau gặp khoa trường sẽ hay	8	1	恩饒𡢐﨤科塲仕咍	1
LucVanTien1916	nlvnpf-0059 (in mộc bản 1916)	nlvnpf-0059-085	data/LucVanTien1916/pages/images/nlvnpf-0059-085.jpg	10	5	1	data/LucVanTien1916/patches/nlvnpf-0059-085.jpg_5_1.jpg	data/LucVanTien1916/patches_preprocessed/train/nlvnpf-0059-085.jpg_5_1.jpg	train	168.7,158.1,39.1,522.4	明浪𫢩本庒埋	U+660E U+6D6A U+2B8A9 U+672C U+5E92 U+57CB	6	Minh rằng: Nay vốn chẳng may	6	1	明浪𫢩本庒埋	1
LucVanTien1916	nlvnpf-0059 (in mộc bản 1916)	nlvnpf-0059-085	data/LucVanTien1916/pages/images/nlvnpf-0059-085.jpg	11	5	2	data/LucVanTien1916/patches/nlvnpf-0059-085.jpg_5_2.jpg	data/LucVanTien1916/patches_preprocessed/train/nlvnpf-0059-085.jpg_5_2.jpg	train	168.7,158.1,39.1,522.4	㝵𠸗莫沛案苔遁𠫾	U+3775 U+20E17 U+83AB U+6C9B U+6848 U+82D4 U+9041 U+20AFE	8	Ngày xưa mắc phải án đày chốn đi	8	1	㝵𠸗莫沛案苔遁𠫾	1
LucVanTien1916	nlvnpf-0059 (in mộc bản 1916)	nlvnpf-0059-085	data/LucVanTien1916/pages/images/nlvnpf-0059-085.jpg	12	6	1	data/LucVanTien1916/patches/nlvnpf-0059-085.jpg_6_1.jpg	data/LucVanTien1916/patches_preprocessed/train/nlvnpf-0059-085.jpg_6_1.jpg	train	131.4,158.8,36.6,522.9	敢󰦓排𩈘𦋦詩	U+6562 U+F0993 U+6392 U+29218 U+262E6 U+8A69	6	Dám đâu bày mặt ra thi	6	1	敢󰦓排𩈘𦋦詩	1
LucVanTien1916	nlvnpf-0059 (in mộc bản 1916)	nlvnpf-0059-085	data/LucVanTien1916/pages/images/nlvnpf-0059-085.jpg	13	6	2	data/LucVanTien1916/patches/nlvnpf-0059-085.jpg_6_2.jpg	data/LucVanTien1916/patches_preprocessed/train/nlvnpf-0059-085.jpg_6_2.jpg	train	131.4,158.8,36.6,522.9	㐌仃𠄩𡦂歸依厨尼	U+340C U+4EC3 U+20129 U+21982 U+6B78 U+4F9D U+53A8 U+5C3C	8	Ðã đành hai chữ qui y chùa này	8	1	㐌仃𠄩𡦂歸依厨尼	1
LucVanTien1916	nlvnpf-0059 (in mộc bản 1916)	nlvnpf-0059-085	data/LucVanTien1916/pages/images/nlvnpf-0059-085.jpg	14	7	1	data/LucVanTien1916/patches/nlvnpf-0059-085.jpg_7_1.jpg	data/LucVanTien1916/patches_preprocessed/train/nlvnpf-0059-085.jpg_7_1.jpg	train	95.3,158.8,37.4,524.1	仙浪志鄧傘𩄲	U+4ED9 U+6D6A U+5FD7 U+9127 U+5098 U+29132	6	Tiên rằng: Chí đặng tán mây	6	1	仙浪志鄧傘𩄲	1
LucVanTien1916	nlvnpf-0059 (in mộc bản 1916)	nlvnpf-0059-085	data/LucVanTien1916/pages/images/nlvnpf-0059-085.jpg	15	7	2	data/LucVanTien1916/patches/nlvnpf-0059-085.jpg_7_2.jpg	data/LucVanTien1916/patches_preprocessed/val/nlvnpf-0059-085.jpg_7_2.jpg	val	95.3,158.8,37.4,524.1	㝵𡢐拱併森𡆫買饒	U+3775 U+21890 U+62F1 U+4F75 U+68EE U+211AB U+8CB7 U+9952	8	Ngày sau cũng tính sum vầy với nhau	8	1	㝵𡢐拱併森𡆫買饒	1
LucVanTien1916	nlvnpf-0059 (in mộc bản 1916)	nlvnpf-0059-085	data/LucVanTien1916/pages/images/nlvnpf-0059-085.jpg	16	8	1	data/LucVanTien1916/patches/nlvnpf-0059-085.jpg_8_1.jpg	data/LucVanTien1916/patches_preprocessed/train/nlvnpf-0059-085.jpg_8_1.jpg	train	58.5,158.8,39.8,524.1	𦊚𢆥噷唿醬蒌	U+2629A U+221A5 U+5677 U+553F U+91AC U+848C	6	Bốn năm hẩm hút tương rau	6	1	𦊚𢆥噷唿醬蒌	1
LucVanTien1916	nlvnpf-0059 (in mộc bản 1916)	nlvnpf-0059-085	data/LucVanTien1916/pages/images/nlvnpf-0059-085.jpg	17	8	2	data/LucVanTien1916/patches/nlvnpf-0059-085.jpg_8_2.jpg	data/LucVanTien1916/patches_preprocessed/train/nlvnpf-0059-085.jpg_8_2.jpg	train	58.5,158.8,39.8,524.1	苦𪬡群𦬑𢀨𢀭𦬑𫡻	U+82E6 U+2AB21 U+7FA4 U+26B11 U+22028 U+2202D U+26B11 U+2B87B	8	Khó hèn còn nợ, sang giàu nỡ quên	8	1	苦𪬡群𦬑𢀨𢀭𦬑𫡻	1
LucVanTien1916	nlvnpf-0059 (in mộc bản 1916)	nlvnpf-0059-085	data/LucVanTien1916/pages/images/nlvnpf-0059-085.jpg	18	9	1	data/LucVanTien1916/patches/nlvnpf-0059-085.jpg_9_1.jpg	data/LucVanTien1916/patches_preprocessed/train/nlvnpf-0059-085.jpg_9_1.jpg	train	23.8,158.2,34.6,525.4	𣅶虚拱固𣅶𢧚	U+23176 U+865A U+62F1 U+56FA U+23176 U+229DA	6	Lúc hư cũng có lúc nên	6	1	𣅶虚拱固𣅶𢧚	1
LucVanTien1916	nlvnpf-0059 (in mộc bản 1916)	nlvnpf-0059-085	data/LucVanTien1916/pages/images/nlvnpf-0059-085.jpg	19	9	2	data/LucVanTien1916/patches/nlvnpf-0059-085.jpg_9_2.jpg	data/LucVanTien1916/patches_preprocessed/train/nlvnpf-0059-085.jpg_9_2.jpg	train	23.8,158.2,34.6,525.4	勸𤽗𪧚胣朱𥾽討𣦍	U+52F8 U+24F57 U+2A9DA U+80E3 U+6731 U+25FBD U+8A0E U+2398D	8	Khuyên ngươi giữ dạ cho bền thảo ngay	8	1	勸𤽗𪧚胣朱𥾽討𣦍	1
LucVanTien1916	nlvnpf-0059 (in mộc bản 1916)	nlvnpf-0059-086	data/LucVanTien1916/pages/images/nlvnpf-0059-086.jpg	0	0	1	data/LucVanTien1916/patches/nlvnpf-0059-086.jpg_0_1.jpg	data/LucVanTien1916/patches_preprocessed/train/nlvnpf-0059-086.jpg_0_1.jpg	train	441.8,158.8,37.9,524.8	漢明於吏奄𩄲	U+6F22 U+660E U+65BC U+540F U+5944 U+29132	6	Hớn Minh ở lại am mây	6	1	漢明於吏奄𩄲	1
LucVanTien1916	nlvnpf-0059 (in mộc bản 1916)	nlvnpf-0059-086	data/LucVanTien1916/pages/images/nlvnpf-0059-086.jpg	1	0	2	data/LucVanTien1916/patches/nlvnpf-0059-086.jpg_0_2.jpg	data/LucVanTien1916/patches_preprocessed/val/nlvnpf-0059-086.jpg_0_2.jpg	val	441.8,158.8,37.9,524.8	雲仙𧗱𠬠𣎃迡細尼	U+96F2 U+4ED9 U+275F1 U+20B20 U+23383 U+8FE1 U+7D30 U+5C3C	8	Vân Tiên về một tháng chầy tới nơi	8	1	雲仙𧗱𠬠𣎃迡細尼	1
LucVanTien1916	nlvnpf-0059 (in mộc bản 1916)	nlvnpf-0059-086	data/LucVanTien1916/pages/images/nlvnpf-0059-086.jpg	2	1	1	data/LucVanTien1916/patches/nlvnpf-0059-086.jpg_1_1.jpg	data/LucVanTien1916/patches_preprocessed/train/nlvnpf-0059-086.jpg_1_1.jpg	train	402.1,161.9,38.1,522.9	六翁渃𬑉𣻆淶	U+516D U+7FC1 U+6E03 U+2C449 U+23EC6 U+6DF6	6	Lục ông nước mắt tuôn rơi	6	1	六翁渃𬑉𣻆淶	1
LucVanTien1916	nlvnpf-0059 (in mộc bản 1916)	nlvnpf-0059-086	data/LucVanTien1916/pages/images/nlvnpf-0059-086.jpg	3	1	2	data/LucVanTien1916/patches/nlvnpf-0059-086.jpg_1_2.jpg	data/LucVanTien1916/patches_preprocessed/val/nlvnpf-0059-086.jpg_1_2.jpg	val	402.1,161.9,38.1,522.9	埃咍昆𤯩𨕭𠁀共吒	U+57C3 U+548D U+6606 U+24BE9 U+2856D U+20040 U+5171 U+5412	8	Ai hay con sống trên đời cùng cha	8	1	埃咍昆𤯩𨕭𠁀共吒	1
LucVanTien1916	nlvnpf-0059 (in mộc bản 1916)	nlvnpf-0059-086	data/LucVanTien1916/pages/images/nlvnpf-0059-086.jpg	4	2	1	data/LucVanTien1916/patches/nlvnpf-0059-086.jpg_2_1.jpg	data/LucVanTien1916/patches_preprocessed/train/nlvnpf-0059-086.jpg_2_1.jpg	train	364.6,161.9,39.9,524.1	𥯎廊注博𧵆賖	U+25BCE U+5ECA U+6CE8 U+535A U+27D46 U+8CD6	6	Xóm làng chú bác gần xa	6	1	𥯎廊注博𧵆賖	1
LucVanTien1916	nlvnpf-0059 (in mộc bản 1916)	nlvnpf-0059-086	data/LucVanTien1916/pages/images/nlvnpf-0059-086.jpg	5	2	2	data/LucVanTien1916/patches/nlvnpf-0059-086.jpg_2_2.jpg	data/LucVanTien1916/patches_preprocessed/val/nlvnpf-0059-086.jpg_2_2.jpg	val	364.6,161.9,39.9,524.1	調𢜠𧼋細秩茄𠳨𠽄	U+8ABF U+22720 U+27F0B U+7D30 U+79E9 U+8304 U+20CE8 U+20F44	8	Ðều mừng chạy tới chật nhà hỏi thăm	8	1	調𢜠𧼋細秩茄𠳨𠽄	1
LucVanTien1916	nlvnpf-0059 (in mộc bản 1916)	nlvnpf-0059-086	data/LucVanTien1916/pages/images/nlvnpf-0059-086.jpg	6	3	1	data/LucVanTien1916/patches/nlvnpf-0059-086.jpg_3_1.jpg	data/LucVanTien1916/patches_preprocessed/train/nlvnpf-0059-086.jpg_3_1.jpg	train	330.2,163.1,35.9,524.8	翁浪啐㐌𦊚𢆥	U+7FC1 U+6D6A U+5550 U+340C U+2629A U+221A5	6	Ông rằng: Trót đã bốn năm	6	1	翁浪啐㐌𦊚𢆥	1
LucVanTien1916	nlvnpf-0059 (in mộc bản 1916)	nlvnpf-0059-086	data/LucVanTien1916/pages/images/nlvnpf-0059-086.jpg	7	3	2	data/LucVanTien1916/patches/nlvnpf-0059-086.jpg_3_2.jpg	data/LucVanTien1916/patches_preprocessed/val/nlvnpf-0059-086.jpg_3_2.jpg	val	330.2,163.1,35.9,524.8	昆芒疾病咹𦣰尼芇	U+6606 U+8292 U+75BE U+75C5 U+54B9 U+268F0 U+5C3C U+8287	8	Con mang tật bệnh ăn nằm nơi nao	8	1	昆芒疾病咹𦣰尼芇	1
LucVanTien1916	nlvnpf-0059 (in mộc bản 1916)	nlvnpf-0059-086	data/LucVanTien1916/pages/images/nlvnpf-0059-086.jpg	8	4	1	data/LucVanTien1916/patches/nlvnpf-0059-086.jpg_4_1.jpg	data/LucVanTien1916/patches_preprocessed/train/nlvnpf-0059-086.jpg_4_1.jpg	train	290.0,166.2,38.6,524.1	仙浪患𮥷掣包	U+4ED9 U+6D6A U+60A3 U+2E977 U+63A3 U+5305	6	Tiên rằng: Hoạn nạn xiết bao	6	1	仙浪患𮥷掣包	1
LucVanTien1916	nlvnpf-0059 (in mộc bản 1916)	nlvnpf-0059-086	data/LucVanTien1916/pages/images/nlvnpf-0059-086.jpg	9	4	2	data/LucVanTien1916/patches/nlvnpf-0059-086.jpg_4_2.jpg	data/LucVanTien1916/patches_preprocessed/train/nlvnpf-0059-086.jpg_4_2.jpg	train	290.0,166.2,38.6,524.1	媄碎墳墓尼芇㐌安	U+5A84 U+788E U+58B3 U+5893 U+5C3C U+8287 U+340C U+5B89	8	Mẹ tôi phần mộ, nơi nào đã an	8	1	媄碎墳墓尼芇㐌安	1
LucVanTien1916	nlvnpf-0059 (in mộc bản 1916)	nlvnpf-0059-086	data/LucVanTien1916/pages/images/nlvnpf-0059-086.jpg	10	5	1	data/LucVanTien1916/patches/nlvnpf-0059-086.jpg_5_1.jpg	data/LucVanTien1916/patches_preprocessed/train/nlvnpf-0059-086.jpg_5_1.jpg	train	249.0,166.8,39.2,524.8	達𦋦礼物産床	U+9054 U+262E6 U+793C U+7269 U+7523 U+5E8A	6	Ðặt ra lễ vật sẵn sàng	6	1	達𦋦礼物産床	1
LucVanTien1916	nlvnpf-0059 (in mộc bản 1916)	nlvnpf-0059-086	data/LucVanTien1916/pages/images/nlvnpf-0059-086.jpg	11	5	2	data/LucVanTien1916/patches/nlvnpf-0059-086.jpg_5_2.jpg	data/LucVanTien1916/patches_preprocessed/train/nlvnpf-0059-086.jpg_5_2.jpg	train	249.0,166.8,39.2,524.8	讀排文祭畧盘銘生	U+8B80 U+6392 U+6587 U+796D U+7567 U+76D8 U+9298 U+751F	8	Ðọc bài văn tế trước bàn minh sinh	8	1	讀排文祭畧盘銘生	1
LucVanTien1916	nlvnpf-0059 (in mộc bản 1916)	nlvnpf-0059-086	data/LucVanTien1916/pages/images/nlvnpf-0059-086.jpg	12	6	1	data/LucVanTien1916/patches/nlvnpf-0059-086.jpg_6_1.jpg	data/LucVanTien1916/patches_preprocessed/train/nlvnpf-0059-086.jpg_6_1.jpg	train	209.2,167.4,39.0,525.6	𣷮鐄𩲉媄固灵	U+23DEE U+9404 U+29C89 U+5A84 U+56FA U+7075	6	Suối vàng hồn mẹ có linh	6	1	𣷮鐄𩲉媄固灵	1
LucVanTien1916	nlvnpf-0059 (in mộc bản 1916)	nlvnpf-0059-086	data/LucVanTien1916/pages/images/nlvnpf-0059-086.jpg	13	6	2	data/LucVanTien1916/patches/nlvnpf-0059-086.jpg_6_2.jpg	data/LucVanTien1916/patches_preprocessed/train/nlvnpf-0059-086.jpg_6_2.jpg	train	209.2,167.4,39.0,525.6	証朱昆𥘷𢚸誠㝵𫢩	U+8A3C U+6731 U+6606 U+25637 U+226B8 U+8AA0 U+3775 U+2B8A9	8	Chứng cho con trẻ lòng thành ngày nay	8	1	証朱昆𥘷𢚸誠㝵𫢩	1
LucVanTien1916	nlvnpf-0059 (in mộc bản 1916)	nlvnpf-0059-086	data/LucVanTien1916/pages/images/nlvnpf-0059-086.jpg	14	7	1	data/LucVanTien1916/patches/nlvnpf-0059-086.jpg_7_1.jpg	data/LucVanTien1916/patches_preprocessed/train/nlvnpf-0059-086.jpg_7_1.jpg	train	172.5,167.4,38.2,526.9	想皮源渃桧核	U+60F3 U+76AE U+6E90 U+6E03 U+6867 U+6838	6	Tưởng bề nguồn nước cội cây	6	1	想皮源渃桧核	1
LucVanTien1916	nlvnpf-0059 (in mộc bản 1916)	nlvnpf-0059-086	data/LucVanTien1916/pages/images/nlvnpf-0059-086.jpg	15	7	2	data/LucVanTien1916/patches/nlvnpf-0059-086.jpg_7_2.jpg	data/LucVanTien1916/patches_preprocessed/train/nlvnpf-0059-086.jpg_7_2.jpg	train	172.5,167.4,38.2,526.9	功高𠦳丈恩苔𠃩𦝄	U+529F U+9AD8 U+209B3 U+4E08 U+6069 U+82D4 U+200E9 U+26744	8	Công cao ngàn trượng, ơn đầy chín trăng	8	1	功高𠦳丈恩苔𠃩𦝄	1
LucVanTien1916	nlvnpf-0059 (in mộc bản 1916)	nlvnpf-0059-086	data/LucVanTien1916/pages/images/nlvnpf-0059-086.jpg	16	8	1	data/LucVanTien1916/patches/nlvnpf-0059-086.jpg_8_1.jpg	data/LucVanTien1916/patches_preprocessed/train/nlvnpf-0059-086.jpg_8_1.jpg	train	133.4,168.0,39.8,526.9	推𠊚𦣰這哭𣒣	U+63A8 U+2029A U+268F0 U+9019 U+54ED U+234A3	6	Suy người nằm giá khóc măng	6	1	推𠊚𦣰這哭𣒣	1
LucVanTien1916	nlvnpf-0059 (in mộc bản 1916)	nlvnpf-0059-086	data/LucVanTien1916/pages/images/nlvnpf-0059-086.jpg	17	8	2	data/LucVanTien1916/patches/nlvnpf-0059-086.jpg_8_2.jpg	data/LucVanTien1916/patches_preprocessed/val/nlvnpf-0059-086.jpg_8_2.jpg	val	133.4,168.0,39.8,526.9	𠄩𨑮𦊚討庒朋𠁀𠸗	U+20129 U+2846E U+2629A U+8A0E U+5E92 U+670B U+20040 U+20E17	8	Hai mươi bốn thảo chẳng bằng đời xưa	8	1	𠄩𨑮𦊚討庒朋𠁀𠸗	1
LucVanTien1916	nlvnpf-0059 (in mộc bản 1916)	nlvnpf-0059-086	data/LucVanTien1916/pages/images/nlvnpf-0059-086.jpg	18	9	1	data/LucVanTien1916/patches/nlvnpf-0059-086.jpg_9_1.jpg	data/LucVanTien1916/patches_preprocessed/train/nlvnpf-0059-086.jpg_9_1.jpg	train	97.8,169.8,38.0,524.7	雲仙渃𬑉如湄	U+96F2 U+4ED9 U+6E03 U+2C449 U+5982 U+6E44	6	Vân Tiên nước mắt như mưa	6	1	雲仙渃𬑉如湄	1
LucVanTien1916	nlvnpf-0059 (in mộc bản 1916)	nlvnpf-0059-086	data/LucVanTien1916/pages/images/nlvnpf-0059-086.jpg	19	9	2	data/LucVanTien1916/patches/nlvnpf-0059-086.jpg_9_2.jpg	data/LucVanTien1916/patches_preprocessed/val/nlvnpf-0059-086.jpg_9_2.jpg	val	97.8,169.8,38.0,524.7	祭耒吏𠳨𭛣𠸗於茄	U+796D U+8012 U+540F U+20CE8 U+2D6E3 U+20E17 U+65BC U+8304	8	Tế rồi lại hỏi việc xưa ở nhà	8	1	祭耒吏𠳨𭛣𠸗於茄	1
LucVanTien1916	nlvnpf-0059 (in mộc bản 1916)	nlvnpf-0059-087	data/LucVanTien1916/pages/images/nlvnpf-0059-087.jpg	0	0	1	data/LucVanTien1916/patches/nlvnpf-0059-087.jpg_0_1.jpg	data/LucVanTien1916/patches_preprocessed/train/nlvnpf-0059-087.jpg_0_1.jpg	train	362.0,159.0,35.8,518.8	翁浪固矯月娥	U+7FC1 U+6D6A U+56FA U+77EF U+6708 U+5A25	6	Ông rằng: Có Kiều Nguyệt Nga	6	1	翁浪固矯月娥	1
LucVanTien1916	nlvnpf-0059 (in mộc bản 1916)	nlvnpf-0059-087	data/LucVanTien1916/pages/images/nlvnpf-0059-087.jpg	1	0	2	data/LucVanTien1916/patches/nlvnpf-0059-087.jpg_0_2.jpg	data/LucVanTien1916/patches_preprocessed/train/nlvnpf-0059-087.jpg_0_2.jpg	train	362.0,159.0,35.8,518.8	泊鐄󰝡𢩾𫔳茄鄧吹	U+6CCA U+9404 U+F0761 U+22A7E U+2B533 U+8304 U+9127 U+5439	8	Bạc vàng đem giúp, cửa nhà đặng xuê.	8	1	泊鐄󰝡𢩾𫔳茄鄧吹	1
LucVanTien1916	nlvnpf-0059 (in mộc bản 1916)	nlvnpf-0059-087	data/LucVanTien1916/pages/images/nlvnpf-0059-087.jpg	2	1	1	data/LucVanTien1916/patches/nlvnpf-0059-087.jpg_1_1.jpg	data/LucVanTien1916/patches_preprocessed/train/nlvnpf-0059-087.jpg_1_1.jpg	train	324.0,157.7,34.7,521.0	洳娘𢧚買𦋦皮	U+6D33 U+5A18 U+229DA U+8CB7 U+262E6 U+76AE	6	Nhờ nàng nên mới ra bề	6	1	洳娘𢧚買𦋦皮	1
LucVanTien1916	nlvnpf-0059 (in mộc bản 1916)	nlvnpf-0059-087	data/LucVanTien1916/pages/images/nlvnpf-0059-087.jpg	3	1	2	data/LucVanTien1916/patches/nlvnpf-0059-087.jpg_1_2.jpg	data/LucVanTien1916/patches_preprocessed/val/nlvnpf-0059-087.jpg_1_2.jpg	val	324.0,157.7,34.7,521.0	庒之苦𩛜於圭虚耒	U+5E92 U+4E4B U+82E6 U+296DC U+65BC U+572D U+865A U+8012	8	Chẳng chi khó đói ở quê hư rồi	8	1	庒之苦𩛜於圭虚耒	1
LucVanTien1916	nlvnpf-0059 (in mộc bản 1916)	nlvnpf-0059-087	data/LucVanTien1916/pages/images/nlvnpf-0059-087.jpg	4	2	1	data/LucVanTien1916/patches/nlvnpf-0059-087.jpg_2_1.jpg	data/LucVanTien1916/patches_preprocessed/train/nlvnpf-0059-087.jpg_2_1.jpg	train	285.8,158.6,34.3,521.3	雲仙𦖑呐唉喂	U+96F2 U+4ED9 U+26591 U+5450 U+5509 U+5582	6	Vân Tiên nghe nói hỡi ơi	6	1	雲仙𦖑呐唉喂	1
LucVanTien1916	nlvnpf-0059 (in mộc bản 1916)	nlvnpf-0059-087	data/LucVanTien1916/pages/images/nlvnpf-0059-087.jpg	5	2	2	data/LucVanTien1916/patches/nlvnpf-0059-087.jpg_2_2.jpg	data/LucVanTien1916/patches_preprocessed/train/nlvnpf-0059-087.jpg_2_2.jpg	train	285.8,158.6,34.3,521.3	蠲情𢪀吏𠬠囬𦀊𥹰	U+8832 U+60C5 U+22A80 U+540F U+20B20 U+56EC U+2600A U+25E70	8	Quyên tình nghĩ lại một hồi giây lâu	8	1	蠲情𢪀吏𠬠囬𦀊𥹰	1
LucVanTien1916	nlvnpf-0059 (in mộc bản 1916)	nlvnpf-0059-087	data/LucVanTien1916/pages/images/nlvnpf-0059-087.jpg	6	3	1	data/LucVanTien1916/patches/nlvnpf-0059-087.jpg_3_1.jpg	data/LucVanTien1916/patches_preprocessed/train/nlvnpf-0059-087.jpg_3_1.jpg	train	249.3,158.8,35.8,522.9	𠳨浪娘𧘇於󰦓	U+20CE8 U+6D6A U+5A18 U+27607 U+65BC U+F0993	6	Hỏi rằng nàng ấy ở đâu	6	1	𠳨浪娘𧘇於󰦓	1
LucVanTien1916	nlvnpf-0059 (in mộc bản 1916)	nlvnpf-0059-087	data/LucVanTien1916/pages/images/nlvnpf-0059-087.jpg	7	3	2	data/LucVanTien1916/patches/nlvnpf-0059-087.jpg_3_2.jpg	data/LucVanTien1916/patches_preprocessed/val/nlvnpf-0059-087.jpg_3_2.jpg	val	249.3,158.8,35.8,522.9	朱碎細妬答句恩情	U+6731 U+788E U+7D30 U+59AC U+7B54 U+53E5 U+6069 U+60C5	8	Cho tôi tới đó đáp câu ân tình	8	1	朱碎細妬答句恩情	1
LucVanTien1916	nlvnpf-0059 (in mộc bản 1916)	nlvnpf-0059-087	data/LucVanTien1916/pages/images/nlvnpf-0059-087.jpg	8	4	1	data/LucVanTien1916/patches/nlvnpf-0059-087.jpg_4_1.jpg	data/LucVanTien1916/patches_preprocessed/train/nlvnpf-0059-087.jpg_4_1.jpg	train	206.6,158.3,37.9,522.2	六翁哙𭛣朝廷	U+516D U+7FC1 U+54D9 U+2D6E3 U+671D U+5EF7	6	Lục ông gọi việc triều đình	6	1	六翁哙𭛣朝廷	1
LucVanTien1916	nlvnpf-0059 (in mộc bản 1916)	nlvnpf-0059-087	data/LucVanTien1916/pages/images/nlvnpf-0059-087.jpg	9	4	2	data/LucVanTien1916/patches/nlvnpf-0059-087.jpg_4_2.jpg	data/LucVanTien1916/patches_preprocessed/train/nlvnpf-0059-087.jpg_4_2.jpg	train	206.6,158.3,37.9,522.2	頭𡳪𡀯󰲽訴情󰠃仙	U+982D U+21CEA U+2102F U+F0CBD U+8A34 U+60C5 U+F0803 U+4ED9	8	Ðầu đuôi chuyện vãn tỏ tình cùng Tiên	8	1	頭𡳪𡀯󰲽訴情󰠃仙	1
LucVanTien1916	nlvnpf-0059 (in mộc bản 1916)	nlvnpf-0059-087	data/LucVanTien1916/pages/images/nlvnpf-0059-087.jpg	10	5	1	data/LucVanTien1916/patches/nlvnpf-0059-087.jpg_5_1.jpg	data/LucVanTien1916/patches_preprocessed/train/nlvnpf-0059-087.jpg_5_1.jpg	train	166.2,158.0,36.5,522.6	矯公𣈙於西川	U+77EF U+516C U+23219 U+65BC U+897F U+5DDD	6	Kiều công rày ở Tây-Xuyên	5	0	矯公𣈙於西川	1
LucVanTien1916	nlvnpf-0059 (in mộc bản 1916)	nlvnpf-0059-087	data/LucVanTien1916/pages/images/nlvnpf-0059-087.jpg	11	5	2	data/LucVanTien1916/patches/nlvnpf-0059-087.jpg_5_2.jpg	data/LucVanTien1916/patches_preprocessed/train/nlvnpf-0059-087.jpg_5_2.jpg	train	166.2,158.0,36.5,522.6	拱爲縸佞刼權𧻐𦋦	U+62F1 U+7232 U+7E38 U+4F5E U+523C U+6B0A U+27ED0 U+262E6	8	Cũng vì mắc nịnh cướp quyền đuổi ra	8	1	拱爲縸佞刼權𧻐𦋦	1
LucVanTien1916	nlvnpf-0059 (in mộc bản 1916)	nlvnpf-0059-087	data/LucVanTien1916/pages/images/nlvnpf-0059-087.jpg	12	6	1	data/LucVanTien1916/patches/nlvnpf-0059-087.jpg_6_1.jpg	data/LucVanTien1916/patches_preprocessed/train/nlvnpf-0059-087.jpg_6_1.jpg	train	132.4,157.6,33.5,522.3	仙浪感󰒂月娥	U+4ED9 U+6D6A U+611F U+F0482 U+6708 U+5A25	6	Tiên rằng: Cảm nghĩa Nguyệt Nga	6	1	仙浪感󰒂月娥	1
LucVanTien1916	nlvnpf-0059 (in mộc bản 1916)	nlvnpf-0059-087	data/LucVanTien1916/pages/images/nlvnpf-0059-087.jpg	13	6	2	data/LucVanTien1916/patches/nlvnpf-0059-087.jpg_6_2.jpg	data/LucVanTien1916/patches_preprocessed/val/nlvnpf-0059-087.jpg_6_2.jpg	val	132.4,157.6,33.5,522.3	碎吀戈妬𠽄吒娘共	U+788E U+5400 U+6208 U+59AC U+20F44 U+5412 U+5A18 U+5171	8	Tôi xin qua đó thăm cha nàng cùng	8	1	碎吀戈妬𠽄吒娘共	1
LucVanTien1916	nlvnpf-0059 (in mộc bản 1916)	nlvnpf-0059-087	data/LucVanTien1916/pages/images/nlvnpf-0059-087.jpg	14	7	1	data/LucVanTien1916/patches/nlvnpf-0059-087.jpg_7_1.jpg	data/LucVanTien1916/patches_preprocessed/train/nlvnpf-0059-087.jpg_7_1.jpg	train	112.7,158.1,21.2,522.0	西川買淡𣦎衝	U+897F U+5DDD U+8CB7 U+6DE1 U+2398E U+885D	6	Tây-Xuyên mấy dặm thẳng xông	5	0	西川買淡𣦎衝	1
LucVanTien1916	nlvnpf-0059 (in mộc bản 1916)	nlvnpf-0059-087	data/LucVanTien1916/pages/images/nlvnpf-0059-087.jpg	15	7	2	data/LucVanTien1916/patches/nlvnpf-0059-087.jpg_7_2.jpg	data/LucVanTien1916/patches_preprocessed/val/nlvnpf-0059-087.jpg_7_2.jpg	val	112.7,158.1,21.2,522.0	細尼𦋦𬑉矯公哭連	U+7D30 U+5C3C U+262E6 U+2C449 U+77EF U+516C U+54ED U+9023	8	Tới nơi ra mắt, Kiều công khóc liền	8	1	細尼𦋦𬑉矯公哭連	1
LucVanTien1916	nlvnpf-0059 (in mộc bản 1916)	nlvnpf-0059-087	data/LucVanTien1916/pages/images/nlvnpf-0059-087.jpg	16	8	1	data/LucVanTien1916/patches/nlvnpf-0059-087.jpg_8_1.jpg	data/LucVanTien1916/patches_preprocessed/train/nlvnpf-0059-087.jpg_8_1.jpg	train	91.2,157.5,21.7,522.3	娘群扵准渃畨	U+5A18 U+7FA4 U+6275 U+51C6 U+6E03 U+7568	6	Nàng còn ở chốn nước Phiên	6	1	娘群扵准渃畨	1
LucVanTien1916	nlvnpf-0059 (in mộc bản 1916)	nlvnpf-0059-087	data/LucVanTien1916/pages/images/nlvnpf-0059-087.jpg	17	8	2	data/LucVanTien1916/patches/nlvnpf-0059-087.jpg_8_2.jpg	data/LucVanTien1916/patches_preprocessed/val/nlvnpf-0059-087.jpg_8_2.jpg	val	91.2,157.5,21.7,522.3	別牢﨤特云仙𣇜尼	U+5225 U+7262 U+FA24 U+7279 U+4E91 U+4ED9 U+231DC U+5C3C	8	Biết sao gặp được Vân Tiên buổi này	8	1	別牢﨤特云仙𣇜尼	1
LucVanTien1916	nlvnpf-0059 (in mộc bản 1916)	nlvnpf-0059-087	data/LucVanTien1916/pages/images/nlvnpf-0059-087.jpg	18	9	1	data/LucVanTien1916/patches/nlvnpf-0059-087.jpg_9_1.jpg	data/LucVanTien1916/patches_preprocessed/train/nlvnpf-0059-087.jpg_9_1.jpg	train	55.6,158.2,35.4,524.5	矯公遣於吏低	U+77EF U+516C U+9063 U+65BC U+540F U+4F4E	6	Kiều công khiến ở lại đây	6	1	矯公遣於吏低	1
LucVanTien1916	nlvnpf-0059 (in mộc bản 1916)	nlvnpf-0059-087	data/LucVanTien1916/pages/images/nlvnpf-0059-087.jpg	19	9	2	data/LucVanTien1916/patches/nlvnpf-0059-087.jpg_9_2.jpg	data/LucVanTien1916/patches_preprocessed/val/nlvnpf-0059-087.jpg_9_2.jpg	val	55.6,158.2,35.4,524.5	𣋚埋𧡊󰘚朱虧𬌓𢚸	U+232DA U+57CB U+2784A U+F061A U+6731 U+8667 U+2C313 U+226B8	8	Hôm mai thấy mặt cho khuây tấm long	8	1	𣋚埋𧡊󰘚朱虧𬌓𢚸	1
LucVanTien1916	nlvnpf-0059 (in mộc bản 1916)	nlvnpf-0059-087	data/LucVanTien1916/pages/images/nlvnpf-0059-087.jpg	20	10	1	data/LucVanTien1916/patches/nlvnpf-0059-087.jpg_10_1.jpg	data/LucVanTien1916/patches_preprocessed/train/nlvnpf-0059-087.jpg_10_1.jpg	train	21.8,158.2,32.8,524.8	雲仙於𠬠𢆥𣳔	U+96F2 U+4ED9 U+65BC U+20B20 U+221A5 U+23CD4	6	Vân Tiên ở một năm ròng	6	1	雲仙於𠬠𢆥𣳔	1
LucVanTien1916	nlvnpf-0059 (in mộc bản 1916)	nlvnpf-0059-087	data/LucVanTien1916/pages/images/nlvnpf-0059-087.jpg	21	10	2	data/LucVanTien1916/patches/nlvnpf-0059-087.jpg_10_2.jpg	data/LucVanTien1916/patches_preprocessed/train/nlvnpf-0059-087.jpg_10_2.jpg	train	21.8,158.2,32.8,524.8	温潤經史底防𫥨詩	U+6E29 U+6F64 U+7D93 U+53F2 U+5E95 U+9632 U+2B968 U+8A69	8	Ôn nhuần kinh sử đề phòng ra thi	8	1	温潤經史底防𫥨詩	1
LucVanTien1916	nlvnpf-0059 (in mộc bản 1916)	nlvnpf-0059-088	data/LucVanTien1916/pages/images/nlvnpf-0059-088.jpg	0	0	1	data/LucVanTien1916/patches/nlvnpf-0059-088.jpg_0_1.jpg	data/LucVanTien1916/patches_preprocessed/train/nlvnpf-0059-088.jpg_0_1.jpg	train	441.5,155.8,35.8,527.4	侈𦖑𣈙㐌典期	U+4F88 U+26591 U+23219 U+340C U+5178 U+671F	6	Đứa nghe rày đã đến kì	6	1	侈𦖑𣈙㐌典期	1
LucVanTien1916	nlvnpf-0059 (in mộc bản 1916)	nlvnpf-0059-088	data/LucVanTien1916/pages/images/nlvnpf-0059-088.jpg	1	0	2	data/LucVanTien1916/patches/nlvnpf-0059-088.jpg_0_2.jpg	data/LucVanTien1916/patches_preprocessed/val/nlvnpf-0059-088.jpg_0_2.jpg	val	441.5,155.8,35.8,527.4	雲仙𠓨𥛉嗔𠫾應場	U+96F2 U+4ED9 U+204E8 U+256C9 U+55D4 U+20AFE U+61C9 U+5834	8	Vân Tiên vào lạy xin đi ứng trường	8	1	雲仙𠓨𥛉嗔𠫾應場	1
LucVanTien1916	nlvnpf-0059 (in mộc bản 1916)	nlvnpf-0059-088	data/LucVanTien1916/pages/images/nlvnpf-0059-088.jpg	2	1	1	data/LucVanTien1916/patches/nlvnpf-0059-088.jpg_1_1.jpg	data/LucVanTien1916/patches_preprocessed/train/nlvnpf-0059-088.jpg_1_1.jpg	train	403.8,157.6,36.9,525.4	𧗱茄辝謝嚴堂	U+275F1 U+8304 U+8F9D U+8B1D U+56B4 U+5802	6	Về nhà từ tạ nghiêm đường	6	1	𧗱茄辝謝嚴堂	1
LucVanTien1916	nlvnpf-0059 (in mộc bản 1916)	nlvnpf-0059-088	data/LucVanTien1916/pages/images/nlvnpf-0059-088.jpg	3	1	2	data/LucVanTien1916/patches/nlvnpf-0059-088.jpg_1_2.jpg	data/LucVanTien1916/patches_preprocessed/val/nlvnpf-0059-088.jpg_1_2.jpg	val	403.8,157.6,36.9,525.4	京師𠦳淡𠬠塘𣦎𫥨	U+4EAC U+5E2B U+209B3 U+6DE1 U+20B20 U+5858 U+2398E U+2B968	8	Kinh sư ngàn dặm một đường thẳng ra	8	1	京師𠦳淡𠬠塘𣦎𫥨	1
LucVanTien1916	nlvnpf-0059 (in mộc bản 1916)	nlvnpf-0059-088	data/LucVanTien1916/pages/images/nlvnpf-0059-088.jpg	4	2	1	data/LucVanTien1916/patches/nlvnpf-0059-088.jpg_2_1.jpg	data/LucVanTien1916/patches_preprocessed/train/nlvnpf-0059-088.jpg_2_1.jpg	train	365.4,158.8,37.0,526.6	雲仙中状元科	U+96F2 U+4ED9 U+4E2D U+72B6 U+5143 U+79D1	6	Vân Tiên trúng Trạng nguyên khoa	6	1	雲仙中状元科	1
LucVanTien1916	nlvnpf-0059 (in mộc bản 1916)	nlvnpf-0059-088	data/LucVanTien1916/pages/images/nlvnpf-0059-088.jpg	5	2	2	data/LucVanTien1916/patches/nlvnpf-0059-088.jpg_2_2.jpg	data/LucVanTien1916/patches_preprocessed/train/nlvnpf-0059-088.jpg_2_2.jpg	train	365.4,158.8,37.0,526.6	𢪀𫥨𢆥子寔󰑼𢆥𫢩	U+22A80 U+2B968 U+221A5 U+5B50 U+5BD4 U+F047C U+221A5 U+2B8A9	8	Nghĩ ra năm Tí thực là năm nay	8	1	𢪀𫥨𢆥子寔󰑼𢆥𫢩	1
LucVanTien1916	nlvnpf-0059 (in mộc bản 1916)	nlvnpf-0059-088	data/LucVanTien1916/pages/images/nlvnpf-0059-088.jpg	6	3	1	data/LucVanTien1916/patches/nlvnpf-0059-088.jpg_3_1.jpg	data/LucVanTien1916/patches_preprocessed/train/nlvnpf-0059-088.jpg_3_1.jpg	train	328.6,161.3,36.7,522.3	課𠸗柴呐叱咍	U+8AB2 U+20E17 U+67F4 U+5450 U+53F1 U+548D	6	Thuở xưa thày nói rất hay	6	1	課𠸗柴呐叱咍	1
LucVanTien1916	nlvnpf-0059 (in mộc bản 1916)	nlvnpf-0059-088	data/LucVanTien1916/pages/images/nlvnpf-0059-088.jpg	7	3	2	data/LucVanTien1916/patches/nlvnpf-0059-088.jpg_3_2.jpg	data/LucVanTien1916/patches_preprocessed/train/nlvnpf-0059-088.jpg_3_2.jpg	train	328.6,161.3,36.7,522.3	北方﨤𤝞𫥨𣈙𢧚名	U+5317 U+65B9 U+FA24 U+2475E U+2B968 U+23219 U+229DA U+540D	8	Bắc phương gặp chuột ra rày nên danh	8	1	北方﨤𤝞𫥨𣈙𢧚名	1
LucVanTien1916	nlvnpf-0059 (in mộc bản 1916)	nlvnpf-0059-088	data/LucVanTien1916/pages/images/nlvnpf-0059-088.jpg	8	4	1	data/LucVanTien1916/patches/nlvnpf-0059-088.jpg_4_1.jpg	data/LucVanTien1916/patches_preprocessed/train/nlvnpf-0059-088.jpg_4_1.jpg	train	292.1,161.3,36.7,526.0	雲仙𠓨謝朝廷	U+96F2 U+4ED9 U+204E8 U+8B1D U+671D U+5EF7	6	Vân Tiên vào tạ triều đình	6	1	雲仙𠓨謝朝廷	1
LucVanTien1916	nlvnpf-0059 (in mộc bản 1916)	nlvnpf-0059-088	data/LucVanTien1916/pages/images/nlvnpf-0059-088.jpg	9	4	2	data/LucVanTien1916/patches/nlvnpf-0059-088.jpg_4_2.jpg	data/LucVanTien1916/patches_preprocessed/train/nlvnpf-0059-088.jpg_4_2.jpg	train	292.1,161.3,36.7,526.0	令頒帶帽朱荣皈𣈙	U+4EE4 U+9812 U+5E36 U+5E3D U+6731 U+8363 U+7688 U+23219	8	Lệnh ban đai mạo cho vinh quy rày	8	1	令頒帶帽朱荣皈𣈙	1
LucVanTien1916	nlvnpf-0059 (in mộc bản 1916)	nlvnpf-0059-088	data/LucVanTien1916/pages/images/nlvnpf-0059-088.jpg	10	5	1	data/LucVanTien1916/patches/nlvnpf-0059-088.jpg_5_1.jpg	data/LucVanTien1916/patches_preprocessed/train/nlvnpf-0059-088.jpg_5_1.jpg	train	250.6,163.1,36.6,522.9	侈𦖑信賊畨西	U+4F88 U+26591 U+4FE1 U+8CCA U+7568 U+897F	6	Xẩy nghe tin giặc Phiên Tây	6	1	侈𦖑信賊畨西	1
LucVanTien1916	nlvnpf-0059 (in mộc bản 1916)	nlvnpf-0059-088	data/LucVanTien1916/pages/images/nlvnpf-0059-088.jpg	11	5	2	data/LucVanTien1916/patches/nlvnpf-0059-088.jpg_5_2.jpg	data/LucVanTien1916/patches_preprocessed/train/nlvnpf-0059-088.jpg_5_2.jpg	train	250.6,163.1,36.6,522.9	兵𡆫外隘㐌苔兎山	U+5175 U+211AB U+5916 U+9698 U+340C U+82D4 U+514E U+5C71	8	Binh vây ngoài ải đã đầy thỏ sơn	8	1	兵𡆫外隘㐌苔兎山	1
LucVanTien1916	nlvnpf-0059 (in mộc bản 1916)	nlvnpf-0059-088	data/LucVanTien1916/pages/images/nlvnpf-0059-088.jpg	12	6	1	data/LucVanTien1916/patches/nlvnpf-0059-088.jpg_6_1.jpg	data/LucVanTien1916/patches_preprocessed/train/nlvnpf-0059-088.jpg_6_1.jpg	train	211.9,162.5,36.8,526.0	楚王判畧凱鐄	U+695A U+738B U+5224 U+7567 U+51F1 U+9404	6	Sở vương phán trước ngai vàng	6	1	楚王判畧凱鐄	1
LucVanTien1916	nlvnpf-0059 (in mộc bản 1916)	nlvnpf-0059-088	data/LucVanTien1916/pages/images/nlvnpf-0059-088.jpg	13	6	2	data/LucVanTien1916/patches/nlvnpf-0059-088.jpg_6_2.jpg	data/LucVanTien1916/patches_preprocessed/val/nlvnpf-0059-088.jpg_6_2.jpg	val	211.9,162.5,36.8,526.0	状元𫥨飭擛乱朱衝	U+72B6 U+5143 U+2B968 U+98ED U+64DB U+4E71 U+6731 U+885D	8	Trạng nguyên ra sức dẹp loàn cho xong	8	1	状元𫥨飭擛乱朱衝	1
LucVanTien1916	nlvnpf-0059 (in mộc bản 1916)	nlvnpf-0059-088	data/LucVanTien1916/pages/images/nlvnpf-0059-088.jpg	14	7	1	data/LucVanTien1916/patches/nlvnpf-0059-088.jpg_7_1.jpg	data/LucVanTien1916/patches_preprocessed/train/nlvnpf-0059-088.jpg_7_1.jpg	train	175.5,164.9,38.7,523.5	状元跪畧陛𧏵	U+72B6 U+5143 U+8DEA U+7567 U+965B U+273F5	6	Trạng nguyên quỳ trước bệ rồng:	6	1	状元跪畧陛𧏵	1
LucVanTien1916	nlvnpf-0059 (in mộc bản 1916)	nlvnpf-0059-088	data/LucVanTien1916/pages/images/nlvnpf-0059-088.jpg	15	7	2	data/LucVanTien1916/patches/nlvnpf-0059-088.jpg_7_2.jpg	data/LucVanTien1916/patches_preprocessed/val/nlvnpf-0059-088.jpg_7_2.jpg	val	175.5,164.9,38.7,523.5	嗔朱𠬠將饒󰠃提兵	U+55D4 U+6731 U+20B20 U+5C07 U+9952 U+F0803 U+63D0 U+5175	8	Xin cho một tướng nhau cùng đề binh	8	1	嗔朱𠬠將饒󰠃提兵	1
LucVanTien1916	nlvnpf-0059 (in mộc bản 1916)	nlvnpf-0059-088	data/LucVanTien1916/pages/images/nlvnpf-0059-088.jpg	16	8	1	data/LucVanTien1916/patches/nlvnpf-0059-088.jpg_8_1.jpg	data/LucVanTien1916/patches_preprocessed/train/nlvnpf-0059-088.jpg_8_1.jpg	train	137.4,167.2,39.8,521.3	固𠊚户漢𠸜明	U+56FA U+2029A U+6237 U+6F22 U+20E1C U+660E	6	Có người họ Hớn tên Minh	6	1	固𠊚户漢𠸜明	1
LucVanTien1916	nlvnpf-0059 (in mộc bản 1916)	nlvnpf-0059-088	data/LucVanTien1916/pages/images/nlvnpf-0059-088.jpg	17	8	2	data/LucVanTien1916/patches/nlvnpf-0059-088.jpg_8_2.jpg	data/LucVanTien1916/patches_preprocessed/train/nlvnpf-0059-088.jpg_8_2.jpg	train	137.4,167.2,39.8,521.3	飭当項羽孟鯨張飛	U+98ED U+5F53 U+9805 U+7FBD U+5B5F U+9BE8 U+5F35 U+98DB	8	Sức đương Hạng Vũ, mạnh kình Trương Phi	8	1	飭当項羽孟鯨張飛	1
LucVanTien1916	nlvnpf-0059 (in mộc bản 1916)	nlvnpf-0059-088	data/LucVanTien1916/pages/images/nlvnpf-0059-088.jpg	18	9	1	data/LucVanTien1916/patches/nlvnpf-0059-088.jpg_9_1.jpg	data/LucVanTien1916/patches_preprocessed/train/nlvnpf-0059-088.jpg_9_1.jpg	train	99.0,168.1,37.0,522.4	㝵𠸗縸案苔𠫾	U+3775 U+20E17 U+7E38 U+6848 U+82D4 U+20AFE	6	Ngày xưa mắc án đầy đi	6	1	㝵𠸗縸案苔𠫾	1
LucVanTien1916	nlvnpf-0059 (in mộc bản 1916)	nlvnpf-0059-088	data/LucVanTien1916/pages/images/nlvnpf-0059-088.jpg	19	9	2	data/LucVanTien1916/patches/nlvnpf-0059-088.jpg_9_2.jpg	data/LucVanTien1916/patches_preprocessed/train/nlvnpf-0059-088.jpg_9_2.jpg	train	99.0,168.1,37.0,522.4	𫢩𧗱於𡶀翠微隐𠇮	U+2B8A9 U+275F1 U+65BC U+21D80 U+7FE0 U+5FAE U+9690 U+201EE	8	Nay về ở núi Thuý Vi ẩn mình	8	1	𫢩𧗱於𡶀翠微隐𠇮	1
LucVanTien1916	nlvnpf-0059 (in mộc bản 1916)	nlvnpf-0059-089	data/LucVanTien1916/pages/images/nlvnpf-0059-089.jpg	0	0	1	data/LucVanTien1916/patches/nlvnpf-0059-089.jpg_0_1.jpg	data/LucVanTien1916/patches_preprocessed/train/nlvnpf-0059-089.jpg_0_1.jpg	train	362.5,160.1,37.5,520.5	楚王判畧朝廷	U+695A U+738B U+5224 U+7567 U+671D U+5EF7	6	Sở vương phán trước triều đình	6	1	楚王判畧朝廷	1
LucVanTien1916	nlvnpf-0059 (in mộc bản 1916)	nlvnpf-0059-089	data/LucVanTien1916/pages/images/nlvnpf-0059-089.jpg	1	0	2	data/LucVanTien1916/patches/nlvnpf-0059-089.jpg_0_2.jpg	data/LucVanTien1916/patches_preprocessed/val/nlvnpf-0059-089.jpg_0_2.jpg	val	362.5,160.1,37.5,520.5	𠰺𦋦他罪漢明隊𧗱	U+20C3A U+262E6 U+4ED6 U+7F6A U+6F22 U+660E U+968A U+275F1	8	Dạy ra tha tội Hán Minh đòi về	8	1	𠰺𦋦他罪漢明隊𧗱	1
LucVanTien1916	nlvnpf-0059 (in mộc bản 1916)	nlvnpf-0059-089	data/LucVanTien1916/pages/images/nlvnpf-0059-089.jpg	2	1	1	data/LucVanTien1916/patches/nlvnpf-0059-089.jpg_1_1.jpg	data/LucVanTien1916/patches_preprocessed/train/nlvnpf-0059-089.jpg_1_1.jpg	train	325.1,158.2,38.2,521.1	先鋒𠄩𡦂旗題	U+5148 U+92D2 U+20129 U+21982 U+65D7 U+984C	6	Tiên phong hai chữ cờ đề	6	1	先鋒𠄩𡦂旗題	1
LucVanTien1916	nlvnpf-0059 (in mộc bản 1916)	nlvnpf-0059-089	data/LucVanTien1916/pages/images/nlvnpf-0059-089.jpg	3	1	2	data/LucVanTien1916/patches/nlvnpf-0059-089.jpg_1_2.jpg	data/LucVanTien1916/patches_preprocessed/val/nlvnpf-0059-089.jpg_1_2.jpg	val	325.1,158.2,38.2,521.1	漢明𣈙特預掑雲仙	U+6F22 U+660E U+23219 U+7279 U+9810 U+6391 U+96F2 U+4ED9	8	Hớn Minh rày được dựa kề Vân Tiên	8	1	漢明𣈙特預掑雲仙	1
LucVanTien1916	nlvnpf-0059 (in mộc bản 1916)	nlvnpf-0059-089	data/LucVanTien1916/pages/images/nlvnpf-0059-089.jpg	4	2	1	data/LucVanTien1916/patches/nlvnpf-0059-089.jpg_2_1.jpg	data/LucVanTien1916/patches_preprocessed/train/nlvnpf-0059-089.jpg_2_1.jpg	train	286.4,159.4,37.2,523.5	調󰝡兵馬𠫾連	U+8ABF U+F0761 U+5175 U+99AC U+20AFE U+9023	6	Đều đem binh mã đi liền	6	1	調󰝡兵馬𠫾連	1
LucVanTien1916	nlvnpf-0059 (in mộc bản 1916)	nlvnpf-0059-089	data/LucVanTien1916/pages/images/nlvnpf-0059-089.jpg	5	2	2	data/LucVanTien1916/patches/nlvnpf-0059-089.jpg_2_2.jpg	data/LucVanTien1916/patches_preprocessed/train/nlvnpf-0059-089.jpg_2_2.jpg	train	286.4,159.4,37.2,523.5	衝霜蹅雪細沔隘関	U+885D U+971C U+8E45 U+96EA U+7D30 U+6C94 U+9698 U+95A2	8	Xông sương đạp tuyết tới miền ải quan	8	1	衝霜蹅雪細沔隘関	1
LucVanTien1916	nlvnpf-0059 (in mộc bản 1916)	nlvnpf-0059-089	data/LucVanTien1916/pages/images/nlvnpf-0059-089.jpg	6	3	1	data/LucVanTien1916/patches/nlvnpf-0059-089.jpg_3_1.jpg	data/LucVanTien1916/patches_preprocessed/train/nlvnpf-0059-089.jpg_3_1.jpg	train	246.5,157.0,38.9,526.0	边畨𠄩將堂又	U+8FB9 U+7568 U+20129 U+5C07 U+5802 U+53C8	6	Bên Phiên hai tướng đường đường	6	1	边畨𠄩將堂又	1
LucVanTien1916	nlvnpf-0059 (in mộc bản 1916)	nlvnpf-0059-089	data/LucVanTien1916/pages/images/nlvnpf-0059-089.jpg	7	3	2	data/LucVanTien1916/patches/nlvnpf-0059-089.jpg_3_2.jpg	data/LucVanTien1916/patches_preprocessed/train/nlvnpf-0059-089.jpg_3_2.jpg	train	246.5,157.0,38.9,526.0	𠬠払火虎𠬠払水竜	U+20B20 U+6255 U+706B U+864E U+20B20 U+6255 U+6C34 U+7ADC	8	Một chàng Hoả Hổ một chàng Thuỷ Long	8	1	𠬠払火虎𠬠払水竜	1
LucVanTien1916	nlvnpf-0059 (in mộc bản 1916)	nlvnpf-0059-089	data/LucVanTien1916/pages/images/nlvnpf-0059-089.jpg	8	4	1	data/LucVanTien1916/patches/nlvnpf-0059-089.jpg_4_1.jpg	data/LucVanTien1916/patches_preprocessed/train/nlvnpf-0059-089.jpg_4_1.jpg	train	207.6,157.0,37.4,525.4	吏添骨突元戎	U+540F U+6DFB U+9AA8 U+7A81 U+5143 U+620E	6	Lại thêm Cốt Ðột Nguyên Nhung	6	1	吏添骨突元戎	1
LucVanTien1916	nlvnpf-0059 (in mộc bản 1916)	nlvnpf-0059-089	data/LucVanTien1916/pages/images/nlvnpf-0059-089.jpg	9	4	2	data/LucVanTien1916/patches/nlvnpf-0059-089.jpg_4_2.jpg	data/LucVanTien1916/patches_preprocessed/train/nlvnpf-0059-089.jpg_4_2.jpg	train	207.6,157.0,37.4,525.4	𬑉韜𩅘𬦃相凶𨔍𨓡	U+2C449 U+97DC U+29158 U+2C983 U+76F8 U+51F6 U+2850D U+284E1	8	Mắt thao tóc đỏ tướng hung lạ lùng	8	1	𬑉韜𩅘𬦃相凶𨔍𨓡	1
LucVanTien1916	nlvnpf-0059 (in mộc bản 1916)	nlvnpf-0059-089	data/LucVanTien1916/pages/images/nlvnpf-0059-089.jpg	10	5	1	data/LucVanTien1916/patches/nlvnpf-0059-089.jpg_5_1.jpg	data/LucVanTien1916/patches_preprocessed/train/nlvnpf-0059-089.jpg_5_1.jpg	train	168.9,155.8,37.6,525.4	漢明𫥨飭先鋒	U+6F22 U+660E U+2B968 U+98ED U+5148 U+92D2	6	Hớn Minh ra sức tiên phong	6	1	漢明𫥨飭先鋒	1
LucVanTien1916	nlvnpf-0059 (in mộc bản 1916)	nlvnpf-0059-089	data/LucVanTien1916/pages/images/nlvnpf-0059-089.jpg	11	5	2	data/LucVanTien1916/patches/nlvnpf-0059-089.jpg_5_2.jpg	data/LucVanTien1916/patches_preprocessed/val/nlvnpf-0059-089.jpg_5_2.jpg	val	168.9,155.8,37.6,525.4	打󰠃火虎水竜𠬠回	U+6253 U+F0803 U+706B U+864E U+6C34 U+7ADC U+20B20 U+56DE	8	Ðánh cùng Hỏa Hổ, Thuỷ Long một hồi	8	1	打󰠃火虎水竜𠬠回	1
LucVanTien1916	nlvnpf-0059 (in mộc bản 1916)	nlvnpf-0059-089	data/LucVanTien1916/pages/images/nlvnpf-0059-089.jpg	12	6	1	data/LucVanTien1916/patches/nlvnpf-0059-089.jpg_6_1.jpg	data/LucVanTien1916/patches_preprocessed/train/nlvnpf-0059-089.jpg_6_1.jpg	train	131.1,155.8,39.3,525.4	漢明𢭄𠖈雷霆	U+6F22 U+660E U+22B44 U+20588 U+96F7 U+9706	6	Hớn Minh gậy xuống lôi đình	6	1	漢明𢭄𠖈雷霆	1
LucVanTien1916	nlvnpf-0059 (in mộc bản 1916)	nlvnpf-0059-089	data/LucVanTien1916/pages/images/nlvnpf-0059-089.jpg	13	6	2	data/LucVanTien1916/patches/nlvnpf-0059-089.jpg_6_2.jpg	data/LucVanTien1916/patches_preprocessed/val/nlvnpf-0059-089.jpg_6_2.jpg	val	131.1,155.8,39.3,525.4	𠄩払調沛𠬠辰𠇮亡	U+20129 U+6255 U+8ABF U+6C9B U+20B20 U+8FB0 U+201EE U+4EA1	8	Hai chàng đều phải một thời mạng vong	8	1	𠄩払調沛𠬠辰𠇮亡	1
LucVanTien1916	nlvnpf-0059 (in mộc bản 1916)	nlvnpf-0059-089	data/LucVanTien1916/pages/images/nlvnpf-0059-089.jpg	14	7	1	data/LucVanTien1916/patches/nlvnpf-0059-089.jpg_7_1.jpg	data/LucVanTien1916/patches_preprocessed/train/nlvnpf-0059-089.jpg_7_1.jpg	train	95.1,157.0,35.9,525.4	元戎骨突浽衝	U+5143 U+620E U+9AA8 U+7A81 U+6D7D U+885D	6	Nguyên Nhung Cốt Ðột nổi xung	6	1	元戎骨突浽衝	1
LucVanTien1916	nlvnpf-0059 (in mộc bản 1916)	nlvnpf-0059-089	data/LucVanTien1916/pages/images/nlvnpf-0059-089.jpg	15	7	2	data/LucVanTien1916/patches/nlvnpf-0059-089.jpg_7_2.jpg	data/LucVanTien1916/patches_preprocessed/train/nlvnpf-0059-089.jpg_7_2.jpg	train	95.1,157.0,35.9,525.4	𠄩𤽗𫼬鈽打󰠃漢明	U+20129 U+24F57 U+2BF2C U+923D U+6253 U+F0803 U+6F22 U+660E	8	Hai ngươi xách búa đánh cùng Hớn Minh	8	1	𠄩𤽗𫼬鈽打󰠃漢明	1
LucVanTien1916	nlvnpf-0059 (in mộc bản 1916)	nlvnpf-0059-089	data/LucVanTien1916/pages/images/nlvnpf-0059-089.jpg	16	8	1	data/LucVanTien1916/patches/nlvnpf-0059-089.jpg_8_1.jpg	data/LucVanTien1916/patches_preprocessed/train/nlvnpf-0059-089.jpg_8_1.jpg	train	58.2,154.6,35.8,528.4	漢𫥨飭孟敵鯨	U+6F22 U+2B968 U+98ED U+5B5F U+6575 U+9BE8	6	Hớn ra sức mạnh địch kình	6	1	漢𫥨飭孟敵鯨	1
LucVanTien1916	nlvnpf-0059 (in mộc bản 1916)	nlvnpf-0059-089	data/LucVanTien1916/pages/images/nlvnpf-0059-089.jpg	17	8	2	data/LucVanTien1916/patches/nlvnpf-0059-089.jpg_8_2.jpg	data/LucVanTien1916/patches_preprocessed/train/nlvnpf-0059-089.jpg_8_2.jpg	train	58.2,154.6,35.8,528.4	𧡊払化法秩𠇮𧼋𨆢	U+2784A U+6255 U+5316 U+6CD5 U+79E9 U+201EE U+27F0B U+281A2	8	Thấy chàng hóa phép giật mình chạy lui	8	1	𧡊払化法秩𠇮𧼋𨆢	1
LucVanTien1916	nlvnpf-0059 (in mộc bản 1916)	nlvnpf-0059-089	data/LucVanTien1916/pages/images/nlvnpf-0059-089.jpg	18	9	1	data/LucVanTien1916/patches/nlvnpf-0059-089.jpg_9_1.jpg	data/LucVanTien1916/patches_preprocessed/train/nlvnpf-0059-089.jpg_9_1.jpg	train	20.2,155.8,38.1,527.2	雲仙頭隊金魁	U+96F2 U+4ED9 U+982D U+968A U+91D1 U+9B41	6	Vân Tiên đầu đội kim khôi	6	1	雲仙頭隊金魁	1
LucVanTien1916	nlvnpf-0059 (in mộc bản 1916)	nlvnpf-0059-089	data/LucVanTien1916/pages/images/nlvnpf-0059-089.jpg	19	9	2	data/LucVanTien1916/patches/nlvnpf-0059-089.jpg_9_2.jpg	data/LucVanTien1916/patches_preprocessed/train/nlvnpf-0059-089.jpg_9_2.jpg	train	20.2,155.8,38.1,527.2	𢬣扲超泊𠇮𡎢馭烏	U+22B23 U+6272 U+8D85 U+6CCA U+201EE U+213A2 U+99AD U+70CF	8	Tay cầm siêu bạc, mình ngồi ngựa ô	8	1	𢬣扲超泊𠇮𡎢馭烏	1
LucVanTien1916	nlvnpf-0059 (in mộc bản 1916)	nlvnpf-0059-090	data/LucVanTien1916/pages/images/nlvnpf-0059-090.jpg	0	0	1	data/LucVanTien1916/patches/nlvnpf-0059-090.jpg_0_1.jpg	data/LucVanTien1916/patches_preprocessed/train/nlvnpf-0059-090.jpg_0_1.jpg	train	442.9,153.9,32.6,527.8	𠬠𠇮𥄮陣衝無	U+20B20 U+201EE U+2512E U+9663 U+885D U+7121	6	Một mình nhằm trận xông vô	6	1	𠬠𠇮𥄮陣衝無	1
LucVanTien1916	nlvnpf-0059 (in mộc bản 1916)	nlvnpf-0059-090	data/LucVanTien1916/pages/images/nlvnpf-0059-090.jpg	1	0	2	data/LucVanTien1916/patches/nlvnpf-0059-090.jpg_0_2.jpg	data/LucVanTien1916/patches_preprocessed/val/nlvnpf-0059-090.jpg_0_2.jpg	val	442.9,153.9,32.6,527.8	󰠃𤽗骨突打朱最㝵	U+F0803 U+24F57 U+9AA8 U+7A81 U+6253 U+6731 U+6700 U+3775	8	Cùng ngươi Cốt Đột đánh cho tối ngày	8	1	󰠃𤽗骨突打朱最㝵	1
LucVanTien1916	nlvnpf-0059 (in mộc bản 1916)	nlvnpf-0059-090	data/LucVanTien1916/pages/images/nlvnpf-0059-090.jpg	2	1	1	data/LucVanTien1916/patches/nlvnpf-0059-090.jpg_1_1.jpg	data/LucVanTien1916/patches_preprocessed/train/nlvnpf-0059-090.jpg_1_1.jpg	train	407.6,154.6,34.8,528.4	倍横𢮿馭朋𫢩	U+500D U+6A2A U+22BBF U+99AD U+670B U+2B8A9	6	Vội vàng quày ngựa bằng nay	6	1	倍横𢮿馭朋𫢩	1
LucVanTien1916	nlvnpf-0059 (in mộc bản 1916)	nlvnpf-0059-090	data/LucVanTien1916/pages/images/nlvnpf-0059-090.jpg	3	1	2	data/LucVanTien1916/patches/nlvnpf-0059-090.jpg_1_2.jpg	data/LucVanTien1916/patches_preprocessed/train/nlvnpf-0059-090.jpg_1_2.jpg	train	407.6,154.6,34.8,528.4	傳軍以𧖱題𣦍𦰟旗	U+50B3 U+8ECD U+4EE5 U+275B1 U+984C U+2398D U+26C1F U+65D7	8	Truyền quân lấy máu đề ngay ngọn cờ	8	1	傳軍以𧖱題𣦍𦰟旗	1
LucVanTien1916	nlvnpf-0059 (in mộc bản 1916)	nlvnpf-0059-090	data/LucVanTien1916/pages/images/nlvnpf-0059-090.jpg	4	2	1	data/LucVanTien1916/patches/nlvnpf-0059-090.jpg_2_1.jpg	data/LucVanTien1916/patches_preprocessed/train/nlvnpf-0059-090.jpg_2_1.jpg	train	366.7,156.6,37.3,527.6	𠀧軍劍敎調抒	U+20027 U+8ECD U+528D U+654E U+8ABF U+6292	6	Ba quân gươm giáo đều giơ	6	1	𠀧軍劍敎調抒	1
LucVanTien1916	nlvnpf-0059 (in mộc bản 1916)	nlvnpf-0059-090	data/LucVanTien1916/pages/images/nlvnpf-0059-090.jpg	5	2	2	data/LucVanTien1916/patches/nlvnpf-0059-090.jpg_2_2.jpg	data/LucVanTien1916/patches_preprocessed/val/nlvnpf-0059-090.jpg_2_2.jpg	val	366.7,156.6,37.3,527.6	火魔䀡𧡊𠬠除調散	U+706B U+9B54 U+4021 U+2784A U+20B20 U+9664 U+8ABF U+6563	8	Hoả ma xem thấy một giờ đều tan	8	1	火魔䀡𧡊𠬠除調散	1
LucVanTien1916	nlvnpf-0059 (in mộc bản 1916)	nlvnpf-0059-090	data/LucVanTien1916/pages/images/nlvnpf-0059-090.jpg	6	3	1	data/LucVanTien1916/patches/nlvnpf-0059-090.jpg_3_1.jpg	data/LucVanTien1916/patches_preprocessed/train/nlvnpf-0059-090.jpg_3_1.jpg	train	329.7,155.2,36.9,529.0	法𫥨骨突驚惶	U+6CD5 U+2B968 U+9AA8 U+7A81 U+9A5A U+60F6	6	Phép ra Cốt Đột kinh hoàng	6	1	法𫥨骨突驚惶	1
LucVanTien1916	nlvnpf-0059 (in mộc bản 1916)	nlvnpf-0059-090	data/LucVanTien1916/pages/images/nlvnpf-0059-090.jpg	7	3	2	data/LucVanTien1916/patches/nlvnpf-0059-090.jpg_3_2.jpg	data/LucVanTien1916/patches_preprocessed/train/nlvnpf-0059-090.jpg_3_2.jpg	train	329.7,155.2,36.9,529.0	𤇊又浮陣打󰠃雲仙	U+241CA U+53C8 U+6D6E U+9663 U+6253 U+F0803 U+96F2 U+4ED9	8	Bừng bừng nổi trận đánh cùng Vân Tiên	8	1	𤇊又浮陣打󰠃雲仙	1
LucVanTien1916	nlvnpf-0059 (in mộc bản 1916)	nlvnpf-0059-090	data/LucVanTien1916/pages/images/nlvnpf-0059-090.jpg	8	4	1	data/LucVanTien1916/patches/nlvnpf-0059-090.jpg_4_1.jpg	data/LucVanTien1916/patches_preprocessed/train/nlvnpf-0059-090.jpg_4_1.jpg	train	289.8,156.4,37.1,528.4	雲仙𨀈細陣前	U+96F2 U+4ED9 U+28008 U+7D30 U+9663 U+524D	6	Vân Tiên bước tới trận tiền	6	1	雲仙𨀈細陣前	1
LucVanTien1916	nlvnpf-0059 (in mộc bản 1916)	nlvnpf-0059-090	data/LucVanTien1916/pages/images/nlvnpf-0059-090.jpg	9	4	2	data/LucVanTien1916/patches/nlvnpf-0059-090.jpg_4_2.jpg	data/LucVanTien1916/patches_preprocessed/train/nlvnpf-0059-090.jpg_4_2.jpg	train	289.8,156.4,37.1,528.4	共𤽗骨突打連最㝵	U+5171 U+24F57 U+9AA8 U+7A81 U+6253 U+9023 U+6700 U+3775	8	Cùng ngươi Cốt Đột đánh liên tối ngày	8	1	共𤽗骨突打連最㝵	1
LucVanTien1916	nlvnpf-0059 (in mộc bản 1916)	nlvnpf-0059-090	data/LucVanTien1916/pages/images/nlvnpf-0059-090.jpg	10	5	1	data/LucVanTien1916/patches/nlvnpf-0059-090.jpg_5_1.jpg	data/LucVanTien1916/patches_preprocessed/train/nlvnpf-0059-090.jpg_5_1.jpg	train	249.3,156.4,38.5,528.4	沙机𠬠丿𧼋𣦍	U+6C99 U+673A U+20B20 U+4E3F U+27F0B U+2398D	6	Sa cơ một phút chạy ngay	6	1	沙机𠬠丿𧼋𣦍	1
LucVanTien1916	nlvnpf-0059 (in mộc bản 1916)	nlvnpf-0059-090	data/LucVanTien1916/pages/images/nlvnpf-0059-090.jpg	11	5	2	data/LucVanTien1916/patches/nlvnpf-0059-090.jpg_5_2.jpg	data/LucVanTien1916/patches_preprocessed/train/nlvnpf-0059-090.jpg_5_2.jpg	train	249.3,156.4,38.5,528.4	状元逐馭及𣈙𢬭蹺	U+72B6 U+5143 U+9010 U+99AD U+53CA U+23219 U+22B2D U+8E7A	8	Trạng nguyên giục ngựa kịp rày đuổi theo	8	1	状元逐馭及𣈙𢬭蹺	1
LucVanTien1916	nlvnpf-0059 (in mộc bản 1916)	nlvnpf-0059-090	data/LucVanTien1916/pages/images/nlvnpf-0059-090.jpg	12	6	1	data/LucVanTien1916/patches/nlvnpf-0059-090.jpg_6_1.jpg	data/LucVanTien1916/patches_preprocessed/train/nlvnpf-0059-090.jpg_6_1.jpg	train	210.7,158.2,38.2,527.3	󰠵戈𣃣鄧𬙞岧	U+F0835 U+6208 U+230E3 U+9127 U+2C65E U+5CA7	6	Trải qua vừa đặng bảy đèo	6	1	󰠵戈𣃣鄧𬙞岧	1
LucVanTien1916	nlvnpf-0059 (in mộc bản 1916)	nlvnpf-0059-090	data/LucVanTien1916/pages/images/nlvnpf-0059-090.jpg	13	6	2	data/LucVanTien1916/patches/nlvnpf-0059-090.jpg_6_2.jpg	data/LucVanTien1916/patches_preprocessed/train/nlvnpf-0059-090.jpg_6_2.jpg	train	210.7,158.2,38.2,527.3	感傷骨突運𠨪奈包	U+611F U+50B7 U+9AA8 U+7A81 U+904B U+20A2A U+5948 U+5305	8	Cảm thương Cốt Đột vận nghèo nài bao	8	1	感傷骨突運𠨪奈包	1
LucVanTien1916	nlvnpf-0059 (in mộc bản 1916)	nlvnpf-0059-090	data/LucVanTien1916/pages/images/nlvnpf-0059-090.jpg	14	7	1	data/LucVanTien1916/patches/nlvnpf-0059-090.jpg_7_1.jpg	data/LucVanTien1916/patches_preprocessed/train/nlvnpf-0059-090.jpg_7_1.jpg	train	174.1,157.6,38.8,528.6	感傷骨突運𠨪奈包	U+611F U+50B7 U+9AA8 U+7A81 U+904B U+20A2A U+5948 U+5305	8	Cảm thương Cốt Đột vận nghèo nài bao	8	1	??????	0
LucVanTien1916	nlvnpf-0059 (in mộc bản 1916)	nlvnpf-0059-090	data/LucVanTien1916/pages/images/nlvnpf-0059-090.jpg	15	7	2	data/LucVanTien1916/patches/nlvnpf-0059-090.jpg_7_2.jpg	data/LucVanTien1916/patches_preprocessed/train/nlvnpf-0059-090.jpg_7_2.jpg	train	174.1,157.6,38.8,528.6	状元鉆骨突耒	U+72B6 U+5143 U+9246 U+9AA8 U+7A81 U+8012	6	Trạng nguyên chém Cốt Đột rồi	6	1	????????	0
LucVanTien1916	nlvnpf-0059 (in mộc bản 1916)	nlvnpf-0059-090	data/LucVanTien1916/pages/images/nlvnpf-0059-090.jpg	16	8	1	data/LucVanTien1916/patches/nlvnpf-0059-090.jpg_8_1.jpg	data/LucVanTien1916/patches_preprocessed/train/nlvnpf-0059-090.jpg_8_1.jpg	train	135.1,160.1,38.9,526.7	状元鉆骨突耒	U+72B6 U+5143 U+9246 U+9AA8 U+7A81 U+8012	6	Trạng nguyên chém Cốt Đột rồi	6	1	状元鉆骨突耒	1
LucVanTien1916	nlvnpf-0059 (in mộc bản 1916)	nlvnpf-0059-090	data/LucVanTien1916/pages/images/nlvnpf-0059-090.jpg	17	8	2	data/LucVanTien1916/patches/nlvnpf-0059-090.jpg_8_2.jpg	data/LucVanTien1916/patches_preprocessed/train/nlvnpf-0059-090.jpg_8_2.jpg	train	135.1,160.1,38.9,526.7	頭撩古馭𪔠回收軍	U+982D U+64A9 U+53E4 U+99AD U+2A520 U+56DE U+6536 U+8ECD	8	Đầu treo cổ ngựa trống hồi thu quân	8	1	頭撩古馭𪔠回收軍	1
LucVanTien1916	nlvnpf-0059 (in mộc bản 1916)	nlvnpf-0059-090	data/LucVanTien1916/pages/images/nlvnpf-0059-090.jpg	18	9	1	data/LucVanTien1916/patches/nlvnpf-0059-090.jpg_9_1.jpg	data/LucVanTien1916/patches_preprocessed/train/nlvnpf-0059-090.jpg_9_1.jpg	train	99.2,160.7,36.4,525.4	頭撩古馭𪔠回收軍	U+982D U+64A9 U+53E4 U+99AD U+2A520 U+56DE U+6536 U+8ECD	8	Đầu treo cổ ngựa trống hồi thu quân	8	1	諸軍𦊚費調㖫	0
LucVanTien1916	nlvnpf-0059 (in mộc bản 1916)	nlvnpf-0059-090	data/LucVanTien1916/pages/images/nlvnpf-0059-090.jpg	19	9	2	data/LucVanTien1916/patches/nlvnpf-0059-090.jpg_9_2.jpg	data/LucVanTien1916/patches_preprocessed/train/nlvnpf-0059-090.jpg_9_2.jpg	train	99.2,160.7,36.4,525.4	諸軍𦊚費調㖫	U+8AF8 U+8ECD U+2629A U+8CBB U+8ABF U+35AB	6	Chư quân bốn phía đều lăng	6	1	𡗶它最󱔚別澄𧵆賖	0
LucVanTien1916	nlvnpf-0059 (in mộc bản 1916)	nlvnpf-0059-090	data/LucVanTien1916/pages/images/nlvnpf-0059-090.jpg	20							𡗶它最󱔚別澄𧵆賖	U+215F6 U+5B83 U+6700 U+F151A U+5225 U+6F84 U+27D46 U+8CD6	8	Trời đà tối mịt biết chừng gần xa	8	1		
LucVanTien1916	nlvnpf-0059 (in mộc bản 1916)	nlvnpf-0059-091	data/LucVanTien1916/pages/images/nlvnpf-0059-091.jpg	0	0	1	data/LucVanTien1916/patches/nlvnpf-0059-091.jpg_0_1.jpg	data/LucVanTien1916/patches_preprocessed/train/nlvnpf-0059-091.jpg_0_1.jpg	train	361.9,169.8,38.4,518.0	冲𨉓㐌𩛜㤕𢚷	U+51B2 U+28253 U+340C U+296DC U+3915 U+226B7	6	Trong mình đã đói xót xa	6	1	冲𨉓㐌𩛜㤕𢚷	1
LucVanTien1916	nlvnpf-0059 (in mộc bản 1916)	nlvnpf-0059-091	data/LucVanTien1916/pages/images/nlvnpf-0059-091.jpg	1	0	2	data/LucVanTien1916/patches/nlvnpf-0059-091.jpg_0_2.jpg	data/LucVanTien1916/patches_preprocessed/val/nlvnpf-0059-091.jpg_0_2.jpg	val	361.9,169.8,38.4,518.0	𠬠𨉓冲𡶀別𦋦𡉦芇	U+20B20 U+28253 U+51B2 U+21D80 U+5225 U+262E6 U+21266 U+8287	8	Một mình trong núi biết ra ngõ nào	8	1	𠬠𨉓冲𡶀別𦋦𡉦芇	1
LucVanTien1916	nlvnpf-0059 (in mộc bản 1916)	nlvnpf-0059-091	data/LucVanTien1916/pages/images/nlvnpf-0059-091.jpg	2	1	1	data/LucVanTien1916/patches/nlvnpf-0059-091.jpg_1_1.jpg	data/LucVanTien1916/patches_preprocessed/train/nlvnpf-0059-091.jpg_1_1.jpg	train	321.5,169.2,41.9,514.4	𡏦𨒺冲𡶀烏巢	U+213E6 U+284BA U+51B2 U+21D80 U+70CF U+5DE2	6	Xoay quanh trong núi Ô Sào	6	1	𡏦𨒺冲𡶀烏巢	1
LucVanTien1916	nlvnpf-0059 (in mộc bản 1916)	nlvnpf-0059-091	data/LucVanTien1916/pages/images/nlvnpf-0059-091.jpg	3	1	2	data/LucVanTien1916/patches/nlvnpf-0059-091.jpg_1_2.jpg	data/LucVanTien1916/patches_preprocessed/val/nlvnpf-0059-091.jpg_1_2.jpg	val	321.5,169.2,41.9,514.4	姅店盘論塘𠓨𡉦𦋦	U+59C5 U+5E97 U+76D8 U+8AD6 U+5858 U+204E8 U+21266 U+262E6	8	Nửa đêm bàn luận đường vào ngõ ra	8	1	姅店盘論塘𠓨𡉦𦋦	1
LucVanTien1916	nlvnpf-0059 (in mộc bản 1916)	nlvnpf-0059-091	data/LucVanTien1916/pages/images/nlvnpf-0059-091.jpg	4	2	1	data/LucVanTien1916/patches/nlvnpf-0059-091.jpg_2_1.jpg	data/LucVanTien1916/patches_preprocessed/train/nlvnpf-0059-091.jpg_2_1.jpg	train	284.8,168.6,37.8,519.9	次尼細次月娥	U+6B21 U+5C3C U+7D30 U+6B21 U+6708 U+5A25	6	Thứ này tới thứ Nguyệt Nga	6	1	次尼細次月娥	1
LucVanTien1916	nlvnpf-0059 (in mộc bản 1916)	nlvnpf-0059-091	data/LucVanTien1916/pages/images/nlvnpf-0059-091.jpg	5	2	2	data/LucVanTien1916/patches/nlvnpf-0059-091.jpg_2_2.jpg	data/LucVanTien1916/patches_preprocessed/val/nlvnpf-0059-091.jpg_2_2.jpg	val	284.8,168.6,37.8,519.9	於低併它欣𠀧𢆥耒	U+65BC U+4F4E U+4F75 U+5B83 U+6B23 U+20027 U+221A5 U+8012	8	Ở đây tính đã hơn ba năm rồi	8	1	於低併它欣𠀧𢆥耒	1
LucVanTien1916	nlvnpf-0059 (in mộc bản 1916)	nlvnpf-0059-091	data/LucVanTien1916/pages/images/nlvnpf-0059-091.jpg	6	3	1	data/LucVanTien1916/patches/nlvnpf-0059-091.jpg_3_1.jpg	data/LucVanTien1916/patches_preprocessed/train/nlvnpf-0059-091.jpg_3_1.jpg	train	245.2,167.4,42.0,518.6	𣈘𣈗炵𦰟畑𡎢	U+23218 U+23217 U+70B5 U+26C1F U+7551 U+213A2	6	Ðêm ngày chong ngọn đèn ngồi	6	1	𣈘𣈗炵𦰟畑𡎢	1
LucVanTien1916	nlvnpf-0059 (in mộc bản 1916)	nlvnpf-0059-091	data/LucVanTien1916/pages/images/nlvnpf-0059-091.jpg	7	3	2	data/LucVanTien1916/patches/nlvnpf-0059-091.jpg_3_2.jpg	data/LucVanTien1916/patches_preprocessed/val/nlvnpf-0059-091.jpg_3_2.jpg	val	245.2,167.4,42.0,518.6	庒咍冲胣徘徊𡀯之	U+5E92 U+548D U+51B2 U+80E3 U+5F98 U+5F8A U+2102F U+4E4B	8	Chẳng hay trong dạ bồi hồi chuyện chi	8	1	庒咍冲胣徘徊𡀯之	1
LucVanTien1916	nlvnpf-0059 (in mộc bản 1916)	nlvnpf-0059-091	data/LucVanTien1916/pages/images/nlvnpf-0059-091.jpg	8	4	1	data/LucVanTien1916/patches/nlvnpf-0059-091.jpg_4_1.jpg	data/LucVanTien1916/patches_preprocessed/train/nlvnpf-0059-091.jpg_4_1.jpg	train	207.8,164.3,39.0,521.1	󰞹音𢈱畧群𥱬	U+F07B9 U+97F3 U+22231 U+7567 U+7FA4 U+25C6C	6	Quan âm lời trước còn ghi	6	1	󰞹音𢈱畧群𥱬	1
LucVanTien1916	nlvnpf-0059 (in mộc bản 1916)	nlvnpf-0059-091	data/LucVanTien1916/pages/images/nlvnpf-0059-091.jpg	9	4	2	data/LucVanTien1916/patches/nlvnpf-0059-091.jpg_4_2.jpg	data/LucVanTien1916/patches_preprocessed/train/nlvnpf-0059-091.jpg_4_2.jpg	train	207.8,164.3,39.0,521.1	吹𢧚胣妾喓𠻗待𢙇	U+5439 U+229DA U+80E3 U+59BE U+5593 U+20ED7 U+5F85 U+22647	8	Xuy nên dạ thiếp éo le giãi hoài	8	1	吹𢧚胣妾喓𠻗待𢙇	1
LucVanTien1916	nlvnpf-0059 (in mộc bản 1916)	nlvnpf-0059-091	data/LucVanTien1916/pages/images/nlvnpf-0059-091.jpg	10	5	1	data/LucVanTien1916/patches/nlvnpf-0059-091.jpg_5_1.jpg	data/LucVanTien1916/patches_preprocessed/train/nlvnpf-0059-091.jpg_5_1.jpg	train	170.5,163.1,37.7,523.5	㐌停𥒥󰞺鐄派	U+340C U+505C U+254A5 U+F07BA U+9404 U+6D3E	6	Ðã đành đá nát vàng phai	6	1	㐌停𥒥󰞺鐄派	1
LucVanTien1916	nlvnpf-0059 (in mộc bản 1916)	nlvnpf-0059-091	data/LucVanTien1916/pages/images/nlvnpf-0059-091.jpg	11	5	2	data/LucVanTien1916/patches/nlvnpf-0059-091.jpg_5_2.jpg	data/LucVanTien1916/patches_preprocessed/train/nlvnpf-0059-091.jpg_5_2.jpg	train	170.5,163.1,37.7,523.5	㐌仃𠖈准泉󰉟﨤饒	U+340C U+4EC3 U+20588 U+51C6 U+6CC9 U+F025F U+FA24 U+9952	8	Đã đành xuống chốn tuyền đài gặp nhau	8	1	㐌仃𠖈准泉󰉟﨤饒	1
LucVanTien1916	nlvnpf-0059 (in mộc bản 1916)	nlvnpf-0059-091	data/LucVanTien1916/pages/images/nlvnpf-0059-091.jpg	12	6	1	data/LucVanTien1916/patches/nlvnpf-0059-091.jpg_6_1.jpg	data/LucVanTien1916/patches_preprocessed/train/nlvnpf-0059-091.jpg_6_1.jpg	train	130.8,163.1,37.6,523.5	月娥渚掣浽愁	U+6708 U+5A25 U+6E1A U+63A3 U+6D7D U+6101	6	Nguyệt Nga chưa xiết nỗi sầu	6	1	月娥渚掣浽愁	1
LucVanTien1916	nlvnpf-0059 (in mộc bản 1916)	nlvnpf-0059-091	data/LucVanTien1916/pages/images/nlvnpf-0059-091.jpg	13	6	2	data/LucVanTien1916/patches/nlvnpf-0059-091.jpg_6_2.jpg	data/LucVanTien1916/patches_preprocessed/val/nlvnpf-0059-091.jpg_6_2.jpg	val	130.8,163.1,37.6,523.5	侈𦖑岳馭於󰦓細茄	U+4F88 U+26591 U+5CB3 U+99AD U+65BC U+F0993 U+7D30 U+8304	8	Xẩy nghe nhạc ngựa ở đâu tới nhà	8	1	侈𦖑岳馭於󰦓細茄	1
LucVanTien1916	nlvnpf-0059 (in mộc bản 1916)	nlvnpf-0059-091	data/LucVanTien1916/pages/images/nlvnpf-0059-091.jpg	14	7	1	data/LucVanTien1916/patches/nlvnpf-0059-091.jpg_7_1.jpg	data/LucVanTien1916/patches_preprocessed/train/nlvnpf-0059-091.jpg_7_1.jpg	train	93.5,161.3,38.3,524.8	呌浪埃於冲茄	U+544C U+6D6A U+57C3 U+65BC U+51B2 U+8304	6	Kêu rằng ai ở trong nhà	6	1	呌浪埃於冲茄	1
LucVanTien1916	nlvnpf-0059 (in mộc bản 1916)	nlvnpf-0059-091	data/LucVanTien1916/pages/images/nlvnpf-0059-091.jpg	15	7	2	data/LucVanTien1916/patches/nlvnpf-0059-091.jpg_7_2.jpg	data/LucVanTien1916/patches_preprocessed/val/nlvnpf-0059-091.jpg_7_2.jpg	val	93.5,161.3,38.3,524.8	塘𧗱䦕隘指𦋦朱𨉓	U+5858 U+275F1 U+4995 U+9698 U+6307 U+262E6 U+6731 U+28253	8	Đường về quan ải chỉ ra cho mình	8	1	塘𧗱䦕隘指𦋦朱𨉓	1
LucVanTien1916	nlvnpf-0059 (in mộc bản 1916)	nlvnpf-0059-091	data/LucVanTien1916/pages/images/nlvnpf-0059-091.jpg	16	8	1	data/LucVanTien1916/patches/nlvnpf-0059-091.jpg_8_1.jpg	data/LucVanTien1916/patches_preprocessed/train/nlvnpf-0059-091.jpg_8_1.jpg	train	56.3,159.4,36.8,526.0	月娥𡎢𢜝爫清	U+6708 U+5A25 U+213A2 U+2271D U+722B U+6E05	6	Nguyệt Nga ngồi sợ làm thinh	6	1	月娥𡎢𢜝爫清	1
LucVanTien1916	nlvnpf-0059 (in mộc bản 1916)	nlvnpf-0059-091	data/LucVanTien1916/pages/images/nlvnpf-0059-091.jpg	17	8	2	data/LucVanTien1916/patches/nlvnpf-0059-091.jpg_8_2.jpg			56.3,159.4,36.8,526.0	状元𠖈馭𢬣[?]𢭹𠓨	U+72B6 U+5143 U+20588 U+99AD U+22B23 U+005B U+003F U+005D U+22B79 U+204E8	10	Trạng nguyên xuống ngựa tay [?] lần vào	8	0	状元𠖈馭𢬣?𢭹𠓨	0
LucVanTien1916	nlvnpf-0059 (in mộc bản 1916)	nlvnpf-0059-091	data/LucVanTien1916/pages/images/nlvnpf-0059-091.jpg	18	9	1	data/LucVanTien1916/patches/nlvnpf-0059-091.jpg_9_1.jpg	data/LucVanTien1916/patches_preprocessed/train/nlvnpf-0059-091.jpg_9_1.jpg	train	22,157.6,36.7,526.6	老妑曳𠳨𠊚芇	U+8001 U+5991 U+66F3 U+20CE8 U+2029A U+8287	6	Lão bà dậy hỏi người nao	6	1	老妑曳𠳨𠊚芇	1
LucVanTien1916	nlvnpf-0059 (in mộc bản 1916)	nlvnpf-0059-091	data/LucVanTien1916/pages/images/nlvnpf-0059-091.jpg	19	9	2	data/LucVanTien1916/patches/nlvnpf-0059-091.jpg_9_2.jpg	data/LucVanTien1916/patches_preprocessed/val/nlvnpf-0059-091.jpg_9_2.jpg	val	22,157.6,36.7,526.6	店𣅘𨔍𩈘敢𠓨茄些	U+5E97 U+23158 U+2850D U+29218 U+6562 U+204E8 U+8304 U+4E9B	8	Đêm khuya lạ mặt dám vào nhà ta	8	1	店𣅘𨔍𩈘敢𠓨茄些	1
LucVanTien1916	nlvnpf-0059 (in mộc bản 1916)	nlvnpf-0059-092	data/LucVanTien1916/pages/images/nlvnpf-0059-092.jpg	0	0	1	data/LucVanTien1916/patches/nlvnpf-0059-092.jpg_0_1.jpg	data/LucVanTien1916/patches_preprocessed/train/nlvnpf-0059-092.jpg_0_1.jpg	train	442.0,155.2,32.9,527.2	浪碎國状楚家	U+6D6A U+788E U+570B U+72B6 U+695A U+5BB6	6	Rằng tôi quốc trạng Sở gia	6	1	浪碎國状楚家	1
LucVanTien1916	nlvnpf-0059 (in mộc bản 1916)	nlvnpf-0059-092	data/LucVanTien1916/pages/images/nlvnpf-0059-092.jpg	1	0	2	data/LucVanTien1916/patches/nlvnpf-0059-092.jpg_0_2.jpg	data/LucVanTien1916/patches_preprocessed/train/nlvnpf-0059-092.jpg_0_2.jpg	train	442.0,155.2,32.9,527.2	爲蹺擛賊烏戈落塘	U+7232 U+8E7A U+64DB U+8CCA U+70CF U+6208 U+843D U+5858	8	Vì theo dẹp giặc Ô Qua lạc đường	8	1	爲蹺擛賊烏戈落塘	1
LucVanTien1916	nlvnpf-0059 (in mộc bản 1916)	nlvnpf-0059-092	data/LucVanTien1916/pages/images/nlvnpf-0059-092.jpg	2	1	1	data/LucVanTien1916/patches/nlvnpf-0059-092.jpg_1_1.jpg	data/LucVanTien1916/patches_preprocessed/train/nlvnpf-0059-092.jpg_1_1.jpg	train	403.6,154.6,36.2,528.4	老妑𦖑呐驚惶	U+8001 U+5991 U+26591 U+5450 U+9A5A U+60F6	6	Lão bà nghe nói kinh hoàng	6	1	老妑𦖑呐驚惶	1
LucVanTien1916	nlvnpf-0059 (in mộc bản 1916)	nlvnpf-0059-092	data/LucVanTien1916/pages/images/nlvnpf-0059-092.jpg	3	1	2	data/LucVanTien1916/patches/nlvnpf-0059-092.jpg_1_2.jpg	data/LucVanTien1916/patches_preprocessed/train/nlvnpf-0059-092.jpg_1_2.jpg	train	403.6,154.6,36.2,528.4	尖蒌渃倍鐄𠳐𦋦	U+5C16 U+848C U+6E03 U+500D U+9404 U+20CD0 U+262E6	7	Tiêm trầu quật nước vội vàng bưng ra	8	0	尖蒌掘渃倍鐄𠳐𦋦	0
LucVanTien1916	nlvnpf-0059 (in mộc bản 1916)	nlvnpf-0059-092	data/LucVanTien1916/pages/images/nlvnpf-0059-092.jpg	4	2	1	data/LucVanTien1916/patches/nlvnpf-0059-092.jpg_2_1.jpg	data/LucVanTien1916/patches_preprocessed/train/nlvnpf-0059-092.jpg_2_1.jpg	train	369.1,155.2,36.3,526.0	状元𡎢𥄮月娥	U+72B6 U+5143 U+213A2 U+2512E U+6708 U+5A25	6	Trạng nguyên ngồi nhắm Nguyệt Nga	6	1	状元𡎢𥄮月娥	1
LucVanTien1916	nlvnpf-0059 (in mộc bản 1916)	nlvnpf-0059-092	data/LucVanTien1916/pages/images/nlvnpf-0059-092.jpg	5	2	2	data/LucVanTien1916/patches/nlvnpf-0059-092.jpg_2_2.jpg	data/LucVanTien1916/patches_preprocessed/train/nlvnpf-0059-092.jpg_2_2.jpg	train	369.1,155.2,36.3,526.0	兑𥆾幅像𢚸它生𪟽	U+5151 U+251BE U+5E45 U+50CF U+226B8 U+5B83 U+751F U+2A7FD	8	Thoạt nhìn bức tượng lòng đà sinh nghi	8	1	兑𥆾幅像𢚸它生𪟽	1
LucVanTien1916	nlvnpf-0059 (in mộc bản 1916)	nlvnpf-0059-092	data/LucVanTien1916/pages/images/nlvnpf-0059-092.jpg	6	3	1	data/LucVanTien1916/patches/nlvnpf-0059-092.jpg_3_1.jpg	data/LucVanTien1916/patches_preprocessed/train/nlvnpf-0059-092.jpg_3_1.jpg	train	327.3,156.4,42.9,527.8	𠳨浪像𧘇像之	U+20CE8 U+6D6A U+50CF U+27607 U+50CF U+4E4B	6	Hỏi rằng: Tượng ấy tượng chi	6	1	𠳨浪像𧘇像之	1
LucVanTien1916	nlvnpf-0059 (in mộc bản 1916)	nlvnpf-0059-092	data/LucVanTien1916/pages/images/nlvnpf-0059-092.jpg	7	3	2	data/LucVanTien1916/patches/nlvnpf-0059-092.jpg_3_2.jpg	data/LucVanTien1916/patches_preprocessed/train/nlvnpf-0059-092.jpg_3_2.jpg	train	327.3,156.4,42.9,527.8	𠰙埃窖𡳒容󰀩󰲾𨉓	U+20C19 U+57C3 U+7A96 U+21CD2 U+5BB9 U+F0029 U+F0CBE U+28253	8	Khen ai khéo vẽ dung nghi giống mình	8	1	𠰙埃窖𡳒容󰀩󰲾𨉓	1
LucVanTien1916	nlvnpf-0059 (in mộc bản 1916)	nlvnpf-0059-092	data/LucVanTien1916/pages/images/nlvnpf-0059-092.jpg	8	4	1	data/LucVanTien1916/patches/nlvnpf-0059-092.jpg_4_1.jpg	data/LucVanTien1916/patches_preprocessed/train/nlvnpf-0059-092.jpg_4_1.jpg	train	290.0,157.6,39.8,527.2	頭𡳪渚訴事情	U+982D U+21CEA U+6E1A U+8A34 U+4E8B U+60C5	6	Ðầu đuôi chưa tỏ sự tình	6	1	頭𡳪渚訴事情	1
LucVanTien1916	nlvnpf-0059 (in mộc bản 1916)	nlvnpf-0059-092	data/LucVanTien1916/pages/images/nlvnpf-0059-092.jpg	9	4	2	data/LucVanTien1916/patches/nlvnpf-0059-092.jpg_4_2.jpg	data/LucVanTien1916/patches_preprocessed/val/nlvnpf-0059-092.jpg_4_2.jpg	val	290.0,157.6,39.8,527.2	老妑呵呐姓名朱詳	U+8001 U+5991 U+5475 U+5450 U+59D3 U+540D U+6731 U+8A73	8	Lão bà há nói tính danh cho tường	8	1	老妑呵呐姓名朱詳	1
LucVanTien1916	nlvnpf-0059 (in mộc bản 1916)	nlvnpf-0059-092	data/LucVanTien1916/pages/images/nlvnpf-0059-092.jpg	10	5	1	data/LucVanTien1916/patches/nlvnpf-0059-092.jpg_5_1.jpg	data/LucVanTien1916/patches_preprocessed/train/nlvnpf-0059-092.jpg_5_1.jpg	train	249.0,156.4,41.2,529.6	老妑庒敢呐奸	U+8001 U+5991 U+5E92 U+6562 U+5450 U+5978	6	Lão bà chẳng dám nói gian	6	1	老妑庒敢呐奸	1
LucVanTien1916	nlvnpf-0059 (in mộc bản 1916)	nlvnpf-0059-092	data/LucVanTien1916/pages/images/nlvnpf-0059-092.jpg	11	5	2	data/LucVanTien1916/patches/nlvnpf-0059-092.jpg_5_2.jpg	data/LucVanTien1916/patches_preprocessed/val/nlvnpf-0059-092.jpg_5_2.jpg	val	249.0,156.4,41.2,529.6	像尼本寔𫯳娘𡎢低	U+50CF U+5C3C U+672C U+5BD4 U+2BBF3 U+5A18 U+213A2 U+4F4E	8	Tượng này vốn thiệt chồng nàng ngồi đây	8	1	像尼本寔𫯳娘𡎢低	1
LucVanTien1916	nlvnpf-0059 (in mộc bản 1916)	nlvnpf-0059-092	data/LucVanTien1916/pages/images/nlvnpf-0059-092.jpg	12	6	1	data/LucVanTien1916/patches/nlvnpf-0059-092.jpg_6_1.jpg	data/LucVanTien1916/patches_preprocessed/train/nlvnpf-0059-092.jpg_6_1.jpg	train	211.8,156.4,37.9,530.3	状浪娘𨁯吏低	U+72B6 U+6D6A U+5A18 U+2806F U+540F U+4F4E	6	Trạng rằng: Nàng xích lại đây	6	1	状浪娘𨁯吏低	1
LucVanTien1916	nlvnpf-0059 (in mộc bản 1916)	nlvnpf-0059-092	data/LucVanTien1916/pages/images/nlvnpf-0059-092.jpg	13	6	2	data/LucVanTien1916/patches/nlvnpf-0059-092.jpg_6_2.jpg	data/LucVanTien1916/patches_preprocessed/val/nlvnpf-0059-092.jpg_6_2.jpg	val	211.8,156.4,37.9,530.3	呐冲𠸜户像尼些𦖑	U+5450 U+51B2 U+20E1C U+6237 U+50CF U+5C3C U+4E9B U+26591	8	Nói trong tên họ tượng này ta nghe	8	1	呐冲𠸜户像尼些𦖑	1
LucVanTien1916	nlvnpf-0059 (in mộc bản 1916)	nlvnpf-0059-092	data/LucVanTien1916/pages/images/nlvnpf-0059-092.jpg	14	7	1	data/LucVanTien1916/patches/nlvnpf-0059-092.jpg_7_1.jpg	data/LucVanTien1916/patches_preprocessed/train/nlvnpf-0059-092.jpg_7_1.jpg	train	176.7,158.7,35.0,526.7	月娥胣唉胡𪟽	U+6708 U+5A25 U+80E3 U+5509 U+80E1 U+2A7FD	6	Nguyệt Nga dạ hãy hồ nghi	6	1	月娥胣唉胡𪟽	1
LucVanTien1916	nlvnpf-0059 (in mộc bản 1916)	nlvnpf-0059-092	data/LucVanTien1916/pages/images/nlvnpf-0059-092.jpg	15	7	2	data/LucVanTien1916/patches/nlvnpf-0059-092.jpg_7_2.jpg	data/LucVanTien1916/patches_preprocessed/train/nlvnpf-0059-092.jpg_7_2.jpg	train	176.7,158.7,35.0,526.7	𥆁𥆾從󰘚吏𠲖𨔍𠊚	U+25181 U+251BE U+5F9E U+F061A U+540F U+20C96 U+2850D U+2029A	8	Liếc nhìn tòng mặt, lại e lạ người	8	1	𥆁𥆾從󰘚吏𠲖𨔍𠊚	1
LucVanTien1916	nlvnpf-0059 (in mộc bản 1916)	nlvnpf-0059-092	data/LucVanTien1916/pages/images/nlvnpf-0059-092.jpg	16	8	1	data/LucVanTien1916/patches/nlvnpf-0059-092.jpg_8_1.jpg	data/LucVanTien1916/patches_preprocessed/train/nlvnpf-0059-092.jpg_8_1.jpg	train	137.6,158.2,38.1,529.0	𡎢枝𢬣袄虎𤽗	U+213A2 U+679D U+22B23 U+8884 U+864E U+24F57	6	Ngồi che tay áo hổ ngươi	6	1	𡎢枝𢬣袄虎𤽗	1
LucVanTien1916	nlvnpf-0059 (in mộc bản 1916)	nlvnpf-0059-092	data/LucVanTien1916/pages/images/nlvnpf-0059-092.jpg	17	8	2	data/LucVanTien1916/patches/nlvnpf-0059-092.jpg_8_2.jpg	data/LucVanTien1916/patches_preprocessed/val/nlvnpf-0059-092.jpg_8_2.jpg	val	137.6,158.2,38.1,529.0	状元䀡𧡊𠲶唭𠬠欺	U+72B6 U+5143 U+4021 U+2784A U+20CB6 U+552D U+20B20 U+6B3A	8	Trạng nguyên xem thấy mỉm cười một khi	8	1	状元䀡𧡊𠲶唭𠬠欺	1
LucVanTien1916	nlvnpf-0059 (in mộc bản 1916)	nlvnpf-0059-092	data/LucVanTien1916/pages/images/nlvnpf-0059-092.jpg	18	9	1	data/LucVanTien1916/patches/nlvnpf-0059-092.jpg_9_1.jpg	data/LucVanTien1916/patches_preprocessed/train/nlvnpf-0059-092.jpg_9_1.jpg	train	98.5,157.0,36.0,529.6	爫牢娘庒呐𠫾	U+722B U+7262 U+5A18 U+5E92 U+5450 U+20AFE	6	Làm sao nàng chẳng nói đi	6	1	爫牢娘庒呐𠫾	1
LucVanTien1916	nlvnpf-0059 (in mộc bản 1916)	nlvnpf-0059-092	data/LucVanTien1916/pages/images/nlvnpf-0059-092.jpg	19	9	2	data/LucVanTien1916/patches/nlvnpf-0059-092.jpg_9_2.jpg	data/LucVanTien1916/patches_preprocessed/train/nlvnpf-0059-092.jpg_9_2.jpg	train	98.5,157.0,36.0,529.6	買𢈱些𠳨󰣉夷庒𦋦	U+8CB7 U+22231 U+4E9B U+20CE8 U+F08C9 U+5937 U+5E92 U+262E6	8	Mấy lời ta hỏi giống gì chẳng ra	8	1	買𢈱些𠳨󰣉夷庒𦋦	1
LucVanTien1916	nlvnpf-0059 (in mộc bản 1916)	nlvnpf-0059-093	data/LucVanTien1916/pages/images/nlvnpf-0059-093.jpg	0	0	1	data/LucVanTien1916/patches/nlvnpf-0059-093.jpg_0_1.jpg	data/LucVanTien1916/patches_preprocessed/train/nlvnpf-0059-093.jpg_0_1.jpg	train	367.1,164.3,32.0,516.4	月娥𧡊𠳨疎戈	U+6708 U+5A25 U+2784A U+20CE8 U+758E U+6208	6	Nguyệt Nga thấy hỏi thưa qua	6	1	月娥𧡊𠳨疎戈	1
LucVanTien1916	nlvnpf-0059 (in mộc bản 1916)	nlvnpf-0059-093	data/LucVanTien1916/pages/images/nlvnpf-0059-093.jpg	1	0	2	data/LucVanTien1916/patches/nlvnpf-0059-093.jpg_0_2.jpg	data/LucVanTien1916/patches_preprocessed/val/nlvnpf-0059-093.jpg_0_2.jpg	val	367.1,164.3,32.0,516.4	𠊚冲幅像𠸜󰑼雲仙	U+2029A U+51B2 U+5E45 U+50CF U+20E1C U+F047C U+96F2 U+4ED9	8	Người trong bức tượng tên là Vân Tiên	8	1	𠊚冲幅像𠸜󰑼雲仙	1
LucVanTien1916	nlvnpf-0059 (in mộc bản 1916)	nlvnpf-0059-093	data/LucVanTien1916/pages/images/nlvnpf-0059-093.jpg	2	1	1	data/LucVanTien1916/patches/nlvnpf-0059-093.jpg_1_1.jpg	data/LucVanTien1916/patches_preprocessed/train/nlvnpf-0059-093.jpg_1_1.jpg	train	325.4,163.7,38.2,515.0	払它𧗱准九泉	U+6255 U+5B83 U+275F1 U+51C6 U+4E5D U+6CC9	6	Chàng đà về chốn cửu tuyền	6	1	払它𧗱准九泉	1
LucVanTien1916	nlvnpf-0059 (in mộc bản 1916)	nlvnpf-0059-093	data/LucVanTien1916/pages/images/nlvnpf-0059-093.jpg	3	1	2	data/LucVanTien1916/patches/nlvnpf-0059-093.jpg_1_2.jpg	data/LucVanTien1916/patches_preprocessed/train/nlvnpf-0059-093.jpg_1_2.jpg	train	325.4,163.7,38.2,515.0	妾爲傷𢖵另沔𩙌𦝄	U+59BE U+7232 U+50B7 U+225B5 U+53E6 U+6C94 U+2964C U+26744	8	Thiếp vì thương nhớ, lánh miền gió trăng	8	1	妾爲傷𢖵另沔𩙌𦝄	1
LucVanTien1916	nlvnpf-0059 (in mộc bản 1916)	nlvnpf-0059-093	data/LucVanTien1916/pages/images/nlvnpf-0059-093.jpg	4	2	1	data/LucVanTien1916/patches/nlvnpf-0059-093.jpg_2_1.jpg	data/LucVanTien1916/patches_preprocessed/train/nlvnpf-0059-093.jpg_2_1.jpg	train	285.1,162.5,37.7,518.6	状元欺𧘇𠳨㕫	U+72B6 U+5143 U+6B3A U+27607 U+20CE8 U+356B	6	Trạng nguyên khi ấy hỏi phăn	6	1	状元欺𧘇𠳨㕫	1
LucVanTien1916	nlvnpf-0059 (in mộc bản 1916)	nlvnpf-0059-093	data/LucVanTien1916/pages/images/nlvnpf-0059-093.jpg	5	2	2	data/LucVanTien1916/patches/nlvnpf-0059-093.jpg_2_2.jpg	data/LucVanTien1916/patches_preprocessed/train/nlvnpf-0059-093.jpg_2_2.jpg	train	285.1,162.5,37.7,518.6	𫯳󰑼𠸜𧘇𡞕󰑼𠸜之	U+2BBF3 U+F047C U+20E1C U+27607 U+21795 U+F047C U+20E1C U+4E4B	8	Chồng là tên ấy, vợ là tên chỉ	8	1	𫯳󰑼𠸜𧘇𡞕󰑼𠸜之	1
LucVanTien1916	nlvnpf-0059 (in mộc bản 1916)	nlvnpf-0059-093	data/LucVanTien1916/pages/images/nlvnpf-0059-093.jpg	6	3	1	data/LucVanTien1916/patches/nlvnpf-0059-093.jpg_3_1.jpg	data/LucVanTien1916/patches_preprocessed/train/nlvnpf-0059-093.jpg_3_1.jpg	train	248.7,164.3,38.1,516.8	月娥訴事𠬠欺	U+6708 U+5A25 U+8A34 U+4E8B U+20B20 U+6B3A	6	Nguyệt Nga tỏ sự một khi	6	1	月娥訴事𠬠欺	1
LucVanTien1916	nlvnpf-0059 (in mộc bản 1916)	nlvnpf-0059-093	data/LucVanTien1916/pages/images/nlvnpf-0059-093.jpg	7	3	2	data/LucVanTien1916/patches/nlvnpf-0059-093.jpg_3_2.jpg	data/LucVanTien1916/patches_preprocessed/train/nlvnpf-0059-093.jpg_3_2.jpg	train	248.7,164.3,38.1,516.8	状元倍𡲤𠖈跪𥿺𢬣	U+72B6 U+5143 U+500D U+21CA4 U+20588 U+8DEA U+25FFA U+22B23	8	Trạng nguyên vội vã xuống quì vòng tay	8	1	状元倍𡲤𠖈跪𥿺𢬣	1
LucVanTien1916	nlvnpf-0059 (in mộc bản 1916)	nlvnpf-0059-093	data/LucVanTien1916/pages/images/nlvnpf-0059-093.jpg	8	4	1	data/LucVanTien1916/patches/nlvnpf-0059-093.jpg_4_1.jpg	data/LucVanTien1916/patches_preprocessed/train/nlvnpf-0059-093.jpg_4_1.jpg	train	208.7,163.1,38.9,519.9	疎浪𫢩﨤娘低	U+758E U+6D6A U+2B8A9 U+FA24 U+5A18 U+4F4E	6	Thưa rằng: Nay gặp nàng đây	6	1	疎浪𫢩﨤娘低	1
LucVanTien1916	nlvnpf-0059 (in mộc bản 1916)	nlvnpf-0059-093	data/LucVanTien1916/pages/images/nlvnpf-0059-093.jpg	9	4	2	data/LucVanTien1916/patches/nlvnpf-0059-093.jpg_4_2.jpg	data/LucVanTien1916/patches_preprocessed/train/nlvnpf-0059-093.jpg_4_2.jpg	train	208.7,163.1,38.9,519.9	嗔迻𦊚𥛉仕排源干	U+55D4 U+8FFB U+2629A U+256C9 U+4ED5 U+6392 U+6E90 U+5E72	8	Xin đưa bốn lạy, sẽ bày nguồn cơn	8	1	嗔迻𦊚𥛉仕排源干	1
LucVanTien1916	nlvnpf-0059 (in mộc bản 1916)	nlvnpf-0059-093	data/LucVanTien1916/pages/images/nlvnpf-0059-093.jpg	10	5	1	data/LucVanTien1916/patches/nlvnpf-0059-093.jpg_5_1.jpg	data/LucVanTien1916/patches_preprocessed/train/nlvnpf-0059-093.jpg_5_1.jpg	train	168.3,162.5,39.8,521.7	󰋇𠳒誓海盟山	U+F02C7 U+20CD2 U+8A93 U+6D77 U+76DF U+5C71	6	Mấy lời thệ hải minh sơn	6	1	󰋇𠳒誓海盟山	1
LucVanTien1916	nlvnpf-0059 (in mộc bản 1916)	nlvnpf-0059-093	data/LucVanTien1916/pages/images/nlvnpf-0059-093.jpg	11	5	2	data/LucVanTien1916/patches/nlvnpf-0059-093.jpg_5_2.jpg	data/LucVanTien1916/patches_preprocessed/train/nlvnpf-0059-093.jpg_5_2.jpg	train	168.3,162.5,39.8,521.7	芒恩畧沛謝恩朱耒	U+8292 U+6069 U+7567 U+6C9B U+8B1D U+6069 U+6731 U+8012	8	Mang ơn trước phải tạ ơn cho rồi	8	1	芒恩畧沛謝恩朱耒	1
LucVanTien1916	nlvnpf-0059 (in mộc bản 1916)	nlvnpf-0059-093	data/LucVanTien1916/pages/images/nlvnpf-0059-093.jpg	12	6	1	data/LucVanTien1916/patches/nlvnpf-0059-093.jpg_6_1.jpg	data/LucVanTien1916/patches_preprocessed/train/nlvnpf-0059-093.jpg_6_1.jpg	train	129.3,163.1,38.5,521.7	雲仙本寔𠸜碎	U+96F2 U+4ED9 U+672C U+5BD4 U+20E1C U+788E	6	Vân Tiên vốn thiệt tên tôi	6	1	雲仙本寔𠸜碎	1
LucVanTien1916	nlvnpf-0059 (in mộc bản 1916)	nlvnpf-0059-093	data/LucVanTien1916/pages/images/nlvnpf-0059-093.jpg	13	6	2	data/LucVanTien1916/patches/nlvnpf-0059-093.jpg_6_2.jpg	data/LucVanTien1916/patches_preprocessed/val/nlvnpf-0059-093.jpg_6_2.jpg	val	129.3,163.1,38.5,521.7	﨤饒𫢩㐌匪囬約𬇚	U+FA24 U+9952 U+2B8A9 U+340C U+532A U+56EC U+7D04 U+2C1DA	8	Gặp nhau nay đã phỉ hồi ước ao	8	1	﨤饒𫢩㐌匪囬約𬇚	1
LucVanTien1916	nlvnpf-0059 (in mộc bản 1916)	nlvnpf-0059-093	data/LucVanTien1916/pages/images/nlvnpf-0059-093.jpg	14	7	1	data/LucVanTien1916/patches/nlvnpf-0059-093.jpg_7_1.jpg	data/LucVanTien1916/patches_preprocessed/train/nlvnpf-0059-093.jpg_7_1.jpg	train	94.1,163.1,38.0,521.7	月娥榜浪巴󰁍	U+6708 U+5A25 U+699C U+6D6A U+5DF4 U+F004D	6	Nguyệt Nga bảng lảng bơ vơ	6	1	月娥榜浪巴󰁍	1
LucVanTien1916	nlvnpf-0059 (in mộc bản 1916)	nlvnpf-0059-093	data/LucVanTien1916/pages/images/nlvnpf-0059-093.jpg	15	7	2	data/LucVanTien1916/patches/nlvnpf-0059-093.jpg_7_2.jpg	data/LucVanTien1916/patches_preprocessed/train/nlvnpf-0059-093.jpg_7_2.jpg	train	94.1,163.1,38.0,521.7	姅𢜠姅𢜝姅疑浪畨	U+59C5 U+22720 U+59C5 U+2271D U+59C5 U+7591 U+6D6A U+7568	8	Nửa mừng nửa sợ nửa ngờ rằng Phiên	8	1	姅𢜠姅𢜝姅疑浪畨	1
LucVanTien1916	nlvnpf-0059 (in mộc bản 1916)	nlvnpf-0059-093	data/LucVanTien1916/pages/images/nlvnpf-0059-093.jpg	16	8	1	data/LucVanTien1916/patches/nlvnpf-0059-093.jpg_8_1.jpg	data/LucVanTien1916/patches_preprocessed/train/nlvnpf-0059-093.jpg_8_1.jpg	train	60.2,162.5,36.1,522.3	疎浪払沛雲仙	U+758E U+6D6A U+6255 U+6C9B U+96F2 U+4ED9	6	Thưa rằng: Chàng phải Vân Tiên	6	1	疎浪払沛雲仙	1
LucVanTien1916	nlvnpf-0059 (in mộc bản 1916)	nlvnpf-0059-093	data/LucVanTien1916/pages/images/nlvnpf-0059-093.jpg	17	8	2	data/LucVanTien1916/patches/nlvnpf-0059-093.jpg_8_2.jpg	data/LucVanTien1916/patches_preprocessed/val/nlvnpf-0059-093.jpg_8_2.jpg	val	60.2,162.5,36.1,522.3	呐𦋦𣅶畧根源仍󰑼	U+5450 U+262E6 U+23176 U+7567 U+6839 U+6E90 U+4ECD U+F047C	8	Nói ra lúc trước căn nguyên những là	8	1	呐𦋦𣅶畧根源仍󰑼	1
LucVanTien1916	nlvnpf-0059 (in mộc bản 1916)	nlvnpf-0059-093	data/LucVanTien1916/pages/images/nlvnpf-0059-093.jpg	18	9	1	data/LucVanTien1916/patches/nlvnpf-0059-093.jpg_9_1.jpg	data/LucVanTien1916/patches_preprocessed/train/nlvnpf-0059-093.jpg_9_1.jpg	train	23.8,162.5,32.9,522.9	状元呐昔𠸗𦋦	U+72B6 U+5143 U+5450 U+6614 U+20E17 U+262E6	6	Trạng nguyên nói tích xưa ra	6	1	状元呐昔𠸗𦋦	1
LucVanTien1916	nlvnpf-0059 (in mộc bản 1916)	nlvnpf-0059-093	data/LucVanTien1916/pages/images/nlvnpf-0059-093.jpg	19	9	2	data/LucVanTien1916/patches/nlvnpf-0059-093.jpg_9_2.jpg	data/LucVanTien1916/patches_preprocessed/val/nlvnpf-0059-093.jpg_9_2.jpg	val	23.8,162.5,32.9,522.9	月娥欺意哭和如湄	U+6708 U+5A25 U+6B3A U+610F U+54ED U+548C U+5982 U+6E44	8	Nguyệt Nga khi ấy khóc hoà như mưa	8	1	月娥欺意哭和如湄	1
LucVanTien1916	nlvnpf-0059 (in mộc bản 1916)	nlvnpf-0059-094	data/LucVanTien1916/pages/images/nlvnpf-0059-094.jpg	0	0	1	data/LucVanTien1916/patches/nlvnpf-0059-094.jpg_0_1.jpg	data/LucVanTien1916/patches_preprocessed/train/nlvnpf-0059-094.jpg_0_1.jpg	train	444.0,161.9,35.7,524.1	恩情強計強唹	U+6069 U+60C5 U+5F37 U+8A08 U+5F37 U+5539	6	Ân tình càng kể càng ưa	6	1	恩情強計強唹	1
LucVanTien1916	nlvnpf-0059 (in mộc bản 1916)	nlvnpf-0059-094	data/LucVanTien1916/pages/images/nlvnpf-0059-094.jpg	1	0	2	data/LucVanTien1916/patches/nlvnpf-0059-094.jpg_0_2.jpg	data/LucVanTien1916/patches_preprocessed/val/nlvnpf-0059-094.jpg_0_2.jpg	val	444.0,161.9,35.7,524.1	当群盘泊𡗶𣃣𤎜𦋦	U+5F53 U+7FA4 U+76D8 U+6CCA U+215F6 U+230E3 U+2439C U+262E6	8	Đương còn bàn bạc trời vừa sáng ra	8	1	当群盘泊𡗶𣃣𤎜𦋦	1
LucVanTien1916	nlvnpf-0059 (in mộc bản 1916)	nlvnpf-0059-094	data/LucVanTien1916/pages/images/nlvnpf-0059-094.jpg	2	1	1	data/LucVanTien1916/patches/nlvnpf-0059-094.jpg_1_1.jpg	data/LucVanTien1916/patches_preprocessed/train/nlvnpf-0059-094.jpg_1_1.jpg	train	403.7,161.9,38.0,525.4	侈𦖑軍喝󰠓移	U+4F88 U+26591 U+8ECD U+559D U+F0813 U+79FB	6	Xẩy nghe quân hét vang dời	6	1	侈𦖑軍喝󰠓移	1
LucVanTien1916	nlvnpf-0059 (in mộc bản 1916)	nlvnpf-0059-094	data/LucVanTien1916/pages/images/nlvnpf-0059-094.jpg	3	1	2	data/LucVanTien1916/patches/nlvnpf-0059-094.jpg_1_2.jpg	data/LucVanTien1916/patches_preprocessed/train/nlvnpf-0059-094.jpg_1_2.jpg	train	403.7,161.9,38.0,525.4	𦊚皮坡𦹷調𡆫干戈	U+2629A U+76AE U+5761 U+26E77 U+8ABF U+211AB U+5E72 U+6208	8	Bốn bề bờ bụi đều vầy can qua	8	1	𦊚皮坡𦹷調𡆫干戈	1
LucVanTien1916	nlvnpf-0059 (in mộc bản 1916)	nlvnpf-0059-094	data/LucVanTien1916/pages/images/nlvnpf-0059-094.jpg	4	2	1	data/LucVanTien1916/patches/nlvnpf-0059-094.jpg_2_1.jpg	data/LucVanTien1916/patches_preprocessed/train/nlvnpf-0059-094.jpg_2_1.jpg	train	367.1,163.7,39.0,526.0	状元連馭阻𦋦	U+72B6 U+5143 U+9023 U+99AD U+963B U+262E6	6	Trạng nguyên lên ngựa trở ra	6	1	状元連馭阻𦋦	1
LucVanTien1916	nlvnpf-0059 (in mộc bản 1916)	nlvnpf-0059-094	data/LucVanTien1916/pages/images/nlvnpf-0059-094.jpg	5	2	2	data/LucVanTien1916/patches/nlvnpf-0059-094.jpg_2_2.jpg	data/LucVanTien1916/patches_preprocessed/train/nlvnpf-0059-094.jpg_2_2.jpg	train	367.1,163.7,39.0,526.0	𦰟旗題𡦂𠸜󰑼漢明	U+26C1F U+65D7 U+984C U+21982 U+20E1C U+F047C U+6F22 U+660E	8	Ngọn cờ đề chữ tên là Hớn Minh	8	1	𦰟旗題𡦂𠸜󰑼漢明	1
LucVanTien1916	nlvnpf-0059 (in mộc bản 1916)	nlvnpf-0059-094	data/LucVanTien1916/pages/images/nlvnpf-0059-094.jpg	6	3	1	data/LucVanTien1916/patches/nlvnpf-0059-094.jpg_3_1.jpg	data/LucVanTien1916/patches_preprocessed/train/nlvnpf-0059-094.jpg_3_1.jpg	train	329.4,164.3,36.7,529.6	漢明欺𧘇仃兵	U+6F22 U+660E U+6B3A U+27607 U+4EC3 U+5175	6	Hớn Minh khi ấy dừng binh	6	1	漢明欺𧘇仃兵	1
LucVanTien1916	nlvnpf-0059 (in mộc bản 1916)	nlvnpf-0059-094	data/LucVanTien1916/pages/images/nlvnpf-0059-094.jpg	7	3	2	data/LucVanTien1916/patches/nlvnpf-0059-094.jpg_3_2.jpg	data/LucVanTien1916/patches_preprocessed/train/nlvnpf-0059-094.jpg_3_2.jpg	train	329.4,164.3,36.7,529.6	英㛪𢜠𠴊訴情󰠃饒	U+82F1 U+36EA U+22720 U+20D0A U+8A34 U+60C5 U+F0803 U+9952	8	Anh em mừng rỡ tỏ tình cùng nhau	8	1	英㛪𢜠𠴊訴情󰠃饒	1
LucVanTien1916	nlvnpf-0059 (in mộc bản 1916)	nlvnpf-0059-094	data/LucVanTien1916/pages/images/nlvnpf-0059-094.jpg	8	4	1	data/LucVanTien1916/patches/nlvnpf-0059-094.jpg_4_1.jpg	data/LucVanTien1916/patches_preprocessed/train/nlvnpf-0059-094.jpg_4_1.jpg	train	287.9,166.2,40.8,525.3	明浪良嫂於󰦓	U+660E U+6D6A U+826F U+5AC2 U+65BC U+F0993	6	Minh rằng: Lương tẩu ở đâu	6	1	明浪良嫂於󰦓	1
LucVanTien1916	nlvnpf-0059 (in mộc bản 1916)	nlvnpf-0059-094	data/LucVanTien1916/pages/images/nlvnpf-0059-094.jpg	9	4	2	data/LucVanTien1916/patches/nlvnpf-0059-094.jpg_4_2.jpg	data/LucVanTien1916/patches_preprocessed/val/nlvnpf-0059-094.jpg_4_2.jpg	val	287.9,166.2,40.8,525.3	朱㛪𦋦𬑉姉妯󰡫芇	U+6731 U+36EA U+262E6 U+2C449 U+59C9 U+59AF U+F086B U+8287	8	Cho em ra mắt chị dâu thế nào	8	1	朱㛪𦋦𬑉姉妯󰡫芇	1
LucVanTien1916	nlvnpf-0059 (in mộc bản 1916)	nlvnpf-0059-094	data/LucVanTien1916/pages/images/nlvnpf-0059-094.jpg	10	5	1	data/LucVanTien1916/patches/nlvnpf-0059-094.jpg_5_1.jpg	data/LucVanTien1916/patches_preprocessed/train/nlvnpf-0059-094.jpg_5_1.jpg	train	249.5,166.8,40.3,529.6	状元󰝡漢明𠓨	U+72B6 U+5143 U+F0761 U+6F22 U+660E U+204E8	6	Trạng nguyên đem Hớn Minh vào	6	1	状元󰝡漢明𠓨	1
LucVanTien1916	nlvnpf-0059 (in mộc bản 1916)	nlvnpf-0059-094	data/LucVanTien1916/pages/images/nlvnpf-0059-094.jpg	11	5	2	data/LucVanTien1916/patches/nlvnpf-0059-094.jpg_5_2.jpg	data/LucVanTien1916/patches_preprocessed/train/nlvnpf-0059-094.jpg_5_2.jpg	train	249.5,166.8,40.3,529.6	月娥𨅸曳𠰘嘲貴員	U+6708 U+5A25 U+28178 U+66F3 U+20C18 U+5632 U+8CB4 U+54E1	8	Nguyệt Nga đứng dậy miệng chào quý viên	8	1	月娥𨅸曳𠰘嘲貴員	1
LucVanTien1916	nlvnpf-0059 (in mộc bản 1916)	nlvnpf-0059-094	data/LucVanTien1916/pages/images/nlvnpf-0059-094.jpg	12	6	1	data/LucVanTien1916/patches/nlvnpf-0059-094.jpg_6_1.jpg	data/LucVanTien1916/patches_preprocessed/train/nlvnpf-0059-094.jpg_6_1.jpg	train	212.0,168.6,38.7,526.9	明浪想姉於畨	U+660E U+6D6A U+60F3 U+59C9 U+65BC U+7568	6	Minh rằng: Tưởng chị ở Phiên	6	1	明浪想姉於畨	1
LucVanTien1916	nlvnpf-0059 (in mộc bản 1916)	nlvnpf-0059-094	data/LucVanTien1916/pages/images/nlvnpf-0059-094.jpg	13	6	2	data/LucVanTien1916/patches/nlvnpf-0059-094.jpg_6_2.jpg	data/LucVanTien1916/patches_preprocessed/val/nlvnpf-0059-094.jpg_6_2.jpg	val	212.0,168.6,38.7,526.9	决󰝡兵馬細沔烏戈	U+51B3 U+F0761 U+5175 U+99AC U+7D30 U+6C94 U+70CF U+6208	8	Quyết đem binh mã tới miền Ô-qua	7	0	决󰝡兵馬細沔烏戈	1
LucVanTien1916	nlvnpf-0059 (in mộc bản 1916)	nlvnpf-0059-094	data/LucVanTien1916/pages/images/nlvnpf-0059-094.jpg	14	7	1	data/LucVanTien1916/patches/nlvnpf-0059-094.jpg_7_1.jpg	data/LucVanTien1916/patches_preprocessed/train/nlvnpf-0059-094.jpg_7_1.jpg	train	171.9,169.8,41.4,528.0	𫢩它森合𠬠茄	U+2B8A9 U+5B83 U+68EE U+5408 U+20B20 U+8304	6	Nay đà sum họp một nhà	6	1	𫢩它森合𠬠茄	1
LucVanTien1916	nlvnpf-0059 (in mộc bản 1916)	nlvnpf-0059-094	data/LucVanTien1916/pages/images/nlvnpf-0059-094.jpg	15	7	2	data/LucVanTien1916/patches/nlvnpf-0059-094.jpg_7_2.jpg	data/LucVanTien1916/patches_preprocessed/train/nlvnpf-0059-094.jpg_7_2.jpg	train	171.9,169.8,41.4,528.0	擛它安賊欧𰙔囬朝	U+64DB U+5B83 U+5B89 U+8CCA U+6B27 U+30654 U+56EC U+671D	8	Dẹp đà an giặc , âu ca hồi triều	9	0	擛它安賊欧𰙔囬朝	1
LucVanTien1916	nlvnpf-0059 (in mộc bản 1916)	nlvnpf-0059-094	data/LucVanTien1916/pages/images/nlvnpf-0059-094.jpg	16	8	1	data/LucVanTien1916/patches/nlvnpf-0059-094.jpg_8_1.jpg	data/LucVanTien1916/patches_preprocessed/train/nlvnpf-0059-094.jpg_8_1.jpg	train	135.4,171.0,40.2,526.3	状浪娘併爫牢	U+72B6 U+6D6A U+5A18 U+4F75 U+722B U+7262	6	Trạng rằng: Nàng tính làm saỏ	6	1	状浪娘併爫牢	1
LucVanTien1916	nlvnpf-0059 (in mộc bản 1916)	nlvnpf-0059-094	data/LucVanTien1916/pages/images/nlvnpf-0059-094.jpg	17	8	2	data/LucVanTien1916/patches/nlvnpf-0059-094.jpg_8_2.jpg	data/LucVanTien1916/patches_preprocessed/val/nlvnpf-0059-094.jpg_8_2.jpg	val	135.4,171.0,40.2,526.3	娘浪英唉囬朝奏𨖲	U+5A18 U+6D6A U+82F1 U+5509 U+56EC U+671D U+594F U+285B2	8	Nàng rằng: Anh hãy hồi triều tâu lên	8	1	娘浪英唉囬朝奏𨖲	1
LucVanTien1916	nlvnpf-0059 (in mộc bản 1916)	nlvnpf-0059-094	data/LucVanTien1916/pages/images/nlvnpf-0059-094.jpg	18	9	1	data/LucVanTien1916/patches/nlvnpf-0059-094.jpg_9_1.jpg	data/LucVanTien1916/patches_preprocessed/train/nlvnpf-0059-094.jpg_9_1.jpg	train	100.2,171.7,35.1,522.9	仰𬂙量𢌌皮𨕭	U+4EF0 U+2C099 U+91CF U+2230C U+76AE U+2856D	6	Ngửa trông lượng rộng bề trên	6	1	仰𬂙量𢌌皮𨕭	1
LucVanTien1916	nlvnpf-0059 (in mộc bản 1916)	nlvnpf-0059-094	data/LucVanTien1916/pages/images/nlvnpf-0059-094.jpg	19	9	2	data/LucVanTien1916/patches/nlvnpf-0059-094.jpg_9_2.jpg	data/LucVanTien1916/patches_preprocessed/val/nlvnpf-0059-094.jpg_9_2.jpg	val	100.2,171.7,35.1,522.9	嗔他罪畧買𢧚仍󰑼	U+55D4 U+4ED6 U+7F6A U+7567 U+8CB7 U+229DA U+4ECD U+F047C	8	Xin tha tội trước mới nên những là	8	1	嗔他罪畧買𢧚仍󰑼	1
LucVanTien1916	nlvnpf-0059 (in mộc bản 1916)	nlvnpf-0059-095	data/LucVanTien1916/pages/images/nlvnpf-0059-095.jpg	0	0	1	data/LucVanTien1916/patches/nlvnpf-0059-095.jpg_0_1.jpg	data/LucVanTien1916/patches_preprocessed/train/nlvnpf-0059-095.jpg_0_1.jpg	train	356.4,160.1,37.1,519.4	状元辝謝老妑	U+72B6 U+5143 U+8F9D U+8B1D U+8001 U+5991	6	Trạng nguyên từ tạ lão bà	6	1	状元辝謝老妑	1
LucVanTien1916	nlvnpf-0059 (in mộc bản 1916)	nlvnpf-0059-095	data/LucVanTien1916/pages/images/nlvnpf-0059-095.jpg	1	0	2	data/LucVanTien1916/patches/nlvnpf-0059-095.jpg_0_2.jpg	data/LucVanTien1916/patches_preprocessed/train/nlvnpf-0059-095.jpg_0_2.jpg	train	356.4,160.1,37.1,519.4	吲𠻀𠳚吏月娥𣈜󰉨	U+5432 U+20EC0 U+20CDA U+540F U+6708 U+5A25 U+2321C U+F0268	8	Dặn dò gửi lại Nguyệt Nga ngày rày	8	1	吲𠻀𠳚吏月娥𣈜󰉨	1
LucVanTien1916	nlvnpf-0059 (in mộc bản 1916)	nlvnpf-0059-095	data/LucVanTien1916/pages/images/nlvnpf-0059-095.jpg	2	1	1	data/LucVanTien1916/patches/nlvnpf-0059-095.jpg_1_1.jpg	data/LucVanTien1916/patches_preprocessed/train/nlvnpf-0059-095.jpg_1_1.jpg	train	317.8,160.7,39.5,518.0	些辰𥙩幅像尼	U+4E9B U+8FB0 U+25669 U+5E45 U+50CF U+5C3C	6	Ta thì lấy bức tượng này	6	1	些辰𥙩幅像尼	1
LucVanTien1916	nlvnpf-0059 (in mộc bản 1916)	nlvnpf-0059-095	data/LucVanTien1916/pages/images/nlvnpf-0059-095.jpg	3	1	2	data/LucVanTien1916/patches/nlvnpf-0059-095.jpg_1_2.jpg	data/LucVanTien1916/patches_preprocessed/val/nlvnpf-0059-095.jpg_1_2.jpg	val	317.8,160.7,39.5,518.0	奏戈塊罪逴𣦍𧗱茄	U+594F U+6208 U+584A U+7F6A U+9034 U+2398D U+275F1 U+8304	8	Tâu qua khỏi tội, rước ngay về nhà	8	1	奏戈塊罪逴𣦍𧗱茄	1
LucVanTien1916	nlvnpf-0059 (in mộc bản 1916)	nlvnpf-0059-095	data/LucVanTien1916/pages/images/nlvnpf-0059-095.jpg	4	2	1	data/LucVanTien1916/patches/nlvnpf-0059-095.jpg_2_1.jpg	data/LucVanTien1916/patches_preprocessed/train/nlvnpf-0059-095.jpg_2_1.jpg	train	281.8,160.7,36.1,517.4	仙明𠄩馭阻𦋦	U+4ED9 U+660E U+20129 U+99AD U+963B U+262E6	6	Tiên, Minh hai ngựa trở ra	6	1	仙明𠄩馭阻𦋦	1
LucVanTien1916	nlvnpf-0059 (in mộc bản 1916)	nlvnpf-0059-095	data/LucVanTien1916/pages/images/nlvnpf-0059-095.jpg	5	2	2	data/LucVanTien1916/patches/nlvnpf-0059-095.jpg_2_2.jpg	data/LucVanTien1916/patches_preprocessed/val/nlvnpf-0059-095.jpg_2_2.jpg	val	281.8,160.7,36.1,517.4	󰝡兵阻吏朝𰙔𠬠皮	U+F0761 U+5175 U+963B U+540F U+671D U+30654 U+20B20 U+76AE	8	Ðem bin h trở lại triều ca một bề	9	0	󰝡兵阻吏朝𰙔𠬠皮	1
LucVanTien1916	nlvnpf-0059 (in mộc bản 1916)	nlvnpf-0059-095	data/LucVanTien1916/pages/images/nlvnpf-0059-095.jpg	6	3	1	data/LucVanTien1916/patches/nlvnpf-0059-095.jpg_3_1.jpg	data/LucVanTien1916/patches_preprocessed/train/nlvnpf-0059-095.jpg_3_1.jpg	train	244.5,158.8,37.3,520.5	楚王𦖑状元𧗱	U+695A U+738B U+26591 U+72B6 U+5143 U+275F1	6	Sở vương nghe trạng nguyên về	6	1	楚王𦖑状元𧗱	1
LucVanTien1916	nlvnpf-0059 (in mộc bản 1916)	nlvnpf-0059-095	data/LucVanTien1916/pages/images/nlvnpf-0059-095.jpg	7	3	2	data/LucVanTien1916/patches/nlvnpf-0059-095.jpg_3_2.jpg	data/LucVanTien1916/patches_preprocessed/val/nlvnpf-0059-095.jpg_3_2.jpg	val	244.5,158.8,37.3,520.5	朱官𦋦逴𠓨掑边凱	U+6731 U+5B98 U+262E6 U+9034 U+204E8 U+6391 U+8FB9 U+51F1	8	Cho quan ra rước vào kề bên ngai	8	1	朱官𦋦逴𠓨掑边凱	1
LucVanTien1916	nlvnpf-0059 (in mộc bản 1916)	nlvnpf-0059-095	data/LucVanTien1916/pages/images/nlvnpf-0059-095.jpg	8	4	1	data/LucVanTien1916/patches/nlvnpf-0059-095.jpg_4_1.jpg	data/LucVanTien1916/patches_preprocessed/train/nlvnpf-0059-095.jpg_4_1.jpg	train	202.0,158.8,38.8,520.5	楚王𨀈𠖈金階	U+695A U+738B U+28008 U+20588 U+91D1 U+968E	6	Sở vương bước xuống kim giai	6	1	楚王𨀈𠖈金階	1
LucVanTien1916	nlvnpf-0059 (in mộc bản 1916)	nlvnpf-0059-095	data/LucVanTien1916/pages/images/nlvnpf-0059-095.jpg	9	4	2	data/LucVanTien1916/patches/nlvnpf-0059-095.jpg_4_2.jpg	data/LucVanTien1916/patches_preprocessed/train/nlvnpf-0059-095.jpg_4_2.jpg	train	202.0,158.8,38.8,520.5	𢬣𠳐󱋓𨢇賞才状元	U+22B23 U+20CD0 U+F12D3 U+28887 U+8CDE U+624D U+72B6 U+5143	8	Tay bưng chén rượu thưởng tài trạng nguyên	8	1	𢬣𠳐󱋓𨢇賞才状元	1
LucVanTien1916	nlvnpf-0059 (in mộc bản 1916)	nlvnpf-0059-095	data/LucVanTien1916/pages/images/nlvnpf-0059-095.jpg	10	5	1	data/LucVanTien1916/patches/nlvnpf-0059-095.jpg_5_1.jpg	data/LucVanTien1916/patches_preprocessed/train/nlvnpf-0059-095.jpg_5_1.jpg	train	162.2,158.8,39.5,522.3	判浪朕𢜝渃畨	U+5224 U+6D6A U+6715 U+2271D U+6E03 U+7568	6	Phán rằng: Trẫm sợ nước Phiên	6	1	判浪朕𢜝渃畨	1
LucVanTien1916	nlvnpf-0059 (in mộc bản 1916)	nlvnpf-0059-095	data/LucVanTien1916/pages/images/nlvnpf-0059-095.jpg	11	5	2	data/LucVanTien1916/patches/nlvnpf-0059-095.jpg_5_2.jpg	data/LucVanTien1916/patches_preprocessed/val/nlvnpf-0059-095.jpg_5_2.jpg	val	162.2,158.8,39.5,522.3	固𤽗骨突法仙𨔍𨓡	U+56FA U+24F57 U+9AA8 U+7A81 U+6CD5 U+4ED9 U+2850D U+284E1	8	Có ngươi Cốt Ðột phép tiên lạ lung	8	1	固𤽗骨突法仙𨔍𨓡	1
LucVanTien1916	nlvnpf-0059 (in mộc bản 1916)	nlvnpf-0059-095	data/LucVanTien1916/pages/images/nlvnpf-0059-095.jpg	12	6	1	data/LucVanTien1916/patches/nlvnpf-0059-095.jpg_6_1.jpg	data/LucVanTien1916/patches_preprocessed/train/nlvnpf-0059-095.jpg_6_1.jpg	train	127.7,159.4,37.6,521.1	𫢩麻除骨突衝	U+2B8A9 U+9EBB U+9664 U+9AA8 U+7A81 U+885D	6	Nay mà trừ Cốt Ðột xong	6	1	𫢩麻除骨突衝	1
LucVanTien1916	nlvnpf-0059 (in mộc bản 1916)	nlvnpf-0059-095	data/LucVanTien1916/pages/images/nlvnpf-0059-095.jpg	13	6	2	data/LucVanTien1916/patches/nlvnpf-0059-095.jpg_6_2.jpg	data/LucVanTien1916/patches_preprocessed/val/nlvnpf-0059-095.jpg_6_2.jpg	val	127.7,159.4,37.6,521.1	寔𡗶生状𢩾冲渃茄	U+5BD4 U+215F6 U+751F U+72B6 U+22A7E U+51B2 U+6E03 U+8304	8	Thực trời sinh trạng giúp trong nước nhà	8	1	寔𡗶生状𢩾冲渃茄	1
LucVanTien1916	nlvnpf-0059 (in mộc bản 1916)	nlvnpf-0059-095	data/LucVanTien1916/pages/images/nlvnpf-0059-095.jpg	14	7	1	data/LucVanTien1916/patches/nlvnpf-0059-095.jpg_7_1.jpg	data/LucVanTien1916/patches_preprocessed/train/nlvnpf-0059-095.jpg_7_1.jpg	train	93.5,158.2,34.2,523.5	󰂇油畧固状𦋦	U+F0087 U+6CB9 U+7567 U+56FA U+72B6 U+262E6	6	Ví dầu trước có trạng ra	6	1	󰂇油畧固状𦋦	1
LucVanTien1916	nlvnpf-0059 (in mộc bản 1916)	nlvnpf-0059-095	data/LucVanTien1916/pages/images/nlvnpf-0059-095.jpg	15	7	2	data/LucVanTien1916/patches/nlvnpf-0059-095.jpg_7_2.jpg	data/LucVanTien1916/patches_preprocessed/val/nlvnpf-0059-095.jpg_7_2.jpg	val	93.5,158.2,34.2,523.5	爫之典浽月娥貢胡	U+722B U+4E4B U+5178 U+6D7D U+6708 U+5A25 U+8CA2 U+80E1	8	Làm chi đến nỗi Nguyệt Nga cống Hồ	8	1	爫之典浽月娥貢胡	1
LucVanTien1916	nlvnpf-0059 (in mộc bản 1916)	nlvnpf-0059-095	data/LucVanTien1916/pages/images/nlvnpf-0059-095.jpg	16	8	1	data/LucVanTien1916/patches/nlvnpf-0059-095.jpg_8_1.jpg	data/LucVanTien1916/patches_preprocessed/train/nlvnpf-0059-095.jpg_8_1.jpg	train	54.8,159.4,36.9,522.3	令傳待宴朝都	U+4EE4 U+50B3 U+5F85 U+5BB4 U+671D U+90FD	6	Lệnh truyền đãi yến triều đô	6	1	令傳待宴朝都	1
LucVanTien1916	nlvnpf-0059 (in mộc bản 1916)	nlvnpf-0059-095	data/LucVanTien1916/pages/images/nlvnpf-0059-095.jpg	17	8	2	data/LucVanTien1916/patches/nlvnpf-0059-095.jpg_8_2.jpg	data/LucVanTien1916/patches_preprocessed/val/nlvnpf-0059-095.jpg_8_2.jpg	val	54.8,159.4,36.9,522.3	咹𢜠󰉨㐌西烏擛耒	U+54B9 U+22720 U+F0268 U+340C U+897F U+70CF U+64DB U+8012	8	Ăn mừng rày đã Tây Ô dẹp rồi	8	1	咹𢜠󰉨㐌西烏擛耒	1
LucVanTien1916	nlvnpf-0059 (in mộc bản 1916)	nlvnpf-0059-095	data/LucVanTien1916/pages/images/nlvnpf-0059-095.jpg	18	9	1	data/LucVanTien1916/patches/nlvnpf-0059-095.jpg_9_1.jpg	data/LucVanTien1916/patches_preprocessed/train/nlvnpf-0059-095.jpg_9_1.jpg	train	21.3,157.0,35.0,524.8	状元跪奏𠬠囬	U+72B6 U+5143 U+8DEA U+594F U+20B20 U+56EC	6	Trạng nguyên quỳ tấu một hồi	6	1	状元跪奏𠬠囬	1
LucVanTien1916	nlvnpf-0059 (in mộc bản 1916)	nlvnpf-0059-095	data/LucVanTien1916/pages/images/nlvnpf-0059-095.jpg	19	9	2	data/LucVanTien1916/patches/nlvnpf-0059-095.jpg_9_2.jpg	data/LucVanTien1916/patches_preprocessed/train/nlvnpf-0059-095.jpg_9_2.jpg	train	21.3,157.0,35.0,524.8	月娥各傳頭𡳪𤑟𤉜	U+6708 U+5A25 U+5404 U+50B3 U+982D U+21CEA U+2445F U+2425C	8	Nguyệt Nga các chuyện đầu đuôi rõ ràng	8	1	月娥各傳頭𡳪𤑟𤉜	1
LucVanTien1916	nlvnpf-0059 (in mộc bản 1916)	nlvnpf-0059-096	data/LucVanTien1916/pages/images/nlvnpf-0059-096.jpg	0	0	1	data/LucVanTien1916/patches/nlvnpf-0059-096.jpg_0_1.jpg	data/LucVanTien1916/patches_preprocessed/train/nlvnpf-0059-096.jpg_0_1.jpg	train	437.7,157.6,38.0,524.4	楚王𦖑奏根原	U+695A U+738B U+26591 U+594F U+6839 U+539F	6	Sở vương nghe tấu căn nguyên	6	1	楚王𦖑奏根原	1
LucVanTien1916	nlvnpf-0059 (in mộc bản 1916)	nlvnpf-0059-096	data/LucVanTien1916/pages/images/nlvnpf-0059-096.jpg	1	0	2	data/LucVanTien1916/patches/nlvnpf-0059-096.jpg_0_2.jpg	data/LucVanTien1916/patches_preprocessed/val/nlvnpf-0059-096.jpg_0_2.jpg	val	437.7,157.6,38.0,524.4	判浪朕想娘群於畨	U+5224 U+6D6A U+6715 U+60F3 U+5A18 U+7FA4 U+65BC U+7568	8	Phán rằng: Trẫm tưởng nàng còn ở Phiên	8	1	判浪朕想娘群於畨	1
LucVanTien1916	nlvnpf-0059 (in mộc bản 1916)	nlvnpf-0059-096	data/LucVanTien1916/pages/images/nlvnpf-0059-096.jpg	2	1	1	data/LucVanTien1916/patches/nlvnpf-0059-096.jpg_1_1.jpg	data/LucVanTien1916/patches_preprocessed/train/nlvnpf-0059-096.jpg_1_1.jpg	train	402.3,160.7,36.1,522.9	庒𪟽娘貝状元	U+5E92 U+2A7FD U+5A18 U+8C9D U+72B6 U+5143	6	Chẳng ngờ nàng với trạng nguyên	6	1	庒𪟽娘貝状元	1
LucVanTien1916	nlvnpf-0059 (in mộc bản 1916)	nlvnpf-0059-096	data/LucVanTien1916/pages/images/nlvnpf-0059-096.jpg	3	1	2	data/LucVanTien1916/patches/nlvnpf-0059-096.jpg_1_2.jpg	data/LucVanTien1916/patches_preprocessed/val/nlvnpf-0059-096.jpg_1_2.jpg	val	402.3,160.7,36.1,522.9	󰠃饒課畧泣縁𣅶頭	U+F0803 U+9952 U+8AB2 U+7567 U+6CE3 U+7E01 U+23176 U+982D	8	Cùng nhau thuở trước khóc duyên lúc đầu	8	1	󰠃饒課畧泣縁𣅶頭	1
LucVanTien1916	nlvnpf-0059 (in mộc bản 1916)	nlvnpf-0059-096	data/LucVanTien1916/pages/images/nlvnpf-0059-096.jpg	4	2	1	data/LucVanTien1916/patches/nlvnpf-0059-096.jpg_2_1.jpg	data/LucVanTien1916/patches_preprocessed/train/nlvnpf-0059-096.jpg_2_1.jpg	train	364.3,158.5,37.3,526.6	太師畧陛連奏	U+592A U+5E2B U+7567 U+965B U+9023 U+594F	6	Thái sư trước bệ liền tâu	6	1	太師畧陛連奏	1
LucVanTien1916	nlvnpf-0059 (in mộc bản 1916)	nlvnpf-0059-096	data/LucVanTien1916/pages/images/nlvnpf-0059-096.jpg	5	2	2	data/LucVanTien1916/patches/nlvnpf-0059-096.jpg_2_2.jpg	data/LucVanTien1916/patches_preprocessed/train/nlvnpf-0059-096.jpg_2_2.jpg	train	364.3,158.5,37.3,526.6	西畨曳賊閉𥹰拱爲	U+897F U+7568 U+66F3 U+8CCA U+9589 U+25E70 U+62F1 U+7232	8	Tây Phiên dấy gặc bấy lâu cũng vì	8	1	西畨曳賊閉𥹰拱爲	1
LucVanTien1916	nlvnpf-0059 (in mộc bản 1916)	nlvnpf-0059-096	data/LucVanTien1916/pages/images/nlvnpf-0059-096.jpg	6	3	1	data/LucVanTien1916/patches/nlvnpf-0059-096.jpg_3_1.jpg	data/LucVanTien1916/patches_preprocessed/train/nlvnpf-0059-096.jpg_3_1.jpg	train	327.9,161.3,34.8,525.4	詐婚怨𫇰群𥱬	U+8A50 U+5A5A U+6028 U+2B1F0 U+7FA4 U+25C6C	6	Trá hôn oán cựu còn ghi	6	1	詐婚怨𫇰群𥱬	1
LucVanTien1916	nlvnpf-0059 (in mộc bản 1916)	nlvnpf-0059-096	data/LucVanTien1916/pages/images/nlvnpf-0059-096.jpg	7	3	2	data/LucVanTien1916/patches/nlvnpf-0059-096.jpg_3_2.jpg	data/LucVanTien1916/patches_preprocessed/val/nlvnpf-0059-096.jpg_3_2.jpg	val	327.9,161.3,34.8,525.4	月娥娘意罪欺㐌仃	U+6708 U+5A25 U+5A18 U+610F U+7F6A U+6B3A U+340C U+4EC3	8	Nguyệt Nga nàng ấy tội khi đã đành	8	1	月娥娘意罪欺㐌仃	1
LucVanTien1916	nlvnpf-0059 (in mộc bản 1916)	nlvnpf-0059-096	data/LucVanTien1916/pages/images/nlvnpf-0059-096.jpg	8	4	1	data/LucVanTien1916/patches/nlvnpf-0059-096.jpg_4_1.jpg	data/LucVanTien1916/patches_preprocessed/train/nlvnpf-0059-096.jpg_4_1.jpg	train	288.0,163.7,37.2,524.1	太師温奏朝廷	U+592A U+5E2B U+6E29 U+594F U+671D U+5EF7	6	Thái sư ôn tấu triều đình	6	1	太師温奏朝廷	1
LucVanTien1916	nlvnpf-0059 (in mộc bản 1916)	nlvnpf-0059-096	data/LucVanTien1916/pages/images/nlvnpf-0059-096.jpg	9	4	2	data/LucVanTien1916/patches/nlvnpf-0059-096.jpg_4_2.jpg	data/LucVanTien1916/patches_preprocessed/val/nlvnpf-0059-096.jpg_4_2.jpg	val	288.0,163.7,37.2,524.1	芇根原畧事情仍之	U+8287 U+6839 U+539F U+7567 U+4E8B U+60C5 U+4ECD U+4E4B	8	Nào căn nguyên trước sự tình những chi	8	1	芇根原畧事情仍之	1
LucVanTien1916	nlvnpf-0059 (in mộc bản 1916)	nlvnpf-0059-096	data/LucVanTien1916/pages/images/nlvnpf-0059-096.jpg	10	5	1	data/LucVanTien1916/patches/nlvnpf-0059-096.jpg_5_1.jpg	data/LucVanTien1916/patches_preprocessed/train/nlvnpf-0059-096.jpg_5_1.jpg	train	247.9,162.5,36.6,526.0	状元𦋦畧陛跪	U+72B6 U+5143 U+262E6 U+7567 U+965B U+8DEA	6	Trạng Nguyên ra trước bệ quỳ	6	1	状元𦋦畧陛跪	1
LucVanTien1916	nlvnpf-0059 (in mộc bản 1916)	nlvnpf-0059-096	data/LucVanTien1916/pages/images/nlvnpf-0059-096.jpg	11	5	2	data/LucVanTien1916/patches/nlvnpf-0059-096.jpg_5_2.jpg	data/LucVanTien1916/patches_preprocessed/train/nlvnpf-0059-096.jpg_5_2.jpg	train	247.9,162.5,36.6,526.0	𤼸𨖲幅像𠬠欺爫憑	U+24F38 U+285B2 U+5E45 U+50CF U+20B20 U+6B3A U+722B U+6191	8	Dâng lên bức tượng một khi làm bằng	8	1	𤼸𨖲幅像𠬠欺爫憑	1
LucVanTien1916	nlvnpf-0059 (in mộc bản 1916)	nlvnpf-0059-096	data/LucVanTien1916/pages/images/nlvnpf-0059-096.jpg	12	6	1	data/LucVanTien1916/patches/nlvnpf-0059-096.jpg_6_1.jpg	data/LucVanTien1916/patches_preprocessed/train/nlvnpf-0059-096.jpg_6_1.jpg	train	206.9,163.7,37.9,526.2	楚王䀡像判浪	U+695A U+738B U+4021 U+50CF U+5224 U+6D6A	6	Sở vương xem tượng phán rằng:	6	1	楚王䀡像判浪	1
LucVanTien1916	nlvnpf-0059 (in mộc bản 1916)	nlvnpf-0059-096	data/LucVanTien1916/pages/images/nlvnpf-0059-096.jpg	13	6	2	data/LucVanTien1916/patches/nlvnpf-0059-096.jpg_6_2.jpg	data/LucVanTien1916/patches_preprocessed/val/nlvnpf-0059-096.jpg_6_2.jpg	val	206.9,163.7,37.9,526.2	月娥貞節共朋𠊚𠸗	U+6708 U+5A25 U+8C9E U+7BC0 U+5171 U+670B U+2029A U+20E17	8	Nguyệt Nga trinh tiết cũng bằng người xưa	8	1	月娥貞節共朋𠊚𠸗	1
LucVanTien1916	nlvnpf-0059 (in mộc bản 1916)	nlvnpf-0059-096	data/LucVanTien1916/pages/images/nlvnpf-0059-096.jpg	14	7	1	data/LucVanTien1916/patches/nlvnpf-0059-096.jpg_7_1.jpg	data/LucVanTien1916/patches_preprocessed/train/nlvnpf-0059-096.jpg_7_1.jpg	train	170.7,164.3,36.1,527.2	於𠁀牢庒別馭	U+65BC U+20040 U+7262 U+5E92 U+5225 U+99AD	6	Ở đời sao chẳng biết lừa	6	1	於𠁀牢庒別馭	1
LucVanTien1916	nlvnpf-0059 (in mộc bản 1916)	nlvnpf-0059-096	data/LucVanTien1916/pages/images/nlvnpf-0059-096.jpg	15	7	2	data/LucVanTien1916/patches/nlvnpf-0059-096.jpg_7_2.jpg	data/LucVanTien1916/patches_preprocessed/val/nlvnpf-0059-096.jpg_7_2.jpg	val	170.7,164.3,36.1,527.2	少之昆𡛔麻迻細娘	U+5C11 U+4E4B U+6606 U+216D4 U+9EBB U+8FFB U+7D30 U+5A18	8	Thiếu chi con gái mà đưa tới nàng	8	1	少之昆𡛔麻迻細娘	1
LucVanTien1916	nlvnpf-0059 (in mộc bản 1916)	nlvnpf-0059-096	data/LucVanTien1916/pages/images/nlvnpf-0059-096.jpg	16	8	1	data/LucVanTien1916/patches/nlvnpf-0059-096.jpg_8_1.jpg	data/LucVanTien1916/patches_preprocessed/train/nlvnpf-0059-096.jpg_8_1.jpg	train	133.0,165.6,39.9,526.0	油朱日月𤑟𤉜	U+6CB9 U+6731 U+65E5 U+6708 U+2445F U+2425C	6	Dầu cho nhật nguyệt rõ ràng	6	1	油朱日月𤑟𤉜	1
LucVanTien1916	nlvnpf-0059 (in mộc bản 1916)	nlvnpf-0059-096	data/LucVanTien1916/pages/images/nlvnpf-0059-096.jpg	17	8	2	data/LucVanTien1916/patches/nlvnpf-0059-096.jpg_8_2.jpg	data/LucVanTien1916/patches_preprocessed/train/nlvnpf-0059-096.jpg_8_2.jpg	train	133.0,165.6,39.9,526.0	坤𤐝𡊱挹拱芒㗂𠁀	U+5764 U+2441D U+212B1 U+6339 U+62F1 U+8292 U+35C2 U+20040	8	Khôn soi chậu úp cũng mang tiếng đời	8	1	坤𤐝𡊱挹拱芒㗂𠁀	1
LucVanTien1916	nlvnpf-0059 (in mộc bản 1916)	nlvnpf-0059-096	data/LucVanTien1916/pages/images/nlvnpf-0059-096.jpg	18	9	1	data/LucVanTien1916/patches/nlvnpf-0059-096.jpg_9_1.jpg	data/LucVanTien1916/patches_preprocessed/train/nlvnpf-0059-096.jpg_9_1.jpg	train	97.7,166.2,37.7,522.9	𠖈𡗶埃敢改𡗶	U+20588 U+215F6 U+57C3 U+6562 U+6539 U+215F6	6	Xuống trời ai dám cãi trời	6	1	𠖈𡗶埃敢改𡗶	1
LucVanTien1916	nlvnpf-0059 (in mộc bản 1916)	nlvnpf-0059-096	data/LucVanTien1916/pages/images/nlvnpf-0059-096.jpg	19	9	2	data/LucVanTien1916/patches/nlvnpf-0059-096.jpg_9_2.jpg	data/LucVanTien1916/patches_preprocessed/val/nlvnpf-0059-096.jpg_9_2.jpg	val	97.7,166.2,37.7,522.9	𭛣尼爲朕𦖑𠳒太師	U+2D6E3 U+5C3C U+7232 U+6715 U+26591 U+20CD2 U+592A U+5E2B	8	Việc này vì trẫm nghe lời Thái sư	8	1	𭛣尼爲朕𦖑𠳒太師	1
LucVanTien1916	nlvnpf-0059 (in mộc bản 1916)	nlvnpf-0059-097	data/LucVanTien1916/pages/images/nlvnpf-0059-097.jpg	0	0	1	data/LucVanTien1916/patches/nlvnpf-0059-097.jpg_0_1.jpg	data/LucVanTien1916/patches_preprocessed/train/nlvnpf-0059-097.jpg_0_1.jpg	train	358.2,155.8,34.3,518.1	状元奏事太師	U+72B6 U+5143 U+594F U+4E8B U+592A U+5E2B	6	Trạng nguyên tấu sự Thái sư	6	1	状元奏事太師	1
LucVanTien1916	nlvnpf-0059 (in mộc bản 1916)	nlvnpf-0059-097	data/LucVanTien1916/pages/images/nlvnpf-0059-097.jpg	1	0	2	data/LucVanTien1916/patches/nlvnpf-0059-097.jpg_0_2.jpg	data/LucVanTien1916/patches_preprocessed/val/nlvnpf-0059-097.jpg_0_2.jpg	val	358.2,155.8,34.3,518.1	爫碎庒鄧吏私怨󰠐	U+722B U+788E U+5E92 U+9127 U+540F U+79C1 U+6028 U+F0810	8	Làm tôi chẳng đặng lại tư oán thầm	8	1	爫碎庒鄧吏私怨󰠐	1
LucVanTien1916	nlvnpf-0059 (in mộc bản 1916)	nlvnpf-0059-097	data/LucVanTien1916/pages/images/nlvnpf-0059-097.jpg	2	1	1	data/LucVanTien1916/patches/nlvnpf-0059-097.jpg_1_1.jpg	data/LucVanTien1916/patches_preprocessed/train/nlvnpf-0059-097.jpg_1_1.jpg	train	318.7,156.4,37.2,516.5	加添浽󰲿郑歆	U+52A0 U+6DFB U+6D7D U+F0CBF U+90D1 U+6B46	6	Gia thêm nỗi gã Trịnh Hâm	6	1	加添浽󰲿郑歆	1
LucVanTien1916	nlvnpf-0059 (in mộc bản 1916)	nlvnpf-0059-097	data/LucVanTien1916/pages/images/nlvnpf-0059-097.jpg	3	1	2	data/LucVanTien1916/patches/nlvnpf-0059-097.jpg_1_2.jpg	data/LucVanTien1916/patches_preprocessed/train/nlvnpf-0059-097.jpg_1_2.jpg	train	318.7,156.4,37.2,516.5	郑歆課畧謀󰠐害碎	U+90D1 U+6B46 U+8AB2 U+7567 U+8B00 U+F0810 U+5BB3 U+788E	8	Trịnh Hâm thuở trước mưu thầm hại tôi	8	1	郑歆課畧謀󰠐害碎	1
LucVanTien1916	nlvnpf-0059 (in mộc bản 1916)	nlvnpf-0059-097	data/LucVanTien1916/pages/images/nlvnpf-0059-097.jpg	4	2	1	data/LucVanTien1916/patches/nlvnpf-0059-097.jpg_2_1.jpg	data/LucVanTien1916/patches_preprocessed/train/nlvnpf-0059-097.jpg_2_1.jpg	train	281.0,155.8,35.5,522.3	𫢩㐌𤑟󰘚佞耒	U+2B8A9 U+340C U+2445F U+F061A U+4F5E U+8012	6	Nay đà rõ mặt nịnh rồi	6	1	𫢩㐌𤑟󰘚佞耒	1
LucVanTien1916	nlvnpf-0059 (in mộc bản 1916)	nlvnpf-0059-097	data/LucVanTien1916/pages/images/nlvnpf-0059-097.jpg	5	2	2	data/LucVanTien1916/patches/nlvnpf-0059-097.jpg_2_2.jpg	data/LucVanTien1916/patches_preprocessed/train/nlvnpf-0059-097.jpg_2_2.jpg	train	281.0,155.8,35.5,522.3	仰𥉩量圣栽培󰡫芇	U+4EF0 U+25269 U+91CF U+5723 U+683D U+57F9 U+F086B U+8287	8	Ngưỡng trông lượng thánh tài bồi thế nao	8	1	仰𥉩量圣栽培󰡫芇	1
LucVanTien1916	nlvnpf-0059 (in mộc bản 1916)	nlvnpf-0059-097	data/LucVanTien1916/pages/images/nlvnpf-0059-097.jpg	6	3	1	data/LucVanTien1916/patches/nlvnpf-0059-097.jpg_3_1.jpg	data/LucVanTien1916/patches_preprocessed/train/nlvnpf-0059-097.jpg_3_1.jpg	train	243.8,155.2,36.1,523.5	楚王陳判冲朝	U+695A U+738B U+9673 U+5224 U+51B2 U+671D	6	Sở vương trần phán trong triều	6	1	楚王陳判冲朝	1
LucVanTien1916	nlvnpf-0059 (in mộc bản 1916)	nlvnpf-0059-097	data/LucVanTien1916/pages/images/nlvnpf-0059-097.jpg	7	3	2	data/LucVanTien1916/patches/nlvnpf-0059-097.jpg_3_2.jpg	data/LucVanTien1916/patches_preprocessed/val/nlvnpf-0059-097.jpg_3_2.jpg	val	243.8,155.2,36.1,523.5	太師悶併理芇㝵𡢐	U+592A U+5E2B U+60B6 U+4F75 U+7406 U+8287 U+3775 U+21890	8	Thái sư muốn tính lí nào ngày sau	8	1	太師悶併理芇㝵𡢐	1
LucVanTien1916	nlvnpf-0059 (in mộc bản 1916)	nlvnpf-0059-097	data/LucVanTien1916/pages/images/nlvnpf-0059-097.jpg	8	4	1	data/LucVanTien1916/patches/nlvnpf-0059-097.jpg_4_1.jpg	data/LucVanTien1916/patches_preprocessed/train/nlvnpf-0059-097.jpg_4_1.jpg	train	205.3,155.2,36.6,524.8	咍󰑼董卓謀溇	U+548D U+F047C U+8463 U+5353 U+8B00 U+6E87	6	Hay là Đổng Trác mưu sâu	6	1	咍󰑼董卓謀溇	1
LucVanTien1916	nlvnpf-0059 (in mộc bản 1916)	nlvnpf-0059-097	data/LucVanTien1916/pages/images/nlvnpf-0059-097.jpg	9	4	2	data/LucVanTien1916/patches/nlvnpf-0059-097.jpg_4_2.jpg	data/LucVanTien1916/patches_preprocessed/train/nlvnpf-0059-097.jpg_4_2.jpg	train	205.3,155.2,36.6,524.8	餒𬂙吕布防欧漢權	U+9912 U+2C099 U+5415 U+5E03 U+9632 U+6B27 U+6F22 U+6B0A	8	Nuôi trông Lữ Bố phòng âu Hán quyền	8	1	餒𬂙吕布防欧漢權	1
LucVanTien1916	nlvnpf-0059 (in mộc bản 1916)	nlvnpf-0059-097	data/LucVanTien1916/pages/images/nlvnpf-0059-097.jpg	10	5	1	data/LucVanTien1916/patches/nlvnpf-0059-097.jpg_5_1.jpg	data/LucVanTien1916/patches_preprocessed/train/nlvnpf-0059-097.jpg_5_1.jpg	train	166.2,154.6,35.2,525.4	咍󰑼元載謀𥢆	U+548D U+F047C U+5143 U+8F09 U+8B00 U+25886	6	Hay là Nguyên Tải mưu riêng	6	1	咍󰑼元載謀𥢆	1
LucVanTien1916	nlvnpf-0059 (in mộc bản 1916)	nlvnpf-0059-097	data/LucVanTien1916/pages/images/nlvnpf-0059-097.jpg	11	5	2	data/LucVanTien1916/patches/nlvnpf-0059-097.jpg_5_2.jpg	data/LucVanTien1916/patches_preprocessed/train/nlvnpf-0059-097.jpg_5_2.jpg	train	166.2,154.6,35.2,525.4	餒󰮇雀彦蒙專茄唐	U+9912 U+F0B87 U+96C0 U+5F66 U+8499 U+5C08 U+8304 U+5510	8	Nuôi thằng Tước Ngạn mong chuyên nhà Đường	8	1	餒󰮇雀彦蒙專茄唐	1
LucVanTien1916	nlvnpf-0059 (in mộc bản 1916)	nlvnpf-0059-097	data/LucVanTien1916/pages/images/nlvnpf-0059-097.jpg	12	6	1	data/LucVanTien1916/patches/nlvnpf-0059-097.jpg_6_1.jpg	data/LucVanTien1916/patches_preprocessed/train/nlvnpf-0059-097.jpg_6_1.jpg	train	127.7,153.9,37.3,527.8	咍󰑼安石𠺙奸	U+548D U+F047C U+5B89 U+77F3 U+20E99 U+5978	6	Hay là An Thạch thói gian	6	1	咍󰑼安石𠺙奸	1
LucVanTien1916	nlvnpf-0059 (in mộc bản 1916)	nlvnpf-0059-097	data/LucVanTien1916/pages/images/nlvnpf-0059-097.jpg	13	6	2	data/LucVanTien1916/patches/nlvnpf-0059-097.jpg_6_2.jpg	data/LucVanTien1916/patches_preprocessed/train/nlvnpf-0059-097.jpg_6_2.jpg	train	127.7,153.9,37.3,527.8	餒󰮇秦卞防筭宋朝	U+9912 U+F0B87 U+79E6 U+535E U+9632 U+7B6D U+5B8B U+671D	8	Nuôi thằng Tần Biện phòng toan Tống triều	8	1	餒󰮇秦卞防筭宋朝	1
LucVanTien1916	nlvnpf-0059 (in mộc bản 1916)	nlvnpf-0059-097	data/LucVanTien1916/pages/images/nlvnpf-0059-097.jpg	14	7	1	data/LucVanTien1916/patches/nlvnpf-0059-097.jpg_7_1.jpg	data/LucVanTien1916/patches_preprocessed/train/nlvnpf-0059-097.jpg_7_1.jpg	train	90.1,153.9,38.3,528.4	𠁀𠸗碎佞別包	U+20040 U+20E17 U+788E U+4F5E U+5225 U+5305	6	Đời xưa tôi nịnh biết bao	6	1	𠁀𠸗碎佞別包	1
LucVanTien1916	nlvnpf-0059 (in mộc bản 1916)	nlvnpf-0059-097	data/LucVanTien1916/pages/images/nlvnpf-0059-097.jpg	15	7	2	data/LucVanTien1916/patches/nlvnpf-0059-097.jpg_7_2.jpg	data/LucVanTien1916/patches_preprocessed/train/nlvnpf-0059-097.jpg_7_2.jpg	train	90.1,153.9,38.3,528.4	太師㐱固恪芇曹喂	U+592A U+5E2B U+3431 U+56FA U+606A U+8287 U+66F9 U+5582	8	Thái Sư chỉn có khác nào Tào ôi	8	1	太師㐱固恪芇曹喂	1
LucVanTien1916	nlvnpf-0059 (in mộc bản 1916)	nlvnpf-0059-097	data/LucVanTien1916/pages/images/nlvnpf-0059-097.jpg	16	8	1	data/LucVanTien1916/patches/nlvnpf-0059-097.jpg_8_1.jpg	data/LucVanTien1916/patches_preprocessed/train/nlvnpf-0059-097.jpg_8_1.jpg	train	51.9,154.6,38.9,527.8	筭專倚𡄎嵬𡗶	U+7B6D U+5C08 U+501A U+2110E U+5D6C U+215F6	6	Toan chuyên ngẫm ỷ ngôi trời	6	1	筭專倚𡄎嵬𡗶	1
LucVanTien1916	nlvnpf-0059 (in mộc bản 1916)	nlvnpf-0059-097	data/LucVanTien1916/pages/images/nlvnpf-0059-097.jpg	17	8	2	data/LucVanTien1916/patches/nlvnpf-0059-097.jpg_8_2.jpg	data/LucVanTien1916/patches_preprocessed/train/nlvnpf-0059-097.jpg_8_2.jpg	train	51.9,154.6,38.9,527.8	𧡊𠊚忠正劍𢈱󰕔坡	U+2784A U+2029A U+5FE0 U+6B63 U+528D U+22231 U+F0554 U+5761	8	Thấy người trung chính kiếm lời sàm pha	8	1	𧡊𠊚忠正劍𢈱󰕔坡	1
LucVanTien1916	nlvnpf-0059 (in mộc bản 1916)	nlvnpf-0059-097	data/LucVanTien1916/pages/images/nlvnpf-0059-097.jpg	18	9	1	data/LucVanTien1916/patches/nlvnpf-0059-097.jpg_9_1.jpg	data/LucVanTien1916/patches_preprocessed/train/nlvnpf-0059-097.jpg_9_1.jpg	train	16.5,153.9,33.2,530.2	典𫢩買訴正邪	U+5178 U+2B8A9 U+8CB7 U+8A34 U+6B63 U+90AA	6	Đến này mới tỏ chính tà	6	1	典𫢩買訴正邪	1
LucVanTien1916	nlvnpf-0059 (in mộc bản 1916)	nlvnpf-0059-097	data/LucVanTien1916/pages/images/nlvnpf-0059-097.jpg	19	9	2	data/LucVanTien1916/patches/nlvnpf-0059-097.jpg_9_2.jpg	data/LucVanTien1916/patches_preprocessed/train/nlvnpf-0059-097.jpg_9_2.jpg	train	16.5,153.9,33.2,530.2	拱爲課畧在些𨇒用	U+62F1 U+7232 U+8AB2 U+7567 U+5728 U+4E9B U+281D2 U+7528	8	Cũng vì thuở trước tại ta lỗi dùng	8	1	拱爲課畧在些𨇒用	1
LucVanTien1916	nlvnpf-0059 (in mộc bản 1916)	nlvnpf-0059-098	data/LucVanTien1916/pages/images/nlvnpf-0059-098.jpg	0	0	1	data/LucVanTien1916/patches/nlvnpf-0059-098.jpg_0_1.jpg	data/LucVanTien1916/patches_preprocessed/train/nlvnpf-0059-098.jpg_0_1.jpg	train	437.4,154.6,35.0,530.2	傕匕些拱𢌌容	U+5095 U+5315 U+4E9B U+62F1 U+2230C U+5BB9	6	Thôi thôi ta cũng rộng dung	6	1	傕匕些拱𢌌容	1
LucVanTien1916	nlvnpf-0059 (in mộc bản 1916)	nlvnpf-0059-098	data/LucVanTien1916/pages/images/nlvnpf-0059-098.jpg	1	0	2	data/LucVanTien1916/patches/nlvnpf-0059-098.jpg_0_2.jpg	data/LucVanTien1916/patches_preprocessed/train/nlvnpf-0059-098.jpg_0_2.jpg	train	437.4,154.6,35.0,530.2	太師拮聀𧗱共民間	U+592A U+5E2B U+62EE U+8040 U+275F1 U+5171 U+6C11 U+9593	8	Thái sư cách chức về cùng dân gian	8	1	太師拮聀𧗱共民間	1
LucVanTien1916	nlvnpf-0059 (in mộc bản 1916)	nlvnpf-0059-098	data/LucVanTien1916/pages/images/nlvnpf-0059-098.jpg	2	1	1	data/LucVanTien1916/patches/nlvnpf-0059-098.jpg_1_1.jpg	data/LucVanTien1916/patches_preprocessed/train/nlvnpf-0059-098.jpg_1_1.jpg	train	400.2,154.6,36.2,531.5	郑歆󰑼󰻛暴残	U+90D1 U+6B46 U+F047C U+F0EDB U+66B4 U+6B8B	6	Trịnh Hâm là trẻ bạo tàn	6	1	郑歆󰑼󰻛暴残	1
LucVanTien1916	nlvnpf-0059 (in mộc bản 1916)	nlvnpf-0059-098	data/LucVanTien1916/pages/images/nlvnpf-0059-098.jpg	3	1	2	data/LucVanTien1916/patches/nlvnpf-0059-098.jpg_1_2.jpg	data/LucVanTien1916/patches_preprocessed/train/nlvnpf-0059-098.jpg_1_2.jpg	train	400.2,154.6,36.2,531.5	交朱囯状默筭法刑	U+4EA4 U+6731 U+56EF U+72B6 U+9ED8 U+7B6D U+6CD5 U+5211	8	Giao cho quốc trạng mặc toan phép hình	8	1	交朱囯状默筭法刑	1
LucVanTien1916	nlvnpf-0059 (in mộc bản 1916)	nlvnpf-0059-098	data/LucVanTien1916/pages/images/nlvnpf-0059-098.jpg	4	2	1	data/LucVanTien1916/patches/nlvnpf-0059-098.jpg_2_1.jpg	data/LucVanTien1916/patches_preprocessed/train/nlvnpf-0059-098.jpg_2_1.jpg	train	363.7,154.9,35.4,532.3	月娥󰑼𡛔忠貞	U+6708 U+5A25 U+F047C U+216D4 U+5FE0 U+8C9E	6	Nguyệt Nga là gái trung trinh	6	1	月娥󰑼𡛔忠貞	1
LucVanTien1916	nlvnpf-0059 (in mộc bản 1916)	nlvnpf-0059-098	data/LucVanTien1916/pages/images/nlvnpf-0059-098.jpg	5	2	2	data/LucVanTien1916/patches/nlvnpf-0059-098.jpg_2_2.jpg	data/LucVanTien1916/patches_preprocessed/val/nlvnpf-0059-098.jpg_2_2.jpg	val	363.7,154.9,35.4,532.3	敕封郡主顕荣朱娘	U+6555 U+5C01 U+90E1 U+4E3B U+9855 U+8363 U+6731 U+5A18	8	Sắc phong quận chúa hiển vinh cho nàng	8	1	敕封郡主顕荣朱娘	1
LucVanTien1916	nlvnpf-0059 (in mộc bản 1916)	nlvnpf-0059-098	data/LucVanTien1916/pages/images/nlvnpf-0059-098.jpg	6	3	1	data/LucVanTien1916/patches/nlvnpf-0059-098.jpg_3_1.jpg	data/LucVanTien1916/patches_preprocessed/train/nlvnpf-0059-098.jpg_3_1.jpg	train	324.2,157.6,36.8,531.5	矯公復聀太卿	U+77EF U+516C U+5FA9 U+8040 U+592A U+537F	6	Kiều công phục chức Thái khanh	6	1	矯公復聀太卿	1
LucVanTien1916	nlvnpf-0059 (in mộc bản 1916)	nlvnpf-0059-098	data/LucVanTien1916/pages/images/nlvnpf-0059-098.jpg	7	3	2	data/LucVanTien1916/patches/nlvnpf-0059-098.jpg_3_2.jpg	data/LucVanTien1916/patches_preprocessed/train/nlvnpf-0059-098.jpg_3_2.jpg	train	324.2,157.6,36.8,531.5	吏封巡撫東城治民	U+540F U+5C01 U+5DE1 U+64AB U+6771 U+57CE U+6CBB U+6C11	8	Lại phong tuần phủ Đông Thành trị dân	8	1	吏封巡撫東城治民	1
LucVanTien1916	nlvnpf-0059 (in mộc bản 1916)	nlvnpf-0059-098	data/LucVanTien1916/pages/images/nlvnpf-0059-098.jpg	8	4	1	data/LucVanTien1916/patches/nlvnpf-0059-098.jpg_4_1.jpg	data/LucVanTien1916/patches_preprocessed/train/nlvnpf-0059-098.jpg_4_1.jpg	train	286.6,157.0,34.9,532.7	状元寔等良臣	U+72B6 U+5143 U+5BD4 U+7B49 U+826F U+81E3	6	Trạng nguyên thực đấng lương thần	6	1	状元寔等良臣	1
LucVanTien1916	nlvnpf-0059 (in mộc bản 1916)	nlvnpf-0059-098	data/LucVanTien1916/pages/images/nlvnpf-0059-098.jpg	9	4	2	data/LucVanTien1916/patches/nlvnpf-0059-098.jpg_4_2.jpg	data/LucVanTien1916/patches_preprocessed/train/nlvnpf-0059-098.jpg_4_2.jpg	train	286.6,157.0,34.9,532.7	敕封相囯畧行公卿	U+6555 U+5C01 U+76F8 U+56EF U+7567 U+884C U+516C U+537F	8	Sắc phong Tướng quốc trước hàng công khanh	8	1	敕封相囯畧行公卿	1
LucVanTien1916	nlvnpf-0059 (in mộc bản 1916)	nlvnpf-0059-098	data/LucVanTien1916/pages/images/nlvnpf-0059-098.jpg	10	5	1	data/LucVanTien1916/patches/nlvnpf-0059-098.jpg_5_1.jpg	data/LucVanTien1916/patches_preprocessed/train/nlvnpf-0059-098.jpg_5_1.jpg	train	247.5,158.8,37.5,532.1	漢明封聀縂兵	U+6F22 U+660E U+5C01 U+8040 U+7E02 U+5175	6	Hán Minh phong chức tổng binh	6	1	漢明封聀縂兵	1
LucVanTien1916	nlvnpf-0059 (in mộc bản 1916)	nlvnpf-0059-098	data/LucVanTien1916/pages/images/nlvnpf-0059-098.jpg	11	5	2	data/LucVanTien1916/patches/nlvnpf-0059-098.jpg_5_2.jpg	data/LucVanTien1916/patches_preprocessed/train/nlvnpf-0059-098.jpg_5_2.jpg	train	247.5,158.8,37.5,532.1	英㛪𢜠謝丹庭調𨆢	U+82F1 U+36EA U+22720 U+8B1D U+4E39 U+5EAD U+8ABF U+281A2	8	Anh em mừng tạ đan đình đều lui	8	1	英㛪𢜠謝丹庭調𨆢	1
LucVanTien1916	nlvnpf-0059 (in mộc bản 1916)	nlvnpf-0059-098	data/LucVanTien1916/pages/images/nlvnpf-0059-098.jpg	12	6	1	data/LucVanTien1916/patches/nlvnpf-0059-098.jpg_6_1.jpg	data/LucVanTien1916/patches_preprocessed/train/nlvnpf-0059-098.jpg_6_1.jpg	train	206.6,158.8,36.1,533.3	户王户漢户裴	U+6237 U+738B U+6237 U+6F22 U+6237 U+88F4	6	Họ Vương, họ Hán, họ Bùi	6	1	户王户漢户裴	1
LucVanTien1916	nlvnpf-0059 (in mộc bản 1916)	nlvnpf-0059-098	data/LucVanTien1916/pages/images/nlvnpf-0059-098.jpg	13	6	2	data/LucVanTien1916/patches/nlvnpf-0059-098.jpg_6_2.jpg	data/LucVanTien1916/patches_preprocessed/train/nlvnpf-0059-098.jpg_6_2.jpg	train	206.6,158.8,36.1,533.3	共饒㕵𨢇調盃調唭	U+5171 U+9952 U+3575 U+28887 U+8ABF U+76C3 U+8ABF U+552D	8	Cùng nhau uống rượu đều vui, đều cười	8	1	共饒㕵𨢇調盃調唭	1
LucVanTien1916	nlvnpf-0059 (in mộc bản 1916)	nlvnpf-0059-098	data/LucVanTien1916/pages/images/nlvnpf-0059-098.jpg	14	7	1	data/LucVanTien1916/patches/nlvnpf-0059-098.jpg_7_1.jpg	data/LucVanTien1916/patches_preprocessed/train/nlvnpf-0059-098.jpg_7_1.jpg	train	168.2,158.2,37.2,535.7	状浪嗔𠳨𠬠𠳒	U+72B6 U+6D6A U+55D4 U+20CE8 U+20B20 U+20CD2	6	Trạng rằng xin hỏi một lời	6	1	状浪嗔𠳨𠬠𠳒	1
LucVanTien1916	nlvnpf-0059 (in mộc bản 1916)	nlvnpf-0059-098	data/LucVanTien1916/pages/images/nlvnpf-0059-098.jpg	15	7	2	data/LucVanTien1916/patches/nlvnpf-0059-098.jpg_7_2.jpg	data/LucVanTien1916/patches_preprocessed/val/nlvnpf-0059-098.jpg_7_2.jpg	val	168.2,158.2,37.2,535.7	郑歆罪畧各𠊚併牢	U+90D1 U+6B46 U+7F6A U+7567 U+5404 U+2029A U+4F75 U+7262	8	Trịnh Hâm tội trước các người tính sao	8	1	郑歆罪畧各𠊚併牢	1
LucVanTien1916	nlvnpf-0059 (in mộc bản 1916)	nlvnpf-0059-098	data/LucVanTien1916/pages/images/nlvnpf-0059-098.jpg	16	8	1	data/LucVanTien1916/patches/nlvnpf-0059-098.jpg_8_1.jpg	data/LucVanTien1916/patches_preprocessed/train/nlvnpf-0059-098.jpg_8_1.jpg	train	129.8,161.3,38.8,531.5	左刀引郑歆𠓨	U+5DE6 U+5200 U+5F15 U+90D1 U+6B46 U+204E8	6	Tả đao dẫn Trịnh Hâm vào	6	1	左刀引郑歆𠓨	1
LucVanTien1916	nlvnpf-0059 (in mộc bản 1916)	nlvnpf-0059-098	data/LucVanTien1916/pages/images/nlvnpf-0059-098.jpg	17	8	2	data/LucVanTien1916/patches/nlvnpf-0059-098.jpg_8_2.jpg	data/LucVanTien1916/patches_preprocessed/val/nlvnpf-0059-098.jpg_8_2.jpg	val	129.8,161.3,38.8,531.5	󰘚𥆾𧡊伴𠲶嘲浪英	U+F061A U+251BE U+2784A U+4F34 U+20CB6 U+5632 U+6D6A U+82F1	8	Mặt nhìn thấy bạn, miệng chào rằng anh	8	1	󰘚𥆾𧡊伴𠲶嘲浪英	1
LucVanTien1916	nlvnpf-0059 (in mộc bản 1916)	nlvnpf-0059-098	data/LucVanTien1916/pages/images/nlvnpf-0059-098.jpg	18	9	1	data/LucVanTien1916/patches/nlvnpf-0059-098.jpg_9_1.jpg	data/LucVanTien1916/patches_preprocessed/train/nlvnpf-0059-098.jpg_9_1.jpg	train	93.5,163.1,37.4,522.5	明浪埃曼呌英	U+660E U+6D6A U+57C3 U+66FC U+544C U+82F1	6	Minh rằng: Ai mượn kêu anh	6	1	明浪埃曼呌英	1
LucVanTien1916	nlvnpf-0059 (in mộc bản 1916)	nlvnpf-0059-098	data/LucVanTien1916/pages/images/nlvnpf-0059-098.jpg	19	9	2	data/LucVanTien1916/patches/nlvnpf-0059-098.jpg_9_2.jpg	data/LucVanTien1916/patches_preprocessed/val/nlvnpf-0059-098.jpg_9_2.jpg	val	93.5,163.1,37.4,522.5	畧它󰝡𠺙庒苓辰傕	U+7567 U+5B83 U+F0761 U+20E99 U+5E92 U+82D3 U+8FB0 U+5095	8	Trước đà đem thói chẳng lành thì thôi	8	1	畧它󰝡𠺙庒苓辰傕	1
LucVanTien1916	nlvnpf-0059 (in mộc bản 1916)	nlvnpf-0059-099	data/LucVanTien1916/pages/images/nlvnpf-0059-099.jpg	0	0	1	data/LucVanTien1916/patches/nlvnpf-0059-099.jpg_0_1.jpg	data/LucVanTien1916/patches_preprocessed/train/nlvnpf-0059-099.jpg_0_1.jpg	train	363.0,159.4,38.2,520.5	引𦋦鉆郭朱耒	U+5F15 U+262E6 U+9246 U+90ED U+6731 U+8012	6	Dẫn ra chém quách cho rồi	6	1	引𦋦鉆郭朱耒	1
LucVanTien1916	nlvnpf-0059 (in mộc bản 1916)	nlvnpf-0059-099	data/LucVanTien1916/pages/images/nlvnpf-0059-099.jpg	1	0	2	data/LucVanTien1916/patches/nlvnpf-0059-099.jpg_0_2.jpg	data/LucVanTien1916/patches_preprocessed/train/nlvnpf-0059-099.jpg_0_2.jpg	train	363.0,159.4,38.2,520.5	底之𣘃𬑉苦𡎢錦肝	U+5E95 U+4E4B U+23603 U+2C449 U+82E6 U+213A2 U+9326 U+809D	8	Ðể chi gai mắt, khó ngồi cẩm gan	8	1	底之𣘃𬑉苦𡎢錦肝	1
LucVanTien1916	nlvnpf-0059 (in mộc bản 1916)	nlvnpf-0059-099	data/LucVanTien1916/pages/images/nlvnpf-0059-099.jpg	2	1	1	data/LucVanTien1916/patches/nlvnpf-0059-099.jpg_1_1.jpg	data/LucVanTien1916/patches_preprocessed/train/nlvnpf-0059-099.jpg_1_1.jpg	train	324.7,160.1,36.8,517.4	直浪英渚呐昂	U+76F4 U+6D6A U+82F1 U+6E1A U+5450 U+6602	6	Trực rằng: Anh chớ nói ngang	6	1	直浪英渚呐昂	1
LucVanTien1916	nlvnpf-0059 (in mộc bản 1916)	nlvnpf-0059-099	data/LucVanTien1916/pages/images/nlvnpf-0059-099.jpg	3	1	2	data/LucVanTien1916/patches/nlvnpf-0059-099.jpg_1_2.jpg	data/LucVanTien1916/patches_preprocessed/train/nlvnpf-0059-099.jpg_1_2.jpg	train	324.7,160.1,36.8,517.4	折𧋆埃用鎌鐄爫之	U+6298 U+272C6 U+57C3 U+7528 U+938C U+9404 U+722B U+4E4B	8	Giết ruồi ai dụng gươm vàng làm chi	8	1	折𧋆埃用鎌鐄爫之	1
LucVanTien1916	nlvnpf-0059 (in mộc bản 1916)	nlvnpf-0059-099	data/LucVanTien1916/pages/images/nlvnpf-0059-099.jpg	4	2	1	data/LucVanTien1916/patches/nlvnpf-0059-099.jpg_2_1.jpg	data/LucVanTien1916/patches_preprocessed/train/nlvnpf-0059-099.jpg_2_1.jpg	train	286.8,159.4,36.8,522.3	𠸗𫢩󰋇𠁂󰟁󰀩	U+20E17 U+2B8A9 U+F02C7 U+20042 U+F07C1 U+F0029	6	Xưa nay mấy đứa vô nghì	6	1	𠸗𫢩󰋇𠁂󰟁󰀩	1
LucVanTien1916	nlvnpf-0059 (in mộc bản 1916)	nlvnpf-0059-099	data/LucVanTien1916/pages/images/nlvnpf-0059-099.jpg	5	2	2	data/LucVanTien1916/patches/nlvnpf-0059-099.jpg_2_2.jpg	data/LucVanTien1916/patches_preprocessed/val/nlvnpf-0059-099.jpg_2_2.jpg	val	286.8,159.4,36.8,522.3	油朱奴𤯩爫之成身	U+6CB9 U+6731 U+5974 U+24BE9 U+722B U+4E4B U+6210 U+8EAB	8	Dẫu cho nó sống làm gì thành than	8	1	油朱奴𤯩爫之成身	1
LucVanTien1916	nlvnpf-0059 (in mộc bản 1916)	nlvnpf-0059-099	data/LucVanTien1916/pages/images/nlvnpf-0059-099.jpg	6	3	1	data/LucVanTien1916/patches/nlvnpf-0059-099.jpg_3_1.jpg	data/LucVanTien1916/patches_preprocessed/train/nlvnpf-0059-099.jpg_3_1.jpg	train	247.6,159.4,39.1,521.7	歆浪洳量大人	U+6B46 U+6D6A U+6D33 U+91CF U+5927 U+4EBA	6	Hâm rằng: Nhờ lượng đại nhân	6	1	歆浪洳量大人	1
LucVanTien1916	nlvnpf-0059 (in mộc bản 1916)	nlvnpf-0059-099	data/LucVanTien1916/pages/images/nlvnpf-0059-099.jpg	7	3	2	data/LucVanTien1916/patches/nlvnpf-0059-099.jpg_3_2.jpg	data/LucVanTien1916/patches_preprocessed/val/nlvnpf-0059-099.jpg_3_2.jpg	val	247.6,159.4,39.1,521.7	本碎買曳𠬠吝嗔容	U+672C U+788E U+8CB7 U+66F3 U+20B20 U+541D U+55D4 U+5BB9	8	Vốn tôi mới dại một lần xin dung	8	1	本碎買曳𠬠吝嗔容	1
LucVanTien1916	nlvnpf-0059 (in mộc bản 1916)	nlvnpf-0059-099	data/LucVanTien1916/pages/images/nlvnpf-0059-099.jpg	8	4	1	data/LucVanTien1916/patches/nlvnpf-0059-099.jpg_4_1.jpg	data/LucVanTien1916/patches_preprocessed/train/nlvnpf-0059-099.jpg_4_1.jpg	train	210.8,159.4,37.4,523.7	状浪些𨅸英雄	U+72B6 U+6D6A U+4E9B U+28178 U+82F1 U+96C4	6	Trạng rằng: Ta đấng anh hùng	6	1	状浪些𨅸英雄	1
LucVanTien1916	nlvnpf-0059 (in mộc bản 1916)	nlvnpf-0059-099	data/LucVanTien1916/pages/images/nlvnpf-0059-099.jpg	9	4	2	data/LucVanTien1916/patches/nlvnpf-0059-099.jpg_4_2.jpg	data/LucVanTien1916/patches_preprocessed/train/nlvnpf-0059-099.jpg_4_2.jpg	train	210.8,159.4,37.4,523.7	芇埃固𣩁𠁂󰠃爫之	U+8287 U+57C3 U+56FA U+23A41 U+20042 U+F0803 U+722B U+4E4B	8	Nào ai có giết đứa cùng làm chi	8	1	芇埃固𣩁𠁂󰠃爫之	1
LucVanTien1916	nlvnpf-0059 (in mộc bản 1916)	nlvnpf-0059-099	data/LucVanTien1916/pages/images/nlvnpf-0059-099.jpg	10	5	1	data/LucVanTien1916/patches/nlvnpf-0059-099.jpg_5_1.jpg	data/LucVanTien1916/patches_preprocessed/train/nlvnpf-0059-099.jpg_5_1.jpg	train	172.1,160.1,38.6,523.5	傕又些拱𢌌推	U+5095 U+53C8 U+4E9B U+62F1 U+2230C U+63A8	6	Thôi thôi ta cũng rộng suy	6	1	傕又些拱𢌌推	1
LucVanTien1916	nlvnpf-0059 (in mộc bản 1916)	nlvnpf-0059-099	data/LucVanTien1916/pages/images/nlvnpf-0059-099.jpg	11	5	2	data/LucVanTien1916/patches/nlvnpf-0059-099.jpg_5_2.jpg	data/LucVanTien1916/patches_preprocessed/val/nlvnpf-0059-099.jpg_5_2.jpg	val	172.1,160.1,38.6,523.5	傳軍𬮎𨴦𨒻𠫾朱耒	U+50B3 U+8ECD U+2CB8E U+28D26 U+284BB U+20AFE U+6731 U+8012	8	Truyền quân mở cửa đuổi đi cho rồi	8	1	傳軍𬮎𨴦𨒻𠫾朱耒	1
LucVanTien1916	nlvnpf-0059 (in mộc bản 1916)	nlvnpf-0059-099	data/LucVanTien1916/pages/images/nlvnpf-0059-099.jpg	12	6	1	data/LucVanTien1916/patches/nlvnpf-0059-099.jpg_6_1.jpg	data/LucVanTien1916/patches_preprocessed/train/nlvnpf-0059-099.jpg_6_1.jpg	train	133.4,159.4,37.3,525.7	郑歆塊𣩂𢜠盃	U+90D1 U+6B46 U+584A U+23A42 U+22720 U+76C3	6	Trịnh Hâm khỏi chết mừng vui	6	1	郑歆塊𣩂𢜠盃	1
LucVanTien1916	nlvnpf-0059 (in mộc bản 1916)	nlvnpf-0059-099	data/LucVanTien1916/pages/images/nlvnpf-0059-099.jpg	13	6	2	data/LucVanTien1916/patches/nlvnpf-0059-099.jpg_6_2.jpg	data/LucVanTien1916/patches_preprocessed/val/nlvnpf-0059-099.jpg_6_2.jpg	val	133.4,159.4,37.3,525.7	倍鐄跪𥛉嗔𨆢𦋦𧗱	U+500D U+9404 U+8DEA U+256C9 U+55D4 U+281A2 U+262E6 U+275F1	8	Vội vàng quỳ lạy xin lui ra về	8	1	倍鐄跪𥛉嗔𨆢𦋦𧗱	1
LucVanTien1916	nlvnpf-0059 (in mộc bản 1916)	nlvnpf-0059-099	data/LucVanTien1916/pages/images/nlvnpf-0059-099.jpg	14	7	1	data/LucVanTien1916/patches/nlvnpf-0059-099.jpg_7_1.jpg	data/LucVanTien1916/patches_preprocessed/train/nlvnpf-0059-099.jpg_7_1.jpg	train	95.8,160.7,37.5,524.8	群𤽗裴儉𥁚羝	U+7FA4 U+24F57 U+88F4 U+5109 U+2505A U+7F9D	6	Còn ngươi Bùi Kiệm máu dê	6	1	群𤽗裴儉𥁚羝	1
LucVanTien1916	nlvnpf-0059 (in mộc bản 1916)	nlvnpf-0059-099	data/LucVanTien1916/pages/images/nlvnpf-0059-099.jpg	15	7	2	data/LucVanTien1916/patches/nlvnpf-0059-099.jpg_7_2.jpg	data/LucVanTien1916/patches_preprocessed/train/nlvnpf-0059-099.jpg_7_2.jpg	train	95.8,160.7,37.5,524.8	虎𤽗告病嗔𧗱矯𥹰	U+864E U+24F57 U+544A U+75C5 U+55D4 U+275F1 U+77EF U+25E70	8	Hổ người cáo bệnh xin về kẻo lâu	8	1	虎𤽗告病嗔𧗱矯𥹰	1
LucVanTien1916	nlvnpf-0059 (in mộc bản 1916)	nlvnpf-0059-099	data/LucVanTien1916/pages/images/nlvnpf-0059-099.jpg	16	8	1	data/LucVanTien1916/patches/nlvnpf-0059-099.jpg_8_1.jpg	data/LucVanTien1916/patches_preprocessed/train/nlvnpf-0059-099.jpg_8_1.jpg	train	60.7,160.1,35.5,526.0	漢明子直𠓨奏	U+6F22 U+660E U+5B50 U+76F4 U+204E8 U+594F	6	Hán Minh, Tử Trực vào tâu	6	1	漢明子直𠓨奏	1
LucVanTien1916	nlvnpf-0059 (in mộc bản 1916)	nlvnpf-0059-099	data/LucVanTien1916/pages/images/nlvnpf-0059-099.jpg	17	8	2	data/LucVanTien1916/patches/nlvnpf-0059-099.jpg_8_2.jpg	data/LucVanTien1916/patches_preprocessed/train/nlvnpf-0059-099.jpg_8_2.jpg	train	60.7,160.1,35.5,526.0	嗔迻國状及朝荣歸	U+55D4 U+8FFB U+570B U+72B6 U+53CA U+671D U+8363 U+6B78	8	Xin đưa Quốc trạng kịp chầu vinh qui	8	1	嗔迻國状及朝荣歸	1
LucVanTien1916	nlvnpf-0059 (in mộc bản 1916)	nlvnpf-0059-099	data/LucVanTien1916/pages/images/nlvnpf-0059-099.jpg	18	9	1	data/LucVanTien1916/patches/nlvnpf-0059-099.jpg_9_1.jpg	data/LucVanTien1916/patches_preprocessed/train/nlvnpf-0059-099.jpg_9_1.jpg	train	22.6,160.1,37.1,524.8	𠬠𤽗裴儉庒𠫾	U+20B20 U+24F57 U+88F4 U+5109 U+5E92 U+20AFE	6	Một ngươi Bùi Kiệm chẳng đi	6	1	𠬠𤽗裴儉庒𠫾	1
LucVanTien1916	nlvnpf-0059 (in mộc bản 1916)	nlvnpf-0059-099	data/LucVanTien1916/pages/images/nlvnpf-0059-099.jpg	19	9	2	data/LucVanTien1916/patches/nlvnpf-0059-099.jpg_9_2.jpg	data/LucVanTien1916/patches_preprocessed/val/nlvnpf-0059-099.jpg_9_2.jpg	val	22.6,160.1,37.1,524.8	冲𢚸它𢢆拱爲虎台	U+51B2 U+226B8 U+5B83 U+22886 U+62F1 U+7232 U+864E U+53F0	8	Trong lòng đà thẹn cũng vì hổ thay	8	1	冲𢚸它𢢆拱爲虎台	1
LucVanTien1916	nlvnpf-0059 (in mộc bản 1916)	nlvnpf-0059-100	data/LucVanTien1916/pages/images/nlvnpf-0059-100.jpg	0	0	1	data/LucVanTien1916/patches/nlvnpf-0059-100.jpg_0_1.jpg	data/LucVanTien1916/patches_preprocessed/train/nlvnpf-0059-100.jpg_0_1.jpg	train	446.4,159.4,35.8,524.8	状元車駕倍鐄	U+72B6 U+5143 U+8ECA U+99D5 U+500D U+9404	6	Trạng nguyên xa giá vội vàng	6	1	状元車駕倍鐄	1
LucVanTien1916	nlvnpf-0059 (in mộc bản 1916)	nlvnpf-0059-100	data/LucVanTien1916/pages/images/nlvnpf-0059-100.jpg	1	0	2	data/LucVanTien1916/patches/nlvnpf-0059-100.jpg_0_2.jpg	data/LucVanTien1916/patches_preprocessed/val/nlvnpf-0059-100.jpg_0_2.jpg	val	446.4,159.4,35.8,524.8	差軍户𧗱逴娘月娥	U+5DEE U+8ECD U+6237 U+275F1 U+9034 U+5A18 U+6708 U+5A25	8	Sai quân hộ về rước nàng Nguyệt Nga	8	1	差軍户𧗱逴娘月娥	1
LucVanTien1916	nlvnpf-0059 (in mộc bản 1916)	nlvnpf-0059-100	data/LucVanTien1916/pages/images/nlvnpf-0059-100.jpg	2	1	1	data/LucVanTien1916/patches/nlvnpf-0059-100.jpg_1_1.jpg	data/LucVanTien1916/patches_preprocessed/train/nlvnpf-0059-100.jpg_1_1.jpg	train	409.2,161.9,36.3,523.5	泊鐄󰝡謝老妑	U+6CCA U+9404 U+F0761 U+8B1D U+8001 U+5991	6	Bạc vàng đem tạ lão bà	6	1	泊鐄󰝡謝老妑	1
LucVanTien1916	nlvnpf-0059 (in mộc bản 1916)	nlvnpf-0059-100	data/LucVanTien1916/pages/images/nlvnpf-0059-100.jpg	3	1	2	data/LucVanTien1916/patches/nlvnpf-0059-100.jpg_1_2.jpg	data/LucVanTien1916/patches_preprocessed/val/nlvnpf-0059-100.jpg_1_2.jpg	val	409.2,161.9,36.3,523.5	逴娘迻細𣦎戈東城	U+9034 U+5A18 U+8FFB U+7D30 U+2398E U+6208 U+6771 U+57CE	8	Rước nàng đưa tới thẳng qua Đông Thành	8	1	逴娘迻細𣦎戈東城	1
LucVanTien1916	nlvnpf-0059 (in mộc bản 1916)	nlvnpf-0059-100	data/LucVanTien1916/pages/images/nlvnpf-0059-100.jpg	4	2	1	data/LucVanTien1916/patches/nlvnpf-0059-100.jpg_2_1.jpg	data/LucVanTien1916/patches_preprocessed/train/nlvnpf-0059-100.jpg_2_1.jpg	train	371.5,162.5,38.8,522.8	網條梇𬦃𦆆𣛟	U+7DB2 U+689D U+6887 U+2C983 U+26186 U+236DF	6	Võng điều, lộng đỏ, rèm xanh	6	1	網條梇𬦃𦆆𣛟	1
LucVanTien1916	nlvnpf-0059 (in mộc bản 1916)	nlvnpf-0059-100	data/LucVanTien1916/pages/images/nlvnpf-0059-100.jpg	5	2	2	data/LucVanTien1916/patches/nlvnpf-0059-100.jpg_2_2.jpg	data/LucVanTien1916/patches_preprocessed/val/nlvnpf-0059-100.jpg_2_2.jpg	val	371.5,162.5,38.8,522.8	状元子直漢明𨕭塘	U+72B6 U+5143 U+5B50 U+76F4 U+6F22 U+660E U+2856D U+5858	8	Trạng nguyên, Tử Trực, Hán Minh lên đường	8	1	状元子直漢明𨕭塘	1
LucVanTien1916	nlvnpf-0059 (in mộc bản 1916)	nlvnpf-0059-100	data/LucVanTien1916/pages/images/nlvnpf-0059-100.jpg	6	3	1	data/LucVanTien1916/patches/nlvnpf-0059-100.jpg_3_1.jpg	data/LucVanTien1916/patches_preprocessed/train/nlvnpf-0059-100.jpg_3_1.jpg	train	333.6,164.3,38.1,523.4	郑歆𧗱細寒江	U+90D1 U+6B46 U+275F1 U+7D30 U+5BD2 U+6C5F	6	Trịnh Hâm về tới Hàn Giang	6	1	郑歆𧗱細寒江	1
LucVanTien1916	nlvnpf-0059 (in mộc bản 1916)	nlvnpf-0059-100	data/LucVanTien1916/pages/images/nlvnpf-0059-100.jpg	7	3	2	data/LucVanTien1916/patches/nlvnpf-0059-100.jpg_3_2.jpg	data/LucVanTien1916/patches_preprocessed/train/nlvnpf-0059-100.jpg_3_2.jpg	train	333.6,164.3,38.1,523.4	㳥神浽曳船払沉𦖑	U+3CE5 U+795E U+6D7D U+66F3 U+8239 U+6255 U+6C89 U+26591	8	Sóng thần nổi dậy thuyền chàng chìm ngay	8	1	㳥神浽曳船払沉𦖑	1
LucVanTien1916	nlvnpf-0059 (in mộc bản 1916)	nlvnpf-0059-100	data/LucVanTien1916/pages/images/nlvnpf-0059-100.jpg	8	4	1	data/LucVanTien1916/patches/nlvnpf-0059-100.jpg_4_1.jpg	data/LucVanTien1916/patches_preprocessed/train/nlvnpf-0059-100.jpg_4_1.jpg	train	295.4,166.2,38.7,521.1	郑歆沛󰠩𠽆屍	U+90D1 U+6B46 U+6C9B U+F0829 U+20F46 U+5C4D	6	Trịnh Hâm phải cá nuốt thây	6	1	郑歆沛󰠩𠽆屍	1
LucVanTien1916	nlvnpf-0059 (in mộc bản 1916)	nlvnpf-0059-100	data/LucVanTien1916/pages/images/nlvnpf-0059-100.jpg	9	4	2	data/LucVanTien1916/patches/nlvnpf-0059-100.jpg_4_2.jpg	data/LucVanTien1916/patches_preprocessed/train/nlvnpf-0059-100.jpg_4_2.jpg	train	295.4,166.2,38.7,521.1	寔𡗶果报理尼叱㕰	U+5BD4 U+215F6 U+679C U+62A5 U+7406 U+5C3C U+53F1 U+3570	8	Thực trời quả báo lẽ này rất mau	8	1	寔𡗶果报理尼叱㕰	1
LucVanTien1916	nlvnpf-0059 (in mộc bản 1916)	nlvnpf-0059-100	data/LucVanTien1916/pages/images/nlvnpf-0059-100.jpg	10	5	1	data/LucVanTien1916/patches/nlvnpf-0059-100.jpg_5_1.jpg	data/LucVanTien1916/patches_preprocessed/train/nlvnpf-0059-100.jpg_5_1.jpg	train	256.4,168.0,36.9,521.7	爫𠊚庒𢪀畧𡢐	U+722B U+2029A U+5E92 U+22A80 U+7567 U+21890	6	Làm người chẳng nghĩ trước sau	6	1	爫𠊚庒𢪀畧𡢐	1
LucVanTien1916	nlvnpf-0059 (in mộc bản 1916)	nlvnpf-0059-100	data/LucVanTien1916/pages/images/nlvnpf-0059-100.jpg	11	5	2	data/LucVanTien1916/patches/nlvnpf-0059-100.jpg_5_2.jpg	data/LucVanTien1916/patches_preprocessed/train/nlvnpf-0059-100.jpg_5_2.jpg	train	256.4,168.0,36.9,521.7	謀溇吏默莫祸溇庒迡	U+8B00 U+6E87 U+540F U+9ED8 U+83AB U+7978 U+6E87 U+5E92 U+8FE1	9	Mưu sâu lại mắc hoạ sâu chẳng chầy	8	0	謀溇吏默祸溇庒迡	0
LucVanTien1916	nlvnpf-0059 (in mộc bản 1916)	nlvnpf-0059-100	data/LucVanTien1916/pages/images/nlvnpf-0059-100.jpg	12	6	1	data/LucVanTien1916/patches/nlvnpf-0059-100.jpg_6_1.jpg	data/LucVanTien1916/patches_preprocessed/train/nlvnpf-0059-100.jpg_6_1.jpg	train	216.4,168.0,39.1,521.7	小童畧𡨹墓尼	U+5C0F U+7AE5 U+7567 U+21A39 U+5893 U+5C3C	6	Tiểu đồng trước giữ mộ này	6	1	小童畧𡨹墓尼	1
LucVanTien1916	nlvnpf-0059 (in mộc bản 1916)	nlvnpf-0059-100	data/LucVanTien1916/pages/images/nlvnpf-0059-100.jpg	13	6	2	data/LucVanTien1916/patches/nlvnpf-0059-100.jpg_6_2.jpg	data/LucVanTien1916/patches_preprocessed/val/nlvnpf-0059-100.jpg_6_2.jpg	val	216.4,168.0,39.1,521.7	㝵戈𣎃論㐌苔𠀧𢆥	U+3775 U+6208 U+23383 U+8AD6 U+340C U+82D4 U+20027 U+221A5	8	Ngày qua tháng chọn đã đầy ba năm	8	1	㝵戈𣎃論㐌苔𠀧𢆥	1
LucVanTien1916	nlvnpf-0059 (in mộc bản 1916)	nlvnpf-0059-100	data/LucVanTien1916/pages/images/nlvnpf-0059-100.jpg	14	7	1	data/LucVanTien1916/patches/nlvnpf-0059-100.jpg_7_1.jpg	data/LucVanTien1916/patches_preprocessed/train/nlvnpf-0059-100.jpg_7_1.jpg	train	177.5,170.4,39.1,517.4	碎𠫾勸教買𢆥	U+788E U+20AFE U+52F8 U+6559 U+8CB7 U+221A5	6	Tôi đi khuyên giáo mấy năm	6	1	碎𠫾勸教買𢆥	1
LucVanTien1916	nlvnpf-0059 (in mộc bản 1916)	nlvnpf-0059-100	data/LucVanTien1916/pages/images/nlvnpf-0059-100.jpg	15	7	2	data/LucVanTien1916/patches/nlvnpf-0059-100.jpg_7_2.jpg	data/LucVanTien1916/patches_preprocessed/train/nlvnpf-0059-100.jpg_7_2.jpg	train	177.5,170.4,39.1,517.4	併󰝡骸骨𧗱𠽄主茄	U+4F75 U+F0761 U+9AB8 U+9AA8 U+275F1 U+20F44 U+4E3B U+8304	8	Tính đem hài cốt về thăm chủ nhà	8	1	併󰝡骸骨𧗱𠽄主茄	1
LucVanTien1916	nlvnpf-0059 (in mộc bản 1916)	nlvnpf-0059-100	data/LucVanTien1916/pages/images/nlvnpf-0059-100.jpg	16	8	1	data/LucVanTien1916/patches/nlvnpf-0059-100.jpg_8_1.jpg	data/LucVanTien1916/patches_preprocessed/train/nlvnpf-0059-100.jpg_8_1.jpg	train	141.4,170.4,38.6,517.4	嫌爲庒固𠊚些	U+5ACC U+7232 U+5E92 U+56FA U+2029A U+4E9B	6	Hiềm vì chẳng có người ta	6	1	嫌爲庒固𠊚些	1
LucVanTien1916	nlvnpf-0059 (in mộc bản 1916)	nlvnpf-0059-100	data/LucVanTien1916/pages/images/nlvnpf-0059-100.jpg	17	8	2	data/LucVanTien1916/patches/nlvnpf-0059-100.jpg_8_2.jpg	data/LucVanTien1916/patches_preprocessed/train/nlvnpf-0059-100.jpg_8_2.jpg	train	141.4,170.4,38.6,517.4	唉群疎矧𠓨𦋦渚𧗱	U+5509 U+7FA4 U+758E U+77E7 U+204E8 U+262E6 U+6E1A U+275F1	8	Hãy còn thơ thần vào ra chưa về	8	1	唉群疎矧𠓨𦋦渚𧗱	1
LucVanTien1916	nlvnpf-0059 (in mộc bản 1916)	nlvnpf-0059-100	data/LucVanTien1916/pages/images/nlvnpf-0059-100.jpg	18	9	1	data/LucVanTien1916/patches/nlvnpf-0059-100.jpg_9_1.jpg	data/LucVanTien1916/patches_preprocessed/train/nlvnpf-0059-100.jpg_9_1.jpg	train	108.2,174.1,34.6,512.4	状元𣃣細大堤	U+72B6 U+5143 U+230E3 U+7D30 U+5927 U+5824	6	Trạng nguyên vừa tới Đại Đề	6	1	状元𣃣細大堤	1
LucVanTien1916	nlvnpf-0059 (in mộc bản 1916)	nlvnpf-0059-100	data/LucVanTien1916/pages/images/nlvnpf-0059-100.jpg	19	9	2	data/LucVanTien1916/patches/nlvnpf-0059-100.jpg_9_2.jpg	data/LucVanTien1916/patches_preprocessed/train/nlvnpf-0059-100.jpg_9_2.jpg	train	108.2,174.1,34.6,512.4	傳軍𩂏壙祭兮童𠸗	U+50B3 U+8ECD U+2908F U+58D9 U+796D U+516E U+7AE5 U+20E17	8	Truyền quân che lộng tế hề đồng xưa	8	1	傳軍𩂏壙祭兮童𠸗	1
LucVanTien1916	nlvnpf-0059 (in mộc bản 1916)	nlvnpf-0059-101	data/LucVanTien1916/pages/images/nlvnpf-0059-101.jpg	0	0	1	data/LucVanTien1916/patches/nlvnpf-0059-101.jpg_0_1.jpg	data/LucVanTien1916/patches_preprocessed/train/nlvnpf-0059-101.jpg_0_1.jpg	train	364.0,155.8,35.7,522.7	想情師弟過唹	U+60F3 U+60C5 U+5E2B U+5F1F U+904E U+5539	6	Tưởng tình sư đệ quá ưa	6	1	想情師弟過唹	1
LucVanTien1916	nlvnpf-0059 (in mộc bản 1916)	nlvnpf-0059-101	data/LucVanTien1916/pages/images/nlvnpf-0059-101.jpg	1	0	2	data/LucVanTien1916/patches/nlvnpf-0059-101.jpg_0_2.jpg	data/LucVanTien1916/patches_preprocessed/train/nlvnpf-0059-101.jpg_0_2.jpg	train	364.0,155.8,35.7,522.7	拱爲户郑課𠸗謀󰠐	U+62F1 U+7232 U+6237 U+90D1 U+8AB2 U+20E17 U+8B00 U+F0810	8	Cũng vì họ Trịnh thuở xưa mưu thầm	8	1	拱爲户郑課𠸗謀󰠐	1
LucVanTien1916	nlvnpf-0059 (in mộc bản 1916)	nlvnpf-0059-101	data/LucVanTien1916/pages/images/nlvnpf-0059-101.jpg	2	1	1	data/LucVanTien1916/patches/nlvnpf-0059-101.jpg_1_1.jpg	data/LucVanTien1916/patches_preprocessed/train/nlvnpf-0059-101.jpg_1_1.jpg	train	323.4,156.4,37.7,526.3	讀文配動冲𢚸	U+8B80 U+6587 U+914D U+52D5 U+51B2 U+226B8	6	Ðọc văn phối động trong long	6	1	讀文配動冲𢚸	1
LucVanTien1916	nlvnpf-0059 (in mộc bản 1916)	nlvnpf-0059-101	data/LucVanTien1916/pages/images/nlvnpf-0059-101.jpg	3	1	2	data/LucVanTien1916/patches/nlvnpf-0059-101.jpg_1_2.jpg	data/LucVanTien1916/patches_preprocessed/val/nlvnpf-0059-101.jpg_1_2.jpg	val	323.4,156.4,37.7,526.3	𠄩行渃𬑉𣳔又如湄	U+20129 U+884C U+6E03 U+2C449 U+23CD4 U+53C8 U+5982 U+6E44	8	Hai hàng nước mắt ròng ròng như mưa	8	1	𠄩行渃𬑉𣳔又如湄	1
LucVanTien1916	nlvnpf-0059 (in mộc bản 1916)	nlvnpf-0059-101	data/LucVanTien1916/pages/images/nlvnpf-0059-101.jpg	4	2	1	data/LucVanTien1916/patches/nlvnpf-0059-101.jpg_2_1.jpg	data/LucVanTien1916/patches_preprocessed/train/nlvnpf-0059-101.jpg_2_1.jpg	train	285.6,157.8,36.6,525.0	侈󰦓𡗶坦窖迻	U+4F88 U+F0993 U+215F6 U+5766 U+7A96 U+8FFB	6	Xẩy đâu trời đất khéo đưa	6	1	侈󰦓𡗶坦窖迻	1
LucVanTien1916	nlvnpf-0059 (in mộc bản 1916)	nlvnpf-0059-101	data/LucVanTien1916/pages/images/nlvnpf-0059-101.jpg	5	2	2	data/LucVanTien1916/patches/nlvnpf-0059-101.jpg_2_2.jpg	data/LucVanTien1916/patches_preprocessed/val/nlvnpf-0059-101.jpg_2_2.jpg	val	285.6,157.8,36.6,525.0	小童𧼋細𨅸𣃣𠬠边	U+5C0F U+7AE5 U+27F0B U+7D30 U+28178 U+230E3 U+20B20 U+8FB9	8	Tiểu đồng chạy tới đứng vừa một bên	8	1	小童𧼋細𨅸𣃣𠬠边	1
LucVanTien1916	nlvnpf-0059 (in mộc bản 1916)	nlvnpf-0059-101	data/LucVanTien1916/pages/images/nlvnpf-0059-101.jpg	6	3	1	data/LucVanTien1916/patches/nlvnpf-0059-101.jpg_3_1.jpg	data/LucVanTien1916/patches_preprocessed/train/nlvnpf-0059-101.jpg_3_1.jpg	train	247.5,156.9,38.6,528.9	𥄭𠓨牌位𧡊𠸜	U+2512D U+204E8 U+724C U+4F4D U+2784A U+20E1C	6	Ngó vào bài vị thấy tên	6	1	𥄭𠓨牌位𧡊𠸜	1
LucVanTien1916	nlvnpf-0059 (in mộc bản 1916)	nlvnpf-0059-101	data/LucVanTien1916/pages/images/nlvnpf-0059-101.jpg	7	3	2	data/LucVanTien1916/patches/nlvnpf-0059-101.jpg_3_2.jpg	data/LucVanTien1916/patches_preprocessed/val/nlvnpf-0059-101.jpg_3_2.jpg	val	247.5,156.9,38.6,528.9	郑𢚸童買哭𨕭闭除	U+90D1 U+226B8 U+7AE5 U+8CB7 U+54ED U+2856D U+95ED U+9664	8	Trạnh lòng đồng mới khóc lên bấy giờ	8	1	郑𢚸童買哭𨕭闭除	1
LucVanTien1916	nlvnpf-0059 (in mộc bản 1916)	nlvnpf-0059-101	data/LucVanTien1916/pages/images/nlvnpf-0059-101.jpg	8	4	1	data/LucVanTien1916/patches/nlvnpf-0059-101.jpg_4_1.jpg	data/LucVanTien1916/patches_preprocessed/train/nlvnpf-0059-101.jpg_4_1.jpg	train	206.0,158.4,42.7,528.2	状元𥄭吏承唹	U+72B6 U+5143 U+2512D U+540F U+627F U+5539	6	Trạng nguyên ngó lại thờ ơ	6	1	状元𥄭吏承唹	1
LucVanTien1916	nlvnpf-0059 (in mộc bản 1916)	nlvnpf-0059-101	data/LucVanTien1916/pages/images/nlvnpf-0059-101.jpg	9	4	2	data/LucVanTien1916/patches/nlvnpf-0059-101.jpg_4_2.jpg	data/LucVanTien1916/patches_preprocessed/train/nlvnpf-0059-101.jpg_4_2.jpg	train	206.0,158.4,42.7,528.2	姅信浪伵姅𪟽浪麻	U+59C5 U+4FE1 U+6D6A U+4F35 U+59C5 U+2A7FD U+6D6A U+9EBB	8	Nửa tin rằng tớ nửa ngờ rằng ma	8	1	姅信浪伵姅𪟽浪麻	1
LucVanTien1916	nlvnpf-0059 (in mộc bản 1916)	nlvnpf-0059-101	data/LucVanTien1916/pages/images/nlvnpf-0059-101.jpg	10	5	1	data/LucVanTien1916/patches/nlvnpf-0059-101.jpg_5_1.jpg	data/LucVanTien1916/patches_preprocessed/train/nlvnpf-0059-101.jpg_5_1.jpg	train	165.8,157.4,41.5,529.8	𢬣捞渃𬑉𨀈𦋦	U+22B23 U+635E U+6E03 U+2C449 U+28008 U+262E6	6	Tay lau nước mắt bước ra	6	1	𢬣捞渃𬑉𨀈𦋦	1
LucVanTien1916	nlvnpf-0059 (in mộc bản 1916)	nlvnpf-0059-101	data/LucVanTien1916/pages/images/nlvnpf-0059-101.jpg	11	5	2	data/LucVanTien1916/patches/nlvnpf-0059-101.jpg_5_2.jpg	data/LucVanTien1916/patches_preprocessed/val/nlvnpf-0059-101.jpg_5_2.jpg	val	165.8,157.4,41.5,529.8	小童𡥵於󰦓麻細低	U+5C0F U+7AE5 U+21975 U+65BC U+F0993 U+9EBB U+7D30 U+4F4E	8	Tiểu đồng con ở đâu mà tới đây	8	1	小童𡥵於󰦓麻細低	1
LucVanTien1916	nlvnpf-0059 (in mộc bản 1916)	nlvnpf-0059-101	data/LucVanTien1916/pages/images/nlvnpf-0059-101.jpg	12	6	1	data/LucVanTien1916/patches/nlvnpf-0059-101.jpg_6_1.jpg	data/LucVanTien1916/patches_preprocessed/train/nlvnpf-0059-101.jpg_6_1.jpg	train	128.9,157.6,37.2,528.4	辰昆呵呐󰠃柴	U+8FB0 U+6606 U+5475 U+5450 U+F0803 U+67F4	6	Thì con há nói cùng thầy	6	1	辰昆呵呐󰠃柴	1
LucVanTien1916	nlvnpf-0059 (in mộc bản 1916)	nlvnpf-0059-101	data/LucVanTien1916/pages/images/nlvnpf-0059-101.jpg	13	6	2	data/LucVanTien1916/patches/nlvnpf-0059-101.jpg_6_2.jpg	data/LucVanTien1916/patches_preprocessed/val/nlvnpf-0059-101.jpg_6_2.jpg	val	128.9,157.6,37.2,528.4	根由渚𤑟故尼爫牢	U+6839 U+7531 U+6E1A U+2445F U+6545 U+5C3C U+722B U+7262	8	Căn do chưa rõ cớ này làm sao	8	1	根由渚𤑟故尼爫牢	1
LucVanTien1916	nlvnpf-0059 (in mộc bản 1916)	nlvnpf-0059-101	data/LucVanTien1916/pages/images/nlvnpf-0059-101.jpg	14	7	1	data/LucVanTien1916/patches/nlvnpf-0059-101.jpg_7_1.jpg	data/LucVanTien1916/patches_preprocessed/train/nlvnpf-0059-101.jpg_7_1.jpg	train	92.0,156.2,39.6,530.4	小童達󱖺奏𠓨	U+5C0F U+7AE5 U+9054 U+F15BA U+594F U+204E8	6	Tiểu đồng đặt gối tâu vào	6	1	小童達󱖺奏𠓨	1
LucVanTien1916	nlvnpf-0059 (in mộc bản 1916)	nlvnpf-0059-101	data/LucVanTien1916/pages/images/nlvnpf-0059-101.jpg	15	7	2	data/LucVanTien1916/patches/nlvnpf-0059-101.jpg_7_2.jpg	data/LucVanTien1916/patches_preprocessed/train/nlvnpf-0059-101.jpg_7_2.jpg	train	92.0,156.2,39.6,530.4	闭𥹰𨻫𠹾音耗汜油	U+95ED U+25E70 U+28EEB U+20E7E U+97F3 U+8017 U+6C5C U+6CB9	8	Bấy lâu luống chịu âm hao rãi rầu	8	1	闭𥹰𨻫𠹾音耗汜油	1
LucVanTien1916	nlvnpf-0059 (in mộc bản 1916)	nlvnpf-0059-101	data/LucVanTien1916/pages/images/nlvnpf-0059-101.jpg	16	8	1	data/LucVanTien1916/patches/nlvnpf-0059-101.jpg_8_1.jpg	data/LucVanTien1916/patches_preprocessed/train/nlvnpf-0059-101.jpg_8_1.jpg	train	56.8,155.7,37.1,531.0	排𠳒叙事𡳪頭	U+6392 U+20CD2 U+53D9 U+4E8B U+21CEA U+982D	6	Bày lời tự sự đuôi đầu	6	1	排𠳒叙事𡳪頭	1
LucVanTien1916	nlvnpf-0059 (in mộc bản 1916)	nlvnpf-0059-101	data/LucVanTien1916/pages/images/nlvnpf-0059-101.jpg	17	8	2	data/LucVanTien1916/patches/nlvnpf-0059-101.jpg_8_2.jpg	data/LucVanTien1916/patches_preprocessed/train/nlvnpf-0059-101.jpg_8_2.jpg	train	56.8,155.7,37.1,531.0	𠀧𢆥𨻫𠹾惨愁細𫢩	U+20027 U+221A5 U+28EEB U+20E7E U+60E8 U+6101 U+7D30 U+2B8A9	8	Ba năm luống chịu thảm sầu tới nay	8	1	𠀧𢆥𨻫𠹾惨愁細𫢩	1
LucVanTien1916	nlvnpf-0059 (in mộc bản 1916)	nlvnpf-0059-101	data/LucVanTien1916/pages/images/nlvnpf-0059-101.jpg	18	9	1	data/LucVanTien1916/patches/nlvnpf-0059-101.jpg_9_1.jpg	data/LucVanTien1916/patches_preprocessed/train/nlvnpf-0059-101.jpg_9_1.jpg	train	25.1,155.8,32.7,530.3	悲除伵㐌﨤柴	U+60B2 U+9664 U+4F35 U+340C U+FA24 U+67F4	6	Bây giờ tớ đã gặp thầy	6	1	悲除伵㐌﨤柴	1
LucVanTien1916	nlvnpf-0059 (in mộc bản 1916)	nlvnpf-0059-101	data/LucVanTien1916/pages/images/nlvnpf-0059-101.jpg	19	9	2	data/LucVanTien1916/patches/nlvnpf-0059-101.jpg_9_2.jpg			25.1,155.8,32.7,530.3	荣花𠬠課森[?]干牟	U+8363 U+82B1 U+20B20 U+8AB2 U+68EE U+005B U+003F U+005D U+5E72 U+725F	10	Vinh hoa một thuở xum [?] cơn mầu	8	0	荣花𠬠課森𪫧干牟	0
LucVanTien1916	nlvnpf-0059 (in mộc bản 1916)	nlvnpf-0059-102	data/LucVanTien1916/pages/images/nlvnpf-0059-102.jpg	0	0	1	data/LucVanTien1916/patches/nlvnpf-0059-102.jpg_0_1.jpg	data/LucVanTien1916/patches_preprocessed/train/nlvnpf-0059-102.jpg_0_1.jpg	train	442.4,154.2,39.1,531.8	状元車駕𠖰連	U+72B6 U+5143 U+8ECA U+99D5 U+205B0 U+9023	6	Trạng nguyên xa giá rẽ lên	6	1	状元車駕𠖰連	1
LucVanTien1916	nlvnpf-0059 (in mộc bản 1916)	nlvnpf-0059-102	data/LucVanTien1916/pages/images/nlvnpf-0059-102.jpg	1	0	2	data/LucVanTien1916/patches/nlvnpf-0059-102.jpg_0_2.jpg	data/LucVanTien1916/patches_preprocessed/val/nlvnpf-0059-102.jpg_0_2.jpg	val	442.4,154.2,39.1,531.8	丿󰦓㐌細𧵆沔秦江	U+4E3F U+F0993 U+340C U+7D30 U+27D46 U+6C94 U+79E6 U+6C5F	8	Phút đâu đã tới gần miền Tần Giang	8	1	丿󰦓㐌細𧵆沔秦江	1
LucVanTien1916	nlvnpf-0059 (in mộc bản 1916)	nlvnpf-0059-102	data/LucVanTien1916/pages/images/nlvnpf-0059-102.jpg	2	1	1	data/LucVanTien1916/patches/nlvnpf-0059-102.jpg_1_1.jpg	data/LucVanTien1916/patches_preprocessed/train/nlvnpf-0059-102.jpg_1_1.jpg	train	408.8,156.5,36.7,532.0	武公自𠖈𣷮鐄	U+6B66 U+516C U+81EA U+20588 U+23DEE U+9404	6	Võ công từ xuống suối vàng	6	1	武公自𠖈𣷮鐄	1
LucVanTien1916	nlvnpf-0059 (in mộc bản 1916)	nlvnpf-0059-102	data/LucVanTien1916/pages/images/nlvnpf-0059-102.jpg	3	1	2	data/LucVanTien1916/patches/nlvnpf-0059-102.jpg_1_2.jpg	data/LucVanTien1916/patches_preprocessed/train/nlvnpf-0059-102.jpg_1_2.jpg	train	408.8,156.5,36.7,532.0	彩鵉󰠃媒瓊荘𤴬愁	U+5F69 U+9D49 U+F0803 U+5A92 U+74CA U+8358 U+24D2C U+6101	8	Thể Loan cùng mụ Quỳnh Trang đau sầu	8	1	彩鵉󰠃媒瓊荘𤴬愁	1
LucVanTien1916	nlvnpf-0059 (in mộc bản 1916)	nlvnpf-0059-102	data/LucVanTien1916/pages/images/nlvnpf-0059-102.jpg	4	2	1	data/LucVanTien1916/patches/nlvnpf-0059-102.jpg_2_1.jpg	data/LucVanTien1916/patches_preprocessed/train/nlvnpf-0059-102.jpg_2_1.jpg	train	366.8,155.7,36.5,534.0	媄昆仍莽卢欧	U+5A84 U+6606 U+4ECD U+83BD U+5362 U+6B27	6	Mẹ con những mảng lo âu	6	1	媄昆仍莽卢欧	1
LucVanTien1916	nlvnpf-0059 (in mộc bản 1916)	nlvnpf-0059-102	data/LucVanTien1916/pages/images/nlvnpf-0059-102.jpg	5	2	2	data/LucVanTien1916/patches/nlvnpf-0059-102.jpg_2_2.jpg	data/LucVanTien1916/patches_preprocessed/val/nlvnpf-0059-102.jpg_2_2.jpg	val	366.8,155.7,36.5,534.0	𦖑雲仙𤯩﨤朝公名	U+26591 U+96F2 U+4ED9 U+24BE9 U+FA24 U+671D U+516C U+540D	8	Nghe Vân Tiên sống gặp triều công danh	8	1	𦖑雲仙𤯩﨤朝公名	1
LucVanTien1916	nlvnpf-0059 (in mộc bản 1916)	nlvnpf-0059-102	data/LucVanTien1916/pages/images/nlvnpf-0059-102.jpg	6	3	1	data/LucVanTien1916/patches/nlvnpf-0059-102.jpg_3_1.jpg	data/LucVanTien1916/patches_preprocessed/train/nlvnpf-0059-102.jpg_3_1.jpg	train	327.1,157.4,37.5,534.6	浪些初拱恩情	U+6D6A U+4E9B U+521D U+62F1 U+6069 U+60C5	6	Rằng ta xưa cũng ân tình	6	1	浪些初拱恩情	1
LucVanTien1916	nlvnpf-0059 (in mộc bản 1916)	nlvnpf-0059-102	data/LucVanTien1916/pages/images/nlvnpf-0059-102.jpg	7	3	2	data/LucVanTien1916/patches/nlvnpf-0059-102.jpg_3_2.jpg	data/LucVanTien1916/patches_preprocessed/val/nlvnpf-0059-102.jpg_3_2.jpg	val	327.1,157.4,37.5,534.6	沛𦋦迍逴払荣皈󰉨	U+6C9B U+262E6 U+8FCD U+9034 U+6255 U+8363 U+7688 U+F0268	8	Phải ra đón rước chàng vinh quy rày	8	1	沛𦋦迍逴払荣皈󰉨	1
LucVanTien1916	nlvnpf-0059 (in mộc bản 1916)	nlvnpf-0059-102	data/LucVanTien1916/pages/images/nlvnpf-0059-102.jpg	8	4	1	data/LucVanTien1916/patches/nlvnpf-0059-102.jpg_4_1.jpg	data/LucVanTien1916/patches_preprocessed/train/nlvnpf-0059-102.jpg_4_1.jpg	train	290.0,159.4,36.7,532.7	鵉浪𨉓於庒𫨩	U+9D49 U+6D6A U+28253 U+65BC U+5E92 U+2BA29	6	Loan rằng: Mình ở chẳng hay	6	1	鵉浪𨉓於庒𫨩	1
LucVanTien1916	nlvnpf-0059 (in mộc bản 1916)	nlvnpf-0059-102	data/LucVanTien1916/pages/images/nlvnpf-0059-102.jpg	9	4	2	data/LucVanTien1916/patches/nlvnpf-0059-102.jpg_4_2.jpg	data/LucVanTien1916/patches_preprocessed/val/nlvnpf-0059-102.jpg_4_2.jpg	val	290.0,159.4,36.7,532.7	𠲖𠊚群𢖵仍㝵冲𡎟	U+20C96 U+2029A U+7FA4 U+225B5 U+4ECD U+3775 U+51B2 U+2139F	8	E người còn nhớ những ngày trong hang	8	1	𠲖𠊚群𢖵仍㝵冲𡎟	1
LucVanTien1916	nlvnpf-0059 (in mộc bản 1916)	nlvnpf-0059-102	data/LucVanTien1916/pages/images/nlvnpf-0059-102.jpg	10	5	1	data/LucVanTien1916/patches/nlvnpf-0059-102.jpg_5_1.jpg	data/LucVanTien1916/patches_preprocessed/train/nlvnpf-0059-102.jpg_5_1.jpg	train	250.0,162.5,39.5,528.6	荘浪昆固紅顔	U+8358 U+6D6A U+6606 U+56FA U+7D05 U+9854	6	Trang rằng: Con có hồng nhan	6	1	荘浪昆固紅顔	1
LucVanTien1916	nlvnpf-0059 (in mộc bản 1916)	nlvnpf-0059-102	data/LucVanTien1916/pages/images/nlvnpf-0059-102.jpg	11	5	2	data/LucVanTien1916/patches/nlvnpf-0059-102.jpg_5_2.jpg	data/LucVanTien1916/patches_preprocessed/train/nlvnpf-0059-102.jpg_5_2.jpg	train	250.0,162.5,39.5,528.6	朱払𧡊󰘚辰払乙唹	U+6731 U+6255 U+2784A U+F061A U+8FB0 U+6255 U+4E59 U+5539	8	Cho chàng thấy mặt thì chàng ắt ưa	8	1	朱払𧡊󰘚辰払乙唹	1
LucVanTien1916	nlvnpf-0059 (in mộc bản 1916)	nlvnpf-0059-102	data/LucVanTien1916/pages/images/nlvnpf-0059-102.jpg	12	6	1	data/LucVanTien1916/patches/nlvnpf-0059-102.jpg_6_1.jpg	data/LucVanTien1916/patches_preprocessed/train/nlvnpf-0059-102.jpg_6_1.jpg	train	209.2,163.7,41.9,526.9	󰂇油固𢖵跡𠸗	U+F0087 U+6CB9 U+56FA U+225B5 U+8DE1 U+20E17	6	Ví dầu có nhớ tích xưa	6	1	󰂇油固𢖵跡𠸗	1
LucVanTien1916	nlvnpf-0059 (in mộc bản 1916)	nlvnpf-0059-102	data/LucVanTien1916/pages/images/nlvnpf-0059-102.jpg	13	6	2	data/LucVanTien1916/patches/nlvnpf-0059-102.jpg_6_2.jpg	data/LucVanTien1916/patches_preprocessed/val/nlvnpf-0059-102.jpg_6_2.jpg	val	209.2,163.7,41.9,526.9	媄昆些吏杜承武公	U+5A84 U+6606 U+4E9B U+540F U+675C U+627F U+6B66 U+516C	8	Mẹ con ta lại đ ổ thừa Võ công	9	0	媄昆些吏杜承武公	1
LucVanTien1916	nlvnpf-0059 (in mộc bản 1916)	nlvnpf-0059-102	data/LucVanTien1916/pages/images/nlvnpf-0059-102.jpg	14	7	1	data/LucVanTien1916/patches/nlvnpf-0059-102.jpg_7_1.jpg	data/LucVanTien1916/patches_preprocessed/train/nlvnpf-0059-102.jpg_7_1.jpg	train	172.5,165.1,40.4,529.3	󰠃饒盘論㐌衝	U+F0803 U+9952 U+76D8 U+8AD6 U+340C U+885D	6	Cùng nhau bàn luận đã xong	6	1	󰠃饒盘論㐌衝	1
LucVanTien1916	nlvnpf-0059 (in mộc bản 1916)	nlvnpf-0059-102	data/LucVanTien1916/pages/images/nlvnpf-0059-102.jpg	15	7	2	data/LucVanTien1916/patches/nlvnpf-0059-102.jpg_7_2.jpg	data/LucVanTien1916/patches_preprocessed/train/nlvnpf-0059-102.jpg_7_2.jpg	train	172.5,165.1,40.4,529.3	𤐝𠻁打蠟𦟐紅逴縁	U+2441D U+20EC1 U+6253 U+881F U+267D0 U+7D05 U+9034 U+7E01	8	Soi gương đánh sáp má hồng rước duyên	8	1	𤐝𠻁打蠟𦟐紅逴縁	1
LucVanTien1916	nlvnpf-0059 (in mộc bản 1916)	nlvnpf-0059-102	data/LucVanTien1916/pages/images/nlvnpf-0059-102.jpg	16	8	1	data/LucVanTien1916/patches/nlvnpf-0059-102.jpg_8_1.jpg	data/LucVanTien1916/patches_preprocessed/train/nlvnpf-0059-102.jpg_8_1.jpg	train	135.1,164.9,38.0,531.5	𫢩㐌細𣅶状元	U+2B8A9 U+340C U+7D30 U+23176 U+72B6 U+5143	6	Nay đà tới lúc Trạng nguyên	6	1	𫢩㐌細𣅶状元	1
LucVanTien1916	nlvnpf-0059 (in mộc bản 1916)	nlvnpf-0059-102	data/LucVanTien1916/pages/images/nlvnpf-0059-102.jpg	17	8	2	data/LucVanTien1916/patches/nlvnpf-0059-102.jpg_8_2.jpg	data/LucVanTien1916/patches_preprocessed/train/nlvnpf-0059-102.jpg_8_2.jpg	train	135.1,164.9,38.0,531.5	寒江𧗱細侈連埬軍	U+5BD2 U+6C5F U+275F1 U+7D30 U+4F88 U+9023 U+57EC U+8ECD	8	Hàn giang về tới, xẩy liền đóng quân	8	1	寒江𧗱細侈連埬軍	1
LucVanTien1916	nlvnpf-0059 (in mộc bản 1916)	nlvnpf-0059-102	data/LucVanTien1916/pages/images/nlvnpf-0059-102.jpg	18	9	1	data/LucVanTien1916/patches/nlvnpf-0059-102.jpg_9_1.jpg	data/LucVanTien1916/patches_preprocessed/train/nlvnpf-0059-102.jpg_9_1.jpg	train	95.3,166.3,39.7,525.2	泊鐄珠玉襖裙	U+6CCA U+9404 U+73E0 U+7389 U+8956 U+88D9	6	Bạc vàng châu ngọc áo quần	6	1	泊鐄珠玉襖裙	1
LucVanTien1916	nlvnpf-0059 (in mộc bản 1916)	nlvnpf-0059-102	data/LucVanTien1916/pages/images/nlvnpf-0059-102.jpg	19	9	2	data/LucVanTien1916/patches/nlvnpf-0059-102.jpg_9_2.jpg	data/LucVanTien1916/patches_preprocessed/val/nlvnpf-0059-102.jpg_9_2.jpg	val	95.3,166.3,39.7,525.2	状元󰝡細𡊰恩魚樵	U+72B6 U+5143 U+F0761 U+7D30 U+212B0 U+6069 U+9B5A U+6A35	8	Trạng nguyên đem tới đền ơn ngư tiều	8	1	状元󰝡細𡊰恩魚樵	1
LucVanTien1916	nlvnpf-0059 (in mộc bản 1916)	nlvnpf-0059-103	data/LucVanTien1916/pages/images/nlvnpf-0059-103.jpg	0	0	1	data/LucVanTien1916/patches/nlvnpf-0059-103.jpg_0_1.jpg	data/LucVanTien1916/patches_preprocessed/train/nlvnpf-0059-103.jpg_0_1.jpg	train	357.9,146.0,38.1,526.6	漁樵󰉨㐌名標	U+6F01 U+6A35 U+F0268 U+340C U+540D U+6A19	6	Ngư tiều rày đã danh tiêu	6	1	漁樵󰉨㐌名標	1
LucVanTien1916	nlvnpf-0059 (in mộc bản 1916)	nlvnpf-0059-103	data/LucVanTien1916/pages/images/nlvnpf-0059-103.jpg	1	0	2	data/LucVanTien1916/patches/nlvnpf-0059-103.jpg_0_2.jpg	data/LucVanTien1916/patches_preprocessed/train/nlvnpf-0059-103.jpg_0_2.jpg	train	357.9,146.0,38.1,526.6	恩𦋦𠬠貝𧵑𡗉𤾓車	U+6069 U+262E6 U+20B20 U+8C9D U+27D51 U+215C9 U+24F93 U+8ECA	8	Ơn ra một buổi của nhiều trăm xe	8	1	恩𦋦𠬠貝𧵑𡗉𤾓車	1
LucVanTien1916	nlvnpf-0059 (in mộc bản 1916)	nlvnpf-0059-103	data/LucVanTien1916/pages/images/nlvnpf-0059-103.jpg	2	1	1	data/LucVanTien1916/patches/nlvnpf-0059-103.jpg_1_1.jpg	data/LucVanTien1916/patches_preprocessed/train/nlvnpf-0059-103.jpg_1_1.jpg	train	319.6,147.8,38.5,524.1	状元辝謝𦋦𧗱	U+72B6 U+5143 U+8F9D U+8B1D U+262E6 U+275F1	6	Trạng nguyên từ tạ ra về	6	1	状元辝謝𦋦𧗱	1
LucVanTien1916	nlvnpf-0059 (in mộc bản 1916)	nlvnpf-0059-103	data/LucVanTien1916/pages/images/nlvnpf-0059-103.jpg	3	1	2	data/LucVanTien1916/patches/nlvnpf-0059-103.jpg_1_2.jpg	data/LucVanTien1916/patches_preprocessed/train/nlvnpf-0059-103.jpg_1_2.jpg	train	319.6,147.8,38.5,524.1	𧡊瓊荘細𡎢掑捉軍	U+2784A U+74CA U+8358 U+7D30 U+213A2 U+6391 U+6349 U+8ECD	8	Thấy Quỳnh Trang tới ngồi kề tróc quân	8	1	𧡊瓊荘細𡎢掑捉軍	1
LucVanTien1916	nlvnpf-0059 (in mộc bản 1916)	nlvnpf-0059-103	data/LucVanTien1916/pages/images/nlvnpf-0059-103.jpg	4	2	1	data/LucVanTien1916/patches/nlvnpf-0059-103.jpg_2_1.jpg	data/LucVanTien1916/patches_preprocessed/train/nlvnpf-0059-103.jpg_2_1.jpg	train	279.3,148.4,39.8,525.4	彩鵉畧駕欽傳	U+5F69 U+9D49 U+7567 U+99D5 U+6B3D U+50B3	6	Thể loan trước giá khâm truyền	6	1	彩鵉畧駕欽傳	1
LucVanTien1916	nlvnpf-0059 (in mộc bản 1916)	nlvnpf-0059-103	data/LucVanTien1916/pages/images/nlvnpf-0059-103.jpg	5	2	2	data/LucVanTien1916/patches/nlvnpf-0059-103.jpg_2_2.jpg	data/LucVanTien1916/patches_preprocessed/val/nlvnpf-0059-103.jpg_2_2.jpg	val	279.3,148.4,39.8,525.4	媄昆碎細𦋦侯状元	U+5A84 U+6606 U+788E U+7D30 U+262E6 U+4FAF U+72B6 U+5143	8	Mẹ con tôi tới ra hầu Trạng nguyên	8	1	媄昆碎細𦋦侯状元	1
LucVanTien1916	nlvnpf-0059 (in mộc bản 1916)	nlvnpf-0059-103	data/LucVanTien1916/pages/images/nlvnpf-0059-103.jpg	6	3	1	data/LucVanTien1916/patches/nlvnpf-0059-103.jpg_3_1.jpg	data/LucVanTien1916/patches_preprocessed/train/nlvnpf-0059-103.jpg_3_1.jpg	train	241.2,149.5,39.2,524.2	父親㐌𠖈黄泉	U+7236 U+89AA U+340C U+20588 U+9EC4 U+6CC9	6	Phụ thân đã xuống hoàng tuyền	6	1	父親㐌𠖈黄泉	1
LucVanTien1916	nlvnpf-0059 (in mộc bản 1916)	nlvnpf-0059-103	data/LucVanTien1916/pages/images/nlvnpf-0059-103.jpg	7	3	2	data/LucVanTien1916/patches/nlvnpf-0059-103.jpg_3_2.jpg	data/LucVanTien1916/patches_preprocessed/val/nlvnpf-0059-103.jpg_3_2.jpg	val	241.2,149.5,39.2,524.2	嗔傷𥙩妾婵娟分尼	U+55D4 U+50B7 U+25669 U+59BE U+5A75 U+5A1F U+5206 U+5C3C	8	Xin thương lấy thiếp thuyền quyên phận này	8	1	嗔傷𥙩妾婵娟分尼	1
LucVanTien1916	nlvnpf-0059 (in mộc bản 1916)	nlvnpf-0059-103	data/LucVanTien1916/pages/images/nlvnpf-0059-103.jpg	8	4	1	data/LucVanTien1916/patches/nlvnpf-0059-103.jpg_4_1.jpg	data/LucVanTien1916/patches_preprocessed/train/nlvnpf-0059-103.jpg_4_1.jpg	train	202.9,149.1,42.7,529.5	状浪挷鉢渃苔	U+72B6 U+6D6A U+6337 U+9262 U+6E03 U+82D4	6	Trạng rằng: Bưng bát nước đầy	6	1	状浪挷鉢渃苔	1
LucVanTien1916	nlvnpf-0059 (in mộc bản 1916)	nlvnpf-0059-103	data/LucVanTien1916/pages/images/nlvnpf-0059-103.jpg	9	4	2	data/LucVanTien1916/patches/nlvnpf-0059-103.jpg_4_2.jpg	data/LucVanTien1916/patches_preprocessed/train/nlvnpf-0059-103.jpg_4_2.jpg	train	202.9,149.1,42.7,529.5	覩𣦍𠖈坦㧾󰉨朱衝	U+89A9 U+2398D U+20588 U+5766 U+39FE U+F0268 U+6731 U+885D	8	Ðổ ngay xuống đất hốt rày cho xong	8	1	覩𣦍𠖈坦㧾󰉨朱衝	1
LucVanTien1916	nlvnpf-0059 (in mộc bản 1916)	nlvnpf-0059-103	data/LucVanTien1916/pages/images/nlvnpf-0059-103.jpg	10	5	1	data/LucVanTien1916/patches/nlvnpf-0059-103.jpg_5_1.jpg	data/LucVanTien1916/patches_preprocessed/train/nlvnpf-0059-103.jpg_5_1.jpg	train	162.5,151.1,42.0,524.7	寃家女畧呂衝	U+5BC3 U+5BB6 U+5973 U+7567 U+5442 U+885D	6	Oan gia nợ trước lỡ xong	6	1	寃家女畧呂衝	1
LucVanTien1916	nlvnpf-0059 (in mộc bản 1916)	nlvnpf-0059-103	data/LucVanTien1916/pages/images/nlvnpf-0059-103.jpg	11	5	2	data/LucVanTien1916/patches/nlvnpf-0059-103.jpg_5_2.jpg	data/LucVanTien1916/patches_preprocessed/val/nlvnpf-0059-103.jpg_5_2.jpg	val	162.5,151.1,42.0,524.7	少之𢧚浽麻蒙細隊	U+5C11 U+4E4B U+229DA U+6D7D U+9EBB U+8499 U+7D30 U+968A	8	Thiếu chi nên nỗi mà mong tới đòi	8	1	少之𢧚浽麻蒙細隊	1
LucVanTien1916	nlvnpf-0059 (in mộc bản 1916)	nlvnpf-0059-103	data/LucVanTien1916/pages/images/nlvnpf-0059-103.jpg	12	6	1	data/LucVanTien1916/patches/nlvnpf-0059-103.jpg_6_1.jpg	data/LucVanTien1916/patches_preprocessed/train/nlvnpf-0059-103.jpg_6_1.jpg	train	127.7,150.9,39.6,529.0	漢明子直調𥋳	U+6F22 U+660E U+5B50 U+76F4 U+8ABF U+252F3	6	Hán Minh, Tử Trực đều coi	6	1	漢明子直調𥋳	1
LucVanTien1916	nlvnpf-0059 (in mộc bản 1916)	nlvnpf-0059-103	data/LucVanTien1916/pages/images/nlvnpf-0059-103.jpg	13	6	2	data/LucVanTien1916/patches/nlvnpf-0059-103.jpg_6_2.jpg	data/LucVanTien1916/patches_preprocessed/train/nlvnpf-0059-103.jpg_6_2.jpg	train	127.7,150.9,39.6,529.0	𠽋唭花窖爫𠿃嘹蜂	U+20F4B U+552D U+82B1 U+7A96 U+722B U+20FC3 U+5639 U+8702	8	Nực cười: Hoa khéo làm mồi trêu ong	8	1	𠽋唭花窖爫𠿃嘹蜂	1
LucVanTien1916	nlvnpf-0059 (in mộc bản 1916)	nlvnpf-0059-103	data/LucVanTien1916/pages/images/nlvnpf-0059-103.jpg	14	7	1	data/LucVanTien1916/patches/nlvnpf-0059-103.jpg_7_1.jpg	data/LucVanTien1916/patches_preprocessed/train/nlvnpf-0059-103.jpg_7_1.jpg	train	87.6,152.7,39.7,524.9	𠳐朱𢚸庒𢢆𢚸	U+20CD0 U+6731 U+226B8 U+5E92 U+22886 U+226B8	6	Vâng cho lòng chẳng thẹn lòng	6	1	𠳐朱𢚸庒𢢆𢚸	1
LucVanTien1916	nlvnpf-0059 (in mộc bản 1916)	nlvnpf-0059-103	data/LucVanTien1916/pages/images/nlvnpf-0059-103.jpg	15	7	2	data/LucVanTien1916/patches/nlvnpf-0059-103.jpg_7_2.jpg	data/LucVanTien1916/patches_preprocessed/train/nlvnpf-0059-103.jpg_7_2.jpg	train	87.6,152.7,39.7,524.9	群芒󰘚細㧼蓬爫之	U+7FA4 U+8292 U+F061A U+7D30 U+39FC U+84EC U+722B U+4E4B	8	Còn mang mặt tới biểu bòng làm chi	8	1	群芒󰘚細㧼蓬爫之	1
LucVanTien1916	nlvnpf-0059 (in mộc bản 1916)	nlvnpf-0059-103	data/LucVanTien1916/pages/images/nlvnpf-0059-103.jpg	16	8	1	data/LucVanTien1916/patches/nlvnpf-0059-103.jpg_8_1.jpg	data/LucVanTien1916/patches_preprocessed/train/nlvnpf-0059-103.jpg_8_1.jpg	train	54.8,152.7,35.3,530.3	明浪牢庒於𠫾	U+660E U+6D6A U+7262 U+5E92 U+65BC U+20AFE	6	Minh rằng sao chẳng ở đi	6	1	明浪牢庒於𠫾	1
LucVanTien1916	nlvnpf-0059 (in mộc bản 1916)	nlvnpf-0059-103	data/LucVanTien1916/pages/images/nlvnpf-0059-103.jpg	17	8	2	data/LucVanTien1916/patches/nlvnpf-0059-103.jpg_8_2.jpg	data/LucVanTien1916/patches_preprocessed/train/nlvnpf-0059-103.jpg_8_2.jpg	train	54.8,152.7,35.3,530.3	𧗱朱嫂嫂拖欺捇𨃐	U+275F1 U+6731 U+5AC2 U+5AC2 U+62D6 U+6B3A U+6347 U+280D0	8	Về cho tẩu tẩu tha khi xách giày	8	1	𧗱朱嫂嫂拖欺捇𨃐	1
LucVanTien1916	nlvnpf-0059 (in mộc bản 1916)	nlvnpf-0059-103	data/LucVanTien1916/pages/images/nlvnpf-0059-103.jpg	18	9	1	data/LucVanTien1916/patches/nlvnpf-0059-103.jpg_9_1.jpg	data/LucVanTien1916/patches_preprocessed/train/nlvnpf-0059-103.jpg_9_1.jpg	train	18.1,151.5,37.0,531.5	媄昆𨅸時春台	U+5A84 U+6606 U+28178 U+6642 U+6625 U+53F0	6	Mẹ con đứng thì xuân thay	6	1	媄昆𨅸時春台	1
LucVanTien1916	nlvnpf-0059 (in mộc bản 1916)	nlvnpf-0059-103	data/LucVanTien1916/pages/images/nlvnpf-0059-103.jpg	19	9	2	data/LucVanTien1916/patches/nlvnpf-0059-103.jpg_9_2.jpg	data/LucVanTien1916/patches_preprocessed/val/nlvnpf-0059-103.jpg_9_2.jpg	val	18.1,151.5,37.0,531.5	調卞辝謝疎󰉨𨀈𦋦	U+8ABF U+535E U+8F9D U+8B1D U+758E U+F0268 U+28008 U+262E6	8	Đều bèn từ tạ thưa rày bước ra	8	1	調卞辝謝疎󰉨𨀈𦋦	1
LucVanTien1916	nlvnpf-0059 (in mộc bản 1916)	nlvnpf-0059-104	data/LucVanTien1916/pages/images/nlvnpf-0059-104.jpg	0	0	1	data/LucVanTien1916/patches/nlvnpf-0059-104.jpg_0_1.jpg	data/LucVanTien1916/patches_preprocessed/train/nlvnpf-0059-104.jpg_0_1.jpg	train	438.7,151.5,40.4,532.9	阻𧗱渚及細茄	U+963B U+275F1 U+6E1A U+53CA U+7D30 U+8304	6	Trở về chưa kịp tới nhà	6	1	阻𧗱渚及細茄	1
LucVanTien1916	nlvnpf-0059 (in mộc bản 1916)	nlvnpf-0059-104	data/LucVanTien1916/pages/images/nlvnpf-0059-104.jpg	1	0	2	data/LucVanTien1916/patches/nlvnpf-0059-104.jpg_0_2.jpg	data/LucVanTien1916/patches_preprocessed/val/nlvnpf-0059-104.jpg_0_2.jpg	val	438.7,151.5,40.4,532.9	𧡊𠄩翁𤜯𧼋𦋦迍塘	U+2784A U+20129 U+7FC1 U+2472F U+27F0B U+262E6 U+8FCD U+5858	8	Thấy hai ông cọp chạy ra đón đường	8	1	𧡊𠄩翁𤜯𧼋𦋦迍塘	1
LucVanTien1916	nlvnpf-0059 (in mộc bản 1916)	nlvnpf-0059-104	data/LucVanTien1916/pages/images/nlvnpf-0059-104.jpg	2	1	1	data/LucVanTien1916/patches/nlvnpf-0059-104.jpg_1_1.jpg	data/LucVanTien1916/patches_preprocessed/train/nlvnpf-0059-104.jpg_1_1.jpg	train	401.3,154.4,40.0,534.0	汰調扒媄昆娘	U+6C70 U+8ABF U+6252 U+5A84 U+6606 U+5A18	6	Thảy đều bắt mẹ con nàng	6	1	汰調扒媄昆娘	1
LucVanTien1916	nlvnpf-0059 (in mộc bản 1916)	nlvnpf-0059-104	data/LucVanTien1916/pages/images/nlvnpf-0059-104.jpg	3	1	2	data/LucVanTien1916/patches/nlvnpf-0059-104.jpg_1_2.jpg	data/LucVanTien1916/patches_preprocessed/train/nlvnpf-0059-104.jpg_1_2.jpg	train	401.3,154.4,40.0,534.0	󰝡𧗱吏補冲𡎟蒼松	U+F0761 U+275F1 U+540F U+88DC U+51B2 U+2139F U+84BC U+677E	8	Ðem về lại bỏ trong hang Thương-Tùng	7	0	󰝡𧗱吏補冲𡎟蒼松	1
LucVanTien1916	nlvnpf-0059 (in mộc bản 1916)	nlvnpf-0059-104	data/LucVanTien1916/pages/images/nlvnpf-0059-104.jpg	4	2	1	data/LucVanTien1916/patches/nlvnpf-0059-104.jpg_2_1.jpg	data/LucVanTien1916/patches_preprocessed/train/nlvnpf-0059-104.jpg_2_1.jpg	train	363.0,156.6,39.9,531.5	𦊚皮𥒥泣莂蓬	U+2629A U+76AE U+254A5 U+6CE3 U+8382 U+84EC	6	Bốn bề đá lấp bịt bùng	6	1	𦊚皮𥒥泣莂蓬	1
LucVanTien1916	nlvnpf-0059 (in mộc bản 1916)	nlvnpf-0059-104	data/LucVanTien1916/pages/images/nlvnpf-0059-104.jpg	5	2	2	data/LucVanTien1916/patches/nlvnpf-0059-104.jpg_2_2.jpg	data/LucVanTien1916/patches_preprocessed/train/nlvnpf-0059-104.jpg_2_2.jpg	train	363.0,156.6,39.9,531.5	媄昆嘆哭坤𬂙𨅸𡎢	U+5A84 U+6606 U+5606 U+54ED U+5764 U+2C099 U+28178 U+213A2	8	Mẹ con than khóc khôn trông đứng ngồi	8	1	媄昆嘆哭坤𬂙𨅸𡎢	1
LucVanTien1916	nlvnpf-0059 (in mộc bản 1916)	nlvnpf-0059-104	data/LucVanTien1916/pages/images/nlvnpf-0059-104.jpg	6	3	1	data/LucVanTien1916/patches/nlvnpf-0059-104.jpg_3_1.jpg	data/LucVanTien1916/patches_preprocessed/train/nlvnpf-0059-104.jpg_3_1.jpg	train	325.8,157.6,38.2,532.9	𠁀𠸗呂女󰋇回	U+20040 U+20E17 U+5442 U+5973 U+F02C7 U+56DE	6	Đời xưa lỡ nỡ mấy hồi	6	1	𠁀𠸗呂女󰋇回	1
LucVanTien1916	nlvnpf-0059 (in mộc bản 1916)	nlvnpf-0059-104	data/LucVanTien1916/pages/images/nlvnpf-0059-104.jpg	7	3	2	data/LucVanTien1916/patches/nlvnpf-0059-104.jpg_3_2.jpg	data/LucVanTien1916/patches_preprocessed/train/nlvnpf-0059-104.jpg_3_2.jpg	train	325.8,157.6,38.2,532.9	惜台𪳔粉點味闭𥹰	U+60DC U+53F0 U+2ACD4 U+7C89 U+9EDE U+5473 U+95ED U+25E70	8	Tiếc thay son phấn điểm mùi bấy lâu	8	1	惜台𪳔粉點味闭𥹰	1
LucVanTien1916	nlvnpf-0059 (in mộc bản 1916)	nlvnpf-0059-104	data/LucVanTien1916/pages/images/nlvnpf-0059-104.jpg	8	4	1	data/LucVanTien1916/patches/nlvnpf-0059-104.jpg_4_1.jpg	data/LucVanTien1916/patches_preprocessed/train/nlvnpf-0059-104.jpg_4_1.jpg	train	284.5,158.4,41.4,533.1	唉𠊚爫𡢼𠊚𡢐	U+5509 U+2029A U+722B U+218BC U+2029A U+21890	6	Hỡi người làm vợ người sau	6	1	唉𠊚爫𡢼𠊚𡢐	1
LucVanTien1916	nlvnpf-0059 (in mộc bản 1916)	nlvnpf-0059-104	data/LucVanTien1916/pages/images/nlvnpf-0059-104.jpg	9	4	2	data/LucVanTien1916/patches/nlvnpf-0059-104.jpg_4_2.jpg	data/LucVanTien1916/patches_preprocessed/val/nlvnpf-0059-104.jpg_4_2.jpg	val	284.5,158.4,41.4,533.1	﨤欺患𮥷󰠃饒󱓨𧷺	U+FA24 U+6B3A U+60A3 U+2E977 U+F0803 U+9952 U+F14E8 U+27DFA	8	Gặp khi hoạn nạn cùng nhau vuông tròn	8	1	﨤欺患𮥷󰠃饒󱓨𧷺	1
LucVanTien1916	nlvnpf-0059 (in mộc bản 1916)	nlvnpf-0059-104	data/LucVanTien1916/pages/images/nlvnpf-0059-104.jpg	10	5	1	data/LucVanTien1916/patches/nlvnpf-0059-104.jpg_5_1.jpg	data/LucVanTien1916/patches_preprocessed/train/nlvnpf-0059-104.jpg_5_1.jpg	train	244.4,161.3,40.0,530.3	仃群抔斫媄昆	U+4EC3 U+7FA4 U+6294 U+65AB U+5A84 U+6606	6	Ðừng còn bắt chước mẹ con	6	1	仃群抔斫媄昆	1
LucVanTien1916	nlvnpf-0059 (in mộc bản 1916)	nlvnpf-0059-104	data/LucVanTien1916/pages/images/nlvnpf-0059-104.jpg	11	5	2	data/LucVanTien1916/patches/nlvnpf-0059-104.jpg_5_2.jpg	data/LucVanTien1916/patches_preprocessed/train/nlvnpf-0059-104.jpg_5_2.jpg	train	244.4,161.3,40.0,530.3	托它𠅍刧㗂群碑名	U+6258 U+5B83 U+2014D U+5227 U+35C2 U+7FA4 U+7891 U+540D	8	Thác đà mất kiếp, tiếng còn bia danh	8	1	托它𠅍刧㗂群碑名	1
LucVanTien1916	nlvnpf-0059 (in mộc bản 1916)	nlvnpf-0059-104	data/LucVanTien1916/pages/images/nlvnpf-0059-104.jpg	12	6	1	data/LucVanTien1916/patches/nlvnpf-0059-104.jpg_6_1.jpg	data/LucVanTien1916/patches_preprocessed/train/nlvnpf-0059-104.jpg_6_1.jpg	train	208.0,163.0,37.5,533.1	状元𧗱細東成	U+72B6 U+5143 U+275F1 U+7D30 U+6771 U+6210	6	Trạng nguyên về tới Ðông-thành	5	0	状元𧗱細東成	1
LucVanTien1916	nlvnpf-0059 (in mộc bản 1916)	nlvnpf-0059-104	data/LucVanTien1916/pages/images/nlvnpf-0059-104.jpg	13	6	2	data/LucVanTien1916/patches/nlvnpf-0059-104.jpg_6_2.jpg	data/LucVanTien1916/patches_preprocessed/val/nlvnpf-0059-104.jpg_6_2.jpg	val	208.0,163.0,37.5,533.1	六公𫢩㐌𡏦营於廊	U+516D U+516C U+2B8A9 U+340C U+213E6 U+8425 U+65BC U+5ECA	8	Lục công nay đã xây dinh ở làng	8	1	六公𫢩㐌𡏦营於廊	1
LucVanTien1916	nlvnpf-0059 (in mộc bản 1916)	nlvnpf-0059-104	data/LucVanTien1916/pages/images/nlvnpf-0059-104.jpg	14	7	1	data/LucVanTien1916/patches/nlvnpf-0059-104.jpg_7_1.jpg	data/LucVanTien1916/patches_preprocessed/train/nlvnpf-0059-104.jpg_7_1.jpg	train	171.1,165.4,39.2,529.8	排𦋦六礼産床	U+6392 U+262E6 U+516D U+793C U+7523 U+5E8A	6	Bày ra lục lễ sẵn sang	6	1	排𦋦六礼産床	1
LucVanTien1916	nlvnpf-0059 (in mộc bản 1916)	nlvnpf-0059-104	data/LucVanTien1916/pages/images/nlvnpf-0059-104.jpg	15	7	2	data/LucVanTien1916/patches/nlvnpf-0059-104.jpg_7_2.jpg	data/LucVanTien1916/patches_preprocessed/train/nlvnpf-0059-104.jpg_7_2.jpg	train	171.1,165.4,39.2,529.8	各官𠫾户𡠣娘月娥	U+5404 U+5B98 U+20AFE U+6237 U+21823 U+5A18 U+6708 U+5A25	8	Các quan đi hộ cưới nàng Nguyệt Nga	8	1	各官𠫾户𡠣娘月娥	1
LucVanTien1916	nlvnpf-0059 (in mộc bản 1916)	nlvnpf-0059-104	data/LucVanTien1916/pages/images/nlvnpf-0059-104.jpg	16	8	1	data/LucVanTien1916/patches/nlvnpf-0059-104.jpg_8_1.jpg	data/LucVanTien1916/patches_preprocessed/train/nlvnpf-0059-104.jpg_8_1.jpg	train	129.2,169.2,46.5,524.3	𡢽爺㐌称𡢽爺	U+218BD U+723A U+340C U+79F0 U+218BD U+723A	6	Sui gia đã xứng xui gia	6	1	𡢽爺㐌称𡢽爺	1
LucVanTien1916	nlvnpf-0059 (in mộc bản 1916)	nlvnpf-0059-104	data/LucVanTien1916/pages/images/nlvnpf-0059-104.jpg	17	8	2	data/LucVanTien1916/patches/nlvnpf-0059-104.jpg_8_2.jpg	data/LucVanTien1916/patches_preprocessed/val/nlvnpf-0059-104.jpg_8_2.jpg	val	129.2,169.2,46.5,524.3	󰉨𢜠𠄩户𠬠茄成身	U+F0268 U+22720 U+20129 U+6237 U+20B20 U+8304 U+6210 U+8EAB	8	Rày mừng hai họ một nhà thành thân	8	1	󰉨𢜠𠄩户𠬠茄成身	1
LucVanTien1916	nlvnpf-0059 (in mộc bản 1916)	nlvnpf-0059-104	data/LucVanTien1916/pages/images/nlvnpf-0059-104.jpg	18	9	1	data/LucVanTien1916/patches/nlvnpf-0059-104.jpg_9_1.jpg	data/LucVanTien1916/patches_preprocessed/train/nlvnpf-0059-104.jpg_9_1.jpg	train	91.1,170.4,41.4,522.5	𤾓𢆥誰𤎜精神	U+24F93 U+221A5 U+8AB0 U+2439C U+7CBE U+795E	6	Trăm năm thuỳ rạng tinh thần	6	1	𤾓𢆥誰𤎜精神	1
LucVanTien1916	nlvnpf-0059 (in mộc bản 1916)	nlvnpf-0059-104	data/LucVanTien1916/pages/images/nlvnpf-0059-104.jpg	19	9	2	data/LucVanTien1916/patches/nlvnpf-0059-104.jpg_9_2.jpg	data/LucVanTien1916/patches_preprocessed/train/nlvnpf-0059-104.jpg_9_2.jpg	train	91.1,170.4,41.4,522.5	生昆特󰡸𨃴璘𠁀匕	U+751F U+6606 U+7279 U+F0878 U+280F4 U+7498 U+20040 U+5315	8	Sinh con được nối gót lân đời đời	8	1	生昆特󰡸𨃴璘𠁀匕	1
LucVanTien1916	nlvnpf-0059 (in mộc bản 1916)	nlvnpf-0059-105	data/LucVanTien1916/pages/images/nlvnpf-0059-105.jpg	0							嫌爲格阻堆尼	U+5ACC U+7232 U+683C U+963B U+5806 U+5C3C	6	Hiềm vì cách trở đôi nơi	6	1	嫌爲格阻堆尼	1
LucVanTien1916	nlvnpf-0059 (in mộc bản 1916)	nlvnpf-0059-105	data/LucVanTien1916/pages/images/nlvnpf-0059-105.jpg	1							𢧚之沛寫𢁍𠳒吟哦	U+229DA U+4E4B U+6C9B U+5BEB U+2204D U+20CD2 U+541F U+54E6	8	Nên chi phải tả vài lời ngâm nga	8	1	𢧚之沛寫𢁍𠳒吟哦	1
LucVanTien1916	nlvnpf-0059 (in mộc bản 1916)	nlvnpf-0059-105	data/LucVanTien1916/pages/images/nlvnpf-0059-105.jpg	2							底麻除待儒家	U+5E95 U+9EBB U+9664 U+5F85 U+5112 U+5BB6	6	Để mà chờ đãi nho gia	6	1	底麻除待儒家	1
LucVanTien1916	nlvnpf-0059 (in mộc bản 1916)	nlvnpf-0059-105	data/LucVanTien1916/pages/images/nlvnpf-0059-105.jpg	3							沛修節行買𦋦歷𠊚	U+6C9B U+4FEE U+7BC0 U+884C U+8CB7 U+262E6 U+6B77 U+2029A	8	Phải tu tiết hạnh mới ra lịch người	8	1	沛修節行買𦋦歷𠊚	1
LucVanTien1916	nlvnpf-0059 (in mộc bản 1916)	nlvnpf-0059-105	data/LucVanTien1916/pages/images/nlvnpf-0059-105.jpg	4							仃群悲𢪀事𠁀	U+4EC3 U+7FA4 U+60B2 U+22A80 U+4E8B U+20040	6	Đành còn bày nghĩ sự đời	6	1	仃群悲𢪀事𠁀	1
LucVanTien1916	nlvnpf-0059 (in mộc bản 1916)	nlvnpf-0059-105	data/LucVanTien1916/pages/images/nlvnpf-0059-105.jpg	5							根由自意𠳨𡗶麻傕	U+6839 U+7531 U+81EA U+610F U+20CE8 U+215F6 U+9EBB U+5095	8	Căn do từ ấy hỏi trời mà thôi	8	1	根由自意𠳨𡗶麻傕	1
