syllable,label,unicode,population,audit_n,audit_wrong,audit_rate,exp_wrong,ocr_chars,dict_ok,tiers,rules
người,㝵,U+3775,1923,0,0,,,㝵/䒭/与/丹/冐,True,GOLD/SILVER,s1_inter_s2_direct/s1_inter_s2_similar/s2_inter_s3_corrected/s3_head_bank_consensus
mà,麻,U+9EBB,1832,0,0,,,來/冉/再/准/勝,True,GOLD/SILVER,s1_inter_s2_direct/s2_inter_s3_corrected/s3_head_bank_consensus
cho,朱,U+6731,1578,0,0,,,中/來/半/味/失,True,GOLD/SILVER,s1_inter_s2_direct/s1_inter_s2_similar/s2_inter_s3_corrected/s3_head_bank_consensus
chúa,主,U+4E3B,1080,0,0,,,主/光/土/复/毛,True,GOLD/SILVER,s1_inter_s2_direct/s1_inter_s2_similar/s2_inter_s3_corrected
thì,時,U+6642,1030,0,0,,,侍/味/呼/哇/將,True,GOLD/SILVER,s1_inter_s2_direct/s1_inter_s2_similar/s2_inter_s3_corrected/s3_head_bank_consensus
sự,事,U+4E8B,970,0,0,,,事/可/奪/子/手,True,GOLD/SILVER,s1_inter_s2_direct/s2_inter_s3_corrected/s3_head_bank_consensus
có,固,U+56FA,938,0,0,,,周/回/因/园/困,True,GOLD/SILVER,s1_inter_s2_direct/s1_inter_s2_similar/s2_inter_s3_corrected/s3_head_bank_consensus
cùng,共,U+5171,754,0,0,,,丑/共/去/壬/委,True,GOLD/SILVER,s1_inter_s2_direct/s2_inter_s3_corrected
kẻ,几,U+51E0,673,0,0,,,九/乾/儿/兀/元,True,GOLD/SILVER,s1_inter_s2_direct/s1_inter_s2_similar/s2_inter_s3_corrected/s3_head_bank_consensus
được,特,U+7279,632,0,0,,,将/特,True,GOLD/SILVER,s1_inter_s2_direct/s2_inter_s3_corrected
thánh,垩,U+57A9,623,0,0,,,丑/呈/圭/垂/垩,True,GOLD/SILVER,s1_inter_s2_direct/s2_inter_s3_corrected/s3_head_bank_consensus
đến,旦,U+65E6,566,0,0,,,三/兒/勻/囙/巳,True,GOLD/SILVER,s1_inter_s2_direct/s1_inter_s2_similar/s2_inter_s3_corrected
vậy,丕,U+4E15,554,0,0,,,万/不/丑/丕/丘,True,GOLD/SILVER,s1_inter_s2_direct/s1_inter_s2_similar/s2_inter_s3_corrected/s3_head_bank_consensus
khi,欺,U+6B3A,528,0,0,,,厥/厭/取/吹/契,True,GOLD/SILVER,s1_inter_s2_direct/s1_inter_s2_similar/s2_inter_s3_corrected/s3_head_bank_consensus
ông,翁,U+7FC1,527,0,0,,,仐/俞/公/坌/并,True,GOLD/SILVER,s1_inter_s2_direct/s1_inter_s2_similar/s2_inter_s3_corrected/s3_head_bank_consensus
thì,寺,U+5BFA,516,0,0,,,㫖/前/南/喬/壽,True,GOLD/SILVER,s1_inter_s2_direct/s1_inter_s2_similar/s2_inter_s3_corrected/s3_head_bank_consensus
ở,於,U+65BC,513,0,0,,,孤/嵐/於/旗/松,True,GOLD/SILVER,s1_inter_s2_direct/s2_inter_s3_corrected
tôi,碎,U+788E,512,0,0,,,倬/偉/啐/墀/奔,True,GOLD/SILVER,s1_inter_s2_direct/s1_inter_s2_similar/s2_inter_s3_corrected
thấy,体,U+4F53,496,0,0,,,乎/休/体/徔/洋,True,GOLD/SILVER,s1_inter_s2_direct/s1_inter_s2_similar/s3_head_bank_consensus
chăng,庄,U+5E84,489,0,0,,,主/住/余/在/左,True,GOLD/SILVER,s1_inter_s2_direct/s1_inter_s2_similar/s2_inter_s3_corrected/s3_head_bank_consensus
ấy,衣,U+8863,459,0,0,,,㐲/㕣/久/人/仁,True,GOLD/SILVER,s1_inter_s2_direct/s2_inter_s3_corrected/s3_head_bank_consensus
đạo,道,U+9053,456,0,0,,,國/廼/徔/恩/更,True,GOLD/SILVER,s1_inter_s2_direct/s1_inter_s2_similar/s2_inter_s3_corrected/s3_head_bank_consensus
mình,命,U+547D,450,0,0,,,仰/佩/傘/兮/分,True,GOLD/SILVER,s1_inter_s2_direct/s2_inter_s3_corrected/s3_head_bank_consensus
ấy,意,U+610F,449,0,0,,,悉/意/慈/慰,True,GOLD/SILVER,s1_inter_s2_direct/s2_inter_s3_corrected/s3_head_bank_consensus
trời,𡗶,U+215F6,420,0,0,,,丞/举/乔/何/例,True,GOLD/SILVER,s1_inter_s2_similar/s2_inter_s3_corrected/s3_head_bank_consensus
liền,連,U+9023,418,0,0,,,䢖/庭/建/逐/逢,True,GOLD/SILVER,s1_inter_s2_direct/s1_inter_s2_similar/s2_inter_s3_corrected
lại,吏,U+540F,375,0,0,,,丈/主/之/交/克,True,GOLD/SILVER,s1_inter_s2_direct/s1_inter_s2_similar/s2_inter_s3_corrected/s3_head_bank_consensus
giê,支,U+652F,372,0,0,,,丈/主/五/交/克,True,GOLD/SILVER,s1_inter_s2_direct/s1_inter_s2_similar/s2_inter_s3_corrected/s3_head_bank_consensus
những,仍,U+4ECD,361,0,0,,,仍/伲,True,GOLD/SILVER,s1_inter_s2_direct/s2_inter_s3_corrected
các,各,U+5404,360,0,0,,,公/冬/参/各/名,True,GOLD/SILVER,s1_inter_s2_direct/s2_inter_s3_corrected/s3_head_bank_consensus
nó,奴,U+5974,360,0,0,,,双/叔/奴/如/忒,True,GOLD/SILVER,s1_inter_s2_direct/s1_inter_s2_similar/s2_inter_s3_corrected/s3_head_bank_consensus
vì,爲,U+7232,360,0,0,,,吿/唐/夸/季/悉,True,GOLD/SILVER,s1_inter_s2_direct/s2_inter_s3_corrected
ta,些,U+4E9B,355,0,0,,,也/些/坐/忠/恐,True,GOLD/SILVER,s1_inter_s2_direct/s2_inter_s3_corrected/s3_head_bank_consensus
thầy,柴,U+67F4,344,0,0,,,㸦/乎/亲/半/報,True,GOLD/SILVER,s1_inter_s2_direct/s1_inter_s2_similar/s2_inter_s3_corrected/s3_head_bank_consensus
su,秋,U+79CB,343,0,0,,,取/啾/嗽/壮/我,True,GOLD/SILVER,s1_inter_s2_direct/s1_inter_s2_similar/s2_inter_s3_corrected/s3_head_bank_consensus
nữa,女,U+5973,340,0,0,,,友/四/女/如/廿,True,GOLD/SILVER,s1_inter_s2_direct/s1_inter_s2_similar/s2_inter_s3_corrected/s3_head_bank_consensus
quan,官,U+5B98,328,0,0,,,䆠/官/宦/宮/直,True,GOLD/SILVER,s1_inter_s2_direct/s1_inter_s2_similar/s2_inter_s3_corrected
đức,徳,U+5FB3,324,0,0,,,万/与/僊/厯/徳,True,GOLD/SILVER,s1_inter_s2_direct/s2_inter_s3_corrected
rằng,浪,U+6D6A,319,0,0,,,依/侯/俊/偃/厳,True,GOLD/SILVER,s1_inter_s2_direct/s1_inter_s2_similar/s2_inter_s3_corrected/s3_head_bank_consensus
trong,中,U+4E2D,310,0,0,,,中/牢/甲,True,GOLD/SILVER,s1_inter_s2_direct/s2_inter_s3_corrected
chịu,召,U+53EC,305,0,0,,,㠯/为/乃/之/事,True,GOLD/SILVER,s1_inter_s2_direct/s2_inter_s3_corrected/s3_head_bank_consensus
nên,年,U+5E74,302,0,0,,,午/年/耳,True,GOLD/SILVER,s1_inter_s2_direct/s1_inter_s2_similar/s2_inter_s3_corrected
thiên,天,U+5929,297,0,0,,,天/尺/矢,True,GOLD/SILVER,s1_inter_s2_direct/s1_inter_s2_similar/s2_inter_s3_corrected/s3_head_bank_consensus
con,昆,U+6606,294,0,0,,,凨/功/崑/思/息,True,GOLD/SILVER,s1_inter_s2_direct/s1_inter_s2_similar/s2_inter_s3_corrected/s3_head_bank_consensus
chăng,庒,U+5E92,280,0,0,,,主/在/庒/由/茂,True,GOLD/SILVER,s1_inter_s2_direct/s2_inter_s3_corrected
giờ,除,U+9664,274,0,0,,,佺/凃/团/泽/浄,True,GOLD/SILVER,s1_inter_s2_direct/s2_inter_s3_corrected/s3_head_bank_consensus
này,尼,U+5C3C,272,0,0,,,侣/包/危/卷/厯,True,GOLD/SILVER,s1_inter_s2_direct/s1_inter_s2_similar/s2_inter_s3_corrected/s3_head_bank_consensus
đã,㐌,U+340C,267,0,0,,,㐌/丑/乇/任/仼,True,GOLD/SILVER,s1_inter_s2_direct/s2_inter_s3_corrected/s3_head_bank_consensus
chẳng,庄,U+5E84,262,0,0,,,主/在/左/庄/庇,True,GOLD/SILVER,s1_inter_s2_direct/s1_inter_s2_similar/s2_inter_s3_corrected/s3_head_bank_consensus
song,双,U+53CC,251,0,0,,,丈/丑/刄/及/双,True,GOLD/SILVER,s1_inter_s2_direct/s2_inter_s3_corrected/s3_head_bank_consensus
răng,浪,U+6D6A,250,0,0,,,厳/喉/嚴/宸/屐,True,GOLD/SILVER,s1_inter_s2_direct/s2_inter_s3_corrected/s3_head_bank_consensus
khỏi,塊,U+584A,245,0,0,,,僊/嘐/堪/塊/媿,True,GOLD/SILVER,s1_inter_s2_direct/s1_inter_s2_similar/s2_inter_s3_corrected/s3_head_bank_consensus
lấy,礼,U+793C,245,0,0,,,他/桃/永/洮/礼,True,GOLD/SILVER,s1_inter_s2_direct/s2_inter_s3_corrected/s3_head_bank_consensus
trọng,重,U+91CD,243,0,0,,,厘/堂/壹/奎/座,True,GOLD/SILVER,s1_inter_s2_direct/s1_inter_s2_similar/s2_inter_s3_corrected/s3_head_bank_consensus
phải,沛,U+6C9B,242,0,0,,,乕/仰/冲/净/后,True,GOLD/SILVER,s1_inter_s2_direct/s1_inter_s2_similar/s2_inter_s3_corrected/s3_head_bank_consensus
đi,多,U+591A,239,0,0,,,㕛/並/受/夋/多,True,GOLD/SILVER,s1_inter_s2_direct/s2_inter_s3_corrected/s3_head_bank_consensus
khó,庫,U+5EAB,235,0,0,,,座/庫/庵/康/摩,True,GOLD/SILVER,s1_inter_s2_direct/s1_inter_s2_similar/s2_inter_s3_corrected/s3_head_bank_consensus
hết,歇,U+6B47,228,0,0,,,教/散/敬/欲/欿,True,GOLD/SILVER,s1_inter_s2_direct/s1_inter_s2_similar/s2_inter_s3_corrected/s3_head_bank_consensus
gì,之,U+4E4B,223,0,0,,,乆/之/文,True,GOLD/SILVER,s1_inter_s2_direct/s2_inter_s3_corrected/s3_head_bank_consensus
đức,德,U+5FB7,219,0,0,,,万/与/乞/僊/像,True,GOLD/SILVER,s1_inter_s2_direct/s2_inter_s3_corrected/s3_head_bank_consensus
tội,罪,U+7F6A,211,0,0,,,冢/服/沉/深/濁,True,GOLD/SILVER,s1_inter_s2_direct/s2_inter_s3_corrected/s3_head_bank_consensus
lòng,弄,U+5F04,206,0,0,,,䓁/吾/寺/寿/年,True,GOLD/SILVER,s1_inter_s2_direct/s1_inter_s2_similar/s2_inter_s3_corrected/s3_head_bank_consensus
thành,城,U+57CE,205,0,0,,,例/加/垣/城/域,True,GOLD/SILVER,s1_inter_s2_direct/s1_inter_s2_similar/s2_inter_s3_corrected
bởi,罢,U+7F62,198,0,0,,,丢/吴/姜/寒/異,True,GOLD/SILVER,s1_inter_s2_direct/s1_inter_s2_similar/s2_inter_s3_corrected/s3_head_bank_consensus
như,如,U+5982,198,0,0,,,似/北/叔/奴/如,True,GOLD/SILVER,s1_inter_s2_direct/s2_inter_s3_corrected
trên,連,U+9023,196,0,0,,,䢖/凰/匙/座/建,True,GOLD/SILVER,s1_inter_s2_direct/s1_inter_s2_similar/s2_inter_s3_corrected/s3_head_bank_consensus
đời,代,U+4EE3,194,0,0,,,䍐/之/代/伏/伐,True,GOLD/SILVER,s1_inter_s2_direct/s1_inter_s2_similar/s2_inter_s3_corrected/s3_head_bank_consensus
phép,法,U+6CD5,193,0,0,,,小/河/法/清/雲,True,GOLD/SILVER,s1_inter_s2_direct/s2_inter_s3_corrected/s3_head_bank_consensus
tên,先,U+5148,190,0,0,,,先/光/卷/商/老,True,GOLD/SILVER,s1_inter_s2_direct/s1_inter_s2_similar/s2_inter_s3_corrected
vì,為,U+70BA,189,0,0,,,唐/夸/店/庙/庭,True,GOLD/SILVER,s1_inter_s2_direct/s2_inter_s3_corrected/s3_head_bank_consensus
chết,折,U+6298,188,0,0,,,升/孤/幷/所/打,True,GOLD/SILVER,s1_inter_s2_direct/s1_inter_s2_similar/s2_inter_s3_corrected/s3_head_bank_consensus
dạy,代,U+4EE3,186,0,0,,,㕮/七/不/代/以,True,GOLD/SILVER,s1_inter_s2_direct/s2_inter_s3_corrected/s3_head_bank_consensus
mới,買,U+8CB7,183,0,0,,,㝵/㸔/媚/百/眉,True,GOLD/SILVER,s1_inter_s2_direct/s2_inter_s3_corrected/s3_head_bank_consensus
ba,巴,U+5DF4,182,0,0,,,四/己/已/巳/巴,True,GOLD/SILVER,s1_inter_s2_direct/s1_inter_s2_similar/s2_inter_s3_corrected
sinh,生,U+751F,180,0,0,,,年/生/麾,True,GOLD/SILVER,s1_inter_s2_direct/s1_inter_s2_similar/s3_head_bank_consensus
le,离,U+79BB,177,0,0,,,㸔/内/出/啻/嚼,True,GOLD/SILVER,s1_inter_s2_direct/s2_inter_s3_corrected/s3_head_bank_consensus
một,没,U+6CA1,177,0,0,,,受/壽/夏/多/妄,True,GOLD/SILVER,s1_inter_s2_direct/s1_inter_s2_similar/s2_inter_s3_corrected/s3_head_bank_consensus
còn,群,U+7FA4,172,0,0,,,再/卑/咩/岸/拜,True,GOLD/SILVER,s1_inter_s2_direct/s1_inter_s2_similar/s2_inter_s3_corrected/s3_head_bank_consensus
của,古,U+53E4,169,0,0,,,万/云/友/古/右,True,GOLD/SILVER,s1_inter_s2_direct/s2_inter_s3_corrected/s3_head_bank_consensus
nhà,茹,U+8339,168,0,0,,,兹/和/品/妄/委,True,GOLD/SILVER,s1_inter_s2_direct/s2_inter_s3_corrected
thế,世,U+4E16,165,0,0,,,世,True,GOLD,s1_inter_s2_direct
nơi,尼,U+5C3C,163,0,0,,,位/兌/危/只/召,True,GOLD/SILVER,s1_inter_s2_direct/s1_inter_s2_similar/s2_inter_s3_corrected/s3_head_bank_consensus
mặt,末,U+672B,162,0,0,,,丰/卷/未/末/来,True,GOLD/SILVER,s1_inter_s2_direct/s1_inter_s2_similar/s2_inter_s3_corrected/s3_head_bank_consensus
nghe,宜,U+5B9C,162,0,0,,,宜/宣/府/疽/皆,True,GOLD/SILVER,s1_inter_s2_direct/s1_inter_s2_similar/s2_inter_s3_corrected/s3_head_bank_consensus
lên,連,U+9023,161,0,0,,,㮚/䢖/嶃/建/廻,True,GOLD/SILVER,s1_inter_s2_direct/s1_inter_s2_similar/s2_inter_s3_corrected/s3_head_bank_consensus
linh,灵,U+7075,157,0,0,,,㕛/吴/夷/昊/浸,True,GOLD/SILVER,s1_inter_s2_direct/s1_inter_s2_similar/s2_inter_s3_corrected
ngày,時,U+6642,157,0,0,,,䍧/䏷/呼/哷/将,True,GOLD/SILVER,s1_inter_s2_direct/s2_inter_s3_corrected/s3_head_bank_consensus
phúc,福,U+798F,157,0,0,,,傷/儒/婦/梅/福,True,GOLD/SILVER,s1_inter_s2_direct/s2_inter_s3_corrected
trước,畧,U+7567,155,0,0,,,恩/畧/異/累/褰,True,GOLD/SILVER,s1_inter_s2_direct/s1_inter_s2_similar/s2_inter_s3_corrected
vua,君,U+541B,152,0,0,,,伺/何/個/傾/兩,True,GOLD/SILVER,s1_inter_s2_direct/s1_inter_s2_similar/s2_inter_s3_corrected/s3_head_bank_consensus
ăn,安,U+5B89,151,0,0,,,受/咬/唼/喚/女,True,GOLD/SILVER,s1_inter_s2_direct/s1_inter_s2_similar/s2_inter_s3_corrected/s3_head_bank_consensus
viết,曰,U+66F0,149,0,0,,,口/四/心/曰/舀,True,GOLD/SILVER,s1_inter_s2_direct/s1_inter_s2_similar/s2_inter_s3_corrected/s3_head_bank_consensus
năm,南,U+5357,148,0,0,,,南/嶺/廟/有/爾,True,GOLD/SILVER,s1_inter_s2_direct/s1_inter_s2_similar/s2_inter_s3_corrected/s3_head_bank_consensus
xác,壳,U+58F3,148,0,0,,,亮/克/兗/党/堯,True,GOLD/SILVER,s1_inter_s2_direct/s1_inter_s2_similar/s2_inter_s3_corrected/s3_head_bank_consensus
biết,别,U+522B,147,0,0,,,倒/列/别/到/則,True,GOLD/SILVER,s1_inter_s2_direct/s2_inter_s3_corrected/s3_head_bank_consensus
thờ,蜍,U+870D,147,0,0,,,姝/榦/臻/舞/蛛,True,GOLD/SILVER,s1_inter_s2_direct/s1_inter_s2_similar/s2_inter_s3_corrected/s3_head_bank_consensus
vào,包,U+5305,147,0,0,,,乞/侯/包/囘/宅,True,GOLD/SILVER,s1_inter_s2_direct/s2_inter_s3_corrected/s3_head_bank_consensus
liên,連,U+9023,144,0,0,,,平/庫/建/肆/逢,True,GOLD/SILVER,s1_inter_s2_direct/s1_inter_s2_similar/s2_inter_s3_corrected
cùng,其,U+5176,142,0,0,,,丑/兵/其/具/安,True,GOLD/SILVER,s1_inter_s2_direct/s1_inter_s2_similar/s2_inter_s3_corrected
mọi,每,U+6BCF,140,0,0,,,姦/安/母/每,True,GOLD/SILVER,s1_inter_s2_direct/s2_inter_s3_corrected
và,喡,U+55A1,140,0,0,,,偉/哮/嗜/嘑/嘗,True,GOLD/SILVER,s1_inter_s2_similar/s2_inter_s3_corrected/s3_head_bank_consensus
từ,自,U+81EA,136,0,0,,,目/自,True,GOLD,s1_inter_s2_direct/s1_inter_s2_similar
hơn,欣,U+6B23,134,0,0,,,倐/吹/坂/坎/坡,True,GOLD/SILVER,s1_inter_s2_direct/s1_inter_s2_similar/s2_inter_s3_corrected/s3_head_bank_consensus
bà,把,U+628A,133,0,0,,,地/妃/把/旭/舥,True,GOLD/SILVER,s1_inter_s2_direct/s1_inter_s2_similar/s2_inter_s3_corrected/s3_head_bank_consensus
gian,間,U+9593,132,0,0,,,周/問/圎/圖/悶,True,GOLD/SILVER,s1_inter_s2_direct/s2_inter_s3_corrected/s3_head_bank_consensus
mày,眉,U+7709,132,0,0,,,爾/省/眉/蜀/負,True,GOLD/SILVER,s1_inter_s2_direct/s2_inter_s3_corrected/s3_head_bank_consensus
muốn,悶,U+60B6,130,0,0,,,冏/周/問/圈/園,True,GOLD/SILVER,s1_inter_s2_direct/s1_inter_s2_similar/s2_inter_s3_corrected/s3_head_bank_consensus
kia,其,U+5176,128,0,0,,,其/具/夏/奠/是,True,GOLD/SILVER,s1_inter_s2_direct/s1_inter_s2_similar/s2_inter_s3_corrected/s3_head_bank_consensus
hạ,下,U+4E0B,127,0,0,,,下/夲/奈/尽/干,True,GOLD/SILVER,s1_inter_s2_direct/s1_inter_s2_similar/s2_inter_s3_corrected/s3_head_bank_consensus
quỷ,鬼,U+9B3C,126,0,0,,,厯/圈/岂/忠/忽,True,GOLD/SILVER,s1_inter_s2_direct/s2_inter_s3_corrected/s3_head_bank_consensus
hai,咍,U+548D,125,0,0,,,㘴/㽞/临/以/似,True,GOLD/SILVER,s1_inter_s2_direct/s1_inter_s2_similar/s2_inter_s3_corrected/s3_head_bank_consensus
đoạn,断,U+65AD,123,0,0,,,判/刮/却/卻/和,True,GOLD/SILVER,s1_inter_s2_direct/s2_inter_s3_corrected
bắt,扒,U+6252,122,0,0,,,厾/和/孔/孤/我,True,GOLD/SILVER,s1_inter_s2_direct/s1_inter_s2_similar/s2_inter_s3_corrected/s3_head_bank_consensus
lẽ,理,U+7406,122,0,0,,,埋/理,True,GOLD,s1_inter_s2_direct/s1_inter_s2_similar
lành,冷,U+51B7,119,0,0,,,冷/合/命/奏/泠,True,GOLD/SILVER,s1_inter_s2_direct/s2_inter_s3_corrected/s3_head_bank_consensus
nước,渃,U+6E03,118,0,0,,,㴱/侯/医/厉/厨,True,GOLD/SILVER,s1_inter_s2_direct/s1_inter_s2_similar/s2_inter_s3_corrected/s3_head_bank_consensus
nói,呐,U+5450,117,0,0,,,呐/呬/呵/咽/四,True,GOLD/SILVER,s1_inter_s2_direct/s2_inter_s3_corrected
bỏ,補,U+88DC,116,0,0,,,傳/徐/神/補/适,True,GOLD/SILVER,s1_inter_s2_direct/s2_inter_s3_corrected/s3_head_bank_consensus
khác,恪,U+606A,116,0,0,,,之/修/啓/将/怜,True,GOLD/SILVER,s1_inter_s2_direct/s1_inter_s2_similar/s2_inter_s3_corrected/s3_head_bank_consensus
ô,烏,U+70CF,114,0,0,,,与/多/得/烏/焉,True,GOLD/SILVER,s1_inter_s2_direct/s1_inter_s2_similar/s2_inter_s3_corrected
ra,囉,U+56C9,113,0,0,,,㘴/㽞/䍐/兕/呢,True,GOLD/SILVER,s1_inter_s2_direct/s2_inter_s3_corrected/s3_head_bank_consensus
là,罗,U+7F57,112,0,0,,,䍐/兴/冊/寽/景,True,GOLD/SILVER,s1_inter_s2_direct/s2_inter_s3_corrected/s3_head_bank_consensus
hồn,魂,U+9B42,110,0,0,,,媿/思/恕/惣/慇,True,GOLD/SILVER,s1_inter_s2_direct/s2_inter_s3_corrected/s3_head_bank_consensus
cha,吒,U+5412,107,0,0,,,乇/任/吃/吒/宅,True,GOLD/SILVER,s1_inter_s2_direct/s2_inter_s3_corrected
đất,坦,U+5766,105,0,0,,,四/坦/妃,True,GOLD/SILVER,s1_inter_s2_direct/s2_inter_s3_corrected
công,功,U+529F,104,0,0,,,功,True,GOLD,s1_inter_s2_direct
giữ,佇,U+4F47,104,0,0,,,仔/仲/件/佇/俘,True,GOLD/SILVER,s1_inter_s2_direct/s2_inter_s3_corrected
về,𧗱,U+275F1,104,0,0,,,付/佳/侍/侑/備,True,GOLD/SILVER,s1_inter_s2_similar/s2_inter_s3_corrected/s3_head_bank_consensus
xin,真,U+771F,104,0,0,,,夏/安/寘/慎/真,True,GOLD/SILVER,s1_inter_s2_direct/s1_inter_s2_similar/s2_inter_s3_corrected
ai,埃,U+57C3,103,0,0,,,侯/坂/垝/埂/埃,True,GOLD/SILVER,s1_inter_s2_direct/s2_inter_s3_corrected
theo,燒,U+71D2,103,0,0,,,壊/焼/燒,True,GOLD/SILVER,s1_inter_s2_direct/s2_inter_s3_corrected
đánh,打,U+6253,103,0,0,,,和/壬/好/打/日,True,GOLD/SILVER,s1_inter_s2_direct/s2_inter_s3_corrected
mừng,明,U+660E,102,0,0,,,咱/因/困/明/朗,True,GOLD/SILVER,s1_inter_s2_direct/s2_inter_s3_corrected/s3_head_bank_consensus
lắm,凜,U+51DC,101,0,0,,,凜/原/導/屧/廕,True,GOLD/SILVER,s1_inter_s2_direct/s2_inter_s3_corrected/s3_head_bank_consensus
lần,吝,U+541D,99,0,0,,,冬/卷/合/吝/吞,True,GOLD/SILVER,s1_inter_s2_direct/s2_inter_s3_corrected
phạt,罰,U+7F70,99,0,0,,,罰/蜀/𦋺,True,GOLD/SILVER,s1_inter_s2_direct/s2_inter_s3_corrected
đấy,帝,U+5E1D,99,0,0,,,事/居/帝/席/焼,True,GOLD/SILVER,s1_inter_s2_direct/s2_inter_s3_corrected
cầu,求,U+6C42,96,0,0,,,來/未/来/水/求,True,GOLD/SILVER,s1_inter_s2_direct/s2_inter_s3_corrected/s3_head_bank_consensus
mươi,邁,U+9081,95,0,0,,,更/籩/薑/迤/通,True,GOLD/SILVER,s1_inter_s2_direct/s1_inter_s2_similar/s2_inter_s3_corrected
tin,信,U+4FE1,95,0,0,,,仿/传/位/侍/侯,True,GOLD/SILVER,s1_inter_s2_direct/s2_inter_s3_corrected/s3_head_bank_consensus
làm,乄,U+4E44,94,0,0,,,不/与/丘/为/以,True,GOLD/SILVER,s1_inter_s2_similar/s2_inter_s3_corrected
mất,末,U+672B,94,0,0,,,未/末/求/禾,True,GOLD/SILVER,s1_inter_s2_direct/s1_inter_s2_similar/s2_inter_s3_corrected
nhiều,嬈,U+5B08,94,0,0,,,僥/冼/凴/慧/撓,True,GOLD/SILVER,s1_inter_s2_similar/s2_inter_s3_corrected
để,底,U+5E95,94,0,0,,,哀/塵/夜/底/感,True,GOLD/SILVER,s1_inter_s2_direct/s2_inter_s3_corrected
chi,之,U+4E4B,92,0,0,,,之/乏/文,True,GOLD/SILVER,s1_inter_s2_direct/s2_inter_s3_corrected/s3_head_bank_consensus
một,蔑,U+8511,92,0,0,,,䘮/兾/厚/夢/戔,True,GOLD/SILVER,s1_inter_s2_direct/s2_inter_s3_corrected
nguyện,願,U+9858,91,0,0,,,履/親/頋/領/顇,True,GOLD/SILVER,s1_inter_s2_direct/s2_inter_s3_corrected/s3_head_bank_consensus
nhiều,饒,U+9952,91,0,0,,,䇿/僥/院/饒/黄,True,GOLD/SILVER,s1_inter_s2_direct/s2_inter_s3_corrected
pha,葩,U+8469,90,0,0,,,丶/之/了/塟/庵,True,GOLD/SILVER,s1_inter_s2_direct/s2_inter_s3_corrected/s3_head_bank_consensus
sau,娄,U+5A04,90,0,0,,,妻/委/姜/娄/斈,True,GOLD/SILVER,s1_inter_s2_direct/s2_inter_s3_corrected/s3_head_bank_consensus
xin,嗔,U+55D4,90,0,0,,,冥/喚/嗔/噴/婆,True,GOLD/SILVER,s1_inter_s2_direct/s1_inter_s2_similar/s2_inter_s3_corrected
thần,神,U+795E,89,0,0,,,仰/伸/神,True,GOLD/SILVER,s1_inter_s2_direct/s2_inter_s3_corrected
ý,意,U+610F,89,0,0,,,意,True,GOLD,s1_inter_s2_direct
bốn,本,U+672C,88,0,0,,,举/器/寨/本/果,True,GOLD/SILVER,s1_inter_s2_direct/s2_inter_s3_corrected/s3_head_bank_consensus
chớ,渚,U+6E1A,88,0,0,,,传/凊/堵/消/涛,True,GOLD/SILVER,s1_inter_s2_direct/s1_inter_s2_similar/s2_inter_s3_corrected
an,安,U+5B89,86,0,0,,,女/妄/妥/安,True,GOLD/SILVER,s1_inter_s2_direct/s1_inter_s2_similar/s2_inter_s3_corrected
mặc,黙,U+9ED9,85,0,0,,,㸃/然/遐/鉄/黔,True,GOLD/SILVER,s1_inter_s2_direct/s2_inter_s3_corrected/s3_head_bank_consensus
biết,別,U+5225,84,0,0,,,別/到/創,True,GOLD/SILVER,s1_inter_s2_direct/s2_inter_s3_corrected
sáng,創,U+5275,83,0,0,,,剣/創/劍,True,GOLD/SILVER,s1_inter_s2_direct/s2_inter_s3_corrected
cũng,拱,U+62F1,82,0,0,,,我/批/找/拱/按,True,GOLD/SILVER,s1_inter_s2_direct/s2_inter_s3_corrected/s3_head_bank_consensus
sa,沙,U+6C99,82,0,0,,,伏/伙/应/次/江,True,GOLD/SILVER,s1_inter_s2_direct/s2_inter_s3_corrected/s3_head_bank_consensus
tao,蚤,U+86A4,82,0,0,,,兹/奎/耋/蚕/蚤,True,GOLD/SILVER,s1_inter_s2_direct/s1_inter_s2_similar/s2_inter_s3_corrected/s3_head_bank_consensus
khốn,困,U+56F0,81,0,0,,,因/困/用,True,GOLD/SILVER,s1_inter_s2_direct/s1_inter_s2_similar/s2_inter_s3_corrected
sao,牢,U+7262,81,0,0,,,串/夲/宇/庫/斥,True,GOLD/SILVER,s1_inter_s2_direct/s1_inter_s2_similar/s2_inter_s3_corrected
đàng,堂,U+5802,81,0,0,,,堂/孝/室/幸/意,True,GOLD/SILVER,s1_inter_s2_direct/s2_inter_s3_corrected/s3_head_bank_consensus
a,阿,U+963F,80,0,0,,,何/傾/冈/囚/愆,True,GOLD/SILVER,s1_inter_s2_direct/s2_inter_s3_corrected/s3_head_bank_consensus
thật,實,U+5BE6,80,0,0,,,厭/嗜/宵/實/腐,True,GOLD/SILVER,s1_inter_s2_direct/s2_inter_s3_corrected
truyện,傳,U+50B3,80,0,0,,,傳/将,True,GOLD/SILVER,s1_inter_s2_direct/s2_inter_s3_corrected
tìm,尋,U+5C0B,79,0,0,,,乎/号/喜/尋/斗,True,GOLD/SILVER,s1_inter_s2_direct/s2_inter_s3_corrected
lễ,礼,U+793C,78,0,0,,,礼/祧/花/𭂫,True,GOLD/SILVER,s1_inter_s2_direct/s2_inter_s3_corrected/s3_head_bank_consensus
na,那,U+90A3,77,0,0,,,即/邢/那/郡,True,GOLD/SILVER,s1_inter_s2_direct/s2_inter_s3_corrected
giết,折,U+6298,76,0,0,,,两/册/刑/判/打,True,GOLD/SILVER,s1_inter_s2_direct/s1_inter_s2_similar/s2_inter_s3_corrected
thương,傷,U+50B7,76,0,0,,,傉/傍/傷/僑/僚,True,GOLD/SILVER,s1_inter_s2_direct/s2_inter_s3_corrected/s3_head_bank_consensus
tiếng,省,U+7701,76,0,0,,,㸔/哨/嗜/嘴/宿,True,GOLD/SILVER,s1_inter_s2_direct/s2_inter_s3_corrected/s3_head_bank_consensus
ơn,恩,U+6069,76,0,0,,,恩,True,GOLD,s1_inter_s2_direct
kính,敬,U+656C,75,0,0,,,攷/放/政/故/效,True,GOLD/SILVER,s1_inter_s2_direct/s1_inter_s2_similar/s2_inter_s3_corrected/s3_head_bank_consensus
nào,市,U+5E02,75,0,0,,,事/吊/屰/市/布,True,GOLD/SILVER,s1_inter_s2_direct/s1_inter_s2_similar/s2_inter_s3_corrected/s3_head_bank_consensus
cũng,共,U+5171,72,0,0,,,丑/共/兵/其/壬,True,GOLD/SILVER,s1_inter_s2_direct/s1_inter_s2_similar/s2_inter_s3_corrected
bấy,閉,U+9589,71,0,0,,,朝/閉/開/閒/閱,True,GOLD/SILVER,s1_inter_s2_direct/s1_inter_s2_similar/s2_inter_s3_corrected/s3_head_bank_consensus
bụt,孛,U+5B5B,71,0,0,,,字/孛/孝/季/学,True,GOLD/SILVER,s1_inter_s2_direct/s1_inter_s2_similar/s2_inter_s3_corrected/s3_head_bank_consensus
việc,役,U+5F79,71,0,0,,,仗/佺/度/役/微,True,GOLD/SILVER,s1_inter_s2_direct/s2_inter_s3_corrected
chăng,生,U+751F,68,0,0,,,主/在/生/𡉄,True,GOLD/SILVER,s1_inter_s2_direct/s2_inter_s3_corrected
dữ,与,U+4E0E,68,0,0,,,与/尚/烏,True,GOLD/SILVER,s1_inter_s2_direct/s2_inter_s3_corrected
con,晜,U+665C,67,0,0,,,冕/宛/寇/寬/崑,True,GOLD/SILVER,s1_inter_s2_similar/s2_inter_s3_corrected/s3_head_bank_consensus
khiến,遣,U+9063,66,0,0,,,僂/廣/玄/糞/農,True,GOLD/SILVER,s1_inter_s2_direct/s2_inter_s3_corrected/s3_head_bank_consensus
phê,批,U+6279,66,0,0,,,孔/孤/托/批/抑,True,GOLD/SILVER,s1_inter_s2_direct/s2_inter_s3_corrected/s3_head_bank_consensus
tha,赦,U+8D66,66,0,0,,,故/敎/救/敖/教,True,GOLD/SILVER,s1_inter_s2_direct/s1_inter_s2_similar/s2_inter_s3_corrected
bảo,保,U+4FDD,65,0,0,,,保/條,True,GOLD/SILVER,s1_inter_s2_direct/s2_inter_s3_corrected
bằng,平,U+5E73,65,0,0,,,平/年/手/甲/羊,True,GOLD/SILVER,s1_inter_s2_direct/s1_inter_s2_similar/s2_inter_s3_corrected/s3_head_bank_consensus
chẳng,庒,U+5E92,65,0,0,,,主/君/庒/生,True,GOLD/SILVER,s1_inter_s2_direct/s1_inter_s2_similar/s2_inter_s3_corrected
cả,奇,U+5947,65,0,0,,,可/奇/寄/恐/百,True,GOLD/SILVER,s1_inter_s2_direct/s1_inter_s2_similar/s2_inter_s3_corrected
khuyên,勧,U+52E7,65,0,0,,,勘/勛/勧/郎/面,True,GOLD/SILVER,s1_inter_s2_direct/s2_inter_s3_corrected
nô,奴,U+5974,65,0,0,,,双/叔/奴/如/放,True,GOLD/SILVER,s1_inter_s2_direct/s1_inter_s2_similar/s2_inter_s3_corrected/s3_head_bank_consensus
yêu,腰,U+8170,65,0,0,,,媵/睡/胳/腰/賜,True,GOLD/SILVER,s1_inter_s2_direct/s2_inter_s3_corrected
chân,真,U+771F,64,0,0,,,夏/直/真,True,GOLD/SILVER,s1_inter_s2_direct/s2_inter_s3_corrected
cầm,扲,U+6272,64,0,0,,,半/扑/扮/扲/扵,True,GOLD/SILVER,s1_inter_s2_direct/s1_inter_s2_similar/s2_inter_s3_corrected
thưa,踈,U+8E08,64,0,0,,,妹/姝/殊/煉/睡,True,GOLD/SILVER,s1_inter_s2_direct/s2_inter_s3_corrected
chức,聀,U+8040,63,0,0,,,取/娥/我/敢/残,True,GOLD/SILVER,s1_inter_s2_direct/s2_inter_s3_corrected/s3_head_bank_consensus
sang,郎,U+90CE,63,0,0,,,昂/昻/爺/節/許,True,GOLD/SILVER,s1_inter_s2_direct/s2_inter_s3_corrected
sức,飭,U+98ED,63,0,0,,,飭/餂,True,GOLD/SILVER,s1_inter_s2_direct/s2_inter_s3_corrected
tử,死,U+6B7B,63,0,0,,,死,True,GOLD,s1_inter_s2_direct
đêm,店,U+5E97,63,0,0,,,告/唐/左/庅/底,True,GOLD/SILVER,s1_inter_s2_direct/s1_inter_s2_similar/s2_inter_s3_corrected/s3_head_bank_consensus
dái,曳,U+66F3,62,0,0,,,喫/我/或/曳/毀,True,GOLD/SILVER,s1_inter_s2_direct/s2_inter_s3_corrected/s3_head_bank_consensus
kẻo,矯,U+77EF,62,0,0,,,冠/屬/犒/矯/腐,True,GOLD/SILVER,s1_inter_s2_direct/s2_inter_s3_corrected
chước,斫,U+65AB,61,0,0,,,仰/作/列/刷/劝,True,GOLD/SILVER,s1_inter_s2_direct/s2_inter_s3_corrected/s3_head_bank_consensus
khóc,哭,U+54ED,61,0,0,,,哭/災/笑/𰩬,True,GOLD/SILVER,s1_inter_s2_direct/s2_inter_s3_corrected/s3_head_bank_consensus
bấy,闭,U+95ED,60,0,0,,,内/冏/同/周/商,True,GOLD/SILVER,s1_inter_s2_direct/s1_inter_s2_similar/s2_inter_s3_corrected/s3_head_bank_consensus
cô,姑,U+59D1,60,0,0,,,兹/古/城/妨/姑,True,GOLD/SILVER,s1_inter_s2_direct/s2_inter_s3_corrected/s3_head_bank_consensus
phần,分,U+5206,59,0,0,,,㕣/分/劣/防,True,GOLD/SILVER,s1_inter_s2_direct/s2_inter_s3_corrected/s3_head_bank_consensus
trăm,林,U+6797,59,0,0,,,㘴/举/吞/喜/奡,True,GOLD/SILVER,s1_inter_s2_direct/s2_inter_s3_corrected/s3_head_bank_consensus
áo,襖,U+8956,59,0,0,,,俟/禊/禋/禎/禝,True,GOLD/SILVER,s1_inter_s2_direct/s2_inter_s3_corrected
chữa,𦔳,U+26533,58,0,0,,,勁/勔/即/取/朝,True,GOLD/SILVER,s1_inter_s2_direct/s2_inter_s3_corrected
giảng,講,U+8B1B,58,0,0,,,協/描/攝/朅/滋,True,GOLD/SILVER,s1_inter_s2_direct/s2_inter_s3_corrected/s3_head_bank_consensus
li,离,U+79BB,58,0,0,,,内/商/啻/嚼/壽,True,GOLD/SILVER,s1_inter_s2_direct/s2_inter_s3_corrected
nhưng,仍,U+4ECD,58,0,0,,,仍/傾,True,GOLD/SILVER,s1_inter_s2_direct/s2_inter_s3_corrected
phải,伂,U+4F02,58,0,0,,,乕/伂/布/师/師,True,GOLD/SILVER,s1_inter_s2_direct/s1_inter_s2_similar/s2_inter_s3_corrected/s3_head_bank_consensus
sẽ,仕,U+4ED5,58,0,0,,,仕/付/伴,True,GOLD,s1_inter_s2_direct/s1_inter_s2_similar
vui,盃,U+76C3,58,0,0,,,到/劉/圖/孟/弱,True,GOLD/SILVER,s1_inter_s2_direct/s2_inter_s3_corrected/s3_head_bank_consensus
bỏ,𥙷,U+25677,57,0,0,,,掩/斾/𥙷,True,GOLD/SILVER,s1_inter_s2_direct/s2_inter_s3_corrected/s3_head_bank_consensus
cùng,穷,U+7A77,57,0,0,,,亦/剪/好/定/察,True,GOLD/SILVER,s1_inter_s2_direct/s1_inter_s2_similar/s2_inter_s3_corrected/s3_head_bank_consensus
dù,油,U+6CB9,57,0,0,,,油/神/迪,True,GOLD/SILVER,s1_inter_s2_direct/s2_inter_s3_corrected
kêu,呌,U+544C,57,0,0,,,呌/呼/紏,True,GOLD/SILVER,s1_inter_s2_direct/s2_inter_s3_corrected/s3_head_bank_consensus
ngoài,外,U+5916,57,0,0,,,外/蚓,True,GOLD/SILVER,s1_inter_s2_direct/s2_inter_s3_corrected
thật,实,U+5B9E,57,0,0,,,㬰/契/宋/实/座,True,GOLD/SILVER,s1_inter_s2_direct/s1_inter_s2_similar/s2_inter_s3_corrected/s3_head_bank_consensus
ghét,結,U+7D50,56,0,0,,,䏻/兹/弦/法/然,True,GOLD/SILVER,s1_inter_s2_direct/s1_inter_s2_similar/s2_inter_s3_corrected/s3_head_bank_consensus
nữ,女,U+5973,56,0,0,,,女/文/玄/立,True,GOLD/SILVER,s1_inter_s2_direct/s1_inter_s2_similar/s2_inter_s3_corrected
đoạn,段,U+6BB5,56,0,0,,,匠/受/叚/張/悶,True,GOLD/SILVER,s1_inter_s2_direct/s1_inter_s2_similar/s2_inter_s3_corrected/s3_head_bank_consensus
đồng,童,U+7AE5,56,0,0,,,望/童/重,True,GOLD/SILVER,s1_inter_s2_direct/s2_inter_s3_corrected
càng,强,U+5F3A,54,0,0,,,䏻/宛/幽/强/旌,True,GOLD/SILVER,s1_inter_s2_direct/s2_inter_s3_corrected
cực,極,U+6975,54,0,0,,,極,True,GOLD,s1_inter_s2_direct
ong,翁,U+7FC1,54,0,0,,,坌/并/弃/弇/翁,True,GOLD/SILVER,s1_inter_s2_direct/s2_inter_s3_corrected
nói,内,U+5185,53,0,0,,,内/呬/咽/哂/四,True,GOLD/SILVER,s1_inter_s2_direct/s2_inter_s3_corrected
trả,把,U+628A,53,0,0,,,把/昭/犯/船,True,GOLD/SILVER,s1_inter_s2_direct/s2_inter_s3_corrected
đường,唐,U+5510,53,0,0,,,唐/塵/庚/度/李,True,GOLD/SILVER,s1_inter_s2_direct/s2_inter_s3_corrected/s3_head_bank_consensus
cả,哿,U+54FF,52,0,0,,,冊/冬/哿/守/将,True,GOLD/SILVER,s1_inter_s2_direct/s2_inter_s3_corrected
cất,拮,U+62EE,52,0,0,,,去/我/扶/技/拈,True,GOLD/SILVER,s1_inter_s2_direct/s1_inter_s2_similar/s2_inter_s3_corrected
phán,判,U+5224,52,0,0,,,判/刦/到/制/刾,True,GOLD/SILVER,s1_inter_s2_direct/s2_inter_s3_corrected/s3_head_bank_consensus
vô,無,U+7121,52,0,0,,,壬/無/通/𬻝/𭴾,True,GOLD/SILVER,s1_inter_s2_direct/s2_inter_s3_corrected/s3_head_bank_consensus
đây,低,U+4F4E,52,0,0,,,似/低/爬,True,GOLD/SILVER,s1_inter_s2_direct/s2_inter_s3_corrected
tô,穌,U+7A4C,51,0,0,,,殊/珠/穌/鉌/銖,True,GOLD/SILVER,s1_inter_s2_direct/s2_inter_s3_corrected
một,更,U+66F4,50,0,0,,,兾/受/弟/彧/戔,True,GOLD/SILVER,s1_inter_s2_similar/s2_inter_s3_corrected
tớ,四,U+56DB,50,0,0,,,四,True,GOLD,s1_inter_s2_direct
bề,皮,U+76AE,49,0,0,,,及/友/度/波/犮,True,GOLD/SILVER,s1_inter_s2_direct/s1_inter_s2_similar/s2_inter_s3_corrected
mười,邁,U+9081,49,0,0,,,通/逼/遇/遍/過,True,GOLD/SILVER,s1_inter_s2_direct/s1_inter_s2_similar/s2_inter_s3_corrected/s3_head_bank_consensus
quân,軍,U+8ECD,49,0,0,,,軍/𥝝,True,GOLD/SILVER,s1_inter_s2_direct/s2_inter_s3_corrected
chưa,渚,U+6E1A,48,0,0,,,昇/法/消/涛/清,True,GOLD/SILVER,s1_inter_s2_direct/s2_inter_s3_corrected
thí,施,U+65BD,48,0,0,,,庭/施/証,True,GOLD/SILVER,s1_inter_s2_direct/s2_inter_s3_corrected
a,亜,U+4E9C,47,0,0,,,並/亜/匝/更/而,True,GOLD/SILVER,s1_inter_s2_direct/s2_inter_s3_corrected
lạ,邏,U+908F,47,0,0,,,是/無/逕/遇/運,True,GOLD/SILVER,s1_inter_s2_similar/s2_inter_s3_corrected/s3_head_bank_consensus
mở,美,U+7F8E,47,0,0,,,夷/美/羙/羡/義,True,GOLD/SILVER,s1_inter_s2_direct/s1_inter_s2_similar/s2_inter_s3_corrected
nay,尼,U+5C3C,47,0,0,,,云/卷/右/君/尺,True,GOLD/SILVER,s1_inter_s2_direct/s1_inter_s2_similar/s2_inter_s3_corrected/s3_head_bank_consensus
giục,逐,U+9010,46,0,0,,,極/迅/迎/返/迩,True,GOLD/SILVER,s1_inter_s2_direct/s2_inter_s3_corrected/s3_head_bank_consensus
lắm,廪,U+5EEA,46,0,0,,,亷/廪/𫝗,True,GOLD/SILVER,s1_inter_s2_direct/s2_inter_s3_corrected
lo,卢,U+5362,45,0,0,,,与/五/克/占/卢,True,GOLD/SILVER,s1_inter_s2_direct/s1_inter_s2_similar/s2_inter_s3_corrected
lâu,楼,U+697C,45,0,0,,,接/棲/楼,True,GOLD/SILVER,s1_inter_s2_direct/s2_inter_s3_corrected
nghiệp,業,U+696D,45,0,0,,,䇿/昔/業/菜/華,True,GOLD/SILVER,s1_inter_s2_direct/s2_inter_s3_corrected/s3_head_bank_consensus
thánh,堊,U+580A,45,0,0,,,堊/奎/望/棄/璽,True,GOLD/SILVER,s1_inter_s2_direct/s2_inter_s3_corrected/s3_head_bank_consensus
áo,袄,U+8884,45,0,0,,,杖/砍/祅/祇/祓,True,GOLD/SILVER,s1_inter_s2_direct/s1_inter_s2_similar/s2_inter_s3_corrected
láng,朗,U+6717,44,0,0,,,朗,True,GOLD,s1_inter_s2_direct
bổn,本,U+672C,43,0,0,,,本/采,True,GOLD/SILVER,s1_inter_s2_direct/s2_inter_s3_corrected
chồng,重,U+91CD,43,0,0,,,奎/重,True,GOLD/SILVER,s1_inter_s2_direct/s2_inter_s3_corrected/s3_head_bank_consensus
giận,陣,U+9663,43,0,0,,,倬/淖/渾/陣,True,GOLD/SILVER,s1_inter_s2_direct/s2_inter_s3_corrected
lê,黎,U+9ECE,43,0,0,,,㳟/恭/添/系/聚,True,GOLD/SILVER,s1_inter_s2_direct/s2_inter_s3_corrected/s3_head_bank_consensus
thờ,除,U+9664,43,0,0,,,降/除/餘,True,GOLD/SILVER,s1_inter_s2_direct/s2_inter_s3_corrected
toan,筭,U+7B6D,43,0,0,,,䓁/善/壽/弄/旱,True,GOLD/SILVER,s1_inter_s2_direct/s1_inter_s2_similar/s2_inter_s3_corrected/s3_head_bank_consensus
điều,調,U+8ABF,43,0,0,,,姻/朝/調/退,True,GOLD/SILVER,s1_inter_s2_direct/s2_inter_s3_corrected
anh,孾,U+5B7E,42,0,0,,,妻/妾/姜/琵/要,True,GOLD/SILVER,s1_inter_s2_similar/s2_inter_s3_corrected
bao,包,U+5305,42,0,0,,,乞/包/巳/色/𠮥,True,GOLD/SILVER,s1_inter_s2_direct/s2_inter_s3_corrected/s3_head_bank_consensus
cả,竒,U+7AD2,42,0,0,,,㝵/今/付/哥/器,True,GOLD/SILVER,s1_inter_s2_direct/s1_inter_s2_similar/s2_inter_s3_corrected/s3_head_bank_consensus
giặc,賊,U+8CCA,42,0,0,,,賊/賦,True,GOLD/SILVER,s1_inter_s2_direct/s2_inter_s3_corrected
máu,泖,U+6CD6,42,0,0,,,仰/帥/抑/柳/泖,True,GOLD/SILVER,s1_inter_s2_direct/s1_inter_s2_similar/s2_inter_s3_corrected/s3_head_bank_consensus
mắt,末,U+672B,42,0,0,,,未/末/相,True,GOLD/SILVER,s1_inter_s2_direct/s1_inter_s2_similar/s2_inter_s3_corrected
sai,差,U+5DEE,42,0,0,,,差/篇,True,GOLD/SILVER,s1_inter_s2_direct/s3_head_bank_consensus
tốt,卒,U+5352,42,0,0,,,卒/夲/奉/率/辛,True,GOLD/SILVER,s1_inter_s2_direct/s1_inter_s2_similar/s2_inter_s3_corrected
xem,袩,U+88A9,42,0,0,,,後/拈/枮/枯/砧,True,GOLD/SILVER,s1_inter_s2_direct/s1_inter_s2_similar/s2_inter_s3_corrected/s3_head_bank_consensus
mô,模,U+6A21,41,0,0,,,㨗/侯/授/楼/模,True,GOLD/SILVER,s1_inter_s2_direct/s2_inter_s3_corrected
qua,戈,U+6208,41,0,0,,,戈/戊/戋,True,GOLD/SILVER,s1_inter_s2_direct/s1_inter_s2_similar/s2_inter_s3_corrected
tù,囚,U+56DA,41,0,0,,,内/冈/囚,True,GOLD/SILVER,s1_inter_s2_direct/s1_inter_s2_similar/s2_inter_s3_corrected
được,時,U+6642,41,0,0,,,将/時,True,GOLD/SILVER,s1_inter_s2_direct/s2_inter_s3_corrected
địa,地,U+5730,41,0,0,,,地/施/比/池/阤,True,GOLD/SILVER,s1_inter_s2_direct/s2_inter_s3_corrected/s3_head_bank_consensus
đội,隊,U+968A,41,0,0,,,叚/啄/塚/恢/椓,True,GOLD/SILVER,s1_inter_s2_direct/s2_inter_s3_corrected/s3_head_bank_consensus
chốc,祝,U+795D,40,0,0,,,祀/祝/裾,True,GOLD/SILVER,s1_inter_s2_direct/s2_inter_s3_corrected/s3_head_bank_consensus
lối,磊,U+78CA,40,0,0,,,姦/恊/昼/爲/磊,True,GOLD/SILVER,s1_inter_s2_direct/s2_inter_s3_corrected/s3_head_bank_consensus
min,綿,U+7DBF,40,0,0,,,㱕/婢/烰/磊/紹,True,GOLD/SILVER,s1_inter_s2_direct/s2_inter_s3_corrected/s3_head_bank_consensus
ngày,㝵,U+3775,40,0,0,,,㝵/冒/唱/寄/尋,True,GOLD/SILVER,s1_inter_s2_direct/s1_inter_s2_similar/s2_inter_s3_corrected/s3_head_bank_consensus
ngục,獄,U+7344,40,0,0,,,似/微/撼/欲/歓,True,GOLD/SILVER,s1_inter_s2_direct/s2_inter_s3_corrected/s3_head_bank_consensus
trinh,貞,U+8C9E,40,0,0,,,与/匀/員/有/直,True,GOLD/SILVER,s1_inter_s2_direct/s1_inter_s2_similar/s2_inter_s3_corrected
si,瘥,U+7625,39,0,0,,,捃/撓/故/槎/瘥,True,GOLD/SILVER,s1_inter_s2_direct/s2_inter_s3_corrected/s3_head_bank_consensus
tay,腮,U+816E,39,0,0,,,咫/理/瑰/緦/腮,True,GOLD/SILVER,s1_inter_s2_direct/s2_inter_s3_corrected/s3_head_bank_consensus
tâu,奏,U+594F,39,0,0,,,奏,True,GOLD,s1_inter_s2_direct
vi,為,U+70BA,39,0,0,,,為,True,GOLD,s1_inter_s2_direct
thôi,退,U+9000,38,0,0,,,䢖/退/遇/里,True,GOLD/SILVER,s1_inter_s2_direct/s2_inter_s3_corrected/s3_head_bank_consensus
xa,車,U+8ECA,38,0,0,,,年/率/車,True,GOLD/SILVER,s1_inter_s2_direct/s2_inter_s3_corrected
dòng,用,U+7528,37,0,0,,,挺/用/翅/𨳩,True,GOLD/SILVER,s1_inter_s2_direct/s2_inter_s3_corrected
dưới,𢃄,U+220C4,37,0,0,,,帯/𢃄,True,GOLD/SILVER,s1_inter_s2_direct/s2_inter_s3_corrected
dấu,𧿫,U+27FEB,37,0,0,,,㪷/呌/料/斜/斟,True,GOLD/SILVER,s1_inter_s2_similar/s2_inter_s3_corrected
hành,行,U+884C,37,0,0,,,山/行,True,GOLD/SILVER,s1_inter_s2_direct/s2_inter_s3_corrected
kể,計,U+8A08,37,0,0,,,計/討,True,GOLD,s1_inter_s2_direct/s1_inter_s2_similar
thứ,次,U+6B21,37,0,0,,,久/乆/吹/咨/文,True,GOLD/SILVER,s1_inter_s2_direct/s1_inter_s2_similar/s2_inter_s3_corrected/s3_head_bank_consensus
dám,敢,U+6562,36,0,0,,,敀/敢/敬,True,GOLD/SILVER,s1_inter_s2_direct/s2_inter_s3_corrected
hình,形,U+5F62,36,0,0,,,形,True,GOLD,s1_inter_s2_direct
chảy,沚,U+6C9A,35,0,0,,,仙/北/址/征/暑,True,GOLD/SILVER,s1_inter_s2_direct/s1_inter_s2_similar/s2_inter_s3_corrected/s3_head_bank_consensus
gửi,改,U+6539,35,0,0,,,改/攺/汶/陵,True,GOLD/SILVER,s1_inter_s2_direct/s1_inter_s2_similar/s2_inter_s3_corrected/s3_head_bank_consensus
mình,𠇮,U+201EE,35,0,0,,,令/仭/分/勝/厨,True,GOLD/SILVER,s1_inter_s2_direct/s1_inter_s2_similar/s2_inter_s3_corrected/s3_head_bank_consensus
mươi,迈,U+8FC8,35,0,0,,,迂/迈/近/返/还,True,GOLD/SILVER,s1_inter_s2_direct/s1_inter_s2_similar/s2_inter_s3_corrected
một,殳,U+6BB3,35,0,0,,,仗/兾/及/受/叚,True,GOLD/SILVER,s1_inter_s2_direct/s1_inter_s2_similar/s2_inter_s3_corrected
nhà,如,U+5982,35,0,0,,,品/如/姦/於/燕,True,GOLD/SILVER,s1_inter_s2_direct/s2_inter_s3_corrected
rút,椊,U+690A,35,0,0,,,抨/掉/桴/梓/棹,True,GOLD/SILVER,s1_inter_s2_similar/s2_inter_s3_corrected/s3_head_bank_consensus
suy,推,U+63A8,35,0,0,,,惟/推,True,GOLD,s1_inter_s2_direct/s1_inter_s2_similar
xấu,丑,U+4E11,35,0,0,,,丑/刄/留,True,GOLD/SILVER,s1_inter_s2_direct/s2_inter_s3_corrected/s3_head_bank_consensus
bảy,罢,U+7F62,34,0,0,,,䵟/數/異/罢/罰,True,GOLD/SILVER,s1_inter_s2_direct/s1_inter_s2_similar/s2_inter_s3_corrected
hay,咍,U+548D,34,0,0,,,以/似/冶/吃/名,True,GOLD/SILVER,s1_inter_s2_direct/s1_inter_s2_similar/s2_inter_s3_corrected/s3_head_bank_consensus
quê,圭,U+572D,34,0,0,,,圭,True,GOLD,s1_inter_s2_direct
rô,嚕,U+5695,34,0,0,,,嘻/噶/嚌/増/屠,True,SILVER,s3_head_bank_consensus
vàng,黄,U+9EC4,34,0,0,,,蕭/輩/黄,True,GOLD/SILVER,s1_inter_s2_direct/s2_inter_s3_corrected
vợ,嬏,U+5B0F,34,0,0,,,偹/婚/婿/媚/嬌,True,GOLD/SILVER,s1_inter_s2_similar/s2_inter_s3_corrected
xưng,称,U+79F0,34,0,0,,,存/弥/称/稃/郡,True,GOLD/SILVER,s1_inter_s2_direct/s2_inter_s3_corrected
ủi,慰,U+6170,34,0,0,,,尅/慰,True,GOLD/SILVER,s1_inter_s2_direct/s2_inter_s3_corrected
bây,悲,U+60B2,33,0,0,,,厯/啓/巷/恐/悲,True,GOLD/SILVER,s1_inter_s2_direct/s2_inter_s3_corrected/s3_head_bank_consensus
học,斈,U+6588,33,0,0,,,斈/李,True,GOLD/SILVER,s1_inter_s2_direct/s2_inter_s3_corrected/s3_head_bank_consensus
ma,魔,U+9B54,33,0,0,,,億/廣/慰/應/懬,True,GOLD/SILVER,s1_inter_s2_direct/s1_inter_s2_similar/s2_inter_s3_corrected
ngày,𣈜,U+2321C,33,0,0,,,䏷/呼/唱/喝/将,True,GOLD/SILVER,s1_inter_s2_similar/s2_inter_s3_corrected
y,衣,U+8863,33,0,0,,,八/在/夂/衣,True,GOLD/SILVER,s1_inter_s2_direct/s2_inter_s3_corrected
chữ,字,U+5B57,32,0,0,,,与/字/守,True,GOLD/SILVER,s1_inter_s2_direct/s2_inter_s3_corrected
giu,樞,U+6A1E,32,0,0,,,樞,False,SILVER,s1_inter_s3_out_of_dict
liệt,列,U+5217,32,0,0,,,列/到/延,True,GOLD/SILVER,s1_inter_s2_direct/s2_inter_s3_corrected
lâu,娄,U+5A04,32,0,0,,,妻/委/姜/娄/麦,True,GOLD/SILVER,s1_inter_s2_direct/s1_inter_s2_similar/s2_inter_s3_corrected/s3_head_bank_consensus
mi,眉,U+7709,32,0,0,,,㸔/乃/眉/胷/蜀,True,GOLD/SILVER,s1_inter_s2_direct/s2_inter_s3_corrected
ti,𤰞,U+24C1E,32,0,0,,,年/早/昇/𤰞,True,GOLD/SILVER,s1_inter_s2_direct/s2_inter_s3_corrected
bên,边,U+8FB9,31,0,0,,,也/边,True,GOLD/SILVER,s1_inter_s2_direct/s2_inter_s3_corrected
càng,強,U+5F37,31,0,0,,,弘/強/滛/除/雄,True,GOLD/SILVER,s1_inter_s2_direct/s2_inter_s3_corrected
câu,拘,U+62D8,31,0,0,,,抱/拘/救/杓/狗,True,GOLD/SILVER,s1_inter_s2_direct/s2_inter_s3_corrected
giải,觧,U+89E7,31,0,0,,,海/澼/觧/𪠘,True,GOLD/SILVER,s1_inter_s2_direct/s2_inter_s3_corrected
người,𠊚,U+2029A,31,0,0,,,冒/因/子/尋/得,True,GOLD/SILVER,s1_inter_s2_similar/s2_inter_s3_corrected
sợ,𢜝,U+2271D,31,0,0,,,事/侓/庫/悸/情,True,GOLD/SILVER,s1_inter_s2_similar/s2_inter_s3_corrected/s3_head_bank_consensus
trẻ,礼,U+793C,31,0,0,,,䄂/他/桃/礼/祀,True,GOLD/SILVER,s1_inter_s2_direct/s2_inter_s3_corrected/s3_head_bank_consensus
bạn,伴,U+4F34,30,0,0,,,件/伴,True,GOLD/SILVER,s1_inter_s2_direct/s2_inter_s3_corrected
lạy,礼,U+793C,30,0,0,,,桃/礼/祀/祖/祧,True,GOLD/SILVER,s1_inter_s2_direct/s2_inter_s3_corrected/s3_head_bank_consensus
lắm,廩,U+5EE9,30,0,0,,,厚/原/廩/溽/𫝗,True,GOLD/SILVER,s1_inter_s2_direct/s2_inter_s3_corrected/s3_head_bank_consensus
tật,疾,U+75BE,30,0,0,,,疾,True,GOLD,s1_inter_s2_direct
xét,察,U+5BDF,30,0,0,,,察/蔡,True,GOLD/SILVER,s1_inter_s2_direct/s2_inter_s3_corrected
cai,該,U+8A72,29,0,0,,,兹/該,True,GOLD/SILVER,s1_inter_s2_direct/s2_inter_s3_corrected
cao,髙,U+9AD9,29,0,0,,,髙,True,GOLD,s1_inter_s2_direct
dân,民,U+6C11,29,0,0,,,歸/氏/民/良,True,GOLD/SILVER,s1_inter_s2_direct/s2_inter_s3_corrected/s3_head_bank_consensus
khăn,中,U+4E2D,29,0,0,,,中/由/甲/申,True,GOLD/SILVER,s1_inter_s2_direct/s1_inter_s2_similar/s2_inter_s3_corrected
ngã,我,U+6211,29,0,0,,,㢤/我,True,GOLD/SILVER,s1_inter_s2_direct/s2_inter_s3_corrected
thư,書,U+66F8,29,0,0,,,書,True,GOLD,s1_inter_s2_direct
tối,最,U+6700,29,0,0,,,是/暈/曩/最/𭆞,True,GOLD/SILVER,s1_inter_s2_direct/s2_inter_s3_corrected
xin,填,U+586B,29,0,0,,,㜑/值/填/宜/寘,True,GOLD/SILVER,s1_inter_s2_direct/s1_inter_s2_similar/s2_inter_s3_corrected
cậy,忌,U+5FCC,28,0,0,,,忌/忘/焉,True,GOLD/SILVER,s1_inter_s2_direct/s2_inter_s3_corrected
hiện,現,U+73FE,28,0,0,,,現/𠒇,True,GOLD/SILVER,s1_inter_s2_direct/s2_inter_s3_corrected
hãy,矣,U+77E3,28,0,0,,,多/尺/矣/突/笑,True,GOLD/SILVER,s1_inter_s2_direct/s1_inter_s2_similar/s2_inter_s3_corrected
lời,例,U+4F8B,28,0,0,,,例/刻/剡/剤/司,True,GOLD/SILVER,s1_inter_s2_direct/s2_inter_s3_corrected
muôn,門,U+9580,28,0,0,,,之/門/閃,True,GOLD/SILVER,s1_inter_s2_direct/s2_inter_s3_corrected
phó,付,U+4ED8,28,0,0,,,付,True,GOLD,s1_inter_s2_direct
rừng,棱,U+68F1,28,0,0,,,㧞/援/族/枝/校,True,GOLD/SILVER,s1_inter_s2_direct/s2_inter_s3_corrected
sáu,老,U+8001,28,0,0,,,元/卷/尅/教/秋,True,GOLD/SILVER,s1_inter_s2_direct/s1_inter_s2_similar/s2_inter_s3_corrected/s3_head_bank_consensus
sự,亊,U+4E8A,28,0,0,,,亊,True,GOLD,s1_inter_s2_direct
tay,思,U+601D,28,0,0,,,思/理/瑰/緦/魂,True,GOLD/SILVER,s1_inter_s2_direct/s2_inter_s3_corrected
trách,責,U+8CAC,28,0,0,,,春/煑/責,True,GOLD/SILVER,s1_inter_s2_direct/s2_inter_s3_corrected
tử,子,U+5B50,28,0,0,,,子,True,GOLD,s1_inter_s2_direct
xưa,𥘉,U+25609,28,0,0,,,𥘉/𭃡,True,GOLD/SILVER,s1_inter_s2_direct/s2_inter_s3_corrected
em,㛪,U+36EA,27,0,0,,,娩/婉/婘/媚/媿,True,GOLD/SILVER,s1_inter_s2_similar/s2_inter_s3_corrected
hèn,閑,U+9591,27,0,0,,,困/閉/閑/関/闌,True,GOLD/SILVER,s1_inter_s2_direct/s1_inter_s2_similar/s2_inter_s3_corrected
không,空,U+7A7A,27,0,0,,,空/𫞹,True,GOLD/SILVER,s1_inter_s2_direct/s3_head_bank_consensus
mát,沫,U+6CAB,27,0,0,,,侏/床/殊/沫/洙,True,GOLD/SILVER,s1_inter_s2_direct/s2_inter_s3_corrected/s3_head_bank_consensus
một,沒,U+6C92,27,0,0,,,受/度/戔/放/沒,True,GOLD/SILVER,s1_inter_s2_direct/s2_inter_s3_corrected
ni,尼,U+5C3C,27,0,0,,,君/尺/尼/忘,True,GOLD/SILVER,s1_inter_s2_direct/s2_inter_s3_corrected
bạc,泊,U+6CCA,26,0,0,,,为/均/泊/漏/的,True,GOLD/SILVER,s1_inter_s2_direct/s2_inter_s3_corrected/s3_head_bank_consensus
ca,歌,U+6B4C,26,0,0,,,教/敬/欹/歌/歙,True,GOLD/SILVER,s1_inter_s2_direct/s2_inter_s3_corrected/s3_head_bank_consensus
cái,丐,U+4E10,26,0,0,,,与/丐,True,GOLD/SILVER,s1_inter_s2_direct/s2_inter_s3_corrected
gặp,及,U+53CA,26,0,0,,,及/反,True,GOLD,s1_inter_s2_direct/s1_inter_s2_similar
nghĩa,义,U+4E49,26,0,0,,,䓁/又/差/必/支,True,GOLD/SILVER,s1_inter_s2_similar/s2_inter_s3_corrected/s3_head_bank_consensus
năn,唯,U+552F,26,0,0,,,准/唯/淮/难/雅,True,GOLD/SILVER,s1_inter_s2_direct/s1_inter_s2_similar/s2_inter_s3_corrected/s3_head_bank_consensus
năng,䏻,U+43FB,26,0,0,,,䏻/潮/猷/駐,True,GOLD/SILVER,s1_inter_s2_direct/s2_inter_s3_corrected/s3_head_bank_consensus
sửa,所,U+6240,26,0,0,,,所/𢦶,True,GOLD/SILVER,s1_inter_s2_direct/s2_inter_s3_corrected
tuổi,歲,U+6B72,26,0,0,,,戲/昏/星/歲/𫞓,True,GOLD/SILVER,s1_inter_s2_direct/s2_inter_s3_corrected/s3_head_bank_consensus
buồn,盆,U+76C6,25,0,0,,,盆/益/蔓,True,GOLD/SILVER,s1_inter_s2_direct/s2_inter_s3_corrected
chúng,衆,U+8846,25,0,0,,,蠡/衆,True,GOLD/SILVER,s1_inter_s2_direct/s2_inter_s3_corrected
chọn,撰,U+64B0,25,0,0,,,庚/復/捶/接/摂,True,GOLD/SILVER,s1_inter_s2_direct/s2_inter_s3_corrected/s3_head_bank_consensus
cửa,㪯,U+3AAF,25,0,0,,,㪯/夅/奉/宰/朝,True,GOLD/SILVER,s1_inter_s2_direct/s2_inter_s3_corrected/s3_head_bank_consensus
dối,対,U+5BFE,25,0,0,,,対/封/尅/时/衬,True,GOLD/SILVER,s1_inter_s2_direct/s1_inter_s2_similar/s2_inter_s3_corrected
gian,奸,U+5978,25,0,0,,,奸/杆/許,True,GOLD/SILVER,s1_inter_s2_direct/s1_inter_s2_similar/s2_inter_s3_corrected
tượng,像,U+50CF,25,0,0,,,像/豫/𰂸,True,GOLD/SILVER,s1_inter_s2_direct/s2_inter_s3_corrected/s3_head_bank_consensus
gia,加,U+52A0,24,0,0,,,加/反/叔/四/奴,True,GOLD/SILVER,s1_inter_s2_direct/s2_inter_s3_corrected/s3_head_bank_consensus
giống,種,U+7A2E,24,0,0,,,禋/種/踵,True,GOLD/SILVER,s1_inter_s2_direct/s1_inter_s2_similar/s2_inter_s3_corrected
hoa,花,U+82B1,24,0,0,,,花,True,GOLD,s1_inter_s2_direct
phạm,犯,U+72AF,24,0,0,,,卵/征/犯/肥,True,GOLD/SILVER,s1_inter_s2_direct/s2_inter_s3_corrected/s3_head_bank_consensus
sư,獅,U+7345,24,0,0,,,卿/獅/解/那,True,GOLD/SILVER,s1_inter_s2_direct/s2_inter_s3_corrected
tháng,倘,U+5018,24,0,0,,,传/伪/倘/偽/僃,True,GOLD/SILVER,s1_inter_s2_direct/s2_inter_s3_corrected/s3_head_bank_consensus
truyền,傳,U+50B3,24,0,0,,,侍/傉/傳,True,GOLD/SILVER,s1_inter_s2_direct/s2_inter_s3_corrected
trình,呈,U+5448,24,0,0,,,呈/皇,True,GOLD,s1_inter_s2_direct/s1_inter_s2_similar
tỏ,訴,U+8A34,24,0,0,,,新/欬/許/訴/詐,True,GOLD/SILVER,s1_inter_s2_direct/s2_inter_s3_corrected/s3_head_bank_consensus
viếng,𣱵,U+23C75,24,0,0,,,𣱵,True,GOLD,s1_inter_s2_direct
vật,物,U+7269,24,0,0,,,救/牧/物,True,GOLD/SILVER,s1_inter_s2_direct/s2_inter_s3_corrected
bay,悲,U+60B2,23,0,0,,,恋/恐/悲,True,GOLD/SILVER,s1_inter_s2_direct/s2_inter_s3_corrected/s3_head_bank_consensus
bấy,悲,U+60B2,23,0,0,,,啓/怨/恋/恐/悲,True,GOLD/SILVER,s1_inter_s2_direct/s2_inter_s3_corrected
chùa,厨,U+53A8,23,0,0,,,厨/尉,True,GOLD/SILVER,s1_inter_s2_direct/s2_inter_s3_corrected
linh,㚑,U+3691,23,0,0,,,㚑/尺,True,GOLD/SILVER,s1_inter_s2_direct/s2_inter_s3_corrected
liền,蓮,U+84EE,23,0,0,,,厘/蓮/運,True,GOLD/SILVER,s1_inter_s2_direct/s1_inter_s2_similar/s2_inter_s3_corrected
làm,爫,U+722B,23,0,0,,,之/人/四/夕/白,True,GOLD/SILVER,s1_inter_s2_similar/s2_inter_s3_corrected
lấy,𢬦,U+22B26,23,0,0,,,抛/杷/桃/相/祀,True,GOLD/SILVER,s1_inter_s2_similar/s2_inter_s3_corrected/s3_head_bank_consensus
lớn,懶,U+61F6,23,0,0,,,廟/懶/搠/順/類,True,GOLD/SILVER,s1_inter_s2_direct/s2_inter_s3_corrected
phi,丕,U+4E15,23,0,0,,,丕/左/无/石,True,GOLD/SILVER,s1_inter_s2_direct/s2_inter_s3_corrected
sãi,仕,U+4ED5,23,0,0,,,仕,True,GOLD,s1_inter_s2_direct
thánh,圣,U+5723,23,0,0,,,圣/夅/至,True,GOLD/SILVER,s1_inter_s2_direct/s1_inter_s2_similar/s2_inter_s3_corrected
trá,詐,U+8A50,23,0,0,,,兹/敵/烦/詐/雄,True,GOLD/SILVER,s1_inter_s2_direct/s2_inter_s3_corrected/s3_head_bank_consensus
đã,也,U+4E5F,23,0,0,,,也/在/征/𬼜,True,GOLD/SILVER,s1_inter_s2_direct/s2_inter_s3_corrected
đầu,頭,U+982D,23,0,0,,,碩/須/頋/頌/頭,True,GOLD/SILVER,s1_inter_s2_direct/s2_inter_s3_corrected
đầy,苔,U+82D4,23,0,0,,,兹/玄/畜/苔/茗,True,GOLD/SILVER,s1_inter_s2_direct/s1_inter_s2_similar/s2_inter_s3_corrected/s3_head_bank_consensus
gọi,噲,U+5672,22,0,0,,,㑹/噲/澮/險,True,GOLD/SILVER,s1_inter_s2_direct/s2_inter_s3_corrected/s3_head_bank_consensus
hãm,𨺻,U+28EBB,22,0,0,,,㷔/循/慆/消/𨺻,True,GOLD/SILVER,s1_inter_s2_direct/s2_inter_s3_corrected/s3_head_bank_consensus
ngựa,馭,U+99AD,22,0,0,,,馭,True,GOLD,s1_inter_s2_direct
nhong,戎,U+620E,22,0,0,,,㦯/式/戎/我/氏,True,GOLD/SILVER,s1_inter_s2_direct/s2_inter_s3_corrected/s3_head_bank_consensus
no,奴,U+5974,22,0,0,,,内/叔/奴/故,True,GOLD/SILVER,s1_inter_s2_direct/s2_inter_s3_corrected
phá,破,U+7834,22,0,0,,,双/歿/殿/破,True,GOLD/SILVER,s1_inter_s2_direct/s2_inter_s3_corrected
tu,修,U+4FEE,22,0,0,,,修,True,GOLD,s1_inter_s2_direct
tô,蘇,U+8607,22,0,0,,,蘇,True,GOLD,s1_inter_s2_direct
ép,押,U+62BC,22,0,0,,,押,True,GOLD,s1_inter_s2_direct
đặt,逹,U+9039,22,0,0,,,逹/遠,True,GOLD/SILVER,s1_inter_s2_direct/s2_inter_s3_corrected
ước,約,U+7D04,22,0,0,,,約,True,GOLD,s1_inter_s2_direct
chi,支,U+652F,21,0,0,,,丈/支/艾,True,GOLD/SILVER,s1_inter_s2_direct/s1_inter_s2_similar/s2_inter_s3_corrected
cây,核,U+6838,21,0,0,,,枝/核,True,GOLD/SILVER,s1_inter_s2_direct/s2_inter_s3_corrected
giờ,徐,U+5F90,21,0,0,,,徐/餘,True,GOLD,s1_inter_s2_direct/s1_inter_s2_similar
hoàng,皇,U+7687,21,0,0,,,皇,True,GOLD,s1_inter_s2_direct
hôm,歆,U+6B46,21,0,0,,,敔/教/欲/欹/歆,True,GOLD/SILVER,s1_inter_s2_direct/s1_inter_s2_similar/s2_inter_s3_corrected/s3_head_bank_consensus
khôn,坤,U+5764,21,0,0,,,坤,True,GOLD,s1_inter_s2_direct
rất,慄,U+6144,21,0,0,,,悰/惸/慄/慓/懷,True,GOLD/SILVER,s1_inter_s2_direct/s2_inter_s3_corrected
đí,帝,U+5E1D,21,0,0,,,希/帝,True,GOLD,s1_inter_s2_direct/s1_inter_s2_similar
đẹp,葉,U+8449,21,0,0,,,棄/葉/𫟒,True,GOLD/SILVER,s1_inter_s2_direct/s2_inter_s3_corrected/s3_head_bank_consensus
dâng,鄧,U+9127,20,0,0,,,鄧,True,GOLD,s1_inter_s2_direct
giê,枝,U+679D,20,0,0,,,技/枝,True,GOLD,s1_inter_s2_direct/s1_inter_s2_similar
họ,户,U+6237,20,0,0,,,户,True,GOLD,s1_inter_s2_direct
khăn,巾,U+5DFE,20,0,0,,,巾,True,GOLD,s1_inter_s2_direct
mến,勉,U+52C9,20,0,0,,,勉,True,GOLD,s1_inter_s2_direct
ngăm,吟,U+541F,20,0,0,,,今/吟/朞/𪞘/𫝆,True,GOLD/SILVER,s1_inter_s2_direct/s1_inter_s2_similar/s2_inter_s3_corrected
nhau,燒,U+71D2,20,0,0,,,燒,True,GOLD,s1_inter_s2_direct
sạch,泟,U+6CDF,20,0,0,,,征/正/死/汪/疝,True,GOLD/SILVER,s1_inter_s2_similar/s2_inter_s3_corrected/s3_head_bank_consensus
thánh,聖,U+8056,20,0,0,,,罡/罢/聖/華/里,True,GOLD/SILVER,s1_inter_s2_direct/s1_inter_s2_similar/s2_inter_s3_corrected
thắng,𤯝,U+24BDD,20,0,0,,,与/尚/放/滿/為,True,GOLD/SILVER,s1_inter_s2_similar/s2_inter_s3_corrected/s3_head_bank_consensus
trái,債,U+50B5,20,0,0,,,倩/債,True,GOLD,s1_inter_s2_direct/s1_inter_s2_similar
táng,塟,U+585F,20,0,0,,,塟,True,GOLD,s1_inter_s2_direct
đau,𤴬,U+24D2C,20,0,0,,,㫄/劝/勿/妨/汸,True,GOLD/SILVER,s1_inter_s2_similar/s2_inter_s3_corrected/s3_head_bank_consensus
được,持,U+6301,20,0,0,,,持,True,GOLD,s1_inter_s2_direct
ban,班,U+73ED,19,0,0,,,乖/班,True,GOLD/SILVER,s1_inter_s2_direct/s2_inter_s3_corrected
cháy,𤈜,U+2421C,19,0,0,,,垤/桎/炷/煙/蛭,True,GOLD/SILVER,s1_inter_s2_similar/s2_inter_s3_corrected
chưng,烝,U+70DD,19,0,0,,,烝,True,GOLD,s1_inter_s2_direct
chừa,除,U+9664,19,0,0,,,涂/除,True,GOLD/SILVER,s1_inter_s2_direct/s2_inter_s3_corrected
câu,枸,U+67B8,19,0,0,,,杓/枸/栒/狗,True,GOLD/SILVER,s1_inter_s2_direct/s2_inter_s3_corrected
do,由,U+7531,19,0,0,,,予/序/由,True,GOLD/SILVER,s1_inter_s2_direct/s3_head_bank_consensus
dùng,用,U+7528,19,0,0,,,用,True,GOLD,s1_inter_s2_direct
dựng,鄧,U+9127,19,0,0,,,勵/却/鄧,True,GOLD/SILVER,s1_inter_s2_direct/s2_inter_s3_corrected/s3_head_bank_consensus
giúp,執,U+57F7,19,0,0,,,執/朝,True,GOLD/SILVER,s1_inter_s2_direct/s2_inter_s3_corrected
ma,麻,U+9EBB,19,0,0,,,奔/屏/春/腐/麻,True,GOLD/SILVER,s1_inter_s2_direct/s2_inter_s3_corrected
nhân,因,U+56E0,19,0,0,,,因,True,GOLD,s1_inter_s2_direct
năng,能,U+80FD,19,0,0,,,能/配,True,GOLD/SILVER,s1_inter_s2_direct/s2_inter_s3_corrected
rước,綽,U+7DBD,19,0,0,,,綽/緯/绰/葬,True,GOLD/SILVER,s1_inter_s2_direct/s1_inter_s2_similar/s2_inter_s3_corrected/s3_head_bank_consensus
san,山,U+5C71,19,0,0,,,山,True,GOLD,s1_inter_s2_direct
sóc,朔,U+6714,19,0,0,,,初/园/朔/朝/相,True,GOLD/SILVER,s1_inter_s2_direct/s2_inter_s3_corrected/s3_head_bank_consensus
yếu,要,U+8981,19,0,0,,,要,True,GOLD,s1_inter_s2_direct
đâu,兜,U+515C,19,0,0,,,亮/兇/党/兜/荒,True,GOLD/SILVER,s1_inter_s2_direct/s2_inter_s3_corrected
đòi,隊,U+968A,19,0,0,,,成/汤/深/漲/版,True,GOLD/SILVER,s1_inter_s2_direct/s2_inter_s3_corrected/s3_head_bank_consensus
bồng,捧,U+6367,18,0,0,,,俸,True,GOLD,s1_inter_s2_similar
chút,拙,U+62D9,18,0,0,,,刦/将/拙,True,GOLD/SILVER,s1_inter_s2_direct/s2_inter_s3_corrected
giây,之,U+4E4B,18,0,0,,,之,True,GOLD,s1_inter_s2_direct
hãy,唉,U+5509,18,0,0,,,咲/唉/喉/失/疾,True,GOLD/SILVER,s1_inter_s2_direct/s1_inter_s2_similar/s2_inter_s3_corrected
lần,各,U+5404,18,0,0,,,厺/各/吞,True,GOLD/SILVER,s1_inter_s2_direct/s2_inter_s3_corrected
nhà,茄,U+8304,18,0,0,,,兹/应/弘/茄,True,GOLD/SILVER,s1_inter_s2_direct/s2_inter_s3_corrected
nhân,仁,U+4EC1,18,0,0,,,仁,True,GOLD,s1_inter_s2_direct
xa,賖,U+8CD6,18,0,0,,,賖/躱/餘,True,GOLD/SILVER,s1_inter_s2_direct/s1_inter_s2_similar/s2_inter_s3_corrected
xe,車,U+8ECA,18,0,0,,,事/单/李/率/車,True,GOLD/SILVER,s1_inter_s2_direct/s1_inter_s2_similar/s2_inter_s3_corrected/s3_head_bank_consensus
đói,対,U+5BFE,18,0,0,,,姓/対/封/时,True,GOLD/SILVER,s1_inter_s2_direct/s1_inter_s2_similar/s2_inter_s3_corrected
đến,且,U+4E14,18,0,0,,,三/且,True,GOLD/SILVER,s1_inter_s2_direct/s2_inter_s3_corrected
đọc,讀,U+8B80,18,0,0,,,藿/請/讀,True,GOLD/SILVER,s1_inter_s2_direct/s1_inter_s2_similar/s2_inter_s3_corrected
ai,唉,U+5509,17,0,0,,,侯/咲/族,True,GOLD/SILVER,s1_inter_s2_similar/s2_inter_s3_corrected
anh,英,U+82F1,17,0,0,,,夷/奕/戾/英/𢎯,True,GOLD/SILVER,s1_inter_s2_direct/s2_inter_s3_corrected/s3_head_bank_consensus
bà,婆,U+5A46,17,0,0,,,婆/晏/要,True,GOLD/SILVER,s1_inter_s2_direct/s2_inter_s3_corrected/s3_head_bank_consensus
bánh,餅,U+9905,17,0,0,,,併/餅,True,GOLD/SILVER,s1_inter_s2_direct/s2_inter_s3_corrected
can,干,U+5E72,17,0,0,,,十/千/干,True,GOLD,s1_inter_s2_direct/s1_inter_s2_similar
cung,共,U+5171,17,0,0,,,共/其/戈,True,GOLD/SILVER,s1_inter_s2_direct/s1_inter_s2_similar/s2_inter_s3_corrected
cấm,禁,U+7981,17,0,0,,,禁/葉,True,GOLD/SILVER,s1_inter_s2_direct/s2_inter_s3_corrected
dễ,易,U+6613,17,0,0,,,易/昜,True,GOLD,s1_inter_s2_direct/s1_inter_s2_similar
giữ,抒,U+6292,17,0,0,,,乎/俘/好/存,True,GOLD/SILVER,s1_inter_s2_similar/s2_inter_s3_corrected
hàng,行,U+884C,17,0,0,,,仍/行,True,GOLD/SILVER,s1_inter_s2_direct/s2_inter_s3_corrected
hỏi,每,U+6BCF,17,0,0,,,匆/妄/安/晦/毎,True,GOLD/SILVER,s1_inter_s2_direct/s2_inter_s3_corrected
khiêm,謙,U+8B19,17,0,0,,,禅/謙/謹/謾/譁,True,GOLD/SILVER,s1_inter_s2_direct/s2_inter_s3_corrected
khỏi,瑰,U+7470,17,0,0,,,地/思/瑰/隗/𢙣,True,GOLD/SILVER,s1_inter_s2_direct/s1_inter_s2_similar/s2_inter_s3_corrected/s3_head_bank_consensus
kẻo,喬,U+55AC,17,0,0,,,喬/鳳/鳶,True,GOLD/SILVER,s1_inter_s2_direct/s2_inter_s3_corrected
lăm,林,U+6797,17,0,0,,,休/板/林,True,GOLD/SILVER,s1_inter_s2_direct/s1_inter_s2_similar/s2_inter_s3_corrected
lửa,呂,U+5442,17,0,0,,,炫/烟/煆/煜/煴,True,SILVER,s3_head_bank_consensus
mai,埋,U+57CB,17,0,0,,,埋/理,True,GOLD/SILVER,s1_inter_s2_direct/s3_head_bank_consensus
mạnh,孟,U+5B5F,17,0,0,,,孟/应/盂/益,True,GOLD/SILVER,s1_inter_s2_direct/s2_inter_s3_corrected
nghe,宐,U+5B90,17,0,0,,,宐/直,True,GOLD/SILVER,s1_inter_s2_direct/s2_inter_s3_corrected
phô,甫,U+752B,17,0,0,,,浦/甫/陣/面,True,GOLD/SILVER,s1_inter_s2_direct/s2_inter_s3_corrected
riêng,盈,U+76C8,17,0,0,,,盈,True,GOLD,s1_inter_s2_direct
rình,伶,U+4F36,17,0,0,,,伶/俗,True,GOLD/SILVER,s1_inter_s2_direct/s2_inter_s3_corrected
thay,台,U+53F0,17,0,0,,,与/允/台/各/合,True,GOLD/SILVER,s1_inter_s2_direct/s1_inter_s2_similar/s2_inter_s3_corrected/s3_head_bank_consensus
triều,朝,U+671D,17,0,0,,,朝,True,GOLD,s1_inter_s2_direct
tuổi,歳,U+6B73,17,0,0,,,歳/𫞓,True,GOLD/SILVER,s1_inter_s2_direct/s2_inter_s3_corrected
tốt,𡨧,U+21A27,17,0,0,,,享/宰/寧/庫/濘,True,GOLD/SILVER,s1_inter_s2_similar/s2_inter_s3_corrected/s3_head_bank_consensus
vì,位,U+4F4D,17,0,0,,,位/𦀇,True,GOLD/SILVER,s1_inter_s2_direct/s3_head_bank_consensus
hồ,虖,U+8656,16,0,0,,,虎/𮓙,True,GOLD/SILVER,s1_inter_s2_similar/s3_head_bank_consensus
nhiêu,僥,U+50E5,16,0,0,,,僥/曉/燒,True,GOLD/SILVER,s1_inter_s2_direct/s2_inter_s3_corrected
nuôi,餒,U+9912,16,0,0,,,餒,True,GOLD,s1_inter_s2_direct
nửa,女,U+5973,16,0,0,,,女/如/玄,True,GOLD/SILVER,s1_inter_s2_direct/s1_inter_s2_similar/s3_head_bank_consensus
quá,过,U+8FC7,16,0,0,,,过,True,GOLD,s1_inter_s2_direct
quỳ,跪,U+8DEA,16,0,0,,,䋲/屍/昛/昵/缩,True,GOLD/SILVER,s1_inter_s2_direct/s2_inter_s3_corrected/s3_head_bank_consensus
rộng,曠,U+66E0,16,0,0,,,媵/攓/暱/曠,True,GOLD/SILVER,s1_inter_s2_direct/s2_inter_s3_corrected/s3_head_bank_consensus
thiếu,少,U+5C11,16,0,0,,,少/火,True,GOLD/SILVER,s1_inter_s2_direct/s2_inter_s3_corrected/s3_head_bank_consensus
thuốc,束,U+675F,16,0,0,,,來/束/荣,True,GOLD/SILVER,s1_inter_s2_direct/s1_inter_s2_similar/s2_inter_s3_corrected
trên,蓮,U+84EE,16,0,0,,,蓬/蓮,True,GOLD/SILVER,s1_inter_s2_direct/s2_inter_s3_corrected
trở,把,U+628A,16,0,0,,,把,True,GOLD,s1_inter_s2_direct
tôi,砕,U+7815,16,0,0,,,殚/砰/秤/那/𥓓,True,GOLD/SILVER,s1_inter_s2_similar/s2_inter_s3_corrected
tốt,窣,U+7AA3,16,0,0,,,寧/率/窣,True,GOLD/SILVER,s1_inter_s2_direct/s2_inter_s3_corrected
đóng,㨂,U+3A02,16,0,0,,,㨂/揀/據/視/豫,True,GOLD/SILVER,s1_inter_s2_direct/s1_inter_s2_similar/s2_inter_s3_corrected
đến,但,U+4F46,16,0,0,,,三/但/四/巴/色,True,GOLD/SILVER,s1_inter_s2_direct/s1_inter_s2_similar/s2_inter_s3_corrected
đền,殿,U+6BBF,16,0,0,,,殿/𭮺,True,GOLD/SILVER,s1_inter_s2_direct/s2_inter_s3_corrected
động,動,U+52D5,16,0,0,,,動/致/𭄴,True,GOLD/SILVER,s1_inter_s2_direct/s2_inter_s3_corrected
bi,悲,U+60B2,15,0,0,,,厯/悲/應,True,GOLD/SILVER,s1_inter_s2_direct/s2_inter_s3_corrected/s3_head_bank_consensus
bán,半,U+534A,15,0,0,,,丰/半/手/申,True,GOLD/SILVER,s1_inter_s2_direct/s1_inter_s2_similar/s2_inter_s3_corrected
chứng,証,U+8A3C,15,0,0,,,証,True,GOLD,s1_inter_s2_direct
cãi,改,U+6539,15,0,0,,,㐫/改/攺,True,GOLD/SILVER,s1_inter_s2_direct/s1_inter_s2_similar/s2_inter_s3_corrected
cắt,割,U+5272,15,0,0,,,割,True,GOLD,s1_inter_s2_direct
cổ,古,U+53E4,15,0,0,,,云/古/左,True,GOLD/SILVER,s1_inter_s2_direct/s2_inter_s3_corrected
già,茶,U+8336,15,0,0,,,本/茶/荼,True,GOLD/SILVER,s1_inter_s2_direct/s1_inter_s2_similar/s2_inter_s3_corrected
hề,兮,U+516E,15,0,0,,,今/兮,True,GOLD,s1_inter_s2_direct/s1_inter_s2_similar
khắp,泣,U+6CE3,15,0,0,,,位/应/泣,True,GOLD/SILVER,s1_inter_s2_direct/s2_inter_s3_corrected/s3_head_bank_consensus
ki,其,U+5176,15,0,0,,,其/具/冥/蔞/𫞲,True,GOLD/SILVER,s1_inter_s2_direct/s1_inter_s2_similar/s2_inter_s3_corrected
lai,吏,U+540F,15,0,0,,,吏/布/杢,True,GOLD/SILVER,s1_inter_s2_direct/s2_inter_s3_corrected
lành,令,U+4EE4,15,0,0,,,今/令/会/卷/泠,True,GOLD/SILVER,s1_inter_s2_direct/s1_inter_s2_similar/s2_inter_s3_corrected
mùi,味,U+5473,15,0,0,,,味/朱,True,GOLD/SILVER,s1_inter_s2_direct/s2_inter_s3_corrected
mũi,每,U+6BCF,15,0,0,,,每,True,GOLD,s1_inter_s2_direct
nao,市,U+5E02,15,0,0,,,屰/市/希/带/弟,True,GOLD/SILVER,s1_inter_s2_direct/s2_inter_s3_corrected/s3_head_bank_consensus
nhớ,汝,U+6C5D,15,0,0,,,放/汝,True,GOLD/SILVER,s1_inter_s2_direct/s3_head_bank_consensus
nết,𣵀,U+23D40,15,0,0,,,渥/滛/𡰱/𣵀,True,GOLD/SILVER,s1_inter_s2_direct/s2_inter_s3_corrected
phù,扶,U+6276,15,0,0,,,扶/状,True,GOLD,s1_inter_s2_direct/s1_inter_s2_similar
rạc,落,U+843D,15,0,0,,,啓/廢/落,True,GOLD/SILVER,s1_inter_s2_direct/s2_inter_s3_corrected
thái,太,U+592A,15,0,0,,,丸/太,True,GOLD/SILVER,s1_inter_s2_direct/s2_inter_s3_corrected
thêm,𣸸,U+23E38,15,0,0,,,凃/染/𣸸,True,GOLD/SILVER,s1_inter_s2_direct/s2_inter_s3_corrected
thưởng,賞,U+8CDE,15,0,0,,,噎/壹/煑/燾/處,True,GOLD/SILVER,s1_inter_s2_direct/s2_inter_s3_corrected/s3_head_bank_consensus
thể,体,U+4F53,15,0,0,,,体,True,GOLD,s1_inter_s2_direct
tra,查,U+67E5,15,0,0,,,杳/查,True,GOLD/SILVER,s1_inter_s2_direct/s2_inter_s3_corrected
trị,治,U+6CBB,15,0,0,,,冶/汤/沉/治/沼,True,GOLD/SILVER,s1_inter_s2_direct/s1_inter_s2_similar/s2_inter_s3_corrected/s3_head_bank_consensus
tức,即,U+5373,15,0,0,,,即/郎,True,GOLD/SILVER,s1_inter_s2_direct/s2_inter_s3_corrected
vâng,邦,U+90A6,15,0,0,,,邦,True,GOLD,s1_inter_s2_direct
với,貝,U+8C9D,15,0,0,,,见/貝,True,GOLD/SILVER,s1_inter_s2_direct/s2_inter_s3_corrected
vừa,皮,U+76AE,15,0,0,,,及/友/皮,True,GOLD,s1_inter_s2_direct/s1_inter_s2_similar
xuống,下,U+4E0B,15,0,0,,,審/毫/窀/竈/麾,True,SILVER,s3_head_bank_consensus
yêu,夭,U+592D,15,0,0,,,夭,True,GOLD,s1_inter_s2_direct
đàng,唐,U+5510,15,0,0,,,唐/庚/麁,True,GOLD/SILVER,s1_inter_s2_direct/s3_head_bank_consensus
đá,𥒥,U+254A5,15,0,0,,,歿/發/破/磣/移,True,GOLD/SILVER,s1_inter_s2_similar/s2_inter_s3_corrected
bày,排,U+6392,14,0,0,,,徙/排/非,True,GOLD/SILVER,s1_inter_s2_direct/s2_inter_s3_corrected
chuộc,贖,U+8D16,14,0,0,,,續/賻/贖,True,GOLD/SILVER,s1_inter_s2_direct/s1_inter_s2_similar/s2_inter_s3_corrected
chối,咥,U+54A5,14,0,0,,,侄/咥/至,True,GOLD/SILVER,s1_inter_s2_direct/s1_inter_s2_similar/s2_inter_s3_corrected
chữa,助,U+52A9,14,0,0,,,助/勁,True,GOLD/SILVER,s1_inter_s2_direct/s2_inter_s3_corrected
da,耶,U+8036,14,0,0,,,耶/𫆀,True,GOLD/SILVER,s1_inter_s2_direct/s2_inter_s3_corrected
lan,蘭,U+862D,14,0,0,,,菊/蘭,True,GOLD/SILVER,s1_inter_s2_direct/s2_inter_s3_corrected
liệt,烈,U+70C8,14,0,0,,,烈,True,GOLD,s1_inter_s2_direct
lóc,禄,U+7984,14,0,0,,,禄,True,GOLD,s1_inter_s2_direct
nghĩa,義,U+7FA9,14,0,0,,,盖/義,True,GOLD/SILVER,s1_inter_s2_direct/s2_inter_s3_corrected
ong,蜂,U+8702,14,0,0,,,蛻/蜂/蜱/蠏/鋒,True,GOLD/SILVER,s1_inter_s2_direct/s1_inter_s2_similar/s2_inter_s3_corrected
thử,此,U+6B64,14,0,0,,,此,True,GOLD,s1_inter_s2_direct
uống,㕵,U+3575,14,0,0,,,吐/旺/汪/王,True,GOLD/SILVER,s1_inter_s2_similar/s2_inter_s3_corrected/s3_head_bank_consensus
vẻ,尾,U+5C3E,14,0,0,,,尾,True,GOLD,s1_inter_s2_direct
vồ,釪,U+91EA,14,0,0,,,丑/任/母/毎/每,True,GOLD/SILVER,s1_inter_s2_similar/s2_inter_s3_corrected
vợ,婦,U+5A66,14,0,0,,,婦/媚,True,GOLD/SILVER,s1_inter_s2_direct/s2_inter_s3_corrected
ý,衣,U+8863,14,0,0,,,人/仅/从/仪/入,True,GOLD/SILVER,s1_inter_s2_direct/s2_inter_s3_corrected/s3_head_bank_consensus
đuối,対,U+5BFE,14,0,0,,,姓/对/対/府/时,True,GOLD/SILVER,s1_inter_s2_direct/s1_inter_s2_similar/s2_inter_s3_corrected/s3_head_bank_consensus
chơi,制,U+5236,13,0,0,,,制/創/𠛴,True,GOLD/SILVER,s1_inter_s2_direct/s3_head_bank_consensus
chốn,准,U+51C6,13,0,0,,,倠/准,True,GOLD/SILVER,s1_inter_s2_direct/s2_inter_s3_corrected
cám,感,U+611F,13,0,0,,,感,True,GOLD,s1_inter_s2_direct
em,俺,U+4FFA,13,0,0,,,俺/𢲅,True,GOLD/SILVER,s1_inter_s2_direct/s2_inter_s3_corrected
ghê,稽,U+7A3D,13,0,0,,,稽/著/誓/醫/𮃛,True,GOLD/SILVER,s1_inter_s2_direct/s2_inter_s3_corrected/s3_head_bank_consensus
gần,𧵆,U+27D46,13,0,0,,,則/敗/斯/財,True,GOLD/SILVER,s1_inter_s2_similar/s2_inter_s3_corrected
hư,虚,U+865A,13,0,0,,,虚/𮓡,True,GOLD/SILVER,s1_inter_s2_direct/s3_head_bank_consensus
là,号,U+53F7,13,0,0,,,亐/号/咢/弓/畏,True,GOLD/SILVER,s1_inter_s2_direct/s1_inter_s2_similar/s2_inter_s3_corrected
mộ,墓,U+5893,13,0,0,,,凰/墓/壊,True,GOLD/SILVER,s1_inter_s2_direct/s2_inter_s3_corrected/s3_head_bank_consensus
nhiêu,饒,U+9952,13,0,0,,,饒,True,GOLD,s1_inter_s2_direct
nhọc,辱,U+8FB1,13,0,0,,,厚/唇/辱/𭔱,True,GOLD/SILVER,s1_inter_s2_direct/s3_head_bank_consensus
phụng,奉,U+5949,13,0,0,,,奉,True,GOLD,s1_inter_s2_direct
quanh,觥,U+89E5,13,0,0,,,帆/既/聽/號/觥,True,GOLD/SILVER,s1_inter_s2_direct/s2_inter_s3_corrected/s3_head_bank_consensus
ru,由,U+7531,13,0,0,,,由,True,GOLD,s1_inter_s2_direct
rêu,姚,U+59DA,13,0,0,,,姚/挑/桃/缺,True,GOLD/SILVER,s1_inter_s2_direct/s1_inter_s2_similar/s2_inter_s3_corrected
rừng,稜,U+7A1C,13,0,0,,,撥/稜,True,GOLD/SILVER,s1_inter_s2_direct/s2_inter_s3_corrected
thâu,收,U+6536,13,0,0,,,收/𭣣,True,GOLD/SILVER,s1_inter_s2_direct/s2_inter_s3_corrected
thức,式,U+5F0F,13,0,0,,,式,True,GOLD,s1_inter_s2_direct
tiếc,惜,U+60DC,13,0,0,,,惜/腊,True,GOLD/SILVER,s1_inter_s2_direct/s2_inter_s3_corrected
trấy,礼,U+793C,13,0,0,,,礼,False,SILVER,s1_inter_s3_out_of_dict
tưởng,想,U+60F3,13,0,0,,,想/摠/理,True,GOLD/SILVER,s1_inter_s2_direct/s1_inter_s2_similar/s3_head_bank_consensus
về,衛,U+885B,13,0,0,,,街/衛,True,GOLD/SILVER,s1_inter_s2_direct/s2_inter_s3_corrected
ám,暗,U+6697,13,0,0,,,弱/暗/琚/聴/臈,True,GOLD/SILVER,s1_inter_s2_direct/s2_inter_s3_corrected/s3_head_bank_consensus
ít,乙,U+4E59,13,0,0,,,乙,True,GOLD,s1_inter_s2_direct
để,㡳,U+3873,13,0,0,,,㡳/辰,True,GOLD/SILVER,s1_inter_s2_direct/s2_inter_s3_corrected
ca,𰙔,U+30654,12,0,0,,,𰙔,True,GOLD,s1_inter_s2_direct
cùng,穹,U+7A79,12,0,0,,,后/妄/庐/庭/言,True,GOLD/SILVER,s1_inter_s2_similar/s2_inter_s3_corrected
dọn,迍,U+8FCD,12,0,0,,,要/起/迍/迤/述,True,GOLD/SILVER,s1_inter_s2_direct/s1_inter_s2_similar/s2_inter_s3_corrected
hát,喝,U+559D,12,0,0,,,偈/喝/蜀/陽,True,GOLD/SILVER,s1_inter_s2_direct/s1_inter_s2_similar/s2_inter_s3_corrected
họp,合,U+5408,12,0,0,,,令/公/合/含/尽,True,GOLD/SILVER,s1_inter_s2_direct/s1_inter_s2_similar/s2_inter_s3_corrected
lọn,論,U+8AD6,12,0,0,,,屬/幕/徧/扁/篇,True,SILVER,s3_head_bank_consensus
lộc,禄,U+7984,12,0,0,,,禄,True,GOLD,s1_inter_s2_direct
mười,迈,U+8FC8,12,0,0,,,迈/近/返,True,GOLD,s1_inter_s2_direct/s1_inter_s2_similar
mắc,黙,U+9ED9,12,0,0,,,㸃/黙,True,GOLD/SILVER,s1_inter_s2_direct/s2_inter_s3_corrected
ngỡ,語,U+8A9E,12,0,0,,,該/語,True,GOLD/SILVER,s1_inter_s2_direct/s2_inter_s3_corrected
nha,牙,U+7259,12,0,0,,,牙,True,GOLD,s1_inter_s2_direct
nhiêu,嬈,U+5B08,12,0,0,,,嘵/桀/焼/燒,True,SILVER,s2_inter_s3_corrected
nhỏ,乳,U+4E73,12,0,0,,,乳,True,GOLD,s1_inter_s2_direct
nóng,燶,U+71F6,12,0,0,,,濃/烺/煨/營/爐,True,GOLD/SILVER,s1_inter_s2_similar/s2_inter_s3_corrected/s3_head_bank_consensus
nết,涅,U+6D85,12,0,0,,,涅/虗,True,GOLD/SILVER,s1_inter_s2_direct/s2_inter_s3_corrected
sắt,瑟,U+745F,12,0,0,,,君/琴/瑟,True,GOLD/SILVER,s1_inter_s2_direct/s2_inter_s3_corrected
truyen,傳,U+50B3,12,0,0,,,傳,False,SILVER,s1_inter_s3_out_of_dict
trận,陣,U+9663,12,0,0,,,陣,True,GOLD,s1_inter_s2_direct
tu,須,U+9808,12,0,0,,,須,True,GOLD,s1_inter_s2_direct
tươi,鮮,U+9BAE,12,0,0,,,鮮,True,GOLD,s1_inter_s2_direct
vu,于,U+4E8E,12,0,0,,,于,True,GOLD,s1_inter_s2_direct
xác,殻,U+6BBB,12,0,0,,,微/教/殷/殻,True,GOLD/SILVER,s1_inter_s2_direct/s2_inter_s3_corrected
ảnh,影,U+5F71,12,0,0,,,多/彰/影,True,GOLD/SILVER,s1_inter_s2_direct/s1_inter_s2_similar/s2_inter_s3_corrected
a,稼,U+7A3C,11,0,0,,,移,True,GOLD,s1_inter_s2_similar
chê,吱,U+5431,11,0,0,,,吱/咬/岐/枝/跂,True,GOLD/SILVER,s1_inter_s2_direct/s1_inter_s2_similar/s2_inter_s3_corrected
chị,姊,U+59CA,11,0,0,,,姊/姑/端,True,GOLD/SILVER,s1_inter_s2_direct/s2_inter_s3_corrected
dốc,篤,U+7BE4,11,0,0,,,善/專/篤/罵/𫠉,True,GOLD/SILVER,s1_inter_s2_direct/s1_inter_s2_similar/s2_inter_s3_corrected/s3_head_bank_consensus
hết,欱,U+6B31,11,0,0,,,敏/敬/欲/欽/歙,True,GOLD/SILVER,s1_inter_s2_similar/s2_inter_s3_corrected/s3_head_bank_consensus
hỏi,𠳨,U+20CE8,11,0,0,,,匆/妥/安/将/悔,True,GOLD/SILVER,s1_inter_s2_similar/s2_inter_s3_corrected
hồn,塊,U+584A,11,0,0,,,塊/媿/恕,True,GOLD/SILVER,s1_inter_s2_direct/s2_inter_s3_corrected
ma,嗎,U+55CE,11,0,0,,,瑪/馮,True,GOLD/SILVER,s1_inter_s2_similar/s2_inter_s3_corrected
mê,迷,U+8FF7,11,0,0,,,吏/廷/迷,True,GOLD/SILVER,s1_inter_s2_direct/s2_inter_s3_corrected/s3_head_bank_consensus
móc,木,U+6728,11,0,0,,,木,True,GOLD,s1_inter_s2_direct
mọi,毎,U+6BCE,11,0,0,,,毎,True,GOLD,s1_inter_s2_direct
nam,男,U+7537,11,0,0,,,男,True,GOLD,s1_inter_s2_direct
như,茄,U+8304,11,0,0,,,加/叔,True,GOLD/SILVER,s1_inter_s2_similar/s2_inter_s3_corrected
nãy,乃,U+4E43,11,0,0,,,乃/得,True,GOLD/SILVER,s1_inter_s2_direct/s2_inter_s3_corrected
nói,吶,U+5436,11,0,0,,,吶/呬/咽/明,True,GOLD/SILVER,s1_inter_s2_direct/s2_inter_s3_corrected
phong,封,U+5C01,11,0,0,,,封,True,GOLD,s1_inter_s2_direct
phú,富,U+5BCC,11,0,0,,,富/屠/虜,True,GOLD/SILVER,s1_inter_s2_direct/s2_inter_s3_corrected/s3_head_bank_consensus
rút,捽,U+637D,11,0,0,,,捋/捽/掉/擁,True,GOLD/SILVER,s1_inter_s2_direct/s2_inter_s3_corrected
sốt,焠,U+7120,11,0,0,,,煇/煒/雄,True,GOLD/SILVER,s1_inter_s2_similar/s2_inter_s3_corrected
sức,饬,U+996C,11,0,0,,,厉/好/妨/防,True,GOLD/SILVER,s1_inter_s2_similar/s2_inter_s3_corrected
thà,時,U+6642,11,0,0,,,寺/時,True,GOLD/SILVER,s1_inter_s2_direct/s2_inter_s3_corrected
thẳng,倘,U+5018,11,0,0,,,凼/尚/憑/有/舞,True,SILVER,s3_head_bank_consensus
thợ,署,U+7F72,11,0,0,,,男/罢/署,True,GOLD/SILVER,s1_inter_s2_direct/s2_inter_s3_corrected
ti,司,U+53F8,11,0,0,,,刁/可/司,True,GOLD/SILVER,s1_inter_s2_direct/s1_inter_s2_similar/s2_inter_s3_corrected
tinh,星,U+661F,11,0,0,,,星,True,GOLD,s1_inter_s2_direct
tu,脩,U+8129,11,0,0,,,脩,True,GOLD,s1_inter_s2_direct
tám,糁,U+7CC1,11,0,0,,,憗/稔/糁/袴,True,GOLD/SILVER,s1_inter_s2_direct/s3_head_bank_consensus
tông,宗,U+5B97,11,0,0,,,宗/要,True,GOLD/SILVER,s1_inter_s2_direct/s2_inter_s3_corrected
tế,祭,U+796D,11,0,0,,,癸/祭/羣/𥙊,True,GOLD/SILVER,s1_inter_s2_direct/s2_inter_s3_corrected/s3_head_bank_consensus
tờ,詞,U+8A5E,11,0,0,,,淘/詞/調,True,GOLD/SILVER,s1_inter_s2_direct/s2_inter_s3_corrected/s3_head_bank_consensus
xưa,初,U+521D,11,0,0,,,初/𭃡,True,GOLD/SILVER,s1_inter_s2_direct/s2_inter_s3_corrected
đen,顛,U+985B,11,0,0,,,顛/顯/𩔊,True,GOLD/SILVER,s1_inter_s2_direct/s2_inter_s3_corrected/s3_head_bank_consensus
đốt,茁,U+8301,11,0,0,,,出/岀/灼/炫/炳,True,GOLD/SILVER,s1_inter_s2_similar/s2_inter_s3_corrected/s3_head_bank_consensus
đổi,対,U+5BFE,11,0,0,,,姓/対/封/廷/时,True,GOLD/SILVER,s1_inter_s2_direct/s1_inter_s2_similar/s2_inter_s3_corrected
đớn,疸,U+75B8,11,0,0,,,亱/疸/痘,True,GOLD/SILVER,s1_inter_s2_direct/s1_inter_s2_similar/s2_inter_s3_corrected
a,亞,U+4E9E,10,0,0,,,亞/何/岀,True,GOLD/SILVER,s1_inter_s2_direct/s1_inter_s2_similar/s2_inter_s3_corrected
ao,㓜,U+34DC,10,0,0,,,㓜/匆/物,True,GOLD/SILVER,s1_inter_s2_direct/s2_inter_s3_corrected
ao,拗,U+62D7,10,0,0,,,匈/拗/洳/湖/砌,True,GOLD/SILVER,s1_inter_s2_direct/s2_inter_s3_corrected
biến,变,U+53D8,10,0,0,,,变/犮/遵,True,GOLD/SILVER,s1_inter_s2_direct/s2_inter_s3_corrected
chay,粂,U+7C82,10,0,0,,,㪯/奎/拳/案/桑,True,GOLD/SILVER,s1_inter_s2_similar/s2_inter_s3_corrected
chưng,徵,U+5FB5,10,0,0,,,徵,True,GOLD,s1_inter_s2_direct
chạy,豸,U+8C78,10,0,0,,,多/家/爱/融/豸,True,GOLD/SILVER,s1_inter_s2_direct/s1_inter_s2_similar/s3_head_bank_consensus
chị,姉,U+59C9,10,0,0,,,姉/始/婦,True,GOLD/SILVER,s1_inter_s2_direct/s1_inter_s2_similar/s2_inter_s3_corrected
cướp,刧,U+5227,10,0,0,,,刧,True,GOLD,s1_inter_s2_direct
em,奄,U+5944,10,0,0,,,唵/奄/淹,True,GOLD/SILVER,s1_inter_s2_direct/s2_inter_s3_corrected
gió,愈,U+6108,10,0,0,,,愈/爺,True,GOLD/SILVER,s1_inter_s2_direct/s2_inter_s3_corrected
gánh,挭,U+632D,10,0,0,,,押/授/搜,True,GOLD/SILVER,s1_inter_s2_similar/s2_inter_s3_corrected
hoặc,㦯,U+39AF,10,0,0,,,㦯,True,GOLD,s1_inter_s2_direct
hãi,㤥,U+3925,10,0,0,,,恢/悛/懷/陔/𰑊,True,GOLD/SILVER,s1_inter_s2_similar/s2_inter_s3_corrected/s3_head_bank_consensus
là,羅,U+7F85,10,0,0,,,羅,True,GOLD,s1_inter_s2_direct
làm,爪,U+722A,10,0,0,,,人/八/内/爪/而,True,GOLD/SILVER,s1_inter_s2_direct/s1_inter_s2_similar/s2_inter_s3_corrected/s3_head_bank_consensus
lên,年,U+5E74,10,0,0,,,年/生,True,GOLD,s1_inter_s2_direct/s1_inter_s2_similar
ngoan,頑,U+9811,10,0,0,,,有/項/頋/頏/頑,True,GOLD/SILVER,s1_inter_s2_direct/s1_inter_s2_similar/s3_head_bank_consensus
ngủ,午,U+5348,10,0,0,,,午,True,GOLD,s1_inter_s2_direct
nhất,一,U+4E00,10,0,0,,,一,True,GOLD,s1_inter_s2_direct
nết,湼,U+6E7C,10,0,0,,,凜/泡/湼/𫝗,True,GOLD/SILVER,s1_inter_s2_direct/s2_inter_s3_corrected
qua,過,U+904E,10,0,0,,,遇/過,True,GOLD/SILVER,s1_inter_s2_direct/s2_inter_s3_corrected
quá,過,U+904E,10,0,0,,,過/遏,True,GOLD/SILVER,s1_inter_s2_direct/s2_inter_s3_corrected
ru,油,U+6CB9,10,0,0,,,呻/曲/油,True,GOLD/SILVER,s1_inter_s2_direct/s2_inter_s3_corrected
rét,烈,U+70C8,10,0,0,,,烈,True,GOLD,s1_inter_s2_direct
sen,蓮,U+84EE,10,0,0,,,蓮/遂,True,GOLD/SILVER,s1_inter_s2_direct/s2_inter_s3_corrected
sô,芻,U+82BB,10,0,0,,,多/芻/蜀,True,GOLD/SILVER,s1_inter_s2_direct/s2_inter_s3_corrected/s3_head_bank_consensus
thật,実,U+5B9F,10,0,0,,,矣/突/笑/臾,True,GOLD,s1_inter_s2_similar
thề,誓,U+8A93,10,0,0,,,誓,True,GOLD,s1_inter_s2_direct
thở,咀,U+5480,10,0,0,,,且/咀,True,GOLD,s1_inter_s2_direct/s1_inter_s2_similar
tê,躋,U+8E8B,10,0,0,,,堦/壻/踏/蹐/蹻,True,GOLD/SILVER,s1_inter_s2_similar/s2_inter_s3_corrected
tóc,速,U+901F,10,0,0,,,迷/速/連/逹,True,GOLD/SILVER,s1_inter_s2_direct/s1_inter_s2_similar/s2_inter_s3_corrected
vẽ,尾,U+5C3E,10,0,0,,,䴡/尾/𤂢,True,GOLD/SILVER,s1_inter_s2_direct/s3_head_bank_consensus
xem,佔,U+4F54,10,0,0,,,估/位/佐/佔/砌,True,GOLD/SILVER,s1_inter_s2_direct/s1_inter_s2_similar/s2_inter_s3_corrected
xu,樞,U+6A1E,10,0,0,,,揠/柩/樞/福,True,GOLD/SILVER,s1_inter_s2_direct/s2_inter_s3_corrected
xưa,𥘋,U+2560B,10,0,0,,,劝/𥘋/𭃡,True,GOLD/SILVER,s1_inter_s2_direct/s2_inter_s3_corrected/s3_head_bank_consensus
ích,益,U+76CA,10,0,0,,,益/至,True,GOLD/SILVER,s1_inter_s2_direct/s2_inter_s3_corrected
đã,拖,U+62D6,10,0,0,,,乇/屯/托/掩,True,GOLD/SILVER,s1_inter_s2_similar/s2_inter_s3_corrected
đủ,堵,U+5835,10,0,0,,,坊/堵,True,GOLD/SILVER,s1_inter_s2_direct/s2_inter_s3_corrected/s3_head_bank_consensus
bà,妑,U+5991,9,0,0,,,地/妃/姻,True,GOLD/SILVER,s1_inter_s2_similar/s2_inter_s3_corrected/s3_head_bank_consensus
bớt,扒,U+6252,9,0,0,,,孔/扒,True,GOLD/SILVER,s1_inter_s2_direct/s2_inter_s3_corrected
cha,乍,U+4E4D,9,0,0,,,三/乇/乍/乞,True,GOLD/SILVER,s1_inter_s2_direct/s1_inter_s2_similar/s2_inter_s3_corrected
chưng,蒸,U+84B8,9,0,0,,,蒸/藥,True,GOLD,s1_inter_s2_direct/s1_inter_s2_similar
có,個,U+500B,9,0,0,,,個/因/國/涸,True,GOLD/SILVER,s1_inter_s2_direct/s1_inter_s2_similar/s2_inter_s3_corrected
có,同,U+540C,9,0,0,,,同/因,True,GOLD/SILVER,s1_inter_s2_direct/s2_inter_s3_corrected
cả,架,U+67B6,9,0,0,,,架/染/梁/棃/楽,True,GOLD/SILVER,s1_inter_s2_direct/s1_inter_s2_similar/s2_inter_s3_corrected
cứng,亘,U+4E98,9,0,0,,,亘/旦/𥄂,True,GOLD/SILVER,s1_inter_s2_direct/s1_inter_s2_similar/s2_inter_s3_corrected
dậy,曳,U+66F3,9,0,0,,,曳,True,GOLD,s1_inter_s2_direct
giả,假,U+5047,9,0,0,,,倣/假/攸,True,GOLD/SILVER,s1_inter_s2_direct/s2_inter_s3_corrected
gái,𡛔,U+216D4,9,0,0,,,奶/妙/姊/媽,True,GOLD/SILVER,s1_inter_s2_similar/s2_inter_s3_corrected
khô,枯,U+67AF,9,0,0,,,枯,True,GOLD,s1_inter_s2_direct
ki,朞,U+671E,9,0,0,,,䑓/基,True,GOLD/SILVER,s1_inter_s2_similar/s2_inter_s3_corrected
kín,謹,U+8B39,9,0,0,,,謹/饉,True,GOLD/SILVER,s1_inter_s2_direct/s3_head_bank_consensus
kíp,急,U+6025,9,0,0,,,君/急/意,True,GOLD/SILVER,s1_inter_s2_direct/s2_inter_s3_corrected
le,𠻗,U+20ED7,9,0,0,,,㸔/商/淸/清/渴,True,GOLD/SILVER,s1_inter_s2_similar/s2_inter_s3_corrected/s3_head_bank_consensus
len,連,U+9023,9,0,0,,,趙/連,True,GOLD/SILVER,s1_inter_s2_direct/s3_head_bank_consensus
lặng,朗,U+6717,9,0,0,,,朗,True,GOLD,s1_inter_s2_direct
lỗi,磊,U+78CA,9,0,0,,,為/磊,True,GOLD/SILVER,s1_inter_s2_direct/s2_inter_s3_corrected
mua,謨,U+8B28,9,0,0,,,旗/羲/謨/𦵏,True,GOLD/SILVER,s1_inter_s2_direct/s2_inter_s3_corrected
mọn,悶,U+60B6,9,0,0,,,圈/恩/悶/閑/閣,True,GOLD/SILVER,s1_inter_s2_direct/s1_inter_s2_similar/s2_inter_s3_corrected
một,殁,U+6B81,9,0,0,,,度/殷/殿,True,GOLD/SILVER,s1_inter_s2_similar/s2_inter_s3_corrected
ngồi,外,U+5916,9,0,0,,,各/外,True,GOLD/SILVER,s1_inter_s2_direct/s2_inter_s3_corrected
nho,儒,U+5112,9,0,0,,,儒/帮,True,GOLD/SILVER,s1_inter_s2_direct/s3_head_bank_consensus
nhược,𠰥,U+20C25,9,0,0,,,𠰥,True,GOLD,s1_inter_s2_direct
nằm,南,U+5357,9,0,0,,,南/廟/有,True,GOLD/SILVER,s1_inter_s2_direct/s2_inter_s3_corrected
nặng,曩,U+66E9,9,0,0,,,晨/曩/義/裏,True,GOLD/SILVER,s1_inter_s2_direct/s2_inter_s3_corrected
ong,螉,U+8789,9,0,0,,,絹/螉/醉,True,GOLD/SILVER,s1_inter_s2_direct/s2_inter_s3_corrected
quái,恠,U+6060,9,0,0,,,恠,True,GOLD,s1_inter_s2_direct
quì,跪,U+8DEA,9,0,0,,,危/绝/𭁵,True,SILVER,s2_inter_s3_corrected/s3_head_bank_consensus
quấy,恠,U+6060,9,0,0,,,恠/惟,True,GOLD/SILVER,s1_inter_s2_direct/s2_inter_s3_corrected
rừng,楼,U+697C,9,0,0,,,撥/楼/𥟀,True,GOLD/SILVER,s1_inter_s2_direct/s2_inter_s3_corrected
trinh,偵,U+5075,9,0,0,,,百/直/道,True,GOLD/SILVER,s1_inter_s2_similar/s2_inter_s3_corrected
trí,智,U+667A,9,0,0,,,智,True,GOLD,s1_inter_s2_direct
tuổi,𡻕,U+21ED5,9,0,0,,,𡻕,True,GOLD,s1_inter_s2_direct
tá,佐,U+4F50,9,0,0,,,佐,True,GOLD,s1_inter_s2_direct
vẻ,彼,U+5F7C,9,0,0,,,伋/彼/歿/袂/被,True,GOLD/SILVER,s1_inter_s2_direct/s2_inter_s3_corrected/s3_head_bank_consensus
vững,凭,U+51ED,9,0,0,,,凭,True,GOLD,s1_inter_s2_direct
xi,吹,U+5439,9,0,0,,,吹/次/火,True,GOLD,s1_inter_s2_direct/s1_inter_s2_similar
xiết,掣,U+63A3,9,0,0,,,掣,True,GOLD,s1_inter_s2_direct
xua,樞,U+6A1E,9,0,0,,,樞,True,GOLD,s1_inter_s2_direct
đang,當,U+7576,9,0,0,,,富/當/𮧯,True,GOLD/SILVER,s1_inter_s2_direct/s1_inter_s2_similar/s2_inter_s3_corrected
đem,冘,U+5198,9,0,0,,,䆒/丸/侘/冗/尼,True,GOLD/SILVER,s1_inter_s2_similar/s2_inter_s3_corrected/s3_head_bank_consensus
đi,移,U+79FB,9,0,0,,,段/移/趍,True,GOLD/SILVER,s1_inter_s2_direct/s2_inter_s3_corrected/s3_head_bank_consensus
đâu,兠,U+5160,9,0,0,,,兠/虎/𫥢/𮗜,True,GOLD/SILVER,s1_inter_s2_direct/s2_inter_s3_corrected
đất,怛,U+601B,9,0,0,,,但/呾/白,True,GOLD/SILVER,s1_inter_s2_similar/s2_inter_s3_corrected
đợi,待,U+5F85,9,0,0,,,侍/待/持,True,GOLD/SILVER,s1_inter_s2_direct/s1_inter_s2_similar/s2_inter_s3_corrected
ai,挨,U+6328,8,0,0,,,俟/挨/族,True,GOLD/SILVER,s1_inter_s2_direct/s1_inter_s2_similar/s2_inter_s3_corrected
ao,泑,U+6CD1,8,0,0,,,匈/泑/洶/潮/𭃡,True,GOLD/SILVER,s1_inter_s2_direct/s2_inter_s3_corrected
but,孛,U+5B5B,8,0,0,,,孛,False,SILVER,s1_inter_s3_out_of_dict
chào,朝,U+671D,8,0,0,,,朝,True,GOLD,s1_inter_s2_direct
chúng,众,U+4F17,8,0,0,,,久/众/分/反/夕,True,GOLD/SILVER,s1_inter_s2_direct/s1_inter_s2_similar/s2_inter_s3_corrected
chưng,徴,U+5FB4,8,0,0,,,倣/徴/敘,True,GOLD/SILVER,s1_inter_s2_direct/s2_inter_s3_corrected
chợ,𦔳,U+26533,8,0,0,,,𦔳,True,GOLD,s1_inter_s2_direct
cáo,告,U+544A,8,0,0,,,去/告,True,GOLD/SILVER,s1_inter_s2_direct/s2_inter_s3_corrected
dáy,洩,U+6D29,8,0,0,,,洩/錢/鴻,True,GOLD/SILVER,s1_inter_s2_direct/s2_inter_s3_corrected/s3_head_bank_consensus
dòng,𣳔,U+23CD4,8,0,0,,,泪/润/淜/湘,True,GOLD/SILVER,s1_inter_s2_similar/s2_inter_s3_corrected
dõi,唯,U+552F,8,0,0,,,准/唯,True,GOLD/SILVER,s1_inter_s2_direct/s2_inter_s3_corrected
ghe,稽,U+7A3D,8,0,0,,,稽/誓/醫/𮃛,True,GOLD/SILVER,s1_inter_s2_direct/s2_inter_s3_corrected/s3_head_bank_consensus
giã,者,U+8005,8,0,0,,,者,True,GOLD,s1_inter_s2_direct
giấu,丑,U+4E11,8,0,0,,,丑,True,GOLD,s1_inter_s2_direct
gươm,鎌,U+938C,8,0,0,,,鍾/鎌/鐘,True,GOLD/SILVER,s1_inter_s2_direct/s2_inter_s3_corrected/s3_head_bank_consensus
hãi,駭,U+99ED,8,0,0,,,駭,True,GOLD,s1_inter_s2_direct
hôn,昏,U+660F,8,0,0,,,昏/鵞,True,GOLD/SILVER,s1_inter_s2_direct/s3_head_bank_consensus
hổ,虎,U+864E,8,0,0,,,虎/鹿,True,GOLD/SILVER,s1_inter_s2_direct/s3_head_bank_consensus
lành,苓,U+82D3,8,0,0,,,苓/荅,True,GOLD,s1_inter_s2_direct/s1_inter_s2_similar
lập,立,U+7ACB,8,0,0,,,立,True,GOLD,s1_inter_s2_direct
ma,妈,U+5988,8,0,0,,,妃/瑪,True,GOLD/SILVER,s1_inter_s2_similar/s2_inter_s3_corrected
men,綿,U+7DBF,8,0,0,,,歸/綿,True,GOLD/SILVER,s1_inter_s2_direct/s2_inter_s3_corrected
mô,摸,U+6478,8,0,0,,,授/摸/槎,True,GOLD/SILVER,s1_inter_s2_direct/s2_inter_s3_corrected
mở,馬,U+99AC,8,0,0,,,焉/馬/𫠉,True,GOLD/SILVER,s1_inter_s2_direct/s1_inter_s2_similar/s2_inter_s3_corrected
ngón,阮,U+962E,8,0,0,,,既/沅/阮,True,GOLD/SILVER,s1_inter_s2_direct/s3_head_bank_consensus
phòng,房,U+623F,8,0,0,,,房,True,GOLD,s1_inter_s2_direct
rãi,待,U+5F85,8,0,0,,,侍/待/持/禱,True,GOLD/SILVER,s1_inter_s2_direct/s1_inter_s2_similar/s2_inter_s3_corrected/s3_head_bank_consensus
răng,𦝄,U+26744,8,0,0,,,服/腹,True,GOLD/SILVER,s1_inter_s2_similar/s2_inter_s3_corrected
su,樞,U+6A1E,8,0,0,,,摳/極/樞,True,GOLD/SILVER,s1_inter_s2_direct/s1_inter_s2_similar/s2_inter_s3_corrected
sắt,鉄,U+9244,8,0,0,,,鉄,True,GOLD,s1_inter_s2_direct
sớm,欽,U+6B3D,8,0,0,,,欽,True,GOLD,s1_inter_s2_direct
thành,成,U+6210,8,0,0,,,成/烕,True,GOLD,s1_inter_s2_direct/s1_inter_s2_similar
thăm,探,U+63A2,8,0,0,,,探,True,GOLD,s1_inter_s2_direct
trai,𤳇,U+24CC7,8,0,0,,,勑/朝/甥/粻,True,GOLD/SILVER,s1_inter_s2_similar/s2_inter_s3_corrected
trách,责,U+8D23,8,0,0,,,青,True,GOLD,s1_inter_s2_similar
trước,略,U+7565,8,0,0,,,呧/略,True,GOLD/SILVER,s1_inter_s2_direct/s2_inter_s3_corrected
tói,繓,U+7E53,8,0,0,,,撮/歸/盪/緑/繳,True,GOLD/SILVER,s1_inter_s2_similar/s2_inter_s3_corrected/s3_head_bank_consensus
tường,詳,U+8A73,8,0,0,,,詳,True,GOLD,s1_inter_s2_direct
tử,于,U+4E8E,8,0,0,,,寸/廿,True,GOLD/SILVER,s1_inter_s2_similar/s2_inter_s3_corrected
vắng,𣱵,U+23C75,8,0,0,,,𣱵,True,GOLD,s1_inter_s2_direct
vị,位,U+4F4D,8,0,0,,,位,True,GOLD,s1_inter_s2_direct
ây,意,U+610F,8,0,0,,,意,False,SILVER,s1_inter_s3_out_of_dict
độc,毒,U+6BD2,8,0,0,,,毒,True,GOLD,s1_inter_s2_direct
ưa,於,U+65BC,8,0,0,,,於,True,GOLD,s1_inter_s2_direct
bê,陂,U+9642,7,0,0,,,彼/波/陂,True,GOLD,s1_inter_s2_direct/s1_inter_s2_similar
che,枝,U+679D,7,0,0,,,妓/帖/忮/枝/陵,True,GOLD/SILVER,s1_inter_s2_direct/s2_inter_s3_corrected
chung,終,U+7D42,7,0,0,,,籐/終,True,GOLD/SILVER,s1_inter_s2_direct/s2_inter_s3_corrected
chôn,撙,U+6499,7,0,0,,,傉/坪/塼/壿/樽,True,GOLD/SILVER,s1_inter_s2_similar/s2_inter_s3_corrected/s3_head_bank_consensus
chủ,主,U+4E3B,7,0,0,,,主,True,GOLD,s1_inter_s2_direct
công,㓛,U+34DB,7,0,0,,,㓛,True,GOLD,s1_inter_s2_direct
cười,唭,U+552D,7,0,0,,,其/唄/唭/嗅/𬼘,True,GOLD/SILVER,s1_inter_s2_direct/s1_inter_s2_similar/s2_inter_s3_corrected
dầu,油,U+6CB9,7,0,0,,,油,True,GOLD,s1_inter_s2_direct
giu,珠,U+73E0,7,0,0,,,珠,False,SILVER,s1_inter_s3_out_of_dict
giường,床,U+5E8A,7,0,0,,,床,True,GOLD,s1_inter_s2_direct
gối,噲,U+5672,7,0,0,,,噲/蹌,True,GOLD/SILVER,s1_inter_s2_direct/s2_inter_s3_corrected
hay,而,U+800C,7,0,0,,,而,True,GOLD,s1_inter_s2_direct
hầu,侯,U+4FAF,7,0,0,,,侯,True,GOLD,s1_inter_s2_direct
hề,係,U+4FC2,7,0,0,,,係,True,GOLD,s1_inter_s2_direct
khác,格,U+683C,7,0,0,,,修/偹/格/胳,True,GOLD/SILVER,s1_inter_s2_direct/s1_inter_s2_similar/s2_inter_s3_corrected
luận,論,U+8AD6,7,0,0,,,論,True,GOLD,s1_inter_s2_direct
lào,牢,U+7262,7,0,0,,,年/牢,True,GOLD,s1_inter_s2_direct/s1_inter_s2_similar
lêu,撩,U+64A9,7,0,0,,,僚/原/嘹/樟/橑,True,GOLD/SILVER,s1_inter_s2_similar/s3_head_bank_consensus
lưng,𦝄,U+26744,7,0,0,,,勝/媵/廢/腹/陵,True,GOLD/SILVER,s1_inter_s2_similar/s2_inter_s3_corrected
lầm,林,U+6797,7,0,0,,,林/牀,True,GOLD,s1_inter_s2_direct/s1_inter_s2_similar
lắm,凛,U+51DB,7,0,0,,,凛,True,GOLD,s1_inter_s2_direct
lọ,路,U+8DEF,7,0,0,,,堅/浴/路/𨺚,True,GOLD/SILVER,s1_inter_s2_direct/s2_inter_s3_corrected/s3_head_bank_consensus
lộc,祿,U+797F,7,0,0,,,祿,True,GOLD,s1_inter_s2_direct
mong,夢,U+5922,7,0,0,,,夢,True,GOLD,s1_inter_s2_direct
môi,每,U+6BCF,7,0,0,,,毎/每,True,GOLD/SILVER,s1_inter_s2_direct/s2_inter_s3_corrected
mông,夢,U+5922,7,0,0,,,夢/要,True,GOLD/SILVER,s1_inter_s2_direct/s2_inter_s3_corrected
mùa,務,U+52D9,7,0,0,,,務,True,GOLD,s1_inter_s2_direct
mồ,戊,U+620A,7,0,0,,,戊/戌,True,GOLD,s1_inter_s2_direct/s1_inter_s2_similar
nam,南,U+5357,7,0,0,,,南/有/蝕/解/𪺮,True,GOLD/SILVER,s1_inter_s2_direct/s2_inter_s3_corrected
ngay,宜,U+5B9C,7,0,0,,,宜/直,True,GOLD,s1_inter_s2_direct/s1_inter_s2_similar
ngon,言,U+8A00,7,0,0,,,吃/言/雲,True,GOLD/SILVER,s1_inter_s2_direct/s3_head_bank_consensus
ngửa,語,U+8A9E,7,0,0,,,玆/語,True,GOLD/SILVER,s1_inter_s2_direct/s2_inter_s3_corrected
nhiều,澆,U+6F86,7,0,0,,,僥/澆,True,GOLD/SILVER,s1_inter_s2_direct/s2_inter_s3_corrected
nhường,讓,U+8B93,7,0,0,,,壌/癯/褻/讓,True,GOLD/SILVER,s1_inter_s2_direct/s2_inter_s3_corrected
nhịn,忍,U+5FCD,7,0,0,,,忍,True,GOLD,s1_inter_s2_direct
năm,𠄼,U+2013C,7,0,0,,,朝/瓠/郁/酢/面,True,GOLD/SILVER,s1_inter_s2_similar/s2_inter_s3_corrected
nấy,乃,U+4E43,7,0,0,,,乃,True,GOLD,s1_inter_s2_direct
nọ,奴,U+5974,7,0,0,,,奴/故,True,GOLD/SILVER,s1_inter_s2_direct/s2_inter_s3_corrected/s3_head_bank_consensus
qua,过,U+8FC7,7,0,0,,,过,True,GOLD,s1_inter_s2_direct
quý,貴,U+8CB4,7,0,0,,,春/者/貴/青,True,GOLD/SILVER,s1_inter_s2_direct/s2_inter_s3_corrected
roi,檑,U+6A91,7,0,0,,,榴/橊/橋/檑/襠,True,GOLD/SILVER,s1_inter_s2_direct/s1_inter_s2_similar/s2_inter_s3_corrected/s3_head_bank_consensus
sen,連,U+9023,7,0,0,,,逢/連/運,True,GOLD/SILVER,s1_inter_s2_direct/s2_inter_s3_corrected/s3_head_bank_consensus
tan,㪚,U+3A9A,7,0,0,,,㪚/敬,True,GOLD/SILVER,s1_inter_s2_direct/s2_inter_s3_corrected
thuở,課,U+8AB2,7,0,0,,,課,True,GOLD,s1_inter_s2_direct
thường,常,U+5E38,7,0,0,,,常,True,GOLD,s1_inter_s2_direct
thịnh,盛,U+76DB,7,0,0,,,盛,True,GOLD,s1_inter_s2_direct
trật,秩,U+79E9,7,0,0,,,秩,True,GOLD,s1_inter_s2_direct
trời,天,U+5929,7,0,0,,,乔/吞/天/𠄘,True,GOLD/SILVER,s1_inter_s2_direct/s2_inter_s3_corrected/s3_head_bank_consensus
tài,才,U+624D,7,0,0,,,才,True,GOLD,s1_inter_s2_direct
tướng,将,U+5C06,7,0,0,,,将,True,GOLD,s1_inter_s2_direct
xanh,撑,U+6491,7,0,0,,,撑,True,GOLD,s1_inter_s2_direct
đao,道,U+9053,7,0,0,,,逍/道,True,GOLD,s1_inter_s2_direct/s1_inter_s2_similar
đày,苔,U+82D4,7,0,0,,,兹/玄/苔/茤/莒,True,GOLD/SILVER,s1_inter_s2_direct/s2_inter_s3_corrected/s3_head_bank_consensus
đồ,徒,U+5F92,7,0,0,,,徒,True,GOLD,s1_inter_s2_direct
đổ,堵,U+5835,7,0,0,,,坊/堵,True,GOLD/SILVER,s1_inter_s2_direct/s2_inter_s3_corrected
đứa,打,U+6253,7,0,0,,,打,True,GOLD,s1_inter_s2_direct
đừng,仃,U+4EC3,7,0,0,,,仃/灯,True,GOLD,s1_inter_s2_direct/s1_inter_s2_similar
bà,杷,U+6777,6,0,0,,,妃/杷/祀/蛇/記,True,GOLD/SILVER,s1_inter_s2_direct/s1_inter_s2_similar/s2_inter_s3_corrected
bàn,盤,U+76E4,6,0,0,,,盤,True,GOLD,s1_inter_s2_direct
chó,㹥,U+3E65,6,0,0,,,往/柱/消/涛/狂,True,GOLD/SILVER,s1_inter_s2_similar/s3_head_bank_consensus
chầu,朝,U+671D,6,0,0,,,朝/霸,True,GOLD/SILVER,s1_inter_s2_direct/s3_head_bank_consensus
các,合,U+5408,6,0,0,,,令/合/荅,True,GOLD/SILVER,s1_inter_s2_direct/s1_inter_s2_similar/s2_inter_s3_corrected
cách,格,U+683C,6,0,0,,,格,True,GOLD,s1_inter_s2_direct
cùng,邛,U+909B,6,0,0,,,女,True,GOLD,s1_inter_s2_similar
cải,改,U+6539,6,0,0,,,改,True,GOLD,s1_inter_s2_direct
cột,橛,U+6A5B,6,0,0,,,橛,True,GOLD,s1_inter_s2_direct
du,𠱋,U+20C4B,6,0,0,,,由,True,GOLD,s1_inter_s2_similar
dâm,滛,U+6EDB,6,0,0,,,滛/途,True,GOLD/SILVER,s1_inter_s2_direct/s2_inter_s3_corrected
dại,曳,U+66F3,6,0,0,,,曳/民,True,GOLD/SILVER,s1_inter_s2_direct/s2_inter_s3_corrected
góa,寡,U+5BE1,6,0,0,,,寡,True,GOLD,s1_inter_s2_direct
gở,㪯,U+3AAF,6,0,0,,,㪯/悴/悻,True,GOLD/SILVER,s1_inter_s2_direct/s3_head_bank_consensus
hiền,賢,U+8CE2,6,0,0,,,賢,True,GOLD,s1_inter_s2_direct
hôi,灰,U+7070,6,0,0,,,戾/灰,True,GOLD/SILVER,s1_inter_s2_direct/s2_inter_s3_corrected
hạt,紇,U+7D07,6,0,0,,,乾/紇/能,True,GOLD/SILVER,s1_inter_s2_direct/s2_inter_s3_corrected
khen,看,U+770B,6,0,0,,,㸔/看/舟,True,GOLD/SILVER,s1_inter_s2_direct/s3_head_bank_consensus
khuyên,勸,U+52F8,6,0,0,,,勸,True,GOLD,s1_inter_s2_direct
kia,箕,U+7B95,6,0,0,,,箕,True,GOLD,s1_inter_s2_direct
kinh,經,U+7D93,6,0,0,,,經,True,GOLD,s1_inter_s2_direct
long,竜,U+7ADC,6,0,0,,,竜,True,GOLD,s1_inter_s2_direct
làng,廊,U+5ECA,6,0,0,,,廊,True,GOLD,s1_inter_s2_direct
lên,蓮,U+84EE,6,0,0,,,蓮/運,True,GOLD/SILVER,s1_inter_s2_direct/s2_inter_s3_corrected
mua,模,U+6A21,6,0,0,,,模,True,GOLD,s1_inter_s2_direct
mấy,買,U+8CB7,6,0,0,,,置/買,True,GOLD/SILVER,s1_inter_s2_direct/s2_inter_s3_corrected
mật,宻,U+5BBB,6,0,0,,,宻/審,True,GOLD/SILVER,s1_inter_s2_direct/s2_inter_s3_corrected
mời,邁,U+9081,6,0,0,,,逼/遇/適/邁,True,GOLD/SILVER,s1_inter_s2_direct/s1_inter_s2_similar/s2_inter_s3_corrected/s3_head_bank_consensus
ngự,御,U+5FA1,6,0,0,,,御,True,GOLD,s1_inter_s2_direct
nhau,僥,U+50E5,6,0,0,,,僥/陪,True,GOLD/SILVER,s1_inter_s2_direct/s2_inter_s3_corrected
nhiệm,冉,U+5189,6,0,0,,,冉,True,GOLD,s1_inter_s2_direct
nhường,譲,U+8B72,6,0,0,,,誇/議/譲,True,GOLD/SILVER,s1_inter_s2_direct/s2_inter_s3_corrected/s3_head_bank_consensus
nhớ,女,U+5973,6,0,0,,,女/攺/玄,True,GOLD/SILVER,s1_inter_s2_direct/s1_inter_s2_similar/s2_inter_s3_corrected
này,𡰱,U+21C31,6,0,0,,,君/𡰱,True,GOLD/SILVER,s1_inter_s2_direct/s2_inter_s3_corrected
nát,𣵀,U+23D40,6,0,0,,,𣵀,True,GOLD,s1_inter_s2_direct
nơi,𡰱,U+21C31,6,0,0,,,厯/召/君/𡰱,True,GOLD/SILVER,s1_inter_s2_direct/s2_inter_s3_corrected
nấu,耨,U+8028,6,0,0,,,濟/耨,True,GOLD/SILVER,s1_inter_s2_direct/s2_inter_s3_corrected
nếu,裊,U+88CA,6,0,0,,,憂/易/裊,True,GOLD/SILVER,s1_inter_s2_direct/s3_head_bank_consensus
nợ,女,U+5973,6,0,0,,,女,True,GOLD,s1_inter_s2_direct
phô,鋪,U+92EA,6,0,0,,,鋪,True,GOLD,s1_inter_s2_direct
sa,抄,U+6284,6,0,0,,,必/沽,True,GOLD/SILVER,s1_inter_s2_similar/s2_inter_s3_corrected
sợ,怍,U+600D,6,0,0,,,作/在/怍/昨,True,GOLD/SILVER,s1_inter_s2_direct/s1_inter_s2_similar/s2_inter_s3_corrected
tham,貪,U+8CAA,6,0,0,,,貧/貪/𮚃,True,GOLD/SILVER,s1_inter_s2_direct/s3_head_bank_consensus
thang,湯,U+6E6F,6,0,0,,,湯,True,GOLD,s1_inter_s2_direct
thêm,添,U+6DFB,6,0,0,,,条/添/爺,True,GOLD/SILVER,s1_inter_s2_direct/s2_inter_s3_corrected
thưa,疎,U+758E,6,0,0,,,殊/疎/陈,True,GOLD/SILVER,s1_inter_s2_direct/s2_inter_s3_corrected
thả,且,U+4E14,6,0,0,,,且/耳,True,GOLD/SILVER,s1_inter_s2_direct/s2_inter_s3_corrected
tim,心,U+5FC3,6,0,0,,,七/心,True,GOLD/SILVER,s1_inter_s2_direct/s2_inter_s3_corrected
treo,撩,U+64A9,6,0,0,,,孫/撩/擦/𨻶,True,GOLD/SILVER,s1_inter_s2_direct/s2_inter_s3_corrected/s3_head_bank_consensus
tràng,長,U+9577,6,0,0,,,長,True,GOLD,s1_inter_s2_direct
tà,邪,U+90AA,6,0,0,,,那/邪,True,GOLD/SILVER,s1_inter_s2_direct/s2_inter_s3_corrected
tàu,艚,U+825A,6,0,0,,,矰/繒/船/艚/艣,True,GOLD/SILVER,s1_inter_s2_direct/s1_inter_s2_similar/s2_inter_s3_corrected/s3_head_bank_consensus
tòa,座,U+5EA7,6,0,0,,,座,True,GOLD,s1_inter_s2_direct
tô,酥,U+9165,6,0,0,,,酥/録,True,GOLD/SILVER,s1_inter_s2_direct/s2_inter_s3_corrected
tăm,沁,U+6C81,6,0,0,,,沁/沱,True,GOLD/SILVER,s1_inter_s2_direct/s2_inter_s3_corrected
viếng,永,U+6C38,6,0,0,,,永,True,GOLD,s1_inter_s2_direct
vú,乳,U+4E73,6,0,0,,,乳,True,GOLD,s1_inter_s2_direct
xác,殼,U+6BBC,6,0,0,,,殼,True,GOLD,s1_inter_s2_direct
xương,昌,U+660C,6,0,0,,,昌/曷,True,GOLD/SILVER,s1_inter_s2_direct/s2_inter_s3_corrected/s3_head_bank_consensus
xứ,𠙚,U+2065A,6,0,0,,,𠙚,True,GOLD,s1_inter_s2_direct
đáng,當,U+7576,6,0,0,,,當/耆/蓄,True,GOLD/SILVER,s1_inter_s2_direct/s2_inter_s3_corrected
đưa,迻,U+8FFB,6,0,0,,,逡/逢,True,GOLD/SILVER,s1_inter_s2_similar/s2_inter_s3_corrected
ay,衣,U+8863,5,0,0,,,衣,False,SILVER,s1_inter_s3_out_of_dict
bây,闭,U+95ED,5,0,0,,,团/困/用,True,SILVER,s2_inter_s3_corrected
chia,支,U+652F,5,0,0,,,支,True,GOLD,s1_inter_s2_direct
chim,鵑,U+9D51,5,0,0,,,均/應/鳩,True,SILVER,s3_head_bank_consensus
chào,嘲,U+5632,5,0,0,,,嘲,True,GOLD,s1_inter_s2_direct
chép,劄,U+5284,5,0,0,,,倒/列/到/劄/劍,True,GOLD/SILVER,s1_inter_s2_direct/s2_inter_s3_corrected/s3_head_bank_consensus
chê,支,U+652F,5,0,0,,,仗/伎/史/支/歧,True,GOLD/SILVER,s1_inter_s2_direct/s1_inter_s2_similar/s2_inter_s3_corrected/s3_head_bank_consensus
chấp,執,U+57F7,5,0,0,,,執,True,GOLD,s1_inter_s2_direct
chầy,遲,U+9072,5,0,0,,,遲,True,GOLD,s1_inter_s2_direct
chặt,㩫,U+3A6B,5,0,0,,,攢/攬,True,GOLD,s1_inter_s2_similar
coi,瑰,U+7470,5,0,0,,,瑰/魂/魏,True,GOLD/SILVER,s1_inter_s2_direct/s1_inter_s2_similar/s3_head_bank_consensus
cu,俱,U+4FF1,5,0,0,,,俱,True,GOLD,s1_inter_s2_direct
càng,岡,U+5CA1,5,0,0,,,屈,True,GOLD,s1_inter_s2_similar
công,公,U+516C,5,0,0,,,公,True,GOLD,s1_inter_s2_direct
giá,這,U+9019,5,0,0,,,迄/這,True,GOLD/SILVER,s1_inter_s2_direct/s2_inter_s3_corrected
hang,香,U+9999,5,0,0,,,屠/屬/番/香,True,GOLD/SILVER,s1_inter_s2_direct/s1_inter_s2_similar/s3_head_bank_consensus
huống,况,U+51B5,5,0,0,,,况,True,GOLD,s1_inter_s2_direct
hòn,几,U+51E0,5,0,0,,,凡,True,GOLD,s1_inter_s2_similar
hại,害,U+5BB3,5,0,0,,,害,True,GOLD,s1_inter_s2_direct
hế,係,U+4FC2,5,0,0,,,係,False,SILVER,s1_inter_s3_out_of_dict
hồ,胡,U+80E1,5,0,0,,,相/胡,True,GOLD/SILVER,s1_inter_s2_direct/s2_inter_s3_corrected
khá,可,U+53EF,5,0,0,,,可,True,GOLD,s1_inter_s2_direct
khéo,窖,U+7A96,5,0,0,,,窖,True,GOLD,s1_inter_s2_direct
kế,計,U+8A08,5,0,0,,,計,True,GOLD,s1_inter_s2_direct
kịp,及,U+53CA,5,0,0,,,及/反,True,GOLD/SILVER,s1_inter_s2_direct/s2_inter_s3_corrected
lính,另,U+53E6,5,0,0,,,另,True,GOLD,s1_inter_s2_direct
lò,炉,U+7089,5,0,0,,,炉,True,GOLD,s1_inter_s2_direct
lô,卢,U+5362,5,0,0,,,占/卢/户,True,GOLD/SILVER,s1_inter_s2_direct/s1_inter_s2_similar/s2_inter_s3_corrected
lôi,雷,U+96F7,5,0,0,,,雷/霜,True,GOLD/SILVER,s1_inter_s2_direct/s2_inter_s3_corrected
lại,耒,U+8012,5,0,0,,,本/述,True,GOLD/SILVER,s1_inter_s2_similar/s2_inter_s3_corrected
lụy,累,U+7D2F,5,0,0,,,睪/累/翠,True,GOLD/SILVER,s1_inter_s2_direct/s2_inter_s3_corrected/s3_head_bank_consensus
mao,毛,U+6BDB,5,0,0,,,毛,True,GOLD,s1_inter_s2_direct
minh,命,U+547D,5,0,0,,,命/恥/𠇮,True,GOLD/SILVER,s1_inter_s2_direct/s1_inter_s2_similar/s2_inter_s3_corrected
miệng,皿,U+76BF,5,0,0,,,也/亚/血/迴,True,GOLD/SILVER,s1_inter_s2_similar/s3_head_bank_consensus
mày,迈,U+8FC8,5,0,0,,,迈/返,True,GOLD,s1_inter_s2_direct/s1_inter_s2_similar
măng,𥭶,U+25B76,5,0,0,,,凑/寗/濟/菩/蓐,True,GOLD/SILVER,s1_inter_s2_similar/s3_head_bank_consensus
mưa,湄,U+6E44,5,0,0,,,湄/獨,True,GOLD/SILVER,s1_inter_s2_direct/s2_inter_s3_corrected
mượn,慢,U+6162,5,0,0,,,慢,True,GOLD,s1_inter_s2_direct
mạch,脉,U+8109,5,0,0,,,脉,True,GOLD,s1_inter_s2_direct
mắt,沫,U+6CAB,5,0,0,,,沫,True,GOLD,s1_inter_s2_direct
mồng,夢,U+5922,5,0,0,,,夢/要,True,GOLD/SILVER,s1_inter_s2_direct/s2_inter_s3_corrected
nghìn,彦,U+5F66,5,0,0,,,叁/屠/彦/鄜/顔,True,GOLD/SILVER,s1_inter_s2_direct/s3_head_bank_consensus
nghề,芸,U+82B8,5,0,0,,,丢/云/芸/𠯵,True,GOLD/SILVER,s1_inter_s2_direct/s3_head_bank_consensus
nghịch,逆,U+9006,5,0,0,,,逆/運,True,GOLD/SILVER,s1_inter_s2_direct/s3_head_bank_consensus
ngày,又,U+53C8,5,0,0,,,人/又,True,GOLD,s1_inter_s2_direct/s1_inter_s2_similar
ngôi,嵬,U+5D6C,5,0,0,,,嵬,True,GOLD,s1_inter_s2_direct
ngõ,午,U+5348,5,0,0,,,于/午,True,GOLD/SILVER,s1_inter_s2_direct/s3_head_bank_consensus
người,昆,U+6606,5,0,0,,,具/呉/昆/晁,True,GOLD/SILVER,s1_inter_s2_direct/s1_inter_s2_similar/s3_head_bank_consensus
ngọc,玉,U+7389,5,0,0,,,玉,True,GOLD,s1_inter_s2_direct
ngọc,王,U+738B,5,0,0,,,王,True,GOLD,s1_inter_s2_direct
nhau,嬈,U+5B08,5,0,0,,,冼/凴/焼,True,SILVER,s2_inter_s3_corrected
nuôi,挼,U+633C,5,0,0,,,按/挼,True,GOLD/SILVER,s1_inter_s2_direct/s2_inter_s3_corrected
nát,涅,U+6D85,5,0,0,,,涅/禮,True,GOLD/SILVER,s1_inter_s2_direct/s2_inter_s3_corrected
nộp,納,U+7D0D,5,0,0,,,納/細,True,GOLD/SILVER,s1_inter_s2_direct/s3_head_bank_consensus
phao,抛,U+629B,5,0,0,,,抛,True,GOLD,s1_inter_s2_direct
quở,𠵩,U+20D69,5,0,0,,,㗚/喂/嘿/果/課,True,GOLD/SILVER,s1_inter_s2_similar/s2_inter_s3_corrected
rê,黎,U+9ECE,5,0,0,,,叚/梭/殺/發/醫,True,SILVER,s3_head_bank_consensus
rằng,哴,U+54F4,5,0,0,,,寝/良,True,GOLD,s1_inter_s2_similar
sách,冊,U+518A,5,0,0,,,冉/冊,True,GOLD/SILVER,s1_inter_s2_direct/s2_inter_s3_corrected
thi,施,U+65BD,5,0,0,,,施,True,GOLD,s1_inter_s2_direct
thuyền,船,U+8239,5,0,0,,,殆/般/船,True,GOLD/SILVER,s1_inter_s2_direct/s3_head_bank_consensus
thế,体,U+4F53,5,0,0,,,体,True,GOLD,s1_inter_s2_direct
thủy,水,U+6C34,5,0,0,,,水/永,True,GOLD/SILVER,s1_inter_s2_direct/s2_inter_s3_corrected
tra,査,U+67FB,5,0,0,,,査,True,GOLD,s1_inter_s2_direct
trao,𢭂,U+22B42,5,0,0,,,捧/捽/梓,True,GOLD/SILVER,s1_inter_s2_similar/s2_inter_s3_corrected/s3_head_bank_consensus
túi,碎,U+788E,5,0,0,,,殚/碎,True,GOLD/SILVER,s1_inter_s2_direct/s3_head_bank_consensus
ván,板,U+677F,5,0,0,,,板,True,GOLD,s1_inter_s2_direct
văn,文,U+6587,5,0,0,,,文,True,GOLD,s1_inter_s2_direct
vọng,望,U+671B,5,0,0,,,望,True,GOLD,s1_inter_s2_direct
vỡ,破,U+7834,5,0,0,,,伎/破,True,GOLD/SILVER,s1_inter_s2_direct/s3_head_bank_consensus
xứ,䖏,U+458F,5,0,0,,,䖏/虞,True,GOLD/SILVER,s1_inter_s2_direct/s2_inter_s3_corrected
y,依,U+4F9D,5,0,0,,,依,True,GOLD,s1_inter_s2_direct
yên,安,U+5B89,5,0,0,,,安,True,GOLD,s1_inter_s2_direct
ác,悪,U+60AA,5,0,0,,,悪,True,GOLD,s1_inter_s2_direct
âu,謳,U+8B33,5,0,0,,,事/謳,True,GOLD/SILVER,s1_inter_s2_direct/s2_inter_s3_corrected
đinh,釘,U+91D8,5,0,0,,,釘,True,GOLD,s1_inter_s2_direct
đào,陶,U+9676,5,0,0,,,陶,True,GOLD,s1_inter_s2_direct
đóng,棟,U+68DF,5,0,0,,,使/棟,True,GOLD/SILVER,s1_inter_s2_direct/s2_inter_s3_corrected
đương,當,U+7576,5,0,0,,,嗜/常/當,True,GOLD,s1_inter_s2_direct/s1_inter_s2_similar
đẹp,枼,U+67BC,5,0,0,,,枼,True,GOLD,s1_inter_s2_direct
đẻ,𦝉,U+26749,5,0,0,,,脈/脹/膩/臟,True,GOLD/SILVER,s1_inter_s2_similar/s2_inter_s3_corrected/s3_head_bank_consensus
đỏ,堵,U+5835,5,0,0,,,堵/诸,True,GOLD,s1_inter_s2_direct/s1_inter_s2_similar
đồng,同,U+540C,5,0,0,,,同/因,True,GOLD/SILVER,s1_inter_s2_direct/s2_inter_s3_corrected
ba,波,U+6CE2,4,0,0,,,波,True,GOLD,s1_inter_s2_direct
bia,𥓓,U+254D3,4,0,0,,,𥓓,True,GOLD,s1_inter_s2_direct
bước,北,U+5317,4,0,0,,,北,True,GOLD,s1_inter_s2_direct
bền,卞,U+535E,4,0,0,,,卞,True,GOLD,s1_inter_s2_direct
bột,勃,U+52C3,4,0,0,,,勃,True,GOLD,s1_inter_s2_direct
chang,庒,U+5E92,4,0,0,,,庒/片,True,GOLD/SILVER,s1_inter_s2_direct/s3_head_bank_consensus
châu,珠,U+73E0,4,0,0,,,珠,True,GOLD,s1_inter_s2_direct
chớ,𤀞,U+2401E,4,0,0,,,居/浩/消/渃,True,GOLD/SILVER,s1_inter_s2_similar/s2_inter_s3_corrected
chở,阻,U+963B,4,0,0,,,沮/阻,True,GOLD/SILVER,s1_inter_s2_direct/s2_inter_s3_corrected
chức,職,U+8077,4,0,0,,,戰/職,True,GOLD,s1_inter_s2_direct/s1_inter_s2_similar
câu,句,U+53E5,4,0,0,,,句,True,GOLD,s1_inter_s2_direct
cùng,拱,U+62F1,4,0,0,,,拱,True,GOLD,s1_inter_s2_direct
cũ,窭,U+7AAD,4,0,0,,,窭,True,GOLD,s1_inter_s2_direct
cướp,劫,U+52AB,4,0,0,,,劫,True,GOLD,s1_inter_s2_direct
cốt,骨,U+9AA8,4,0,0,,,骨,True,GOLD,s1_inter_s2_direct
củi,檜,U+6A9C,4,0,0,,,檜,True,GOLD,s1_inter_s2_direct
da,𦝄,U+26744,4,0,0,,,朘/腹/𦚂,True,GOLD/SILVER,s1_inter_s2_similar/s2_inter_s3_corrected
di,移,U+79FB,4,0,0,,,移,True,GOLD,s1_inter_s2_direct
dong,容,U+5BB9,4,0,0,,,容,True,GOLD,s1_inter_s2_direct
dài,曳,U+66F3,4,0,0,,,曳/民,True,GOLD/SILVER,s1_inter_s2_direct/s2_inter_s3_corrected
dưới,帶,U+5E36,4,0,0,,,夢/帯/帶,True,GOLD/SILVER,s1_inter_s2_direct/s2_inter_s3_corrected
dấu,斗,U+6597,4,0,0,,,斗/跡,True,GOLD/SILVER,s1_inter_s2_direct/s2_inter_s3_corrected
dối,对,U+5BF9,4,0,0,,,对,True,GOLD,s1_inter_s2_direct
giàu,朝,U+671D,4,0,0,,,朝,True,GOLD,s1_inter_s2_direct
giêng,正,U+6B63,4,0,0,,,正,True,GOLD,s1_inter_s2_direct
gớm,憾,U+61BE,4,0,0,,,憾,True,GOLD,s1_inter_s2_direct
hay,特,U+7279,4,0,0,,,公/呪/必/经,True,SILVER,s2_inter_s3_corrected
hưởng,享,U+4EAB,4,0,0,,,享,True,GOLD,s1_inter_s2_direct
học,𭓇,U+2D4C7,4,0,0,,,𭓇,True,GOLD,s1_inter_s2_direct
hộ,護,U+8B77,4,0,0,,,謔/護/讓,True,GOLD,s1_inter_s2_direct/s1_inter_s2_similar
in,印,U+5370,4,0,0,,,卬/印,True,GOLD,s1_inter_s2_direct/s1_inter_s2_similar
khát,渇,U+6E07,4,0,0,,,渇,True,GOLD,s1_inter_s2_direct
khát,渴,U+6E34,4,0,0,,,渴,True,GOLD,s1_inter_s2_direct
kiêu,驕,U+9A55,4,0,0,,,驕,True,GOLD,s1_inter_s2_direct
kéo,矯,U+77EF,4,0,0,,,矯,True,GOLD,s1_inter_s2_direct
kẻ,凡,U+51E1,4,0,0,,,凡,True,GOLD,s1_inter_s2_direct
la,椤,U+6924,4,0,0,,,移,True,GOLD,s1_inter_s2_similar
liên,蓮,U+84EE,4,0,0,,,運,True,GOLD,s1_inter_s2_similar
liều,料,U+6599,4,0,0,,,料/科,True,GOLD,s1_inter_s2_direct/s1_inter_s2_similar
liệu,料,U+6599,4,0,0,,,料,True,GOLD,s1_inter_s2_direct
lánh,另,U+53E6,4,0,0,,,另/弓/月,True,GOLD/SILVER,s1_inter_s2_direct/s2_inter_s3_corrected
lô,炉,U+7089,4,0,0,,,炉/炒,True,GOLD/SILVER,s1_inter_s2_direct/s2_inter_s3_corrected
lộn,論,U+8AD6,4,0,0,,,論,True,GOLD,s1_inter_s2_direct
mai,梅,U+6885,4,0,0,,,梅,True,GOLD,s1_inter_s2_direct
mau,毛,U+6BDB,4,0,0,,,毛,True,GOLD,s1_inter_s2_direct
mất,秩,U+79E9,4,0,0,,,教/秩/頼,True,GOLD/SILVER,s1_inter_s2_direct/s2_inter_s3_corrected
ngàn,彦,U+5F66,4,0,0,,,彦/軒/鄜,True,GOLD/SILVER,s1_inter_s2_direct/s3_head_bank_consensus
ngạo,傲,U+50B2,4,0,0,,,傲,True,GOLD,s1_inter_s2_direct
ngắm,吟,U+541F,4,0,0,,,吟,True,GOLD,s1_inter_s2_direct
nương,娘,U+5A18,4,0,0,,,娘,True,GOLD,s1_inter_s2_direct
nước,匿,U+533F,4,0,0,,,匿,True,GOLD,s1_inter_s2_direct
nước,於,U+65BC,4,0,0,,,於/落/𣸪,True,GOLD/SILVER,s1_inter_s2_direct/s2_inter_s3_corrected
nổi,挼,U+633C,4,0,0,,,按/挼,True,GOLD/SILVER,s1_inter_s2_direct/s2_inter_s3_corrected
phi,不,U+4E0D,4,0,0,,,不,True,GOLD,s1_inter_s2_direct
phiền,煩,U+7169,4,0,0,,,煩,True,GOLD,s1_inter_s2_direct
phù,符,U+7B26,4,0,0,,,符,True,GOLD,s1_inter_s2_direct
phương,方,U+65B9,4,0,0,,,方,True,GOLD,s1_inter_s2_direct
phận,分,U+5206,4,0,0,,,分,True,GOLD,s1_inter_s2_direct
què,跪,U+8DEA,4,0,0,,,堠/庵/跪,True,GOLD/SILVER,s1_inter_s2_direct/s2_inter_s3_corrected/s3_head_bank_consensus
rét,列,U+5217,4,0,0,,,列,True,GOLD,s1_inter_s2_direct
rốt,卒,U+5352,4,0,0,,,卒,True,GOLD,s1_inter_s2_direct
rồi,耒,U+8012,4,0,0,,,耒,True,GOLD,s1_inter_s2_direct
sau,楼,U+697C,4,0,0,,,棲/楼,True,GOLD,s1_inter_s2_direct/s1_inter_s2_similar
sâu,溇,U+6E87,4,0,0,,,婆/楼/溇,True,GOLD/SILVER,s1_inter_s2_direct/s1_inter_s2_similar/s2_inter_s3_corrected
sông,江,U+6C5F,4,0,0,,,淹/祐/麾,True,SILVER,s3_head_bank_consensus
sống,𧚠,U+276A0,4,0,0,,,君/莊/飛/𭺾,True,GOLD/SILVER,s1_inter_s2_similar/s2_inter_s3_corrected
thì,𥊘,U+25298,4,0,0,,,齒,True,GOLD,s1_inter_s2_similar
thói,退,U+9000,4,0,0,,,退,True,GOLD,s1_inter_s2_direct
thông,通,U+901A,4,0,0,,,通,True,GOLD,s1_inter_s2_direct
thơm,貪,U+8CAA,4,0,0,,,奢/薈/貪,True,GOLD/SILVER,s1_inter_s2_direct/s2_inter_s3_corrected
tiệc,席,U+5E2D,4,0,0,,,席,True,GOLD,s1_inter_s2_direct
tiện,便,U+4FBF,4,0,0,,,便,True,GOLD,s1_inter_s2_direct
tranh,争,U+4E89,4,0,0,,,争,True,GOLD,s1_inter_s2_direct
tri,知,U+77E5,4,0,0,,,知,True,GOLD,s1_inter_s2_direct
trông,篭,U+7BED,4,0,0,,,篭/罨/邕,True,GOLD/SILVER,s1_inter_s2_direct/s1_inter_s2_similar/s2_inter_s3_corrected
trở,呂,U+5442,4,0,0,,,呂,True,GOLD,s1_inter_s2_direct
tính,性,U+6027,4,0,0,,,性,True,GOLD,s1_inter_s2_direct
tối,碎,U+788E,4,0,0,,,碎,True,GOLD,s1_inter_s2_direct
vi,爲,U+7232,4,0,0,,,爲/𫠉,True,GOLD/SILVER,s1_inter_s2_direct/s2_inter_s3_corrected
việc,沒,U+6C92,4,0,0,,,伎/授/没,True,GOLD/SILVER,s1_inter_s2_similar/s2_inter_s3_corrected
và,𢯓,U+22BD3,4,0,0,,,把,True,GOLD,s1_inter_s2_similar
vàn,萬,U+842C,4,0,0,,,萬,True,GOLD,s1_inter_s2_direct
võ,武,U+6B66,4,0,0,,,武,True,GOLD,s1_inter_s2_direct
vạ,禍,U+798D,4,0,0,,,碣/祸/禍,True,GOLD/SILVER,s1_inter_s2_direct/s1_inter_s2_similar/s2_inter_s3_corrected
vốn,本,U+672C,4,0,0,,,本,True,GOLD,s1_inter_s2_direct
xem,䀡,U+4021,4,0,0,,,帖/被,True,GOLD/SILVER,s1_inter_s2_similar/s2_inter_s3_corrected
xã,社,U+793E,4,0,0,,,社/𦥷,True,GOLD/SILVER,s1_inter_s2_direct/s3_head_bank_consensus
xé,熾,U+71BE,4,0,0,,,戲/熾,True,GOLD,s1_inter_s2_direct/s1_inter_s2_similar
xứ,處,U+8655,4,0,0,,,康/處/虚,True,GOLD/SILVER,s1_inter_s2_direct/s1_inter_s2_similar/s2_inter_s3_corrected
y,意,U+610F,4,0,0,,,意,True,GOLD,s1_inter_s2_direct
áp,押,U+62BC,4,0,0,,,押,True,GOLD,s1_inter_s2_direct
ông,東,U+6771,4,0,0,,,兌/坌/妻/𭔿,True,GOLD/SILVER,s1_inter_s2_similar/s2_inter_s3_corrected
đinh,汀,U+6C40,4,0,0,,,汀,True,GOLD,s1_inter_s2_direct
đuốc,燭,U+71ED,4,0,0,,,燭,True,GOLD,s1_inter_s2_direct
đàn,弹,U+5F39,4,0,0,,,弹,True,GOLD,s1_inter_s2_direct
đòn,屯,U+5C6F,4,0,0,,,扼/按/掩/范,True,SILVER,s3_head_bank_consensus
đế,氐,U+6C10,4,0,0,,,存/底,True,GOLD/SILVER,s1_inter_s2_similar/s2_inter_s3_corrected
đều,調,U+8ABF,4,0,0,,,調,True,GOLD,s1_inter_s2_direct
đời,匕,U+5315,4,0,0,,,之/乙,True,GOLD/SILVER,s1_inter_s2_similar/s2_inter_s3_corrected
ơn,㤙,U+3919,4,0,0,,,㤙,True,GOLD,s1_inter_s2_direct
ước,约,U+7EA6,4,0,0,,,约,True,GOLD,s1_inter_s2_direct
ấy,乙,U+4E59,4,0,0,,,人/仍/分/厶,True,GOLD/SILVER,s1_inter_s2_similar/s2_inter_s3_corrected/s3_head_bank_consensus
am,庵,U+5EB5,3,0,0,,,庵,True,GOLD,s1_inter_s2_direct
au,泑,U+6CD1,3,0,0,,,洶/詎,True,SILVER,s3_head_bank_consensus
biên,边,U+8FB9,3,0,0,,,边,True,GOLD,s1_inter_s2_direct
buôn,奔,U+5954,3,0,0,,,奔,True,GOLD,s1_inter_s2_direct
bánh,迸,U+8FF8,3,0,0,,,迸,True,GOLD,s1_inter_s2_direct
bạc,伯,U+4F2F,3,0,0,,,伯,True,GOLD,s1_inter_s2_direct
bạc,白,U+767D,3,0,0,,,日/白,True,GOLD,s1_inter_s2_direct/s1_inter_s2_similar
bầu,保,U+4FDD,3,0,0,,,保,True,GOLD,s1_inter_s2_direct
bậc,北,U+5317,3,0,0,,,北/比,True,GOLD,s1_inter_s2_direct/s1_inter_s2_similar
bổng,俸,U+4FF8,3,0,0,,,俸,True,GOLD,s1_inter_s2_direct
bỗng,俸,U+4FF8,3,0,0,,,俸,True,GOLD,s1_inter_s2_direct
chiên,氊,U+6C0A,3,0,0,,,氊,True,GOLD,s1_inter_s2_direct
cho,沫,U+6CAB,3,0,0,,,休/昧,True,GOLD,s1_inter_s2_similar
chung,终,U+7EC8,3,0,0,,,癸/终,True,GOLD/SILVER,s1_inter_s2_direct/s2_inter_s3_corrected
chuyện,傳,U+50B3,3,0,0,,,傳,True,GOLD,s1_inter_s2_direct
chì,持,U+6301,3,0,0,,,持/牒/詩,True,GOLD/SILVER,s1_inter_s2_direct/s3_head_bank_consensus
chú,注,U+6CE8,3,0,0,,,注/生,True,GOLD/SILVER,s1_inter_s2_direct/s2_inter_s3_corrected
chăn,𧜖,U+27716,3,0,0,,,棲/禧/複,True,GOLD/SILVER,s1_inter_s2_similar/s2_inter_s3_corrected
chước,所,U+6240,3,0,0,,,孤/所,True,GOLD,s1_inter_s2_direct/s1_inter_s2_similar
chắp,執,U+57F7,3,0,0,,,執/報,True,GOLD,s1_inter_s2_direct/s1_inter_s2_similar
chặt,秩,U+79E9,3,0,0,,,技/秩,True,GOLD/SILVER,s1_inter_s2_direct/s2_inter_s3_corrected
chặt,質,U+8CEA,3,0,0,,,質,True,GOLD,s1_inter_s2_direct
cáo,吿,U+543F,3,0,0,,,吿,True,GOLD,s1_inter_s2_direct
câu,勾,U+52FE,3,0,0,,,勾,True,GOLD,s1_inter_s2_direct
còn,存,U+5B58,3,0,0,,,在,True,GOLD,s1_inter_s2_similar
còn,羣,U+7FA3,3,0,0,,,羣,True,GOLD,s1_inter_s2_direct
cưỡi,𮪍,U+2EA8D,3,0,0,,,𮪍,True,GOLD,s1_inter_s2_direct
cầm,禽,U+79BD,3,0,0,,,禽,True,GOLD,s1_inter_s2_direct
cắn,很,U+5F88,3,0,0,,,恨/眼/限,True,GOLD/SILVER,s1_inter_s2_similar/s2_inter_s3_corrected
cắt,拮,U+62EE,3,0,0,,,拮,True,GOLD,s1_inter_s2_direct
cởi,𢶒,U+22D92,3,0,0,,,擒/檜,True,GOLD/SILVER,s1_inter_s2_similar/s2_inter_s3_corrected
du,油,U+6CB9,3,0,0,,,油,True,GOLD,s1_inter_s2_direct
du,遊,U+904A,3,0,0,,,遊,True,GOLD,s1_inter_s2_direct
dơ,汿,U+6C7F,3,0,0,,,予/汙/浸,True,GOLD/SILVER,s1_inter_s2_similar/s2_inter_s3_corrected
dạo,道,U+9053,3,0,0,,,逍/道,True,GOLD/SILVER,s1_inter_s2_direct/s2_inter_s3_corrected
dấu,酉,U+9149,3,0,0,,,酉,True,GOLD,s1_inter_s2_direct
dọn,遁,U+9041,3,0,0,,,返/遁/遠,True,GOLD/SILVER,s1_inter_s2_direct/s1_inter_s2_similar/s2_inter_s3_corrected
dồ,𠱋,U+20C4B,3,0,0,,,枉/牡,True,SILVER,s3_head_bank_consensus
dỗ,杜,U+675C,3,0,0,,,杜,True,GOLD,s1_inter_s2_direct
e,衣,U+8863,3,0,0,,,筏/衣,True,GOLD/SILVER,s1_inter_s2_direct/s2_inter_s3_corrected
gai,荄,U+8344,3,0,0,,,菱,True,GOLD,s1_inter_s2_similar
gan,肝,U+809D,3,0,0,,,肝,True,GOLD,s1_inter_s2_direct
giáo,教,U+6559,3,0,0,,,教,True,GOLD,s1_inter_s2_direct
giới,械,U+68B0,3,0,0,,,械,True,GOLD,s1_inter_s2_direct
giữa,宁,U+5B81,3,0,0,,,宁/手/抑,True,GOLD/SILVER,s1_inter_s2_direct/s1_inter_s2_similar/s3_head_bank_consensus
gánh,梗,U+6897,3,0,0,,,便/梗,True,GOLD/SILVER,s1_inter_s2_direct/s2_inter_s3_corrected
gìn,㕓,U+3553,3,0,0,,,㕓,True,GOLD,s1_inter_s2_direct
góm,憾,U+61BE,3,0,0,,,憾,False,SILVER,s1_inter_s3_out_of_dict
gươm,釼,U+91FC,3,0,0,,,釼,True,GOLD,s1_inter_s2_direct
gởi,攺,U+653A,3,0,0,,,攺,True,GOLD,s1_inter_s2_direct
hà,苛,U+82DB,3,0,0,,,竒/苛,True,GOLD,s1_inter_s2_direct/s1_inter_s2_similar
hào,殽,U+6BBD,3,0,0,,,嚴/殽/蔽,True,GOLD/SILVER,s1_inter_s2_direct/s2_inter_s3_corrected
hám,憾,U+61BE,3,0,0,,,憾,True,GOLD,s1_inter_s2_direct
hám,瘖,U+7616,3,0,0,,,瘖/癘/腐,True,GOLD/SILVER,s1_inter_s2_direct/s2_inter_s3_corrected/s3_head_bank_consensus
hèn,闲,U+95F2,3,0,0,,,國/闲,True,GOLD/SILVER,s1_inter_s2_direct/s2_inter_s3_corrected
hòa,和,U+548C,3,0,0,,,和,True,GOLD,s1_inter_s2_direct
hòn,丸,U+4E38,3,0,0,,,丸,True,GOLD,s1_inter_s2_direct
hễ,係,U+4FC2,3,0,0,,,係,True,GOLD,s1_inter_s2_direct
hồ,湖,U+6E56,3,0,0,,,湖,True,GOLD,s1_inter_s2_direct
hồn,混,U+6DF7,3,0,0,,,混,True,GOLD,s1_inter_s2_direct
hồn,魄,U+9B44,3,0,0,,,魄/魏,True,GOLD,s1_inter_s2_direct/s1_inter_s2_similar
hợp,合,U+5408,3,0,0,,,会/合/含,True,GOLD,s1_inter_s2_direct/s1_inter_s2_similar
khí,噐,U+5650,3,0,0,,,噐,True,GOLD,s1_inter_s2_direct
kinh,経,U+7D4C,3,0,0,,,経,True,GOLD,s1_inter_s2_direct
kinh,𦀇,U+26007,3,0,0,,,𦀇,True,GOLD,s1_inter_s2_direct
kéo,呌,U+544C,3,0,0,,,呌,True,GOLD,s1_inter_s2_direct
la,罗,U+7F57,3,0,0,,,歇/粤/𤰞,True,SILVER,s2_inter_s3_corrected
la,羅,U+7F85,3,0,0,,,羅/華,True,GOLD/SILVER,s1_inter_s2_direct/s2_inter_s3_corrected
la,邏,U+908F,3,0,0,,,遥/選,True,SILVER,s2_inter_s3_corrected
lon,崙,U+5D19,3,0,0,,,屬/扁/獻,True,SILVER,s3_head_bank_consensus
làm,濫,U+6FEB,3,0,0,,,以/白/𡖋,True,SILVER,s2_inter_s3_corrected
lông,篭,U+7BED,3,0,0,,,篭/罨,True,GOLD/SILVER,s1_inter_s2_direct/s3_head_bank_consensus
lặng,浪,U+6D6A,3,0,0,,,浪,True,GOLD,s1_inter_s2_direct
lột,律,U+5F8B,3,0,0,,,侓/律,True,GOLD/SILVER,s1_inter_s2_direct/s2_inter_s3_corrected
lời,𢈱,U+22231,3,0,0,,,府,True,GOLD,s1_inter_s2_similar
ma,摩,U+6469,3,0,0,,,摩,True,GOLD,s1_inter_s2_direct
may,埋,U+57CB,3,0,0,,,埋,True,GOLD,s1_inter_s2_direct
me,眉,U+7709,3,0,0,,,眉,True,GOLD,s1_inter_s2_direct
men,绵,U+7EF5,3,0,0,,,歸/錦,True,GOLD/SILVER,s1_inter_s2_similar/s2_inter_s3_corrected
minh,明,U+660E,3,0,0,,,明,True,GOLD,s1_inter_s2_direct
môn,門,U+9580,3,0,0,,,門,True,GOLD,s1_inter_s2_direct
mẹ,美,U+7F8E,3,0,0,,,硬/磎/美,True,GOLD/SILVER,s1_inter_s2_direct/s2_inter_s3_corrected
mọc,木,U+6728,3,0,0,,,木/术,True,GOLD/SILVER,s1_inter_s2_direct/s2_inter_s3_corrected
mỏ,某,U+67D0,3,0,0,,,某/𫠉,True,GOLD/SILVER,s1_inter_s2_direct/s3_head_bank_consensus
mổ,某,U+67D0,3,0,0,,,某,True,GOLD,s1_inter_s2_direct
một,墓,U+5893,3,0,0,,,喚/墓/暮,True,GOLD,s1_inter_s2_direct/s1_inter_s2_similar
mừng,眀,U+7700,3,0,0,,,眀,True,GOLD,s1_inter_s2_direct
nen,年,U+5E74,3,0,0,,,年,True,GOLD,s1_inter_s2_direct
ngang,昂,U+6602,3,0,0,,,昂,True,GOLD,s1_inter_s2_direct
ngọc,玊,U+738A,3,0,0,,,玊,True,GOLD,s1_inter_s2_direct
ngụy,偽,U+507D,3,0,0,,,偽,True,GOLD,s1_inter_s2_direct
nhau,饒,U+9952,3,0,0,,,饒,True,GOLD,s1_inter_s2_direct
nhiều,堯,U+582F,3,0,0,,,嘵/堯,True,GOLD,s1_inter_s2_direct/s1_inter_s2_similar
nhân,忍,U+5FCD,3,0,0,,,忍,True,GOLD,s1_inter_s2_direct
nhật,日,U+65E5,3,0,0,,,日/甘,True,GOLD,s1_inter_s2_direct/s1_inter_s2_similar
nung,燶,U+71F6,3,0,0,,,濃/農/震,True,GOLD/SILVER,s1_inter_s2_similar/s2_inter_s3_corrected
nuôi,浽,U+6D7D,3,0,0,,,妥/安,True,GOLD,s1_inter_s2_similar
nê,尼,U+5C3C,3,0,0,,,君/尼,True,GOLD/SILVER,s1_inter_s2_direct/s2_inter_s3_corrected
nả,那,U+90A3,3,0,0,,,那,True,GOLD,s1_inter_s2_direct
nết,𢝘,U+22758,3,0,0,,,星,True,GOLD,s1_inter_s2_similar
o,烏,U+70CF,3,0,0,,,烏,True,GOLD,s1_inter_s2_direct
phun,噴,U+5674,3,0,0,,,噴/嬪/遁,True,GOLD/SILVER,s1_inter_s2_direct/s2_inter_s3_corrected/s3_head_bank_consensus
phô,哺,U+54FA,3,0,0,,,哺/脩,True,GOLD/SILVER,s1_inter_s2_direct/s2_inter_s3_corrected
phô,庯,U+5EAF,3,0,0,,,帰/庵/燎,True,GOLD/SILVER,s1_inter_s2_similar/s2_inter_s3_corrected
phạt,罚,U+7F5A,3,0,0,,,罚,True,GOLD,s1_inter_s2_direct
phạt,罸,U+7F78,3,0,0,,,罸,True,GOLD,s1_inter_s2_direct
quả,果,U+679C,3,0,0,,,果,True,GOLD,s1_inter_s2_direct
ra,羅,U+7F85,3,0,0,,,羅/錐,True,GOLD/SILVER,s1_inter_s2_direct/s2_inter_s3_corrected
roi,擂,U+64C2,3,0,0,,,擂/榴,True,GOLD/SILVER,s1_inter_s2_direct/s2_inter_s3_corrected
ru,𠱋,U+20C4B,3,0,0,,,咄/岫/申,True,GOLD/SILVER,s1_inter_s2_similar/s2_inter_s3_corrected
rì,移,U+79FB,3,0,0,,,移,True,GOLD,s1_inter_s2_direct
rượu,𨢇,U+28887,3,0,0,,,醋/醐,True,GOLD/SILVER,s1_inter_s2_similar/s2_inter_s3_corrected
rối,磊,U+78CA,3,0,0,,,磊/𠁅,True,GOLD/SILVER,s1_inter_s2_direct/s2_inter_s3_corrected
rủa,嚕,U+5695,3,0,0,,,巢/繒/鲁,True,GOLD/SILVER,s1_inter_s2_similar/s3_head_bank_consensus
sang,朗,U+6717,3,0,0,,,即,True,GOLD,s1_inter_s2_similar
sang,𢀨,U+22028,3,0,0,,,區/昂,True,GOLD/SILVER,s1_inter_s2_similar/s2_inter_s3_corrected
sao,年,U+5E74,3,0,0,,,年,True,GOLD,s1_inter_s2_direct
sấp,泣,U+6CE3,3,0,0,,,拉/泣,True,GOLD,s1_inter_s2_direct/s1_inter_s2_similar
sắc,色,U+8272,3,0,0,,,色,True,GOLD,s1_inter_s2_direct
sắm,懴,U+61F4,3,0,0,,,懴,True,GOLD,s1_inter_s2_direct
sốt,𤈠,U+24220,3,0,0,,,冿/津,True,GOLD/SILVER,s1_inter_s2_similar/s2_inter_s3_corrected
sớm,歛,U+6B5B,3,0,0,,,歛,True,GOLD,s1_inter_s2_direct
tha,他,U+4ED6,3,0,0,,,他,True,GOLD,s1_inter_s2_direct
tho,收,U+6536,3,0,0,,,收/𭣣,True,GOLD/SILVER,s1_inter_s2_direct/s2_inter_s3_corrected
thua,收,U+6536,3,0,0,,,收/𭣣,True,GOLD/SILVER,s1_inter_s2_direct/s3_head_bank_consensus
thuận,順,U+9806,3,0,0,,,順,True,GOLD,s1_inter_s2_direct
thuốc,朿,U+673F,3,0,0,,,来,True,GOLD,s1_inter_s2_similar
thành,誠,U+8AA0,3,0,0,,,誠,True,GOLD,s1_inter_s2_direct
thân,身,U+8EAB,3,0,0,,,粤/身,True,GOLD/SILVER,s1_inter_s2_direct/s3_head_bank_consensus
thú,獣,U+7363,3,0,0,,,獣,True,GOLD,s1_inter_s2_direct
thảy,汰,U+6C70,3,0,0,,,汰,True,GOLD,s1_inter_s2_direct
thậm,甚,U+751A,3,0,0,,,甚,True,GOLD,s1_inter_s2_direct
thắt,失,U+5931,3,0,0,,,太/失,True,GOLD,s1_inter_s2_direct/s1_inter_s2_similar
ti,卑,U+5351,3,0,0,,,卑,True,GOLD,s1_inter_s2_direct
tiến,進,U+9032,3,0,0,,,筵/進,True,GOLD/SILVER,s1_inter_s2_direct/s2_inter_s3_corrected
trong,𥪞,U+25A9E,3,0,0,,,勧/翹/趣,True,GOLD/SILVER,s1_inter_s2_similar/s2_inter_s3_corrected
trần,陳,U+9673,3,0,0,,,陳,True,GOLD,s1_inter_s2_direct
trở,吕,U+5415,3,0,0,,,吕/𠯁,True,GOLD/SILVER,s1_inter_s2_direct/s2_inter_s3_corrected
trở,阻,U+963B,3,0,0,,,阻,True,GOLD,s1_inter_s2_direct
trừ,除,U+9664,3,0,0,,,除,True,GOLD,s1_inter_s2_direct
tích,跡,U+8DE1,3,0,0,,,跡,True,GOLD,s1_inter_s2_direct
tư,司,U+53F8,3,0,0,,,司,True,GOLD,s1_inter_s2_direct
tấm,糁,U+7CC1,3,0,0,,,糁,True,GOLD,s1_inter_s2_direct
tổ,祖,U+7956,3,0,0,,,祖,True,GOLD,s1_inter_s2_direct
việc,伇,U+4F07,3,0,0,,,伇,True,GOLD,s1_inter_s2_direct
vào,旦,U+65E6,3,0,0,,,囙/旦/色,True,GOLD/SILVER,s1_inter_s2_direct/s1_inter_s2_similar/s2_inter_s3_corrected
vê,為,U+70BA,3,0,0,,,為,True,GOLD,s1_inter_s2_direct
vạ,𥘑,U+25611,3,0,0,,,衬,True,GOLD,s1_inter_s2_similar
xây,磋,U+78CB,3,0,0,,,磋,True,GOLD,s1_inter_s2_direct
ác,惡,U+60E1,3,0,0,,,惡,True,GOLD,s1_inter_s2_direct
đinh,灯,U+706F,3,0,0,,,灯,True,GOLD,s1_inter_s2_direct
đò,度,U+5EA6,3,0,0,,,度,True,GOLD,s1_inter_s2_direct
đón,頓,U+9813,3,0,0,,,頓,True,GOLD,s1_inter_s2_direct
đông,冬,U+51AC,3,0,0,,,冬,True,GOLD,s1_inter_s2_direct
đông,東,U+6771,3,0,0,,,東,True,GOLD,s1_inter_s2_direct
đưa,多,U+591A,3,0,0,,,受/多,True,GOLD/SILVER,s1_inter_s2_direct/s2_inter_s3_corrected
đầy,台,U+53F0,3,0,0,,,莒,True,SILVER,s2_inter_s3_corrected
đối,対,U+5BFE,3,0,0,,,対,True,GOLD,s1_inter_s2_direct
đỗ,杜,U+675C,3,0,0,,,杜,True,GOLD,s1_inter_s2_direct
độc,讀,U+8B80,3,0,0,,,讀,True,GOLD,s1_inter_s2_direct
ẩn,𨼆,U+28F06,3,0,0,,,𨼆,True,GOLD,s1_inter_s2_direct
ay,意,U+610F,2,0,0,,,意,False,SILVER,s1_inter_s3_out_of_dict
bay,拜,U+62DC,2,0,0,,,拜/𭠠,True,GOLD/SILVER,s1_inter_s2_direct/s2_inter_s3_corrected
ben,辺,U+8FBA,2,0,0,,,边,True,GOLD,s1_inter_s2_similar
binh,兵,U+5175,2,0,0,,,兵,True,GOLD,s1_inter_s2_direct
bà,爬,U+722C,2,0,0,,,爬,True,GOLD,s1_inter_s2_direct
bát,体,U+4F53,2,0,0,,,体,True,GOLD,s1_inter_s2_direct
báu,宝,U+5B9D,2,0,0,,,宝,True,GOLD,s1_inter_s2_direct
bãi,罢,U+7F62,2,0,0,,,罢/里,True,GOLD/SILVER,s1_inter_s2_direct/s2_inter_s3_corrected
bão,雹,U+96F9,2,0,0,,,雹,True,GOLD,s1_inter_s2_direct
bé,閉,U+9589,2,0,0,,,閉/開,True,GOLD/SILVER,s1_inter_s2_direct/s2_inter_s3_corrected
bé,闭,U+95ED,2,0,0,,,团/用,True,SILVER,s2_inter_s3_corrected
bê,皮,U+76AE,2,0,0,,,皮,True,GOLD,s1_inter_s2_direct
bệnh,病,U+75C5,2,0,0,,,病,True,GOLD,s1_inter_s2_direct
bội,倍,U+500D,2,0,0,,,倍,True,GOLD,s1_inter_s2_direct
cac,各,U+5404,2,0,0,,,各,False,SILVER,s1_inter_s3_out_of_dict
chay,夈,U+5908,2,0,0,,,条,True,GOLD,s1_inter_s2_similar
chuộng,重,U+91CD,2,0,0,,,重,True,GOLD,s1_inter_s2_direct
chìm,沉,U+6C89,2,0,0,,,沉,True,GOLD,s1_inter_s2_direct
chính,正,U+6B63,2,0,0,,,正,True,GOLD,s1_inter_s2_direct
chơ,诸,U+8BF8,2,0,0,,,渚/诸,True,GOLD,s1_inter_s2_direct/s1_inter_s2_similar
chưa,初,U+521D,2,0,0,,,防,True,GOLD,s1_inter_s2_similar
chưa,猪,U+732A,2,0,0,,,猪,True,GOLD,s1_inter_s2_direct
chước,捉,U+6349,2,0,0,,,思,True,GOLD,s1_inter_s2_similar
chước,斮,U+65AE,2,0,0,,,新,True,GOLD,s1_inter_s2_similar
chảng,庄,U+5E84,2,0,0,,,庄,False,SILVER,s1_inter_s3_out_of_dict
chật,秩,U+79E9,2,0,0,,,秩/被,True,GOLD/SILVER,s1_inter_s2_direct/s2_inter_s3_corrected
chế,吱,U+5431,2,0,0,,,过/随,True,SILVER,s2_inter_s3_corrected
chết,死,U+6B7B,2,0,0,,,死,True,GOLD,s1_inter_s2_direct
chớ,䐗,U+4417,2,0,0,,,暦/賭,True,GOLD/SILVER,s1_inter_s2_similar/s2_inter_s3_corrected
chở,渚,U+6E1A,2,0,0,,,瀦/陼,True,GOLD/SILVER,s1_inter_s2_similar/s2_inter_s3_corrected
chứa,貯,U+8CAF,2,0,0,,,貯,True,GOLD,s1_inter_s2_direct
chửi,𠯽,U+20BFD,2,0,0,,,止/𠮵,True,GOLD/SILVER,s1_inter_s2_similar/s3_head_bank_consensus
con,𡥵,U+21975,2,0,0,,,報/屏,True,GOLD,s1_inter_s2_similar
cánh,梗,U+6897,2,0,0,,,梗,True,GOLD,s1_inter_s2_direct
côi,塊,U+584A,2,0,0,,,塊,True,GOLD,s1_inter_s2_direct
côi,瑰,U+7470,2,0,0,,,瑰/𢙢,True,GOLD/SILVER,s1_inter_s2_direct/s3_head_bank_consensus
côn,崑,U+5D11,2,0,0,,,崑,True,GOLD,s1_inter_s2_direct
căm,扲,U+6272,2,0,0,,,扮/捧,True,SILVER,s2_inter_s3_corrected
cũng,珙,U+73D9,2,0,0,,,珙,True,GOLD,s1_inter_s2_direct
cơ,奇,U+5947,2,0,0,,,奇,True,GOLD,s1_inter_s2_direct
cơn,干,U+5E72,2,0,0,,,干,True,GOLD,s1_inter_s2_direct
cạn,件,U+4EF6,2,0,0,,,件/汻,True,GOLD/SILVER,s1_inter_s2_direct/s3_head_bank_consensus
cải,攺,U+653A,2,0,0,,,攺,True,GOLD,s1_inter_s2_direct
cất,吉,U+5409,2,0,0,,,吉,True,GOLD,s1_inter_s2_direct
cầm,禁,U+7981,2,0,0,,,禁/葉,True,GOLD/SILVER,s1_inter_s2_direct/s2_inter_s3_corrected
cắm,扲,U+6272,2,0,0,,,捧/矜,True,SILVER,s2_inter_s3_corrected/s3_head_bank_consensus
cờ,期,U+671F,2,0,0,,,期,True,GOLD,s1_inter_s2_direct
cởi,繪,U+7E6A,2,0,0,,,繪,True,GOLD,s1_inter_s2_direct
củi,𢶒,U+22D92,2,0,0,,,擒,True,GOLD,s1_inter_s2_similar
dao,刀,U+5200,2,0,0,,,刀,True,GOLD,s1_inter_s2_direct
dính,性,U+6027,2,0,0,,,性,True,GOLD,s1_inter_s2_direct
dõ,杜,U+675C,2,0,0,,,壮/拈,True,GOLD/SILVER,s1_inter_s2_similar/s3_head_bank_consensus
dù,由,U+7531,2,0,0,,,由,True,GOLD,s1_inter_s2_direct
dùi,槌,U+69CC,2,0,0,,,槌,True,GOLD,s1_inter_s2_direct
dư,餘,U+9918,2,0,0,,,餘,True,GOLD,s1_inter_s2_direct
dưng,仍,U+4ECD,2,0,0,,,仍/肆,True,GOLD/SILVER,s1_inter_s2_direct/s3_head_bank_consensus
dể,易,U+6613,2,0,0,,,昜,True,SILVER,s2_inter_s3_corrected/s3_head_bank_consensus
dối,對,U+5C0D,2,0,0,,,對/𭔹,True,GOLD/SILVER,s1_inter_s2_direct/s2_inter_s3_corrected
dụ,諭,U+8AED,2,0,0,,,諭,True,GOLD,s1_inter_s2_direct
gang,江,U+6C5F,2,0,0,,,江,True,GOLD,s1_inter_s2_direct
gian,间,U+95F4,2,0,0,,,回/固,True,GOLD,s1_inter_s2_similar
giang,江,U+6C5F,2,0,0,,,江,True,GOLD,s1_inter_s2_direct
gie,支,U+652F,2,0,0,,,支,False,SILVER,s1_inter_s3_out_of_dict
giá,價,U+50F9,2,0,0,,,價,True,GOLD,s1_inter_s2_direct
gián,諫,U+8AEB,2,0,0,,,諫,True,GOLD,s1_inter_s2_direct
giân,陣,U+9663,2,0,0,,,陣,False,SILVER,s1_inter_s3_out_of_dict
giãn,簡,U+7C21,2,0,0,,,簡/蘭,True,GOLD/SILVER,s1_inter_s2_direct/s2_inter_s3_corrected
giăng,扛,U+625B,2,0,0,,,扛,True,GOLD,s1_inter_s2_direct
giơ,捈,U+6348,2,0,0,,,涂/除,True,GOLD,s1_inter_s2_similar
giận,𢚷,U+226B7,2,0,0,,,惮/車,True,GOLD,s1_inter_s2_similar
goi,噲,U+5672,2,0,0,,,噲,False,SILVER,s1_inter_s3_out_of_dict
gái,丐,U+4E10,2,0,0,,,丐/巧,True,GOLD,s1_inter_s2_direct/s1_inter_s2_similar
gương,𦎛,U+2639B,2,0,0,,,慰/魏,True,GOLD/SILVER,s1_inter_s2_similar/s3_head_bank_consensus
gạo,梏,U+688F,2,0,0,,,梏/楉,True,GOLD,s1_inter_s2_direct/s1_inter_s2_similar
gởi,改,U+6539,2,0,0,,,改,True,GOLD,s1_inter_s2_direct
hiện,見,U+898B,2,0,0,,,見,True,GOLD,s1_inter_s2_direct
hãi,咳,U+54B3,2,0,0,,,亥,True,GOLD,s1_inter_s2_similar
hóc,斛,U+659B,2,0,0,,,斛,True,GOLD,s1_inter_s2_direct
hóng,烘,U+70D8,2,0,0,,,烘,True,GOLD,s1_inter_s2_direct
hôn,泯,U+6CEF,2,0,0,,,混,True,GOLD,s1_inter_s2_similar
hơi,希,U+5E0C,2,0,0,,,希,True,GOLD,s1_inter_s2_direct
hương,香,U+9999,2,0,0,,,香,True,GOLD,s1_inter_s2_direct
hậu,后,U+540E,2,0,0,,,后,True,GOLD,s1_inter_s2_direct
hậu,後,U+5F8C,2,0,0,,,後,True,GOLD,s1_inter_s2_direct
hẹn,限,U+9650,2,0,0,,,限,True,GOLD,s1_inter_s2_direct
hẹp,挾,U+633E,2,0,0,,,挾,True,GOLD,s1_inter_s2_direct
họa,禍,U+798D,2,0,0,,,獨/禍,True,GOLD/SILVER,s1_inter_s2_direct/s2_inter_s3_corrected
học,學,U+5B78,2,0,0,,,學/𭓕,True,GOLD/SILVER,s1_inter_s2_direct/s2_inter_s3_corrected
hồn,䰟,U+4C1F,2,0,0,,,䰟/恕,True,GOLD/SILVER,s1_inter_s2_direct/s2_inter_s3_corrected
hồn,隗,U+9697,2,0,0,,,地/隗,True,GOLD/SILVER,s1_inter_s2_direct/s2_inter_s3_corrected
khấn,懇,U+61C7,2,0,0,,,懇,True,GOLD,s1_inter_s2_direct
kiện,健,U+5065,2,0,0,,,健,True,GOLD,s1_inter_s2_direct
kê,稽,U+7A3D,2,0,0,,,勢/稽,True,GOLD/SILVER,s1_inter_s2_direct/s3_head_bank_consensus
lao,牢,U+7262,2,0,0,,,牢,True,GOLD,s1_inter_s2_direct
li,丽,U+4E3D,2,0,0,,,匝,True,GOLD,s1_inter_s2_similar
li,莉,U+8389,2,0,0,,,淆/禹,True,GOLD/SILVER,s1_inter_s2_similar/s2_inter_s3_corrected
liêm,廉,U+5EC9,2,0,0,,,廉,True,GOLD,s1_inter_s2_direct
liêu,僚,U+50DA,2,0,0,,,僚,True,GOLD,s1_inter_s2_direct
liếm,歛,U+6B5B,2,0,0,,,欽/致,True,GOLD/SILVER,s1_inter_s2_similar/s3_head_bank_consensus
loài,𩔖,U+29516,2,0,0,,,𩔖,True,GOLD,s1_inter_s2_direct
loài,𩔗,U+29517,2,0,0,,,𩔗,True,GOLD,s1_inter_s2_direct
là,囉,U+56C9,2,0,0,,,罪/要,True,SILVER,s2_inter_s3_corrected
là,容,U+5BB9,2,0,0,,,宅/容,True,GOLD/SILVER,s1_inter_s2_direct/s2_inter_s3_corrected
là,廾,U+5EFE,2,0,0,,,为/小,True,GOLD,s1_inter_s2_similar
là,時,U+6642,2,0,0,,,母/黑,True,SILVER,s2_inter_s3_corrected
là,𪜀,U+2A700,2,0,0,,,卄/女,True,GOLD/SILVER,s1_inter_s2_similar/s2_inter_s3_corrected
lành,袊,U+888A,2,0,0,,,袷,True,GOLD,s1_inter_s2_similar
lâm,林,U+6797,2,0,0,,,林,True,GOLD,s1_inter_s2_direct
lâu,樓,U+6A13,2,0,0,,,樓,True,GOLD,s1_inter_s2_direct
lòng,𢚸,U+226B8,2,0,0,,,尋,True,GOLD,s1_inter_s2_similar
lăn,鄰,U+9130,2,0,0,,,鄰,True,GOLD,s1_inter_s2_direct
lương,糧,U+7CE7,2,0,0,,,糧,True,GOLD,s1_inter_s2_direct
lạc,落,U+843D,2,0,0,,,落,True,GOLD,s1_inter_s2_direct
lại,右,U+53F3,2,0,0,,,左/石,True,GOLD,s1_inter_s2_similar
lại,束,U+675F,2,0,0,,,夏/辰,True,GOLD,s1_inter_s2_similar
lạnh,冷,U+51B7,2,0,0,,,冷,True,GOLD,s1_inter_s2_direct
lấm,淋,U+6DCB,2,0,0,,,淋,True,GOLD,s1_inter_s2_direct
lấp,拉,U+62C9,2,0,0,,,拉,True,GOLD,s1_inter_s2_direct
lầm,淋,U+6DCB,2,0,0,,,淋,True,GOLD,s1_inter_s2_direct
lặn,吝,U+541D,2,0,0,,,吝,True,GOLD,s1_inter_s2_direct
lẽo,了,U+4E86,2,0,0,,,了,True,GOLD,s1_inter_s2_direct
lều,撩,U+64A9,2,0,0,,,撩,True,GOLD,s1_inter_s2_direct
lễ,禮,U+79AE,2,0,0,,,禮,True,GOLD,s1_inter_s2_direct
lệnh,令,U+4EE4,2,0,0,,,令,True,GOLD,s1_inter_s2_direct
lọt,律,U+5F8B,2,0,0,,,律,True,GOLD,s1_inter_s2_direct
lội,磊,U+78CA,2,0,0,,,原/磊,True,GOLD/SILVER,s1_inter_s2_direct/s2_inter_s3_corrected
lời,𠇮,U+201EE,2,0,0,,,肏/𠇮,True,GOLD,s1_inter_s2_direct/s1_inter_s2_similar
ma,磨,U+78E8,2,0,0,,,厯/磨,True,GOLD,s1_inter_s2_direct/s1_inter_s2_similar
mai,枚,U+679A,2,0,0,,,枚,True,GOLD,s1_inter_s2_direct
mong,蒙,U+8499,2,0,0,,,蒙,True,GOLD,s1_inter_s2_direct
muội,昧,U+6627,2,0,0,,,昧,True,GOLD,s1_inter_s2_direct
mà,女,U+5973,2,0,0,,,女,True,GOLD,s1_inter_s2_direct
mây,迷,U+8FF7,2,0,0,,,迷,True,GOLD,s1_inter_s2_direct
mô,獏,U+734F,2,0,0,,,獏,True,GOLD,s1_inter_s2_direct
mắng,莽,U+83BD,2,0,0,,,莽,True,GOLD,s1_inter_s2_direct
mắng,𠻵,U+20EF5,2,0,0,,,葬/馵,True,GOLD/SILVER,s1_inter_s2_similar/s2_inter_s3_corrected
mẽ,美,U+7F8E,2,0,0,,,美/羡,True,GOLD/SILVER,s1_inter_s2_direct/s2_inter_s3_corrected
mỏi,每,U+6BCF,2,0,0,,,每,True,GOLD,s1_inter_s2_direct
mồ,墓,U+5893,2,0,0,,,墓,True,GOLD,s1_inter_s2_direct
một,歿,U+6B7F,2,0,0,,,歿,True,GOLD,s1_inter_s2_direct
một,車,U+8ECA,2,0,0,,,单/重,True,GOLD,s1_inter_s2_similar
mửa,嗎,U+55CE,2,0,0,,,馮,True,GOLD,s1_inter_s2_similar
nanh,獰,U+7370,2,0,0,,,獰,True,GOLD,s1_inter_s2_direct
ngay,𣈜,U+2321C,2,0,0,,,喝/聘,True,SILVER,s2_inter_s3_corrected
nguyền,願,U+9858,2,0,0,,,廟/願,True,GOLD/SILVER,s1_inter_s2_direct/s2_inter_s3_corrected
nguyệt,月,U+6708,2,0,0,,,月,True,GOLD,s1_inter_s2_direct
ngô,吾,U+543E,2,0,0,,,吾,True,GOLD,s1_inter_s2_direct
ngươi,的,U+7684,2,0,0,,,的/躬,True,GOLD/SILVER,s1_inter_s2_direct/s3_head_bank_consensus
ngần,垠,U+57A0,2,0,0,,,垠,True,GOLD,s1_inter_s2_direct
ngọt,兀,U+5140,2,0,0,,,兀,True,GOLD,s1_inter_s2_direct
ngựa,驭,U+9A6D,2,0,0,,,取,True,GOLD,s1_inter_s2_similar
nhau,澆,U+6F86,2,0,0,,,澆,True,GOLD,s1_inter_s2_direct
nhà,牙,U+7259,2,0,0,,,歹,True,GOLD,s1_inter_s2_similar
nhân,人,U+4EBA,2,0,0,,,人,True,GOLD,s1_inter_s2_direct
như,娘,U+5A18,2,0,0,,,妃/恥,True,GOLD/SILVER,s1_inter_s2_similar/s2_inter_s3_corrected
nhạo,道,U+9053,2,0,0,,,楽,True,SILVER,s3_head_bank_consensus
ni,𡰱,U+21C31,2,0,0,,,君,True,SILVER,s2_inter_s3_corrected
noi,内,U+5185,2,0,0,,,内,True,GOLD,s1_inter_s2_direct
non,山,U+5C71,2,0,0,,,谓/顯,True,SILVER,s3_head_bank_consensus
nung,膿,U+81BF,2,0,0,,,膿,True,GOLD,s1_inter_s2_direct
nài,奈,U+5948,2,0,0,,,奈/拳,True,GOLD/SILVER,s1_inter_s2_direct/s2_inter_s3_corrected
nát,湼,U+6E7C,2,0,0,,,湼,True,GOLD,s1_inter_s2_direct
nóc,耨,U+8028,2,0,0,,,耨,True,GOLD,s1_inter_s2_direct
nói,㐻,U+343B,2,0,0,,,肭,True,GOLD,s1_inter_s2_similar
nước,箸,U+7BB8,2,0,0,,,署,True,GOLD,s1_inter_s2_similar
nạn,难,U+96BE,2,0,0,,,难,True,GOLD,s1_inter_s2_direct
nề,泥,U+6CE5,2,0,0,,,泥,True,GOLD,s1_inter_s2_direct
nối,挼,U+633C,2,0,0,,,挼,True,GOLD,s1_inter_s2_direct
oán,𭜨,U+2D728,2,0,0,,,𭜨,True,GOLD,s1_inter_s2_direct
pha,破,U+7834,2,0,0,,,破,True,GOLD,s1_inter_s2_direct
pha,頗,U+9817,2,0,0,,,頗,True,GOLD,s1_inter_s2_direct
phiêu,漂,U+6F02,2,0,0,,,漂,True,GOLD,s1_inter_s2_direct
phục,復,U+5FA9,2,0,0,,,復,True,GOLD,s1_inter_s2_direct
quay,𢮿,U+22BBF,2,0,0,,,捶,True,GOLD,s1_inter_s2_similar
quyền,權,U+6B0A,2,0,0,,,權/𫞐,True,GOLD/SILVER,s1_inter_s2_direct/s3_head_bank_consensus
quán,舘,U+8218,2,0,0,,,舘,True,GOLD,s1_inter_s2_direct
ro,由,U+7531,2,0,0,,,由,True,GOLD,s1_inter_s2_direct
rách,泟,U+6CDF,2,0,0,,,疝/症,True,SILVER,s2_inter_s3_corrected
rút,𢫫,U+22AEB,2,0,0,,,捧,True,GOLD,s1_inter_s2_similar
rối,対,U+5BFE,2,0,0,,,対/时,True,GOLD/SILVER,s1_inter_s2_direct/s2_inter_s3_corrected
rối,綏,U+7D8F,2,0,0,,,姦/編,True,GOLD/SILVER,s1_inter_s2_similar/s3_head_bank_consensus
rỗi,磊,U+78CA,2,0,0,,,瀛/磊,True,GOLD/SILVER,s1_inter_s2_direct/s2_inter_s3_corrected
si,希,U+5E0C,2,0,0,,,希,True,GOLD,s1_inter_s2_direct
si,离,U+79BB,2,0,0,,,槎/离,True,GOLD/SILVER,s1_inter_s2_direct/s3_head_bank_consensus
son,崙,U+5D19,2,0,0,,,崙,True,GOLD,s1_inter_s2_direct
sàu,老,U+8001,2,0,0,,,老,False,SILVER,s1_inter_s3_out_of_dict
sáng,朗,U+6717,2,0,0,,,倒/劍,True,GOLD/SILVER,s1_inter_s2_similar/s2_inter_s3_corrected
sáng,灲,U+7072,2,0,0,,,刈/则,True,SILVER,s3_head_bank_consensus
sâu,娄,U+5A04,2,0,0,,,凄/娑,True,SILVER,s2_inter_s3_corrected
sóng,弄,U+5F04,2,0,0,,,弄,True,GOLD,s1_inter_s2_direct
sườn,𦘹,U+26639,2,0,0,,,朏,True,GOLD,s1_inter_s2_similar
sắc,勑,U+52D1,2,0,0,,,勑,True,GOLD,s1_inter_s2_direct
thai,胎,U+80CE,2,0,0,,,胎/脇,True,GOLD/SILVER,s1_inter_s2_direct/s3_head_bank_consensus
than,熯,U+71AF,2,0,0,,,模/熯,True,GOLD/SILVER,s1_inter_s2_direct/s2_inter_s3_corrected
theo,蹺,U+8E7A,2,0,0,,,曉/蹺,True,GOLD,s1_inter_s2_direct/s1_inter_s2_similar
thi,絁,U+7D41,2,0,0,,,陁,True,GOLD,s1_inter_s2_similar
thuê,稅,U+7A05,2,0,0,,,挑/稅,True,GOLD/SILVER,s1_inter_s2_direct/s3_head_bank_consensus
thê,妻,U+59BB,2,0,0,,,妻,True,GOLD,s1_inter_s2_direct
thì,莳,U+83B3,2,0,0,,,街,True,GOLD,s1_inter_s2_similar
thì,鰣,U+9C23,2,0,0,,,靜,True,GOLD,s1_inter_s2_similar
thí,弛,U+5F1B,2,0,0,,,陁,True,GOLD,s1_inter_s2_similar
thí,譬,U+8B6C,2,0,0,,,譬,True,GOLD,s1_inter_s2_direct
thích,釋,U+91CB,2,0,0,,,釋,True,GOLD,s1_inter_s2_direct
thúng,統,U+7D71,2,0,0,,,統,True,GOLD,s1_inter_s2_direct
thấv,体,U+4F53,2,0,0,,,体,False,SILVER,s1_inter_s3_out_of_dict
thổi,退,U+9000,2,0,0,,,退,True,GOLD,s1_inter_s2_direct
thờ,徐,U+5F90,2,0,0,,,徐,True,GOLD,s1_inter_s2_direct
thủ,守,U+5B88,2,0,0,,,守,True,GOLD,s1_inter_s2_direct
tiền,銭,U+92AD,2,0,0,,,銭,True,GOLD,s1_inter_s2_direct
to,穌,U+7A4C,2,0,0,,,舞/酥,True,GOLD/SILVER,s1_inter_s2_similar/s2_inter_s3_corrected
toi,𤻒,U+24ED2,2,0,0,,,碎,True,GOLD,s1_inter_s2_similar
trang,荘,U+8358,2,0,0,,,荘,True,GOLD,s1_inter_s2_direct
truoc,畧,U+7567,2,0,0,,,畧,False,SILVER,s1_inter_s3_out_of_dict
truy,追,U+8FFD,2,0,0,,,追,True,GOLD,s1_inter_s2_direct
truồng,仲,U+4EF2,2,0,0,,,冲,True,GOLD,s1_inter_s2_similar
trái,𣡙,U+23859,2,0,0,,,懶/順,True,GOLD/SILVER,s1_inter_s2_similar/s2_inter_s3_corrected
trói,綴,U+7DB4,2,0,0,,,綴,True,GOLD,s1_inter_s2_direct
trùng,重,U+91CD,2,0,0,,,重,True,GOLD,s1_inter_s2_direct
trường,塲,U+5872,2,0,0,,,塲,True,GOLD,s1_inter_s2_direct
trắng,壮,U+58EE,2,0,0,,,壮,True,GOLD,s1_inter_s2_direct
trọn,論,U+8AD6,2,0,0,,,論,True,GOLD,s1_inter_s2_direct
trốn,迍,U+8FCD,2,0,0,,,連,True,SILVER,s2_inter_s3_corrected
tê,棲,U+68F2,2,0,0,,,接/棲,True,GOLD/SILVER,s1_inter_s2_direct/s3_head_bank_consensus
tôi,倅,U+5005,2,0,0,,,伻/倅,True,GOLD,s1_inter_s2_direct/s1_inter_s2_similar
tăm,心,U+5FC3,2,0,0,,,心,True,GOLD,s1_inter_s2_direct
tạo,造,U+9020,2,0,0,,,造/𨖥,True,GOLD/SILVER,s1_inter_s2_direct/s2_inter_s3_corrected
tả,左,U+5DE6,2,0,0,,,左,True,GOLD,s1_inter_s2_direct
tắt,必,U+5FC5,2,0,0,,,少,True,GOLD,s1_inter_s2_similar
tắt,悉,U+6089,2,0,0,,,悉,True,GOLD,s1_inter_s2_direct
tợn,羡,U+7FA1,2,0,0,,,羡/隻,True,GOLD/SILVER,s1_inter_s2_direct/s2_inter_s3_corrected
tục,俗,U+4FD7,2,0,0,,,俗,True,GOLD,s1_inter_s2_direct
từ,辞,U+8F9E,2,0,0,,,辞,True,GOLD,s1_inter_s2_direct
uế,穢,U+7A62,2,0,0,,,穢,True,GOLD,s1_inter_s2_direct
vò,圩,U+5729,2,0,0,,,圩,True,GOLD,s1_inter_s2_direct
văng,永,U+6C38,2,0,0,,,永,True,GOLD,s1_inter_s2_direct
vườn,園,U+5712,2,0,0,,,園,True,GOLD,s1_inter_s2_direct
vậv,丕,U+4E15,2,0,0,,,丕,False,SILVER,s1_inter_s3_out_of_dict
vậy,㔻,U+353B,2,0,0,,,㔻,True,GOLD,s1_inter_s2_direct
vị,味,U+5473,2,0,0,,,味,True,GOLD,s1_inter_s2_direct
xau,丑,U+4E11,2,0,0,,,丑,False,SILVER,s1_inter_s3_out_of_dict
xi,侈,U+4F88,2,0,0,,,沙/移,True,GOLD,s1_inter_s2_similar
xiêu,漂,U+6F02,2,0,0,,,漂,True,GOLD,s1_inter_s2_direct
xui,吹,U+5439,2,0,0,,,吹/次,True,GOLD,s1_inter_s2_direct/s1_inter_s2_similar
xưng,稱,U+7A31,2,0,0,,,稱,True,GOLD,s1_inter_s2_direct
xứ,𠁅,U+20045,2,0,0,,,豦/𠁅,True,GOLD/SILVER,s1_inter_s2_direct/s2_inter_s3_corrected
xức,式,U+5F0F,2,0,0,,,式,True,GOLD,s1_inter_s2_direct
yêu,㤇,U+3907,2,0,0,,,氏,True,GOLD,s1_inter_s2_similar
ác,恶,U+6076,2,0,0,,,恶,True,GOLD,s1_inter_s2_direct
ái,愛,U+611B,2,0,0,,,愛,True,GOLD,s1_inter_s2_direct
án,安,U+5B89,2,0,0,,,安/要,True,GOLD/SILVER,s1_inter_s2_direct/s2_inter_s3_corrected
ánh,暎,U+668E,2,0,0,,,暎,True,GOLD,s1_inter_s2_direct
êm,厭,U+53AD,2,0,0,,,厭,True,GOLD,s1_inter_s2_direct
ô,塢,U+5862,2,0,0,,,怎/皇,True,GOLD,s1_inter_s2_similar
ông,王,U+738B,2,0,0,,,主/王,True,GOLD,s1_inter_s2_direct/s1_inter_s2_similar
đe,哆,U+54C6,2,0,0,,,哆,True,GOLD,s1_inter_s2_direct
đeo,刀,U+5200,2,0,0,,,刀,True,GOLD,s1_inter_s2_direct
đong,㨂,U+3A02,2,0,0,,,棟/陳,True,GOLD/SILVER,s1_inter_s2_similar/s2_inter_s3_corrected
đây,假,U+5047,2,0,0,,,假,True,GOLD,s1_inter_s2_direct
đã,乑,U+4E51,2,0,0,,,乇/來,True,GOLD/SILVER,s1_inter_s2_similar/s2_inter_s3_corrected
đói,对,U+5BF9,2,0,0,,,对,True,GOLD,s1_inter_s2_direct
đón,迍,U+8FCD,2,0,0,,,䢌/迍,True,GOLD/SILVER,s1_inter_s2_direct/s2_inter_s3_corrected
đôi,堆,U+5806,2,0,0,,,唯/堆,True,GOLD/SILVER,s1_inter_s2_direct/s2_inter_s3_corrected
đường,堂,U+5802,2,0,0,,,堂,True,GOLD,s1_inter_s2_direct
được,待,U+5F85,2,0,0,,,传/待,True,GOLD/SILVER,s1_inter_s2_direct/s2_inter_s3_corrected
đạp,踏,U+8E0F,2,0,0,,,踏,True,GOLD,s1_inter_s2_direct
đến,典,U+5178,2,0,0,,,典,True,GOLD,s1_inter_s2_direct
đến,𨀏,U+2800F,2,0,0,,,公/田,True,GOLD/SILVER,s1_inter_s2_similar/s2_inter_s3_corrected
đền,田,U+7530,2,0,0,,,田,True,GOLD,s1_inter_s2_direct
đốt,拙,U+62D9,2,0,0,,,㷔/墻,True,SILVER,s2_inter_s3_corrected
đổ,覩,U+89A9,2,0,0,,,覩,True,GOLD,s1_inter_s2_direct
độc,櫝,U+6ADD,2,0,0,,,櫝,True,GOLD,s1_inter_s2_direct
đứng,等,U+7B49,2,0,0,,,等,True,GOLD,s1_inter_s2_direct
ơ,於,U+65BC,2,0,0,,,於,True,GOLD,s1_inter_s2_direct
ẩn,隐,U+9690,2,0,0,,,隐,True,GOLD,s1_inter_s2_direct
ẩn,隠,U+96A0,2,0,0,,,隠,True,GOLD,s1_inter_s2_direct
a,价,U+4EF7,1,0,0,,,及,True,GOLD,s1_inter_s2_similar
a,假,U+5047,1,0,0,,,两,True,GOLD,s1_inter_s2_similar
a,哑,U+54D1,1,0,0,,,亚,True,GOLD,s1_inter_s2_similar
a,堊,U+580A,1,0,0,,,並,True,SILVER,s2_inter_s3_corrected
ai,捱,U+6371,1,0,0,,,罪,True,GOLD,s1_inter_s2_similar
am,奄,U+5944,1,0,0,,,奄,True,GOLD,s1_inter_s2_direct
am,裺,U+88FA,1,0,0,,,淹,True,GOLD,s1_inter_s2_similar
am,諳,U+8AF3,1,0,0,,,語,True,GOLD,s1_inter_s2_similar
atina,那,U+90A3,1,0,0,,,那,False,SILVER,s1_inter_s3_out_of_dict
ay,炤,U+70A4,1,0,0,,,炤,False,SILVER,s1_inter_s3_out_of_dict
aythi,寺,U+5BFA,1,0,0,,,寺,False,SILVER,s1_inter_s3_out_of_dict
ba,三,U+4E09,1,0,0,,,三,True,GOLD,s1_inter_s2_direct
bam,巴,U+5DF4,1,0,0,,,巴,False,SILVER,s1_inter_s3_out_of_dict
ban,拌,U+62CC,1,0,0,,,伴,True,GOLD,s1_inter_s2_similar
ban,頒,U+9812,1,0,0,,,頒,True,GOLD,s1_inter_s2_direct
be,陂,U+9642,1,0,0,,,波,True,GOLD,s1_inter_s2_similar
biet,别,U+522B,1,0,0,,,别,False,SILVER,s1_inter_s3_out_of_dict
biếhỏi,塊,U+584A,1,0,0,,,塊,False,SILVER,s1_inter_s3_out_of_dict
biến,𣷷,U+23DF7,1,0,0,,,麽,True,GOLD,s1_inter_s2_similar
biếng,丙,U+4E19,1,0,0,,,丙,True,GOLD,s1_inter_s2_direct
buôn,倴,U+5034,1,0,0,,,奪,True,GOLD,s1_inter_s2_similar
buôn,盆,U+76C6,1,0,0,,,盆,True,GOLD,s1_inter_s2_direct
buồm,㠶,U+3836,1,0,0,,,㠶,True,GOLD,s1_inter_s2_direct
bá,叭,U+53ED,1,0,0,,,八,True,GOLD,s1_inter_s2_similar
bãi,罷,U+7F77,1,0,0,,,罷,True,GOLD,s1_inter_s2_direct
bênh,兵,U+5175,1,0,0,,,兵,True,GOLD,s1_inter_s2_direct
bì,皮,U+76AE,1,0,0,,,皮,True,GOLD,s1_inter_s2_direct
bình,并,U+5E76,1,0,0,,,并,True,GOLD,s1_inter_s2_direct
bí,賁,U+8CC1,1,0,0,,,賁,True,GOLD,s1_inter_s2_direct
bò,補,U+88DC,1,0,0,,,補,True,GOLD,s1_inter_s2_direct
bòn,盆,U+76C6,1,0,0,,,举,True,SILVER,s3_head_bank_consensus
bó,補,U+88DC,1,0,0,,,補,True,GOLD,s1_inter_s2_direct
bóng,俸,U+4FF8,1,0,0,,,俸,True,GOLD,s1_inter_s2_direct
bót,扒,U+6252,1,0,0,,,扒,False,SILVER,s1_inter_s3_out_of_dict
bô,哺,U+54FA,1,0,0,,,哺,True,GOLD,s1_inter_s2_direct
búa,鈽,U+923D,1,0,0,,,鈍,True,GOLD,s1_inter_s2_similar
bút,筆,U+7B46,1,0,0,,,筆,True,GOLD,s1_inter_s2_direct
bạn,拌,U+62CC,1,0,0,,,拌,True,GOLD,s1_inter_s2_direct
bản,本,U+672C,1,0,0,,,本,True,GOLD,s1_inter_s2_direct
bảo,𠈃,U+20203,1,0,0,,,𠈃,True,GOLD,s1_inter_s2_direct
bắc,北,U+5317,1,0,0,,,北,True,GOLD,s1_inter_s2_direct
bắn,半,U+534A,1,0,0,,,丰,True,GOLD,s1_inter_s2_similar
bắt,北,U+5317,1,0,0,,,北,True,GOLD,s1_inter_s2_direct
bọt,浡,U+6D61,1,0,0,,,浡,True,GOLD,s1_inter_s2_direct
bồn,盆,U+76C6,1,0,0,,,𢬵,True,SILVER,s3_head_bank_consensus
bổ,補,U+88DC,1,0,0,,,補,True,GOLD,s1_inter_s2_direct
bớ,叭,U+53ED,1,0,0,,,槐,True,SILVER,s3_head_bank_consensus
bớt,捌,U+634C,1,0,0,,,捌,True,GOLD,s1_inter_s2_direct
bởi,罷,U+7F77,1,0,0,,,罷,True,GOLD,s1_inter_s2_direct
bởi,羆,U+7F86,1,0,0,,,黑,True,GOLD,s1_inter_s2_similar
bứt,抔,U+6294,1,0,0,,,抔,True,GOLD,s1_inter_s2_direct
bửa,把,U+628A,1,0,0,,,把,True,GOLD,s1_inter_s2_direct
ca,可,U+53EF,1,0,0,,,付,True,SILVER,s2_inter_s3_corrected
ca,哿,U+54FF,1,0,0,,,對,True,SILVER,s2_inter_s3_corrected
ca,嘎,U+560E,1,0,0,,,境,True,GOLD,s1_inter_s2_similar
ca,旭,U+65ED,1,0,0,,,也,True,GOLD,s1_inter_s2_similar
canh,更,U+66F4,1,0,0,,,更,True,GOLD,s1_inter_s2_direct
cao,嗶,U+55F6,1,0,0,,,畢,True,GOLD,s1_inter_s2_similar
cha,咱,U+54B1,1,0,0,,,旧,True,GOLD,s1_inter_s2_similar
cha,托,U+6258,1,0,0,,,托,True,GOLD,s1_inter_s2_direct
che,𩂏,U+2908F,1,0,0,,,雪,True,GOLD,s1_inter_s2_similar
chet,折,U+6298,1,0,0,,,折,False,SILVER,s1_inter_s3_out_of_dict
chi,枝,U+679D,1,0,0,,,技,True,GOLD,s1_inter_s2_similar
chi,氏,U+6C0F,1,0,0,,,氏,True,GOLD,s1_inter_s2_direct
chia,吱,U+5431,1,0,0,,,伎,True,SILVER,s2_inter_s3_corrected
chiu,炤,U+70A4,1,0,0,,,炤,True,GOLD,s1_inter_s2_direct
chiudao,道,U+9053,1,0,0,,,道,False,SILVER,s1_inter_s3_out_of_dict
chono,奴,U+5974,1,0,0,,,奴,False,SILVER,s1_inter_s3_out_of_dict
chua,𠰍,U+20C0D,1,0,0,,,主,True,GOLD,s1_inter_s2_similar
châm,針,U+91DD,1,0,0,,,針,True,GOLD,s1_inter_s2_direct
chân,嗔,U+55D4,1,0,0,,,嗔,True,GOLD,s1_inter_s2_direct
chí,志,U+5FD7,1,0,0,,,志,True,GOLD,s1_inter_s2_direct
chín,㐱,U+3431,1,0,0,,,㐱,True,GOLD,s1_inter_s2_direct
chín,佂,U+4F42,1,0,0,,,伍,True,GOLD,s1_inter_s2_similar
chói,𤈜,U+2421C,1,0,0,,,蛭,True,GOLD,s1_inter_s2_similar
chùy,椎,U+690E,1,0,0,,,椎,True,GOLD,s1_inter_s2_direct
chúahúa,主,U+4E3B,1,0,0,,,主,False,SILVER,s1_inter_s3_out_of_dict
chăng,張,U+5F35,1,0,0,,,張,True,GOLD,s1_inter_s2_direct
chăng,荘,U+8358,1,0,0,,,荘,True,GOLD,s1_inter_s2_direct
chĩnh,埕,U+57D5,1,0,0,,,埕,True,GOLD,s1_inter_s2_direct
chưa,濐,U+6FD0,1,0,0,,,屠,True,GOLD,s1_inter_s2_similar
chưa,諸,U+8AF8,1,0,0,,,諸,True,GOLD,s1_inter_s2_direct
chưa,𤀞,U+2401E,1,0,0,,,消,True,SILVER,s2_inter_s3_corrected
chải,扯,U+626F,1,0,0,,,扯,True,GOLD,s1_inter_s2_direct
chải,止,U+6B62,1,0,0,,,止,True,GOLD,s1_inter_s2_direct
chầy,遅,U+9045,1,0,0,,,遷,True,GOLD,s1_inter_s2_similar
chầy,遟,U+905F,1,0,0,,,遟,True,GOLD,s1_inter_s2_direct
chậm,甚,U+751A,1,0,0,,,甚,True,GOLD,s1_inter_s2_direct
chằng,庄,U+5E84,1,0,0,,,庒,True,GOLD,s1_inter_s2_similar
chẳng,㽵,U+3F75,1,0,0,,,㽵,True,GOLD,s1_inter_s2_direct
chết,托,U+6258,1,0,0,,,乇,True,GOLD,s1_inter_s2_similar
chết,摺,U+647A,1,0,0,,,摺,True,GOLD,s1_inter_s2_direct
chị,肺,U+80BA,1,0,0,,,肺,True,GOLD,s1_inter_s2_direct
chịu,受,U+53D7,1,0,0,,,受,True,GOLD,s1_inter_s2_direct
chịu,𠮦,U+20BA6,1,0,0,,,𠮦,True,GOLD,s1_inter_s2_direct
chớ,陼,U+967C,1,0,0,,,陼,True,GOLD,s1_inter_s2_direct
chớ,𤈪,U+2422A,1,0,0,,,滅,True,GOLD,s1_inter_s2_similar
chờ,除,U+9664,1,0,0,,,除,True,GOLD,s1_inter_s2_direct
chợ,助,U+52A9,1,0,0,,,助,True,GOLD,s1_inter_s2_direct
chứa,𥢳,U+258B3,1,0,0,,,爾,True,GOLD,s1_inter_s2_similar
chứng,證,U+8B49,1,0,0,,,證,True,GOLD,s1_inter_s2_direct
chừa,徐,U+5F90,1,0,0,,,徐,True,GOLD,s1_inter_s2_direct
chực,直,U+76F4,1,0,0,,,直,True,GOLD,s1_inter_s2_direct
co,姑,U+59D1,1,0,0,,,姑,True,GOLD,s1_inter_s2_direct
con,罤,U+7F64,1,0,0,,,罢,True,GOLD,s1_inter_s2_similar
con,群,U+7FA4,1,0,0,,,群,True,GOLD,s1_inter_s2_direct
conhiều,吒,U+5412,1,0,0,,,吒,False,SILVER,s1_inter_s3_out_of_dict
cuagi,之,U+4E4B,1,0,0,,,之,False,SILVER,s1_inter_s3_out_of_dict
cuan,官,U+5B98,1,0,0,,,官,False,SILVER,s1_inter_s3_out_of_dict
cung,邛,U+909B,1,0,0,,,女,True,GOLD,s1_inter_s2_similar
cuốn,卷,U+5377,1,0,0,,,卷,True,GOLD,s1_inter_s2_direct
cà,哥,U+54E5,1,0,0,,,哥,True,GOLD,s1_inter_s2_direct
cành,挭,U+632D,1,0,0,,,授,True,SILVER,s2_inter_s3_corrected
các,挃,U+6303,1,0,0,,,摂,True,GOLD,s1_inter_s2_similar
cách,恪,U+606A,1,0,0,,,烙,True,SILVER,s3_head_bank_consensus
cách,隔,U+9694,1,0,0,,,隔,True,GOLD,s1_inter_s2_direct
cácho,朱,U+6731,1,0,0,,,朱,False,SILVER,s1_inter_s3_out_of_dict
cáchánh,垩,U+57A9,1,0,0,,,垩,False,SILVER,s1_inter_s3_out_of_dict
cánh,更,U+66F4,1,0,0,,,更,True,GOLD,s1_inter_s2_direct
cát,葛,U+845B,1,0,0,,,葛,True,GOLD,s1_inter_s2_direct
câm,今,U+4ECA,1,0,0,,,今,True,GOLD,s1_inter_s2_direct
câu,抅,U+6285,1,0,0,,,抅,True,GOLD,s1_inter_s2_direct
câu,朐,U+6710,1,0,0,,,胸,True,GOLD,s1_inter_s2_similar
câu,鈎,U+920E,1,0,0,,,鈎,True,GOLD,s1_inter_s2_direct
còn,自,U+81EA,1,0,0,,,旦,True,GOLD,s1_inter_s2_similar
còn,𡥵,U+21975,1,0,0,,,渡,True,GOLD,s1_inter_s2_similar
có,古,U+53E4,1,0,0,,,古,True,GOLD,s1_inter_s2_direct
có,窖,U+7A96,1,0,0,,,离,True,GOLD,s1_inter_s2_similar
có,者,U+8005,1,0,0,,,者,True,GOLD,s1_inter_s2_direct
cóp,合,U+5408,1,0,0,,,风,True,SILVER,s2_inter_s3_corrected
côn,混,U+6DF7,1,0,0,,,混,True,GOLD,s1_inter_s2_direct
cùng,廾,U+5EFE,1,0,0,,,万,True,GOLD,s1_inter_s2_similar
cùng,蛩,U+86E9,1,0,0,,,異,True,GOLD,s1_inter_s2_similar
cùng,𡀳,U+21033,1,0,0,,,唯,True,GOLD,s1_inter_s2_similar
cùng,𡃕,U+210D5,1,0,0,,,噶,True,GOLD,s1_inter_s2_similar
cúi,𨆝,U+2819D,1,0,0,,,蹌,True,GOLD,s1_inter_s2_similar
căn,垠,U+57A0,1,0,0,,,艮,True,SILVER,s2_inter_s3_corrected
cũng,廾,U+5EFE,1,0,0,,,丹,True,GOLD,s1_inter_s2_similar
cơm,𩚵,U+296B5,1,0,0,,,餌,True,GOLD,s1_inter_s2_similar
cương,綱,U+7DB1,1,0,0,,,綱,True,GOLD,s1_inter_s2_direct
cướp,刼,U+523C,1,0,0,,,刼,True,GOLD,s1_inter_s2_direct
cảm,感,U+611F,1,0,0,,,感,True,GOLD,s1_inter_s2_direct
cảnh,景,U+666F,1,0,0,,,景,True,GOLD,s1_inter_s2_direct
cất,揭,U+63ED,1,0,0,,,摺,True,GOLD,s1_inter_s2_similar
cầm,吟,U+541F,1,0,0,,,吟,True,GOLD,s1_inter_s2_direct
cần,勤,U+52E4,1,0,0,,,勤,True,GOLD,s1_inter_s2_direct
cập,及,U+53CA,1,0,0,,,及,True,GOLD,s1_inter_s2_direct
cắn,艮,U+826E,1,0,0,,,懷,True,SILVER,s2_inter_s3_corrected
cặp,及,U+53CA,1,0,0,,,孤,True,SILVER,s3_head_bank_consensus
cỏi,塊,U+584A,1,0,0,,,擒,True,SILVER,s3_head_bank_consensus
cối,檜,U+6A9C,1,0,0,,,檜,True,GOLD,s1_inter_s2_direct
cội,檜,U+6A9C,1,0,0,,,擒,True,SILVER,s2_inter_s3_corrected
cột,榾,U+69BE,1,0,0,,,榾,True,GOLD,s1_inter_s2_direct
của,咕,U+5495,1,0,0,,,苦,True,GOLD,s1_inter_s2_similar
cứ,㨿,U+3A3F,1,0,0,,,㨿,True,GOLD,s1_inter_s2_direct
cứng,亙,U+4E99,1,0,0,,,互,True,GOLD,s1_inter_s2_similar
cứng,勁,U+52C1,1,0,0,,,勁,True,GOLD,s1_inter_s2_direct
cứu,救,U+6551,1,0,0,,,救,True,GOLD,s1_inter_s2_direct
cửa,舉,U+8209,1,0,0,,,舉,True,GOLD,s1_inter_s2_direct
da,多,U+591A,1,0,0,,,多,True,GOLD,s1_inter_s2_direct
dai,帶,U+5E36,1,0,0,,,浅,True,SILVER,s3_head_bank_consensus
den,事,U+4E8B,1,0,0,,,事,False,SILVER,s1_inter_s3_out_of_dict
di,趍,U+8D8D,1,0,0,,,趍,True,GOLD,s1_inter_s2_direct
di,鲐,U+9C90,1,0,0,,,結,True,GOLD,s1_inter_s2_similar
diêu,姚,U+59DA,1,0,0,,,桃,True,SILVER,s2_inter_s3_corrected
dong,冬,U+51AC,1,0,0,,,冬,True,GOLD,s1_inter_s2_direct
du,汓,U+6C53,1,0,0,,,好,True,GOLD,s1_inter_s2_similar
dài,來,U+4F86,1,0,0,,,果,True,GOLD,s1_inter_s2_similar
dành,仃,U+4EC3,1,0,0,,,仃,True,GOLD,s1_inter_s2_direct
dành,停,U+505C,1,0,0,,,停,True,GOLD,s1_inter_s2_direct
dâm,婬,U+5A6C,1,0,0,,,婬,True,GOLD,s1_inter_s2_direct
dê,羝,U+7F9D,1,0,0,,,羝,True,GOLD,s1_inter_s2_direct
dù,𢂎,U+2208E,1,0,0,,,曲,True,GOLD,s1_inter_s2_similar
dơ,抒,U+6292,1,0,0,,,序,True,GOLD,s1_inter_s2_similar
dư,与,U+4E0E,1,0,0,,,与,True,GOLD,s1_inter_s2_direct
dạ,夜,U+591C,1,0,0,,,夜,True,GOLD,s1_inter_s2_direct
dại,曵,U+66F5,1,0,0,,,曵,True,GOLD,s1_inter_s2_direct
dạy,教,U+6559,1,0,0,,,教,True,GOLD,s1_inter_s2_direct
dậv,曳,U+66F3,1,0,0,,,曳,False,SILVER,s1_inter_s3_out_of_dict
dặm,琰,U+7430,1,0,0,,,琰,True,GOLD,s1_inter_s2_direct
dệt,滅,U+6EC5,1,0,0,,,滅,True,GOLD,s1_inter_s2_direct
dọc,獨,U+7368,1,0,0,,,獨,True,GOLD,s1_inter_s2_direct
dố,𤰞,U+24C1E,1,0,0,,,𤰞,False,SILVER,s1_inter_s3_out_of_dict
dộng,洞,U+6D1E,1,0,0,,,溷,True,GOLD,s1_inter_s2_similar
dụ,喻,U+55BB,1,0,0,,,喻,True,GOLD,s1_inter_s2_direct
dụ,誘,U+8A98,1,0,0,,,誘,True,GOLD,s1_inter_s2_direct
dức,拭,U+62ED,1,0,0,,,身,True,GOLD,s1_inter_s2_similar
dức,𠯅,U+20BC5,1,0,0,,,弋,True,GOLD,s1_inter_s2_similar
dứt,悉,U+6089,1,0,0,,,悉,True,GOLD,s1_inter_s2_direct
dứt,担,U+62C5,1,0,0,,,坦,True,GOLD,s1_inter_s2_similar
dừa,梌,U+688C,1,0,0,,,餘,True,GOLD,s1_inter_s2_similar
dừa,椰,U+6930,1,0,0,,,椰,True,GOLD,s1_inter_s2_direct
dừng,停,U+505C,1,0,0,,,停,True,GOLD,s1_inter_s2_direct
dữ,與,U+8207,1,0,0,,,與,True,GOLD,s1_inter_s2_direct
dựa,預,U+9810,1,0,0,,,預,True,GOLD,s1_inter_s2_direct
e,依,U+4F9D,1,0,0,,,依,True,GOLD,s1_inter_s2_direct
em,𠲖,U+20C96,1,0,0,,,來,True,GOLD,s1_inter_s2_similar
ga,車,U+8ECA,1,0,0,,,車,False,SILVER,s1_inter_s3_out_of_dict
ghen,慳,U+6173,1,0,0,,,慳,True,GOLD,s1_inter_s2_direct
gia,荼,U+837C,1,0,0,,,茶,True,GOLD,s1_inter_s2_similar
gian,艰,U+8270,1,0,0,,,艰,True,GOLD,s1_inter_s2_direct
giao,交,U+4EA4,1,0,0,,,交,True,GOLD,s1_inter_s2_direct
giao,教,U+6559,1,0,0,,,教,True,GOLD,s1_inter_s2_direct
gieo,招,U+62DB,1,0,0,,,炤,True,GOLD,s1_inter_s2_similar
gio,加,U+52A0,1,0,0,,,加,False,SILVER,s1_inter_s3_out_of_dict
giu,朱,U+6731,1,0,0,,,朱,False,SILVER,s1_inter_s3_out_of_dict
giu,板,U+677F,1,0,0,,,板,False,SILVER,s1_inter_s3_out_of_dict
giu,秋,U+79CB,1,0,0,,,秋,False,SILVER,s1_inter_s3_out_of_dict
già,樝,U+6A1D,1,0,0,,,麾,True,GOLD,s1_inter_s2_similar
già,袈,U+8888,1,0,0,,,架,True,GOLD,s1_inter_s2_similar
già,迦,U+8FE6,1,0,0,,,迦,True,GOLD,s1_inter_s2_direct
giáp,甲,U+7532,1,0,0,,,甲,True,GOLD,s1_inter_s2_direct
giã,㨋,U+3A0B,1,0,0,,,渚,True,GOLD,s1_inter_s2_similar
gióp,樞,U+6A1E,1,0,0,,,樞,False,SILVER,s1_inter_s3_out_of_dict
giư,佇,U+4F47,1,0,0,,,佇,False,SILVER,s1_inter_s3_out_of_dict
giấy,紙,U+7D19,1,0,0,,,紙,True,GOLD,s1_inter_s2_direct
giếng,井,U+4E95,1,0,0,,,井,True,GOLD,s1_inter_s2_direct
giữ,㑏,U+344F,1,0,0,,,付,True,GOLD,s1_inter_s2_similar
giữ,与,U+4E0E,1,0,0,,,与,True,GOLD,s1_inter_s2_direct
go,姑,U+59D1,1,0,0,,,姑,True,GOLD,s1_inter_s2_direct
gác,各,U+5404,1,0,0,,,各,True,GOLD,s1_inter_s2_direct
gây,𢲧,U+22CA7,1,0,0,,,搃,True,GOLD,s1_inter_s2_similar
gìn,廛,U+5EDB,1,0,0,,,廛,True,GOLD,s1_inter_s2_direct
góc,谷,U+8C37,1,0,0,,,谷,True,GOLD,s1_inter_s2_direct
gạo,𥽌,U+25F4C,1,0,0,,,糙,True,GOLD,s1_inter_s2_similar
gả,嫁,U+5AC1,1,0,0,,,嫁,True,GOLD,s1_inter_s2_direct
gấm,錦,U+9326,1,0,0,,,錦,True,GOLD,s1_inter_s2_direct
gần,斤,U+65A4,1,0,0,,,尺,True,GOLD,s1_inter_s2_similar
gần,近,U+8FD1,1,0,0,,,爲,True,GOLD,s1_inter_s2_similar
gần,釿,U+91FF,1,0,0,,,斷,True,GOLD,s1_inter_s2_similar
gầy,計,U+8A08,1,0,0,,,摂,True,SILVER,s3_head_bank_consensus
gập,及,U+53CA,1,0,0,,,孤,True,SILVER,s3_head_bank_consensus
gọi,𨆝,U+2819D,1,0,0,,,繪,True,GOLD,s1_inter_s2_similar
gố,枯,U+67AF,1,0,0,,,枯,False,SILVER,s1_inter_s3_out_of_dict
gốc,㭲,U+3B72,1,0,0,,,松,True,GOLD,s1_inter_s2_similar
gổ,枯,U+67AF,1,0,0,,,枯,False,SILVER,s1_inter_s3_out_of_dict
hay,䏻,U+43FB,1,0,0,,,䏻,True,GOLD,s1_inter_s2_direct
hay,台,U+53F0,1,0,0,,,台,True,GOLD,s1_inter_s2_direct
hay,唭,U+552D,1,0,0,,,其,True,GOLD,s1_inter_s2_similar
hiền,䝨,U+4768,1,0,0,,,䝨,True,GOLD,s1_inter_s2_direct
hiểu,曉,U+66C9,1,0,0,,,曉,True,GOLD,s1_inter_s2_direct
huống,貺,U+8CBA,1,0,0,,,既,True,GOLD,s1_inter_s2_similar
hà,荷,U+8377,1,0,0,,,荷,True,GOLD,s1_inter_s2_direct
hài,諧,U+8AE7,1,0,0,,,諧,True,GOLD,s1_inter_s2_direct
hào,淆,U+6DC6,1,0,0,,,淆,True,GOLD,s1_inter_s2_direct
hào,豪,U+8C6A,1,0,0,,,豪,True,GOLD,s1_inter_s2_direct
hám,撼,U+64BC,1,0,0,,,撼,True,GOLD,s1_inter_s2_direct
háo,好,U+597D,1,0,0,,,好,True,GOLD,s1_inter_s2_direct
hát,欯,U+6B2F,1,0,0,,,欿,True,GOLD,s1_inter_s2_similar
hãi,骇,U+9A87,1,0,0,,,刻,True,GOLD,s1_inter_s2_similar
hè,夏,U+590F,1,0,0,,,夏,True,GOLD,s1_inter_s2_direct
hèn,閒,U+9592,1,0,0,,,開,True,GOLD,s1_inter_s2_similar
hét,喝,U+559D,1,0,0,,,喝,True,GOLD,s1_inter_s2_direct
hòm,函,U+51FD,1,0,0,,,函,True,GOLD,s1_inter_s2_direct
hót,忽,U+5FFD,1,0,0,,,忽,True,GOLD,s1_inter_s2_direct
hõi,矣,U+77E3,1,0,0,,,矣,False,SILVER,s1_inter_s3_out_of_dict
hăng,行,U+884C,1,0,0,,,恒,True,SILVER,s3_head_bank_consensus
hư,虛,U+865B,1,0,0,,,虛,True,GOLD,s1_inter_s2_direct
hầu,候,U+5019,1,0,0,,,候,True,GOLD,s1_inter_s2_direct
hầu,矦,U+77E6,1,0,0,,,矦,True,GOLD,s1_inter_s2_direct
hằng,亙,U+4E99,1,0,0,,,怛,True,SILVER,s2_inter_s3_corrected
hằng,恆,U+6046,1,0,0,,,恆,True,GOLD,s1_inter_s2_direct
hẹn,恨,U+6068,1,0,0,,,恨,True,GOLD,s1_inter_s2_direct
hết,哈,U+54C8,1,0,0,,,哈,True,GOLD,s1_inter_s2_direct
họa,祸,U+7978,1,0,0,,,祸,True,GOLD,s1_inter_s2_direct
họa,𥘑,U+25611,1,0,0,,,対,True,GOLD,s1_inter_s2_similar
hỏi,誨,U+8AA8,1,0,0,,,誨,True,GOLD,s1_inter_s2_direct
hộ,䕶,U+4576,1,0,0,,,䕶,True,GOLD,s1_inter_s2_direct
hờn,恨,U+6068,1,0,0,,,恨,True,GOLD,s1_inter_s2_direct
hợi,亥,U+4EA5,1,0,0,,,亥,True,GOLD,s1_inter_s2_direct
hữu,友,U+53CB,1,0,0,,,犮,True,GOLD,s1_inter_s2_similar
i,揆,U+63C6,1,0,0,,,投,True,GOLD,s1_inter_s2_similar
ii,离,U+79BB,1,0,0,,,离,False,SILVER,s1_inter_s3_out_of_dict
imình,𠇮,U+201EE,1,0,0,,,𠇮,False,SILVER,s1_inter_s3_out_of_dict
in,抑,U+6291,1,0,0,,,仰,True,GOLD,s1_inter_s2_similar
iu,夭,U+592D,1,0,0,,,夭,False,SILVER,s1_inter_s3_out_of_dict
ka,歌,U+6B4C,1,0,0,,,歌,False,SILVER,s1_inter_s3_out_of_dict
khac,恪,U+606A,1,0,0,,,恪,False,SILVER,s1_inter_s3_out_of_dict
khang,康,U+5EB7,1,0,0,,,康,True,GOLD,s1_inter_s2_direct
khi,唭,U+552D,1,0,0,,,共,True,GOLD,s1_inter_s2_similar
khi,攲,U+6532,1,0,0,,,坡,True,GOLD,s1_inter_s2_similar
khi,猗,U+7317,1,0,0,,,犯,True,GOLD,s1_inter_s2_similar
khiêng,輕,U+8F15,1,0,0,,,輕,True,GOLD,s1_inter_s2_direct
kho,庫,U+5EAB,1,0,0,,,庫,True,GOLD,s1_inter_s2_direct
khon,坤,U+5764,1,0,0,,,坤,False,SILVER,s1_inter_s3_out_of_dict
khoét,抉,U+6289,1,0,0,,,决,True,GOLD,s1_inter_s2_similar
khoét,鈌,U+920C,1,0,0,,,鈌,True,GOLD,s1_inter_s2_direct
khuya,亏,U+4E8F,1,0,0,,,亏,True,GOLD,s1_inter_s2_direct
khuyên,券,U+5238,1,0,0,,,分,True,GOLD,s1_inter_s2_similar
khát,喝,U+559D,1,0,0,,,喝,True,GOLD,s1_inter_s2_direct
khéo,害,U+5BB3,1,0,0,,,害,True,GOLD,s1_inter_s2_direct
khí,𠾖,U+20F96,1,0,0,,,𠾖,True,GOLD,s1_inter_s2_direct
khói,塊,U+584A,1,0,0,,,魏,True,SILVER,s2_inter_s3_corrected
khôi,灰,U+7070,1,0,0,,,灰,True,GOLD,s1_inter_s2_direct
khôn,囷,U+56F7,1,0,0,,,困,True,GOLD,s1_inter_s2_similar
khảo,考,U+8003,1,0,0,,,考,True,GOLD,s1_inter_s2_direct
khị,欺,U+6B3A,1,0,0,,,耿,True,SILVER,s2_inter_s3_corrected
khỏe,跬,U+8DEC,1,0,0,,,跬,True,GOLD,s1_inter_s2_direct
khối,塊,U+584A,1,0,0,,,魂,True,SILVER,s2_inter_s3_corrected
khởi,起,U+8D77,1,0,0,,,起,True,GOLD,s1_inter_s2_direct
khứng,肯,U+80AF,1,0,0,,,肯,True,GOLD,s1_inter_s2_direct
ki,箕,U+7B95,1,0,0,,,冥,True,SILVER,s2_inter_s3_corrected
kieu,驕,U+9A55,1,0,0,,,驕,False,SILVER,s1_inter_s3_out_of_dict
kim,金,U+91D1,1,0,0,,,金,True,GOLD,s1_inter_s2_direct
kinh,驚,U+9A5A,1,0,0,,,駑,True,GOLD,s1_inter_s2_similar
kiếm,劒,U+5292,1,0,0,,,劒,True,GOLD,s1_inter_s2_direct
kê,計,U+8A08,1,0,0,,,計,True,GOLD,s1_inter_s2_direct
ký,記,U+8A18,1,0,0,,,記,True,GOLD,s1_inter_s2_direct
kẻo,嬌,U+5B0C,1,0,0,,,嬌,True,GOLD,s1_inter_s2_direct
kẻo,撟,U+649F,1,0,0,,,橋,True,GOLD,s1_inter_s2_similar
kẻo,矫,U+77EB,1,0,0,,,秌,True,GOLD,s1_inter_s2_similar
kết,結,U+7D50,1,0,0,,,結,True,GOLD,s1_inter_s2_direct
kịp,立,U+7ACB,1,0,0,,,立,True,GOLD,s1_inter_s2_direct
kỳ,期,U+671F,1,0,0,,,期,True,GOLD,s1_inter_s2_direct
la,囉,U+56C9,1,0,0,,,咤,True,SILVER,s2_inter_s3_corrected
lan,𬞕,U+2C795,1,0,0,,,𬞕,True,GOLD,s1_inter_s2_direct
lang,郎,U+90CE,1,0,0,,,郎,True,GOLD,s1_inter_s2_direct
lau,娄,U+5A04,1,0,0,,,妻,True,SILVER,s2_inter_s3_corrected
le,𠲥,U+20CA5,1,0,0,,,祠,True,GOLD,s1_inter_s2_similar
li,琍,U+740D,1,0,0,,,有,True,SILVER,s2_inter_s3_corrected
lia,离,U+79BB,1,0,0,,,爾,True,SILVER,s3_head_bank_consensus
liêm,㢘,U+3898,1,0,0,,,㢘,True,GOLD,s1_inter_s2_direct
liêm,鎌,U+938C,1,0,0,,,鎌,True,GOLD,s1_inter_s2_direct
liêm,𤎉,U+24389,1,0,0,,,𤎉,True,GOLD,s1_inter_s2_direct
liên,连,U+8FDE,1,0,0,,,吏,True,GOLD,s1_inter_s2_similar
liêng,灵,U+7075,1,0,0,,,羡,True,SILVER,s2_inter_s3_corrected
liệu,科,U+79D1,1,0,0,,,科,True,GOLD,s1_inter_s2_direct
long,𢚸,U+226B8,1,0,0,,,尋,True,GOLD,s1_inter_s2_similar
loài,類,U+985E,1,0,0,,,類,True,GOLD,s1_inter_s2_direct
lu,𢗼,U+225FC,1,0,0,,,庐,True,GOLD,s1_inter_s2_similar
luy,累,U+7D2F,1,0,0,,,累,True,GOLD,s1_inter_s2_direct
là,浪,U+6D6A,1,0,0,,,異,True,SILVER,s2_inter_s3_corrected
là,買,U+8CB7,1,0,0,,,貫,True,GOLD,s1_inter_s2_similar
là,邏,U+908F,1,0,0,,,遥,True,SILVER,s2_inter_s3_corrected
làm,滥,U+6EE5,1,0,0,,,滿,True,GOLD,s1_inter_s2_similar
lành,伶,U+4F36,1,0,0,,,净,True,SILVER,s2_inter_s3_corrected
lào,𣒲,U+234B2,1,0,0,,,萍,True,GOLD,s1_inter_s2_similar
lác,落,U+843D,1,0,0,,,楽,True,SILVER,s3_head_bank_consensus
lái,里,U+91CC,1,0,0,,,鬚,True,SILVER,s3_head_bank_consensus
lâm,淋,U+6DCB,1,0,0,,,淋,True,GOLD,s1_inter_s2_direct
lây,淶,U+6DF6,1,0,0,,,淶,True,GOLD,s1_inter_s2_direct
lê,莉,U+8389,1,0,0,,,苐,True,GOLD,s1_inter_s2_similar
lìa,离,U+79BB,1,0,0,,,者,True,SILVER,s2_inter_s3_corrected
lìa,里,U+91CC,1,0,0,,,里,True,GOLD,s1_inter_s2_direct
lò,𢗼,U+225FC,1,0,0,,,庐,True,GOLD,s1_inter_s2_similar
lòng,情,U+60C5,1,0,0,,,毒,True,GOLD,s1_inter_s2_similar
lóc,六,U+516D,1,0,0,,,六,True,GOLD,s1_inter_s2_direct
lóc,祿,U+797F,1,0,0,,,祿,True,GOLD,s1_inter_s2_direct
lô,芦,U+82A6,1,0,0,,,芦,True,GOLD,s1_inter_s2_direct
lùng,弄,U+5F04,1,0,0,,,屏,True,SILVER,s3_head_bank_consensus
lúc,𠯿,U+20BFF,1,0,0,,,云,True,GOLD,s1_inter_s2_similar
lăng,朗,U+6717,1,0,0,,,朗,True,GOLD,s1_inter_s2_direct
lăng,𥟀,U+257C0,1,0,0,,,𥟀,True,GOLD,s1_inter_s2_direct
lĩnh,領,U+9818,1,0,0,,,領,True,GOLD,s1_inter_s2_direct
lước,約,U+7D04,1,0,0,,,約,False,SILVER,s1_inter_s3_out_of_dict
lưỡi,礼,U+793C,1,0,0,,,祗,True,SILVER,s3_head_bank_consensus
lạ,異,U+7570,1,0,0,,,畏,True,GOLD,s1_inter_s2_similar
lại,來,U+4F86,1,0,0,,,來,True,GOLD,s1_inter_s2_direct
lại,尼,U+5C3C,1,0,0,,,尼,True,GOLD,s1_inter_s2_direct
lạnh,泠,U+6CE0,1,0,0,,,泠,True,GOLD,s1_inter_s2_direct
lấv,礼,U+793C,1,0,0,,,礼,False,SILVER,s1_inter_s3_out_of_dict
lấy,以,U+4EE5,1,0,0,,,以,True,GOLD,s1_inter_s2_direct
lấy,娎,U+5A0E,1,0,0,,,誓,True,GOLD,s1_inter_s2_similar
lặng,𠻴,U+20EF4,1,0,0,,,嘲,True,GOLD,s1_inter_s2_similar
lếch,歷,U+6B77,1,0,0,,,𤴓,True,SILVER,s3_head_bank_consensus
lỏng,弄,U+5F04,1,0,0,,,弄,True,GOLD,s1_inter_s2_direct
lỗ,魯,U+9B6F,1,0,0,,,魯,True,GOLD,s1_inter_s2_direct
lỗ,鲁,U+9C81,1,0,0,,,鲁,True,GOLD,s1_inter_s2_direct
lộc,碌,U+788C,1,0,0,,,碌,True,GOLD,s1_inter_s2_direct
lội,沫,U+6CAB,1,0,0,,,沫,True,GOLD,s1_inter_s2_direct
lội,耒,U+8012,1,0,0,,,耒,True,GOLD,s1_inter_s2_direct
lớn,賴,U+8CF4,1,0,0,,,頼,True,GOLD,s1_inter_s2_similar
lời,分,U+5206,1,0,0,,,分,True,GOLD,s1_inter_s2_direct
lời,唎,U+550E,1,0,0,,,知,True,GOLD,s1_inter_s2_similar
lời,行,U+884C,1,0,0,,,行,True,GOLD,s1_inter_s2_direct
lở,吕,U+5415,1,0,0,,,吕,True,GOLD,s1_inter_s2_direct
lục,録,U+9332,1,0,0,,,録,True,GOLD,s1_inter_s2_direct
lụt,𣹕,U+23E55,1,0,0,,,雄,True,GOLD,s1_inter_s2_similar
ma,藦,U+85E6,1,0,0,,,鬱,True,GOLD,s1_inter_s2_similar
ma,麼,U+9EBC,1,0,0,,,黁,True,GOLD,s1_inter_s2_similar
ma,麽,U+9EBD,1,0,0,,,庻,True,GOLD,s1_inter_s2_similar
mac,黙,U+9ED9,1,0,0,,,黙,False,SILVER,s1_inter_s3_out_of_dict
mat,末,U+672B,1,0,0,,,末,False,SILVER,s1_inter_s3_out_of_dict
mon,門,U+9580,1,0,0,,,圈,True,SILVER,s3_head_bank_consensus
muon,悶,U+60B6,1,0,0,,,悶,False,SILVER,s1_inter_s3_out_of_dict
muon,門,U+9580,1,0,0,,,門,False,SILVER,s1_inter_s3_out_of_dict
muôn,閍,U+958D,1,0,0,,,悶,True,GOLD,s1_inter_s2_similar
muốn,闷,U+95F7,1,0,0,,,闷,True,GOLD,s1_inter_s2_direct
mà,傌,U+508C,1,0,0,,,馮,True,GOLD,s1_inter_s2_similar
mà,𣻕,U+23ED5,1,0,0,,,滿,True,GOLD,s1_inter_s2_similar
mâm,盤,U+76E4,1,0,0,,,錠,True,SILVER,s3_head_bank_consensus
mây,𩄎,U+2910E,1,0,0,,,霄,True,GOLD,s1_inter_s2_similar
mây,𩄲,U+29132,1,0,0,,,霆,True,GOLD,s1_inter_s2_similar
mão,帽,U+5E3D,1,0,0,,,帽,True,GOLD,s1_inter_s2_direct
mìnhép,命,U+547D,1,0,0,,,命,False,SILVER,s1_inter_s3_out_of_dict
món,門,U+9580,1,0,0,,,門,True,GOLD,s1_inter_s2_direct
mô,謨,U+8B28,1,0,0,,,謨,True,GOLD,s1_inter_s2_direct
mô,谟,U+8C1F,1,0,0,,,莫,True,GOLD,s1_inter_s2_similar
mông,䝉,U+4749,1,0,0,,,䝉,True,GOLD,s1_inter_s2_direct
mông,蒙,U+8499,1,0,0,,,蒙,True,GOLD,s1_inter_s2_direct
mùi,未,U+672A,1,0,0,,,未,True,GOLD,s1_inter_s2_direct
mũ,帽,U+5E3D,1,0,0,,,倮,True,SILVER,s3_head_bank_consensus
mươi,𨒒,U+28492,1,0,0,,,迊,True,GOLD,s1_inter_s2_similar
mươl,邁,U+9081,1,0,0,,,邁,False,SILVER,s1_inter_s3_out_of_dict
mượn,漫,U+6F2B,1,0,0,,,漫,True,GOLD,s1_inter_s2_direct
mạng,命,U+547D,1,0,0,,,命,True,GOLD,s1_inter_s2_direct
mấy,𢵯,U+22D6F,1,0,0,,,蜀,True,GOLD,s1_inter_s2_similar
mầu,牟,U+725F,1,0,0,,,牟,True,GOLD,s1_inter_s2_direct
mật,密,U+5BC6,1,0,0,,,密,True,GOLD,s1_inter_s2_direct
mắc,墨,U+58A8,1,0,0,,,墨,True,GOLD,s1_inter_s2_direct
mắng,莾,U+83BE,1,0,0,,,莾,True,GOLD,s1_inter_s2_direct
mặc,墨,U+58A8,1,0,0,,,墨,True,GOLD,s1_inter_s2_direct
mẹnghe,宜,U+5B9C,1,0,0,,,宜,False,SILVER,s1_inter_s3_out_of_dict
mẻ,美,U+7F8E,1,0,0,,,美,True,GOLD,s1_inter_s2_direct
mẻ,羙,U+7F99,1,0,0,,,羙,True,GOLD,s1_inter_s2_direct
mến,免,U+514D,1,0,0,,,免,True,GOLD,s1_inter_s2_direct
mềm,綿,U+7DBF,1,0,0,,,陵,True,SILVER,s3_head_bank_consensus
mệnh,命,U+547D,1,0,0,,,命,True,GOLD,s1_inter_s2_direct
mọi,𤞦,U+247A6,1,0,0,,,海,True,GOLD,s1_inter_s2_similar
mốt,没,U+6CA1,1,0,0,,,没,True,GOLD,s1_inter_s2_direct
mốt,蔑,U+8511,1,0,0,,,戛,True,SILVER,s2_inter_s3_corrected
mộc,木,U+6728,1,0,0,,,木,True,GOLD,s1_inter_s2_direct
một,堆,U+5806,1,0,0,,,堪,True,GOLD,s1_inter_s2_similar
mới,貝,U+8C9D,1,0,0,,,貝,True,GOLD,s1_inter_s2_direct
mừng,朋,U+670B,1,0,0,,,朋,True,GOLD,s1_inter_s2_direct
mỹ,美,U+7F8E,1,0,0,,,美,True,GOLD,s1_inter_s2_direct
nau,耨,U+8028,1,0,0,,,熸,True,SILVER,s2_inter_s3_corrected
ngang,昻,U+663B,1,0,0,,,昻,True,GOLD,s1_inter_s2_direct
ngao,傲,U+50B2,1,0,0,,,傲,True,GOLD,s1_inter_s2_direct
ngays,時,U+6642,1,0,0,,,時,False,SILVER,s1_inter_s3_out_of_dict
nghe,冝,U+519D,1,0,0,,,冝,True,GOLD,s1_inter_s2_direct
nghĩ,察,U+5BDF,1,0,0,,,𠔃,True,SILVER,s3_head_bank_consensus
nghỉ,持,U+6301,1,0,0,,,持,True,GOLD,s1_inter_s2_direct
nguyen,願,U+9858,1,0,0,,,願,False,SILVER,s1_inter_s3_out_of_dict
nguôi,嵬,U+5D6C,1,0,0,,,嵬,True,GOLD,s1_inter_s2_direct
ngâm,汵,U+6C75,1,0,0,,,冷,True,GOLD,s1_inter_s2_similar
ngôn,言,U+8A00,1,0,0,,,言,True,GOLD,s1_inter_s2_direct
ngăn,垠,U+57A0,1,0,0,,,垠,True,GOLD,s1_inter_s2_direct
ngăn,銀,U+9280,1,0,0,,,限,True,GOLD,s1_inter_s2_similar
ngơi,宜,U+5B9C,1,0,0,,,宜,True,GOLD,s1_inter_s2_direct
người,匕,U+5315,1,0,0,,,匕,True,GOLD,s1_inter_s2_direct
người,辞,U+8F9E,1,0,0,,,缶,True,GOLD,s1_inter_s2_similar
ngược,虐,U+8650,1,0,0,,,虐,True,GOLD,s1_inter_s2_direct
ngả,我,U+6211,1,0,0,,,我,True,GOLD,s1_inter_s2_direct
ngầm,吟,U+541F,1,0,0,,,吟,True,GOLD,s1_inter_s2_direct
ngần,銀,U+9280,1,0,0,,,眼,True,GOLD,s1_inter_s2_similar
ngọn,阮,U+962E,1,0,0,,,吃,True,SILVER,s3_head_bank_consensus
ngữ,語,U+8A9E,1,0,0,,,語,True,GOLD,s1_inter_s2_direct
nhiêu,蟯,U+87EF,1,0,0,,,澆,True,GOLD,s1_inter_s2_similar
nhiều,迻,U+8FFB,1,0,0,,,多,True,GOLD,s1_inter_s2_similar
nhung,扔,U+6254,1,0,0,,,仍,True,GOLD,s1_inter_s2_similar
nhuộm,染,U+67D3,1,0,0,,,染,True,GOLD,s1_inter_s2_direct
nhát,拮,U+62EE,1,0,0,,,祓,True,SILVER,s3_head_bank_consensus
nhân,固,U+56FA,1,0,0,,,固,True,GOLD,s1_inter_s2_direct
nhìn,忍,U+5FCD,1,0,0,,,忍,True,GOLD,s1_inter_s2_direct
nhìn,認,U+8A8D,1,0,0,,,認,True,GOLD,s1_inter_s2_direct
nhông,越,U+8D8A,1,0,0,,,或,True,SILVER,s3_head_bank_consensus
nhưng,因,U+56E0,1,0,0,,,只,True,GOLD,s1_inter_s2_similar
nhậm,任,U+4EFB,1,0,0,,,任,True,GOLD,s1_inter_s2_direct
nhận,忍,U+5FCD,1,0,0,,,忍,True,GOLD,s1_inter_s2_direct
nhận,認,U+8A8D,1,0,0,,,認,True,GOLD,s1_inter_s2_direct
nhằm,任,U+4EFB,1,0,0,,,任,True,GOLD,s1_inter_s2_direct
nhặm,任,U+4EFB,1,0,0,,,任,True,GOLD,s1_inter_s2_direct
nhị,二,U+4E8C,1,0,0,,,二,True,GOLD,s1_inter_s2_direct
nhổ,吐,U+5410,1,0,0,,,哇,True,GOLD,s1_inter_s2_similar
nhờ,如,U+5982,1,0,0,,,如,True,GOLD,s1_inter_s2_direct
ni,伲,U+4F32,1,0,0,,,北,True,GOLD,s1_inter_s2_similar
ni,坭,U+576D,1,0,0,,,忠,True,GOLD,s1_inter_s2_similar
ninh,寧,U+5BE7,1,0,0,,,寧,True,GOLD,s1_inter_s2_direct
niết,湼,U+6E7C,1,0,0,,,湼,True,GOLD,s1_inter_s2_direct
nu,市,U+5E02,1,0,0,,,凼,True,SILVER,s3_head_bank_consensus
nua,奴,U+5974,1,0,0,,,双,True,GOLD,s1_inter_s2_similar
nuoi,餒,U+9912,1,0,0,,,餒,False,SILVER,s1_inter_s3_out_of_dict
nuốt,啐,U+5550,1,0,0,,,啐,True,GOLD,s1_inter_s2_direct
này,又,U+53C8,1,0,0,,,丈,True,GOLD,s1_inter_s2_similar
này,怩,U+6029,1,0,0,,,泥,True,GOLD,s1_inter_s2_similar
nát,𢝘,U+22758,1,0,0,,,星,True,GOLD,s1_inter_s2_similar
nê,泥,U+6CE5,1,0,0,,,泥,True,GOLD,s1_inter_s2_direct
nê,𡰱,U+21C31,1,0,0,,,君,True,SILVER,s2_inter_s3_corrected
nên,麻,U+9EBB,1,0,0,,,麻,True,GOLD,s1_inter_s2_direct
nói,曰,U+66F0,1,0,0,,,曰,True,GOLD,s1_inter_s2_direct
nôngiau,奏,U+594F,1,0,0,,,奏,False,SILVER,s1_inter_s3_out_of_dict
nước,國,U+570B,1,0,0,,,園,True,GOLD,s1_inter_s2_similar
nước,搩,U+6429,1,0,0,,,據,True,GOLD,s1_inter_s2_similar
nước,珠,U+73E0,1,0,0,,,珠,True,GOLD,s1_inter_s2_direct
nảy,乃,U+4E43,1,0,0,,,乃,True,GOLD,s1_inter_s2_direct
nắng,曩,U+66E9,1,0,0,,,襄,True,GOLD,s1_inter_s2_similar
nằng,䏻,U+43FB,1,0,0,,,䏻,True,GOLD,s1_inter_s2_direct
nẻo,裊,U+88CA,1,0,0,,,長,True,SILVER,s2_inter_s3_corrected
nối,綏,U+7D8F,1,0,0,,,綏,True,GOLD,s1_inter_s2_direct
nổ,弩,U+5F29,1,0,0,,,弩,True,GOLD,s1_inter_s2_direct
nở,女,U+5973,1,0,0,,,妄,True,SILVER,s3_head_bank_consensus
oai,威,U+5A01,1,0,0,,,威,True,GOLD,s1_inter_s2_direct
ong,容,U+5BB9,1,0,0,,,容,True,GOLD,s1_inter_s2_direct
oán,怨,U+6028,1,0,0,,,怨,True,GOLD,s1_inter_s2_direct
pha,披,U+62AB,1,0,0,,,哦,True,GOLD,s1_inter_s2_similar
pha,芭,U+82AD,1,0,0,,,芭,True,GOLD,s1_inter_s2_direct
phai,沛,U+6C9B,1,0,0,,,姊,True,SILVER,s2_inter_s3_corrected
phal,沛,U+6C9B,1,0,0,,,沛,False,SILVER,s1_inter_s3_out_of_dict
phao,拋,U+62CB,1,0,0,,,拋,True,GOLD,s1_inter_s2_direct
phe,批,U+6279,1,0,0,,,批,True,GOLD,s1_inter_s2_direct
phi,苤,U+82E4,1,0,0,,,至,True,GOLD,s1_inter_s2_similar
phi,飞,U+98DE,1,0,0,,,之,True,GOLD,s1_inter_s2_similar
phiên,蹯,U+8E6F,1,0,0,,,牛,True,SILVER,s3_head_bank_consensus
pho,付,U+4ED8,1,0,0,,,付,True,GOLD,s1_inter_s2_direct
phong,風,U+98A8,1,0,0,,,風,True,GOLD,s1_inter_s2_direct
phái,伂,U+4F02,1,0,0,,,布,True,GOLD,s1_inter_s2_similar
phô,抪,U+62AA,1,0,0,,,怖,True,GOLD,s1_inter_s2_similar
phô,舖,U+8216,1,0,0,,,舖,True,GOLD,s1_inter_s2_direct
phù,浮,U+6D6E,1,0,0,,,浮,True,GOLD,s1_inter_s2_direct
phút,筆,U+7B46,1,0,0,,,丶,True,SILVER,s3_head_bank_consensus
phạt,伐,U+4F10,1,0,0,,,成,True,GOLD,s1_inter_s2_similar
phật,佛,U+4F5B,1,0,0,,,佛,True,GOLD,s1_inter_s2_direct
pô,穌,U+7A4C,1,0,0,,,穌,False,SILVER,s1_inter_s3_out_of_dict
quan,軍,U+8ECD,1,0,0,,,軍,True,GOLD,s1_inter_s2_direct
que,圭,U+572D,1,0,0,,,圭,True,GOLD,s1_inter_s2_direct
quyết,决,U+51B3,1,0,0,,,决,True,GOLD,s1_inter_s2_direct
quyển,卷,U+5377,1,0,0,,,卷,True,GOLD,s1_inter_s2_direct
quyển,巻,U+5DFB,1,0,0,,,巻,True,GOLD,s1_inter_s2_direct
quái,怪,U+602A,1,0,0,,,怪,True,GOLD,s1_inter_s2_direct
quân,筠,U+7B60,1,0,0,,,筝,True,GOLD,s1_inter_s2_similar
quí,貴,U+8CB4,1,0,0,,,責,True,GOLD,s1_inter_s2_similar
quản,管,U+7BA1,1,0,0,,,管,True,GOLD,s1_inter_s2_direct
quế,挂,U+6302,1,0,0,,,挂,True,GOLD,s1_inter_s2_direct
quế,桂,U+6842,1,0,0,,,桂,True,GOLD,s1_inter_s2_direct
quốc,國,U+570B,1,0,0,,,國,True,GOLD,s1_inter_s2_direct
ra,群,U+7FA4,1,0,0,,,詳,True,GOLD,s1_inter_s2_similar
ra,𦋦,U+262E6,1,0,0,,,臨,True,GOLD,s1_inter_s2_similar
rac,落,U+843D,1,0,0,,,落,False,SILVER,s1_inter_s3_out_of_dict
rai,淶,U+6DF6,1,0,0,,,侍,True,SILVER,s3_head_bank_consensus
rao,牢,U+7262,1,0,0,,,牢,True,GOLD,s1_inter_s2_direct
rau,娄,U+5A04,1,0,0,,,娄,True,GOLD,s1_inter_s2_direct
run,敦,U+6566,1,0,0,,,敦,True,GOLD,s1_inter_s2_direct
ruồi,耒,U+8012,1,0,0,,,耒,True,GOLD,s1_inter_s2_direct
rét,洌,U+6D0C,1,0,0,,,洌,True,GOLD,s1_inter_s2_direct
rình,冷,U+51B7,1,0,0,,,冷,True,GOLD,s1_inter_s2_direct
ròng,用,U+7528,1,0,0,,,用,True,GOLD,s1_inter_s2_direct
răn,𡂰,U+210B0,1,0,0,,,鄰,True,GOLD,s1_inter_s2_similar
răng,凌,U+51CC,1,0,0,,,凌,True,GOLD,s1_inter_s2_direct
rơi,淶,U+6DF6,1,0,0,,,淶,True,GOLD,s1_inter_s2_direct
rưới,洒,U+6D12,1,0,0,,,洒,True,GOLD,s1_inter_s2_direct
rượu,蹓,U+8E53,1,0,0,,,騮,True,GOLD,s1_inter_s2_similar
rạc,絡,U+7D61,1,0,0,,,洛,True,GOLD,s1_inter_s2_similar
rậm,椹,U+6939,1,0,0,,,椹,True,GOLD,s1_inter_s2_direct
rằm,林,U+6797,1,0,0,,,林,True,GOLD,s1_inter_s2_direct
rằng,坺,U+577A,1,0,0,,,俟,True,GOLD,s1_inter_s2_similar
rằng,娘,U+5A18,1,0,0,,,妃,True,GOLD,s1_inter_s2_similar
rẽ,礼,U+793C,1,0,0,,,礼,True,GOLD,s1_inter_s2_direct
rồng,竜,U+7ADC,1,0,0,,,𨺚,True,SILVER,s3_head_bank_consensus
sa,砂,U+7802,1,0,0,,,砂,True,GOLD,s1_inter_s2_direct
sa,磋,U+78CB,1,0,0,,,槎,True,GOLD,s1_inter_s2_similar
sang,創,U+5275,1,0,0,,,氣,True,SILVER,s2_inter_s3_corrected
sanh,生,U+751F,1,0,0,,,生,True,GOLD,s1_inter_s2_direct
sau,牢,U+7262,1,0,0,,,主,True,GOLD,s1_inter_s2_similar
sau,畧,U+7567,1,0,0,,,畧,True,GOLD,s1_inter_s2_direct
so,芻,U+82BB,1,0,0,,,芻,True,GOLD,s1_inter_s2_direct
song,衝,U+885D,1,0,0,,,衝,True,GOLD,s1_inter_s2_direct
sà,沙,U+6C99,1,0,0,,,沙,True,GOLD,s1_inter_s2_direct
sành,生,U+751F,1,0,0,,,炷,True,SILVER,s3_head_bank_consensus
sách,册,U+518C,1,0,0,,,册,True,GOLD,s1_inter_s2_direct
sách,溹,U+6EB9,1,0,0,,,後,True,GOLD,s1_inter_s2_similar
sách,索,U+7D22,1,0,0,,,紫,True,GOLD,s1_inter_s2_similar
sái,差,U+5DEE,1,0,0,,,差,True,GOLD,s1_inter_s2_direct
sám,懴,U+61F4,1,0,0,,,懴,True,GOLD,s1_inter_s2_direct
sánh,並,U+4E26,1,0,0,,,並,True,GOLD,s1_inter_s2_direct
sân,顛,U+985B,1,0,0,,,歸,True,GOLD,s1_inter_s2_similar
sét,𩂶,U+290B6,1,0,0,,,露,True,GOLD,s1_inter_s2_similar
sóng,夲,U+5932,1,0,0,,,夲,True,GOLD,s1_inter_s2_direct
sót,卒,U+5352,1,0,0,,,李,True,SILVER,s2_inter_s3_corrected
sôi,雷,U+96F7,1,0,0,,,雷,True,GOLD,s1_inter_s2_direct
sùi,淶,U+6DF6,1,0,0,,,灌,True,SILVER,s3_head_bank_consensus
súng,銃,U+9283,1,0,0,,,銃,True,GOLD,s1_inter_s2_direct
săn,詵,U+8A75,1,0,0,,,詵,True,GOLD,s1_inter_s2_direct
săn,駪,U+99EA,1,0,0,,,馳,True,GOLD,s1_inter_s2_similar
sĩ,士,U+58EB,1,0,0,,,士,True,GOLD,s1_inter_s2_direct
sư,師,U+5E2B,1,0,0,,,師,True,GOLD,s1_inter_s2_direct
sạch,歷,U+6B77,1,0,0,,,歷,True,GOLD,s1_inter_s2_direct
sạch,瀝,U+701D,1,0,0,,,瀝,True,GOLD,s1_inter_s2_direct
sải,仕,U+4ED5,1,0,0,,,仕,True,GOLD,s1_inter_s2_direct
sản,產,U+7522,1,0,0,,,產,True,GOLD,s1_inter_s2_direct
sầu,愁,U+6101,1,0,0,,,愁,True,GOLD,s1_inter_s2_direct
sắc,勅,U+52C5,1,0,0,,,勅,True,GOLD,s1_inter_s2_direct
sắn,産,U+7523,1,0,0,,,產,True,GOLD,s1_inter_s2_similar
sắt,𨫊,U+28ACA,1,0,0,,,鑲,True,GOLD,s1_inter_s2_similar
sệt,特,U+7279,1,0,0,,,悔,True,SILVER,s3_head_bank_consensus
sốt,律,U+5F8B,1,0,0,,,律,True,GOLD,s1_inter_s2_direct
sứ,使,U+4F7F,1,0,0,,,使,True,GOLD,s1_inter_s2_direct
sứt,叱,U+53F1,1,0,0,,,叱,True,GOLD,s1_inter_s2_direct
ta,仨,U+4EE8,1,0,0,,,二,True,GOLD,s1_inter_s2_similar
tai,烖,U+70D6,1,0,0,,,烖,True,GOLD,s1_inter_s2_direct
tai,腮,U+816E,1,0,0,,,腮,True,GOLD,s1_inter_s2_direct
tan,散,U+6563,1,0,0,,,敔,True,GOLD,s1_inter_s2_similar
tao,幍,U+5E4D,1,0,0,,,罡,True,GOLD,s1_inter_s2_similar
ten,先,U+5148,1,0,0,,,先,True,GOLD,s1_inter_s2_direct
than,嘆,U+5606,1,0,0,,,嘆,True,GOLD,s1_inter_s2_direct
than,歎,U+6B4E,1,0,0,,,歎,True,GOLD,s1_inter_s2_direct
thanh,清,U+6E05,1,0,0,,,清,True,GOLD,s1_inter_s2_direct
them,添,U+6DFB,1,0,0,,,添,False,SILVER,s1_inter_s3_out_of_dict
theo,嘵,U+5635,1,0,0,,,嘵,True,GOLD,s1_inter_s2_direct
thi,矢,U+77E2,1,0,0,,,末,True,GOLD,s1_inter_s2_similar
thi,诗,U+8BD7,1,0,0,,,寺,True,GOLD,s1_inter_s2_similar
thinh,清,U+6E05,1,0,0,,,清,True,GOLD,s1_inter_s2_direct
thiên,偏,U+504F,1,0,0,,,偏,True,GOLD,s1_inter_s2_direct
thiêng,声,U+58F0,1,0,0,,,声,True,GOLD,s1_inter_s2_direct
thiết,切,U+5207,1,0,0,,,切,True,GOLD,s1_inter_s2_direct
thoát,率,U+7387,1,0,0,,,率,True,GOLD,s1_inter_s2_direct
thoắt,率,U+7387,1,0,0,,,率,True,GOLD,s1_inter_s2_direct
tháng,𣎃,U+23383,1,0,0,,,胸,True,GOLD,s1_inter_s2_similar
thánh,咱,U+54B1,1,0,0,,,自,True,GOLD,s1_inter_s2_similar
tháo,操,U+64CD,1,0,0,,,操,True,GOLD,s1_inter_s2_direct
tháp,㙮,U+366E,1,0,0,,,㙮,True,GOLD,s1_inter_s2_direct
tháp,塔,U+5854,1,0,0,,,塔,True,GOLD,s1_inter_s2_direct
thâu,偷,U+5077,1,0,0,,,偷,True,GOLD,s1_inter_s2_direct
thê,棲,U+68F2,1,0,0,,,棲,True,GOLD,s1_inter_s2_direct
thì,塒,U+5852,1,0,0,,,曄,True,GOLD,s1_inter_s2_similar
thì,常,U+5E38,1,0,0,,,當,True,GOLD,s1_inter_s2_similar
thì,时,U+65F6,1,0,0,,,母,True,GOLD,s1_inter_s2_similar
thì,茄,U+8304,1,0,0,,,亦,True,GOLD,s1_inter_s2_similar
thì,辰,U+8FB0,1,0,0,,,辰,True,GOLD,s1_inter_s2_direct
thì,𡗶,U+215F6,1,0,0,,,夲,True,GOLD,s1_inter_s2_similar
thìn,辰,U+8FB0,1,0,0,,,詩,True,SILVER,s3_head_bank_consensus
thí,辟,U+8F9F,1,0,0,,,辟,True,GOLD,s1_inter_s2_direct
thóc,秃,U+79C3,1,0,0,,,秃,True,GOLD,s1_inter_s2_direct
thôi,催,U+50AC,1,0,0,,,催,True,GOLD,s1_inter_s2_direct
thù,讐,U+8B90,1,0,0,,,讐,True,GOLD,s1_inter_s2_direct
thơm,𦹳,U+26E73,1,0,0,,,養,True,GOLD,s1_inter_s2_similar
thất,失,U+5931,1,0,0,,,失,True,GOLD,s1_inter_s2_direct
thần,臣,U+81E3,1,0,0,,,臣,True,GOLD,s1_inter_s2_direct
thầv,柴,U+67F4,1,0,0,,,柴,False,SILVER,s1_inter_s3_out_of_dict
thầy,賴,U+8CF4,1,0,0,,,樂,True,SILVER,s3_head_bank_consensus
thật,舌,U+820C,1,0,0,,,至,True,GOLD,s1_inter_s2_similar
thắt,紩,U+7D29,1,0,0,,,紩,True,GOLD,s1_inter_s2_direct
thế,𠀍,U+2000D,1,0,0,,,𠀍,True,GOLD,s1_inter_s2_direct
thị,示,U+793A,1,0,0,,,示,True,GOLD,s1_inter_s2_direct
thịt,䏦,U+43E6,1,0,0,,,乕,True,GOLD,s1_inter_s2_similar
thịt,舌,U+820C,1,0,0,,,石,True,GOLD,s1_inter_s2_similar
thốt,説,U+8AAC,1,0,0,,,說,True,GOLD,s1_inter_s2_similar
thờ,於,U+65BC,1,0,0,,,餘,True,SILVER,s2_inter_s3_corrected
thờ,烏,U+70CF,1,0,0,,,与,True,SILVER,s2_inter_s3_corrected
thời,寺,U+5BFA,1,0,0,,,寺,True,GOLD,s1_inter_s2_direct
thời,時,U+6642,1,0,0,,,時,True,GOLD,s1_inter_s2_direct
thừa,餘,U+9918,1,0,0,,,竦,True,SILVER,s3_head_bank_consensus
ti,婢,U+5A62,1,0,0,,,娩,True,GOLD,s1_inter_s2_similar
tieng,省,U+7701,1,0,0,,,省,False,SILVER,s1_inter_s3_out_of_dict
tim,杺,U+677A,1,0,0,,,沁,True,GOLD,s1_inter_s2_similar
tiên,先,U+5148,1,0,0,,,先,True,GOLD,s1_inter_s2_direct
tiêu,摽,U+647D,1,0,0,,,摽,True,GOLD,s1_inter_s2_direct
tiêu,標,U+6A19,1,0,0,,,標,True,GOLD,s1_inter_s2_direct
tiếc,昔,U+6614,1,0,0,,,昔,True,GOLD,s1_inter_s2_direct
tiền,前,U+524D,1,0,0,,,前,True,GOLD,s1_inter_s2_direct
tiền,錢,U+9322,1,0,0,,,錢,True,GOLD,s1_inter_s2_direct
to,蘇,U+8607,1,0,0,,,蘇,True,GOLD,s1_inter_s2_direct
trai,粂,U+7C82,1,0,0,,,㪯,True,SILVER,s2_inter_s3_corrected
tran,傳,U+50B3,1,0,0,,,傳,False,SILVER,s1_inter_s3_out_of_dict
tranh,爭,U+722D,1,0,0,,,爭,True,GOLD,s1_inter_s2_direct
tray,礼,U+793C,1,0,0,,,礼,False,SILVER,s1_inter_s3_out_of_dict
tren,連,U+9023,1,0,0,,,連,False,SILVER,s1_inter_s3_out_of_dict
treo,僚,U+50DA,1,0,0,,,僚,True,GOLD,s1_inter_s2_direct
tri,沱,U+6CB1,1,0,0,,,沉,True,GOLD,s1_inter_s2_similar
tro,烣,U+70E3,1,0,0,,,灰,True,GOLD,s1_inter_s2_similar
trong,共,U+5171,1,0,0,,,共,True,GOLD,s1_inter_s2_direct
trong,宫,U+5BAB,1,0,0,,,昂,True,GOLD,s1_inter_s2_similar
trong,工,U+5DE5,1,0,0,,,工,True,GOLD,s1_inter_s2_direct
trong,盅,U+76C5,1,0,0,,,書,True,GOLD,s1_inter_s2_similar
troảis,列,U+5217,1,0,0,,,列,False,SILVER,s1_inter_s3_out_of_dict
truven,傳,U+50B3,1,0,0,,,傳,False,SILVER,s1_inter_s3_out_of_dict
truvện,傳,U+50B3,1,0,0,,,傳,False,SILVER,s1_inter_s3_out_of_dict
truyện,伝,U+4F1D,1,0,0,,,信,True,GOLD,s1_inter_s2_similar
tràn,蘭,U+862D,1,0,0,,,蘭,True,GOLD,s1_inter_s2_direct
trái,藾,U+85FE,1,0,0,,,蘋,True,GOLD,s1_inter_s2_similar
trái,責,U+8CAC,1,0,0,,,責,True,GOLD,s1_inter_s2_direct
trái,頼,U+983C,1,0,0,,,頼,True,GOLD,s1_inter_s2_direct
trán,旦,U+65E6,1,0,0,,,旦,True,GOLD,s1_inter_s2_direct
tránh,争,U+4E89,1,0,0,,,争,True,GOLD,s1_inter_s2_direct
trân,陣,U+9663,1,0,0,,,陣,True,GOLD,s1_inter_s2_direct
trò,路,U+8DEF,1,0,0,,,路,True,GOLD,s1_inter_s2_direct
trúc,竺,U+7AFA,1,0,0,,,竺,True,GOLD,s1_inter_s2_direct
trấn,鎮,U+93AE,1,0,0,,,鎮,True,GOLD,s1_inter_s2_direct
trấy,共,U+5171,1,0,0,,,共,False,SILVER,s1_inter_s3_out_of_dict
trằng,浪,U+6D6A,1,0,0,,,浪,False,SILVER,s1_inter_s3_out_of_dict
trọn,汷,U+6C77,1,0,0,,,伐,True,GOLD,s1_inter_s2_similar
trốn,循,U+5FAA,1,0,0,,,䏻,True,GOLD,s1_inter_s2_similar
trống,弄,U+5F04,1,0,0,,,弑,True,SILVER,s3_head_bank_consensus
trộm,滥,U+6EE5,1,0,0,,,温,True,GOLD,s1_inter_s2_similar
trộm,濫,U+6FEB,1,0,0,,,溫,True,GOLD,s1_inter_s2_similar
trộm,盗,U+76D7,1,0,0,,,盗,True,GOLD,s1_inter_s2_direct
trộn,論,U+8AD6,1,0,0,,,論,True,GOLD,s1_inter_s2_direct
trở,伹,U+4F39,1,0,0,,,伹,True,GOLD,s1_inter_s2_direct
trở,沮,U+6CAE,1,0,0,,,沮,True,GOLD,s1_inter_s2_direct
tu,湏,U+6E4F,1,0,0,,,湏,True,GOLD,s1_inter_s2_direct
tua,須,U+9808,1,0,0,,,須,True,GOLD,s1_inter_s2_direct
tung,嵩,U+5D69,1,0,0,,,嵩,True,GOLD,s1_inter_s2_direct
tài,扌,U+624C,1,0,0,,,寸,True,GOLD,s1_inter_s2_similar
tàn,残,U+6B8B,1,0,0,,,残,True,GOLD,s1_inter_s2_direct
tác,作,U+4F5C,1,0,0,,,作,True,GOLD,s1_inter_s2_direct
tác,索,U+7D22,1,0,0,,,索,True,GOLD,s1_inter_s2_direct
tê,荠,U+8360,1,0,0,,,腎,True,GOLD,s1_inter_s2_similar
tình,情,U+60C5,1,0,0,,,情,True,GOLD,s1_inter_s2_direct
tính,生,U+751F,1,0,0,,,生,True,GOLD,s1_inter_s2_direct
tôn,尊,U+5C0A,1,0,0,,,尊,True,GOLD,s1_inter_s2_direct
tư,𥝠,U+25760,1,0,0,,,𥝠,True,GOLD,s1_inter_s2_direct
tường,祥,U+7965,1,0,0,,,徉,True,GOLD,s1_inter_s2_similar
tượng,象,U+8C61,1,0,0,,,象,True,GOLD,s1_inter_s2_direct
tạc,作,U+4F5C,1,0,0,,,作,True,GOLD,s1_inter_s2_direct
tại,在,U+5728,1,0,0,,,在,True,GOLD,s1_inter_s2_direct
tấm,唚,U+551A,1,0,0,,,戞,True,GOLD,s1_inter_s2_similar
tấm,心,U+5FC3,1,0,0,,,心,True,GOLD,s1_inter_s2_direct
tầu,槽,U+69FD,1,0,0,,,槽,True,GOLD,s1_inter_s2_direct
tẩm,浸,U+6D78,1,0,0,,,浸,True,GOLD,s1_inter_s2_direct
tận,尽,U+5C3D,1,0,0,,,尽,True,GOLD,s1_inter_s2_direct
tắc,則,U+5247,1,0,0,,,則,True,GOLD,s1_inter_s2_direct
tắt,熄,U+7184,1,0,0,,,熄,True,GOLD,s1_inter_s2_direct
tắt,蹯,U+8E6F,1,0,0,,,燔,True,GOLD,s1_inter_s2_similar
tắt,𤎕,U+24395,1,0,0,,,燧,True,GOLD,s1_inter_s2_similar
tị,已,U+5DF2,1,0,0,,,已,True,GOLD,s1_inter_s2_direct
tịnh,净,U+51C0,1,0,0,,,净,True,GOLD,s1_inter_s2_direct
tịnh,浄,U+6D44,1,0,0,,,浄,True,GOLD,s1_inter_s2_direct
tốt,崒,U+5D12,1,0,0,,,崒,True,GOLD,s1_inter_s2_direct
tứ,四,U+56DB,1,0,0,,,四,True,GOLD,s1_inter_s2_direct
tức,息,U+606F,1,0,0,,,息,True,GOLD,s1_inter_s2_direct
từ,辝,U+8F9D,1,0,0,,,辝,True,GOLD,s1_inter_s2_direct
từ,辭,U+8FAD,1,0,0,,,辟,True,GOLD,s1_inter_s2_similar
uống,𠴝,U+20D1D,1,0,0,,,丑,True,GOLD,s1_inter_s2_similar
uớc,約,U+7D04,1,0,0,,,約,False,SILVER,s1_inter_s3_out_of_dict
vi,韋,U+97CB,1,0,0,,,韋,True,GOLD,s1_inter_s2_direct
vi,𨔻,U+2853B,1,0,0,,,𨔻,True,GOLD,s1_inter_s2_direct
viecay,役,U+5F79,1,0,0,,,役,False,SILVER,s1_inter_s3_out_of_dict
vit,曰,U+66F0,1,0,0,,,曰,False,SILVER,s1_inter_s3_out_of_dict
viếng,咏,U+548F,1,0,0,,,承,True,GOLD,s1_inter_s2_similar
và,巴,U+5DF4,1,0,0,,,巴,True,GOLD,s1_inter_s2_direct
vàng,旁,U+65C1,1,0,0,,,旁,True,GOLD,s1_inter_s2_direct
vách,壁,U+58C1,1,0,0,,,壁,True,GOLD,s1_inter_s2_direct
vâng,𢀥,U+22025,1,0,0,,,昇,True,GOLD,s1_inter_s2_similar
vây,圍,U+570D,1,0,0,,,圍,True,GOLD,s1_inter_s2_direct
ví,譬,U+8B6C,1,0,0,,,譬,True,GOLD,s1_inter_s2_direct
vòng,忘,U+5FD8,1,0,0,,,忘,True,GOLD,s1_inter_s2_direct
võ,宇,U+5B87,1,0,0,,,字,True,GOLD,s1_inter_s2_similar
văng,荣,U+8363,1,0,0,,,荣,True,GOLD,s1_inter_s2_direct
vưa,皮,U+76AE,1,0,0,,,皮,False,SILVER,s1_inter_s3_out_of_dict
vượn,猿,U+733F,1,0,0,,,猿,True,GOLD,s1_inter_s2_direct
vượt,越,U+8D8A,1,0,0,,,越,True,GOLD,s1_inter_s2_direct
vạc,鑊,U+944A,1,0,0,,,鑊,True,GOLD,s1_inter_s2_direct
vải,罢,U+7F62,1,0,0,,,觸,True,SILVER,s3_head_bank_consensus
vật,𢪱,U+22AB1,1,0,0,,,𢪱,True,GOLD,s1_inter_s2_direct
vậy,物,U+7269,1,0,0,,,吻,True,GOLD,s1_inter_s2_similar
vắng,永,U+6C38,1,0,0,,,永,True,GOLD,s1_inter_s2_direct
về,衞,U+885E,1,0,0,,,衞,True,GOLD,s1_inter_s2_direct
vỏ,補,U+88DC,1,0,0,,,補,True,GOLD,s1_inter_s2_direct
vời,排,U+6392,1,0,0,,,排,True,GOLD,s1_inter_s2_direct
vợ,𡢼,U+218BC,1,0,0,,,嬙,True,GOLD,s1_inter_s2_similar
vững,任,U+4EFB,1,0,0,,,任,True,GOLD,s1_inter_s2_direct
wringhe,宜,U+5B9C,1,0,0,,,宜,False,SILVER,s1_inter_s3_out_of_dict
xi,蚩,U+86A9,1,0,0,,,蚩,True,GOLD,s1_inter_s2_direct
xinh,嗔,U+55D4,1,0,0,,,壅,True,SILVER,s2_inter_s3_corrected
xiết,制,U+5236,1,0,0,,,制,True,GOLD,s1_inter_s2_direct
xong,衝,U+885D,1,0,0,,,衝,True,GOLD,s1_inter_s2_direct
xua,摳,U+6473,1,0,0,,,摳,True,GOLD,s1_inter_s2_direct
xuốngừ,自,U+81EA,1,0,0,,,自,False,SILVER,s1_inter_s3_out_of_dict
xá,赦,U+8D66,1,0,0,,,居,True,SILVER,s3_head_bank_consensus
xác,索,U+7D22,1,0,0,,,索,True,GOLD,s1_inter_s2_direct
xác,觳,U+89F3,1,0,0,,,嚴,True,GOLD,s1_inter_s2_similar
xông,衝,U+885D,1,0,0,,,衝,True,GOLD,s1_inter_s2_direct
xăng,真,U+771F,1,0,0,,,接,True,SILVER,s3_head_bank_consensus
xưng,秤,U+79E4,1,0,0,,,秆,True,GOLD,s1_inter_s2_similar
xương,倡,U+5021,1,0,0,,,冒,True,GOLD,s1_inter_s2_similar
xảy,侈,U+4F88,1,0,0,,,侈,True,GOLD,s1_inter_s2_direct
xấu,𨢄,U+28884,1,0,0,,,𨢄,True,GOLD,s1_inter_s2_direct
xẻ,侈,U+4F88,1,0,0,,,俊,True,SILVER,s2_inter_s3_corrected
xở,處,U+8655,1,0,0,,,處,True,GOLD,s1_inter_s2_direct
xở,𠙚,U+2065A,1,0,0,,,𠙚,True,GOLD,s1_inter_s2_direct
xức,聀,U+8040,1,0,0,,,聊,True,SILVER,s2_inter_s3_corrected
yêu,妖,U+5996,1,0,0,,,妖,True,GOLD,s1_inter_s2_direct
áo,㤇,U+3907,1,0,0,,,仸,True,GOLD,s1_inter_s2_similar
áo,教,U+6559,1,0,0,,,教,True,GOLD,s1_inter_s2_direct
áo,澳,U+6FB3,1,0,0,,,澳,True,GOLD,s1_inter_s2_direct
áo,燠,U+71E0,1,0,0,,,偰,True,GOLD,s1_inter_s2_similar
át,遏,U+904F,1,0,0,,,遏,True,GOLD,s1_inter_s2_direct
âm,喑,U+5591,1,0,0,,,喑,True,GOLD,s1_inter_s2_direct
âm,音,U+97F3,1,0,0,,,音,True,GOLD,s1_inter_s2_direct
âu,歐,U+6B50,1,0,0,,,歐,True,GOLD,s1_inter_s2_direct
ê,依,U+4F9D,1,0,0,,,依,True,GOLD,s1_inter_s2_direct
ê,𠲖,U+20C96,1,0,0,,,衣,True,GOLD,s1_inter_s2_similar
êm,奄,U+5944,1,0,0,,,奄,True,GOLD,s1_inter_s2_direct
ô,摀,U+6440,1,0,0,,,曷,True,GOLD,s1_inter_s2_similar
ô,汚,U+6C5A,1,0,0,,,汚,True,GOLD,s1_inter_s2_direct
ô,溩,U+6EA9,1,0,0,,,馮,True,GOLD,s1_inter_s2_similar
ông,螉,U+8789,1,0,0,,,螉,True,GOLD,s1_inter_s2_direct
úi,畏,U+754F,1,0,0,,,畏,True,GOLD,s1_inter_s2_direct
út,乙,U+4E59,1,0,0,,,乙,True,GOLD,s1_inter_s2_direct
đan,单,U+5355,1,0,0,,,单,True,GOLD,s1_inter_s2_direct
đanh,釘,U+91D8,1,0,0,,,釘,True,GOLD,s1_inter_s2_direct
đe,厎,U+538E,1,0,0,,,底,True,GOLD,s1_inter_s2_similar
đi,迻,U+8FFB,1,0,0,,,逡,True,GOLD,s1_inter_s2_similar
điạ,地,U+5730,1,0,0,,,地,False,SILVER,s1_inter_s3_out_of_dict
điếc,的,U+7684,1,0,0,,,的,True,GOLD,s1_inter_s2_direct
điều,條,U+689D,1,0,0,,,條,True,GOLD,s1_inter_s2_direct
điều,调,U+8C03,1,0,0,,,调,True,GOLD,s1_inter_s2_direct
đon,屯,U+5C6F,1,0,0,,,屯,True,GOLD,s1_inter_s2_direct
đoạn,奪,U+596A,1,0,0,,,奢,True,GOLD,s1_inter_s2_similar
đuôi,堆,U+5806,1,0,0,,,堆,True,GOLD,s1_inter_s2_direct
đuổi,対,U+5BFE,1,0,0,,,対,True,GOLD,s1_inter_s2_direct
đài,䑓,U+4453,1,0,0,,,䑓,True,GOLD,s1_inter_s2_direct
đàn,殚,U+6B9A,1,0,0,,,殚,True,GOLD,s1_inter_s2_direct
đàng,塘,U+5858,1,0,0,,,塘,True,GOLD,s1_inter_s2_direct
đá,跢,U+8DE2,1,0,0,,,修,True,GOLD,s1_inter_s2_similar
đám,店,U+5E97,1,0,0,,,擔,True,SILVER,s3_head_bank_consensus
đáng,当,U+5F53,1,0,0,,,主,True,GOLD,s1_inter_s2_similar
đâm,冘,U+5198,1,0,0,,,䆒,True,SILVER,s3_head_bank_consensus
đâm,抌,U+628C,1,0,0,,,挑,True,GOLD,s1_inter_s2_similar
đây,㡳,U+3873,1,0,0,,,㡳,True,GOLD,s1_inter_s2_direct
đã,吏,U+540F,1,0,0,,,吏,True,GOLD,s1_inter_s2_direct
đã,吔,U+5414,1,0,0,,,他,True,GOLD,s1_inter_s2_similar
đã,它,U+5B83,1,0,0,,,死,True,SILVER,s2_inter_s3_corrected
đè,題,U+984C,1,0,0,,,題,True,GOLD,s1_inter_s2_direct
đê,氐,U+6C10,1,0,0,,,辰,True,SILVER,s2_inter_s3_corrected
đò,渡,U+6E21,1,0,0,,,渡,True,GOLD,s1_inter_s2_direct
đăng,登,U+767B,1,0,0,,,登,True,GOLD,s1_inter_s2_direct
đường,塘,U+5858,1,0,0,,,塘,True,GOLD,s1_inter_s2_direct
đường,榶,U+69B6,1,0,0,,,鹿,True,GOLD,s1_inter_s2_similar
đường,瑭,U+746D,1,0,0,,,瑭,True,GOLD,s1_inter_s2_direct
đạn,殚,U+6B9A,1,0,0,,,殚,True,GOLD,s1_inter_s2_direct
đấu,枓,U+6793,1,0,0,,,斜,True,GOLD,s1_inter_s2_similar
đấy,意,U+610F,1,0,0,,,意,True,GOLD,s1_inter_s2_direct
đầu,头,U+5934,1,0,0,,,弋,True,GOLD,s1_inter_s2_similar
đầu,股,U+80A1,1,0,0,,,股,True,GOLD,s1_inter_s2_direct
đắp,塔,U+5854,1,0,0,,,塔,True,GOLD,s1_inter_s2_direct
đến,𣅂,U+23142,1,0,0,,,𣅂,True,GOLD,s1_inter_s2_direct
để,低,U+4F4E,1,0,0,,,低,True,GOLD,s1_inter_s2_direct
để,厎,U+538E,1,0,0,,,𮝾,True,SILVER,s2_inter_s3_corrected
để,帝,U+5E1D,1,0,0,,,帝,True,GOLD,s1_inter_s2_direct
đỉnh,町,U+753A,1,0,0,,,酉,True,GOLD,s1_inter_s2_similar
đốt,柮,U+67EE,1,0,0,,,柟,True,GOLD,s1_inter_s2_similar
đốt,焠,U+7120,1,0,0,,,烛,True,GOLD,s1_inter_s2_similar
đồ,阇,U+9607,1,0,0,,,因,True,GOLD,s1_inter_s2_similar
đồng,偅,U+5045,1,0,0,,,厘,True,GOLD,s1_inter_s2_similar
đồng,洞,U+6D1E,1,0,0,,,涸,True,GOLD,s1_inter_s2_similar
đồng,銅,U+9285,1,0,0,,,錮,True,GOLD,s1_inter_s2_similar
độc,獨,U+7368,1,0,0,,,獨,True,GOLD,s1_inter_s2_direct
đỡ,拖,U+62D6,1,0,0,,,拖,True,GOLD,s1_inter_s2_direct
đợt,逹,U+9039,1,0,0,,,逹,True,GOLD,s1_inter_s2_direct
đứa,𥒥,U+254A5,1,0,0,,,磁,True,SILVER,s2_inter_s3_corrected
đứng,頂,U+9802,1,0,0,,,項,True,GOLD,s1_inter_s2_similar
đừng,停,U+505C,1,0,0,,,停,True,GOLD,s1_inter_s2_direct
ưoc,約,U+7D04,1,0,0,,,約,False,SILVER,s1_inter_s3_out_of_dict
ấm,䕃,U+4543,1,0,0,,,䕃,True,GOLD,s1_inter_s2_direct
ấn,隱,U+96B1,1,0,0,,,隱,True,GOLD,s1_inter_s2_direct
ấp,邑,U+9091,1,0,0,,,邑,True,GOLD,s1_inter_s2_direct
ấv,衣,U+8863,1,0,0,,,衣,False,SILVER,s1_inter_s3_out_of_dict
ấy,帝,U+5E1D,1,0,0,,,希,True,GOLD,s1_inter_s2_similar
ấy,癸,U+7678,1,0,0,,,坌,True,GOLD,s1_inter_s2_similar
ấy,衤,U+8864,1,0,0,,,不,True,GOLD,s1_inter_s2_similar
ấy,𢯗,U+22BD7,1,0,0,,,有,True,GOLD,s1_inter_s2_similar
ẩn,隱,U+96B1,1,0,0,,,恩,True,SILVER,s2_inter_s3_corrected
ở,扵,U+6275,1,0,0,,,扵,True,GOLD,s1_inter_s2_direct
ởnơi,於,U+65BC,1,0,0,,,於,False,SILVER,s1_inter_s3_out_of_dict
