source_row,image,book,page,column,ocr_char,syllable,label,unicode,label_level,tier,rule,s3_cosine,ink_pct,crop_w,crop_h,image_md5,seg_flag,split,split_group,bbox,s3_head_cos,s3_head_prob,s3_head_margin,s3_head_isarg,s3_bank_cos,s3_mls,s3_signals_present,s3_head_present,s3_head_disagree,s3_val,s3_present,dup_bbox,cross_col,dup_defect,similar_bridge,head_bank,gold_direct,s3_low,s3_verylow,head_disagree,bank_cos_val,bank_low,s3_missing,aspect,aspect_out,ink_out,quality_flag,suspicion,stratum,risk_reason,design_weight,item_id,audit_order,audit_batch
40356,gold/stt4_page_0144_c02_028.png,stt4,page_0144,2,令,lành,令,U+4EE4,char,GOLD,s1_inter_s2_direct,,0.131,62.0,92.0,9db30d69890a,ok,train,stt4|page_0144|c2,"[871, 708, 939, 789]",0.7251573204994202,0.0012883850140497,0.3647257387638092,1.0,0.7612433433532715,0.7251573204994202,True,True,False,,False,False,False,False,False,False,True,False,False,False,0.7612433433532715,False,False,1.4838709677419355,False,False,False,0.0,gold_direct,clean,200.124,ccafad15a0e24333,0,label_srs
6171,gold/stt2_page_0076_c08_153.png,stt2,page_0076,8,固,có,固,U+56FA,char,GOLD,s1_inter_s2_direct,,0.203,103.0,142.0,94bbdaf839f1,ok,train,stt2|page_0076|c8,"[347, 974, 451, 1096]",0.7392325401306152,0.0013072608271613,0.5222519934177399,1.0,0.7581496238708496,0.7392325401306152,True,True,False,,False,False,False,False,False,False,True,False,False,False,0.7581496238708496,False,False,1.3786407766990292,False,False,False,0.0,gold_direct,clean,200.124,16dd08bad08a8893,1,label_srs
80825,gold/stt11_page_0284_c03_039.png,stt11,page_0284,3,時,thì,時,U+6642,char,GOLD,s1_inter_s2_direct,,0.193,79.0,143.0,b59de11fe289,tall,test,stt11|page_0284|c3,"[1197, 1010, 1300, 1129]",0.6832754611968994,0.001218041521497,0.3866380453109741,1.0,0.8130133748054504,0.6832754611968994,True,True,False,,False,False,False,False,False,False,True,False,False,False,0.8130133748054504,False,False,1.8101265822784811,True,False,True,0.19999999999999996,quality_flag,aspect=1.81,200.124,21e16f33bd6d0f30,2,label_srs
41547,gold/stt4_page_0156_c08_143.png,stt4,page_0156,8,宰,tốt,𡨧,U+21A27,char,GOLD,s1_inter_s2_similar,0.648,0.136,62.0,92.0,dc4686238101,ok,train,stt4|page_0156|c8,"[282, 909, 352, 985]",0.6768907308578491,0.0012425848981365,0.3980360925197601,1.0,0.6022076606750488,0.6768907308578491,True,True,False,0.648,True,False,False,False,True,False,False,False,False,False,0.6022076606750488,False,False,1.4838709677419355,False,False,False,0.30000000000000004,similar_bridge,similar-bridge,200.124,8df902fdea6ab9ab,3,label_srs
69184,gold/stt11_page_0160_c03_029.png,stt11,page_0160,3,固,có,固,U+56FA,char,GOLD,s1_inter_s2_direct,,0.245,74.0,137.0,6a7cf9f1bcfb,tall,train,stt11|page_0160|c3,"[1186, 611, 1290, 727]",0.6849976181983948,0.0012213592417538,0.3952042460441589,1.0,0.7963091135025024,0.6849976181983948,True,True,False,,False,False,False,False,False,False,True,False,False,False,0.7963091135025024,False,False,1.8513513513513513,True,False,True,0.19999999999999996,quality_flag,aspect=1.85,200.124,51230e70c9771cf0,4,label_srs
18015,gold/stt2_page_0214_c01_001.png,stt2,page_0214,1,天,thiên,天,U+5929,char,GOLD,s1_inter_s2_direct,,0.173,130.0,129.0,cd8d9617df4b,ok,train,stt2|page_0214|c1,"[1466, 583, 1572, 695]",0.6371996402740479,0.0011686471989378,0.299582839012146,1.0,0.7406863570213318,0.6371996402740479,True,True,False,,False,False,False,False,False,False,True,False,False,False,0.7406863570213318,False,False,0.9923076923076923,False,False,False,0.0,gold_direct,clean,200.124,24ac7a92f26302bc,5,label_srs
15060,gold/stt2_page_0178_c01_005.png,stt2,page_0178,1,仕,sãi,仕,U+4ED5,char,GOLD,s1_inter_s2_direct,,0.144,127.0,151.0,bde56988d3e7,ok,train,stt2|page_0178|c1,"[1428, 1000, 1531, 1125]",0.6552754640579224,0.0012060676235705,0.290330022573471,1.0,0.7083958983421326,0.6552754640579224,True,True,False,,False,False,False,False,False,False,True,False,False,False,0.7083958983421326,False,False,1.188976377952756,False,False,False,0.0,gold_direct,clean,200.124,9f42db69d4e9e714,6,label_srs
55965,gold/stt11_page_0014_c05_096.png,stt11,page_0014,5,油,dù,油,U+6CB9,char,GOLD,s1_inter_s2_direct,,0.26,95.0,133.0,e5d2b397108e,ok,train,stt11|page_0014|c5,"[851, 1316, 960, 1426]",0.6032018661499023,0.0011408773716539,0.2818688750267029,1.0,0.7466862201690674,0.6032018661499023,True,True,False,,False,False,False,False,False,False,True,False,False,False,0.7466862201690674,False,False,1.4,False,False,False,0.0,gold_direct,clean,200.124,ef7eb33d68a04a3b,7,label_srs
37567,gold/stt4_page_0114_c02_039.png,stt4,page_0114,2,召,chịu,召,U+53EC,char,GOLD,s1_inter_s2_direct,,0.104,62.0,95.0,f46ba9ce0139,ok,test,stt4|page_0114|c2,"[862, 1303, 932, 1380]",0.6921199560165405,0.0012601986527442,0.4247477054595947,1.0,0.6445757150650024,0.6921199560165405,True,True,False,,False,False,False,False,False,False,True,False,False,False,0.6445757150650024,False,False,1.532258064516129,False,False,False,0.0,gold_direct,clean,200.124,596d99b4f00afee5,8,label_srs
42947,gold/stt4_page_0170_c09_178.png,stt4,page_0170,9,特,được,特,U+7279,char,GOLD,s1_inter_s2_direct,,0.149,74.0,82.0,36baa3077660,ok,train,stt4|page_0170|c9,"[216, 737, 286, 814]",0.285897821187973,0.0008146300096996,-0.3523167669773102,0.0,0.2999387681484222,0.6382145881652832,True,True,True,,False,False,False,False,False,False,True,False,False,True,0.2999387681484222,True,False,1.1081081081081081,False,False,False,0.5874999999999999,head_disagree,"head-disagree,bank=0.30(p10)",200.124,90e47e3a3a9307f5,9,label_srs
74465,gold/stt11_page_0216_c03_051.png,stt11,page_0216,3,奴,nô,奴,U+5974,char,GOLD,s1_inter_s2_direct,,0.155,108.0,131.0,d9a618de8c9a,ok,val,stt11|page_0216|c3,"[1197, 1200, 1302, 1321]",0.6409718990325928,0.0011789555428549,0.4182873517274856,1.0,0.8346959948539734,0.6409718990325928,True,True,False,,False,False,False,False,False,False,True,False,False,False,0.8346959948539734,False,False,1.212962962962963,False,False,False,0.0,gold_direct,clean,200.124,8d218538345ea9de,10,label_srs
30101,gold/stt4_page_0032_c06_109.png,stt4,page_0032,6,佐,xem,佔,U+4F54,char,GOLD,s1_inter_s2_similar,0.926,0.117,71.0,104.0,3dbe278ed960,ok,train,stt4|page_0032|c6,"[479, 1112, 548, 1196]",0.5602148175239563,0.0011110336054116,0.2516517341136932,1.0,0.8382171988487244,0.5602148175239563,True,True,False,0.926,True,False,False,False,True,False,False,False,False,False,0.8382171988487244,False,False,1.4647887323943662,False,False,False,0.30000000000000004,similar_bridge,similar-bridge,200.124,e22168cd7decc44f,11,label_srs
52733,gold/stt4_page_0278_c01_016.png,stt4,page_0278,1,特,được,特,U+7279,char,GOLD,s1_inter_s2_direct,,0.129,119.0,129.0,a401efe16bcc,ok,train,stt4|page_0278|c1,"[1426, 1606, 1528, 1711]",0.6596381664276123,0.0012008035555481,0.3875457048416137,1.0,0.7736800909042358,0.6596381664276123,True,True,False,,False,False,False,False,False,False,True,False,False,False,0.7736800909042358,False,False,1.084033613445378,False,False,False,0.0,gold_direct,clean,200.124,ab31326629e2c26c,12,label_srs
32036,gold/stt4_page_0052_c08_154.png,stt4,page_0052,8,偉,và,喡,U+55A1,char,GOLD,s1_inter_s2_similar,0.948,0.155,66.0,99.0,03b9f5fac250,ok,train,stt4|page_0052|c8,"[260, 1307, 333, 1390]",0.751539409160614,0.0013454247964546,0.473987728357315,1.0,0.8330829739570618,0.751539409160614,True,True,False,0.948,True,False,False,False,True,False,False,False,False,False,0.8330829739570618,False,False,1.5,False,False,False,0.30000000000000004,similar_bridge,similar-bridge,200.124,630d09309484c23e,13,label_srs
58050,gold/stt11_page_0036_c03_051.png,stt11,page_0036,3,鬼,quỷ,鬼,U+9B3C,char,GOLD,s1_inter_s2_direct,,0.178,95.0,132.0,5cc8539c6db9,ok,train,stt11|page_0036|c3,"[1204, 1671, 1310, 1780]",0.5626789927482605,0.0011021859245374,0.250214010477066,1.0,0.6353946924209595,0.5626789927482605,True,True,False,,False,False,False,False,False,False,True,False,False,False,0.6353946924209595,False,False,1.3894736842105264,False,False,False,0.0,gold_direct,clean,200.124,6ee13f7101162c6a,14,label_srs
82228,gold/stt11_page_0298_c07_143.png,stt11,page_0298,7,折,chết,折,U+6298,char,GOLD,s1_inter_s2_direct,,0.179,100.0,145.0,3ecf404b9e01,ok,train,stt11|page_0298|c7,"[545, 2163, 649, 2280]",0.685050368309021,0.0012367324670776,0.2322694063186645,1.0,0.6245229244232178,0.685050368309021,True,True,False,,False,False,False,False,False,False,True,False,False,False,0.6245229244232178,False,False,1.45,False,False,False,0.0,gold_direct,clean,200.124,431fb4ff326b878b,15,label_srs
60609,gold/stt11_page_0066_c02_028.png,stt11,page_0066,2,中,trong,中,U+4E2D,char,GOLD,s1_inter_s2_direct,,0.203,80.0,129.0,aabba52d0362,ok,train,stt11|page_0066|c2,"[1330, 1009, 1431, 1119]",0.7152283191680908,0.0012742443941533,0.4826669692993164,1.0,0.9163878560066224,0.7152283191680908,True,True,False,,False,False,False,False,False,False,True,False,False,False,0.9163878560066224,False,False,1.6125,False,False,False,0.0,gold_direct,clean,200.124,bec92f682d72fb4e,16,label_srs
4301,gold/stt2_page_0056_c08_159.png,stt2,page_0056,8,例,lời,例,U+4F8B,char,GOLD,s1_inter_s2_direct,,0.204,81.0,128.0,5e8c358cf06c,ok,train,stt2|page_0056|c8,"[370, 742, 470, 846]",0.6478474736213684,0.0012167312670499,0.360920637845993,1.0,0.7909842133522034,0.6478474736213684,True,True,False,,False,False,False,False,False,False,True,False,False,False,0.7909842133522034,False,False,1.5802469135802468,False,False,False,0.0,gold_direct,clean,200.124,d7b145abf4884a91,17,label_srs
15555,gold/stt2_page_0182_c09_162.png,stt2,page_0182,9,代,dạy,代,U+4EE3,char,GOLD,s1_inter_s2_direct,,0.2,147.0,161.0,b00596b3264a,ok,train,stt2|page_0182|c9,"[212, 1972, 331, 2103]",0.5964022874832153,0.0011429140577092,0.3149298131465912,1.0,0.594188392162323,0.5964022874832153,True,True,False,,False,False,False,False,False,False,True,False,False,False,0.594188392162323,False,False,1.0952380952380953,False,False,False,0.0,gold_direct,clean,200.124,00c355564425d728,18,label_srs
73778,gold/stt11_page_0208_c06_110.png,stt11,page_0208,6,庵,am,庵,U+5EB5,char,GOLD,s1_inter_s2_direct,,0.24,89.0,108.0,98d5c3fc3e0a,ok,train,stt11|page_0208|c6,"[777, 451, 884, 559]",0.7208276391029358,0.0012803941499441,0.3898631036281585,1.0,1.0,0.7208276391029358,True,True,False,,False,False,False,False,False,False,True,False,False,False,1.0,False,False,1.2134831460674158,False,False,False,0.0,gold_direct,clean,200.124,978d8d624c8820b7,19,label_srs
29166,gold/stt4_page_0022_c04_083.png,stt4,page_0022,4,枸,câu,枸,U+67B8,char,GOLD,s1_inter_s2_direct,,0.099,86.0,84.0,86cbdd9e6cf0,ok,train,stt4|page_0022|c4,"[666, 1260, 736, 1328]",0.6827090382575989,0.0012276702327653,0.3923152685165405,1.0,0.738290011882782,0.6827090382575989,True,True,False,,False,False,False,False,False,False,True,False,False,False,0.738290011882782,False,False,0.9767441860465116,False,False,False,0.0,gold_direct,clean,200.124,f0add764cb0385b8,20,label_srs
12787,gold/stt2_page_0150_c05_104.png,stt2,page_0150,5,之,chi,之,U+4E4B,char,GOLD,s1_inter_s2_direct,,0.208,127.0,131.0,ac51197b0feb,ok,train,stt2|page_0150|c5,"[850, 2423, 953, 2530]",0.735550045967102,0.0012845303863286,0.5088562965393066,1.0,0.8258795738220215,0.735550045967102,True,True,False,,False,False,False,False,False,False,True,False,False,False,0.8258795738220215,False,False,1.031496062992126,False,False,False,0.0,gold_direct,clean,200.124,b6530bed1d4fa04e,21,label_srs
82205,gold/stt11_page_0298_c06_120.png,stt11,page_0298,6,欺,khi,欺,U+6B3A,char,GOLD,s1_inter_s2_direct,,0.199,92.0,136.0,04c5f8bdbb90,ok,train,stt11|page_0298|c6,"[692, 1903, 796, 2016]",0.6923707723617554,0.0012478257995098,0.4649201035499573,1.0,0.7584126591682434,0.6923707723617554,True,True,False,,False,False,False,False,False,False,True,False,False,False,0.7584126591682434,False,False,1.4782608695652173,False,False,False,0.0,gold_direct,clean,200.124,9f02aabb8b055623,22,label_srs
19990,gold/stt2_page_0236_c05_078.png,stt2,page_0236,5,除,giờ,除,U+9664,char,GOLD,s1_inter_s2_direct,,0.183,112.0,145.0,43f6e02a76b9,ok,train,stt2|page_0236|c5,"[842, 882, 949, 1009]",0.6854591965675354,0.0012324879644438,0.3556471467018127,1.0,0.727466344833374,0.6854591965675354,True,True,False,,False,False,False,False,False,False,True,False,False,False,0.727466344833374,False,False,1.2946428571428572,False,False,False,0.0,gold_direct,clean,200.124,bdafdecbbe8e8c55,23,label_srs
56333,gold/stt11_page_0018_c04_075.png,stt11,page_0018,4,道,đạo,道,U+9053,char,GOLD,s1_inter_s2_direct,,0.246,83.0,138.0,452a65acc9a2,ok,train,stt11|page_0018|c4,"[1020, 1545, 1130, 1657]",0.6961488127708435,0.0012422387953847,0.4523597359657287,1.0,0.8351152539253235,0.6961488127708435,True,True,False,,False,False,False,False,False,False,True,False,False,False,0.8351152539253235,False,False,1.6626506024096386,False,False,False,0.0,gold_direct,clean,200.124,b538247ee881c5ab,24,label_srs
52344,gold/stt4_page_0272_c09_186.png,stt4,page_0272,9,麻,mà,麻,U+9EBB,char,GOLD,s1_inter_s2_direct,,0.166,55.0,87.0,8ca55ec6ba14,ok,val,stt4|page_0272|c9,"[175, 984, 247, 1057]",0.7072839140892029,0.0012630979763343,0.4453089237213135,1.0,0.7198099493980408,0.7072839140892029,True,True,False,,False,False,False,False,False,False,True,False,False,False,0.7198099493980408,False,False,1.5818181818181818,False,False,False,0.0,gold_direct,clean,200.124,409e281eb1c2d07d,25,label_srs
61688,gold/stt11_page_0076_c09_173.png,stt11,page_0076,9,共,cùng,共,U+5171,char,GOLD,s1_inter_s2_direct,,0.228,85.0,111.0,465b89ea71a2,ok,train,stt11|page_0076|c9,"[310, 2344, 416, 2451]",0.775915801525116,0.001334577333182,0.5513412058353424,1.0,0.8501688838005066,0.775915801525116,True,True,False,,False,False,False,False,False,False,True,False,False,False,0.8501688838005066,False,False,1.3058823529411765,False,False,False,0.0,gold_direct,clean,200.124,46031fcbde3e55b3,26,label_srs
45854,gold/stt4_page_0204_c03_060.png,stt4,page_0204,3,底,để,底,U+5E95,char,GOLD,s1_inter_s2_direct,,0.148,75.0,87.0,c8310713a32a,ok,train,stt4|page_0204|c3,"[765, 1077, 834, 1150]",0.7152003645896912,0.0012836641399189,0.4472343623638153,1.0,0.8890814781188965,0.7152003645896912,True,True,False,,False,False,False,False,False,False,True,False,False,False,0.8890814781188965,False,False,1.16,False,False,False,0.0,gold_direct,clean,200.124,730508959b759913,27,label_srs
67780,gold/stt11_page_0146_c01_017.png,stt11,page_0146,1,吒,cha,吒,U+5412,char,GOLD,s1_inter_s2_direct,,0.161,107.0,136.0,b7429f3e2af3,ok,train,stt11|page_0146|c1,"[1459, 1967, 1564, 2077]",0.733537495136261,0.0012809784384444,0.4417668879032135,1.0,0.8230533003807068,0.733537495136261,True,True,False,,False,False,False,False,False,False,True,False,False,False,0.8230533003807068,False,False,1.2710280373831775,False,False,False,0.0,gold_direct,clean,200.124,95dad72b44d7bb0a,28,label_srs
26693,gold/stt2_page_0314_c05_090.png,stt2,page_0314,5,㝵,người,㝵,U+3775,char,GOLD,s1_inter_s2_direct,,0.161,92.0,137.0,aae4cf1042b1,ok,train,stt2|page_0314|c5,"[837, 1623, 942, 1749]",0.728169858455658,0.0012862875591963,0.5089631974697113,1.0,0.8002479076385498,0.728169858455658,True,True,False,,False,False,False,False,False,False,True,False,False,False,0.8002479076385498,False,False,1.4891304347826086,False,False,False,0.0,gold_direct,clean,200.124,b5210b4c210ae41e,29,label_srs
38140,gold/stt4_page_0120_c01_020.png,stt4,page_0120,1,祝,chốc,祝,U+795D,char,GOLD,s1_inter_s2_direct,,0.159,72.0,93.0,547118ac0786,ok,train,stt4|page_0120|c1,"[948, 1517, 1025, 1595]",0.7560397386550903,0.0013401522301137,0.4895765483379364,1.0,0.7893944978713989,0.7560397386550903,True,True,False,,False,False,False,False,False,False,True,False,False,False,0.7893944978713989,False,False,1.2916666666666667,False,False,False,0.0,gold_direct,clean,200.124,b7a7f8e2ce3369d8,30,label_srs
9448,gold/stt2_page_0112_c05_096.png,stt2,page_0112,5,遣,khiến,遣,U+9063,char,GOLD,s1_inter_s2_direct,,0.185,129.0,141.0,9a43d7e4f684,ok,train,stt2|page_0112|c5,"[835, 1768, 940, 1884]",0.7546766996383667,0.0013310441281646,0.4916734099388122,1.0,0.8675761818885803,0.7546766996383667,True,True,False,,False,False,False,False,False,False,True,False,False,False,0.8675761818885803,False,False,1.0930232558139534,False,False,False,0.0,gold_direct,clean,200.124,ae236d8901ad59a1,31,label_srs
9029,gold/stt2_page_0108_c02_025.png,stt2,page_0108,2,庄,chăng,庄,U+5E84,char,GOLD,s1_inter_s2_direct,,0.206,120.0,137.0,b986279609b2,ok,train,stt2|page_0108|c2,"[1302, 723, 1404, 835]",0.5708167552947998,0.0010990920709446,0.3047000467777252,1.0,0.7017769813537598,0.5708167552947998,True,True,False,,False,False,False,False,False,False,True,False,False,False,0.7017769813537598,False,False,1.1416666666666666,False,False,False,0.0,gold_direct,clean,200.124,b66b2685857cd473,32,label_srs
65256,gold/stt11_page_0118_c08_163.png,stt11,page_0118,8,实,thật,实,U+5B9E,char,GOLD,s1_inter_s2_direct,,0.139,97.0,149.0,0d7679eb2c91,ok,train,stt11|page_0118|c8,"[410, 1880, 513, 2001]",0.7573362588882446,0.0013412763364613,0.4811655580997467,1.0,0.7577790021896362,0.7573362588882446,True,True,False,,False,False,False,False,False,False,True,False,False,False,0.7577790021896362,False,False,1.5360824742268042,False,False,False,0.0,gold_direct,clean,200.124,c53a17de31d50199,33,label_srs
22846,gold/stt2_page_0270_c04_074.png,stt2,page_0270,4,恩,ơn,恩,U+6069,char,GOLD,s1_inter_s2_direct,,0.176,101.0,129.0,653df81f5ee2,ok,train,stt2|page_0270|c4,"[1001, 1089, 1092, 1196]",0.7005226016044617,0.0012612541904672,0.3408155739307403,1.0,0.7919233441352844,0.7005226016044617,True,True,False,,False,False,False,False,False,False,True,False,False,False,0.7919233441352844,False,False,1.2772277227722773,False,False,False,0.0,gold_direct,clean,200.124,b201d1971e8ca0be,34,label_srs
22739,gold/stt2_page_0268_c08_140.png,stt2,page_0268,8,秋,su,秋,U+79CB,char,GOLD,s1_inter_s2_direct,,0.213,101.0,121.0,f245ecbda64e,ok,train,stt2|page_0268|c8,"[391, 818, 490, 928]",0.7526707649230957,0.001312771695666,0.4529997706413269,1.0,0.807729959487915,0.7526707649230957,True,True,False,,False,False,False,False,False,False,True,False,False,False,0.807729959487915,False,False,1.198019801980198,False,False,False,0.0,gold_direct,clean,200.124,9aa67e5d013198ff,35,label_srs
58375,gold/stt11_page_0040_c09_184.png,stt11,page_0040,9,美,mở,美,U+7F8E,char,GOLD,s1_inter_s2_direct,,0.162,108.0,105.0,055431c2aa28,ok,train,stt11|page_0040|c9,"[255, 444, 357, 542]",0.7494258284568787,0.0013243720168247,0.5154931545257568,1.0,0.7497033476829529,0.7494258284568787,True,True,False,,False,False,False,False,False,False,True,False,False,False,0.7497033476829529,False,False,0.9722222222222222,False,False,False,0.0,gold_direct,clean,200.124,26a7889e95532579,36,label_srs
59485,gold/stt11_page_0054_c02_042.png,stt11,page_0054,2,事,sự,事,U+4E8B,char,GOLD,s1_inter_s2_direct,,0.134,102.0,126.0,633315bfb927,ok,train,stt11|page_0054|c2,"[1349, 2104, 1450, 2217]",0.7517722845077515,0.0013150637969374,0.5398053228855133,1.0,0.8704288005828857,0.7517722845077515,True,True,False,,False,False,False,False,False,False,True,False,False,False,0.8704288005828857,False,False,1.2352941176470589,False,False,False,0.0,gold_direct,clean,200.124,57eb9954ba0ed94a,37,label_srs
67694,gold/stt11_page_0144_c06_117.png,stt11,page_0144,6,差,sai,差,U+5DEE,char,GOLD,s1_inter_s2_direct,,0.193,88.0,139.0,27f71f740d6d,ok,train,stt11|page_0144|c6,"[729, 1051, 835, 1168]",0.7594811916351318,0.0013378064613789,0.474993497133255,1.0,0.7936010360717773,0.7594811916351318,True,True,False,,False,False,False,False,False,False,True,False,False,False,0.7936010360717773,False,False,1.5795454545454546,False,False,False,0.0,gold_direct,clean,200.124,cb1a89fbffb44d6f,38,label_srs
54369,gold/stt4_page_0294_c01_017.png,stt4,page_0294,1,時,thì,時,U+6642,char,GOLD,s1_inter_s2_direct,,0.121,80.0,90.0,c4fafff6c255,ok,train,stt4|page_0294|c1,"[951, 1311, 1021, 1390]",0.7165220975875854,0.001262818230316,0.5179187059402466,1.0,0.8649773597717285,0.7165220975875854,True,True,False,,False,False,False,False,False,False,True,False,False,False,0.8649773597717285,False,False,1.125,False,False,False,0.0,gold_direct,clean,200.124,3e87a3e4738ae82d,39,label_srs
1766,gold/stt2_page_0030_c04_078.png,stt2,page_0030,4,庫,khó,庫,U+5EAB,char,GOLD,s1_inter_s2_direct,,0.234,83.0,130.0,d32a734bcafa,ok,test,stt2|page_0030|c4,"[985, 1381, 1077, 1487]",0.5896645784378052,0.0011532694334164,0.2741542458534241,1.0,0.78047776222229,0.5896645784378052,True,True,False,,False,False,False,False,False,False,True,False,False,False,0.78047776222229,False,False,1.5662650602409638,False,False,False,0.0,gold_direct,clean,200.124,23a3dd35dc72252f,40,label_srs
48959,gold/stt4_page_0236_c09_187.png,stt4,page_0236,9,意,ấy,意,U+610F,char,GOLD,s1_inter_s2_direct,,0.117,69.0,87.0,538cfb43ff2c,ok,train,stt4|page_0236|c9,"[194, 1496, 259, 1572]",0.6492774486541748,0.0011857483768835,0.4226051568984985,1.0,0.7777063846588135,0.6492774486541748,True,True,False,,False,False,False,False,False,False,True,False,False,False,0.7777063846588135,False,False,1.2608695652173914,False,False,False,0.0,gold_direct,clean,200.124,23fde5982a708e8e,41,label_srs
13764,gold/stt2_page_0162_c02_025.png,stt2,page_0162,2,真,xin,真,U+771F,char,GOLD,s1_inter_s2_direct,,0.185,140.0,153.0,3503f63035af,ok,train,stt2|page_0162|c2,"[1282, 972, 1396, 1102]",0.6967368721961975,0.001267660758458,0.403463065624237,1.0,0.784800112247467,0.6967368721961975,True,True,False,,False,False,False,False,False,False,True,False,False,False,0.784800112247467,False,False,1.0928571428571427,False,False,False,0.0,gold_direct,clean,200.124,512d891e867c2f1f,42,label_srs
4320,gold/stt2_page_0056_c08_178.png,stt2,page_0056,8,鬼,quỷ,鬼,U+9B3C,char,GOLD,s1_inter_s2_direct,,0.201,103.0,118.0,a9ebfb7a7954,ok,train,stt2|page_0056|c8,"[379, 2273, 468, 2369]",0.6897305250167847,0.0012519697193056,0.3654330372810364,1.0,0.7907291650772095,0.6897305250167847,True,True,False,,False,False,False,False,False,False,True,False,False,False,0.7907291650772095,False,False,1.145631067961165,False,False,False,0.0,gold_direct,clean,200.124,bef32602d405b69f,43,label_srs
31158,gold/stt4_page_0044_c01_017.png,stt4,page_0044,1,牢,sao,牢,U+7262,char,GOLD,s1_inter_s2_direct,,0.136,82.0,93.0,11c2c6ec0d56,ok,train,stt4|page_0044|c1,"[971, 1499, 1043, 1576]",0.3844719529151916,0.0009231417789123,0.0998927354812622,1.0,0.4575629830360412,0.3844719529151916,True,True,False,,False,False,False,False,False,False,True,False,False,False,0.4575629830360412,True,False,1.1341463414634145,False,False,False,0.25,gold_direct,bank=0.46(p10),200.124,582a97dd8415dbc5,44,label_srs
64210,gold/stt11_page_0108_c04_074.png,stt11,page_0108,4,真,chân,真,U+771F,char,GOLD,s1_inter_s2_direct,,0.129,106.0,138.0,8c354d46ced1,ok,train,stt11|page_0108|c4,"[1005, 1550, 1113, 1666]",0.7301963567733765,0.0012953806435689,0.4596083760261535,1.0,0.7794286608695984,0.7301963567733765,True,True,False,,False,False,False,False,False,False,True,False,False,False,0.7794286608695984,False,False,1.3018867924528301,False,False,False,0.0,gold_direct,clean,200.124,6ab44d641a5ebc37,45,label_srs
64299,gold/stt11_page_0108_c08_163.png,stt11,page_0108,8,命,mình,命,U+547D,char,GOLD,s1_inter_s2_direct,,0.18,96.0,124.0,81bc3bdb07c5,ok,train,stt11|page_0108|c8,"[395, 1747, 501, 1872]",0.7724522352218628,0.0013483952498063,0.4737484455108642,1.0,0.8086764812469482,0.7724522352218628,True,True,False,,False,False,False,False,False,False,True,False,False,False,0.8086764812469482,False,False,1.2916666666666667,False,False,False,0.0,gold_direct,clean,200.124,754d97778eef9285,46,label_srs
18766,gold/stt2_page_0222_c04_075.png,stt2,page_0222,4,除,giờ,除,U+9664,char,GOLD,s1_inter_s2_direct,,0.212,117.0,130.0,fcdb3478e2e0,ok,train,stt2|page_0222|c4,"[961, 2315, 1067, 2437]",0.7693352699279785,0.0013487804681062,0.5328289717435837,1.0,0.8544067740440369,0.7693352699279785,True,True,False,,False,False,False,False,False,False,True,False,False,False,0.8544067740440369,False,False,1.1111111111111112,False,False,False,0.0,gold_direct,clean,200.124,ed022c110b47f127,47,label_srs
12052,gold/stt2_page_0140_c04_061.png,stt2,page_0140,4,位,vì,位,U+4F4D,char,GOLD,s1_inter_s2_direct,,0.203,112.0,123.0,6ab3df5370d9,ok,train,stt2|page_0140|c4,"[945, 2286, 1054, 2395]",0.6283988952636719,0.0011888544540852,0.30753093957901,1.0,0.7576168775558472,0.6283988952636719,True,True,False,,False,False,False,False,False,False,True,False,False,False,0.7576168775558472,False,False,1.0982142857142858,False,False,False,0.0,gold_direct,clean,200.124,a4c088a000bfce4b,48,label_srs
78999,gold/stt11_page_0264_c05_097.png,stt11,page_0264,5,除,chừa,除,U+9664,char,GOLD,s1_inter_s2_direct,,0.163,115.0,137.0,62e0f6d109bf,ok,train,stt11|page_0264|c5,"[881, 1472, 987, 1587]",0.6789851188659668,0.001237838063389,0.4150055646896362,1.0,0.7871267795562744,0.6789851188659668,True,True,False,,False,False,False,False,False,False,True,False,False,False,0.7871267795562744,False,False,1.191304347826087,False,False,False,0.0,gold_direct,clean,200.124,5cf3eacff6eb15a5,49,label_srs
71210,gold/stt11_page_0182_c02_023.png,stt11,page_0182,2,欺,khi,欺,U+6B3A,char,GOLD,s1_inter_s2_direct,,0.184,107.0,117.0,9f7f1096eff0,ok,train,stt11|page_0182|c2,"[1302, 592, 1407, 706]",0.7007648944854736,0.0012554011773318,0.4552245438098907,1.0,0.7760888338088989,0.7007648944854736,True,True,False,,False,False,False,False,False,False,True,False,False,False,0.7760888338088989,False,False,1.0934579439252337,False,False,False,0.0,gold_direct,clean,200.124,6f3117d5f9d57c97,50,label_srs
5511,gold/stt2_page_0070_c03_030.png,stt2,page_0070,3,欺,khi,欺,U+6B3A,char,GOLD,s1_inter_s2_direct,,0.262,115.0,141.0,dd17c3674e4c,ok,test,stt2|page_0070|c3,"[1157, 978, 1263, 1093]",0.7341443300247192,0.0013051014393568,0.3290501236915588,1.0,0.7059003710746765,0.7341443300247192,True,True,False,,False,False,False,False,False,False,True,False,False,False,0.7059003710746765,False,False,1.2260869565217392,False,False,False,0.0,gold_direct,clean,200.124,e4f9107ddbf11129,51,label_srs
22498,gold/stt2_page_0266_c04_071.png,stt2,page_0266,4,朱,cho,朱,U+6731,char,GOLD,s1_inter_s2_direct,,0.258,112.0,150.0,87dd18c0b726,ok,train,stt2|page_0266|c4,"[984, 1978, 1086, 2107]",0.6666664481163025,0.0012233960442245,0.3683109879493713,1.0,0.5730767846107483,0.6666664481163025,True,True,False,,False,False,False,False,False,False,True,False,False,False,0.5730767846107483,False,False,1.3392857142857142,False,False,False,0.0,gold_direct,clean,200.124,a42c0f008c09e75a,52,label_srs
10562,gold/stt2_page_0124_c04_082.png,stt2,page_0124,4,命,mình,命,U+547D,char,GOLD,s1_inter_s2_direct,,0.191,139.0,149.0,4f214d24abec,ok,test,stt2|page_0124|c4,"[974, 2191, 1087, 2312]",0.7196565866470337,0.0012672763550654,0.4917021542787552,1.0,0.8884634375572205,0.7196565866470337,True,True,False,,False,False,False,False,False,False,True,False,False,False,0.8884634375572205,False,False,1.0719424460431655,False,False,False,0.0,gold_direct,clean,200.124,a6faefb35cb99f45,53,label_srs
59928,gold/stt11_page_0058_c05_100.png,stt11,page_0058,5,共,cùng,共,U+5171,char,GOLD,s1_inter_s2_direct,,0.151,117.0,128.0,009447aa000e,ok,train,stt11|page_0058|c5,"[873, 1686, 983, 1797]",0.7385098934173584,0.0012855815002694,0.5212636440992355,1.0,0.8430400490760803,0.7385098934173584,True,True,False,,False,False,False,False,False,False,True,False,False,False,0.8430400490760803,False,False,1.0940170940170941,False,False,False,0.0,gold_direct,clean,200.124,fdc1c5f297bec7bd,54,label_srs
62333,gold/stt11_page_0088_c03_078.png,stt11,page_0088,3,塊,hồn,塊,U+584A,char,GOLD,s1_inter_s2_direct,,0.175,102.0,146.0,8461ec843543,ok,train,stt11|page_0088|c3,"[1208, 1834, 1312, 1954]",0.3907108604907989,0.0009213280281983,-0.0352307260036468,0.0,0.4143390953540802,0.4259415864944458,True,True,True,,False,False,False,False,False,False,True,False,False,True,0.4143390953540802,True,False,1.4313725490196079,False,False,False,0.5874999999999999,head_disagree,"head-disagree,bank=0.41(p10)",200.124,c5eeb284d8262e85,55,label_srs
27674,gold/stt2_page_0326_c03_047.png,stt2,page_0326,3,吏,lại,吏,U+540F,char,GOLD,s1_inter_s2_direct,,0.207,115.0,152.0,694866f51ff5,ok,train,stt2|page_0326|c3,"[1130, 1176, 1246, 1300]",0.7459992170333862,0.0013157306239008,0.4827285408973694,1.0,0.8314917683601379,0.7459992170333862,True,True,False,,False,False,False,False,False,False,True,False,False,False,0.8314917683601379,False,False,1.3217391304347825,False,False,False,0.0,gold_direct,clean,200.124,3e0ef8fdabee0f95,56,label_srs
24765,gold/stt2_page_0292_c02_032.png,stt2,page_0292,2,幾,một,没,U+6CA1,char,GOLD,s1_inter_s2_similar,0.837,0.21,101.0,162.0,3641f8e765fc,ok,train,stt2|page_0292|c2,"[1291, 1842, 1408, 1978]",0.6892561912536621,0.0012619086774066,0.339516282081604,1.0,0.6756224632263184,0.6892561912536621,True,True,False,0.837,True,False,False,False,True,False,False,False,False,False,0.6756224632263184,False,False,1.603960396039604,False,False,False,0.30000000000000004,similar_bridge,similar-bridge,200.124,ed82950ee18d25fb,57,label_srs
49427,gold/stt4_page_0242_c05_085.png,stt4,page_0242,5,固,có,固,U+56FA,char,GOLD,s1_inter_s2_direct,,0.118,83.0,94.0,0b23cbcab5aa,ok,train,stt4|page_0242|c5,"[611, 908, 679, 984]",0.7151087522506714,0.0012656166218221,0.4747530966997146,1.0,0.8110492825508118,0.7151087522506714,True,True,False,,False,False,False,False,False,False,True,False,False,False,0.8110492825508118,False,False,1.1325301204819278,False,False,False,0.0,gold_direct,clean,200.124,57a2ec561419a1d1,58,label_srs
61068,gold/stt11_page_0070_c05_096.png,stt11,page_0070,5,城,thành,城,U+57CE,char,GOLD,s1_inter_s2_direct,,0.243,121.0,133.0,64dff3351e50,ok,train,stt11|page_0070|c5,"[885, 1373, 997, 1483]",0.7476197481155396,0.0013222317211329,0.4522581696510315,1.0,0.9016081690788268,0.7476197481155396,True,True,False,,False,False,False,False,False,False,True,False,False,False,0.9016081690788268,False,False,1.0991735537190082,False,False,False,0.0,gold_direct,clean,200.124,f5b8f6fb04a99190,59,label_srs
5036,gold/stt2_page_0064_c06_114.png,stt2,page_0064,6,㝵,người,㝵,U+3775,char,GOLD,s1_inter_s2_direct,,0.225,97.0,147.0,d1d00de108fc,ok,train,stt2|page_0064|c6,"[654, 1780, 758, 1907]",0.6922039985656738,0.0012388852192088,0.4179827272891998,1.0,0.827552080154419,0.6922039985656738,True,True,False,,False,False,False,False,False,False,True,False,False,False,0.827552080154419,False,False,1.5154639175257731,False,False,False,0.0,gold_direct,clean,200.124,684f24c22d856c73,60,label_srs
71752,gold/stt11_page_0188_c01_003.png,stt11,page_0188,1,城,thành,城,U+57CE,char,GOLD,s1_inter_s2_direct,,0.168,83.0,130.0,f0d6b81282a5,ok,train,stt11|page_0188|c1,"[1485, 807, 1595, 927]",0.6160134077072144,0.0011808272683992,0.3584194481372833,1.0,0.5516024231910706,0.6160134077072144,True,True,False,,False,False,False,False,False,False,True,False,False,False,0.5516024231910706,False,False,1.5662650602409638,False,False,False,0.0,gold_direct,clean,200.124,16e4fcc99bbb4bdf,61,label_srs
21973,gold/stt2_page_0260_c04_059.png,stt2,page_0260,4,麻,mà,麻,U+9EBB,char,GOLD,s1_inter_s2_direct,,0.214,107.0,155.0,abb5fe919465,ok,val,stt2|page_0260|c4,"[1003, 760, 1110, 885]",0.633248507976532,0.0011897187214344,0.3031226694583893,1.0,0.5827074646949768,0.633248507976532,True,True,False,,False,False,False,False,False,False,True,False,False,False,0.5827074646949768,False,False,1.4485981308411215,False,False,False,0.0,gold_direct,clean,200.124,ef8c17ff3302dbb2,62,label_srs
31475,gold/stt4_page_0046_c07_135.png,stt4,page_0046,7,鮮,tươi,鮮,U+9BAE,char,GOLD,s1_inter_s2_direct,,0.167,91.0,86.0,1f486d6196b0,ok,train,stt4|page_0046|c7,"[369, 440, 446, 513]",0.7036367654800415,0.0012594866566359,0.3673751354217529,1.0,0.7415270805358887,0.7036367654800415,True,True,False,,False,False,False,False,False,False,True,False,False,False,0.7415270805358887,False,False,0.945054945054945,False,False,False,0.0,gold_direct,clean,200.124,1978b51a59aff8a6,63,label_srs
75913,gold/stt11_page_0232_c07_137.png,stt11,page_0232,7,浪,răng,浪,U+6D6A,char,GOLD,s1_inter_s2_direct,,0.183,99.0,118.0,0e0c47614d01,ok,train,stt11|page_0232|c7,"[571, 1262, 677, 1376]",0.7307004928588867,0.0012943731853738,0.4893522560596466,1.0,0.7798665761947632,0.7307004928588867,True,True,False,,False,False,False,False,False,False,True,False,False,False,0.7798665761947632,False,False,1.1919191919191918,False,False,False,0.0,gold_direct,clean,200.124,9adbee656641e704,64,label_srs
50233,gold/stt4_page_0250_c07_130.png,stt4,page_0250,7,旦,đến,旦,U+65E6,char,GOLD,s1_inter_s2_direct,,0.172,67.0,85.0,601e204f13e9,ok,test,stt4|page_0250|c7,"[368, 771, 437, 844]",0.6698142290115356,0.0012254843022674,0.4356509447097778,1.0,0.670527994632721,0.6698142290115356,True,True,False,,False,False,False,False,False,False,True,False,False,False,0.670527994632721,False,False,1.2686567164179106,False,False,False,0.0,gold_direct,clean,200.124,5321416fc4b83fca,65,label_srs
76956,gold/stt11_page_0244_c02_035.png,stt11,page_0244,2,道,đạo,道,U+9053,char,GOLD,s1_inter_s2_direct,,0.188,55.0,124.0,b0d57abc13dd,tall,train,stt11|page_0244|c2,"[1321, 1943, 1422, 2053]",0.6154997944831848,0.0011627426138147,0.360889732837677,1.0,0.5400453805923462,0.6154997944831848,True,True,False,,False,False,False,False,False,False,True,False,False,False,0.5400453805923462,False,False,2.2545454545454544,True,False,True,0.19999999999999996,quality_flag,aspect=2.25,200.124,96df41eae12c7e69,66,label_srs
56826,gold/stt11_page_0022_c09_198.png,stt11,page_0022,9,黄,vàng,黄,U+9EC4,char,GOLD,s1_inter_s2_direct,,0.226,62.0,111.0,55e625184723,ok,train,stt11|page_0022|c9,"[233, 1782, 322, 1882]",0.7586205005645752,0.0013255858793854,0.4303169250488281,1.0,0.8207258582115173,0.7586205005645752,True,True,False,,False,False,False,False,False,False,True,False,False,False,0.8207258582115173,False,False,1.7903225806451613,False,False,False,0.0,gold_direct,clean,200.124,1dc4ed471d11b4df,67,label_srs
58934,gold/stt11_page_0048_c04_076.png,stt11,page_0048,4,質,chặt,質,U+8CEA,char,GOLD,s1_inter_s2_direct,,0.182,107.0,150.0,0eaa35fd044f,ok,train,stt11|page_0048|c4,"[974, 1462, 1082, 1587]",0.6501888632774353,0.0011978851398453,0.3546102643013,1.0,0.9377999305725098,0.6501888632774353,True,True,False,,False,False,False,False,False,False,True,False,False,False,0.9377999305725098,False,False,1.4018691588785046,False,False,False,0.0,gold_direct,clean,200.124,660ac53d54e3ef54,68,label_srs
38782,gold/stt4_page_0126_c08_154.png,stt4,page_0126,8,主,chúa,主,U+4E3B,char,GOLD,s1_inter_s2_direct,,0.093,75.0,90.0,4f62cef7bf08,ok,train,stt4|page_0126|c8,"[281, 266, 353, 340]",0.7123094797134399,0.0012470965739339,0.4974536299705505,1.0,0.8892459869384766,0.7123094797134399,True,True,False,,False,False,False,False,False,False,True,False,False,False,0.8892459869384766,False,False,1.2,False,False,False,0.0,gold_direct,clean,200.124,6df4f3339138be2d,69,label_srs
58826,gold/stt11_page_0046_c08_127.png,stt11,page_0046,8,連,liên,連,U+9023,char,GOLD,s1_inter_s2_direct,,0.151,130.0,145.0,6b5246885aaa,ok,train,stt11|page_0046|c8,"[389, 1478, 495, 1595]",0.6437938213348389,0.0011889055604115,0.3359121084213257,1.0,0.4738605320453644,0.6437938213348389,True,True,False,,False,False,False,False,False,False,True,False,False,False,0.4738605320453644,True,False,1.1153846153846154,False,False,False,0.25,gold_direct,bank=0.47(p10),200.124,619f56fd9edd123f,70,label_srs
45510,gold/stt4_page_0200_c04_072.png,stt4,page_0200,4,群,còn,群,U+7FA4,char,GOLD,s1_inter_s2_direct,,0.188,72.0,94.0,06ecda39d395,ok,val,stt4|page_0200|c4,"[700, 689, 771, 765]",0.6630213856697083,0.0012235584435984,0.3358234167098999,1.0,0.7012767791748047,0.6630213856697083,True,True,False,,False,False,False,False,False,False,True,False,False,False,0.7012767791748047,False,False,1.3055555555555556,False,False,False,0.0,gold_direct,clean,200.124,2afa3b1256bc76ad,71,label_srs
26438,gold/stt2_page_0312_c02_026.png,stt2,page_0312,2,旦,đến,旦,U+65E6,char,GOLD,s1_inter_s2_direct,,0.167,109.0,133.0,957abe2f4454,ok,train,stt2|page_0312|c2,"[1290, 944, 1389, 1056]",0.712161660194397,0.0012693005846813,0.4579903483390808,1.0,0.8055396676063538,0.712161660194397,True,True,False,,False,False,False,False,False,False,True,False,False,False,0.8055396676063538,False,False,1.2201834862385321,False,False,False,0.0,gold_direct,clean,200.124,3da13478a08ef727,72,label_srs
29625,gold/stt4_page_0026_c07_142.png,stt4,page_0026,7,礼,lạy,礼,U+793C,char,GOLD,s1_inter_s2_direct,,0.143,82.0,88.0,8b224ae3c942,ok,train,stt4|page_0026|c7,"[370, 1030, 442, 1105]",0.643663763999939,0.0011910864850506,0.4113634526729584,1.0,0.5745334029197693,0.643663763999939,True,True,False,,False,False,False,False,False,False,True,False,False,False,0.5745334029197693,False,False,1.0731707317073171,False,False,False,0.0,gold_direct,clean,200.124,4f089fbb493e7929,73,label_srs
14574,gold/stt2_page_0172_c02_032.png,stt2,page_0172,2,㝵,người,㝵,U+3775,char,GOLD,s1_inter_s2_direct,,0.195,128.0,154.0,eb6ad1aa5a53,ok,train,stt2|page_0172|c2,"[1289, 1864, 1393, 1993]",0.7041751146316528,0.0012454144889488,0.4813877046108246,1.0,0.8470087051391602,0.7041751146316528,True,True,False,,False,False,False,False,False,False,True,False,False,False,0.8470087051391602,False,False,1.203125,False,False,False,0.0,gold_direct,clean,200.124,f9ac7020d4224e57,74,label_srs
55902,gold/stt11_page_0014_c02_033.png,stt11,page_0014,2,席,tiệc,席,U+5E2D,char,GOLD,s1_inter_s2_direct,,0.169,133.0,146.0,69cac1d5c6ea,ok,train,stt11|page_0014|c2,"[1314, 1596, 1427, 1714]",0.6384402513504028,0.0011992920190095,0.4080378413200378,1.0,0.4382609724998474,0.6384402513504028,True,True,False,,False,False,False,False,False,False,True,False,False,False,0.4382609724998474,True,False,1.0977443609022557,False,False,False,0.25,gold_direct,bank=0.44(p10),200.124,c203e6d6e7a4c112,75,label_srs
54884,gold/stt4_page_0298_c08_146.png,stt4,page_0298,8,主,chúa,主,U+4E3B,char,GOLD,s1_inter_s2_direct,,0.112,74.0,92.0,37d03591af39,ok,train,stt4|page_0298|c8,"[283, 300, 354, 377]",0.7033865451812744,0.0012381359701976,0.4700884222984314,1.0,0.8512041568756104,0.7033865451812744,True,True,False,,False,False,False,False,False,False,True,False,False,False,0.8512041568756104,False,False,1.2432432432432432,False,False,False,0.0,gold_direct,clean,200.124,313902d802a67cb6,76,label_srs
31783,gold/stt4_page_0050_c04_064.png,stt4,page_0050,4,徳,đức,徳,U+5FB3,char,GOLD,s1_inter_s2_direct,,0.192,82.0,58.0,488dd5b513e0,ok,train,stt4|page_0050|c4,"[657, 307, 728, 379]",0.7648587226867676,0.0013246532762423,0.4922019839286804,1.0,0.8623698949813843,0.7648587226867676,True,True,False,,False,False,False,False,False,False,True,False,False,False,0.8623698949813843,False,False,0.7073170731707317,False,False,False,0.0,gold_direct,clean,200.124,138c2a450b3d8462,77,label_srs
32241,gold/stt4_page_0054_c09_179.png,stt4,page_0054,9,欺,khi,欺,U+6B3A,char,GOLD,s1_inter_s2_direct,,0.1,101.0,95.0,3cea36aa3cb7,ok,train,stt4|page_0054|c9,"[204, 1075, 287, 1152]",0.7464847564697266,0.0013186245923861,0.5144351422786713,1.0,0.7757902145385742,0.7464847564697266,True,True,False,,False,False,False,False,False,False,True,False,False,False,0.7757902145385742,False,False,0.9405940594059405,False,False,False,0.0,gold_direct,clean,200.124,e50d89c643c6cb52,78,label_srs
8361,gold/stt2_page_0100_c05_082.png,stt2,page_0100,5,曰,viết,曰,U+66F0,char,GOLD,s1_inter_s2_direct,,0.179,120.0,145.0,0aa8ab8203a0,ok,train,stt2|page_0100|c5,"[815, 1090, 925, 1207]",0.7677870392799377,0.0013504886301234,0.5302102267742157,1.0,0.8178902864456177,0.7677870392799377,True,True,False,,False,False,False,False,False,False,True,False,False,False,0.8178902864456177,False,False,1.2083333333333333,False,False,False,0.0,gold_direct,clean,200.124,973ba0bf3e21b814,79,label_srs
50727,gold/stt4_page_0256_c04_074.png,stt4,page_0256,4,事,sự,事,U+4E8B,char,GOLD,s1_inter_s2_direct,,0.192,66.0,72.0,6befb6562814,ok,train,stt4|page_0256|c4,"[653, 1574, 722, 1641]",0.7554103136062622,0.001331893261522,0.5226894915103912,1.0,0.8406744003295898,0.7554103136062622,True,True,False,,False,False,False,False,False,False,True,False,False,False,0.8406744003295898,False,False,1.0909090909090908,False,False,False,0.0,gold_direct,clean,200.124,91e3a2b73789c12b,80,label_srs
29406,gold/stt4_page_0024_c06_119.png,stt4,page_0024,6,朱,cho,朱,U+6731,char,GOLD,s1_inter_s2_direct,,0.141,73.0,97.0,659267a31512,ok,train,stt4|page_0024|c6,"[482, 986, 554, 1066]",0.2831471860408783,0.0008211206877604,-0.2653111517429352,0.0,0.3559039831161499,0.5484583377838135,True,True,True,,False,False,False,False,False,False,True,False,False,True,0.3559039831161499,True,False,1.3287671232876712,False,False,False,0.5874999999999999,head_disagree,"head-disagree,bank=0.36(p10)",200.124,a9302ffa1c371883,81,label_srs
26576,gold/stt2_page_0312_c08_164.png,stt2,page_0312,8,恪,khác,恪,U+606A,char,GOLD,s1_inter_s2_direct,,0.163,105.0,152.0,6e98b190fd81,ok,train,stt2|page_0312|c8,"[383, 1723, 497, 1849]",0.7116788625717163,0.0012733514886349,0.3676290512084961,1.0,0.7863825559616089,0.7116788625717163,True,True,False,,False,False,False,False,False,False,True,False,False,False,0.7863825559616089,False,False,1.4476190476190476,False,False,False,0.0,gold_direct,clean,200.124,ddc242be535848c4,82,label_srs
45283,gold/stt4_page_0198_c01_017.png,stt4,page_0198,1,桂,quế,桂,U+6842,char,GOLD,s1_inter_s2_direct,,0.18,76.0,82.0,40acb73e1289,ok,train,stt4|page_0198|c1,"[972, 1316, 1041, 1395]",0.6512244343757629,0.001194846117869,0.3343741297721863,1.0,0.8598119616508484,0.6512244343757629,True,True,False,,False,False,False,False,False,False,True,False,False,False,0.8598119616508484,False,False,1.0789473684210527,False,False,False,0.0,gold_direct,clean,200.124,092c412dc82ede5f,83,label_srs
28948,gold/stt4_page_0020_c03_058.png,stt4,page_0020,3,時,thì,時,U+6642,char,GOLD,s1_inter_s2_direct,,0.169,79.0,78.0,cab84b669a3b,ok,train,stt4|page_0020|c3,"[774, 1345, 845, 1417]",0.7120974659919739,0.0012541889445856,0.5091741979122162,1.0,0.8496323823928833,0.7120974659919739,True,True,False,,False,False,False,False,False,False,True,False,False,False,0.8496323823928833,False,False,0.9873417721518988,False,False,False,0.0,gold_direct,clean,200.124,177f1b0e42a4dc1c,84,label_srs
67950,gold/stt11_page_0146_c09_187.png,stt11,page_0146,9,共,cũng,共,U+5171,char,GOLD,s1_inter_s2_direct,,0.133,70.0,124.0,3dbc25436900,ok,train,stt11|page_0146|c9,"[231, 1001, 320, 1109]",0.6844263672828674,0.0012167486129328,0.4441470205783844,1.0,0.8580920696258545,0.6844263672828674,True,True,False,,False,False,False,False,False,False,True,False,False,False,0.8580920696258545,False,False,1.7714285714285714,False,False,False,0.0,gold_direct,clean,200.124,5af61715312a8832,85,label_srs
78128,gold/stt11_page_0256_c01_003.png,stt11,page_0256,1,体,thấy,体,U+4F53,char,GOLD,s1_inter_s2_direct,,0.159,90.0,127.0,b2148d1ce159,ok,train,stt11|page_0256|c1,"[1511, 718, 1613, 828]",0.7162439823150635,0.0012766973813995,0.4699272364377975,1.0,0.7949639558792114,0.7162439823150635,True,True,False,,False,False,False,False,False,False,True,False,False,False,0.7949639558792114,False,False,1.4111111111111112,False,False,False,0.0,gold_direct,clean,200.124,c9806076468a080a,86,label_srs
72385,gold/stt11_page_0194_c03_054.png,stt11,page_0194,3,連,liên,連,U+9023,char,GOLD,s1_inter_s2_direct,,0.174,134.0,156.0,5d2b7f077a10,ok,train,stt11|page_0194|c3,"[1155, 1879, 1271, 2006]",0.6394150257110596,0.0011675506830215,0.4139823615550995,1.0,0.8593480587005615,0.6394150257110596,True,True,False,,False,False,False,False,False,False,True,False,False,False,0.8593480587005615,False,False,1.164179104477612,False,False,False,0.0,gold_direct,clean,200.124,37ae4e53c6c69f99,87,label_srs
31863,gold/stt4_page_0050_c08_144.png,stt4,page_0050,8,連,liền,連,U+9023,char,GOLD,s1_inter_s2_direct,,0.127,88.0,98.0,53d5b57aed69,ok,train,stt4|page_0050|c8,"[282, 1307, 354, 1388]",0.5232189893722534,0.0010517121991142,0.230646550655365,1.0,0.668844997882843,0.5232189893722534,True,True,False,,False,False,False,False,False,False,True,False,False,False,0.668844997882843,False,False,1.1136363636363635,False,False,False,0.0,gold_direct,clean,200.124,49a3926f2dde34ce,88,label_srs
23574,gold/stt2_page_0278_c05_075.png,stt2,page_0278,5,强,càng,强,U+5F3A,char,GOLD,s1_inter_s2_direct,,0.217,117.0,113.0,720301162fb1,ok,train,stt2|page_0278|c5,"[819, 480, 932, 591]",0.6518974304199219,0.0012125313514843,0.2938053011894226,1.0,0.6550766825675964,0.6518974304199219,True,True,False,,False,False,False,False,False,False,True,False,False,False,0.6550766825675964,False,False,0.9658119658119658,False,False,False,0.0,gold_direct,clean,200.124,841d773a8b382fb0,89,label_srs
32637,gold/stt4_page_0060_c01_008.png,stt4,page_0060,1,邁,mươi,邁,U+9081,char,GOLD,s1_inter_s2_direct,,0.141,74.0,98.0,a231fceedd53,ok,train,stt4|page_0060|c1,"[950, 773, 1019, 855]",0.7180300354957581,0.0012689750874415,0.4315637052059173,1.0,0.8930678963661194,0.7180300354957581,True,True,False,,False,False,False,False,False,False,True,False,False,False,0.8930678963661194,False,False,1.3243243243243243,False,False,False,0.0,gold_direct,clean,200.124,fb1922d62c7c0b86,90,label_srs
11080,gold/stt2_page_0130_c01_021.png,stt2,page_0130,1,麻,mà,麻,U+9EBB,char,GOLD,s1_inter_s2_direct,,0.211,125.0,131.0,ce3a82e1a422,ok,train,stt2|page_0130|c1,"[1448, 2332, 1549, 2445]",0.67380291223526,0.0012023479212075,0.4514049440622329,1.0,0.8986268043518066,0.67380291223526,True,True,False,,False,False,False,False,False,False,True,False,False,False,0.8986268043518066,False,False,1.048,False,False,False,0.0,gold_direct,clean,200.124,6a8183ff7e0e8e18,91,label_srs
32650,gold/stt4_page_0060_c02_021.png,stt4,page_0060,2,固,có,固,U+56FA,char,GOLD,s1_inter_s2_direct,,0.215,57.0,71.0,f0c37d7ffbaf,ok,train,stt4|page_0060|c2,"[852, 241, 923, 317]",0.7284585237503052,0.0012783308047801,0.4775876700878143,1.0,0.8518919944763184,0.7284585237503052,True,True,False,,False,False,False,False,False,False,True,False,False,False,0.8518919944763184,False,False,1.2456140350877194,False,False,False,0.0,gold_direct,clean,200.124,e46dbb64221cc453,92,label_srs
31655,gold/stt4_page_0048_c06_121.png,stt4,page_0048,6,時,thì,時,U+6642,char,GOLD,s1_inter_s2_direct,,0.197,66.0,71.0,d224f00ab6af,ok,train,stt4|page_0048|c6,"[492, 1460, 556, 1535]",0.6870484352111816,0.0012434606906026,0.4405998289585113,1.0,0.7415644526481628,0.6870484352111816,True,True,False,,False,False,False,False,False,False,True,False,False,False,0.7415644526481628,False,False,1.0757575757575757,False,False,False,0.0,gold_direct,clean,200.124,49bd25beeb698413,93,label_srs
78352,gold/stt11_page_0258_c02_026.png,stt11,page_0258,2,之,gì,之,U+4E4B,char,GOLD,s1_inter_s2_direct,,0.187,106.0,138.0,9efe66fd26a0,ok,train,stt11|page_0258|c2,"[1292, 699, 1393, 815]",0.5913544297218323,0.0011355604510754,0.3444740921258926,1.0,0.6165139079093933,0.5913544297218323,True,True,False,,False,False,False,False,False,False,True,False,False,False,0.6165139079093933,False,False,1.3018867924528301,False,False,False,0.0,gold_direct,clean,200.124,0966afe298ebaf02,94,label_srs
54724,gold/stt4_page_0296_c09_176.png,stt4,page_0296,9,時,thì,時,U+6642,char,GOLD,s1_inter_s2_direct,,0.101,61.0,104.0,9dcd9dab16f2,ok,train,stt4|page_0296|c9,"[196, 663, 260, 747]",0.801814079284668,0.0013908606488257,0.5603838562965393,1.0,0.7735396027565002,0.801814079284668,True,True,False,,False,False,False,False,False,False,True,False,False,False,0.7735396027565002,False,False,1.7049180327868851,False,False,False,0.0,gold_direct,clean,200.124,5364f62d71b96888,95,label_srs
80432,gold/stt11_page_0280_c02_034.png,stt11,page_0280,2,時,thì,時,U+6642,char,GOLD,s1_inter_s2_direct,,0.189,83.0,141.0,afc4d96c9f5e,ok,train,stt11|page_0280|c2,"[1364, 1550, 1464, 1665]",0.5694934129714966,0.0010839564492926,0.2641596496105194,1.0,0.7457841038703918,0.5694934129714966,True,True,False,,False,False,False,False,False,False,True,False,False,False,0.7457841038703918,False,False,1.6987951807228916,False,False,False,0.0,gold_direct,clean,200.124,cce0514abe0251af,96,label_srs
18404,gold/stt2_page_0218_c02_035.png,stt2,page_0218,2,朱,cho,朱,U+6731,char,GOLD,s1_inter_s2_direct,,0.275,93.0,155.0,210eaf41a069,ok,train,stt2|page_0218|c2,"[1312, 2105, 1411, 2234]",0.6396611928939819,0.0011791849974542,0.3305182456970215,1.0,0.8627949357032776,0.6396611928939819,True,True,False,,False,False,False,False,False,False,True,False,False,False,0.8627949357032776,False,False,1.6666666666666667,False,False,False,0.0,gold_direct,clean,200.124,b457a9357abbf3f0,97,label_srs
53227,gold/stt4_page_0282_c05_097.png,stt4,page_0282,5,支,giê,支,U+652F,char,GOLD,s1_inter_s2_direct,,0.156,76.0,87.0,dc9083eb5e96,ok,train,stt4|page_0282|c5,"[583, 758, 654, 830]",0.6646499633789062,0.001202188199386,0.3991387486457824,1.0,0.7645953297615051,0.6646499633789062,True,True,False,,False,False,False,False,False,False,True,False,False,False,0.7645953297615051,False,False,1.144736842105263,False,False,False,0.0,gold_direct,clean,200.124,cd4485ede097e9da,98,label_srs
38805,gold/stt4_page_0126_c09_177.png,stt4,page_0126,9,徳,đức,徳,U+5FB3,char,GOLD,s1_inter_s2_direct,,0.161,78.0,74.0,46f26b00faad,ok,train,stt4|page_0126|c9,"[186, 273, 260, 333]",0.6892832517623901,0.0012357115047052,0.4159622490406036,1.0,0.798745334148407,0.6892832517623901,True,True,False,,False,False,False,False,False,False,True,False,False,False,0.798745334148407,False,False,0.9487179487179487,False,False,False,0.0,gold_direct,clean,200.124,f973001fbf2021bf,99,label_srs
64672,gold/stt11_page_0112_c08_152.png,stt11,page_0112,8,朱,cho,朱,U+6731,char,GOLD,s1_inter_s2_direct,,0.153,131.0,149.0,681942e4c4a3,ok,test,stt11|page_0112|c8,"[419, 507, 527, 628]",0.7147406935691833,0.0012604276416823,0.5184004753828049,1.0,0.8084620237350464,0.7147406935691833,True,True,False,,False,False,False,False,False,False,True,False,False,False,0.8084620237350464,False,False,1.1374045801526718,False,False,False,0.0,gold_direct,clean,200.124,2c5495706b5b8675,100,label_srs
34583,gold/stt4_page_0080_c03_050.png,stt4,page_0080,3,共,cùng,共,U+5171,char,GOLD,s1_inter_s2_direct,,0.148,77.0,95.0,3055072f2b86,ok,train,stt4|page_0080|c3,"[760, 758, 831, 835]",0.7213758230209351,0.0012720373924821,0.4944125264883041,1.0,0.8050336837768555,0.7213758230209351,True,True,False,,False,False,False,False,False,False,True,False,False,False,0.8050336837768555,False,False,1.2337662337662338,False,False,False,0.0,gold_direct,clean,200.124,d090eda3d978e8fe,101,label_srs
8139,gold/stt2_page_0098_c02_033.png,stt2,page_0098,2,帝,đấy,帝,U+5E1D,char,GOLD,s1_inter_s2_direct,,0.178,120.0,117.0,69c396b3023d,ok,val,stt2|page_0098|c2,"[1261, 1472, 1367, 1570]",0.6864550113677979,0.0012392252683639,0.3858347535133362,1.0,0.87222820520401,0.6864550113677979,True,True,False,,False,False,False,False,False,False,True,False,False,False,0.87222820520401,False,False,0.975,False,False,False,0.0,gold_direct,clean,200.124,af2d94a3dbbac0db,102,label_srs
37931,gold/stt4_page_0118_c01_011.png,stt4,page_0118,1,四,tớ,四,U+56DB,char,GOLD,s1_inter_s2_direct,,0.161,46.0,84.0,7a28d5d91549,tall,train,stt4|page_0118|c1,"[973, 875, 1053, 947]",0.652334451675415,0.0012061840388923,0.3181230425834656,1.0,0.6966515779495239,0.652334451675415,True,True,False,,False,False,False,False,False,False,True,False,False,False,0.6966515779495239,False,False,1.826086956521739,True,False,True,0.19999999999999996,quality_flag,aspect=1.83,200.124,f96fcbadd799e367,103,label_srs
75951,gold/stt11_page_0232_c09_175.png,stt11,page_0232,9,吏,lại,吏,U+540F,char,GOLD,s1_inter_s2_direct,,0.12,104.0,132.0,6dca461853bb,ok,train,stt11|page_0232|c9,"[278, 687, 376, 799]",0.7521820068359375,0.0013147724093869,0.4863665699958801,1.0,0.7960282564163208,0.7521820068359375,True,True,False,,False,False,False,False,False,False,True,False,False,False,0.7960282564163208,False,False,1.2692307692307692,False,False,False,0.0,gold_direct,clean,200.124,3e1cecd218b65688,104,label_srs
25109,gold/stt2_page_0296_c02_028.png,stt2,page_0296,2,旦,đến,旦,U+65E6,char,GOLD,s1_inter_s2_direct,,0.196,109.0,165.0,f9460c66acd1,ok,train,stt2|page_0296|c2,"[1303, 1461, 1412, 1595]",0.7417417764663696,0.0013026031665503,0.5060345232486725,1.0,0.817815899848938,0.7417417764663696,True,True,False,,False,False,False,False,False,False,True,False,False,False,0.817815899848938,False,False,1.5137614678899083,False,False,False,0.0,gold_direct,clean,200.124,3e20c4f5bbb92fb1,105,label_srs
61709,gold/stt11_page_0078_c01_020.png,stt11,page_0078,1,早,người,㝵,U+3775,char,GOLD,s1_inter_s2_similar,0.928,0.213,83.0,109.0,27b924afec66,ok,train,stt11|page_0078|c1,"[1466, 2403, 1564, 2508]",0.6869083642959595,0.0012268505524843,0.4467504173517227,1.0,0.7913407683372498,0.6869083642959595,True,True,False,0.928,True,False,False,False,True,False,False,False,False,False,0.7913407683372498,False,False,1.3132530120481927,False,False,False,0.30000000000000004,similar_bridge,similar-bridge,200.124,3d6835b3601cf51d,106,label_srs
15774,gold/stt2_page_0186_c03_052.png,stt2,page_0186,3,府,lời,𢈱,U+22231,char,GOLD,s1_inter_s2_similar,0.726,0.17,119.0,165.0,a59117cf9991,ok,train,stt2|page_0186|c3,"[1099, 2062, 1204, 2197]",0.5510536432266235,0.0010842629708349,0.2910308837890625,1.0,0.7814624905586243,0.5510536432266235,True,True,False,0.726,True,False,False,False,True,False,False,False,False,False,0.7814624905586243,False,False,1.3865546218487395,False,False,False,0.30000000000000004,similar_bridge,similar-bridge,200.124,1d36d57aa24fd0eb,107,label_srs
47743,gold/stt4_page_0224_c05_095.png,stt4,page_0224,5,各,các,各,U+5404,char,GOLD,s1_inter_s2_direct,,0.151,80.0,99.0,d8c72084672e,ok,train,stt4|page_0224|c5,"[584, 975, 656, 1056]",0.6295828819274902,0.0011746803065761,0.3214992880821228,1.0,0.5594834089279175,0.6295828819274902,True,True,False,,False,False,False,False,False,False,True,False,False,False,0.5594834089279175,False,False,1.2375,False,False,False,0.0,gold_direct,clean,200.124,7125db1db20d236b,108,label_srs
40872,gold/stt4_page_0150_c02_037.png,stt4,page_0150,2,丕,vậy,丕,U+4E15,char,GOLD,s1_inter_s2_direct,,0.185,60.0,94.0,721bab57a7ce,ok,train,stt4|page_0150|c2,"[862, 1203, 935, 1279]",0.6911306381225586,0.0012558326125144,0.3924098014831543,1.0,0.5407072305679321,0.6911306381225586,True,True,False,,False,False,False,False,False,False,True,False,False,False,0.5407072305679321,False,False,1.5666666666666667,False,False,False,0.0,gold_direct,clean,200.124,8295dc18e1c94caf,109,label_srs
46683,gold/stt4_page_0212_c07_136.png,stt4,page_0212,7,翁,ông,翁,U+7FC1,char,GOLD,s1_inter_s2_direct,,0.105,95.0,95.0,0f2e04f63b01,ok,train,stt4|page_0212|c7,"[371, 850, 448, 930]",0.7340710163116455,0.0012990094255656,0.5418088436126709,1.0,0.8461319208145142,0.7340710163116455,True,True,False,,False,False,False,False,False,False,True,False,False,False,0.8461319208145142,False,False,1.0,False,False,False,0.0,gold_direct,clean,200.124,5b2563a7aafe55d1,110,label_srs
26798,gold/stt2_page_0316_c01_013.png,stt2,page_0316,1,朱,cho,朱,U+6731,char,GOLD,s1_inter_s2_direct,,0.166,122.0,146.0,7fba67329b56,ok,train,stt2|page_0316|c1,"[1445, 1790, 1556, 1914]",0.421135663986206,0.0009495566482655,0.0499211549758911,1.0,0.4362411201000213,0.421135663986206,True,True,False,,False,False,False,False,False,False,True,False,False,False,0.4362411201000213,True,False,1.1967213114754098,False,False,False,0.25,gold_direct,bank=0.44(p10),200.124,7fe397c498f24f77,111,label_srs
28338,gold/stt4_page_0014_c01_017.png,stt4,page_0014,1,事,sự,事,U+4E8B,char,GOLD,s1_inter_s2_direct,,0.107,89.0,90.0,5ac6adb54d9a,ok,val,stt4|page_0014|c1,"[947, 1332, 1020, 1407]",0.7389522790908813,0.0012947301147505,0.5176942944526672,1.0,0.795322597026825,0.7389522790908813,True,True,False,,False,False,False,False,False,False,True,False,False,False,0.795322597026825,False,False,1.0112359550561798,False,False,False,0.0,gold_direct,clean,200.124,22714c24164d0b15,112,label_srs
79312,gold/stt11_page_0268_c03_051.png,stt11,page_0268,3,間,gian,間,U+9593,char,GOLD,s1_inter_s2_direct,,0.301,85.0,141.0,da545e925e7c,ok,train,stt11|page_0268|c3,"[1183, 1198, 1287, 1313]",0.7616591453552246,0.0013265821617096,0.5210975706577301,1.0,0.8280265927314758,0.7616591453552246,True,True,False,,False,False,False,False,False,False,True,False,False,False,0.8280265927314758,False,False,1.6588235294117648,False,True,True,0.15000000000000002,quality_flag,ink-outlier,200.124,0078d66de54f61a5,113,label_srs
32079,gold/stt4_page_0054_c01_017.png,stt4,page_0054,1,彰,ảnh,影,U+5F71,char,GOLD,s1_inter_s2_similar,0.75,0.128,33.0,89.0,3f6b53c92ed5,tall,train,stt4|page_0054|c1,"[993, 1341, 1059, 1414]",0.6924687623977661,0.0012512557441368,0.4092632532119751,1.0,0.687073290348053,0.6924687623977661,True,True,False,0.75,True,False,False,False,True,False,False,False,False,False,0.687073290348053,False,False,2.696969696969697,True,False,True,0.44000000000000006,similar_bridge,"similar-bridge,aspect=2.70",200.124,d08fdf994d50834e,114,label_srs
25663,gold/stt2_page_0302_c05_084.png,stt2,page_0302,5,体,thấy,体,U+4F53,char,GOLD,s1_inter_s2_direct,,0.201,119.0,144.0,27ec3bbd3e12,ok,train,stt2|page_0302|c5,"[852, 969, 964, 1101]",0.7256091237068176,0.001278315205127,0.5226060450077057,1.0,0.7982062101364136,0.7256091237068176,True,True,False,,False,False,False,False,False,False,True,False,False,False,0.7982062101364136,False,False,1.2100840336134453,False,False,False,0.0,gold_direct,clean,200.124,8147bc070095543a,115,label_srs
58242,gold/stt11_page_0040_c03_051.png,stt11,page_0040,3,贖,chuộc,贖,U+8D16,char,GOLD,s1_inter_s2_direct,,0.281,120.0,137.0,aa391da305c6,ok,train,stt11|page_0040|c3,"[1175, 816, 1285, 927]",0.6854192614555359,0.0012143766507506,0.317033588886261,1.0,0.8017154932022095,0.6854192614555359,True,True,False,,False,False,False,False,False,False,True,False,False,False,0.8017154932022095,False,False,1.1416666666666666,False,False,False,0.0,gold_direct,clean,200.124,6cd9e247014651df,116,label_srs
25655,gold/stt2_page_0302_c04_076.png,stt2,page_0302,4,女,nữa,女,U+5973,char,GOLD,s1_inter_s2_direct,,0.213,127.0,155.0,bd001b9263f8,ok,train,stt2|page_0302|c4,"[988, 2163, 1105, 2289]",0.5998030304908752,0.0011315932497382,0.2325002253055572,1.0,0.5558299422264099,0.5998030304908752,True,True,False,,False,False,False,False,False,False,True,False,False,False,0.5558299422264099,False,False,1.220472440944882,False,False,False,0.0,gold_direct,clean,200.124,aa1d6c1f2444d961,117,label_srs
79779,gold/stt11_page_0272_c07_124.png,stt11,page_0272,7,司,ti,司,U+53F8,char,GOLD,s1_inter_s2_direct,,0.216,57.0,144.0,786a684b6da4,tall,train,stt11|page_0272|c7,"[599, 1001, 704, 1118]",0.742777943611145,0.0013078392948955,0.3929095268249511,1.0,0.8325647711753845,0.742777943611145,True,True,False,,False,False,False,False,False,False,True,False,False,False,0.8325647711753845,False,False,2.526315789473684,True,False,True,0.19999999999999996,quality_flag,aspect=2.53,200.124,0a4078a121a3c4fa,118,label_srs
22021,gold/stt2_page_0260_c06_107.png,stt2,page_0260,6,伴,bạn,伴,U+4F34,char,GOLD,s1_inter_s2_direct,,0.173,118.0,154.0,87f08126d754,ok,train,stt2|page_0260|c6,"[694, 1998, 803, 2128]",0.2917960286140442,0.0008516771486029,0.0194277763366699,1.0,0.3848586678504944,0.2917960286140442,True,True,False,,False,False,False,False,False,False,True,False,False,False,0.3848586678504944,True,False,1.305084745762712,False,False,False,0.25,gold_direct,bank=0.38(p10),200.124,a2de053fbf9d0106,119,label_srs
81782,gold/stt11_page_0294_c04_072.png,stt11,page_0294,4,灵,linh,灵,U+7075,char,GOLD,s1_inter_s2_direct,,0.154,112.0,135.0,3a4e9f49e216,ok,train,stt11|page_0294|c4,"[999, 1259, 1104, 1372]",0.6218718886375427,0.0011655855923891,0.342689573764801,1.0,0.6279512643814087,0.6218718886375427,True,True,False,,False,False,False,False,False,False,True,False,False,False,0.6279512643814087,False,False,1.2053571428571428,False,False,False,0.0,gold_direct,clean,200.124,8cfaf3f7acbddc5a,120,label_srs
78716,gold/stt11_page_0260_c09_189.png,stt11,page_0260,9,重,trọng,重,U+91CD,char,GOLD,s1_inter_s2_direct,,0.248,65.0,117.0,1a4f02760f10,ok,train,stt11|page_0260|c9,"[242, 1750, 338, 1859]",0.6936747431755066,0.0012455767719075,0.3902250528335571,1.0,0.74937504529953,0.6936747431755066,True,True,False,,False,False,False,False,False,False,True,False,False,False,0.74937504529953,False,False,1.8,False,False,False,0.0,gold_direct,clean,200.124,2d975c2ed8f59d33,121,label_srs
17010,gold/stt2_page_0200_c08_150.png,stt2,page_0200,8,奴,nó,奴,U+5974,char,GOLD,s1_inter_s2_direct,,0.256,117.0,155.0,97404bc7341c,ok,test,stt2|page_0200|c8,"[345, 1763, 447, 1890]",0.6848188638687134,0.0012376017402857,0.3980075120925903,1.0,0.8398331999778748,0.6848188638687134,True,True,False,,False,False,False,False,False,False,True,False,False,False,0.8398331999778748,False,False,1.3247863247863247,False,False,False,0.0,gold_direct,clean,200.124,19134d35b7f0f6da,122,label_srs
47896,gold/stt4_page_0226_c03_062.png,stt4,page_0226,3,几,kẻ,几,U+51E0,char,GOLD,s1_inter_s2_direct,,0.139,71.0,81.0,94a3ed44913b,ok,train,stt4|page_0226|c3,"[759, 1384, 828, 1461]",0.6405150890350342,0.0011656987480819,0.366395890712738,1.0,0.8040752410888672,0.6405150890350342,True,True,False,,False,False,False,False,False,False,True,False,False,False,0.8040752410888672,False,False,1.1408450704225352,False,False,False,0.0,gold_direct,clean,200.124,4836b3e2a2340587,123,label_srs
48721,gold/stt4_page_0234_c07_127.png,stt4,page_0234,7,几,kẻ,几,U+51E0,char,GOLD,s1_inter_s2_direct,,0.151,73.0,96.0,99f866e0d6e3,ok,train,stt4|page_0234|c7,"[381, 1213, 452, 1291]",0.6822031736373901,0.0012264921097084,0.2480902969837188,1.0,0.5585888028144836,0.6822031736373901,True,True,False,,False,False,False,False,False,False,True,False,False,False,0.5585888028144836,False,False,1.3150684931506849,False,False,False,0.0,gold_direct,clean,200.124,28e949950e1a6cfc,124,label_srs
12529,gold/stt2_page_0148_c02_031.png,stt2,page_0148,2,多,đi,多,U+591A,char,GOLD,s1_inter_s2_direct,,0.253,121.0,135.0,815694a311ad,ok,val,stt2|page_0148|c2,"[1285, 1654, 1394, 1770]",0.5290979743003845,0.0010798267321661,0.238326758146286,1.0,0.5613643527030945,0.5290979743003845,True,True,False,,False,False,False,False,False,False,True,False,False,False,0.5613643527030945,False,False,1.115702479338843,False,False,False,0.0,gold_direct,clean,200.124,ee29af1eae81a4d5,125,label_srs
22950,gold/stt2_page_0270_c09_178.png,stt2,page_0270,9,蘇,tô,蘇,U+8607,char,GOLD,s1_inter_s2_direct,,0.185,120.0,112.0,eaf3648bb6ff,ok,train,stt2|page_0270|c9,"[228, 458, 329, 566]",0.7644326090812683,0.0013289224589243,0.4764340817928314,1.0,0.8050642013549805,0.7644326090812683,True,True,False,,False,False,False,False,False,False,True,False,False,False,0.8050642013549805,False,False,0.9333333333333333,False,False,False,0.0,gold_direct,clean,200.124,0d402f485beee563,126,label_srs
74106,gold/stt11_page_0212_c04_074.png,stt11,page_0212,4,領,lĩnh,領,U+9818,char,GOLD,s1_inter_s2_direct,,0.264,90.0,130.0,487b1361aea6,ok,train,stt11|page_0212|c4,"[1024, 1430, 1126, 1545]",0.6831258535385132,0.0012219480704516,0.307265967130661,1.0,0.8616589903831482,0.6831258535385132,True,True,False,,False,False,False,False,False,False,True,False,False,False,0.8616589903831482,False,False,1.4444444444444444,False,False,False,0.0,gold_direct,clean,200.124,11f0d976513f8a3e,127,label_srs
12290,gold/stt2_page_0142_c07_129.png,stt2,page_0142,7,𤎉,liêm,𤎉,U+24389,char,GOLD,s1_inter_s2_direct,,0.269,101.0,148.0,aa38831492fe,ok,train,stt2|page_0142|c7,"[541, 1975, 647, 2105]",0.6408693194389343,0.0011795847676694,0.3386790156364441,1.0,0.9443772435188292,0.6408693194389343,True,True,False,,False,False,False,False,False,False,True,False,False,False,0.9443772435188292,False,False,1.4653465346534653,False,False,False,0.0,gold_direct,clean,200.124,135774753a4bf52d,128,label_srs
48946,gold/stt4_page_0236_c09_174.png,stt4,page_0236,9,創,sáng,創,U+5275,char,GOLD,s1_inter_s2_direct,,0.112,74.0,93.0,42d2852251c0,ok,train,stt4|page_0236|c9,"[184, 663, 251, 739]",0.6753754615783691,0.001228098059073,0.2823389768600464,1.0,0.745578944683075,0.6753754615783691,True,True,False,,False,False,False,False,False,False,True,False,False,False,0.745578944683075,False,False,1.2567567567567568,False,False,False,0.0,gold_direct,clean,200.124,334427a3468cf3d2,129,label_srs
60212,gold/stt11_page_0062_c01_003.png,stt11,page_0062,1,除,giờ,除,U+9664,char,GOLD,s1_inter_s2_direct,,0.177,98.0,132.0,4153a9d00f09,ok,val,stt11|page_0062|c1,"[1450, 729, 1554, 838]",0.7461385726928711,0.0013259961269795,0.4953685104846954,1.0,0.6837224364280701,0.7461385726928711,True,True,False,,False,False,False,False,False,False,True,False,False,False,0.6837224364280701,False,False,1.346938775510204,False,False,False,0.0,gold_direct,clean,200.124,5fa33d767f0019a1,130,label_srs
28158,gold/stt4_page_0012_c02_023.png,stt4,page_0012,2,重,trọng,重,U+91CD,char,GOLD,s1_inter_s2_direct,,0.214,70.0,98.0,83a85145f7f7,ok,train,stt4|page_0012|c2,"[865, 1100, 947, 1183]",0.6578805446624756,0.0012216459726914,0.3493619263172149,1.0,0.6172142624855042,0.6578805446624756,True,True,False,,False,False,False,False,False,False,True,False,False,False,0.6172142624855042,False,False,1.4,False,False,False,0.0,gold_direct,clean,200.124,44b9fb497721785e,131,label_srs
65284,gold/stt11_page_0120_c01_000.png,stt11,page_0120,1,保,bảo,保,U+4FDD,char,GOLD,s1_inter_s2_direct,,0.153,101.0,111.0,08c664ac5724,ok,train,stt11|page_0120|c1,"[1477, 380, 1580, 471]",0.582417368888855,0.0011236781720072,0.2325628399848938,1.0,0.7459092140197754,0.582417368888855,True,True,False,,False,False,False,False,False,False,True,False,False,False,0.7459092140197754,False,False,1.099009900990099,False,False,False,0.0,gold_direct,clean,200.124,4a5d522023df4d0c,132,label_srs
9888,gold/stt2_page_0116_c09_171.png,stt2,page_0116,9,假,giả,假,U+5047,char,GOLD,s1_inter_s2_direct,,0.2,93.0,134.0,b670ab1906e2,ok,test,stt2|page_0116|c9,"[219, 1431, 310, 1547]",0.629258930683136,0.0011701105395331,0.2945244014263153,1.0,0.6187049150466919,0.629258930683136,True,True,False,,False,False,False,False,False,False,True,False,False,False,0.6187049150466919,False,False,1.4408602150537635,False,False,False,0.0,gold_direct,clean,200.124,bc2828191dca8276,133,label_srs
54178,gold/stt4_page_0292_c02_036.png,stt4,page_0292,2,朱,cho,朱,U+6731,char,GOLD,s1_inter_s2_direct,,0.173,66.0,88.0,01d9cd93fe7e,ok,train,stt4|page_0292|c2,"[841, 1030, 910, 1102]",0.7132356762886047,0.0012627581600099,0.4964903593063354,1.0,0.7739978432655334,0.7132356762886047,True,True,False,,False,False,False,False,False,False,True,False,False,False,0.7739978432655334,False,False,1.3333333333333333,False,False,False,0.0,gold_direct,clean,200.124,69d0339d32011f85,134,label_srs
67740,gold/stt11_page_0144_c08_163.png,stt11,page_0144,8,尼,này,尼,U+5C3C,char,GOLD,s1_inter_s2_direct,,0.171,104.0,116.0,35260f7d3848,ok,train,stt11|page_0144|c8,"[429, 1274, 532, 1368]",0.6813021898269653,0.001234024297446,0.4266673028469085,1.0,0.637867271900177,0.6813021898269653,True,True,False,,False,False,False,False,False,False,True,False,False,False,0.637867271900177,False,False,1.1153846153846154,False,False,False,0.0,gold_direct,clean,200.124,39b1ed226104ab33,135,label_srs
61671,gold/stt11_page_0076_c09_156.png,stt11,page_0076,9,時,thì,時,U+6642,char,GOLD,s1_inter_s2_direct,,0.21,106.0,145.0,7151c86a5897,ok,train,stt11|page_0076|c9,"[314, 683, 409, 800]",0.7222620844841003,0.001271313172765,0.4851550161838531,1.0,0.8421387076377869,0.7222620844841003,True,True,False,,False,False,False,False,False,False,True,False,False,False,0.8421387076377869,False,False,1.3679245283018868,False,False,False,0.0,gold_direct,clean,200.124,6ba47a51bfa9491c,136,label_srs
53708,gold/stt4_page_0286_c08_174.png,stt4,page_0286,8,嗔,xin,嗔,U+55D4,char,GOLD,s1_inter_s2_direct,,0.156,61.0,88.0,257a77b4ae21,ok,train,stt4|page_0286|c8,"[296, 1063, 355, 1139]",0.1703706979751587,0.0007472601137124,-0.362684428691864,0.0,0.2909659445285797,0.5330551266670227,True,True,True,,False,False,False,False,False,False,True,False,False,True,0.2909659445285797,True,False,1.4426229508196722,False,False,False,0.5874999999999999,head_disagree,"head-disagree,bank=0.29(p10)",200.124,4aaa55ae54ed8ff5,137,label_srs
26220,gold/stt2_page_0308_c07_116.png,stt2,page_0308,7,佐,tá,佐,U+4F50,char,GOLD,s1_inter_s2_direct,,0.211,100.0,143.0,024132846c31,ok,train,stt2|page_0308|c7,"[566, 2227, 673, 2345]",0.5871438980102539,0.001130198361352,0.3162173628807068,1.0,0.8259762525558472,0.5871438980102539,True,True,False,,False,False,False,False,False,False,True,False,False,False,0.8259762525558472,False,False,1.43,False,False,False,0.0,gold_direct,clean,200.124,978a76b3550cf872,138,label_srs
62687,gold/stt11_page_0092_c01_015.png,stt11,page_0092,1,曰,viết,曰,U+66F0,char,GOLD,s1_inter_s2_direct,,0.132,98.0,137.0,0452507e6716,ok,train,stt11|page_0092|c1,"[1468, 1824, 1583, 1936]",0.7274384498596191,0.0012893822276964,0.4170820713043213,1.0,0.8863293528556824,0.7274384498596191,True,True,False,,False,False,False,False,False,False,True,False,False,False,0.8863293528556824,False,False,1.3979591836734695,False,False,False,0.0,gold_direct,clean,200.124,a9e780a3256db4c2,139,label_srs
24178,gold/stt2_page_0284_c07_125.png,stt2,page_0284,7,歇,hết,歇,U+6B47,char,GOLD,s1_inter_s2_direct,,0.227,121.0,168.0,3e824e581b1e,ok,train,stt2|page_0284|c7,"[539, 1726, 658, 1864]",0.4163146018981933,0.0009478901047259,-0.0230031609535217,0.0,0.3638987243175506,0.4393177628517151,True,True,True,,False,False,False,False,False,False,True,False,False,True,0.3638987243175506,True,False,1.3884297520661157,False,False,False,0.5874999999999999,head_disagree,"head-disagree,bank=0.36(p10)",200.124,08eefb4e06b27017,140,label_srs
78456,gold/stt11_page_0258_c06_130.png,stt11,page_0258,6,怪,khác,恪,U+606A,char,GOLD,s1_inter_s2_similar,0.953,0.176,102.0,114.0,9b466e66a63e,ok,train,stt11|page_0258|c6,"[716, 2284, 821, 2394]",0.6706438660621643,0.0012307789875194,0.3842675387859344,1.0,0.7520042657852173,0.6706438660621643,True,True,False,0.953,True,False,False,False,True,False,False,False,False,False,0.7520042657852173,False,False,1.1176470588235294,False,False,False,0.30000000000000004,similar_bridge,similar-bridge,200.124,62616459601532bf,141,label_srs
50724,gold/stt4_page_0256_c04_071.png,stt4,page_0256,4,弄,lòng,弄,U+5F04,char,GOLD,s1_inter_s2_direct,,0.168,64.0,90.0,840b13e4ce68,ok,train,stt4|page_0256|c4,"[653, 1406, 724, 1480]",0.7229757308959961,0.00129876867868,0.4314783215522766,1.0,0.7610753774642944,0.7229757308959961,True,True,False,,False,False,False,False,False,False,True,False,False,False,0.7610753774642944,False,False,1.40625,False,False,False,0.0,gold_direct,clean,200.124,8508dacdd42a89de,142,label_srs
48957,gold/stt4_page_0236_c09_185.png,stt4,page_0236,9,枸,câu,枸,U+67B8,char,GOLD,s1_inter_s2_direct,,0.121,71.0,76.0,1cec747a6a69,ok,train,stt4|page_0236|c9,"[194, 1369, 259, 1445]",0.626350998878479,0.0011632944224402,0.2952006459236145,1.0,0.7176085114479065,0.626350998878479,True,True,False,,False,False,False,False,False,False,True,False,False,False,0.7176085114479065,False,False,1.0704225352112675,False,False,False,0.0,gold_direct,clean,200.124,6caf5774e5c8f5a2,143,label_srs
36685,gold/stt4_page_0102_c02_032.png,stt4,page_0102,2,年,nên,年,U+5E74,char,GOLD,s1_inter_s2_direct,,0.115,77.0,105.0,61048826a6bc,ok,train,stt4|page_0102|c2,"[849, 1198, 924, 1288]",0.6871652603149414,0.0012317311484366,0.4537656009197235,1.0,0.8319607973098755,0.6871652603149414,True,True,False,,False,False,False,False,False,False,True,False,False,False,0.8319607973098755,False,False,1.3636363636363635,False,False,False,0.0,gold_direct,clean,200.124,91827711f103ec8b,144,label_srs
53180,gold/stt4_page_0282_c03_050.png,stt4,page_0282,3,共,cùng,共,U+5171,char,GOLD,s1_inter_s2_direct,,0.13,76.0,80.0,40b84ef6e307,ok,train,stt4|page_0282|c3,"[756, 633, 822, 701]",0.7704695463180542,0.0013367478968575,0.5425911396741867,1.0,0.8119226098060608,0.7704695463180542,True,True,False,,False,False,False,False,False,False,True,False,False,False,0.8119226098060608,False,False,1.0526315789473684,False,False,False,0.0,gold_direct,clean,200.124,037d9f8849587c9e,145,label_srs
62660,gold/stt11_page_0090_c09_189.png,stt11,page_0090,9,巴,ba,巴,U+5DF4,char,GOLD,s1_inter_s2_direct,,0.12,90.0,117.0,71c3f74f9aa4,ok,train,stt11|page_0090|c9,"[251, 1328, 342, 1436]",0.7493956089019775,0.0013189743040129,0.479335069656372,1.0,0.8105487823486328,0.7493956089019775,True,True,False,,False,False,False,False,False,False,True,False,False,False,0.8105487823486328,False,False,1.3,False,False,False,0.0,gold_direct,clean,200.124,d8a3b70ea08304ee,146,label_srs
1935,gold/stt2_page_0032_c03_047.png,stt2,page_0032,3,垩,thánh,垩,U+57A9,char,GOLD,s1_inter_s2_direct,,0.155,111.0,135.0,a5b1ad60a6b4,ok,train,stt2|page_0032|c3,"[1126, 745, 1233, 859]",0.6809356808662415,0.0012177771423012,0.4155662357807159,1.0,0.9049993753433228,0.6809356808662415,True,True,False,,False,False,False,False,False,False,True,False,False,False,0.9049993753433228,False,False,1.2162162162162162,False,False,False,0.0,gold_direct,clean,200.124,613454d3808f98d5,147,label_srs
59076,gold/stt11_page_0050_c02_027.png,stt11,page_0050,2,浪,rằng,浪,U+6D6A,char,GOLD,s1_inter_s2_direct,,0.184,92.0,127.0,fddf4b7f7a34,ok,train,stt11|page_0050|c2,"[1312, 875, 1410, 982]",0.7226886749267578,0.0012714532203972,0.4241756200790405,1.0,0.7892878651618958,0.7226886749267578,True,True,False,,False,False,False,False,False,False,True,False,False,False,0.7892878651618958,False,False,1.3804347826086956,False,False,False,0.0,gold_direct,clean,200.124,4c774add49208505,148,label_srs
66989,gold/stt11_page_0136_c09_197.png,stt11,page_0136,9,辱,nhọc,辱,U+8FB1,char,GOLD,s1_inter_s2_direct,,0.184,69.0,137.0,31cfeb9a346f,tall,train,stt11|page_0136|c9,"[326, 1845, 423, 1956]",0.6743897795677185,0.0012265582336112,0.4227975904941559,1.0,0.6247670650482178,0.6743897795677185,True,True,False,,False,False,False,False,False,False,True,False,False,False,0.6247670650482178,False,False,1.9855072463768115,True,False,True,0.19999999999999996,quality_flag,aspect=1.99,200.124,57dc11e6a5d69c7b,149,label_srs
18338,gold/stt2_page_0216_c08_144.png,stt2,page_0216,8,固,có,固,U+56FA,char,GOLD,s1_inter_s2_direct,,0.192,114.0,156.0,ca5d9c66f34f,ok,train,stt2|page_0216|c8,"[401, 1310, 503, 1436]",0.7050762176513672,0.0012532185064628,0.4375014305114746,1.0,0.7608801126480103,0.7050762176513672,True,True,False,,False,False,False,False,False,False,True,False,False,False,0.7608801126480103,False,False,1.368421052631579,False,False,False,0.0,gold_direct,clean,200.124,a7bedb11ae8113f8,150,label_srs
43117,gold/stt4_page_0172_c07_155.png,stt4,page_0172,7,庄,chăng,庄,U+5E84,char,GOLD,s1_inter_s2_direct,,0.109,80.0,87.0,72d1f119898a,ok,test,stt4|page_0172|c7,"[375, 579, 446, 650]",0.6699548959732056,0.0012026780750602,0.4026023745536804,1.0,0.6371604800224304,0.6699548959732056,True,True,False,,False,False,False,False,False,False,True,False,False,False,0.6371604800224304,False,False,1.0875,False,False,False,0.0,gold_direct,clean,200.124,8c555cd9df4507a1,151,label_srs
26855,gold/stt2_page_0316_c05_070.png,stt2,page_0316,5,德,đức,德,U+5FB7,char,GOLD,s1_inter_s2_direct,,0.281,95.0,154.0,8770ae1d8205,ok,train,stt2|page_0316|c5,"[865, 558, 980, 692]",0.7075291872024536,0.0012730146991088,0.4543759524822235,1.0,0.697650671005249,0.7075291872024536,True,True,False,,False,False,False,False,False,False,True,False,False,False,0.697650671005249,False,False,1.6210526315789473,False,False,False,0.0,gold_direct,clean,200.124,e5507c4294c00eae,152,label_srs
38670,gold/stt4_page_0126_c02_042.png,stt4,page_0126,2,共,cùng,共,U+5171,char,GOLD,s1_inter_s2_direct,,0.175,70.0,71.0,0ba306a72cbd,ok,train,stt4|page_0126|c2,"[852, 1586, 921, 1652]",0.6926684379577637,0.0012280121445655,0.4580214619636535,1.0,0.8542345762252808,0.6926684379577637,True,True,False,,False,False,False,False,False,False,True,False,False,False,0.8542345762252808,False,False,1.0142857142857142,False,False,False,0.0,gold_direct,clean,200.124,35fcbd91f6294f85,153,label_srs
42759,gold/stt4_page_0168_c09_180.png,stt4,page_0168,9,扒,bắt,扒,U+6252,char,GOLD,s1_inter_s2_direct,,0.086,90.0,105.0,9de14a7af12b,ok,train,stt4|page_0168|c9,"[189, 927, 264, 1013]",0.6706302165985107,0.0012177847092971,0.4192188084125519,1.0,0.7521999478340149,0.6706302165985107,True,True,False,,False,False,False,False,False,False,True,False,False,False,0.7521999478340149,False,False,1.1666666666666667,False,True,True,0.15000000000000002,quality_flag,ink-outlier,200.124,eceed786241d5dcd,154,label_srs
18764,gold/stt2_page_0222_c04_073.png,stt2,page_0222,4,理,lẽ,理,U+7406,char,GOLD,s1_inter_s2_direct,,0.192,114.0,150.0,f5b5958598d5,ok,train,stt2|page_0222|c4,"[960, 2121, 1066, 2243]",0.7260728478431702,0.0012883520685136,0.5027917921543121,1.0,0.8835354447364807,0.7260728478431702,True,True,False,,False,False,False,False,False,False,True,False,False,False,0.8835354447364807,False,False,1.3157894736842106,False,False,False,0.0,gold_direct,clean,200.124,bfe4d75321219ff0,155,label_srs
9383,gold/stt2_page_0112_c02_031.png,stt2,page_0112,2,主,chúa,主,U+4E3B,char,GOLD,s1_inter_s2_direct,,0.203,87.0,136.0,07d80d40525a,ok,train,stt2|page_0112|c2,"[1294, 1533, 1397, 1651]",0.7318853139877319,0.0012726185377687,0.5352572202682495,1.0,0.8923594951629639,0.7318853139877319,True,True,False,,False,False,False,False,False,False,True,False,False,False,0.8923594951629639,False,False,1.5632183908045978,False,False,False,0.0,gold_direct,clean,200.124,63ee0602b5d45c3f,156,label_srs
26963,gold/stt2_page_0318_c02_028.png,stt2,page_0318,2,道,đạo,道,U+9053,char,GOLD,s1_inter_s2_direct,,0.215,84.0,158.0,a5075d900578,tall,train,stt2|page_0318|c2,"[1278, 1325, 1384, 1453]",0.6620962023735046,0.001205377629958,0.444580927491188,1.0,0.7342701554298401,0.6620962023735046,True,True,False,,False,False,False,False,False,False,True,False,False,False,0.7342701554298401,False,False,1.880952380952381,True,False,True,0.19999999999999996,quality_flag,aspect=1.88,200.124,cebf456bd32b857b,157,label_srs
5558,gold/stt2_page_0070_c05_077.png,stt2,page_0070,5,務,mùa,務,U+52D9,char,GOLD,s1_inter_s2_direct,,0.223,140.0,152.0,b909d3ac710b,ok,train,stt2|page_0070|c5,"[837, 1602, 951, 1728]",0.6324636936187744,0.0011728391982614,0.2938004732131958,1.0,0.9565038681030272,0.6324636936187744,True,True,False,,False,False,False,False,False,False,True,False,False,False,0.9565038681030272,False,False,1.0857142857142856,False,False,False,0.0,gold_direct,clean,200.124,6532e5677ee3a4a3,158,label_srs
1655,gold/stt2_page_0028_c08_167.png,stt2,page_0028,8,朱,cho,朱,U+6731,char,GOLD,s1_inter_s2_direct,,0.142,94.0,138.0,6d13dd18fedd,ok,test,stt2|page_0028|c8,"[345, 1516, 447, 1628]",0.6333479285240173,0.0011834065662696,0.4162526130676269,1.0,0.6272838115692139,0.6333479285240173,True,True,False,,False,False,False,False,False,False,True,False,False,False,0.6272838115692139,False,False,1.4680851063829787,False,False,False,0.0,gold_direct,clean,200.124,12e37e66952ff11c,159,label_srs
27546,gold/stt2_page_0324_c05_095.png,stt2,page_0324,5,浪,răng,浪,U+6D6A,char,GOLD,s1_inter_s2_direct,,0.15,115.0,160.0,4d8f23a52b51,ok,train,stt2|page_0324|c5,"[843, 1842, 951, 1972]",0.5396965742111206,0.0010717387776821,0.2853993475437164,1.0,0.7002458572387695,0.5396965742111206,True,True,False,,False,False,False,False,False,False,True,False,False,False,0.7002458572387695,False,False,1.391304347826087,False,False,False,0.0,gold_direct,clean,200.124,846f91c58dfa5e50,160,label_srs
63631,gold/stt11_page_0102_c03_060.png,stt11,page_0102,3,連,liền,連,U+9023,char,GOLD,s1_inter_s2_direct,,0.18,97.0,100.0,2634104fe4b8,ok,val,stt11|page_0102|c3,"[1153, 1880, 1276, 1990]",0.7016282677650452,0.0012449178611859,0.4119724333286285,1.0,0.8916859030723572,0.7016282677650452,True,True,False,,False,False,False,False,False,False,True,False,False,False,0.8916859030723572,False,False,1.0309278350515463,False,False,False,0.0,gold_direct,clean,200.124,e0f7b0b9859d710d,161,label_srs
79483,gold/stt11_page_0270_c02_024.png,stt11,page_0270,2,之,gì,之,U+4E4B,char,GOLD,s1_inter_s2_direct,,0.148,89.0,135.0,8a42ffe36baf,ok,train,stt11|page_0270|c2,"[1301, 600, 1408, 720]",0.7062828540802002,0.0012703061802312,0.5026980340480804,1.0,0.7311618328094482,0.7062828540802002,True,True,False,,False,False,False,False,False,False,True,False,False,False,0.7311618328094482,False,False,1.5168539325842696,False,False,False,0.0,gold_direct,clean,200.124,6e651ad1431e83bf,162,label_srs
66902,gold/stt11_page_0136_c05_110.png,stt11,page_0136,5,束,thuốc,束,U+675F,char,GOLD,s1_inter_s2_direct,,0.214,86.0,104.0,2ba1fc026b87,ok,train,stt11|page_0136|c5,"[903, 2228, 1009, 2320]",-0.0318389721214771,0.0006029909127391,-0.6707893796265125,0.0,0.0708616077899932,0.6389504075050354,True,True,True,,False,False,False,False,False,False,True,False,False,True,0.0708616077899932,True,False,1.2093023255813953,False,False,False,0.5874999999999999,head_disagree,"head-disagree,bank=0.07(p10)",200.124,726bb66c7feb4fa1,163,label_srs
37563,gold/stt4_page_0114_c02_035.png,stt4,page_0114,2,朱,cho,朱,U+6731,char,GOLD,s1_inter_s2_direct,,0.16,72.0,83.0,83d035e15896,ok,test,stt4|page_0114|c2,"[863, 1052, 931, 1129]",0.6749768257141113,0.0012035992695018,0.4659112244844436,1.0,0.8215817213058472,0.6749768257141113,True,True,False,,False,False,False,False,False,False,True,False,False,False,0.8215817213058472,False,False,1.1527777777777777,False,False,False,0.0,gold_direct,clean,200.124,ef724e1ec924a849,164,label_srs
11841,gold/stt2_page_0138_c03_045.png,stt2,page_0138,3,令,lành,令,U+4EE4,char,GOLD,s1_inter_s2_direct,,0.23,131.0,125.0,08b1849955fb,ok,train,stt2|page_0138|c3,"[1151, 498, 1258, 601]",0.6448749303817749,0.0011918522650375,0.2648395299911499,1.0,0.9846506118774414,0.6448749303817749,True,True,False,,False,False,False,False,False,False,True,False,False,False,0.9846506118774414,False,False,0.9541984732824428,False,False,False,0.0,gold_direct,clean,200.124,7cc125728b3a357d,165,label_srs
79172,gold/stt11_page_0266_c05_070.png,stt11,page_0266,5,主,chúa,主,U+4E3B,char,GOLD,s1_inter_s2_direct,,0.148,81.0,124.0,e8c441587d75,ok,train,stt11|page_0266|c5,"[881, 632, 978, 739]",0.6304340362548828,0.0011690679239109,0.0796209573745727,1.0,0.5509359836578369,0.6304340362548828,True,True,False,,False,False,False,False,False,False,True,False,False,False,0.5509359836578369,False,False,1.5308641975308641,False,False,False,0.0,gold_direct,clean,200.124,565706e7b4961e7a,166,label_srs
65859,gold/stt11_page_0126_c01_001.png,stt11,page_0126,1,爲,vì,爲,U+7232,char,GOLD,s1_inter_s2_direct,,0.217,93.0,122.0,b65cdde9f515,ok,train,stt11|page_0126|c1,"[1466, 497, 1570, 613]",0.780433177947998,0.0013490277342498,0.52689129114151,1.0,0.9009326100349426,0.780433177947998,True,True,False,,False,False,False,False,False,False,True,False,False,False,0.9009326100349426,False,False,1.3118279569892473,False,False,False,0.0,gold_direct,clean,200.124,bad9c47a2b0fe4e8,167,label_srs
37234,gold/stt4_page_0110_c01_010.png,stt4,page_0110,1,石,lại,右,U+53F3,char,GOLD,s1_inter_s2_similar,0.925,0.137,71.0,77.0,d69440731b8c,ok,train,stt4|page_0110|c1,"[949, 938, 1010, 1008]",0.5055356621742249,0.0010341627057641,0.1624506711959839,1.0,0.8178470730781555,0.5055356621742249,True,True,False,0.925,True,False,False,False,True,False,False,False,False,False,0.8178470730781555,False,False,1.0845070422535212,False,False,False,0.30000000000000004,similar_bridge,similar-bridge,200.124,99754a3ce9383e98,168,label_srs
32007,gold/stt4_page_0052_c07_125.png,stt4,page_0052,7,鬼,quỷ,鬼,U+9B3C,char,GOLD,s1_inter_s2_direct,,0.142,81.0,100.0,0bf191a9444c,ok,train,stt4|page_0052|c7,"[360, 650, 433, 732]",0.7878817319869995,0.0013742974260821,0.500507116317749,1.0,0.7171545028686523,0.7878817319869995,True,True,False,,False,False,False,False,False,False,True,False,False,False,0.7171545028686523,False,False,1.2345679012345678,False,False,False,0.0,gold_direct,clean,200.124,f4ceb26438c438ce,169,label_srs
47428,gold/stt4_page_0220_c08_149.png,stt4,page_0220,8,捶,quay,𢮿,U+22BBF,char,GOLD,s1_inter_s2_similar,0.928,0.125,79.0,100.0,d5e3088af780,ok,train,stt4|page_0220|c8,"[284, 587, 356, 671]",0.4772610068321228,0.0010136776836588,0.1550559401512146,1.0,0.8260475397109985,0.4772610068321228,True,True,False,0.928,True,False,False,False,True,False,False,False,False,False,0.8260475397109985,False,False,1.2658227848101267,False,False,False,0.30000000000000004,similar_bridge,similar-bridge,200.124,aedb985263908e4d,170,label_srs
72101,gold/stt11_page_0190_c08_158.png,stt11,page_0190,8,時,thì,時,U+6642,char,GOLD,s1_inter_s2_direct,,0.118,120.0,131.0,1b6da112e93a,ok,train,stt11|page_0190|c8,"[914, 1345, 1016, 1458]",0.6978124976158142,0.0012338967062532,0.5016539990901947,1.0,0.8497531414031982,0.6978124976158142,True,True,False,,False,False,False,False,False,False,True,False,False,False,0.8497531414031982,False,False,1.0916666666666666,False,False,False,0.0,gold_direct,clean,200.124,d3c38c6b321747e3,171,label_srs
16374,gold/stt2_page_0192_c09_154.png,stt2,page_0192,9,代,dạy,代,U+4EE3,char,GOLD,s1_inter_s2_direct,,0.225,103.0,155.0,e4d482a4faad,ok,train,stt2|page_0192|c9,"[196, 1026, 305, 1153]",0.6386181116104126,0.0011776827741414,0.3641690015792846,1.0,0.8183014392852783,0.6386181116104126,True,True,False,,False,False,False,False,False,False,True,False,False,False,0.8183014392852783,False,False,1.5048543689320388,False,False,False,0.0,gold_direct,clean,200.124,4f6295c63a141bc6,172,label_srs
26263,gold/stt2_page_0310_c01_001.png,stt2,page_0310,1,建,liền,連,U+9023,char,GOLD,s1_inter_s2_similar,0.939,0.168,108.0,146.0,c4b4d096bf4d,ok,test,stt2|page_0310|c1,"[1457, 581, 1571, 706]",0.7399708032608032,0.0013082192745059,0.4567126631736755,1.0,0.778281569480896,0.7399708032608032,True,True,False,0.939,True,False,False,False,True,False,False,False,False,False,0.778281569480896,False,False,1.3518518518518519,False,False,False,0.30000000000000004,similar_bridge,similar-bridge,200.124,2beb1947b923780c,173,label_srs
33285,gold/stt4_page_0066_c04_074.png,stt4,page_0066,4,欺,khi,欺,U+6B3A,char,GOLD,s1_inter_s2_direct,,0.185,71.0,85.0,bae36d5e8ba7,ok,train,stt4|page_0066|c4,"[667, 717, 737, 789]",0.6643968820571899,0.0012028707424178,0.4160856604576111,1.0,0.7451084852218628,0.6643968820571899,True,True,False,,False,False,False,False,False,False,True,False,False,False,0.7451084852218628,False,False,1.1971830985915493,False,False,False,0.0,gold_direct,clean,200.124,1ce27f1dcb9d79ea,174,label_srs
60619,gold/stt11_page_0066_c02_038.png,stt11,page_0066,2,几,kẻ,几,U+51E0,char,GOLD,s1_inter_s2_direct,,0.184,101.0,129.0,0ac6cbf90727,ok,train,stt11|page_0066|c2,"[1330, 1927, 1431, 2037]",0.6376713514328003,0.0011584409512579,0.3729480803012848,1.0,0.8610005378723145,0.6376713514328003,True,True,False,,False,False,False,False,False,False,True,False,False,False,0.8610005378723145,False,False,1.2772277227722773,False,False,False,0.0,gold_direct,clean,200.124,3ed535364cf4ad75,175,label_srs
50975,gold/stt4_page_0258_c07_133.png,stt4,page_0258,7,渚,chớ,渚,U+6E1A,char,GOLD,s1_inter_s2_direct,,0.22,76.0,94.0,338070e76624,ok,train,stt4|page_0258|c7,"[371, 486, 437, 562]",0.6438287496566772,0.0012006995966657,0.3283974230289459,1.0,0.7132319211959839,0.6438287496566772,True,True,False,,False,False,False,False,False,False,True,False,False,False,0.7132319211959839,False,False,1.236842105263158,False,False,False,0.0,gold_direct,clean,200.124,9bad0f9e3c12222c,176,label_srs
20560,gold/stt2_page_0242_c08_140.png,stt2,page_0242,8,折,chết,折,U+6298,char,GOLD,s1_inter_s2_direct,,0.212,91.0,161.0,f69326d4f297,ok,train,stt2|page_0242|c8,"[405, 1745, 520, 1878]",0.578183650970459,0.0011213199468329,0.3036307692527771,1.0,0.5855167508125305,0.578183650970459,True,True,False,,False,False,False,False,False,False,True,False,False,False,0.5855167508125305,False,False,1.7692307692307692,False,False,False,0.0,gold_direct,clean,200.124,6cc5629d43e2c5ad,177,label_srs
46254,gold/stt4_page_0208_c04_082.png,stt4,page_0208,4,咲,ai,唉,U+5509,char,GOLD,s1_inter_s2_similar,0.773,0.167,74.0,101.0,12c65951cb50,ok,train,stt4|page_0208|c4,"[697, 1238, 766, 1321]",0.6704514026641846,0.0012213824084028,0.2765848338603973,1.0,0.6557338237762451,0.6704514026641846,True,True,False,0.773,True,False,False,False,True,False,False,False,False,False,0.6557338237762451,False,False,1.364864864864865,False,False,False,0.30000000000000004,similar_bridge,similar-bridge,200.124,4cd4c7304710ae48,178,label_srs
67602,gold/stt11_page_0144_c02_025.png,stt11,page_0144,2,爲,vì,爲,U+7232,char,GOLD,s1_inter_s2_direct,,0.201,81.0,138.0,c4f4d93f8adc,ok,train,stt11|page_0144|c2,"[1333, 706, 1439, 818]",0.7443000078201294,0.0013092454755678,0.4726106524467468,1.0,0.8282949924468994,0.7443000078201294,True,True,False,,False,False,False,False,False,False,True,False,False,False,0.8282949924468994,False,False,1.7037037037037037,False,False,False,0.0,gold_direct,clean,200.124,88c2b5d07a3dc8d8,179,label_srs
15919,gold/stt2_page_0188_c02_031.png,stt2,page_0188,2,巴,ba,巴,U+5DF4,char,GOLD,s1_inter_s2_direct,,0.192,100.0,153.0,591e94f4bdc8,ok,train,stt2|page_0188|c2,"[1245, 1703, 1353, 1828]",0.7219250202178955,0.0013015049044042,0.4880602657794952,1.0,0.6846501231193542,0.7219250202178955,True,True,False,,False,False,False,False,False,False,True,False,False,False,0.6846501231193542,False,False,1.53,False,False,False,0.0,gold_direct,clean,200.124,b9628773580b087b,180,label_srs
43326,gold/stt4_page_0174_c07_143.png,stt4,page_0174,7,不,vậy,丕,U+4E15,char,GOLD,s1_inter_s2_similar,0.981,0.134,71.0,96.0,6fa678c6722e,ok,train,stt4|page_0174|c7,"[396, 619, 466, 701]",0.7650291919708252,0.0013281267601996,0.5586264431476593,1.0,0.8620253205299377,0.7650291919708252,True,True,False,0.981,True,False,False,False,True,False,False,False,False,False,0.8620253205299377,False,False,1.352112676056338,False,False,False,0.30000000000000004,similar_bridge,similar-bridge,200.124,439a85a64c962aba,181,label_srs
28149,gold/stt4_page_0012_c02_014.png,stt4,page_0012,2,生,sinh,生,U+751F,char,GOLD,s1_inter_s2_direct,,0.162,78.0,103.0,b6797e8c7b53,ok,train,stt4|page_0012|c2,"[866, 474, 944, 562]",0.749235987663269,0.0013124557444825,0.4984202086925506,1.0,0.8725388646125793,0.749235987663269,True,True,False,,False,False,False,False,False,False,True,False,False,False,0.8725388646125793,False,False,1.3205128205128205,False,False,False,0.0,gold_direct,clean,200.124,27970bd4397c32ee,182,label_srs
36881,gold/stt4_page_0104_c03_045.png,stt4,page_0104,3,旦,đến,旦,U+65E6,char,GOLD,s1_inter_s2_direct,,0.108,68.0,98.0,3488eca47eb9,ok,val,stt4|page_0104|c3,"[760, 498, 832, 578]",0.69576096534729,0.0012508414220064,0.3859591782093048,1.0,0.7591375708580017,0.69576096534729,True,True,False,,False,False,False,False,False,False,True,False,False,False,0.7591375708580017,False,False,1.4411764705882353,False,False,False,0.0,gold_direct,clean,200.124,4ee54398414c0765,183,label_srs
37763,gold/stt4_page_0116_c02_035.png,stt4,page_0116,2,固,có,固,U+56FA,char,GOLD,s1_inter_s2_direct,,0.175,70.0,89.0,ddcbd2c67d28,ok,test,stt4|page_0116|c2,"[857, 1094, 927, 1167]",0.753842830657959,0.0013198285596445,0.5281188488006592,1.0,0.8035730123519897,0.753842830657959,True,True,False,,False,False,False,False,False,False,True,False,False,False,0.8035730123519897,False,False,1.2714285714285714,False,False,False,0.0,gold_direct,clean,200.124,7591f3a6e8b813c0,184,label_srs
47468,gold/stt4_page_0222_c01_006.png,stt4,page_0222,1,得,người,𠊚,U+2029A,char,GOLD,s1_inter_s2_similar,0.767,0.124,78.0,104.0,effe9359607e,ok,train,stt4|page_0222|c1,"[969, 634, 1041, 718]",0.4368425011634826,0.0009803572902455,-0.0395466089248657,0.0,0.5388127565383911,0.4763891100883484,True,True,True,0.767,True,False,False,False,True,False,False,False,False,True,0.5388127565383911,False,False,1.3333333333333333,False,False,False,0.615,head_disagree,"similar-bridge,head-disagree",200.124,817f658be60c1e13,185,label_srs
60262,gold/stt11_page_0062_c03_053.png,stt11,page_0062,3,囚,tù,囚,U+56DA,char,GOLD,s1_inter_s2_direct,,0.236,80.0,129.0,f8ba7fb08c2f,ok,train,stt11|page_0062|c3,"[1161, 1230, 1260, 1335]",0.5938841700553894,0.001139830215834,0.3032825589179992,1.0,0.6681638956069946,0.5938841700553894,True,True,False,,False,False,False,False,False,False,True,False,False,False,0.6681638956069946,False,False,1.6125,False,False,False,0.0,gold_direct,clean,200.124,289acf12c5918c0f,186,label_srs
36547,gold/stt4_page_0100_c05_085.png,stt4,page_0100,5,㦯,hoặc,㦯,U+39AF,char,GOLD,s1_inter_s2_direct,,0.129,73.0,82.0,894fe59481b9,ok,train,stt4|page_0100|c5,"[584, 248, 651, 316]",0.6941396594047546,0.0012591603444889,0.352887213230133,1.0,0.945414662361145,0.6941396594047546,True,True,False,,False,False,False,False,False,False,True,False,False,False,0.945414662361145,False,False,1.1232876712328768,False,False,False,0.0,gold_direct,clean,200.124,559f159b8c0e4d98,187,label_srs
52569,gold/stt4_page_0276_c03_035.png,stt4,page_0276,3,些,ta,些,U+4E9B,char,GOLD,s1_inter_s2_direct,,0.195,71.0,97.0,d198bbc1e53d,ok,train,stt4|page_0276|c3,"[766, 619, 835, 699]",0.6785573363304138,0.0012316970387473,0.4319740235805511,1.0,0.8359184861183167,0.6785573363304138,True,True,False,,False,False,False,False,False,False,True,False,False,False,0.8359184861183167,False,False,1.3661971830985915,False,False,False,0.0,gold_direct,clean,200.124,a12101bc62780915,188,label_srs
17931,gold/stt2_page_0212_c05_073.png,stt2,page_0212,5,事,sự,事,U+4E8B,char,GOLD,s1_inter_s2_direct,,0.224,125.0,156.0,58f470fa4c67,ok,train,stt2|page_0212|c5,"[829, 1910, 936, 2036]",0.7337921857833862,0.0013017671881243,0.5280800610780716,1.0,0.7987534403800964,0.7337921857833862,True,True,False,,False,False,False,False,False,False,True,False,False,False,0.7987534403800964,False,False,1.248,False,False,False,0.0,gold_direct,clean,200.124,63b7a99e358ef104,189,label_srs
61827,gold/stt11_page_0078_c07_138.png,stt11,page_0078,7,別,biết,別,U+5225,char,GOLD,s1_inter_s2_direct,,0.125,103.0,149.0,780e4f63db53,ok,train,stt11|page_0078|c7,"[534, 1054, 638, 1175]",0.6042882800102234,0.0011428102152422,0.1778061687946319,1.0,0.6598654389381409,0.6042882800102234,True,True,False,,False,False,False,False,False,False,True,False,False,False,0.6598654389381409,False,False,1.4466019417475728,False,False,False,0.0,gold_direct,clean,200.124,fb7a9daa39cef022,190,label_srs
39152,gold/stt4_page_0130_c07_132.png,stt4,page_0130,7,㝵,người,㝵,U+3775,char,GOLD,s1_inter_s2_direct,,0.134,83.0,95.0,1c051c784b4c,ok,train,stt4|page_0130|c7,"[416, 347, 486, 426]",0.5519225597381592,0.0010753414826467,0.2307137846946716,1.0,0.5767497420310974,0.5519225597381592,True,True,False,,False,False,False,False,False,False,True,False,False,False,0.5767497420310974,False,False,1.144578313253012,False,False,False,0.0,gold_direct,clean,200.124,a366759ce7d3bf8b,191,label_srs
82222,gold/stt11_page_0298_c07_137.png,stt11,page_0298,7,我,ngã,我,U+6211,char,GOLD,s1_inter_s2_direct,,0.176,96.0,140.0,8731bec3ef66,ok,train,stt11|page_0298|c7,"[544, 1572, 648, 1693]",0.6923424005508423,0.0012633341830223,0.4426143169403076,1.0,0.7666000127792358,0.6923424005508423,True,True,False,,False,False,False,False,False,False,True,False,False,False,0.7666000127792358,False,False,1.4583333333333333,False,False,False,0.0,gold_direct,clean,200.124,3b3bcbd5c0d6e695,192,label_srs
58311,gold/stt11_page_0040_c06_120.png,stt11,page_0040,6,固,có,固,U+56FA,char,GOLD,s1_inter_s2_direct,,0.245,82.0,135.0,481c53c42d26,ok,test,stt11|page_0040|c6,"[695, 934, 797, 1043]",0.5985946655273438,0.0011176225962117,0.2866620421409607,1.0,0.5933673977851868,0.5985946655273438,True,True,False,,False,False,False,False,False,False,True,False,False,False,0.5933673977851868,False,False,1.646341463414634,False,False,False,0.0,gold_direct,clean,200.124,f7cca730aae0074a,193,label_srs
66163,gold/stt11_page_0128_c07_136.png,stt11,page_0128,7,歇,hết,歇,U+6B47,char,GOLD,s1_inter_s2_direct,,0.196,98.0,131.0,a07be73c7298,ok,train,stt11|page_0128|c7,"[558, 715, 658, 824]",0.6725153923034668,0.0012139058671891,0.4089578986167907,1.0,0.8688802123069763,0.6725153923034668,True,True,False,,False,False,False,False,False,False,True,False,False,False,0.8688802123069763,False,False,1.336734693877551,False,False,False,0.0,gold_direct,clean,200.124,1a7f19352e06d3f8,194,label_srs
37957,gold/stt4_page_0118_c02_037.png,stt4,page_0118,2,麻,mà,麻,U+9EBB,char,GOLD,s1_inter_s2_direct,,0.108,84.0,94.0,8aab2d47677c,ok,test,stt4|page_0118|c2,"[867, 1190, 935, 1268]",0.6982556581497192,0.0012370132608339,0.5197789967060089,1.0,0.8941646218299866,0.6982556581497192,True,True,False,,False,False,False,False,False,False,True,False,False,False,0.8941646218299866,False,False,1.119047619047619,False,False,False,0.0,gold_direct,clean,200.124,183afcd6b6ea86bf,195,label_srs
25227,gold/stt2_page_0296_c09_146.png,stt2,page_0296,9,庫,khó,庫,U+5EAB,char,GOLD,s1_inter_s2_direct,,0.103,133.0,188.0,533730cbc42f,ok,train,stt2|page_0296|c9,"[264, 1217, 385, 1369]",0.7561925649642944,0.0013365640770643,0.5514952391386032,1.0,0.8590000867843628,0.7561925649642944,True,True,False,,False,False,False,False,False,False,True,False,False,False,0.8590000867843628,False,False,1.413533834586466,False,False,False,0.0,gold_direct,clean,200.124,7fe11c8bf981cf2c,196,label_srs
60857,gold/stt11_page_0068_c04_082.png,stt11,page_0068,4,拱,cũng,拱,U+62F1,char,GOLD,s1_inter_s2_direct,,0.217,99.0,138.0,6571afb2c34e,ok,train,stt11|page_0068|c4,"[1007, 1997, 1113, 2110]",0.6830661296844482,0.0012303261319175,0.245046317577362,1.0,0.6713199019432068,0.6830661296844482,True,True,False,,False,False,False,False,False,False,True,False,False,False,0.6713199019432068,False,False,1.393939393939394,False,False,False,0.0,gold_direct,clean,200.124,d0c4bcfe6403f5cc,197,label_srs
59509,gold/stt11_page_0054_c03_066.png,stt11,page_0054,3,事,sự,事,U+4E8B,char,GOLD,s1_inter_s2_direct,,0.189,85.0,101.0,a2a70dd9c878,ok,train,stt11|page_0054|c3,"[1195, 2387, 1316, 2488]",0.7512578964233398,0.0013240807456895,0.5125562846660614,1.0,0.7996028065681458,0.7512578964233398,True,True,False,,False,False,False,False,False,False,True,False,False,False,0.7996028065681458,False,False,1.188235294117647,False,False,False,0.0,gold_direct,clean,200.124,a91960e593107d63,198,label_srs
3023,gold/stt2_page_0044_c01_007.png,stt2,page_0044,1,遣,khiến,遣,U+9063,char,GOLD,s1_inter_s2_direct,,0.15,128.0,148.0,9bc989a63364,ok,train,stt2|page_0044|c1,"[1414, 1353, 1518, 1473]",0.750908374786377,0.0013208800228312,0.4651196002960205,1.0,0.987360954284668,0.750908374786377,True,True,False,,False,False,False,False,False,False,True,False,False,False,0.987360954284668,False,False,1.15625,False,False,False,0.0,gold_direct,clean,200.124,4c538338ff29a488,199,label_srs
56022,gold/stt11_page_0014_c08_153.png,stt11,page_0014,8,朱,cho,朱,U+6731,char,GOLD,s1_inter_s2_direct,,0.218,105.0,141.0,fa417528f358,ok,train,stt11|page_0014|c8,"[386, 698, 492, 813]",0.3576980829238891,0.0009069041698239,0.0384561419486999,1.0,0.277439683675766,0.3576980829238891,True,True,False,,False,False,False,False,False,False,True,False,False,False,0.277439683675766,True,False,1.3428571428571427,False,False,False,0.25,gold_direct,bank=0.28(p10),200.124,34252d463db888ad,200,label_srs
46041,gold/stt4_page_0206_c03_046.png,stt4,page_0206,3,本,bốn,本,U+672C,char,GOLD,s1_inter_s2_direct,,0.165,70.0,90.0,feb5d4f7ed60,ok,train,stt4|page_0206|c3,"[772, 358, 844, 436]",0.7252980470657349,0.0012852862710133,0.4422909319400787,1.0,0.8031160831451416,0.7252980470657349,True,True,False,,False,False,False,False,False,False,True,False,False,False,0.8031160831451416,False,False,1.2857142857142858,False,False,False,0.0,gold_direct,clean,200.124,e449b56ee0ef6503,201,label_srs
72952,gold/stt11_page_0200_c03_055.png,stt11,page_0200,3,真,xin,真,U+771F,char,GOLD,s1_inter_s2_direct,,0.177,92.0,139.0,edc18db87589,ok,train,stt11|page_0200|c3,"[1183, 1644, 1285, 1758]",0.5891525149345398,0.0011443624971434,0.2482820749282837,1.0,0.5600347518920898,0.5891525149345398,True,True,False,,False,False,False,False,False,False,True,False,False,False,0.5600347518920898,False,False,1.5108695652173914,False,False,False,0.0,gold_direct,clean,200.124,0bb3abad0c2d903c,202,label_srs
70688,gold/stt11_page_0176_c04_087.png,stt11,page_0176,4,燒,theo,燒,U+71D2,char,GOLD,s1_inter_s2_direct,,0.185,105.0,134.0,5fb19d289bad,ok,val,stt11|page_0176|c4,"[1051, 2307, 1156, 2417]",0.7820165157318115,0.0013937815092504,0.5518098175525665,1.0,0.7177344560623169,0.7820165157318115,True,True,False,,False,False,False,False,False,False,True,False,False,False,0.7177344560623169,False,False,1.276190476190476,False,False,False,0.0,gold_direct,clean,200.124,cb3fabca018f7153,203,label_srs
25926,gold/stt2_page_0304_c09_175.png,stt2,page_0304,9,功,công,功,U+529F,char,GOLD,s1_inter_s2_direct,,0.225,100.0,144.0,e3cca0ad3fb0,ok,val,stt2|page_0304|c9,"[250, 1996, 354, 2119]",0.6829367876052856,0.0012287300778552,0.4168606698513031,1.0,0.8329076766967773,0.6829367876052856,True,True,False,,False,False,False,False,False,False,True,False,False,False,0.8329076766967773,False,False,1.44,False,False,False,0.0,gold_direct,clean,200.124,fbb9cbdd68688e1c,204,label_srs
29205,gold/stt4_page_0022_c06_122.png,stt4,page_0022,6,事,sự,事,U+4E8B,char,GOLD,s1_inter_s2_direct,,0.198,61.0,83.0,b18d5701db15,ok,train,stt4|page_0022|c6,"[485, 709, 553, 780]",0.7652689218521118,0.0013327053748071,0.5661013126373291,1.0,0.8188800811767578,0.7652689218521118,True,True,False,,False,False,False,False,False,False,True,False,False,False,0.8188800811767578,False,False,1.360655737704918,False,False,False,0.0,gold_direct,clean,200.124,a161458f853e21ed,205,label_srs
28617,gold/stt4_page_0016_c05_094.png,stt4,page_0016,5,翁,ông,翁,U+7FC1,char,GOLD,s1_inter_s2_direct,,0.136,67.0,97.0,f54fd141dda2,ok,train,stt4|page_0016|c5,"[605, 593, 675, 673]",0.7157776355743408,0.0012594611616805,0.4796173572540283,1.0,0.8876602053642273,0.7157776355743408,True,True,False,,False,False,False,False,False,False,True,False,False,False,0.8876602053642273,False,False,1.4477611940298507,False,False,False,0.0,gold_direct,clean,200.124,951508fece3a0355,206,label_srs
72369,gold/stt11_page_0194_c02_038.png,stt11,page_0194,2,命,mình,命,U+547D,char,GOLD,s1_inter_s2_direct,,0.148,90.0,156.0,446a2c6504f3,ok,train,stt11|page_0194|c2,"[1316, 2219, 1426, 2348]",0.6540324687957764,0.0011915481882169,0.4404259622097015,1.0,0.7089759111404419,0.6540324687957764,True,True,False,,False,False,False,False,False,False,True,False,False,False,0.7089759111404419,False,False,1.7333333333333334,False,False,False,0.0,gold_direct,clean,200.124,7da6f38351f93dc6,207,label_srs
39446,gold/stt4_page_0134_c05_073.png,stt4,page_0134,5,俸,bỗng,俸,U+4FF8,char,GOLD,s1_inter_s2_direct,,0.181,86.0,107.0,78c5e06da467,ok,train,stt4|page_0134|c5,"[550, 815, 625, 902]",0.5288618803024292,0.0010573491454124,-0.0277444124221801,0.0,0.9415633082389832,0.5566062927246094,True,True,True,,False,False,False,False,False,False,True,False,False,True,0.9415633082389832,False,False,1.244186046511628,False,False,False,0.44999999999999996,head_disagree,head-disagree,200.124,bb726178fbcd9944,208,label_srs
39752,gold/stt4_page_0138_c01_017.png,stt4,page_0138,1,仍,nhưng,仍,U+4ECD,char,GOLD,s1_inter_s2_direct,,0.12,81.0,87.0,88b446546ef2,ok,val,stt4|page_0138|c1,"[959, 1320, 1029, 1397]",0.7294870615005493,0.0012828726321458,0.4600013792514801,1.0,0.8549830913543701,0.7294870615005493,True,True,False,,False,False,False,False,False,False,True,False,False,False,0.8549830913543701,False,False,1.0740740740740742,False,False,False,0.0,gold_direct,clean,200.124,bc6b13caa2cca893,209,label_srs
16098,gold/stt2_page_0190_c03_042.png,stt2,page_0190,3,金,mình,𠇮,U+201EE,char,GOLD,s1_inter_s2_similar,0.694,0.218,130.0,156.0,a7174b6e2b51,ok,train,stt2|page_0190|c3,"[1120, 899, 1227, 1027]",0.4767420887947082,0.0010092330630868,0.1695713996887207,1.0,0.765667736530304,0.4767420887947082,True,True,False,0.694,True,False,False,False,True,False,False,False,False,False,0.765667736530304,False,False,1.2,False,False,False,0.30000000000000004,similar_bridge,similar-bridge,200.124,3ce97fc10d8a4f12,210,label_srs
11501,gold/stt2_page_0134_c04_065.png,stt2,page_0134,4,防,sức,饬,U+996C,char,GOLD,s1_inter_s2_similar,0.77,0.27,114.0,133.0,afa359d77c53,ok,train,stt2|page_0134|c4,"[1003, 659, 1108, 768]",0.7098994255065918,0.0012639092747122,0.4254243373870849,1.0,0.9509204030036926,0.7098994255065918,True,True,False,0.77,True,False,False,False,True,False,False,False,False,False,0.9509204030036926,False,False,1.1666666666666667,False,False,False,0.30000000000000004,similar_bridge,similar-bridge,200.124,0c3838a2d04e1ff3,211,label_srs
65231,gold/stt11_page_0118_c07_138.png,stt11,page_0118,7,吝,lần,吝,U+541D,char,GOLD,s1_inter_s2_direct,,0.151,100.0,142.0,ce2c2d73a470,ok,train,stt11|page_0118|c7,"[557, 1551, 665, 1667]",0.7799652218818665,0.0013592039467766,0.5447008013725281,1.0,0.8712775707244873,0.7799652218818665,True,True,False,,False,False,False,False,False,False,True,False,False,False,0.8712775707244873,False,False,1.42,False,False,False,0.0,gold_direct,clean,200.124,086509c87fdf4ad1,212,label_srs
61222,gold/stt11_page_0072_c04_066.png,stt11,page_0072,4,罢,bởi,罢,U+7F62,char,GOLD,s1_inter_s2_direct,,0.215,84.0,115.0,de0060893d10,ok,train,stt11|page_0072|c4,"[997, 686, 1100, 800]",0.7287238836288452,0.0012979098828509,0.4963791072368622,1.0,0.9178915023803712,0.7287238836288452,True,True,False,,False,False,False,False,False,False,True,False,False,False,0.9178915023803712,False,False,1.369047619047619,False,False,False,0.0,gold_direct,clean,200.124,3b283cd4531dcdac,213,label_srs
58898,gold/stt11_page_0048_c02_040.png,stt11,page_0048,2,乳,nhỏ,乳,U+4E73,char,GOLD,s1_inter_s2_direct,,0.153,102.0,137.0,05f66045f060,ok,train,stt11|page_0048|c2,"[1282, 2068, 1387, 2185]",0.7150782346725464,0.0012729458976536,0.4224141836166382,1.0,0.7447693943977356,0.7150782346725464,True,True,False,,False,False,False,False,False,False,True,False,False,False,0.7447693943977356,False,False,1.3431372549019607,False,False,False,0.0,gold_direct,clean,200.124,fb09982cceb1bb31,214,label_srs
42627,gold/stt4_page_0168_c03_048.png,stt4,page_0168,3,丕,vậy,丕,U+4E15,char,GOLD,s1_inter_s2_direct,,0.142,61.0,89.0,09c150857e32,ok,train,stt4|page_0168|c3,"[786, 869, 853, 942]",0.7179075479507446,0.00127726548817,0.3931962847709656,1.0,0.8196091055870056,0.7179075479507446,True,True,False,,False,False,False,False,False,False,True,False,False,False,0.8196091055870056,False,False,1.459016393442623,False,False,False,0.0,gold_direct,clean,200.124,4bd8bc00b624940a,215,label_srs
34803,gold/stt4_page_0082_c04_076.png,stt4,page_0082,4,術,về,𧗱,U+275F1,char,GOLD,s1_inter_s2_similar,0.853,0.145,85.0,92.0,f3abeb3bf4e5,ok,train,stt4|page_0082|c4,"[663, 921, 738, 998]",0.7230902910232544,0.0012810546904802,0.4555607438087463,1.0,0.7798328995704651,0.7230902910232544,True,True,False,0.853,True,False,False,False,True,False,False,False,False,False,0.7798328995704651,False,False,1.0823529411764705,False,False,False,0.30000000000000004,similar_bridge,similar-bridge,200.124,2a8043ac2b6a0414,216,label_srs
51094,gold/stt4_page_0260_c03_058.png,stt4,page_0260,3,別,biết,別,U+5225,char,GOLD,s1_inter_s2_direct,,0.146,64.0,84.0,b9a91749708d,ok,train,stt4|page_0260|c3,"[755, 1074, 821, 1144]",0.7044376134872437,0.0012503003235906,0.4588402062654495,1.0,0.8594998717308044,0.7044376134872437,True,True,False,,False,False,False,False,False,False,True,False,False,False,0.8594998717308044,False,False,1.3125,False,False,False,0.0,gold_direct,clean,200.124,cf5072c1bde2f284,217,label_srs
7914,gold/stt2_page_0096_c01_004.png,stt2,page_0096,1,官,quan,官,U+5B98,char,GOLD,s1_inter_s2_direct,,0.137,111.0,134.0,2ebeae218cfc,ok,val,stt2|page_0096|c1,"[1436, 837, 1537, 946]",0.7411590814590454,0.0013128678547218,0.515958771109581,1.0,0.793663740158081,0.7411590814590454,True,True,False,,False,False,False,False,False,False,True,False,False,False,0.793663740158081,False,False,1.2072072072072073,False,False,False,0.0,gold_direct,clean,200.124,ddeb37d6ea56d5f7,218,label_srs
52178,gold/stt4_page_0272_c01_020.png,stt4,page_0272,1,几,kẻ,几,U+51E0,char,GOLD,s1_inter_s2_direct,,0.136,88.0,89.0,3644139ef21d,ok,train,stt4|page_0272|c1,"[981, 1531, 1053, 1604]",0.7425649166107178,0.0012921516317874,0.5091572105884552,1.0,0.882804811000824,0.7425649166107178,True,True,False,,False,False,False,False,False,False,True,False,False,False,0.882804811000824,False,False,1.0113636363636365,False,False,False,0.0,gold_direct,clean,200.124,da22ad389926eabc,219,label_srs
9411,gold/stt2_page_0112_c03_059.png,stt2,page_0112,3,几,kẻ,几,U+51E0,char,GOLD,s1_inter_s2_direct,,0.209,112.0,142.0,9545a93860d3,ok,train,stt2|page_0112|c3,"[1146, 2312, 1252, 2428]",0.6526899933815002,0.0011880224337801,0.4051451534032821,1.0,0.7797285914421082,0.6526899933815002,True,True,False,,False,False,False,False,False,False,True,False,False,False,0.7797285914421082,False,False,1.2678571428571428,False,False,False,0.0,gold_direct,clean,200.124,1381973a674dc895,220,label_srs
26908,gold/stt2_page_0316_c08_123.png,stt2,page_0316,8,亊,sự,亊,U+4E8A,char,GOLD,s1_inter_s2_direct,,0.199,104.0,173.0,5723163756c7,ok,test,stt2|page_0316|c8,"[418, 1366, 530, 1507]",0.6693291664123535,0.0012199464254081,0.3495942950248718,1.0,0.5952876210212708,0.6693291664123535,True,True,False,,False,False,False,False,False,False,True,False,False,False,0.5952876210212708,False,False,1.6634615384615385,False,False,False,0.0,gold_direct,clean,200.124,9281a1f0defbed9c,221,label_srs
49310,gold/stt4_page_0240_c08_155.png,stt4,page_0240,8,歇,hết,歇,U+6B47,char,GOLD,s1_inter_s2_direct,,0.155,65.0,78.0,8b39a0027a86,ok,train,stt4|page_0240|c8,"[282, 560, 348, 625]",0.5666363835334778,0.0011202093446627,0.3186055123806,1.0,0.5586980581283569,0.5666363835334778,True,True,False,,False,False,False,False,False,False,True,False,False,False,0.5586980581283569,False,False,1.2,False,False,False,0.0,gold_direct,clean,200.124,cdd00f42ed13b2c4,222,label_srs
31704,gold/stt4_page_0048_c09_170.png,stt4,page_0048,9,真,chân,真,U+771F,char,GOLD,s1_inter_s2_direct,,0.127,73.0,74.0,458690576cc2,ok,train,stt4|page_0048|c9,"[190, 667, 263, 735]",0.3939357995986938,0.0009208699339069,0.0538048148155212,1.0,0.5124238729476929,0.3939357995986938,True,True,False,,False,False,False,False,False,False,True,False,False,False,0.5124238729476929,False,False,1.0136986301369864,False,False,False,0.0,gold_direct,clean,200.124,298b50f4a9bfdb2f,223,label_srs
54406,gold/stt4_page_0294_c03_054.png,stt4,page_0294,3,酥,tô,酥,U+9165,char,GOLD,s1_inter_s2_direct,,0.154,82.0,96.0,503049e51ccb,ok,test,stt4|page_0294|c3,"[751, 953, 822, 1035]",0.6849485635757446,0.0012320751557126,0.361064612865448,1.0,0.9158877730369568,0.6849485635757446,True,True,False,,False,False,False,False,False,False,True,False,False,False,0.9158877730369568,False,False,1.170731707317073,False,False,False,0.0,gold_direct,clean,200.124,5f3a412a281d7d10,224,label_srs
60217,gold/stt11_page_0062_c01_008.png,stt11,page_0062,1,烏,ô,烏,U+70CF,char,GOLD,s1_inter_s2_direct,,0.178,109.0,136.0,99a18bbab8d5,ok,val,stt11|page_0062|c1,"[1450, 1187, 1554, 1297]",0.655029296875,0.0012135553406551,0.4034017324447632,1.0,0.6886819005012512,0.655029296875,True,True,False,,False,False,False,False,False,False,True,False,False,False,0.6886819005012512,False,False,1.2477064220183487,False,False,False,0.0,gold_direct,clean,200.124,23137c6f33cf3487,225,label_srs
45328,gold/stt4_page_0198_c03_062.png,stt4,page_0198,3,連,trên,連,U+9023,char,GOLD,s1_inter_s2_direct,,0.174,62.0,91.0,f222f72baaee,ok,train,stt4|page_0198|c3,"[762, 1301, 832, 1376]",0.6177454590797424,0.0011609860230237,0.4035677164793014,1.0,0.6973750591278076,0.6177454590797424,True,True,False,,False,False,False,False,False,False,True,False,False,False,0.6973750591278076,False,False,1.467741935483871,False,False,False,0.0,gold_direct,clean,200.124,3400c090d6a2f46e,226,label_srs
1094,gold/stt2_page_0022_c08_161.png,stt2,page_0022,8,帝,đấy,帝,U+5E1D,char,GOLD,s1_inter_s2_direct,,0.19,111.0,140.0,0bfede5fd664,ok,train,stt2|page_0022|c8,"[371, 2025, 475, 2140]",0.7100245952606201,0.0012807864695787,0.4353901743888855,1.0,0.92343270778656,0.7100245952606201,True,True,False,,False,False,False,False,False,False,True,False,False,False,0.92343270778656,False,False,1.2612612612612613,False,False,False,0.0,gold_direct,clean,200.124,fe03130d5a5efc5f,227,label_srs
63247,gold/stt11_page_0098_c02_034.png,stt11,page_0098,2,祝,chốc,祝,U+795D,char,GOLD,s1_inter_s2_direct,,0.174,83.0,133.0,6d137caaf1d9,ok,train,stt11|page_0098|c2,"[1359, 1760, 1461, 1871]",0.739284873008728,0.0013175789499655,0.467751681804657,1.0,0.7891741394996643,0.739284873008728,True,True,False,,False,False,False,False,False,False,True,False,False,False,0.7891741394996643,False,False,1.6024096385542168,False,False,False,0.0,gold_direct,clean,200.124,f352924bf3860aa8,228,label_srs
26841,gold/stt2_page_0316_c03_056.png,stt2,page_0316,3,把,trả,把,U+628A,char,GOLD,s1_inter_s2_direct,,0.24,103.0,146.0,686b732675bc,ok,train,stt2|page_0316|c3,"[1161, 2209, 1262, 2327]",0.7238591313362122,0.0013072099536657,0.4787109345197677,1.0,0.6436948180198669,0.7238591313362122,True,True,False,,False,False,False,False,False,False,True,False,False,False,0.6436948180198669,False,False,1.4174757281553398,False,False,False,0.0,gold_direct,clean,200.124,60a7a46ac7ea3f21,229,label_srs
23721,gold/stt2_page_0280_c02_042.png,stt2,page_0280,2,模,mua,模,U+6A21,char,GOLD,s1_inter_s2_direct,,0.247,116.0,142.0,1372e220e079,ok,train,stt2|page_0280|c2,"[1304, 2225, 1412, 2341]",0.7860219478607178,0.001376352738589,0.5020188093185425,1.0,0.9724659323692322,0.7860219478607178,True,True,False,,False,False,False,False,False,False,True,False,False,False,0.9724659323692322,False,False,1.2241379310344827,False,False,False,0.0,gold_direct,clean,200.124,e862555a053f90e2,230,label_srs
52608,gold/stt4_page_0276_c05_074.png,stt4,page_0276,5,願,nguyện,願,U+9858,char,GOLD,s1_inter_s2_direct,,0.203,78.0,97.0,5475600af495,ok,train,stt4|page_0276|c5,"[565, 355, 637, 434]",0.7621938586235046,0.0013246075250208,0.4732150435447693,1.0,0.7998590469360352,0.7621938586235046,True,True,False,,False,False,False,False,False,False,True,False,False,False,0.7998590469360352,False,False,1.2435897435897436,False,False,False,0.0,gold_direct,clean,200.124,40f35e5f26451c35,231,label_srs
47577,gold/stt4_page_0222_c06_115.png,stt4,page_0222,6,多,đi,多,U+591A,char,GOLD,s1_inter_s2_direct,,0.138,62.0,89.0,7315a232b533,ok,train,stt4|page_0222|c6,"[483, 1099, 552, 1181]",0.6767046451568604,0.0012284786207601,0.3733296394348144,1.0,0.8100907206535339,0.6767046451568604,True,True,False,,False,False,False,False,False,False,True,False,False,False,0.8100907206535339,False,False,1.435483870967742,False,False,False,0.0,gold_direct,clean,200.124,a501b5547dde553f,232,label_srs
27736,gold/stt2_page_0326_c06_109.png,stt2,page_0326,6,其,cùng,其,U+5176,char,GOLD,s1_inter_s2_direct,,0.211,138.0,167.0,8994d372ab33,ok,train,stt2|page_0326|c6,"[665, 1428, 791, 1563]",0.7402812242507935,0.0013114487519487,0.4716826677322387,1.0,0.7620424628257751,0.7402812242507935,True,True,False,,False,False,False,False,False,False,True,False,False,False,0.7620424628257751,False,False,1.210144927536232,False,False,False,0.0,gold_direct,clean,200.124,bc139bf44941317a,233,label_srs
14140,gold/stt2_page_0166_c06_098.png,stt2,page_0166,6,祖,tổ,祖,U+7956,char,GOLD,s1_inter_s2_direct,,0.182,142.0,170.0,fa11b94dc4a0,ok,train,stt2|page_0166|c6,"[677, 1153, 793, 1297]",0.7344434261322021,0.0012895688414573,0.4034604430198669,1.0,0.8532257080078125,0.7344434261322021,True,True,False,,False,False,False,False,False,False,True,False,False,False,0.8532257080078125,False,False,1.1971830985915493,False,False,False,0.0,gold_direct,clean,200.124,8fbd3b24a7385f3c,234,label_srs
24411,gold/stt2_page_0288_c02_023.png,stt2,page_0288,2,卢,lo,卢,U+5362,char,GOLD,s1_inter_s2_direct,,0.293,73.0,147.0,055bbb4d09a2,tall,test,stt2|page_0288|c2,"[1300, 743, 1410, 862]",0.5793775320053101,0.0011240313760936,0.2288444936275482,1.0,0.5790930390357971,0.5793775320053101,True,True,False,,False,False,False,False,False,False,True,False,False,False,0.5790930390357971,False,False,2.0136986301369864,True,True,True,0.31999999999999995,quality_flag,"aspect=2.01,ink-outlier",200.124,87407d2b94daa284,235,label_srs
25377,gold/stt2_page_0298_c08_140.png,stt2,page_0298,8,朱,cho,朱,U+6731,char,GOLD,s1_inter_s2_direct,,0.257,115.0,83.0,9f7b18943bc9,ok,train,stt2|page_0298|c8,"[351, 1241, 463, 1308]",0.6089832186698914,0.0011375347385182,0.2413092255592346,1.0,0.6685217022895813,0.6089832186698914,True,True,False,,False,False,False,False,False,False,True,False,False,False,0.6685217022895813,False,False,0.7217391304347827,False,False,False,0.0,gold_direct,clean,200.124,f047d926195660f0,236,label_srs
45454,gold/stt4_page_0200_c01_016.png,stt4,page_0200,1,祝,chốc,祝,U+795D,char,GOLD,s1_inter_s2_direct,,0.109,106.0,99.0,bb3cae31e073,ok,train,stt4|page_0200|c1,"[992, 1307, 1078, 1388]",0.5962046384811401,0.0011441359529271,0.2981593608856201,1.0,0.6072361469268799,0.5962046384811401,True,True,False,,False,False,False,False,False,False,True,False,False,False,0.6072361469268799,False,False,0.9339622641509434,False,False,False,0.0,gold_direct,clean,200.124,b3a31ba9f0c070f7,237,label_srs
617,gold/stt2_page_0018_c04_068.png,stt2,page_0018,4,道,đạo,道,U+9053,char,GOLD,s1_inter_s2_direct,,0.171,130.0,137.0,03800164d9da,ok,train,stt2|page_0018|c4,"[974, 694, 1082, 807]",0.6895017623901367,0.0012350805336609,0.3656499981880188,1.0,0.7755880951881409,0.6895017623901367,True,True,False,,False,False,False,False,False,False,True,False,False,False,0.7755880951881409,False,False,1.0538461538461539,False,False,False,0.0,gold_direct,clean,200.124,b0a2044db915ebb5,238,label_srs
56722,gold/stt11_page_0022_c05_094.png,stt11,page_0022,5,衝,xong,衝,U+885D,char,GOLD,s1_inter_s2_direct,,0.255,109.0,135.0,968f92e5bdbf,ok,train,stt11|page_0022|c5,"[828, 793, 935, 903]",0.7306602001190186,0.0012967732036486,0.4518076181411743,1.0,0.9960246086120604,0.7306602001190186,True,True,False,,False,False,False,False,False,False,True,False,False,False,0.9960246086120604,False,False,1.238532110091743,False,False,False,0.0,gold_direct,clean,200.124,6b2dd11c5ece7944,239,label_srs
58304,gold/stt11_page_0040_c05_113.png,stt11,page_0040,5,㝵,người,㝵,U+3775,char,GOLD,s1_inter_s2_direct,,0.185,101.0,104.0,00a2eca4edfd,ok,train,stt11|page_0040|c5,"[840, 2394, 942, 2488]",0.6367961764335632,0.0011566451285034,0.3990446031093597,1.0,0.7880972623825073,0.6367961764335632,True,True,False,,False,False,False,False,False,False,True,False,False,False,0.7880972623825073,False,False,1.0297029702970297,False,False,False,0.0,gold_direct,clean,200.124,12a9d6e00a65c429,240,label_srs
25429,gold/stt2_page_0300_c02_022.png,stt2,page_0300,2,沙,sa,沙,U+6C99,char,GOLD,s1_inter_s2_direct,,0.254,102.0,147.0,dff913bf4c92,ok,train,stt2|page_0300|c2,"[1306, 758, 1412, 877]",0.6187413930892944,0.0011716579319909,0.2795238494873047,1.0,0.6775569319725037,0.6187413930892944,True,True,False,,False,False,False,False,False,False,True,False,False,False,0.6775569319725037,False,False,1.4411764705882353,False,False,False,0.0,gold_direct,clean,200.124,ad15240376da0d84,241,label_srs
25767,gold/stt2_page_0304_c01_016.png,stt2,page_0304,1,寺,thì,寺,U+5BFA,char,GOLD,s1_inter_s2_direct,,0.117,132.0,150.0,40e22026002f,ok,train,stt2|page_0304|c1,"[1451, 2184, 1561, 2314]",0.5143330097198486,0.001040676725097,0.2109890282154083,1.0,0.5522860288619995,0.5143330097198486,True,True,False,,False,False,False,False,False,False,True,False,False,False,0.5522860288619995,False,False,1.1363636363636365,False,False,False,0.0,gold_direct,clean,200.124,15c7ba864045025a,242,label_srs
52378,gold/stt4_page_0274_c02_023.png,stt4,page_0274,2,磊,lối,磊,U+78CA,char,GOLD,s1_inter_s2_direct,,0.099,77.0,88.0,663835831558,ok,test,stt4|page_0274|c2,"[872, 311, 941, 387]",0.7728922963142395,0.0013570422306656,0.4747999906539917,1.0,0.7560092806816101,0.7728922963142395,True,True,False,,False,False,False,False,False,False,True,False,False,False,0.7560092806816101,False,False,1.1428571428571428,False,False,False,0.0,gold_direct,clean,200.124,2e3ec69385f4e9c6,243,label_srs
50132,gold/stt4_page_0250_c03_029.png,stt4,page_0250,3,没,một,没,U+6CA1,char,GOLD,s1_inter_s2_direct,,0.215,66.0,56.0,0be20e382260,ok,train,stt4|page_0250|c3,"[774, 305, 838, 378]",0.3975666761398315,0.0009326960425823,-0.0670689642429351,0.0,0.4209394156932831,0.4646356403827667,True,True,True,,False,False,False,False,False,False,True,False,False,True,0.4209394156932831,True,False,0.8484848484848485,False,False,False,0.5874999999999999,head_disagree,"head-disagree,bank=0.42(p10)",200.124,fb252b72dd484583,244,label_srs
67454,gold/stt11_page_0142_c04_074.png,stt11,page_0142,4,外,ngoài,外,U+5916,char,GOLD,s1_inter_s2_direct,,0.211,100.0,131.0,478426bb7a6b,ok,train,stt11|page_0142|c4,"[995, 1218, 1104, 1334]",0.6992247104644775,0.0012612101854756,0.3600638508796692,1.0,0.6847801804542542,0.6992247104644775,True,True,False,,False,False,False,False,False,False,True,False,False,False,0.6847801804542542,False,False,1.31,False,False,False,0.0,gold_direct,clean,200.124,ebde6bf89e49a99b,245,label_srs
73416,gold/stt11_page_0204_c07_141.png,stt11,page_0204,7,歟,khi,欺,U+6B3A,char,GOLD,s1_inter_s2_similar,0.959,0.187,109.0,143.0,de9b3c7e00af,ok,val,stt11|page_0204|c7,"[593, 1175, 700, 1293]",0.7421378493309021,0.0013004698557779,0.5055202096700668,1.0,0.8594812750816345,0.7421378493309021,True,True,False,0.959,True,False,False,False,True,False,False,False,False,False,0.8594812750816345,False,False,1.311926605504587,False,False,False,0.30000000000000004,similar_bridge,similar-bridge,200.124,46520645b7168025,246,label_srs
34197,gold/stt4_page_0076_c04_067.png,stt4,page_0076,4,星,nết,𢝘,U+22758,char,GOLD,s1_inter_s2_similar,0.847,0.174,73.0,96.0,3a1ebc1415dc,ok,val,stt4|page_0076|c4,"[657, 446, 729, 524]",0.5647342205047607,0.0011017362121492,0.2718585729598999,1.0,0.8327713012695312,0.5647342205047607,True,True,False,0.847,True,False,False,False,True,False,False,False,False,False,0.8327713012695312,False,False,1.3150684931506849,False,False,False,0.30000000000000004,similar_bridge,similar-bridge,200.124,0a50e4764d3919b3,247,label_srs
45413,gold/stt4_page_0198_c08_147.png,stt4,page_0198,8,時,thì,時,U+6642,char,GOLD,s1_inter_s2_direct,,0.198,67.0,75.0,969f288d38d7,ok,train,stt4|page_0198|c8,"[278, 1499, 352, 1575]",0.7452681064605713,0.0013031150447204,0.5474768877029419,1.0,0.8643649220466614,0.7452681064605713,True,True,False,,False,False,False,False,False,False,True,False,False,False,0.8643649220466614,False,False,1.1194029850746268,False,False,False,0.0,gold_direct,clean,200.124,655c94b90bf55545,248,label_srs
81480,gold/stt11_page_0290_c08_148.png,stt11,page_0290,8,与,dữ,与,U+4E0E,char,GOLD,s1_inter_s2_direct,,0.16,71.0,114.0,8d4aada7c38e,ok,train,stt11|page_0290|c8,"[409, 435, 507, 541]",0.7872334718704224,0.0013786747585982,0.5267387628555298,1.0,0.7964707612991333,0.7872334718704224,True,True,False,,False,False,False,False,False,False,True,False,False,False,0.7964707612991333,False,False,1.6056338028169015,False,False,False,0.0,gold_direct,clean,200.124,538b6a15ed39ec46,249,label_srs
