source_row,image,book,page,column,ocr_char,syllable,label,unicode,label_level,tier,rule,s3_cosine,ink_pct,crop_w,crop_h,image_md5,seg_flag,split,split_group,bbox,stratum,design_weight,item_id,audit_order
61687,silver/yen11_page_0076_c09_172.png,yen11,page_0076,9,謨,giảng,講,U+8B1B,char,SILVER,s2_inter_s3_corrected,0.727,0.194,117.0,145.0,939f411f445d,ok,train,yen11|page_0076|c9,"[301, 2248, 405, 2365]",s2_inter_s3_corrected,15.11900826446281,d78a8e29550f6ff8,0
57462,silver/yen11_page_0030_c01_018.png,yen11,page_0030,1,爐,nóng,燶,U+71F6,char,SILVER,s3_head_bank_consensus,0.23,0.268,120.0,131.0,2e4d5e37f897,ok,train,yen11|page_0030|c1,"[1462, 2131, 1568, 2238]",s3_head_bank_consensus,14.485714285714286,afa012f09f78b62b,1
42028,silver/yen4_page_0162_c03_060.png,yen4,page_0162,3,釣,vui,盃,U+76C3,char,SILVER,s3_head_bank_consensus,0.026,0.187,63.0,93.0,a0fb2e17981a,ok,val,yen4|page_0162|c3,"[787, 911, 853, 986]",s3_head_bank_consensus,14.485714285714286,c106e76ec283e330,2
49305,silver/yen4_page_0240_c08_150.png,yen4,page_0240,8,樞,giu,樞,U+6A1E,char,SILVER,s1_inter_s3_out_of_dict,0.897,0.137,72.0,88.0,d0162f5fb7e6,ok,train,yen4|page_0240|c8,"[283, 283, 350, 355]",s1_inter_s3_out_of_dict,4.7,e934aa4d5903e426,3
50832,silver/yen4_page_0256_c09_179.png,yen4,page_0256,9,偉,tôi,碎,U+788E,char,SILVER,s2_inter_s3_corrected,0.533,0.115,72.0,96.0,c2b3bf444607,ok,train,yen4|page_0256|c9,"[174, 1033, 245, 1111]",s2_inter_s3_corrected,15.11900826446281,d22c61cbc217029c,4
11279,silver/yen2_page_0132_c02_024.png,yen2,page_0132,2,足,chịu,召,U+53EC,char,SILVER,s2_inter_s3_corrected,0.618,0.218,126.0,142.0,496542ac53fc,ok,train,yen2|page_0132|c2,"[1264, 849, 1369, 965]",s2_inter_s3_corrected,15.11900826446281,ec2e26a02e3b52e8,5
59062,silver/yen11_page_0050_c01_013.png,yen11,page_0050,1,染,thầy,柴,U+67F4,char,SILVER,s2_inter_s3_corrected,0.928,0.219,82.0,141.0,3df3855a7663,ok,train,yen11|page_0050|c1,"[1465, 1659, 1567, 1774]",s2_inter_s3_corrected,15.11900826446281,95aa668b526f8e32,6
21575,silver/yen2_page_0254_c09_156.png,yen2,page_0254,9,𭪙,nghiệp,業,U+696D,char,SILVER,s3_head_bank_consensus,0.131,0.233,98.0,157.0,03fb1395e228,ok,train,yen2|page_0254|c9,"[232, 1759, 349, 1898]",s3_head_bank_consensus,14.485714285714286,a951ca579317270f,7
39063,silver/yen4_page_0130_c03_043.png,yen4,page_0130,3,街,về,𧗱,U+275F1,char,SILVER,s2_inter_s3_corrected,0.901,0.17,77.0,79.0,ace269b463b9,ok,train,yen4|page_0130|c3,"[792, 261, 863, 337]",s2_inter_s3_corrected,15.11900826446281,1d4a7627c26dc339,8
14230,silver/yen2_page_0168_c02_023.png,yen2,page_0168,2,帯,dưới,𢃄,U+220C4,char,SILVER,s2_inter_s3_corrected,0.777,0.241,126.0,176.0,ad553a56d3e6,ok,test,yen2|page_0168|c2,"[1276, 932, 1389, 1074]",s2_inter_s3_corrected,15.11900826446281,9e16546df43370a1,9
44968,silver/yen4_page_0194_c03_064.png,yen4,page_0194,3,置,mới,買,U+8CB7,char,SILVER,s2_inter_s3_corrected,0.64,0.171,80.0,94.0,11c291fd68d6,ok,train,yen4|page_0194|c3,"[779, 1513, 845, 1589]",s2_inter_s3_corrected,15.11900826446281,b0b3cf2e04cdfd3e,10
38086,silver/yen4_page_0118_c08_166.png,yen4,page_0118,8,紏,dấu,𧿫,U+27FEB,char,SILVER,s2_inter_s3_corrected,0.945,0.115,89.0,104.0,787f755a31ba,ok,train,yen4|page_0118|c8,"[273, 880, 346, 964]",s2_inter_s3_corrected,15.11900826446281,ad76dcd840ea39f2,11
13485,silver/yen2_page_0158_c04_077.png,yen2,page_0158,4,希,nào,市,U+5E02,char,SILVER,s2_inter_s3_corrected,0.681,0.271,121.0,163.0,105e94d08875,ok,test,yen2|page_0158|c4,"[999, 2295, 1111, 2428]",s2_inter_s3_corrected,15.11900826446281,04cf8cf8da27a61f,12
16077,silver/yen2_page_0190_c02_021.png,yen2,page_0190,2,妃,bà,把,U+628A,char,SILVER,s2_inter_s3_corrected,0.507,0.214,129.0,156.0,4cbf2d79d794,ok,train,yen2|page_0190|c2,"[1269, 695, 1374, 821]",s2_inter_s3_corrected,15.11900826446281,624f35dd9c554584,13
31348,silver/yen4_page_0046_c01_008.png,yen4,page_0046,1,交,lại,吏,U+540F,char,SILVER,s2_inter_s3_corrected,0.905,0.146,75.0,94.0,f50e1ee952a2,ok,train,yen4|page_0046|c1,"[968, 756, 1039, 834]",s2_inter_s3_corrected,15.11900826446281,1b2559279535b33b,14
53242,silver/yen4_page_0282_c06_112.png,yen4,page_0282,6,悟,khác,恪,U+606A,char,SILVER,s2_inter_s3_corrected,0.735,0.223,64.0,66.0,c0680bc62d76,ok,train,yen4|page_0282|c6,"[477, 295, 541, 361]",s2_inter_s3_corrected,15.11900826446281,b992e495be3e7e9c,15
54019,silver/yen4_page_0290_c04_081.png,yen4,page_0290,4,皮,một,殳,U+6BB3,char,SILVER,s2_inter_s3_corrected,0.902,0.165,69.0,80.0,22e32cd64ed1,ok,train,yen4|page_0290|c4,"[662, 1337, 730, 1411]",s2_inter_s3_corrected,15.11900826446281,8556585036c3c044,16
79552,silver/yen11_page_0270_c05_093.png,yen11,page_0270,5,忘,trời,𡗶,U+215F6,char,SILVER,s3_head_bank_consensus,0.313,0.186,112.0,137.0,af1b3969a2df,ok,train,yen11|page_0270|c5,"[861, 1047, 967, 1158]",s3_head_bank_consensus,14.485714285714286,6705ac90a436481d,17
63238,silver/yen11_page_0098_c02_025.png,yen11,page_0098,2,尽,trời,𡗶,U+215F6,char,SILVER,s2_inter_s3_corrected,0.765,0.164,105.0,149.0,c1ed99fd02a5,ok,train,yen11|page_0098|c2,"[1338, 937, 1447, 1058]",s2_inter_s3_corrected,15.11900826446281,8d1e2de0276f9cc6,18
72644,silver/yen11_page_0196_c07_129.png,yen11,page_0196,7,洋,còn,群,U+7FA4,char,SILVER,s3_head_bank_consensus,0.405,0.198,85.0,148.0,94d0152aa4c6,ok,train,yen11|page_0196|c7,"[583, 797, 687, 917]",s3_head_bank_consensus,14.485714285714286,17d5409ce463b552,19
25226,silver/yen2_page_0296_c09_145.png,yen2,page_0296,9,府,thì,寺,U+5BFA,char,SILVER,s2_inter_s3_corrected,0.946,0.105,113.0,188.0,5370428586b2,ok,val,yen2|page_0296|c9,"[264, 1090, 385, 1242]",s2_inter_s3_corrected,15.11900826446281,e9fb4369021bfb59,20
48451,silver/yen4_page_0232_c03_047.png,yen4,page_0232,3,𣣔,hết,歇,U+6B47,char,SILVER,s2_inter_s3_corrected,0.833,0.186,79.0,105.0,e5e125d17a42,ok,test,yen4|page_0232|c3,"[766, 702, 837, 787]",s2_inter_s3_corrected,15.11900826446281,5493be00ca38c833,21
36544,silver/yen4_page_0100_c04_082.png,yen4,page_0100,4,疾,ai,埃,U+57C3,char,SILVER,s2_inter_s3_corrected,0.615,0.187,77.0,95.0,c510cf2874aa,ok,train,yen4|page_0100|c4,"[654, 1451, 725, 1528]",s2_inter_s3_corrected,15.11900826446281,1eb9023116c6dca6,22
11898,silver/yen2_page_0138_c05_102.png,yen2,page_0138,5,右,vua,君,U+541B,char,SILVER,s2_inter_s3_corrected,0.829,0.239,125.0,127.0,5f4a62edc7e8,ok,test,yen2|page_0138|c5,"[855, 1643, 961, 1750]",s2_inter_s3_corrected,15.11900826446281,73fa17be3ee050bf,23
2122,silver/yen2_page_0034_c02_039.png,yen2,page_0034,2,辰,răng,浪,U+6D6A,char,SILVER,s2_inter_s3_corrected,0.814,0.21,100.0,148.0,3f8333a8f11c,ok,train,yen2|page_0034|c2,"[1260, 2283, 1361, 2403]",s2_inter_s3_corrected,15.11900826446281,d845c02fae21ff51,24
21860,silver/yen2_page_0258_c07_115.png,yen2,page_0258,7,架,thầy,柴,U+67F4,char,SILVER,s2_inter_s3_corrected,0.584,0.181,134.0,162.0,2496b41ed725,ok,val,yen2|page_0258|c7,"[542, 757, 658, 889]",s2_inter_s3_corrected,15.11900826446281,4e86cdecf7322e05,25
53181,silver/yen4_page_0282_c03_051.png,yen4,page_0282,3,族,ai,挨,U+6328,char,SILVER,s2_inter_s3_corrected,0.7,0.174,59.0,89.0,cfb03964609a,ok,train,yen4|page_0282|c3,"[758, 691, 830, 764]",s2_inter_s3_corrected,15.11900826446281,c6504cffc3338aa0,26
45922,silver/yen4_page_0204_c06_128.png,yen4,page_0204,6,未,cho,朱,U+6731,char,SILVER,s2_inter_s3_corrected,0.855,0.177,71.0,88.0,4ad4336864ab,ok,train,yen4|page_0204|c6,"[474, 992, 543, 1064]",s2_inter_s3_corrected,15.11900826446281,d3134d2177cce796,27
17360,silver/yen2_page_0204_c09_156.png,yen2,page_0204,9,髙,vì,為,U+70BA,char,SILVER,s2_inter_s3_corrected,0.736,0.195,100.0,160.0,704797c7727a,ok,val,yen2|page_0204|c9,"[238, 1748, 345, 1878]",s2_inter_s3_corrected,15.11900826446281,8484a68c58fc71a7,28
74860,silver/yen11_page_0220_c03_055.png,yen11,page_0220,3,癸,tế,祭,U+796D,char,SILVER,s2_inter_s3_corrected,0.65,0.121,95.0,145.0,455863e18f7d,ok,train,yen11|page_0220|c3,"[1187, 1615, 1290, 1732]",s2_inter_s3_corrected,15.11900826446281,ba7b2589a4582402,29
44254,silver/yen4_page_0186_c04_078.png,yen4,page_0186,4,室,đàng,堂,U+5802,char,SILVER,s3_head_bank_consensus,0.427,0.229,95.0,101.0,528873f3d7b3,ok,train,yen4|page_0186|c4,"[664, 871, 741, 954]",s3_head_bank_consensus,14.485714285714286,03a058dc88e76a73,30
2635,silver/yen2_page_0040_c01_005.png,yen2,page_0040,1,主,chăng,庄,U+5E84,char,SILVER,s2_inter_s3_corrected,0.962,0.168,99.0,148.0,a376ea628335,ok,train,yen2|page_0040|c1,"[1472, 972, 1564, 1092]",s2_inter_s3_corrected,15.11900826446281,7fd218eb2a307b52,31
47637,silver/yen4_page_0222_c09_175.png,yen4,page_0222,9,河,a,阿,U+963F,char,SILVER,s2_inter_s3_corrected,0.947,0.156,82.0,108.0,00a8ffebf5ac,ok,train,yen4|page_0222|c9,"[194, 875, 269, 963]",s2_inter_s3_corrected,15.11900826446281,959ec15dd04392df,32
65363,silver/yen11_page_0120_c04_079.png,yen11,page_0120,4,莒,đầy,台,U+53F0,char,SILVER,s2_inter_s3_corrected,0.527,0.168,105.0,141.0,3a601b865c66,ok,train,yen11|page_0120|c4,"[1018, 1462, 1121, 1577]",s2_inter_s3_corrected,15.11900826446281,97bc023666d8e032,33
7004,silver/yen2_page_0086_c04_079.png,yen2,page_0086,4,庐,cùng,穹,U+7A79,char,SILVER,s2_inter_s3_corrected,0.548,0.229,123.0,139.0,38dcac2db4e3,ok,val,yen2|page_0086|c4,"[1002, 1519, 1114, 1632]",s2_inter_s3_corrected,15.11900826446281,8233b19023d222f2,34
3959,silver/yen2_page_0052_c09_183.png,yen2,page_0052,9,垂,thánh,垩,U+57A9,char,SILVER,s2_inter_s3_corrected,0.981,0.232,71.0,152.0,224f6beb69c3,tall,test,yen2|page_0052|c9,"[232, 2097, 329, 2221]",s2_inter_s3_corrected,15.11900826446281,36e55fe8a36beab1,35
23631,silver/yen2_page_0278_c07_132.png,yen2,page_0278,7,樞,giu,樞,U+6A1E,char,SILVER,s1_inter_s3_out_of_dict,0.943,0.226,96.0,147.0,c576b1c5a08c,ok,train,yen2|page_0278|c7,"[524, 2006, 634, 2125]",s1_inter_s3_out_of_dict,4.7,77d3484b159d73c1,36
11440,silver/yen2_page_0134_c01_004.png,yen2,page_0134,1,君,ni,𡰱,U+21C31,char,SILVER,s2_inter_s3_corrected,0.739,0.157,125.0,142.0,27f7d98310ac,ok,train,yen2|page_0134|c1,"[1451, 869, 1556, 985]",s2_inter_s3_corrected,15.11900826446281,b5b9d19f0c3f8939,37
75187,silver/yen11_page_0222_c09_183.png,yen11,page_0222,9,媿,hồn,魂,U+9B42,char,SILVER,s3_head_bank_consensus,0.42,0.17,85.0,142.0,e1210d8331a6,ok,train,yen11|page_0222|c9,"[284, 1279, 383, 1396]",s3_head_bank_consensus,14.485714285714286,1b8c9e9b24e996d9,38
39418,silver/yen4_page_0134_c04_045.png,yen4,page_0134,4,䓁,nghĩa,义,U+4E49,char,SILVER,s2_inter_s3_corrected,0.601,0.152,74.0,96.0,f5c5fc72ace0,ok,val,yen4|page_0134|c4,"[642, 345, 718, 429]",s2_inter_s3_corrected,15.11900826446281,8322fc207be3eefb,39
30971,silver/yen4_page_0042_c02_023.png,yen4,page_0042,2,商,lời,例,U+4F8B,char,SILVER,s2_inter_s3_corrected,0.596,0.148,67.0,97.0,ed4e27ce4f7c,ok,train,yen4|page_0042|c2,"[859, 324, 928, 403]",s2_inter_s3_corrected,15.11900826446281,d065f73272a36eaa,40
58162,silver/yen11_page_0036_c08_163.png,yen11,page_0036,8,乔,trời,𡗶,U+215F6,char,SILVER,s2_inter_s3_corrected,0.839,0.177,95.0,137.0,31b8e970b8e5,ok,train,yen11|page_0036|c8,"[446, 1929, 546, 2040]",s2_inter_s3_corrected,15.11900826446281,ad2bcb9fa330f0a9,41
45919,silver/yen4_page_0204_c06_125.png,yen4,page_0204,6,𠈷,tội,罪,U+7F6A,char,SILVER,s3_head_bank_consensus,0.309,0.218,63.0,89.0,f0ce07ab71c0,ok,train,yen4|page_0204|c6,"[474, 813, 543, 886]",s3_head_bank_consensus,14.485714285714286,c426408c21f2067e,42
34210,silver/yen4_page_0076_c04_080.png,yen4,page_0076,4,辛,thầy,柴,U+67F4,char,SILVER,s2_inter_s3_corrected,0.901,0.157,79.0,95.0,4e17f54d15d4,ok,train,yen4|page_0076|c4,"[665, 1267, 737, 1344]",s2_inter_s3_corrected,15.11900826446281,31d7e7de35268aa6,43
35105,silver/yen4_page_0084_c08_179.png,yen4,page_0084,8,樂,thầy,柴,U+67F4,char,SILVER,s2_inter_s3_corrected,0.89,0.199,61.0,77.0,510bb2ef9186,ok,train,yen4|page_0084|c8,"[253, 1558, 322, 1627]",s2_inter_s3_corrected,15.11900826446281,69eed0abfc672d52,44
29607,silver/yen4_page_0026_c06_124.png,yen4,page_0026,6,牟,mà,麻,U+9EBB,char,SILVER,s2_inter_s3_corrected,0.957,0.197,74.0,88.0,5029643c6e02,ok,train,yen4|page_0026|c6,"[457, 1354, 526, 1426]",s2_inter_s3_corrected,15.11900826446281,296f5cd3d9f8820b,45
64240,silver/yen11_page_0108_c05_104.png,yen11,page_0108,5,祇,áo,袄,U+8884,char,SILVER,s2_inter_s3_corrected,0.967,0.152,130.0,149.0,849ba2ddf6c4,ok,train,yen11|page_0108|c5,"[857, 2289, 965, 2410]",s2_inter_s3_corrected,15.11900826446281,300390f4edc7c3ca,46
65242,silver/yen11_page_0118_c08_149.png,yen11,page_0118,8,尺,ni,尼,U+5C3C,char,SILVER,s2_inter_s3_corrected,0.841,0.137,101.0,149.0,4261af61a67f,ok,train,yen11|page_0118|c8,"[420, 519, 527, 640]",s2_inter_s3_corrected,15.11900826446281,4778a3b36f1e7572,47
46697,silver/yen4_page_0212_c08_150.png,yen4,page_0212,8,樞,giu,樞,U+6A1E,char,SILVER,s1_inter_s3_out_of_dict,0.911,0.132,80.0,105.0,c9ad4a582308,ok,train,yen4|page_0212|c8,"[293, 752, 370, 837]",s1_inter_s3_out_of_dict,4.7,e3f5644773d1d86c,48
71313,silver/yen11_page_0182_c06_126.png,yen11,page_0182,6,湯,nước,渃,U+6E03,char,SILVER,s2_inter_s3_corrected,0.797,0.151,110.0,124.0,6ee55782e2ae,ok,train,yen11|page_0182|c6,"[714, 2371, 816, 2482]",s2_inter_s3_corrected,15.11900826446281,c6b309b00f5ac136,49
46709,silver/yen4_page_0212_c09_162.png,yen4,page_0212,9,齒,đạo,道,U+9053,char,SILVER,s3_head_bank_consensus,0.073,0.119,42.0,95.0,35e28a1cbf5a,tall,train,yen4|page_0212|c9,"[183, 712, 239, 789]",s3_head_bank_consensus,14.485714285714286,ff6342d2fb617030,50
74122,silver/yen11_page_0212_c05_090.png,yen11,page_0212,5,委,sau,娄,U+5A04,char,SILVER,s2_inter_s3_corrected,0.763,0.207,109.0,150.0,cf059ec90ee4,ok,val,yen11|page_0212|c5,"[862, 909, 968, 1031]",s2_inter_s3_corrected,15.11900826446281,b9d0886a186f493d,51
1197,silver/yen2_page_0024_c04_076.png,yen2,page_0024,4,君,này,尼,U+5C3C,char,SILVER,s2_inter_s3_corrected,0.571,0.197,97.0,142.0,3eda5fbd5613,ok,train,yen2|page_0024|c4,"[967, 1524, 1066, 1640]",s2_inter_s3_corrected,15.11900826446281,b22ac1776c6ed72f,52
50384,silver/yen4_page_0252_c04_088.png,yen4,page_0252,4,通,mươi,邁,U+9081,char,SILVER,s2_inter_s3_corrected,0.98,0.166,85.0,95.0,f6057632f4e2,ok,test,yen4|page_0252|c4,"[665, 1390, 740, 1467]",s2_inter_s3_corrected,15.11900826446281,dfd282b9b0f78ac6,53
14115,silver/yen2_page_0166_c04_073.png,yen2,page_0166,4,言,quan,官,U+5B98,char,SILVER,s2_inter_s3_corrected,0.881,0.189,142.0,159.0,4a4de3dd176e,ok,train,yen2|page_0166|c4,"[986, 2393, 1102, 2522]",s2_inter_s3_corrected,15.11900826446281,e71f2d44da161980,54
32523,silver/yen4_page_0058_c04_080.png,yen4,page_0058,4,怨,quỷ,鬼,U+9B3C,char,SILVER,s3_head_bank_consensus,0.321,0.187,74.0,99.0,59af2146ff0a,ok,train,yen4|page_0058|c4,"[659, 1450, 732, 1531]",s3_head_bank_consensus,14.485714285714286,6b2b6bbf77bca6fd,55
49418,silver/yen4_page_0242_c05_076.png,yen4,page_0242,5,置,mấy,買,U+8CB7,char,SILVER,s2_inter_s3_corrected,0.781,0.16,79.0,96.0,f9a990078830,ok,train,yen4|page_0242|c5,"[599, 357, 666, 435]",s2_inter_s3_corrected,15.11900826446281,8d08350e19ac763a,56
5699,silver/yen2_page_0072_c03_050.png,yen2,page_0072,3,吞,trời,𡗶,U+215F6,char,SILVER,s2_inter_s3_corrected,0.595,0.297,104.0,148.0,2113b0bed406,ok,train,yen2|page_0072|c3,"[1119, 1827, 1229, 1947]",s2_inter_s3_corrected,15.11900826446281,b2a687b507d84608,57
30959,silver/yen4_page_0042_c01_011.png,yen4,page_0042,1,忘,nơi,尼,U+5C3C,char,SILVER,s2_inter_s3_corrected,0.762,0.119,79.0,96.0,0dd4da8ae057,ok,train,yen4|page_0042|c1,"[969, 954, 1046, 1032]",s2_inter_s3_corrected,15.11900826446281,99f2e49f9e9a1500,58
53594,silver/yen4_page_0286_c03_060.png,yen4,page_0286,3,啾,su,秋,U+79CB,char,SILVER,s2_inter_s3_corrected,0.915,0.166,76.0,85.0,bbf075161561,ok,train,yen4|page_0286|c3,"[770, 1034, 838, 1103]",s2_inter_s3_corrected,15.11900826446281,f75e82e063d26e07,59
10058,silver/yen2_page_0118_c08_159.png,yen2,page_0118,8,㐫,cãi,改,U+6539,char,SILVER,s2_inter_s3_corrected,0.54,0.217,106.0,147.0,d3af57079afc,ok,train,yen2|page_0118|c8,"[356, 947, 466, 1066]",s2_inter_s3_corrected,15.11900826446281,024e448c18615446,60
26254,silver/yen2_page_0308_c09_150.png,yen2,page_0308,9,哦,dạy,代,U+4EE3,char,SILVER,s2_inter_s3_corrected,0.865,0.162,112.0,152.0,f1d93f2767ea,ok,train,yen2|page_0308|c9,"[246, 1694, 357, 1818]",s2_inter_s3_corrected,15.11900826446281,a1dcedf1fdf86800,61
67592,silver/yen11_page_0144_c01_015.png,yen11,page_0144,1,伙,sa,沙,U+6C99,char,SILVER,s2_inter_s3_corrected,0.566,0.216,86.0,141.0,8210bb30cf0f,ok,train,yen11|page_0144|c1,"[1473, 1829, 1575, 1944]",s2_inter_s3_corrected,15.11900826446281,fcaff6f8363b1a83,62
51139,silver/yen4_page_0260_c05_103.png,yen4,page_0260,5,石,vậy,丕,U+4E15,char,SILVER,s2_inter_s3_corrected,0.692,0.175,76.0,90.0,63cdeba3d79c,ok,train,yen4|page_0260|c5,"[569, 1016, 636, 1090]",s2_inter_s3_corrected,15.11900826446281,c52dfddba2b8ba17,63
16511,silver/yen2_page_0194_c07_124.png,yen2,page_0194,7,粛,thì,寺,U+5BFA,char,SILVER,s2_inter_s3_corrected,0.922,0.269,115.0,179.0,8bfa0b6e7749,ok,train,yen2|page_0194|c7,"[489, 2146, 601, 2291]",s2_inter_s3_corrected,15.11900826446281,a911d94511ef4e3c,64
41381,silver/yen4_page_0154_c08_154.png,yen4,page_0154,8,耄,đàng,堂,U+5802,char,SILVER,s2_inter_s3_corrected,0.857,0.162,75.0,111.0,cafc6871e867,ok,val,yen4|page_0154|c8,"[258, 805, 333, 896]",s2_inter_s3_corrected,15.11900826446281,67d112f507f0a62f,65
27723,silver/yen2_page_0326_c05_096.png,yen2,page_0326,5,瓜,ấy,衣,U+8863,char,SILVER,s2_inter_s3_corrected,0.936,0.266,113.0,158.0,17199ed60f7b,ok,train,yen2|page_0326|c5,"[817, 2111, 937, 2239]",s2_inter_s3_corrected,15.11900826446281,b3cf5308b4f2d5fe,66
74728,silver/yen11_page_0218_c06_117.png,yen11,page_0218,6,尽,trời,𡗶,U+215F6,char,SILVER,s2_inter_s3_corrected,0.515,0.16,102.0,142.0,5b740130c603,ok,train,yen11|page_0218|c6,"[683, 1435, 785, 1551]",s2_inter_s3_corrected,15.11900826446281,4d79c1e4a8cf1b59,67
57056,silver/yen11_page_0026_c01_018.png,yen11,page_0026,1,尺,nơi,尼,U+5C3C,char,SILVER,s2_inter_s3_corrected,0.765,0.203,95.0,132.0,67ab2bbcc2a7,ok,train,yen11|page_0026|c1,"[1431, 2199, 1535, 2307]",s2_inter_s3_corrected,15.11900826446281,e12eefb872e56134,68
75297,silver/yen11_page_0224_c05_102.png,yen11,page_0224,5,舥,bà,把,U+628A,char,SILVER,s2_inter_s3_corrected,0.676,0.18,102.0,142.0,5e55bfa2b367,ok,train,yen11|page_0224|c5,"[881, 1717, 983, 1833]",s2_inter_s3_corrected,15.11900826446281,2900cfcf9b89d62b,69
68788,silver/yen11_page_0156_c02_035.png,yen11,page_0156,2,㸃,mắc,黙,U+9ED9,char,SILVER,s2_inter_s3_corrected,0.939,0.22,105.0,136.0,a15fdf63cb5d,ok,train,yen11|page_0156|c2,"[1351, 1562, 1456, 1672]",s2_inter_s3_corrected,15.11900826446281,d321eaf1bdf04293,70
13126,silver/yen2_page_0154_c04_073.png,yen2,page_0154,4,舞,một,没,U+6CA1,char,SILVER,s2_inter_s3_corrected,0.921,0.177,136.0,159.0,f10cdcf3474c,ok,train,yen2|page_0154|c4,"[999, 2089, 1114, 2218]",s2_inter_s3_corrected,15.11900826446281,907a3f675fecb864,71
13076,silver/yen2_page_0154_c02_023.png,yen2,page_0154,2,置,mới,買,U+8CB7,char,SILVER,s2_inter_s3_corrected,0.501,0.205,140.0,162.0,5561f8c44df6,ok,val,yen2|page_0154|c2,"[1313, 798, 1428, 930]",s2_inter_s3_corrected,15.11900826446281,64b7e674a1bf077a,72
67427,silver/yen11_page_0142_c03_047.png,yen11,page_0142,3,因,có,固,U+56FA,char,SILVER,s2_inter_s3_corrected,0.981,0.141,121.0,141.0,47cad9ff0898,ok,train,yen11|page_0142|c3,"[1155, 661, 1258, 776]",s2_inter_s3_corrected,15.11900826446281,051a8c0226281fce,73
20477,silver/yen2_page_0242_c04_057.png,yen2,page_0242,4,置,mới,買,U+8CB7,char,SILVER,s2_inter_s3_corrected,0.848,0.161,107.0,166.0,c5f2a5baf2f8,ok,train,yen2|page_0242|c4,"[990, 873, 1102, 1007]",s2_inter_s3_corrected,15.11900826446281,05e3f41e6f5c4847,74
30536,silver/yen4_page_0036_c09_172.png,yen4,page_0036,9,记,bà,把,U+628A,char,SILVER,s2_inter_s3_corrected,0.691,0.159,78.0,76.0,8a957da73460,ok,train,yen4|page_0036|c9,"[177, 292, 254, 369]",s2_inter_s3_corrected,15.11900826446281,f8045bce4cccea55,75
41562,silver/yen4_page_0156_c09_158.png,yen4,page_0156,9,慰,ấy,意,U+610F,char,SILVER,s2_inter_s3_corrected,0.899,0.123,67.0,88.0,5eaef92ac6ec,ok,train,yen4|page_0156|c9,"[191, 458, 257, 533]",s2_inter_s3_corrected,15.11900826446281,4254d99b7001aac6,76
68678,silver/yen11_page_0154_c06_128.png,yen11,page_0154,6,尽,trời,𡗶,U+215F6,char,SILVER,s3_head_bank_consensus,0.478,0.173,93.0,145.0,89d1e209902d,ok,test,yen11|page_0154|c6,"[646, 2016, 749, 2133]",s3_head_bank_consensus,14.485714285714286,577a8de04ecc3d54,77
78175,silver/yen11_page_0256_c03_050.png,yen11,page_0256,3,得,ngày,時,U+6642,char,SILVER,s2_inter_s3_corrected,0.981,0.238,94.0,114.0,f910ba37d3e9,ok,test,yen11|page_0256|c3,"[1198, 996, 1298, 1088]",s2_inter_s3_corrected,15.11900826446281,22dc1bb2b12de4a7,78
33188,silver/yen4_page_0064_c08_173.png,yen4,page_0064,8,俞,trời,𡗶,U+215F6,char,SILVER,s3_head_bank_consensus,0.243,0.187,84.0,85.0,4dcfa06ec893,ok,train,yen4|page_0064|c8,"[291, 1577, 359, 1646]",s3_head_bank_consensus,14.485714285714286,669650a75764d03c,79
14284,silver/yen2_page_0168_c05_077.png,yen2,page_0168,5,改,đoạn,段,U+6BB5,char,SILVER,s2_inter_s3_corrected,0.91,0.236,125.0,166.0,0ef24b610cde,ok,train,yen2|page_0168|c5,"[818, 788, 931, 922]",s2_inter_s3_corrected,15.11900826446281,3876d73af4a5ba60,80
68822,silver/yen11_page_0156_c04_069.png,yen11,page_0156,4,尺,thiên,天,U+5929,char,SILVER,s3_head_bank_consensus,0.486,0.185,102.0,137.0,eadfb56d7cd1,ok,train,yen11|page_0156|c4,"[1024, 491, 1132, 602]",s3_head_bank_consensus,14.485714285714286,ab80ec1aa38f2ed3,81
38247,silver/yen4_page_0120_c07_127.png,yen4,page_0120,7,三,đến,旦,U+65E6,char,SILVER,s2_inter_s3_corrected,0.873,0.139,79.0,106.0,59a257453052,ok,train,yen4|page_0120|c7,"[365, 352, 438, 439]",s2_inter_s3_corrected,15.11900826446281,bc4045955dcc7a94,82
31238,silver/yen4_page_0044_c05_097.png,yen4,page_0044,5,冒,người,𠊚,U+2029A,char,SILVER,s2_inter_s3_corrected,0.562,0.197,66.0,90.0,255c91a2320f,ok,train,yen4|page_0044|c5,"[571, 1127, 640, 1201]",s2_inter_s3_corrected,15.11900826446281,dc678e97456209bf,83
42632,silver/yen4_page_0168_c03_053.png,yen4,page_0168,3,文,nữa,女,U+5973,char,SILVER,s3_head_bank_consensus,0.491,0.153,77.0,94.0,e2d577285821,ok,train,yen4|page_0168|c3,"[768, 1170, 840, 1246]",s3_head_bank_consensus,14.485714285714286,834282283c536a72,84
17686,silver/yen2_page_0208_c09_149.png,yen2,page_0208,9,聚,lê,黎,U+9ECE,char,SILVER,s2_inter_s3_corrected,0.805,0.188,137.0,161.0,7febaa9a8f2b,ok,val,yen2|page_0208|c9,"[237, 928, 348, 1059]",s2_inter_s3_corrected,15.11900826446281,c194c8128cb88421,85
5914,silver/yen2_page_0074_c05_086.png,yen2,page_0074,5,䍐,ra,囉,U+56C9,char,SILVER,s2_inter_s3_corrected,0.643,0.234,108.0,149.0,0ee16546e371,ok,train,yen2|page_0074|c5,"[821, 677, 926, 798]",s2_inter_s3_corrected,15.11900826446281,23033a4590e31f62,86
40911,silver/yen4_page_0150_c04_076.png,yen4,page_0150,4,道,trinh,貞,U+8C9E,char,SILVER,s2_inter_s3_corrected,0.902,0.156,77.0,97.0,2fdf6f22c4b3,ok,train,yen4|page_0150|c4,"[657, 891, 732, 970]",s2_inter_s3_corrected,15.11900826446281,80fc91a242c2c805,87
42909,silver/yen4_page_0170_c07_140.png,yen4,page_0170,7,竈,xuống,下,U+4E0B,char,SILVER,s3_head_bank_consensus,0.02,0.181,65.0,97.0,14f20e85913a,ok,train,yen4|page_0170|c7,"[404, 1070, 475, 1149]",s3_head_bank_consensus,14.485714285714286,bb9b998b22f36a0a,88
44375,silver/yen4_page_0188_c02_024.png,yen4,page_0188,2,礼,trấy,礼,U+793C,char,SILVER,s1_inter_s3_out_of_dict,0.973,0.12,78.0,98.0,e79a73890613,ok,val,yen4|page_0188|c2,"[846, 428, 917, 508]",s1_inter_s3_out_of_dict,4.7,a9c86b11e350ecfb,89
46221,silver/yen4_page_0208_c03_049.png,yen4,page_0208,3,采,thầy,柴,U+67F4,char,SILVER,s3_head_bank_consensus,0.161,0.174,67.0,89.0,7ddadb95d6d6,ok,train,yen4|page_0208|c3,"[783, 544, 852, 617]",s3_head_bank_consensus,14.485714285714286,c5fa87ed2c25ec75,90
7491,silver/yen2_page_0090_c09_187.png,yen2,page_0090,9,依,ấy,衣,U+8863,char,SILVER,s2_inter_s3_corrected,0.965,0.191,119.0,127.0,0fe15cbb2428,ok,train,yen2|page_0090|c9,"[212, 1829, 310, 1932]",s2_inter_s3_corrected,15.11900826446281,6e465a2b7ca460e1,91
8320,silver/yen2_page_0100_c02_041.png,yen2,page_0100,2,妻,sau,娄,U+5A04,char,SILVER,s2_inter_s3_corrected,0.903,0.199,115.0,136.0,29719b485461,ok,train,yen2|page_0100|c2,"[1279, 1987, 1385, 2097]",s2_inter_s3_corrected,15.11900826446281,bc8523b587ca627b,92
70186,silver/yen11_page_0170_c07_082.png,yen11,page_0170,7,奎,trọng,重,U+91CD,char,SILVER,s3_head_bank_consensus,0.464,0.173,102.0,132.0,c171fff9bbae,ok,train,yen11|page_0170|c7,"[555, 2151, 659, 2259]",s3_head_bank_consensus,14.485714285714286,c6230b162f4ec9ad,93
5708,silver/yen2_page_0072_c04_059.png,yen2,page_0072,4,我,su,秋,U+79CB,char,SILVER,s2_inter_s3_corrected,0.722,0.224,122.0,140.0,35412f0904a1,ok,train,yen2|page_0072|c4,"[953, 678, 1062, 799]",s2_inter_s3_corrected,15.11900826446281,704a296e96a81333,94
81208,silver/yen11_page_0288_c04_072.png,yen11,page_0288,4,竝,giảng,講,U+8B1B,char,SILVER,s3_head_bank_consensus,0.042,0.177,83.0,141.0,1d50e33c79a8,ok,train,yen11|page_0288|c4,"[1066, 1168, 1170, 1283]",s3_head_bank_consensus,14.485714285714286,c9a312f8edd1fe63,95
46009,silver/yen4_page_0206_c01_014.png,yen4,page_0206,1,祠,vua,君,U+541B,char,SILVER,s3_head_bank_consensus,0.027,0.195,72.0,89.0,8b57ce1d96cc,ok,train,yen4|page_0206|c1,"[974, 1151, 1041, 1224]",s3_head_bank_consensus,14.485714285714286,48dab88c744faff1,96
16961,silver/yen2_page_0200_c06_101.png,yen2,page_0200,6,𭔿,ông,翁,U+7FC1,char,SILVER,s2_inter_s3_corrected,0.612,0.232,112.0,158.0,da28bc14c834,ok,test,yen2|page_0200|c6,"[643, 574, 746, 702]",s2_inter_s3_corrected,15.11900826446281,78425b0b2f348be0,97
30998,silver/yen4_page_0042_c03_050.png,yen4,page_0042,3,思,quỷ,鬼,U+9B3C,char,SILVER,s2_inter_s3_corrected,0.734,0.156,82.0,99.0,ae8153da7f93,ok,train,yen4|page_0042|c3,"[753, 772, 829, 853]",s2_inter_s3_corrected,15.11900826446281,cc06356c6bcfccac,98
18215,silver/yen2_page_0216_c02_021.png,yen2,page_0216,2,詩,thì,寺,U+5BFA,char,SILVER,s2_inter_s3_corrected,0.906,0.274,128.0,156.0,a835b8415db1,ok,train,yen2|page_0216|c2,"[1308, 588, 1412, 714]",s2_inter_s3_corrected,15.11900826446281,ddea59fb2671b3ba,99
17662,silver/yen2_page_0208_c07_125.png,yen2,page_0208,7,悶,muon,悶,U+60B6,char,SILVER,s1_inter_s3_out_of_dict,0.981,0.229,111.0,157.0,ff4d91278fa8,ok,test,yen2|page_0208|c7,"[555, 2081, 651, 2208]",s1_inter_s3_out_of_dict,4.7,6394209afb1b7ada,100
12037,silver/yen2_page_0140_c04_046.png,yen2,page_0140,4,君,này,尼,U+5C3C,char,SILVER,s2_inter_s3_corrected,0.549,0.193,115.0,135.0,938f77e48ef4,ok,val,yen2|page_0140|c4,"[945, 648, 1054, 757]",s2_inter_s3_corrected,15.11900826446281,d9830091162db982,101
62071,silver/yen11_page_0080_c09_187.png,yen11,page_0080,9,乃,chịu,召,U+53EC,char,SILVER,s2_inter_s3_corrected,0.979,0.145,67.0,150.0,02cddf00d552,tall,test,yen11|page_0080|c9,"[262, 2170, 365, 2292]",s2_inter_s3_corrected,15.11900826446281,7ebcf38b6ced8c21,102
50529,silver/yen4_page_0254_c04_066.png,yen4,page_0254,4,故,như,如,U+5982,char,SILVER,s2_inter_s3_corrected,0.607,0.137,79.0,90.0,109fccedd431,ok,train,yen4|page_0254|c4,"[673, 969, 743, 1043]",s2_inter_s3_corrected,15.11900826446281,b3ad4e8caa5b7da7,103
24451,silver/yen2_page_0288_c04_063.png,yen2,page_0288,4,等,cả,哿,U+54FF,char,SILVER,s2_inter_s3_corrected,0.9,0.184,121.0,151.0,912e15e74b69,ok,val,yen2|page_0288|c4,"[998, 752, 1111, 875]",s2_inter_s3_corrected,15.11900826446281,58f7168f1d485251,104
33803,silver/yen4_page_0072_c01_007.png,yen4,page_0072,1,𢙣,khỏi,瑰,U+7470,char,SILVER,s2_inter_s3_corrected,0.586,0.228,73.0,97.0,7841b477db17,ok,val,yen4|page_0072|c1,"[963, 697, 1037, 776]",s2_inter_s3_corrected,15.11900826446281,889836d4fcd81ff4,105
57440,silver/yen11_page_0028_c09_197.png,yen11,page_0028,9,潮,năng,䏻,U+43FB,char,SILVER,s2_inter_s3_corrected,0.681,0.212,84.0,138.0,f6a5df0867f7,ok,val,yen11|page_0028|c9,"[261, 2121, 359, 2233]",s2_inter_s3_corrected,15.11900826446281,ecd84be11266f90f,106
28315,silver/yen4_page_0012_c09_180.png,yen4,page_0012,9,末,cho,朱,U+6731,char,SILVER,s2_inter_s3_corrected,0.794,0.097,85.0,94.0,13377e2d34f8,ok,train,yen4|page_0012|c9,"[185, 1199, 254, 1275]",s2_inter_s3_corrected,15.11900826446281,ba2254d4f77f6214,107
1754,silver/yen2_page_0030_c03_066.png,yen2,page_0030,3,宸,rằng,浪,U+6D6A,char,SILVER,s2_inter_s3_corrected,0.832,0.211,103.0,137.0,1bb8feaefb63,ok,train,yen2|page_0030|c3,"[1126, 2356, 1226, 2467]",s2_inter_s3_corrected,15.11900826446281,553175e77b3f2499,108
9090,silver/yen2_page_0108_c06_086.png,yen2,page_0108,6,風,thành,城,U+57CE,char,SILVER,s2_inter_s3_corrected,0.812,0.225,130.0,151.0,b8e8a0ac5ecc,ok,train,yen2|page_0108|c6,"[705, 654, 811, 777]",s2_inter_s3_corrected,15.11900826446281,802d98ed618733f3,109
62967,silver/yen11_page_0094_c06_122.png,yen11,page_0094,6,尺,này,尼,U+5C3C,char,SILVER,s3_head_bank_consensus,0.264,0.216,87.0,146.0,6b87f57b0193,ok,train,yen11|page_0094|c6,"[731, 1504, 840, 1622]",s3_head_bank_consensus,14.485714285714286,45dbf63bf5e9dd2f,110
80797,silver/yen11_page_0284_c01_011.png,yen11,page_0284,1,抄,cầm,扲,U+6272,char,SILVER,s2_inter_s3_corrected,0.98,0.134,95.0,149.0,e49769777682,ok,train,yen11|page_0284|c1,"[1494, 2151, 1594, 2273]",s2_inter_s3_corrected,15.11900826446281,160cbe0f2ee04d06,111
43496,silver/yen4_page_0176_c05_112.png,yen4,page_0176,5,閤,gian,間,U+9593,char,SILVER,s2_inter_s3_corrected,0.909,0.209,77.0,88.0,14866ebe24c8,ok,train,yen4|page_0176|c5,"[574, 1526, 642, 1598]",s2_inter_s3_corrected,15.11900826446281,8473142734d5fb62,112
43921,silver/yen4_page_0182_c07_164.png,yen4,page_0182,7,至,đến,旦,U+65E6,char,SILVER,s2_inter_s3_corrected,0.817,0.15,65.0,97.0,13ca51e33bf6,ok,train,yen4|page_0182|c7,"[413, 1398, 488, 1477]",s2_inter_s3_corrected,15.11900826446281,587e0dd89a1d8566,113
68816,silver/yen11_page_0156_c03_063.png,yen11,page_0156,3,躱,xa,賖,U+8CD6,char,SILVER,s2_inter_s3_corrected,0.929,0.209,105.0,137.0,a51c5678a582,ok,train,yen11|page_0156|c3,"[1202, 2007, 1309, 2118]",s2_inter_s3_corrected,15.11900826446281,8691f6260af77379,114
7580,silver/yen2_page_0092_c04_081.png,yen2,page_0092,4,乇,đã,㐌,U+340C,char,SILVER,s2_inter_s3_corrected,0.601,0.2,124.0,139.0,a779bd6c36eb,ok,train,yen2|page_0092|c4,"[972, 1584, 1076, 1697]",s2_inter_s3_corrected,15.11900826446281,62604c9027de912c,115
34348,silver/yen4_page_0078_c01_015.png,yen4,page_0078,1,耿,khi,欺,U+6B3A,char,SILVER,s2_inter_s3_corrected,0.756,0.168,71.0,89.0,3b1840cd574e,ok,train,yen4|page_0078|c1,"[983, 1173, 1047, 1246]",s2_inter_s3_corrected,15.11900826446281,4678b57d0fe2a653,116
76699,silver/yen11_page_0240_c08_161.png,yen11,page_0240,8,生,cho,朱,U+6731,char,SILVER,s2_inter_s3_corrected,0.811,0.217,95.0,132.0,236cd3230315,ok,val,yen11|page_0240|c8,"[409, 599, 501, 707]",s2_inter_s3_corrected,15.11900826446281,ce6d8ff3e3a6940d,117
60894,silver/yen11_page_0068_c06_119.png,yen11,page_0068,6,丑,cùng,共,U+5171,char,SILVER,s2_inter_s3_corrected,0.818,0.172,103.0,142.0,0459fad23ff2,ok,train,yen11|page_0068|c6,"[692, 1352, 799, 1468]",s2_inter_s3_corrected,15.11900826446281,3a38c5559a5dca00,118
13594,silver/yen2_page_0160_c01_010.png,yen2,page_0160,1,吞,trời,𡗶,U+215F6,char,SILVER,s2_inter_s3_corrected,0.912,0.207,126.0,169.0,5229d66ac711,ok,train,yen2|page_0160|c1,"[1410, 1630, 1525, 1767]",s2_inter_s3_corrected,15.11900826446281,b4ede09a8670922c,119
20775,silver/yen2_page_0246_c01_014.png,yen2,page_0246,1,澮,gọi,噲,U+5672,char,SILVER,s2_inter_s3_corrected,0.712,0.187,112.0,135.0,9058530ac114,ok,val,yen2|page_0246|c1,"[1436, 1797, 1545, 1906]",s2_inter_s3_corrected,15.11900826446281,7af7af2b37f69db1,120
51671,silver/yen4_page_0266_c05_083.png,yen4,page_0266,5,啾,su,秋,U+79CB,char,SILVER,s2_inter_s3_corrected,0.903,0.131,90.0,107.0,6800bdcd75b8,ok,train,yen4|page_0266|c5,"[574, 520, 652, 607]",s2_inter_s3_corrected,15.11900826446281,a9a4a73d77ca71cd,121
1367,silver/yen2_page_0026_c03_044.png,yen2,page_0026,3,虎,xác,壳,U+58F3,char,SILVER,s2_inter_s3_corrected,0.832,0.219,135.0,126.0,25ba193bddd2,ok,train,yen2|page_0026|c3,"[1112, 496, 1221, 598]",s2_inter_s3_corrected,15.11900826446281,089d9fc05e564eff,122
15410,silver/yen2_page_0182_c01_017.png,yen2,page_0182,1,𰂸,tượng,像,U+50CF,char,SILVER,s2_inter_s3_corrected,0.566,0.235,131.0,148.0,eb682b40832d,ok,train,yen2|page_0182|c1,"[1429, 2372, 1538, 2492]",s2_inter_s3_corrected,15.11900826446281,cb8991337ae19d12,123
20154,silver/yen2_page_0238_c04_072.png,yen2,page_0238,4,邑,vào,包,U+5305,char,SILVER,s2_inter_s3_corrected,0.786,0.202,84.0,160.0,05731166017f,tall,train,yen2|page_0238|c4,"[1000, 1991, 1102, 2121]",s2_inter_s3_corrected,15.11900826446281,1d43de29e814ef98,124
54307,silver/yen4_page_0292_c07_165.png,yen4,page_0292,7,疳,mà,麻,U+9EBB,char,SILVER,s2_inter_s3_corrected,0.981,0.099,78.0,90.0,bf3b8906c416,ok,train,yen4|page_0292|c7,"[375, 1405, 443, 1479]",s2_inter_s3_corrected,15.11900826446281,622ae9276483c04a,125
66441,silver/yen11_page_0132_c02_035.png,yen11,page_0132,2,弓,chịu,召,U+53EC,char,SILVER,s2_inter_s3_corrected,0.974,0.192,62.0,137.0,2f7c8bd73fbb,tall,train,yen11|page_0132|c2,"[1333, 1539, 1430, 1654]",s2_inter_s3_corrected,15.11900826446281,ab8c4ba8c53ef4fd,126
40932,silver/yen4_page_0150_c05_097.png,yen4,page_0150,5,槎,si,瘥,U+7625,char,SILVER,s2_inter_s3_corrected,0.917,0.165,79.0,96.0,b607f5be6b03,ok,train,yen4|page_0150|c5,"[559, 877, 631, 955]",s2_inter_s3_corrected,15.11900826446281,b87ec3fe18c5172f,127
23298,silver/yen2_page_0274_c08_150.png,yen2,page_0274,8,房,chăng,庄,U+5E84,char,SILVER,s2_inter_s3_corrected,0.939,0.167,125.0,160.0,19d99dc0531c,ok,train,yen2|page_0274|c8,"[343, 1161, 455, 1291]",s2_inter_s3_corrected,15.11900826446281,f7399ab2154d3831,128
51040,silver/yen4_page_0260_c01_004.png,yen4,page_0260,1,夷,anh,英,U+82F1,char,SILVER,s2_inter_s3_corrected,0.623,0.19,69.0,90.0,0037554f3e5e,ok,train,yen4|page_0260|c1,"[951, 474, 1023, 548]",s2_inter_s3_corrected,15.11900826446281,363fe7b22fc63e73,129
19920,silver/yen2_page_0236_c01_008.png,yen2,page_0236,1,庫,sao,牢,U+7262,char,SILVER,s2_inter_s3_corrected,0.84,0.177,86.0,159.0,ac301e385a52,tall,val,yen2|page_0236|c1,"[1431, 1296, 1541, 1425]",s2_inter_s3_corrected,15.11900826446281,82a44719f2ad1e93,130
8479,silver/yen2_page_0102_c02_030.png,yen2,page_0102,2,及,chịu,召,U+53EC,char,SILVER,s2_inter_s3_corrected,0.923,0.193,119.0,145.0,5f8f18588d84,ok,train,yen2|page_0102|c2,"[1275, 1342, 1376, 1459]",s2_inter_s3_corrected,15.11900826446281,de7b1cd050fa43dc,131
61712,silver/yen11_page_0078_c02_023.png,yen11,page_0078,2,則,gần,𧵆,U+27D46,char,SILVER,s2_inter_s3_corrected,0.65,0.227,110.0,130.0,c66f1962f8ab,ok,train,yen11|page_0078|c2,"[1305, 595, 1409, 701]",s2_inter_s3_corrected,15.11900826446281,5af339305e733c57,132
28634,silver/yen4_page_0016_c06_111.png,yen4,page_0016,6,置,mới,買,U+8CB7,char,SILVER,s2_inter_s3_corrected,0.723,0.144,62.0,77.0,7c3900b108d4,ok,test,yen4|page_0016|c6,"[530, 278, 600, 347]",s2_inter_s3_corrected,15.11900826446281,55c0b077873c08b3,133
53860,silver/yen4_page_0288_c06_120.png,yen4,page_0288,6,白,làm,乄,U+4E44,char,SILVER,s2_inter_s3_corrected,0.756,0.125,87.0,98.0,1c9477dcd343,ok,val,yen4|page_0288|c6,"[476, 693, 547, 773]",s2_inter_s3_corrected,15.11900826446281,a4895136ca3149d2,134
5360,silver/yen2_page_0068_c04_068.png,yen2,page_0068,4,或,giê,支,U+652F,char,SILVER,s2_inter_s3_corrected,0.801,0.208,120.0,142.0,bfa7fd0e6ce8,ok,train,yen2|page_0068|c4,"[977, 852, 1083, 968]",s2_inter_s3_corrected,15.11900826446281,da47a2ebab5a3650,135
48517,silver/yen4_page_0232_c06_113.png,yen4,page_0232,6,樞,giu,樞,U+6A1E,char,SILVER,s1_inter_s3_out_of_dict,0.684,0.176,81.0,98.0,6155466746e1,ok,val,yen4|page_0232|c6,"[480, 804, 552, 884]",s1_inter_s3_out_of_dict,4.7,113f1b5e12ef4260,136
21654,silver/yen2_page_0256_c05_073.png,yen2,page_0256,5,架,thầy,柴,U+67F4,char,SILVER,s2_inter_s3_corrected,0.981,0.152,117.0,139.0,bce628e66ab8,ok,train,yen2|page_0256|c5,"[850, 452, 966, 575]",s2_inter_s3_corrected,15.11900826446281,058312557c31728e,137
6424,silver/yen2_page_0080_c02_027.png,yen2,page_0080,2,𭔿,ông,翁,U+7FC1,char,SILVER,s3_head_bank_consensus,0.269,0.264,106.0,142.0,acacdb584b29,ok,val,yen2|page_0080|c2,"[1294, 938, 1399, 1054]",s3_head_bank_consensus,14.485714285714286,88e63b5320c60a8d,138
63860,silver/yen11_page_0104_c06_099.png,yen11,page_0104,6,抑,chết,折,U+6298,char,SILVER,s2_inter_s3_corrected,0.972,0.18,92.0,147.0,894e125a977f,ok,train,yen11|page_0104|c6,"[730, 719, 831, 838]",s2_inter_s3_corrected,15.11900826446281,0c61ce7c9591622b,139
69740,silver/yen11_page_0166_c02_029.png,yen11,page_0166,2,垂,thánh,垩,U+57A9,char,SILVER,s2_inter_s3_corrected,0.896,0.256,95.0,141.0,1f0a7f161394,ok,train,yen11|page_0166|c2,"[1323, 1384, 1430, 1499]",s2_inter_s3_corrected,15.11900826446281,194a40a7a94e12dc,140
28242,silver/yen4_page_0012_c06_107.png,yen4,page_0012,6,之,pha,葩,U+8469,char,SILVER,s2_inter_s3_corrected,0.597,0.118,80.0,85.0,349600e388d3,ok,train,yen4|page_0012|c6,"[469, 796, 540, 873]",s2_inter_s3_corrected,15.11900826446281,df55ed046f93f8c6,141
2131,silver/yen2_page_0034_c03_048.png,yen2,page_0034,3,多,hãy,矣,U+77E3,char,SILVER,s2_inter_s3_corrected,0.606,0.219,117.0,141.0,20f7d2f0bd16,ok,train,yen2|page_0034|c3,"[1097, 1105, 1204, 1220]",s2_inter_s3_corrected,15.11900826446281,d42ad2d2ae3c27a6,142
78478,silver/yen11_page_0258_c07_152.png,yen11,page_0258,7,举,trời,𡗶,U+215F6,char,SILVER,s3_head_bank_consensus,0.184,0.166,94.0,138.0,a1a6dfefbf77,ok,train,yen11|page_0258|c7,"[561, 2220, 660, 2332]",s3_head_bank_consensus,14.485714285714286,951f83ad875e13eb,143
58698,silver/yen11_page_0044_c09_174.png,yen11,page_0044,9,負,mi,眉,U+7709,char,SILVER,s2_inter_s3_corrected,0.511,0.27,83.0,103.0,a9f7c6c98473,ok,train,yen11|page_0044|c9,"[324, 2317, 423, 2417]",s2_inter_s3_corrected,15.11900826446281,44fb24a81d107d1a,144
46656,silver/yen4_page_0212_c05_109.png,yen4,page_0212,5,放,nô,奴,U+5974,char,SILVER,s2_inter_s3_corrected,0.919,0.173,60.0,94.0,869ff6e0137d,ok,train,yen4|page_0212|c5,"[593, 1344, 663, 1421]",s2_inter_s3_corrected,15.11900826446281,7b4f9619b16e97d1,145
9389,silver/yen2_page_0112_c02_037.png,yen2,page_0112,2,隅,ra,囉,U+56C9,char,SILVER,s2_inter_s3_corrected,0.738,0.227,102.0,146.0,d8ad36e5e45d,ok,train,yen2|page_0112|c2,"[1293, 2110, 1397, 2228]",s2_inter_s3_corrected,15.11900826446281,e63d88188e6b4c70,146
61819,silver/yen11_page_0078_c06_130.png,yen11,page_0078,6,庻,mà,麻,U+9EBB,char,SILVER,s2_inter_s3_corrected,0.687,0.232,78.0,108.0,d55ba94c3873,ok,val,yen11|page_0078|c6,"[674, 2368, 813, 2476]",s2_inter_s3_corrected,15.11900826446281,0f1b79a712308c55,147
48070,silver/yen4_page_0228_c03_044.png,yen4,page_0228,3,樞,giu,樞,U+6A1E,char,SILVER,s1_inter_s3_out_of_dict,0.907,0.169,93.0,110.0,a1dea2ebe316,ok,test,yen4|page_0228|c3,"[801, 376, 876, 466]",s1_inter_s3_out_of_dict,4.7,8ae88f86d89dfb69,148
74779,silver/yen11_page_0218_c08_168.png,yen11,page_0218,8,妃,bà,把,U+628A,char,SILVER,s2_inter_s3_corrected,0.721,0.193,106.0,140.0,1c2fdb12137b,ok,test,yen11|page_0218|c8,"[388, 2154, 486, 2268]",s2_inter_s3_corrected,15.11900826446281,015f0469cd8e0e55,149
64878,silver/yen11_page_0114_c08_165.png,yen11,page_0114,8,粹,rút,椊,U+690A,char,SILVER,s2_inter_s3_corrected,0.798,0.215,91.0,146.0,4f6d4080dfa5,ok,train,yen11|page_0114|c8,"[409, 2209, 515, 2327]",s2_inter_s3_corrected,15.11900826446281,f0da86870a694ea9,150
47383,silver/yen4_page_0220_c06_104.png,yen4,page_0220,6,涂,giờ,除,U+9664,char,SILVER,s2_inter_s3_corrected,0.929,0.169,74.0,104.0,148f855de497,ok,train,yen4|page_0220|c6,"[484, 365, 556, 449]",s2_inter_s3_corrected,15.11900826446281,e199640902cedaaf,151
67119,silver/yen11_page_0138_c06_123.png,yen11,page_0138,6,兹,nhà,茹,U+8339,char,SILVER,s2_inter_s3_corrected,0.931,0.212,89.0,126.0,f288b933e7ff,ok,train,yen11|page_0138|c6,"[707, 1693, 812, 1802]",s2_inter_s3_corrected,15.11900826446281,4dd2e627f9c26db4,152
16009,silver/yen2_page_0188_c07_121.png,yen2,page_0188,7,石,vậy,丕,U+4E15,char,SILVER,s2_inter_s3_corrected,0.696,0.221,125.0,167.0,d383f869aba7,ok,train,yen2|page_0188|c7,"[484, 1251, 587, 1386]",s2_inter_s3_corrected,15.11900826446281,af88c40ad1f4c59a,153
32159,silver/yen4_page_0054_c05_097.png,yen4,page_0054,5,寗,và,喡,U+55A1,char,SILVER,s2_inter_s3_corrected,0.923,0.172,64.0,96.0,3a4961be9e73,ok,train,yen4|page_0054|c5,"[581, 967, 651, 1045]",s2_inter_s3_corrected,15.11900826446281,39151c3677328337,154
37127,silver/yen4_page_0108_c05_105.png,yen4,page_0108,5,爾,trời,𡗶,U+215F6,char,SILVER,s3_head_bank_consensus,0.36,0.152,78.0,83.0,14375b83b8d7,ok,val,yen4|page_0108|c5,"[591, 1203, 655, 1270]",s3_head_bank_consensus,14.485714285714286,a91766f1c6e5518a,155
79736,silver/yen11_page_0272_c05_081.png,yen11,page_0272,5,唱,hai,咍,U+548D,char,SILVER,s3_head_bank_consensus,0.324,0.189,135.0,136.0,a79e1fade456,ok,val,yen11|page_0272|c5,"[898, 1090, 1010, 1206]",s3_head_bank_consensus,14.485714285714286,9cbb75fcc9862d0d,156
48994,silver/yen4_page_0238_c02_033.png,yen4,page_0238,2,湯,chớ,渚,U+6E1A,char,SILVER,s2_inter_s3_corrected,0.915,0.162,77.0,104.0,713c95ea786a,ok,train,yen4|page_0238|c2,"[867, 1017, 936, 1101]",s2_inter_s3_corrected,15.11900826446281,8518b7daea371097,157
73180,silver/yen11_page_0202_c05_090.png,yen11,page_0202,5,妃,bà,把,U+628A,char,SILVER,s2_inter_s3_corrected,0.782,0.19,99.0,145.0,85cff34374a8,ok,train,yen11|page_0202|c5,"[875, 1471, 977, 1588]",s2_inter_s3_corrected,15.11900826446281,5279a39c54b3b53c,158
64199,silver/yen11_page_0108_c04_063.png,yen11,page_0108,4,鄰,đoạn,断,U+65AD,char,SILVER,s2_inter_s3_corrected,0.765,0.23,113.0,142.0,87e73f6f44b1,ok,train,yen11|page_0108|c4,"[991, 508, 1103, 624]",s2_inter_s3_corrected,15.11900826446281,aecaa21c6c1141be,159
7162,silver/yen2_page_0088_c02_035.png,yen2,page_0088,2,詩,thì,寺,U+5BFA,char,SILVER,s2_inter_s3_corrected,0.919,0.184,114.0,133.0,8594cb759614,ok,train,yen2|page_0088|c2,"[1282, 1765, 1384, 1881]",s2_inter_s3_corrected,15.11900826446281,1c04fba7cbdd49ba,160
14161,silver/yen2_page_0166_c07_119.png,yen2,page_0166,7,華,thánh,垩,U+57A9,char,SILVER,s2_inter_s3_corrected,0.976,0.245,129.0,161.0,9a143049e5b3,ok,train,yen2|page_0166|c7,"[540, 1437, 645, 1568]",s2_inter_s3_corrected,15.11900826446281,d964b9eaa3462917,161
58870,silver/yen11_page_0048_c01_012.png,yen11,page_0048,1,尺,thiên,天,U+5929,char,SILVER,s2_inter_s3_corrected,0.771,0.199,103.0,142.0,80f0e0037d09,ok,train,yen11|page_0048|c1,"[1440, 1508, 1546, 1624]",s2_inter_s3_corrected,15.11900826446281,77b93afac59105c4,162
18212,silver/yen2_page_0216_c01_018.png,yen2,page_0216,1,葉,cấm,禁,U+7981,char,SILVER,s2_inter_s3_corrected,0.705,0.282,112.0,157.0,00e103de97b8,ok,train,yen2|page_0216|c1,"[1449, 2300, 1555, 2427]",s2_inter_s3_corrected,15.11900826446281,c9f22cde93863464,163
53771,silver/yen4_page_0288_c02_031.png,yen4,page_0288,2,也,ta,些,U+4E9B,char,SILVER,s2_inter_s3_corrected,0.981,0.157,73.0,99.0,dc0b74b3f01f,ok,train,yen4|page_0288|c2,"[857, 764, 925, 845]",s2_inter_s3_corrected,15.11900826446281,33fe65a34bc340c1,164
5132,silver/yen2_page_0066_c02_029.png,yen2,page_0066,2,穌,pô,穌,U+7A4C,char,SILVER,s1_inter_s3_out_of_dict,0.966,0.242,114.0,146.0,a3c87bc85059,ok,test,yen2|page_0066|c2,"[1311, 1241, 1415, 1359]",s1_inter_s3_out_of_dict,4.7,21bc8232bd93ae3b,165
76577,silver/yen11_page_0240_c02_039.png,yen11,page_0240,2,並,a,堊,U+580A,char,SILVER,s2_inter_s3_corrected,0.883,0.174,103.0,129.0,9a9f20ce13dd,ok,test,yen11|page_0240|c2,"[1328, 1882, 1430, 1987]",s2_inter_s3_corrected,15.11900826446281,8cd4c84ed9d44e44,166
79326,silver/yen11_page_0268_c04_065.png,yen11,page_0268,4,色,đã,㐌,U+340C,char,SILVER,s2_inter_s3_corrected,0.729,0.235,72.0,134.0,151e199b0105,tall,val,yen11|page_0268|c4,"[1026, 532, 1126, 650]",s2_inter_s3_corrected,15.11900826446281,7b1fc0fc1168cb73,167
3179,silver/yen2_page_0044_c08_163.png,yen2,page_0044,8,㸔,tiếng,省,U+7701,char,SILVER,s3_head_bank_consensus,0.488,0.208,78.0,151.0,0669d06c644b,tall,train,yen2|page_0044|c8,"[364, 1918, 459, 2041]",s3_head_bank_consensus,14.485714285714286,df36796360ce444e,168
7743,silver/yen2_page_0094_c02_035.png,yen2,page_0094,2,𠇭,mình,命,U+547D,char,SILVER,s2_inter_s3_corrected,0.849,0.215,132.0,128.0,dac6866bb01b,ok,test,yen2|page_0094|c2,"[1279, 1492, 1387, 1596]",s2_inter_s3_corrected,15.11900826446281,7343306366d00e57,169
67919,silver/yen11_page_0146_c07_156.png,yen11,page_0146,7,到,biết,别,U+522B,char,SILVER,s2_inter_s3_corrected,0.763,0.218,89.0,113.0,92c706804927,ok,test,yen11|page_0146|c7,"[537, 2305, 636, 2405]",s2_inter_s3_corrected,15.11900826446281,abcd63fc36468917,170
74707,silver/yen11_page_0218_c05_096.png,yen11,page_0218,5,苑,pha,葩,U+8469,char,SILVER,s2_inter_s3_corrected,0.832,0.232,101.0,142.0,ec3241eb85af,ok,train,yen11|page_0218|c5,"[837, 1498, 944, 1614]",s2_inter_s3_corrected,15.11900826446281,0663c76b2239b538,171
79414,silver/yen11_page_0268_c08_153.png,yen11,page_0268,8,乔,trời,𡗶,U+215F6,char,SILVER,s2_inter_s3_corrected,0.823,0.158,112.0,137.0,3fe510e7de32,ok,train,yen11|page_0268|c8,"[436, 513, 535, 624]",s2_inter_s3_corrected,15.11900826446281,b64f2d5ea93b7100,172
81644,silver/yen11_page_0292_c06_122.png,yen11,page_0292,6,仰,máu,泖,U+6CD6,char,SILVER,s2_inter_s3_corrected,0.714,0.15,106.0,147.0,91978bee727e,ok,train,yen11|page_0292|c6,"[743, 2294, 849, 2413]",s2_inter_s3_corrected,15.11900826446281,93fcdd2d518a05c1,173
30762,silver/yen4_page_0040_c01_007.png,yen4,page_0040,1,粤,thân,身,U+8EAB,char,SILVER,s3_head_bank_consensus,0.299,0.153,78.0,105.0,4df5ff0aee98,ok,test,yen4|page_0040|c1,"[954, 750, 1028, 835]",s3_head_bank_consensus,14.485714285714286,e906556b127fc449,174
24250,silver/yen2_page_0286_c02_034.png,yen2,page_0286,2,友,của,古,U+53E4,char,SILVER,s2_inter_s3_corrected,0.791,0.154,139.0,170.0,d07934748791,ok,val,yen2|page_0286|c2,"[1272, 2293, 1391, 2431]",s2_inter_s3_corrected,15.11900826446281,5bf58ed8b24f2831,175
41350,silver/yen4_page_0154_c06_123.png,yen4,page_0154,6,将,được,特,U+7279,char,SILVER,s2_inter_s3_corrected,0.904,0.175,80.0,99.0,04ed933810bf,ok,train,yen4|page_0154|c6,"[459, 1510, 530, 1591]",s2_inter_s3_corrected,15.11900826446281,6eb40fcaf1635d8c,176
77786,silver/yen11_page_0252_c03_064.png,yen11,page_0252,3,事,den,事,U+4E8B,char,SILVER,s1_inter_s3_out_of_dict,0.769,0.208,67.0,110.0,c122b5649e21,ok,train,yen11|page_0252|c3,"[1196, 2355, 1300, 2457]",s1_inter_s3_out_of_dict,4.7,e6c6380bd56294e3,177
50323,silver/yen4_page_0252_c02_027.png,yen4,page_0252,2,為,lỗi,磊,U+78CA,char,SILVER,s2_inter_s3_corrected,0.919,0.181,74.0,85.0,5a8c6317015a,ok,train,yen4|page_0252|c2,"[861, 455, 928, 524]",s2_inter_s3_corrected,15.11900826446281,899c5c1c45149033,178
12296,silver/yen2_page_0142_c08_135.png,yen2,page_0142,8,呌,dấu,𧿫,U+27FEB,char,SILVER,s2_inter_s3_corrected,0.981,0.213,112.0,158.0,1b223193348e,ok,train,yen2|page_0142|c8,"[390, 593, 495, 721]",s2_inter_s3_corrected,15.11900826446281,583f447dcecce011,179
66196,silver/yen11_page_0128_c08_169.png,yen11,page_0128,8,庻,mà,麻,U+9EBB,char,SILVER,s2_inter_s3_corrected,0.934,0.192,85.0,141.0,a920c34c979b,ok,val,yen11|page_0128|c8,"[393, 1609, 495, 1724]",s2_inter_s3_corrected,15.11900826446281,c4666ad006a97ca7,180
38000,silver/yen4_page_0118_c04_080.png,yen4,page_0118,4,廟,lớn,懶,U+61F6,char,SILVER,s2_inter_s3_corrected,0.786,0.192,67.0,97.0,a2fd9fee87c2,ok,train,yen4|page_0118|c4,"[673, 1068, 743, 1147]",s2_inter_s3_corrected,15.11900826446281,e0f7d18f6f3b4f7c,181
73450,silver/yen11_page_0204_c08_175.png,yen11,page_0204,8,效,kính,敬,U+656C,char,SILVER,s2_inter_s3_corrected,0.915,0.174,113.0,151.0,7f067e0716b3,ok,train,yen11|page_0204|c8,"[444, 2277, 549, 2400]",s2_inter_s3_corrected,15.11900826446281,35d062ecfea5ced2,182
19577,silver/yen2_page_0232_c01_015.png,yen2,page_0232,1,府,thì,寺,U+5BFA,char,SILVER,s2_inter_s3_corrected,0.536,0.27,81.0,149.0,55dfa98be36c,tall,train,yen2|page_0232|c1,"[1459, 1999, 1564, 2126]",s2_inter_s3_corrected,15.11900826446281,2f3d2e2d2afa7f2b,183
76298,silver/yen11_page_0236_c07_147.png,yen11,page_0236,7,數,bảy,罢,U+7F62,char,SILVER,s2_inter_s3_corrected,0.555,0.228,107.0,147.0,724cd59c808a,ok,train,yen11|page_0236|c7,"[572, 1729, 676, 1848]",s2_inter_s3_corrected,15.11900826446281,df1632787bee9bca,184
29510,silver/yen4_page_0026_c02_027.png,yen4,page_0026,2,緦,tay,思,U+601D,char,SILVER,s2_inter_s3_corrected,0.871,0.192,80.0,98.0,8dd18f155a9d,ok,train,yen4|page_0026|c2,"[862, 845, 940, 931]",s2_inter_s3_corrected,15.11900826446281,a18dd74712fca89c,185
28448,silver/yen4_page_0014_c06_127.png,yen4,page_0014,6,存,xưng,称,U+79F0,char,SILVER,s2_inter_s3_corrected,0.762,0.164,93.0,104.0,a7ff8d7bee85,ok,train,yen4|page_0014|c6,"[475, 987, 550, 1071]",s2_inter_s3_corrected,15.11900826446281,6d5c7faaac99629d,186
65379,silver/yen11_page_0120_c05_095.png,yen11,page_0120,5,色,đã,㐌,U+340C,char,SILVER,s2_inter_s3_corrected,0.648,0.21,91.0,137.0,fd736c398495,ok,val,yen11|page_0120|c5,"[860, 872, 961, 988]",s2_inter_s3_corrected,15.11900826446281,e18b3d58bc223bb4,187
76884,silver/yen11_page_0242_c08_140.png,yen11,page_0242,8,庻,mà,麻,U+9EBB,char,SILVER,s2_inter_s3_corrected,0.981,0.19,100.0,135.0,05675718141a,ok,train,yen11|page_0242|c8,"[401, 1266, 501, 1375]",s2_inter_s3_corrected,15.11900826446281,575de0b3b6a6bae9,188
69807,silver/yen11_page_0166_c05_096.png,yen11,page_0166,5,叚,rê,黎,U+9ECE,char,SILVER,s3_head_bank_consensus,0.021,0.163,83.0,141.0,d4392e6a7ad6,ok,train,yen11|page_0166|c5,"[869, 1638, 978, 1753]",s3_head_bank_consensus,14.485714285714286,82d128ef8a34206e,189
77087,silver/yen11_page_0244_c08_166.png,yen11,page_0244,8,懬,ma,魔,U+9B54,char,SILVER,s2_inter_s3_corrected,0.91,0.185,104.0,152.0,4a493fb2acdb,ok,train,yen11|page_0244|c8,"[408, 2105, 515, 2229]",s2_inter_s3_corrected,15.11900826446281,524f429a20112b5b,190
80318,silver/yen11_page_0278_c05_092.png,yen11,page_0278,5,斥,trời,𡗶,U+215F6,char,SILVER,s3_head_bank_consensus,0.465,0.108,105.0,149.0,62ce8d6fe6ea,ok,train,yen11|page_0278|c5,"[870, 1193, 979, 1314]",s3_head_bank_consensus,14.485714285714286,c0501a0dbba0cb2b,191
75251,silver/yen11_page_0224_c03_056.png,yen11,page_0224,3,苑,pha,葩,U+8469,char,SILVER,s2_inter_s3_corrected,0.943,0.194,87.0,125.0,61388c175cfe,ok,train,yen11|page_0224|c3,"[1180, 1453, 1282, 1565]",s2_inter_s3_corrected,15.11900826446281,465535ce58be9074,192
50934,silver/yen4_page_0258_c05_092.png,yen4,page_0258,5,碣,vạ,禍,U+798D,char,SILVER,s2_inter_s3_corrected,0.694,0.188,70.0,101.0,ab16826dc013,ok,train,yen4|page_0258|c5,"[560, 504, 630, 587]",s2_inter_s3_corrected,15.11900826446281,eafa96c1771d9542,193
51535,silver/yen4_page_0264_c07_138.png,yen4,page_0264,7,床,mát,沫,U+6CAB,char,SILVER,s2_inter_s3_corrected,0.917,0.18,73.0,97.0,974bc02e5d1d,ok,train,yen4|page_0264|c7,"[375, 691, 445, 771]",s2_inter_s3_corrected,15.11900826446281,bcdb10f07b04a5c4,194
44310,silver/yen4_page_0186_c08_134.png,yen4,page_0186,8,三,đến,但,U+4F46,char,SILVER,s2_inter_s3_corrected,0.507,0.169,99.0,94.0,e8d8ba50a3a6,ok,train,yen4|page_0186|c8,"[273, 252, 354, 331]",s2_inter_s3_corrected,15.11900826446281,0eae3a2bdd08ffe3,195
3658,silver/yen2_page_0050_c04_079.png,yen2,page_0050,4,爵,le,离,U+79BB,char,SILVER,s2_inter_s3_corrected,0.981,0.198,122.0,139.0,2b4c8ca7793c,ok,train,yen2|page_0050|c4,"[1012, 1770, 1115, 1883]",s2_inter_s3_corrected,15.11900826446281,4f2c3b20bb769339,196
23075,silver/yen2_page_0272_c06_103.png,yen2,page_0272,6,樞,giu,樞,U+6A1E,char,SILVER,s1_inter_s3_out_of_dict,0.833,0.229,137.0,153.0,b27b72647df7,ok,train,yen2|page_0272|c6,"[694, 668, 813, 801]",s1_inter_s3_out_of_dict,4.7,8861f632b5d7ea55,197
79614,silver/yen11_page_0270_c08_155.png,yen11,page_0270,8,沼,trị,治,U+6CBB,char,SILVER,s2_inter_s3_corrected,0.671,0.193,71.0,105.0,e5c1d39e2119,ok,train,yen11|page_0270|c8,"[387, 606, 486, 711]",s2_inter_s3_corrected,15.11900826446281,47f0b96d5d47692f,198
7066,silver/yen2_page_0086_c07_141.png,yen2,page_0086,7,街,về,𧗱,U+275F1,char,SILVER,s2_inter_s3_corrected,0.725,0.247,100.0,132.0,c77fa547f817,ok,val,yen2|page_0086|c7,"[547, 844, 646, 952]",s2_inter_s3_corrected,15.11900826446281,15dad2a56652cf3e,199
21319,silver/yen2_page_0252_c03_050.png,yen2,page_0252,3,寿,thì,寺,U+5BFA,char,SILVER,s2_inter_s3_corrected,0.961,0.256,92.0,163.0,c0fb17f6ce14,ok,train,yen2|page_0252|c3,"[1155, 1877, 1262, 2010]",s2_inter_s3_corrected,15.11900826446281,158d3907c08daa27,200
72748,silver/yen11_page_0198_c03_044.png,yen11,page_0198,3,洋,còn,群,U+7FA4,char,SILVER,s2_inter_s3_corrected,0.953,0.152,116.0,138.0,95a6acca8268,ok,train,yen11|page_0198|c3,"[1674, 596, 1782, 708]",s2_inter_s3_corrected,15.11900826446281,2929d83d0c7acec2,201
79697,silver/yen11_page_0272_c03_042.png,yen11,page_0272,3,杖,su,秋,U+79CB,char,SILVER,s2_inter_s3_corrected,0.97,0.2,116.0,131.0,9ad942c734e5,ok,test,yen11|page_0272|c3,"[1220, 811, 1329, 923]",s2_inter_s3_corrected,15.11900826446281,18a994ab5101713c,202
19203,silver/yen2_page_0226_c09_175.png,yen2,page_0226,9,孝,đàng,堂,U+5802,char,SILVER,s2_inter_s3_corrected,0.573,0.218,98.0,138.0,c64f3610b3c1,ok,train,yen2|page_0226|c9,"[263, 1927, 365, 2039]",s2_inter_s3_corrected,15.11900826446281,f863341d5e404233,203
48363,silver/yen4_page_0230_c08_147.png,yen4,page_0230,8,冢,tội,罪,U+7F6A,char,SILVER,s2_inter_s3_corrected,0.881,0.155,83.0,101.0,6f6247da7631,ok,val,yen4|page_0230|c8,"[288, 368, 356, 451]",s2_inter_s3_corrected,15.11900826446281,12d6df18dfd1c5bc,204
70544,silver/yen11_page_0174_c07_140.png,yen11,page_0174,7,爭,cả,竒,U+7AD2,char,SILVER,s2_inter_s3_corrected,0.675,0.135,106.0,145.0,6aeecf4ecda8,ok,train,yen11|page_0174|c7,"[555, 1182, 659, 1299]",s2_inter_s3_corrected,15.11900826446281,40de3bcded12c03e,205
67069,silver/yen11_page_0138_c04_073.png,yen11,page_0138,4,烙,cách,恪,U+606A,char,SILVER,s3_head_bank_consensus,0.203,0.216,110.0,128.0,2fb455b1d8d3,ok,train,yen11|page_0138|c4,"[1025, 1133, 1131, 1237]",s3_head_bank_consensus,14.485714285714286,aea142ff7f760ad1,206
60514,silver/yen11_page_0064_c06_123.png,yen11,page_0064,6,榮,thầy,柴,U+67F4,char,SILVER,s2_inter_s3_corrected,0.941,0.179,132.0,140.0,e7d064a016ba,ok,train,yen11|page_0064|c6,"[795, 2288, 903, 2402]",s2_inter_s3_corrected,15.11900826446281,e5c311d399686922,207
30588,silver/yen4_page_0038_c02_032.png,yen4,page_0038,2,未,mất,末,U+672B,char,SILVER,s2_inter_s3_corrected,0.779,0.133,82.0,85.0,750443291416,ok,train,yen4|page_0038|c2,"[852, 945, 925, 1014]",s2_inter_s3_corrected,15.11900826446281,4e985087725b4312,208
50231,silver/yen4_page_0250_c07_128.png,yen4,page_0250,7,身,người,𠊚,U+2029A,char,SILVER,s2_inter_s3_corrected,0.675,0.206,71.0,94.0,611fd4b68c97,ok,train,yen4|page_0250|c7,"[368, 649, 437, 725]",s2_inter_s3_corrected,15.11900826446281,777e9a4bb1c706c2,209
16553,silver/yen2_page_0196_c01_005.png,yen2,page_0196,1,要,ăn,安,U+5B89,char,SILVER,s2_inter_s3_corrected,0.712,0.199,136.0,172.0,cd3e0ba5c763,ok,train,yen2|page_0196|c1,"[1420, 1077, 1530, 1217]",s2_inter_s3_corrected,15.11900826446281,127451d491db7995,210
7350,silver/yen2_page_0090_c03_046.png,yen2,page_0090,3,撰,cũng,拱,U+62F1,char,SILVER,s2_inter_s3_corrected,0.671,0.241,108.0,128.0,f35e5b22e474,ok,train,yen2|page_0090|c3,"[1123, 1764, 1228, 1868]",s2_inter_s3_corrected,15.11900826446281,2eaaafc10f343081,211
25083,silver/yen2_page_0296_c01_002.png,yen2,page_0296,1,磁,đứa,𥒥,U+254A5,char,SILVER,s2_inter_s3_corrected,0.728,0.163,131.0,152.0,8903d5d9eb89,ok,train,yen2|page_0296|c1,"[1438, 690, 1549, 814]",s2_inter_s3_corrected,15.11900826446281,3a9a26b2b0081565,212
24585,silver/yen2_page_0290_c02_019.png,yen2,page_0290,2,常,và,喡,U+55A1,char,SILVER,s2_inter_s3_corrected,0.522,0.161,123.0,124.0,74c5defe1135,ok,train,yen2|page_0290|c2,"[1264, 464, 1375, 584]",s2_inter_s3_corrected,15.11900826446281,4fbac61ec0b4fe70,213
1220,silver/yen2_page_0024_c05_099.png,yen2,page_0024,5,詩,thì,寺,U+5BFA,char,SILVER,s3_head_bank_consensus,0.468,0.224,108.0,130.0,c6d2f35e9c93,ok,train,yen2|page_0024|c5,"[800, 1646, 904, 1752]",s3_head_bank_consensus,14.485714285714286,c68cf91a7926de90,214
73575,silver/yen11_page_0206_c05_101.png,yen11,page_0206,5,垂,thánh,垩,U+57A9,char,SILVER,s2_inter_s3_corrected,0.907,0.239,96.0,155.0,30f56dfb7e46,ok,val,yen11|page_0206|c5,"[861, 1987, 971, 2112]",s2_inter_s3_corrected,15.11900826446281,eed7b0e8151f4c69,215
37475,silver/yen4_page_0112_c07_118.png,yen4,page_0112,7,樞,giu,樞,U+6A1E,char,SILVER,s1_inter_s3_out_of_dict,0.716,0.153,83.0,110.0,b4fa92d04d68,ok,train,yen4|page_0112|c7,"[386, 554, 453, 650]",s1_inter_s3_out_of_dict,4.7,1c6b83abfc563f34,216
52341,silver/yen4_page_0272_c09_183.png,yen4,page_0272,9,𢙢,khỏi,塊,U+584A,char,SILVER,s2_inter_s3_corrected,0.844,0.124,84.0,95.0,fd628d78cca5,ok,train,yen4|page_0272|c9,"[193, 805, 262, 882]",s2_inter_s3_corrected,15.11900826446281,0beb21d967fc4fa1,217
13811,silver/yen2_page_0162_c04_072.png,yen2,page_0162,4,右,nơi,尼,U+5C3C,char,SILVER,s2_inter_s3_corrected,0.615,0.217,139.0,178.0,185ca413b766,ok,train,yen2|page_0162|c4,"[980, 1932, 1093, 2076]",s2_inter_s3_corrected,15.11900826446281,1324b77419bee4e1,218
79899,silver/yen11_page_0274_c03_061.png,yen11,page_0274,3,唼,ăn,安,U+5B89,char,SILVER,s2_inter_s3_corrected,0.82,0.159,89.0,147.0,3a2a9f01d0e0,ok,val,yen11|page_0274|c3,"[1171, 1989, 1274, 2108]",s2_inter_s3_corrected,15.11900826446281,432e4f3586882feb,219
9477,silver/yen2_page_0112_c07_125.png,yen2,page_0112,7,靣,thẳng,倘,U+5018,char,SILVER,s3_head_bank_consensus,0.078,0.161,125.0,116.0,de45b5e5ab82,ok,val,yen2|page_0112|c7,"[532, 487, 634, 588]",s3_head_bank_consensus,14.485714285714286,097665986ab1936c,220
59886,silver/yen11_page_0058_c03_058.png,yen11,page_0058,3,色,đã,㐌,U+340C,char,SILVER,s2_inter_s3_corrected,0.793,0.18,102.0,140.0,52f165775d0f,ok,train,yen11|page_0058|c3,"[1188, 1879, 1287, 1993]",s2_inter_s3_corrected,15.11900826446281,fa0ef1ecdacea4e7,221
76816,silver/yen11_page_0242_c05_072.png,yen11,page_0242,5,杖,su,秋,U+79CB,char,SILVER,s2_inter_s3_corrected,0.559,0.278,106.0,137.0,6faf021cce7e,ok,train,yen11|page_0242|c5,"[874, 1276, 980, 1387]",s2_inter_s3_corrected,15.11900826446281,5c9d149dcde93831,222
3044,silver/yen2_page_0044_c02_028.png,yen2,page_0044,2,詩,thì,寺,U+5BFA,char,SILVER,s2_inter_s3_corrected,0.941,0.167,111.0,135.0,b22922f73ecd,ok,train,yen2|page_0044|c2,"[1260, 1284, 1359, 1393]",s2_inter_s3_corrected,15.11900826446281,7549962971414c2a,223
32630,silver/yen4_page_0060_c01_001.png,yen4,page_0060,1,物,hay,咍,U+548D,char,SILVER,s2_inter_s3_corrected,0.55,0.129,74.0,99.0,a4a5561c69a1,ok,train,yen4|page_0060|c1,"[950, 302, 1021, 385]",s2_inter_s3_corrected,15.11900826446281,4219223592d2d1a7,224
70915,silver/yen11_page_0178_c06_117.png,yen11,page_0178,6,慎,xin,真,U+771F,char,SILVER,s2_inter_s3_corrected,0.805,0.188,117.0,153.0,de95a637bb28,ok,train,yen11|page_0178|c6,"[700, 1347, 811, 1474]",s2_inter_s3_corrected,15.11900826446281,4d24c6deef6a9daa,225
43838,silver/yen4_page_0182_c04_081.png,yen4,page_0182,4,匆,ao,㓜,U+34DC,char,SILVER,s2_inter_s3_corrected,0.609,0.169,68.0,89.0,72530ffba41d,ok,train,yen4|page_0182|c4,"[697, 587, 768, 660]",s2_inter_s3_corrected,15.11900826446281,14af56c8b4bde523,226
72482,silver/yen11_page_0194_c08_151.png,yen11,page_0194,8,燒,nhiêu,嬈,U+5B08,char,SILVER,s2_inter_s3_corrected,0.816,0.145,90.0,155.0,ada10c542f1e,ok,train,yen11|page_0194|c8,"[388, 1478, 491, 1603]",s2_inter_s3_corrected,15.11900826446281,8b3069d5a8b266d5,227
10260,silver/yen2_page_0120_c08_164.png,yen2,page_0120,8,𭔿,ông,翁,U+7FC1,char,SILVER,s2_inter_s3_corrected,0.723,0.145,137.0,145.0,d7165965f0c7,ok,train,yen2|page_0120|c8,"[344, 1850, 455, 1967]",s2_inter_s3_corrected,15.11900826446281,344eb801911fc1e7,228
82080,silver/yen11_page_0296_c09_179.png,yen11,page_0296,9,斥,trời,𡗶,U+215F6,char,SILVER,s2_inter_s3_corrected,0.589,0.11,88.0,138.0,317e49069da1,ok,test,yen11|page_0296|c9,"[278, 2001, 371, 2113]",s2_inter_s3_corrected,15.11900826446281,d8d7122ed67274c8,229
9280,silver/yen2_page_0110_c06_111.png,yen2,page_0110,6,吞,trời,𡗶,U+215F6,char,SILVER,s2_inter_s3_corrected,0.958,0.211,130.0,148.0,6685749dd448,ok,train,yen2|page_0110|c6,"[679, 1558, 786, 1678]",s2_inter_s3_corrected,15.11900826446281,4e863e4adf340346,230
34111,silver/yen4_page_0074_c09_159.png,yen4,page_0074,9,丑,song,双,U+53CC,char,SILVER,s2_inter_s3_corrected,0.828,0.181,71.0,100.0,e45e28ce0e09,ok,train,yen4|page_0074|c9,"[169, 368, 237, 450]",s2_inter_s3_corrected,15.11900826446281,77e26ac20a879dcd,231
23746,silver/yen2_page_0280_c04_067.png,yen2,page_0280,4,益,nhà,如,U+5982,char,SILVER,s2_inter_s3_corrected,0.514,0.151,116.0,133.0,e9a81e48f8ee,ok,train,yen2|page_0280|c4,"[995, 483, 1108, 594]",s2_inter_s3_corrected,15.11900826446281,84a8fa514453feeb,232
19898,silver/yen2_page_0234_c09_159.png,yen2,page_0234,9,脊,thì,寺,U+5BFA,char,SILVER,s2_inter_s3_corrected,0.938,0.22,125.0,186.0,004418087365,ok,train,yen2|page_0234|c9,"[219, 896, 340, 1046]",s2_inter_s3_corrected,15.11900826446281,a1e3dae24ba28a8d,233
19963,silver/yen2_page_0236_c03_051.png,yen2,page_0236,3,府,nghe,宜,U+5B9C,char,SILVER,s2_inter_s3_corrected,0.567,0.293,104.0,170.0,99128a9a8f5a,ok,train,yen2|page_0236|c3,"[1127, 2148, 1235, 2286]",s2_inter_s3_corrected,15.11900826446281,3883eb5fa9b6a386,234
71448,silver/yen11_page_0184_c04_073.png,yen11,page_0184,4,要,là,罗,U+7F57,char,SILVER,s2_inter_s3_corrected,0.659,0.18,111.0,147.0,dc5ef40b4b57,ok,train,yen11|page_0184|c4,"[1045, 1489, 1154, 1608]",s2_inter_s3_corrected,15.11900826446281,c021efa1a0f68b81,235
3878,silver/yen2_page_0052_c06_102.png,yen2,page_0052,6,吰,hay,咍,U+548D,char,SILVER,s2_inter_s3_corrected,0.552,0.18,113.0,145.0,f3e4e84a1cdb,ok,train,yen2|page_0052|c6,"[676, 570, 777, 687]",s2_inter_s3_corrected,15.11900826446281,08ee3dec96db3f0b,236
15807,silver/yen2_page_0186_c05_085.png,yen2,page_0186,5,𥓓,tôi,碎,U+788E,char,SILVER,s2_inter_s3_corrected,0.915,0.215,125.0,158.0,1b2a36d31a9a,ok,train,yen2|page_0186|c5,"[789, 1481, 900, 1609]",s2_inter_s3_corrected,15.11900826446281,3bed0b1e1b1f79a0,237
4696,silver/yen2_page_0060_c08_155.png,yen2,page_0060,8,妃,bà,妑,U+5991,char,SILVER,s3_head_bank_consensus,0.479,0.247,92.0,128.0,247aec148961,ok,val,yen2|page_0060|c8,"[375, 842, 474, 946]",s3_head_bank_consensus,14.485714285714286,98be4255138399b1,238
28765,silver/yen4_page_0018_c03_038.png,yen4,page_0018,3,啾,su,秋,U+79CB,char,SILVER,s2_inter_s3_corrected,0.911,0.161,80.0,90.0,40d28b13ea47,ok,train,yen4|page_0018|c3,"[726, 503, 799, 577]",s2_inter_s3_corrected,15.11900826446281,055bde58ed93b936,239
52511,silver/yen4_page_0274_c08_156.png,yen4,page_0274,8,降,thờ,除,U+9664,char,SILVER,s2_inter_s3_corrected,0.505,0.206,69.0,94.0,4566de15de64,ok,val,yen4|page_0274|c8,"[287, 299, 356, 375]",s2_inter_s3_corrected,15.11900826446281,ade24f5e9d9f4d04,240
33725,silver/yen4_page_0070_c06_127.png,yen4,page_0070,6,乕,phải,伂,U+4F02,char,SILVER,s3_head_bank_consensus,0.49,0.211,77.0,90.0,3b9ebb46be37,ok,train,yen4|page_0070|c6,"[485, 1453, 555, 1527]",s3_head_bank_consensus,14.485714285714286,8fb04268957de5d2,241
23653,silver/yen2_page_0278_c08_154.png,yen2,page_0278,8,王,vậy,丕,U+4E15,char,SILVER,s2_inter_s3_corrected,0.916,0.149,100.0,136.0,890255a78349,ok,train,yen2|page_0278|c8,"[376, 2033, 489, 2143]",s2_inter_s3_corrected,15.11900826446281,4ea3aff386c7fb44,242
30291,silver/yen4_page_0034_c06_121.png,yen4,page_0034,6,绝,quì,跪,U+8DEA,char,SILVER,s3_head_bank_consensus,0.027,0.154,65.0,88.0,ce1488e1d75e,ok,train,yen4|page_0034|c6,"[449, 984, 520, 1056]",s3_head_bank_consensus,14.485714285714286,712bf90c0f84aa5a,243
78238,silver/yen11_page_0256_c06_113.png,yen11,page_0256,6,尽,trời,𡗶,U+215F6,char,SILVER,s3_head_bank_consensus,0.484,0.137,99.0,129.0,023db5e9a7e9,ok,val,yen11|page_0256|c6,"[747, 614, 846, 719]",s3_head_bank_consensus,14.485714285714286,f4d70fc8c7b303e4,244
63981,silver/yen11_page_0106_c02_039.png,yen11,page_0106,2,师,phải,沛,U+6C9B,char,SILVER,s2_inter_s3_corrected,0.622,0.145,109.0,137.0,5b46544aec1b,ok,test,yen11|page_0106|c2,"[1328, 1999, 1434, 2110]",s2_inter_s3_corrected,15.11900826446281,9af8c23c87e94ae4,245
5106,silver/yen2_page_0066_c01_003.png,yen2,page_0066,1,余,chăng,庄,U+5E84,char,SILVER,s3_head_bank_consensus,0.492,0.166,106.0,145.0,8fd7ab66be05,ok,train,yen2|page_0066|c1,"[1453, 783, 1558, 900]",s3_head_bank_consensus,14.485714285714286,0cff3bc01533ac56,246
4821,silver/yen2_page_0062_c05_086.png,yen2,page_0062,5,𭔿,ông,東,U+6771,char,SILVER,s2_inter_s3_corrected,0.583,0.191,135.0,131.0,16ee018ec5c5,ok,train,yen2|page_0062|c5,"[826, 491, 935, 603]",s2_inter_s3_corrected,15.11900826446281,5aa1b8085669ad2f,247
68888,silver/yen11_page_0156_c06_135.png,yen11,page_0156,6,役,viecay,役,U+5F79,char,SILVER,s1_inter_s3_out_of_dict,0.654,0.166,134.0,108.0,9341515c48ef,ok,train,yen11|page_0156|c6,"[734, 2360, 846, 2459]",s1_inter_s3_out_of_dict,4.7,9b47061cd574fdd2,248
39917,silver/yen4_page_0138_c09_182.png,yen4,page_0138,9,領,nguyện,願,U+9858,char,SILVER,s2_inter_s3_corrected,0.912,0.182,83.0,99.0,ac0cc80b4ea6,ok,val,yen4|page_0138|c9,"[169, 420, 238, 501]",s2_inter_s3_corrected,15.11900826446281,697e3fd60b062fc2,249
42685,silver/yen4_page_0168_c06_106.png,yen4,page_0168,6,練,thưa,踈,U+8E08,char,SILVER,s2_inter_s3_corrected,0.799,0.174,77.0,67.0,05af577715db,ok,train,yen4|page_0168|c6,"[497, 254, 567, 327]",s2_inter_s3_corrected,15.11900826446281,416b58771fe8ab4e,250
37468,silver/yen4_page_0112_c06_111.png,yen4,page_0112,6,𢙢,hồn,魂,U+9B42,char,SILVER,s2_inter_s3_corrected,0.74,0.164,79.0,108.0,ca0a071b4c6d,ok,test,yen4|page_0112|c6,"[461, 330, 540, 418]",s2_inter_s3_corrected,15.11900826446281,37d6ca8cec300359,251
53394,silver/yen4_page_0284_c03_060.png,yen4,page_0284,3,在,chăng,庄,U+5E84,char,SILVER,s2_inter_s3_corrected,0.951,0.173,79.0,93.0,f15e25f050d0,ok,val,yen4|page_0284|c3,"[752, 1162, 821, 1237]",s2_inter_s3_corrected,15.11900826446281,506c4be2187f1c93,252
42104,silver/yen4_page_0162_c06_136.png,yen4,page_0162,6,啾,su,秋,U+79CB,char,SILVER,s3_head_bank_consensus,0.481,0.136,87.0,88.0,4f6ab8d1119a,ok,train,yen4|page_0162|c6,"[498, 1178, 569, 1250]",s3_head_bank_consensus,14.485714285714286,e36bd5966c4bea16,253
7913,silver/yen2_page_0096_c01_003.png,yen2,page_0096,1,谷,các,各,U+5404,char,SILVER,s2_inter_s3_corrected,0.557,0.163,125.0,135.0,fd0fba64bca0,ok,train,yen2|page_0096|c1,"[1430, 750, 1533, 859]",s2_inter_s3_corrected,15.11900826446281,67051da6b1efc3a0,254
8550,silver/yen2_page_0102_c05_101.png,yen2,page_0102,5,髙,vì,為,U+70BA,char,SILVER,s2_inter_s3_corrected,0.757,0.231,88.0,138.0,9debd8450dea,ok,train,yen2|page_0102|c5,"[818, 2046, 917, 2159]",s2_inter_s3_corrected,15.11900826446281,92e48a54df4dc159,255
52533,silver/yen4_page_0274_c09_178.png,yen4,page_0274,9,内,no,奴,U+5974,char,SILVER,s2_inter_s3_corrected,0.712,0.149,86.0,94.0,316866481357,ok,val,yen4|page_0274|c9,"[188, 287, 259, 363]",s2_inter_s3_corrected,15.11900826446281,2f77779dc93f131f,256
75811,silver/yen11_page_0232_c02_035.png,yen11,page_0232,2,抑,chết,折,U+6298,char,SILVER,s2_inter_s3_corrected,0.784,0.17,98.0,151.0,7c5d1efb3f91,ok,val,yen11|page_0232|c2,"[1353, 1695, 1454, 1818]",s2_inter_s3_corrected,15.11900826446281,24c1fec82d112faa,257
8273,silver/yen2_page_0098_c09_167.png,yen2,page_0098,9,依,ấy,衣,U+8863,char,SILVER,s2_inter_s3_corrected,0.976,0.179,109.0,146.0,f2c9bbff7efa,ok,train,yen2|page_0098|c9,"[199, 1942, 304, 2060]",s2_inter_s3_corrected,15.11900826446281,e42fc9f509b91869,258
81909,silver/yen11_page_0296_c01_008.png,yen11,page_0296,1,遇,lạ,邏,U+908F,char,SILVER,s2_inter_s3_corrected,0.916,0.172,100.0,133.0,ec8f16d7f20c,ok,train,yen11|page_0296|c1,"[1483, 1169, 1585, 1283]",s2_inter_s3_corrected,15.11900826446281,46b80a0832ffe0c8,259
48748,silver/yen4_page_0234_c08_154.png,yen4,page_0234,8,眞,kia,其,U+5176,char,SILVER,s2_inter_s3_corrected,0.597,0.121,85.0,99.0,b39f86a3912f,ok,train,yen4|page_0234|c8,"[280, 1532, 353, 1613]",s2_inter_s3_corrected,15.11900826446281,9da5cf4e4a5621f5,260
26789,silver/yen2_page_0316_c01_004.png,yen2,page_0316,1,萁,kia,其,U+5176,char,SILVER,s2_inter_s3_corrected,0.93,0.148,138.0,148.0,eaae39e52352,ok,train,yen2|page_0316|c1,"[1444, 869, 1559, 997]",s2_inter_s3_corrected,15.11900826446281,5714aeb455c644ae,261
82207,silver/yen11_page_0298_c06_122.png,yen11,page_0298,6,尚,thẳng,倘,U+5018,char,SILVER,s3_head_bank_consensus,0.04,0.17,80.0,140.0,a111df30017c,ok,train,yen11|page_0298|c6,"[695, 2082, 793, 2196]",s3_head_bank_consensus,14.485714285714286,9a38640f3e5a6aff,262
44782,silver/yen4_page_0192_c03_040.png,yen4,page_0192,3,沽,sa,抄,U+6284,char,SILVER,s2_inter_s3_corrected,0.53,0.158,81.0,76.0,22ff7f189f8b,ok,train,yen4|page_0192|c3,"[764, 250, 837, 325]",s2_inter_s3_corrected,15.11900826446281,c745d14c523624f1,263
77941,silver/yen11_page_0254_c01_017.png,yen11,page_0254,1,陣,giân,陣,U+9663,char,SILVER,s1_inter_s3_out_of_dict,0.767,0.213,89.0,149.0,3ee3ef93d575,ok,train,yen11|page_0254|c1,"[1475, 2089, 1576, 2210]",s1_inter_s3_out_of_dict,4.7,328e16a249634afb,264
15675,silver/yen2_page_0184_c07_115.png,yen2,page_0184,7,膏,li,离,U+79BB,char,SILVER,s2_inter_s3_corrected,0.959,0.195,125.0,178.0,aae42faa4a67,ok,test,yen2|page_0184|c7,"[565, 1156, 675, 1300]",s2_inter_s3_corrected,15.11900826446281,47cc96984c2e132c,265
65042,silver/yen11_page_0116_c07_141.png,yen11,page_0116,7,𭣵,nhà,茹,U+8339,char,SILVER,s2_inter_s3_corrected,0.894,0.196,84.0,149.0,c7274e2563da,ok,train,yen11|page_0116|c7,"[606, 1645, 708, 1766]",s2_inter_s3_corrected,15.11900826446281,7b2cfd8aa35cb0d3,266
50959,silver/yen4_page_0258_c06_117.png,yen4,page_0258,6,庫,sợ,𢜝,U+2271D,char,SILVER,s2_inter_s3_corrected,0.566,0.253,67.0,98.0,24240a627a56,ok,train,yen4|page_0258|c6,"[475, 825, 543, 905]",s2_inter_s3_corrected,15.11900826446281,8efa8e8263e52805,267
34491,silver/yen4_page_0078_c07_158.png,yen4,page_0078,7,族,ai,埃,U+57C3,char,SILVER,s2_inter_s3_corrected,0.659,0.19,77.0,98.0,a4bc947d68d1,ok,train,yen4|page_0078|c7,"[397, 1521, 470, 1601]",s2_inter_s3_corrected,15.11900826446281,23b79b573bf73cd1,268
74782,silver/yen11_page_0218_c09_171.png,yen11,page_0218,9,陣,thưa,踈,U+8E08,char,SILVER,s2_inter_s3_corrected,0.512,0.199,89.0,115.0,fddb756c5956,ok,train,yen11|page_0218|c9,"[238, 422, 343, 522]",s2_inter_s3_corrected,15.11900826446281,7e036b52fb4e4877,269
46603,silver/yen4_page_0212_c03_056.png,yen4,page_0212,3,在,mà,麻,U+9EBB,char,SILVER,s2_inter_s3_corrected,0.98,0.179,72.0,90.0,c2f26e906550,ok,train,yen4|page_0212|c3,"[767, 742, 837, 819]",s2_inter_s3_corrected,15.11900826446281,906eae0f22a59fc2,270
72628,silver/yen11_page_0196_c06_113.png,yen11,page_0196,6,𭴾,vô,無,U+7121,char,SILVER,s2_inter_s3_corrected,0.656,0.16,115.0,142.0,9d3e24bc73aa,ok,test,yen11|page_0196|c6,"[731, 1365, 835, 1481]",s2_inter_s3_corrected,15.11900826446281,f9c29f5679ba304b,271
27641,silver/yen2_page_0326_c01_014.png,yen2,page_0326,1,直,nghe,宜,U+5B9C,char,SILVER,s2_inter_s3_corrected,0.574,0.242,93.0,151.0,ea5e1e461cb4,ok,train,yen2|page_0326|c1,"[1439, 1922, 1550, 2045]",s2_inter_s3_corrected,15.11900826446281,e39482db36a8fb5d,272
47406,silver/yen4_page_0220_c07_127.png,yen4,page_0220,7,悮,ra,囉,U+56C9,char,SILVER,s2_inter_s3_corrected,0.527,0.169,71.0,106.0,ddc6b404e073,ok,train,yen4|page_0220|c7,"[385, 514, 457, 600]",s2_inter_s3_corrected,15.11900826446281,e9aebd97d9c28ef5,273
8221,silver/yen2_page_0098_c07_115.png,yen2,page_0098,7,芽,thầy,柴,U+67F4,char,SILVER,s2_inter_s3_corrected,0.921,0.237,111.0,134.0,ad4ac564f8c1,ok,train,yen2|page_0098|c7,"[495, 1166, 603, 1279]",s2_inter_s3_corrected,15.11900826446281,27ed98286b8ac143,274
46738,silver/yen4_page_0214_c01_014.png,yen4,page_0214,1,𰂸,tượng,像,U+50CF,char,SILVER,s2_inter_s3_corrected,0.688,0.115,63.0,96.0,c45484fbf9b8,ok,train,yen4|page_0214|c1,"[966, 1133, 1036, 1211]",s2_inter_s3_corrected,15.11900826446281,c17e83d1d755b345,275
28817,silver/yen4_page_0018_c06_090.png,yen4,page_0018,6,丑,cùng,共,U+5171,char,SILVER,s2_inter_s3_corrected,0.921,0.2,70.0,108.0,e47dd5ddfcac,ok,train,yen4|page_0018|c6,"[448, 477, 519, 565]",s2_inter_s3_corrected,15.11900826446281,aa7fc8b33917dadd,276
50813,silver/yen4_page_0256_c08_160.png,yen4,page_0256,8,床,mát,沫,U+6CAB,char,SILVER,s2_inter_s3_corrected,0.729,0.141,64.0,96.0,470a703a1e86,ok,train,yen4|page_0256|c8,"[269, 1269, 336, 1347]",s2_inter_s3_corrected,15.11900826446281,73351ab987109eac,277
15128,silver/yen2_page_0178_c04_073.png,yen2,page_0178,4,嗜,kẻ,几,U+51E0,char,SILVER,s2_inter_s3_corrected,0.647,0.2,135.0,147.0,8e868142bc3e,ok,train,yen2|page_0178|c4,"[987, 2404, 1096, 2523]",s2_inter_s3_corrected,15.11900826446281,4d2b62907c297326,278
23602,silver/yen2_page_0278_c06_103.png,yen2,page_0278,6,氏,ấy,衣,U+8863,char,SILVER,s2_inter_s3_corrected,0.948,0.148,116.0,147.0,e5ddc8d8dfe2,ok,train,yen2|page_0278|c6,"[673, 1242, 782, 1361]",s2_inter_s3_corrected,15.11900826446281,b31870e2c305c588,279
23452,silver/yen2_page_0276_c07_123.png,yen2,page_0276,7,石,vậy,丕,U+4E15,char,SILVER,s2_inter_s3_corrected,0.88,0.182,128.0,176.0,f3cec1f81f03,ok,test,yen2|page_0276|c7,"[1165, 1730, 1283, 1872]",s2_inter_s3_corrected,15.11900826446281,e1a185a37053ff2c,280
35870,silver/yen4_page_0092_c09_185.png,yen4,page_0092,9,許,tỏ,訴,U+8A34,char,SILVER,s3_head_bank_consensus,0.555,0.13,75.0,105.0,8cf619a164dc,ok,train,yen4|page_0092|c9,"[161, 1299, 234, 1384]",s3_head_bank_consensus,14.485714285714286,071bea9927fd0a64,281
43893,silver/yen4_page_0182_c06_136.png,yen4,page_0182,6,乇,đã,㐌,U+340C,char,SILVER,s2_inter_s3_corrected,0.506,0.185,68.0,97.0,2de8ebdfd4c7,ok,train,yen4|page_0182|c6,"[514, 1111, 589, 1190]",s2_inter_s3_corrected,15.11900826446281,235cafa197c3bdd5,282
61077,silver/yen11_page_0070_c05_105.png,yen11,page_0070,5,之,pha,葩,U+8469,char,SILVER,s2_inter_s3_corrected,0.701,0.19,113.0,146.0,4fd8626785a2,ok,train,yen11|page_0070|c5,"[880, 2193, 994, 2311]",s2_inter_s3_corrected,15.11900826446281,ef4d629c7699c9ec,283
57487,silver/yen11_page_0030_c03_043.png,yen11,page_0030,3,豦,xứ,𠁅,U+20045,char,SILVER,s2_inter_s3_corrected,0.683,0.2,96.0,108.0,da86c554dbeb,ok,train,yen11|page_0030|c3,"[1170, 426, 1270, 530]",s2_inter_s3_corrected,15.11900826446281,e1c372858fdc3bd5,284
73174,silver/yen11_page_0202_c05_084.png,yen11,page_0202,5,𣣱,hôm,歆,U+6B46,char,SILVER,s3_head_bank_consensus,0.373,0.253,94.0,145.0,5f55fd900c3b,ok,train,yen11|page_0202|c5,"[874, 899, 980, 1016]",s3_head_bank_consensus,14.485714285714286,b706fe6fc890ece0,285
50421,silver/yen4_page_0252_c06_125.png,yen4,page_0252,6,丘,vậy,丕,U+4E15,char,SILVER,s2_inter_s3_corrected,0.904,0.158,66.0,80.0,44829b548b60,ok,train,yen4|page_0252|c6,"[465, 883, 533, 954]",s2_inter_s3_corrected,15.11900826446281,6e783d918f3fb3a6,286
49343,silver/yen4_page_0242_c01_001.png,yen4,page_0242,1,僖,đức,德,U+5FB7,char,SILVER,s2_inter_s3_corrected,0.667,0.154,64.0,94.0,5dc8bc4c5bb3,ok,train,yen4|page_0242|c1,"[980, 287, 1052, 363]",s2_inter_s3_corrected,15.11900826446281,f1829ae8121b50ad,287
6589,silver/yen2_page_0082_c01_012.png,yen2,page_0082,1,端,chị,姊,U+59CA,char,SILVER,s2_inter_s3_corrected,0.923,0.178,126.0,139.0,f3fe29608752,ok,train,yen2|page_0082|c1,"[1422, 1580, 1532, 1693]",s2_inter_s3_corrected,15.11900826446281,c02f4c3998e540ec,288
37380,silver/yen4_page_0112_c02_023.png,yen4,page_0112,2,適,đạo,道,U+9053,char,SILVER,s2_inter_s3_corrected,0.649,0.16,90.0,87.0,c3952e90cff5,ok,train,yen4|page_0112|c2,"[852, 369, 926, 444]",s2_inter_s3_corrected,15.11900826446281,682d7797a3532315,289
11252,silver/yen2_page_0130_c09_193.png,yen2,page_0130,9,及,chịu,召,U+53EC,char,SILVER,s2_inter_s3_corrected,0.535,0.221,106.0,145.0,3062f4c2845c,ok,train,yen2|page_0130|c9,"[221, 2200, 320, 2317]",s2_inter_s3_corrected,15.11900826446281,63bb71ba9fc4d427,290
68777,silver/yen11_page_0156_c02_024.png,yen11,page_0156,2,尺,nơi,尼,U+5C3C,char,SILVER,s3_head_bank_consensus,0.402,0.21,89.0,135.0,a48ed2607a7d,ok,train,yen11|page_0156|c2,"[1353, 585, 1452, 694]",s3_head_bank_consensus,14.485714285714286,95facd49adf2634a,291
5824,silver/yen2_page_0072_c09_175.png,yen2,page_0072,9,歌,ka,歌,U+6B4C,char,SILVER,s1_inter_s3_out_of_dict,0.747,0.179,117.0,139.0,5327408f44eb,ok,train,yen2|page_0072|c9,"[199, 2129, 298, 2242]",s1_inter_s3_out_of_dict,4.7,cf71804865932825,292
1487,silver/yen2_page_0026_c09_164.png,yen2,page_0026,9,傳,truvện,傳,U+50B3,char,SILVER,s1_inter_s3_out_of_dict,0.981,0.217,109.0,135.0,ba2a861c88ff,ok,train,yen2|page_0026|c9,"[219, 691, 321, 814]",s1_inter_s3_out_of_dict,4.7,4667490a54348a1f,293
30281,silver/yen4_page_0034_c06_111.png,yen4,page_0034,6,危,quì,跪,U+8DEA,char,SILVER,s3_head_bank_consensus,0.042,0.221,65.0,88.0,ffd6ef85ba8f,ok,train,yen4|page_0034|c6,"[449, 382, 520, 454]",s3_head_bank_consensus,14.485714285714286,c77bc01e73db707e,294
9200,silver/yen2_page_0110_c02_031.png,yen2,page_0110,2,冥,xin,嗔,U+55D4,char,SILVER,s2_inter_s3_corrected,0.604,0.178,133.0,151.0,fb2480343524,ok,train,yen2|page_0110|c2,"[1285, 1620, 1394, 1743]",s2_inter_s3_corrected,15.11900826446281,16ca319ee32f1a32,295
9471,silver/yen2_page_0112_c06_119.png,yen2,page_0112,6,刈,vua,君,U+541B,char,SILVER,s2_inter_s3_corrected,0.77,0.186,111.0,145.0,28ecb78e0d0b,ok,train,yen2|page_0112|c6,"[677, 1928, 782, 2045]",s2_inter_s3_corrected,15.11900826446281,e084cb545335475d,296
68088,silver/yen11_page_0148_c06_123.png,yen11,page_0148,6,乔,trời,𡗶,U+215F6,char,SILVER,s2_inter_s3_corrected,0.515,0.128,120.0,146.0,a427ac2a552d,ok,train,yen11|page_0148|c6,"[727, 1920, 833, 2038]",s2_inter_s3_corrected,15.11900826446281,2cb7d2479d3f661d,297
3406,silver/yen2_page_0048_c01_014.png,yen2,page_0048,1,暮,trăm,林,U+6797,char,SILVER,s3_head_bank_consensus,0.076,0.229,132.0,155.0,43bd81ab350a,ok,train,yen2|page_0048|c1,"[1423, 1840, 1531, 1965]",s3_head_bank_consensus,14.485714285714286,72f2a2617acac1a7,298
12993,silver/yen2_page_0152_c07_124.png,yen2,page_0152,7,浅,dái,曳,U+66F3,char,SILVER,s2_inter_s3_corrected,0.979,0.303,104.0,149.0,676a143a7b47,ok,train,yen2|page_0152|c7,"[531, 577, 628, 698]",s2_inter_s3_corrected,15.11900826446281,04ec4b42c17bde60,299
46577,silver/yen4_page_0212_c02_030.png,yen4,page_0212,2,及,chịu,召,U+53EC,char,SILVER,s2_inter_s3_corrected,0.796,0.209,56.0,94.0,4a26a4dd8bfa,ok,train,yen4|page_0212|c2,"[862, 597, 930, 673]",s2_inter_s3_corrected,15.11900826446281,1d2b54faff8d48c3,300
23543,silver/yen2_page_0278_c03_044.png,yen2,page_0278,3,昼,trời,𡗶,U+215F6,char,SILVER,s3_head_bank_consensus,0.328,0.223,103.0,152.0,4cdc72b7c463,ok,train,yen2|page_0278|c3,"[1129, 1377, 1237, 1501]",s3_head_bank_consensus,14.485714285714286,a09ed1e4d991934f,301
8410,silver/yen2_page_0100_c08_131.png,yen2,page_0100,8,辰,rằng,浪,U+6D6A,char,SILVER,s2_inter_s3_corrected,0.803,0.252,90.0,140.0,ac840c41e58c,ok,train,yen2|page_0100|c8,"[357, 850, 462, 964]",s2_inter_s3_corrected,15.11900826446281,134789649642fe57,302
7413,silver/yen2_page_0090_c06_109.png,yen2,page_0090,6,恐,bấy,悲,U+60B2,char,SILVER,s2_inter_s3_corrected,0.593,0.23,119.0,129.0,eb7f5676edb4,ok,val,yen2|page_0090|c6,"[652, 1251, 764, 1356]",s2_inter_s3_corrected,15.11900826446281,30736087bcfc8b8a,303
12079,silver/yen2_page_0140_c06_088.png,yen2,page_0140,6,妻,lâu,娄,U+5A04,char,SILVER,s2_inter_s3_corrected,0.765,0.235,119.0,142.0,dddc77c8c8e0,ok,train,yen2|page_0140|c6,"[656, 838, 753, 954]",s2_inter_s3_corrected,15.11900826446281,e76954968361f3b5,304
53490,silver/yen4_page_0284_c08_156.png,yen4,page_0284,8,因,có,固,U+56FA,char,SILVER,s2_inter_s3_corrected,0.976,0.13,73.0,96.0,704cec00395c,ok,train,yen4|page_0284|c8,"[274, 293, 344, 371]",s2_inter_s3_corrected,15.11900826446281,c3b946d8c5175965,305
61988,silver/yen11_page_0080_c05_104.png,yen11,page_0080,5,弓,chịu,召,U+53EC,char,SILVER,s2_inter_s3_corrected,0.882,0.178,66.0,145.0,789e7cb2923b,tall,test,yen11|page_0080|c5,"[870, 2300, 972, 2417]",s2_inter_s3_corrected,15.11900826446281,cfd5609ba455e3c3,306
14448,silver/yen2_page_0170_c05_076.png,yen2,page_0170,5,而,làm,乄,U+4E44,char,SILVER,s2_inter_s3_corrected,0.657,0.212,136.0,158.0,5cbb8349a4cc,ok,train,yen2|page_0170|c5,"[830, 585, 944, 713]",s2_inter_s3_corrected,15.11900826446281,dd319ae156d7721b,307
50723,silver/yen4_page_0256_c04_070.png,yen4,page_0256,4,牡,dồ,𠱋,U+20C4B,char,SILVER,s3_head_bank_consensus,0.04,0.163,87.0,90.0,e681e9dbde7d,ok,train,yen4|page_0256|c4,"[659, 1343, 730, 1417]",s3_head_bank_consensus,14.485714285714286,c7a57dd00ce09ab1,308
53638,silver/yen4_page_0286_c05_104.png,yen4,page_0286,5,覆,mới,買,U+8CB7,char,SILVER,s3_head_bank_consensus,0.48,0.175,69.0,93.0,b42ce97531eb,ok,test,yen4|page_0286|c5,"[584, 864, 643, 939]",s3_head_bank_consensus,14.485714285714286,1ce0a49f447035cc,309
17879,silver/yen2_page_0212_c02_021.png,yen2,page_0212,2,𠇭,mình,命,U+547D,char,SILVER,s2_inter_s3_corrected,0.787,0.236,130.0,169.0,1a5ceaf1faf1,ok,train,yen2|page_0212|c2,"[1293, 687, 1407, 824]",s2_inter_s3_corrected,15.11900826446281,2f37663fb7ffdc0a,310
6948,silver/yen2_page_0086_c02_023.png,yen2,page_0086,2,河,a,阿,U+963F,char,SILVER,s2_inter_s3_corrected,0.8,0.19,131.0,130.0,d92c163d297b,ok,train,yen2|page_0086|c2,"[1316, 513, 1423, 620]",s2_inter_s3_corrected,15.11900826446281,43070d32b82852b6,311
69309,silver/yen11_page_0160_c08_154.png,yen11,page_0160,8,谷,các,各,U+5404,char,SILVER,s2_inter_s3_corrected,0.92,0.175,112.0,142.0,0949583dcd6e,ok,val,yen11|page_0160|c8,"[428, 2314, 532, 2430]",s2_inter_s3_corrected,15.11900826446281,fa15ce9a13d6db89,312
20979,silver/yen2_page_0248_c02_037.png,yen2,page_0248,2,洋,còn,群,U+7FA4,char,SILVER,s2_inter_s3_corrected,0.532,0.179,130.0,125.0,a93ec64e3cd3,ok,train,yen2|page_0248|c2,"[1287, 2390, 1393, 2500]",s2_inter_s3_corrected,15.11900826446281,5b7c4fbbd3ee67d4,313
67697,silver/yen11_page_0144_c06_120.png,yen11,page_0144,6,選,lên,連,U+9023,char,SILVER,s2_inter_s3_corrected,0.85,0.184,131.0,139.0,228a26c95e8a,ok,val,yen11|page_0144|c6,"[726, 1331, 838, 1444]",s2_inter_s3_corrected,15.11900826446281,a86f381898d2aa1b,314
81603,silver/yen11_page_0292_c04_081.png,yen11,page_0292,4,仰,mình,命,U+547D,char,SILVER,s2_inter_s3_corrected,0.926,0.149,108.0,137.0,24e29864c191,ok,train,yen11|page_0292|c4,"[1052, 2375, 1157, 2490]",s2_inter_s3_corrected,15.11900826446281,4e4733520dfb2b0b,315
16226,silver/yen2_page_0192_c01_006.png,yen2,page_0192,1,𭃡,nay,尼,U+5C3C,char,SILVER,s3_head_bank_consensus,0.061,0.187,130.0,166.0,2986ad5b92f7,ok,train,yen2|page_0192|c1,"[1406, 1138, 1512, 1272]",s3_head_bank_consensus,14.485714285714286,59cdbd5ae9e5bda6,316
52749,silver/yen4_page_0278_c02_032.png,yen4,page_0278,2,政,song,双,U+53CC,char,SILVER,s2_inter_s3_corrected,0.504,0.2,96.0,130.0,daeb6ccc08aa,ok,val,yen4|page_0278|c2,"[1285, 910, 1387, 1016]",s2_inter_s3_corrected,15.11900826446281,3fc3fee1c310f168,317
12860,silver/yen2_page_0150_c09_177.png,yen2,page_0150,9,集,thầy,柴,U+67F4,char,SILVER,s2_inter_s3_corrected,0.981,0.22,126.0,151.0,d1fd727eb9c1,ok,train,yen2|page_0150|c9,"[229, 1643, 334, 1766]",s2_inter_s3_corrected,15.11900826446281,74209f9b108e6686,318
53983,silver/yen4_page_0290_c03_045.png,yen4,page_0290,3,耳,kia,其,U+5176,char,SILVER,s2_inter_s3_corrected,0.804,0.129,79.0,97.0,2be063f5670f,ok,test,yen4|page_0290|c3,"[740, 435, 809, 514]",s2_inter_s3_corrected,15.11900826446281,9de88e85cde63fdc,319
58680,silver/yen11_page_0044_c09_156.png,yen11,page_0044,9,更,a,亜,U+4E9C,char,SILVER,s2_inter_s3_corrected,0.816,0.212,104.0,127.0,619aa966c87c,ok,train,yen11|page_0044|c9,"[316, 819, 411, 922]",s2_inter_s3_corrected,15.11900826446281,43d6fd02227bdf01,320
38389,silver/yen4_page_0122_c08_082.png,yen4,page_0122,8,率,xa,車,U+8ECA,char,SILVER,s2_inter_s3_corrected,0.89,0.15,89.0,94.0,b52d46dcb53b,ok,test,yen4|page_0122|c8,"[275, 348, 348, 424]",s2_inter_s3_corrected,15.11900826446281,869a07c08c3fee41,321
24415,silver/yen2_page_0288_c02_027.png,yen2,page_0288,2,冊,là,罗,U+7F57,char,SILVER,s2_inter_s3_corrected,0.701,0.21,121.0,142.0,3cccc80459a2,ok,train,yen2|page_0288|c2,"[1298, 1127, 1411, 1243]",s2_inter_s3_corrected,15.11900826446281,97110d378f90f042,322
66712,silver/yen11_page_0134_c06_124.png,yen11,page_0134,6,偽,tháng,倘,U+5018,char,SILVER,s2_inter_s3_corrected,0.688,0.182,100.0,147.0,3d3b75b247ef,ok,train,yen11|page_0134|c6,"[711, 1294, 819, 1413]",s2_inter_s3_corrected,15.11900826446281,6ff0bb372c54997b,323
16560,silver/yen2_page_0196_c02_012.png,yen2,page_0196,2,咤,ra,囉,U+56C9,char,SILVER,s3_head_bank_consensus,0.65,0.236,143.0,160.0,33a994a40b4a,ok,train,yen2|page_0196|c2,"[1266, 1018, 1397, 1148]",s3_head_bank_consensus,14.485714285714286,bdba295dc32ffe8e,324
24935,silver/yen2_page_0294_c02_036.png,yen2,page_0294,2,事,âu,謳,U+8B33,char,SILVER,s2_inter_s3_corrected,0.757,0.175,129.0,148.0,74fe43bd9045,ok,train,yen2|page_0294|c2,"[1275, 2028, 1391, 2148]",s2_inter_s3_corrected,15.11900826446281,467aab19659e9974,325
28737,silver/yen4_page_0018_c01_010.png,yen4,page_0018,1,物,ao,㓜,U+34DC,char,SILVER,s2_inter_s3_corrected,0.797,0.169,68.0,85.0,3a60e3a1cf25,ok,train,yen4|page_0018|c1,"[940, 903, 1011, 972]",s2_inter_s3_corrected,15.11900826446281,5ceddaf84dab3508,326
75746,silver/yen11_page_0228_c08_163.png,yen11,page_0228,8,承,trời,𡗶,U+215F6,char,SILVER,s2_inter_s3_corrected,0.639,0.166,94.0,140.0,a5b074cd284c,ok,train,yen11|page_0228|c8,"[433, 1721, 529, 1835]",s2_inter_s3_corrected,15.11900826446281,ebbff4a78cff09e2,327
54841,silver/yen4_page_0298_c06_103.png,yen4,page_0298,6,得,ngày,𣈜,U+2321C,char,SILVER,s2_inter_s3_corrected,0.659,0.17,79.0,86.0,4ee0cc77e341,ok,train,yen4|page_0298|c6,"[473, 308, 543, 386]",s2_inter_s3_corrected,15.11900826446281,9177effd48e624b1,328
60896,silver/yen11_page_0068_c06_121.png,yen11,page_0068,6,師,mình,命,U+547D,char,SILVER,s2_inter_s3_corrected,0.58,0.17,106.0,147.0,b75b295bccf3,ok,train,yen11|page_0068|c6,"[691, 1540, 799, 1659]",s2_inter_s3_corrected,15.11900826446281,7fb2527a3fcefb4a,329
37748,silver/yen4_page_0116_c01_020.png,yen4,page_0116,1,壬,cùng,共,U+5171,char,SILVER,s2_inter_s3_corrected,0.782,0.138,81.0,98.0,390e5f402504,ok,train,yen4|page_0116|c1,"[952, 1445, 1028, 1525]",s2_inter_s3_corrected,15.11900826446281,c7d517c3c61602ad,330
66190,silver/yen11_page_0128_c08_163.png,yen11,page_0128,8,畀,là,罗,U+7F57,char,SILVER,s2_inter_s3_corrected,0.574,0.155,113.0,140.0,0f23630dab9d,ok,val,yen11|page_0128|c8,"[404, 1060, 504, 1174]",s2_inter_s3_corrected,15.11900826446281,691187802a90d545,331
73814,silver/yen11_page_0208_c07_146.png,yen11,page_0208,7,垩,cáchánh,垩,U+57A9,char,SILVER,s1_inter_s3_out_of_dict,0.981,0.176,121.0,137.0,b30d1ecb421e,ok,train,yen11|page_0208|c7,"[609, 1776, 722, 1891]",s1_inter_s3_out_of_dict,4.7,fc56ac3ee08cff53,332
53625,silver/yen4_page_0286_c04_091.png,yen4,page_0286,4,唱,ngày,㝵,U+3775,char,SILVER,s2_inter_s3_corrected,0.536,0.157,76.0,86.0,373a515de117,ok,train,yen4|page_0286|c4,"[677, 1462, 745, 1534]",s2_inter_s3_corrected,15.11900826446281,585273d46658c863,333
35892,silver/yen4_page_0094_c01_017.png,yen4,page_0094,1,俞,trời,𡗶,U+215F6,char,SILVER,s2_inter_s3_corrected,0.523,0.143,75.0,94.0,90b03454bb6a,ok,train,yen4|page_0094|c1,"[949, 1341, 1024, 1417]",s2_inter_s3_corrected,15.11900826446281,e2426c897063bfa4,334
77512,silver/yen11_page_0248_c09_197.png,yen11,page_0248,9,甲,trong,中,U+4E2D,char,SILVER,s2_inter_s3_corrected,0.981,0.21,74.0,128.0,6f1c0213a770,ok,test,yen11|page_0248|c9,"[268, 2306, 359, 2410]",s2_inter_s3_corrected,15.11900826446281,4acc8e6482e1933b,335
18621,silver/yen2_page_0220_c06_104.png,yen2,page_0220,6,便,gánh,梗,U+6897,char,SILVER,s2_inter_s3_corrected,0.617,0.211,117.0,157.0,41d36317831f,ok,val,yen2|page_0220|c6,"[664, 1190, 767, 1317]",s2_inter_s3_corrected,15.11900826446281,ad00e55e31efea40,336
4770,silver/yen2_page_0062_c02_035.png,yen2,page_0062,2,辰,răng,浪,U+6D6A,char,SILVER,s2_inter_s3_corrected,0.511,0.169,116.0,136.0,15760d79b0a0,ok,train,yen2|page_0062|c2,"[1279, 1869, 1396, 1979]",s2_inter_s3_corrected,15.11900826446281,4d2420379153db5d,337
74941,silver/yen11_page_0220_c07_136.png,yen11,page_0220,7,逼,vui,盃,U+76C3,char,SILVER,s2_inter_s3_corrected,0.917,0.165,100.0,120.0,3b65a1ca5e08,ok,train,yen11|page_0220|c7,"[582, 864, 681, 973]",s2_inter_s3_corrected,15.11900826446281,17aea0f4984118b6,338
50742,silver/yen4_page_0256_c05_089.png,yen4,page_0256,5,陬,đòi,隊,U+968A,char,SILVER,s3_head_bank_consensus,0.412,0.171,70.0,86.0,528150e85184,ok,train,yen4|page_0256|c5,"[561, 1085, 628, 1159]",s3_head_bank_consensus,14.485714285714286,62e448d09ebe4504,339
22203,silver/yen2_page_0262_c07_126.png,yen2,page_0262,7,撼,ngục,獄,U+7344,char,SILVER,s2_inter_s3_corrected,0.952,0.23,141.0,156.0,294f1ac041e0,ok,train,yen2|page_0262|c7,"[544, 1415, 659, 1541]",s2_inter_s3_corrected,15.11900826446281,da282b26990efabc,340
13672,silver/yen2_page_0160_c05_088.png,yen2,page_0160,5,吞,trời,𡗶,U+215F6,char,SILVER,s2_inter_s3_corrected,0.847,0.208,144.0,145.0,7d7a1dcd5ee4,ok,train,yen2|page_0160|c5,"[799, 2021, 923, 2138]",s2_inter_s3_corrected,15.11900826446281,8f3537cb8ce4cf3c,341
17598,silver/yen2_page_0208_c04_061.png,yen2,page_0208,4,𭪙,nghiệp,業,U+696D,char,SILVER,s2_inter_s3_corrected,0.556,0.257,130.0,148.0,af8fbec71592,ok,val,yen2|page_0208|c4,"[1001, 881, 1107, 1001]",s2_inter_s3_corrected,15.11900826446281,d05416168431bd70,342
50166,silver/yen4_page_0250_c04_063.png,yen4,page_0250,4,乇,n,廛,U+5EDB,char,SILVER,s3_head_bank_consensus,0.007,0.2,78.0,87.0,4f6813ae46ef,ok,train,yen4|page_0250|c4,"[666, 1057, 735, 1128]",s3_head_bank_consensus,14.485714285714286,966619c4630c9029,343
38034,silver/yen4_page_0118_c06_114.png,yen4,page_0118,6,故,nó,奴,U+5974,char,SILVER,s2_inter_s3_corrected,0.89,0.179,74.0,97.0,072392404943,ok,train,yen4|page_0118|c6,"[486, 341, 559, 420]",s2_inter_s3_corrected,15.11900826446281,df75b58024a5d870,344
8434,silver/yen2_page_0100_c09_155.png,yen2,page_0100,9,妃,bà,把,U+628A,char,SILVER,s2_inter_s3_corrected,0.561,0.205,110.0,139.0,f4dcba31db02,ok,train,yen2|page_0100|c9,"[200, 1051, 300, 1164]",s2_inter_s3_corrected,15.11900826446281,1581917b9f94dd36,345
77674,silver/yen11_page_0250_c07_160.png,yen11,page_0250,7,奴,chono,奴,U+5974,char,SILVER,s1_inter_s3_out_of_dict,0.962,0.164,115.0,119.0,191cc6388e79,ok,train,yen11|page_0250|c7,"[573, 2361, 671, 2458]",s1_inter_s3_out_of_dict,4.7,67deadf9488bf2bf,346
8648,silver/yen2_page_0104_c01_010.png,yen2,page_0104,1,迷,lại,吏,U+540F,char,SILVER,s2_inter_s3_corrected,0.642,0.178,134.0,147.0,f76bbfc619b9,ok,test,yen2|page_0104|c1,"[1428, 1369, 1538, 1488]",s2_inter_s3_corrected,15.11900826446281,01c5379f34415d11,347
20449,silver/yen2_page_0242_c02_029.png,yen2,page_0242,2,主,chăng,庄,U+5E84,char,SILVER,s2_inter_s3_corrected,0.708,0.219,120.0,173.0,cbff1ae23404,ok,train,yen2|page_0242|c2,"[1288, 1931, 1400, 2074]",s2_inter_s3_corrected,15.11900826446281,b32465586314efaa,348
43923,silver/yen4_page_0182_c07_166.png,yen4,page_0182,7,在,chẳng,庄,U+5E84,char,SILVER,s2_inter_s3_corrected,0.841,0.17,66.0,95.0,39c4d72d3a8b,ok,train,yen4|page_0182|c7,"[419, 1522, 496, 1599]",s2_inter_s3_corrected,15.11900826446281,2302cacd1e6c90c7,349
33185,silver/yen4_page_0064_c08_170.png,yen4,page_0064,8,惣,hồn,魂,U+9B42,char,SILVER,s2_inter_s3_corrected,0.827,0.156,81.0,96.0,80b457ddd9c3,ok,train,yen4|page_0064|c8,"[291, 1388, 359, 1466]",s2_inter_s3_corrected,15.11900826446281,0c7bedd0c4da93fc,350
13877,silver/yen2_page_0162_c09_138.png,yen2,page_0162,9,柴,thầv,柴,U+67F4,char,SILVER,s1_inter_s3_out_of_dict,0.857,0.143,192.0,168.0,0b8c49d76093,ok,train,yen2|page_0162|c9,"[206, 1253, 362, 1389]",s1_inter_s3_out_of_dict,4.7,bbb4135aa9eb4707,351
3840,silver/yen2_page_0052_c03_064.png,yen2,page_0052,3,哦,dạy,代,U+4EE3,char,SILVER,s3_head_bank_consensus,0.907,0.235,112.0,127.0,b138545fbcf0,ok,train,yen2|page_0052|c3,"[1124, 2342, 1221, 2445]",s3_head_bank_consensus,14.485714285714286,5024e6e7efb88716,352
32150,silver/yen4_page_0054_c05_088.png,yen4,page_0054,5,涂,giờ,除,U+9664,char,SILVER,s2_inter_s3_corrected,0.948,0.181,69.0,89.0,d39e63aa15ed,ok,train,yen4|page_0054|c5,"[602, 391, 672, 466]",s2_inter_s3_corrected,15.11900826446281,6325a3a6b6a27fa2,353
13501,silver/yen2_page_0158_c05_093.png,yen2,page_0158,5,民,dái,曳,U+66F3,char,SILVER,s2_inter_s3_corrected,0.966,0.277,116.0,145.0,f3e18836a01f,ok,train,yen2|page_0158|c5,"[847, 1840, 957, 1957]",s2_inter_s3_corrected,15.11900826446281,b2ec7bf038e1c3c4,354
130,silver/yen2_page_0012_c08_130.png,yen2,page_0012,8,恒,hăng,行,U+884C,char,SILVER,s3_head_bank_consensus,0.041,0.13,124.0,139.0,06af7f3c714c,ok,train,yen2|page_0012|c8,"[348, 1583, 448, 1696]",s3_head_bank_consensus,14.485714285714286,0c91dea033b74a54,355
58123,silver/yen11_page_0036_c06_124.png,yen11,page_0036,6,荅,lần,吝,U+541D,char,SILVER,s2_inter_s3_corrected,0.876,0.172,118.0,111.0,8f3825507661,ok,train,yen11|page_0036|c6,"[742, 2389, 849, 2496]",s2_inter_s3_corrected,15.11900826446281,e96799e0df7026db,356
16915,silver/yen2_page_0200_c03_055.png,yen2,page_0200,3,在,chăng,庄,U+5E84,char,SILVER,s2_inter_s3_corrected,0.923,0.178,127.0,152.0,4a9e60a5df36,ok,val,yen2|page_0200|c3,"[1104, 1986, 1213, 2110]",s2_inter_s3_corrected,15.11900826446281,96127026a850b247,357
20908,silver/yen2_page_0246_c08_147.png,yen2,page_0246,8,壹,giê,支,U+652F,char,SILVER,s2_inter_s3_corrected,0.907,0.183,118.0,145.0,cfcd0bcb5efc,ok,train,yen2|page_0246|c8,"[404, 1007, 515, 1124]",s2_inter_s3_corrected,15.11900826446281,787efce1b7808b0a,358
48344,silver/yen4_page_0230_c07_128.png,yen4,page_0230,7,壬,cùng,共,U+5171,char,SILVER,s2_inter_s3_corrected,0.898,0.138,68.0,100.0,55a2ca9a7f29,ok,train,yen4|page_0230|c7,"[382, 498, 452, 580]",s2_inter_s3_corrected,15.11900826446281,1fe00a40664c8291,359
49143,silver/yen4_page_0238_c09_182.png,yen4,page_0238,9,技,cất,拮,U+62EE,char,SILVER,s2_inter_s3_corrected,0.678,0.184,74.0,97.0,a7063e435f8e,ok,train,yen4|page_0238|c9,"[168, 877, 239, 956]",s2_inter_s3_corrected,15.11900826446281,92c581bcfd1e91fa,360
58009,silver/yen11_page_0036_c01_010.png,yen11,page_0036,1,尽,trời,𡗶,U+215F6,char,SILVER,s2_inter_s3_corrected,0.874,0.177,100.0,139.0,258efe3614f4,ok,train,yen11|page_0036|c1,"[1513, 1359, 1619, 1473]",s2_inter_s3_corrected,15.11900826446281,0796a784d2992ac4,361
753,silver/yen2_page_0020_c01_006.png,yen2,page_0020,1,净,lành,伶,U+4F36,char,SILVER,s2_inter_s3_corrected,0.696,0.143,101.0,146.0,9a92b0785a7c,ok,train,yen2|page_0020|c1,"[1407, 1017, 1514, 1135]",s2_inter_s3_corrected,15.11900826446281,593084bdc99eb4e9,362
76191,silver/yen11_page_0236_c02_040.png,yen11,page_0236,2,逹,trên,連,U+9023,char,SILVER,s2_inter_s3_corrected,0.885,0.158,107.0,142.0,102cd10aa0b4,ok,train,yen11|page_0236|c2,"[1322, 2211, 1423, 2327]",s2_inter_s3_corrected,15.11900826446281,651de8d94ebc9372,363
74913,silver/yen11_page_0220_c06_108.png,yen11,page_0220,6,腹,rằng,浪,U+6D6A,char,SILVER,s2_inter_s3_corrected,0.912,0.209,89.0,108.0,1ef50094a3b6,ok,val,yen11|page_0220|c6,"[729, 433, 833, 537]",s2_inter_s3_corrected,15.11900826446281,5856a5120d414680,364
13102,silver/yen2_page_0154_c03_049.png,yen2,page_0154,3,𨺚,lọ,路,U+8DEF,char,SILVER,s2_inter_s3_corrected,0.852,0.276,117.0,151.0,68b8c7ae5564,ok,train,yen2|page_0154|c3,"[1161, 1513, 1274, 1636]",s2_inter_s3_corrected,15.11900826446281,f3fa081fe29360f1,365
80657,silver/yen11_page_0282_c04_069.png,yen11,page_0282,4,𰂸,tượng,像,U+50CF,char,SILVER,s3_head_bank_consensus,0.497,0.201,98.0,130.0,12e926f14f9f,ok,train,yen11|page_0282|c4,"[1021, 891, 1124, 1002]",s3_head_bank_consensus,14.485714285714286,843fc6f52849b2b5,366
30637,silver/yen4_page_0038_c04_081.png,yen4,page_0038,4,眾,tội,罪,U+7F6A,char,SILVER,s3_head_bank_consensus,0.149,0.157,84.0,93.0,cad79656e0a8,ok,train,yen4|page_0038|c4,"[661, 1193, 730, 1269]",s3_head_bank_consensus,14.485714285714286,350171e2d3057ff5,367
22165,silver/yen2_page_0262_c05_088.png,yen2,page_0262,5,按,cũng,拱,U+62F1,char,SILVER,s2_inter_s3_corrected,0.926,0.194,130.0,160.0,b7cda7273851,ok,train,yen2|page_0262|c5,"[822, 1542, 937, 1672]",s2_inter_s3_corrected,15.11900826446281,b1b8ab7dc2a7a59b,368
23079,silver/yen2_page_0272_c06_107.png,yen2,page_0272,6,毎,môi,每,U+6BCF,char,SILVER,s2_inter_s3_corrected,0.53,0.187,128.0,159.0,99ab93db16f8,ok,train,yen2|page_0272|c6,"[700, 1088, 813, 1217]",s2_inter_s3_corrected,15.11900826446281,f303ffe37c57f144,369
79842,silver/yen11_page_0274_c01_004.png,yen11,page_0274,1,嗢,hai,咍,U+548D,char,SILVER,s2_inter_s3_corrected,0.625,0.178,89.0,137.0,d7f6828d1ef2,ok,val,yen11|page_0274|c1,"[1458, 777, 1561, 888]",s2_inter_s3_corrected,15.11900826446281,254e45dc9d0c4b85,370
80625,silver/yen11_page_0282_c02_037.png,yen11,page_0282,2,傘,mình,命,U+547D,char,SILVER,s2_inter_s3_corrected,0.738,0.222,110.0,146.0,479c84758c69,ok,train,yen11|page_0282|c2,"[1307, 1914, 1416, 2032]",s2_inter_s3_corrected,15.11900826446281,017ec3ac2a0225e7,371
39708,silver/yen4_page_0136_c08_167.png,yen4,page_0136,8,白,làm,乄,U+4E44,char,SILVER,s2_inter_s3_corrected,0.532,0.118,72.0,95.0,ca503070d4a1,ok,train,yen4|page_0136|c8,"[247, 1274, 319, 1355]",s2_inter_s3_corrected,15.11900826446281,f4199cfd4cdc5276,372
74501,silver/yen11_page_0216_c05_087.png,yen11,page_0216,5,乔,trời,𡗶,U+215F6,char,SILVER,s2_inter_s3_corrected,0.716,0.146,121.0,112.0,fbde79296fe0,ok,train,yen11|page_0216|c5,"[888, 439, 994, 544]",s2_inter_s3_corrected,15.11900826446281,a2ceebe364c8a080,373
47109,silver/yen4_page_0218_c01_007.png,yen4,page_0218,1,𠕂,kia,其,U+5176,char,SILVER,s2_inter_s3_corrected,0.791,0.127,90.0,108.0,8eb485caaff9,ok,train,yen4|page_0218|c1,"[953, 745, 1029, 833]",s2_inter_s3_corrected,15.11900826446281,f8e1ab5d7d40d77b,374
41593,silver/yen4_page_0158_c01_011.png,yen4,page_0158,1,𫞓,tuổi,歲,U+6B72,char,SILVER,s3_head_bank_consensus,0.194,0.192,68.0,86.0,a6c31134b837,ok,val,yen4|page_0158|c1,"[959, 879, 1026, 949]",s3_head_bank_consensus,14.485714285714286,fd1ec03f64fc97bb,375
52380,silver/yen4_page_0274_c02_025.png,yen4,page_0274,2,得,ngày,㝵,U+3775,char,SILVER,s2_inter_s3_corrected,0.762,0.115,82.0,94.0,1ba91ad66776,ok,train,yen4|page_0274|c2,"[872, 439, 941, 515]",s2_inter_s3_corrected,15.11900826446281,5cfe0bed0e566f26,376
63397,silver/yen11_page_0100_c01_015.png,yen11,page_0100,1,謂,giảng,講,U+8B1B,char,SILVER,s3_head_bank_consensus,0.037,0.126,100.0,152.0,876923ec0778,ok,train,yen11|page_0100|c1,"[1467, 2011, 1574, 2135]",s3_head_bank_consensus,14.485714285714286,6d675d0bfb2adc0e,377
10299,silver/yen2_page_0122_c01_012.png,yen2,page_0122,1,英,nhà,茹,U+8339,char,SILVER,s2_inter_s3_corrected,0.785,0.171,121.0,141.0,3659e76c523b,ok,train,yen2|page_0122|c1,"[1441, 1696, 1549, 1811]",s2_inter_s3_corrected,15.11900826446281,cbc5f9ff34d478d6,378
64969,silver/yen11_page_0116_c04_068.png,yen11,page_0116,4,遡,lên,連,U+9023,char,SILVER,s2_inter_s3_corrected,0.942,0.152,129.0,141.0,2e472d431376,ok,train,yen11|page_0116|c4,"[1053, 813, 1162, 928]",s2_inter_s3_corrected,15.11900826446281,feebe459206e3066,379
11612,silver/yen2_page_0134_c09_176.png,yen2,page_0134,9,詩,thì,寺,U+5BFA,char,SILVER,s2_inter_s3_corrected,0.981,0.225,118.0,146.0,5693f123d80f,ok,train,yen2|page_0134|c9,"[231, 1029, 336, 1147]",s2_inter_s3_corrected,15.11900826446281,87f9e297d5ecf4fc,380
3916,silver/yen2_page_0052_c07_140.png,yen2,page_0052,7,真,kia,其,U+5176,char,SILVER,s2_inter_s3_corrected,0.717,0.204,116.0,141.0,85ed3bf89d5a,ok,train,yen2|page_0052|c7,"[528, 1953, 627, 2068]",s2_inter_s3_corrected,15.11900826446281,67b669266066cd30,381
37849,silver/yen4_page_0116_c06_121.png,yen4,page_0116,6,老,đi,多,U+591A,char,SILVER,s2_inter_s3_corrected,0.959,0.165,84.0,109.0,e4dfe4c490fc,ok,train,yen4|page_0116|c6,"[468, 1053, 539, 1142]",s2_inter_s3_corrected,15.11900826446281,3bd90f57770870c1,382
27156,silver/yen2_page_0320_c03_046.png,yen2,page_0320,3,剤,lời,例,U+4F8B,char,SILVER,s2_inter_s3_corrected,0.564,0.252,121.0,159.0,97326719285f,ok,train,yen2|page_0320|c3,"[1151, 1523, 1263, 1656]",s2_inter_s3_corrected,15.11900826446281,4e9cfd294fe7da83,383
19745,silver/yen2_page_0234_c01_006.png,yen2,page_0234,1,石,chịu,召,U+53EC,char,SILVER,s2_inter_s3_corrected,0.716,0.176,86.0,149.0,9c0e7ac03600,ok,train,yen2|page_0234|c1,"[1417, 1048, 1522, 1169]",s2_inter_s3_corrected,15.11900826446281,933f10ab8a246d8f,384
37396,silver/yen4_page_0112_c02_039.png,yen4,page_0112,2,色,vào,包,U+5305,char,SILVER,s2_inter_s3_corrected,0.885,0.135,63.0,101.0,11c1cadf96a1,ok,train,yen4|page_0112|c2,"[882, 1367, 955, 1450]",s2_inter_s3_corrected,15.11900826446281,a2e3139cf1ed8e9a,385
4358,silver/yen2_page_0058_c01_013.png,yen2,page_0058,1,𨢄,hồn,魂,U+9B42,char,SILVER,s2_inter_s3_corrected,0.899,0.201,118.0,132.0,4fe5fb840087,ok,train,yen2|page_0058|c1,"[1444, 1641, 1540, 1749]",s2_inter_s3_corrected,15.11900826446281,6023faa796bf6682,386
40021,silver/yen4_page_0140_c04_085.png,yen4,page_0140,4,肃,nó,奴,U+5974,char,SILVER,s3_head_bank_consensus,0.013,0.185,61.0,73.0,3814d7fceb39,ok,train,yen4|page_0140|c4,"[662, 1577, 733, 1644]",s3_head_bank_consensus,14.485714285714286,31624bbea66c69b6,387
42265,silver/yen4_page_0164_c04_085.png,yen4,page_0164,4,𭪙,nghiệp,業,U+696D,char,SILVER,s3_head_bank_consensus,0.382,0.146,68.0,95.0,f32ef99a5ddb,ok,train,yen4|page_0164|c4,"[675, 1442, 747, 1526]",s3_head_bank_consensus,14.485714285714286,6aa1b7a8e90f8ebf,388
81076,silver/yen11_page_0286_c07_128.png,yen11,page_0286,7,匝,a,亜,U+4E9C,char,SILVER,s2_inter_s3_corrected,0.842,0.182,114.0,148.0,35ab6fcad37e,ok,train,yen11|page_0286|c7,"[536, 718, 639, 838]",s2_inter_s3_corrected,15.11900826446281,818963e9a3bee3d4,389
48284,silver/yen4_page_0230_c04_068.png,yen4,page_0230,4,樞,giu,樞,U+6A1E,char,SILVER,s1_inter_s3_out_of_dict,0.922,0.189,81.0,100.0,1c689a51af58,ok,val,yen4|page_0230|c4,"[665, 711, 738, 793]",s1_inter_s3_out_of_dict,4.7,931ee1714db418f9,390
65361,silver/yen11_page_0120_c04_077.png,yen11,page_0120,4,咽,nói,呐,U+5450,char,SILVER,s2_inter_s3_corrected,0.596,0.191,117.0,140.0,7eb716f21e7b,ok,train,yen11|page_0120|c4,"[1016, 1272, 1124, 1386]",s2_inter_s3_corrected,15.11900826446281,1e48b8004762f0d8,391
3034,silver/yen2_page_0044_c01_018.png,yen2,page_0044,1,湖,ao,拗,U+62D7,char,SILVER,s2_inter_s3_corrected,0.807,0.216,101.0,128.0,f5bb94f55747,ok,train,yen2|page_0044|c1,"[1419, 2421, 1517, 2525]",s2_inter_s3_corrected,15.11900826446281,df1371071d6c458e,392
1740,silver/yen2_page_0030_c03_052.png,yen2,page_0030,3,伐,ấy,衣,U+8863,char,SILVER,s2_inter_s3_corrected,0.607,0.146,104.0,135.0,e07f97eb3092,ok,train,yen2|page_0030|c3,"[1127, 1121, 1222, 1230]",s2_inter_s3_corrected,15.11900826446281,07b34dd0a69ec806,393
35493,silver/yen4_page_0088_c09_185.png,yen4,page_0088,9,意,ây,意,U+610F,char,SILVER,s1_inter_s3_out_of_dict,0.94,0.171,71.0,79.0,a9155f24b4c6,ok,test,yen4|page_0088|c9,"[144, 1545, 218, 1618]",s1_inter_s3_out_of_dict,4.7,399b1c8c9d8e8452,394
81373,silver/yen11_page_0290_c02_041.png,yen11,page_0290,2,将,ngày,時,U+6642,char,SILVER,s2_inter_s3_corrected,0.842,0.188,109.0,118.0,20674feaf7f9,ok,test,yen11|page_0290|c2,"[1293, 2335, 1400, 2445]",s2_inter_s3_corrected,15.11900826446281,ea71a79ed88b5570,395
36151,silver/yen4_page_0096_c04_082.png,yen4,page_0096,4,𭪙,nghiệp,業,U+696D,char,SILVER,s3_head_bank_consensus,0.428,0.216,59.0,89.0,36b626ef0ea3,ok,test,yen4|page_0096|c4,"[660, 1107, 729, 1180]",s3_head_bank_consensus,14.485714285714286,b8ce1cfc5b4fc773,396
18232,silver/yen2_page_0216_c02_038.png,yen2,page_0216,2,禮,nát,涅,U+6D85,char,SILVER,s2_inter_s3_corrected,0.633,0.233,118.0,138.0,85f26525d76b,ok,train,yen2|page_0216|c2,"[1314, 2403, 1412, 2515]",s2_inter_s3_corrected,15.11900826446281,963efdfd82d67ea6,397
23895,silver/yen2_page_0282_c02_021.png,yen2,page_0282,2,久,ấy,衣,U+8863,char,SILVER,s2_inter_s3_corrected,0.937,0.138,123.0,149.0,53300a34a59e,ok,train,yen2|page_0282|c2,"[1276, 538, 1389, 659]",s2_inter_s3_corrected,15.11900826446281,c3ad38cf165ef706,398
69339,silver/yen11_page_0162_c01_005.png,yen11,page_0162,1,烟,nói,内,U+5185,char,SILVER,s2_inter_s3_corrected,0.738,0.218,82.0,132.0,ee63e8fb7e9a,ok,train,yen11|page_0162|c1,"[1568, 947, 1674, 1055]",s2_inter_s3_corrected,15.11900826446281,c7d77bbe6af14482,399
34799,silver/yen4_page_0082_c04_072.png,yen4,page_0082,4,都,đoạn,断,U+65AD,char,SILVER,s2_inter_s3_corrected,0.925,0.194,85.0,93.0,65d45e02b784,ok,train,yen4|page_0082|c4,"[664, 678, 737, 753]",s2_inter_s3_corrected,15.11900826446281,040b39a8b6b5cd0f,400
30640,silver/yen4_page_0038_c04_084.png,yen4,page_0038,4,侍,về,𧗱,U+275F1,char,SILVER,s3_head_bank_consensus,0.473,0.184,85.0,96.0,f6fc3d917fac,ok,train,yen4|page_0038|c4,"[660, 1378, 732, 1456]",s3_head_bank_consensus,14.485714285714286,bca87143aadca05e,401
81425,silver/yen11_page_0290_c05_093.png,yen11,page_0290,5,四,nói,内,U+5185,char,SILVER,s2_inter_s3_corrected,0.665,0.231,101.0,136.0,8af242c44a79,ok,train,yen11|page_0290|c5,"[842, 1173, 944, 1288]",s2_inter_s3_corrected,15.11900826446281,35299ddb78aee30d,402
21286,silver/yen2_page_0252_c01_017.png,yen2,page_0252,1,𮓡,hư,虚,U+865A,char,SILVER,s3_head_bank_consensus,0.583,0.2,116.0,130.0,59f4cd9fdc77,ok,train,yen2|page_0252|c1,"[1449, 2392, 1566, 2514]",s3_head_bank_consensus,14.485714285714286,dec87ab4a202618c,403
44632,silver/yen4_page_0190_c04_084.png,yen4,page_0190,4,乇,đã,㐌,U+340C,char,SILVER,s2_inter_s3_corrected,0.825,0.162,82.0,78.0,a2afb4029abd,ok,train,yen4|page_0190|c4,"[676, 1577, 751, 1650]",s2_inter_s3_corrected,15.11900826446281,df0094236ff23249,404
53582,silver/yen4_page_0286_c03_048.png,yen4,page_0286,3,啾,su,秋,U+79CB,char,SILVER,s2_inter_s3_corrected,0.541,0.161,77.0,88.0,f71c92e33589,ok,train,yen4|page_0286|c3,"[763, 360, 832, 432]",s2_inter_s3_corrected,15.11900826446281,3f942b79c83358fe,405
15688,silver/yen2_page_0184_c08_128.png,yen2,page_0184,8,䍐,ra,囉,U+56C9,char,SILVER,s2_inter_s3_corrected,0.728,0.221,115.0,158.0,917f202341e6,ok,train,yen2|page_0184|c8,"[399, 899, 508, 1027]",s2_inter_s3_corrected,15.11900826446281,6985769e136ebb17,406
61923,silver/yen11_page_0080_c02_039.png,yen11,page_0080,2,府,mà,麻,U+9EBB,char,SILVER,s2_inter_s3_corrected,0.919,0.152,113.0,150.0,c0e71c814544,ok,test,yen11|page_0080|c2,"[1308, 2170, 1407, 2292]",s2_inter_s3_corrected,15.11900826446281,476b1f60c75a052e,407
16738,silver/yen2_page_0198_c03_044.png,yen2,page_0198,3,嚼,li,离,U+79BB,char,SILVER,s2_inter_s3_corrected,0.953,0.195,122.0,159.0,d8e388f19cef,ok,train,yen2|page_0198|c3,"[1112, 1228, 1215, 1357]",s2_inter_s3_corrected,15.11900826446281,4092537b510a59f2,408
11550,silver/yen2_page_0134_c06_114.png,yen2,page_0134,6,吞,trời,𡗶,U+215F6,char,SILVER,s2_inter_s3_corrected,0.668,0.23,123.0,146.0,9792b8fe3d01,ok,val,yen2|page_0134|c6,"[699, 1124, 808, 1242]",s2_inter_s3_corrected,15.11900826446281,c5f8462f5196fd2c,409
66790,silver/yen11_page_0134_c09_202.png,yen11,page_0134,9,𫊫,tao,蚤,U+86A4,char,SILVER,s2_inter_s3_corrected,0.825,0.198,86.0,127.0,c903c879e800,ok,train,yen11|page_0134|c9,"[268, 2307, 362, 2410]",s2_inter_s3_corrected,15.11900826446281,d6585140afbcd67b,410
16987,silver/yen2_page_0200_c07_127.png,yen2,page_0200,7,和,bắt,扒,U+6252,char,SILVER,s2_inter_s3_corrected,0.538,0.189,112.0,151.0,dd662303ff75,ok,val,yen2|page_0200|c7,"[497, 1319, 590, 1442]",s2_inter_s3_corrected,15.11900826446281,efa43a899b092ee8,411
55656,silver/yen11_page_0010_c09_153.png,yen11,page_0010,9,街,về,𧗱,U+275F1,char,SILVER,s2_inter_s3_corrected,0.898,0.184,99.0,140.0,2dae6dbe3977,ok,train,yen11|page_0010|c9,"[242, 602, 341, 716]",s2_inter_s3_corrected,15.11900826446281,7ee84fd0f920e0e7,412
31339,silver/yen4_page_0044_c09_198.png,yen4,page_0044,9,辰,rằng,浪,U+6D6A,char,SILVER,s2_inter_s3_corrected,0.874,0.182,56.0,73.0,039ed4911b3c,ok,train,yen4|page_0044|c9,"[183, 1566, 252, 1634]",s2_inter_s3_corrected,15.11900826446281,d69b1e7c14ccd259,413
23108,silver/yen2_page_0272_c07_136.png,yen2,page_0272,7,黍,lê,黎,U+9ECE,char,SILVER,s2_inter_s3_corrected,0.832,0.142,121.0,160.0,a618b316f8d8,ok,train,yen2|page_0272|c7,"[561, 2312, 671, 2442]",s2_inter_s3_corrected,15.11900826446281,68adb3b6a9ea0410,414
72676,silver/yen11_page_0196_c08_161.png,yen11,page_0196,8,燒,nhiêu,嬈,U+5B08,char,SILVER,s2_inter_s3_corrected,0.758,0.19,89.0,140.0,c0e2a02e6c27,ok,train,yen11|page_0196|c8,"[413, 1739, 514, 1853]",s2_inter_s3_corrected,15.11900826446281,28c355beb58f2cfd,415
1578,silver/yen2_page_0028_c05_090.png,yen2,page_0028,5,刾,phán,判,U+5224,char,SILVER,s2_inter_s3_corrected,0.892,0.193,102.0,141.0,b8797eb24e74,ok,train,yen2|page_0028|c5,"[813, 550, 918, 665]",s2_inter_s3_corrected,15.11900826446281,301d351c7cb87439,416
22070,silver/yen2_page_0260_c09_156.png,yen2,page_0260,9,举,bòn,盆,U+76C6,char,SILVER,s3_head_bank_consensus,0.025,0.177,118.0,170.0,aa8fdbedf731,ok,train,yen2|page_0260|c9,"[251, 974, 351, 1112]",s3_head_bank_consensus,14.485714285714286,61a58f57c2de2d02,417
14102,silver/yen2_page_0166_c04_060.png,yen2,page_0166,4,周,vua,君,U+541B,char,SILVER,s3_head_bank_consensus,0.11,0.252,120.0,160.0,ab96f4f273bd,ok,train,yen2|page_0166|c4,"[988, 914, 1094, 1044]",s3_head_bank_consensus,14.485714285714286,8ff55e413bb6f21c,418
40497,silver/yen4_page_0144_c09_169.png,yen4,page_0144,9,蜀,mi,眉,U+7709,char,SILVER,s2_inter_s3_corrected,0.862,0.122,59.0,100.0,080307d2f0fe,ok,train,yen4|page_0144|c9,"[197, 691, 258, 773]",s2_inter_s3_corrected,15.11900826446281,73173521ffe2c7af,419
52027,silver/yen4_page_0270_c04_071.png,yen4,page_0270,4,在,mà,麻,U+9EBB,char,SILVER,s2_inter_s3_corrected,0.971,0.153,73.0,89.0,7fdec02ecbfa,ok,train,yen4|page_0270|c4,"[674, 479, 744, 552]",s2_inter_s3_corrected,15.11900826446281,e4e8baf006cb5772,420
68875,silver/yen11_page_0156_c06_122.png,yen11,page_0156,6,棄,thánh,垩,U+57A9,char,SILVER,s2_inter_s3_corrected,0.959,0.198,128.0,139.0,abbbf143503e,ok,train,yen11|page_0156|c6,"[723, 1126, 835, 1239]",s2_inter_s3_corrected,15.11900826446281,ac328cab0b2bf37d,421
19874,silver/yen2_page_0234_c07_135.png,yen2,page_0234,7,捧,cầm,扲,U+6272,char,SILVER,s2_inter_s3_corrected,0.871,0.186,136.0,162.0,66570855e7e2,ok,val,yen2|page_0234|c7,"[521, 2297, 637, 2429]",s2_inter_s3_corrected,15.11900826446281,df6c668bf6dbb7f2,422
45248,silver/yen4_page_0196_c09_165.png,yen4,page_0196,9,炳,đốt,茁,U+8301,char,SILVER,s2_inter_s3_corrected,0.506,0.116,76.0,99.0,2562bd73de50,ok,train,yen4|page_0196|c9,"[223, 496, 291, 577]",s2_inter_s3_corrected,15.11900826446281,f99c44cbf963c5f1,423
36159,silver/yen4_page_0096_c04_090.png,yen4,page_0096,4,丈,song,双,U+53CC,char,SILVER,s2_inter_s3_corrected,0.91,0.131,85.0,85.0,ab61570c1dff,ok,test,yen4|page_0096|c4,"[653, 1575, 722, 1644]",s2_inter_s3_corrected,15.11900826446281,d1a146e941b73ca1,424
2992,silver/yen2_page_0042_c08_169.png,yen2,page_0042,8,𭔿,ông,翁,U+7FC1,char,SILVER,s2_inter_s3_corrected,0.903,0.169,109.0,136.0,0486991b380d,ok,train,yen2|page_0042|c8,"[367, 2320, 469, 2430]",s2_inter_s3_corrected,15.11900826446281,ad70d82f6b0b2825,425
14679,silver/yen2_page_0172_c08_137.png,yen2,page_0172,8,刾,phán,判,U+5224,char,SILVER,s2_inter_s3_corrected,0.903,0.208,135.0,166.0,08d5f7d99148,ok,train,yen2|page_0172|c8,"[368, 1018, 477, 1152]",s2_inter_s3_corrected,15.11900826446281,44d9d0dee3e93017,426
73272,silver/yen11_page_0202_c09_182.png,yen11,page_0202,9,洋,còn,群,U+7FA4,char,SILVER,s2_inter_s3_corrected,0.868,0.153,92.0,139.0,04207217bc42,ok,train,yen11|page_0202|c9,"[286, 2195, 380, 2308]",s2_inter_s3_corrected,15.11900826446281,e800f36bc94d5651,427
64491,silver/yen11_page_0110_c08_163.png,yen11,page_0110,8,丑,xau,丑,U+4E11,char,SILVER,s1_inter_s3_out_of_dict,0.857,0.161,108.0,139.0,884ec872df68,ok,train,yen11|page_0110|c8,"[387, 1825, 491, 1938]",s1_inter_s3_out_of_dict,4.7,2103b2f31d2a2baa,428
66499,silver/yen11_page_0132_c05_093.png,yen11,page_0132,5,𫝕,để,底,U+5E95,char,SILVER,s2_inter_s3_corrected,0.942,0.146,115.0,147.0,5ebecb7c4d5d,ok,train,yen11|page_0132|c5,"[891, 718, 992, 837]",s2_inter_s3_corrected,15.11900826446281,9e2aebfe192051e3,429
70901,silver/yen11_page_0178_c05_103.png,yen11,page_0178,5,茯,áo,袄,U+8884,char,SILVER,s2_inter_s3_corrected,0.839,0.222,118.0,151.0,567f542745f9,ok,train,yen11|page_0178|c5,"[857, 1991, 968, 2114]",s2_inter_s3_corrected,15.11900826446281,8e1658e79e9b72f9,430
72940,silver/yen11_page_0200_c03_043.png,yen11,page_0200,3,昧,mà,麻,U+9EBB,char,SILVER,s2_inter_s3_corrected,0.941,0.169,105.0,142.0,2c7004c3ff8c,ok,train,yen11|page_0200|c3,"[1182, 508, 1283, 624]",s2_inter_s3_corrected,15.11900826446281,0e1fc2050a8edb52,431
15415,silver/yen2_page_0182_c02_022.png,yen2,page_0182,2,在,chăng,庄,U+5E84,char,SILVER,s2_inter_s3_corrected,0.943,0.177,138.0,172.0,f466192df322,ok,train,yen2|page_0182|c2,"[1280, 925, 1392, 1065]",s2_inter_s3_corrected,15.11900826446281,2eef2f18c5bba0da,432
5069,silver/yen2_page_0064_c08_147.png,yen2,page_0064,8,錦,min,綿,U+7DBF,char,SILVER,s2_inter_s3_corrected,0.791,0.25,94.0,152.0,b37521017042,ok,train,yen2|page_0064|c8,"[356, 1037, 459, 1161]",s2_inter_s3_corrected,15.11900826446281,36cb9f75a37cb69b,433
4210,silver/yen2_page_0056_c04_068.png,yen2,page_0056,4,𭪙,nghiệp,業,U+696D,char,SILVER,s2_inter_s3_corrected,0.803,0.164,129.0,131.0,619f26c3bc87,ok,train,yen2|page_0056|c4,"[967, 858, 1072, 965]",s2_inter_s3_corrected,15.11900826446281,b23d4c4414c9a8af,434
23841,silver/yen2_page_0280_c08_162.png,yen2,page_0280,8,禝,áo,襖,U+8956,char,SILVER,s2_inter_s3_corrected,0.959,0.142,169.0,138.0,a7451098e9c7,ok,train,yen2|page_0280|c8,"[378, 1497, 528, 1609]",s2_inter_s3_corrected,15.11900826446281,4161452f8fb6e24b,435
38925,silver/yen4_page_0128_c05_098.png,yen4,page_0128,5,練,thưa,踈,U+8E08,char,SILVER,s2_inter_s3_corrected,0.93,0.162,84.0,81.0,f0cfb5674d03,ok,train,yen4|page_0128|c5,"[556, 763, 624, 836]",s2_inter_s3_corrected,15.11900826446281,c83dfa70feab4602,436
14670,silver/yen2_page_0172_c07_128.png,yen2,page_0172,7,孛,but,孛,U+5B5B,char,SILVER,s1_inter_s3_out_of_dict,0.901,0.287,104.0,157.0,5d675b8c2381,ok,train,yen2|page_0172|c7,"[521, 2092, 623, 2219]",s1_inter_s3_out_of_dict,4.7,5611a2df5f949172,437
30218,silver/yen4_page_0034_c03_048.png,yen4,page_0034,3,済,le,离,U+79BB,char,SILVER,s2_inter_s3_corrected,0.671,0.158,65.0,90.0,265a966afa7c,ok,train,yen4|page_0034|c3,"[738, 678, 807, 753]",s2_inter_s3_corrected,15.11900826446281,78175ccd4ad48427,438
14516,silver/yen2_page_0170_c08_144.png,yen2,page_0170,8,珠,giu,珠,U+73E0,char,SILVER,s1_inter_s3_out_of_dict,0.841,0.26,137.0,166.0,050780b946aa,ok,train,yen2|page_0170|c8,"[364, 1674, 481, 1808]",s1_inter_s3_out_of_dict,4.7,8d2df034973b5857,439
47661,silver/yen4_page_0224_c01_013.png,yen4,page_0224,1,稃,xưng,称,U+79F0,char,SILVER,s2_inter_s3_corrected,0.871,0.156,82.0,106.0,393f61b4bbb2,ok,val,yen4|page_0224|c1,"[972, 1145, 1045, 1231]",s2_inter_s3_corrected,15.11900826446281,08e01fe660d5cba3,440
69783,silver/yen11_page_0166_c04_072.png,yen11,page_0166,4,时,dối,対,U+5BFE,char,SILVER,s2_inter_s3_corrected,0.894,0.191,105.0,145.0,ecb777d0d599,ok,train,yen11|page_0166|c4,"[1016, 1447, 1126, 1564]",s2_inter_s3_corrected,15.11900826446281,8be28ff11535b35b,441
49628,silver/yen4_page_0244_c05_102.png,yen4,page_0244,5,凴,nhau,嬈,U+5B08,char,SILVER,s2_inter_s3_corrected,0.769,0.195,70.0,89.0,fb7925935e05,ok,test,yen4|page_0244|c5,"[572, 993, 641, 1066]",s2_inter_s3_corrected,15.11900826446281,cb3985df55f689d1,442
49389,silver/yen4_page_0242_c03_047.png,yen4,page_0242,3,對,cả,竒,U+7AD2,char,SILVER,s2_inter_s3_corrected,0.715,0.204,72.0,96.0,b6e59510ce5c,ok,train,yen4|page_0242|c3,"[802, 1314, 875, 1392]",s2_inter_s3_corrected,15.11900826446281,df493ccc2253212b,443
54436,silver/yen4_page_0294_c04_084.png,yen4,page_0294,4,庄,chảng,庄,U+5E84,char,SILVER,s1_inter_s3_out_of_dict,0.934,0.206,81.0,80.0,78d293c18295,ok,val,yen4|page_0294|c4,"[659, 1564, 730, 1638]",s1_inter_s3_out_of_dict,4.7,5b5b3741af6009b6,444
75357,silver/yen11_page_0224_c08_162.png,yen11,page_0224,8,節,sang,郎,U+90CE,char,SILVER,s2_inter_s3_corrected,0.791,0.214,80.0,140.0,3f451bbdc3d3,ok,train,yen11|page_0224|c8,"[429, 1153, 522, 1267]",s2_inter_s3_corrected,15.11900826446281,31edcd83ac3153bf,445
67268,silver/yen11_page_0140_c05_074.png,yen11,page_0140,5,𭔿,ông,翁,U+7FC1,char,SILVER,s2_inter_s3_corrected,0.683,0.215,93.0,130.0,ce3ca5ff5c90,ok,test,yen11|page_0140|c5,"[866, 597, 978, 703]",s2_inter_s3_corrected,15.11900826446281,a517d5e9da4208a5,446
48441,silver/yen4_page_0232_c02_037.png,yen4,page_0232,2,扦,giết,折,U+6298,char,SILVER,s2_inter_s3_corrected,0.909,0.11,76.0,97.0,1674501eba23,ok,train,yen4|page_0232|c2,"[867, 1430, 934, 1509]",s2_inter_s3_corrected,15.11900826446281,b7413de3ab584f14,447
33120,silver/yen4_page_0064_c05_105.png,yen4,page_0064,5,与,thắng,𤯝,U+24BDD,char,SILVER,s2_inter_s3_corrected,0.705,0.135,67.0,96.0,ca35be7d7a0c,ok,train,yen4|page_0064|c5,"[583, 1388, 653, 1466]",s2_inter_s3_corrected,15.11900826446281,ea8def8e3bac8f85,448
34998,silver/yen4_page_0084_c04_072.png,yen4,page_0084,4,耳,kia,其,U+5176,char,SILVER,s2_inter_s3_corrected,0.923,0.119,80.0,96.0,3a9c34b6d5be,ok,train,yen4|page_0084|c4,"[664, 676, 737, 754]",s2_inter_s3_corrected,15.11900826446281,5a45a53795b04b2e,449
37203,silver/yen4_page_0108_c09_181.png,yen4,page_0108,9,宸,rằng,浪,U+6D6A,char,SILVER,s2_inter_s3_corrected,0.623,0.104,69.0,63.0,aeec7c93211c,ok,test,yen4|page_0108|c9,"[196, 276, 268, 350]",s2_inter_s3_corrected,15.11900826446281,49e8b3014db31fcf,450
9053,silver/yen2_page_0108_c03_049.png,yen2,page_0108,3,在,đã,㐌,U+340C,char,SILVER,s2_inter_s3_corrected,0.644,0.203,115.0,147.0,854b96d053cc,ok,train,yen2|page_0108|c3,"[1155, 835, 1256, 954]",s2_inter_s3_corrected,15.11900826446281,3c2f3ff890452d83,451
597,silver/yen2_page_0018_c03_048.png,yen2,page_0018,3,君,nơi,𡰱,U+21C31,char,SILVER,s2_inter_s3_corrected,0.675,0.129,132.0,131.0,f7bcba4030ea,ok,train,yen2|page_0018|c3,"[1129, 962, 1238, 1069]",s2_inter_s3_corrected,15.11900826446281,de411d26a8350832,452
32391,silver/yen4_page_0056_c07_141.png,yen4,page_0056,7,美,bởi,罢,U+7F62,char,SILVER,s2_inter_s3_corrected,0.981,0.149,72.0,95.0,9ab97b2a384c,ok,train,yen4|page_0056|c7,"[352, 1069, 424, 1149]",s2_inter_s3_corrected,15.11900826446281,1c18e28f55ad5a16,453
56641,silver/yen11_page_0022_c01_013.png,yen11,page_0022,1,恰,khác,恪,U+606A,char,SILVER,s2_inter_s3_corrected,0.957,0.235,112.0,125.0,736baf4c1297,ok,test,yen11|page_0022|c1,"[1449, 1547, 1555, 1648]",s2_inter_s3_corrected,15.11900826446281,622994a6b2721076,454
40159,silver/yen4_page_0142_c02_028.png,yen4,page_0142,2,采,thầy,柴,U+67F4,char,SILVER,s2_inter_s3_corrected,0.545,0.11,83.0,98.0,256aa7c6af16,ok,train,yen4|page_0142|c2,"[886, 580, 963, 660]",s2_inter_s3_corrected,15.11900826446281,1090b62fa725af03,455
5818,silver/yen2_page_0072_c09_169.png,yen2,page_0072,9,立,giê,支,U+652F,char,SILVER,s3_head_bank_consensus,0.377,0.176,94.0,139.0,33edc9a7498f,ok,train,yen2|page_0072|c9,"[204, 1575, 297, 1688]",s3_head_bank_consensus,14.485714285714286,1f981e788f3121ac,456
68312,silver/yen11_page_0150_c08_154.png,yen11,page_0150,8,消,chưa,渚,U+6E1A,char,SILVER,s2_inter_s3_corrected,0.852,0.182,82.0,142.0,9d85636f208d,ok,train,yen11|page_0150|c8,"[357, 415, 463, 531]",s2_inter_s3_corrected,15.11900826446281,19c4c5092351a3b9,457
39965,silver/yen4_page_0140_c02_029.png,yen4,page_0140,2,𢙣,tay,思,U+601D,char,SILVER,s2_inter_s3_corrected,0.596,0.165,83.0,95.0,d6736e3b44ac,ok,val,yen4|page_0140|c2,"[849, 659, 917, 736]",s2_inter_s3_corrected,15.11900826446281,9892e50151c6fb10,458
58872,silver/yen11_page_0048_c01_014.png,yen11,page_0048,1,衆,là,罗,U+7F57,char,SILVER,s2_inter_s3_corrected,0.652,0.164,110.0,140.0,300c5db88b6d,ok,train,yen11|page_0048|c1,"[1441, 1679, 1544, 1793]",s2_inter_s3_corrected,15.11900826446281,c3247f7229c5c66d,459
78525,silver/yen11_page_0258_c09_199.png,yen11,page_0258,9,人,ấy,乙,U+4E59,char,SILVER,s3_head_bank_consensus,0.317,0.112,111.0,136.0,103d3db6efb4,ok,val,yen11|page_0258|c9,"[264, 2284, 362, 2394]",s3_head_bank_consensus,14.485714285714286,02d9f15ff14e3cd7,460
14805,silver/yen2_page_0174_c05_094.png,yen2,page_0174,5,及,chịu,召,U+53EC,char,SILVER,s2_inter_s3_corrected,0.702,0.252,112.0,158.0,926e75c7cfe1,ok,train,yen2|page_0174|c5,"[846, 1667, 950, 1795]",s2_inter_s3_corrected,15.11900826446281,4726643aeeec012f,461
21045,silver/yen2_page_0248_c07_103.png,yen2,page_0248,7,至,thánh,圣,U+5723,char,SILVER,s2_inter_s3_corrected,0.618,0.184,129.0,152.0,269f78148e21,ok,test,yen2|page_0248|c7,"[538, 894, 657, 1024]",s2_inter_s3_corrected,15.11900826446281,ad6b03c193aa4887,462
67468,silver/yen11_page_0142_c05_088.png,yen11,page_0142,5,𣼛,giảng,講,U+8B1B,char,SILVER,s2_inter_s3_corrected,0.903,0.226,110.0,142.0,566fcda97a5a,ok,train,yen11|page_0142|c5,"[849, 487, 958, 603]",s2_inter_s3_corrected,15.11900826446281,29120239838b6f92,463
69502,silver/yen11_page_0162_c09_168.png,yen11,page_0162,9,行,đức,德,U+5FB7,char,SILVER,s2_inter_s3_corrected,0.54,0.162,63.0,121.0,7c2a77a1ee5e,tall,train,yen11|page_0162|c9,"[360, 523, 454, 622]",s2_inter_s3_corrected,15.11900826446281,1c0719a8dc5a433d,464
23646,silver/yen2_page_0278_c08_147.png,yen2,page_0278,8,樞,giu,樞,U+6A1E,char,SILVER,s1_inter_s3_out_of_dict,0.927,0.21,127.0,136.0,a27086c55c84,ok,train,yen2|page_0278|c8,"[376, 1388, 489, 1498]",s1_inter_s3_out_of_dict,4.7,a9065a72b1365885,465
12211,silver/yen2_page_0142_c03_050.png,yen2,page_0142,3,運,trên,連,U+9023,char,SILVER,s2_inter_s3_corrected,0.55,0.22,129.0,158.0,0f1265720f70,ok,train,yen2|page_0142|c3,"[1150, 1999, 1261, 2127]",s2_inter_s3_corrected,15.11900826446281,cb22ecbd2e356675,466
17364,silver/yen2_page_0206_c01_001.png,yen2,page_0206,1,華,thánh,垩,U+57A9,char,SILVER,s2_inter_s3_corrected,0.966,0.174,112.0,162.0,580e67b32819,ok,train,yen2|page_0206|c1,"[1438, 584, 1543, 716]",s2_inter_s3_corrected,15.11900826446281,f2dde48a27847384,467
28094,silver/yen2_page_0330_c07_121.png,yen2,page_0330,7,列,chước,斫,U+65AB,char,SILVER,s2_inter_s3_corrected,0.511,0.281,105.0,161.0,e68040172959,ok,train,yen2|page_0330|c7,"[520, 950, 638, 1081]",s2_inter_s3_corrected,15.11900826446281,fa45d90d39bb6fef,468
43558,silver/yen4_page_0176_c08_174.png,yen4,page_0176,8,數,khi,欺,U+6B3A,char,SILVER,s2_inter_s3_corrected,0.919,0.201,64.0,95.0,c5f997048e66,ok,train,yen4|page_0176|c8,"[276, 1004, 343, 1081]",s2_inter_s3_corrected,15.11900826446281,759a7be86c5ecec9,469
44419,silver/yen4_page_0188_c04_068.png,yen4,page_0188,4,僑,thương,傷,U+50B7,char,SILVER,s2_inter_s3_corrected,0.74,0.245,73.0,93.0,65db9c2ba5e9,ok,train,yen4|page_0188|c4,"[656, 415, 723, 490]",s2_inter_s3_corrected,15.11900826446281,f732a98a75d166b6,470
21868,silver/yen2_page_0258_c07_123.png,yen2,page_0258,7,寿,thì,寺,U+5BFA,char,SILVER,s2_inter_s3_corrected,0.926,0.178,117.0,167.0,92c89178251c,ok,val,yen2|page_0258|c7,"[544, 1625, 653, 1760]",s2_inter_s3_corrected,15.11900826446281,6969e5cba0ed44ec,471
6360,silver/yen2_page_0078_c08_153.png,yen2,page_0078,8,業,đàng,堂,U+5802,char,SILVER,s2_inter_s3_corrected,0.915,0.256,114.0,141.0,6c77ddb5e6aa,ok,train,yen2|page_0078|c8,"[413, 1028, 518, 1143]",s2_inter_s3_corrected,15.11900826446281,e73e4697d54d8318,472
69239,silver/yen11_page_0160_c05_084.png,yen11,page_0160,5,悔,sệt,特,U+7279,char,SILVER,s3_head_bank_consensus,0.284,0.211,100.0,130.0,40fea5be93d8,ok,train,yen11|page_0160|c5,"[880, 1501, 989, 1613]",s3_head_bank_consensus,14.485714285714286,c37fbf2041ff5ee3,473
31587,silver/yen4_page_0048_c03_053.png,yen4,page_0048,3,记,bà,把,U+628A,char,SILVER,s2_inter_s3_corrected,0.511,0.186,90.0,111.0,b678468aad29,ok,train,yen4|page_0048|c3,"[770, 970, 844, 1061]",s2_inter_s3_corrected,15.11900826446281,3779b9920554fceb,474
49145,silver/yen4_page_0238_c09_184.png,yen4,page_0238,9,米,thắng,𤯝,U+24BDD,char,SILVER,s3_head_bank_consensus,0.058,0.183,62.0,79.0,1d71ccafbcd1,ok,train,yen4|page_0238|c9,"[167, 1027, 239, 1092]",s3_head_bank_consensus,14.485714285714286,94afb46ba8347a53,475
45394,silver/yen4_page_0198_c08_128.png,yen4,page_0198,8,爾,trời,𡗶,U+215F6,char,SILVER,s3_head_bank_consensus,0.137,0.178,79.0,96.0,5af91014f2e3,ok,train,yen4|page_0198|c8,"[280, 293, 353, 371]",s3_head_bank_consensus,14.485714285714286,e11c0392a54727eb,476
74488,silver/yen11_page_0216_c04_074.png,yen11,page_0216,4,尺,này,尼,U+5C3C,char,SILVER,s2_inter_s3_corrected,0.575,0.14,90.0,136.0,20d3bcb367f1,ok,train,yen11|page_0216|c4,"[1049, 1313, 1152, 1423]",s2_inter_s3_corrected,15.11900826446281,5b012483428518ad,477
22866,silver/yen2_page_0270_c05_094.png,yen2,page_0270,5,寿,thì,寺,U+5BFA,char,SILVER,s2_inter_s3_corrected,0.935,0.186,79.0,131.0,dcea14c44724,ok,train,yen2|page_0270|c5,"[854, 920, 944, 1027]",s2_inter_s3_corrected,15.11900826446281,23009e0619940e16,478
2625,silver/yen2_page_0038_c09_180.png,yen2,page_0038,9,華,la,羅,U+7F85,char,SILVER,s2_inter_s3_corrected,0.626,0.142,140.0,163.0,80f16f7fcac0,ok,train,yen2|page_0038|c9,"[217, 1972, 331, 2105]",s2_inter_s3_corrected,15.11900826446281,d7d3069bb5fce2aa,479
62952,silver/yen11_page_0094_c05_107.png,yen11,page_0094,5,炤,ay,炤,U+70A4,char,SILVER,s1_inter_s3_out_of_dict,0.6,0.208,122.0,126.0,7425be71e61e,ok,train,yen11|page_0094|c5,"[863, 2113, 970, 2220]",s1_inter_s3_out_of_dict,4.7,a1af76f0ff64affe,480
11663,silver/yen2_page_0136_c03_036.png,yen2,page_0136,3,建,vua,君,U+541B,char,SILVER,s3_head_bank_consensus,0.129,0.277,125.0,140.0,a2d9fed5d0ce,ok,train,yen2|page_0136|c3,"[1116, 2124, 1217, 2238]",s3_head_bank_consensus,14.485714285714286,96ab3e45b82d9156,481
15354,silver/yen2_page_0180_c07_131.png,yen2,page_0180,7,君,nay,尼,U+5C3C,char,SILVER,s2_inter_s3_corrected,0.572,0.177,120.0,163.0,82f95aa2b6ba,ok,train,yen2|page_0180|c7,"[516, 2295, 622, 2428]",s2_inter_s3_corrected,15.11900826446281,1c2fa19eff9423b4,482
15604,silver/yen2_page_0184_c03_044.png,yen2,page_0184,3,詩,thì,寺,U+5BFA,char,SILVER,s2_inter_s3_corrected,0.727,0.219,131.0,171.0,afc287b69a0f,ok,train,yen2|page_0184|c3,"[1171, 1607, 1287, 1746]",s2_inter_s3_corrected,15.11900826446281,d07c6f419e9a6672,483
22343,silver/yen2_page_0264_c05_091.png,yen2,page_0264,5,占,lo,卢,U+5362,char,SILVER,s2_inter_s3_corrected,0.866,0.213,96.0,148.0,f1f5802506dc,ok,train,yen2|page_0264|c5,"[818, 1840, 930, 1960]",s2_inter_s3_corrected,15.11900826446281,9b354c2c8f3ba687,484
6389,silver/yen2_page_0078_c09_182.png,yen2,page_0078,9,狗,câu,拘,U+62D8,char,SILVER,s2_inter_s3_corrected,0.659,0.26,129.0,140.0,a5a4a5ae861f,ok,train,yen2|page_0078|c9,"[260, 1754, 367, 1868]",s2_inter_s3_corrected,15.11900826446281,822926ddc25d8f2d,485
52690,silver/yen4_page_0276_c08_156.png,yen4,page_0276,8,置,mới,買,U+8CB7,char,SILVER,s2_inter_s3_corrected,0.784,0.174,56.0,99.0,1a5a88eeac7b,ok,train,yen4|page_0276|c8,"[273, 1331, 346, 1412]",s2_inter_s3_corrected,15.11900826446281,fb30ba708350ce10,486
11499,silver/yen2_page_0134_c04_063.png,yen2,page_0134,4,蓬,trên,連,U+9023,char,SILVER,s2_inter_s3_corrected,0.934,0.288,130.0,117.0,7ee797997893,ok,train,yen2|page_0134|c4,"[1003, 489, 1109, 594]",s2_inter_s3_corrected,15.11900826446281,d9465d64adcdd94e,487
65891,silver/yen11_page_0126_c02_033.png,yen11,page_0126,2,𬜻,nghiệp,業,U+696D,char,SILVER,s3_head_bank_consensus,0.131,0.261,86.0,135.0,8e16f3e1c079,ok,train,yen11|page_0126|c2,"[1326, 1399, 1430, 1508]",s3_head_bank_consensus,14.485714285714286,2d0a0c7d210767ae,488
5147,silver/yen2_page_0066_c03_044.png,yen2,page_0066,3,毳,thì,寺,U+5BFA,char,SILVER,s2_inter_s3_corrected,0.618,0.161,115.0,134.0,8b0cee11d899,ok,train,yen2|page_0066|c3,"[1153, 584, 1256, 693]",s2_inter_s3_corrected,15.11900826446281,d90ea413756578f5,489
57651,silver/yen11_page_0032_c02_041.png,yen11,page_0032,2,暍,ngày,𣈜,U+2321C,char,SILVER,s2_inter_s3_corrected,0.586,0.179,102.0,140.0,3227ed1f9a80,ok,train,yen11|page_0032|c2,"[1305, 2271, 1407, 2385]",s2_inter_s3_corrected,15.11900826446281,15d0a3135afb1876,490
9863,silver/yen2_page_0116_c08_146.png,yen2,page_0116,8,而,làm,爫,U+722B,char,SILVER,s2_inter_s3_corrected,0.609,0.164,90.0,136.0,c12ac1923ff3,ok,test,yen2|page_0116|c8,"[368, 1171, 470, 1281]",s2_inter_s3_corrected,15.11900826446281,aa2e2e4497145f06,491
16003,silver/yen2_page_0188_c07_115.png,yen2,page_0188,7,孛,but,孛,U+5B5B,char,SILVER,s1_inter_s3_out_of_dict,0.952,0.236,117.0,168.0,4fd011770354,ok,train,yen2|page_0188|c7,"[482, 572, 593, 708]",s1_inter_s3_out_of_dict,4.7,288623c4a65110b8,492
66265,silver/yen11_page_0130_c02_038.png,yen11,page_0130,2,色,đã,㐌,U+340C,char,SILVER,s2_inter_s3_corrected,0.572,0.205,128.0,137.0,6e01d166dbf7,ok,train,yen11|page_0130|c2,"[1317, 1918, 1424, 2029]",s2_inter_s3_corrected,15.11900826446281,234d1dbff34e7ece,493
15317,silver/yen2_page_0180_c05_094.png,yen2,page_0180,5,㸔,mi,眉,U+7709,char,SILVER,s2_inter_s3_corrected,0.981,0.214,135.0,147.0,35147b43ca3b,ok,train,yen2|page_0180|c5,"[814, 2408, 923, 2528]",s2_inter_s3_corrected,15.11900826446281,ca928739d936c0db,494
23515,silver/yen2_page_0278_c01_016.png,yen2,page_0278,1,僞,thương,傷,U+50B7,char,SILVER,s2_inter_s3_corrected,0.981,0.189,89.0,163.0,91e22db4d948,tall,train,yen2|page_0278|c1,"[1449, 2276, 1556, 2409]",s2_inter_s3_corrected,15.11900826446281,453eb792d071ef38,495
9616,silver/yen2_page_0114_c04_074.png,yen2,page_0114,4,迂,giê,支,U+652F,char,SILVER,s2_inter_s3_corrected,0.583,0.231,112.0,138.0,005664bb983c,ok,train,yen2|page_0114|c4,"[994, 1569, 1102, 1681]",s2_inter_s3_corrected,15.11900826446281,29797c3e40c9d97f,496
75597,silver/yen11_page_0228_c01_014.png,yen11,page_0228,1,盗,nghe,宜,U+5B9C,char,SILVER,s3_head_bank_consensus,0.477,0.166,77.0,142.0,167e4e9e2b68,tall,train,yen11|page_0228|c1,"[1482, 1764, 1567, 1880]",s3_head_bank_consensus,14.485714285714286,a81d952e623017a5,497
52282,silver/yen4_page_0272_c06_124.png,yen4,page_0272,6,辰,rằng,浪,U+6D6A,char,SILVER,s2_inter_s3_corrected,0.919,0.144,79.0,101.0,9715599bdd21,ok,train,yen4|page_0272|c6,"[496, 1243, 568, 1326]",s2_inter_s3_corrected,15.11900826446281,8e4eb6dd8eb5d840,498
34817,silver/yen4_page_0082_c05_090.png,yen4,page_0082,5,卷,này,尼,U+5C3C,char,SILVER,s2_inter_s3_corrected,0.797,0.149,77.0,88.0,96145cdd8683,ok,train,yen4|page_0082|c5,"[565, 377, 633, 449]",s2_inter_s3_corrected,15.11900826446281,e505224a52f36640,499
49891,silver/yen4_page_0246_c08_166.png,yen4,page_0246,8,銜,về,𧗱,U+275F1,char,SILVER,s2_inter_s3_corrected,0.551,0.211,74.0,101.0,5ec483ae783b,ok,train,yen4|page_0246|c8,"[273, 1417, 347, 1500]",s2_inter_s3_corrected,15.11900826446281,c301e18c3f9e6808,500
79732,silver/yen11_page_0272_c05_077.png,yen11,page_0272,5,槎,si,瘥,U+7625,char,SILVER,s3_head_bank_consensus,0.576,0.217,116.0,131.0,97853328c83a,ok,val,yen11|page_0272|c5,"[898, 721, 1010, 838]",s3_head_bank_consensus,14.485714285714286,1480d047f970091c,501
18428,silver/yen2_page_0218_c04_059.png,yen2,page_0218,4,詩,thì,寺,U+5BFA,char,SILVER,s2_inter_s3_corrected,0.921,0.233,141.0,160.0,356c1e00b03d,ok,test,yen2|page_0218|c4,"[985, 688, 1102, 818]",s2_inter_s3_corrected,15.11900826446281,c53c7f86a14ba029,502
11038,silver/yen2_page_0128_c09_172.png,yen2,page_0128,9,僥,nhiều,嬈,U+5B08,char,SILVER,s2_inter_s3_corrected,0.919,0.219,132.0,132.0,f601e2b8e6ff,ok,train,yen2|page_0128|c9,"[174, 480, 282, 588]",s2_inter_s3_corrected,15.11900826446281,8f7a869e69026986,503
12294,silver/yen2_page_0142_c07_133.png,yen2,page_0142,7,辰,nơi,尼,U+5C3C,char,SILVER,s2_inter_s3_corrected,0.507,0.181,135.0,149.0,dea9a78c3cd1,ok,train,yen2|page_0142|c7,"[539, 2399, 648, 2520]",s2_inter_s3_corrected,15.11900826446281,3b4f6e3c7b8d6aa5,504
47016,silver/yen4_page_0216_c05_100.png,yen4,page_0216,5,尅,dối,対,U+5BFE,char,SILVER,s2_inter_s3_corrected,0.93,0.145,89.0,94.0,a947ead843e2,ok,train,yen4|page_0216|c5,"[566, 1327, 639, 1406]",s2_inter_s3_corrected,15.11900826446281,4fd7b1cc4c4fea51,505
15129,silver/yen2_page_0178_c05_074.png,yen2,page_0178,5,去,cáo,告,U+544A,char,SILVER,s2_inter_s3_corrected,0.73,0.205,135.0,147.0,a0aedf03c988,ok,test,yen2|page_0178|c5,"[837, 501, 946, 620]",s2_inter_s3_corrected,15.11900826446281,f50c889ec4a38498,506
53583,silver/yen4_page_0286_c03_049.png,yen4,page_0286,3,慎,xin,填,U+586B,char,SILVER,s2_inter_s3_corrected,0.773,0.145,71.0,86.0,b5aae3d946a2,ok,train,yen4|page_0286|c3,"[764, 418, 832, 488]",s2_inter_s3_corrected,15.11900826446281,f6384470643344e7,507
3967,silver/yen2_page_0054_c01_004.png,yen2,page_0054,1,未,cầu,求,U+6C42,char,SILVER,s3_head_bank_consensus,0.33,0.189,113.0,148.0,085bb12b3350,ok,train,yen2|page_0054|c1,"[1437, 866, 1540, 986]",s3_head_bank_consensus,14.485714285714286,64f9047d62e73d2b,508
8959,silver/yen2_page_0106_c07_133.png,yen2,page_0106,7,冬,các,各,U+5404,char,SILVER,s2_inter_s3_corrected,0.904,0.209,138.0,149.0,8d4fe4f38709,ok,train,yen2|page_0106|c7,"[537, 2005, 649, 2126]",s2_inter_s3_corrected,15.11900826446281,1c35d7530c949d7d,509
70040,silver/yen11_page_0168_c07_133.png,yen11,page_0168,7,妨,cô,姑,U+59D1,char,SILVER,s2_inter_s3_corrected,0.907,0.201,95.0,139.0,cb6893e75a83,ok,test,yen11|page_0168|c7,"[584, 513, 683, 626]",s2_inter_s3_corrected,15.11900826446281,f66abcdab7f11de9,510
30789,silver/yen4_page_0040_c02_034.png,yen4,page_0040,2,毫,xuống,下,U+4E0B,char,SILVER,s3_head_bank_consensus,0.044,0.177,94.0,99.0,95898f64e764,ok,train,yen4|page_0040|c2,"[854, 1188, 930, 1269]",s3_head_bank_consensus,14.485714285714286,f9960f3b421d27db,511
61736,silver/yen11_page_0078_c03_047.png,yen11,page_0078,3,怜,khác,恪,U+606A,char,SILVER,s2_inter_s3_corrected,0.881,0.192,109.0,130.0,305168b99ea6,ok,train,yen11|page_0078|c3,"[1157, 763, 1260, 869]",s2_inter_s3_corrected,15.11900826446281,0fa22eb5b20d3e6a,512
70329,silver/yen11_page_0172_c06_093.png,yen11,page_0172,6,因,có,固,U+56FA,char,SILVER,s2_inter_s3_corrected,0.957,0.247,85.0,139.0,e27ff851e107,ok,train,yen11|page_0172|c6,"[1264, 1522, 1374, 1635]",s2_inter_s3_corrected,15.11900826446281,1f35a4f40a68dc6d,513
49585,silver/yen4_page_0244_c03_059.png,yen4,page_0244,3,潑,một,没,U+6CA1,char,SILVER,s3_head_bank_consensus,0.464,0.148,70.0,94.0,1decdc95c216,ok,train,yen4|page_0244|c3,"[766, 1143, 834, 1219]",s3_head_bank_consensus,14.485714285714286,d8e18c18a51997da,514
41461,silver/yen4_page_0156_c04_057.png,yen4,page_0156,4,捶,chọn,撰,U+64B0,char,SILVER,s3_head_bank_consensus,0.436,0.221,82.0,108.0,794d3519d256,ok,train,yen4|page_0156|c4,"[699, 877, 776, 965]",s3_head_bank_consensus,14.485714285714286,ae95e2e510546a5e,515
15683,silver/yen2_page_0184_c07_123.png,yen2,page_0184,7,傳,truyen,傳,U+50B3,char,SILVER,s1_inter_s3_out_of_dict,0.981,0.226,114.0,154.0,e25a5d128979,ok,test,yen2|page_0184|c7,"[555, 2123, 668, 2251]",s1_inter_s3_out_of_dict,4.7,9bd0f47b609291b1,516
73050,silver/yen11_page_0200_c07_153.png,yen11,page_0200,7,畧,truoc,畧,U+7567,char,SILVER,s1_inter_s3_out_of_dict,0.9,0.173,100.0,115.0,bdf188deec9d,ok,test,yen11|page_0200|c7,"[579, 2403, 681, 2508]",s1_inter_s3_out_of_dict,4.7,08a770cc406dc0f1,517
33822,silver/yen4_page_0072_c02_026.png,yen4,page_0072,2,存,mà,麻,U+9EBB,char,SILVER,s2_inter_s3_corrected,0.939,0.178,80.0,90.0,9c6c54880ff1,ok,val,yen4|page_0072|c2,"[869, 765, 940, 839]",s2_inter_s3_corrected,15.11900826446281,538417e234eac16a,518
9073,silver/yen2_page_0108_c04_069.png,yen2,page_0108,4,暮,trăm,林,U+6797,char,SILVER,s3_head_bank_consensus,0.031,0.24,132.0,141.0,1967ac771bc5,ok,train,yen2|page_0108|c4,"[1001, 1696, 1109, 1811]",s3_head_bank_consensus,14.485714285714286,96548bda42eb98fb,519
43209,silver/yen4_page_0174_c02_026.png,yen4,page_0174,2,數,khi,欺,U+6B3A,char,SILVER,s2_inter_s3_corrected,0.961,0.155,69.0,78.0,5c0153f3f081,ok,val,yen4|page_0174|c2,"[870, 354, 937, 426]",s2_inter_s3_corrected,15.11900826446281,51e58a6e64eeb405,520
12478,silver/yen2_page_0146_c09_143.png,yen2,page_0146,9,吞,lần,吝,U+541D,char,SILVER,s2_inter_s3_corrected,0.913,0.227,123.0,138.0,cbf0c124892b,ok,train,yen2|page_0146|c9,"[244, 767, 348, 879]",s2_inter_s3_corrected,15.11900826446281,7e0f6b8a922baa09,521
7553,silver/yen2_page_0092_c03_054.png,yen2,page_0092,3,洞,vua,君,U+541B,char,SILVER,s3_head_bank_consensus,0.703,0.21,112.0,137.0,16e770304460,ok,train,yen2|page_0092|c3,"[1130, 1095, 1231, 1206]",s3_head_bank_consensus,14.485714285714286,dccfa865c2c3c85c,522
19638,silver/yen2_page_0232_c04_076.png,yen2,page_0232,4,雄,sốt,焠,U+7120,char,SILVER,s2_inter_s3_corrected,0.627,0.205,113.0,127.0,67161085d767,ok,train,yen2|page_0232|c4,"[1003, 2414, 1108, 2523]",s2_inter_s3_corrected,15.11900826446281,d2cec07441e60f3f,523
3461,silver/yen2_page_0048_c04_069.png,yen2,page_0048,4,詩,thì,寺,U+5BFA,char,SILVER,s2_inter_s3_corrected,0.941,0.277,114.0,130.0,2f886c8240d4,ok,train,yen2|page_0048|c4,"[966, 2328, 1070, 2434]",s2_inter_s3_corrected,15.11900826446281,224c4475f6581001,524
32684,silver/yen4_page_0060_c03_055.png,yen4,page_0060,3,樞,giu,樞,U+6A1E,char,SILVER,s1_inter_s3_out_of_dict,0.838,0.158,81.0,101.0,966442fa500b,ok,train,yen4|page_0060|c3,"[741, 1107, 816, 1190]",s1_inter_s3_out_of_dict,4.7,201aaf1c122c6104,525
8681,silver/yen2_page_0104_c03_043.png,yen2,page_0104,3,悰,rất,慄,U+6144,char,SILVER,s2_inter_s3_corrected,0.838,0.257,130.0,134.0,6d10c75d01a6,ok,train,yen2|page_0104|c3,"[1131, 416, 1237, 525]",s2_inter_s3_corrected,15.11900826446281,b15474b7913fbac5,526
46960,silver/yen4_page_0216_c03_044.png,yen4,page_0216,3,蜂,thờ,蜍,U+870D,char,SILVER,s2_inter_s3_corrected,0.916,0.147,87.0,101.0,d3085aa7d42f,ok,train,yen4|page_0216|c3,"[771, 361, 845, 444]",s2_inter_s3_corrected,15.11900826446281,8cb177038afe169f,527
6799,silver/yen2_page_0084_c02_039.png,yen2,page_0084,2,左,của,古,U+53E4,char,SILVER,s3_head_bank_consensus,0.488,0.165,111.0,147.0,117528052fdb,ok,train,yen2|page_0084|c2,"[1290, 2032, 1393, 2151]",s3_head_bank_consensus,14.485714285714286,0a63a7d4c42d7fb1,528
21344,silver/yen2_page_0252_c05_075.png,yen2,page_0252,5,潮,lên,連,U+9023,char,SILVER,s2_inter_s3_corrected,0.952,0.261,140.0,182.0,08dc9cda9794,ok,train,yen2|page_0252|c5,"[827, 591, 954, 739]",s2_inter_s3_corrected,15.11900826446281,5a99d0bc2e30ad1c,529
34190,silver/yen4_page_0076_c03_060.png,yen4,page_0076,3,然,dạy,代,U+4EE3,char,SILVER,s2_inter_s3_corrected,0.589,0.184,73.0,96.0,5b00d7e2dfde,ok,train,yen4|page_0076|c3,"[752, 1389, 824, 1467]",s2_inter_s3_corrected,15.11900826446281,84107663e228a262,530
45676,silver/yen4_page_0202_c03_060.png,yen4,page_0202,3,恕,hồn,塊,U+584A,char,SILVER,s2_inter_s3_corrected,0.604,0.139,87.0,98.0,63fcc9c5c9ec,ok,train,yen4|page_0202|c3,"[794, 1496, 867, 1576]",s2_inter_s3_corrected,15.11900826446281,fa1f3c04c25e83b6,531
11373,silver/yen2_page_0132_c06_118.png,yen2,page_0132,6,仼,đã,㐌,U+340C,char,SILVER,s2_inter_s3_corrected,0.784,0.261,102.0,147.0,540f4e109cc3,ok,train,yen2|page_0132|c6,"[641, 1557, 745, 1676]",s2_inter_s3_corrected,15.11900826446281,f32e24c6b40e980d,532
36300,silver/yen4_page_0098_c02_030.png,yen4,page_0098,2,𫝕,rằng,浪,U+6D6A,char,SILVER,s2_inter_s3_corrected,0.679,0.16,72.0,89.0,69ea44fbb988,ok,train,yen4|page_0098|c2,"[862, 711, 934, 784]",s2_inter_s3_corrected,15.11900826446281,ed42456d9280c1d0,533
45415,silver/yen4_page_0198_c09_149.png,yen4,page_0198,9,打,giết,折,U+6298,char,SILVER,s2_inter_s3_corrected,0.969,0.168,65.0,79.0,2f3aca310f9c,ok,train,yen4|page_0198|c9,"[192, 240, 254, 305]",s2_inter_s3_corrected,15.11900826446281,8f8a354324f0c3fe,534
1045,silver/yen2_page_0022_c06_112.png,yen2,page_0022,6,诸,chưa,渚,U+6E1A,char,SILVER,s2_inter_s3_corrected,0.913,0.211,107.0,158.0,2dd767af82c7,ok,train,yen2|page_0022|c6,"[685, 1331, 772, 1459]",s2_inter_s3_corrected,15.11900826446281,f0814469dc9fda7c,535
52436,silver/yen4_page_0274_c04_081.png,yen4,page_0274,4,張,đoạn,段,U+6BB5,char,SILVER,s3_head_bank_consensus,0.359,0.167,78.0,98.0,4546bd7d33d5,ok,train,yen4|page_0274|c4,"[669, 1266, 740, 1346]",s3_head_bank_consensus,14.485714285714286,4083c00e78a3b92b,536
34447,silver/yen4_page_0078_c05_114.png,yen4,page_0078,5,雲,bởi,罢,U+7F62,char,SILVER,s2_inter_s3_corrected,0.934,0.224,66.0,89.0,55c38aa28050,ok,train,yen4|page_0078|c5,"[593, 1374, 664, 1447]",s2_inter_s3_corrected,15.11900826446281,ff87ba89c00424c3,537
972,silver/yen2_page_0022_c02_039.png,yen2,page_0022,2,禇,chớ,渚,U+6E1A,char,SILVER,s2_inter_s3_corrected,0.869,0.196,122.0,147.0,4c19f6081f13,ok,train,yen2|page_0022|c2,"[1280, 2117, 1384, 2236]",s2_inter_s3_corrected,15.11900826446281,f1313070244b5708,538
41473,silver/yen4_page_0156_c05_069.png,yen4,page_0156,5,思,hồn,魂,U+9B42,char,SILVER,s2_inter_s3_corrected,0.777,0.189,76.0,95.0,9d1ef9d3455b,ok,train,yen4|page_0156|c5,"[583, 329, 658, 411]",s2_inter_s3_corrected,15.11900826446281,99b475607ce2776f,539
5048,silver/yen2_page_0064_c07_126.png,yen2,page_0064,7,涛,chớ,渚,U+6E1A,char,SILVER,s2_inter_s3_corrected,0.799,0.267,126.0,155.0,d484c90915a5,ok,train,yen2|page_0064|c7,"[504, 963, 607, 1088]",s2_inter_s3_corrected,15.11900826446281,d9c0a6be3463af63,540
29819,silver/yen4_page_0030_c02_028.png,yen4,page_0030,2,三,đến,旦,U+65E6,char,SILVER,s2_inter_s3_corrected,0.585,0.133,65.0,97.0,835e7d327c4b,ok,train,yen4|page_0030|c2,"[850, 508, 919, 587]",s2_inter_s3_corrected,15.11900826446281,fcd18a833fb0b2ff,541
10066,silver/yen2_page_0118_c08_167.png,yen2,page_0118,8,坌,ông,翁,U+7FC1,char,SILVER,s2_inter_s3_corrected,0.522,0.207,99.0,149.0,9f3f9bfa2626,ok,train,yen2|page_0118|c8,"[358, 1723, 461, 1844]",s2_inter_s3_corrected,15.11900826446281,929fdd34cc194b05,542
30543,silver/yen4_page_0036_c09_179.png,yen4,page_0036,9,僊,đức,德,U+5FB7,char,SILVER,s2_inter_s3_corrected,0.773,0.183,80.0,108.0,1d06a09a7836,ok,train,yen4|page_0036|c9,"[181, 769, 263, 857]",s2_inter_s3_corrected,15.11900826446281,3d85d665269b33c2,543
1903,silver/yen2_page_0032_c01_015.png,yen2,page_0032,1,茋,đoạn,段,U+6BB5,char,SILVER,s2_inter_s3_corrected,0.905,0.171,122.0,138.0,459de6624328,ok,val,yen2|page_0032|c1,"[1425, 1815, 1530, 1927]",s2_inter_s3_corrected,15.11900826446281,1b3ca87141f3fb92,544
78059,silver/yen11_page_0254_c06_135.png,yen11,page_0254,6,各,cac,各,U+5404,char,SILVER,s1_inter_s3_out_of_dict,0.981,0.153,136.0,107.0,20b50af47f16,ok,train,yen11|page_0254|c6,"[711, 2392, 821, 2494]",s1_inter_s3_out_of_dict,4.7,704c6966c8b125b6,545
35240,silver/yen4_page_0086_c06_111.png,yen4,page_0086,6,遭,mươi,邁,U+9081,char,SILVER,s2_inter_s3_corrected,0.981,0.144,85.0,95.0,ce917b1e9af8,ok,train,yen4|page_0086|c6,"[467, 548, 536, 625]",s2_inter_s3_corrected,15.11900826446281,7ab3c0cdcc4e0fb3,546
30143,silver/yen4_page_0032_c08_151.png,yen4,page_0032,8,浪,trằng,浪,U+6D6A,char,SILVER,s1_inter_s3_out_of_dict,0.924,0.114,89.0,104.0,bdd8026dffd7,ok,train,yen4|page_0032|c8,"[276, 1185, 349, 1269]",s1_inter_s3_out_of_dict,4.7,6b39c45da546c7e9,547
20038,silver/yen2_page_0236_c07_126.png,yen2,page_0236,7,坐,ta,些,U+4E9B,char,SILVER,s2_inter_s3_corrected,0.699,0.185,116.0,149.0,aa5594fc81a8,ok,train,yen2|page_0236|c7,"[530, 1830, 644, 1951]",s2_inter_s3_corrected,15.11900826446281,ce8c3b8067b06256,548
71389,silver/yen11_page_0184_c01_014.png,yen11,page_0184,1,渡,nước,渃,U+6E03,char,SILVER,s3_head_bank_consensus,0.468,0.125,116.0,147.0,247a2441905a,ok,train,yen11|page_0184|c1,"[1485, 1775, 1591, 1894]",s3_head_bank_consensus,14.485714285714286,13b62d189e920ccd,549
82089,silver/yen11_page_0298_c01_004.png,yen11,page_0298,1,𫈦,một,更,U+66F4,char,SILVER,s2_inter_s3_corrected,0.765,0.219,91.0,140.0,e1830a773e3c,ok,val,yen11|page_0298|c1,"[1466, 792, 1566, 906]",s2_inter_s3_corrected,15.11900826446281,fb4c243818ccec72,550
10383,silver/yen2_page_0122_c05_096.png,yen2,page_0122,5,父,lêu,撩,U+64A9,char,SILVER,s3_head_bank_consensus,0.011,0.199,92.0,140.0,215b861dbec7,ok,train,yen2|page_0122|c5,"[842, 1513, 944, 1627]",s3_head_bank_consensus,14.485714285714286,c5731801a0f83f35,551
49629,silver/yen4_page_0244_c05_103.png,yen4,page_0244,5,在,chẳng,庄,U+5E84,char,SILVER,s2_inter_s3_corrected,0.622,0.179,78.0,89.0,7b2845d6dd89,ok,test,yen4|page_0244|c5,"[572, 1051, 641, 1124]",s2_inter_s3_corrected,15.11900826446281,e0dd67bbe022aa66,552
11831,silver/yen2_page_0138_c02_035.png,yen2,page_0138,2,吞,trời,𡗶,U+215F6,char,SILVER,s2_inter_s3_corrected,0.821,0.176,111.0,129.0,0ff7fb883edb,ok,train,yen2|page_0138|c2,"[1305, 1613, 1405, 1718]",s2_inter_s3_corrected,15.11900826446281,d8491cbb92595bd5,553
39764,silver/yen4_page_0138_c02_029.png,yen4,page_0138,2,伺,vua,君,U+541B,char,SILVER,s3_head_bank_consensus,0.05,0.135,86.0,97.0,b9ccd4c2fd6a,ok,train,yen4|page_0138|c2,"[851, 677, 923, 756]",s3_head_bank_consensus,14.485714285714286,8e333d86542a3a1d,554
23063,silver/yen2_page_0272_c05_091.png,yen2,page_0272,5,甲,khăn,中,U+4E2D,char,SILVER,s2_inter_s3_corrected,0.965,0.13,101.0,156.0,3749e0922122,ok,train,yen2|page_0272|c5,"[853, 1498, 960, 1624]",s2_inter_s3_corrected,15.11900826446281,38c430953e1d0d2e,555
79708,silver/yen11_page_0272_c03_053.png,yen11,page_0272,3,举,trăm,林,U+6797,char,SILVER,s3_head_bank_consensus,0.026,0.17,99.0,89.0,f3506e2a9d5f,ok,test,yen11|page_0272|c3,"[1221, 1864, 1327, 1937]",s3_head_bank_consensus,14.485714285714286,65c38bda5a55bec4,556
14641,silver/yen2_page_0172_c06_099.png,yen2,page_0172,6,䢌,đón,迍,U+8FCD,char,SILVER,s2_inter_s3_corrected,0.839,0.209,135.0,160.0,641c565ab93f,ok,train,yen2|page_0172|c6,"[676, 902, 785, 1032]",s2_inter_s3_corrected,15.11900826446281,2fd953cfee399228,557
42312,silver/yen4_page_0164_c07_132.png,yen4,page_0164,7,肺,phải,伂,U+4F02,char,SILVER,s2_inter_s3_corrected,0.694,0.105,70.0,78.0,7fc16d3295a8,ok,train,yen4|page_0164|c7,"[378, 249, 443, 313]",s2_inter_s3_corrected,15.11900826446281,1a91af8580493778,558
28750,silver/yen4_page_0018_c02_023.png,yen4,page_0018,2,逢,lên,連,U+9023,char,SILVER,s2_inter_s3_corrected,0.852,0.14,69.0,80.0,05447047fbc8,ok,train,yen4|page_0018|c2,"[835, 266, 907, 341]",s2_inter_s3_corrected,15.11900826446281,c93b6bd5b319ab9e,559
32537,silver/yen4_page_0058_c05_094.png,yen4,page_0058,5,奎,tao,蚤,U+86A4,char,SILVER,s2_inter_s3_corrected,0.926,0.193,83.0,101.0,79eb16eb5810,ok,train,yen4|page_0058|c5,"[580, 986, 653, 1069]",s2_inter_s3_corrected,15.11900826446281,ebe5e3e9f86988f2,560
33644,silver/yen4_page_0070_c03_046.png,yen4,page_0070,3,白,làm,乄,U+4E44,char,SILVER,s2_inter_s3_corrected,0.644,0.149,60.0,98.0,bd34fbca4a57,ok,train,yen4|page_0070|c3,"[751, 566, 819, 646]",s2_inter_s3_corrected,15.11900826446281,52e093d510d3e660,561
59796,silver/yen11_page_0056_c08_157.png,yen11,page_0056,8,数,đoạn,断,U+65AD,char,SILVER,s2_inter_s3_corrected,0.881,0.18,130.0,143.0,eaff95d99aa8,ok,train,yen11|page_0056|c8,"[417, 1492, 523, 1610]",s2_inter_s3_corrected,15.11900826446281,6bf36817b47ce463,562
7327,silver/yen2_page_0090_c02_023.png,yen2,page_0090,2,咬,ăn,安,U+5B89,char,SILVER,s2_inter_s3_corrected,0.637,0.158,112.0,145.0,60c3cbaeeebc,ok,test,yen2|page_0090|c2,"[1282, 1672, 1387, 1789]",s2_inter_s3_corrected,15.11900826446281,19f2b81b24bfd9a1,563
40351,silver/yen4_page_0144_c02_023.png,yen4,page_0144,2,因,có,固,U+56FA,char,SILVER,s2_inter_s3_corrected,0.905,0.154,89.0,100.0,3ab588d479e5,ok,train,yen4|page_0144|c2,"[870, 359, 943, 441]",s2_inter_s3_corrected,15.11900826446281,d0cc3dcbf9a94c97,564
27183,silver/yen2_page_0320_c04_073.png,yen2,page_0320,4,逢,liên,連,U+9023,char,SILVER,s2_inter_s3_corrected,0.742,0.173,133.0,156.0,28eeee0af091,ok,train,yen2|page_0320|c4,"[992, 2305, 1105, 2431]",s2_inter_s3_corrected,15.11900826446281,f7e4a0126cddd788,565
57701,silver/yen11_page_0032_c05_091.png,yen11,page_0032,5,戛,một,蔑,U+8511,char,SILVER,s2_inter_s3_corrected,0.616,0.221,86.0,136.0,6a8d8cc9e742,ok,train,yen11|page_0032|c5,"[849, 866, 956, 981]",s2_inter_s3_corrected,15.11900826446281,42cdf620cee106b1,566
44277,silver/yen4_page_0186_c06_101.png,yen4,page_0186,6,遍,mười,邁,U+9081,char,SILVER,s2_inter_s3_corrected,0.918,0.195,86.0,93.0,8c0a0c4139f7,ok,train,yen4|page_0186|c6,"[473, 391, 543, 466]",s2_inter_s3_corrected,15.11900826446281,fa2e486cc0552eb6,567
33608,silver/yen4_page_0070_c01_010.png,yen4,page_0070,1,思,khỏi,塊,U+584A,char,SILVER,s2_inter_s3_corrected,0.901,0.168,70.0,100.0,f299530ff508,ok,train,yen4|page_0070|c1,"[942, 931, 1017, 1013]",s2_inter_s3_corrected,15.11900826446281,ac985ca2cfbc66ef,568
80513,silver/yen11_page_0280_c06_115.png,yen11,page_0280,6,找,cũng,拱,U+62F1,char,SILVER,s2_inter_s3_corrected,0.722,0.233,95.0,146.0,3f8c2380ff5f,ok,test,yen11|page_0280|c6,"[740, 1282, 848, 1400]",s2_inter_s3_corrected,15.11900826446281,3e2762f5a33eae72,569
31604,silver/yen4_page_0048_c04_070.png,yen4,page_0048,4,開,bấy,閉,U+9589,char,SILVER,s2_inter_s3_corrected,0.698,0.182,87.0,104.0,e6d70b545b27,ok,train,yen4|page_0048|c4,"[678, 816, 749, 900]",s2_inter_s3_corrected,15.11900826446281,fa7127acf075b5bd,570
2395,silver/yen2_page_0036_c07_123.png,yen2,page_0036,7,伐,ấy,衣,U+8863,char,SILVER,s2_inter_s3_corrected,0.981,0.218,98.0,140.0,a84bba336536,ok,test,yen2|page_0036|c7,"[504, 1581, 606, 1695]",s2_inter_s3_corrected,15.11900826446281,79dd6ef415142180,571
58498,silver/yen11_page_0042_c08_102.png,yen11,page_0042,8,飬,lành,冷,U+51B7,char,SILVER,s2_inter_s3_corrected,0.749,0.218,99.0,137.0,93d85bcb082b,ok,train,yen11|page_0042|c8,"[418, 2275, 518, 2386]",s2_inter_s3_corrected,15.11900826446281,2e201b80249023bd,572
9810,silver/yen2_page_0116_c05_093.png,yen2,page_0116,5,佇,giư,佇,U+4F47,char,SILVER,s1_inter_s3_out_of_dict,0.923,0.183,138.0,152.0,886ef1859f0b,ok,train,yen2|page_0116|c5,"[829, 2184, 941, 2308]",s1_inter_s3_out_of_dict,4.7,cba909396269818c,573
21132,silver/yen2_page_0250_c02_033.png,yen2,page_0250,2,注,chăng,庄,U+5E84,char,SILVER,s2_inter_s3_corrected,0.827,0.196,119.0,162.0,2005ead79f40,ok,train,yen2|page_0250|c2,"[1305, 2091, 1410, 2223]",s2_inter_s3_corrected,15.11900826446281,edffc84690aea485,574
23257,silver/yen2_page_0274_c06_109.png,yen2,page_0274,6,䍧,ngày,時,U+6642,char,SILVER,s2_inter_s3_corrected,0.537,0.24,125.0,159.0,fe7a2ff79c45,ok,train,yen2|page_0274|c6,"[640, 949, 753, 1078]",s2_inter_s3_corrected,15.11900826446281,5a90228d8238a837,575
51356,silver/yen4_page_0262_c07_120.png,yen4,page_0262,7,到,chép,劄,U+5284,char,SILVER,s3_head_bank_consensus,0.211,0.174,80.0,98.0,99e25b15ceb4,ok,test,yen4|page_0262|c7,"[381, 613, 452, 693]",s3_head_bank_consensus,14.485714285714286,7aee38d6624bff4f,576
34929,silver/yen4_page_0084_c01_003.png,yen4,page_0084,1,辰,răng,浪,U+6D6A,char,SILVER,s2_inter_s3_corrected,0.981,0.195,74.0,86.0,9364c978b5e8,ok,train,yen4|page_0084|c1,"[951, 422, 1025, 498]",s2_inter_s3_corrected,15.11900826446281,f1cb22b94f37e9a7,577
38046,silver/yen4_page_0118_c06_126.png,yen4,page_0118,6,氏,dân,民,U+6C11,char,SILVER,s3_head_bank_consensus,0.198,0.163,55.0,95.0,88210eb97dac,ok,train,yen4|page_0118|c6,"[481, 1148, 551, 1225]",s3_head_bank_consensus,14.485714285714286,4962a5ce3f69bde9,578
43828,silver/yen4_page_0182_c03_071.png,yen4,page_0182,3,冬,các,各,U+5404,char,SILVER,s2_inter_s3_corrected,0.921,0.129,80.0,74.0,d21c0da5c2a8,ok,test,yen4|page_0182|c3,"[814, 1441, 880, 1507]",s2_inter_s3_corrected,15.11900826446281,f69fd97c3a048417,579
34161,silver/yen4_page_0076_c02_031.png,yen4,page_0076,2,捶,chọn,撰,U+64B0,char,SILVER,s2_inter_s3_corrected,0.595,0.149,84.0,100.0,914b80eecffd,ok,train,yen4|page_0076|c2,"[859, 898, 930, 980]",s2_inter_s3_corrected,15.11900826446281,09365e8626e31cb3,580
37635,silver/yen4_page_0114_c05_107.png,yen4,page_0114,5,厚,lắm,廩,U+5EE9,char,SILVER,s2_inter_s3_corrected,0.716,0.193,76.0,91.0,66bb5c954fc0,ok,train,yen4|page_0114|c5,"[568, 1317, 640, 1395]",s2_inter_s3_corrected,15.11900826446281,0d121d0d62fef7fd,581
62578,silver/yen11_page_0090_c05_107.png,yen11,page_0090,5,尼,đem,冘,U+5198,char,SILVER,s3_head_bank_consensus,0.392,0.229,72.0,106.0,aef3aa7455b9,ok,val,yen11|page_0090|c5,"[830, 1927, 933, 2035]",s3_head_bank_consensus,14.485714285714286,6666356a74eb3165,582
47583,silver/yen4_page_0222_c06_121.png,yen4,page_0222,6,塵,đường,唐,U+5510,char,SILVER,s2_inter_s3_corrected,0.719,0.143,85.0,100.0,01d138027f54,ok,train,yen4|page_0222|c6,"[482, 1506, 554, 1588]",s2_inter_s3_corrected,15.11900826446281,ad377ea851738665,583
67457,silver/yen11_page_0142_c04_077.png,yen11,page_0142,4,思,quỷ,鬼,U+9B3C,char,SILVER,s2_inter_s3_corrected,0.607,0.184,87.0,139.0,3c35f9a01a87,ok,train,yen11|page_0142|c4,"[996, 1478, 1101, 1591]",s2_inter_s3_corrected,15.11900826446281,3a0890532aa39521,584
48974,silver/yen4_page_0238_c01_013.png,yen4,page_0238,1,欲,hết,欱,U+6B31,char,SILVER,s2_inter_s3_corrected,0.711,0.128,80.0,96.0,e1af007a4cae,ok,train,yen4|page_0238|c1,"[960, 1070, 1029, 1148]",s2_inter_s3_corrected,15.11900826446281,538ee7d321ee18f9,585
10923,silver/yen2_page_0128_c03_057.png,yen2,page_0128,3,虎,xác,壳,U+58F3,char,SILVER,s2_inter_s3_corrected,0.568,0.247,109.0,146.0,9e3573634bc2,ok,val,yen2|page_0128|c3,"[1106, 1950, 1217, 2068]",s2_inter_s3_corrected,15.11900826446281,4a42afb7740ace35,586
78921,silver/yen11_page_0264_c01_019.png,yen11,page_0264,1,即,chữa,𦔳,U+26533,char,SILVER,s2_inter_s3_corrected,0.62,0.183,84.0,113.0,5550d86a28e7,ok,train,yen11|page_0264|c1,"[1490, 2420, 1591, 2521]",s2_inter_s3_corrected,15.11900826446281,1e1acb6ca7dc5a1f,587
67163,silver/yen11_page_0138_c08_167.png,yen11,page_0138,8,庙,mà,麻,U+9EBB,char,SILVER,s2_inter_s3_corrected,0.792,0.12,105.0,140.0,6b76073e3b0e,ok,train,yen11|page_0138|c8,"[412, 1627, 510, 1741]",s2_inter_s3_corrected,15.11900826446281,dd599b2559bfaa95,588
60131,silver/yen11_page_0060_c06_107.png,yen11,page_0060,6,昂,sang,𢀨,U+22028,char,SILVER,s2_inter_s3_corrected,0.82,0.222,84.0,150.0,3cefe19803f3,ok,train,yen11|page_0060|c6,"[713, 1564, 822, 1686]",s2_inter_s3_corrected,15.11900826446281,328b37d475508ba9,589
52741,silver/yen4_page_0278_c02_024.png,yen4,page_0278,2,機,rừng,棱,U+68F1,char,SILVER,s2_inter_s3_corrected,0.861,0.215,110.0,100.0,e03f0e998836,ok,val,yen4|page_0278|c2,"[1300, 227, 1409, 327]",s2_inter_s3_corrected,15.11900826446281,878c4dc420d92a8d,590
43164,silver/yen4_page_0172_c09_202.png,yen4,page_0172,9,運,trên,連,U+9023,char,SILVER,s2_inter_s3_corrected,0.94,0.127,68.0,85.0,7d4715b70d9c,ok,train,yen4|page_0172|c9,"[179, 531, 241, 603]",s2_inter_s3_corrected,15.11900826446281,e0385fd234cbc4c9,591
71643,silver/yen11_page_0186_c04_079.png,yen11,page_0186,4,逹,lên,連,U+9023,char,SILVER,s2_inter_s3_corrected,0.91,0.26,119.0,140.0,61cc19bbabb7,ok,train,yen11|page_0186|c4,"[1031, 2226, 1141, 2340]",s2_inter_s3_corrected,15.11900826446281,458f907e44b18b65,592
50549,silver/yen4_page_0254_c05_086.png,yen4,page_0254,5,落,đầy,苔,U+82D4,char,SILVER,s2_inter_s3_corrected,0.788,0.163,67.0,100.0,a0f99a9ce23a,ok,train,yen4|page_0254|c5,"[574, 837, 643, 919]",s2_inter_s3_corrected,15.11900826446281,db17f22c04320d44,593
44588,silver/yen4_page_0190_c02_040.png,yen4,page_0190,2,祐,xem,袩,U+88A9,char,SILVER,s2_inter_s3_corrected,0.593,0.11,78.0,93.0,914f1defe41f,ok,train,yen4|page_0190|c2,"[871, 1449, 940, 1524]",s2_inter_s3_corrected,15.11900826446281,0ae8cd5c923261f7,594
44012,silver/yen4_page_0184_c02_045.png,yen4,page_0184,2,三,đến,旦,U+65E6,char,SILVER,s2_inter_s3_corrected,0.584,0.143,64.0,84.0,123f471a068e,ok,val,yen4|page_0184|c2,"[860, 1582, 927, 1654]",s2_inter_s3_corrected,15.11900826446281,6c79bfabab722c8b,595
17693,silver/yen2_page_0208_c09_156.png,yen2,page_0208,9,𭔿,ông,翁,U+7FC1,char,SILVER,s2_inter_s3_corrected,0.711,0.113,121.0,160.0,20b05f857af6,ok,val,yen2|page_0208|c9,"[247, 1681, 355, 1811]",s2_inter_s3_corrected,15.11900826446281,5a4310516dce9ca8,596
13268,silver/yen2_page_0156_c03_038.png,yen2,page_0156,3,依,ấy,衣,U+8863,char,SILVER,s2_inter_s3_corrected,0.921,0.168,138.0,158.0,63aeb7e6433e,ok,train,yen2|page_0156|c3,"[1123, 649, 1235, 777]",s2_inter_s3_corrected,15.11900826446281,d5bba1c616cbcaa1,597
21615,silver/yen2_page_0256_c02_034.png,yen2,page_0256,2,餘,thờ,蜍,U+870D,char,SILVER,s2_inter_s3_corrected,0.886,0.244,127.0,176.0,c09bc3241a79,ok,train,yen2|page_0256|c2,"[1294, 2180, 1410, 2322]",s2_inter_s3_corrected,15.11900826446281,626a68f414b6a2cd,598
66228,silver/yen11_page_0130_c01_001.png,yen11,page_0130,1,万,đức,德,U+5FB7,char,SILVER,s2_inter_s3_corrected,0.509,0.195,72.0,139.0,b3cea81a613e,tall,train,yen11|page_0130|c1,"[1464, 543, 1572, 656]",s2_inter_s3_corrected,15.11900826446281,43f28d489de6d89f,599
40018,silver/yen4_page_0140_c04_082.png,yen4,page_0140,4,𦀇,vì,位,U+4F4D,char,SILVER,s3_head_bank_consensus,0.478,0.129,79.0,93.0,64de52837d21,ok,train,yen4|page_0140|c4,"[660, 1395, 733, 1470]",s3_head_bank_consensus,14.485714285714286,12950326f276ddd6,600
1338,silver/yen2_page_0026_c01_015.png,yen2,page_0026,1,伐,ấy,衣,U+8863,char,SILVER,s2_inter_s3_corrected,0.978,0.149,129.0,146.0,b77583894f59,ok,train,yen2|page_0026|c1,"[1433, 1898, 1540, 2016]",s2_inter_s3_corrected,15.11900826446281,b16eaae833c81f60,601
41460,silver/yen4_page_0156_c04_056.png,yen4,page_0156,4,爾,trời,𡗶,U+215F6,char,SILVER,s2_inter_s3_corrected,0.514,0.189,80.0,109.0,3362953550ed,ok,train,yen4|page_0156|c4,"[693, 810, 768, 899]",s2_inter_s3_corrected,15.11900826446281,0dade07a0f7e8932,602
58923,silver/yen11_page_0048_c04_065.png,yen11,page_0048,4,勝,mình,𠇮,U+201EE,char,SILVER,s3_head_bank_consensus,0.394,0.289,83.0,115.0,84cc48f76e0a,ok,train,yen11|page_0048|c4,"[965, 390, 1070, 501]",s3_head_bank_consensus,14.485714285714286,05360d54013b367a,603
57054,silver/yen11_page_0026_c01_016.png,yen11,page_0026,1,繒,tàu,艚,U+825A,char,SILVER,s3_head_bank_consensus,0.461,0.251,102.0,133.0,40baebdf2362,ok,train,yen11|page_0026|c1,"[1440, 1935, 1544, 2044]",s3_head_bank_consensus,14.485714285714286,4908b0b09537438f,604
55017,silver/yen4_page_0300_c05_089.png,yen4,page_0300,5,𬒳,xem,袩,U+88A9,char,SILVER,s2_inter_s3_corrected,0.948,0.171,85.0,46.0,d612cf659564,ok,train,yen4|page_0300|c5,"[566, 470, 635, 508]",s2_inter_s3_corrected,15.11900826446281,b7e370c5298db4f5,605
39337,silver/yen4_page_0132_c08_123.png,yen4,page_0132,8,在,mà,麻,U+9EBB,char,SILVER,s2_inter_s3_corrected,0.981,0.133,81.0,105.0,998f42ae50d8,ok,val,yen4|page_0132|c8,"[275, 432, 346, 517]",s2_inter_s3_corrected,15.11900826446281,24940e53d6b88d32,606
20160,silver/yen2_page_0238_c05_078.png,yen2,page_0238,5,昨,sợ,怍,U+600D,char,SILVER,s2_inter_s3_corrected,0.928,0.173,122.0,163.0,315697a3bab0,ok,train,yen2|page_0238|c5,"[837, 599, 949, 732]",s2_inter_s3_corrected,15.11900826446281,f933d97fea051237,607
21170,silver/yen2_page_0250_c04_071.png,yen2,page_0250,4,主,chăng,庒,U+5E92,char,SILVER,s2_inter_s3_corrected,0.505,0.18,100.0,168.0,b985738ba3d1,ok,train,yen2|page_0250|c4,"[1008, 1970, 1111, 2106]",s2_inter_s3_corrected,15.11900826446281,0861be59352224dd,608
25917,silver/yen2_page_0304_c09_166.png,yen2,page_0304,9,𮎛,vào,包,U+5305,char,SILVER,s2_inter_s3_corrected,0.528,0.167,79.0,151.0,4cfff9ecd241,tall,train,yen2|page_0304|c9,"[250, 1069, 355, 1197]",s2_inter_s3_corrected,15.11900826446281,b55637969462cc50,609
18277,silver/yen2_page_0216_c05_083.png,yen2,page_0216,5,𡰱,chịu,召,U+53EC,char,SILVER,s2_inter_s3_corrected,0.898,0.172,132.0,162.0,a2cbb11d76eb,ok,train,yen2|page_0216|c5,"[863, 1117, 971, 1249]",s2_inter_s3_corrected,15.11900826446281,3c4da2276b065e0b,610
81226,silver/yen11_page_0288_c05_090.png,yen11,page_0288,5,四,nói,内,U+5185,char,SILVER,s2_inter_s3_corrected,0.909,0.217,104.0,146.0,4616e151bf7b,ok,train,yen11|page_0288|c5,"[902, 802, 1011, 920]",s2_inter_s3_corrected,15.11900826446281,fc8d90dc8b7d3ecb,611
54040,silver/yen4_page_0290_c05_102.png,yen4,page_0290,5,唇,nhọc,辱,U+8FB1,char,SILVER,s3_head_bank_consensus,0.085,0.194,64.0,84.0,f549c9338e19,ok,test,yen4|page_0290|c5,"[553, 1136, 625, 1204]",s3_head_bank_consensus,14.485714285714286,28ce28b27a2086b9,612
6862,silver/yen2_page_0084_c05_102.png,yen2,page_0084,5,云,chịu,召,U+53EC,char,SILVER,s3_head_bank_consensus,0.267,0.165,97.0,142.0,8d9c62bb924c,ok,train,yen2|page_0084|c5,"[829, 1947, 934, 2063]",s3_head_bank_consensus,14.485714285714286,a62abf9015a95606,613
26035,silver/yen2_page_0306_c06_104.png,yen2,page_0306,6,石,vậy,丕,U+4E15,char,SILVER,s2_inter_s3_corrected,0.957,0.182,105.0,156.0,4f69b3907757,ok,train,yen2|page_0306|c6,"[716, 1167, 827, 1293]",s2_inter_s3_corrected,15.11900826446281,c140f26685ae624a,614
77601,silver/yen11_page_0250_c04_087.png,yen11,page_0250,4,微,ngục,獄,U+7344,char,SILVER,s3_head_bank_consensus,0.096,0.233,116.0,141.0,f3373e9365ea,ok,train,yen11|page_0250|c4,"[1025, 1984, 1136, 2099]",s3_head_bank_consensus,14.485714285714286,07d05e76829fa159,615
32724,silver/yen4_page_0060_c05_095.png,yen4,page_0060,5,祧,lấy,礼,U+793C,char,SILVER,s2_inter_s3_corrected,0.932,0.181,72.0,88.0,f1e45972792e,ok,test,yen4|page_0060|c5,"[559, 1133, 627, 1208]",s2_inter_s3_corrected,15.11900826446281,48052f82a924d901,616
34562,silver/yen4_page_0080_c02_029.png,yen4,page_0080,2,而,làm,乄,U+4E44,char,SILVER,s2_inter_s3_corrected,0.757,0.121,59.0,99.0,70b7ffc5918f,ok,test,yen4|page_0080|c2,"[853, 776, 925, 857]",s2_inter_s3_corrected,15.11900826446281,1e827d2fa7a71aac,617
81836,silver/yen11_page_0294_c06_126.png,yen11,page_0294,6,采,bổn,本,U+672C,char,SILVER,s2_inter_s3_corrected,0.699,0.132,106.0,124.0,37987c4cd032,ok,train,yen11|page_0294|c6,"[702, 2348, 807, 2456]",s2_inter_s3_corrected,15.11900826446281,b61ae8842db7a366,618
77569,silver/yen11_page_0250_c03_055.png,yen11,page_0250,3,而,làm,爫,U+722B,char,SILVER,s2_inter_s3_corrected,0.617,0.195,88.0,135.0,4623025ba48b,ok,test,yen11|page_0250|c3,"[1188, 1133, 1290, 1242]",s2_inter_s3_corrected,15.11900826446281,c0ee239ed8f4139c,619
76537,silver/yen11_page_0238_c09_188.png,yen11,page_0238,9,傳,truyen,傳,U+50B3,char,SILVER,s1_inter_s3_out_of_dict,0.981,0.218,97.0,110.0,fb555ff4aeb9,ok,train,yen11|page_0238|c9,"[249, 1874, 352, 1979]",s1_inter_s3_out_of_dict,4.7,8ea1704ddf1bd1cf,620
35324,silver/yen4_page_0088_c02_016.png,yen4,page_0088,2,毛,cha,吒,U+5412,char,SILVER,s2_inter_s3_corrected,0.756,0.149,85.0,100.0,3f548da90470,ok,train,yen4|page_0088|c2,"[871, 773, 943, 855]",s2_inter_s3_corrected,15.11900826446281,276c03a9dded5c3d,621
14196,silver/yen2_page_0166_c09_154.png,yen2,page_0166,9,昇,ti,𤰞,U+24C1E,char,SILVER,s2_inter_s3_corrected,0.775,0.247,110.0,162.0,3fbf4a0bea49,ok,train,yen2|page_0166|c9,"[226, 1106, 336, 1238]",s2_inter_s3_corrected,15.11900826446281,d883e2438ff299cc,622
55872,silver/yen11_page_0014_c01_003.png,yen11,page_0014,1,唼,ăn,安,U+5B89,char,SILVER,s2_inter_s3_corrected,0.926,0.201,121.0,141.0,fd99429f92e0,ok,train,yen11|page_0014|c1,"[1454, 710, 1567, 825]",s2_inter_s3_corrected,15.11900826446281,c4bc3f3b9d8f8d8b,623
20660,silver/yen2_page_0244_c05_077.png,yen2,page_0244,5,伐,dạy,代,U+4EE3,char,SILVER,s2_inter_s3_corrected,0.908,0.17,146.0,120.0,339aeeac8189,ok,test,yen2|page_0244|c5,"[850, 468, 968, 583]",s2_inter_s3_corrected,15.11900826446281,363ab0cf6b498743,624
12760,silver/yen2_page_0150_c04_077.png,yen2,page_0150,4,𠇭,mình,命,U+547D,char,SILVER,s2_inter_s3_corrected,0.981,0.205,112.0,155.0,3ffa24d12bb0,ok,train,yen2|page_0150|c4,"[1001, 1835, 1105, 1960]",s2_inter_s3_corrected,15.11900826446281,22b5c16c80dbbbca,625
38229,silver/yen4_page_0120_c06_109.png,yen4,page_0120,6,對,cả,竒,U+7AD2,char,SILVER,s2_inter_s3_corrected,0.589,0.143,74.0,104.0,fb7fb0a9c74d,ok,train,yen4|page_0120|c6,"[460, 502, 528, 587]",s2_inter_s3_corrected,15.11900826446281,d9fddd626b2f9910,626
7284,silver/yen2_page_0088_c08_157.png,yen2,page_0088,8,房,cùng,穷,U+7A77,char,SILVER,s2_inter_s3_corrected,0.591,0.151,117.0,139.0,a721ff6beae1,ok,train,yen2|page_0088|c8,"[371, 1289, 469, 1402]",s2_inter_s3_corrected,15.11900826446281,a47db0604413910e,627
24386,silver/yen2_page_0286_c09_170.png,yen2,page_0286,9,農,nóng,燶,U+71F6,char,SILVER,s3_head_bank_consensus,0.176,0.272,106.0,162.0,35b4d088c58f,ok,train,yen2|page_0286|c9,"[224, 2294, 338, 2426]",s3_head_bank_consensus,14.485714285714286,00564397069f2150,628
21744,silver/yen2_page_0256_c09_163.png,yen2,page_0256,9,僥,nhiều,嬈,U+5B08,char,SILVER,s2_inter_s3_corrected,0.624,0.217,92.0,146.0,1aa4fb81c8a7,ok,train,yen2|page_0256|c9,"[228, 2418, 333, 2536]",s2_inter_s3_corrected,15.11900826446281,07b0c39dd67a9db0,629
3423,silver/yen2_page_0048_c03_031.png,yen2,page_0048,3,祀,trẻ,礼,U+793C,char,SILVER,s2_inter_s3_corrected,0.901,0.232,132.0,121.0,06a7b47aeedf,ok,train,yen2|page_0048|c3,"[1122, 909, 1230, 1008]",s2_inter_s3_corrected,15.11900826446281,5aa80883943e68e4,630
31119,silver/yen4_page_0042_c08_171.png,yen4,page_0042,8,樞,giu,樞,U+6A1E,char,SILVER,s1_inter_s3_out_of_dict,0.535,0.145,96.0,104.0,1550c7c4ff61,ok,train,yen4|page_0042|c8,"[282, 1449, 360, 1533]",s1_inter_s3_out_of_dict,4.7,0ddb79a316addfcc,631
32128,silver/yen4_page_0054_c04_066.png,yen4,page_0054,4,故,nó,奴,U+5974,char,SILVER,s2_inter_s3_corrected,0.951,0.173,77.0,94.0,27f5d48ea8be,ok,train,yen4|page_0054|c4,"[696, 456, 765, 532]",s2_inter_s3_corrected,15.11900826446281,ca046fe3acb0127c,632
20261,silver/yen2_page_0240_c01_009.png,yen2,page_0240,1,周,có,固,U+56FA,char,SILVER,s2_inter_s3_corrected,0.957,0.251,88.0,163.0,ee92e8f14ec0,tall,train,yen2|page_0240|c1,"[1447, 1426, 1558, 1559]",s2_inter_s3_corrected,15.11900826446281,a9f19c25264475fd,633
53411,silver/yen4_page_0284_c04_077.png,yen4,page_0284,4,左,vậy,丕,U+4E15,char,SILVER,s2_inter_s3_corrected,0.97,0.16,75.0,90.0,41784746c054,ok,train,yen4|page_0284|c4,"[660, 778, 729, 852]",s2_inter_s3_corrected,15.11900826446281,26c9cae547d9f1ea,634
40560,silver/yen4_page_0146_c04_055.png,yen4,page_0146,4,屛,mà,麻,U+9EBB,char,SILVER,s2_inter_s3_corrected,0.972,0.174,88.0,101.0,37d270975056,ok,train,yen4|page_0146|c4,"[681, 1318, 753, 1401]",s2_inter_s3_corrected,15.11900826446281,0fd832e5da254ff6,635
21562,silver/yen2_page_0254_c08_143.png,yen2,page_0254,8,省,tieng,省,U+7701,char,SILVER,s1_inter_s3_out_of_dict,0.907,0.215,114.0,181.0,92faf203266b,ok,test,yen2|page_0254|c8,"[370, 2274, 489, 2421]",s1_inter_s3_out_of_dict,4.7,742616dfbe5c15b9,636
4228,silver/yen2_page_0056_c05_086.png,yen2,page_0056,5,吞,lần,吝,U+541D,char,SILVER,s2_inter_s3_corrected,0.516,0.23,124.0,124.0,13e01df0d9ba,ok,train,yen2|page_0056|c5,"[822, 584, 922, 684]",s2_inter_s3_corrected,15.11900826446281,f0eab04076b19d5d,637
82046,silver/yen11_page_0296_c08_145.png,yen11,page_0296,8,难,năn,唯,U+552F,char,SILVER,s2_inter_s3_corrected,0.764,0.184,101.0,148.0,17fa3e7248e5,ok,train,yen11|page_0296|c8,"[420, 826, 524, 946]",s2_inter_s3_corrected,15.11900826446281,def0113700a56787,638
20398,silver/yen2_page_0240_c08_146.png,yen2,page_0240,8,涿,đội,隊,U+968A,char,SILVER,s3_head_bank_consensus,0.134,0.217,139.0,178.0,bc38828f53c4,ok,train,yen2|page_0240|c8,"[401, 2015, 522, 2159]",s3_head_bank_consensus,14.485714285714286,4eec38fbd5f23e83,639
21753,silver/yen2_page_0258_c01_008.png,yen2,page_0258,1,因,có,固,U+56FA,char,SILVER,s2_inter_s3_corrected,0.981,0.278,112.0,163.0,9503c53e7ff8,ok,train,yen2|page_0258|c1,"[1435, 1339, 1548, 1473]",s2_inter_s3_corrected,15.11900826446281,42fbf972b3485aaa,640
76420,silver/yen11_page_0238_c04_071.png,yen11,page_0238,4,䏷,ngày,𣈜,U+2321C,char,SILVER,s2_inter_s3_corrected,0.697,0.261,94.0,138.0,cbb0920ecf2e,ok,train,yen11|page_0238|c4,"[1021, 699, 1123, 811]",s2_inter_s3_corrected,15.11900826446281,21f78c662e3e831b,641
72632,silver/yen11_page_0196_c06_117.png,yen11,page_0196,6,尺,thiên,天,U+5929,char,SILVER,s3_head_bank_consensus,0.087,0.158,132.0,149.0,73a22c9db4f3,ok,test,yen11|page_0196|c6,"[727, 1735, 840, 1856]",s3_head_bank_consensus,14.485714285714286,1d0c4b3cef7b6f46,642
74102,silver/yen11_page_0212_c04_070.png,yen11,page_0212,4,㸃,mặc,黙,U+9ED9,char,SILVER,s3_head_bank_consensus,0.073,0.252,90.0,138.0,97ccf4258d39,ok,train,yen11|page_0212|c4,"[1025, 1051, 1129, 1163]",s3_head_bank_consensus,14.485714285714286,661e4c16a1a69bc4,643
18701,silver/yen2_page_0222_c01_010.png,yen2,page_0222,1,毎,vồ,釪,U+91EA,char,SILVER,s2_inter_s3_corrected,0.576,0.194,123.0,152.0,7e1bf19cfc4f,ok,train,yen2|page_0222|c1,"[1428, 1515, 1532, 1639]",s2_inter_s3_corrected,15.11900826446281,57390a82789a6008,644
15313,silver/yen2_page_0180_c05_090.png,yen2,page_0180,5,詩,thì,寺,U+5BFA,char,SILVER,s2_inter_s3_corrected,0.897,0.201,128.0,167.0,8367b47511cc,ok,train,yen2|page_0180|c5,"[815, 1974, 924, 2109]",s2_inter_s3_corrected,15.11900826446281,6711a4e5a1f068b7,645
56898,silver/yen11_page_0024_c03_064.png,yen11,page_0024,3,留,le,离,U+79BB,char,SILVER,s2_inter_s3_corrected,0.782,0.184,107.0,141.0,68044c04d8c1,ok,train,yen11|page_0024|c3,"[1181, 2202, 1284, 2317]",s2_inter_s3_corrected,15.11900826446281,0fcdb8a97f8da2c8,646
53365,silver/yen4_page_0284_c02_031.png,yen4,page_0284,2,啾,su,秋,U+79CB,char,SILVER,s2_inter_s3_corrected,0.941,0.177,86.0,95.0,4e54c62d043e,ok,train,yen4|page_0284|c2,"[851, 727, 921, 804]",s2_inter_s3_corrected,15.11900826446281,65f3bc1ff8bee9e5,647
56016,silver/yen11_page_0014_c07_147.png,yen11,page_0014,7,谷,các,各,U+5404,char,SILVER,s2_inter_s3_corrected,0.981,0.191,111.0,142.0,426504e8a848,ok,train,yen11|page_0014|c7,"[534, 2189, 640, 2311]",s2_inter_s3_corrected,15.11900826446281,2825afbb874e2d6d,648
38209,silver/yen4_page_0120_c05_089.png,yen4,page_0120,5,放,một,殳,U+6BB3,char,SILVER,s2_inter_s3_corrected,0.703,0.147,75.0,107.0,a8ed05e7613e,ok,test,yen4|page_0120|c5,"[551, 495, 624, 582]",s2_inter_s3_corrected,15.11900826446281,6edf78a8ea83561b,649
21545,silver/yen2_page_0254_c07_126.png,yen2,page_0254,7,厭,khi,欺,U+6B3A,char,SILVER,s2_inter_s3_corrected,0.78,0.249,130.0,166.0,21c801bc3e96,ok,train,yen2|page_0254|c7,"[541, 2303, 654, 2437]",s2_inter_s3_corrected,15.11900826446281,ea07f7f08c7f8ff7,650
23118,silver/yen2_page_0272_c08_146.png,yen2,page_0272,8,团,bấy,闭,U+95ED,char,SILVER,s2_inter_s3_corrected,0.561,0.215,136.0,149.0,354b6cf3e527,ok,test,yen2|page_0272|c8,"[382, 1394, 492, 1515]",s2_inter_s3_corrected,15.11900826446281,e0ebdc605c3fcd52,651
12368,silver/yen2_page_0146_c02_033.png,yen2,page_0146,2,餘,thờ,除,U+9664,char,SILVER,s2_inter_s3_corrected,0.96,0.217,129.0,156.0,eda083582767,ok,train,yen2|page_0146|c2,"[1305, 1620, 1413, 1746]",s2_inter_s3_corrected,15.11900826446281,cd239ce752f8b523,652
31141,silver/yen4_page_0044_c01_000.png,yen4,page_0044,1,嗽,su,秋,U+79CB,char,SILVER,s2_inter_s3_corrected,0.955,0.144,81.0,83.0,b29d6b83ffc3,ok,test,yen4|page_0044|c1,"[948, 264, 1022, 341]",s2_inter_s3_corrected,15.11900826446281,06720ec639b2f475,653
2578,silver/yen2_page_0038_c07_133.png,yen2,page_0038,7,婢,min,綿,U+7DBF,char,SILVER,s3_head_bank_consensus,0.268,0.174,131.0,149.0,fe9ae7a9b675,ok,train,yen2|page_0038|c7,"[532, 1321, 640, 1442]",s3_head_bank_consensus,14.485714285714286,c5b6d27f35d8ab78,654
66297,silver/yen11_page_0130_c04_070.png,yen11,page_0130,4,扶,su,秋,U+79CB,char,SILVER,s2_inter_s3_corrected,0.669,0.249,96.0,136.0,42728bc8db97,ok,train,yen11|page_0130|c4,"[1012, 796, 1114, 906]",s2_inter_s3_corrected,15.11900826446281,cbac1371b15cce8e,655
41925,silver/yen4_page_0160_c07_152.png,yen4,page_0160,7,女,an,安,U+5B89,char,SILVER,s2_inter_s3_corrected,0.631,0.179,58.0,89.0,0a1e31c84766,ok,val,yen4|page_0160|c7,"[384, 1344, 449, 1417]",s2_inter_s3_corrected,15.11900826446281,1769aa5542528e82,656
12933,silver/yen2_page_0152_c04_064.png,yen2,page_0152,4,致,động,動,U+52D5,char,SILVER,s2_inter_s3_corrected,0.775,0.213,136.0,142.0,ba2ad57ac5a8,ok,train,yen2|page_0152|c4,"[975, 491, 1085, 607]",s2_inter_s3_corrected,15.11900826446281,c0a9525d1aece475,657
42612,silver/yen4_page_0168_c02_033.png,yen4,page_0168,2,恐,ta,些,U+4E9B,char,SILVER,s2_inter_s3_corrected,0.874,0.145,84.0,109.0,379c09db55e0,ok,train,yen4|page_0168|c2,"[867, 1250, 943, 1339]",s2_inter_s3_corrected,15.11900826446281,7e5200f5e01b6c67,658
56033,silver/yen11_page_0014_c08_164.png,yen11,page_0014,8,之,đời,代,U+4EE3,char,SILVER,s2_inter_s3_corrected,0.981,0.18,86.0,126.0,4ed98814a3ba,ok,train,yen11|page_0014|c8,"[380, 1869, 477, 1976]",s2_inter_s3_corrected,15.11900826446281,5cad0fc708783ca1,659
64635,silver/yen11_page_0112_c06_115.png,yen11,page_0112,6,練,thưa,踈,U+8E08,char,SILVER,s2_inter_s3_corrected,0.796,0.196,89.0,141.0,14c07fdbee4e,ok,train,yen11|page_0112|c6,"[708, 1138, 813, 1253]",s2_inter_s3_corrected,15.11900826446281,7ec1cba5c65166f0,660
56966,silver/yen11_page_0024_c06_132.png,yen11,page_0024,6,中,cho,朱,U+6731,char,SILVER,s2_inter_s3_corrected,0.617,0.12,125.0,131.0,d0696841d119,ok,train,yen11|page_0024|c6,"[715, 2289, 841, 2396]",s2_inter_s3_corrected,15.11900826446281,e09290071553e469,661
58632,silver/yen11_page_0044_c05_108.png,yen11,page_0044,5,唱,hai,咍,U+548D,char,SILVER,s2_inter_s3_corrected,0.519,0.196,89.0,132.0,4a88e15fc516,ok,test,yen11|page_0044|c5,"[914, 1764, 1013, 1872]",s2_inter_s3_corrected,15.11900826446281,a42e04c2ad2a6af3,662
81922,silver/yen11_page_0296_c01_021.png,yen11,page_0296,1,四,nói,内,U+5185,char,SILVER,s2_inter_s3_corrected,0.745,0.192,87.0,104.0,a4f0ad75f480,ok,train,yen11|page_0296|c1,"[1475, 2387, 1573, 2487]",s2_inter_s3_corrected,15.11900826446281,ffa83b799eeddd81,663
73645,silver/yen11_page_0206_c08_171.png,yen11,page_0206,8,患,đêm,店,U+5E97,char,SILVER,s2_inter_s3_corrected,0.575,0.09,102.0,139.0,cdbd7a707060,ok,train,yen11|page_0206|c8,"[411, 2270, 510, 2383]",s2_inter_s3_corrected,15.11900826446281,676002f0c18499df,664
27635,silver/yen2_page_0326_c01_008.png,yen2,page_0326,1,餘,thờ,蜍,U+870D,char,SILVER,s2_inter_s3_corrected,0.625,0.23,139.0,156.0,98e05a066db7,ok,train,yen2|page_0326|c1,"[1447, 1293, 1560, 1419]",s2_inter_s3_corrected,15.11900826446281,d63272bab8fa33fb,665
65593,silver/yen11_page_0122_c06_107.png,yen11,page_0122,6,逍,dạo,道,U+9053,char,SILVER,s2_inter_s3_corrected,0.96,0.161,122.0,134.0,c9ce5d3c474b,ok,train,yen11|page_0122|c6,"[738, 1815, 850, 1925]",s2_inter_s3_corrected,15.11900826446281,a966f685da474141,666
68316,silver/yen11_page_0150_c08_158.png,yen11,page_0150,8,𡬦,ông,翁,U+7FC1,char,SILVER,s2_inter_s3_corrected,0.594,0.122,107.0,148.0,9a0d603bd222,ok,train,yen11|page_0150|c8,"[357, 789, 464, 909]",s2_inter_s3_corrected,15.11900826446281,1b72e73e57ee36c7,667
17909,silver/yen2_page_0212_c04_051.png,yen2,page_0212,4,𭔿,ong,翁,U+7FC1,char,SILVER,s2_inter_s3_corrected,0.832,0.217,121.0,163.0,e8f3f692a16d,ok,val,yen2|page_0212|c4,"[973, 881, 1091, 1014]",s2_inter_s3_corrected,15.11900826446281,a843a7b8d9884148,668
57853,silver/yen11_page_0034_c03_050.png,yen11,page_0034,3,抑,giết,折,U+6298,char,SILVER,s2_inter_s3_corrected,0.641,0.256,99.0,142.0,9c9a9bb4f2a0,ok,train,yen11|page_0034|c3,"[1164, 972, 1272, 1088]",s2_inter_s3_corrected,15.11900826446281,1a278d1932ce2feb,669
31755,silver/yen4_page_0050_c02_036.png,yen4,page_0050,2,思,quỷ,鬼,U+9B3C,char,SILVER,s2_inter_s3_corrected,0.598,0.158,69.0,84.0,937265916bdf,ok,train,yen4|page_0050|c2,"[855, 1196, 924, 1270]",s2_inter_s3_corrected,15.11900826446281,ff7baf800dfe5449,670
13526,silver/yen2_page_0158_c07_118.png,yen2,page_0158,7,召,nơi,尼,U+5C3C,char,SILVER,s2_inter_s3_corrected,0.678,0.233,122.0,150.0,08806ec4ba17,ok,train,yen2|page_0158|c7,"[550, 566, 658, 688]",s2_inter_s3_corrected,15.11900826446281,020e2891e4f681c1,671
55183,silver/yen4_page_0302_c04_062.png,yen4,page_0302,4,朱,mùi,味,U+5473,char,SILVER,s2_inter_s3_corrected,0.619,0.168,84.0,80.0,d32fd26087d9,ok,train,yen4|page_0302|c4,"[654, 259, 731, 338]",s2_inter_s3_corrected,15.11900826446281,bb13becabfb835ff,672
21480,silver/yen2_page_0254_c04_061.png,yen2,page_0254,4,咱,mừng,明,U+660E,char,SILVER,s2_inter_s3_corrected,0.826,0.181,132.0,167.0,5fddfd27c38c,ok,train,yen2|page_0254|c4,"[999, 1230, 1107, 1365]",s2_inter_s3_corrected,15.11900826446281,db7d879ec27142cd,673
49056,silver/yen4_page_0238_c05_095.png,yen4,page_0238,5,𦀇,càng,強,U+5F37,char,SILVER,s2_inter_s3_corrected,0.753,0.174,73.0,98.0,713744045509,ok,train,yen4|page_0238|c5,"[574, 947, 644, 1027]",s2_inter_s3_corrected,15.11900826446281,bdf568c847aade21,674
51128,silver/yen4_page_0260_c05_092.png,yen4,page_0260,5,䍐,ra,囉,U+56C9,char,SILVER,s3_head_bank_consensus,0.458,0.149,67.0,90.0,b9554e66fb77,ok,train,yen4|page_0260|c5,"[564, 358, 630, 432]",s3_head_bank_consensus,14.485714285714286,212634d36f4a532c,675
37456,silver/yen4_page_0112_c05_099.png,yen4,page_0112,5,似,hai,咍,U+548D,char,SILVER,s2_inter_s3_corrected,0.546,0.149,83.0,99.0,311128f2e435,ok,train,yen4|page_0112|c5,"[583, 965, 652, 1046]",s2_inter_s3_corrected,15.11900826446281,c363ac3c5693ddb8,676
19967,silver/yen2_page_0236_c04_055.png,yen2,page_0236,4,僥,nhiều,嬈,U+5B08,char,SILVER,s2_inter_s3_corrected,0.897,0.191,122.0,151.0,096925f319fe,ok,train,yen2|page_0236|c4,"[989, 555, 1098, 682]",s2_inter_s3_corrected,15.11900826446281,2e4932498c2e7275,677
3446,silver/yen2_page_0048_c04_054.png,yen2,page_0048,4,朝,sóc,朔,U+6714,char,SILVER,s3_head_bank_consensus,0.344,0.329,103.0,136.0,746c32aa14a2,ok,train,yen2|page_0048|c4,"[967, 930, 1073, 1040]",s3_head_bank_consensus,14.485714285714286,3991d3f7f6ddb4bb,678
56104,silver/yen11_page_0016_c02_043.png,yen11,page_0016,2,見,con,昆,U+6606,char,SILVER,s2_inter_s3_corrected,0.857,0.228,99.0,118.0,23be0a1b71dd,ok,train,yen11|page_0016|c2,"[1346, 2425, 1444, 2532]",s2_inter_s3_corrected,15.11900826446281,0754ae2bcf1e371a,679
80933,silver/yen11_page_0284_c09_147.png,yen11,page_0284,9,庻,mà,麻,U+9EBB,char,SILVER,s3_head_bank_consensus,0.205,0.181,96.0,138.0,adf60f893799,ok,train,yen11|page_0284|c9,"[285, 978, 383, 1090]",s3_head_bank_consensus,14.485714285714286,b1fac882b0705eee,680
62098,silver/yen11_page_0086_c03_024.png,yen11,page_0086,3,𣣱,hôm,歆,U+6B46,char,SILVER,s2_inter_s3_corrected,0.763,0.204,106.0,111.0,935921045409,ok,train,yen11|page_0086|c3,"[1161, 463, 1271, 570]",s2_inter_s3_corrected,15.11900826446281,549ffbbd5048c26d,681
43108,silver/yen4_page_0172_c06_146.png,yen4,page_0172,6,晁,con,晜,U+665C,char,SILVER,s2_inter_s3_corrected,0.943,0.134,69.0,85.0,ba56e123071a,ok,train,yen4|page_0172|c6,"[475, 1467, 545, 1536]",s2_inter_s3_corrected,15.11900826446281,f432d40ad1d6fc1f,682
5139,silver/yen2_page_0066_c02_036.png,yen2,page_0066,2,𫊫,tao,蚤,U+86A4,char,SILVER,s2_inter_s3_corrected,0.912,0.249,130.0,145.0,4e2779d790b9,ok,test,yen2|page_0066|c2,"[1309, 1883, 1415, 2000]",s2_inter_s3_corrected,15.11900826446281,fb6deb7173c6b499,683
36460,silver/yen4_page_0098_c09_190.png,yen4,page_0098,9,𨺚,khác,恪,U+606A,char,SILVER,s2_inter_s3_corrected,0.911,0.199,71.0,107.0,8e0e8612832a,ok,train,yen4|page_0098|c9,"[149, 1486, 227, 1573]",s2_inter_s3_corrected,15.11900826446281,3626212755cd9df8,684
71145,silver/yen11_page_0180_c08_154.png,yen11,page_0180,8,抑,chết,折,U+6298,char,SILVER,s2_inter_s3_corrected,0.976,0.167,109.0,147.0,7b459024cfd6,ok,test,yen11|page_0180|c8,"[434, 510, 537, 629]",s2_inter_s3_corrected,15.11900826446281,a20bfad4f0d0f49b,685
41905,silver/yen4_page_0160_c06_132.png,yen4,page_0160,6,仗,chê,支,U+652F,char,SILVER,s2_inter_s3_corrected,0.598,0.188,66.0,71.0,4a71f201f6fd,ok,train,yen4|page_0160|c6,"[476, 1582, 543, 1648]",s2_inter_s3_corrected,15.11900826446281,811900521e151d29,686
63601,silver/yen11_page_0102_c02_030.png,yen11,page_0102,2,懷,răng,浪,U+6D6A,char,SILVER,s2_inter_s3_corrected,0.646,0.187,110.0,137.0,9ac2f7c1c4b7,ok,train,yen11|page_0102|c2,"[1317, 1137, 1427, 1248]",s2_inter_s3_corrected,15.11900826446281,4aa04e918e1d1e6b,687
63882,silver/yen11_page_0104_c07_121.png,yen11,page_0104,7,弓,chịu,召,U+53EC,char,SILVER,s2_inter_s3_corrected,0.951,0.155,84.0,145.0,972a0cc0a05f,ok,train,yen11|page_0104|c7,"[579, 797, 680, 914]",s2_inter_s3_corrected,15.11900826446281,883d20b3d1517ee1,688
15836,silver/yen2_page_0186_c07_114.png,yen2,page_0186,7,随,chế,吱,U+5431,char,SILVER,s2_inter_s3_corrected,0.548,0.193,137.0,150.0,5b190aab0e99,ok,train,yen2|page_0186|c7,"[489, 483, 600, 606]",s2_inter_s3_corrected,15.11900826446281,45d42a8b32928a02,689
65122,silver/yen11_page_0118_c02_029.png,yen11,page_0118,2,仪,ấy,衣,U+8863,char,SILVER,s2_inter_s3_corrected,0.595,0.125,97.0,145.0,9d9813b63433,ok,train,yen11|page_0118|c2,"[1333, 1318, 1438, 1435]",s2_inter_s3_corrected,15.11900826446281,c278244e92fc2d24,690
11935,silver/yen2_page_0138_c07_139.png,yen2,page_0138,7,詩,thì,寺,U+5BFA,char,SILVER,s2_inter_s3_corrected,0.97,0.199,131.0,145.0,d2a715a72959,ok,train,yen2|page_0138|c7,"[546, 1361, 657, 1478]",s2_inter_s3_corrected,15.11900826446281,1a9f481a4289c245,691
8592,silver/yen2_page_0102_c07_143.png,yen2,page_0102,7,𠇭,mình,命,U+547D,char,SILVER,s2_inter_s3_corrected,0.793,0.172,127.0,150.0,5663661d260d,ok,train,yen2|page_0102|c7,"[515, 2010, 621, 2132]",s2_inter_s3_corrected,15.11900826446281,c9a80850cce90606,692
14754,silver/yen2_page_0174_c03_043.png,yen2,page_0174,3,樞,giu,樞,U+6A1E,char,SILVER,s1_inter_s3_out_of_dict,0.915,0.253,118.0,147.0,8fb67951b884,ok,train,yen2|page_0174|c3,"[1143, 573, 1247, 692]",s1_inter_s3_out_of_dict,4.7,0018327ac3442d47,693
7634,silver/yen2_page_0092_c06_135.png,yen2,page_0092,6,范,đòn,屯,U+5C6F,char,SILVER,s3_head_bank_consensus,0.015,0.291,125.0,121.0,df533bb002cf,ok,train,yen2|page_0092|c6,"[675, 2270, 776, 2369]",s3_head_bank_consensus,14.485714285714286,508a4c89e8ba476b,694
45991,silver/yen4_page_0204_c09_197.png,yen4,page_0204,9,礼,trấy,礼,U+793C,char,SILVER,s1_inter_s3_out_of_dict,0.931,0.142,66.0,104.0,9e65ce6c389a,ok,train,yen4|page_0204|c9,"[185, 1368, 261, 1456]",s1_inter_s3_out_of_dict,4.7,6d8ec191ea6b9435,695
26837,silver/yen2_page_0316_c03_052.png,yen2,page_0316,3,粛,thì,寺,U+5BFA,char,SILVER,s2_inter_s3_corrected,0.52,0.239,112.0,145.0,6bedbe94b20e,ok,train,yen2|page_0316|c3,"[1160, 1780, 1264, 1903]",s2_inter_s3_corrected,15.11900826446281,015eec0d871eecfc,696
8100,silver/yen2_page_0096_c09_190.png,yen2,page_0096,9,孟,vui,盃,U+76C3,char,SILVER,s2_inter_s3_corrected,0.788,0.153,119.0,149.0,11b43d194811,ok,val,yen2|page_0096|c9,"[207, 1920, 316, 2041]",s2_inter_s3_corrected,15.11900826446281,b63c824139184b3d,697
11329,silver/yen2_page_0132_c04_074.png,yen2,page_0132,4,虎,xác,壳,U+58F3,char,SILVER,s2_inter_s3_corrected,0.709,0.232,100.0,147.0,2fc3f78a045e,ok,train,yen2|page_0132|c4,"[938, 1546, 1046, 1665]",s2_inter_s3_corrected,15.11900826446281,36a7854467f635bb,698
31430,silver/yen4_page_0046_c05_090.png,yen4,page_0046,5,舊,si,瘥,U+7625,char,SILVER,s2_inter_s3_corrected,0.629,0.171,74.0,94.0,87a067ae63bb,ok,test,yen4|page_0046|c5,"[571, 312, 645, 388]",s2_inter_s3_corrected,15.11900826446281,f799d7aa3c0d9189,699
49892,silver/yen4_page_0246_c08_167.png,yen4,page_0246,8,得,ngày,㝵,U+3775,char,SILVER,s2_inter_s3_corrected,0.705,0.155,81.0,105.0,00ef32f3c7ea,ok,train,yen4|page_0246|c8,"[273, 1482, 347, 1567]",s2_inter_s3_corrected,15.11900826446281,a2ca1f157b949eb6,700
4899,silver/yen2_page_0062_c08_164.png,yen2,page_0062,8,應,hồn,魂,U+9B42,char,SILVER,s2_inter_s3_corrected,0.945,0.286,111.0,145.0,9622367b0b1c,ok,train,yen2|page_0062|c8,"[388, 2323, 488, 2440]",s2_inter_s3_corrected,15.11900826446281,d19aeb2ceed21210,701
77412,silver/yen11_page_0248_c05_097.png,yen11,page_0248,5,因,có,固,U+56FA,char,SILVER,s2_inter_s3_corrected,0.927,0.245,79.0,120.0,8a9cfb51cb4d,ok,train,yen11|page_0248|c5,"[872, 1550, 970, 1653]",s2_inter_s3_corrected,15.11900826446281,760b2ed88bdc87a4,702
8437,silver/yen2_page_0100_c09_158.png,yen2,page_0100,9,茂,một,没,U+6CA1,char,SILVER,s2_inter_s3_corrected,0.623,0.158,111.0,140.0,c8a6b97f0df6,ok,train,yen2|page_0100|c9,"[198, 1338, 302, 1452]",s2_inter_s3_corrected,15.11900826446281,440e2a547493f4a3,703
46831,silver/yen4_page_0214_c05_107.png,yen4,page_0214,5,制,phán,判,U+5224,char,SILVER,s2_inter_s3_corrected,0.737,0.153,78.0,96.0,650a90f43da9,ok,train,yen4|page_0214|c5,"[583, 1513, 651, 1591]",s2_inter_s3_corrected,15.11900826446281,5181410eec27fe8a,704
446,silver/yen2_page_0016_c04_080.png,yen2,page_0016,4,眉,mới,買,U+8CB7,char,SILVER,s2_inter_s3_corrected,0.925,0.193,115.0,142.0,28cf9bc9b099,ok,train,yen2|page_0016|c4,"[956, 1759, 1069, 1875]",s2_inter_s3_corrected,15.11900826446281,69543d9a547c833f,705
19070,silver/yen2_page_0226_c03_042.png,yen2,page_0226,3,來,mà,麻,U+9EBB,char,SILVER,s2_inter_s3_corrected,0.841,0.331,104.0,157.0,6368384657b5,ok,train,yen2|page_0226|c3,"[1168, 903, 1278, 1030]",s2_inter_s3_corrected,15.11900826446281,8c5060b7f7314d60,706
52634,silver/yen4_page_0276_c06_100.png,yen4,page_0276,6,啾,su,秋,U+79CB,char,SILVER,s2_inter_s3_corrected,0.853,0.154,78.0,94.0,c097ae85f969,ok,train,yen4|page_0276|c6,"[475, 606, 543, 682]",s2_inter_s3_corrected,15.11900826446281,df414d31eeed1c75,707
1421,silver/yen2_page_0026_c05_098.png,yen2,page_0026,5,周,vua,君,U+541B,char,SILVER,s3_head_bank_consensus,0.167,0.158,115.0,136.0,6bdde0ce0162,ok,test,yen2|page_0026|c5,"[817, 1498, 921, 1608]",s3_head_bank_consensus,14.485714285714286,1d91d0a00938f253,708
49242,silver/yen4_page_0240_c05_087.png,yen4,page_0240,5,受,đi,多,U+591A,char,SILVER,s2_inter_s3_corrected,0.944,0.152,76.0,86.0,31de9b8e775e,ok,train,yen4|page_0240|c5,"[575, 690, 646, 760]",s2_inter_s3_corrected,15.11900826446281,2feeb74574618de2,709
77760,silver/yen11_page_0252_c02_038.png,yen11,page_0252,2,秌,trời,𡗶,U+215F6,char,SILVER,s3_head_bank_consensus,0.471,0.155,98.0,124.0,5725c18666f2,ok,train,yen11|page_0252|c2,"[1353, 1848, 1451, 1948]",s3_head_bank_consensus,14.485714285714286,a0e9ef72b1b07230,710
42175,silver/yen4_page_0162_c09_207.png,yen4,page_0162,9,𩲸,con,晜,U+665C,char,SILVER,s2_inter_s3_corrected,0.9,0.146,74.0,90.0,206bb595fb48,ok,train,yen4|page_0162|c9,"[195, 1364, 270, 1438]",s2_inter_s3_corrected,15.11900826446281,15c3814ddafedb8f,711
16544,silver/yen2_page_0194_c09_157.png,yen2,page_0194,9,衣,ay,衣,U+8863,char,SILVER,s1_inter_s3_out_of_dict,0.981,0.188,113.0,183.0,20cff4a3a475,ok,val,yen2|page_0194|c9,"[166, 2005, 290, 2154]",s1_inter_s3_out_of_dict,4.7,89244634d3d28eb6,712
36417,silver/yen4_page_0098_c07_147.png,yen4,page_0098,7,妃,bà,把,U+628A,char,SILVER,s2_inter_s3_corrected,0.572,0.186,70.0,89.0,223cccf4569a,ok,train,yen4|page_0098|c7,"[376, 1254, 444, 1327]",s2_inter_s3_corrected,15.11900826446281,e7b41d036401784f,713
16826,silver/yen2_page_0198_c08_132.png,yen2,page_0198,8,吞,trời,𡗶,U+215F6,char,SILVER,s2_inter_s3_corrected,0.917,0.212,139.0,166.0,f459d0c86b7d,ok,train,yen2|page_0198|c8,"[360, 884, 473, 1018]",s2_inter_s3_corrected,15.11900826446281,fba5d92602056f02,714
33419,silver/yen4_page_0068_c02_028.png,yen4,page_0068,2,礼,trấy,礼,U+793C,char,SILVER,s1_inter_s3_out_of_dict,0.981,0.155,79.0,88.0,7049e8c7409b,ok,train,yen4|page_0068|c2,"[878, 602, 949, 674]",s1_inter_s3_out_of_dict,4.7,19eb049a0252ac8a,715
8991,silver/yen2_page_0106_c09_165.png,yen2,page_0106,9,𭪙,nghiệp,業,U+696D,char,SILVER,s2_inter_s3_corrected,0.602,0.244,128.0,150.0,914a75071de7,ok,train,yen2|page_0106|c9,"[250, 1129, 354, 1251]",s2_inter_s3_corrected,15.11900826446281,f2d072c91e6b7124,716
42537,silver/yen4_page_0166_c08_157.png,yen4,page_0166,8,𩲸,con,晜,U+665C,char,SILVER,s2_inter_s3_corrected,0.922,0.156,71.0,79.0,ed7bf6c74246,ok,train,yen4|page_0166|c8,"[275, 235, 343, 309]",s2_inter_s3_corrected,15.11900826446281,07d3f9f71fc5d68e,717
24342,silver/yen2_page_0286_c07_126.png,yen2,page_0286,7,偃,rằng,浪,U+6D6A,char,SILVER,s2_inter_s3_corrected,0.847,0.138,208.0,147.0,6350f7d75fbf,ok,train,yen2|page_0286|c7,"[514, 1825, 682, 1944]",s2_inter_s3_corrected,15.11900826446281,f375834fb1b093d6,718
9898,silver/yen2_page_0116_c09_181.png,yen2,page_0116,9,焼,theo,燒,U+71D2,char,SILVER,s2_inter_s3_corrected,0.883,0.263,107.0,123.0,65094c428b2b,ok,train,yen2|page_0116|c9,"[218, 2392, 322, 2498]",s2_inter_s3_corrected,15.11900826446281,a3aeb9b78df9befc,719
10433,silver/yen2_page_0122_c07_146.png,yen2,page_0122,7,尫,đã,㐌,U+340C,char,SILVER,s2_inter_s3_corrected,0.581,0.258,92.0,142.0,ff3e2d0e7013,ok,train,yen2|page_0122|c7,"[534, 2049, 635, 2165]",s2_inter_s3_corrected,15.11900826446281,abaf495e7f53a984,720
45904,silver/yen4_page_0204_c05_110.png,yen4,page_0204,5,祖,nó,奴,U+5974,char,SILVER,s2_inter_s3_corrected,0.533,0.162,65.0,84.0,e1c4682e2d5f,ok,train,yen4|page_0204|c5,"[575, 1342, 641, 1411]",s2_inter_s3_corrected,15.11900826446281,e60d5cc388d8241d,721
7980,silver/yen2_page_0096_c04_070.png,yen2,page_0096,4,孤,bắt,扒,U+6252,char,SILVER,s2_inter_s3_corrected,0.504,0.225,118.0,136.0,5e17dfa0e7a7,ok,train,yen2|page_0096|c4,"[985, 571, 1093, 681]",s2_inter_s3_corrected,15.11900826446281,806709bfa38b90fa,722
63140,silver/yen11_page_0096_c06_119.png,yen11,page_0096,6,手,lòng,弄,U+5F04,char,SILVER,s2_inter_s3_corrected,0.981,0.119,122.0,148.0,ef46155df9bc,ok,train,yen11|page_0096|c6,"[721, 1691, 835, 1811]",s2_inter_s3_corrected,15.11900826446281,e82ce5bdcc548910,723
13539,silver/yen2_page_0158_c07_131.png,yen2,page_0158,7,寿,thì,寺,U+5BFA,char,SILVER,s2_inter_s3_corrected,0.981,0.279,118.0,150.0,b2c0723dd83b,ok,train,yen2|page_0158|c7,"[543, 1828, 646, 1950]",s2_inter_s3_corrected,15.11900826446281,3947dd0a26b2c0b7,724
11601,silver/yen2_page_0134_c08_165.png,yen2,page_0134,8,併,bánh,餅,U+9905,char,SILVER,s2_inter_s3_corrected,0.556,0.198,123.0,149.0,458782d14a42,ok,train,yen2|page_0134|c8,"[402, 1878, 510, 1999]",s2_inter_s3_corrected,15.11900826446281,0e938dc084c7cf00,725
57365,silver/yen11_page_0028_c06_122.png,yen11,page_0028,6,因,có,固,U+56FA,char,SILVER,s2_inter_s3_corrected,0.97,0.22,118.0,137.0,5060c961f682,ok,train,yen11|page_0028|c6,"[720, 1479, 827, 1590]",s2_inter_s3_corrected,15.11900826446281,39bf4310da8261c5,726
49881,silver/yen4_page_0246_c08_156.png,yen4,page_0246,8,打,chết,折,U+6298,char,SILVER,s2_inter_s3_corrected,0.789,0.159,75.0,101.0,cde5fe4fc7e7,ok,train,yen4|page_0246|c8,"[281, 711, 353, 794]",s2_inter_s3_corrected,15.11900826446281,0a2a72e6641c4eca,727
18757,silver/yen2_page_0222_c04_066.png,yen2,page_0222,4,髙,vì,為,U+70BA,char,SILVER,s2_inter_s3_corrected,0.509,0.25,106.0,161.0,f76bb122f01f,ok,train,yen2|page_0222|c4,"[959, 1384, 1068, 1515]",s2_inter_s3_corrected,15.11900826446281,7344bf1da647c693,728
31427,silver/yen4_page_0046_c04_087.png,yen4,page_0046,4,桒,thầy,柴,U+67F4,char,SILVER,s2_inter_s3_corrected,0.66,0.186,86.0,88.0,6e5a74c59a59,ok,train,yen4|page_0046|c4,"[673, 1485, 743, 1557]",s2_inter_s3_corrected,15.11900826446281,e2be32f036681343,729
5246,silver/yen2_page_0066_c07_143.png,yen2,page_0066,7,与,đức,徳,U+5FB3,char,SILVER,s2_inter_s3_corrected,0.607,0.312,89.0,152.0,a17cb9826a49,ok,train,yen2|page_0066|c7,"[529, 2008, 638, 2132]",s2_inter_s3_corrected,15.11900826446281,af37128f5393b220,730
18900,silver/yen2_page_0224_c02_036.png,yen2,page_0224,2,玄,đầy,苔,U+82D4,char,SILVER,s2_inter_s3_corrected,0.706,0.157,126.0,152.0,89d28c72b597,ok,train,yen2|page_0224|c2,"[1316, 2002, 1419, 2126]",s2_inter_s3_corrected,15.11900826446281,0758560be20def67,731
55279,silver/yen4_page_0302_c08_158.png,yen4,page_0302,8,条,thêm,添,U+6DFB,char,SILVER,s2_inter_s3_corrected,0.666,0.151,85.0,98.0,455373a03aff,ok,train,yen4|page_0302|c8,"[278, 1143, 347, 1223]",s2_inter_s3_corrected,15.11900826446281,8abeebe739480274,732
29395,silver/yen4_page_0024_c06_108.png,yen4,page_0024,6,在,mà,麻,U+9EBB,char,SILVER,s2_inter_s3_corrected,0.981,0.155,71.0,75.0,21b6a49f5904,ok,test,yen4|page_0024|c6,"[477, 269, 546, 342]",s2_inter_s3_corrected,15.11900826446281,b8bbf081d0286408,733
49710,silver/yen4_page_0244_c09_184.png,yen4,page_0244,9,開,bấy,閉,U+9589,char,SILVER,s2_inter_s3_corrected,0.91,0.149,68.0,96.0,6cfdfc27354e,ok,train,yen4|page_0244|c9,"[186, 690, 252, 768]",s2_inter_s3_corrected,15.11900826446281,16089f6e1d26adf3,734
59959,silver/yen11_page_0058_c07_131.png,yen11,page_0058,7,燒,nhiêu,嬈,U+5B08,char,SILVER,s2_inter_s3_corrected,0.908,0.177,103.0,131.0,f1ffa85d4ac7,ok,val,yen11|page_0058|c7,"[573, 622, 694, 729]",s2_inter_s3_corrected,15.11900826446281,1844089fb31e10a6,735
48282,silver/yen4_page_0230_c04_066.png,yen4,page_0230,4,迕,đã,㐌,U+340C,char,SILVER,s2_inter_s3_corrected,0.788,0.184,67.0,94.0,7202c4554e4e,ok,val,yen4|page_0230|c4,"[667, 577, 737, 657]",s2_inter_s3_corrected,15.11900826446281,08f001a5194518ee,736
9639,silver/yen2_page_0114_c05_097.png,yen2,page_0114,5,恋,bay,悲,U+60B2,char,SILVER,s2_inter_s3_corrected,0.544,0.259,129.0,139.0,0c90440f7707,ok,train,yen2|page_0114|c5,"[834, 1730, 944, 1843]",s2_inter_s3_corrected,15.11900826446281,b3cb3f9fcaec79e3,737
15017,silver/yen2_page_0176_c07_130.png,yen2,page_0176,7,陶,mà,麻,U+9EBB,char,SILVER,s2_inter_s3_corrected,0.592,0.233,138.0,135.0,14ef9af9c2a7,ok,train,yen2|page_0176|c7,"[504, 2417, 616, 2532]",s2_inter_s3_corrected,15.11900826446281,491bb33b891b5403,738
29039,silver/yen4_page_0020_c07_149.png,yen4,page_0020,7,因,có,固,U+56FA,char,SILVER,s2_inter_s3_corrected,0.966,0.179,57.0,74.0,5e9c79febd99,ok,train,yen4|page_0020|c7,"[390, 1573, 453, 1638]",s2_inter_s3_corrected,15.11900826446281,6da96397c00fbcb9,739
53084,silver/yen4_page_0280_c07_157.png,yen4,page_0280,7,祧,lấy,礼,U+793C,char,SILVER,s2_inter_s3_corrected,0.964,0.122,89.0,96.0,851f012645db,ok,val,yen4|page_0280|c7,"[358, 1507, 431, 1585]",s2_inter_s3_corrected,15.11900826446281,6d20e1d75fa5b385,740
14169,silver/yen2_page_0166_c07_127.png,yen2,page_0166,7,困,vua,君,U+541B,char,SILVER,s2_inter_s3_corrected,0.782,0.217,128.0,157.0,5b8cbd024f19,ok,train,yen2|page_0166|c7,"[541, 2295, 645, 2422]",s2_inter_s3_corrected,15.11900826446281,cc877212363caca2,741
15876,silver/yen2_page_0186_c09_154.png,yen2,page_0186,9,神,lấy,礼,U+793C,char,SILVER,s3_head_bank_consensus,0.907,0.205,143.0,188.0,17d16e9c9a45,ok,train,yen2|page_0186|c9,"[175, 1065, 299, 1217]",s3_head_bank_consensus,14.485714285714286,7fc7a27228d37a65,742
13116,silver/yen2_page_0154_c04_063.png,yen2,page_0154,4,㸃,mặc,黙,U+9ED9,char,SILVER,s2_inter_s3_corrected,0.931,0.193,137.0,150.0,a113e9dd1abf,ok,train,yen2|page_0154|c4,"[990, 868, 1108, 990]",s2_inter_s3_corrected,15.11900826446281,82dd33c19d43dbe2,743
67180,silver/yen11_page_0138_c09_184.png,yen11,page_0138,9,反,song,双,U+53CC,char,SILVER,s2_inter_s3_corrected,0.845,0.138,78.0,131.0,846e75c97a3d,ok,train,yen11|page_0138|c9,"[270, 1162, 358, 1269]",s2_inter_s3_corrected,15.11900826446281,f27388f48eaa8f71,744
43791,silver/yen4_page_0182_c02_034.png,yen4,page_0182,2,恐,ta,些,U+4E9B,char,SILVER,s2_inter_s3_corrected,0.91,0.168,60.0,87.0,9c25fc3be89e,ok,train,yen4|page_0182|c2,"[900, 819, 967, 890]",s2_inter_s3_corrected,15.11900826446281,46f743c2ce768ad5,745
22398,silver/yen2_page_0264_c08_146.png,yen2,page_0264,8,媿,em,㛪,U+36EA,char,SILVER,s2_inter_s3_corrected,0.912,0.179,129.0,163.0,4689c55c2441,ok,train,yen2|page_0264|c8,"[352, 1432, 463, 1565]",s2_inter_s3_corrected,15.11900826446281,a95e72fea4f2b5cc,746
68748,silver/yen11_page_0154_c09_198.png,yen11,page_0154,9,用,bé,闭,U+95ED,char,SILVER,s2_inter_s3_corrected,0.578,0.148,101.0,131.0,dd3648f95d52,ok,train,yen11|page_0154|c9,"[196, 1979, 296, 2086]",s2_inter_s3_corrected,15.11900826446281,71dea65538c8154a,747
15962,silver/yen2_page_0188_c04_074.png,yen2,page_0188,4,率,tốt,卒,U+5352,char,SILVER,s2_inter_s3_corrected,0.716,0.185,136.0,159.0,ef049019cbc6,ok,train,yen2|page_0188|c4,"[945, 2178, 1055, 2307]",s2_inter_s3_corrected,15.11900826446281,284d10bbe956fef0,748
48753,silver/yen4_page_0234_c09_159.png,yen4,page_0234,9,石,vậy,丕,U+4E15,char,SILVER,s2_inter_s3_corrected,0.831,0.161,81.0,95.0,77350eef77b1,ok,train,yen4|page_0234|c9,"[183, 422, 250, 499]",s2_inter_s3_corrected,15.11900826446281,31be89c8f8d9269d,749
