sample_id,image,book,page,column,ocr_char,syllable,label,tier,rule,bbox,crop_w,crop_h,R_candidates,R_size,ocr_in_R,pred,sec,pred_cjk,n_cjk,one_cjk,first,first_in_R,any_in_R,eq_kinh,first_in_vocab,kinh_in_R,is_empty,latin,multi,no_cjk
M1_0000,gold/stt2_page_0252_c04_067.png,stt2,page_0252,4,欣,hơn,欣,GOLD,s1_inter_s2_direct,"[1012, 1641, 1127, 1776]",102,166,俽|忻|惞|欣|訢|軒|餘|䜣|𪡗,9,True,,1.294,,0,False,,False,False,False,False,True,True,False,False,True
M1_0001,gold/stt2_page_0308_c04_052.png,stt2,page_0308,4,欺,khi,欺,GOLD,s1_inter_s2_direct,"[1002, 2311, 1109, 2428]",118,145,倛|僛|吱|唭|娸|崎|徛|攲|敧|期|机|桤|榿|欹|欺|浪|猗|觭|諆|踦|陭|魌|㿲|𠔶|𡾵|𣣱|𤿯|𥀴|𨜅|緝|缉,31,True,,1.123,,0,False,,False,False,False,False,True,True,False,False,True
M1_0002,gold/stt2_page_0132_c03_046.png,stt2,page_0132,3,朱,cho,朱,GOLD,s1_inter_s2_direct,"[1110, 924, 1215, 1038]",117,140,|咮|埃|木|朱|株|沫|渚|濐|硃|陼|㵭,12,True,,0.962,,0,False,,False,False,False,False,True,True,False,False,True
M1_0003,gold/stt2_page_0072_c09_168.png,stt2,page_0072,9,主,chúa,主,GOLD,s1_inter_s2_direct,"[204, 1482, 297, 1593]",106,122,主|炷,2,True,,0.837,,0,False,,False,False,False,False,True,True,False,False,True
M1_0004,gold/stt2_page_0140_c08_133.png,stt2,page_0140,8,吒,cha,吒,GOLD,s1_inter_s2_direct,"[356, 952, 457, 1072]",119,148,乍|作|偺|吒|咋|咤|咱|喒|喥|嗻|囃|托|爹|爺|皻|皽|詐|醡|𠆦|𠷆|𠷿|𤕔|𧧻|𨕚|𬏨,25,True,,1.024,,0,False,,False,False,False,False,True,True,False,False,True
M1_0005,gold/stt2_page_0066_c09_187.png,stt2,page_0066,9,困,khốn,困,GOLD,s1_inter_s2_direct,"[218, 2299, 325, 2423]",105,152,困|囷|梱|睏|阃|捆,6,True,闲,1.162,闲,1,True,闲,False,False,False,True,True,False,False,False,False
M1_0006,gold/stt2_page_0036_c07_117.png,stt2,page_0036,7,主,chúa,主,GOLD,s1_inter_s2_direct,"[506, 1011, 603, 1120]",101,133,主|炷,2,True,,0.884,,0,False,,False,False,False,False,True,True,False,False,True
M1_0007,gold/stt2_page_0078_c03_051.png,stt2,page_0078,3,呐,nói,呐,GOLD,s1_inter_s2_direct,"[1178, 1324, 1270, 1434]",102,134,內|内|叻|吶|呐|唁|尼|曰|訥|㐻|㕯|𠺶|𡗠|𧨣,14,True,,0.941,,0,False,,False,False,False,False,True,True,False,False,True
M1_0008,gold/stt2_page_0114_c01_017.png,stt2,page_0114,1,衣,ấy,衣,GOLD,s1_inter_s2_direct,"[1447, 2104, 1560, 2211]",139,131,𱍸|乙|倚|噫|娎|帝|悥|意|憶|椅|衣|衤|𠂎|𠋣|𠶷|𢡃|𧘇|𪬫|𫢚|󰀎|󱦝|󱰁|啩|怪|掛|撌|癸|紙|𠶔|𢫞|𢯗|𥿗,32,True,,1.118,,0,False,,False,False,False,False,True,True,False,False,True
M1_0009,gold/stt2_page_0170_c03_052.png,stt2,page_0170,3,折,giết,折,GOLD,s1_inter_s2_direct,"[1138, 2092, 1249, 2227]",125,163,𱥘|折|摺|歽|滅|翼|㪿|𢷄|𣂚|𣂟|𣂫|𣂲|𣂹|𣩁|𣩂|𤄌|𨦬|𪲽|󰊾|󱚕|󱣽,21,True,,1.319,,0,False,,False,False,False,False,True,True,False,False,True
M1_0010,gold/stt2_page_0052_c03_045.png,stt2,page_0052,3,渚,chưa,渚,GOLD,s1_inter_s2_direct,"[1120, 594, 1219, 686]",100,107,初|朱|渚|濐|瀦|猪|荗|諸|豬|陼|㐌|㨋|㵭|䐗|𢑳|𢒕|𣌆|𣗓|𣜾|𣠕|𣠖|𣦁|𤀞|𧭷|𧱭|𧳯|𪳼|𬄞|𬚍,29,True,,0.705,,0,False,,False,False,False,False,True,True,False,False,True
M1_0011,gold/stt2_page_0166_c09_149.png,stt2,page_0166,9,官,quan,官,GOLD,s1_inter_s2_direct,"[234, 572, 348, 703]",138,161,||倌|光|关|冠|官|寡|慣|棺|毌|涫|瘝|癏|矜|綸|纶|覌|観|觀|观|貫|軍|開|閞|関|闗|關|鯀|鯤|鰥|鱞|鳏|䚪|䝺|䦕|𠕍|𠖌|𠙙|𠜍|𠴨|𡦹|𡧺|𢃙|𢿒|𣎕|𣑄|𤸄|𥉀|𥍄|𥍅|𥍊|𥍕|𥎅|𥷯|𥸑|𧃼|𧢪|𧤩|𧵗|𨳡|𨳨|𨳹|𨴊|𨵿|𨶚|𨶹|𨷀|𩁰|𩶊|𩹌|𩻲|𩻴|𫔢|𬮦|󰞹|琯|綰|绾|菅,80,True,,1.392,,0,False,,False,False,False,False,True,True,False,False,True
M1_0012,gold/stt2_page_0328_c02_035.png,stt2,page_0328,2,麻,mà,麻,GOLD,s1_inter_s2_direct,"[1314, 2075, 1427, 2209]",129,166,|傌|嘛|女|痳|罵|菻|蔴|調|駡|高|麻|默|𢠩|𢳀|𣻕|𦋻|𦓡|𦲬|󱰷|󱰹,21,True,,1.461,,0,False,,False,False,False,False,True,True,False,False,True
M1_0013,gold/stt2_page_0174_c02_022.png,stt2,page_0174,2,别,biết,别,GOLD,s1_inter_s2_direct,"[1292, 565, 1399, 683]",96,146,|別|别|咇|彆|憋|捌|撆|柲|瘪|癟|虌|蟞|襒|蹩|鱉|鳖|鼈|龞|㿜|䠥|𠔁|𠛰|𠮠|𤻋|𪔀|𪿍|󱤞|󱩲|拐,30,True,,1.001,,0,False,,False,False,False,False,True,True,False,False,True
M1_0014,gold/stt2_page_0092_c03_049.png,stt2,page_0092,3,眉,mày,眉,GOLD,s1_inter_s2_direct,"[1119, 567, 1224, 675]",128,129,眉|睂|睸|迈|𠃜|𠋥|𠪃|𠷯|𡮠|𣭒|𣮮|𥅉|𥅕|𥅦|𥅮|𥇮|𥻡|𪵟|𫃷|𫵇|󰜣|󰟎|󱩮|󱮪,24,True,,1.005,,0,False,,False,False,False,False,True,True,False,False,True
M1_0015,gold/stt2_page_0084_c06_122.png,stt2,page_0084,6,㝵,người,㝵,GOLD,s1_inter_s2_direct,"[679, 1776, 781, 1886]",126,128,仉|倘|儻|勜|匕|命|圤|徜|昆|皚|躺|辞|㝵|𠊚|𠊛|𣈗|𣈜|𤽗|𫴮|󱫱,20,True,,1.081,,0,False,,False,False,False,False,True,True,False,False,True
M1_0016,gold/stt2_page_0236_c03_052.png,stt2,page_0236,3,時,thì,時,GOLD,s1_inter_s2_direct,"[1124, 2257, 1236, 2394]",105,167,𱢑|匙|埘|塒|寺|峕|常|提|时|旹|時|晨|曟|榯|氏|畤|秲|茄|莳|蒔|辰|鍉|鰣|鲥|㔭|㫑|㫭|㮛|䈕|䢈|𠨱|𠨷|𠩐|𠩟|𠱾|𡗶|𡺈|𡺞|𢁈|𣅱|𣈜|𥊘|𥫽|𦔌|𦱎|𦱗|𦸎|𨑃|𨑄|𨥌|𩶬|𪰛|𬀦|󰣡|󱞑|㖘,56,True,,1.186,,0,False,,False,False,False,False,True,True,False,False,True
M1_0017,gold/stt2_page_0322_c04_067.png,stt2,page_0322,4,行,hành,行,GOLD,s1_inter_s2_direct,"[988, 1296, 1099, 1407]",105,123,斻|桁|珩|胻|航|茎|荇|莕|莖|蘅|行|衡|䓷|𠎢|𠧲|𠧽|𠧿|𡘻|𡙉|𡙏|𢔖|𢖍|𧗞|𧗟|𧗣|𧗾|𨏎,27,True,,0.892,,0,False,,False,False,False,False,True,True,False,False,True
M1_0018,gold/stt2_page_0276_c02_024.png,stt2,page_0276,2,察,xét,察,GOLD,s1_inter_s2_direct,"[1902, 1165, 2023, 1311]",134,167,嚓|察|詧|𢪀|𥌀|𪹾|󱧴,7,True,,1.432,,0,False,,False,False,False,False,True,True,False,False,True
M1_0019,gold/stt2_page_0284_c06_099.png,stt2,page_0284,6,改,gởi,改,GOLD,s1_inter_s2_direct,"[686, 869, 804, 1003]",121,166,改|攺|灜|㱼|𠳚|𢭮|𢻰|𪻞|󰡚,9,True,,1.299,,0,False,,False,False,False,False,True,True,False,False,True
M1_0020,gold/stt2_page_0246_c06_118.png,stt2,page_0246,6,德,đức,德,GOLD,s1_inter_s2_direct,"[684, 2326, 790, 2436]",130,121,|𱐩|𱝮|徳|德|恴|悳|惪|㤫|㥀|㥁|䙷|𢛳|𢜖|𢠀|𢤊|𨗌|𨗤|𭲖|󰆙|󱉎,21,True,,0.931,,0,False,,False,False,False,False,True,True,False,False,True
M1_0021,gold/stt2_page_0016_c09_163.png,stt2,page_0016,9,㝵,người,㝵,GOLD,s1_inter_s2_direct,"[200, 745, 292, 852]",106,123,仉|倘|儻|勜|匕|命|圤|徜|昆|皚|躺|辞|㝵|𠊚|𠊛|𣈗|𣈜|𤽗|𫴮|󱫱,20,True,,0.886,,0,False,,False,False,False,False,True,True,False,False,True
M1_0022,gold/stt2_page_0110_c09_166.png,stt2,page_0110,9,赦,tha,赦,GOLD,s1_inter_s2_direct,"[218, 939, 325, 1055]",129,138,他|佗|匜|咃|她|它|嵯|差|怹|扡|拕|拖|搋|搓|柂|牠|瑳|砣|磋|祂|策|蛇|訑|詑|賖|赦|趿|蹉|釶|鉈|鍦|铊|馱|𠰹|𢫌|𢷼|𢼗|𢼜|𢽀|𤆅|𥘦|𨇏|𨧯|𩥙|𫅁|挓|腃,47,True,,1.034,,0,False,,False,False,False,False,True,True,False,False,True
M1_0023,gold/stt2_page_0176_c01_010.png,stt2,page_0176,1,浪,rằng,浪,GOLD,s1_inter_s2_direct,"[1430, 1609, 1542, 1746]",104,165,哏|哴|喨|坺|娘|払|浪|㖫|𠳒|𠺘|𤎔|𪘵,12,True,,1.172,,0,False,,False,False,False,False,True,True,False,False,True
M1_0024,gold/stt2_page_0306_c05_090.png,stt2,page_0306,5,朱,cho,朱,GOLD,s1_inter_s2_direct,"[862, 1752, 971, 1880]",117,138,|咮|埃|木|朱|株|沫|渚|濐|硃|陼|㵭,12,True,,0.940,,0,False,,False,False,False,False,True,True,False,False,True
M1_0025,gold/stt2_page_0146_c03_045.png,stt2,page_0146,3,㝵,người,㝵,GOLD,s1_inter_s2_direct,"[1154, 812, 1259, 938]",103,154,仉|倘|儻|勜|匕|命|圤|徜|昆|皚|躺|辞|㝵|𠊚|𠊛|𣈗|𣈜|𤽗|𫴮|󱫱,20,True,,1.149,,0,False,,False,False,False,False,True,True,False,False,True
M1_0026,gold/stt2_page_0316_c04_060.png,stt2,page_0316,4,堂,đàng,堂,GOLD,s1_inter_s2_direct,"[1016, 567, 1129, 702]",117,167,唐|啺|堂|塘|壇|𡃯|𣉺|𥏬,8,True,,1.256,,0,False,,False,False,False,False,True,True,False,False,True
M1_0027,gold/stt2_page_0020_c04_063.png,stt2,page_0020,4,庄,chăng,庄,GOLD,s1_inter_s2_direct,"[953, 560, 1067, 681]",133,140,|丕|仳|庄|庒|弡|張|拯|生|空|荘|莊|㔻|㽵|𠗎|𠦓|𠲕|𤕶|𤖄|𤖈|𦀾|𦻊|𧜖|𫽄|󰝸|󱣟,26,True,,1.181,,0,False,,False,False,False,False,True,True,False,False,True
M1_0028,gold/stt2_page_0106_c07_125.png,stt2,page_0106,7,命,mình,命,GOLD,s1_inter_s2_direct,"[538, 1237, 645, 1357]",131,147,命|明|春|珄|舍|𠇮|𠵴|𨉓|𨉟|󰇕|󰳁|󱝬,12,True,,1.315,,0,False,,False,False,False,False,True,True,False,False,True
M1_0029,gold/stt2_page_0314_c02_024.png,stt2,page_0314,2,矣,hãy,矣,GOLD,s1_inter_s2_direct,"[1271, 752, 1379, 876]",89,152,亥|俟|咍|咳|唉|孩|忍|挨|改|欬|欸|涘|矣|誒|駭|駴|㐌|㗒|㤥|䀭|𠹛|𠺡|𩡭,23,True,,0.912,,0,False,,False,False,False,False,True,True,False,False,True
M1_0030,gold/stt2_page_0152_c07_125.png,stt2,page_0152,7,㝵,người,㝵,GOLD,s1_inter_s2_direct,"[531, 678, 628, 771]",107,115,仉|倘|儻|勜|匕|命|圤|徜|昆|皚|躺|辞|㝵|𠊚|𠊛|𣈗|𣈜|𤽗|𫴮|󱫱,20,True,,0.830,,0,False,,False,False,False,False,True,True,False,False,True
M1_0031,gold/stt2_page_0178_c02_033.png,stt2,page_0178,2,除,giờ,除,GOLD,s1_inter_s2_direct,"[1286, 2051, 1393, 2189]",123,170,俆|徐|除|𠀺|𣇞|𣉹|𨑦|𪬪|𪱡|𬁊|𬁐|󱤗|󱤫|󱮠,14,True,,1.313,,0,False,,False,False,False,False,True,True,False,False,True
M1_0032,gold/stt2_page_0074_c03_058.png,stt2,page_0074,3,歳,tuổi,歳,GOLD,s1_inter_s2_direct,"[1123, 2114, 1227, 2232]",128,143,亗|嵗|歲|歳|碎|㒸|㞸|𡻕|𡻷|𢆫|𢧁|𢧡|𣦮|󰆄|󰑔|󰣳|󱤱|󱦞|󱦟,19,True,,1.126,,0,False,,False,False,False,False,True,True,False,False,True
M1_0033,gold/stt2_page_0018_c01_005.png,stt2,page_0018,1,矯,kẻo,矯,GOLD,s1_inter_s2_direct,"[1443, 885, 1552, 1002]",118,145,|喬|嘺|嬌|撟|矫|矯|翹|㚁|𢱪|𥏹|𦒒,12,True,,1.025,,0,False,,False,False,False,False,True,True,False,False,True
M1_0034,gold/stt2_page_0238_c03_057.png,stt2,page_0238,3,㝵,người,㝵,GOLD,s1_inter_s2_direct,"[1135, 2411, 1246, 2530]",118,132,仉|倘|儻|勜|匕|命|圤|徜|昆|皚|躺|辞|㝵|𠊚|𠊛|𣈗|𣈜|𤽗|𫴮|󱫱,20,True,,0.983,,0,False,,False,False,False,False,True,True,False,False,True
M1_0035,gold/stt2_page_0142_c07_130.png,stt2,page_0142,7,木,móc,木,GOLD,s1_inter_s2_direct,"[541, 2081, 649, 2214]",124,161,木|沐|璽|禄|莯|鈢|雬|霂|㭉|𠣛|𢪮|𥷻|𦱈|𩂆|󱔵|󱗢,16,True,,1.301,,0,False,,False,False,False,False,True,True,False,False,True
M1_0036,gold/stt2_page_0056_c09_202.png,stt2,page_0056,9,丕,vậy,丕,GOLD,s1_inter_s2_direct,"[238, 2412, 325, 2504]",67,100,丕|仳|呸|物|特|盃|㔻|𠦓,8,True,,0.542,,0,False,,False,False,False,False,True,True,False,False,True
M1_0037,gold/stt2_page_0302_c06_108.png,stt2,page_0302,6,麻,mà,麻,GOLD,s1_inter_s2_direct,"[694, 1807, 815, 1942]",139,167,|傌|嘛|女|痳|罵|菻|蔴|調|駡|高|麻|默|𢠩|𢳀|𣻕|𦋻|𦓡|𦲬|󱰷|󱰹,21,True,,1.581,,0,False,,False,False,False,False,True,True,False,False,True
M1_0038,gold/stt2_page_0122_c06_120.png,stt2,page_0122,6,麻,mà,麻,GOLD,s1_inter_s2_direct,"[681, 1589, 790, 1700]",135,136,|傌|嘛|女|痳|罵|菻|蔴|調|駡|高|麻|默|𢠩|𢳀|𣻕|𦋻|𦓡|𦲬|󱰷|󱰹,21,True,,1.293,,0,False,,False,False,False,False,True,True,False,False,True
M1_0039,gold/stt2_page_0028_c01_022.png,stt2,page_0028,1,群,còn,群,GOLD,s1_inter_s2_direct,"[1417, 2312, 1516, 2418]",94,118,|哙|喂|噲|存|羣|群|自|䭽|𠹩|𡥵|𫲳|󰅹|󱟟|󱫦,15,True,,0.726,,0,False,,False,False,False,False,True,True,False,False,True
M1_0040,gold/stt2_page_0260_c02_029.png,stt2,page_0260,2,樞,su,樞,GOLD,s1_inter_s2_direct,"[1294, 1565, 1409, 1694]",107,154,樞|秋|毹|毺|穌|芇|芻|蒭|蘇|蘓|㮲,11,True,,1.146,,0,False,,False,False,False,False,True,True,False,False,True
M1_0041,gold/stt2_page_0030_c08_168.png,stt2,page_0030,8,主,chúa,主,GOLD,s1_inter_s2_direct,"[360, 1549, 457, 1655]",119,129,主|炷,2,True,,0.939,,0,False,,False,False,False,False,True,True,False,False,True
M1_0042,gold/stt2_page_0240_c04_058.png,stt2,page_0240,4,麻,mà,麻,GOLD,s1_inter_s2_direct,"[1009, 476, 1124, 598]",130,109,|傌|嘛|女|痳|罵|菻|蔴|調|駡|高|麻|默|𢠩|𢳀|𣻕|𦋻|𦓡|𦲬|󱰷|󱰹,21,True,,0.897,,0,False,,False,False,False,False,True,True,False,False,True
M1_0043,gold/stt2_page_0278_c03_050.png,stt2,page_0278,3,施,thí,施,GOLD,s1_inter_s2_direct,"[1129, 1986, 1239, 2105]",131,142,剃|剔|啻|始|媲|屁|弑|弒|施|試|譬|试|辟|髰|鬀|鬄|䊧|䙾|𠆹|𠇜|𠤒|𡲩|𢎊|𢎍|𢎓|𢒃|𢦳|𢨓|𢻩|𢻫|𢻱|𢼉|𢼊|𢼘|𥤶|𥥓|𥧔|𦭇|𨲙|𩮜|弛,41,True,,1.126,,0,False,,False,False,False,False,True,True,False,False,True
M1_0044,gold/stt2_page_0228_c02_020.png,stt2,page_0228,2,正,giêng,正,GOLD,s1_inter_s2_direct,"[1281, 1341, 1384, 1470]",115,149,征|徰|徵|政|正|貞|靕|㱏|𠙺|𠤭|𢌛|𢘫|𣥆|𣥔|𣦓|𤴓|𥢆|𦙫|𧾸|𨒌|󱥡,21,True,,1.093,,0,False,,False,False,False,False,True,True,False,False,True
M1_0045,gold/stt2_page_0192_c07_124.png,stt2,page_0192,7,弹,đàn,弹,GOLD,s1_inter_s2_direct,"[470, 1828, 582, 1964]",119,166,丐|亶|僤|勯|啴|單|坍|坛|埮|墰|壇|壜|婵|弹|弾|彈|掸|撣|樿|檀|殚|殫|罈|聅|胆|袒|驒|鷤|𡊨|𢎚|𢎝|𢎟|𢎩|𢎫|𢎬|𢎲|𣐙|𣞀|𦉡|𩠽|󰈏|澶,42,True,,1.304,,0,False,,False,False,False,False,True,True,False,False,True
M1_0046,gold/stt2_page_0296_c04_063.png,stt2,page_0296,4,亊,sự,亊,GOLD,s1_inter_s2_direct,"[1001, 1491, 1117, 1630]",135,167,亊|事|剚|叓|殖|耡|锄|麆|㕝|𠁱|𠫺|𠭆|𠭏|𤔇|筛|篩,16,True,,1.475,,0,False,,False,False,False,False,True,True,False,False,True
M1_0047,gold/stt2_page_0158_c02_030.png,stt2,page_0158,2,㝵,người,㝵,GOLD,s1_inter_s2_direct,"[1307, 1333, 1423, 1462]",137,159,仉|倘|儻|勜|匕|命|圤|徜|昆|皚|躺|辞|㝵|𠊚|𠊛|𣈗|𣈜|𤽗|𫴮|󱫱,20,True,,1.377,,0,False,,False,False,False,False,True,True,False,False,True
M1_0048,gold/stt2_page_0206_c06_111.png,stt2,page_0206,6,奇,cả,奇,GOLD,s1_inter_s2_direct,"[682, 2204, 792, 2336]",136,155,仍|哿|垰|奇|架|竒|𠵲|𪥘|󱝝|󱝮|󱼓,11,True,,1.223,,0,False,,False,False,False,False,True,True,False,False,True
M1_0049,gold/stt2_page_0012_c08_129.png,stt2,page_0012,8,弄,lòng,弄,GOLD,s1_inter_s2_direct,"[348, 1499, 447, 1610]",75,129,峼|弄|情|挊|挵|淚|瘧|胣|㢅|㺯|𠧗|𡀜|𡱯|𢌮|𢙱|𢚸|𪫵|𪻒|𬚼|𬛃|󰇑|󰝅|󰟯,23,True,,0.686,,0,False,,False,False,False,False,True,True,False,False,True
M1_0050,gold/stt2_page_0208_c04_070.png,stt2,page_0208,4,秋,su,秋,GOLD,s1_inter_s2_direct,"[992, 1802, 1099, 1927]",126,151,樞|秋|毹|毺|穌|芇|芻|蒭|蘇|蘓|㮲,11,True,,1.213,,0,False,,False,False,False,False,True,True,False,False,True
M1_0051,gold/stt2_page_0320_c03_041.png,stt2,page_0320,3,断,đoạn,断,GOLD,s1_inter_s2_direct,"[1150, 969, 1261, 1103]",104,161,断|斷|椴|段|毈|碫|籪|緞|缎|腶|鍛|锻|㫁|𠜷|𠝅|𠡱|𠩻|𠪅|𠸿|𣂢|𣂣|𣂱|𣂸|𣂾|𣃔|𣦕|𣦙|𦂰|𩏇|𭮫|󰞂|󰠣|塅|夺|奪,35,True,,1.193,,0,False,,False,False,False,False,True,True,False,False,True
M1_0052,gold/stt2_page_0274_c05_087.png,stt2,page_0274,5,之,gì,之,GOLD,s1_inter_s2_direct,"[802, 660, 913, 792]",102,155,𱍽|之|咦|夷|姨|洏|洟|為|芇|㞢|𠔇|𡳿|𫡛|𫩝|󰢔|󱙀,16,True,,1.056,,0,False,,False,False,False,False,True,True,False,False,True
M1_0053,gold/stt2_page_0210_c05_069.png,stt2,page_0210,5,逹,đặt,逹,GOLD,s1_inter_s2_direct,"[847, 981, 959, 1106]",112,155,嗒|噠|撻|特|読|讀|躂|达|迏|迖|迭|逗|連|逹|達|韃|㒓|𡂝|𢹗|𢺂|𢽞|𢾴|𨔂|𨔬|𨔶|𨖫|𨘈|𨘝|𩋅|𩌉|𩌘|󱮳|󱹘,33,True,,1.150,,0,False,,False,False,False,False,True,True,False,False,True
M1_0054,gold/stt2_page_0286_c08_135.png,stt2,page_0286,8,庫,khó,庫,GOLD,s1_inter_s2_direct,"[384, 643, 493, 769]",107,150,厙|庫|瘔|苦|讱|𠺟|𡿵|𣎏|𧁷|𧁹|󰅟|󰈶|󱠽,13,True,,1.054,,0,False,,False,False,False,False,True,True,False,False,True
M1_0055,gold/stt2_page_0136_c05_062.png,stt2,page_0136,5,空,không,空,GOLD,s1_inter_s2_direct,"[792, 505, 895, 608]",127,112,倥|坤|埃|孔|崆|庄|悾|拯|椌|涳|硿|空|箜|𡹝|𢦉|𢷙|𣝃|𫽄,18,True,,0.931,,0,False,,False,False,False,False,True,True,False,False,True
M1_0056,gold/stt2_page_0198_c09_164.png,stt2,page_0198,9,吏,lại,吏,GOLD,s1_inter_s2_direct,"[189, 2281, 311, 2409]",150,149,使|來|俫|倈|勑|厉|厲|又|叓|右|叹|吏|嬾|尼|徕|徠|懒|懶|束|濑|瀨|瘌|癘|癞|癩|皮|籁|籟|耒|藾|襰|賚|賴|赉|赖|辣|頼|顂|類|㐌|㕝|㾢|䊪|𠘝|𠻇|𡯅|𢋷|𥛉|𧡽|𧶘|𧶛|𧷖|𩓃|𫣚|𬃻,55,True,,1.422,,0,False,,False,False,False,False,True,True,False,False,True
M1_0057,gold/stt2_page_0188_c03_053.png,stt2,page_0188,3,寺,thì,寺,GOLD,s1_inter_s2_direct,"[1094, 1962, 1203, 2095]",122,146,𱢑|匙|埘|塒|寺|峕|常|提|时|旹|時|晨|曟|榯|氏|畤|秲|茄|莳|蒔|辰|鍉|鰣|鲥|㔭|㫑|㫭|㮛|䈕|䢈|𠨱|𠨷|𠩐|𠩟|𠱾|𡗶|𡺈|𡺞|𢁈|𣅱|𣈜|𥊘|𥫽|𦔌|𦱎|𦱗|𦸎|𨑃|𨑄|𨥌|𩶬|𪰛|𬀦|󰣡|󱞑|㖘,56,True,,1.198,,0,False,,False,False,False,False,True,True,False,False,True
M1_0058,gold/stt2_page_0070_c02_017.png,stt2,page_0070,2,馭,ngựa,馭,GOLD,s1_inter_s2_direct,"[1299, 1717, 1411, 1844]",118,150,御|馬|馭|驭|𩣓|𩤳|𩤾|󰥇,8,True,,1.067,,0,False,,False,False,False,False,True,True,False,False,True
M1_0059,gold/stt2_page_0224_c04_061.png,stt2,page_0224,4,最,tối,最,GOLD,s1_inter_s2_direct,"[998, 596, 1105, 717]",123,140,冣|卒|啐|啛|対|對|撮|晬|最|琗|睟|碎|綷|繀|茋|蕞|誶|譢|谇|㝡|𠯥|𠵒|𠻜|𡭊|𣅢|𣋁|𣋚|𣤜|𥊴|𥦡|󱤛,31,True,,1.120,,0,False,,False,False,False,False,True,True,False,False,True
M1_0060,gold/stt2_page_0288_c01_004.png,stt2,page_0288,1,垩,thánh,垩,GOLD,s1_inter_s2_direct,"[1458, 860, 1575, 984]",94,124,偺|咱|喒|圣|垩|堊|琞|聖|聽|請|㑑|㗂|䎴|𠄵|𡃑|𡉄|𡑺|𤦨|𤪈|𥅶|𦔻|𦕡|𧟿|𨉑|𨲉|𨲚|𨲢|𨲣|𨲿|𩫽|𬉊|呧|殍,33,True,,0.751,,0,False,,False,False,False,False,True,True,False,False,True
M1_0061,gold/stt2_page_0024_c07_147.png,stt2,page_0024,7,衣,ấy,衣,GOLD,s1_inter_s2_direct,"[500, 1879, 610, 1973]",107,112,𱍸|乙|倚|噫|娎|帝|悥|意|憶|椅|衣|衤|𠂎|𠋣|𠶷|𢡃|𧘇|𪬫|𫢚|󰀎|󱦝|󱰁|啩|怪|掛|撌|癸|紙|𠶔|𢫞|𢯗|𥿗,32,True,,0.787,,0,False,,False,False,False,False,True,True,False,False,True
M1_0062,gold/stt2_page_0116_c08_145.png,stt2,page_0116,8,其,kia,其,GOLD,s1_inter_s2_direct,"[370, 1085, 469, 1195]",98,113,其|箕|㠱|䇧|𠀠|𠀮|𠔋|𠔐|𠔛|𠔝|𠚙|𠥊|𠥩|𠴩|𠵶|𠷛|𡿸|𢌰|𤞻|𥫚|𥫶|𦋊|󰄪|󱡍|󱪪,25,True,,0.732,,0,False,,False,False,False,False,True,True,False,False,True
M1_0063,gold/stt2_page_0194_c06_104.png,stt2,page_0194,6,事,sự,事,GOLD,s1_inter_s2_direct,"[640, 1830, 747, 1971]",112,172,亊|事|剚|叓|殖|耡|锄|麆|㕝|𠁱|𠫺|𠭆|𠭏|𤔇|筛|篩,16,True,,1.316,,0,False,,False,False,False,False,True,True,False,False,True
M1_0064,gold/stt2_page_0154_c06_105.png,stt2,page_0154,6,事,sự,事,GOLD,s1_inter_s2_direct,"[688, 1381, 802, 1510]",122,156,亊|事|剚|叓|殖|耡|锄|麆|㕝|𠁱|𠫺|𠭆|𠭏|𤔇|筛|篩,16,True,,1.190,,0,False,,False,False,False,False,True,True,False,False,True
M1_0065,gold/stt2_page_0230_c07_128.png,stt2,page_0230,7,多,đi,多,GOLD,s1_inter_s2_direct,"[566, 458, 675, 573]",119,125,|多|岃|移|跢|迻|𠫾|𨀕|𪠞|𫺲,10,True,,1.013,,0,False,,False,False,False,False,True,True,False,False,True
M1_0066,gold/stt2_page_0298_c09_155.png,stt2,page_0298,9,庄,chăng,庄,GOLD,s1_inter_s2_direct,"[205, 830, 315, 957]",108,152,|丕|仳|庄|庒|弡|張|拯|生|空|荘|莊|㔻|㽵|𠗎|𠦓|𠲕|𤕶|𤖄|𤖈|𦀾|𦻊|𧜖|𫽄|󰝸|󱣟,26,True,,1.054,,0,False,,False,False,False,False,True,True,False,False,True
M1_0067,gold/stt2_page_0118_c09_178.png,stt2,page_0118,9,苓,lành,苓,GOLD,s1_inter_s2_direct,"[220, 736, 319, 850]",102,140,||令|伶|冷|姈|忴|怜|汵|聆|肑|苓|蓮|袊|䕘|𠘤|𠸖|𡅐|𡅑|𫅜|𫅞|𬙽|󰃬,23,True,,0.921,,0,False,,False,False,False,False,True,True,False,False,True
M1_0068,gold/stt2_page_0040_c04_078.png,stt2,page_0040,4,法,phép,法,GOLD,s1_inter_s2_direct,"[1016, 2001, 1118, 2107]",110,130,佱|峜|法|灋|砝|㳒|𢌇|𣳴|𣶽|𪫚|𪶏,11,True,,0.899,,0,False,,False,False,False,False,True,True,False,False,True
M1_0069,gold/stt2_page_0134_c01_020.png,stt2,page_0134,1,奴,nô,奴,GOLD,s1_inter_s2_direct,"[1442, 2394, 1548, 2501]",130,131,伖|呶|奴|孥|帑|怒|笯|駑|驽,9,True,,1.053,,0,False,,False,False,False,False,True,True,False,False,True
M1_0070,gold/stt2_page_0026_c06_116.png,stt2,page_0026,6,几,kẻ,几,GOLD,s1_inter_s2_direct,"[677, 1132, 781, 1246]",102,138,丗|仉|几|凡|古|峜|幾|掌|易|矯|計|𠀃|𠆰|𠏠|𠖠|𡇣|𧨻|𨤔|󰢿,19,True,,0.921,,0,False,,False,False,False,False,True,True,False,False,True
M1_0071,gold/stt2_page_0098_c06_090.png,stt2,page_0098,6,欣,hơn,欣,GOLD,s1_inter_s2_direct,"[646, 815, 753, 925]",127,133,俽|忻|惞|欣|訢|軒|餘|䜣|𪡗,9,True,,1.011,,0,False,,False,False,False,False,True,True,False,False,True
M1_0072,gold/stt2_page_0292_c03_049.png,stt2,page_0292,3,真,xin,真,GOLD,s1_inter_s2_direct,"[1133, 1620, 1249, 1757]",138,157,吀|吒|嗔|填|真|謓|㥲|𡃑,8,True,,1.328,,0,False,,False,False,False,False,True,True,False,False,True
M1_0073,gold/stt2_page_0038_c05_098.png,stt2,page_0038,5,獅,sư,獅,GOLD,s1_inter_s2_direct,"[848, 1839, 953, 1956]",128,145,司|师|師|捈|摅|摢|摴|攄|樗|溮|狮|獅|筛|篩|簁|簛|籭|綀|蒒|蛳|螄|雎|魳|鰤|𠦵|𠵀|𢂖|𢃋|𤜳|𤞏|𧋬|𧏍|𨸲|𨸴|𩇱|𪝜|攎|浉,38,True,,1.208,,0,False,,False,False,False,False,True,True,False,False,True
M1_0074,gold/stt2_page_0142_p0132_c08_160.png,stt2,page_0142_p0132,8,麻,mà,麻,GOLD,s1_inter_s2_direct,"[391, 1304, 495, 1432]",128,158,|傌|嘛|女|痳|罵|菻|蔴|調|駡|高|麻|默|𢠩|𢳀|𣻕|𦋻|𦓡|𦲬|󱰷|󱰹,21,True,,1.198,,0,False,,False,False,False,False,True,True,False,False,True
M1_0075,gold/stt2_page_0254_c04_057.png,stt2,page_0254,4,㓛,công,㓛,GOLD,s1_inter_s2_direct,"[992, 788, 1097, 919]",111,157,公|功|工|彸|扛|攻|灨|糼|紅|翁|蚣|蜙|釭|㒶|㓚|㓛|㣉|䲨|䲲|𠜝|𡚑|𢀚|𢒄|𢒅|𧆷|𧌻|𧐱|𨊧|󱰴|缸,30,True,,1.165,,0,False,,False,False,False,False,True,True,False,False,True
M1_0076,gold/stt2_page_0054_c03_058.png,stt2,page_0054,3,㝵,người,㝵,GOLD,s1_inter_s2_direct,"[1125, 2104, 1239, 2220]",118,140,仉|倘|儻|勜|匕|命|圤|徜|昆|皚|躺|辞|㝵|𠊚|𠊛|𣈗|𣈜|𤽗|𫴮|󱫱,20,True,,0.935,,0,False,,False,False,False,False,True,True,False,False,True
M1_0077,gold/stt2_page_0182_c05_075.png,stt2,page_0182,5,仍,nhưng,仍,GOLD,s1_inter_s2_direct,"[833, 487, 945, 607]",138,145,仍|因|戎|扔|礽|陾|𢫨|󱙢|󱙣|󱼑|忍|鞥,12,True,,1.300,,0,False,,False,False,False,False,True,True,False,False,True
M1_0078,gold/stt2_page_0088_c06_110.png,stt2,page_0088,6,每,mọi,每,GOLD,s1_inter_s2_direct,"[678, 756, 781, 870]",102,134,毎|每|萬|𠳨|𡴋|𡴕|𣫭|𤞦|𧖦|𬠱|󱟁,11,True,,0.889,,0,False,,False,False,False,False,True,True,False,False,True
M1_0079,gold/stt2_page_0248_c03_042.png,stt2,page_0248,3,逐,giục,逐,GOLD,s1_inter_s2_direct,"[1147, 858, 1257, 977]",126,146,促|唷|慾|欲|豚|逐|𠽖|𡟔|𢄘|𢓑|𣣔|󰖢,12,True,,1.175,,0,False,,False,False,False,False,True,True,False,False,True
M1_0080,gold/stt2_page_0102_c01_011.png,stt2,page_0102,1,差,sai,差,GOLD,s1_inter_s2_direct,"[1423, 1543, 1526, 1662]",104,130,倩|偨|傞|啋|嗟|差|搋|搓|猜|瘥|絺|縒|荖|蹉|釵|钗|黹|㥒|䁟|𡗂|𢀞|𢀠|𢀩|𢷼|𦄙|𦆧|𦇈|筛|篩|蛌,30,True,,0.843,,0,False,,False,False,False,False,True,True,False,False,True
M1_0081,gold/stt2_page_0168_c09_162.png,stt2,page_0168,9,囚,tù,囚,GOLD,s1_inter_s2_direct,"[206, 2181, 314, 2312]",132,161,囚|崷|揂|揪|揫|攸|汆|汓|泅|湭|羞|苬|蝤|路|逎|遒|酉|酋|醔|鰌|𡆥|𧣕,22,True,闪,1.475,闪,1,True,闪,False,False,False,True,True,False,False,False,False
M1_0082,gold/stt2_page_0244_c01_002.png,stt2,page_0244,1,主,chúa,主,GOLD,s1_inter_s2_direct,"[1442, 672, 1558, 800]",134,142,主|炷,2,True,,1.159,,0,False,,False,False,False,False,True,True,False,False,True
M1_0083,gold/stt2_page_0186_c09_161.png,stt2,page_0186,9,包,vào,包,GOLD,s1_inter_s2_direct,"[158, 1909, 279, 2053]",128,173,侟|入|冲|包|旦|桃|爫|瓢|皮|込|㼼|𠓨|𠬱|𠰎|𡰻|𣪉|𤕉|𤬟|𤬡|𤬢|𤬣|𤿌|𤿤|𥬖|󰏲|󰖓|󱚁|󱚢,28,True,点,1.485,点,1,True,点,False,False,False,True,True,False,False,False,False
M1_0084,gold/stt2_page_0268_c06_109.png,stt2,page_0268,6,徳,đức,徳,GOLD,s1_inter_s2_direct,"[687, 1734, 785, 1855]",100,144,|𱐩|𱝮|徳|德|恴|悳|惪|㤫|㥀|㥁|䙷|𢛳|𢜖|𢠀|𢤊|𨗌|𨗤|𭲖|󰆙|󱉎,21,True,,1.039,,0,False,,False,False,False,False,True,True,False,False,True
M1_0085,gold/stt2_page_0220_c08_138.png,stt2,page_0220,8,欺,khi,欺,GOLD,s1_inter_s2_direct,"[365, 684, 474, 809]",116,154,倛|僛|吱|唭|娸|崎|徛|攲|敧|期|机|桤|榿|欹|欺|浪|猗|觭|諆|踦|陭|魌|㿲|𠔶|𡾵|𣣱|𤿯|𥀴|𨜅|緝|缉,31,True,,1.160,,0,False,,False,False,False,False,True,True,False,False,True
M1_0086,gold/stt2_page_0270_c07_140.png,stt2,page_0270,7,庫,khó,庫,GOLD,s1_inter_s2_direct,"[550, 1190, 651, 1306]",101,140,厙|庫|瘔|苦|讱|𠺟|𡿵|𣎏|𧁷|𧁹|󰅟|󰈶|󱠽,13,True,,0.945,,0,False,,False,False,False,False,True,True,False,False,True
M1_0087,gold/stt2_page_0086_c08_174.png,stt2,page_0086,8,襖,áo,襖,GOLD,s1_inter_s2_direct,"[395, 1873, 495, 1985]",121,133,|墺|奥|奧|媄|嶴|懊|拗|澳|燠|袄|袎|襖|鐭|镺|隩|靿|㤇|𡒃|𢂅|𢂊|𥜌|𩉷|𩼈|𪥌|𬡢|噢|敎|教|敩|斆|校|槊|窖|芺|薁|覺|觉|鉸|餃|饺|𨬊|𪳞,43,True,,0.971,,0,False,,False,False,False,False,True,True,False,False,True
M1_0088,gold/stt2_page_0160_c09_153.png,stt2,page_0160,9,寺,thì,寺,GOLD,s1_inter_s2_direct,"[190, 2160, 298, 2296]",132,168,𱢑|匙|埘|塒|寺|峕|常|提|时|旹|時|晨|曟|榯|氏|畤|秲|茄|莳|蒔|辰|鍉|鰣|鲥|㔭|㫑|㫭|㮛|䈕|䢈|𠨱|𠨷|𠩐|𠩟|𠱾|𡗶|𡺈|𡺞|𢁈|𣅱|𣈜|𥊘|𥫽|𦔌|𦱎|𦱗|𦸎|𨑃|𨑄|𨥌|𩶬|𪰛|𬀦|󰣡|󱞑|㖘,56,True,,1.505,,0,False,,False,False,False,False,True,True,False,False,True
M1_0089,gold/stt2_page_0064_c09_179.png,stt2,page_0064,9,垩,thánh,垩,GOLD,s1_inter_s2_direct,"[220, 2293, 318, 2411]",92,123,偺|咱|喒|圣|垩|堊|琞|聖|聽|請|㑑|㗂|䎴|𠄵|𡃑|𡉄|𡑺|𤦨|𤪈|𥅶|𦔻|𦕡|𧟿|𨉑|𨲉|𨲚|𨲢|𨲣|𨲿|𩫽|𬉊|呧|殍,33,True,,0.766,,0,False,,False,False,False,False,True,True,False,False,True
M1_0090,gold/stt2_page_0282_c01_010.png,stt2,page_0282,1,悲,bây,悲,GOLD,s1_inter_s2_direct,"[1428, 1496, 1533, 1613]",107,145,悲|拜|拝|碑|闭|𠎩|𠾦|𡴬|𢪙|𢫶|𢮠|𢰛|𢱭|𢳎|𢴽|𢷎|𢹄|𣊾|𣧙|𣬊|𣬓|𥓓|𨀪|𨀲|𪿨|󱢏|󱤚,27,True,,1.074,,0,False,,False,False,False,False,True,True,False,False,True
M1_0091,gold/stt2_page_0304_c05_079.png,stt2,page_0304,5,世,thế,世,GOLD,s1_inter_s2_direct,"[851, 550, 964, 676]",116,152,|𱐬|𱐭|世|丗|体|侙|切|剃|剔|势|勢|卋|埶|妻|屉|屜|屟|屧|惽|愍|慜|憫|揥|普|替|棣|殢|沏|泄|洟|涕|渫|漆|煠|矵|砌|磜|笹|緡|纖|薙|裼|貰|賊|贳|跩|达|鉘|髢|髰|鬀|鬄|㔟|㔺|㥸|㬱|㳿|㵩|䶏|𠀍|𠦔|𡲕|𢚢|𢞰|𣙝|𤽽|𤾕|𥐛|𧴹|𧶚|𨲙|𩮜|󰟨|󰡫|僣|僭|碶,78,True,,1.127,,0,False,,False,False,False,False,True,True,False,False,True
M1_0092,gold/stt2_page_0218_c03_053.png,stt2,page_0218,3,打,đánh,打,GOLD,s1_inter_s2_direct,"[1162, 2061, 1261, 2195]",120,158,停|打|碇|頂|𢱏|󱣹,6,True,,1.286,,0,False,,False,False,False,False,True,True,False,False,True
M1_0093,gold/stt2_page_0330_c04_061.png,stt2,page_0330,4,之,chi,之,GOLD,s1_inter_s2_direct,"[976, 634, 1081, 759]",97,155,𱍽|之|俧|卮|厎|吱|咨|嗞|巵|指|搘|支|枝|柢|栀|梔|榰|止|歧|氏|氐|疷|祇|祗|秪|絲|肢|胑|胝|脂|芝|衼|觶|跂|躓|郅|鄧|鳷|㞢|㩽|䟡|𠔇|𠦙|𠨬|𡳿|𡽒|𢺶|𣏃|𣏌|𦭩|𧹛|𨆋|𨈙|𨈛|𨈪|𩿨|汦|芰|鴟|鸱,60,True,,1.002,,0,False,,False,False,False,False,True,True,False,False,True
M1_0094,gold/stt2_page_0318_c07_125.png,stt2,page_0318,7,義,nghĩa,義,GOLD,s1_inter_s2_direct,"[551, 1280, 669, 1404]",111,151,|𱻊|义|儀|羛|義|解|誼|𠌾|󰒂,10,True,,1.105,,0,False,,False,False,False,False,True,True,False,False,True
M1_0095,gold/stt2_page_0138_c09_182.png,stt2,page_0138,9,仍,nhưng,仍,GOLD,s1_inter_s2_direct,"[241, 1319, 344, 1435]",111,139,仍|因|戎|扔|礽|陾|𢫨|󱙢|󱙣|󱼑|忍|鞥,12,True,,0.987,,0,False,,False,False,False,False,True,True,False,False,True
M1_0096,gold/stt2_page_0108_c07_117.png,stt2,page_0108,7,双,song,双,GOLD,s1_inter_s2_direct,"[558, 1712, 671, 1828]",133,133,双|囍|囪|囱|愯|摐|淙|滝|漴|牎|牕|窓|窗|窻|葱|蔥|衝|雙|㕠|㧐|㩳|㳥|䆫|䓗|䨇|䨥|𠂨|𠼾|𢅻|𢚱|𣙩|𣳔|𤗄|𤗉|𥦗|𥦾|𦯎|𦴜|𧁗|𧄐|𩀝|𩀱|𩆿|𩽧|𫁷|󰏻|󲘟,47,True,,1.041,,0,False,,False,False,False,False,True,True,False,False,True
M1_0097,gold/stt2_page_0076_c03_059.png,stt2,page_0076,3,割,cắt,割,GOLD,s1_inter_s2_direct,"[1109, 2027, 1214, 2146]",114,146,割|吉|戛|拮|揭|鴶|鶷|㓣|㓤|𠛛|𠛢|𠛷|𠟸|𢮌|𢵷|𧗶|𪁄|𪧱|𫥘|󱚛,20,True,,1.103,,0,False,,False,False,False,False,True,True,False,False,True
M1_0098,gold/stt2_page_0216_c03_053.png,stt2,page_0216,3,神,thần,神,GOLD,s1_inter_s2_direct,"[1166, 1909, 1266, 2028]",124,147,唇|娠|宸|晨|曟|漘|矧|神|脣|脤|臣|茞|親|辰|震|鷐|麎|㖘|㫳|䆣|䐇|䢈|䫃|䰠|𠔹|𠨱|𠨷|𠩐|𠩟|𠵧|𠸸|𢘑|𢘗|𣲼|𥙍|𥚞|𥛃|𥛠|𥜩|𦟢|𨑃|𨑄|𩕁|蜃,44,True,入袖,1.244,入袖,2,False,入,False,False,False,True,True,False,False,True,False
M1_0099,gold/stt2_page_0164_c06_096.png,stt2,page_0164,6,特,được,特,GOLD,s1_inter_s2_direct,"[682, 1956, 794, 2096]",131,172,待|得|持|時|特|犆|㝵|㝶|䗂|䙷|䙸|𠊚|𠭁|𢔨|𢔶|𤙫|𤙰|𤛀|𥩳|𧴫|󱡓,21,True,,1.421,,0,False,,False,False,False,False,True,True,False,False,True
M1_0100,gold/stt2_page_0100_c02_045.png,stt2,page_0100,2,役,việc,役,GOLD,s1_inter_s2_direct,"[1288, 2338, 1393, 2450]",105,135,||𱥺|伇|役|沒|𠈧|𠈿|𭛣|󰒴|󰜄|󱮓,12,True,,0.998,,0,False,,False,False,False,False,True,True,False,False,True
M1_0101,gold/stt2_page_0172_c08_139.png,stt2,page_0172,8,曰,viết,曰,GOLD,s1_inter_s2_direct,"[366, 1241, 479, 1376]",129,163,別|曰,2,True,,1.324,,0,False,,False,False,False,False,True,True,False,False,True
M1_0102,gold/stt2_page_0128_c01_015.png,stt2,page_0128,1,麻,mà,麻,GOLD,s1_inter_s2_direct,"[1425, 1987, 1533, 2115]",117,157,|傌|嘛|女|痳|罵|菻|蔴|調|駡|高|麻|默|𢠩|𢳀|𣻕|𦋻|𦓡|𦲬|󱰷|󱰹,21,True,,1.087,,0,False,,False,False,False,False,True,True,False,False,True
M1_0103,gold/stt2_page_0222_c08_137.png,stt2,page_0222,8,憾,gớm,憾,GOLD,s1_inter_s2_direct,"[355, 808, 464, 945]",116,155,劍|劎|感|憾|𡃍|𡄎|𭌝,7,True,,1.204,,0,False,,False,False,False,False,True,True,False,False,True
M1_0104,gold/stt2_page_0162_c01_012.png,stt2,page_0162,1,兠,đâu,兠,GOLD,s1_inter_s2_direct,"[1456, 1708, 1566, 1832]",127,149,|||||𱏫|丟|丢|兜|兠|厾|叨|唗|篼|芇|蔸|銩|铥|頭|颩|饕|㿡|𠙧|𤾆|𤾇|𦄓|𦆘|𦋌|𨩁|𫤩|󰠲|󰠳|󰦓|凅,34,True,,1.131,,0,False,,False,False,False,False,True,True,False,False,True
M1_0105,gold/stt2_page_0200_c07_128.png,stt2,page_0200,7,扛,giăng,扛,GOLD,s1_inter_s2_direct,"[495, 1424, 592, 1550]",118,156,吲|張|扛|抗|拯|掆|揚|摃|江|綾|𢬥|𢭈|𢰌|𢴦|𣗵|𣲅|𤌋|𦝄|𪩮|󱢫|󱣺|󱫌,22,True,,1.171,,0,False,,False,False,False,False,True,True,False,False,True
M1_0106,gold/stt2_page_0120_c09_189.png,stt2,page_0120,9,黙,mặc,黙,GOLD,s1_inter_s2_direct,"[195, 2273, 304, 2401]",135,158,|万|冒|嘿|嚜|墨|帊|穆|纆|袙|運|默|黙|㱄|䘃|𢹇|𧞾|𩈘|𪐥|𪐩|𬉵|𬡶|󰍕|󰘚|󱀰,25,True,,1.347,,0,False,,False,False,False,False,True,True,False,False,True
M1_0107,gold/stt2_page_0190_c01_011.png,stt2,page_0190,1,眉,mày,眉,GOLD,s1_inter_s2_direct,"[1415, 1603, 1511, 1724]",85,149,眉|睂|睸|迈|𠃜|𠋥|𠪃|𠷯|𡮠|𣭒|𣮮|𥅉|𥅕|𥅦|𥅮|𥇮|𥻡|𪵟|𫃷|𫵇|󰜣|󰟎|󱩮|󱮪,24,True,,0.958,,0,False,,False,False,False,False,True,True,False,False,True
M1_0108,gold/stt2_page_0062_c07_138.png,stt2,page_0062,7,渇,khát,渇,GOLD,s1_inter_s2_direct,"[511, 1648, 644, 1776]",163,153,喝|嶱|愒|擖|渇|渴|竭|㵣|𣊅|𣊆|𣳔|𣹈|󰐩|虼,14,True,,1.478,,0,False,,False,False,False,False,True,True,False,False,True
M1_0109,gold/stt2_page_0156_c02_031.png,stt2,page_0156,2,吏,lại,吏,GOLD,s1_inter_s2_direct,"[1286, 1432, 1393, 1564]",127,151,使|來|俫|倈|勑|厉|厲|又|叓|右|叹|吏|嬾|尼|徕|徠|懒|懶|束|濑|瀨|瘌|癘|癞|癩|皮|籁|籟|耒|藾|襰|賚|賴|赉|赖|辣|頼|顂|類|㐌|㕝|㾢|䊪|𠘝|𠻇|𡯅|𢋷|𥛉|𧡽|𧶘|𧶛|𧷖|𩓃|𫣚|𬃻,55,True,,1.234,,0,False,,False,False,False,False,True,True,False,False,True
M1_0110,gold/stt2_page_0312_c01_018.png,stt2,page_0312,1,主,chúa,主,GOLD,s1_inter_s2_direct,"[1437, 2234, 1541, 2355]",94,146,主|炷,2,True,,0.948,,0,False,,False,False,False,False,True,True,False,False,True
M1_0111,gold/stt2_page_0212_c06_080.png,stt2,page_0212,6,寺,thì,寺,GOLD,s1_inter_s2_direct,"[693, 684, 799, 811]",119,156,𱢑|匙|埘|塒|寺|峕|常|提|时|旹|時|晨|曟|榯|氏|畤|秲|茄|莳|蒔|辰|鍉|鰣|鲥|㔭|㫑|㫭|㮛|䈕|䢈|𠨱|𠨷|𠩐|𠩟|𠱾|𡗶|𡺈|𡺞|𢁈|𣅱|𣈜|𥊘|𥫽|𦔌|𦱎|𦱗|𦸎|𨑃|𨑄|𨥌|𩶬|𪰛|𬀦|󰣡|󱞑|㖘,56,True,,1.111,,0,False,,False,False,False,False,True,True,False,False,True
M1_0112,gold/stt2_page_0014_c03_062.png,stt2,page_0014,3,意,ý,意,GOLD,s1_inter_s2_direct,"[1116, 2239, 1219, 2355]",110,142,亄|億|噫|悥|意|憶|懿|抑|曀|歖|薏|衣|鐿|镱|饐|鷧|鷾|㦉|㦤|㱅|𠶷|𡕆|𡤵|𡮕|𢡃|𢢶|𢤥|𦺳|𧘇|𩁈|󰀎|媿|季|悸|愧|歸|癔|癸|瞆|瞶|貴|贵|鯚,43,True,,1.056,,0,False,,False,False,False,False,True,True,False,False,True
M1_0113,gold/stt2_page_0130_c09_179.png,stt2,page_0130,9,魂,hồn,魂,GOLD,s1_inter_s2_direct,"[221, 862, 325, 984]",126,147,塊|愧|捆|楎|浑|混|渾|珲|琿|緷|諢|诨|隗|顐|餛|餫|馄|魂|魄|鼲|䊐|䰟|𠇌|𠺌|𧮘|𩲉|𭡏|󰄒,28,True,,1.113,,0,False,,False,False,False,False,True,True,False,False,True
M1_0114,gold/stt2_page_0060_c07_142.png,stt2,page_0060,7,衣,ấy,衣,GOLD,s1_inter_s2_direct,"[533, 1577, 634, 1689]",105,138,𱍸|乙|倚|噫|娎|帝|悥|意|憶|椅|衣|衤|𠂎|𠋣|𠶷|𢡃|𧘇|𪬫|𫢚|󰀎|󱦝|󱰁|啩|怪|掛|撌|癸|紙|𠶔|𢫞|𢯗|𥿗,32,True,者,1.013,者,1,True,者,False,False,False,True,True,False,False,False,False
M1_0115,gold/stt2_page_0058_c04_079.png,stt2,page_0058,4,末,mất,末,GOLD,s1_inter_s2_direct,"[978, 1455, 1094, 1571]",142,142,堗|失|宊|宓|宻|密|末|秩|突|蔤|蜜|豒|䀄|𠅅|𠅍|𠅎|𠅐|𠅒|𠅼|𠖧|𠖪|𠫓|𠸂|𡊭|𡘮|𡙮|𡦾|𡧸|𡪖|𡶇|𢊭|𢛬|𢧤|𣔻|𤛬|𥤮|𥥛|𥥜|𦸞|𧉴|𧒧|𧓫|𧕵|𧖅|𧶡|𪶟|𬆞|𬇮,48,True,,1.301,,0,False,,False,False,False,False,True,True,False,False,True
M1_0116,gold/stt2_page_0250_c07_116.png,stt2,page_0250,7,朱,cho,朱,GOLD,s1_inter_s2_direct,"[570, 867, 678, 996]",107,159,|咮|埃|木|朱|株|沫|渚|濐|硃|陼|㵭,12,True,,1.124,,0,False,,False,False,False,False,True,True,False,False,True
M1_0117,gold/stt2_page_0256_c08_129.png,stt2,page_0256,8,役,việc,役,GOLD,s1_inter_s2_direct,"[383, 573, 501, 712]",124,158,||𱥺|伇|役|沒|𠈧|𠈿|𭛣|󰒴|󰜄|󱮓,12,True,,1.286,,0,False,,False,False,False,False,True,True,False,False,True
M1_0118,gold/stt2_page_0046_c06_113.png,stt2,page_0046,6,如,như,如,GOLD,s1_inter_s2_direct,"[686, 1133, 795, 1249]",122,141,伽|侞|如|娘|帤|洳|茄|茹|蕠|袽|銣|铷|鴽|䋈|𣹤|襦,16,True,x2,1.117,,0,False,,False,False,False,False,True,False,True,False,True
M1_0119,gold/stt2_page_0148_c08_158.png,stt2,page_0148,8,旦,đến,旦,GOLD,s1_inter_s2_direct,"[375, 1797, 484, 1922]",135,140,且|但|倎|典|彣|敟|旦|細|蛋|貝|㫜|䓦|𠔓|𠔩|𠔰|𢻅|𣅂|𥮏|𦤾|𦥃|𨀏,21,True,,1.111,,0,False,,False,False,False,False,True,True,False,False,True
M1_0120,gold/stt2_page_0080_c08_156.png,stt2,page_0080,8,道,đạo,道,GOLD,s1_inter_s2_direct,"[376, 2227, 485, 2343]",132,140,噵|导|導|敦|檤|盗|盜|稲|稻|纛|翿|衜|衟|蹈|道|醻|𠉭|𠐵|𠩼|𠪁|𡬹|𡭎|𡭑|𣜦|𤋆|𤑂|𥝔|𥶎|𧘄|𨂆|𨂻|𨔞|𨕥|𨖁|𨗓|𨗳|𨹇|𨹒|焘|燾,40,True,,1.162,,0,False,,False,False,False,False,True,True,False,False,True
M1_0121,gold/stt2_page_0082_c02_024.png,stt2,page_0082,2,浪,răng,浪,GOLD,s1_inter_s2_direct,"[1273, 662, 1383, 779]",131,145,|𲎩|凌|夌|浪|淩|齿|𦝄|𦢠|𪘵|𪤽|𫆢|𬹸|󰌻|󰛈|󱆋,16,True,,1.070,,0,False,,False,False,False,False,True,True,False,False,True
M1_0122,gold/stt2_page_0032_c09_183.png,stt2,page_0032,9,代,dạy,代,GOLD,s1_inter_s2_direct,"[210, 1403, 301, 1512]",99,135,|代|抴|拽|敎|教|曳|曵|㖂|𠰺|𠸕|𤕝|𦥙|󱙦,14,True,,1.015,,0,False,,False,False,False,False,True,True,False,False,True
M1_0123,gold/stt2_page_0048_c08_144.png,stt2,page_0048,8,之,gì,之,GOLD,s1_inter_s2_direct,"[380, 655, 479, 762]",110,131,𱍽|之|咦|夷|姨|洏|洟|為|芇|㞢|𠔇|𡳿|𫡛|𫩝|󰢔|󱙀,16,True,,0.895,,0,False,,False,False,False,False,True,True,False,False,True
M1_0124,gold/stt2_page_0272_c06_117.png,stt2,page_0272,6,於,ở,於,GOLD,s1_inter_s2_direct,"[710, 2119, 824, 2249]",118,156,唹|扵|於|正|烏|菸|默|𠾕|𣄒|𣱏|𤋬|𤕘|𫵦|󰛢|󱳍|過|𠵩|𡁎|𢷣|𧿨,20,True,```markdown  寺友 ```,1.386,寺友,2,False,寺,False,False,False,True,True,False,True,True,False
M1_0125,gold/stt2_page_0234_c07_137.png,stt2,page_0234,7,中,trong,中,GOLD,s1_inter_s2_direct,"[521, 2407, 637, 2530]",136,136,||中|仲|共|冲|塚|宫|宮|工|沖|滝|珕|瑇|番|盅|祌|衝|鐧|龍|㣉|𠁦|𠁧|𠁩|𠔈|𠔗|𠜝|𡖌|𡧲|𢀚|𢒄|𢒅|𤁘|𤄯|𥁵|𥪝|𥪞|𪚚|𫏽|𬈴|𬺘|𬺚|󰔲|󰜰|󰬆|󰮁|󰮂|󰮃|󱧪|󱰿|󱲍|󱲑,52,True,,1.105,,0,False,,False,False,False,False,True,True,False,False,True
M1_0126,gold/stt2_page_0232_c05_082.png,stt2,page_0232,5,悲,bấy,悲,GOLD,s1_inter_s2_direct,"[856, 961, 962, 1088]",104,147,卑|悲|曊|碑|罢|罷|貝|買|閇|閈|閉|闭|䠋|𠇍|𠐌|𠾚|𡭼|𡮁|𤰞|𥓓|𦋼|𧟽|𨳓|𨳯|𨳰|𨳲|𨵰|𪿨|󰋇|󰛠|󰭍|󱡋|󱤙|󱤣,34,True,,1.060,,0,False,,False,False,False,False,True,True,False,False,True
M1_0127,gold/stt2_page_0204_c03_054.png,stt2,page_0204,3,因,nhân,因,GOLD,s1_inter_s2_direct,"[1131, 2313, 1238, 2438]",124,155,人|亻|仁|儿|兒|凐|咽|囙|因|固|垔|堙|姻|婣|忈|忍|忎|我|歅|氤|洇|湮|潱|烟|禋|筃|紉|絪|緸|纫|胭|臙|茵|裀|諲|身|銦|铟|闉|陻|鞇|駰|骃|𠔽|𡰥|𣱜|𤯔|𦉫|𧹬|𩎪|鄄|韌,52,True,,1.132,,0,False,,False,False,False,False,True,True,False,False,True
M1_0128,gold/stt2_page_0050_c08_168.png,stt2,page_0050,8,垩,thánh,垩,GOLD,s1_inter_s2_direct,"[392, 1656, 501, 1757]",128,117,偺|咱|喒|圣|垩|堊|琞|聖|聽|請|㑑|㗂|䎴|𠄵|𡃑|𡉄|𡑺|𤦨|𤪈|𥅶|𦔻|𦕡|𧟿|𨉑|𨲉|𨲚|𨲢|𨲣|𨲿|𩫽|𬉊|呧|殍,33,True,,1.063,,0,False,,False,False,False,False,True,True,False,False,True
M1_0129,gold/stt2_page_0094_c01_002.png,stt2,page_0094,1,命,mình,命,GOLD,s1_inter_s2_direct,"[1422, 630, 1541, 737]",147,130,命|明|春|珄|舍|𠇮|𠵴|𨉓|𨉟|󰇕|󰳁|󱝬,12,True,,1.090,,0,False,,False,False,False,False,True,True,False,False,True
M1_0130,gold/stt2_page_0034_c09_168.png,stt2,page_0034,9,重,chồng,重,GOLD,s1_inter_s2_direct,"[199, 460, 300, 570]",125,136,||夫|撞|緟|重|𠽚|𡍴|𡍺|𡒀|𡔅|𡔌|𥔧|𦌋|𧝎|𨤣|𨤯|𨤶|𫯰|𫯳|󰣆,21,True,,1.098,,0,False,,False,False,False,False,True,True,False,False,True
M1_0131,gold/stt2_page_0324_c02_028.png,stt2,page_0324,2,欣,hơn,欣,GOLD,s1_inter_s2_direct,"[1299, 1047, 1405, 1172]",104,155,俽|忻|惞|欣|訢|軒|餘|䜣|𪡗,9,True,,1.086,,0,False,,False,False,False,False,True,True,False,False,True
M1_0132,gold/stt2_page_0214_c06_118.png,stt2,page_0214,6,生,sinh,生,GOLD,s1_inter_s2_direct,"[710, 1758, 814, 1870]",98,138,坐|性|湦|牲|狌|狡|生|甥|笙|虛|鉎|鼪|㺒|㽒|䲼|𠤵|𠥱|𤟋|𤯓|𤯛|𤯳|𥑥|瞠,23,True,,0.974,,0,False,,False,False,False,False,True,True,False,False,True
M1_0133,gold/stt2_page_0180_c07_116.png,stt2,page_0180,7,塊,khỏi,塊,GOLD,s1_inter_s2_direct,"[507, 687, 616, 817]",117,154,|塊|瑰,3,True,,1.089,,0,False,,False,False,False,False,True,True,False,False,True
M1_0134,gold/stt2_page_0290_c02_027.png,stt2,page_0290,2,事,sự,事,GOLD,s1_inter_s2_direct,"[1258, 1298, 1371, 1425]",104,157,亊|事|剚|叓|殖|耡|锄|麆|㕝|𠁱|𠫺|𠭆|𠭏|𤔇|筛|篩,16,True,,1.113,,0,False,,False,False,False,False,True,True,False,False,True
M1_0135,gold/stt2_page_0126_c09_180.png,stt2,page_0126,9,寺,thì,寺,GOLD,s1_inter_s2_direct,"[245, 1054, 346, 1163]",108,131,𱢑|匙|埘|塒|寺|峕|常|提|时|旹|時|晨|曟|榯|氏|畤|秲|茄|莳|蒔|辰|鍉|鰣|鲥|㔭|㫑|㫭|㮛|䈕|䢈|𠨱|𠨷|𠩐|𠩟|𠱾|𡗶|𡺈|𡺞|𢁈|𣅱|𣈜|𥊘|𥫽|𦔌|𦱎|𦱗|𦸎|𨑃|𨑄|𨥌|𩶬|𪰛|𬀦|󰣡|󱞑|㖘,56,True,,0.891,,0,False,,False,False,False,False,True,True,False,False,True
M1_0136,gold/stt2_page_0096_c06_131.png,stt2,page_0096,6,共,cùng,共,GOLD,s1_inter_s2_direct,"[679, 1895, 783, 2004]",91,132,供|共|其|塘|廾|弯|強|拱|拲|珙|穷|穹|窮|竆|藭|蛩|蛬|邛|䓖|䠻|𠔏|𡀳|𡃕|𥧺|𥨪|𦱹|𧅉|𧅓|𧉨|𧊡|𧊮|𧋄|𧋯|𧋳|𧌪|𧎦|𧏒|𨉺|𩇿|󰠃|棩|筇|跫|銎,44,True,,0.848,,0,False,,False,False,False,False,True,True,False,False,True
M1_0137,gold/stt2_page_0294_c04_061.png,stt2,page_0294,4,恩,ơn,恩,GOLD,s1_inter_s2_direct,"[973, 481, 1076, 591]",102,128,恩|摁|㤙,3,True,,0.834,,0,False,,False,False,False,False,True,True,False,False,True
M1_0138,gold/stt2_page_0242_c06_105.png,stt2,page_0242,6,几,kẻ,几,GOLD,s1_inter_s2_direct,"[704, 2095, 815, 2226]",114,161,丗|仉|几|凡|古|峜|幾|掌|易|矯|計|𠀃|𠆰|𠏠|𠖠|𡇣|𧨻|𨤔|󰢿,19,True,,1.236,,0,False,,False,False,False,False,True,True,False,False,True
M1_0139,gold/stt2_page_0150_c07_136.png,stt2,page_0150,7,特,được,特,GOLD,s1_inter_s2_direct,"[529, 1537, 636, 1659]",103,150,待|得|持|時|特|犆|㝵|㝶|䗂|䙷|䙸|𠊚|𠭁|𢔨|𢔶|𤙫|𤙰|𤛀|𥩳|𧴫|󱡓,21,True,,1.019,,0,False,,False,False,False,False,True,True,False,False,True
M1_0140,gold/stt2_page_0104_c01_018.png,stt2,page_0104,1,命,mình,命,GOLD,s1_inter_s2_direct,"[1427, 2163, 1539, 2284]",138,149,命|明|春|珄|舍|𠇮|𠵴|𨉓|𨉟|󰇕|󰳁|󱝬,12,True,,1.337,,0,False,,False,False,False,False,True,True,False,False,True
M1_0141,gold/stt2_page_0226_c06_111.png,stt2,page_0226,6,仍,những,仍,GOLD,s1_inter_s2_direct,"[712, 1675, 815, 1800]",127,148,仍|仙|忍|韌|㣼|𠯹|󱙣|氄,8,True,,1.120,,0,False,,False,False,False,False,True,True,False,False,True
M1_0142,gold/stt2_page_0022_c05_091.png,stt2,page_0022,5,碎,tôi,碎,GOLD,s1_inter_s2_direct,"[822, 1086, 931, 1206]",134,145,倅|晬|淬|焠|熣|的|睟|砕|碎|㳃|𠗚|𣅢|𤏣|𤭢|𪝬|𫇈|𫬮,17,True,,1.296,,0,False,,False,False,False,False,True,True,False,False,True
M1_0143,gold/stt2_page_0042_c09_177.png,stt2,page_0042,9,其,kia,其,GOLD,s1_inter_s2_direct,"[224, 1004, 329, 1116]",121,135,其|箕|㠱|䇧|𠀠|𠀮|𠔋|𠔐|𠔛|𠔝|𠚙|𠥊|𠥩|𠴩|𠵶|𠷛|𡿸|𢌰|𤞻|𥫚|𥫶|𦋊|󰄪|󱡍|󱪪,25,True,,1.104,,0,False,,False,False,False,False,True,True,False,False,True
M1_0144,gold/stt2_page_0266_c04_072.png,stt2,page_0266,4,些,ta,些,GOLD,s1_inter_s2_direct,"[991, 2094, 1097, 2223]",89,159,些|仨|低|偺|傞|呰|咱|喒|嗟|埃|娑|差|挱|挲|昝|爹|獻|瘥|糌|罝|莎|莏|虘|謝|酇|醝|髿|鹺|鹾|㑑|㱔|䦈|𠺜|𡭟|𡭶|𢧲|𢬣|𣩈|𤻸|𦏱|𧨁|𧪘|𧪰|𧫯|𧬑|𨣩|𨲠|𨲻|𪉤|𪉬|𪉵|𪊁|𪊈|󱙐|嵯,55,True,,0.980,,0,False,,False,False,False,False,True,True,False,False,True
M1_0145,gold/stt2_page_0262_c03_045.png,stt2,page_0262,3,連,lên,連,GOLD,s1_inter_s2_direct,"[1123, 1180, 1234, 1308]",121,114,年|瑨|苓|蓮|連|𢧚|𨑗|𨕭|𨖲|𫧧|𬨠|𬨺|󰁯|󰓁,14,True,,0.918,,0,False,,False,False,False,False,True,True,False,False,True
M1_0146,gold/stt2_page_0258_c03_047.png,stt2,page_0258,3,下,hạ,下,GOLD,s1_inter_s2_direct,"[1138, 1434, 1247, 1567]",119,163,丅|下|仮|假|厦|叚|吓|唬|啊|嗄|噎|复|夏|廈|暇|煆|芐|荷|賀|贺|鍜|𠁒|𠄟|𠩴|𠷚|𢇗|𢌂|𢌉|𣣺|𤹉|吇|罅|葭,33,True,,1.264,,0,False,,False,False,False,False,True,True,False,False,True
M1_0147,gold/stt2_page_0196_c02_015.png,stt2,page_0196,2,旦,đến,旦,GOLD,s1_inter_s2_direct,"[1266, 1340, 1397, 1470]",141,156,且|但|倎|典|彣|敟|旦|細|蛋|貝|㫜|䓦|𠔓|𠔩|𠔰|𢻅|𣅂|𥮏|𦤾|𦥃|𨀏,21,True,,1.412,,0,False,,False,False,False,False,True,True,False,False,True
M1_0148,gold/stt2_page_0184_c06_094.png,stt2,page_0184,6,支,giê,支,GOLD,s1_inter_s2_direct,"[719, 782, 828, 907]",127,155,搘|支|枝|梔|肢|𠦙|𡽒|𢺶|𣏃,9,True,```markdown  ```,1.395,,0,False,,False,False,False,False,True,False,True,False,True
M1_0149,gold/stt2_page_0202_c07_116.png,stt2,page_0202,7,語,ngỡ,語,GOLD,s1_inter_s2_direct,"[548, 498, 662, 621]",140,139,午|肦|語|𡂂|𢠇|𢣸|𪟽|󰎡,8,True,,1.206,,0,False,,False,False,False,False,True,True,False,False,True
M1_0150,gold/stt2_page_0300_c09_169.png,stt2,page_0300,9,連,liên,連,GOLD,s1_inter_s2_direct,"[259, 2170, 370, 2300]",99,160,嗹|噒|忴|怜|憐|梿|槤|涟|漣|瀾|璉|联|聨|聫|聮|聯|苓|莲|蓮|裢|褳|謰|连|連|鍊|鏈|链|鰱|鲢|㜕|㥕|㦭|䃛|䏈|𢣶|𦕱|𦖹|𦘈|𧐖|𨘑|𩽴|󱫻,42,True,,1.059,,0,False,,False,False,False,False,True,True,False,False,True
M1_0151,gold/stt2_page_0326_c05_087.png,stt2,page_0326,5,朱,cho,朱,GOLD,s1_inter_s2_direct,"[821, 1186, 937, 1314]",134,157,|咮|埃|木|朱|株|沫|渚|濐|硃|陼|㵭,12,True,朱,1.304,朱,1,True,朱,True,True,True,True,True,False,False,False,False
M1_0152,gold/stt2_page_0068_c09_178.png,stt2,page_0068,9,命,mình,命,GOLD,s1_inter_s2_direct,"[240, 1496, 329, 1605]",109,135,命|明|春|珄|舍|𠇮|𠵴|𨉓|𨉟|󰇕|󰳁|󱝬,12,True,,1.046,,0,False,,False,False,False,False,True,True,False,False,True
M1_0153,gold/stt2_page_0044_c04_066.png,stt2,page_0044,4,悲,bấy,悲,GOLD,s1_inter_s2_direct,"[960, 836, 1062, 946]",122,131,卑|悲|曊|碑|罢|罷|貝|買|閇|閈|閉|闭|䠋|𠇍|𠐌|𠾚|𡭼|𡮁|𤰞|𥓓|𦋼|𧟽|𨳓|𨳯|𨳰|𨳲|𨵰|𪿨|󰋇|󰛠|󰭍|󱡋|󱤙|󱤣,34,True,,0.964,,0,False,,False,False,False,False,True,True,False,False,True
M1_0154,gold/stt2_page_0112_c08_167.png,stt2,page_0112,8,朱,cho,朱,GOLD,s1_inter_s2_direct,"[381, 2231, 478, 2341]",98,122,|咮|埃|木|朱|株|沫|渚|濐|硃|陼|㵭,12,True,,0.871,,0,False,,False,False,False,False,True,True,False,False,True
M1_0155,gold/stt2_page_0310_c03_057.png,stt2,page_0310,3,㝵,người,㝵,GOLD,s1_inter_s2_direct,"[1142, 2187, 1253, 2313]",105,149,仉|倘|儻|勜|匕|命|圤|徜|昆|皚|躺|辞|㝵|𠊚|𠊛|𣈗|𣈜|𤽗|𫴮|󱫱,20,True,,1.088,,0,False,,False,False,False,False,True,True,False,False,True
M1_0156,gold/stt2_page_0280_c06_128.png,stt2,page_0280,6,女,nữa,女,GOLD,s1_inter_s2_direct,"[694, 2353, 806, 2471]",133,136,女|姅|汝|𠯆|𡛤,5,True,,1.162,,0,False,,False,False,False,False,True,True,False,False,True
M1_0157,gold/stt2_page_0090_c05_079.png,stt2,page_0090,5,於,ở,於,GOLD,s1_inter_s2_direct,"[812, 645, 921, 753]",116,132,唹|扵|於|正|烏|菸|默|𠾕|𣄒|𣱏|𤋬|𤕘|𫵦|󰛢|󱳍|過|𠵩|𡁎|𢷣|𧿨,20,True,,1.026,,0,False,,False,False,False,False,True,True,False,False,True
M1_0158,gold/stt2_page_0124_c02_022.png,stt2,page_0124,2,朱,cho,朱,GOLD,s1_inter_s2_direct,"[1284, 630, 1394, 739]",112,134,|咮|埃|木|朱|株|沫|渚|濐|硃|陼|㵭,12,True,,0.965,,0,False,,False,False,False,False,True,True,False,False,True
M1_0159,gold/stt2_page_0264_c01_018.png,stt2,page_0264,1,共,cùng,共,GOLD,s1_inter_s2_direct,"[1431, 2304, 1545, 2424]",129,145,供|共|其|塘|廾|弯|強|拱|拲|珙|穷|穹|窮|竆|藭|蛩|蛬|邛|䓖|䠻|𠔏|𡀳|𡃕|𥧺|𥨪|𦱹|𧅉|𧅓|𧉨|𧊡|𧊮|𧋄|𧋯|𧋳|𧌪|𧎦|𧏒|𨉺|𩇿|󰠃|棩|筇|跫|銎,44,True,,1.128,,0,False,,False,False,False,False,True,True,False,False,True
M1_0160,gold/stt2_page_0252_c08_130.png,stt2,page_0252,8,也,đã,也,GOLD,s1_inter_s2_direct,"[386, 2057, 496, 2193]",107,153,乑|也|卒|吏|吔|它|拖|易|胣|諸|陀|㐌|𠰹|𢒕|𣦁|𧭷,16,True,瓜,1.140,瓜,1,True,瓜,False,False,False,True,True,False,False,False,False
M1_0161,gold/stt2_page_0308_c01_002.png,stt2,page_0308,1,年,sao,年,GOLD,s1_inter_s2_direct,"[1436, 688, 1543, 810]",81,150,之|削|劋|吵|哰|墝|年|弰|抄|挱|捎|揱|搞|摮|摷|敲|旓|杪|梢|槱|橚|毃|澃|炒|焣|焼|煼|燒|牢|硗|秒|稍|窂|笽|筲|箾|簫|耖|艄|萷|蕱|蛸|訬|鈔|钞|鞘|鞩|韒|髾|鮹|㪣|㶤|㶮|㷅|䅺|䈰|䔠|䯨|𡕘|𡘠|𡢐|𡫡|𢐨|𢐺|𢭂|𢷀|𢻤|𢾐|𢿣|𢿲|𣇟|𣋀|𣒲|𣫁|𤈓|𤈗|𤈨|𤊛|𤊝|𤌉|𤌖|𤌝|𤌸|𤌽|𤑡|𤑵|𤘰|𤚧|𤿨|𥤎|𥥑|𥳓|𧄣|𧺩|𩫈|𩰸|𩱂|𩱈|𩱦|𪱊|𫰴|𫳵|𬁖|󱙬|剿,105,True,,0.940,,0,False,,False,False,False,False,True,True,False,False,True
M1_0162,gold/stt2_page_0132_c09_170.png,stt2,page_0132,9,特,được,特,GOLD,s1_inter_s2_direct,"[196, 1376, 298, 1496]",104,141,待|得|持|時|特|犆|㝵|㝶|䗂|䙷|䙸|𠊚|𠭁|𢔨|𢔶|𤙫|𤙰|𤛀|𥩳|𧴫|󱡓,21,True,,0.965,,0,False,,False,False,False,False,True,True,False,False,True
M1_0163,gold/stt2_page_0072_c05_086.png,stt2,page_0072,5,時,ngày,時,GOLD,s1_inter_s2_direct,"[802, 1816, 907, 1937]",113,149,ヌ||匕|又|挧|時|㝵|𣈗|𣈜|𣦍|𬏝,11,True,,1.138,,0,False,,False,False,False,False,True,True,False,False,True
M1_0164,gold/stt2_page_0140_c08_147.png,stt2,page_0140,8,之,gì,之,GOLD,s1_inter_s2_direct,"[356, 2324, 458, 2440]",126,140,𱍽|之|咦|夷|姨|洏|洟|為|芇|㞢|𠔇|𡳿|𫡛|𫩝|󰢔|󱙀,16,True,,1.056,,0,False,,False,False,False,False,True,True,False,False,True
M1_0165,gold/stt2_page_0066_c06_118.png,stt2,page_0066,6,浪,rằng,浪,GOLD,s1_inter_s2_direct,"[687, 1548, 801, 1670]",133,140,哏|哴|喨|坺|娘|払|浪|㖫|𠳒|𠺘|𤎔|𪘵,12,True,,1.182,,0,False,,False,False,False,False,True,True,False,False,True
M1_0166,gold/stt2_page_0036_c06_106.png,stt2,page_0036,6,麻,mà,麻,GOLD,s1_inter_s2_direct,"[655, 2027, 778, 2145]",143,145,|傌|嘛|女|痳|罵|菻|蔴|調|駡|高|麻|默|𢠩|𢳀|𣻕|𦋻|𦓡|𦲬|󱰷|󱰹,21,True,,1.382,,0,False,,False,False,False,False,True,True,False,False,True
M1_0167,gold/stt2_page_0078_c02_033.png,stt2,page_0078,2,别,biết,别,GOLD,s1_inter_s2_direct,"[1321, 1628, 1425, 1740]",103,138,|別|别|咇|彆|憋|捌|撆|柲|瘪|癟|虌|蟞|襒|蹩|鱉|鳖|鼈|龞|㿜|䠥|𠔁|𠛰|𠮠|𤻋|𪔀|𪿍|󱤞|󱩲|拐,30,True,,0.881,,0,False,,False,False,False,False,True,True,False,False,True
M1_0168,gold/stt2_page_0114_c04_068.png,stt2,page_0114,4,代,đời,代,GOLD,s1_inter_s2_direct,"[986, 930, 1091, 1040]",116,133,世|代|匕|圅|𠁀|𫢫|󱏙,7,True,,0.974,,0,False,,False,False,False,False,True,True,False,False,True
M1_0169,gold/stt2_page_0170_c07_132.png,stt2,page_0170,7,星,tinh,星,GOLD,s1_inter_s2_direct,"[514, 2275, 633, 2408]",108,156,並|併|婧|并|幷|忪|惺|旌|旍|星|晟|晴|晶|曐|桯|楹|狌|猩|皨|睛|竝|竮|箐|精|胜|腥|菁|蜻|醒|騂|骍|鮏|鯹|鼱|㽮|䊒|𠀤|𠻖|𢆙|𢜫|𣃠|𣃢|𣄀|𣅨|𣇵|𤯢|𤽛|𤾪|𥩵|𦎬|𦑊|𦑖|𦜳|𦲵|𧚫|𩤵|󰒁|箵|鶄,59,True,,1.087,,0,False,,False,False,False,False,True,True,False,False,True
M1_0170,gold/stt2_page_0052_c02_023.png,stt2,page_0052,2,曰,viết,曰,GOLD,s1_inter_s2_direct,"[1259, 650, 1366, 762]",123,138,別|曰,2,True,,1.133,,0,False,,False,False,False,False,True,True,False,False,True
M1_0171,gold/stt2_page_0166_c07_112.png,stt2,page_0166,7,曳,dái,曳,GOLD,s1_inter_s2_direct,"[538, 686, 647, 821]",135,166,悈|戒|抴|拽|曳|曵|𠰺|𢘽|𤲼|𦥙|󱤮|󱤯,12,True,,1.420,,0,False,,False,False,False,False,True,True,False,False,True
M1_0172,gold/stt2_page_0328_c08_151.png,stt2,page_0328,8,奴,nó,奴,GOLD,s1_inter_s2_direct,"[416, 2216, 535, 2341]",127,149,伮|佊|努|呶|奴|怒,6,True,,1.162,,0,False,,False,False,False,False,True,True,False,False,True
M1_0173,gold/stt2_page_0174_c03_061.png,stt2,page_0174,3,吏,lại,吏,GOLD,s1_inter_s2_direct,"[1146, 2313, 1248, 2427]",104,140,使|來|俫|倈|勑|厉|厲|又|叓|右|叹|吏|嬾|尼|徕|徠|懒|懶|束|濑|瀨|瘌|癘|癞|癩|皮|籁|籟|耒|藾|襰|賚|賴|赉|赖|辣|頼|顂|類|㐌|㕝|㾢|䊪|𠘝|𠻇|𡯅|𢋷|𥛉|𧡽|𧶘|𧶛|𧷖|𩓃|𫣚|𬃻,55,True,,0.969,,0,False,,False,False,False,False,True,True,False,False,True
M1_0174,gold/stt2_page_0092_c08_176.png,stt2,page_0092,8,吏,lại,吏,GOLD,s1_inter_s2_direct,"[370, 1670, 481, 1772]",122,126,使|來|俫|倈|勑|厉|厲|又|叓|右|叹|吏|嬾|尼|徕|徠|懒|懶|束|濑|瀨|瘌|癘|癞|癩|皮|籁|籟|耒|藾|襰|賚|賴|赉|赖|辣|頼|顂|類|㐌|㕝|㾢|䊪|𠘝|𠻇|𡯅|𢋷|𥛉|𧡽|𧶘|𧶛|𧷖|𩓃|𫣚|𬃻,55,True,,1.029,,0,False,,False,False,False,False,True,True,False,False,True
M1_0175,gold/stt2_page_0084_c06_115.png,stt2,page_0084,6,代,dạy,代,GOLD,s1_inter_s2_direct,"[679, 1130, 781, 1240]",96,136,|代|抴|拽|敎|教|曳|曵|㖂|𠰺|𠸕|𤕝|𦥙|󱙦,14,True,,0.868,,0,False,,False,False,False,False,True,True,False,False,True
M1_0176,gold/stt2_page_0236_c07_127.png,stt2,page_0236,7,体,thấy,体,GOLD,s1_inter_s2_direct,"[534, 1935, 641, 2055]",106,148,||体|獕|笨|躰|軆|透|骵|體|𧡊|𨉥|𨉦|𩪆|𫌠,15,True,,1.066,,0,False,,False,False,False,False,True,True,False,False,True
M1_0177,gold/stt2_page_0322_c03_042.png,stt2,page_0322,3,自,từ,自,GOLD,s1_inter_s2_direct,"[1138, 758, 1243, 879]",85,142,俆|兹|司|徐|慈|珁|瓷|甆|皮|磁|礠|祀|祠|粢|糍|自|茨|茲|詞|词|辝|辞|辤|辭|邪|鉏|鷀|鹚|㤵|䛐|䧻|𠊛|𤔧|𤔲|𤮀|𥃭|𥔵|𦈱|𦣹|𦣼|𦧦|𧥝|𨈻|𨐕|𨐲|𨑦|𨾱|𩉋|𩐍|呲|薋|酴,52,True,,0.894,,0,False,,False,False,False,False,True,True,False,False,True
M1_0178,gold/stt2_page_0276_c03_037.png,stt2,page_0276,3,几,kẻ,几,GOLD,s1_inter_s2_direct,"[1738, 680, 1860, 818]",114,163,丗|仉|几|凡|古|峜|幾|掌|易|矯|計|𠀃|𠆰|𠏠|𠖠|𡇣|𧨻|𨤔|󰢿,19,True,,1.221,,0,False,,False,False,False,False,True,True,False,False,True
M1_0179,gold/stt2_page_0284_c03_040.png,stt2,page_0284,3,古,của,古,GOLD,s1_inter_s2_direct,"[1135, 541, 1246, 674]",95,149,古|咕|晫|䀡|𧵑|𧶮|𨷯|𫔳,8,True,,0.943,,0,False,,False,False,False,False,True,True,False,False,True
M1_0180,gold/stt2_page_0246_c02_033.png,stt2,page_0246,2,㝵,người,㝵,GOLD,s1_inter_s2_direct,"[1285, 1717, 1397, 1838]",122,149,仉|倘|儻|勜|匕|命|圤|徜|昆|皚|躺|辞|㝵|𠊚|𠊛|𣈗|𣈜|𤽗|𫴮|󱫱,20,True,,1.178,,0,False,,False,False,False,False,True,True,False,False,True
M1_0181,gold/stt2_page_0016_c01_012.png,stt2,page_0016,1,迈,mươi,迈,GOLD,s1_inter_s2_direct,"[1412, 1528, 1522, 1638]",110,132,|辻|迈|邁|𠦩|𠦳|𨑮|𨒒|𪜚|𫡭|󰁰|󱜜|󱞥,13,True,古44,1.001,古,1,True,古,False,False,False,True,True,False,False,False,False
M1_0182,gold/stt2_page_0110_c03_043.png,stt2,page_0110,3,執,chấp,執,GOLD,s1_inter_s2_direct,"[1136, 872, 1242, 994]",130,150,卄|執|廿|慹|执|汁|秇|縶|蛰|褶|襵|馽|㡇|𠌷|𠽃|𡘺|𡙕|𢄭|𢦕|𢩾|𢴇|𤎒|𥝡|𧚻|𨄴|𪠺|𫌇|󰠑|廾|絷,30,True,,1.260,,0,False,,False,False,False,False,True,True,False,False,True
M1_0183,gold/stt2_page_0176_c06_109.png,stt2,page_0176,6,㝵,người,㝵,GOLD,s1_inter_s2_direct,"[663, 2188, 774, 2315]",128,141,仉|倘|儻|勜|匕|命|圤|徜|昆|皚|躺|辞|㝵|𠊚|𠊛|𣈗|𣈜|𤽗|𫴮|󱫱,20,True,ក្រ,1.219,,0,False,,False,False,False,False,True,False,False,False,True
M1_0184,gold/stt2_page_0306_c02_021.png,stt2,page_0306,2,德,đức,德,GOLD,s1_inter_s2_direct,"[1285, 670, 1390, 787]",81,145,|𱐩|𱝮|徳|德|恴|悳|惪|㤫|㥀|㥁|䙷|𢛳|𢜖|𢠀|𢤊|𨗌|𨗤|𭲖|󰆙|󱉎,21,True,,0.849,,0,False,,False,False,False,False,True,True,False,False,True
M1_0185,gold/stt2_page_0146_c09_158.png,stt2,page_0146,9,奴,nó,奴,GOLD,s1_inter_s2_direct,"[243, 2091, 345, 2200]",126,135,伮|佊|努|呶|奴|怒,6,True,,1.043,,0,False,,False,False,False,False,True,True,False,False,True
M1_0186,gold/stt2_page_0316_c03_039.png,stt2,page_0316,3,也,đã,也,GOLD,s1_inter_s2_direct,"[1166, 468, 1273, 586]",91,125,乑|也|卒|吏|吔|它|拖|易|胣|諸|陀|㐌|𠰹|𢒕|𣦁|𧭷,16,True,,0.843,,0,False,,False,False,False,False,True,True,False,False,True
M1_0187,gold/stt2_page_0020_c03_042.png,stt2,page_0020,3,獅,sư,獅,GOLD,s1_inter_s2_direct,"[1102, 469, 1222, 587]",148,146,司|师|師|捈|摅|摢|摴|攄|樗|溮|狮|獅|筛|篩|簁|簛|籭|綀|蒒|蛳|螄|雎|魳|鰤|𠦵|𠵀|𢂖|𢃋|𤜳|𤞏|𧋬|𧏍|𨸲|𨸴|𩇱|𪝜|攎|浉,38,True,,1.351,,0,False,,False,False,False,False,True,True,False,False,True
M1_0188,gold/stt2_page_0106_c05_093.png,stt2,page_0106,5,代,dạy,代,GOLD,s1_inter_s2_direct,"[837, 2123, 947, 2242]",134,147,|代|抴|拽|敎|教|曳|曵|㖂|𠰺|𠸕|𤕝|𦥙|󱙦,14,True,,1.306,,0,False,,False,False,False,False,True,True,False,False,True
M1_0189,gold/stt2_page_0314_c07_140.png,stt2,page_0314,7,時,thì,時,GOLD,s1_inter_s2_direct,"[556, 2212, 666, 2331]",107,147,𱢑|匙|埘|塒|寺|峕|常|提|时|旹|時|晨|曟|榯|氏|畤|秲|茄|莳|蒔|辰|鍉|鰣|鲥|㔭|㫑|㫭|㮛|䈕|䢈|𠨱|𠨷|𠩐|𠩟|𠱾|𡗶|𡺈|𡺞|𢁈|𣅱|𣈜|𥊘|𥫽|𦔌|𦱎|𦱗|𦸎|𨑃|𨑄|𨥌|𩶬|𪰛|𬀦|󰣡|󱞑|㖘,56,True,```markdown  守 居 ```,1.272,守居,2,False,守,False,False,False,True,True,False,True,True,False
M1_0190,gold/stt2_page_0152_c03_047.png,stt2,page_0152,3,仍,những,仍,GOLD,s1_inter_s2_direct,"[1135, 872, 1243, 995]",112,151,仍|仙|忍|韌|㣼|𠯹|󱙣|氄,8,True,,1.188,,0,False,,False,False,False,False,True,True,False,False,True
M1_0191,gold/stt2_page_0178_c02_032.png,stt2,page_0178,2,悲,bấy,悲,GOLD,s1_inter_s2_direct,"[1289, 1945, 1391, 2080]",116,164,卑|悲|曊|碑|罢|罷|貝|買|閇|閈|閉|闭|䠋|𠇍|𠐌|𠾚|𡭼|𡮁|𤰞|𥓓|𦋼|𧟽|𨳓|𨳯|𨳰|𨳲|𨵰|𪿨|󰋇|󰛠|󰭍|󱡋|󱤙|󱤣,34,True,,1.178,,0,False,,False,False,False,False,True,True,False,False,True
M1_0192,gold/stt2_page_0074_c06_110.png,stt2,page_0074,6,主,chúa,主,GOLD,s1_inter_s2_direct,"[672, 1041, 779, 1157]",122,142,主|炷,2,True,,1.165,,0,False,,False,False,False,False,True,True,False,False,True
M1_0193,gold/stt2_page_0018_c04_076.png,stt2,page_0018,4,渚,chớ,渚,GOLD,s1_inter_s2_direct,"[975, 1441, 1080, 1555]",100,126,|咀|啫|渚|濐|籒|著|陼|㵭|䐗|𠤆|𠤌|𠹲|𣜾|𤀞|𤈪|著|󱉟|󱧥,19,True,,0.890,,0,False,,False,False,False,False,True,True,False,False,True
M1_0194,gold/stt2_page_0238_c04_061.png,stt2,page_0238,4,軍,quân,軍,GOLD,s1_inter_s2_direct,"[999, 808, 1104, 934]",111,156,亀|兵|军|勻|匀|君|均|峮|抣|旬|昀|汮|畇|皲|皸|皹|筠|莙|袀|軍|鈞|銁|銞|鋆|钧|鮶|鲪|麇|麏|麕|龜|龟|䠅|𠀹|𠁈|𠁴|𠃾|𠖉|𠣐|𠣞|𠣦|𠱩|𠱭|𠱰|𠺞|𡗺|𡗽|𡨏|𤕣|𥭀|𦉼|𧑴|𨥒|𪚦|𪚧|𪚨|𪚾|𪚿|󰄹|圴|捃|晕|暈|珺|鼲,65,True,,1.171,,0,False,,False,False,False,False,True,True,False,False,True
M1_0195,gold/stt2_page_0142_c04_066.png,stt2,page_0142,4,歇,hết,歇,GOLD,s1_inter_s2_direct,"[999, 1605, 1108, 1728]",113,149,侭|儘|別|哈|喝|尽|欱|歇|盡|竭|結|遏|䀆|𠿒|𡀽|𡁁|𣍊|𥁞|𥃞|𧗁|󰄘|󰤣|󱤰,23,True,,1.062,,0,False,,False,False,False,False,True,True,False,False,True
M1_0196,gold/stt2_page_0056_c04_077.png,stt2,page_0056,4,朱,cho,朱,GOLD,s1_inter_s2_direct,"[969, 1692, 1077, 1802]",113,135,|咮|埃|木|朱|株|沫|渚|濐|硃|陼|㵭,12,True,,1.048,,0,False,,False,False,False,False,True,True,False,False,True
M1_0197,gold/stt2_page_0302_c05_093.png,stt2,page_0302,5,窣,tốt,窣,GOLD,s1_inter_s2_direct,"[847, 1950, 987, 2079]",92,159,倅|卆|卒|岹|崒|崪|挨|捽|窣|茂|䘚|䘹|𠥾|𡄰|𡨧|𡸝|𢪄|𢬪|𣨛|𧍉|𨒳|𩫛|𬙼,23,True,,1.061,,0,False,,False,False,False,False,True,True,False,False,True
M1_0198,gold/stt2_page_0122_c04_068.png,stt2,page_0122,4,命,mình,命,GOLD,s1_inter_s2_direct,"[989, 780, 1095, 899]",127,142,命|明|春|珄|舍|𠇮|𠵴|𨉓|𨉟|󰇕|󰳁|󱝬,12,True,,1.158,,0,False,,False,False,False,False,True,True,False,False,True
M1_0199,gold/stt2_page_0028_c01_001.png,stt2,page_0028,1,欺,khi,欺,GOLD,s1_inter_s2_direct,"[1417, 554, 1521, 659]",110,122,倛|僛|吱|唭|娸|崎|徛|攲|敧|期|机|桤|榿|欹|欺|浪|猗|觭|諆|踦|陭|魌|㿲|𠔶|𡾵|𣣱|𤿯|𥀴|𨜅|緝|缉,31,True,,0.962,,0,False,,False,False,False,False,True,True,False,False,True
M1_0200,gold/stt4_page_0294_c02_029.png,stt4,page_0294,2,碎,tôi,碎,GOLD,s1_inter_s2_direct,"[850, 688, 922, 771]",75,90,倅|晬|淬|焠|熣|的|睟|砕|碎|㳃|𠗚|𣅢|𤏣|𤭢|𪝬|𫇈|𫬮,17,True,,0.590,,0,False,,False,False,False,False,True,True,False,False,True
M1_0201,gold/stt4_page_0084_c08_174.png,stt4,page_0084,8,連,lên,連,GOLD,s1_inter_s2_direct,"[272, 1259, 344, 1332]",71,89,年|瑨|苓|蓮|連|𢧚|𨑗|𨕭|𨖲|𫧧|𬨠|𬨺|󰁯|󰓁,14,True,,0.484,,0,False,,False,False,False,False,True,True,False,False,True
M1_0202,gold/stt4_page_0028_c05_055.png,stt4,page_0028,5,禁,cấm,禁,GOLD,s1_inter_s2_direct,"[560, 509, 635, 585]",65,83,僸|唫|噤|妗|禁|紟|錦|齽|㯲|䫴|𦧈|𨆂,12,True,,0.435,,0,False,,False,False,False,False,True,True,False,False,True
M1_0203,gold/stt4_page_0292_c07_150.png,stt4,page_0292,7,畧,trước,畧,GOLD,s1_inter_s2_direct,"[379, 527, 447, 598]",75,85,||𱐨|𱏯|斮|櫡|略|畧|着|竹|箸|苉|著|訳|㗉|𠓀|𠠩|𣋐|𣥧|𨍦|𨎟|𨎠|𫏾|𬧻|󰁡|󰠈|󱈘|󱙹|𠓍,29,True,,0.546,,0,False,,False,False,False,False,True,True,False,False,True
M1_0204,gold/stt4_page_0182_c07_146.png,stt4,page_0182,7,丕,vậy,丕,GOLD,s1_inter_s2_direct,"[395, 298, 464, 372]",75,90,丕|仳|呸|物|特|盃|㔻|𠦓,8,True,,0.555,,0,False,,False,False,False,False,True,True,False,False,True
M1_0205,gold/stt4_page_0060_c06_123.png,stt4,page_0060,6,旦,đến,旦,GOLD,s1_inter_s2_direct,"[452, 1496, 522, 1572]",84,85,且|但|倎|典|彣|敟|旦|細|蛋|貝|㫜|䓦|𠔓|𠔩|𠔰|𢻅|𣅂|𥮏|𦤾|𦥃|𨀏,21,True,,0.489,,0,False,,False,False,False,False,True,True,False,False,True
M1_0206,gold/stt4_page_0078_c08_168.png,stt4,page_0078,8,意,ấy,意,GOLD,s1_inter_s2_direct,"[306, 838, 374, 926]",82,107,𱍸|乙|倚|噫|娎|帝|悥|意|憶|椅|衣|衤|𠂎|𠋣|𠶷|𢡃|𧘇|𪬫|𫢚|󰀎|󱦝|󱰁|啩|怪|掛|撌|癸|紙|𠶔|𢫞|𢯗|𥿗,32,True,,0.652,,0,False,,False,False,False,False,True,True,False,False,True
M1_0207,gold/stt4_page_0246_c01_016.png,stt4,page_0246,1,廩,lắm,廩,GOLD,s1_inter_s2_direct,"[961, 1277, 1039, 1349]",84,75,|凛|凜|夦|廩|廪|林|澟|禀|稟|贑|㐭|𡀫|𡗋|𢈺|𢊣|𢊬|𢊸|𢋏|𢋕|𤯑|𥜘|𥠌|𪥀|𪩦|󰖎|󰡌|󱚒|󱞴|󱨫|󱪖,31,True,凛。,0.617,凛,1,True,凛,True,True,False,True,True,False,False,False,False
M1_0208,gold/stt4_page_0068_c03_046.png,stt4,page_0068,3,各,các,各,GOLD,s1_inter_s2_direct,"[772, 279, 840, 345]",69,54,各|合|恪|搁|擱|斠|格|榷|琾|硌|胳|袼|鉻|铬|閣|閤|阁|𬮤|挃|茖|詻,21,True,,0.418,,0,False,,False,False,False,False,True,True,False,False,True
M1_0209,gold/stt4_page_0112_c02_040.png,stt4,page_0112,2,中,trong,中,GOLD,s1_inter_s2_direct,"[851, 1432, 924, 1507]",89,78,||中|仲|共|冲|塚|宫|宮|工|沖|滝|珕|瑇|番|盅|祌|衝|鐧|龍|㣉|𠁦|𠁧|𠁩|𠔈|𠔗|𠜝|𡖌|𡧲|𢀚|𢒄|𢒅|𤁘|𤄯|𥁵|𥪝|𥪞|𪚚|𫏽|𬈴|𬺘|𬺚|󰔲|󰜰|󰬆|󰮁|󰮂|󰮃|󱧪|󱰿|󱲍|󱲑,52,True,,0.471,,0,False,,False,False,False,False,True,True,False,False,True
M1_0210,gold/stt4_page_0098_c03_062.png,stt4,page_0098,3,朱,cho,朱,GOLD,s1_inter_s2_direct,"[757, 1316, 826, 1389]",70,81,|咮|埃|木|朱|株|沫|渚|濐|硃|陼|㵭,12,True,,0.487,,0,False,,False,False,False,False,True,True,False,False,True
M1_0211,gold/stt4_page_0022_c09_191.png,stt4,page_0022,9,腮,tay,腮,GOLD,s1_inter_s2_direct,"[187, 781, 268, 861]",63,98,|塞|壦|思|拪|指|揌|検|碎|腮|遷|𢬣|𪮏|󱭦,14,True,,0.511,,0,False,,False,False,False,False,True,True,False,False,True
M1_0212,gold/stt4_page_0088_c02_021.png,stt4,page_0088,2,重,trọng,重,GOLD,s1_inter_s2_direct,"[882, 1106, 948, 1186]",53,98,中|仲|喠|狆|緟|蚛|重|𡍴|𡍺|𡒀|𡔅|𡔌|𦌋|𧝎|𨤣,15,True,,0.454,,0,False,,False,False,False,False,True,True,False,False,True
M1_0213,gold/stt4_page_0286_c07_147.png,stt4,page_0286,7,朱,cho,朱,GOLD,s1_inter_s2_direct,"[386, 770, 450, 840]",60,86,|咮|埃|木|朱|株|沫|渚|濐|硃|陼|㵭,12,True,,0.404,,0,False,,False,False,False,False,True,True,False,False,True
M1_0214,gold/stt4_page_0054_c05_105.png,stt4,page_0054,5,翁,ông,翁,GOLD,s1_inter_s2_direct,"[560, 1479, 630, 1556]",61,94,|嗡|東|王|翁|蓊|螉|鶲|䈵|𣸜|𩔚|𪂔|𪪳|󰎰|塕|滃|鹟,17,True,,0.470,,0,False,,False,False,False,False,True,True,False,False,True
M1_0215,gold/stt4_page_0196_c07_124.png,stt4,page_0196,7,馭,ngựa,馭,GOLD,s1_inter_s2_direct,"[432, 638, 500, 719]",66,99,御|馬|馭|驭|𩣓|𩤳|𩤾|󰥇,8,True,,0.570,,0,False,,False,False,False,False,True,True,False,False,True
M1_0216,gold/stt4_page_0066_c05_092.png,stt4,page_0066,5,生,sinh,生,GOLD,s1_inter_s2_direct,"[577, 380, 644, 456]",67,94,坐|性|湦|牲|狌|狡|生|甥|笙|虛|鉎|鼪|㺒|㽒|䲼|𠤵|𠥱|𤟋|𤯓|𤯛|𤯳|𥑥|瞠,23,True,,0.588,,0,False,,False,False,False,False,True,True,False,False,True
M1_0217,gold/stt4_page_0262_c09_158.png,stt4,page_0262,9,爲,vì,爲,GOLD,s1_inter_s2_direct,"[177, 1006, 250, 1097]",75,105,位|為|爲|𠸠|𡸏|𦥮|󰩄,7,True,,0.602,,0,False,,False,False,False,False,True,True,False,False,True
M1_0218,gold/stt4_page_0032_c07_130.png,stt4,page_0032,7,庄,chăng,庄,GOLD,s1_inter_s2_direct,"[378, 1163, 448, 1247]",83,93,|丕|仳|庄|庒|弡|張|拯|生|空|荘|莊|㔻|㽵|𠗎|𠦓|𠲕|𤕶|𤖄|𤖈|𦀾|𦻊|𧜖|𫽄|󰝸|󱣟,26,True,,0.579,,0,False,,False,False,False,False,True,True,False,False,True
M1_0219,gold/stt4_page_0152_c03_041.png,stt4,page_0152,3,宜,nghe,宜,GOLD,s1_inter_s2_direct,"[757, 284, 826, 364]",65,89,儀|冝|宐|宜|浪|牐|義|賖|㝖|𠖃|𠣨|𠵌|𡧧|𡨆|𡪀|𡪏|𢪀|𣦍|𥪺|𥫃|𦖑|𬆄|󰽿|󱱀,24,True,,0.501,,0,False,,False,False,False,False,True,True,False,False,True
M1_0220,gold/stt4_page_0268_c04_068.png,stt4,page_0268,4,尼,này,尼,GOLD,s1_inter_s2_direct,"[654, 251, 720, 321]",71,59,又|呢|尼|怩|昵|㖠|㞾|䛏|𠉞|𠼱|𠽬|𡰱|𡲌|𣭙|𫢩|󱟼,16,True,,0.401,,0,False,,False,False,False,False,True,True,False,False,True
M1_0221,gold/stt4_page_0144_c06_108.png,stt4,page_0144,6,連,liên,連,GOLD,s1_inter_s2_direct,"[483, 251, 550, 325]",65,85,嗹|噒|忴|怜|憐|梿|槤|涟|漣|瀾|璉|联|聨|聫|聮|聯|苓|莲|蓮|裢|褳|謰|连|連|鍊|鏈|链|鰱|鲢|㜕|㥕|㦭|䃛|䏈|𢣶|𦕱|𦖹|𦘈|𧐖|𨘑|𩽴|󱫻,42,True,,0.456,,0,False,,False,False,False,False,True,True,False,False,True
M1_0222,gold/stt4_page_0090_c08_146.png,stt4,page_0090,8,事,sự,事,GOLD,s1_inter_s2_direct,"[274, 328, 342, 400]",57,87,亊|事|剚|叓|殖|耡|锄|麆|㕝|𠁱|𠫺|𠭆|𠭏|𤔇|筛|篩,16,True,,0.464,,0,False,,False,False,False,False,True,True,False,False,True
M1_0223,gold/stt4_page_0194_c08_160.png,stt4,page_0194,8,㝵,người,㝵,GOLD,s1_inter_s2_direct,"[291, 556, 360, 638]",85,91,仉|倘|儻|勜|匕|命|圤|徜|昆|皚|躺|辞|㝵|𠊚|𠊛|𣈗|𣈜|𤽗|𫴮|󱫱,20,True,,0.600,,0,False,,False,False,False,False,True,True,False,False,True
M1_0224,gold/stt4_page_0042_c08_161.png,stt4,page_0042,8,重,trọng,重,GOLD,s1_inter_s2_direct,"[276, 789, 352, 869]",72,96,中|仲|喠|狆|緟|蚛|重|𡍴|𡍺|𡒀|𡔅|𡔌|𦌋|𧝎|𨤣,15,True,,0.523,,0,False,,False,False,False,False,True,True,False,False,True
M1_0225,gold/stt4_page_0290_c05_106.png,stt4,page_0290,5,特,được,特,GOLD,s1_inter_s2_direct,"[553, 1360, 625, 1428]",79,81,待|得|持|時|特|犆|㝵|㝶|䗂|䙷|䙸|𠊚|𠭁|𢔨|𢔶|𤙫|𤙰|𤛀|𥩳|𧴫|󱡓,21,True,,0.523,,0,False,,False,False,False,False,True,True,False,False,True
M1_0226,gold/stt4_page_0278_c08_179.png,stt4,page_0278,8,連,liền,連,GOLD,s1_inter_s2_direct,"[378, 1693, 479, 1803]",100,131,吝|嗹|恡|悋|槤|璉|聨|聫|聮|聯|蓮|連|㖁|㜕|䏈|𠫤|𠯌|𠯛|𠲲|𠳈|𠳺|𠳻|𠴽|𢙵|𦕱|𦖹|𦘈|𨘑|𫢧,29,True,,0.912,,0,False,,False,False,False,False,True,True,False,False,True
M1_0227,gold/stt4_page_0070_c07_144.png,stt4,page_0070,7,沛,phải,沛,GOLD,s1_inter_s2_direct,"[370, 1184, 437, 1259]",55,93,仕|伂|塊|折|拜|拝|朝|沛|派|芾|霈|㳈|𡴬|𢪙|𢫶|𢮠|𢰛|𢱭|𢳎|𢴽|𢷎|𢹄|𣧙|𣬊|𣬓|𥙅|𨀪|𨀲|𨙶|𬆃,30,True,,0.422,,0,False,,False,False,False,False,True,True,False,False,True
M1_0228,gold/stt4_page_0260_c01_010.png,stt4,page_0260,1,特,được,特,GOLD,s1_inter_s2_direct,"[950, 850, 1022, 924]",78,89,待|得|持|時|特|犆|㝵|㝶|䗂|䙷|䙸|𠊚|𠭁|𢔨|𢔶|𤙫|𤙰|𤛀|𥩳|𧴫|󱡓,21,True,,0.542,,0,False,,False,False,False,False,True,True,False,False,True
M1_0229,gold/stt4_page_0250_c08_168.png,stt4,page_0250,8,爲,vì,爲,GOLD,s1_inter_s2_direct,"[267, 1588, 338, 1654]",78,74,位|為|爲|𠸠|𡸏|𦥮|󰩄,7,True,,0.469,,0,False,,False,False,False,False,True,True,False,False,True
M1_0230,gold/stt4_page_0132_c05_063.png,stt4,page_0132,5,花,hoa,花,GOLD,s1_inter_s2_direct,"[561, 787, 632, 864]",72,94,|𱽣|划|劃|劐|化|华|哗|嘩|崋|找|搳|撶|枠|桦|椛|樺|檴|畫|皅|科|芭|花|芲|苩|荂|華|葩|蕐|蘤|譁|譌|貨|釪|釫|鋘|錵|鏵|铧|香|驊|骅|㐶|㓰|㩇|㭉|䅿|䔢|䔤|𠆧|𠌶|𠏁|𠜴|𠜻|𠞷|𠟱|𠟷|𠤎|𠫫|𠯒|𡺛|𡼀|𡼙|𡾀|𢡺|𢯘|𣏼|𣘃|𣛛|𤾡|𤾸|𦮴|𦰗|𦶎|𦺂|𦻏|𦽊|𦾓|𧄋|𧅅|𧪮|𧮉|𨫽|𩤉|𩦰|󰒥|󰡛,87,True,,0.589,,0,False,,False,False,False,False,True,True,False,False,True
M1_0231,gold/stt4_page_0072_c07_106.png,stt4,page_0072,7,及,gặp,及,GOLD,s1_inter_s2_direct,"[365, 1150, 435, 1230]",86,98,乁|伋|厳|及|吸|扱|接|插|﨤|趿|迻|𠳖|𢎜|𢩫|𨕤|𬩔|󱚾,17,True,.,0.591,,0,False,,False,False,False,False,True,False,False,False,True
M1_0232,gold/stt4_page_0164_c02_034.png,stt4,page_0164,2,丐,cái,丐,GOLD,s1_inter_s2_direct,"[868, 943, 941, 1023]",68,95,丏|丐|乢|亇|個|剀|剴|匂|匃|匄|彈|戤|溉|漑|盖|箇|葢|蓋|鈣|钙|𠇂|𠣏|𠣣|𡛔|𡡇|𡴮|𤇁|𤇙|𫡔|󰭪|󲘤|隑,32,True,,0.545,,0,False,,False,False,False,False,True,True,False,False,True
M1_0233,gold/stt4_page_0254_c09_189.png,stt4,page_0254,9,獄,ngục,獄,GOLD,s1_inter_s2_direct,"[175, 1438, 243, 1505]",74,83,狱|獄|𡈭,3,True,,0.472,,0,False,,False,False,False,False,True,True,False,False,True
M1_0234,gold/stt4_page_0218_c04_076.png,stt4,page_0218,4,朱,cho,朱,GOLD,s1_inter_s2_direct,"[660, 1367, 727, 1447]",83,95,|咮|埃|木|朱|株|沫|渚|濐|硃|陼|㵭,12,True,,0.619,,0,False,,False,False,False,False,True,True,False,False,True
M1_0235,gold/stt4_page_0100_c03_044.png,stt4,page_0100,3,連,liền,連,GOLD,s1_inter_s2_direct,"[761, 365, 832, 443]",80,93,吝|嗹|恡|悋|槤|璉|聨|聫|聮|聯|蓮|連|㖁|㜕|䏈|𠫤|𠯌|𠯛|𠲲|𠳈|𠳺|𠳻|𠴽|𢙵|𦕱|𦖹|𦘈|𨘑|𫢧,29,True,,0.514,,0,False,,False,False,False,False,True,True,False,False,True
M1_0236,gold/stt4_page_0288_c07_135.png,stt4,page_0288,7,麻,mà,麻,GOLD,s1_inter_s2_direct,"[372, 310, 441, 394]",85,94,|傌|嘛|女|痳|罵|菻|蔴|調|駡|高|麻|默|𢠩|𢳀|𣻕|𦋻|𦓡|𦲬|󱰷|󱰹,21,True,,0.640,,0,False,,False,False,False,False,True,True,False,False,True
M1_0237,gold/stt4_page_0300_c05_088.png,stt4,page_0300,5,麻,mà,麻,GOLD,s1_inter_s2_direct,"[567, 407, 635, 483]",74,93,|傌|嘛|女|痳|罵|菻|蔴|調|駡|高|麻|默|𢠩|𢳀|𣻕|𦋻|𦓡|𦲬|󱰷|󱰹,21,True,,0.625,,0,False,,False,False,False,False,True,True,False,False,True
M1_0238,gold/stt4_page_0214_c06_110.png,stt4,page_0214,6,㐌,đã,㐌,GOLD,s1_inter_s2_direct,"[468, 297, 536, 379]",74,100,乑|也|卒|吏|吔|它|拖|易|胣|諸|陀|㐌|𠰹|𢒕|𣦁|𧭷,16,True,,0.554,,0,False,,False,False,False,False,True,True,False,False,True
M1_0239,gold/stt4_page_0114_c05_092.png,stt4,page_0114,5,課,thuở,課,GOLD,s1_inter_s2_direct,"[582, 409, 653, 486]",81,95,妥|挆|欺|矯|課|𡦂|𣇫|𣋾,8,True,ម្រូវ,0.916,,0,False,,False,False,False,False,True,False,False,False,True
M1_0240,gold/stt4_page_0256_c09_171.png,stt4,page_0256,9,奴,nó,奴,GOLD,s1_inter_s2_direct,"[186, 538, 246, 610]",68,76,伮|佊|努|呶|奴|怒,6,True,,0.521,,0,False,,False,False,False,False,True,True,False,False,True
M1_0241,gold/stt4_page_0304_c08_170.png,stt4,page_0304,8,意,ý,意,GOLD,s1_inter_s2_direct,"[312, 1175, 387, 1261]",93,104,亄|億|噫|悥|意|憶|懿|抑|曀|歖|薏|衣|鐿|镱|饐|鷧|鷾|㦉|㦤|㱅|𠶷|𡕆|𡤵|𡮕|𢡃|𢢶|𢤥|𦺳|𧘇|𩁈|󰀎|媿|季|悸|愧|歸|癔|癸|瞆|瞶|貴|贵|鯚,43,True,六音,0.743,六音,2,False,六,False,False,False,True,True,False,False,True,False
M1_0242,gold/stt4_page_0176_c04_068.png,stt4,page_0176,4,生,sinh,生,GOLD,s1_inter_s2_direct,"[667, 229, 735, 302]",59,87,坐|性|湦|牲|狌|狡|生|甥|笙|虛|鉎|鼪|㺒|㽒|䲼|𠤵|𠥱|𤟋|𤯓|𤯛|𤯳|𥑥|瞠,23,True,,0.475,,0,False,,False,False,False,False,True,True,False,False,True
M1_0243,gold/stt4_page_0148_c02_039.png,stt4,page_0148,2,但,đến,但,GOLD,s1_inter_s2_direct,"[850, 1387, 921, 1466]",75,97,且|但|倎|典|彣|敟|旦|細|蛋|貝|㫜|䓦|𠔓|𠔩|𠔰|𢻅|𣅂|𥮏|𦤾|𦥃|𨀏,21,True,,0.580,,0,False,,False,False,False,False,True,True,False,False,True
M1_0244,gold/stt4_page_0222_c07_126.png,stt4,page_0222,7,德,đức,德,GOLD,s1_inter_s2_direct,"[387, 423, 457, 499]",71,94,|𱐩|𱝮|徳|德|恴|悳|惪|㤫|㥀|㥁|䙷|𢛳|𢜖|𢠀|𢤊|𨗌|𨗤|𭲖|󰆙|󱉎,21,True,,0.570,,0,False,,False,False,False,False,True,True,False,False,True
M1_0245,gold/stt4_page_0160_c03_065.png,stt4,page_0160,3,外,ngoài,外,GOLD,s1_inter_s2_direct,"[761, 1519, 830, 1594]",74,93,外|沔|茹|迯,4,True,,0.557,,0,False,,False,False,False,False,True,True,False,False,True
M1_0246,gold/stt4_page_0258_c09_183.png,stt4,page_0258,9,主,chúa,主,GOLD,s1_inter_s2_direct,"[175, 896, 244, 976]",84,96,主|炷,2,True,,0.630,,0,False,,False,False,False,False,True,True,False,False,True
M1_0247,gold/stt4_page_0086_c05_099.png,stt4,page_0086,5,折,chết,折,GOLD,s1_inter_s2_direct,"[562, 1186, 639, 1262]",95,92,划|托|找|折|摺|死|歽|爪|爫|翼|㪿|𣂚|𣂟|𣂫|𣂲|𣂹|𣨰|𣩁|𣩂|󰅹,20,True,,0.644,,0,False,,False,False,False,False,True,True,False,False,True
M1_0248,gold/stt4_page_0186_c04_077.png,stt4,page_0186,4,天,thiên,天,GOLD,s1_inter_s2_direct,"[664, 803, 741, 885]",95,100,丿|仟|偏|傓|兛|兲|匾|千|圱|圲|埏|天|媥|徧|忏|扁|扇|扡|扦|拪|搧|煽|犏|猭|瓩|甂|碥|篇|編|羴|羶|胆|脠|膻|艑|芊|茜|藊|褊|西|谸|迁|遷|釺|钎|阡|靝|韆|顫|騸|鶣|䍹|䙲|䙴|䢬|𠆞|𠓫|𠨧|𠨩|𡈯|𡲜|𢄒|𢍱|𢍹|𢫥|𢰕|𢲒|𢳍|𢸯|𥰢|𦎞|𦏫|𦏬|𦏭|𦦉|𦧂|𧮮|𨒟|𨒿|𨔰|𨕞|𨗆|𨗇|𨗢|𨗺|𨙘|𨙙|𨙞|𩵞|奷|跹|躚|鎦|镏,94,True,,0.571,,0,False,,False,False,False,False,True,True,False,False,True
M1_0249,gold/stt4_page_0276_c09_166.png,stt4,page_0276,9,㐌,đã,㐌,GOLD,s1_inter_s2_direct,"[178, 545, 240, 617]",51,75,乑|也|卒|吏|吔|它|拖|易|胣|諸|陀|㐌|𠰹|𢒕|𣦁|𧭷,16,True,,0.377,,0,False,,False,False,False,False,True,True,False,False,True
M1_0250,gold/stt4_page_0230_c06_103.png,stt4,page_0230,6,蜍,thờ,蜍,GOLD,s1_inter_s2_direct,"[481, 249, 551, 324]",73,60,𰨂|俆|徐|悇|扵|承|於|烏|祀|祠|蜍|蠩|賒|踈|除|䜹|𠄜|𣱏|𤋬|𤕘|𥚤|𨑦|𫀟|󰯺|󱡖,25,True,,0.442,,0,False,,False,False,False,False,True,True,False,False,True
M1_0251,gold/stt4_page_0140_c08_157.png,stt4,page_0140,8,影,ảnh,影,GOLD,s1_inter_s2_direct,"[268, 426, 338, 510]",62,104,|影|景|瘿|癭|英|䑍|𢒬|𦡺|𦢆|𩖍,11,True,,0.579,,0,False,,False,False,False,False,True,True,False,False,True
M1_0252,gold/stt4_page_0018_c04_055.png,stt4,page_0018,4,夢,mông,夢,GOLD,s1_inter_s2_direct,"[649, 363, 718, 436]",80,65,冡|又|夢|尨|幪|懞|懵|曚|朦|梦|檬|氋|溕|濛|獴|瞢|矇|礞|艨|蒙|虻|蝱|蠓|霥|靀|饛|䏵|䑃|䖟|䗈|䝉|𠐁|𣉭|𦿢|𧌦|𧕕|𫎇|澢|甍,39,True,,0.385,,0,False,,False,False,False,False,True,True,False,False,True
M1_0253,gold/stt4_page_0248_c01_000.png,stt4,page_0248,1,自,từ,自,GOLD,s1_inter_s2_direct,"[974, 245, 1043, 310]",52,62,俆|兹|司|徐|慈|珁|瓷|甆|皮|磁|礠|祀|祠|粢|糍|自|茨|茲|詞|词|辝|辞|辤|辭|邪|鉏|鷀|鹚|㤵|䛐|䧻|𠊛|𤔧|𤔲|𤮀|𥃭|𥔵|𦈱|𦣹|𦣼|𦧦|𧥝|𨈻|𨐕|𨐲|𨑦|𨾱|𩉋|𩐍|呲|薋|酴,52,True,,0.382,,0,False,,False,False,False,False,True,True,False,False,True
M1_0254,gold/stt4_page_0036_c04_070.png,stt4,page_0036,4,几,kẻ,几,GOLD,s1_inter_s2_direct,"[670, 562, 746, 644]",83,94,丗|仉|几|凡|古|峜|幾|掌|易|矯|計|𠀃|𠆰|𠏠|𠖠|𡇣|𧨻|𨤔|󰢿,19,True,,0.598,,0,False,,False,False,False,False,True,True,False,False,True
M1_0255,gold/stt4_page_0200_c03_051.png,stt4,page_0200,3,各,các,各,GOLD,s1_inter_s2_direct,"[787, 823, 860, 894]",80,85,各|合|恪|搁|擱|斠|格|榷|琾|硌|胳|袼|鉻|铬|閣|閤|阁|𬮤|挃|茖|詻,21,True,,0.587,,0,False,,False,False,False,False,True,True,False,False,True
M1_0256,gold/stt4_page_0124_c01_020.png,stt4,page_0124,1,各,các,各,GOLD,s1_inter_s2_direct,"[953, 1408, 1027, 1479]",90,85,各|合|恪|搁|擱|斠|格|榷|琾|硌|胳|袼|鉻|铬|閣|閤|阁|𬮤|挃|茖|詻,21,True,,0.521,,0,False,,False,False,False,False,True,True,False,False,True
M1_0257,gold/stt4_page_0172_c05_103.png,stt4,page_0172,5,中,trong,中,GOLD,s1_inter_s2_direct,"[570, 506, 636, 572]",61,79,||中|仲|共|冲|塚|宫|宮|工|沖|滝|珕|瑇|番|盅|祌|衝|鐧|龍|㣉|𠁦|𠁧|𠁩|𠔈|𠔗|𠜝|𡖌|𡧲|𢀚|𢒄|𢒅|𤁘|𤄯|𥁵|𥪝|𥪞|𪚚|𫏽|𬈴|𬺘|𬺚|󰔲|󰜰|󰬆|󰮁|󰮂|󰮃|󱧪|󱰿|󱲍|󱲑,52,True,,0.475,,0,False,,False,False,False,False,True,True,False,False,True
M1_0258,gold/stt4_page_0126_c02_038.png,stt4,page_0126,2,保,bảo,保,GOLD,s1_inter_s2_direct,"[861, 1359, 927, 1417]",67,70,保|包|呆|堡|宝|寚|寳|寶|泡|煲|珤|箔|緥|脬|葆|褓|褴|靌|駂|鮑|鲍|鳵|鴇|鸨|㻄|䳈|䳰|𠈃|𠊻|𠋾|𠌀|𠍂|𠍙|𠤏|𠦀|𠶓|𠸒|𡥀|𡧖|𡧰|𡩧|𡪓|𡫷|𢉔|𢉣|𢉹|𣎼|𣴊|𣶐|𤓽|𤔍|𤞥|𤥖|𤥯|𤨷|𦬽|𦽻|𨾐|𨾑|𨾙|𩇉|𪀀|𪁣|𪃁,64,True,,0.400,,0,False,,False,False,False,False,True,True,False,False,True
M1_0259,gold/stt4_page_0128_c01_006.png,stt4,page_0128,1,阿,a,阿,GOLD,s1_inter_s2_direct,"[933, 613, 1009, 690]",90,95,丫|了|亜|亞|兮|呀|呵|哑|啊|啞|嗄|堊|妸|娿|婀|婐|婭|客|屙|惡|枒|桠|椏|狣|疴|痾|訶|鈳|錏|錒|铔|锕|阿|雅|鴉|鵶|鸦|䢝|𠄮|𠲞|𣉩|𣏎|𩭯|𩿗|𪀨|𪀹|也|价|伽|假|價|剐|剮|叚|吔|吖|咖|啫|夏|嫁|寡|寫|惈|拁|斝|果|架|枷|柘|查|榎|槚|檟|液|珈|痂|稼|笳|箸|篾|粿|者|茄|菓|葭|蔗|蜾|賈|贾|赭|跏|輠|过|这|迦|這|過|遮|錁|锞|駕|驾|鷓|鹧|㨋|𣂃|𣨕|𥳅|𦁹|𦓅|𦩳|𧵟|𨔾|𩾷|𪇍|𪝪|𪢆|𫅷,118,True,何,0.709,何,1,True,何,False,False,False,True,True,False,False,False,False
M1_0260,gold/stt4_page_0134_c07_114.png,stt4,page_0134,7,旦,đến,旦,GOLD,s1_inter_s2_direct,"[361, 779, 434, 863]",87,103,且|但|倎|典|彣|敟|旦|細|蛋|貝|㫜|䓦|𠔓|𠔩|𠔰|𢻅|𣅂|𥮏|𦤾|𦥃|𨀏,21,True,,0.606,,0,False,,False,False,False,False,True,True,False,False,True
M1_0261,gold/stt4_page_0226_c08_153.png,stt4,page_0226,8,浪,rằng,浪,GOLD,s1_inter_s2_direct,"[274, 477, 344, 556]",82,84,哏|哴|喨|坺|娘|払|浪|㖫|𠳒|𠺘|𤎔|𪘵,12,True,,0.524,,0,False,,False,False,False,False,True,True,False,False,True
M1_0262,gold/stt4_page_0168_c01_013.png,stt4,page_0168,1,主,chúa,主,GOLD,s1_inter_s2_direct,"[966, 1206, 1046, 1298]",76,107,主|炷,2,True,主,0.723,主,1,True,主,True,True,True,True,True,False,False,False,False
M1_0263,gold/stt4_page_0156_c04_067.png,stt4,page_0156,4,共,cùng,共,GOLD,s1_inter_s2_direct,"[715, 1588, 788, 1666]",72,86,供|共|其|塘|廾|弯|強|拱|拲|珙|穷|穹|窮|竆|藭|蛩|蛬|邛|䓖|䠻|𠔏|𡀳|𡃕|𥧺|𥨪|𦱹|𧅉|𧅓|𧉨|𧊡|𧊮|𧋄|𧋯|𧋳|𧌪|𧎦|𧏒|𨉺|𩇿|󰠃|棩|筇|跫|銎,44,True,,0.466,,0,False,,False,False,False,False,True,True,False,False,True
M1_0264,gold/stt4_page_0138_c05_098.png,stt4,page_0138,5,礼,lấy,礼,GOLD,s1_inter_s2_direct,"[548, 737, 624, 805]",78,80,|||以|娎|拟|礼|禮|穊|豊|蹺|𠃞|𢬦|𤔑|𥘆|𥙩|𥛉|𥜨|𥜪|𥝏|𫩉|󰜡|󰟵|󰭼,24,True,,0.527,,0,False,,False,False,False,False,True,True,False,False,True
M1_0265,gold/stt4_page_0166_c06_120.png,stt4,page_0166,6,麻,mà,麻,GOLD,s1_inter_s2_direct,"[466, 781, 538, 854]",88,89,|傌|嘛|女|痳|罵|菻|蔴|調|駡|高|麻|默|𢠩|𢳀|𣻕|𦋻|𦓡|𦲬|󱰷|󱰹,21,True,五,0.667,五,1,True,五,False,False,False,True,True,False,False,False,False
M1_0266,gold/stt4_page_0188_c07_143.png,stt4,page_0188,7,末,mất,末,GOLD,s1_inter_s2_direct,"[361, 999, 430, 1078]",81,94,堗|失|宊|宓|宻|密|末|秩|突|蔤|蜜|豒|䀄|𠅅|𠅍|𠅎|𠅐|𠅒|𠅼|𠖧|𠖪|𠫓|𠸂|𡊭|𡘮|𡙮|𡦾|𡧸|𡪖|𡶇|𢊭|𢛬|𢧤|𣔻|𤛬|𥤮|𥥛|𥥜|𦸞|𧉴|𧒧|𧓫|𧕵|𧖅|𧶡|𪶟|𬆞|𬇮,48,True,,0.590,,0,False,,False,False,False,False,True,True,False,False,True
M1_0267,gold/stt4_page_0202_c08_156.png,stt4,page_0202,8,吏,lại,吏,GOLD,s1_inter_s2_direct,"[290, 1525, 364, 1602]",90,84,使|來|俫|倈|勑|厉|厲|又|叓|右|叹|吏|嬾|尼|徕|徠|懒|懶|束|濑|瀨|瘌|癘|癞|癩|皮|籁|籟|耒|藾|襰|賚|賴|赉|赖|辣|頼|顂|類|㐌|㕝|㾢|䊪|𠘝|𠻇|𡯅|𢋷|𥛉|𧡽|𧶘|𧶛|𧷖|𩓃|𫣚|𬃻,55,True,,0.541,,0,False,,False,False,False,False,True,True,False,False,True
M1_0268,gold/stt4_page_0174_c02_028.png,stt4,page_0174,2,生,sinh,生,GOLD,s1_inter_s2_direct,"[871, 473, 936, 546]",61,69,坐|性|湦|牲|狌|狡|生|甥|笙|虛|鉎|鼪|㺒|㽒|䲼|𠤵|𠥱|𤟋|𤯓|𤯛|𤯳|𥑥|瞠,23,True,,0.437,,0,False,,False,False,False,False,True,True,False,False,True
M1_0269,gold/stt4_page_0158_c06_122.png,stt4,page_0158,6,巴,ba,巴,GOLD,s1_inter_s2_direct,"[472, 1301, 545, 1381]",65,89,|三|倈|吧|啪|啵|坡|嶓|巴|把|杷|波|派|溊|爬|爸|番|疤|皅|碆|笆|筢|粑|羓|耙|芭|苩|菠|葩|蚆|豝|跁|鈀|钯|㿬|䈈|䔤|𠀧|𢀳|𣴫|𣷭|𤕕|𤜱|𦺂|𧤭|𧲧|𧴩|𧵅|𬏓|󰑯|󰬾|仨|皤|跛|靶,55,True,ម្រូវ,0.842,,0,False,,False,False,False,False,True,False,False,False,True
M1_0270,gold/stt4_page_0238_c06_125.png,stt4,page_0238,6,朱,cho,朱,GOLD,s1_inter_s2_direct,"[475, 1400, 545, 1474]",52,90,|咮|埃|木|朱|株|沫|渚|濐|硃|陼|㵭,12,True,,0.387,,0,False,,False,False,False,False,True,True,False,False,True
M1_0271,gold/stt4_page_0162_c03_051.png,stt4,page_0162,3,燒,theo,燒,GOLD,s1_inter_s2_direct,"[774, 362, 841, 435]",70,89,嘵|燒|繞|訨|趬|跳|跷|蹺|蹻|遶|饒|𣦜|𬩱|󰏐|󱘢|󱷻,16,True,,0.512,,0,False,,False,False,False,False,True,True,False,False,True
M1_0272,gold/stt4_page_0266_c02_032.png,stt4,page_0266,2,凜,lắm,凜,GOLD,s1_inter_s2_direct,"[870, 1040, 939, 1119]",78,97,|凛|凜|夦|廩|廪|林|澟|禀|稟|贑|㐭|𡀫|𡗋|𢈺|𢊣|𢊬|𢊸|𢋏|𢋕|𤯑|𥜘|𥠌|𪥀|𪩦|󰖎|󰡌|󱚒|󱞴|󱨫|󱪖,31,True,,0.628,,0,False,,False,False,False,False,True,True,False,False,True
M1_0273,gold/stt4_page_0020_c07_146.png,stt4,page_0020,7,㝵,người,㝵,GOLD,s1_inter_s2_direct,"[388, 1403, 456, 1473]",74,86,仉|倘|儻|勜|匕|命|圤|徜|昆|皚|躺|辞|㝵|𠊚|𠊛|𣈗|𣈜|𤽗|𫴮|󱫱,20,True,,0.535,,0,False,,False,False,False,False,True,True,False,False,True
M1_0274,gold/stt4_page_0030_c08_167.png,stt4,page_0030,8,連,lên,連,GOLD,s1_inter_s2_direct,"[262, 680, 331, 758]",70,92,年|瑨|苓|蓮|連|𢧚|𨑗|𨕭|𨖲|𫧧|𬨠|𬨺|󰁯|󰓁,14,True,,0.475,,0,False,,False,False,False,False,True,True,False,False,True
M1_0275,gold/stt4_page_0050_c07_124.png,stt4,page_0050,7,朱,cho,朱,GOLD,s1_inter_s2_direct,"[367, 1387, 440, 1454]",89,60,|咮|埃|木|朱|株|沫|渚|濐|硃|陼|㵭,12,True,,0.485,,0,False,,False,False,False,False,True,True,False,False,True
M1_0276,gold/stt4_page_0118_c08_174.png,stt4,page_0118,8,礼,lấy,礼,GOLD,s1_inter_s2_direct,"[266, 1423, 338, 1503]",75,98,|||以|娎|拟|礼|禮|穊|豊|蹺|𠃞|𢬦|𤔑|𥘆|𥙩|𥛉|𥜨|𥜪|𥝏|𫩉|󰜡|󰟵|󰭼,24,True,,0.632,,0,False,,False,False,False,False,True,True,False,False,True
M1_0277,gold/stt4_page_0236_c08_157.png,stt4,page_0236,8,朱,cho,朱,GOLD,s1_inter_s2_direct,"[276, 997, 344, 1076]",84,80,|咮|埃|木|朱|株|沫|渚|濐|硃|陼|㵭,12,True,,0.493,,0,False,,False,False,False,False,True,True,False,False,True
M1_0278,gold/stt4_page_0206_c03_057.png,stt4,page_0206,3,徳,đức,徳,GOLD,s1_inter_s2_direct,"[775, 1135, 844, 1214]",69,97,|𱐩|𱝮|徳|德|恴|悳|惪|㤫|㥀|㥁|䙷|𢛳|𢜖|𢠀|𢤊|𨗌|𨗤|𭲖|󰆙|󱉎,21,True,```markdown  王偬 ```,0.830,王偬,2,False,王,False,False,False,True,True,False,True,True,False
M1_0279,gold/stt4_page_0096_c09_194.png,stt4,page_0096,9,徳,đức,徳,GOLD,s1_inter_s2_direct,"[160, 1162, 231, 1241]",74,94,|𱐩|𱝮|徳|德|恴|悳|惪|㤫|㥀|㥁|䙷|𢛳|𢜖|𢠀|𢤊|𨗌|𨗤|𭲖|󰆙|󱉎,21,True,,0.631,,0,False,,False,False,False,False,True,True,False,False,True
M1_0280,gold/stt4_page_0034_c03_052.png,stt4,page_0034,3,麻,mà,麻,GOLD,s1_inter_s2_direct,"[744, 904, 811, 973]",67,85,|傌|嘛|女|痳|罵|菻|蔴|調|駡|高|麻|默|𢠩|𢳀|𣻕|𦋻|𦓡|𦲬|󱰷|󱰹,21,True,,0.499,,0,False,,False,False,False,False,True,True,False,False,True
M1_0281,gold/stt4_page_0280_c04_081.png,stt4,page_0280,4,自,từ,自,GOLD,s1_inter_s2_direct,"[664, 759, 737, 841]",80,100,俆|兹|司|徐|慈|珁|瓷|甆|皮|磁|礠|祀|祠|粢|糍|自|茨|茲|詞|词|辝|辞|辤|辭|邪|鉏|鷀|鹚|㤵|䛐|䧻|𠊛|𤔧|𤔲|𤮀|𥃭|𥔵|𦈱|𦣹|𦣼|𦧦|𧥝|𨈻|𨐕|𨐲|𨑦|𨾱|𩉋|𩐍|呲|薋|酴,52,True,,0.594,,0,False,,False,False,False,False,True,True,False,False,True
M1_0282,gold/stt4_page_0048_c09_178.png,stt4,page_0048,9,陶,đào,陶,GOLD,s1_inter_s2_direct,"[183, 1175, 254, 1258]",61,95,佻|匋|咷|啕|姚|帱|幬|掏|搯|桃|梼|檮|洮|涛|涭|淘|滔|潮|濤|焘|燾|綯|绹|翿|萄|蜪|跳|迯|逃|醄|鋾|錭|陶|隯|鞀|鞉|駣|髫|鼗|鼛|齠|䛌|䛬|𠄏|𡍒|𡒘|𢓝|𣑯|𣖑|𣵬|𣾭|𤁟|𤃕|𤕷|𦻦|𧻏|𨋫|𨒯|𨓖|𨓱|𨞪|𨹋|𨺃|𫱀|󱢻|沊|紨,67,True,询,0.519,询,1,True,询,False,False,False,True,True,False,False,False,False
M1_0283,gold/stt4_page_0220_c01_000.png,stt4,page_0220,1,蜍,thờ,蜍,GOLD,s1_inter_s2_direct,"[965, 238, 1038, 313]",74,69,𰨂|俆|徐|悇|扵|承|於|烏|祀|祠|蜍|蠩|賒|踈|除|䜹|𠄜|𣱏|𤋬|𤕘|𥚤|𨑦|𫀟|󰯺|󱡖,25,True,,0.475,,0,False,,False,False,False,False,True,True,False,False,True
M1_0284,gold/stt4_page_0074_c09_176.png,stt4,page_0074,9,施,thi,施,GOLD,s1_inter_s2_direct,"[174, 1534, 246, 1612]",68,77,匙|堳|姼|尸|屍|待|施|死|氏|濞|矢|絁|莳|葹|蒔|蓍|試|詩|诗|邿|釶|鍉|鍦|鳲|鳾|鶳|鸤|㔭|㮛|䈕|䙾|䴓|𠃜|𠆹|𠇜|𠤒|𡰣|𢁈|𢒃|𢣦|𢻩|𢻫|𢻱|𢼉|𢼊|𢼘|𣹮|𥫽|𦭇|𦮂|𧥳|𨥌|𫂓|饻|鼭,55,True,,0.414,,0,False,,False,False,False,False,True,True,False,False,True
M1_0285,gold/stt4_page_0044_c08_163.png,stt4,page_0044,8,閉,bấy,閉,GOLD,s1_inter_s2_direct,"[276, 851, 344, 922]",70,74,卑|悲|曊|碑|罢|罷|貝|買|閇|閈|閉|闭|䠋|𠇍|𠐌|𠾚|𡭼|𡮁|𤰞|𥓓|𦋼|𧟽|𨳓|𨳯|𨳰|𨳲|𨵰|𪿨|󰋇|󰛠|󰭍|󱡋|󱤙|󱤣,34,True,,0.474,,0,False,,False,False,False,False,True,True,False,False,True
M1_0286,gold/stt4_page_0062_c06_118.png,stt4,page_0062,6,用,dòng,用,GOLD,s1_inter_s2_direct,"[469, 815, 538, 895]",65,93,匇|同|用|𡛾|𣳔|𨦩|𬗝,7,True,,0.556,,0,False,,False,False,False,False,True,True,False,False,True
M1_0287,gold/stt4_page_0056_c01_001.png,stt4,page_0056,1,意,ấy,意,GOLD,s1_inter_s2_direct,"[953, 314, 1025, 390]",55,91,𱍸|乙|倚|噫|娎|帝|悥|意|憶|椅|衣|衤|𠂎|𠋣|𠶷|𢡃|𧘇|𪬫|𫢚|󰀎|󱦝|󱰁|啩|怪|掛|撌|癸|紙|𠶔|𢫞|𢯗|𥿗,32,True,,0.468,,0,False,,False,False,False,False,True,True,False,False,True
M1_0288,gold/stt4_page_0110_c01_008.png,stt4,page_0110,1,連,liền,連,GOLD,s1_inter_s2_direct,"[949, 763, 1010, 833]",62,86,吝|嗹|恡|悋|槤|璉|聨|聫|聮|聯|蓮|連|㖁|㜕|䏈|𠫤|𠯌|𠯛|𠲲|𠳈|𠳺|𠳻|𠴽|𢙵|𦕱|𦖹|𦘈|𨘑|𫢧,29,True,,0.447,,0,False,,False,False,False,False,True,True,False,False,True
M1_0289,gold/stt4_page_0216_c05_094.png,stt4,page_0216,5,推,suy,推,GOLD,s1_inter_s2_direct,"[565, 893, 640, 969]",93,92,嗤|推|榱|絺|蓷|蚩|衰|黹|㰞|𠆂|𠆚|𠌺|𠱗|𠱟|𠷣|𣢑|𣣷|𣩖|𤸬|𧈨|𧉌|𧏬|𧜸|𫄨,24,True,,0.630,,0,False,,False,False,False,False,True,True,False,False,True
M1_0290,gold/stt4_page_0108_c07_153.png,stt4,page_0108,7,多,đi,多,GOLD,s1_inter_s2_direct,"[397, 1278, 460, 1349]",77,87,|多|岃|移|跢|迻|𠫾|𨀕|𪠞|𫺲,10,True,,0.556,,0,False,,False,False,False,False,True,True,False,False,True
M1_0291,gold/stt4_page_0076_c09_186.png,stt4,page_0076,9,朱,cho,朱,GOLD,s1_inter_s2_direct,"[182, 614, 241, 685]",60,78,|咮|埃|木|朱|株|沫|渚|濐|硃|陼|㵭,12,True,,0.449,,0,False,,False,False,False,False,True,True,False,False,True
M1_0292,gold/stt4_page_0240_c09_181.png,stt4,page_0240,9,連,lên,連,GOLD,s1_inter_s2_direct,"[182, 725, 243, 793]",68,84,年|瑨|苓|蓮|連|𢧚|𨑗|𨕭|𨖲|𫧧|𬨠|𬨺|󰁯|󰓁,14,True,,0.429,,0,False,,False,False,False,False,True,True,False,False,True
M1_0293,gold/stt4_page_0012_c09_175.png,stt4,page_0012,9,麻,mà,麻,GOLD,s1_inter_s2_direct,"[185, 820, 254, 896]",63,90,|傌|嘛|女|痳|罵|菻|蔴|調|駡|高|麻|默|𢠩|𢳀|𣻕|𦋻|𦓡|𦲬|󱰷|󱰹,21,True,,0.478,,0,False,,False,False,False,False,True,True,False,False,True
M1_0294,gold/stt4_page_0190_c04_070.png,stt4,page_0190,4,堵,đỏ,堵,GOLD,s1_inter_s2_direct,"[676, 643, 751, 723]",66,98,堵|杜|肚|覩|赤|赭|䚂|𡍨|𢾅|𣠶|𤒠|𥀁|𧹟|𧹥|𧹦|𧹻|𧹼|𧺂|𧺃|𨇜|𪜕|𪴄|𬦃|𬦄|󰒼|󱗽|󱞭|󱟩|󱫮|󱲣,30,True,```markdown  牛侠 ```,0.848,牛侠,2,False,牛,False,False,False,True,True,False,True,True,False
M1_0295,gold/stt4_page_0130_c05_089.png,stt4,page_0130,5,破,phá,破,GOLD,s1_inter_s2_direct,"[600, 483, 674, 561]",87,96,哱|披|破|𡲠|𫮒,5,True,,0.618,,0,False,,False,False,False,False,True,True,False,False,True
M1_0296,gold/stt4_page_0038_c06_128.png,stt4,page_0038,6,朱,cho,朱,GOLD,s1_inter_s2_direct,"[466, 1174, 539, 1247]",71,89,|咮|埃|木|朱|株|沫|渚|濐|硃|陼|㵭,12,True,,0.506,,0,False,,False,False,False,False,True,True,False,False,True
M1_0297,gold/stt4_page_0232_c07_133.png,stt4,page_0232,7,德,đức,德,GOLD,s1_inter_s2_direct,"[388, 740, 452, 817]",71,95,|𱐩|𱝮|徳|德|恴|悳|惪|㤫|㥀|㥁|䙷|𢛳|𢜖|𢠀|𢤊|𨗌|𨗤|𭲖|󰆙|󱉎,21,True,,0.554,,0,False,,False,False,False,False,True,True,False,False,True
M1_0298,gold/stt4_page_0092_c06_106.png,stt4,page_0092,6,末,mặt,末,GOLD,s1_inter_s2_direct,"[470, 375, 540, 451]",67,76,|依|密|末|湎|炦|牧|緬|默|𠅅|𤘴|𩈘|𪾺|𫆴|𫖀|𬑉|𬰠|𬰢|󰘚|󱳄,20,True,,0.459,,0,False,,False,False,False,False,True,True,False,False,True
M1_0299,gold/stt4_page_0212_c01_016.png,stt4,page_0212,1,罢,bảy,罢,GOLD,s1_inter_s2_direct,"[952, 1177, 1024, 1248]",88,86,||副|摆|斎|疲|罢|罷|羆|𠐌|𠤩|𣘓|𦉱|𦋼|𧟽|𬙞,16,True,,0.575,,0,False,,False,False,False,False,True,True,False,False,True
M1_0300,gold/stt4_page_0064_c06_112.png,stt4,page_0064,6,畧,trước,畧,GOLD,s1_inter_s2_direct,"[496, 505, 567, 586]",76,90,||𱐨|𱏯|斮|櫡|略|畧|着|竹|箸|苉|著|訳|㗉|𠓀|𠠩|𣋐|𣥧|𨍦|𨎟|𨎠|𫏾|𬧻|󰁡|󰠈|󱈘|󱙹|𠓍,29,True,,0.558,,0,False,,False,False,False,False,True,True,False,False,True
M1_0301,gold/stt4_page_0272_c05_105.png,stt4,page_0272,5,時,thì,時,GOLD,s1_inter_s2_direct,"[598, 1382, 668, 1463]",85,97,𱢑|匙|埘|塒|寺|峕|常|提|时|旹|時|晨|曟|榯|氏|畤|秲|茄|莳|蒔|辰|鍉|鰣|鲥|㔭|㫑|㫭|㮛|䈕|䢈|𠨱|𠨷|𠩐|𠩟|𠱾|𡗶|𡺈|𡺞|𢁈|𣅱|𣈜|𥊘|𥫽|𦔌|𦱎|𦱗|𦸎|𨑃|𨑄|𨥌|𩶬|𪰛|𬀦|󰣡|󱞑|㖘,56,True,,0.649,,0,False,,False,False,False,False,True,True,False,False,True
M1_0302,gold/stt4_page_0058_c09_175.png,stt4,page_0058,9,德,đức,德,GOLD,s1_inter_s2_direct,"[204, 861, 288, 945]",104,102,|𱐩|𱝮|徳|德|恴|悳|惪|㤫|㥀|㥁|䙷|𢛳|𢜖|𢠀|𢤊|𨗌|𨗤|𭲖|󰆙|󱉎,21,True,,0.749,,0,False,,False,False,False,False,True,True,False,False,True
M1_0303,gold/stt4_page_0274_c06_125.png,stt4,page_0274,6,麻,mà,麻,GOLD,s1_inter_s2_direct,"[484, 1155, 546, 1229]",72,88,|傌|嘛|女|痳|罵|菻|蔴|調|駡|高|麻|默|𢠩|𢳀|𣻕|𦋻|𦓡|𦲬|󱰷|󱰹,21,True,,0.522,,0,False,,False,False,False,False,True,True,False,False,True
M1_0304,gold/stt4_page_0120_c07_143.png,stt4,page_0120,7,昆,con,昆,GOLD,s1_inter_s2_direct,"[347, 1495, 415, 1575]",71,94,ヌ||婫|岞|昆|晜|罤|群|㒭|𡥵|𣋥|𤙭|𥊽|𧲟|𫴾,15,True,,0.540,,0,False,,False,False,False,False,True,True,False,False,True
M1_0305,gold/stt4_page_0234_c08_148.png,stt4,page_0234,8,耒,ruồi,耒,GOLD,s1_inter_s2_direct,"[275, 1148, 345, 1227]",86,97,耒|𠱤|𧋆|𩧍,4,True,,0.624,,0,False,,False,False,False,False,True,True,False,False,True
M1_0306,gold/stt4_page_0094_c02_023.png,stt4,page_0094,2,徳,đức,徳,GOLD,s1_inter_s2_direct,"[851, 317, 921, 389]",75,83,|𱐩|𱝮|徳|德|恴|悳|惪|㤫|㥀|㥁|䙷|𢛳|𢜖|𢠀|𢤊|𨗌|𨗤|𭲖|󰆙|󱉎,21,True,,0.427,,0,False,,False,False,False,False,True,True,False,False,True
M1_0307,gold/stt4_page_0192_c08_143.png,stt4,page_0192,8,固,có,固,GOLD,s1_inter_s2_direct,"[269, 1556, 336, 1629]",81,89,世|个|個|古|同|固|堵|故|杏|沛|窖|箇|者|𣎏|󰡏,15,True,,0.593,,0,False,,False,False,False,False,True,True,False,False,True
M1_0308,gold/stt4_page_0016_c09_188.png,stt4,page_0016,9,勸,khuyên,勸,GOLD,s1_inter_s2_direct,"[237, 714, 298, 783]",75,80,券|勧|勸|圈|圏|弮|棬|𡅳|󰛺,9,True,。,0.505,,0,False,,False,False,False,False,True,False,False,False,True
M1_0309,gold/stt4_page_0296_c03_055.png,stt4,page_0296,3,於,ở,於,GOLD,s1_inter_s2_direct,"[766, 736, 837, 813]",77,83,唹|扵|於|正|烏|菸|默|𠾕|𣄒|𣱏|𤋬|𤕘|𫵦|󰛢|󱳍|過|𠵩|𡁎|𢷣|𧿨,20,True,,0.499,,0,False,,False,False,False,False,True,True,False,False,True
M1_0310,gold/stt4_page_0122_c08_121.png,stt4,page_0122,8,几,kẻ,几,GOLD,s1_inter_s2_direct,"[275, 465, 349, 536]",75,87,丗|仉|几|凡|古|峜|幾|掌|易|矯|計|𠀃|𠆰|𠏠|𠖠|𡇣|𧨻|𨤔|󰢿,19,True,刃,0.481,刃,1,True,刃,False,False,False,True,True,False,False,False,False
M1_0311,gold/stt4_page_0184_c06_127.png,stt4,page_0184,6,呐,nói,呐,GOLD,s1_inter_s2_direct,"[471, 848, 541, 926]",69,90,內|内|叻|吶|呐|唁|尼|曰|訥|㐻|㕯|𠺶|𡗠|𧨣,14,True,,0.522,,0,False,,False,False,False,False,True,True,False,False,True
M1_0312,gold/stt4_page_0082_c09_195.png,stt4,page_0082,9,事,sự,事,GOLD,s1_inter_s2_direct,"[178, 1382, 256, 1462]",64,97,亊|事|剚|叓|殖|耡|锄|麆|㕝|𠁱|𠫺|𠭆|𠭏|𤔇|筛|篩,16,True,,0.454,,0,False,,False,False,False,False,True,True,False,False,True
M1_0313,gold/stt4_page_0102_c06_120.png,stt4,page_0102,6,每,mọi,每,GOLD,s1_inter_s2_direct,"[480, 1517, 552, 1598]",88,94,毎|每|萬|𠳨|𡴋|𡴕|𣫭|𤞦|𧖦|𬠱|󱟁,11,True,每,0.674,每,1,True,每,True,True,True,True,True,False,False,False,False
M1_0314,gold/stt4_page_0150_c09_199.png,stt4,page_0150,9,浪,răng,浪,GOLD,s1_inter_s2_direct,"[181, 1461, 266, 1532]",105,80,|𲎩|凌|夌|浪|淩|齿|𦝄|𦢠|𪘵|𪤽|𫆢|𬹸|󰌻|󰛈|󱆋,16,True,,0.551,,0,False,,False,False,False,False,True,True,False,False,True
M1_0315,gold/stt4_page_0210_c08_159.png,stt4,page_0210,8,体,thấy,体,GOLD,s1_inter_s2_direct,"[316, 731, 387, 817]",87,106,||体|獕|笨|躰|軆|透|骵|體|𧡊|𨉥|𨉦|𩪆|𫌠,15,True,体,0.699,体,1,True,体,True,True,True,True,True,False,False,False,False
M1_0316,gold/stt4_page_0264_c06_109.png,stt4,page_0264,6,几,kẻ,几,GOLD,s1_inter_s2_direct,"[471, 256, 539, 325]",55,66,丗|仉|几|凡|古|峜|幾|掌|易|矯|計|𠀃|𠆰|𠏠|𠖠|𡇣|𧨻|𨤔|󰢿,19,True,几,0.453,几,1,True,几,True,True,True,True,True,False,False,False,False
M1_0317,gold/stt4_page_0284_c02_037.png,stt4,page_0284,2,礼,lạy,礼,GOLD,s1_inter_s2_direct,"[853, 1125, 921, 1203]",77,92,吏|拜|礼|禮|豊|𠃞|𢯦|𤔑|𥘆|𥚄|𥛉|𥜨|𥜪|𥝏|𫼲|󱝣,16,True,,0.543,,0,False,,False,False,False,False,True,True,False,False,True
M1_0318,gold/stt4_page_0228_c06_114.png,stt4,page_0228,6,連,liền,連,GOLD,s1_inter_s2_direct,"[501, 857, 573, 938]",71,97,吝|嗹|恡|悋|槤|璉|聨|聫|聮|聯|蓮|連|㖁|㜕|䏈|𠫤|𠯌|𠯛|𠲲|𠳈|𠳺|𠳻|𠴽|𢙵|𦕱|𦖹|𦘈|𨘑|𫢧,29,True,,0.542,,0,False,,False,False,False,False,True,True,False,False,True
M1_0319,gold/stt4_page_0104_c05_099.png,stt4,page_0104,5,除,giờ,除,GOLD,s1_inter_s2_direct,"[561, 1238, 630, 1309]",73,60,俆|徐|除|𠀺|𣇞|𣉹|𨑦|𪬪|𪱡|𬁊|𬁐|󱤗|󱤫|󱮠,14,True,,0.410,,0,False,,False,False,False,False,True,True,False,False,True
M1_0320,gold/stt4_page_0242_c06_104.png,stt4,page_0242,6,福,phúc,福,GOLD,s1_inter_s2_direct,"[504, 657, 575, 735]",80,94,伏|偪|副|复|幅|復|愊|楅|煏|畐|畗|疈|福|腹|蝮|褔|覆|輹|輻|辐|鍑|𤔜|𦞶|𧐛|𨍊|馥,26,True,+,0.645,,0,False,,False,False,False,False,True,False,False,False,True
M1_0321,gold/stt4_page_0198_c09_160.png,stt4,page_0198,9,意,ấy,意,GOLD,s1_inter_s2_direct,"[192, 892, 254, 964]",75,88,𱍸|乙|倚|噫|娎|帝|悥|意|憶|椅|衣|衤|𠂎|𠋣|𠶷|𢡃|𧘇|𪬫|𫢚|󰀎|󱦝|󱰁|啩|怪|掛|撌|癸|紙|𠶔|𢫞|𢯗|𥿗,32,True,,0.494,,0,False,,False,False,False,False,True,True,False,False,True
M1_0322,gold/stt4_page_0252_c05_108.png,stt4,page_0252,5,麻,mà,麻,GOLD,s1_inter_s2_direct,"[561, 1214, 630, 1287]",72,89,|傌|嘛|女|痳|罵|菻|蔴|調|駡|高|麻|默|𢠩|𢳀|𣻕|𦋻|𦓡|𦲬|󱰷|󱰹,21,True,庠,0.571,庠,1,True,庠,False,False,False,True,True,False,False,False,False
M1_0323,gold/stt4_page_0136_c08_158.png,stt4,page_0136,8,時,thì,時,GOLD,s1_inter_s2_direct,"[278, 681, 344, 757]",80,94,𱢑|匙|埘|塒|寺|峕|常|提|时|旹|時|晨|曟|榯|氏|畤|秲|茄|莳|蒔|辰|鍉|鰣|鲥|㔭|㫑|㫭|㮛|䈕|䢈|𠨱|𠨷|𠩐|𠩟|𠱾|𡗶|𡺈|𡺞|𢁈|𣅱|𣈜|𥊘|𥫽|𦔌|𦱎|𦱗|𦸎|𨑃|𨑄|𨥌|𩶬|𪰛|𬀦|󰣡|󱞑|㖘,56,True,,0.587,,0,False,,False,False,False,False,True,True,False,False,True
M1_0324,gold/stt4_page_0142_c06_129.png,stt4,page_0142,6,与,dữ,与,GOLD,s1_inter_s2_direct,"[469, 1533, 538, 1605]",59,85,|𱠎|与|予|兴|嬹|屿|嶼|懙|歟|璵|與|興|㑏|㒷|㠘|㺞|𠔔|𡨺|𡽬|𢌱|𢍯|𢷣|𦥸|𦦲|𪧚|𫥪|𫺙|𭁈|󰆷|󰇾|󱡳|卣|瘐|銪|铕,36,True,,0.506,,0,False,,False,False,False,False,True,True,False,False,True
M1_0325,gold/stt4_page_0204_c06_123.png,stt4,page_0204,6,奇,cả,奇,GOLD,s1_inter_s2_direct,"[476, 693, 541, 765]",63,86,仍|哿|垰|奇|架|竒|𠵲|𪥘|󱝝|󱝮|󱼓,11,True,,0.413,,0,False,,False,False,False,False,True,True,False,False,True
M1_0326,gold/stt4_page_0046_c09_187.png,stt4,page_0046,9,仍,những,仍,GOLD,s1_inter_s2_direct,"[182, 1150, 256, 1230]",79,90,仍|仙|忍|韌|㣼|𠯹|󱙣|氄,8,True,,0.563,,0,False,,False,False,False,False,True,True,False,False,True
M1_0327,gold/stt4_page_0026_c05_098.png,stt4,page_0026,5,罪,tội,罪,GOLD,s1_inter_s2_direct,"[569, 1239, 651, 1309]",100,75,罪|辠|𡈚|𤾐|𦋛|𦤖|𩵽,7,True,,0.600,,0,False,,False,False,False,False,True,True,False,False,True
M1_0328,gold/stt4_page_0080_c03_053.png,stt4,page_0080,3,守,thủ,守,GOLD,s1_inter_s2_direct,"[754, 955, 823, 1035]",61,97,取|垨|娶|守|手|扌|才|掱|艏|首|㝊|𠂿|𡧕|𡬮|𡬴|𡭨|𡴤|𥃻|𦣻|𩖐|𩠐|抩,22,True,,0.511,,0,False,,False,False,False,False,True,True,False,False,True
M1_0329,gold/stt4_page_0224_c06_125.png,stt4,page_0224,6,扒,bắt,扒,GOLD,s1_inter_s2_direct,"[483, 1573, 558, 1648]",73,82,丷|八|北|扒|抔|捌|掊|掱|搏|撥|朳|㧙|㧵|𢫣|𫐴|𫐾|󰈫,17,True,,0.439,,0,False,,False,False,False,False,True,True,False,False,True
M1_0330,gold/stt4_page_0014_c05_100.png,stt4,page_0014,5,主,chúa,主,GOLD,s1_inter_s2_direct,"[570, 627, 644, 704]",69,95,主|炷,2,True,,0.547,,0,False,,False,False,False,False,True,True,False,False,True
M1_0331,gold/stt4_page_0170_c08_149.png,stt4,page_0170,8,安,an,安,GOLD,s1_inter_s2_direct,"[320, 247, 388, 323]",63,58,侒|媕|安|案|桉|殷|氨|胺|銨|铵|鞌|鞍|鮟|𠕷|𠼞|𡚴|𦛅|𩣑|𩽾|丱|串|但|倌|僩|冠|劗|床|惯|慣|懽|拣|掼|揀|摜|斡|柬|棺|橺|權|涧|滇|演|澗|灌|琯|痫|癇|癎|盥|瞷|祼|筦|简|管|簡|綰|缶|罆|罐|脘|舘|莞|裥|襇|覸|觀|观|諫|谏|貫|贯|錧|鐧|鑵|锏|閒|間|间|館|馆|鸛|鹳|𢵧|𣑴|𣠰|𣨭|𥳑|𧍴|𫋨,89,True,,0.375,,0,False,,False,False,False,False,True,True,False,False,True
M1_0332,gold/stt4_page_0302_c02_031.png,stt4,page_0302,2,庄,chẳng,庄,GOLD,s1_inter_s2_direct,"[868, 1042, 936, 1123]",67,99,|||丕|丞|亟|仳|坤|基|庄|庒|払|承|抍|拯|撜|極|氶|荘|莊|㔻|㞼|㽵|𠗎|𠦓|𢫑|𢫒|𢮋|𤇏|𤉋|𤕶|𤖄|𤖈|𦻊|𫽄|󰝸,36,True,,0.579,,0,False,,False,False,False,False,True,True,False,False,True
M1_0333,gold/stt4_page_0298_c08_162.png,stt4,page_0298,8,拮,cất,拮,GOLD,s1_inter_s2_direct,"[281, 1283, 352, 1347]",76,78,吉|戛|扱|拮|揭|梏|𢮌|󱬉,8,True,,0.429,,0,False,,False,False,False,False,True,True,False,False,True
M1_0334,gold/stt4_page_0154_c07_133.png,stt4,page_0154,7,衣,y,衣,GOLD,s1_inter_s2_direct,"[358, 747, 432, 827]",75,90,伊|依|億|医|吚|咿|噫|噯|意|懿|抑|旖|椅|欬|欹|毉|洢|渏|漪|犄|猗|瑿|祎|禕|繄|翳|臆|蛜|衣|衤|袆|褘|譩|醫|醷|銥|铱|陭|鷖|鹥|黟|䝝|䪰|𠁼|𠈽|𠜧|𠜰|𠣗|𠲖|𢤏|𦯴|𧛀|𧫦|𧮒|𨢒|󰭴|偯|咬|哀,59,True,,0.564,,0,False,,False,False,False,False,True,True,False,False,True
M1_0335,gold/stt4_page_0178_c03_055.png,stt4,page_0178,3,座,tòa,座,GOLD,s1_inter_s2_direct,"[767, 1206, 836, 1282]",68,88,坐|座|矬|銼|𠱯|𤉛|嶂|痤|圮,9,True,,0.551,,0,False,,False,False,False,False,True,True,False,False,True
M1_0336,gold/stt4_page_0208_c09_166.png,stt4,page_0208,9,主,chúa,主,GOLD,s1_inter_s2_direct,"[193, 377, 262, 454]",74,90,主|炷,2,True,,0.486,,0,False,,False,False,False,False,True,True,False,False,True
M1_0337,gold/stt4_page_0052_c07_138.png,stt4,page_0052,7,别,biết,别,GOLD,s1_inter_s2_direct,"[363, 1570, 431, 1642]",84,73,|別|别|咇|彆|憋|捌|撆|柲|瘪|癟|虌|蟞|襒|蹩|鱉|鳖|鼈|龞|㿜|䠥|𠔁|𠛰|𠮠|𤻋|𪔀|𪿍|󱤞|󱩲|拐,30,True,,0.487,,0,False,,False,False,False,False,True,True,False,False,True
M1_0338,gold/stt4_page_0282_c03_061.png,stt4,page_0282,3,於,ở,於,GOLD,s1_inter_s2_direct,"[781, 1258, 849, 1328]",65,84,唹|扵|於|正|烏|菸|默|𠾕|𣄒|𣱏|𤋬|𤕘|𫵦|󰛢|󱳍|過|𠵩|𡁎|𢷣|𧿨,20,True,,0.423,,0,False,,False,False,False,False,True,True,False,False,True
M1_0339,gold/stt4_page_0270_c02_037.png,stt4,page_0270,2,蓮,trên,蓮,GOLD,s1_inter_s2_direct,"[867, 1206, 930, 1282]",44,92,|珕|蓮|連|𨑗|𨕭|𨖲|𬨺|󰓱,9,True,,0.434,,0,False,,False,False,False,False,True,True,False,False,True
M1_0340,gold/stt4_page_0040_c08_160.png,stt4,page_0040,8,意,ấy,意,GOLD,s1_inter_s2_direct,"[285, 812, 355, 889]",70,95,𱍸|乙|倚|噫|娎|帝|悥|意|憶|椅|衣|衤|𠂎|𠋣|𠶷|𢡃|𧘇|𪬫|𫢚|󰀎|󱦝|󱰁|啩|怪|掛|撌|癸|紙|𠶔|𢫞|𢯗|𥿗,32,True,,0.540,,0,False,,False,False,False,False,True,True,False,False,True
M1_0341,gold/stt4_page_0244_c08_172.png,stt4,page_0244,8,麻,mà,麻,GOLD,s1_inter_s2_direct,"[272, 1280, 347, 1364]",93,100,|傌|嘛|女|痳|罵|菻|蔴|調|駡|高|麻|默|𢠩|𢳀|𣻕|𦋻|𦓡|𦲬|󱰷|󱰹,21,True,,0.648,,0,False,,False,False,False,False,True,True,False,False,True
M1_0342,gold/stt4_page_0116_c04_075.png,stt4,page_0116,4,庫,khó,庫,GOLD,s1_inter_s2_direct,"[659, 721, 728, 794]",74,87,厙|庫|瘔|苦|讱|𠺟|𡿵|𣎏|𧁷|𧁹|󰅟|󰈶|󱠽,13,True,,0.523,,0,False,,False,False,False,False,True,True,False,False,True
M1_0343,gold/stt4_page_0024_c04_081.png,stt4,page_0024,4,物,vật,物,GOLD,s1_inter_s2_direct,"[674, 1323, 746, 1398]",81,88,勿|岉|惚|沕|物|芴|覅|㘬|𢪥|𢪱|𣃦|匢|囫,13,True,此,0.621,此,1,True,此,False,False,False,True,True,False,False,False,False
M1_0344,gold/stt4_page_0294_c04_078.png,stt4,page_0294,4,共,cung,共,GOLD,s1_inter_s2_direct,"[659, 1190, 730, 1268]",71,85,供|共|匑|匔|卬|卭|孔|宫|宮|工|弓|恭|空|笻|筇|舼|蛩|蛬|跫|躬|躳|邛|龔|龚|㣉|㳟|𠜝|𢀚|𢒄|𢒅|𢦉|𦞨|𧘏|𧿖|𨈴|𩛘|塨,37,True,,0.433,,0,False,,False,False,False,False,True,True,False,False,True
M1_0345,gold/stt4_page_0084_c02_023.png,stt4,page_0084,2,於,ở,於,GOLD,s1_inter_s2_direct,"[858, 311, 928, 392]",77,89,唹|扵|於|正|烏|菸|默|𠾕|𣄒|𣱏|𤋬|𤕘|𫵦|󰛢|󱳍|過|𠵩|𡁎|𢷣|𧿨,20,True,,0.595,,0,False,,False,False,False,False,True,True,False,False,True
M1_0346,gold/stt4_page_0028_c05_052.png,stt4,page_0028,5,尼,này,尼,GOLD,s1_inter_s2_direct,"[565, 322, 640, 398]",69,89,又|呢|尼|怩|昵|㖠|㞾|䛏|𠉞|𠼱|𠽬|𡰱|𡲌|𣭙|𫢩|󱟼,16,True,,0.553,,0,False,,False,False,False,False,True,True,False,False,True
M1_0347,gold/stt4_page_0292_c07_155.png,stt4,page_0292,7,女,nữ,女,GOLD,s1_inter_s2_direct,"[379, 820, 447, 890]",77,86,女|釢|釹|钕|妞|忸|扭|抝|拗|杻|狃|籹|紐|纽|鈕,15,True,,0.553,,0,False,,False,False,False,False,True,True,False,False,True
M1_0348,gold/stt4_page_0182_c02_040.png,stt4,page_0182,2,連,liền,連,GOLD,s1_inter_s2_direct,"[891, 1170, 956, 1240]",79,82,吝|嗹|恡|悋|槤|璉|聨|聫|聮|聯|蓮|連|㖁|㜕|䏈|𠫤|𠯌|𠯛|𠲲|𠳈|𠳺|𠳻|𠴽|𢙵|𦕱|𦖹|𦘈|𨘑|𫢧,29,True,,0.487,,0,False,,False,False,False,False,True,True,False,False,True
M1_0349,gold/stt4_page_0060_c09_170.png,stt4,page_0060,9,㝵,người,㝵,GOLD,s1_inter_s2_direct,"[174, 303, 244, 383]",78,91,仉|倘|儻|勜|匕|命|圤|徜|昆|皚|躺|辞|㝵|𠊚|𠊛|𣈗|𣈜|𤽗|𫴮|󱫱,20,True,,0.568,,0,False,,False,False,False,False,True,True,False,False,True
M1_0350,gold/stt4_page_0078_c04_086.png,stt4,page_0078,4,之,gì,之,GOLD,s1_inter_s2_direct,"[694, 1135, 762, 1206]",59,87,𱍽|之|咦|夷|姨|洏|洟|為|芇|㞢|𠔇|𡳿|𫡛|𫩝|󰢔|󱙀,16,True,,0.518,,0,False,,False,False,False,False,True,True,False,False,True
M1_0351,gold/stt4_page_0246_c05_094.png,stt4,page_0246,5,恩,ơn,恩,GOLD,s1_inter_s2_direct,"[583, 756, 651, 836]",68,97,恩|摁|㤙,3,True,,0.523,,0,False,,False,False,False,False,True,True,False,False,True
M1_0352,gold/stt4_page_0068_c03_052.png,stt4,page_0068,3,蜍,thờ,蜍,GOLD,s1_inter_s2_direct,"[775, 630, 848, 704]",77,76,𰨂|俆|徐|悇|扵|承|於|烏|祀|祠|蜍|蠩|賒|踈|除|䜹|𠄜|𣱏|𤋬|𤕘|𥚤|𨑦|𫀟|󰯺|󱡖,25,True,,0.494,,0,False,,False,False,False,False,True,True,False,False,True
M1_0353,gold/stt4_page_0112_c04_065.png,stt4,page_0112,4,連,liền,連,GOLD,s1_inter_s2_direct,"[659, 258, 727, 330]",66,68,吝|嗹|恡|悋|槤|璉|聨|聫|聮|聯|蓮|連|㖁|㜕|䏈|𠫤|𠯌|𠯛|𠲲|𠳈|𠳺|𠳻|𠴽|𢙵|𦕱|𦖹|𦘈|𨘑|𫢧,29,True,,0.381,,0,False,,False,False,False,False,True,True,False,False,True
M1_0354,gold/stt4_page_0098_c06_129.png,stt4,page_0098,6,旦,đến,旦,GOLD,s1_inter_s2_direct,"[460, 1497, 529, 1575]",68,90,且|但|倎|典|彣|敟|旦|細|蛋|貝|㫜|䓦|𠔓|𠔩|𠔰|𢻅|𣅂|𥮏|𦤾|𦥃|𨀏,21,True,,0.541,,0,False,,False,False,False,False,True,True,False,False,True
M1_0355,gold/stt4_page_0022_c07_147.png,stt4,page_0022,7,時,thì,時,GOLD,s1_inter_s2_direct,"[384, 857, 450, 929]",57,85,𱢑|匙|埘|塒|寺|峕|常|提|时|旹|時|晨|曟|榯|氏|畤|秲|茄|莳|蒔|辰|鍉|鰣|鲥|㔭|㫑|㫭|㮛|䈕|䢈|𠨱|𠨷|𠩐|𠩟|𠱾|𡗶|𡺈|𡺞|𢁈|𣅱|𣈜|𥊘|𥫽|𦔌|𦱎|𦱗|𦸎|𨑃|𨑄|𨥌|𩶬|𪰛|𬀦|󰣡|󱞑|㖘,56,True,,0.431,,0,False,,False,False,False,False,True,True,False,False,True
M1_0356,gold/stt4_page_0088_c08_150.png,stt4,page_0088,8,意,ấy,意,GOLD,s1_inter_s2_direct,"[275, 736, 349, 811]",69,91,𱍸|乙|倚|噫|娎|帝|悥|意|憶|椅|衣|衤|𠂎|𠋣|𠶷|𢡃|𧘇|𪬫|𫢚|󰀎|󱦝|󱰁|啩|怪|掛|撌|癸|紙|𠶔|𢫞|𢯗|𥿗,32,True,,0.532,,0,False,,False,False,False,False,True,True,False,False,True
M1_0357,gold/stt4_page_0286_c01_008.png,stt4,page_0286,1,呐,nói,呐,GOLD,s1_inter_s2_direct,"[971, 724, 1039, 797]",58,78,內|内|叻|吶|呐|唁|尼|曰|訥|㐻|㕯|𠺶|𡗠|𧨣,14,True,```,0.481,,0,False,,False,False,False,False,True,False,False,False,True
M1_0358,gold/stt4_page_0054_c03_053.png,stt4,page_0054,3,浪,rằng,浪,GOLD,s1_inter_s2_direct,"[795, 1005, 871, 1084]",94,91,哏|哴|喨|坺|娘|払|浪|㖫|𠳒|𠺘|𤎔|𪘵,12,True,,0.663,,0,False,,False,False,False,False,True,True,False,False,True
M1_0359,gold/stt4_page_0196_c07_129.png,stt4,page_0196,7,棱,rừng,棱,GOLD,s1_inter_s2_direct,"[432, 973, 500, 1054]",61,99,棱|楞|楼|稜|𡹃|𡼹|𤗷|󱺅|澄,9,True,,0.448,,0,False,,False,False,False,False,True,True,False,False,True
M1_0360,gold/stt4_page_0066_c01_009.png,stt4,page_0066,1,察,xét,察,GOLD,s1_inter_s2_direct,"[956, 822, 1021, 897]",74,78,嚓|察|詧|𢪀|𥌀|𪹾|󱧴,7,True,,0.333,,0,False,,False,False,False,False,True,True,False,False,True
M1_0361,gold/stt4_page_0262_c02_021.png,stt4,page_0262,2,碎,tôi,碎,GOLD,s1_inter_s2_direct,"[865, 1164, 933, 1244]",76,91,倅|晬|淬|焠|熣|的|睟|砕|碎|㳃|𠗚|𣅢|𤏣|𤭢|𪝬|𫇈|𫬮,17,True,,0.406,,0,False,,False,False,False,False,True,True,False,False,True
M1_0362,gold/stt4_page_0032_c05_090.png,stt4,page_0032,5,体,thấy,体,GOLD,s1_inter_s2_direct,"[563, 1221, 635, 1305]",86,104,||体|獕|笨|躰|軆|透|骵|體|𧡊|𨉥|𨉦|𩪆|𫌠,15,True,,0.489,,0,False,,False,False,False,False,True,True,False,False,True
M1_0363,gold/stt4_page_0152_c02_027.png,stt4,page_0152,2,朱,cho,朱,GOLD,s1_inter_s2_direct,"[856, 717, 925, 801]",85,104,|咮|埃|木|朱|株|沫|渚|濐|硃|陼|㵭,12,True,,0.458,,0,False,,False,False,False,False,True,True,False,False,True
M1_0364,gold/stt4_page_0268_c02_045.png,stt4,page_0268,2,些,ta,些,GOLD,s1_inter_s2_direct,"[846, 1587, 915, 1656]",85,75,些|仨|低|偺|傞|呰|咱|喒|嗟|埃|娑|差|挱|挲|昝|爹|獻|瘥|糌|罝|莎|莏|虘|謝|酇|醝|髿|鹺|鹾|㑑|㱔|䦈|𠺜|𡭟|𡭶|𢧲|𢬣|𣩈|𤻸|𦏱|𧨁|𧪘|𧪰|𧫯|𧬑|𨣩|𨲠|𨲻|𪉤|𪉬|𪉵|𪊁|𪊈|󱙐|嵯,55,True,,0.358,,0,False,,False,False,False,False,True,True,False,False,True
M1_0365,gold/stt4_page_0144_c03_061.png,stt4,page_0144,3,壮,trắng,壮,GOLD,s1_inter_s2_direct,"[771, 1463, 843, 1540]",88,93,壮|壯|夌|朗|白|𤽸|󰺔|󰺛|󱳗|𤟸,10,True,,0.544,,0,False,,False,False,False,False,True,True,False,False,True
M1_0366,gold/stt4_page_0090_c05_101.png,stt4,page_0090,5,共,cùng,共,GOLD,s1_inter_s2_direct,"[584, 896, 654, 972]",76,91,供|共|其|塘|廾|弯|強|拱|拲|珙|穷|穹|窮|竆|藭|蛩|蛬|邛|䓖|䠻|𠔏|𡀳|𡃕|𥧺|𥨪|𦱹|𧅉|𧅓|𧉨|𧊡|𧊮|𧋄|𧋯|𧋳|𧌪|𧎦|𧏒|𨉺|𩇿|󰠃|棩|筇|跫|銎,44,True,,0.463,,0,False,,False,False,False,False,True,True,False,False,True
M1_0367,gold/stt4_page_0194_c08_166.png,stt4,page_0194,8,重,trọng,重,GOLD,s1_inter_s2_direct,"[291, 962, 360, 1042]",83,84,中|仲|喠|狆|緟|蚛|重|𡍴|𡍺|𡒀|𡔅|𡔌|𦌋|𧝎|𨤣,15,True,,0.466,,0,False,,False,False,False,False,True,True,False,False,True
M1_0368,gold/stt4_page_0042_c01_017.png,stt4,page_0042,1,庫,khó,庫,GOLD,s1_inter_s2_direct,"[955, 1334, 1031, 1410]",79,92,厙|庫|瘔|苦|讱|𠺟|𡿵|𣎏|𧁷|𧁹|󰅟|󰈶|󱠽,13,True,,0.507,,0,False,,False,False,False,False,True,True,False,False,True
M1_0369,gold/stt4_page_0290_c01_006.png,stt4,page_0290,1,亊,sự,亊,GOLD,s1_inter_s2_direct,"[950, 649, 1015, 727]",67,96,亊|事|剚|叓|殖|耡|锄|麆|㕝|𠁱|𠫺|𠭆|𠭏|𤔇|筛|篩,16,True,,0.441,,0,False,,False,False,False,False,True,True,False,False,True
M1_0370,gold/stt4_page_0278_c01_016.png,stt4,page_0278,1,特,được,特,GOLD,s1_inter_s2_direct,"[1426, 1606, 1528, 1711]",119,129,待|得|持|時|特|犆|㝵|㝶|䗂|䙷|䙸|𠊚|𠭁|𢔨|𢔶|𤙫|𤙰|𤛀|𥩳|𧴫|󱡓,21,True,,0.827,,0,False,,False,False,False,False,True,True,False,False,True
M1_0371,gold/stt4_page_0070_c03_050.png,stt4,page_0070,3,稽,ghê,稽,GOLD,s1_inter_s2_direct,"[751, 888, 822, 971]",78,88,世|乩|卟|稽|䭫|䭬|𠺳|𡃊|𥞞|𥟵|𥠻|𥡞|𥡳|𥡴|𩠜|𩠥|𩠦|𩠨|󰏲,19,True,容,0.545,容,1,True,容,False,False,False,True,True,False,False,False,False
M1_0372,gold/stt4_page_0260_c09_196.png,stt4,page_0260,9,慢,mượn,慢,GOLD,s1_inter_s2_direct,"[182, 1364, 250, 1442]",84,96,幔|慢|摱|曼|漫|瀓|謾|𠼦|𢳁|𢶔,10,True,,0.516,,0,False,,False,False,False,False,True,True,False,False,True
M1_0373,gold/stt4_page_0250_c03_043.png,stt4,page_0250,3,翁,ông,翁,GOLD,s1_inter_s2_direct,"[774, 1159, 838, 1232]",57,88,|嗡|東|王|翁|蓊|螉|鶲|䈵|𣸜|𩔚|𪂔|𪪳|󰎰|塕|滃|鹟,17,True,,0.432,,0,False,,False,False,False,False,True,True,False,False,True
M1_0374,gold/stt4_page_0132_c04_038.png,stt4,page_0132,4,於,nước,於,GOLD,s1_inter_s2_direct,"[666, 563, 740, 646]",88,91,|匿|國|娘|搩|於|渃|珠|箸|著|𣋐|𣥧|𫭔,13,True,,0.572,,0,False,,False,False,False,False,True,True,False,False,True
M1_0375,gold/stt4_page_0072_c08_116.png,stt4,page_0072,8,几,kẻ,几,GOLD,s1_inter_s2_direct,"[270, 418, 340, 493]",65,92,丗|仉|几|凡|古|峜|幾|掌|易|矯|計|𠀃|𠆰|𠏠|𠖠|𡇣|𧨻|𨤔|󰢿,19,True,,0.422,,0,False,,False,False,False,False,True,True,False,False,True
M1_0376,gold/stt4_page_0164_c02_029.png,stt4,page_0164,2,左,tả,左,GOLD,s1_inter_s2_direct,"[864, 622, 932, 700]",79,96,佐|写|冩|她|姐|寫|左|斜|泻|瀉|藛|袏|㔫|㝍|㵼|䥱|𠂇|𢀡|𣳇|𣿱|𪭥|潟|灺|舄,24,True,,0.523,,0,False,,False,False,False,False,True,True,False,False,True
M1_0377,gold/stt4_page_0254_c06_110.png,stt4,page_0254,6,朱,cho,朱,GOLD,s1_inter_s2_direct,"[480, 950, 551, 1022]",78,83,|咮|埃|木|朱|株|沫|渚|濐|硃|陼|㵭,12,True,,0.431,,0,False,,False,False,False,False,True,True,False,False,True
M1_0378,gold/stt4_page_0218_c02_025.png,stt4,page_0218,2,秋,su,秋,GOLD,s1_inter_s2_direct,"[857, 659, 927, 742]",86,90,樞|秋|毹|毺|穌|芇|芻|蒭|蘇|蘓|㮲,11,True,,0.513,,0,False,,False,False,False,False,True,True,False,False,True
M1_0379,gold/stt4_page_0100_c06_127.png,stt4,page_0100,6,意,ấy,意,GOLD,s1_inter_s2_direct,"[479, 1518, 558, 1594]",97,89,𱍸|乙|倚|噫|娎|帝|悥|意|憶|椅|衣|衤|𠂎|𠋣|𠶷|𢡃|𧘇|𪬫|𫢚|󰀎|󱦝|󱰁|啩|怪|掛|撌|癸|紙|𠶔|𢫞|𢯗|𥿗,32,True,,0.578,,0,False,,False,False,False,False,True,True,False,False,True
M1_0380,gold/stt4_page_0288_c03_060.png,stt4,page_0288,3,固,có,固,GOLD,s1_inter_s2_direct,"[753, 1174, 826, 1245]",60,82,世|个|個|古|同|固|堵|故|杏|沛|窖|箇|者|𣎏|󰡏,15,True,,0.351,,0,False,,False,False,False,False,True,True,False,False,True
M1_0381,gold/stt4_page_0300_c08_161.png,stt4,page_0300,8,意,ấy,意,GOLD,s1_inter_s2_direct,"[273, 908, 336, 987]",73,97,𱍸|乙|倚|噫|娎|帝|悥|意|憶|椅|衣|衤|𠂎|𠋣|𠶷|𢡃|𧘇|𪬫|𫢚|󰀎|󱦝|󱰁|啩|怪|掛|撌|癸|紙|𠶔|𢫞|𢯗|𥿗,32,True,,0.514,,0,False,,False,False,False,False,True,True,False,False,True
M1_0382,gold/stt4_page_0214_c01_021.png,stt4,page_0214,1,畧,trước,畧,GOLD,s1_inter_s2_direct,"[969, 1575, 1034, 1643]",79,72,||𱐨|𱏯|斮|櫡|略|畧|着|竹|箸|苉|著|訳|㗉|𠓀|𠠩|𣋐|𣥧|𨍦|𨎟|𨎠|𫏾|𬧻|󰁡|󰠈|󱈘|󱙹|𠓍,29,True,,0.371,,0,False,,False,False,False,False,True,True,False,False,True
M1_0383,gold/stt4_page_0114_c09_192.png,stt4,page_0114,9,年,nên,年,GOLD,s1_inter_s2_direct,"[180, 1094, 255, 1172]",93,92,ㇶ||妟|年|戼|揇|秊|邉|麻|䄭|𠡦|𠦅|𠦚|𠫺|𠬋|𢧚|𦼌|𫻽|󰄼|󰎚|󱠵,21,True,,0.571,,0,False,,False,False,False,False,True,True,False,False,True
M1_0384,gold/stt4_page_0256_c03_031.png,stt4,page_0256,3,女,nữ,女,GOLD,s1_inter_s2_direct,"[762, 416, 830, 489]",78,85,女|釢|釹|钕|妞|忸|扭|抝|拗|杻|狃|籹|紐|纽|鈕,15,True,,0.475,,0,False,,False,False,False,False,True,True,False,False,True
M1_0385,gold/stt4_page_0304_c08_164.png,stt4,page_0304,8,事,sự,事,GOLD,s1_inter_s2_direct,"[312, 743, 387, 829]",85,106,亊|事|剚|叓|殖|耡|锄|麆|㕝|𠁱|𠫺|𠭆|𠭏|𤔇|筛|篩,16,True,,0.598,,0,False,,False,False,False,False,True,True,False,False,True
M1_0386,gold/stt4_page_0176_c09_184.png,stt4,page_0176,9,事,sự,事,GOLD,s1_inter_s2_direct,"[174, 232, 246, 304]",53,68,亊|事|剚|叓|殖|耡|锄|麆|㕝|𠁱|𠫺|𠭆|𠭏|𤔇|筛|篩,16,True,,0.356,,0,False,,False,False,False,False,True,True,False,False,True
M1_0387,gold/stt4_page_0148_c05_094.png,stt4,page_0148,5,意,ấy,意,GOLD,s1_inter_s2_direct,"[557, 884, 631, 971]",84,105,𱍸|乙|倚|噫|娎|帝|悥|意|憶|椅|衣|衤|𠂎|𠋣|𠶷|𢡃|𧘇|𪬫|𫢚|󰀎|󱦝|󱰁|啩|怪|掛|撌|癸|紙|𠶔|𢫞|𢯗|𥿗,32,True,,0.543,,0,False,,False,False,False,False,True,True,False,False,True
M1_0388,gold/stt4_page_0222_c04_062.png,stt4,page_0222,4,連,trên,連,GOLD,s1_inter_s2_direct,"[677, 376, 747, 459]",78,101,|珕|蓮|連|𨑗|𨕭|𨖲|𬨺|󰓱,9,True,,0.532,,0,False,,False,False,False,False,True,True,False,False,True
M1_0389,gold/stt4_page_0160_c07_155.png,stt4,page_0160,7,如,như,如,GOLD,s1_inter_s2_direct,"[382, 1525, 457, 1595]",89,75,伽|侞|如|娘|帤|洳|茄|茹|蕠|袽|銣|铷|鴽|䋈|𣹤|襦,16,True,,0.508,,0,False,,False,False,False,False,True,True,False,False,True
M1_0390,gold/stt4_page_0258_c04_066.png,stt4,page_0258,4,主,chúa,主,GOLD,s1_inter_s2_direct,"[659, 237, 732, 310]",58,68,主|炷,2,True,,0.321,,0,False,,False,False,False,False,True,True,False,False,True
M1_0391,gold/stt4_page_0086_c07_133.png,stt4,page_0086,7,浪,rằng,浪,GOLD,s1_inter_s2_direct,"[367, 538, 436, 610]",65,88,哏|哴|喨|坺|娘|払|浪|㖫|𠳒|𠺘|𤎔|𪘵,12,True,,0.439,,0,False,,False,False,False,False,True,True,False,False,True
M1_0392,gold/stt4_page_0186_c05_100.png,stt4,page_0186,5,南,năm,南,GOLD,s1_inter_s2_direct,"[571, 1308, 640, 1377]",85,85,|南|年|朩|璏|秊|䄭|𠄼|𠡦|𠦅|𠦚|𠫺|𠬋|𢆥|𦼌|𫡵|𫧣|𫷜|󱙌,19,True,,0.526,,0,False,,False,False,False,False,True,True,False,False,True
M1_0393,gold/stt4_page_0276_c07_134.png,stt4,page_0276,7,体,thấy,体,GOLD,s1_inter_s2_direct,"[382, 1340, 451, 1415]",79,88,||体|獕|笨|躰|軆|透|骵|體|𧡊|𨉥|𨉦|𩪆|𫌠,15,True,,0.487,,0,False,,False,False,False,False,True,True,False,False,True
M1_0394,gold/stt4_page_0230_c06_104.png,stt4,page_0230,6,眉,mày,眉,GOLD,s1_inter_s2_direct,"[481, 306, 551, 388]",69,96,眉|睂|睸|迈|𠃜|𠋥|𠪃|𠷯|𡮠|𣭒|𣮮|𥅉|𥅕|𥅦|𥅮|𥇮|𥻡|𪵟|𫃷|𫵇|󰜣|󰟎|󱩮|󱮪,24,True,,0.452,,0,False,,False,False,False,False,True,True,False,False,True
M1_0395,gold/stt4_page_0140_c03_055.png,stt4,page_0140,3,欺,khi,欺,GOLD,s1_inter_s2_direct,"[759, 1060, 823, 1136]",74,94,倛|僛|吱|唭|娸|崎|徛|攲|敧|期|机|桤|榿|欹|欺|浪|猗|觭|諆|踦|陭|魌|㿲|𠔶|𡾵|𣣱|𤿯|𥀴|𨜅|緝|缉,31,True,,0.524,,0,False,,False,False,False,False,True,True,False,False,True
M1_0396,gold/stt4_page_0018_c08_134.png,stt4,page_0018,8,棱,rừng,棱,GOLD,s1_inter_s2_direct,"[266, 885, 333, 969]",74,104,棱|楞|楼|稜|𡹃|𡼹|𤗷|󱺅|澄,9,True,,0.575,,0,False,,False,False,False,False,True,True,False,False,True
M1_0397,gold/stt4_page_0248_c06_104.png,stt4,page_0248,6,爲,vì,爲,GOLD,s1_inter_s2_direct,"[496, 346, 563, 419]",80,89,位|為|爲|𠸠|𡸏|𦥮|󰩄,7,True,,0.495,,0,False,,False,False,False,False,True,True,False,False,True
M1_0398,gold/stt4_page_0036_c02_034.png,stt4,page_0036,2,麻,mà,麻,GOLD,s1_inter_s2_direct,"[866, 1061, 934, 1132]",84,81,|傌|嘛|女|痳|罵|菻|蔴|調|駡|高|麻|默|𢠩|𢳀|𣻕|𦋻|𦓡|𦲬|󱰷|󱰹,21,True,,0.528,,0,False,,False,False,False,False,True,True,False,False,True
M1_0399,gold/stt4_page_0200_c01_017.png,stt4,page_0200,1,意,ấy,意,GOLD,s1_inter_s2_direct,"[992, 1374, 1078, 1455]",80,99,𱍸|乙|倚|噫|娎|帝|悥|意|憶|椅|衣|衤|𠂎|𠋣|𠶷|𢡃|𧘇|𪬫|𫢚|󰀎|󱦝|󱰁|啩|怪|掛|撌|癸|紙|𠶔|𢫞|𢯗|𥿗,32,True,,0.612,,0,False,,False,False,False,False,True,True,False,False,True
M1_0400,gold/stt11_page_0176_c03_062.png,stt11,page_0176,3,楼,lâu,楼,GOLD,s1_inter_s2_direct,"[1200, 2026, 1308, 2142]",109,127,偻|僂|剅|喽|嘍|塿|娄|婁|屚|廔|慺|憻|搂|摟|楼|樓|氀|溇|漊|漏|牢|瘘|瘺|瘻|瞜|篓|簍|縷|缕|耧|耬|舊|艛|蒌|蔞|蝼|螻|褸|謱|貗|軁|遱|鞻|顱|髅|髏|㓸|䁖|䅹|䫫|䱾|𠞭|𠶭|𡢐|𡰌|𡳫|𢉀|𣅘|𣏥|𣼣|𣾡|𤵿|𥹰|𦔪|𦧃|𦾔|𧂜|𧢃|𧯠|𨊖|𨋖|𩫰|𫦉|󰀑|󰡇|󱸻|屡|屢|膢|鏤|镂|颅,82,True,,0.931,,0,False,,False,False,False,False,True,True,False,False,True
M1_0401,gold/stt11_page_0086_c05_074.png,stt11,page_0086,5,天,thiên,天,GOLD,s1_inter_s2_direct,"[872, 896, 970, 1002]",99,122,丿|仟|偏|傓|兛|兲|匾|千|圱|圲|埏|天|媥|徧|忏|扁|扇|扡|扦|拪|搧|煽|犏|猭|瓩|甂|碥|篇|編|羴|羶|胆|脠|膻|艑|芊|茜|藊|褊|西|谸|迁|遷|釺|钎|阡|靝|韆|顫|騸|鶣|䍹|䙲|䙴|䢬|𠆞|𠓫|𠨧|𠨩|𡈯|𡲜|𢄒|𢍱|𢍹|𢫥|𢰕|𢲒|𢳍|𢸯|𥰢|𦎞|𦏫|𦏬|𦏭|𦦉|𦧂|𧮮|𨒟|𨒿|𨔰|𨕞|𨗆|𨗇|𨗢|𨗺|𨙘|𨙙|𨙞|𩵞|奷|跹|躚|鎦|镏,94,True,,0.871,,0,False,,False,False,False,False,True,True,False,False,True
M1_0402,gold/stt11_page_0288_c07_139.png,stt11,page_0288,7,極,cực,極,GOLD,s1_inter_s2_direct,"[595, 1349, 701, 1468]",104,134,亟|拯|极|極|裕|㭲|䓧|𠄹|𠯉|𦱩|𦽯|𫽄,12,True,,0.925,,0,False,,False,False,False,False,True,True,False,False,True
M1_0403,gold/stt11_page_0228_c03_054.png,stt11,page_0228,3,事,sự,事,GOLD,s1_inter_s2_direct,"[1176, 1761, 1277, 1875]",87,121,亊|事|剚|叓|殖|耡|锄|麆|㕝|𠁱|𠫺|𠭆|𠭏|𤔇|筛|篩,16,True,,0.811,,0,False,,False,False,False,False,True,True,False,False,True
M1_0404,gold/stt11_page_0186_c05_093.png,stt11,page_0186,5,竺,trúc,竺,GOLD,s1_inter_s2_direct,"[885, 1453, 993, 1570]",111,140,瘃|竹|竺|笁|筑|築|篤|簗|𥫗|𥬑|𥬶|𥬾|𥭰|𥯹|𥰺|𥲒|𥲓|𥲔|𥴀|𥵭|𦺇,21,True,,1.020,,0,False,,False,False,False,False,True,True,False,False,True
M1_0405,gold/stt11_page_0044_c01_010.png,stt11,page_0044,1,時,thì,時,GOLD,s1_inter_s2_direct,"[1506, 1241, 1606, 1343]",92,126,𱢑|匙|埘|塒|寺|峕|常|提|时|旹|時|晨|曟|榯|氏|畤|秲|茄|莳|蒔|辰|鍉|鰣|鲥|㔭|㫑|㫭|㮛|䈕|䢈|𠨱|𠨷|𠩐|𠩟|𠱾|𡗶|𡺈|𡺞|𢁈|𣅱|𣈜|𥊘|𥫽|𦔌|𦱎|𦱗|𦸎|𨑃|𨑄|𨥌|𩶬|𪰛|𬀦|󰣡|󱞑|㖘,56,True,,0.759,,0,False,,False,False,False,False,True,True,False,False,True
M1_0406,gold/stt11_page_0010_p0220_c04_075.png,stt11,page_0010_p0220,4,哭,khóc,哭,GOLD,s1_inter_s2_direct,"[1016, 1674, 1120, 1785]",87,136,哭|泣|𠴃|𠴹|𠸅|𡘈|𡘜|𣲔,8,True,,0.902,,0,False,,False,False,False,False,True,True,False,False,True
M1_0407,gold/stt11_page_0164_c01_004.png,stt11,page_0164,1,垩,thánh,垩,GOLD,s1_inter_s2_direct,"[1476, 996, 1581, 1106]",93,127,偺|咱|喒|圣|垩|堊|琞|聖|聽|請|㑑|㗂|䎴|𠄵|𡃑|𡉄|𡑺|𤦨|𤪈|𥅶|𦔻|𦕡|𧟿|𨉑|𨲉|𨲚|𨲢|𨲣|𨲿|𩫽|𬉊|呧|殍,33,True,,0.760,,0,False,,False,False,False,False,True,True,False,False,True
M1_0408,gold/stt11_page_0254_c02_030.png,stt11,page_0254,2,平,bằng,平,GOLD,s1_inter_s2_direct,"[1319, 1227, 1418, 1338]",68,135,倗|冯|凭|凴|十|堋|平|弸|慿|憑|明|朋|棄|棚|淜|漰|甭|甮|硼|禀|評|錋|馮|鬅|鳳|鵬|鹏|䙀|𠀒|𠀭|𠌩|𠗦|𠙖|𠙥|𡔟|𢶚|𤔁|𩿾|𪀢|𪈵|𫷚|󱧩|󱬤|蹦,44,True,,0.767,,0,False,,False,False,False,False,True,True,False,False,True
M1_0409,gold/stt11_page_0070_c08_157.png,stt11,page_0070,8,麻,mà,麻,GOLD,s1_inter_s2_direct,"[407, 925, 514, 1036]",105,136,|傌|嘛|女|痳|罵|菻|蔴|調|駡|高|麻|默|𢠩|𢳀|𣻕|𦋻|𦓡|𦲬|󱰷|󱰹,21,True,,1.045,,0,False,,False,False,False,False,True,True,False,False,True
M1_0410,gold/stt11_page_0140_c09_182.png,stt11,page_0140,9,尋,tìm,尋,GOLD,s1_inter_s2_direct,"[260, 2113, 362, 2221]",72,122,寻|尋|樳|㝷|𡬰|𡬶|𡬻|𢒫|𥳍|𦅀|󰛾,11,True,,0.650,,0,False,,False,False,False,False,True,True,False,False,True
M1_0411,gold/stt11_page_0286_c02_021.png,stt11,page_0286,2,時,thì,時,GOLD,s1_inter_s2_direct,"[1294, 418, 1404, 530]",90,97,𱢑|匙|埘|塒|寺|峕|常|提|时|旹|時|晨|曟|榯|氏|畤|秲|茄|莳|蒔|辰|鍉|鰣|鲥|㔭|㫑|㫭|㮛|䈕|䢈|𠨱|𠨷|𠩐|𠩟|𠱾|𡗶|𡺈|𡺞|𢁈|𣅱|𣈜|𥊘|𥫽|𦔌|𦱎|𦱗|𦸎|𨑃|𨑄|𨥌|𩶬|𪰛|𬀦|󰣡|󱞑|㖘,56,True,```markdown  時 ```,0.876,時,1,True,時,True,True,True,True,True,False,True,False,False
M1_0412,gold/stt11_page_0116_c04_064.png,stt11,page_0116,4,奴,nó,奴,GOLD,s1_inter_s2_direct,"[1054, 446, 1162, 553]",115,114,伮|佊|努|呶|奴|怒,6,True,,0.820,,0,False,,False,False,False,False,True,True,False,False,True
M1_0413,gold/stt11_page_0256_c01_001.png,stt11,page_0256,1,把,bà,把,GOLD,s1_inter_s2_direct,"[1511, 533, 1613, 644]",96,114,𱙘|嘙|堏|壩|妑|婆|把|掱|搫|朳|杷|欛|波|潖|爬|琶|番|皤|磻|粑|繁|耙|袙|跁|鄱|鈀|靶|䎱|𣚒|𣞻|𤧲|𩚥|󰜏|󱦗|󱳠|爸,36,True,,0.792,,0,False,,False,False,False,False,True,True,False,False,True
M1_0414,gold/stt11_page_0192_c02_031.png,stt11,page_0192,2,別,biết,別,GOLD,s1_inter_s2_direct,"[1341, 1268, 1443, 1385]",79,141,|別|别|咇|彆|憋|捌|撆|柲|瘪|癟|虌|蟞|襒|蹩|鱉|鳖|鼈|龞|㿜|䠥|𠔁|𠛰|𠮠|𤻋|𪔀|𪿍|󱤞|󱩲|拐,30,True,,0.835,,0,False,,False,False,False,False,True,True,False,False,True
M1_0415,gold/stt11_page_0104_c06_108.png,stt11,page_0104,6,之,gì,之,GOLD,s1_inter_s2_direct,"[727, 1601, 830, 1720]",94,138,𱍽|之|咦|夷|姨|洏|洟|為|芇|㞢|𠔇|𡳿|𫡛|𫩝|󰢔|󱙀,16,True,,0.824,,0,False,,False,False,False,False,True,True,False,False,True
M1_0416,gold/stt11_page_0014_c04_073.png,stt11,page_0014,4,德,đức,德,GOLD,s1_inter_s2_direct,"[1000, 1283, 1108, 1396]",109,130,|𱐩|𱝮|徳|德|恴|悳|惪|㤫|㥀|㥁|䙷|𢛳|𢜖|𢠀|𢤊|𨗌|𨗤|𭲖|󰆙|󱉎,21,True,,0.928,,0,False,,False,False,False,False,True,True,False,False,True
M1_0417,gold/stt11_page_0030_c02_041.png,stt11,page_0030,2,官,quan,官,GOLD,s1_inter_s2_direct,"[1317, 2242, 1423, 2351]",109,119,||倌|光|关|冠|官|寡|慣|棺|毌|涫|瘝|癏|矜|綸|纶|覌|観|觀|观|貫|軍|開|閞|関|闗|關|鯀|鯤|鰥|鱞|鳏|䚪|䝺|䦕|𠕍|𠖌|𠙙|𠜍|𠴨|𡦹|𡧺|𢃙|𢿒|𣎕|𣑄|𤸄|𥉀|𥍄|𥍅|𥍊|𥍕|𥎅|𥷯|𥸑|𧃼|𧢪|𧤩|𧵗|𨳡|𨳨|𨳹|𨴊|𨵿|𨶚|𨶹|𨷀|𩁰|𩶊|𩹌|𩻲|𩻴|𫔢|𬮦|󰞹|琯|綰|绾|菅,80,True,,0.867,,0,False,,False,False,False,False,True,True,False,False,True
M1_0418,gold/stt11_page_0010_c02_025.png,stt11,page_0010,2,重,trọng,重,GOLD,s1_inter_s2_direct,"[1307, 2246, 1414, 2368]",103,146,中|仲|喠|狆|緟|蚛|重|𡍴|𡍺|𡒀|𡔅|𡔌|𦌋|𧝎|𨤣,15,True,```markdown  ```,1.204,,0,False,,False,False,False,False,True,False,True,False,True
M1_0419,gold/stt11_page_0224_c03_045.png,stt11,page_0224,3,塊,khỏi,塊,GOLD,s1_inter_s2_direct,"[1176, 458, 1282, 561]",107,116,|塊|瑰,3,True,,0.800,,0,False,,False,False,False,False,True,True,False,False,True
M1_0420,gold/stt11_page_0272_c06_110.png,stt11,page_0272,6,吶,nói,吶,GOLD,s1_inter_s2_direct,"[758, 1744, 866, 1865]",95,149,內|内|叻|吶|呐|唁|尼|曰|訥|㐻|㕯|𠺶|𡗠|𧨣,14,True,,1.022,,0,False,,False,False,False,False,True,True,False,False,True
M1_0421,gold/stt11_page_0072_c01_002.png,stt11,page_0072,1,共,cùng,共,GOLD,s1_inter_s2_direct,"[1453, 592, 1558, 708]",85,133,供|共|其|塘|廾|弯|強|拱|拲|珙|穷|穹|窮|竆|藭|蛩|蛬|邛|䓖|䠻|𠔏|𡀳|𡃕|𥧺|𥨪|𦱹|𧅉|𧅓|𧉨|𧊡|𧊮|𧋄|𧋯|𧋳|𧌪|𧎦|𧏒|𨉺|𩇿|󰠃|棩|筇|跫|銎,44,True,,0.822,,0,False,,False,False,False,False,True,True,False,False,True
M1_0422,gold/stt11_page_0094_c06_121.png,stt11,page_0094,6,垩,thánh,垩,GOLD,s1_inter_s2_direct,"[731, 1406, 840, 1524]",94,143,偺|咱|喒|圣|垩|堊|琞|聖|聽|請|㑑|㗂|䎴|𠄵|𡃑|𡉄|𡑺|𤦨|𤪈|𥅶|𦔻|𦕡|𧟿|𨉑|𨲉|𨲚|𨲢|𨲣|𨲿|𩫽|𬉊|呧|殍,33,True,]?,0.919,,0,False,,False,False,False,False,True,False,False,False,True
M1_0423,gold/stt11_page_0172_c07_123.png,stt11,page_0172,7,麻,mà,麻,GOLD,s1_inter_s2_direct,"[1113, 2299, 1228, 2417]",132,140,|傌|嘛|女|痳|罵|菻|蔴|調|駡|高|麻|默|𢠩|𢳀|𣻕|𦋻|𦓡|𦲬|󱰷|󱰹,21,True,,1.162,,0,False,,False,False,False,False,True,True,False,False,True
M1_0424,gold/stt11_page_0266_c01_005.png,stt11,page_0266,1,道,đạo,道,GOLD,s1_inter_s2_direct,"[1462, 936, 1565, 1052]",113,138,噵|导|導|敦|檤|盗|盜|稲|稻|纛|翿|衜|衟|蹈|道|醻|𠉭|𠐵|𠩼|𠪁|𡬹|𡭎|𡭑|𣜦|𤋆|𤑂|𥝔|𥶎|𧘄|𨂆|𨂻|𨔞|𨕥|𨖁|𨗓|𨗳|𨹇|𨹒|焘|燾,40,True,,0.909,,0,False,,False,False,False,False,True,True,False,False,True
M1_0425,gold/stt11_page_0162_c09_173.png,stt11,page_0162,9,代,đời,代,GOLD,s1_inter_s2_direct,"[366, 947, 461, 1048]",80,125,世|代|匕|圅|𠁀|𫢫|󱏙,7,True,,0.833,,0,False,,False,False,False,False,True,True,False,False,True
M1_0426,gold/stt11_page_0056_c04_076.png,stt11,page_0056,4,姊,chị,姊,GOLD,s1_inter_s2_direct,"[1032, 1751, 1139, 1872]",105,136,之|姉|姊|姨|肺|胇|胏|𦚃,8,True,,0.934,,0,False,,False,False,False,False,True,True,False,False,True
M1_0427,gold/stt11_page_0026_c07_152.png,stt11,page_0026,7,礼,lễ,礼,GOLD,s1_inter_s2_direct,"[549, 1909, 653, 2014]",105,122,敬|易|欚|澧|盠|礼|禮|蠡|豊|醴|鱧|鱱|鱺|鳢|𠃞|𤔑|𥘆|𥙩|𥜨|𥜪|𥝏|𩷋,22,True,,0.872,,0,False,,False,False,False,False,True,True,False,False,True
M1_0428,gold/stt11_page_0208_c07_135.png,stt11,page_0208,7,伴,bạn,伴,GOLD,s1_inter_s2_direct,"[627, 697, 730, 809]",91,136,伴|倗|办|半|叛|姅|彷|拌|柈|槃|沜|炍|畔|盤|秚|絆|绊|辦|辯|靽|㚘|𠴞|𢬵|𧼦|𨧘|瓣|砣,27,True,,0.832,,0,False,,False,False,False,False,True,True,False,False,True
M1_0429,gold/stt11_page_0222_c08_166.png,stt11,page_0222,8,庫,khó,庫,GOLD,s1_inter_s2_direct,"[434, 1758, 530, 1868]",77,136,厙|庫|瘔|苦|讱|𠺟|𡿵|𣎏|𧁷|𧁹|󰅟|󰈶|󱠽,13,True,,0.848,,0,False,,False,False,False,False,True,True,False,False,True
M1_0430,gold/stt11_page_0268_c06_123.png,stt11,page_0268,6,沫,mắt,沫,GOLD,s1_inter_s2_direct,"[723, 1905, 827, 2017]",106,138,|末|沙|沫|眜|𥉴|𩈘|𪾺|𬑉|󰘚|󱦆,11,True,,1.067,,0,False,,False,False,False,False,True,True,False,False,True
M1_0431,gold/stt11_page_0138_c04_076.png,stt11,page_0138,4,牢,sao,牢,GOLD,s1_inter_s2_direct,"[1015, 1388, 1123, 1493]",101,121,之|削|劋|吵|哰|墝|年|弰|抄|挱|捎|揱|搞|摮|摷|敲|旓|杪|梢|槱|橚|毃|澃|炒|焣|焼|煼|燒|牢|硗|秒|稍|窂|笽|筲|箾|簫|耖|艄|萷|蕱|蛸|訬|鈔|钞|鞘|鞩|韒|髾|鮹|㪣|㶤|㶮|㷅|䅺|䈰|䔠|䯨|𡕘|𡘠|𡢐|𡫡|𢐨|𢐺|𢭂|𢷀|𢻤|𢾐|𢿣|𢿲|𣇟|𣋀|𣒲|𣫁|𤈓|𤈗|𤈨|𤊛|𤊝|𤌉|𤌖|𤌝|𤌸|𤌽|𤑡|𤑵|𤘰|𤚧|𤿨|𥤎|𥥑|𥳓|𧄣|𧺩|𩫈|𩰸|𩱂|𩱈|𩱦|𪱊|𫰴|𫳵|𬁖|󱙬|剿,105,True,,0.827,,0,False,,False,False,False,False,True,True,False,False,True
M1_0432,gold/stt11_page_0180_c07_147.png,stt11,page_0180,7,裊,nếu,裊,GOLD,s1_inter_s2_direct,"[594, 1966, 697, 2082]",106,135,嬝|檪|櫟|櫪|裊|褭|閙|㰛|䙚|𠮩|𠿷|𡀮|𡠿|𭈥,14,True,,1.064,,0,False,,False,False,False,False,True,True,False,False,True
M1_0433,gold/stt11_page_0098_c03_047.png,stt11,page_0098,3,女,nữ,女,GOLD,s1_inter_s2_direct,"[1191, 945, 1300, 1072]",125,146,女|釢|釹|钕|妞|忸|扭|抝|拗|杻|狃|籹|紐|纽|鈕,15,True,,1.099,,0,False,,False,False,False,False,True,True,False,False,True
M1_0434,gold/stt11_page_0226_c07_134.png,stt11,page_0226,7,年,nên,年,GOLD,s1_inter_s2_direct,"[559, 527, 659, 643]",74,135,ㇶ||妟|年|戼|揇|秊|邉|麻|䄭|𠡦|𠦅|𠦚|𠫺|𠬋|𢧚|𦼌|𫻽|󰄼|󰎚|󱠵,21,True,,0.803,,0,False,,False,False,False,False,True,True,False,False,True
M1_0435,gold/stt11_page_0128_c07_152.png,stt11,page_0128,7,包,vào,包,GOLD,s1_inter_s2_direct,"[545, 2153, 649, 2263]",89,127,侟|入|冲|包|旦|桃|爫|瓢|皮|込|㼼|𠓨|𠬱|𠰎|𡰻|𣪉|𤕉|𤬟|𤬡|𤬢|𤬣|𤿌|𤿤|𥬖|󰏲|󰖓|󱚁|󱚢,28,True,,0.784,,0,False,,False,False,False,False,True,True,False,False,True
M1_0436,gold/stt11_page_0234_c07_118.png,stt11,page_0234,7,保,bảo,保,GOLD,s1_inter_s2_direct,"[551, 1137, 656, 1242]",87,122,保|包|呆|堡|宝|寚|寳|寶|泡|煲|珤|箔|緥|脬|葆|褓|褴|靌|駂|鮑|鲍|鳵|鴇|鸨|㻄|䳈|䳰|𠈃|𠊻|𠋾|𠌀|𠍂|𠍙|𠤏|𠦀|𠶓|𠸒|𡥀|𡧖|𡧰|𡩧|𡪓|𡫷|𢉔|𢉣|𢉹|𣎼|𣴊|𣶐|𤓽|𤔍|𤞥|𤥖|𤥯|𤨷|𦬽|𦽻|𨾐|𨾑|𨾙|𩇉|𪀀|𪁣|𪃁,64,True,,0.748,,0,False,,False,False,False,False,True,True,False,False,True
M1_0437,gold/stt11_page_0166_c07_144.png,stt11,page_0166,7,些,ta,些,GOLD,s1_inter_s2_direct,"[555, 1925, 659, 2036]",97,133,些|仨|低|偺|傞|呰|咱|喒|嗟|埃|娑|差|挱|挲|昝|爹|獻|瘥|糌|罝|莎|莏|虘|謝|酇|醝|髿|鹺|鹾|㑑|㱔|䦈|𠺜|𡭟|𡭶|𢧲|𢬣|𣩈|𤻸|𦏱|𧨁|𧪘|𧪰|𧫯|𧬑|𨣩|𨲠|𨲻|𪉤|𪉬|𪉵|𪊁|𪊈|󱙐|嵯,55,True,,0.909,,0,False,,False,False,False,False,True,True,False,False,True
M1_0438,gold/stt11_page_0076_c06_097.png,stt11,page_0076,6,為,vi,為,GOLD,s1_inter_s2_direct,"[763, 833, 868, 946]",97,139,为|偽|囗|回|围|國|圍|帏|幃|微|悲|未|湄|溦|潙|為|爲|苇|葦|薇|违|違|闈|闱|雖|霺|韋|韦|黴|㣲|㵟|𠌝|𠥎|𡆫|𡙝|𡚈|𢏽|𢕄|𢕧|𢼸|𢾁|𢾝|𣁋|𣍄|𣪡|𤓸|𥀊|𥐄|𥐅|𥯤|𦘇|𦥮|𦵨|𦻪|𧗬|𨔻|𨕸|𨤒|𨵾|𩌪|沩|涠|湋|潿,64,True,,0.922,,0,False,,False,False,False,False,True,True,False,False,True
M1_0439,gold/stt11_page_0220_c05_106.png,stt11,page_0220,5,宜,nghe,宜,GOLD,s1_inter_s2_direct,"[887, 2255, 994, 2365]",122,132,儀|冝|宐|宜|浪|牐|義|賖|㝖|𠖃|𠣨|𠵌|𡧧|𡨆|𡪀|𡪏|𢪀|𣦍|𥪺|𥫃|𦖑|𬆄|󰽿|󱱀,24,True,,1.027,,0,False,,False,False,False,False,True,True,False,False,True
M1_0440,gold/stt11_page_0298_c02_027.png,stt11,page_0298,2,昆,con,昆,GOLD,s1_inter_s2_direct,"[1313, 888, 1420, 1003]",84,141,ヌ||婫|岞|昆|晜|罤|群|㒭|𡥵|𣋥|𤙭|𥊽|𧲟|𫴾,15,True,,0.751,,0,False,,False,False,False,False,True,True,False,False,True
M1_0441,gold/stt11_page_0032_c06_122.png,stt11,page_0032,6,㪯,cửa,㪯,GOLD,s1_inter_s2_direct,"[707, 1707, 820, 1827]",103,148,|||𱑏|𲈫|𲈳|𲈾|擧|翓|舉|門|㪯|𨴦|𨵣|𨷯|𨷶|𪭚|𫔤|𫔳|𫔸|𬮌|𬮷|󰁮|󰋏|󰘂|󰘇|󰠮|󱘰|󱡴|󱡵|󱯙,31,True,,1.080,,0,False,,False,False,False,False,True,True,False,False,True
M1_0442,gold/stt11_page_0188_c07_140.png,stt11,page_0188,7,丕,vậy,丕,GOLD,s1_inter_s2_direct,"[570, 1544, 676, 1663]",80,127,丕|仳|呸|物|特|盃|㔻|𠦓,8,True,,0.750,,0,False,,False,False,False,False,True,True,False,False,True
M1_0443,gold/stt11_page_0242_c06_100.png,stt11,page_0242,6,生,sinh,生,GOLD,s1_inter_s2_direct,"[705, 1786, 812, 1876]",71,106,坐|性|湦|牲|狌|狡|生|甥|笙|虛|鉎|鼪|㺒|㽒|䲼|𠤵|𠥱|𤟋|𤯓|𤯛|𤯳|𥑥|瞠,23,True,,0.605,,0,False,,False,False,False,False,True,True,False,False,True
M1_0444,gold/stt11_page_0218_c01_017.png,stt11,page_0218,1,特,được,特,GOLD,s1_inter_s2_direct,"[1441, 1850, 1546, 1957]",110,129,待|得|持|時|特|犆|㝵|㝶|䗂|䙷|䙸|𠊚|𠭁|𢔨|𢔶|𤙫|𤙰|𤛀|𥩳|𧴫|󱡓,21,True,,0.954,,0,False,,False,False,False,False,True,True,False,False,True
M1_0445,gold/stt11_page_0118_c04_075.png,stt11,page_0118,4,浪,rằng,浪,GOLD,s1_inter_s2_direct,"[1034, 1516, 1143, 1638]",113,143,哏|哴|喨|坺|娘|払|浪|㖫|𠳒|𠺘|𤎔|𪘵,12,True,,1.034,,0,False,,False,False,False,False,True,True,False,False,True
M1_0446,gold/stt11_page_0148_c01_003.png,stt11,page_0148,1,矯,kẻo,矯,GOLD,s1_inter_s2_direct,"[1480, 739, 1590, 861]",99,145,|喬|嘺|嬌|撟|矫|矯|翹|㚁|𢱪|𥏹|𦒒,12,True,,1.034,,0,False,,False,False,False,False,True,True,False,False,True
M1_0447,gold/stt11_page_0168_c01_017.png,stt11,page_0168,1,連,trên,連,GOLD,s1_inter_s2_direct,"[1491, 1949, 1599, 2058]",119,125,|珕|蓮|連|𨑗|𨕭|𨖲|𬨺|󰓱,9,True,,0.960,,0,False,,False,False,False,False,True,True,False,False,True
M1_0448,gold/stt11_page_0106_c07_131.png,stt11,page_0106,7,碎,tôi,碎,GOLD,s1_inter_s2_direct,"[593, 736, 694, 850]",101,122,倅|晬|淬|焠|熣|的|睟|砕|碎|㳃|𠗚|𣅢|𤏣|𤭢|𪝬|𫇈|𫬮,17,True,。,0.905,,0,False,,False,False,False,False,True,False,False,False,True
M1_0449,gold/stt11_page_0202_c09_169.png,stt11,page_0202,9,烏,ô,烏,GOLD,s1_inter_s2_direct,"[276, 995, 370, 1110]",84,104,乌|兀|呜|嗚|圬|弧|恶|惡|戽|扵|捂|握|摀|於|杇|歍|汅|汙|汚|污|洿|涴|渥|溩|烏|窏|鎢|钨|鳴|䵦|𠂶|𡖗|𡗃|𡜂|𡜡|𢄓|𢫸|𣑀|𣱏|𣱴|𣱾|𣳹|𣴰|𣽏|𤋬|𤕘|𤚶|𥁡|𥾪|𦶀|坞|垭|塢,53,True,,0.620,,0,False,,False,False,False,False,True,True,False,False,True
M1_0450,gold/stt11_page_0078_c05_089.png,stt11,page_0078,5,奴,nó,奴,GOLD,s1_inter_s2_direct,"[850, 502, 957, 612]",126,127,伮|佊|努|呶|奴|怒,6,True,,1.024,,0,False,,False,False,False,False,True,True,False,False,True
M1_0451,gold/stt11_page_0270_c05_104.png,stt11,page_0270,5,譬,thí,譬,GOLD,s1_inter_s2_direct,"[851, 2020, 954, 2128]",109,132,剃|剔|啻|始|媲|屁|弑|弒|施|試|譬|试|辟|髰|鬀|鬄|䊧|䙾|𠆹|𠇜|𠤒|𡲩|𢎊|𢎍|𢎓|𢒃|𢦳|𢨓|𢻩|𢻫|𢻱|𢼉|𢼊|𢼘|𥤶|𥥓|𥧔|𦭇|𨲙|𩮜|弛,41,True,,0.955,,0,False,,False,False,False,False,True,True,False,False,True
M1_0452,gold/stt11_page_0206_c08_158.png,stt11,page_0206,8,中,trong,中,GOLD,s1_inter_s2_direct,"[399, 1124, 501, 1238]",68,107,||中|仲|共|冲|塚|宫|宮|工|沖|滝|珕|瑇|番|盅|祌|衝|鐧|龍|㣉|𠁦|𠁧|𠁩|𠔈|𠔗|𠜝|𡖌|𡧲|𢀚|𢒄|𢒅|𤁘|𤄯|𥁵|𥪝|𥪞|𪚚|𫏽|𬈴|𬺘|𬺚|󰔲|󰜰|󰬆|󰮁|󰮂|󰮃|󱧪|󱰿|󱲍|󱲑,52,True,,0.585,,0,False,,False,False,False,False,True,True,False,False,True
M1_0453,gold/stt11_page_0232_c01_001.png,stt11,page_0232,1,中,trong,中,GOLD,s1_inter_s2_direct,"[1493, 529, 1598, 637]",102,118,||中|仲|共|冲|塚|宫|宮|工|沖|滝|珕|瑇|番|盅|祌|衝|鐧|龍|㣉|𠁦|𠁧|𠁩|𠔈|𠔗|𠜝|𡖌|𡧲|𢀚|𢒄|𢒅|𤁘|𤄯|𥁵|𥪝|𥪞|𪚚|𫏽|𬈴|𬺘|𬺚|󰔲|󰜰|󰬆|󰮁|󰮂|󰮃|󱧪|󱰿|󱲍|󱲑,52,True,,0.878,,0,False,,False,False,False,False,True,True,False,False,True
M1_0454,gold/stt11_page_0046_c08_126.png,stt11,page_0046,8,秋,su,秋,GOLD,s1_inter_s2_direct,"[389, 1381, 495, 1498]",122,145,樞|秋|毹|毺|穌|芇|芻|蒭|蘇|蘓|㮲,11,True,,1.147,,0,False,,False,False,False,False,True,True,False,False,True
M1_0455,gold/stt11_page_0292_c04_066.png,stt11,page_0292,4,明,mừng,明,GOLD,s1_inter_s2_direct,"[1049, 832, 1158, 953]",100,136,ㇶ|峺|明|朋|朙|盟|眀|𠘨|𢜏|𢜠|𣇱|𣷠|𧟡|𪢣|󱝂|󱝱,16,True,明,0.966,明,1,True,明,True,True,True,True,True,False,False,False,False
M1_0456,gold/stt11_page_0134_c09_186.png,stt11,page_0134,9,時,thì,時,GOLD,s1_inter_s2_direct,"[259, 938, 352, 1045]",95,128,𱢑|匙|埘|塒|寺|峕|常|提|时|旹|時|晨|曟|榯|氏|畤|秲|茄|莳|蒔|辰|鍉|鰣|鲥|㔭|㫑|㫭|㮛|䈕|䢈|𠨱|𠨷|𠩐|𠩟|𠱾|𡗶|𡺈|𡺞|𢁈|𣅱|𣈜|𥊘|𥫽|𦔌|𦱎|𦱗|𦸎|𨑃|𨑄|𨥌|𩶬|𪰛|𬀦|󰣡|󱞑|㖘,56,True,```markdown  時 ```,1.024,時,1,True,時,True,True,True,True,True,False,True,False,False
M1_0457,gold/stt11_page_0194_c07_119.png,stt11,page_0194,7,役,việc,役,GOLD,s1_inter_s2_direct,"[569, 425, 673, 531]",107,116,||𱥺|伇|役|沒|𠈧|𠈿|𭛣|󰒴|󰜄|󱮓,12,True,,0.844,,0,False,,False,False,False,False,True,True,False,False,True
M1_0458,gold/stt11_page_0010_p0028_c09_137.png,stt11,page_0010_p0028,9,城,thành,城,GOLD,s1_inter_s2_direct,"[279, 1176, 375, 1285]",91,124,城|塍|宬|成|清|盛|誠|诚|郕|𢦩|𢧚|𧶔|铖,13,True,,0.802,,0,False,,False,False,False,False,True,True,False,False,True
M1_0459,gold/stt11_page_0080_c05_096.png,stt11,page_0080,5,時,thì,時,GOLD,s1_inter_s2_direct,"[868, 1555, 974, 1671]",114,141,𱢑|匙|埘|塒|寺|峕|常|提|时|旹|時|晨|曟|榯|氏|畤|秲|茄|莳|蒔|辰|鍉|鰣|鲥|㔭|㫑|㫭|㮛|䈕|䢈|𠨱|𠨷|𠩐|𠩟|𠱾|𡗶|𡺈|𡺞|𢁈|𣅱|𣈜|𥊘|𥫽|𦔌|𦱎|𦱗|𦸎|𨑃|𨑄|𨥌|𩶬|𪰛|𬀦|󰣡|󱞑|㖘,56,True,,1.037,,0,False,,False,False,False,False,True,True,False,False,True
M1_0460,gold/stt11_page_0016_c06_123.png,stt11,page_0016,6,麻,mà,麻,GOLD,s1_inter_s2_direct,"[730, 1753, 839, 1870]",117,140,|傌|嘛|女|痳|罵|菻|蔴|調|駡|高|麻|默|𢠩|𢳀|𣻕|𦋻|𦓡|𦲬|󱰷|󱰹,21,True,,1.026,,0,False,,False,False,False,False,True,True,False,False,True
M1_0461,gold/stt11_page_0262_c03_040.png,stt11,page_0262,3,支,giê,支,GOLD,s1_inter_s2_direct,"[1171, 714, 1273, 822]",94,124,搘|支|枝|梔|肢|𠦙|𡽒|𢺶|𣏃,9,True,,0.805,,0,False,,False,False,False,False,True,True,False,False,True
M1_0462,gold/stt11_page_0130_c01_004.png,stt11,page_0130,1,秋,su,秋,GOLD,s1_inter_s2_direct,"[1456, 826, 1564, 941]",113,140,樞|秋|毹|毺|穌|芇|芻|蒭|蘇|蘓|㮲,11,True,,1.053,,0,False,,False,False,False,False,True,True,False,False,True
M1_0463,gold/stt11_page_0258_c06_125.png,stt11,page_0258,6,庒,chăng,庒,GOLD,s1_inter_s2_direct,"[719, 1775, 817, 1883]",91,126,|丕|仳|庄|庒|弡|張|拯|生|空|荘|莊|㔻|㽵|𠗎|𠦓|𠲕|𤕶|𤖄|𤖈|𦀾|𦻊|𧜖|𫽄|󰝸|󱣟,26,True,,0.762,,0,False,,False,False,False,False,True,True,False,False,True
M1_0464,gold/stt11_page_0160_c09_164.png,stt11,page_0160,9,庒,chăng,庒,GOLD,s1_inter_s2_direct,"[285, 1153, 377, 1262]",95,135,|丕|仳|庄|庒|弡|張|拯|生|空|荘|莊|㔻|㽵|𠗎|𠦓|𠲕|𤕶|𤖄|𤖈|𦀾|𦻊|𧜖|𫽄|󰝸|󱣟,26,True,,0.904,,0,False,,False,False,False,False,True,True,False,False,True
M1_0465,gold/stt11_page_0114_c01_010.png,stt11,page_0114,1,之,giây,之,GOLD,s1_inter_s2_direct,"[1467, 1439, 1581, 1567]",100,150,之|㞢|𠔇|𡳿|𣆰|𦀊|𫩝,7,True,,0.978,,0,False,,False,False,False,False,True,True,False,False,True
M1_0466,gold/stt11_page_0068_c06_117.png,stt11,page_0068,6,安,ăn,安,GOLD,s1_inter_s2_direct,"[693, 1162, 795, 1278]",86,126,吿|咹|安|𩛖|𫃀|𫗒,6,True,,0.793,,0,False,,False,False,False,False,True,True,False,False,True
M1_0467,gold/stt11_page_0154_c04_068.png,stt11,page_0154,4,㝵,người,㝵,GOLD,s1_inter_s2_direct,"[967, 625, 1081, 732]",101,109,仉|倘|儻|勜|匕|命|圤|徜|昆|皚|躺|辞|㝵|𠊚|𠊛|𣈗|𣈜|𤽗|𫴮|󱫱,20,True,,0.822,,0,False,,False,False,False,False,True,True,False,False,True
M1_0468,gold/stt11_page_0182_c05_102.png,stt11,page_0182,5,煩,phiền,煩,GOLD,s1_inter_s2_direct,"[867, 2008, 972, 2120]",103,138,墦|娩|幡|樊|瀿|烦|焚|煩|燔|笲|籓|緐|縏|繁|羳|膰|蕃|藩|蘩|蟠|袢|蹯|䋣|䌓|𥿋|𦃍|𦅳|璠|薠,29,True,,0.893,,0,False,,False,False,False,False,True,True,False,False,True
M1_0469,gold/stt11_page_0178_c01_021.png,stt11,page_0178,1,嗔,xin,嗔,GOLD,s1_inter_s2_direct,"[1470, 2388, 1580, 2496]",121,111,吀|吒|嗔|填|真|謓|㥲|𡃑,8,True,,0.962,,0,False,,False,False,False,False,True,True,False,False,True
M1_0470,gold/stt11_page_0212_c03_049.png,stt11,page_0212,3,各,các,各,GOLD,s1_inter_s2_direct,"[1170, 1157, 1279, 1272]",103,133,各|合|恪|搁|擱|斠|格|榷|琾|硌|胳|袼|鉻|铬|閣|閤|阁|𬮤|挃|茖|詻,21,True,,0.826,,0,False,,False,False,False,False,True,True,False,False,True
M1_0471,gold/stt11_page_0050_c07_149.png,stt11,page_0050,7,事,sự,事,GOLD,s1_inter_s2_direct,"[577, 2020, 670, 2132]",83,135,亊|事|剚|叓|殖|耡|锄|麆|㕝|𠁱|𠫺|𠭆|𠭏|𤔇|筛|篩,16,True,,0.814,,0,False,,False,False,False,False,True,True,False,False,True
M1_0472,gold/stt11_page_0022_c08_169.png,stt11,page_0022,8,尼,nơi,尼,GOLD,s1_inter_s2_direct,"[378, 1313, 476, 1419]",85,129,|匕|厼|呢|坭|尼|巴|昵|泥|㞾|𡰱|𡲌|󱟼,13,True,,0.755,,0,False,,False,False,False,False,True,True,False,False,True
M1_0473,gold/stt11_page_0274_c07_139.png,stt11,page_0274,7,古,của,古,GOLD,s1_inter_s2_direct,"[556, 1059, 659, 1173]",93,140,古|咕|晫|䀡|𧵑|𧶮|𨷯|𫔳,8,True,,0.893,,0,False,,False,False,False,False,True,True,False,False,True
M1_0474,gold/stt11_page_0264_c06_127.png,stt11,page_0264,6,袄,áo,袄,GOLD,s1_inter_s2_direct,"[742, 2224, 845, 2334]",88,135,|墺|奥|奧|媄|嶴|懊|拗|澳|燠|袄|袎|襖|鐭|镺|隩|靿|㤇|𡒃|𢂅|𢂊|𥜌|𩉷|𩼈|𪥌|𬡢|噢|敎|教|敩|斆|校|槊|窖|芺|薁|覺|觉|鉸|餃|饺|𨬊|𪳞,43,True,,0.903,,0,False,,False,False,False,False,True,True,False,False,True
M1_0475,gold/stt11_page_0064_c04_075.png,stt11,page_0064,4,約,ước,約,GOLD,s1_inter_s2_direct,"[1090, 1531, 1197, 1645]",106,119,喲|箹|約|约|荮|药|葯|薬|薵|藥|𠣩|𣛙|𤒝|哟,14,True,绚,0.855,绚,1,True,绚,False,False,False,True,True,False,False,False,False
M1_0476,gold/stt11_page_0216_c01_008.png,stt11,page_0216,1,葩,pha,葩,GOLD,s1_inter_s2_direct,"[1501, 1182, 1597, 1294]",81,111,叵|坡|岥|披|波|玻|皅|破|簸|翍|芭|苩|萉|葩|陂|頗|颇|㓟|㩺|䔤|𠠉|𠶊|𤇨|𤿎|𤿐|𥸨|𦺂|𨸭|𩑼,29,True,,0.697,,0,False,,False,False,False,False,True,True,False,False,True
M1_0477,gold/stt11_page_0028_c02_024.png,stt11,page_0028,2,灵,linh,灵,GOLD,s1_inter_s2_direct,"[1345, 601, 1447, 714]",99,108,令|伶|冷|刢|呤|呬|囹|姈|孁|岭|彾|忴|怜|拎|柃|棂|櫺|欞|泠|澪|火|灳|灵|狑|玲|瓴|竛|笒|笭|羚|翎|聆|舲|苓|蓮|蘦|蛄|蛉|蛌|衑|詅|軡|軨|酃|醽|釘|鈴|铃|零|霊|霗|霛|霝|靇|靈|鯪|鲮|鴒|鸰|麢|齡|齢|龄|龗|㚑|㦭|㩕|䉖|䕘|䨩|䳥|䴇|䴒|䴫|𠎜|𠏡|𠘤|𠳄|𡀓|𡈍|𢩙|𢩝|𢺰|𣬹|𤅫|𤅷|𤫊|𤫩|𤴤|𦏪|𦏰|𦐽|𦪩|𦫃|𦫄|𦫊|𧈀|𧕅|𧨈|𩁎|𩁻|𩂊|𩂙|𩂳|𩃏|𩃗|𩃞|𩄇|𩅶|𩆒|𩆕|𩆖|𩆜|𩆮|𩆼|𩇎|𪈝|𪋓|𪋚|𪋦|𪋪|𪋳|𪋶|𪹂|𬌴|󱨈|皊|領|领,129,True,,0.704,,0,False,,False,False,False,False,True,True,False,False,True
M1_0478,gold/stt11_page_0236_c06_118.png,stt11,page_0236,6,昆,con,昆,GOLD,s1_inter_s2_direct,"[724, 1144, 823, 1256]",93,132,ヌ||婫|岞|昆|晜|罤|群|㒭|𡥵|𣋥|𤙭|𥊽|𧲟|𫴾,15,True,,0.842,,0,False,,False,False,False,False,True,True,False,False,True
M1_0479,gold/stt11_page_0126_c01_013.png,stt11,page_0126,1,城,thành,城,GOLD,s1_inter_s2_direct,"[1464, 1638, 1570, 1755]",97,139,城|塍|宬|成|清|盛|誠|诚|郕|𢦩|𢧚|𧶔|铖,13,True,,0.976,,0,False,,False,False,False,False,True,True,False,False,True
M1_0480,gold/stt11_page_0146_c07_155.png,stt11,page_0146,7,㐌,đã,㐌,GOLD,s1_inter_s2_direct,"[537, 2218, 637, 2327]",91,130,乑|也|卒|吏|吔|它|拖|易|胣|諸|陀|㐌|𠰹|𢒕|𣦁|𧭷,16,True,,0.832,,0,False,,False,False,False,False,True,True,False,False,True
M1_0481,gold/stt11_page_0110_c04_075.png,stt11,page_0110,4,庒,chăng,庒,GOLD,s1_inter_s2_direct,"[1029, 1728, 1158, 1837]",159,135,|丕|仳|庄|庒|弡|張|拯|生|空|荘|莊|㔻|㽵|𠗎|𠦓|𠲕|𤕶|𤖄|𤖈|𦀾|𦻊|𧜖|𫽄|󰝸|󱣟,26,True,,1.449,,0,False,,False,False,False,False,True,True,False,False,True
M1_0482,gold/stt11_page_0240_c08_163.png,stt11,page_0240,8,該,cai,該,GOLD,s1_inter_s2_direct,"[415, 770, 509, 878]",99,132,侅|剀|剴|垓|姟|晐|畡|硙|磑|祴|胲|荄|該|该|豥|賅|賌|赅|陔|頦|颏|𦝣|𩒁|閡|阂,25,True,,0.831,,0,False,,False,False,False,False,True,True,False,False,True
M1_0483,gold/stt11_page_0012_c06_118.png,stt11,page_0012,6,先,tên,先,GOLD,s1_inter_s2_direct,"[729, 1471, 836, 1582]",113,120,先|払|揅|研|硎|硯|筅|箭|箲|翦|趼|䂴|𠸛|𠸜|𡨸|𢏡|𥏋|𥏌|𥏍|𥓋|𥓨|𥬗|𥮙|𥰸|𥲫|𥳭|𬕰|󱙺|󱙻,29,True,,0.915,,0,False,,False,False,False,False,True,True,False,False,True
M1_0484,gold/stt11_page_0100_c02_035.png,stt11,page_0100,2,垩,thánh,垩,GOLD,s1_inter_s2_direct,"[1318, 1828, 1441, 1941]",95,136,偺|咱|喒|圣|垩|堊|琞|聖|聽|請|㑑|㗂|䎴|𠄵|𡃑|𡉄|𡑺|𤦨|𤪈|𥅶|𦔻|𦕡|𧟿|𨉑|𨲉|𨲚|𨲢|𨲣|𨲿|𩫽|𬉊|呧|殍,33,True,,0.860,,0,False,,False,False,False,False,True,True,False,False,True
M1_0485,gold/stt11_page_0276_c08_143.png,stt11,page_0276,8,体,thấy,体,GOLD,s1_inter_s2_direct,"[443, 419, 546, 527]",94,84,||体|獕|笨|躰|軆|透|骵|體|𧡊|𨉥|𨉦|𩪆|𫌠,15,True,,0.630,,0,False,,False,False,False,False,True,True,False,False,True
M1_0486,gold/stt11_page_0024_c01_007.png,stt11,page_0024,1,庒,chăng,庒,GOLD,s1_inter_s2_direct,"[1469, 1041, 1567, 1148]",105,131,|丕|仳|庄|庒|弡|張|拯|生|空|荘|莊|㔻|㽵|𠗎|𠦓|𠲕|𤕶|𤖄|𤖈|𦀾|𦻊|𧜖|𫽄|󰝸|󱣟,26,True,,0.881,,0,False,,False,False,False,False,True,True,False,False,True
M1_0487,gold/stt11_page_0170_c09_115.png,stt11,page_0170,9,逐,giục,逐,GOLD,s1_inter_s2_direct,"[254, 915, 358, 1019]",94,126,促|唷|慾|欲|豚|逐|𠽖|𡟔|𢄘|𢓑|𣣔|󰖢,12,True,,0.752,,0,False,,False,False,False,False,True,True,False,False,True
M1_0488,gold/stt11_page_0020_c02_021.png,stt11,page_0020,2,朱,cho,朱,GOLD,s1_inter_s2_direct,"[1318, 1260, 1427, 1366]",93,117,|咮|埃|木|朱|株|沫|渚|濐|硃|陼|㵭,12,True,,0.838,,0,False,,False,False,False,False,True,True,False,False,True
M1_0489,gold/stt11_page_0018_c04_070.png,stt11,page_0018,4,𠇮,mình,𠇮,GOLD,s1_inter_s2_direct,"[1020, 1076, 1130, 1188]",113,137,命|明|春|珄|舍|𠇮|𠵴|𨉓|𨉟|󰇕|󰳁|󱝬,12,True,,0.941,,0,False,,False,False,False,False,True,True,False,False,True
M1_0490,gold/stt11_page_0088_c07_154.png,stt11,page_0088,7,麻,mà,麻,GOLD,s1_inter_s2_direct,"[575, 789, 679, 909]",96,145,|傌|嘛|女|痳|罵|菻|蔴|調|駡|高|麻|默|𢠩|𢳀|𣻕|𦋻|𦓡|𦲬|󱰷|󱰹,21,True,,1.022,,0,False,,False,False,False,False,True,True,False,False,True
M1_0491,gold/stt11_page_0214_c03_062.png,stt11,page_0214,3,体,thấy,体,GOLD,s1_inter_s2_direct,"[1142, 2273, 1256, 2392]",116,143,||体|獕|笨|躰|軆|透|骵|體|𧡊|𨉥|𨉦|𩪆|𫌠,15,True,体,1.036,体,1,True,体,True,True,True,True,True,False,False,False,False
M1_0492,gold/stt11_page_0132_c06_120.png,stt11,page_0132,6,畏,úi,畏,GOLD,s1_inter_s2_direct,"[752, 1331, 849, 1440]",82,135,喂|噲|畏|餧|餵|㩡|𢬗,7,True,,0.830,,0,False,,False,False,False,False,True,True,False,False,True
M1_0493,gold/stt11_page_0210_c01_018.png,stt11,page_0210,1,丕,vậy,丕,GOLD,s1_inter_s2_direct,"[1600, 2239, 1699, 2354]",22,108,丕|仳|呸|物|特|盃|㔻|𠦓,8,True,,0.408,,0,False,,False,False,False,False,True,True,False,False,True
M1_0494,gold/stt11_page_0278_c04_077.png,stt11,page_0278,4,極,cực,極,GOLD,s1_inter_s2_direct,"[1031, 1827, 1145, 1939]",81,138,亟|拯|极|極|裕|㭲|䓧|𠄹|𠯉|𦱩|𦽯|𫽄,12,True,,0.794,,0,False,,False,False,False,False,True,True,False,False,True
M1_0495,gold/stt11_page_0246_c01_004.png,stt11,page_0246,1,浪,rằng,浪,GOLD,s1_inter_s2_direct,"[1477, 833, 1580, 951]",113,118,哏|哴|喨|坺|娘|払|浪|㖫|𠳒|𠺘|𤎔|𪘵,12,True,,0.931,,0,False,,False,False,False,False,True,True,False,False,True
M1_0496,gold/stt11_page_0294_c03_043.png,stt11,page_0294,3,時,thì,時,GOLD,s1_inter_s2_direct,"[1154, 422, 1260, 532]",102,98,𱢑|匙|埘|塒|寺|峕|常|提|时|旹|時|晨|曟|榯|氏|畤|秲|茄|莳|蒔|辰|鍉|鰣|鲥|㔭|㫑|㫭|㮛|䈕|䢈|𠨱|𠨷|𠩐|𠩟|𠱾|𡗶|𡺈|𡺞|𢁈|𣅱|𣈜|𥊘|𥫽|𦔌|𦱎|𦱗|𦸎|𨑃|𨑄|𨥌|𩶬|𪰛|𬀦|󰣡|󱞑|㖘,56,True,,0.733,,0,False,,False,False,False,False,True,True,False,False,True
M1_0497,gold/stt11_page_0074_c04_078.png,stt11,page_0074,4,本,bốn,本,GOLD,s1_inter_s2_direct,"[1040, 1787, 1150, 1897]",97,136,夝|夲|奔|本|楍|㮺|𡗧|𡴡|𡴩|𣖎|𦊚|𦊛,12,True,,0.895,,0,False,,False,False,False,False,True,True,False,False,True
M1_0498,gold/stt11_page_0112_c05_100.png,stt11,page_0112,5,庒,chăng,庒,GOLD,s1_inter_s2_direct,"[864, 1752, 974, 1870]",102,146,|丕|仳|庄|庒|弡|張|拯|生|空|荘|莊|㔻|㽵|𠗎|𠦓|𠲕|𤕶|𤖄|𤖈|𦀾|𦻊|𧜖|𫽄|󰝸|󱣟,26,True,,1.021,,0,False,,False,False,False,False,True,True,False,False,True
M1_0499,gold/stt11_page_0204_c05_102.png,stt11,page_0204,5,外,ngoài,外,GOLD,s1_inter_s2_direct,"[901, 1671, 1011, 1785]",119,140,外|沔|茹|迯,4,True,文,0.998,文,1,True,文,False,False,False,True,True,False,False,False,False
M1_0500,gold/stt11_page_0200_c09_179.png,stt11,page_0200,9,麻,mà,麻,GOLD,s1_inter_s2_direct,"[260, 1114, 360, 1232]",97,146,|傌|嘛|女|痳|罵|菻|蔴|調|駡|高|麻|默|𢠩|𢳀|𣻕|𦋻|𦓡|𦲬|󱰷|󱰹,21,True,,0.978,,0,False,,False,False,False,False,True,True,False,False,True
M1_0501,gold/stt11_page_0244_c04_069.png,stt11,page_0244,4,神,thần,神,GOLD,s1_inter_s2_direct,"[1004, 880, 1107, 993]",106,136,唇|娠|宸|晨|曟|漘|矧|神|脣|脤|臣|茞|親|辰|震|鷐|麎|㖘|㫳|䆣|䐇|䢈|䫃|䰠|𠔹|𠨱|𠨷|𠩐|𠩟|𠵧|𠸸|𢘑|𢘗|𣲼|𥙍|𥚞|𥛃|𥛠|𥜩|𦟢|𨑃|𨑄|𩕁|蜃,44,True,,0.970,,0,False,,False,False,False,False,True,True,False,False,True
M1_0502,gold/stt11_page_0062_c04_072.png,stt11,page_0062,4,尼,này,尼,GOLD,s1_inter_s2_direct,"[1022, 804, 1120, 915]",97,132,又|呢|尼|怩|昵|㖠|㞾|䛏|𠉞|𠼱|𠽬|𡰱|𡲌|𣭙|𫢩|󱟼,16,True,,0.902,,0,False,,False,False,False,False,True,True,False,False,True
M1_0503,gold/stt11_page_0174_c01_009.png,stt11,page_0174,1,黙,mặc,黙,GOLD,s1_inter_s2_direct,"[1461, 1295, 1572, 1416]",103,146,|万|冒|嘿|嚜|墨|帊|穆|纆|袙|運|默|黙|㱄|䘃|𢹇|𧞾|𩈘|𪐥|𪐩|𬉵|𬡶|󰍕|󰘚|󱀰,25,True,,0.989,,0,False,,False,False,False,False,True,True,False,False,True
M1_0504,gold/stt11_page_0252_c09_194.png,stt11,page_0252,9,蜍,thờ,蜍,GOLD,s1_inter_s2_direct,"[271, 1798, 390, 1903]",106,129,𰨂|俆|徐|悇|扵|承|於|烏|祀|祠|蜍|蠩|賒|踈|除|䜹|𠄜|𣱏|𤋬|𤕘|𥚤|𨑦|𫀟|󰯺|󱡖,25,True,山,0.941,山,1,True,山,False,False,False,True,True,False,False,False,False
M1_0505,gold/stt11_page_0198_c09_177.png,stt11,page_0198,9,体,thấy,体,GOLD,s1_inter_s2_direct,"[753, 965, 847, 1074]",85,117,||体|獕|笨|躰|軆|透|骵|體|𧡊|𨉥|𨉦|𩪆|𫌠,15,True,,0.755,,0,False,,False,False,False,False,True,True,False,False,True
M1_0506,gold/stt11_page_0260_c08_167.png,stt11,page_0260,8,麻,mà,麻,GOLD,s1_inter_s2_direct,"[382, 1710, 487, 1826]",86,128,|傌|嘛|女|痳|罵|菻|蔴|調|駡|高|麻|默|𢠩|𢳀|𣻕|𦋻|𦓡|𦲬|󱰷|󱰹,21,True,,0.808,,0,False,,False,False,False,False,True,True,False,False,True
M1_0507,gold/stt11_page_0042_c09_165.png,stt11,page_0042,9,想,tưởng,想,GOLD,s1_inter_s2_direct,"[253, 2159, 349, 2209]",79,62,奖|奨|奬|想|桨|槳|獎|蒋|蔣|鮝|鯗|鲞|㯍|䒂|𥶝|𥷃|𩺁|匠,18,True,,0.461,,0,False,,False,False,False,False,True,True,False,False,True
M1_0508,gold/stt11_page_0158_c06_119.png,stt11,page_0158,6,年,nên,年,GOLD,s1_inter_s2_direct,"[717, 965, 817, 1076]",73,128,ㇶ||妟|年|戼|揇|秊|邉|麻|䄭|𠡦|𠦅|𠦚|𠫺|𠬋|𢧚|𦼌|𫻽|󰄼|󰎚|󱠵,21,True,,0.696,,0,False,,False,False,False,False,True,True,False,False,True
M1_0509,gold/stt11_page_0190_c08_154.png,stt11,page_0190,8,種,giống,種,GOLD,s1_inter_s2_direct,"[912, 976, 1014, 1093]",108,134,𱕶|佣|偅|僮|憧|揰|眾|种|種|穜|𠏳|𥞁|𥞖|𥠭|𥡰|𥢖|𥵾|𦔉|𧀑|󰡔|󰣉|󰲾|󱨠|󱲞,24,True,,0.964,,0,False,,False,False,False,False,True,True,False,False,True
M1_0510,gold/stt11_page_0248_c05_084.png,stt11,page_0248,5,時,thì,時,GOLD,s1_inter_s2_direct,"[868, 434, 970, 535]",86,90,𱢑|匙|埘|塒|寺|峕|常|提|时|旹|時|晨|曟|榯|氏|畤|秲|茄|莳|蒔|辰|鍉|鰣|鲥|㔭|㫑|㫭|㮛|䈕|䢈|𠨱|𠨷|𠩐|𠩟|𠱾|𡗶|𡺈|𡺞|𢁈|𣅱|𣈜|𥊘|𥫽|𦔌|𦱎|𦱗|𦸎|𨑃|𨑄|𨥌|𩶬|𪰛|𬀦|󰣡|󱞑|㖘,56,True,```markdown  特 ```,0.849,特,1,True,特,False,False,False,True,True,False,True,False,False
M1_0511,gold/stt11_page_0280_c02_029.png,stt11,page_0280,2,坦,đất,坦,GOLD,s1_inter_s2_direct,"[1358, 1088, 1455, 1205]",106,137,𱖑|坦|待|怛|㐌|𡐙|𥩳,7,True,,0.952,,0,False,,False,False,False,False,True,True,False,False,True
M1_0512,gold/stt11_page_0122_c01_003.png,stt11,page_0122,1,呐,nói,呐,GOLD,s1_inter_s2_direct,"[1474, 725, 1583, 842]",85,121,內|内|叻|吶|呐|唁|尼|曰|訥|㐻|㕯|𠺶|𡗠|𧨣,14,True,,0.781,,0,False,,False,False,False,False,True,True,False,False,True
M1_0513,gold/stt11_page_0052_c08_157.png,stt11,page_0052,8,恪,khác,恪,GOLD,s1_inter_s2_direct,"[396, 808, 499, 873]",98,79,吉|恪|悫|愘|愙|愨|慤|格|毃|确|㤩,11,True,,0.620,,0,False,,False,False,False,False,True,True,False,False,True
M1_0514,gold/stt11_page_0250_c05_109.png,stt11,page_0250,5,天,thiên,天,GOLD,s1_inter_s2_direct,"[873, 1809, 982, 1907]",81,120,丿|仟|偏|傓|兛|兲|匾|千|圱|圲|埏|天|媥|徧|忏|扁|扇|扡|扦|拪|搧|煽|犏|猭|瓩|甂|碥|篇|編|羴|羶|胆|脠|膻|艑|芊|茜|藊|褊|西|谸|迁|遷|釺|钎|阡|靝|韆|顫|騸|鶣|䍹|䙲|䙴|䢬|𠆞|𠓫|𠨧|𠨩|𡈯|𡲜|𢄒|𢍱|𢍹|𢫥|𢰕|𢲒|𢳍|𢸯|𥰢|𦎞|𦏫|𦏬|𦏭|𦦉|𦧂|𧮮|𨒟|𨒿|𨔰|𨕞|𨗆|𨗇|𨗢|𨗺|𨙘|𨙙|𨙞|𩵞|奷|跹|躚|鎦|镏,94,True,,0.748,,0,False,,False,False,False,False,True,True,False,False,True
M1_0515,gold/stt11_page_0142_c07_133.png,stt11,page_0142,7,烏,ô,烏,GOLD,s1_inter_s2_direct,"[532, 653, 635, 762]",86,132,乌|兀|呜|嗚|圬|弧|恶|惡|戽|扵|捂|握|摀|於|杇|歍|汅|汙|汚|污|洿|涴|渥|溩|烏|窏|鎢|钨|鳴|䵦|𠂶|𡖗|𡗃|𡜂|𡜡|𢄓|𢫸|𣑀|𣱏|𣱴|𣱾|𣳹|𣴰|𣽏|𤋬|𤕘|𤚶|𥁡|𥾪|𦶀|坞|垭|塢,53,True,,0.788,,0,False,,False,False,False,False,True,True,False,False,True
M1_0516,gold/stt11_page_0054_c02_034.png,stt11,page_0054,2,油,dù,油,GOLD,s1_inter_s2_direct,"[1346, 1362, 1453, 1477]",95,139,凨|剈|喻|愈|愉|油|由|瘉|癒|釉|𠃄|𠱋|𠶢|𡩗|𢂎|𢠚,16,True,,0.872,,0,False,,False,False,False,False,True,True,False,False,True
M1_0517,gold/stt11_page_0296_c07_129.png,stt11,page_0296,7,保,bảo,保,GOLD,s1_inter_s2_direct,"[579, 1318, 683, 1436]",98,146,保|包|呆|堡|宝|寚|寳|寶|泡|煲|珤|箔|緥|脬|葆|褓|褴|靌|駂|鮑|鲍|鳵|鴇|鸨|㻄|䳈|䳰|𠈃|𠊻|𠋾|𠌀|𠍂|𠍙|𠤏|𠦀|𠶓|𠸒|𡥀|𡧖|𡧰|𡩧|𡪓|𡫷|𢉔|𢉣|𢉹|𣎼|𣴊|𣶐|𤓽|𤔍|𤞥|𤥖|𤥯|𤨷|𦬽|𦽻|𨾐|𨾑|𨾙|𩇉|𪀀|𪁣|𪃁,64,True,俘,1.051,俘,1,True,俘,False,False,False,True,True,False,False,False,False
M1_0518,gold/stt11_page_0090_c09_200.png,stt11,page_0090,9,黄,vàng,黄,GOLD,s1_inter_s2_direct,"[251, 2403, 342, 2502]",72,104,傍|凰|平|廣|徬|旁|横|橫|潢|癀|金|釺|鍠|鐄|黃|黄|㾮|䧛|𠊓|𡕛|𨍩|𨝴|𨫊|𨭬|󰊊|󱋒,26,True,,0.607,,0,False,,False,False,False,False,True,True,False,False,True
M1_0519,gold/stt11_page_0150_c09_176.png,stt11,page_0150,9,仍,những,仍,GOLD,s1_inter_s2_direct,"[207, 419, 303, 526]",94,128,仍|仙|忍|韌|㣼|𠯹|󱙣|氄,8,True,,0.770,,0,False,,False,False,False,False,True,True,False,False,True
M1_0520,gold/stt11_page_0048_c06_118.png,stt11,page_0048,6,時,thì,時,GOLD,s1_inter_s2_direct,"[668, 1452, 777, 1575]",132,131,𱢑|匙|埘|塒|寺|峕|常|提|时|旹|時|晨|曟|榯|氏|畤|秲|茄|莳|蒔|辰|鍉|鰣|鲥|㔭|㫑|㫭|㮛|䈕|䢈|𠨱|𠨷|𠩐|𠩟|𠱾|𡗶|𡺈|𡺞|𢁈|𣅱|𣈜|𥊘|𥫽|𦔌|𦱎|𦱗|𦸎|𨑃|𨑄|𨥌|𩶬|𪰛|𬀦|󰣡|󱞑|㖘,56,True,,1.085,,0,False,,False,False,False,False,True,True,False,False,True
M1_0521,gold/stt11_page_0120_c03_045.png,stt11,page_0120,3,离,le,离,GOLD,s1_inter_s2_direct,"[1171, 353, 1270, 456]",73,99,囄|离|藜|離|魑|黎|䅻|𠲥|𠻗|𨾫|𩀌|𪅆|𫤡|󰌑|󱪏,15,True,```markdown  离 ```,0.722,离,1,True,离,True,True,True,True,True,False,True,False,False
M1_0522,gold/stt11_page_0284_c04_064.png,stt11,page_0284,4,巴,ba,巴,GOLD,s1_inter_s2_direct,"[1055, 1614, 1162, 1730]",84,138,|三|倈|吧|啪|啵|坡|嶓|巴|把|杷|波|派|溊|爬|爸|番|疤|皅|碆|笆|筢|粑|羓|耙|芭|苩|菠|葩|蚆|豝|跁|鈀|钯|㿬|䈈|䔤|𠀧|𢀳|𣴫|𣷭|𤕕|𤜱|𦺂|𧤭|𧲧|𧴩|𧵅|𬏓|󰑯|󰬾|仨|皤|跛|靶,55,True,,0.804,,0,False,,False,False,False,False,True,True,False,False,True
M1_0523,gold/stt11_page_0144_c02_035.png,stt11,page_0144,2,安,an,安,GOLD,s1_inter_s2_direct,"[1327, 1636, 1427, 1751]",112,133,侒|媕|安|案|桉|殷|氨|胺|銨|铵|鞌|鞍|鮟|𠕷|𠼞|𡚴|𦛅|𩣑|𩽾|丱|串|但|倌|僩|冠|劗|床|惯|慣|懽|拣|掼|揀|摜|斡|柬|棺|橺|權|涧|滇|演|澗|灌|琯|痫|癇|癎|盥|瞷|祼|筦|简|管|簡|綰|缶|罆|罐|脘|舘|莞|裥|襇|覸|觀|观|諫|谏|貫|贯|錧|鐧|鑵|锏|閒|間|间|館|馆|鸛|鹳|𢵧|𣑴|𣠰|𣨭|𥳑|𧍴|𫋨,89,True,,0.955,,0,False,,False,False,False,False,True,True,False,False,True
M1_0524,gold/stt11_page_0152_c03_057.png,stt11,page_0152,3,別,biết,別,GOLD,s1_inter_s2_direct,"[1190, 1709, 1295, 1818]",83,124,|別|别|咇|彆|憋|捌|撆|柲|瘪|癟|虌|蟞|襒|蹩|鱉|鳖|鼈|龞|㿜|䠥|𠔁|𠛰|𠮠|𤻋|𪔀|𪿍|󱤞|󱩲|拐,30,True,,0.775,,0,False,,False,False,False,False,True,True,False,False,True
M1_0525,gold/stt11_page_0096_c09_177.png,stt11,page_0096,9,召,chịu,召,GOLD,s1_inter_s2_direct,"[275, 997, 361, 1108]",86,136,受|召|邵|𠮥|𠮦|𠹾|𠺥|𥃝,8,True,2,0.926,,0,False,,False,False,False,False,True,False,False,False,True
M1_0526,gold/stt11_page_0238_c02_025.png,stt11,page_0238,2,天,thiên,天,GOLD,s1_inter_s2_direct,"[1315, 692, 1406, 798]",96,127,丿|仟|偏|傓|兛|兲|匾|千|圱|圲|埏|天|媥|徧|忏|扁|扇|扡|扦|拪|搧|煽|犏|猭|瓩|甂|碥|篇|編|羴|羶|胆|脠|膻|艑|芊|茜|藊|褊|西|谸|迁|遷|釺|钎|阡|靝|韆|顫|騸|鶣|䍹|䙲|䙴|䢬|𠆞|𠓫|𠨧|𠨩|𡈯|𡲜|𢄒|𢍱|𢍹|𢫥|𢰕|𢲒|𢳍|𢸯|𥰢|𦎞|𦏫|𦏬|𦏭|𦦉|𦧂|𧮮|𨒟|𨒿|𨔰|𨕞|𨗆|𨗇|𨗢|𨗺|𨙘|𨙙|𨙞|𩵞|奷|跹|躚|鎦|镏,94,True,,0.795,,0,False,,False,False,False,False,True,True,False,False,True
M1_0527,gold/stt11_page_0156_c06_118.png,stt11,page_0156,6,所,sửa,所,GOLD,s1_inter_s2_direct,"[726, 766, 831, 876]",103,110,𰇵|使|嵦|所|拖|處|駛|㪽|𠉕|𠩄|𡥐|𡷮|𢀦|𢨷|𢩇|𢯢|𪮈|𫿐|󱙯,19,True,,0.821,,0,False,,False,False,False,False,True,True,False,False,True
M1_0528,gold/stt11_page_0040_c07_156.png,stt11,page_0040,7,意,ý,意,GOLD,s1_inter_s2_direct,"[535, 2119, 666, 2231]",135,136,亄|億|噫|悥|意|憶|懿|抑|曀|歖|薏|衣|鐿|镱|饐|鷧|鷾|㦉|㦤|㱅|𠶷|𡕆|𡤵|𡮕|𢡃|𢢶|𢤥|𦺳|𧘇|𩁈|󰀎|媿|季|悸|愧|歸|癔|癸|瞆|瞶|貴|贵|鯚,43,True,,1.137,,0,False,,False,False,False,False,True,True,False,False,True
M1_0529,gold/stt11_page_0092_c03_054.png,stt11,page_0092,3,塊,khỏi,塊,GOLD,s1_inter_s2_direct,"[1180, 1561, 1282, 1666]",108,117,|塊|瑰,3,True,,0.938,,0,False,,False,False,False,False,True,True,False,False,True
M1_0530,gold/stt11_page_0036_c02_030.png,stt11,page_0036,2,仍,nhưng,仍,GOLD,s1_inter_s2_direct,"[1364, 1221, 1473, 1338]",117,137,仍|因|戎|扔|礽|陾|𢫨|󱙢|󱙣|󱼑|忍|鞥,12,True,,1.000,,0,False,,False,False,False,False,True,True,False,False,True
M1_0531,gold/stt11_page_0058_c07_134.png,stt11,page_0058,7,亘,cứng,亘,GOLD,s1_inter_s2_direct,"[573, 888, 694, 995]",107,129,亘|亙|俓|劤|勁|宣|徑|恆|㮓|𠀕|𠀥|𠄢|𠄣|𠄭|𠠊|𠡍|𠡕|𠡚|𢗶|𣍭|𣕲|𣘰|𦚸|𦚹|𦵕|𠄢|󱙏|󱚙,28,True,,0.918,,0,False,,False,False,False,False,True,True,False,False,True
M1_0532,gold/stt11_page_0124_c04_085.png,stt11,page_0124,4,葩,pha,葩,GOLD,s1_inter_s2_direct,"[1038, 2201, 1141, 2316]",83,141,叵|坡|岥|披|波|玻|皅|破|簸|翍|芭|苩|萉|葩|陂|頗|颇|㓟|㩺|䔤|𠠉|𠶊|𤇨|𤿎|𤿐|𥸨|𦺂|𨸭|𩑼,29,True,,0.878,,0,False,,False,False,False,False,True,True,False,False,True
M1_0533,gold/stt11_page_0102_c03_057.png,stt11,page_0102,3,离,le,离,GOLD,s1_inter_s2_direct,"[1153, 1607, 1276, 1716]",84,133,囄|离|藜|離|魑|黎|䅻|𠲥|𠻗|𨾫|𩀌|𪅆|𫤡|󰌑|󱪏,15,True,,0.699,,0,False,,False,False,False,False,True,True,False,False,True
M1_0534,gold/stt11_page_0108_c05_098.png,stt11,page_0108,5,固,có,固,GOLD,s1_inter_s2_direct,"[849, 1728, 956, 1847]",86,147,世|个|個|古|同|固|堵|故|杏|沛|窖|箇|者|𣎏|󰡏,15,True,诃,0.957,诃,1,True,诃,False,False,False,True,True,False,False,False,False
M1_0535,gold/stt11_page_0034_c02_033.png,stt11,page_0034,2,些,ta,些,GOLD,s1_inter_s2_direct,"[1313, 1448, 1421, 1560]",112,129,些|仨|低|偺|傞|呰|咱|喒|嗟|埃|娑|差|挱|挲|昝|爹|獻|瘥|糌|罝|莎|莏|虘|謝|酇|醝|髿|鹺|鹾|㑑|㱔|䦈|𠺜|𡭟|𡭶|𢧲|𢬣|𣩈|𤻸|𦏱|𧨁|𧪘|𧪰|𧫯|𧬑|𨣩|𨲠|𨲻|𪉤|𪉬|𪉵|𪊁|𪊈|󱙐|嵯,55,True,,0.817,,0,False,,False,False,False,False,True,True,False,False,True
M1_0536,gold/stt11_page_0282_c07_145.png,stt11,page_0282,7,時,thì,時,GOLD,s1_inter_s2_direct,"[550, 1729, 647, 1840]",96,134,𱢑|匙|埘|塒|寺|峕|常|提|时|旹|時|晨|曟|榯|氏|畤|秲|茄|莳|蒔|辰|鍉|鰣|鲥|㔭|㫑|㫭|㮛|䈕|䢈|𠨱|𠨷|𠩐|𠩟|𠱾|𡗶|𡺈|𡺞|𢁈|𣅱|𣈜|𥊘|𥫽|𦔌|𦱎|𦱗|𦸎|𨑃|𨑄|𨥌|𩶬|𪰛|𬀦|󰣡|󱞑|㖘,56,True,,0.944,,0,False,,False,False,False,False,True,True,False,False,True
M1_0537,gold/stt11_page_0184_c02_036.png,stt11,page_0184,2,之,gì,之,GOLD,s1_inter_s2_direct,"[1348, 1965, 1450, 2086]",75,143,𱍽|之|咦|夷|姨|洏|洟|為|芇|㞢|𠔇|𡳿|𫡛|𫩝|󰢔|󱙀,16,True,,0.807,,0,False,,False,False,False,False,True,True,False,False,True
M1_0538,gold/stt11_page_0060_c03_049.png,stt11,page_0060,3,朱,cho,朱,GOLD,s1_inter_s2_direct,"[1172, 1041, 1276, 1151]",71,120,|咮|埃|木|朱|株|沫|渚|濐|硃|陼|㵭,12,True,```markdown  朱问 ```,0.897,朱问,2,False,朱,True,True,True,True,True,False,True,True,False
M1_0539,gold/stt11_page_0066_c02_029.png,stt11,page_0066,2,茹,nhà,茹,GOLD,s1_inter_s2_direct,"[1330, 1101, 1431, 1211]",82,128,伽|傢|如|宊|家|牙|芽|茄|茹|䋈|𠖔|𡧚|𡩀|𡩅|𡩙|𡩚|𡩵|𨔽|󰕒,19,True,,0.835,,0,False,,False,False,False,False,True,True,False,False,True
M1_0540,gold/stt11_page_0196_c06_110.png,stt11,page_0196,6,補,bỏ,補,GOLD,s1_inter_s2_direct,"[740, 1083, 843, 1206]",97,149,哺|怖|悑|抪|捕|补|補|䋠|𠬃|𠬕|𠬖|𢒏|𢼹|𥙷|𥸨|󱉿|󱣎|鮑,18,True,,0.862,,0,False,,False,False,False,False,True,True,False,False,True
M1_0541,gold/stt11_page_0290_c09_186.png,stt11,page_0290,9,燒,nhau,燒,GOLD,s1_inter_s2_direct,"[264, 2058, 357, 2174]",84,127,僥|包|嘵|嬈|憢|澆|燒|胞|脬|膮|趬|蹺|蹻|饒|𠑬|𠣒|𡆁|𣦜|𦚽|𦣗|𩜙|𬼀|󰕭|󰘵|󱞫,25,True,,0.750,,0,False,,False,False,False,False,True,True,False,False,True
M1_0542,gold/stt11_page_0136_c04_079.png,stt11,page_0136,4,時,thì,時,GOLD,s1_inter_s2_direct,"[1089, 1410, 1200, 1520]",100,134,𱢑|匙|埘|塒|寺|峕|常|提|时|旹|時|晨|曟|榯|氏|畤|秲|茄|莳|蒔|辰|鍉|鰣|鲥|㔭|㫑|㫭|㮛|䈕|䢈|𠨱|𠨷|𠩐|𠩟|𠱾|𡗶|𡺈|𡺞|𢁈|𣅱|𣈜|𥊘|𥫽|𦔌|𦱎|𦱗|𦸎|𨑃|𨑄|𨥌|𩶬|𪰛|𬀦|󰣡|󱞑|㖘,56,True,,0.960,,0,False,,False,False,False,False,True,True,False,False,True
M1_0543,gold/stt11_page_0176_c03_047.png,stt11,page_0176,3,役,việc,役,GOLD,s1_inter_s2_direct,"[1204, 704, 1305, 815]",92,136,||𱥺|伇|役|沒|𠈧|𠈿|𭛣|󰒴|󰜄|󱮓,12,True,,0.824,,0,False,,False,False,False,False,True,True,False,False,True
M1_0544,gold/stt11_page_0086_c01_007.png,stt11,page_0086,1,朱,cho,朱,GOLD,s1_inter_s2_direct,"[1458, 1099, 1569, 1211]",109,133,|咮|埃|木|朱|株|沫|渚|濐|硃|陼|㵭,12,True,朱,1.037,朱,1,True,朱,True,True,True,True,True,False,False,False,False
M1_0545,gold/stt11_page_0288_c02_031.png,stt11,page_0288,2,詐,trá,詐,GOLD,s1_inter_s2_direct,"[1368, 1400, 1470, 1522]",111,150,假|吒|咋|咤|奓|搾|榨|溠|痄|窄|笮|舴|苲|虴|蚱|蜡|詐|诈|酢|醡|鮓|鲊|㓃|㾴|䖳|𤶙|𧎩|𧧻|𨡗|𨢃|𨢛|𨢦|𨢧|𨣜|𨣮,35,True,,1.036,,0,False,,False,False,False,False,True,True,False,False,True
M1_0546,gold/stt11_page_0228_c01_015.png,stt11,page_0228,1,時,thì,時,GOLD,s1_inter_s2_direct,"[1482, 1860, 1567, 1976]",95,142,𱢑|匙|埘|塒|寺|峕|常|提|时|旹|時|晨|曟|榯|氏|畤|秲|茄|莳|蒔|辰|鍉|鰣|鲥|㔭|㫑|㫭|㮛|䈕|䢈|𠨱|𠨷|𠩐|𠩟|𠱾|𡗶|𡺈|𡺞|𢁈|𣅱|𣈜|𥊘|𥫽|𦔌|𦱎|𦱗|𦸎|𨑃|𨑄|𨥌|𩶬|𪰛|𬀦|󰣡|󱞑|㖘,56,True,,1.004,,0,False,,False,False,False,False,True,True,False,False,True
M1_0547,gold/stt11_page_0186_c04_061.png,stt11,page_0186,4,時,thì,時,GOLD,s1_inter_s2_direct,"[1045, 540, 1154, 635]",113,111,𱢑|匙|埘|塒|寺|峕|常|提|时|旹|時|晨|曟|榯|氏|畤|秲|茄|莳|蒔|辰|鍉|鰣|鲥|㔭|㫑|㫭|㮛|䈕|䢈|𠨱|𠨷|𠩐|𠩟|𠱾|𡗶|𡺈|𡺞|𢁈|𣅱|𣈜|𥊘|𥫽|𦔌|𦱎|𦱗|𦸎|𨑃|𨑄|𨥌|𩶬|𪰛|𬀦|󰣡|󱞑|㖘,56,True,,0.782,,0,False,,False,False,False,False,True,True,False,False,True
M1_0548,gold/stt11_page_0044_c01_012.png,stt11,page_0044,1,除,giờ,除,GOLD,s1_inter_s2_direct,"[1506, 1409, 1606, 1511]",95,110,俆|徐|除|𠀺|𣇞|𣉹|𨑦|𪬪|𪱡|𬁊|𬁐|󱤗|󱤫|󱮠,14,True,,0.757,,0,False,,False,False,False,False,True,True,False,False,True
M1_0549,gold/stt11_page_0010_p0220_c07_130.png,stt11,page_0010_p0220,7,碎,tôi,碎,GOLD,s1_inter_s2_direct,"[555, 711, 667, 791]",122,86,倅|晬|淬|焠|熣|的|睟|砕|碎|㳃|𠗚|𣅢|𤏣|𤭢|𪝬|𫇈|𫬮,17,True,,0.782,,0,False,,False,False,False,False,True,True,False,False,True
M1_0550,gold/stt11_page_0164_c05_089.png,stt11,page_0164,5,爲,vì,爲,GOLD,s1_inter_s2_direct,"[868, 1183, 975, 1299]",84,139,位|為|爲|𠸠|𡸏|𦥮|󰩄,7,True,```markdown  馬滴 ```,0.989,馬滴,2,False,馬,False,False,False,True,True,False,True,True,False
M1_0551,gold/stt11_page_0254_c09_187.png,stt11,page_0254,9,断,đoạn,断,GOLD,s1_inter_s2_direct,"[251, 1228, 348, 1338]",104,122,断|斷|椴|段|毈|碫|籪|緞|缎|腶|鍛|锻|㫁|𠜷|𠝅|𠡱|𠩻|𠪅|𠸿|𣂢|𣂣|𣂱|𣂸|𣂾|𣃔|𣦕|𣦙|𦂰|𩏇|𭮫|󰞂|󰠣|塅|夺|奪,35,True,,0.921,,0,False,,False,False,False,False,True,True,False,False,True
M1_0552,gold/stt11_page_0070_c01_017.png,stt11,page_0070,1,生,sinh,生,GOLD,s1_inter_s2_direct,"[1491, 2111, 1594, 2225]",92,140,坐|性|湦|牲|狌|狡|生|甥|笙|虛|鉎|鼪|㺒|㽒|䲼|𠤵|𠥱|𤟋|𤯓|𤯛|𤯳|𥑥|瞠,23,True,,0.852,,0,False,,False,False,False,False,True,True,False,False,True
M1_0553,gold/stt11_page_0140_c08_151.png,stt11,page_0140,8,沛,phải,沛,GOLD,s1_inter_s2_direct,"[423, 1308, 536, 1416]",104,132,仕|伂|塊|折|拜|拝|朝|沛|派|芾|霈|㳈|𡴬|𢪙|𢫶|𢮠|𢰛|𢱭|𢳎|𢴽|𢷎|𢹄|𣧙|𣬊|𣬓|𥙅|𨀪|𨀲|𨙶|𬆃,30,True,,0.892,,0,False,,False,False,False,False,True,True,False,False,True
M1_0554,gold/stt11_page_0286_c08_146.png,stt11,page_0286,8,坦,đất,坦,GOLD,s1_inter_s2_direct,"[392, 520, 492, 633]",83,130,𱖑|坦|待|怛|㐌|𡐙|𥩳,7,True,,0.727,,0,False,,False,False,False,False,True,True,False,False,True
M1_0555,gold/stt11_page_0116_c01_020.png,stt11,page_0116,1,共,cùng,共,GOLD,s1_inter_s2_direct,"[1516, 2288, 1616, 2408]",104,144,供|共|其|塘|廾|弯|強|拱|拲|珙|穷|穹|窮|竆|藭|蛩|蛬|邛|䓖|䠻|𠔏|𡀳|𡃕|𥧺|𥨪|𦱹|𧅉|𧅓|𧉨|𧊡|𧊮|𧋄|𧋯|𧋳|𧌪|𧎦|𧏒|𨉺|𩇿|󰠃|棩|筇|跫|銎,44,True,,0.979,,0,False,,False,False,False,False,True,True,False,False,True
M1_0556,gold/stt11_page_0256_c08_173.png,stt11,page_0256,8,㝵,người,㝵,GOLD,s1_inter_s2_direct,"[436, 1937, 535, 2051]",83,136,仉|倘|儻|勜|匕|命|圤|徜|昆|皚|躺|辞|㝵|𠊚|𠊛|𣈗|𣈜|𤽗|𫴮|󱫱,20,True,,0.880,,0,False,,False,False,False,False,True,True,False,False,True
M1_0557,gold/stt11_page_0192_c08_173.png,stt11,page_0192,8,主,chúa,主,GOLD,s1_inter_s2_direct,"[410, 2364, 518, 2464]",124,119,主|炷,2,True,,0.912,,0,False,,False,False,False,False,True,True,False,False,True
M1_0558,gold/stt11_page_0104_c07_126.png,stt11,page_0104,7,共,cùng,共,GOLD,s1_inter_s2_direct,"[576, 1277, 683, 1396]",89,147,供|共|其|塘|廾|弯|強|拱|拲|珙|穷|穹|窮|竆|藭|蛩|蛬|邛|䓖|䠻|𠔏|𡀳|𡃕|𥧺|𥨪|𦱹|𧅉|𧅓|𧉨|𧊡|𧊮|𧋄|𧋯|𧋳|𧌪|𧎦|𧏒|𨉺|𩇿|󰠃|棩|筇|跫|銎,44,True,,0.942,,0,False,,False,False,False,False,True,True,False,False,True
M1_0559,gold/stt11_page_0014_c04_074.png,stt11,page_0014,4,主,chúa,主,GOLD,s1_inter_s2_direct,"[999, 1377, 1108, 1491]",122,129,主|炷,2,True,,0.968,,0,False,,False,False,False,False,True,True,False,False,True
M1_0560,gold/stt11_page_0030_c02_036.png,stt11,page_0030,2,些,ta,些,GOLD,s1_inter_s2_direct,"[1317, 1788, 1423, 1897]",95,127,些|仨|低|偺|傞|呰|咱|喒|嗟|埃|娑|差|挱|挲|昝|爹|獻|瘥|糌|罝|莎|莏|虘|謝|酇|醝|髿|鹺|鹾|㑑|㱔|䦈|𠺜|𡭟|𡭶|𢧲|𢬣|𣩈|𤻸|𦏱|𧨁|𧪘|𧪰|𧫯|𧬑|𨣩|𨲠|𨲻|𪉤|𪉬|𪉵|𪊁|𪊈|󱙐|嵯,55,True,,0.789,,0,False,,False,False,False,False,True,True,False,False,True
M1_0561,gold/stt11_page_0010_c06_107.png,stt11,page_0010,6,主,chúa,主,GOLD,s1_inter_s2_direct,"[703, 2280, 805, 2392]",106,138,主|炷,2,True,,0.925,,0,False,,False,False,False,False,True,True,False,False,True
M1_0562,gold/stt11_page_0224_c07_140.png,stt11,page_0224,7,冷,lành,冷,GOLD,s1_inter_s2_direct,"[573, 1163, 673, 1277]",94,124,||令|伶|冷|姈|忴|怜|汵|聆|肑|苓|蓮|袊|䕘|𠘤|𠸖|𡅐|𡅑|𫅜|𫅞|𬙽|󰃬,23,True,,0.801,,0,False,,False,False,False,False,True,True,False,False,True
M1_0563,gold/stt11_page_0272_c08_158.png,stt11,page_0272,8,庒,chăng,庒,GOLD,s1_inter_s2_direct,"[448, 2208, 552, 2323]",100,124,|丕|仳|庄|庒|弡|張|拯|生|空|荘|莊|㔻|㽵|𠗎|𠦓|𠲕|𤕶|𤖄|𤖈|𦀾|𦻊|𧜖|𫽄|󰝸|󱣟,26,True,,0.900,,0,False,,False,False,False,False,True,True,False,False,True
M1_0564,gold/stt11_page_0072_c09_168.png,stt11,page_0072,9,傳,truyện,傳,GOLD,s1_inter_s2_direct,"[248, 1426, 353, 1546]",91,128,伝|传|傳|縳|𡀯,5,True,,0.726,,0,False,,False,False,False,False,True,True,False,False,True
M1_0565,gold/stt11_page_0094_c01_011.png,stt11,page_0094,1,事,sự,事,GOLD,s1_inter_s2_direct,"[1467, 1432, 1572, 1545]",97,139,亊|事|剚|叓|殖|耡|锄|麆|㕝|𠁱|𠫺|𠭆|𠭏|𤔇|筛|篩,16,True,,0.953,,0,False,,False,False,False,False,True,True,False,False,True
M1_0566,gold/stt11_page_0172_c09_153.png,stt11,page_0172,9,於,ở,於,GOLD,s1_inter_s2_direct,"[817, 1054, 919, 1171]",97,137,唹|扵|於|正|烏|菸|默|𠾕|𣄒|𣱏|𤋬|𤕘|𫵦|󰛢|󱳍|過|𠵩|𡁎|𢷣|𧿨,20,True,,0.929,,0,False,,False,False,False,False,True,True,False,False,True
M1_0567,gold/stt11_page_0266_c08_120.png,stt11,page_0266,8,批,phê,批,GOLD,s1_inter_s2_direct,"[422, 820, 521, 932]",105,116,呸|啡|批|披|砒|磇|翍|鈚|錍|鎞|非|㓟|㩺|𢱧|𤿎|𤿐,16,True,,0.807,,0,False,,False,False,False,False,True,True,False,False,True
M1_0568,gold/stt11_page_0162_c05_109.png,stt11,page_0162,5,古,của,古,GOLD,s1_inter_s2_direct,"[994, 2318, 1083, 2428]",71,127,古|咕|晫|䀡|𧵑|𧶮|𨷯|𫔳,8,True,,0.674,,0,False,,False,False,False,False,True,True,False,False,True
M1_0569,gold/stt11_page_0056_c05_099.png,stt11,page_0056,5,贖,chuộc,贖,GOLD,s1_inter_s2_direct,"[874, 2071, 987, 2193]",127,145,囑|屬|祝|蠾|贖|逐|𠽖|𡱆|𡲇|𣀻|𤝞|𧹎,12,True,,1.050,,0,False,,False,False,False,False,True,True,False,False,True
M1_0570,gold/stt11_page_0026_c04_081.png,stt11,page_0026,4,吏,lại,吏,GOLD,s1_inter_s2_direct,"[997, 1849, 1101, 1960]",104,134,使|來|俫|倈|勑|厉|厲|又|叓|右|叹|吏|嬾|尼|徕|徠|懒|懶|束|濑|瀨|瘌|癘|癞|癩|皮|籁|籟|耒|藾|襰|賚|賴|赉|赖|辣|頼|顂|類|㐌|㕝|㾢|䊪|𠘝|𠻇|𡯅|𢋷|𥛉|𧡽|𧶘|𧶛|𧷖|𩓃|𫣚|𬃻,55,True,,0.919,,0,False,,False,False,False,False,True,True,False,False,True
M1_0571,gold/stt11_page_0208_c08_163.png,stt11,page_0208,8,各,các,各,GOLD,s1_inter_s2_direct,"[472, 1299, 577, 1418]",123,127,各|合|恪|搁|擱|斠|格|榷|琾|硌|胳|袼|鉻|铬|閣|閤|阁|𬮤|挃|茖|詻,21,True,,0.950,,0,False,,False,False,False,False,True,True,False,False,True
M1_0572,gold/stt11_page_0222_c07_140.png,stt11,page_0222,7,如,như,如,GOLD,s1_inter_s2_direct,"[577, 1399, 682, 1508]",89,135,伽|侞|如|娘|帤|洳|茄|茹|蕠|袽|銣|铷|鴽|䋈|𣹤|襦,16,True,,0.916,,0,False,,False,False,False,False,True,True,False,False,True
M1_0573,gold/stt11_page_0268_c08_156.png,stt11,page_0268,8,畧,trước,畧,GOLD,s1_inter_s2_direct,"[436, 860, 534, 968]",76,131,||𱐨|𱏯|斮|櫡|略|畧|着|竹|箸|苉|著|訳|㗉|𠓀|𠠩|𣋐|𣥧|𨍦|𨎟|𨎠|𫏾|𬧻|󰁡|󰠈|󱈘|󱙹|𠓍,29,True,,0.683,,0,False,,False,False,False,False,True,True,False,False,True
M1_0574,gold/stt11_page_0138_c07_137.png,stt11,page_0138,7,浪,rằng,浪,GOLD,s1_inter_s2_direct,"[559, 904, 661, 1019]",106,137,哏|哴|喨|坺|娘|払|浪|㖫|𠳒|𠺘|𤎔|𪘵,12,True,,0.988,,0,False,,False,False,False,False,True,True,False,False,True
M1_0575,gold/stt11_page_0180_c03_054.png,stt11,page_0180,3,魂,hồn,魂,GOLD,s1_inter_s2_direct,"[1203, 1445, 1305, 1555]",99,110,塊|愧|捆|楎|浑|混|渾|珲|琿|緷|諢|诨|隗|顐|餛|餫|馄|魂|魄|鼲|䊐|䰟|𠇌|𠺌|𧮘|𩲉|𭡏|󰄒,28,True,,0.799,,0,False,,False,False,False,False,True,True,False,False,True
M1_0576,gold/stt11_page_0098_c04_069.png,stt11,page_0098,4,秋,su,秋,GOLD,s1_inter_s2_direct,"[1039, 1004, 1150, 1119]",125,126,樞|秋|毹|毺|穌|芇|芻|蒭|蘇|蘓|㮲,11,True,,0.970,,0,False,,False,False,False,False,True,True,False,False,True
M1_0577,gold/stt11_page_0226_c09_191.png,stt11,page_0226,9,奏,tâu,奏,GOLD,s1_inter_s2_direct,"[275, 1685, 368, 1793]",94,132,奏|掫|涑|漱|𠸫|𬙖|恓|西,8,True,,0.864,,0,False,,False,False,False,False,True,True,False,False,True
M1_0578,gold/stt11_page_0128_c01_009.png,stt11,page_0128,1,福,phúc,福,GOLD,s1_inter_s2_direct,"[1473, 1234, 1577, 1345]",62,133,伏|偪|副|复|幅|復|愊|楅|煏|畐|畗|疈|福|腹|蝮|褔|覆|輹|輻|辐|鍑|𤔜|𦞶|𧐛|𨍊|馥,26,True,.,0.676,,0,False,,False,False,False,False,True,False,False,False,True
M1_0579,gold/stt11_page_0234_c01_008.png,stt11,page_0234,1,法,phép,法,GOLD,s1_inter_s2_direct,"[1451, 1171, 1556, 1288]",84,138,佱|峜|法|灋|砝|㳒|𢌇|𣳴|𣶽|𪫚|𪶏,11,True,,0.875,,0,False,,False,False,False,False,True,True,False,False,True
M1_0580,gold/stt11_page_0166_c04_071.png,stt11,page_0166,4,事,sự,事,GOLD,s1_inter_s2_direct,"[1009, 1278, 1116, 1395]",101,132,亊|事|剚|叓|殖|耡|锄|麆|㕝|𠁱|𠫺|𠭆|𠭏|𤔇|筛|篩,16,True,,0.905,,0,False,,False,False,False,False,True,True,False,False,True
M1_0581,gold/stt11_page_0076_c06_102.png,stt11,page_0076,6,爲,vì,爲,GOLD,s1_inter_s2_direct,"[762, 1289, 873, 1400]",105,137,位|為|爲|𠸠|𡸏|𦥮|󰩄,7,True,,0.957,,0,False,,False,False,False,False,True,True,False,False,True
M1_0582,gold/stt11_page_0220_c08_172.png,stt11,page_0220,8,特,được,特,GOLD,s1_inter_s2_direct,"[424, 2093, 525, 2204]",93,136,待|得|持|時|特|犆|㝵|㝶|䗂|䙷|䙸|𠊚|𠭁|𢔨|𢔶|𤙫|𤙰|𤛀|𥩳|𧴫|󱡓,21,True,,0.887,,0,False,,False,False,False,False,True,True,False,False,True
M1_0583,gold/stt11_page_0298_c06_105.png,stt11,page_0298,6,浪,răng,浪,GOLD,s1_inter_s2_direct,"[702, 515, 805, 631]",95,125,|𲎩|凌|夌|浪|淩|齿|𦝄|𦢠|𪘵|𪤽|𫆢|𬹸|󰌻|󰛈|󱆋,16,True,,0.793,,0,False,,False,False,False,False,True,True,False,False,True
M1_0584,gold/stt11_page_0032_c03_061.png,stt11,page_0032,3,眉,mi,眉,GOLD,s1_inter_s2_direct,"[1165, 2100, 1268, 2214]",99,140,劘|嵋|楣|湄|溦|爢|猕|獼|眉|睂|糜|縻|蘼|蝞|郿|醾|醿|釄|鎇|镅|靡|鶥|麋|麿|黴|䌕|䕷|䭧|𠃜|𠋥|𠞥|𠞧|𠠣|𠪃|𡼴|𢇲|𢌁|𢌑|𢰲|𣮮|𣷍|𣽪|𣾨|𤃰|𤃱|𥅉|𥅕|𥅮|𥇮|𥽼|𥿫|𦄐|𧃲|𩞁|𩞇|𩱸|𪎕|𪎖|𪎭|咪|弥|瀰|猸|盾|眯|瞇|霉|鹛|麛,69,True,,0.910,,0,False,,False,False,False,False,True,True,False,False,True
M1_0585,gold/stt11_page_0188_c07_128.png,stt11,page_0188,7,固,có,固,GOLD,s1_inter_s2_direct,"[562, 428, 666, 537]",92,114,世|个|個|古|同|固|堵|故|杏|沛|窖|箇|者|𣎏|󰡏,15,True,,0.757,,0,False,,False,False,False,False,True,True,False,False,True
M1_0586,gold/stt11_page_0242_c08_132.png,stt11,page_0242,8,遣,khiến,遣,GOLD,s1_inter_s2_direct,"[400, 543, 508, 655]",122,134,縴|譴|遣|󱂚,4,True,,1.043,,0,False,,False,False,False,False,True,True,False,False,True
M1_0587,gold/stt11_page_0218_c09_192.png,stt11,page_0218,9,庫,khó,庫,GOLD,s1_inter_s2_direct,"[242, 2268, 338, 2382]",74,123,厙|庫|瘔|苦|讱|𠺟|𡿵|𣎏|𧁷|𧁹|󰅟|󰈶|󱠽,13,True,,0.700,,0,False,,False,False,False,False,True,True,False,False,True
M1_0588,gold/stt11_page_0118_c01_002.png,stt11,page_0118,1,几,kẻ,几,GOLD,s1_inter_s2_direct,"[1487, 629, 1607, 741]",122,134,丗|仉|几|凡|古|峜|幾|掌|易|矯|計|𠀃|𠆰|𠏠|𠖠|𡇣|𧨻|𨤔|󰢿,19,True,,0.953,,0,False,,False,False,False,False,True,True,False,False,True
M1_0589,gold/stt11_page_0148_c09_172.png,stt11,page_0148,9,楼,lâu,楼,GOLD,s1_inter_s2_direct,"[271, 602, 375, 720]",106,125,偻|僂|剅|喽|嘍|塿|娄|婁|屚|廔|慺|憻|搂|摟|楼|樓|氀|溇|漊|漏|牢|瘘|瘺|瘻|瞜|篓|簍|縷|缕|耧|耬|舊|艛|蒌|蔞|蝼|螻|褸|謱|貗|軁|遱|鞻|顱|髅|髏|㓸|䁖|䅹|䫫|䱾|𠞭|𠶭|𡢐|𡰌|𡳫|𢉀|𣅘|𣏥|𣼣|𣾡|𤵿|𥹰|𦔪|𦧃|𦾔|𧂜|𧢃|𧯠|𨊖|𨋖|𩫰|𫦉|󰀑|󰡇|󱸻|屡|屢|膢|鏤|镂|颅,82,True,,0.978,,0,False,,False,False,False,False,True,True,False,False,True
M1_0590,gold/stt11_page_0168_c09_178.png,stt11,page_0168,9,事,sự,事,GOLD,s1_inter_s2_direct,"[290, 595, 386, 702]",112,127,亊|事|剚|叓|殖|耡|锄|麆|㕝|𠁱|𠫺|𠭆|𠭏|𤔇|筛|篩,16,True,,0.902,,0,False,,False,False,False,False,True,True,False,False,True
M1_0591,gold/stt11_page_0106_c02_038.png,stt11,page_0106,2,庄,chăng,庄,GOLD,s1_inter_s2_direct,"[1328, 1910, 1433, 2024]",116,140,|丕|仳|庄|庒|弡|張|拯|生|空|荘|莊|㔻|㽵|𠗎|𠦓|𠲕|𤕶|𤖄|𤖈|𦀾|𦻊|𧜖|𫽄|󰝸|󱣟,26,True,,1.039,,0,False,,False,False,False,False,True,True,False,False,True
M1_0592,gold/stt11_page_0202_c08_142.png,stt11,page_0202,8,朱,cho,朱,GOLD,s1_inter_s2_direct,"[410, 520, 514, 637]",92,118,|咮|埃|木|朱|株|沫|渚|濐|硃|陼|㵭,12,True,,0.767,,0,False,,False,False,False,False,True,True,False,False,True
M1_0593,gold/stt11_page_0078_c08_163.png,stt11,page_0078,8,衣,ý,衣,GOLD,s1_inter_s2_direct,"[388, 1507, 490, 1627]",90,146,亄|億|噫|悥|意|憶|懿|抑|曀|歖|薏|衣|鐿|镱|饐|鷧|鷾|㦉|㦤|㱅|𠶷|𡕆|𡤵|𡮕|𢡃|𢢶|𢤥|𦺳|𧘇|𩁈|󰀎|媿|季|悸|愧|歸|癔|癸|瞆|瞶|貴|贵|鯚,43,True,,0.907,,0,False,,False,False,False,False,True,True,False,False,True
M1_0594,gold/stt11_page_0270_c02_036.png,stt11,page_0270,2,罰,phạt,罰,GOLD,s1_inter_s2_direct,"[1316, 1772, 1416, 1890]",81,146,伐|傠|垡|帗|撥|栰|橃|瞂|筏|罚|罰|罸|𠟑|𠟟|𦋬|紱|绂,17,True,,0.894,,0,False,,False,False,False,False,True,True,False,False,True
M1_0595,gold/stt11_page_0206_c08_160.png,stt11,page_0206,8,蜍,thờ,蜍,GOLD,s1_inter_s2_direct,"[399, 1306, 501, 1420]",100,128,𰨂|俆|徐|悇|扵|承|於|烏|祀|祠|蜍|蠩|賒|踈|除|䜹|𠄜|𣱏|𤋬|𤕘|𥚤|𨑦|𫀟|󰯺|󱡖,25,True,,0.830,,0,False,,False,False,False,False,True,True,False,False,True
M1_0596,gold/stt11_page_0232_c06_123.png,stt11,page_0232,6,吏,lại,吏,GOLD,s1_inter_s2_direct,"[731, 2040, 838, 2135]",81,109,使|來|俫|倈|勑|厉|厲|又|叓|右|叹|吏|嬾|尼|徕|徠|懒|懶|束|濑|瀨|瘌|癘|癞|癩|皮|籁|籟|耒|藾|襰|賚|賴|赉|赖|辣|頼|顂|類|㐌|㕝|㾢|䊪|𠘝|𠻇|𡯅|𢋷|𥛉|𧡽|𧶘|𧶛|𧷖|𩓃|𫣚|𬃻,55,True,,0.729,,0,False,,False,False,False,False,True,True,False,False,True
M1_0597,gold/stt11_page_0046_c07_108.png,stt11,page_0046,7,事,sự,事,GOLD,s1_inter_s2_direct,"[541, 1683, 643, 1801]",99,141,亊|事|剚|叓|殖|耡|锄|麆|㕝|𠁱|𠫺|𠭆|𠭏|𤔇|筛|篩,16,True,,0.865,,0,False,,False,False,False,False,True,True,False,False,True
M1_0598,gold/stt11_page_0292_c06_106.png,stt11,page_0292,6,召,chịu,召,GOLD,s1_inter_s2_direct,"[745, 715, 851, 837]",62,135,受|召|邵|𠮥|𠮦|𠹾|𠺥|𥃝,8,True,,0.687,,0,False,,False,False,False,False,True,True,False,False,True
M1_0599,gold/stt11_page_0134_c09_183.png,stt11,page_0134,9,旦,đến,旦,GOLD,s1_inter_s2_direct,"[252, 679, 354, 787]",97,132,且|但|倎|典|彣|敟|旦|細|蛋|貝|㫜|䓦|𠔓|𠔩|𠔰|𢻅|𣅂|𥮏|𦤾|𦥃|𨀏,21,True,ប្រាក់,1.238,,0,False,,False,False,False,False,True,False,False,False,True
