sample_id,image,book,page,column,ocr_char,syllable,label,tier,rule,bbox,crop_w,crop_h,R_candidates,R_size,ocr_in_R,pred,sec,pred_cjk,n_cjk,one_cjk,first,first_in_R,any_in_R,eq_kinh,first_in_vocab,kinh_in_R,is_empty,latin,multi,no_cjk
M2_0000,silver/stt2_page_0310_c09_140.png,stt2,page_0310,9,妄,một,没,SILVER,s2_inter_s3_corrected,"[260, 1409, 377, 1535]",130,152,||||||||𱥺|刎|圽|堆|墓|更|歾|歿|殁|殳|沒|没|痗|蔑|車|默|𠬛|𠬠|𠬸|𣇶|𣧒|𣨏|𣳚|𣴬|𦐲|𩑦|󰓳|󰜋|󱘴,37,False,,2.112,,0,False,,False,False,False,False,False,True,False,False,True
M2_0001,silver/stt2_page_0018_c05_107.png,stt2,page_0018,5,隘,muốn,悶,SILVER,s2_inter_s3_corrected,"[814, 2208, 923, 2320]",96,133,悶|满|閍|闷|㥃|㦖|𢛀|𢛩|𨴽|𫹰|𫺓|𬅳|󱯝|󱼖,14,False,```,0.960,,0,False,,False,False,False,False,False,False,False,False,True
M2_0002,syllable/stt2_page_0292_c04_067.png,stt2,page_0292,4,犯,đã,,SYLLABLE,nghia_consensus,"[987, 1536, 1098, 1673]",124,165,乑|也|卒|吏|吔|它|拖|易|胣|諸|陀|㐌|𠰹|𢒕|𣦁|𧭷,16,False,,0.961,,0,False,,False,False,False,False,False,True,False,False,True
M2_0003,silver/stt2_page_0234_c05_094.png,stt2,page_0234,5,杢,lai,吏,SILVER,s2_inter_s3_corrected,"[824, 1882, 929, 1993]",95,133,佳|來|俫|倈|勑|吏|唻|崃|崍|庲|徕|徠|斄|来|梾|棶|涞|淶|濑|猍|睐|睞|耒|莱|萊|逨|郲|釐|錸|铼|騋|鯠|鶆|䅘|䒹|𢯦|𤲓|𤳆|𥅦|𥟂|𦻣|𧼛|𫯓|𫼲|瀨,45,False,,0.645,,0,False,,False,False,False,False,False,True,False,False,True
M2_0004,silver/stt2_page_0294_c02_036.png,stt2,page_0294,2,事,âu,謳,SILVER,s2_inter_s3_corrected,"[1275, 2028, 1391, 2148]",129,143,区|區|呕|嘔|坵|塸|幼|怄|怮|慪|憂|懮|敺|欧|歐|毆|沤|渥|漚|熰|瓯|甌|糿|蓲|藲|袎|謳|讴|醧|鏂|鴎|鷗|鸥|㓜|㤑|䳼|𠣎|𠪍|𠮕|𢆲|𢆵|𢈗|𢙥|𢚧|𢝊|𢞘|𢟜|𤭋|𤮥|𧦅|𨗫|𩀫|𩕂|󱦙|箑,55,False,,0.904,,0,False,,False,False,False,False,False,True,False,False,True
M2_0005,syllable/stt2_page_0254_c02_026.png,stt2,page_0254,2,可,làm,,SYLLABLE,nghia_consensus,"[1255, 1451, 1393, 1582]",102,155,|乄|滥|漤|濫|灠|爪|爫|藍|㕚|𣩂|𣽦|𪵯|𫜵|𬈋|󰥎|󱛝,17,False,,0.838,,0,False,,False,False,False,False,False,True,False,False,True
M2_0006,syllable/stt2_page_0116_c08_146.png,stt2,page_0116,8,而,làm,,SYLLABLE,nghia_consensus,"[368, 1171, 470, 1281]",90,136,|乄|滥|漤|濫|灠|爪|爫|藍|㕚|𣩂|𣽦|𪵯|𫜵|𬈋|󰥎|󱛝,17,False,```markdown  ```,0.995,,0,False,,False,False,False,False,False,False,True,False,True
M2_0007,syllable/stt2_page_0298_c07_124.png,stt2,page_0298,7,守,cả,,SYLLABLE,nghia_consensus_tu_silver,"[508, 1505, 622, 1637]",132,162,仍|哿|垰|奇|架|竒|𠵲|𪥘|󱝝|󱝮|󱼓,11,False,,1.066,,0,False,,False,False,False,False,False,True,False,False,True
M2_0008,silver/stt2_page_0188_c06_097.png,stt2,page_0188,6,壽,toan,筭,SILVER,s2_inter_s3_corrected,"[635, 572, 749, 709]",131,160,|撰|散|櫲|狻|痠|祘|笇|筭|算|酸|鑽|䝜|𡀜|𢌺|𤷥|𥫫|𥮅|𨢽|𨣪|𪊴|󰛿|󰝺,23,False,```markdown  ```,2.627,,0,False,,False,False,False,False,False,False,True,False,True
M2_0009,silver/stt2_page_0288_c09_165.png,stt2,page_0288,9,仰,dạy,代,SILVER,s2_inter_s3_corrected,"[238, 1099, 374, 1230]",137,161,|代|抴|拽|敎|教|曳|曵|㖂|𠰺|𠸕|𤕝|𦥙|󱙦,14,False,,1.071,,0,False,,False,False,False,False,False,True,False,False,True
M2_0010,silver/stt2_page_0230_c04_079.png,stt2,page_0230,4,良,dân,民,SILVER,s2_inter_s3_corrected,"[1003, 1811, 1104, 1933]",108,140,岷|民|泯|珉|𠘽|𡻾|𤼸,7,False,,0.744,,0,False,,False,False,False,False,False,True,False,False,True
M2_0011,syllable/stt2_page_0226_c04_071.png,stt2,page_0226,4,淚,nước,,SYLLABLE,nghia_consensus_tu_silver,"[1010, 1888, 1116, 2012]",99,147,|匿|國|娘|搩|於|渃|珠|箸|著|𣋐|𣥧|𫭔,13,False,```,0.781,,0,False,,False,False,False,False,False,False,False,False,True
M2_0012,syllable/stt2_page_0110_c06_114.png,stt2,page_0110,6,弇,ông,,SYLLABLE,nghia_consensus,"[678, 1855, 784, 1977]",120,150,|嗡|東|王|翁|蓊|螉|鶲|䈵|𣸜|𩔚|𪂔|𪪳|󰎰|塕|滃|鹟,17,False,,0.910,,0,False,,False,False,False,False,False,True,False,False,True
M2_0013,syllable/stt2_page_0106_c03_035.png,stt2,page_0106,3,解,năm,,SYLLABLE,nghia_consensus,"[1139, 469, 1246, 582]",131,139,|南|年|朩|璏|秊|䄭|𠄼|𠡦|𠦅|𠦚|𠫺|𠬋|𢆥|𦼌|𫡵|𫧣|𫷜|󱙌,19,False,,0.801,,0,False,,False,False,False,False,False,True,False,False,True
M2_0014,syllable/stt2_page_0300_c03_041.png,stt2,page_0300,3,弄,toan,,SYLLABLE,nghia_consensus_tu_silver,"[1137, 678, 1248, 806]",122,158,|撰|散|櫲|狻|痠|祘|笇|筭|算|酸|鑽|䝜|𡀜|𢌺|𤷥|𥫫|𥮅|𨢽|𨣪|𪊴|󰛿|󰝺,23,False,,1.021,,0,False,,False,False,False,False,False,True,False,False,True
M2_0015,silver/stt2_page_0062_c04_082.png,stt2,page_0062,4,傾,a,阿,SILVER,s2_inter_s3_corrected,"[976, 2131, 1084, 2250]",130,147,丫|了|亜|亞|兮|呀|呵|哑|啊|啞|嗄|堊|妸|娿|婀|婐|婭|客|屙|惡|枒|桠|椏|狣|疴|痾|訶|鈳|錏|錒|铔|锕|阿|雅|鴉|鵶|鸦|䢝|𠄮|𠲞|𣉩|𣏎|𩭯|𩿗|𪀨|𪀹|也|价|伽|假|價|剐|剮|叚|吔|吖|咖|啫|夏|嫁|寡|寫|惈|拁|斝|果|架|枷|柘|查|榎|槚|檟|液|珈|痂|稼|笳|箸|篾|粿|者|茄|菓|葭|蔗|蜾|賈|贾|赭|跏|輠|过|这|迦|這|過|遮|錁|锞|駕|驾|鷓|鹧|㨋|𣂃|𣨕|𥳅|𦁹|𦓅|𦩳|𧵟|𨔾|𩾷|𪇍|𪝪|𪢆|𫅷,118,False,,0.891,,0,False,,False,False,False,False,False,True,False,False,True
M2_0016,syllable/stt2_page_0150_c02_026.png,stt2,page_0150,2,咽,nói,,SYLLABLE,nghia_consensus,"[1304, 981, 1419, 1103]",98,147,內|内|叻|吶|呐|唁|尼|曰|訥|㐻|㕯|𠺶|𡗠|𧨣,14,False,云,0.767,云,1,True,云,False,False,False,True,False,False,False,False,False
M2_0017,syllable/stt2_page_0128_c07_149.png,stt2,page_0128,7,坌,ông,,SYLLABLE,nghia_consensus,"[492, 2405, 599, 2519]",130,140,|嗡|東|王|翁|蓊|螉|鶲|䈵|𣸜|𩔚|𪂔|𪪳|󰎰|塕|滃|鹟,17,False,```markdown  ```,0.993,,0,False,,False,False,False,False,False,False,True,False,True
M2_0018,silver/stt2_page_0296_c04_055.png,stt2,page_0296,4,府,thì,寺,SILVER,s2_inter_s3_corrected,"[1009, 566, 1128, 704]",137,159,𱢑|匙|埘|塒|寺|峕|常|提|时|旹|時|晨|曟|榯|氏|畤|秲|茄|莳|蒔|辰|鍉|鰣|鲥|㔭|㫑|㫭|㮛|䈕|䢈|𠨱|𠨷|𠩐|𠩟|𠱾|𡗶|𡺈|𡺞|𢁈|𣅱|𣈜|𥊘|𥫽|𦔌|𦱎|𦱗|𦸎|𨑃|𨑄|𨥌|𩶬|𪰛|𬀦|󰣡|󱞑|㖘,56,False,,0.966,,0,False,,False,False,False,False,False,True,False,False,True
M2_0019,syllable/stt2_page_0076_c06_125.png,stt2,page_0076,6,芒,là,,SYLLABLE,nghia_consensus,"[653, 2315, 757, 2434]",119,147,||𱺵|卥|号|囉|容|廾|時|浪|纙|罗|羅|買|邏|㼈|𢌬|𦉼|𦋝|𦌴|𦲿|𨔍|𪜀|𪡔|𫥨|𬗢|󰀳|󰐥|󰑼|󱜐|󱧭,31,False,,0.557,,0,False,,False,False,False,False,False,True,False,False,True
M2_0020,syllable/stt2_page_0032_c06_130.png,stt2,page_0032,6,敗,khi,,SYLLABLE,nghia_consensus_tu_silver,"[667, 2406, 776, 2507]",135,125,倛|僛|吱|唭|娸|崎|徛|攲|敧|期|机|桤|榿|欹|欺|浪|猗|觭|諆|踦|陭|魌|㿲|𠔶|𡾵|𣣱|𤿯|𥀴|𨜅|緝|缉,31,False,```markdown  ```,0.962,,0,False,,False,False,False,False,False,False,True,False,True
M2_0021,syllable/stt2_page_0320_c05_079.png,stt2,page_0320,5,常,và,,SYLLABLE,nghia_consensus,"[841, 889, 942, 1019]",108,157,叵|吧|和|喡|巴|為|頗|𠄧|𡂄|𡝕|𢯓|𢯠|𢽼|𣀟|𩑼|𪽡|𬏓,17,False,,0.828,,0,False,,False,False,False,False,False,True,False,False,True
M2_0022,silver/stt2_page_0280_c01_000.png,stt2,page_0280,1,𬒳,vẻ,彼,SILVER,s2_inter_s3_corrected,"[1453, 479, 1562, 591]",101,123,|尾|峃|彩|彼|𠳿|𡲈|𢗌|𢽙|𨤔|𫵞|󰖘|󰖽|󰬮|󰬵|󱮿|󱱮,17,False,,0.727,,0,False,,False,False,False,False,False,True,False,False,True
M2_0023,syllable/stt2_page_0240_c02_025.png,stt2,page_0240,2,虎,xác,,SYLLABLE,nghia_consensus_tu_silver,"[1310, 1088, 1418, 1215]",98,144,剒|埆|塙|墧|壳|悫|愨|慤|搉|攉|榷|殻|殼|确|確|碻|礜|礭|索|蝎|覚|觳|逪|錯|㱋|㱿|䥘|𠳗|𢭜|𣪛|𥔳|𩩬|󱛑|󱞲,34,False,```markdown  ```,0.933,,0,False,,False,False,False,False,False,False,True,False,True
M2_0024,syllable/stt2_page_0162_c07_112.png,stt2,page_0162,7,弇,ông,,SYLLABLE,nghia_consensus,"[531, 1441, 643, 1577]",132,163,|嗡|東|王|翁|蓊|螉|鶲|䈵|𣸜|𩔚|𪂔|𪪳|󰎰|塕|滃|鹟,17,False,```,1.088,,0,False,,False,False,False,False,False,False,False,False,True
M2_0025,silver/stt2_page_0290_c09_166.png,stt2,page_0290,9,𣣔,hết,歇,SILVER,s2_inter_s3_corrected,"[227, 2398, 344, 2519]",126,137,侭|儘|別|哈|喝|尽|欱|歇|盡|竭|結|遏|䀆|𠿒|𡀽|𡁁|𣍊|𥁞|𥃞|𧗁|󰄘|󰤣|󱤰,23,False,,0.878,,0,False,,False,False,False,False,False,True,False,False,True
M2_0026,syllable/stt2_page_0124_c05_087.png,stt2,page_0124,5,而,làm,,SYLLABLE,nghia_consensus,"[828, 637, 934, 751]",120,140,|乄|滥|漤|濫|灠|爪|爫|藍|㕚|𣩂|𣽦|𪵯|𫜵|𬈋|󰥎|󱛝,17,False,```,0.947,,0,False,,False,False,False,False,False,False,False,False,True
M2_0027,syllable/stt2_page_0104_c06_117.png,stt2,page_0104,6,冬,các,,SYLLABLE,nghia_consensus_tu_silver,"[672, 1593, 784, 1712]",138,145,各|合|恪|搁|擱|斠|格|榷|琾|硌|胳|袼|鉻|铬|閣|閤|阁|𬮤|挃|茖|詻,21,False,,1.187,,0,False,,False,False,False,False,False,True,False,False,True
M2_0028,syllable/stt2_page_0186_c09_153.png,stt2,page_0186,9,改,đoạn,,SYLLABLE,nghia_consensus_tu_silver,"[170, 948, 299, 1091]",121,176,断|斷|椴|段|毈|碫|籪|緞|缎|腶|鍛|锻|㫁|𠜷|𠝅|𠡱|𠩻|𠪅|𠸿|𣂢|𣂣|𣂱|𣂸|𣂾|𣃔|𣦕|𣦙|𦂰|𩏇|𭮫|󰞂|󰠣|塅|夺|奪,35,False,,4.506,,0,False,,False,False,False,False,False,True,False,False,True
M2_0029,syllable/stt2_page_0046_c07_144.png,stt2,page_0046,7,都,đoạn,,SYLLABLE,nghia_consensus,"[529, 2010, 634, 2125]",114,141,断|斷|椴|段|毈|碫|籪|緞|缎|腶|鍛|锻|㫁|𠜷|𠝅|𠡱|𠩻|𠪅|𠸿|𣂢|𣂣|𣂱|𣂸|𣂾|𣃔|𣦕|𣦙|𦂰|𩏇|𭮫|󰞂|󰠣|塅|夺|奪,35,False,起,6.440,起,1,True,起,False,False,False,True,False,False,False,False,False
M2_0030,syllable/stt2_page_0192_c09_161.png,stt2,page_0192,9,𭰖,nước,,SYLLABLE,nghia_consensus,"[196, 1764, 305, 1891]",110,156,|匿|國|娘|搩|於|渃|珠|箸|著|𣋐|𣥧|𫭔,13,False,```,8.676,,0,False,,False,False,False,False,False,False,False,False,True
M2_0031,syllable/stt2_page_0272_c01_010.png,stt2,page_0272,1,百,làm,,SYLLABLE,nghia_consensus,"[1445, 1444, 1568, 1570]",141,152,|乄|滥|漤|濫|灠|爪|爫|藍|㕚|𣩂|𣽦|𪵯|𫜵|𬈋|󰥎|󱛝,17,False,,38.692,,0,False,,False,False,False,False,False,True,False,False,True
M2_0032,silver/stt2_page_0210_c02_023.png,stt2,page_0210,2,放,nhớ,汝,SILVER,s2_inter_s3_corrected,"[1318, 990, 1423, 1118]",107,134,仌|女|汝|洳|渚|𠯆|𢖵|𢘾|𪡑|𫺈|𬈋,11,False,```markdown  ```,37.605,,0,False,,False,False,False,False,False,False,True,False,True
M2_0033,silver/stt2_page_0102_c09_180.png,stt2,page_0102,9,底,đêm,店,SILVER,s2_inter_s3_corrected,"[206, 1630, 312, 1746]",115,134,又|坫|奌|店|最|胋|點|㸃|䏦|𡖵|𣈔|𣈘|𣈜|𣎀|󰄜|󱤤,16,False,,0.731,,0,False,,False,False,False,False,False,True,False,False,True
M2_0034,syllable/stt2_page_0242_c04_054.png,stt2,page_0242,4,冬,các,,SYLLABLE,nghia_consensus_tu_silver,"[986, 556, 1105, 687]",143,159,各|合|恪|搁|擱|斠|格|榷|琾|硌|胳|袼|鉻|铬|閣|閤|阁|𬮤|挃|茖|詻,21,False,,0.803,,0,False,,False,False,False,False,False,True,False,False,True
M2_0035,syllable/stt2_page_0034_c02_033.png,stt2,page_0034,2,直,nghe,,SYLLABLE,nghia_consensus_tu_silver,"[1257, 1699, 1363, 1819]",90,143,儀|冝|宐|宜|浪|牐|義|賖|㝖|𠖃|𠣨|𠵌|𡧧|𡨆|𡪀|𡪏|𢪀|𣦍|𥪺|𥫃|𦖑|𬆄|󰽿|󱱀,24,False,,0.623,,0,False,,False,False,False,False,False,True,False,False,True
M2_0036,syllable/stt2_page_0138_c04_074.png,stt2,page_0138,4,吞,trời,,SYLLABLE,nghia_consensus_tu_silver,"[1005, 1129, 1111, 1242]",123,139,|俼|天|旹|𠅜|𠳒|𡗶|𢚸|𣈗|𫯝|𫶸|󱞿|沈,13,False,,0.666,,0,False,,False,False,False,False,False,True,False,False,True
M2_0037,silver/stt2_page_0164_c08_130.png,stt2,page_0164,8,履,răng,浪,SILVER,s2_inter_s3_corrected,"[385, 1641, 492, 1769]",131,153,|𲎩|凌|夌|浪|淩|齿|𦝄|𦢠|𪘵|𪤽|𫆢|𬹸|󰌻|󰛈|󱆋,16,False,,0.875,,0,False,,False,False,False,False,False,True,False,False,True
M2_0038,syllable/stt2_page_0228_c09_147.png,stt2,page_0228,9,𠬧,song,,SYLLABLE,nghia_consensus_tu_silver,"[245, 488, 354, 605]",135,145,双|囍|囪|囱|愯|摐|淙|滝|漴|牎|牕|窓|窗|窻|葱|蔥|衝|雙|㕠|㧐|㩳|㳥|䆫|䓗|䨇|䨥|𠂨|𠼾|𢅻|𢚱|𣙩|𣳔|𤗄|𤗉|𥦗|𥦾|𦯎|𦴜|𧁗|𧄐|𩀝|𩀱|𩆿|𩽧|𫁷|󰏻|󲘟,47,False,```,0.703,,0,False,,False,False,False,False,False,False,False,False,True
M2_0039,silver/stt2_page_0318_c07_129.png,stt2,page_0318,7,極,su,秋,SILVER,s2_inter_s3_corrected,"[550, 1700, 668, 1831]",104,161,樞|秋|毹|毺|穌|芇|芻|蒭|蘇|蘓|㮲,11,False,,0.724,,0,False,,False,False,False,False,False,True,False,False,True
M2_0040,syllable/stt2_page_0114_c03_051.png,stt2,page_0114,3,𠇭,mình,,SYLLABLE,nghia_consensus,"[1144, 1379, 1251, 1489]",130,134,命|明|春|珄|舍|𠇮|𠵴|𨉓|𨉟|󰇕|󰳁|󱝬,12,False,,0.684,,0,False,,False,False,False,False,False,True,False,False,True
M2_0041,syllable/stt2_page_0160_c04_069.png,stt2,page_0160,4,知,đức,,SYLLABLE,nghia_consensus,"[966, 1878, 1076, 2006]",134,155,|𱐩|𱝮|徳|德|恴|悳|惪|㤫|㥀|㥁|䙷|𢛳|𢜖|𢠀|𢤊|𨗌|𨗤|𭲖|󰆙|󱉎,21,False,歸,0.918,歸,1,True,歸,False,False,False,True,False,False,False,False,False
M2_0042,syllable/stt2_page_0100_c08_145.png,stt2,page_0100,8,遥,lạ,,SYLLABLE,nghia_consensus,"[359, 2169, 460, 2279]",119,132,|吕|呂|囉|異|罗|羅|莒|逻|邏|𡄀|𡆗|𡚎|𤳧|𤴏|𦋝|𦌴|𦍉|𨓐|𨔍|𪡔|𬏘|𬨨|󰑼|󰬦|󱟃|󱨹|󱨺|呂,29,False,,0.628,,0,False,,False,False,False,False,False,True,False,False,True
M2_0043,syllable/stt2_page_0134_c05_097.png,stt2,page_0134,5,及,chịu,,SYLLABLE,nghia_consensus_tu_silver,"[851, 1553, 956, 1671]",129,141,受|召|邵|𠮥|𠮦|𠹾|𠺥|𥃝,8,False,,0.693,,0,False,,False,False,False,False,False,True,False,False,True
M2_0044,syllable/stt2_page_0178_c07_128.png,stt2,page_0178,7,族,ai,,SYLLABLE,nghia_consensus,"[561, 2292, 664, 2419]",112,150,ヌ|些|偯|剴|匕|哀|哎|唉|嗳|噯|埃|娭|它|挨|捱|捽|欸|絯|誒|诶|鎄|鑀|锿|㗒|𠳒|𢖵|𢜺|𢰇|霭|靄,30,False,```markdown  ```,0.845,,0,False,,False,False,False,False,False,False,True,False,True
M2_0045,syllable/stt2_page_0176_c05_075.png,stt2,page_0176,5,入,ấy,,SYLLABLE,nghia_consensus,"[818, 494, 930, 611]",138,145,𱍸|乙|倚|噫|娎|帝|悥|意|憶|椅|衣|衤|𠂎|𠋣|𠶷|𢡃|𧘇|𪬫|𫢚|󰀎|󱦝|󱰁|啩|怪|掛|撌|癸|紙|𠶔|𢫞|𢯗|𥿗,32,False,,0.841,,0,False,,False,False,False,False,False,True,False,False,True
M2_0046,syllable/stt2_page_0080_c09_165.png,stt2,page_0080,9,尒,làm,,SYLLABLE,nghia_consensus,"[226, 1120, 327, 1248]",89,157,|乄|滥|漤|濫|灠|爪|爫|藍|㕚|𣩂|𣽦|𪵯|𫜵|𬈋|󰥎|󱛝,17,False,,0.597,,0,False,,False,False,False,False,False,True,False,False,True
M2_0047,syllable/stt2_page_0152_c02_029.png,stt2,page_0152,2,而,làm,,SYLLABLE,nghia_consensus,"[1287, 1220, 1388, 1333]",96,132,|乄|滥|漤|濫|灠|爪|爫|藍|㕚|𣩂|𣽦|𪵯|𫜵|𬈋|󰥎|󱛝,17,False,,0.539,,0,False,,False,False,False,False,False,True,False,False,True
M2_0048,silver/stt2_page_0024_c06_114.png,stt2,page_0024,6,福,xu,樞,SILVER,s2_inter_s3_corrected,"[654, 913, 754, 1025]",112,134,姝|搊|枢|樞|犓|縐|趋|趍|趣|趨|跢|鯫|𧻫|𧻬|𧼜|𧾶|𨃘|𫆃|𫆉,19,False,,0.648,,0,False,,False,False,False,False,False,True,False,False,True
M2_0049,syllable/stt2_page_0130_c02_027.png,stt2,page_0130,2,詩,thì,,SYLLABLE,nghia_consensus_tu_silver,"[1296, 856, 1400, 968]",111,136,𱢑|匙|埘|塒|寺|峕|常|提|时|旹|時|晨|曟|榯|氏|畤|秲|茄|莳|蒔|辰|鍉|鰣|鲥|㔭|㫑|㫭|㮛|䈕|䢈|𠨱|𠨷|𠩐|𠩟|𠱾|𡗶|𡺈|𡺞|𢁈|𣅱|𣈜|𥊘|𥫽|𦔌|𦱎|𦱗|𦸎|𨑃|𨑄|𨥌|𩶬|𪰛|𬀦|󰣡|󱞑|㖘,56,False,,0.546,,0,False,,False,False,False,False,False,True,False,False,True
M2_0050,syllable/stt2_page_0262_c04_074.png,stt2,page_0262,4,河,a,,SYLLABLE,nghia_consensus,"[978, 2135, 1084, 2253]",121,133,丫|了|亜|亞|兮|呀|呵|哑|啊|啞|嗄|堊|妸|娿|婀|婐|婭|客|屙|惡|枒|桠|椏|狣|疴|痾|訶|鈳|錏|錒|铔|锕|阿|雅|鴉|鵶|鸦|䢝|𠄮|𠲞|𣉩|𣏎|𩭯|𩿗|𪀨|𪀹|也|价|伽|假|價|剐|剮|叚|吔|吖|咖|啫|夏|嫁|寡|寫|惈|拁|斝|果|架|枷|柘|查|榎|槚|檟|液|珈|痂|稼|笳|箸|篾|粿|者|茄|菓|葭|蔗|蜾|賈|贾|赭|跏|輠|过|这|迦|這|過|遮|錁|锞|駕|驾|鷓|鹧|㨋|𣂃|𣨕|𥳅|𦁹|𦓅|𦩳|𧵟|𨔾|𩾷|𪇍|𪝪|𪢆|𫅷,118,False,,0.631,,0,False,,False,False,False,False,False,True,False,False,True
M2_0051,silver/stt2_page_0236_c03_037.png,stt2,page_0236,3,極,su,樞,SILVER,s2_inter_s3_corrected,"[1137, 552, 1246, 682]",100,150,樞|秋|毹|毺|穌|芇|芻|蒭|蘇|蘓|㮲,11,False,,0.623,,0,False,,False,False,False,False,False,True,False,False,True
M2_0052,silver/stt2_page_0058_c01_009.png,stt2,page_0058,1,安,cùng,共,SILVER,s2_inter_s3_corrected,"[1442, 1286, 1541, 1397]",95,128,供|共|其|塘|廾|弯|強|拱|拲|珙|穷|穹|窮|竆|藭|蛩|蛬|邛|䓖|䠻|𠔏|𡀳|𡃕|𥧺|𥨪|𦱹|𧅉|𧅓|𧉨|𧊡|𧊮|𧋄|𧋯|𧋳|𧌪|𧎦|𧏒|𨉺|𩇿|󰠃|棩|筇|跫|銎,44,False,```markdown  ```,0.652,,0,False,,False,False,False,False,False,False,True,False,True
M2_0053,syllable/stt2_page_0218_c01_004.png,stt2,page_0218,1,常,và,,SYLLABLE,nghia_consensus,"[1456, 902, 1564, 1031]",113,159,叵|吧|和|喡|巴|為|頗|𠄧|𡂄|𡝕|𢯓|𢯠|𢽼|𣀟|𩑼|𪽡|𬏓,17,False,```markdown  ```,0.849,,0,False,,False,False,False,False,False,False,True,False,True
M2_0054,syllable/stt2_page_0022_c08_155.png,stt2,page_0022,8,居,nước,,SYLLABLE,nghia_consensus_tu_silver,"[372, 1488, 475, 1602]",96,140,|匿|國|娘|搩|於|渃|珠|箸|著|𣋐|𣥧|𫭔,13,False,,0.600,,0,False,,False,False,False,False,False,True,False,False,True
M2_0055,syllable/stt2_page_0132_c05_084.png,stt2,page_0132,5,仪,ấy,,SYLLABLE,nghia_consensus_tu_silver,"[788, 483, 900, 589]",138,130,𱍸|乙|倚|噫|娎|帝|悥|意|憶|椅|衣|衤|𠂎|𠋣|𠶷|𢡃|𧘇|𪬫|𫢚|󰀎|󱦝|󱰁|啩|怪|掛|撌|癸|紙|𠶔|𢫞|𢯗|𥿗,32,False,nue,0.760,,0,False,,False,False,False,False,False,False,True,False,True
M2_0056,syllable/stt2_page_0030_c06_133.png,stt2,page_0030,6,吞,trời,,SYLLABLE,nghia_consensus,"[670, 2447, 766, 2545]",118,120,|俼|天|旹|𠅜|𠳒|𡗶|𢚸|𣈗|𫯝|𫶸|󱞿|沈,13,False,```markdown  ```,0.745,,0,False,,False,False,False,False,False,False,True,False,True
M2_0057,syllable/stt2_page_0250_c07_131.png,stt2,page_0250,7,入,ấy,,SYLLABLE,nghia_consensus_tu_silver,"[556, 2417, 669, 2535]",110,130,𱍸|乙|倚|噫|娎|帝|悥|意|憶|椅|衣|衤|𠂎|𠋣|𠶷|𢡃|𧘇|𪬫|𫢚|󰀎|󱦝|󱰁|啩|怪|掛|撌|癸|紙|𠶔|𢫞|𢯗|𥿗,32,False,,0.585,,0,False,,False,False,False,False,False,True,False,False,True
M2_0058,syllable/stt2_page_0170_c02_033.png,stt2,page_0170,2,而,làm,,SYLLABLE,nghia_consensus,"[1293, 2107, 1397, 2233]",110,156,|乄|滥|漤|濫|灠|爪|爫|藍|㕚|𣩂|𣽦|𪵯|𫜵|𬈋|󰥎|󱛝,17,False,八,0.733,八,1,True,八,False,False,False,True,False,False,False,False,False
M2_0059,syllable/stt2_page_0122_c05_093.png,stt2,page_0122,5,𭮀,pha,,SYLLABLE,nghia_consensus_tu_silver,"[833, 1128, 935, 1241]",112,115,叵|坡|岥|披|波|玻|皅|破|簸|翍|芭|苩|萉|葩|陂|頗|颇|㓟|㩺|䔤|𠠉|𠶊|𤇨|𤿎|𤿐|𥸨|𦺂|𨸭|𩑼,29,False,```markdown  ```,0.703,,0,False,,False,False,False,False,False,False,True,False,True
M2_0060,syllable/stt2_page_0050_c01_004.png,stt2,page_0050,1,而,làm,,SYLLABLE,nghia_consensus,"[1452, 849, 1553, 959]",96,132,|乄|滥|漤|濫|灠|爪|爫|藍|㕚|𣩂|𣽦|𪵯|𫜵|𬈋|󰥎|󱛝,17,False,,0.546,,0,False,,False,False,False,False,False,True,False,False,True
M2_0061,silver/stt2_page_0092_c08_163.png,stt2,page_0092,8,屰,nào,市,SILVER,s2_inter_s3_corrected,"[367, 562, 468, 662]",108,123,|𱜢|儍|市|惱|牢|羅|芇|芾|閙|闹|鬧|㝹|𠅈|𠆴|𠇰|𡗚|𢂂|𦬝|𨶂|𫮇|󰅹,22,False,,0.615,,0,False,,False,False,False,False,False,True,False,False,True
M2_0062,syllable/stt2_page_0206_c07_115.png,stt2,page_0206,7,喀,hai,,SYLLABLE,nghia_consensus,"[534, 586, 639, 712]",112,150,|侼|台|咍|怡|檯|瓵|臺|邰|颱|鮐|㣍|𠄩|𠄽|𠘭|𡐬|𪱜|󰀘,18,False,```markdown  ```,0.793,,0,False,,False,False,False,False,False,False,True,False,True
M2_0063,syllable/stt2_page_0118_c03_047.png,stt2,page_0118,3,逆,lại,,SYLLABLE,nghia_consensus_tu_silver,"[1128, 634, 1230, 740]",86,128,使|來|俫|倈|勑|厉|厲|又|叓|右|叹|吏|嬾|尼|徕|徠|懒|懶|束|濑|瀨|瘌|癘|癞|癩|皮|籁|籟|耒|藾|襰|賚|賴|赉|赖|辣|頼|顂|類|㐌|㕝|㾢|䊪|𠘝|𠻇|𡯅|𢋷|𥛉|𧡽|𧶘|𧶛|𧷖|𩓃|𫣚|𬃻,55,False,,0.481,,0,False,,False,False,False,False,False,True,False,False,True
M2_0064,syllable/stt2_page_0244_c02_027.png,stt2,page_0244,2,而,làm,,SYLLABLE,nghia_consensus,"[1297, 1416, 1410, 1465]",112,59,|乄|滥|漤|濫|灠|爪|爫|藍|㕚|𣩂|𣽦|𪵯|𫜵|𬈋|󰥎|󱛝,17,False,```markdown  ```,0.413,,0,False,,False,False,False,False,False,False,True,False,True
M2_0065,syllable/stt2_page_0322_c05_091.png,stt2,page_0322,5,餘,thờ,,SYLLABLE,nghia_consensus,"[831, 1831, 969, 1958]",123,147,𰨂|俆|徐|悇|扵|承|於|烏|祀|祠|蜍|蠩|賒|踈|除|䜹|𠄜|𣱏|𤋬|𤕘|𥚤|𨑦|𫀟|󰯺|󱡖,25,False,,0.758,,0,False,,False,False,False,False,False,True,False,False,True
M2_0066,syllable/stt2_page_0220_c02_021.png,stt2,page_0220,2,馬,vì,,SYLLABLE,nghia_consensus,"[1276, 684, 1377, 808]",108,152,位|為|爲|𠸠|𡸏|𦥮|󰩄,7,False,```markdown  ```,0.780,,0,False,,False,False,False,False,False,False,True,False,True
M2_0067,silver/stt2_page_0278_c08_144.png,stt2,page_0278,8,𡜞,em,㛪,SILVER,s2_inter_s3_corrected,"[376, 1111, 489, 1222]",121,124,俺|奄|腌|英|醃|骯|㛪|𠲖|𦛞|𦜽|𦞴|𦟩|𨉚|𫸽|讒|𡅩,16,False,```markdown  ```,0.730,,0,False,,False,False,False,False,False,False,True,False,True
M2_0068,silver/stt2_page_0016_c05_094.png,stt2,page_0016,5,面,phô,甫,SILVER,s2_inter_s3_corrected,"[808, 1061, 913, 1155]",129,116,哺|堡|尃|庯|怤|抪|捕|敷|旉|甫|痡|舖|舗|逋|鋪|铺|餔|鯆|㕮|㩤|𠁃|𢾭|𢾾|𥤔|𪢜|潽,26,False,```markdown  ```,0.693,,0,False,,False,False,False,False,False,False,True,False,True
M2_0069,silver/stt2_page_0264_c04_074.png,stt2,page_0264,4,之,đời,匕,SILVER,s2_inter_s3_corrected,"[975, 1653, 1090, 1765]",92,138,世|代|匕|圅|𠁀|𫢫|󱏙,7,False,,0.568,,0,False,,False,False,False,False,False,True,False,False,True
M2_0070,silver/stt2_page_0036_c01_009.png,stt2,page_0036,1,隨,đoạn,段,SILVER,s2_inter_s3_corrected,"[1415, 1325, 1519, 1443]",94,145,断|斷|椴|段|毈|碫|籪|緞|缎|腶|鍛|锻|㫁|𠜷|𠝅|𠡱|𠩻|𠪅|𠸿|𣂢|𣂣|𣂱|𣂸|𣂾|𣃔|𣦕|𣦙|𦂰|𩏇|𭮫|󰞂|󰠣|塅|夺|奪,35,False,hu,0.634,,0,False,,False,False,False,False,False,False,True,False,True
M2_0071,syllable/stt2_page_0330_c05_084.png,stt2,page_0330,5,羅,trước,,SYLLABLE,nghia_consensus,"[830, 971, 945, 1102]",105,161,||𱐨|𱏯|斮|櫡|略|畧|着|竹|箸|苉|著|訳|㗉|𠓀|𠠩|𣋐|𣥧|𨍦|𨎟|𨎠|𫏾|𬧻|󰁡|󰠈|󱈘|󱙹|𠓍,29,False,,0.745,,0,False,,False,False,False,False,False,True,False,False,True
M2_0072,syllable/stt2_page_0182_c02_024.png,stt2,page_0182,2,馬,vì,,SYLLABLE,nghia_consensus,"[1280, 1147, 1394, 1289]",131,171,位|為|爲|𠸠|𡸏|𦥮|󰩄,7,False,.,0.921,,0,False,,False,False,False,False,False,False,False,False,True
M2_0073,syllable/stt2_page_0326_c05_081.png,stt2,page_0326,5,夜,lời,,SYLLABLE,nghia_consensus,"[829, 561, 944, 686]",117,151,例|俐|分|利|吝|唎|坘|塁|痢|行|調|𠅜|𠇮|𠜫|𠳐|𠳒|𡗶|𢈱|𢚸|𥒥|𥝢|𥝤|𫜗|󰂫|󰢊|󱊻|唩,27,False,```markdown  ```,0.880,,0,False,,False,False,False,False,False,False,True,False,True
M2_0074,syllable/stt2_page_0304_c07_132.png,stt2,page_0304,7,𫝰,xuống,,SYLLABLE,nghia_consensus,"[546, 1879, 657, 2003]",108,138,|下|笹|𠁑|𠖈|𡬈|𨑜|𪧍|𫳭|𫴋|𬕹|𬺗|󰞘|󰡎|󱚏|󱟫|󱪞,17,False,,0.612,,0,False,,False,False,False,False,False,True,False,False,True
M2_0075,syllable/stt2_page_0202_c06_101.png,stt2,page_0202,6,𡚶,ăn,,SYLLABLE,nghia_consensus_tu_silver,"[707, 821, 818, 961]",116,172,吿|咹|安|𩛖|𫃀|𫗒,6,False,,0.854,,0,False,,False,False,False,False,False,True,False,False,True
M2_0076,syllable/stt2_page_0108_c09_161.png,stt2,page_0108,9,行,đức,,SYLLABLE,nghia_consensus,"[253, 2100, 350, 2215]",99,141,|𱐩|𱝮|徳|德|恴|悳|惪|㤫|㥀|㥁|䙷|𢛳|𢜖|𢠀|𢤊|𨗌|𨗤|𭲖|󰆙|󱉎,21,False,,0.558,,0,False,,False,False,False,False,False,True,False,False,True
M2_0077,syllable/stt2_page_0064_c02_023.png,stt2,page_0064,2,䍐,ra,,SYLLABLE,nghia_consensus_tu_silver,"[1283, 753, 1386, 871]",112,144,||||𱜂|出|加|囉|囖|威|廾|歯|羅|群|蔞|𠚢|𦉼|𦋦|𪜀|𪞷|𪡔|𫥧|𫥨|𬎷|𬙛|󰑼|󰑾|󰔏|󰝋|󰮤|󰯊|󰲺|󱈮|󱚓|󱜐|󱡾|󱤂,37,False,,0.664,,0,False,,False,False,False,False,False,True,False,False,True
M2_0078,syllable/stt2_page_0084_c05_099.png,stt2,page_0084,5,䍐,ra,,SYLLABLE,nghia_consensus_tu_silver,"[827, 1648, 937, 1767]",116,140,||||𱜂|出|加|囉|囖|威|廾|歯|羅|群|蔞|𠚢|𦉼|𦋦|𪜀|𪞷|𪡔|𫥧|𫥨|𬎷|𬙛|󰑼|󰑾|󰔏|󰝋|󰮤|󰯊|󰲺|󱈮|󱚓|󱜐|󱡾|󱤂,37,False,,0.689,,0,False,,False,False,False,False,False,True,False,False,True
M2_0079,silver/stt2_page_0266_c08_150.png,stt2,page_0266,8,股,đoạn,段,SILVER,s2_inter_s3_corrected,"[394, 2119, 507, 2224]",117,121,断|斷|椴|段|毈|碫|籪|緞|缎|腶|鍛|锻|㫁|𠜷|𠝅|𠡱|𠩻|𠪅|𠸿|𣂢|𣂣|𣂱|𣂸|𣂾|𣃔|𣦕|𣦙|𦂰|𩏇|𭮫|󰞂|󰠣|塅|夺|奪,35,False,,0.635,,0,False,,False,False,False,False,False,True,False,False,True
M2_0080,syllable/stt2_page_0286_c02_029.png,stt2,page_0286,2,辰,rằng,,SYLLABLE,nghia_consensus_tu_silver,"[1280, 1726, 1403, 1869]",141,174,哏|哴|喨|坺|娘|払|浪|㖫|𠳒|𠺘|𤎔|𪘵,12,False,,0.992,,0,False,,False,False,False,False,False,True,False,False,True
M2_0081,syllable/stt2_page_0074_c01_007.png,stt2,page_0074,1,罪,là,,SYLLABLE,nghia_consensus,"[1430, 1145, 1533, 1266]",105,149,||𱺵|卥|号|囉|容|廾|時|浪|纙|罗|羅|買|邏|㼈|𢌬|𦉼|𦋝|𦌴|𦲿|𨔍|𪜀|𪡔|𫥨|𬗢|󰀳|󰐥|󰑼|󱜐|󱧭,31,False,,0.670,,0,False,,False,False,False,False,False,True,False,False,True
M2_0082,syllable/stt2_page_0174_c08_142.png,stt2,page_0174,8,䓁,toan,,SYLLABLE,nghia_consensus_tu_silver,"[388, 1002, 494, 1137]",117,167,|撰|散|櫲|狻|痠|祘|笇|筭|算|酸|鑽|䝜|𡀜|𢌺|𤷥|𥫫|𥮅|𨢽|𨣪|𪊴|󰛿|󰝺,23,False,,0.817,,0,False,,False,False,False,False,False,True,False,False,True
M2_0083,syllable/stt2_page_0306_c06_113.png,stt2,page_0306,6,技,giê,,SYLLABLE,nghia_consensus_tu_silver,"[706, 2105, 817, 2229]",112,151,搘|支|枝|梔|肢|𠦙|𡽒|𢺶|𣏃,9,False,,0.743,,0,False,,False,False,False,False,False,True,False,False,True
M2_0084,syllable/stt2_page_0208_c01_019.png,stt2,page_0208,1,六,làm,,SYLLABLE,nghia_consensus,"[1451, 2292, 1555, 2413]",93,140,|乄|滥|漤|濫|灠|爪|爫|藍|㕚|𣩂|𣽦|𪵯|𫜵|𬈋|󰥎|󱛝,17,False,,0.614,,0,False,,False,False,False,False,False,True,False,False,True
M2_0085,syllable/stt2_page_0216_c08_140.png,stt2,page_0216,8,賦,giặc,,SYLLABLE,nghia_consensus_tu_silver,"[407, 788, 517, 921]",125,163,勢|弋|戝|杙|蠈|賊|隿|黓|㚤|𢍺|𧒿|𧵪|𧶱|𨾍|𩾢,15,False,,0.828,,0,False,,False,False,False,False,False,True,False,False,True
M2_0086,silver/stt2_page_0044_c06_125.png,stt2,page_0044,6,達,trên,連,SILVER,s2_inter_s3_corrected,"[658, 2206, 762, 2333]",125,157,|珕|蓮|連|𨑗|𨕭|𨖲|𬨺|󰓱,9,False,,0.774,,0,False,,False,False,False,False,False,True,False,False,True
M2_0087,syllable/stt2_page_0088_c05_084.png,stt2,page_0088,5,依,ấy,,SYLLABLE,nghia_consensus_tu_silver,"[828, 559, 932, 662]",117,124,𱍸|乙|倚|噫|娎|帝|悥|意|憶|椅|衣|衤|𠂎|𠋣|𠶷|𢡃|𧘇|𪬫|𫢚|󰀎|󱦝|󱰁|啩|怪|掛|撌|癸|紙|𠶔|𢫞|𢯗|𥿗,32,False,```markdown  ```,0.766,,0,False,,False,False,False,False,False,False,True,False,True
M2_0088,silver/stt2_page_0156_c09_176.png,stt2,page_0156,9,合,ấy,衣,SILVER,s2_inter_s3_corrected,"[217, 2282, 320, 2408]",90,156,𱍸|乙|倚|噫|娎|帝|悥|意|憶|椅|衣|衤|𠂎|𠋣|𠶷|𢡃|𧘇|𪬫|𫢚|󰀎|󱦝|󱰁|啩|怪|掛|撌|癸|紙|𠶔|𢫞|𢯗|𥿗,32,False,,0.597,,0,False,,False,False,False,False,False,True,False,False,True
M2_0089,syllable/stt2_page_0086_c06_113.png,stt2,page_0086,6,万,đức,,SYLLABLE,nghia_consensus,"[695, 578, 796, 681]",108,126,|𱐩|𱝮|徳|德|恴|悳|惪|㤫|㥀|㥁|䙷|𢛳|𢜖|𢠀|𢤊|𨗌|𨗤|𭲖|󰆙|󱉎,21,False,,0.585,,0,False,,False,False,False,False,False,True,False,False,True
M2_0090,syllable/stt2_page_0014_c06_115.png,stt2,page_0014,6,𡰱,chịu,,SYLLABLE,nghia_consensus,"[670, 785, 768, 885]",71,123,受|召|邵|𠮥|𠮦|𠹾|𠺥|𥃝,8,False,```,0.471,,0,False,,False,False,False,False,False,False,False,False,True
M2_0091,silver/stt2_page_0140_c01_010.png,stt2,page_0140,1,房,nước,渃,SILVER,s2_inter_s3_corrected,"[1415, 1429, 1523, 1554]",117,155,|匿|國|娘|搩|於|渃|珠|箸|著|𣋐|𣥧|𫭔,13,False,,0.658,,0,False,,False,False,False,False,False,True,False,False,True
M2_0092,syllable/stt2_page_0040_c09_173.png,stt2,page_0040,9,志,thăng,,SYLLABLE,nghia_consensus,"[256, 650, 354, 764]",73,125,勝|升|呏|堘|塍|斘|昇|胜|阩|陞|陹|鼟|㚈|𦫵|𧿘|𨁠,16,False,```markdown  ```,0.566,,0,False,,False,False,False,False,False,False,True,False,True
M2_0093,syllable/stt2_page_0312_c03_048.png,stt2,page_0312,3,而,làm,,SYLLABLE,nghia_consensus,"[1145, 916, 1243, 1024]",95,121,|乄|滥|漤|濫|灠|爪|爫|藍|㕚|𣩂|𣽦|𪵯|𫜵|𬈋|󰥎|󱛝,17,False,274,0.599,,0,False,,False,False,False,False,False,False,False,False,True
M2_0094,syllable/stt2_page_0204_c04_067.png,stt2,page_0204,4,吞,trời,,SYLLABLE,nghia_consensus_tu_silver,"[975, 1735, 1078, 1869]",115,166,|俼|天|旹|𠅜|𠳒|𡗶|𢚸|𣈗|𫯝|𫶸|󱞿|沈,13,False,,0.840,,0,False,,False,False,False,False,False,True,False,False,True
M2_0095,syllable/stt2_page_0026_c08_148.png,stt2,page_0026,8,妃,bà,,SYLLABLE,nghia_consensus,"[373, 1132, 468, 1244]",109,138,𱙘|嘙|堏|壩|妑|婆|把|掱|搫|朳|杷|欛|波|潖|爬|琶|番|皤|磻|粑|繁|耙|袙|跁|鄱|鈀|靶|䎱|𣚒|𣞻|𤧲|𩚥|󰜏|󱦗|󱳠|爸,36,False,,0.619,,0,False,,False,False,False,False,False,True,False,False,True
M2_0096,syllable/stt2_page_0232_c01_010.png,stt2,page_0232,1,署,rô,,SYLLABLE,nghia_consensus,"[1459, 1479, 1567, 1607]",106,139,噜|嚕|魲|鮋|鯈|鱸|𩼁|𩽬|𫙔|𬠩|󱅫,11,False,,0.614,,0,False,,False,False,False,False,False,True,False,False,True
M2_0097,syllable/stt2_page_0060_c01_019.png,stt2,page_0060,1,詩,thì,,SYLLABLE,nghia_consensus_tu_silver,"[1431, 2322, 1541, 2431]",106,132,𱢑|匙|埘|塒|寺|峕|常|提|时|旹|時|晨|曟|榯|氏|畤|秲|茄|莳|蒔|辰|鍉|鰣|鲥|㔭|㫑|㫭|㮛|䈕|䢈|𠨱|𠨷|𠩐|𠩟|𠱾|𡗶|𡺈|𡺞|𢁈|𣅱|𣈜|𥊘|𥫽|𦔌|𦱎|𦱗|𦸎|𨑃|𨑄|𨥌|𩶬|𪰛|𬀦|󰣡|󱞑|㖘,56,False,,0.619,,0,False,,False,False,False,False,False,True,False,False,True
M2_0098,syllable/stt2_page_0048_c04_058.png,stt2,page_0048,4,案,và,,SYLLABLE,nghia_consensus_tu_silver,"[965, 1283, 1072, 1392]",131,135,叵|吧|和|喡|巴|為|頗|𠄧|𡂄|𡝕|𢯓|𢯠|𢽼|𣀟|𩑼|𪽡|𬏓,17,False,,0.639,,0,False,,False,False,False,False,False,True,False,False,True
M2_0099,silver/stt2_page_0190_c01_001.png,stt2,page_0190,1,啻,li,离,SILVER,s2_inter_s3_corrected,"[1415, 587, 1511, 709]",105,150,剺|厘|喱|囁|嫠|孋|廛|彲|斄|杝|氂|漓|灕|牦|犛|狸|琍|璃|瓈|瓼|离|筣|篱|籬|縭|纚|缡|罹|聶|萊|蓠|蘺|螭|褵|讘|貍|郦|酈|醨|釐|離|驪|骊|髦|魑|鱺|鲡|鸝|鹂|黎|黐|黧|㰚|㲠|䅻|䵩|𠩺|𡟋|𡠉|𡪂|𢥈|𣭭|𣮋|𣯕|𣯛|𣯷|𤚐|𤚜|𤛆|𤛖|𦌐|𧴔|𨤭|𨤲|𨤺|𨾫|𨿯|𩀌|𩁄|𩁟|𩣫|𩧋|𪁐|𪅆|𪅌|𪅗|𪆜|𪇺|𪇾|𪈳|𪈹|𪑢|𪑤|𪒁|𪒅|𪒚|𪒨|𪒺|𭀖|󰡞|丽|兣|劙|哩|漦|犁|縰|莉|逦|邐|鵹|麗|麶,113,False,```,0.753,,0,False,,False,False,False,False,False,False,False,False,True
M2_0100,silver/stt2_page_0260_c05_076.png,stt2,page_0260,5,女,cũng,共,SILVER,s2_inter_s3_corrected,"[840, 453, 957, 573]",137,142,亦|供|共|吏|垬|廾|拱|拲|珙|龔|㤨|𠔏|𦱹|𩇿|𩛘|󰟔|󰠃,17,False,,0.690,,0,False,,False,False,False,False,False,True,False,False,True
M2_0101,syllable/stt2_page_0158_c05_079.png,stt2,page_0158,5,知,đức,,SYLLABLE,nghia_consensus,"[847, 488, 957, 595]",136,131,|𱐩|𱝮|徳|德|恴|悳|惪|㤫|㥀|㥁|䙷|𢛳|𢜖|𢠀|𢤊|𨗌|𨗤|𭲖|󰆙|󱉎,21,False,```markdown  ```,0.839,,0,False,,False,False,False,False,False,False,True,False,True
M2_0102,syllable/stt2_page_0316_c04_062.png,stt2,page_0316,4,入,ấy,,SYLLABLE,nghia_consensus_tu_silver,"[1016, 793, 1127, 925]",130,158,𱍸|乙|倚|噫|娎|帝|悥|意|憶|椅|衣|衤|𠂎|𠋣|𠶷|𢡃|𧘇|𪬫|𫢚|󰀎|󱦝|󱰁|啩|怪|掛|撌|癸|紙|𠶔|𢫞|𢯗|𥿗,32,False,,0.797,,0,False,,False,False,False,False,False,True,False,False,True
M2_0103,silver/stt2_page_0282_c03_058.png,stt2,page_0282,3,堪,khỏi,塊,SILVER,s2_inter_s3_corrected,"[1131, 2134, 1236, 2252]",102,136,|塊|瑰,3,False,,0.584,,0,False,,False,False,False,False,False,True,False,False,True
M2_0104,syllable/stt2_page_0020_c02_026.png,stt2,page_0020,2,詩,thì,,SYLLABLE,nghia_consensus,"[1261, 857, 1363, 980]",111,147,𱢑|匙|埘|塒|寺|峕|常|提|时|旹|時|晨|曟|榯|氏|畤|秲|茄|莳|蒔|辰|鍉|鰣|鲥|㔭|㫑|㫭|㮛|䈕|䢈|𠨱|𠨷|𠩐|𠩟|𠱾|𡗶|𡺈|𡺞|𢁈|𣅱|𣈜|𥊘|𥫽|𦔌|𦱎|𦱗|𦸎|𨑃|𨑄|𨥌|𩶬|𪰛|𬀦|󰣡|󱞑|㖘,56,False,```,0.725,,0,False,,False,False,False,False,False,False,False,False,True
M2_0105,syllable/stt2_page_0052_c06_100.png,stt2,page_0052,6,寿,thì,,SYLLABLE,nghia_consensus_tu_silver,"[674, 751, 777, 869]",127,146,𱢑|匙|埘|塒|寺|峕|常|提|时|旹|時|晨|曟|榯|氏|畤|秲|茄|莳|蒔|辰|鍉|鰣|鲥|㔭|㫑|㫭|㮛|䈕|䢈|𠨱|𠨷|𠩐|𠩟|𠱾|𡗶|𡺈|𡺞|𢁈|𣅱|𣈜|𥊘|𥫽|𦔌|𦱎|𦱗|𦸎|𨑃|𨑄|𨥌|𩶬|𪰛|𬀦|󰣡|󱞑|㖘,56,False,,0.746,,0,False,,False,False,False,False,False,True,False,False,True
M2_0106,syllable/stt2_page_0198_c02_019.png,stt2,page_0198,2,𭃡,xưa,,SYLLABLE,nghia_consensus_tu_silver,"[1255, 479, 1371, 599]",142,138,初|如|汖|㧅|䃼|䥚|𠁉|𠜆|𠫎|𠸗|𡔈|𢀯|𢀰|𣦂|𥘉|𥘋|𥘨|𫋶|󱊨|󱓽,20,False,```markdown  ```,0.911,,0,False,,False,False,False,False,False,False,True,False,True
M2_0107,syllable/stt2_page_0302_c02_038.png,stt2,page_0302,2,咽,nói,,SYLLABLE,nghia_consensus_tu_silver,"[1265, 2328, 1397, 2452]",134,148,內|内|叻|吶|呐|唁|尼|曰|訥|㐻|㕯|𠺶|𡗠|𧨣,14,False,,0.843,,0,False,,False,False,False,False,False,True,False,False,True
M2_0108,syllable/stt2_page_0120_c05_094.png,stt2,page_0120,5,架,thầy,,SYLLABLE,nghia_consensus_tu_silver,"[811, 1607, 922, 1721]",97,133,||偨|柴|祡|茈|賴|𪪀,8,False,,0.531,,0,False,,False,False,False,False,False,True,False,False,True
M2_0109,syllable/stt2_page_0038_c09_184.png,stt2,page_0038,9,隻,nghĩa,,SYLLABLE,nghia_consensus_tu_silver,"[232, 2401, 336, 2516]",128,138,|𱻊|义|儀|羛|義|解|誼|𠌾|󰒂,10,False,```markdown  ```,0.814,,0,False,,False,False,False,False,False,False,True,False,True
M2_0110,syllable/stt2_page_0112_c09_178.png,stt2,page_0112,9,庄,chắng,,SYLLABLE,nghia_consensus,"[222, 1320, 319, 1438]",87,132,𪭽,1,False,,0.541,,0,False,,False,False,False,False,False,True,False,False,True
M2_0111,syllable/stt2_page_0274_c06_121.png,stt2,page_0274,6,膏,le,,SYLLABLE,nghia_consensus_tu_silver,"[651, 2184, 761, 2308]",136,152,囄|离|藜|離|魑|黎|䅻|𠲥|𠻗|𨾫|𩀌|𪅆|𫤡|󰌑|󱪏,15,False,,0.861,,0,False,,False,False,False,False,False,True,False,False,True
M2_0112,silver/stt2_page_0276_c02_026.png,stt2,page_0276,2,屠,phú,富,SILVER,s2_inter_s3_corrected,"[1903, 1413, 2023, 1560]",111,170,仅|付|冨|副|咐|复|娬|富|復|覄|覆|賦|赋|䝾|䨱|𠖐|𧠃|𧵐|𧶣|𧷲|𩅧|狒,22,False,,0.813,,0,False,,False,False,False,False,False,True,False,False,True
M2_0113,syllable/stt2_page_0184_c01_005.png,stt2,page_0184,1,結,đi,,SYLLABLE,nghia_consensus,"[1466, 1023, 1570, 1157]",125,166,|多|岃|移|跢|迻|𠫾|𨀕|𪠞|𫺲,10,False,,0.902,,0,False,,False,False,False,False,False,True,False,False,True
M2_0114,syllable/stt2_page_0056_c09_189.png,stt2,page_0056,9,弄,toan,,SYLLABLE,nghia_consensus,"[229, 1228, 316, 1336]",84,130,|撰|散|櫲|狻|痠|祘|笇|筭|算|酸|鑽|䝜|𡀜|𢌺|𤷥|𥫫|𥮅|𨢽|𨣪|𪊴|󰛿|󰝺,23,False,```markdown  ```,0.565,,0,False,,False,False,False,False,False,False,True,False,True
M2_0115,silver/stt2_page_0098_c02_036.png,stt2,page_0098,2,𫠉,vì,為,SILVER,s2_inter_s3_corrected,"[1261, 1718, 1367, 1816]",120,119,位|為|爲|𠸠|𡸏|𦥮|󰩄,7,False,```markdown  ```,0.721,,0,False,,False,False,False,False,False,False,True,False,True
M2_0116,syllable/stt2_page_0284_c03_057.png,stt2,page_0284,3,氏,ấy,,SYLLABLE,nghia_consensus_tu_silver,"[1149, 2284, 1253, 2407]",77,151,𱍸|乙|倚|噫|娎|帝|悥|意|憶|椅|衣|衤|𠂎|𠋣|𠶷|𢡃|𧘇|𪬫|𫢚|󰀎|󱦝|󱰁|啩|怪|掛|撌|癸|紙|𠶔|𢫞|𢯗|𥿗,32,False,,0.587,,0,False,,False,False,False,False,False,True,False,False,True
M2_0117,syllable/stt2_page_0314_c05_096.png,stt2,page_0314,5,痒,còn,,SYLLABLE,nghia_consensus,"[846, 2230, 951, 2355]",128,143,|哙|喂|噲|存|羣|群|自|䭽|𠹩|𡥵|𫲳|󰅹|󱟟|󱫦,15,False,,0.736,,0,False,,False,False,False,False,False,True,False,False,True
M2_0118,silver/stt2_page_0146_c01_003.png,stt2,page_0146,1,色,vào,包,SILVER,s2_inter_s3_corrected,"[1464, 775, 1563, 893]",105,138,侟|入|冲|包|旦|桃|爫|瓢|皮|込|㼼|𠓨|𠬱|𠰎|𡰻|𣪉|𤕉|𤬟|𤬡|𤬢|𤬣|𤿌|𤿤|𥬖|󰏲|󰖓|󱚁|󱚢,28,False,,0.654,,0,False,,False,False,False,False,False,True,False,False,True
M2_0119,syllable/stt2_page_0072_c06_104.png,stt2,page_0072,6,妨,cô,,SYLLABLE,nghia_consensus,"[655, 1553, 756, 1671]",125,144,估|呱|咕|喿|夃|姑|嫴|孤|家|搰|柧|沽|泒|瓜|瘔|笟|箍|箛|篐|罛|胍|苦|苽|菇|菰|蛄|蛌|觙|觚|軱|軲|轂|轱|辜|逭|酤|鴣|鸪|㱠|䠉|䧸|𡱨|𡲞|𡿵|𢩍|𢪿|𢻄|𤿛|𥂰|𦍬|𦣮|𦱄|𧬕|𨐞|𨑀|𨙕|𩁧|𪆘|鈷|钴|骷,61,False,```markdown  ```,0.852,,0,False,,False,False,False,False,False,False,True,False,True
M2_0120,syllable/stt2_page_0252_c01_015.png,stt2,page_0252,1,裔,trời,,SYLLABLE,nghia_consensus,"[1450, 2163, 1564, 2301]",101,159,|俼|天|旹|𠅜|𠳒|𡗶|𢚸|𣈗|𫯝|𫶸|󱞿|沈,13,False,```markdown  ```,0.824,,0,False,,False,False,False,False,False,False,True,False,True
M2_0121,silver/stt2_page_0328_c05_085.png,stt2,page_0328,5,條,khác,恪,SILVER,s2_inter_s3_corrected,"[851, 1329, 1000, 1448]",171,147,吉|恪|悫|愘|愙|愨|慤|格|毃|确|㤩,11,False,,1.041,,0,False,,False,False,False,False,False,True,False,False,True
M2_0122,syllable/stt2_page_0096_c05_109.png,stt2,page_0096,5,祀,lấy,,SYLLABLE,nghia_consensus_tu_silver,"[845, 1974, 938, 2079]",102,120,|||以|娎|拟|礼|禮|穊|豊|蹺|𠃞|𢬦|𤔑|𥘆|𥙩|𥛉|𥜨|𥜪|𥝏|𫩉|󰜡|󰟵|󰭼,24,False,,0.489,,0,False,,False,False,False,False,False,True,False,False,True
M2_0123,syllable/stt2_page_0142_c08_137.png,stt2,page_0142,8,祀,lấy,,SYLLABLE,nghia_consensus,"[390, 798, 495, 925]",129,157,|||以|娎|拟|礼|禮|穊|豊|蹺|𠃞|𢬦|𤔑|𥘆|𥙩|𥛉|𥜨|𥜪|𥝏|𫩉|󰜡|󰟵|󰭼,24,False,,0.792,,0,False,,False,False,False,False,False,True,False,False,True
M2_0124,silver/stt2_page_0268_c01_019.png,stt2,page_0268,1,民,là,罗,SILVER,s2_inter_s3_corrected,"[1455, 2402, 1561, 2522]",112,130,||𱺵|卥|号|囉|容|廾|時|浪|纙|罗|羅|買|邏|㼈|𢌬|𦉼|𦋝|𦌴|𦲿|𨔍|𪜀|𪡔|𫥨|𬗢|󰀳|󰐥|󰑼|󱜐|󱧭,31,False,,0.586,,0,False,,False,False,False,False,False,True,False,False,True
M2_0125,silver/stt2_page_0324_c01_021.png,stt2,page_0324,1,师,phải,伂,SILVER,s2_inter_s3_corrected,"[1452, 2427, 1554, 2530]",91,115,仕|伂|塊|折|拜|拝|朝|沛|派|芾|霈|㳈|𡴬|𢪙|𢫶|𢮠|𢰛|𢱭|𢳎|𢴽|𢷎|𢹄|𣧙|𣬊|𣬓|𥙅|𨀪|𨀲|𨙶|𬆃,30,False,,0.489,,0,False,,False,False,False,False,False,True,False,False,True
M2_0126,syllable/stt2_page_0168_c04_070.png,stt2,page_0168,4,𫊫,tao,,SYLLABLE,nghia_consensus_tu_silver,"[968, 2061, 1083, 2199]",137,170,|傮|幍|慅|慒|掻|搔|曹|溞|糙|糟|繅|繰|缫|缲|臊|艘|蚤|蹧|遭|醩|鑿|騒|騷|骚|㮻|㿷|䖣|䗢|𠋺|𠑤|𢫼|𢭒|𢮞|𢸪|𣩒|𤔢|𥽹|𥽾|𦃐|𦏛|𦞢|𦞣|𦟅|𦠨|𦵩|𧈠|𧈡|𧎮|𧒮|𨗐|𨘜|𨙠|𨠷|𨣹|𨤇|𨤈|󰐌|唣|嘈|橝|漕|瘙|遁|遯|郕,66,False,,0.995,,0,False,,False,False,False,False,False,True,False,False,True
M2_0127,silver/stt2_page_0196_c06_077.png,stt2,page_0196,6,君,nơi,尼,SILVER,s2_inter_s3_corrected,"[651, 929, 758, 1069]",124,168,|匕|厼|呢|坭|尼|巴|昵|泥|㞾|𡰱|𡲌|󱟼,13,False,,0.878,,0,False,,False,False,False,False,False,True,False,False,True
M2_0128,syllable/stt2_page_0142_p0132_c05_091.png,stt2,page_0142_p0132,5,其,dữ,,SYLLABLE,nghia_consensus,"[844, 1005, 946, 1108]",81,122,|𱠎|与|予|兴|嬹|屿|嶼|懙|歟|璵|與|興|㑏|㒷|㠘|㺞|𠔔|𡨺|𡽬|𢌱|𢍯|𢷣|𦥸|𦦲|𪧚|𫥪|𫺙|𭁈|󰆷|󰇾|󱡳|卣|瘐|銪|铕,36,False,,0.497,,0,False,,False,False,False,False,False,True,False,False,True
M2_0129,syllable/stt2_page_0136_c04_055.png,stt2,page_0136,4,知,đức,,SYLLABLE,nghia_consensus,"[948, 1879, 1054, 1992]",108,135,|𱐩|𱝮|徳|德|恴|悳|惪|㤫|㥀|㥁|䙷|𢛳|𢜖|𢠀|𢤊|𨗌|𨗤|𭲖|󰆙|󱉎,21,False,,0.633,,0,False,,False,False,False,False,False,True,False,False,True
M2_0130,silver/stt2_page_0270_c03_065.png,stt2,page_0270,3,按,cũng,拱,SILVER,s2_inter_s3_corrected,"[1134, 2408, 1233, 2513]",98,109,亦|供|共|吏|垬|廾|拱|拲|珙|龔|㤨|𠔏|𦱹|𩇿|𩛘|󰟔|󰠃,17,False,,0.505,,0,False,,False,False,False,False,False,True,False,False,True
M2_0131,syllable/stt2_page_0090_c08_154.png,stt2,page_0090,8,𰂸,tượng,,SYLLABLE,nghia_consensus_tu_silver,"[350, 1060, 450, 1165]",117,129,傢|像|匞|匠|樣|橡|潒|蟓|襐|象|𤉢|𤊱|𤩪|𧰼,14,False,,0.555,,0,False,,False,False,False,False,False,True,False,False,True
M2_0132,silver/stt2_page_0256_c04_061.png,stt2,page_0256,4,取,khi,欺,SILVER,s2_inter_s3_corrected,"[1011, 1094, 1117, 1227]",125,138,倛|僛|吱|唭|娸|崎|徛|攲|敧|期|机|桤|榿|欹|欺|浪|猗|觭|諆|踦|陭|魌|㿲|𠔶|𡾵|𣣱|𤿯|𥀴|𨜅|緝|缉,31,False,,0.728,,0,False,,False,False,False,False,False,True,False,False,True
M2_0133,syllable/stt2_page_0028_c08_162.png,stt2,page_0028,8,燔,soi,,SYLLABLE,nghia_consensus,"[335, 1091, 438, 1204]",114,126,搊|擂|攂|洡|芁|雷|㵢|䣂|𢐝|𢬗|𢹮|𢺢|𤐝|𥋸|𪤠|𬧾|󰅈|󱈗|󱧽,19,False,,0.567,,0,False,,False,False,False,False,False,True,False,False,True
M2_0134,syllable/stt2_page_0246_c02_027.png,stt2,page_0246,2,常,và,,SYLLABLE,nghia_consensus,"[1282, 1077, 1393, 1202]",118,149,叵|吧|和|喡|巴|為|頗|𠄧|𡂄|𡝕|𢯓|𢯠|𢽼|𣀟|𩑼|𪽡|𬏓,17,False,,0.694,,0,False,,False,False,False,False,False,True,False,False,True
M2_0135,syllable/stt2_page_0068_c01_016.png,stt2,page_0068,1,詩,thì,,SYLLABLE,nghia_consensus_tu_silver,"[1451, 2024, 1564, 2145]",123,149,𱢑|匙|埘|塒|寺|峕|常|提|时|旹|時|晨|曟|榯|氏|畤|秲|茄|莳|蒔|辰|鍉|鰣|鲥|㔭|㫑|㫭|㮛|䈕|䢈|𠨱|𠨷|𠩐|𠩟|𠱾|𡗶|𡺈|𡺞|𢁈|𣅱|𣈜|𥊘|𥫽|𦔌|𦱎|𦱗|𦸎|𨑃|𨑄|𨥌|𩶬|𪰛|𬀦|󰣡|󱞑|㖘,56,False,,0.762,,0,False,,False,False,False,False,False,True,False,False,True
M2_0136,syllable/stt2_page_0308_c05_061.png,stt2,page_0308,5,詩,thì,,SYLLABLE,nghia_consensus_tu_silver,"[866, 1116, 969, 1231]",104,141,𱢑|匙|埘|塒|寺|峕|常|提|时|旹|時|晨|曟|榯|氏|畤|秲|茄|莳|蒔|辰|鍉|鰣|鲥|㔭|㫑|㫭|㮛|䈕|䢈|𠨱|𠨷|𠩐|𠩟|𠱾|𡗶|𡺈|𡺞|𢁈|𣅱|𣈜|𥊘|𥫽|𦔌|𦱎|𦱗|𦸎|𨑃|𨑄|𨥌|𩶬|𪰛|𬀦|󰣡|󱞑|㖘,56,False,,0.626,,0,False,,False,False,False,False,False,True,False,False,True
M2_0137,silver/stt2_page_0166_c06_108.png,stt2,page_0166,6,用,vua,君,SILVER,s2_inter_s3_corrected,"[687, 2293, 797, 2422]",136,157,君|噖|𠀹|𠁈|𠱩|𠱭|𠱰|𠺞|𢁨|𢂜|𢃊|𤤰|𪻟|𪼀|󰯯,15,False,```markdown  ```,0.948,,0,False,,False,False,False,False,False,False,True,False,True
M2_0138,syllable/stt2_page_0172_c06_109.png,stt2,page_0172,6,吮,hai,,SYLLABLE,nghia_consensus,"[679, 1961, 783, 2091]",108,158,|侼|台|咍|怡|檯|瓵|臺|邰|颱|鮐|㣍|𠄩|𠄽|𠘭|𡐬|𪱜|󰀘,18,False,114,0.806,,0,False,,False,False,False,False,False,False,False,False,True
M2_0139,syllable/stt2_page_0070_c03_038.png,stt2,page_0070,3,審,xuống,,SYLLABLE,nghia_consensus_tu_silver,"[1157, 1747, 1263, 1863]",119,137,|下|笹|𠁑|𠖈|𡬈|𨑜|𪧍|𫳭|𫴋|𬕹|𬺗|󰞘|󰡎|󱚏|󱟫|󱪞,17,False,,0.635,,0,False,,False,False,False,False,False,True,False,False,True
M2_0140,syllable/stt2_page_0180_c09_166.png,stt2,page_0180,9,店,vì,,SYLLABLE,nghia_consensus,"[205, 2096, 302, 2216]",101,141,位|為|爲|𠸠|𡸏|𦥮|󰩄,7,False,,0.594,,0,False,,False,False,False,False,False,True,False,False,True
M2_0141,silver/stt2_page_0258_c05_076.png,stt2,page_0258,5,耿,khị,欺,SILVER,s2_inter_s3_corrected,"[835, 554, 953, 687]",146,163,憇|憩|欺|𡲽|𡳅|𢠾|𦧗|𦧯|𦧰,9,False,```markdown  ```,1.020,,0,False,,False,False,False,False,False,False,True,False,True
M2_0142,syllable/stt2_page_0126_c05_092.png,stt2,page_0126,5,寿,thì,,SYLLABLE,nghia_consensus_tu_silver,"[831, 866, 932, 983]",105,142,𱢑|匙|埘|塒|寺|峕|常|提|时|旹|時|晨|曟|榯|氏|畤|秲|茄|莳|蒔|辰|鍉|鰣|鲥|㔭|㫑|㫭|㮛|䈕|䢈|𠨱|𠨷|𠩐|𠩟|𠱾|𡗶|𡺈|𡺞|𢁈|𣅱|𣈜|𥊘|𥫽|𦔌|𦱎|𦱗|𦸎|𨑃|𨑄|𨥌|𩶬|𪰛|𬀦|󰣡|󱞑|㖘,56,False,```markdown  ```,0.815,,0,False,,False,False,False,False,False,False,True,False,True
M2_0143,silver/stt2_page_0054_c04_072.png,stt2,page_0054,4,教,mất,秩,SILVER,s2_inter_s3_corrected,"[980, 1418, 1087, 1540]",127,146,堗|失|宊|宓|宻|密|末|秩|突|蔤|蜜|豒|䀄|𠅅|𠅍|𠅎|𠅐|𠅒|𠅼|𠖧|𠖪|𠫓|𠸂|𡊭|𡘮|𡙮|𡦾|𡧸|𡪖|𡶇|𢊭|𢛬|𢧤|𣔻|𤛬|𥤮|𥥛|𥥜|𦸞|𧉴|𧒧|𧓫|𧕵|𧖅|𧶡|𪶟|𬆞|𬇮,48,False,,0.665,,0,False,,False,False,False,False,False,True,False,False,True
M2_0144,silver/stt2_page_0042_c04_083.png,stt2,page_0042,4,廻,lên,連,SILVER,s2_inter_s3_corrected,"[980, 2188, 1083, 2311]",127,150,年|瑨|苓|蓮|連|𢧚|𨑗|𨕭|𨖲|𫧧|𬨠|𬨺|󰁯|󰓁,14,False,-,0.833,,0,False,,False,False,False,False,False,False,False,False,True
M2_0145,silver/stt2_page_0214_c08_150.png,stt2,page_0214,8,刄,vua,君,SILVER,s2_inter_s3_corrected,"[394, 1523, 503, 1642]",108,147,君|噖|𠀹|𠁈|𠱩|𠱭|𠱰|𠺞|𢁨|𢂜|𢃊|𤤰|𪻟|𪼀|󰯯,15,False,,0.634,,0,False,,False,False,False,False,False,True,False,False,True
M2_0146,syllable/stt2_page_0082_c02_026.png,stt2,page_0082,2,而,làm,,SYLLABLE,nghia_consensus,"[1273, 853, 1381, 968]",123,129,|乄|滥|漤|濫|灠|爪|爫|藍|㕚|𣩂|𣽦|𪵯|𫜵|𬈋|󰥎|󱛝,17,False,,0.619,,0,False,,False,False,False,False,False,True,False,False,True
M2_0147,silver/stt2_page_0212_c08_123.png,stt2,page_0212,8,臻,thờ,蜍,SILVER,s2_inter_s3_corrected,"[384, 1077, 491, 1199]",110,147,𰨂|俆|徐|悇|扵|承|於|烏|祀|祠|蜍|蠩|賒|踈|除|䜹|𠄜|𣱏|𤋬|𤕘|𥚤|𨑦|𫀟|󰯺|󱡖,25,False,,0.718,,0,False,,False,False,False,False,False,True,False,False,True
M2_0148,silver/stt2_page_0238_c06_103.png,stt2,page_0238,6,庵,què,跪,SILVER,s2_inter_s3_corrected,"[710, 1328, 815, 1458]",101,140,跪|蹶|蹷|𧻜|𧽸|𨄬|𨅐|𨅠|𨆠|𨇙|𨇭|𨇮|𩦒,13,False,,0.582,,0,False,,False,False,False,False,False,True,False,False,True
M2_0149,syllable/stt2_page_0154_c05_087.png,stt2,page_0154,5,香,thì,,SYLLABLE,nghia_consensus,"[839, 1596, 952, 1723]",139,157,𱢑|匙|埘|塒|寺|峕|常|提|时|旹|時|晨|曟|榯|氏|畤|秲|茄|莳|蒔|辰|鍉|鰣|鲥|㔭|㫑|㫭|㮛|䈕|䢈|𠨱|𠨷|𠩐|𠩟|𠱾|𡗶|𡺈|𡺞|𢁈|𣅱|𣈜|𥊘|𥫽|𦔌|𦱎|𦱗|𦸎|𨑃|𨑄|𨥌|𩶬|𪰛|𬀦|󰣡|󱞑|㖘,56,False,,0.914,,0,False,,False,False,False,False,False,True,False,False,True
M2_0150,silver/stt2_page_0248_c02_034.png,stt2,page_0248,2,𠗆,khác,恪,SILVER,s2_inter_s3_corrected,"[1277, 2096, 1386, 2218]",125,150,吉|恪|悫|愘|愙|愨|慤|格|毃|确|㤩,11,False,,0.779,,0,False,,False,False,False,False,False,True,False,False,True
M2_0151,syllable/stt2_page_0094_c05_107.png,stt2,page_0094,5,逆,lại,,SYLLABLE,nghia_consensus,"[812, 1741, 918, 1853]",130,131,使|來|俫|倈|勑|厉|厲|又|叓|右|叹|吏|嬾|尼|徕|徠|懒|懶|束|濑|瀨|瘌|癘|癞|癩|皮|籁|籟|耒|藾|襰|賚|賴|赉|赖|辣|頼|顂|類|㐌|㕝|㾢|䊪|𠘝|𠻇|𡯅|𢋷|𥛉|𧡽|𧶘|𧶛|𧷖|𩓃|𫣚|𬃻,55,False,```markdown  ```,0.780,,0,False,,False,False,False,False,False,False,True,False,True
M2_0152,syllable/stt2_page_0066_c09_177.png,stt2,page_0066,9,逆,lại,,SYLLABLE,nghia_consensus_tu_silver,"[218, 1337, 328, 1456]",123,146,使|來|俫|倈|勑|厉|厲|又|叓|右|叹|吏|嬾|尼|徕|徠|懒|懶|束|濑|瀨|瘌|癘|癞|癩|皮|籁|籟|耒|藾|襰|賚|賴|赉|赖|辣|頼|顂|類|㐌|㕝|㾢|䊪|𠘝|𠻇|𡯅|𢋷|𥛉|𧡽|𧶘|𧶛|𧷖|𩓃|𫣚|𬃻,55,False,,0.758,,0,False,,False,False,False,False,False,True,False,False,True
M2_0153,silver/stt2_page_0222_c06_110.png,stt2,page_0222,6,郎,sa,沙,SILVER,s2_inter_s3_corrected,"[655, 1966, 755, 2101]",102,167,ヌ|剎|娑|差|扠|抄|挱|挲|桫|桬|楂|沙|潭|猀|痧|砂|紇|紗|纱|耶|艸|莎|莏|裟|蹉|車|魦|鯊|鯋|鲨|𠋝|𡋷|𢘿|𢬰|𣲓|𣲡|𣴷|𤵌|𦀛|𦀟|𦹈|𨇏|𩥙|𩵮|𩺳|𪌮|𪍬|𬇭|奢|磋|艖,51,False,,0.742,,0,False,,False,False,False,False,False,True,False,False,True
M2_0154,syllable/stt2_page_0194_c06_092.png,stt2,page_0194,6,而,làm,,SYLLABLE,nghia_consensus,"[640, 484, 746, 600]",130,141,|乄|滥|漤|濫|灠|爪|爫|藍|㕚|𣩂|𣽦|𪵯|𫜵|𬈋|󰥎|󱛝,17,False,,0.708,,0,False,,False,False,False,False,False,True,False,False,True
M2_0155,syllable/stt2_page_0012_c06_085.png,stt2,page_0012,6,女,an,,SYLLABLE,nghia_consensus_tu_silver,"[664, 1056, 767, 1182]",126,152,侒|媕|安|案|桉|殷|氨|胺|銨|铵|鞌|鞍|鮟|𠕷|𠼞|𡚴|𦛅|𩣑|𩽾|丱|串|但|倌|僩|冠|劗|床|惯|慣|懽|拣|掼|揀|摜|斡|柬|棺|橺|權|涧|滇|演|澗|灌|琯|痫|癇|癎|盥|瞷|祼|筦|简|管|簡|綰|缶|罆|罐|脘|舘|莞|裥|襇|覸|觀|观|諫|谏|貫|贯|錧|鐧|鑵|锏|閒|間|间|館|馆|鸛|鹳|𢵧|𣑴|𣠰|𣨭|𥳑|𧍴|𫋨,89,False,-,0.794,,0,False,,False,False,False,False,False,False,False,False,True
M2_0156,silver/stt2_page_0200_c07_130.png,stt2,page_0200,7,理,tay,思,SILVER,s2_inter_s3_corrected,"[485, 1645, 585, 1772]",121,155,|塞|壦|思|拪|指|揌|検|碎|腮|遷|𢬣|𪮏|󱭦,14,False,```markdown  ```,0.897,,0,False,,False,False,False,False,False,False,True,False,True
M2_0157,silver/stt2_page_0224_c01_016.png,stt2,page_0224,1,兹,đày,苔,SILVER,s2_inter_s3_corrected,"[1459, 2024, 1562, 2145]",113,142,台|怡|檯|瓵|箈|臺|苔|菭|薹|邰|颱|鮐|㣍|䈚|𠘭|𡐬|𢰥|𣹓|𨃐|𬨴,20,False,,0.652,,0,False,,False,False,False,False,False,True,False,False,True
M2_0158,syllable/stt2_page_0148_c07_137.png,stt2,page_0148,7,左,vậy,,SYLLABLE,nghia_consensus_tu_silver,"[508, 1687, 631, 1809]",151,150,丕|仳|呸|物|特|盃|㔻|𠦓,8,False,```markdown  ```,1.054,,0,False,,False,False,False,False,False,False,True,False,True
M2_0159,syllable/stt2_page_0078_c07_145.png,stt2,page_0078,7,詩,thì,,SYLLABLE,nghia_consensus_tu_silver,"[574, 2343, 676, 2440]",110,116,𱢑|匙|埘|塒|寺|峕|常|提|时|旹|時|晨|曟|榯|氏|畤|秲|茄|莳|蒔|辰|鍉|鰣|鲥|㔭|㫑|㫭|㮛|䈕|䢈|𠨱|𠨷|𠩐|𠩟|𠱾|𡗶|𡺈|𡺞|𢁈|𣅱|𣈜|𥊘|𥫽|𦔌|𦱎|𦱗|𦸎|𨑃|𨑄|𨥌|𩶬|𪰛|𬀦|󰣡|󱞑|㖘,56,False,,0.490,,0,False,,False,False,False,False,False,True,False,False,True
M2_0160,syllable/stt2_page_0310_c01_019.png,stt2,page_0310,1,氏,ấy,,SYLLABLE,nghia_consensus_tu_silver,"[1449, 2384, 1561, 2499]",116,125,𱍸|乙|倚|噫|娎|帝|悥|意|憶|椅|衣|衤|𠂎|𠋣|𠶷|𢡃|𧘇|𪬫|𫢚|󰀎|󱦝|󱰁|啩|怪|掛|撌|癸|紙|𠶔|𢫞|𢯗|𥿗,32,False,,0.625,,0,False,,False,False,False,False,False,True,False,False,True
M2_0161,silver/stt2_page_0018_c03_063.png,stt2,page_0018,3,敢,su,秋,SILVER,s2_inter_s3_corrected,"[1129, 2299, 1238, 2406]",97,129,樞|秋|毹|毺|穌|芇|芻|蒭|蘇|蘓|㮲,11,False,,0.617,,0,False,,False,False,False,False,False,True,False,False,True
M2_0162,syllable/stt2_page_0292_c08_139.png,stt2,page_0292,8,爵,le,,SYLLABLE,nghia_consensus,"[394, 1579, 526, 1714]",133,167,囄|离|藜|離|魑|黎|䅻|𠲥|𠻗|𨾫|𩀌|𪅆|𫤡|󰌑|󱪏,15,False,,0.925,,0,False,,False,False,False,False,False,True,False,False,True
M2_0163,syllable/stt2_page_0234_c01_017.png,stt2,page_0234,1,入,ấy,,SYLLABLE,nghia_consensus_tu_silver,"[1416, 2121, 1529, 2244]",108,151,𱍸|乙|倚|噫|娎|帝|悥|意|憶|椅|衣|衤|𠂎|𠋣|𠶷|𢡃|𧘇|𪬫|𫢚|󰀎|󱦝|󱰁|啩|怪|掛|撌|癸|紙|𠶔|𢫞|𢯗|𥿗,32,False,,0.695,,0,False,,False,False,False,False,False,True,False,False,True
M2_0164,syllable/stt2_page_0294_c02_037.png,stt2,page_0294,2,異,là,,SYLLABLE,nghia_consensus,"[1276, 2124, 1389, 2243]",98,147,||𱺵|卥|号|囉|容|廾|時|浪|纙|罗|羅|買|邏|㼈|𢌬|𦉼|𦋝|𦌴|𦲿|𨔍|𪜀|𪡔|𫥨|𬗢|󰀳|󰐥|󰑼|󱜐|󱧭,31,False,,0.640,,0,False,,False,False,False,False,False,True,False,False,True
M2_0165,syllable/stt2_page_0254_c08_135.png,stt2,page_0254,8,入,ấy,,SYLLABLE,nghia_consensus_tu_silver,"[381, 1277, 500, 1425]",124,177,𱍸|乙|倚|噫|娎|帝|悥|意|憶|椅|衣|衤|𠂎|𠋣|𠶷|𢡃|𧘇|𪬫|𫢚|󰀎|󱦝|󱰁|啩|怪|掛|撌|癸|紙|𠶔|𢫞|𢯗|𥿗,32,False,```,0.900,,0,False,,False,False,False,False,False,False,False,False,True
M2_0166,syllable/stt2_page_0116_c04_073.png,stt2,page_0116,4,准,dõi,,SYLLABLE,nghia_consensus,"[993, 2204, 1099, 2321]",113,133,又|唯|惟|烩|燴|𠼲|𤊠,7,False,,0.601,,0,False,,False,False,False,False,False,True,False,False,True
M2_0167,syllable/stt2_page_0298_c04_067.png,stt2,page_0298,4,俸,bồng,,SYLLABLE,nghia_consensus_tu_silver,"[964, 1631, 1078, 1766]",128,165,埲|奉|捀|捧|摓|梵|漨|竼|篷|縫|纄|芃|莑|蓬|逢|鑝|髼|𢪋|𢸚|𣟀|𣠑|𤂧|𥭗|𥴣|𦪪|𦿪|𨎳|琫|菶,29,False,```markdown  俺。 ```,1.000,俺,1,True,俺,False,False,False,True,False,False,True,False,False
M2_0168,syllable/stt2_page_0188_c03_057.png,stt2,page_0188,3,歹,đức,,SYLLABLE,nghia_consensus,"[1096, 2384, 1202, 2499]",102,141,|𱐩|𱝮|徳|德|恴|悳|惪|㤫|㥀|㥁|䙷|𢛳|𢜖|𢠀|𢤊|𨗌|𨗤|𭲖|󰆙|󱉎,21,False,```,0.621,,0,False,,False,False,False,False,False,False,False,False,True
M2_0169,silver/stt2_page_0288_c04_062.png,stt2,page_0288,4,探,thầy,柴,SILVER,s2_inter_s3_corrected,"[999, 654, 1111, 779]",111,155,||偨|柴|祡|茈|賴|𪪀,8,False,,0.712,,0,False,,False,False,False,False,False,True,False,False,True
M2_0170,syllable/stt2_page_0230_c01_006.png,stt2,page_0230,1,異,là,,SYLLABLE,nghia_consensus,"[1439, 1065, 1558, 1192]",127,144,||𱺵|卥|号|囉|容|廾|時|浪|纙|罗|羅|買|邏|㼈|𢌬|𦉼|𦋝|𦌴|𦲿|𨔍|𪜀|𪡔|𫥨|𬗢|󰀳|󰐥|󰑼|󱜐|󱧭,31,False,```markdown  ```,0.854,,0,False,,False,False,False,False,False,False,True,False,True
M2_0171,silver/stt2_page_0226_c09_175.png,stt2,page_0226,9,孝,đàng,堂,SILVER,s2_inter_s3_corrected,"[263, 1927, 365, 2039]",98,138,唐|啺|堂|塘|壇|𡃯|𣉺|𥏬,8,False,```markdown  ```,0.672,,0,False,,False,False,False,False,False,False,True,False,True
M2_0172,syllable/stt2_page_0110_c09_161.png,stt2,page_0110,9,好,đức,,SYLLABLE,nghia_consensus,"[217, 488, 329, 596]",138,131,|𱐩|𱝮|徳|德|恴|悳|惪|㤫|㥀|㥁|䙷|𢛳|𢜖|𢠀|𢤊|𨗌|𨗤|𭲖|󰆙|󱉎,21,False,,0.684,,0,False,,False,False,False,False,False,True,False,False,True
M2_0173,syllable/stt2_page_0106_c02_019.png,stt2,page_0106,2,䍐,ra,,SYLLABLE,nghia_consensus_tu_silver,"[1297, 850, 1403, 973]",101,151,||||𱜂|出|加|囉|囖|威|廾|歯|羅|群|蔞|𠚢|𦉼|𦋦|𪜀|𪞷|𪡔|𫥧|𫥨|𬎷|𬙛|󰑼|󰑾|󰔏|󰝋|󰮤|󰯊|󰲺|󱈮|󱚓|󱜐|󱡾|󱤂,37,False,```markdown  ```,0.778,,0,False,,False,False,False,False,False,False,True,False,True
M2_0174,syllable/stt2_page_0300_c06_098.png,stt2,page_0300,6,裔,trời,,SYLLABLE,nghia_consensus,"[697, 774, 807, 902]",134,158,|俼|天|旹|𠅜|𠳒|𡗶|𢚸|𣈗|𫯝|𫶸|󱞿|沈,13,False,山,0.933,山,1,True,山,False,False,False,True,False,False,False,False,False
M2_0175,silver/stt2_page_0062_c07_139.png,stt2,page_0062,7,裙,nước,渃,SILVER,s2_inter_s3_corrected,"[511, 1755, 644, 1883]",163,154,|匿|國|娘|搩|於|渃|珠|箸|著|𣋐|𣥧|𫭔,13,False,```,0.905,,0,False,,False,False,False,False,False,False,False,False,True
M2_0176,syllable/stt2_page_0150_c01_007.png,stt2,page_0150,1,覺,đâu,,SYLLABLE,nghia_consensus,"[1457, 1182, 1567, 1307]",128,148,|||||𱏫|丟|丢|兜|兠|厾|叨|唗|篼|芇|蔸|銩|铥|頭|颩|饕|㿡|𠙧|𤾆|𤾇|𦄓|𦆘|𦋌|𨩁|𫤩|󰠲|󰠳|󰦓|凅,34,False,π,0.782,,0,False,,False,False,False,False,False,False,False,False,True
M2_0177,silver/stt2_page_0128_c05_091.png,stt2,page_0128,5,辰,này,尼,SILVER,s2_inter_s3_corrected,"[805, 990, 903, 1098]",120,125,又|呢|尼|怩|昵|㖠|㞾|䛏|𠉞|𠼱|𠽬|𡰱|𡲌|𣭙|𫢩|󱟼,16,False,,0.610,,0,False,,False,False,False,False,False,True,False,False,True
M2_0178,silver/stt2_page_0296_c01_002.png,stt2,page_0296,1,磁,đứa,𥒥,SILVER,s2_inter_s3_corrected,"[1438, 690, 1549, 814]",131,148,丁|亭|仃|伳|侈|停|哆|奓|打|矴|碇|釘|𠀲|𠁂|𠅘|𠆤|𠈎|𡥥|𣆚|𣍓|𥒥|𫯍|󱲙,23,False,一,0.868,一,1,True,一,False,False,False,True,False,False,False,False,False
M2_0179,silver/stt2_page_0076_c05_094.png,stt2,page_0076,5,暱,rộng,曠,SILVER,s2_inter_s3_corrected,"[802, 1351, 905, 1465]",113,140,壙|広|廣|弄|挵|曠|𢌊|𢌌|𣳔|𤳱|𬏇,11,False,,0.587,,0,False,,False,False,False,False,False,True,False,False,True
M2_0180,syllable/stt2_page_0032_c04_073.png,stt2,page_0032,4,吞,trời,,SYLLABLE,nghia_consensus,"[973, 1114, 1073, 1228]",102,136,|俼|天|旹|𠅜|𠳒|𡗶|𢚸|𣈗|𫯝|𫶸|󱞿|沈,13,False,,0.608,,0,False,,False,False,False,False,False,True,False,False,True
M2_0181,syllable/stt2_page_0320_c01_013.png,stt2,page_0320,1,常,và,,SYLLABLE,nghia_consensus,"[1416, 2004, 1536, 2148]",145,170,叵|吧|和|喡|巴|為|頗|𠄧|𡂄|𡝕|𢯓|𢯠|𢽼|𣀟|𩑼|𪽡|𬏓,17,False,,0.939,,0,False,,False,False,False,False,False,True,False,False,True
M2_0182,silver/stt2_page_0280_c08_167.png,stt2,page_0280,8,似,ấy,衣,SILVER,s2_inter_s3_corrected,"[378, 1964, 528, 2076]",136,138,𱍸|乙|倚|噫|娎|帝|悥|意|憶|椅|衣|衤|𠂎|𠋣|𠶷|𢡃|𧘇|𪬫|𫢚|󰀎|󱦝|󱰁|啩|怪|掛|撌|癸|紙|𠶔|𢫞|𢯗|𥿗,32,False,,0.768,,0,False,,False,False,False,False,False,True,False,False,True
M2_0183,silver/stt2_page_0240_c09_166.png,stt2,page_0240,9,𧘻,về,𧗱,SILVER,s2_inter_s3_corrected,"[229, 2282, 355, 2421]",109,171,𱸳|揮|撝|皮|米|耒|衛|衞|還|駆|䘙|𠀄|𡗅|𢠿|𧗱|𩤸|𬩍|󰓟|󰡲|󱘌|󱪲|󱭚|𧖑,23,False,山,0.809,山,1,True,山,False,False,False,True,False,False,False,False,False
M2_0184,syllable/stt2_page_0162_c03_043.png,stt2,page_0162,3,醉,năm,,SYLLABLE,nghia_consensus,"[1131, 806, 1243, 944]",112,170,|南|年|朩|璏|秊|䄭|𠄼|𠡦|𠦅|𠦚|𠫺|𠬋|𢆥|𦼌|𫡵|𫧣|𫷜|󱙌,19,False,,0.834,,0,False,,False,False,False,False,False,True,False,False,True
M2_0185,syllable/stt2_page_0290_c06_104.png,stt2,page_0290,6,鄂,bảy,,SYLLABLE,nghia_consensus,"[669, 1518, 780, 1647]",102,157,||副|摆|斎|疲|罢|罷|羆|𠐌|𠤩|𣘓|𦉱|𦋼|𧟽|𬙞,16,False,,0.683,,0,False,,False,False,False,False,False,True,False,False,True
M2_0186,silver/stt2_page_0124_c04_072.png,stt2,page_0124,4,先,đã,㐌,SILVER,s2_inter_s3_corrected,"[974, 1215, 1086, 1337]",124,149,乑|也|卒|吏|吔|它|拖|易|胣|諸|陀|㐌|𠰹|𢒕|𣦁|𧭷,16,False,```markdown  ```,0.874,,0,False,,False,False,False,False,False,False,True,False,True
M2_0187,syllable/stt2_page_0104_c06_114.png,stt2,page_0104,6,𮎛,vào,,SYLLABLE,nghia_consensus,"[674, 1294, 781, 1415]",121,146,侟|入|冲|包|旦|桃|爫|瓢|皮|込|㼼|𠓨|𠬱|𠰎|𡰻|𣪉|𤕉|𤬟|𤬡|𤬢|𤬣|𤿌|𤿤|𥬖|󰏲|󰖓|󱚁|󱚢,28,False,Ji,0.714,,0,False,,False,False,False,False,False,False,True,False,True
M2_0188,silver/stt2_page_0186_c04_074.png,stt2,page_0186,4,诸,chưa,渚,SILVER,s2_inter_s3_corrected,"[952, 2381, 1054, 2500]",86,126,初|朱|渚|濐|瀦|猪|荗|諸|豬|陼|㐌|㨋|㵭|䐗|𢑳|𢒕|𣌆|𣗓|𣜾|𣠕|𣠖|𣦁|𤀞|𧭷|𧱭|𧳯|𪳼|𬄞|𬚍,29,False,```markdown  ```,0.599,,0,False,,False,False,False,False,False,False,True,False,True
M2_0189,syllable/stt2_page_0046_c03_059.png,stt2,page_0046,3,毒,thì,,SYLLABLE,nghia_consensus_tu_silver,"[1142, 2021, 1241, 2134]",111,136,𱢑|匙|埘|塒|寺|峕|常|提|时|旹|時|晨|曟|榯|氏|畤|秲|茄|莳|蒔|辰|鍉|鰣|鲥|㔭|㫑|㫭|㮛|䈕|䢈|𠨱|𠨷|𠩐|𠩟|𠱾|𡗶|𡺈|𡺞|𢁈|𣅱|𣈜|𥊘|𥫽|𦔌|𦱎|𦱗|𦸎|𨑃|𨑄|𨥌|𩶬|𪰛|𬀦|󰣡|󱞑|㖘,56,False,,0.617,,0,False,,False,False,False,False,False,True,False,False,True
M2_0190,syllable/stt2_page_0192_c03_036.png,stt2,page_0192,3,甫,thì,,SYLLABLE,nghia_consensus,"[1096, 505, 1210, 631]",140,153,𱢑|匙|埘|塒|寺|峕|常|提|时|旹|時|晨|曟|榯|氏|畤|秲|茄|莳|蒔|辰|鍉|鰣|鲥|㔭|㫑|㫭|㮛|䈕|䢈|𠨱|𠨷|𠩐|𠩟|𠱾|𡗶|𡺈|𡺞|𢁈|𣅱|𣈜|𥊘|𥫽|𦔌|𦱎|𦱗|𦸎|𨑃|𨑄|𨥌|𩶬|𪰛|𬀦|󰣡|󱞑|㖘,56,False,,0.919,,0,False,,False,False,False,False,False,True,False,False,True
M2_0191,silver/stt2_page_0272_c01_007.png,stt2,page_0272,1,石,vậy,丕,SILVER,s2_inter_s3_corrected,"[1447, 1147, 1564, 1266]",125,147,丕|仳|呸|物|特|盃|㔻|𠦓,8,False,,0.702,,0,False,,False,False,False,False,False,True,False,False,True
M2_0192,syllable/stt2_page_0210_c09_146.png,stt2,page_0210,9,𠇭,mình,,SYLLABLE,nghia_consensus_tu_silver,"[235, 1221, 350, 1352]",133,161,命|明|春|珄|舍|𠇮|𠵴|𨉓|𨉟|󰇕|󰳁|󱝬,12,False,,0.913,,0,False,,False,False,False,False,False,True,False,False,True
M2_0193,silver/stt2_page_0102_c01_010.png,stt2,page_0102,1,在,chẳng,庄,SILVER,s2_inter_s3_corrected,"[1423, 1436, 1525, 1556]",71,144,|||丕|丞|亟|仳|坤|基|庄|庒|払|承|抍|拯|撜|極|氶|荘|莊|㔻|㞼|㽵|𠗎|𠦓|𢫑|𢫒|𢮋|𤇏|𤉋|𤕶|𤖄|𤖈|𦻊|𫽄|󰝸,36,False,,0.513,,0,False,,False,False,False,False,False,True,False,False,True
M2_0194,syllable/stt2_page_0242_c09_147.png,stt2,page_0242,9,左,vậy,,SYLLABLE,nghia_consensus_tu_silver,"[255, 452, 370, 576]",119,149,丕|仳|呸|物|特|盃|㔻|𠦓,8,False,rr.,0.753,,0,False,,False,False,False,False,False,False,True,False,True
M2_0195,silver/stt2_page_0034_c05_098.png,stt2,page_0034,5,𫠉,mỏ,某,SILVER,s3_head_bank_consensus,"[792, 1813, 899, 1936]",100,146,惣|某|㖼|𡎡|𡮘|𨪀|𪖫|𪤘|𫄼,9,False,,0.643,,0,False,,False,False,False,False,False,True,False,False,True
M2_0196,syllable/stt2_page_0138_c01_007.png,stt2,page_0138,1,罡,là,,SYLLABLE,nghia_consensus,"[1452, 1139, 1554, 1254]",110,140,||𱺵|卥|号|囉|容|廾|時|浪|纙|罗|羅|買|邏|㼈|𢌬|𦉼|𦋝|𦌴|𦲿|𨔍|𪜀|𪡔|𫥨|𬗢|󰀳|󰐥|󰑼|󱜐|󱧭,31,False,,0.618,,0,False,,False,False,False,False,False,True,False,False,True
M2_0197,syllable/stt2_page_0164_c06_100.png,stt2,page_0164,6,流,nước,,SYLLABLE,nghia_consensus_tu_silver,"[686, 2394, 790, 2508]",128,138,|匿|國|娘|搩|於|渃|珠|箸|著|𣋐|𣥧|𫭔,13,False,```,0.766,,0,False,,False,False,False,False,False,False,False,False,True
M2_0198,silver/stt2_page_0228_c09_165.png,stt2,page_0228,9,周,muốn,悶,SILVER,s2_inter_s3_corrected,"[249, 2398, 355, 2511]",130,139,悶|满|閍|闷|㥃|㦖|𢛀|𢛩|𨴽|𫹰|𫺓|𬅳|󱯝|󱼖,14,False,,0.677,,0,False,,False,False,False,False,False,True,False,False,True
M2_0199,syllable/stt2_page_0318_c05_085.png,stt2,page_0318,5,𭴾,vồ,,SYLLABLE,nghia_consensus,"[853, 1238, 961, 1359]",126,140,拊|捬|摹|撫|模|橅|釪|𢸮|𢺌|𢻬|𢻲|𨅮|𨑑,13,False,,0.758,,0,False,,False,False,False,False,False,True,False,False,True
M2_0200,syllable/stt4_page_0190_c04_078.png,stt4,page_0190,4,𡰱,chịu,,SYLLABLE,nghia_consensus,"[676, 1177, 751, 1257]",82,98,受|召|邵|𠮥|𠮦|𠹾|𠺥|𥃝,8,False,Z.,0.318,,0,False,,False,False,False,False,False,False,True,False,True
M2_0201,silver/stt4_page_0112_c04_086.png,stt4,page_0112,4,匈,vua,君,SILVER,s3_head_bank_consensus,"[691, 1524, 764, 1602]",69,90,君|噖|𠀹|𠁈|𠱩|𠱭|𠱰|𠺞|𢁨|𢂜|𢃊|𤤰|𪻟|𪼀|󰯯,15,False,俩,0.336,俩,1,True,俩,False,False,False,True,False,False,False,False,False
M2_0202,silver/stt4_page_0064_c06_120.png,stt4,page_0064,6,𭔿,người,㝵,SILVER,s2_inter_s3_corrected,"[490, 1002, 561, 1079]",82,90,仉|倘|儻|勜|匕|命|圤|徜|昆|皚|躺|辞|㝵|𠊚|𠊛|𣈗|𣈜|𤽗|𫴮|󱫱,20,False,42,0.386,,0,False,,False,False,False,False,False,False,False,False,True
M2_0203,silver/stt4_page_0058_c05_094.png,stt4,page_0058,5,奎,tao,蚤,SILVER,s2_inter_s3_corrected,"[580, 986, 653, 1069]",83,96,|傮|幍|慅|慒|掻|搔|曹|溞|糙|糟|繅|繰|缫|缲|臊|艘|蚤|蹧|遭|醩|鑿|騒|騷|骚|㮻|㿷|䖣|䗢|𠋺|𠑤|𢫼|𢭒|𢮞|𢸪|𣩒|𤔢|𥽹|𥽾|𦃐|𦏛|𦞢|𦞣|𦟅|𦠨|𦵩|𧈠|𧈡|𧎮|𧒮|𨗐|𨘜|𨙠|𨠷|𨣹|𨤇|𨤈|󰐌|唣|嘈|橝|漕|瘙|遁|遯|郕,66,False,,0.409,,0,False,,False,False,False,False,False,True,False,False,True
M2_0204,silver/stt4_page_0092_c07_144.png,stt4,page_0092,7,爷,lành,冷,SILVER,s2_inter_s3_corrected,"[370, 1373, 442, 1453]",70,98,||令|伶|冷|姈|忴|怜|汵|聆|肑|苓|蓮|袊|䕘|𠘤|𠸖|𡅐|𡅑|𫅜|𫅞|𬙽|󰃬,23,False,,0.323,,0,False,,False,False,False,False,False,True,False,False,True
M2_0205,syllable/stt4_page_0128_c03_061.png,stt4,page_0128,3,禊,áo,,SYLLABLE,nghia_consensus_tu_silver,"[745, 1209, 815, 1283]",70,81,|墺|奥|奧|媄|嶴|懊|拗|澳|燠|袄|袎|襖|鐭|镺|隩|靿|㤇|𡒃|𢂅|𢂊|𥜌|𩉷|𩼈|𪥌|𬡢|噢|敎|教|敩|斆|校|槊|窖|芺|薁|覺|觉|鉸|餃|饺|𨬊|𪳞,43,False,,0.291,,0,False,,False,False,False,False,False,True,False,False,True
M2_0206,syllable/stt4_page_0264_c06_116.png,stt4,page_0264,6,仔,giữ,,SYLLABLE,nghia_consensus,"[477, 673, 542, 747]",65,86,𱠎|𰑚|与|佇|咛|啔|宁|守|抒|拧|擰|渚|竚|與|貯|㑏|𡀐|𡦂|𡨸|𡨹|𡨺|𡪄|𢬇|𢷣|𥩟|𥩽|𧵤|𪧚|𫢝|𫳘|𭁈|󰄸|󰇥|󰇾|󱟪|󱣄|󱧨|󱲝,38,False,仔,0.322,仔,1,True,仔,False,False,True,True,False,False,False,False,False
M2_0207,silver/stt4_page_0184_c06_138.png,stt4,page_0184,6,渥,nết,𣵀,SILVER,s2_inter_s3_corrected,"[471, 1532, 540, 1604]",67,83,揑|涅|湼|湿|㘿|𢝘|𢟗|𣵀|󰞺|󱢋,10,False,,0.302,,0,False,,False,False,False,False,False,True,False,False,True
M2_0208,silver/stt4_page_0158_c04_068.png,stt4,page_0158,4,兹,nhà,茹,SILVER,s2_inter_s3_corrected,"[666, 375, 738, 457]",82,75,伽|傢|如|宊|家|牙|芽|茄|茹|䋈|𠖔|𡧚|𡩀|𡩅|𡩙|𡩚|𡩵|𨔽|󰕒,19,False,2,0.296,,0,False,,False,False,False,False,False,False,False,False,True
M2_0209,syllable/stt4_page_0198_c03_052.png,stt4,page_0198,3,肆,sau,,SYLLABLE,nghia_consensus,"[765, 676, 835, 753]",80,92,嗟|娄|婁|差|搂|楼|牢|畧|畱|瘥|窂|罒|荖|蹉|䁟|𡕘|𡘠|𡢐|𢀞|𢀠|𢀩|𢖕|𢖖|𤘰|𥥑|𥹰|𨍦|𨎠|𪢈|𫏻|𫐂|𬧻|󰐨|󰥉|󱛪|󱝢|󲘣,37,False,,0.335,,0,False,,False,False,False,False,False,True,False,False,True
M2_0210,syllable/stt4_page_0236_c02_027.png,stt4,page_0236,2,而,làm,,SYLLABLE,nghia_consensus,"[865, 554, 936, 634]",77,91,|乄|滥|漤|濫|灠|爪|爫|藍|㕚|𣩂|𣽦|𪵯|𫜵|𬈋|󰥎|󱛝,17,False,```markdown  ```,0.463,,0,False,,False,False,False,False,False,False,True,False,True
M2_0211,syllable/stt4_page_0168_c05_100.png,stt4,page_0168,5,𡰱,chịu,,SYLLABLE,nghia_consensus_tu_silver,"[575, 1308, 644, 1381]",56,85,受|召|邵|𠮥|𠮦|𠹾|𠺥|𥃝,8,False,2,0.247,,0,False,,False,False,False,False,False,False,False,False,True
M2_0212,syllable/stt4_page_0034_c03_043.png,stt4,page_0034,3,紏,dấu,,SYLLABLE,nghia_consensus_tu_silver,"[743, 392, 813, 467]",80,93,丣|唒|垯|斗|梪|玌|痘|荳|豆|酉|酋|酒|閗|闘|鬥|鬦|鬪|鬬|鬭|㾞|䇺|𢰳|𣅋|𣅑|𣅣|𤶈|𤽋|𤽔|𥆺|𧯚|𧯜|𧯝|𧿫|𨁪|𨣥|𨷖|𩰑|𩰒|𩰖|𩰚|𩰛|󰂰|󰈓,43,False,```,0.393,,0,False,,False,False,False,False,False,False,False,False,True
M2_0213,syllable/stt4_page_0130_c05_107.png,stt4,page_0130,5,皇,thánh,,SYLLABLE,nghia_consensus,"[574, 1598, 645, 1666]",73,75,偺|咱|喒|圣|垩|堊|琞|聖|聽|請|㑑|㗂|䎴|𠄵|𡃑|𡉄|𡑺|𤦨|𤪈|𥅶|𦔻|𦕡|𧟿|𨉑|𨲉|𨲚|𨲢|𨲣|𨲿|𩫽|𬉊|呧|殍,33,False,```markdown  ```,0.408,,0,False,,False,False,False,False,False,False,True,False,True
M2_0214,syllable/stt4_page_0148_c08_158.png,stt4,page_0148,8,皇,thánh,,SYLLABLE,nghia_consensus_tu_silver,"[264, 1504, 336, 1584]",74,98,偺|咱|喒|圣|垩|堊|琞|聖|聽|請|㑑|㗂|䎴|𠄵|𡃑|𡉄|𡑺|𤦨|𤪈|𥅶|𦔻|𦕡|𧟿|𨉑|𨲉|𨲚|𨲢|𨲣|𨲿|𩫽|𬉊|呧|殍,33,False,,0.386,,0,False,,False,False,False,False,False,True,False,False,True
M2_0215,silver/stt4_page_0162_c05_099.png,stt4,page_0162,5,雨,về,𧗱,SILVER,s2_inter_s3_corrected,"[587, 308, 651, 383]",67,90,𱸳|揮|撝|皮|米|耒|衛|衞|還|駆|䘙|𠀄|𡗅|𢠿|𧗱|𩤸|𬩍|󰓟|󰡲|󱘌|󱪲|󱭚|𧖑,23,False,```,0.336,,0,False,,False,False,False,False,False,False,False,False,True
M2_0216,syllable/stt4_page_0140_c01_021.png,stt4,page_0140,1,𭃡,xưa,,SYLLABLE,nghia_consensus,"[952, 1575, 1028, 1651]",93,89,初|如|汖|㧅|䃼|䥚|𠁉|𠜆|𠫎|𠸗|𡔈|𢀯|𢀰|𣦂|𥘉|𥘋|𥘨|𫋶|󱊨|󱓽,20,False,```markdown  ```,0.520,,0,False,,False,False,False,False,False,False,True,False,True
M2_0217,silver/stt4_page_0012_c05_094.png,stt4,page_0012,5,叔,nô,奴,SILVER,s2_inter_s3_corrected,"[547, 1421, 619, 1494]",85,89,伖|呶|奴|孥|帑|怒|笯|駑|驽,9,False,25,0.428,,0,False,,False,False,False,False,False,False,False,False,True
M2_0218,silver/stt4_page_0252_c02_032.png,stt4,page_0252,2,我,dạy,代,SILVER,s2_inter_s3_corrected,"[861, 752, 928, 824]",74,88,|代|抴|拽|敎|教|曳|曵|㖂|𠰺|𠸕|𤕝|𦥙|󱙦,14,False,6x.,0.373,,0,False,,False,False,False,False,False,False,True,False,True
M2_0219,silver/stt4_page_0220_c03_055.png,stt4,page_0220,3,希,nào,市,SILVER,s2_inter_s3_corrected,"[781, 1227, 852, 1313]",66,106,|𱜢|儍|市|惱|牢|羅|芇|芾|閙|闹|鬧|㝹|𠅈|𠆴|𠇰|𡗚|𢂂|𦬝|𨶂|𫮇|󰅹,22,False,```markdown  ```,0.491,,0,False,,False,False,False,False,False,False,True,False,True
M2_0220,syllable/stt4_page_0026_c01_005.png,stt4,page_0026,1,例,vua,,SYLLABLE,nghia_consensus,"[971, 617, 1046, 700]",83,97,君|噖|𠀹|𠁈|𠱩|𠱭|𠱰|𠺞|𢁨|𢂜|𢃊|𤤰|𪻟|𪼀|󰯯,15,False,,0.414,,0,False,,False,False,False,False,False,True,False,False,True
M2_0221,silver/stt4_page_0118_c07_152.png,stt4,page_0118,7,我,dạy,代,SILVER,s2_inter_s3_corrected,"[387, 1370, 470, 1448]",81,88,|代|抴|拽|敎|教|曳|曵|㖂|𠰺|𠸕|𤕝|𦥙|󱙦,14,False,,0.323,,0,False,,False,False,False,False,False,True,False,False,True
M2_0222,syllable/stt4_page_0270_c01_010.png,stt4,page_0270,1,𬽣,giữ,,SYLLABLE,nghia_consensus,"[962, 878, 1033, 958]",71,96,𱠎|𰑚|与|佇|咛|啔|宁|守|抒|拧|擰|渚|竚|與|貯|㑏|𡀐|𡦂|𡨸|𡨹|𡨺|𡪄|𢬇|𢷣|𥩟|𥩽|𧵤|𪧚|𫢝|𫳘|𭁈|󰄸|󰇥|󰇾|󱟪|󱣄|󱧨|󱲝,38,False,行,0.337,行,1,True,行,False,False,False,True,False,False,False,False,False
M2_0223,syllable/stt4_page_0250_c08_149.png,stt4,page_0250,8,及,chịu,,SYLLABLE,nghia_consensus,"[277, 466, 343, 539]",66,86,受|召|邵|𠮥|𠮦|𠹾|𠺥|𥃝,8,False,,0.314,,0,False,,False,False,False,False,False,True,False,False,True
M2_0224,silver/stt4_page_0102_c09_176.png,stt4,page_0102,9,之,đời,代,SILVER,s2_inter_s3_corrected,"[169, 1199, 248, 1275]",72,85,世|代|匕|圅|𠁀|𫢫|󱏙,7,False,```,0.325,,0,False,,False,False,False,False,False,False,False,False,True
M2_0225,silver/stt4_page_0060_c05_096.png,stt4,page_0060,5,橋,roi,檑,SILVER,s2_inter_s3_corrected,"[567, 1187, 639, 1263]",73,94,扶|擂|榑|檑|櫑|欂|硬|礧|鞕|鞭|𥵉|𩋸|𩍢|󱬘,14,False,,0.335,,0,False,,False,False,False,False,False,True,False,False,True
M2_0226,syllable/stt4_page_0078_c06_126.png,stt4,page_0078,6,占,lo,,SYLLABLE,nghia_consensus_tu_silver,"[491, 743, 564, 829]",76,90,ㇶ|||𱞋|剗|卢|嚧|廬|慮|盧|𠰷|𠽓|𢗼|𢥈|󱡙|󱳮|椋|硥,18,False,,0.328,,0,False,,False,False,False,False,False,True,False,False,True
M2_0227,syllable/stt4_page_0096_c08_171.png,stt4,page_0096,8,𭪙,nghiệp,,SYLLABLE,nghia_consensus_tu_silver,"[277, 1030, 341, 1110]",65,98,业|嶪|嶫|業|邺|鄴|㸣|䧨|𢄁|𤎸|𤑽,11,False,,0.369,,0,False,,False,False,False,False,False,True,False,False,True
M2_0228,silver/stt4_page_0036_c08_167.png,stt4,page_0036,8,夅,cửa,㪯,SILVER,s2_inter_s3_corrected,"[285, 1357, 356, 1433]",87,91,|||𱑏|𲈫|𲈳|𲈾|擧|翓|舉|門|㪯|𨴦|𨵣|𨷯|𨷶|𪭚|𫔤|𫔳|𫔸|𬮌|𬮷|󰁮|󰋏|󰘂|󰘇|󰠮|󱘰|󱡴|󱡵|󱯙,31,False,4,0.354,,0,False,,False,False,False,False,False,False,False,False,True
M2_0229,syllable/stt4_page_0196_c06_116.png,stt4,page_0196,6,皇,thánh,,SYLLABLE,nghia_consensus,"[489, 1523, 556, 1600]",60,85,偺|咱|喒|圣|垩|堊|琞|聖|聽|請|㑑|㗂|䎴|𠄵|𡃑|𡉄|𡑺|𤦨|𤪈|𥅶|𦔻|𦕡|𧟿|𨉑|𨲉|𨲚|𨲢|𨲣|𨲿|𩫽|𬉊|呧|殍,33,False,王,0.311,王,1,True,王,False,False,False,True,False,False,False,False,False
M2_0230,silver/stt4_page_0268_c03_056.png,stt4,page_0268,3,而,vậy,丕,SILVER,s2_inter_s3_corrected,"[746, 882, 812, 958]",72,86,丕|仳|呸|物|特|盃|㔻|𠦓,8,False,r25,0.386,,0,False,,False,False,False,False,False,False,True,False,True
M2_0231,syllable/stt4_page_0050_c03_047.png,stt4,page_0050,3,𭪙,nghiệp,,SYLLABLE,nghia_consensus_tu_silver,"[756, 502, 825, 578]",63,91,业|嶪|嶫|業|邺|鄴|㸣|䧨|𢄁|𤎸|𤑽,11,False,,0.317,,0,False,,False,False,False,False,False,True,False,False,True
M2_0232,silver/stt4_page_0056_c04_070.png,stt4,page_0056,4,呼,thì,時,SILVER,s2_inter_s3_corrected,"[657, 748, 734, 828]",80,96,𱢑|匙|埘|塒|寺|峕|常|提|时|旹|時|晨|曟|榯|氏|畤|秲|茄|莳|蒔|辰|鍉|鰣|鲥|㔭|㫑|㫭|㮛|䈕|䢈|𠨱|𠨷|𠩐|𠩟|𠱾|𡗶|𡺈|𡺞|𢁈|𣅱|𣈜|𥊘|𥫽|𦔌|𦱎|𦱗|𦸎|𨑃|𨑄|𨥌|𩶬|𪰛|𬀦|󰣡|󱞑|㖘,56,False,```markdown  ```,0.408,,0,False,,False,False,False,False,False,False,True,False,True
M2_0233,syllable/stt4_page_0032_c05_093.png,stt4,page_0032,5,遥,lạ,,SYLLABLE,nghia_consensus_tu_silver,"[563, 1431, 635, 1515]",61,100,|吕|呂|囉|異|罗|羅|莒|逻|邏|𡄀|𡆗|𡚎|𤳧|𤴏|𦋝|𦌴|𦍉|𨓐|𨔍|𪡔|𬏘|𬨨|󰑼|󰬦|󱟃|󱨹|󱨺|呂,29,False,],0.322,,0,False,,False,False,False,False,False,False,False,False,True
M2_0234,syllable/stt4_page_0094_c03_062.png,stt4,page_0094,3,独,dọc,,SYLLABLE,nghia_consensus,"[747, 1336, 817, 1408]",76,88,唷|唹|喅|槈|毓|獨|耨|肓|育|袬|逳|㘊|㯮|𡔴|𣫺|𤝠|𤟩|𤠢|𤡴|𤢜|𤣡|𦝑|𨂔|𨊒|𩛭|𫆡|󰮔,27,False,```markdown  入往 ```,0.528,入往,2,False,入,False,False,False,True,False,False,True,True,False
M2_0235,syllable/stt4_page_0294_c03_060.png,stt4,page_0294,3,置,mới,,SYLLABLE,nghia_consensus_tu_silver,"[760, 1353, 828, 1432]",70,89,𱺵|厶|另|埋|某|梅|皮|蛽|貝|買|賀|㵋|𠇍|𡤓|𡤔|𧵽|𪚾|𪦲|𬔫|󰋇|󱤓|󱮇|󱮈,23,False,```markdown  ```,0.374,,0,False,,False,False,False,False,False,False,True,False,True
M2_0236,syllable/stt4_page_0224_c03_053.png,stt4,page_0224,3,遁,đạo,,SYLLABLE,nghia_consensus,"[777, 1077, 842, 1154]",71,93,噵|导|導|敦|檤|盗|盜|稲|稻|纛|翿|衜|衟|蹈|道|醻|𠉭|𠐵|𠩼|𠪁|𡬹|𡭎|𡭑|𣜦|𤋆|𤑂|𥝔|𥶎|𧘄|𨂆|𨂻|𨔞|𨕥|𨖁|𨗓|𨗳|𨹇|𨹒|焘|燾,40,False,,0.327,,0,False,,False,False,False,False,False,True,False,False,True
M2_0237,silver/stt4_page_0014_c06_127.png,stt4,page_0014,6,存,xưng,称,SILVER,s2_inter_s3_corrected,"[475, 987, 550, 1071]",93,86,偁|爯|秤|称|稱|穪|𤔹|𥟋,8,False,,0.421,,0,False,,False,False,False,False,False,True,False,False,True
M2_0238,syllable/stt4_page_0082_c08_176.png,stt4,page_0082,8,爾,trời,,SYLLABLE,nghia_consensus,"[283, 1518, 355, 1596]",88,93,|俼|天|旹|𠅜|𠳒|𡗶|𢚸|𣈗|𫯝|𫶸|󱞿|沈,13,False,```,0.416,,0,False,,False,False,False,False,False,False,False,False,True
M2_0239,syllable/stt4_page_0126_c05_109.png,stt4,page_0126,5,俞,trời,,SYLLABLE,nghia_consensus,"[566, 1520, 637, 1593]",77,80,|俼|天|旹|𠅜|𠳒|𡗶|𢚸|𣈗|𫯝|𫶸|󱞿|沈,13,False,```markdown  ```,0.446,,0,False,,False,False,False,False,False,False,True,False,True
M2_0240,silver/stt4_page_0070_c09_176.png,stt4,page_0070,9,兹,nhà,茹,SILVER,s2_inter_s3_corrected,"[170, 354, 239, 429]",76,89,伽|傢|如|宊|家|牙|芽|茄|茹|䋈|𠖔|𡧚|𡩀|𡩅|𡩙|𡩚|𡩵|𨔽|󰕒,19,False,22,0.396,,0,False,,False,False,False,False,False,False,False,False,True
M2_0241,syllable/stt4_page_0282_c01_020.png,stt4,page_0282,1,閤,gian,,SYLLABLE,nghia_consensus,"[958, 1579, 1025, 1650]",83,77,|𱽇|囏|奸|姦|姧|攔|瞷|肝|艰|艱|菅|葌|蕑|蕳|襇|襕|閒|間|间|鬜|鬝|𡅤|𡅸|𡆐|𡆒|𢵧|𥌵|𦫒|𦭂|󰠡|闲,32,False,],0.342,,0,False,,False,False,False,False,False,False,False,False,True
M2_0242,syllable/stt4_page_0054_c04_072.png,stt4,page_0054,4,國,có,,SYLLABLE,nghia_consensus,"[695, 817, 768, 889]",86,84,世|个|個|古|同|固|堵|故|杏|沛|窖|箇|者|𣎏|󰡏,15,False,,0.335,,0,False,,False,False,False,False,False,True,False,False,True
M2_0243,syllable/stt4_page_0226_c02_032.png,stt4,page_0226,2,釣,vui,,SYLLABLE,nghia_consensus_tu_silver,"[851, 883, 923, 962]",72,94,|戞|杯|盃|衃|𠸟|𢝙|𢞂|𢠿|𣡝|𫽗|𬐩|󱩗|󱩘,14,False,,0.334,,0,False,,False,False,False,False,False,True,False,False,True
M2_0244,silver/stt4_page_0284_c07_154.png,stt4,page_0284,7,延,liệt,列,SILVER,s2_inter_s3_corrected,"[371, 1581, 434, 1648]",59,75,例|冽|列|劣|咧|哷|埒|寽|戾|捋|捩|栵|洌|烈|烮|煭|脟|茢|蛚|裂|趔|迾|颲|鴷|䴕|𠗗|𠗢|𠛱|𠜊|𠜺|𢖬|𢚃|𣶄|𣸟|𤈘|𤉩|𤋴|𤍅|𤎁|𤎾|𧙩|𧙷|𧚲|𧛯|𧛵|𨾸|𩷈|𬏩,48,False,```markdown  ```,0.383,,0,False,,False,False,False,False,False,False,True,False,True
M2_0245,syllable/stt4_page_0044_c02_021.png,stt4,page_0044,2,而,làm,,SYLLABLE,nghia_consensus,"[857, 383, 927, 456]",70,89,|乄|滥|漤|濫|灠|爪|爫|藍|㕚|𣩂|𣽦|𪵯|𫜵|𬈋|󰥎|󱛝,17,False,1837,0.344,,0,False,,False,False,False,False,False,False,False,False,True
M2_0246,syllable/stt4_page_0018_c01_001.png,stt4,page_0018,1,皇,thánh,,SYLLABLE,nghia_consensus,"[940, 384, 1011, 454]",56,85,偺|咱|喒|圣|垩|堊|琞|聖|聽|請|㑑|㗂|䎴|𠄵|𡃑|𡉄|𡑺|𤦨|𤪈|𥅶|𦔻|𦕡|𧟿|𨉑|𨲉|𨲚|𨲢|𨲣|𨲿|𩫽|𬉊|呧|殍,33,False,丰,0.281,丰,1,True,丰,False,False,False,True,False,False,False,False,False
M2_0247,syllable/stt4_page_0296_c07_145.png,stt4,page_0296,7,張,mẹ,,SYLLABLE,nghia_consensus,"[390, 900, 457, 975]",82,90,姆|媄|憽|毋|母|美|袄|那|㜫,9,False,一,0.355,一,1,True,一,False,False,False,True,False,False,False,False,False
M2_0248,syllable/stt4_page_0238_c01_015.png,stt4,page_0238,1,國,có,,SYLLABLE,nghia_consensus_tu_silver,"[960, 1199, 1029, 1276]",57,95,世|个|個|古|同|固|堵|故|杏|沛|窖|箇|者|𣎏|󰡏,15,False,],0.337,,0,False,,False,False,False,False,False,False,False,False,True
M2_0249,silver/stt4_page_0254_c02_016.png,stt4,page_0254,2,花,này,尼,SILVER,s2_inter_s3_corrected,"[872, 453, 944, 536]",79,101,又|呢|尼|怩|昵|㖠|㞾|䛏|𠉞|𠼱|𠽬|𡰱|𡲌|𣭙|𫢩|󱟼,16,False,危,0.339,危,1,True,危,False,False,False,True,False,False,False,False,False
M2_0250,syllable/stt4_page_0040_c05_105.png,stt4,page_0040,5,鳩,chim,,SYLLABLE,nghia_consensus_tu_silver,"[547, 1456, 620, 1533]",69,89,|占|耯|鵑|𪀄|𫚳|󰖀,7,False,,0.327,,0,False,,False,False,False,False,False,True,False,False,True
M2_0251,syllable/stt4_page_0100_c02_039.png,stt4,page_0100,2,閹,gian,,SYLLABLE,nghia_consensus_tu_silver,"[853, 1441, 927, 1524]",87,101,|𱽇|囏|奸|姦|姧|攔|瞷|肝|艰|艱|菅|葌|蕑|蕳|襇|襕|閒|間|间|鬜|鬝|𡅤|𡅸|𡆐|𡆒|𢵧|𥌵|𦫒|𦭂|󰠡|闲,32,False,,0.423,,0,False,,False,False,False,False,False,True,False,False,True
M2_0252,silver/stt4_page_0016_c07_137.png,stt4,page_0016,7,参,các,各,SILVER,s2_inter_s3_corrected,"[428, 442, 500, 516]",67,85,各|合|恪|搁|擱|斠|格|榷|琾|硌|胳|袼|鉻|铬|閣|閤|阁|𬮤|挃|茖|詻,21,False,u2,0.363,,0,False,,False,False,False,False,False,False,True,False,True
M2_0253,silver/stt4_page_0074_c02_024.png,stt4,page_0074,2,身,người,㝵,SILVER,s2_inter_s3_corrected,"[854, 380, 922, 456]",65,89,仉|倘|儻|勜|匕|命|圤|徜|昆|皚|躺|辞|㝵|𠊚|𠊛|𣈗|𣈜|𤽗|𫴮|󱫱,20,False,```markdown  ```,0.365,,0,False,,False,False,False,False,False,False,True,False,True
M2_0254,silver/stt4_page_0110_c02_038.png,stt4,page_0110,2,船,trả,把,SILVER,s2_inter_s3_corrected,"[841, 1325, 917, 1397]",74,88,假|厏|呂|啫|把|欛|爬|翥|者|苲|郘|鮓|鲊|㖡|㨋|𢮤|𢺞|𩨜|𪁳|𪃙|𪃲|𪃵|𪡉|𫡽|𫭐|𬩀|󰑼|󱝨|鲝|𠭤,30,False,```,0.338,,0,False,,False,False,False,False,False,False,False,False,True
M2_0255,syllable/stt4_page_0052_c09_159.png,stt4,page_0052,9,𫊫,tao,,SYLLABLE,nghia_consensus_tu_silver,"[162, 272, 230, 346]",59,70,|傮|幍|慅|慒|掻|搔|曹|溞|糙|糟|繅|繰|缫|缲|臊|艘|蚤|蹧|遭|醩|鑿|騒|騷|骚|㮻|㿷|䖣|䗢|𠋺|𠑤|𢫼|𢭒|𢮞|𢸪|𣩒|𤔢|𥽹|𥽾|𦃐|𦏛|𦞢|𦞣|𦟅|𦠨|𦵩|𧈠|𧈡|𧎮|𧒮|𨗐|𨘜|𨙠|𨠷|𨣹|𨤇|𨤈|󰐌|唣|嘈|橝|漕|瘙|遁|遯|郕,66,False,,0.257,,0,False,,False,False,False,False,False,True,False,False,True
M2_0256,silver/stt4_page_0120_c04_071.png,stt4,page_0120,4,敬,ca,歌,SILVER,s2_inter_s3_corrected,"[644, 733, 716, 811]",78,84,|𰙔|卡|可|咔|咖|咯|哥|喀|嘎|嘠|尕|尜|擖|旭|旮|札|歌|毠|渮|滒|牁|玍|胳|衉|袈|謌|軋|轧|迦|釓|釚|钆|鴚|䘔|𡃭|𣖚|𣤑|𣤒|𣮫|𣮱|𧛣|󰞻|󱛯|伽|哿|胩|菏,48,False,,0.317,,0,False,,False,False,False,False,False,True,False,False,True
M2_0257,syllable/stt4_page_0020_c09_173.png,stt4,page_0020,9,爺,sang,,SYLLABLE,nghia_consensus,"[201, 324, 271, 402]",68,94,刅|创|刱|剏|剙|創|呛|嗆|床|廊|愴|戈|戗|戧|抢|搶|摤|朗|枪|槍|瀧|炝|熗|牀|牄|疮|瘡|禥|艭|跄|蹌|蹡|郎|郒|鎗|鏿|鑓|𠛂|𠛲|𠝀|𠝵|𠞴|𠟐|𢀨|𢲲|𢷇|𤶷|𤺨|𥎄|𦭠|𦭫|𨄂|𨖅|𨝥|𨱠|󱞻|󱮶|倉,58,False,郎,0.337,郎,1,True,郎,True,True,False,True,False,False,False,False,False
M2_0258,syllable/stt4_page_0200_c07_128.png,stt4,page_0200,7,鲁,rô,,SYLLABLE,nghia_consensus,"[410, 763, 480, 841]",77,96,噜|嚕|魲|鮋|鯈|鱸|𩼁|𩽬|𫙔|𬠩|󱅫,11,False,~,0.381,,0,False,,False,False,False,False,False,False,False,False,True
M2_0259,silver/stt4_page_0274_c05_096.png,stt4,page_0274,5,芽,thì,時,SILVER,s2_inter_s3_corrected,"[576, 796, 647, 872]",84,88,𱢑|匙|埘|塒|寺|峕|常|提|时|旹|時|晨|曟|榯|氏|畤|秲|茄|莳|蒔|辰|鍉|鰣|鲥|㔭|㫑|㫭|㮛|䈕|䢈|𠨱|𠨷|𠩐|𠩟|𠱾|𡗶|𡺈|𡺞|𢁈|𣅱|𣈜|𥊘|𥫽|𦔌|𦱎|𦱗|𦸎|𨑃|𨑄|𨥌|𩶬|𪰛|𬀦|󰣡|󱞑|㖘,56,False,```markdown  ```,0.456,,0,False,,False,False,False,False,False,False,True,False,True
M2_0260,silver/stt4_page_0174_c05_101.png,stt4,page_0174,5,獸,khi,欺,SILVER,s2_inter_s3_corrected,"[589, 744, 660, 820]",84,94,倛|僛|吱|唭|娸|崎|徛|攲|敧|期|机|桤|榿|欹|欺|浪|猗|觭|諆|踦|陭|魌|㿲|𠔶|𡾵|𣣱|𤿯|𥀴|𨜅|緝|缉,31,False,,0.338,,0,False,,False,False,False,False,False,True,False,False,True
M2_0261,silver/stt4_page_0160_c08_179.png,stt4,page_0160,8,昇,người,㝵,SILVER,s2_inter_s3_corrected,"[276, 1572, 344, 1640]",56,59,仉|倘|儻|勜|匕|命|圤|徜|昆|皚|躺|辞|㝵|𠊚|𠊛|𣈗|𣈜|𤽗|𫴮|󱫱,20,False,```markdown  ```,0.306,,0,False,,False,False,False,False,False,False,True,False,True
M2_0262,syllable/stt4_page_0262_c09_155.png,stt4,page_0262,9,也,ta,,SYLLABLE,nghia_consensus_tu_silver,"[177, 776, 250, 868]",83,107,些|仨|低|偺|傞|呰|咱|喒|嗟|埃|娑|差|挱|挲|昝|爹|獻|瘥|糌|罝|莎|莏|虘|謝|酇|醝|髿|鹺|鹾|㑑|㱔|䦈|𠺜|𡭟|𡭶|𢧲|𢬣|𣩈|𤻸|𦏱|𧨁|𧪘|𧪰|𧫯|𧬑|𨣩|𨲠|𨲻|𪉤|𪉬|𪉵|𪊁|𪊈|󱙐|嵯,55,False,,0.424,,0,False,,False,False,False,False,False,True,False,False,True
M2_0263,syllable/stt4_page_0232_c01_003.png,stt4,page_0232,1,紏,dấu,,SYLLABLE,nghia_consensus,"[949, 450, 1023, 539]",86,108,丣|唒|垯|斗|梪|玌|痘|荳|豆|酉|酋|酒|閗|闘|鬥|鬦|鬪|鬬|鬭|㾞|䇺|𢰳|𣅋|𣅑|𣅣|𤶈|𤽋|𤽔|𥆺|𧯚|𧯜|𧯝|𧿫|𨁪|𨣥|𨷖|𩰑|𩰒|𩰖|𩰚|𩰛|󰂰|󰈓,43,False,光,0.431,光,1,True,光,False,False,False,True,False,False,False,False,False
M2_0264,syllable/stt4_page_0132_c03_026.png,stt4,page_0132,3,皇,thánh,,SYLLABLE,nghia_consensus,"[760, 610, 833, 697]",61,107,偺|咱|喒|圣|垩|堊|琞|聖|聽|請|㑑|㗂|䎴|𠄵|𡃑|𡉄|𡑺|𤦨|𤪈|𥅶|𦔻|𦕡|𧟿|𨉑|𨲉|𨲚|𨲢|𨲣|𨲿|𩫽|𬉊|呧|殍,33,False,,0.331,,0,False,,False,False,False,False,False,True,False,False,True
M2_0265,silver/stt4_page_0234_c05_081.png,stt4,page_0234,5,𮎛,bao,包,SILVER,s2_inter_s3_corrected,"[574, 1076, 645, 1154]",71,92,刨|勹|包|匏|庖|暴|枹|煲|笣|胞|苞|苴|裒|裦|褒|襃|鉋|鑤|铇|闁|鞄|齙|龅|𠓨|𠣒|𧚱|𧛙|𧜪|𧜯|𧝾|𪗼|󰇻|咆|疱|皰|葆|褎,37,False,,0.312,,0,False,,False,False,False,False,False,True,False,False,True
M2_0266,syllable/stt4_page_0246_c09_185.png,stt4,page_0246,9,皇,thánh,,SYLLABLE,nghia_consensus,"[173, 1305, 247, 1384]",62,85,偺|咱|喒|圣|垩|堊|琞|聖|聽|請|㑑|㗂|䎴|𠄵|𡃑|𡉄|𡑺|𤦨|𤪈|𥅶|𦔻|𦕡|𧟿|𨉑|𨲉|𨲚|𨲢|𨲣|𨲿|𩫽|𬉊|呧|殍,33,False,1.,0.366,,0,False,,False,False,False,False,False,False,False,False,True
M2_0267,syllable/stt4_page_0230_c05_087.png,stt4,page_0230,5,皇,thánh,,SYLLABLE,nghia_consensus,"[576, 569, 643, 649]",47,98,偺|咱|喒|圣|垩|堊|琞|聖|聽|請|㑑|㗂|䎴|𠄵|𡃑|𡉄|𡑺|𤦨|𤪈|𥅶|𦔻|𦕡|𧟿|𨉑|𨲉|𨲚|𨲢|𨲣|𨲿|𩫽|𬉊|呧|殍,33,False,,0.268,,0,False,,False,False,False,False,False,True,False,False,True
M2_0268,syllable/stt4_page_0088_c06_100.png,stt4,page_0088,6,鄧,sang,,SYLLABLE,nghia_consensus,"[471, 357, 545, 434]",76,94,刅|创|刱|剏|剙|創|呛|嗆|床|廊|愴|戈|戗|戧|抢|搶|摤|朗|枪|槍|瀧|炝|熗|牀|牄|疮|瘡|禥|艭|跄|蹌|蹡|郎|郒|鎗|鏿|鑓|𠛂|𠛲|𠝀|𠝵|𠞴|𠟐|𢀨|𢲲|𢷇|𤶷|𤺨|𥎄|𦭠|𦭫|𨄂|𨖅|𨝥|𨱠|󱞻|󱮶|倉,58,False,```markdown  ```,0.482,,0,False,,False,False,False,False,False,False,True,False,True
M2_0269,silver/stt4_page_0062_c03_055.png,stt4,page_0062,3,身,người,㝵,SILVER,s2_inter_s3_corrected,"[747, 1041, 818, 1124]",85,101,仉|倘|儻|勜|匕|命|圤|徜|昆|皚|躺|辞|㝵|𠊚|𠊛|𣈗|𣈜|𤽗|𫴮|󱫱,20,False,```markdown  ```,0.535,,0,False,,False,False,False,False,False,False,True,False,True
M2_0270,syllable/stt4_page_0124_c06_127.png,stt4,page_0124,6,祠,vua,,SYLLABLE,nghia_consensus,"[477, 1005, 546, 1078]",73,86,君|噖|𠀹|𠁈|𠱩|𠱭|𠱰|𠺞|𢁨|𢂜|𢃊|𤤰|𪻟|𪼀|󰯯,15,False,,0.289,,0,False,,False,False,False,False,False,True,False,False,True
M2_0271,syllable/stt4_page_0280_c02_031.png,stt4,page_0280,2,祐,xem,,SYLLABLE,nghia_consensus_tu_silver,"[870, 562, 932, 629]",76,80,|佔|占|呫|姟|娂|瞻|袩|覘|貼|㡇|䀡|䄡|䦓|𤎥|𫀅|󰏙|󰠉,18,False,,0.321,,0,False,,False,False,False,False,False,True,False,False,True
M2_0272,syllable/stt4_page_0222_c08_162.png,stt4,page_0222,8,祠,vua,,SYLLABLE,nghia_consensus,"[293, 1505, 358, 1585]",59,97,君|噖|𠀹|𠁈|𠱩|𠱭|𠱰|𠺞|𢁨|𢂜|𢃊|𤤰|𪻟|𪼀|󰯯,15,False,,0.291,,0,False,,False,False,False,False,False,True,False,False,True
M2_0273,syllable/stt4_page_0248_c03_037.png,stt4,page_0248,3,𦝫,rô,,SYLLABLE,nghia_consensus_tu_silver,"[773, 655, 843, 734]",74,97,噜|嚕|魲|鮋|鯈|鱸|𩼁|𩽬|𫙔|𬠩|󱅫,11,False,,0.399,,0,False,,False,False,False,False,False,True,False,False,True
M2_0274,syllable/stt4_page_0154_c09_172.png,stt4,page_0154,9,霖,trăm,,SYLLABLE,nghia_consensus_tu_silver,"[169, 1088, 245, 1163]",80,90,啉|婪|林|炧|百|𠵂|𤾓|𬃴|󰭖|󱦏,10,False,```,0.307,,0,False,,False,False,False,False,False,False,False,False,True
M2_0275,silver/stt4_page_0256_c04_063.png,stt4,page_0256,4,故,nó,奴,SILVER,s2_inter_s3_corrected,"[660, 930, 729, 1003]",74,82,伮|佊|努|呶|奴|怒,6,False,,0.297,,0,False,,False,False,False,False,False,True,False,False,True
M2_0276,syllable/stt4_page_0178_c02_033.png,stt4,page_0178,2,率,xa,,SYLLABLE,nghia_consensus,"[850, 1162, 926, 1242]",56,98,佘|匕|又|叉|唓|唦|奓|奢|柁|沙|畬|砗|硨|耶|舵|莗|蛼|觰|譇|賒|賖|赊|車|车|𠦴|𢚷|𤥭|𧴳|𧵆|𧶟|𨋓|𨏖|𪠳|𬚞|𬧲|伡|畲|輋,38,False,```markdown  ```,0.409,,0,False,,False,False,False,False,False,False,True,False,True
M2_0277,syllable/stt4_page_0290_c03_059.png,stt4,page_0290,3,辰,rằng,,SYLLABLE,nghia_consensus_tu_silver,"[754, 1357, 823, 1436]",80,92,哏|哴|喨|坺|娘|払|浪|㖫|𠳒|𠺘|𤎔|𪘵,12,False,,0.340,,0,False,,False,False,False,False,False,True,False,False,True
M2_0278,syllable/stt4_page_0212_c01_012.png,stt4,page_0212,1,而,làm,,SYLLABLE,nghia_consensus,"[952, 943, 1024, 1014]",88,87,|乄|滥|漤|濫|灠|爪|爫|藍|㕚|𣩂|𣽦|𪵯|𫜵|𬈋|󰥎|󱛝,17,False,143,0.376,,0,False,,False,False,False,False,False,False,False,False,True
M2_0279,syllable/stt4_page_0166_c05_101.png,stt4,page_0166,5,因,có,,SYLLABLE,nghia_consensus,"[560, 1020, 630, 1096]",82,94,世|个|個|古|同|固|堵|故|杏|沛|窖|箇|者|𣎏|󰡏,15,False,周,0.395,周,1,True,周,False,False,False,True,False,False,False,False,False
M2_0280,silver/stt4_page_0240_c06_108.png,stt4,page_0240,6,出,đốt,茁,SILVER,s2_inter_s3_corrected,"[476, 531, 545, 604]",70,79,咄|嘥|拙|挨|捽|杌|柮|淬|炪|焠|胐|茁|葖|飿|饳|㤕|㷝|𢪄|𢬪|𢱞|𤇪|𤈜|𤈠|𤋿|𥯝|𦝬|𦴯|𦵛|󱢞|󱦭,30,False,```,0.342,,0,False,,False,False,False,False,False,False,False,False,True
M2_0281,syllable/stt4_page_0136_c02_031.png,stt4,page_0136,2,街,về,,SYLLABLE,nghia_consensus,"[879, 915, 945, 988]",56,87,𱸳|揮|撝|皮|米|耒|衛|衞|還|駆|䘙|𠀄|𡗅|𢠿|𧗱|𩤸|𬩍|󰓟|󰡲|󱘌|󱪲|󱭚|𧖑,23,False,一,0.277,一,1,True,一,False,False,False,True,False,False,False,False,False
M2_0282,syllable/stt4_page_0298_c07_133.png,stt4,page_0298,7,因,có,,SYLLABLE,nghia_consensus_tu_silver,"[375, 875, 443, 954]",84,95,世|个|個|古|同|固|堵|故|杏|沛|窖|箇|者|𣎏|󰡏,15,False,```,0.396,,0,False,,False,False,False,False,False,False,False,False,True
M2_0283,syllable/stt4_page_0038_c01_002.png,stt4,page_0038,1,僊,đức,,SYLLABLE,nghia_consensus_tu_silver,"[952, 385, 1026, 463]",80,92,|𱐩|𱝮|徳|德|恴|悳|惪|㤫|㥀|㥁|䙷|𢛳|𢜖|𢠀|𢤊|𨗌|𨗤|𭲖|󰆙|󱉎,21,False,,0.318,,0,False,,False,False,False,False,False,True,False,False,True
M2_0284,silver/stt4_page_0116_c07_144.png,stt4,page_0116,7,兹,nhà,茹,SILVER,s2_inter_s3_corrected,"[363, 1200, 430, 1280]",78,92,伽|傢|如|宊|家|牙|芽|茄|茹|䋈|𠖔|𡧚|𡩀|𡩅|𡩙|𡩚|𡩵|𨔽|󰕒,19,False,2,0.373,,0,False,,False,False,False,False,False,False,False,False,True
M2_0285,silver/stt4_page_0104_c08_156.png,stt4,page_0104,8,六,của,古,SILVER,s2_inter_s3_corrected,"[277, 911, 345, 991]",66,94,古|咕|晫|䀡|𧵑|𧶮|𨷯|𫔳,8,False,41,0.348,,0,False,,False,False,False,False,False,False,False,False,True
M2_0286,syllable/stt4_page_0292_c06_124.png,stt4,page_0292,6,而,làm,,SYLLABLE,nghia_consensus,"[468, 411, 533, 481]",46,83,|乄|滥|漤|濫|灠|爪|爫|藍|㕚|𣩂|𣽦|𪵯|𫜵|𬈋|󰥎|󱛝,17,False,```markdown  ```,0.323,,0,False,,False,False,False,False,False,False,True,False,True
M2_0287,silver/stt4_page_0218_c09_176.png,stt4,page_0218,9,奔,mà,麻,SILVER,s2_inter_s3_corrected,"[194, 1555, 262, 1635]",60,98,|傌|嘛|女|痳|罵|菻|蔴|調|駡|高|麻|默|𢠩|𢳀|𣻕|𦋻|𦓡|𦲬|󱰷|󱰹,21,False,```markdown  ```,0.421,,0,False,,False,False,False,False,False,False,True,False,True
M2_0288,syllable/stt4_page_0090_c07_135.png,stt4,page_0090,7,条,thầy,,SYLLABLE,nghia_consensus,"[365, 1084, 437, 1154]",88,86,||偨|柴|祡|茈|賴|𪪀,8,False,215n,0.437,,0,False,,False,False,False,False,False,False,True,False,True
M2_0289,syllable/stt4_page_0156_c04_056.png,stt4,page_0156,4,爾,trời,,SYLLABLE,nghia_consensus_tu_silver,"[693, 810, 768, 899]",80,108,|俼|天|旹|𠅜|𠳒|𡗶|𢚸|𣈗|𫯝|𫶸|󱞿|沈,13,False,```,0.430,,0,False,,False,False,False,False,False,False,False,False,True
M2_0290,syllable/stt4_page_0194_c02_038.png,stt4,page_0194,2,之,pha,,SYLLABLE,nghia_consensus,"[881, 1265, 953, 1341]",65,92,叵|坡|岥|披|波|玻|皅|破|簸|翍|芭|苩|萉|葩|陂|頗|颇|㓟|㩺|䔤|𠠉|𠶊|𤇨|𤿎|𤿐|𥸨|𦺂|𨸭|𩑼,29,False,],0.340,,0,False,,False,False,False,False,False,False,False,False,True
M2_0291,silver/stt4_page_0242_c02_028.png,stt4,page_0242,2,遍,đạo,道,SILVER,s2_inter_s3_corrected,"[886, 982, 955, 1067]",77,104,噵|导|導|敦|檤|盗|盜|稲|稻|纛|翿|衜|衟|蹈|道|醻|𠉭|𠐵|𠩼|𠪁|𡬹|𡭎|𡭑|𣜦|𤋆|𤑂|𥝔|𥶎|𧘄|𨂆|𨂻|𨔞|𨕥|𨖁|𨗓|𨗳|𨹇|𨹒|焘|燾,40,False,伍,0.453,伍,1,True,伍,False,False,False,True,False,False,False,False,False
M2_0292,syllable/stt4_page_0080_c04_069.png,stt4,page_0080,4,俘,giữ,,SYLLABLE,nghia_consensus,"[662, 571, 730, 649]",75,85,𱠎|𰑚|与|佇|咛|啔|宁|守|抒|拧|擰|渚|竚|與|貯|㑏|𡀐|𡦂|𡨸|𡨹|𡨺|𡪄|𢬇|𢷣|𥩟|𥩽|𧵤|𪧚|𫢝|𫳘|𭁈|󰄸|󰇥|󰇾|󱟪|󱣄|󱧨|󱲝,38,False,```markdown  ```,0.375,,0,False,,False,False,False,False,False,False,True,False,True
M2_0293,silver/stt4_page_0134_c02_011.png,stt4,page_0134,2,叔,nô,奴,SILVER,s2_inter_s3_corrected,"[850, 620, 925, 710]",68,103,伖|呶|奴|孥|帑|怒|笯|駑|驽,9,False,,0.368,,0,False,,False,False,False,False,False,True,False,False,True
M2_0294,silver/stt4_page_0170_c03_046.png,stt4,page_0170,3,斸,vui,盃,SILVER,s2_inter_s3_corrected,"[803, 571, 877, 644]",82,89,|戞|杯|盃|衃|𠸟|𢝙|𢞂|𢠿|𣡝|𫽗|𬐩|󱩗|󱩘,14,False,.,0.366,,0,False,,False,False,False,False,False,False,False,False,True
M2_0295,silver/stt4_page_0172_c07_152.png,stt4,page_0172,7,屬,lọn,論,SILVER,s2_inter_s3_corrected,"[375, 404, 446, 474]",72,77,侖|掄|淪|窿|論|隆|𠐜|𠓹|𧪺|𫣝|𫤍|󰅬|󰽔,13,False,,0.289,,0,False,,False,False,False,False,False,True,False,False,True
M2_0296,silver/stt4_page_0204_c05_110.png,stt4,page_0204,5,祖,nó,奴,SILVER,s2_inter_s3_corrected,"[575, 1342, 641, 1411]",65,84,伮|佊|努|呶|奴|怒,6,False,,0.263,,0,False,,False,False,False,False,False,True,False,False,True
M2_0297,silver/stt4_page_0164_c02_030.png,stt4,page_0164,2,身,người,㝵,SILVER,s2_inter_s3_corrected,"[869, 685, 938, 765]",81,94,仉|倘|儻|勜|匕|命|圤|徜|昆|皚|躺|辞|㝵|𠊚|𠊛|𣈗|𣈜|𤽗|𫴮|󱫱,20,False,```markdown  ```,0.473,,0,False,,False,False,False,False,False,False,True,False,True
M2_0298,syllable/stt4_page_0076_c07_144.png,stt4,page_0076,7,隻,nghĩa,,SYLLABLE,nghia_consensus,"[369, 981, 433, 1053]",78,88,|𱻊|义|儀|羛|義|解|誼|𠌾|󰒂,10,False,,0.352,,0,False,,False,False,False,False,False,True,False,False,True
M2_0299,syllable/stt4_page_0228_c08_159.png,stt4,page_0228,8,切,chém,,SYLLABLE,nghia_consensus,"[313, 1076, 395, 1154]",71,96,剣|剱|劍|劎|劒|劔|占|呫|斬|釰|釼|鉆|鐱|㓠|𠛤|𠝏|𠠆|𡃍|𪟂|𫥸|󱚜|󱚰,22,False,```markdown  ```,0.357,,0,False,,False,False,False,False,False,False,True,False,True
M2_0300,syllable/stt4_page_0138_c05_097.png,stt4,page_0138,5,𫞲,kia,,SYLLABLE,nghia_consensus,"[548, 681, 624, 749]",64,81,其|箕|㠱|䇧|𠀠|𠀮|𠔋|𠔐|𠔛|𠔝|𠚙|𠥊|𠥩|𠴩|𠵶|𠷛|𡿸|𢌰|𤞻|𥫚|𥫶|𦋊|󰄪|󱡍|󱪪,25,False,11,0.313,,0,False,,False,False,False,False,False,False,False,False,True
M2_0301,syllable/stt4_page_0024_c09_195.png,stt4,page_0024,9,祠,vua,,SYLLABLE,nghia_consensus_tu_silver,"[185, 1579, 253, 1648]",55,77,君|噖|𠀹|𠁈|𠱩|𠱭|𠱰|𠺞|𢁨|𢂜|𢃊|𤤰|𪻟|𪼀|󰯯,15,False,,0.250,,0,False,,False,False,False,False,False,True,False,False,True
M2_0302,syllable/stt4_page_0216_c01_003.png,stt4,page_0216,1,庄,chắng,,SYLLABLE,nghia_consensus,"[961, 440, 1032, 523]",78,95,𪭽,1,False,```markdown  ```,0.485,,0,False,,False,False,False,False,False,False,True,False,True
M2_0303,syllable/stt4_page_0258_c01_020.png,stt4,page_0258,1,乕,phải,,SYLLABLE,nghia_consensus,"[966, 1454, 1034, 1528]",59,90,仕|伂|塊|折|拜|拝|朝|沛|派|芾|霈|㳈|𡴬|𢪙|𢫶|𢮠|𢰛|𢱭|𢳎|𢴽|𢷎|𢹄|𣧙|𣬊|𣬓|𥙅|𨀪|𨀲|𨙶|𬆃,30,False,,0.270,,0,False,,False,False,False,False,False,True,False,False,True
M2_0304,silver/stt4_page_0286_c07_138.png,stt4,page_0286,7,妨,đau,𤴬,SILVER,s2_inter_s3_corrected,"[387, 253, 449, 320]",65,67,僘|刀|到|叨|唒|忉|茤|饕|𠰷|𠲢|𤴬|󰳋|󱸡,13,False,,0.235,,0,False,,False,False,False,False,False,True,False,False,True
M2_0305,silver/stt4_page_0266_c08_147.png,stt4,page_0266,8,糞,khiến,遣,SILVER,s3_head_bank_consensus,"[283, 1415, 359, 1488]",94,87,縴|譴|遣|󱂚,4,False,```markdown  ```,0.554,,0,False,,False,False,False,False,False,False,True,False,True
M2_0306,syllable/stt4_page_0176_c05_108.png,stt4,page_0176,5,𭪙,nghiệp,,SYLLABLE,nghia_consensus_tu_silver,"[568, 1285, 637, 1359]",65,89,业|嶪|嶫|業|邺|鄴|㸣|䧨|𢄁|𤎸|𤑽,11,False,,0.260,,0,False,,False,False,False,False,False,True,False,False,True
M2_0307,silver/stt4_page_0086_c06_120.png,stt4,page_0086,6,鬼,khỏi,塊,SILVER,s2_inter_s3_corrected,"[465, 1123, 537, 1203]",79,98,|塊|瑰,3,False,,0.374,,0,False,,False,False,False,False,False,True,False,False,True
M2_0308,syllable/stt4_page_0144_c03_053.png,stt4,page_0144,3,爾,trời,,SYLLABLE,nghia_consensus,"[771, 948, 843, 1025]",88,84,|俼|天|旹|𠅜|𠳒|𡗶|𢚸|𣈗|𫯝|𫶸|󱞿|沈,13,False,```,0.343,,0,False,,False,False,False,False,False,False,False,False,True
M2_0309,syllable/stt4_page_0028_c05_072.png,stt4,page_0028,5,爾,trời,,SYLLABLE,nghia_consensus,"[552, 1517, 627, 1593]",79,93,|俼|天|旹|𠅜|𠳒|𡗶|𢚸|𣈗|𫯝|𫶸|󱞿|沈,13,False,```markdown  ```,0.488,,0,False,,False,False,False,False,False,False,True,False,True
M2_0310,syllable/stt4_page_0030_c07_154.png,stt4,page_0030,7,心,làm,,SYLLABLE,nghia_consensus,"[363, 1239, 434, 1318]",85,96,|乄|滥|漤|濫|灠|爪|爫|藍|㕚|𣩂|𣽦|𪵯|𫜵|𬈋|󰥎|󱛝,17,False,```markdown  ```,0.500,,0,False,,False,False,False,False,False,False,True,False,True
M2_0311,silver/stt4_page_0276_c06_095.png,stt4,page_0276,6,元,sáu,老,SILVER,s2_inter_s3_corrected,"[466, 294, 537, 370]",87,94,了|婅|老|𠯿|𦒹|󰔝|󰮏,7,False,12,0.475,,0,False,,False,False,False,False,False,False,False,False,True
M2_0312,syllable/stt4_page_0046_c09_189.png,stt4,page_0046,9,遥,lạ,,SYLLABLE,nghia_consensus,"[189, 1279, 263, 1359]",76,96,|吕|呂|囉|異|罗|羅|莒|逻|邏|𡄀|𡆗|𡚎|𤳧|𤴏|𦋝|𦌴|𦍉|𨓐|𨔍|𪡔|𬏘|𬨨|󰑼|󰬦|󱟃|󱨹|󱨺|呂,29,False,```,0.383,,0,False,,False,False,False,False,False,False,False,False,True
M2_0313,syllable/stt4_page_0214_c05_097.png,stt4,page_0214,5,丑,cùng,,SYLLABLE,nghia_consensus_tu_silver,"[575, 870, 644, 949]",74,94,供|共|其|塘|廾|弯|強|拱|拲|珙|穷|穹|窮|竆|藭|蛩|蛬|邛|䓖|䠻|𠔏|𡀳|𡃕|𥧺|𥨪|𦱹|𧅉|𧅓|𧉨|𧊡|𧊮|𧋄|𧋯|𧋳|𧌪|𧎦|𧏒|𨉺|𩇿|󰠃|棩|筇|跫|銎,44,False,立,0.395,立,1,True,立,False,False,False,True,False,False,False,False,False
M2_0314,syllable/stt4_page_0244_c06_130.png,stt4,page_0244,6,而,làm,,SYLLABLE,nghia_consensus,"[478, 1273, 547, 1348]",56,92,|乄|滥|漤|濫|灠|爪|爫|藍|㕚|𣩂|𣽦|𪵯|𫜵|𬈋|󰥎|󱛝,17,False,,0.292,,0,False,,False,False,False,False,False,True,False,False,True
M2_0315,silver/stt4_page_0114_c06_131.png,stt4,page_0114,6,在,mà,麻,SILVER,s2_inter_s3_corrected,"[469, 1374, 538, 1451]",72,95,|傌|嘛|女|痳|罵|菻|蔴|調|駡|高|麻|默|𢠩|𢳀|𣻕|𦋻|𦓡|𦲬|󱰷|󱰹,21,False,```markdown  ```,0.456,,0,False,,False,False,False,False,False,False,True,False,True
M2_0316,syllable/stt4_page_0302_c07_139.png,stt4,page_0302,7,𡖋,làm,,SYLLABLE,nghia_consensus,"[335, 1305, 414, 1389]",97,104,|乄|滥|漤|濫|灠|爪|爫|藍|㕚|𣩂|𣽦|𪵯|𫜵|𬈋|󰥎|󱛝,17,False,力,0.396,力,1,True,力,False,False,False,True,False,False,False,False,False
M2_0317,silver/stt4_page_0068_c01_004.png,stt4,page_0068,1,与,ô,烏,SILVER,s2_inter_s3_corrected,"[978, 516, 1050, 590]",79,90,乌|兀|呜|嗚|圬|弧|恶|惡|戽|扵|捂|握|摀|於|杇|歍|汅|汙|汚|污|洿|涴|渥|溩|烏|窏|鎢|钨|鳴|䵦|𠂶|𡖗|𡗃|𡜂|𡜡|𢄓|𢫸|𣑀|𣱏|𣱴|𣱾|𣳹|𣴰|𣽏|𤋬|𤕘|𤚶|𥁡|𥾪|𦶀|坞|垭|塢,53,False,,0.328,,0,False,,False,False,False,False,False,True,False,False,True
M2_0318,syllable/stt4_page_0260_c01_022.png,stt4,page_0260,1,禊,áo,,SYLLABLE,nghia_consensus_tu_silver,"[953, 1590, 1024, 1661]",78,70,|墺|奥|奧|媄|嶴|懊|拗|澳|燠|袄|袎|襖|鐭|镺|隩|靿|㤇|𡒃|𢂅|𢂊|𥜌|𩉷|𩼈|𪥌|𬡢|噢|敎|教|敩|斆|校|槊|窖|芺|薁|覺|觉|鉸|餃|饺|𨬊|𪳞,43,False,,0.303,,0,False,,False,False,False,False,False,True,False,False,True
M2_0319,syllable/stt4_page_0072_c08_124.png,stt4,page_0072,8,白,làm,,SYLLABLE,nghia_consensus,"[270, 920, 340, 995]",86,84,|乄|滥|漤|濫|灠|爪|爫|藍|㕚|𣩂|𣽦|𪵯|𫜵|𬈋|󰥎|󱛝,17,False,12,0.374,,0,False,,False,False,False,False,False,False,False,False,True
M2_0320,syllable/stt4_page_0208_c03_049.png,stt4,page_0208,3,采,thầy,,SYLLABLE,nghia_consensus_tu_silver,"[783, 544, 852, 617]",67,89,||偨|柴|祡|茈|賴|𪪀,8,False,```,0.337,,0,False,,False,False,False,False,False,False,False,False,True
M2_0321,syllable/stt4_page_0150_c06_116.png,stt4,page_0150,6,遥,lạ,,SYLLABLE,nghia_consensus_tu_silver,"[472, 636, 543, 707]",72,85,|吕|呂|囉|異|罗|羅|莒|逻|邏|𡄀|𡆗|𡚎|𤳧|𤴏|𦋝|𦌴|𦍉|𨓐|𨔍|𪡔|𬏘|𬨨|󰑼|󰬦|󱟃|󱨹|󱨺|呂,29,False,,0.315,,0,False,,False,False,False,False,False,True,False,False,True
M2_0322,silver/stt4_page_0182_c03_063.png,stt4,page_0182,3,乇,cha,吒,SILVER,s2_inter_s3_corrected,"[807, 1031, 874, 1096]",59,78,乍|作|偺|吒|咋|咤|咱|喒|喥|嗻|囃|托|爹|爺|皻|皽|詐|醡|𠆦|𠷆|𠷿|𤕔|𧧻|𨕚|𬏨,25,False,```markdown  ```,0.399,,0,False,,False,False,False,False,False,False,True,False,True
M2_0323,silver/stt4_page_0210_c08_158.png,stt4,page_0210,8,廟,năm,南,SILVER,s2_inter_s3_corrected,"[316, 665, 387, 750]",75,105,|南|年|朩|璏|秊|䄭|𠄼|𠡦|𠦅|𠦚|𠫺|𠬋|𢆥|𦼌|𫡵|𫧣|𫷜|󱙌,19,False,俞,0.373,俞,1,True,俞,False,False,False,True,False,False,False,False,False
M2_0324,syllable/stt4_page_0142_c09_178.png,stt4,page_0142,9,未,cho,,SYLLABLE,nghia_consensus_tu_silver,"[227, 425, 296, 501]",79,91,|咮|埃|木|朱|株|沫|渚|濐|硃|陼|㵭,12,False,```,0.340,,0,False,,False,False,False,False,False,False,False,False,True
M2_0325,syllable/stt4_page_0304_c03_049.png,stt4,page_0304,3,白,làm,,SYLLABLE,nghia_consensus,"[797, 508, 871, 587]",64,92,|乄|滥|漤|濫|灠|爪|爫|藍|㕚|𣩂|𣽦|𪵯|𫜵|𬈋|󰥎|󱛝,17,False,```markdown  ```,0.414,,0,False,,False,False,False,False,False,False,True,False,True
M2_0326,syllable/stt4_page_0122_c07_117.png,stt4,page_0122,7,計,ghê,,SYLLABLE,nghia_consensus,"[376, 1595, 447, 1658]",81,68,世|乩|卟|稽|䭫|䭬|𠺳|𡃊|𥞞|𥟵|𥠻|𥡞|𥡳|𥡴|𩠜|𩠥|𩠦|𩠨|󰏲,19,False,,0.307,,0,False,,False,False,False,False,False,True,False,False,True
M2_0327,syllable/stt4_page_0206_c02_025.png,stt4,page_0206,2,個,vua,,SYLLABLE,nghia_consensus,"[873, 427, 946, 507]",71,97,君|噖|𠀹|𠁈|𠱩|𠱭|𠱰|𠺞|𢁨|𢂜|𢃊|𤤰|𪻟|𪼀|󰯯,15,False,,0.270,,0,False,,False,False,False,False,False,True,False,False,True
M2_0328,silver/stt4_page_0278_c04_075.png,stt4,page_0278,4,𭔿,người,㝵,SILVER,s2_inter_s3_corrected,"[982, 755, 1085, 866]",94,136,仉|倘|儻|勜|匕|命|圤|徜|昆|皚|躺|辞|㝵|𠊚|𠊛|𣈗|𣈜|𤽗|𫴮|󱫱,20,False,7,0.580,,0,False,,False,False,False,False,False,False,False,False,True
M2_0329,silver/stt4_page_0108_c08_161.png,stt4,page_0108,8,雲,bởi,罢,SILVER,s2_inter_s3_corrected,"[300, 397, 367, 476]",73,97,||副|拜|排|摆|疲|罢|罷|羆|𠐌|𤳄|𤳷|𤳸|𦋼|𧟽|𪤄|𪽝|𬙞,19,False,```markdown  ```,0.479,,0,False,,False,False,False,False,False,False,True,False,True
M2_0330,syllable/stt4_page_0186_c01_019.png,stt4,page_0186,1,庶,mà,,SYLLABLE,nghia_consensus_tu_silver,"[952, 1459, 1029, 1531]",95,88,|傌|嘛|女|痳|罵|菻|蔴|調|駡|高|麻|默|𢠩|𢳀|𣻕|𦋻|𦓡|𦲬|󱰷|󱰹,21,False,```markdown  ```,0.452,,0,False,,False,False,False,False,False,False,True,False,True
M2_0331,syllable/stt4_page_0288_c04_090.png,stt4,page_0288,4,炤,lửa,,SYLLABLE,nghia_consensus,"[664, 1566, 725, 1633]",75,69,|𱪵|呂|帞|火|焒|󰌎|󰌕,8,False,,0.281,,0,False,,False,False,False,False,False,True,False,False,True
M2_0332,syllable/stt4_page_0042_c07_150.png,stt4,page_0042,7,架,thầy,,SYLLABLE,nghia_consensus,"[371, 1472, 439, 1545]",84,85,||偨|柴|祡|茈|賴|𪪀,8,False,11,0.389,,0,False,,False,False,False,False,False,False,False,False,True
M2_0333,silver/stt4_page_0202_c03_043.png,stt4,page_0202,3,乇,đã,㐌,SILVER,s2_inter_s3_corrected,"[760, 360, 829, 438]",67,96,乑|也|卒|吏|吔|它|拖|易|胣|諸|陀|㐌|𠰹|𢒕|𣦁|𧭷,16,False,,0.315,,0,False,,False,False,False,False,False,True,False,False,True
M2_0334,silver/stt4_page_0048_c01_019.png,stt4,page_0048,1,泯,hẹn,恨,SILVER,s2_inter_s3_corrected,"[966, 1443, 1036, 1520]",74,89,哏|很|恨|現|限|㡾|䦘|䧋|𠻷|𣐻|𨵬|𨹎|𨹨|𭉆|𭉑,15,False,```markdown  ```,0.427,,0,False,,False,False,False,False,False,False,True,False,True
M2_0335,silver/stt4_page_0066_c01_019.png,stt4,page_0066,1,弈,mà,麻,SILVER,s2_inter_s3_corrected,"[962, 1443, 1028, 1520]",74,95,|傌|嘛|女|痳|罵|菻|蔴|調|駡|高|麻|默|𢠩|𢳀|𣻕|𦋻|𦓡|𦲬|󱰷|󱰹,21,False,c72,0.465,,0,False,,False,False,False,False,False,False,True,False,True
M2_0336,silver/stt4_page_0022_c07_141.png,stt4,page_0022,7,心,viết,曰,SILVER,s2_inter_s3_corrected,"[384, 493, 450, 565]",71,76,別|曰,2,False,,0.280,,0,False,,False,False,False,False,False,True,False,False,True
M2_0337,silver/stt4_page_0098_c04_083.png,stt4,page_0098,4,條,bảo,保,SILVER,s2_inter_s3_corrected,"[651, 1304, 723, 1382]",72,84,保|包|呆|堡|宝|寚|寳|寶|泡|煲|珤|箔|緥|脬|葆|褓|褴|靌|駂|鮑|鲍|鳵|鴇|鸨|㻄|䳈|䳰|𠈃|𠊻|𠋾|𠌀|𠍂|𠍙|𠤏|𠦀|𠶓|𠸒|𡥀|𡧖|𡧰|𡩧|𡪓|𡫷|𢉔|𢉣|𢉹|𣎼|𣴊|𣶐|𤓽|𤔍|𤞥|𤥖|𤥯|𤨷|𦬽|𦽻|𨾐|𨾑|𨾙|𩇉|𪀀|𪁣|𪃁,64,False,```,0.299,,0,False,,False,False,False,False,False,False,False,False,True
M2_0338,syllable/stt4_page_0300_c05_099.png,stt4,page_0300,5,丑,cùng,,SYLLABLE,nghia_consensus_tu_silver,"[568, 1085, 634, 1157]",80,88,供|共|其|塘|廾|弯|強|拱|拲|珙|穷|穹|窮|竆|藭|蛩|蛬|邛|䓖|䠻|𠔏|𡀳|𡃕|𥧺|𥨪|𦱹|𧅉|𧅓|𧉨|𧊡|𧊮|𧋄|𧋯|𧋳|𧌪|𧎦|𧏒|𨉺|𩇿|󰠃|棩|筇|跫|銎,44,False,```markdown  ```,0.448,,0,False,,False,False,False,False,False,False,True,False,True
M2_0339,syllable/stt4_page_0084_c02_038.png,stt4,page_0084,2,修,khác,,SYLLABLE,nghia_consensus,"[844, 1310, 916, 1390]",80,97,吉|恪|悫|愘|愙|愨|慤|格|毃|确|㤩,11,False,一,0.419,一,1,True,一,False,False,False,True,False,False,False,False,False
M2_0340,syllable/stt4_page_0272_c02_023.png,stt4,page_0272,2,適,đạo,,SYLLABLE,nghia_consensus_tu_silver,"[865, 324, 935, 392]",77,83,噵|导|導|敦|檤|盗|盜|稲|稻|纛|翿|衜|衟|蹈|道|醻|𠉭|𠐵|𠩼|𠪁|𡬹|𡭎|𡭑|𣜦|𤋆|𤑂|𥝔|𥶎|𧘄|𨂆|𨂻|𨔞|𨕥|𨖁|𨗓|𨗳|𨹇|𨹒|焘|燾,40,False,```,0.273,,0,False,,False,False,False,False,False,False,False,False,True
M2_0341,syllable/stt4_page_0152_c06_121.png,stt4,page_0152,6,罡,là,,SYLLABLE,nghia_consensus,"[471, 1084, 538, 1158]",63,90,||𱺵|卥|号|囉|容|廾|時|浪|纙|罗|羅|買|邏|㼈|𢌬|𦉼|𦋝|𦌴|𦲿|𨔍|𪜀|𪡔|𫥨|𬗢|󰀳|󰐥|󰑼|󱜐|󱧭,31,False,,0.288,,0,False,,False,False,False,False,False,True,False,False,True
M2_0342,syllable/stt4_page_0192_c06_102.png,stt4,page_0192,6,適,đạo,,SYLLABLE,nghia_consensus_tu_silver,"[460, 1135, 530, 1212]",82,89,噵|导|導|敦|檤|盗|盜|稲|稻|纛|翿|衜|衟|蹈|道|醻|𠉭|𠐵|𠩼|𠪁|𡬹|𡭎|𡭑|𣜦|𤋆|𤑂|𥝔|𥶎|𧘄|𨂆|𨂻|𨔞|𨕥|𨖁|𨗓|𨗳|𨹇|𨹒|焘|燾,40,False,1=,0.366,,0,False,,False,False,False,False,False,False,False,False,True
M2_0343,silver/stt4_page_0188_c08_160.png,stt4,page_0188,8,子,người,㝵,SILVER,s2_inter_s3_corrected,"[269, 653, 330, 724]",64,87,仉|倘|儻|勜|匕|命|圤|徜|昆|皚|躺|辞|㝵|𠊚|𠊛|𣈗|𣈜|𤽗|𫴮|󱫱,20,False,+,0.340,,0,False,,False,False,False,False,False,False,False,False,True
M2_0344,syllable/stt4_page_0190_c01_020.png,stt4,page_0190,1,肃,le,,SYLLABLE,nghia_consensus,"[969, 1514, 1037, 1592]",63,89,囄|离|藜|離|魑|黎|䅻|𠲥|𠻗|𨾫|𩀌|𪅆|𫤡|󰌑|󱪏,15,False,---,0.260,,0,False,,False,False,False,False,False,False,False,False,True
M2_0345,syllable/stt4_page_0112_c09_163.png,stt4,page_0112,9,紏,dấu,,SYLLABLE,nghia_consensus,"[178, 1102, 250, 1185]",30,98,丣|唒|垯|斗|梪|玌|痘|荳|豆|酉|酋|酒|閗|闘|鬥|鬦|鬪|鬬|鬭|㾞|䇺|𢰳|𣅋|𣅑|𣅣|𤶈|𤽋|𤽔|𥆺|𧯚|𧯜|𧯝|𧿫|𨁪|𨣥|𨷖|𩰑|𩰒|𩰖|𩰚|𩰛|󰂰|󰈓,43,False,6.,0.282,,0,False,,False,False,False,False,False,False,False,False,True
M2_0346,syllable/stt4_page_0064_c03_047.png,stt4,page_0064,3,辰,rằng,,SYLLABLE,nghia_consensus_tu_silver,"[784, 543, 861, 614]",73,87,哏|哴|喨|坺|娘|払|浪|㖫|𠳒|𠺘|𤎔|𪘵,12,False,```,0.340,,0,False,,False,False,False,False,False,False,False,False,True
M2_0347,silver/stt4_page_0058_c03_045.png,stt4,page_0058,3,渴,le,𠻗,SILVER,s2_inter_s3_corrected,"[796, 480, 875, 563]",73,90,囄|离|藜|離|魑|黎|䅻|𠲥|𠻗|𨾫|𩀌|𪅆|𫤡|󰌑|󱪏,15,False,,0.340,,0,False,,False,False,False,False,False,True,False,False,True
M2_0348,silver/stt4_page_0092_c09_178.png,stt4,page_0092,9,遏,quá,過,SILVER,s2_inter_s3_corrected,"[162, 840, 235, 921]",71,99,儖|戈|輠|过|過|𣇜|𨒵|𨓺|𬨨|詿|诖,11,False,- 01,0.363,,0,False,,False,False,False,False,False,False,False,False,True
M2_0349,syllable/stt4_page_0128_c04_071.png,stt4,page_0128,4,僊,đức,,SYLLABLE,nghia_consensus_tu_silver,"[646, 582, 719, 653]",73,87,|𱐩|𱝮|徳|德|恴|悳|惪|㤫|㥀|㥁|䙷|𢛳|𢜖|𢠀|𢤊|𨗌|𨗤|𭲖|󰆙|󱉎,21,False,,0.321,,0,False,,False,False,False,False,False,True,False,False,True
M2_0350,syllable/stt4_page_0264_c04_077.png,stt4,page_0264,4,条,thầy,,SYLLABLE,nghia_consensus,"[666, 1041, 735, 1114]",85,89,||偨|柴|祡|茈|賴|𪪀,8,False,```markdown  ```,0.508,,0,False,,False,False,False,False,False,False,True,False,True
M2_0351,syllable/stt4_page_0184_c02_045.png,stt4,page_0184,2,三,đến,,SYLLABLE,nghia_consensus,"[860, 1582, 927, 1654]",62,84,且|但|倎|典|彣|敟|旦|細|蛋|貝|㫜|䓦|𠔓|𠔩|𠔰|𢻅|𣅂|𥮏|𦤾|𦥃|𨀏,21,False,42,0.287,,0,False,,False,False,False,False,False,False,False,False,True
M2_0352,syllable/stt4_page_0158_c03_059.png,stt4,page_0158,3,勁,chữa,,SYLLABLE,nghia_consensus_tu_silver,"[764, 1165, 837, 1248]",71,100,助|抒|拧|渚|貯|鋤|𡪇|𢵻|𤋰|𦔳|𧴧|𧸓|𨔾|𫦵|𬛒,15,False,,0.345,,0,False,,False,False,False,False,False,True,False,False,True
M2_0353,silver/stt4_page_0198_c03_065.png,stt4,page_0198,3,之,đời,代,SILVER,s2_inter_s3_corrected,"[772, 1489, 842, 1566]",80,83,世|代|匕|圅|𠁀|𫢫|󱏙,7,False,2,0.343,,0,False,,False,False,False,False,False,False,False,False,True
M2_0354,syllable/stt4_page_0236_c07_134.png,stt4,page_0236,7,晁,con,,SYLLABLE,nghia_consensus,"[391, 958, 459, 1030]",69,88,ヌ||婫|岞|昆|晜|罤|群|㒭|𡥵|𣋥|𤙭|𥊽|𧲟|𫴾,15,False,,0.347,,0,False,,False,False,False,False,False,True,False,False,True
M2_0355,silver/stt4_page_0168_c04_070.png,stt4,page_0168,4,喜,lần,吝,SILVER,s2_inter_s3_corrected,"[681, 849, 753, 933]",75,101,各|吝|夤|寅|層|恡|悋|濥|路|㖁|㝙|𠞺|𠫤|𠯌|𠯛|𠲲|𠳈|𠳺|𠳻|𠴽|𡓓|𡓵|𡨒|𡩟|𡩪|𡫫|𡽘|𢁐|𢙵|𢭹|𣍵|𥦕|𦦚|𨁮|𨱴|𫬪|󱪻,37,False,,0.345,,0,False,,False,False,False,False,False,True,False,False,True
M2_0356,syllable/stt4_page_0034_c02_021.png,stt4,page_0034,2,三,đến,,SYLLABLE,nghia_consensus,"[839, 398, 907, 475]",68,95,且|但|倎|典|彣|敟|旦|細|蛋|貝|㫜|䓦|𠔓|𠔩|𠔰|𢻅|𣅂|𥮏|𦤾|𦥃|𨀏,21,False,1,0.349,,0,False,,False,False,False,False,False,False,False,False,True
M2_0357,silver/stt4_page_0130_c09_173.png,stt4,page_0130,9,在,mà,麻,SILVER,s2_inter_s3_corrected,"[217, 224, 292, 301]",81,94,|傌|嘛|女|痳|罵|菻|蔴|調|駡|高|麻|默|𢠩|𢳀|𣻕|𦋻|𦓡|𦲬|󱰷|󱰹,21,False,```,0.415,,0,False,,False,False,False,False,False,False,False,False,True
M2_0358,syllable/stt4_page_0148_c04_071.png,stt4,page_0148,4,𭃡,xưa,,SYLLABLE,nghia_consensus_tu_silver,"[658, 681, 730, 762]",88,99,初|如|汖|㧅|䃼|䥚|𠁉|𠜆|𠫎|𠸗|𡔈|𢀯|𢀰|𣦂|𥘉|𥘋|𥘨|𫋶|󱊨|󱓽,20,False,,0.410,,0,False,,False,False,False,False,False,True,False,False,True
M2_0359,syllable/stt4_page_0162_c06_138.png,stt4,page_0162,6,爾,trời,,SYLLABLE,nghia_consensus,"[488, 1305, 560, 1376]",61,87,|俼|天|旹|𠅜|𠳒|𡗶|𢚸|𣈗|𫯝|𫶸|󱞿|沈,13,False,```,0.310,,0,False,,False,False,False,False,False,False,False,False,True
M2_0360,silver/stt4_page_0140_c08_168.png,stt4,page_0140,8,乇,đã,㐌,SILVER,s2_inter_s3_corrected,"[270, 1206, 338, 1290]",84,103,乑|也|卒|吏|吔|它|拖|易|胣|諸|陀|㐌|𠰹|𢒕|𣦁|𧭷,16,False,。,0.447,,0,False,,False,False,False,False,False,False,False,False,True
M2_0361,syllable/stt4_page_0012_c05_088.png,stt4,page_0012,5,而,làm,,SYLLABLE,nghia_consensus,"[555, 1071, 625, 1141]",79,86,|乄|滥|漤|濫|灠|爪|爫|藍|㕚|𣩂|𣽦|𪵯|𫜵|𬈋|󰥎|󱛝,17,False,,0.351,,0,False,,False,False,False,False,False,True,False,False,True
M2_0362,syllable/stt4_page_0252_c05_100.png,stt4,page_0252,5,𭮀,pha,,SYLLABLE,nghia_consensus,"[568, 714, 635, 790]",70,91,叵|坡|岥|披|波|玻|皅|破|簸|翍|芭|苩|萉|葩|陂|頗|颇|㓟|㩺|䔤|𠠉|𠶊|𤇨|𤿎|𤿐|𥸨|𦺂|𨸭|𩑼,29,False,1,0.301,,0,False,,False,False,False,False,False,False,False,False,True
M2_0363,syllable/stt4_page_0220_c03_060.png,stt4,page_0220,3,伺,vua,,SYLLABLE,nghia_consensus,"[787, 1583, 859, 1661]",78,88,君|噖|𠀹|𠁈|𠱩|𠱭|𠱰|𠺞|𢁨|𢂜|𢃊|𤤰|𪻟|𪼀|󰯯,15,False,,0.335,,0,False,,False,False,False,False,False,True,False,False,True
M2_0364,syllable/stt4_page_0026_c05_101.png,stt4,page_0026,5,妨,cô,,SYLLABLE,nghia_consensus_tu_silver,"[544, 1419, 613, 1490]",67,86,估|呱|咕|喿|夃|姑|嫴|孤|家|搰|柧|沽|泒|瓜|瘔|笟|箍|箛|篐|罛|胍|苦|苽|菇|菰|蛄|蛌|觙|觚|軱|軲|轂|轱|辜|逭|酤|鴣|鸪|㱠|䠉|䧸|𡱨|𡲞|𡿵|𢩍|𢪿|𢻄|𤿛|𥂰|𦍬|𦣮|𦱄|𧬕|𨐞|𨑀|𨙕|𩁧|𪆘|鈷|钴|骷,61,False,法,0.359,法,1,True,法,False,False,False,True,False,False,False,False,False
M2_0365,silver/stt4_page_0118_c09_179.png,stt4,page_0118,9,祀,trẻ,礼,SILVER,s2_inter_s3_corrected,"[181, 327, 253, 405]",78,93,|娋|礼|稚|稺|穉|蕛|里|雉|䄺|䆈|䕌|𥘷|𥙩|𥠧|𥡖|𥣔|𥣦|𪨅|󰅎|󰭻|󰻛|󱎣|󱎶,24,False,,0.399,,0,False,,False,False,False,False,False,True,False,False,True
M2_0366,syllable/stt4_page_0270_c06_133.png,stt4,page_0270,6,而,làm,,SYLLABLE,nghia_consensus,"[495, 1582, 563, 1655]",84,77,|乄|滥|漤|濫|灠|爪|爫|藍|㕚|𣩂|𣽦|𪵯|𫜵|𬈋|󰥎|󱛝,17,False,42,0.366,,0,False,,False,False,False,False,False,False,False,False,True
M2_0367,syllable/stt4_page_0250_c02_017.png,stt4,page_0250,2,皇,thánh,,SYLLABLE,nghia_consensus,"[864, 326, 935, 406]",48,97,偺|咱|喒|圣|垩|堊|琞|聖|聽|請|㑑|㗂|䎴|𠄵|𡃑|𡉄|𡑺|𤦨|𤪈|𥅶|𦔻|𦕡|𧟿|𨉑|𨲉|𨲚|𨲢|𨲣|𨲿|𩫽|𬉊|呧|殍,33,False,H,0.322,,0,False,,False,False,False,False,False,False,True,False,True
M2_0368,silver/stt4_page_0102_c01_001.png,stt4,page_0102,1,冉,mà,麻,SILVER,s2_inter_s3_corrected,"[956, 321, 1029, 409]",75,108,|傌|嘛|女|痳|罵|菻|蔴|調|駡|高|麻|默|𢠩|𢳀|𣻕|𦋻|𦓡|𦲬|󱰷|󱰹,21,False,.,0.454,,0,False,,False,False,False,False,False,False,False,False,True
M2_0369,silver/stt4_page_0060_c04_066.png,stt4,page_0060,4,𭔿,người,㝵,SILVER,s2_inter_s3_corrected,"[661, 454, 738, 547]",85,115,仉|倘|儻|勜|匕|命|圤|徜|昆|皚|躺|辞|㝵|𠊚|𠊛|𣈗|𣈜|𤽗|𫴮|󱫱,20,False,,0.349,,0,False,,False,False,False,False,False,True,False,False,True
M2_0370,syllable/stt4_page_0078_c04_075.png,stt4,page_0078,4,三,đến,,SYLLABLE,nghia_consensus,"[694, 496, 762, 566]",78,86,且|但|倎|典|彣|敟|旦|細|蛋|貝|㫜|䓦|𠔓|𠔩|𠔰|𢻅|𣅂|𥮏|𦤾|𦥃|𨀏,21,False,2,0.362,,0,False,,False,False,False,False,False,False,False,False,True
M2_0371,syllable/stt4_page_0096_c05_104.png,stt4,page_0096,5,辰,rằng,,SYLLABLE,nghia_consensus_tu_silver,"[571, 996, 643, 1066]",78,83,哏|哴|喨|坺|娘|払|浪|㖫|𠳒|𠺘|𤎔|𪘵,12,False,,0.328,,0,False,,False,False,False,False,False,True,False,False,True
M2_0372,syllable/stt4_page_0036_c02_038.png,stt4,page_0036,2,麦,lâu,,SYLLABLE,nghia_consensus,"[866, 1298, 934, 1369]",84,86,偻|僂|剅|喽|嘍|塿|娄|婁|屚|廔|慺|憻|搂|摟|楼|樓|氀|溇|漊|漏|牢|瘘|瘺|瘻|瞜|篓|簍|縷|缕|耧|耬|舊|艛|蒌|蔞|蝼|螻|褸|謱|貗|軁|遱|鞻|顱|髅|髏|㓸|䁖|䅹|䫫|䱾|𠞭|𠶭|𡢐|𡰌|𡳫|𢉀|𣅘|𣏥|𣼣|𣾡|𤵿|𥹰|𦔪|𦧃|𦾔|𧂜|𧢃|𧯠|𨊖|𨋖|𩫰|𫦉|󰀑|󰡇|󱸻|屡|屢|膢|鏤|镂|颅,82,False,```,0.379,,0,False,,False,False,False,False,False,False,False,False,True
M2_0373,silver/stt4_page_0196_c09_181.png,stt4,page_0196,9,府,mà,麻,SILVER,s2_inter_s3_corrected,"[222, 1519, 299, 1596]",75,94,|傌|嘛|女|痳|罵|菻|蔴|調|駡|高|麻|默|𢠩|𢳀|𣻕|𦋻|𦓡|𦲬|󱰷|󱰹,21,False,府,0.320,府,1,True,府,False,False,True,True,False,False,False,False,False
M2_0374,silver/stt4_page_0268_c07_152.png,stt4,page_0268,7,困,có,固,SILVER,s2_inter_s3_corrected,"[362, 1497, 429, 1576]",65,91,世|个|個|古|同|固|堵|故|杏|沛|窖|箇|者|𣎏|󰡏,15,False,],0.324,,0,False,,False,False,False,False,False,False,False,False,True
M2_0375,silver/stt4_page_0050_c07_125.png,stt4,page_0050,7,身,người,㝵,SILVER,s2_inter_s3_corrected,"[375, 1443, 447, 1523]",88,87,仉|倘|儻|勜|匕|命|圤|徜|昆|皚|躺|辞|㝵|𠊚|𠊛|𣈗|𣈜|𤽗|𫴮|󱫱,20,False,```,0.420,,0,False,,False,False,False,False,False,False,False,False,True
M2_0376,silver/stt4_page_0056_c05_104.png,stt4,page_0056,5,遂,giục,逐,SILVER,s2_inter_s3_corrected,"[559, 1435, 631, 1511]",73,94,促|唷|慾|欲|豚|逐|𠽖|𡟔|𢄘|𢓑|𣣔|󰖢,12,False,```markdown  ```,0.433,,0,False,,False,False,False,False,False,False,True,False,True
M2_0377,syllable/stt4_page_0032_c03_035.png,stt4,page_0032,3,𭃡,xưa,,SYLLABLE,nghia_consensus,"[749, 253, 828, 330]",85,61,初|如|汖|㧅|䃼|䥚|𠁉|𠜆|𠫎|𠸗|𡔈|𢀯|𢀰|𣦂|𥘉|𥘋|𥘨|𫋶|󱊨|󱓽,20,False,初,0.318,初,1,True,初,True,True,False,True,False,False,False,False,False
M2_0378,silver/stt4_page_0094_c04_083.png,stt4,page_0094,4,百,rô,嚕,SILVER,s2_inter_s3_corrected,"[652, 1268, 723, 1345]",69,95,噜|嚕|魲|鮋|鯈|鱸|𩼁|𩽬|𫙔|𬠩|󱅫,11,False,,0.323,,0,False,,False,False,False,False,False,True,False,False,True
M2_0379,silver/stt4_page_0294_c09_177.png,stt4,page_0294,9,笑,khóc,哭,SILVER,s3_head_bank_consensus,"[176, 420, 245, 500]",78,98,哭|泣|𠴃|𠴹|𠸅|𡘈|𡘜|𣲔,8,False,```markdown  ```,0.484,,0,False,,False,False,False,False,False,False,True,False,True
M2_0380,syllable/stt4_page_0224_c02_026.png,stt4,page_0224,2,麦,lâu,,SYLLABLE,nghia_consensus,"[873, 638, 942, 718]",85,95,偻|僂|剅|喽|嘍|塿|娄|婁|屚|廔|慺|憻|搂|摟|楼|樓|氀|溇|漊|漏|牢|瘘|瘺|瘻|瞜|篓|簍|縷|缕|耧|耬|舊|艛|蒌|蔞|蝼|螻|褸|謱|貗|軁|遱|鞻|顱|髅|髏|㓸|䁖|䅹|䫫|䱾|𠞭|𠶭|𡢐|𡰌|𡳫|𢉀|𣅘|𣏥|𣼣|𣾡|𤵿|𥹰|𦔪|𦧃|𦾔|𧂜|𧢃|𧯠|𨊖|𨋖|𩫰|𫦉|󰀑|󰡇|󱸻|屡|屢|膢|鏤|镂|颅,82,False,```markdown  ```,0.522,,0,False,,False,False,False,False,False,False,True,False,True
M2_0381,silver/stt4_page_0014_c04_083.png,stt4,page_0014,4,奔,mà,麻,SILVER,s2_inter_s3_corrected,"[659, 1045, 733, 1111]",90,80,|傌|嘛|女|痳|罵|菻|蔴|調|駡|高|麻|默|𢠩|𢳀|𣻕|𦋻|𦓡|𦲬|󱰷|󱰹,21,False,```,0.363,,0,False,,False,False,False,False,False,False,False,False,True
M2_0382,silver/stt4_page_0082_c03_051.png,stt4,page_0082,3,胳,khác,恪,SILVER,s2_inter_s3_corrected,"[753, 725, 828, 804]",90,85,吉|恪|悫|愘|愙|愨|慤|格|毃|确|㤩,11,False,,0.385,,0,False,,False,False,False,False,False,True,False,False,True
M2_0383,silver/stt4_page_0126_c05_105.png,stt4,page_0126,5,尋,người,㝵,SILVER,s2_inter_s3_corrected,"[573, 1277, 645, 1352]",72,93,仉|倘|儻|勜|匕|命|圤|徜|昆|皚|躺|辞|㝵|𠊚|𠊛|𣈗|𣈜|𤽗|𫴮|󱫱,20,False,```markdown  ```,0.434,,0,False,,False,False,False,False,False,False,True,False,True
M2_0384,silver/stt4_page_0070_c07_132.png,stt4,page_0070,7,𭣣,thua,收,SILVER,s3_head_bank_consensus,"[370, 430, 437, 505]",75,92,偷|収|收|敊|誇|輸|㧃|𠬧|𦀏|𧥢|𧧭|𧧳|𧩊|𪿐|𫮐|󱤎,16,False,,0.329,,0,False,,False,False,False,False,False,True,False,False,True
M2_0385,syllable/stt4_page_0282_c03_048.png,stt4,page_0282,3,𡻕,một,,SYLLABLE,nghia_consensus,"[756, 520, 822, 588]",62,58,||||||||𱥺|刎|圽|堆|墓|更|歾|歿|殁|殳|沒|没|痗|蔑|車|默|𠬛|𠬠|𠬸|𣇶|𣧒|𣨏|𣳚|𣴬|𦐲|𩑦|󰓳|󰜋|󱘴,37,False,```markdown  ```,0.360,,0,False,,False,False,False,False,False,False,True,False,True
M2_0386,silver/stt4_page_0054_c06_126.png,stt4,page_0054,6,眾,quỷ,鬼,SILVER,s2_inter_s3_corrected,"[503, 1508, 580, 1591]",95,101,佹|傀|垝|姽|庋|庪|恑|祪|蛫|觤|詭|诡|騩|鬼|𢇼|𢝾|𢧩|𣆠|𤱲|𩲚|𩲞|𩲡|𩳉|𩳹|𩴿,25,False,٤,0.390,,0,False,,False,False,False,False,False,False,False,False,True
M2_0387,syllable/stt4_page_0226_c02_039.png,stt4,page_0226,2,采,thầy,,SYLLABLE,nghia_consensus_tu_silver,"[851, 1324, 923, 1405]",61,96,||偨|柴|祡|茈|賴|𪪀,8,False,```markdown  ```,0.413,,0,False,,False,False,False,False,False,False,True,False,True
M2_0388,syllable/stt4_page_0284_c04_077.png,stt4,page_0284,4,左,vậy,,SYLLABLE,nghia_consensus_tu_silver,"[660, 778, 729, 852]",75,87,丕|仳|呸|物|特|盃|㔻|𠦓,8,False,zr,0.382,,0,False,,False,False,False,False,False,False,True,False,True
M2_0389,syllable/stt4_page_0044_c08_162.png,stt4,page_0044,8,𭃡,xưa,,SYLLABLE,nghia_consensus,"[276, 792, 344, 863]",69,64,初|如|汖|㧅|䃼|䥚|𠁉|𠜆|𠫎|𠸗|𡔈|𢀯|𢀰|𣦂|𥘉|𥘋|𥘨|𫋶|󱊨|󱓽,20,False,],0.266,,0,False,,False,False,False,False,False,False,False,False,True
M2_0390,syllable/stt4_page_0018_c05_074.png,stt4,page_0018,5,䍐,ra,,SYLLABLE,nghia_consensus,"[548, 902, 619, 972]",62,85,||||𱜂|出|加|囉|囖|威|廾|歯|羅|群|蔞|𠚢|𦉼|𦋦|𪜀|𪞷|𪡔|𫥧|𫥨|𬎷|𬙛|󰑼|󰑾|󰔏|󰝋|󰮤|󰯊|󰲺|󱈮|󱚓|󱜐|󱡾|󱤂,37,False,```markdown  ```,0.398,,0,False,,False,False,False,False,False,False,True,False,True
M2_0391,silver/stt4_page_0296_c07_147.png,stt4,page_0296,7,譬,thì,時,SILVER,s2_inter_s3_corrected,"[390, 1028, 457, 1104]",68,94,𱢑|匙|埘|塒|寺|峕|常|提|时|旹|時|晨|曟|榯|氏|畤|秲|茄|莳|蒔|辰|鍉|鰣|鲥|㔭|㫑|㫭|㮛|䈕|䢈|𠨱|𠨷|𠩐|𠩟|𠱾|𡗶|𡺈|𡺞|𢁈|𣅱|𣈜|𥊘|𥫽|𦔌|𦱎|𦱗|𦸎|𨑃|𨑄|𨥌|𩶬|𪰛|𬀦|󰣡|󱞑|㖘,56,False,```markdown  ```,0.456,,0,False,,False,False,False,False,False,False,True,False,True
M2_0392,syllable/stt4_page_0238_c03_049.png,stt4,page_0238,3,𭃡,xưa,,SYLLABLE,nghia_consensus,"[765, 710, 837, 794]",81,104,初|如|汖|㧅|䃼|䥚|𠁉|𠜆|𠫎|𠸗|𡔈|𢀯|𢀰|𣦂|𥘉|𥘋|𥘨|𫋶|󱊨|󱓽,20,False,迎,0.428,迎,1,True,迎,False,False,False,True,False,False,False,False,False
M2_0393,syllable/stt4_page_0254_c09_179.png,stt4,page_0254,9,閹,gian,,SYLLABLE,nghia_consensus_tu_silver,"[175, 834, 243, 907]",80,89,|𱽇|囏|奸|姦|姧|攔|瞷|肝|艰|艱|菅|葌|蕑|蕳|襇|襕|閒|間|间|鬜|鬝|𡅤|𡅸|𡆐|𡆒|𢵧|𥌵|𦫒|𦭂|󰠡|闲,32,False,```,0.339,,0,False,,False,False,False,False,False,False,False,False,True
M2_0394,syllable/stt4_page_0040_c04_069.png,stt4,page_0040,4,煜,lửa,,SYLLABLE,nghia_consensus_tu_silver,"[664, 624, 733, 700]",72,92,|𱪵|呂|帞|火|焒|󰌎|󰌕,8,False,2,0.352,,0,False,,False,False,False,False,False,False,False,False,True
M2_0395,syllable/stt4_page_0100_c03_047.png,stt4,page_0100,3,𭃡,xưa,,SYLLABLE,nghia_consensus,"[761, 545, 832, 620]",87,93,初|如|汖|㧅|䃼|䥚|𠁉|𠜆|𠫎|𠸗|𡔈|𢀯|𢀰|𣦂|𥘉|𥘋|𥘨|𫋶|󱊨|󱓽,20,False,,0.432,,0,False,,False,False,False,False,False,True,False,False,True
M2_0396,syllable/stt4_page_0016_c02_028.png,stt4,page_0016,2,𭃡,xưa,,SYLLABLE,nghia_consensus,"[925, 610, 986, 685]",66,72,初|如|汖|㧅|䃼|䥚|𠁉|𠜆|𠫎|𠸗|𡔈|𢀯|𢀰|𣦂|𥘉|𥘋|𥘨|𫋶|󱊨|󱓽,20,False,,0.217,,0,False,,False,False,False,False,False,True,False,False,True
M2_0397,syllable/stt4_page_0074_c06_109.png,stt4,page_0074,6,皇,thánh,,SYLLABLE,nghia_consensus,"[473, 998, 547, 1080]",60,66,偺|咱|喒|圣|垩|堊|琞|聖|聽|請|㑑|㗂|䎴|𠄵|𡃑|𡉄|𡑺|𤦨|𤪈|𥅶|𦔻|𦕡|𧟿|𨉑|𨲉|𨲚|𨲢|𨲣|𨲿|𩫽|𬉊|呧|殍,33,False,,0.226,,0,False,,False,False,False,False,False,True,False,False,True
M2_0398,silver/stt4_page_0110_c02_024.png,stt4,page_0110,2,燕,nhà,如,SILVER,s2_inter_s3_corrected,"[847, 436, 912, 496]",62,72,伽|傢|如|宊|家|牙|芽|茄|茹|䋈|𠖔|𡧚|𡩀|𡩅|𡩙|𡩚|𡩵|𨔽|󰕒,19,False,1,0.274,,0,False,,False,False,False,False,False,False,False,False,True
M2_0399,syllable/stt4_page_0052_c08_141.png,stt4,page_0052,8,𫊫,tao,,SYLLABLE,nghia_consensus_tu_silver,"[260, 386, 332, 467]",88,94,|傮|幍|慅|慒|掻|搔|曹|溞|糙|糟|繅|繰|缫|缲|臊|艘|蚤|蹧|遭|醩|鑿|騒|騷|骚|㮻|㿷|䖣|䗢|𠋺|𠑤|𢫼|𢭒|𢮞|𢸪|𣩒|𤔢|𥽹|𥽾|𦃐|𦏛|𦞢|𦞣|𦟅|𦠨|𦵩|𧈠|𧈡|𧎮|𧒮|𨗐|𨘜|𨙠|𨠷|𨣹|𨤇|𨤈|󰐌|唣|嘈|橝|漕|瘙|遁|遯|郕,66,False,```markdown  ```,0.557,,0,False,,False,False,False,False,False,False,True,False,True
M2_0400,syllable/stt11_page_0108_c06_112.png,stt11,page_0108,6,人,ấy,,SYLLABLE,nghia_consensus,"[700, 979, 807, 1098]",103,144,𱍸|乙|倚|噫|娎|帝|悥|意|憶|椅|衣|衤|𠂎|𠋣|𠶷|𢡃|𧘇|𪬫|𫢚|󰀎|󱦝|󱰁|啩|怪|掛|撌|癸|紙|𠶔|𢫞|𢯗|𥿗,32,False,"H,",0.654,,0,False,,False,False,False,False,False,False,True,False,True
M2_0401,silver/stt11_page_0294_c09_176.png,stt11,page_0294,9,吴,bởi,罢,SILVER,s2_inter_s3_corrected,"[264, 1049, 357, 1161]",77,116,||副|拜|排|摆|疲|罢|罷|羆|𠐌|𤳄|𤳷|𤳸|𦋼|𧟽|𪤄|𪽝|𬙞,19,False,```markdown  ```,0.563,,0,False,,False,False,False,False,False,False,True,False,True
M2_0402,syllable/stt11_page_0174_c05_097.png,stt11,page_0174,5,䏷,ngày,,SYLLABLE,nghia_consensus_tu_silver,"[859, 1348, 969, 1471]",97,132,ヌ||匕|又|挧|時|㝵|𣈗|𣈜|𣦍|𬏝,11,False,,0.474,,0,False,,False,False,False,False,False,True,False,False,True
M2_0403,syllable/stt11_page_0018_c01_018.png,stt11,page_0018,1,乃,chịu,,SYLLABLE,nghia_consensus_tu_silver,"[1463, 2197, 1571, 2319]",78,143,受|召|邵|𠮥|𠮦|𠹾|𠺥|𥃝,8,False,,0.566,,0,False,,False,False,False,False,False,True,False,False,True
M2_0404,silver/stt11_page_0140_c05_076.png,stt11,page_0140,5,尺,này,尼,SILVER,s2_inter_s3_corrected,"[872, 773, 976, 879]",110,127,又|呢|尼|怩|昵|㖠|㞾|䛏|𠉞|𠼱|𠽬|𡰱|𡲌|𣭙|𫢩|󱟼,16,False,,0.604,,0,False,,False,False,False,False,False,True,False,False,True
M2_0405,silver/stt11_page_0232_c03_050.png,stt11,page_0232,3,回,có,固,SILVER,s2_inter_s3_corrected,"[1190, 1149, 1296, 1273]",97,146,世|个|個|古|同|固|堵|故|杏|沛|窖|箇|者|𣎏|󰡏,15,False,,0.612,,0,False,,False,False,False,False,False,True,False,False,True
M2_0406,syllable/stt11_page_0212_c07_139.png,stt11,page_0212,7,色,đã,,SYLLABLE,nghia_consensus,"[564, 1707, 673, 1822]",99,140,乑|也|卒|吏|吔|它|拖|易|胣|諸|陀|㐌|𠰹|𢒕|𣦁|𧭷,16,False,伍 ;,0.649,伍,1,True,伍,False,False,False,True,False,False,False,False,False
M2_0407,syllable/stt11_page_0206_c08_165.png,stt11,page_0206,8,方,đức,,SYLLABLE,nghia_consensus,"[400, 1761, 502, 1856]",80,117,|𱐩|𱝮|徳|德|恴|悳|惪|㤫|㥀|㥁|䙷|𢛳|𢜖|𢠀|𢤊|𨗌|𨗤|𭲖|󰆙|󱉎,21,False,右,0.410,右,1,True,右,False,False,False,True,False,False,False,False,False
M2_0408,syllable/stt11_page_0122_c03_047.png,stt11,page_0122,3,白,làm,,SYLLABLE,nghia_consensus_tu_silver,"[1180, 803, 1280, 913]",58,114,|乄|滥|漤|濫|灠|爪|爫|藍|㕚|𣩂|𣽦|𪵯|𫜵|𬈋|󰥎|󱛝,17,False,,0.314,,0,False,,False,False,False,False,False,True,False,False,True
M2_0409,silver/stt11_page_0156_c04_069.png,stt11,page_0156,4,尺,thiên,天,SILVER,s2_inter_s3_corrected,"[1024, 491, 1132, 602]",102,137,丿|仟|偏|傓|兛|兲|匾|千|圱|圲|埏|天|媥|徧|忏|扁|扇|扡|扦|拪|搧|煽|犏|猭|瓩|甂|碥|篇|編|羴|羶|胆|脠|膻|艑|芊|茜|藊|褊|西|谸|迁|遷|釺|钎|阡|靝|韆|顫|騸|鶣|䍹|䙲|䙴|䢬|𠆞|𠓫|𠨧|𠨩|𡈯|𡲜|𢄒|𢍱|𢍹|𢫥|𢰕|𢲒|𢳍|𢸯|𥰢|𦎞|𦏫|𦏬|𦏭|𦦉|𦧂|𧮮|𨒟|𨒿|𨔰|𨕞|𨗆|𨗇|𨗢|𨗺|𨙘|𨙙|𨙞|𩵞|奷|跹|躚|鎦|镏,94,False,,0.632,,0,False,,False,False,False,False,False,True,False,False,True
M2_0410,syllable/stt11_page_0092_c07_130.png,stt11,page_0092,7,而,làm,,SYLLABLE,nghia_consensus,"[558, 2157, 696, 2274]",88,139,|乄|滥|漤|濫|灠|爪|爫|藍|㕚|𣩂|𣽦|𪵯|𫜵|𬈋|󰥎|󱛝,17,False,,0.485,,0,False,,False,False,False,False,False,True,False,False,True
M2_0411,syllable/stt11_page_0150_c02_043.png,stt11,page_0150,2,方,đức,,SYLLABLE,nghia_consensus,"[1267, 2227, 1382, 2347]",95,146,|𱐩|𱝮|徳|德|恴|悳|惪|㤫|㥀|㥁|䙷|𢛳|𢜖|𢠀|𢤊|𨗌|𨗤|𭲖|󰆙|󱉎,21,False,行,0.653,行,1,True,行,False,False,False,True,False,False,False,False,False
M2_0412,syllable/stt11_page_0148_c01_007.png,stt11,page_0148,1,𫝄,ấy,,SYLLABLE,nghia_consensus,"[1482, 1125, 1587, 1243]",87,133,𱍸|乙|倚|噫|娎|帝|悥|意|憶|椅|衣|衤|𠂎|𠋣|𠶷|𢡃|𧘇|𪬫|𫢚|󰀎|󱦝|󱰁|啩|怪|掛|撌|癸|紙|𠶔|𢫞|𢯗|𥿗,32,False,公,0.579,公,1,True,公,False,False,False,True,False,False,False,False,False
M2_0413,silver/stt11_page_0090_c08_164.png,stt11,page_0090,8,兹,nhà,茹,SILVER,s2_inter_s3_corrected,"[388, 1079, 486, 1193]",100,126,伽|傢|如|宊|家|牙|芽|茄|茹|䋈|𠖔|𡧚|𡩀|𡩅|𡩙|𡩚|𡩵|𨔽|󰕒,19,False,,0.564,,0,False,,False,False,False,False,False,True,False,False,True
M2_0414,syllable/stt11_page_0168_c06_116.png,stt11,page_0168,6,仏,ấy,,SYLLABLE,nghia_consensus,"[732, 994, 837, 1111]",67,145,𱍸|乙|倚|噫|娎|帝|悥|意|憶|椅|衣|衤|𠂎|𠋣|𠶷|𢡃|𧘇|𪬫|𫢚|󰀎|󱦝|󱰁|啩|怪|掛|撌|癸|紙|𠶔|𢫞|𢯗|𥿗,32,False,,0.545,,0,False,,False,False,False,False,False,True,False,False,True
M2_0415,syllable/stt11_page_0124_c01_014.png,stt11,page_0124,1,希,vua,,SYLLABLE,nghia_consensus,"[1483, 1702, 1588, 1815]",102,139,君|噖|𠀹|𠁈|𠱩|𠱭|𠱰|𠺞|𢁨|𢂜|𢃊|𤤰|𪻟|𪼀|󰯯,15,False,z,0.532,,0,False,,False,False,False,False,False,False,True,False,True
M2_0416,syllable/stt11_page_0040_c02_034.png,stt11,page_0040,2,行,đức,,SYLLABLE,nghia_consensus,"[1320, 1388, 1420, 1494]",60,109,|𱐩|𱝮|徳|德|恴|悳|惪|㤫|㥀|㥁|䙷|𢛳|𢜖|𢠀|𢤊|𨗌|𨗤|𭲖|󰆙|󱉎,21,False,```markdown  ```,0.451,,0,False,,False,False,False,False,False,False,True,False,True
M2_0417,syllable/stt11_page_0022_c04_082.png,stt11,page_0022,4,迕,du,,SYLLABLE,nghia_consensus,"[972, 1616, 1084, 1728]",126,136,俞|偷|偸|兪|喻|婾|媮|峳|崳|怞|悠|愈|愉|抭|揄|攸|斿|旒|柚|楡|楢|楰|榆|櫾|歈|毹|毺|汓|油|泅|浟|渝|游|滺|牏|犹|猶|猷|瑜|睮|窬|羭|腧|腴|臾|舀|茰|莤|莸|萸|蕍|蕕|蕢|蚰|蝓|蝣|蝤|螸|褕|覦|觎|諛|諭|谀|踰|輶|輸|输|逌|逰|逾|遊|鄃|釉|鋀|鍮|隃|鮋|鯈|鲉|㢏|㥥|㬰|㳊|㳺|䛕|䢊|䢟|䣭|𠈹|𠒍|𠔡|𠱋|𠾈|𡔀|𡫞|𢂎|𢋅|𢚐|𢟅|𢥀|𢥙|𢶖|𢻺|𣞿|𣟾|𣠡|𣧴|𣨃|𣲏|𣸯|𤻍|𥦧|𥦹|𦚤|𦳅|𦺮|𧊠|𧌕|𧼯|𨄫|𨒣|𨒰|𨓎|𨓗|𨔼|𨘁|𨪐|嵛|庾|抃|莜|貐|鈾|铀|颼|飕|騟,138,False,,0.736,,0,False,,False,False,False,False,False,True,False,False,True
M2_0418,syllable/stt11_page_0250_c03_055.png,stt11,page_0250,3,而,làm,,SYLLABLE,nghia_consensus_tu_silver,"[1188, 1133, 1290, 1242]",86,122,|乄|滥|漤|濫|灠|爪|爫|藍|㕚|𣩂|𣽦|𪵯|𫜵|𬈋|󰥎|󱛝,17,False,,0.462,,0,False,,False,False,False,False,False,True,False,False,True
M2_0419,silver/stt11_page_0104_c07_124.png,stt11,page_0104,7,姻,điều,調,SILVER,s2_inter_s3_corrected,"[577, 1084, 681, 1204]",103,135,塘|嬲|恬|条|桃|條|樤|稠|笤|紬|絛|綢|縧|苕|蓧|蓨|調|调|迢|銚|铫|鞗|髫|鰷|鲦|齠|龆|䌷|䱔|𠳒|𡠊|𣒼|𣔌|𨒄|𨔴|𩵌|𪘈|𪝉|倏|斢|碉|筱|篠|绦|蜩,45,False,,0.614,,0,False,,False,False,False,False,False,True,False,False,True
M2_0420,syllable/stt11_page_0120_c04_079.png,stt11,page_0120,4,莒,đầy,,SYLLABLE,nghia_consensus,"[1018, 1462, 1121, 1577]",105,141,台|提|柴|箈|苔|菭|薹|䈚|𠫅|𠫆|𣹓|𧀟|𨃐|𪞅|󰐗|󰮙,16,False,```,0.619,,0,False,,False,False,False,False,False,False,False,False,True
M2_0421,syllable/stt11_page_0170_c08_108.png,stt11,page_0170,8,腐,mà,,SYLLABLE,nghia_consensus_tu_silver,"[410, 2407, 508, 2509]",74,107,|傌|嘛|女|痳|罵|菻|蔴|調|駡|高|麻|默|𢠩|𢳀|𣻕|𦋻|𦓡|𦲬|󱰷|󱰹,21,False,,0.404,,0,False,,False,False,False,False,False,True,False,False,True
M2_0422,syllable/stt11_page_0070_c02_040.png,stt11,page_0070,2,荼,nghiệp,,SYLLABLE,nghia_consensus,"[1351, 2217, 1455, 2333]",99,132,业|嶪|嶫|業|邺|鄴|㸣|䧨|𢄁|𤎸|𤑽,11,False,,0.583,,0,False,,False,False,False,False,False,True,False,False,True
M2_0423,syllable/stt11_page_0106_c05_098.png,stt11,page_0106,5,打,chết,,SYLLABLE,nghia_consensus_tu_silver,"[879, 1629, 988, 1750]",90,142,划|托|找|折|摺|死|歽|爪|爫|翼|㪿|𣂚|𣂟|𣂫|𣂲|𣂹|𣨰|𣩁|𣩂|󰅹,20,False,打,0.529,打,1,True,打,False,False,True,True,False,False,False,False,False
M2_0424,silver/stt11_page_0292_c09_176.png,stt11,page_0292,9,𠯁,chịu,召,SILVER,s2_inter_s3_corrected,"[309, 1367, 404, 1483]",97,133,受|召|邵|𠮥|𠮦|𠹾|𠺥|𥃝,8,False,42,0.637,,0,False,,False,False,False,False,False,False,False,False,True
M2_0425,syllable/stt11_page_0274_c03_049.png,stt11,page_0274,3,𡚶,ăn,,SYLLABLE,nghia_consensus_tu_silver,"[1172, 792, 1274, 913]",102,143,吿|咹|安|𩛖|𫃀|𫗒,6,False,```markdown  ```,0.692,,0,False,,False,False,False,False,False,False,True,False,True
M2_0426,silver/stt11_page_0076_c06_105.png,stt11,page_0076,6,解,ngày,時,SILVER,s2_inter_s3_corrected,"[762, 1572, 872, 1686]",100,138,ヌ||匕|又|挧|時|㝵|𣈗|𣈜|𣦍|𬏝,11,False,解,0.611,解,1,True,解,False,False,True,True,False,False,False,False,False
M2_0427,syllable/stt11_page_0284_c02_027.png,stt11,page_0284,2,腐,mà,,SYLLABLE,nghia_consensus,"[1361, 1373, 1472, 1504]",102,149,|傌|嘛|女|痳|罵|菻|蔴|調|駡|高|麻|默|𢠩|𢳀|𣻕|𦋻|𦓡|𦲬|󱰷|󱰹,21,False,底,0.655,底,1,True,底,False,False,False,True,False,False,False,False,False
M2_0428,silver/stt11_page_0258_c03_058.png,stt11,page_0258,3,事,xe,車,SILVER,s2_inter_s3_corrected,"[1155, 1645, 1253, 1761]",80,136,車|𠦴|𦀺|𦲿|𨏖,5,False,布,0.569,布,1,True,布,False,False,False,True,False,False,False,False,False
M2_0429,silver/stt11_page_0048_c02_033.png,stt11,page_0048,2,尺,nơi,尼,SILVER,s2_inter_s3_corrected,"[1290, 1435, 1399, 1550]",86,138,|匕|厼|呢|坭|尼|巴|昵|泥|㞾|𡰱|𡲌|󱟼,13,False,,0.579,,0,False,,False,False,False,False,False,True,False,False,True
M2_0430,syllable/stt11_page_0036_c04_069.png,stt11,page_0036,4,趍,đi,,SYLLABLE,nghia_consensus,"[1049, 1277, 1157, 1389]",90,138,|多|岃|移|跢|迻|𠫾|𨀕|𪠞|𫺲,10,False,失,0.498,失,1,True,失,False,False,False,True,False,False,False,False,False
M2_0431,syllable/stt11_page_0194_c09_172.png,stt11,page_0194,9,燒,nhiều,,SYLLABLE,nghia_consensus_tu_silver,"[251, 1473, 350, 1586]",89,138,|堯|嬈|澆|蜫|迻|饒|𡗉|𡗊|𤄮|𩜙|𬲢|𬼀|󰕦|󰕩|󰕭|󰞬|󰬥,18,False,田,0.578,田,1,True,田,False,False,False,True,False,False,False,False,False
M2_0432,syllable/stt11_page_0028_c04_073.png,stt11,page_0028,4,谷,các,,SYLLABLE,nghia_consensus_tu_silver,"[1030, 1162, 1132, 1275]",100,132,各|合|恪|搁|擱|斠|格|榷|琾|硌|胳|袼|鉻|铬|閣|閤|阁|𬮤|挃|茖|詻,21,False,,0.586,,0,False,,False,False,False,False,False,True,False,False,True
M2_0433,syllable/stt11_page_0238_c01_006.png,stt11,page_0238,1,从,ấy,,SYLLABLE,nghia_consensus,"[1456, 986, 1559, 1094]",106,123,𱍸|乙|倚|噫|娎|帝|悥|意|憶|椅|衣|衤|𠂎|𠋣|𠶷|𢡃|𧘇|𪬫|𫢚|󰀎|󱦝|󱰁|啩|怪|掛|撌|癸|紙|𠶔|𢫞|𢯗|𥿗,32,False,四,0.589,四,1,True,四,False,False,False,True,False,False,False,False,False
M2_0434,syllable/stt11_page_0192_c08_170.png,stt11,page_0192,8,戔,một,,SYLLABLE,nghia_consensus_tu_silver,"[412, 2092, 515, 2205]",70,137,||||||||𱥺|刎|圽|堆|墓|更|歾|歿|殁|殳|沒|没|痗|蔑|車|默|𠬛|𠬠|𠬸|𣇶|𣧒|𣨏|𣳚|𣴬|𦐲|𩑦|󰓳|󰜋|󱘴,37,False,```,0.523,,0,False,,False,False,False,False,False,False,False,False,True
M2_0435,syllable/stt11_page_0114_c03_046.png,stt11,page_0114,3,餘,thờ,,SYLLABLE,nghia_consensus_tu_silver,"[1170, 930, 1274, 1050]",104,140,𰨂|俆|徐|悇|扵|承|於|烏|祀|祠|蜍|蠩|賒|踈|除|䜹|𠄜|𣱏|𤋬|𤕘|𥚤|𨑦|𫀟|󰯺|󱡖,25,False,,0.568,,0,False,,False,False,False,False,False,True,False,False,True
M2_0436,syllable/stt11_page_0204_c09_192.png,stt11,page_0204,9,乔,trời,,SYLLABLE,nghia_consensus_tu_silver,"[296, 1807, 398, 1925]",117,146,|俼|天|旹|𠅜|𠳒|𡗶|𢚸|𣈗|𫯝|𫶸|󱞿|沈,13,False,```,0.754,,0,False,,False,False,False,False,False,False,False,False,True
M2_0437,syllable/stt11_page_0210_c07_106.png,stt11,page_0210,7,妃,bà,,SYLLABLE,nghia_consensus,"[684, 459, 795, 566]",107,102,𱙘|嘙|堏|壩|妑|婆|把|掱|搫|朳|杷|欛|波|潖|爬|琶|番|皤|磻|粑|繁|耙|袙|跁|鄱|鈀|靶|䎱|𣚒|𣞻|𤧲|𩚥|󰜏|󱦗|󱳠|爸,36,False,,0.463,,0,False,,False,False,False,False,False,True,False,False,True
M2_0438,silver/stt11_page_0088_c04_094.png,stt11,page_0088,4,尺,nơi,尼,SILVER,s2_inter_s3_corrected,"[1037, 1263, 1148, 1385]",77,142,|匕|厼|呢|坭|尼|巴|昵|泥|㞾|𡰱|𡲌|󱟼,13,False,,0.553,,0,False,,False,False,False,False,False,True,False,False,True
M2_0439,syllable/stt11_page_0290_c07_144.png,stt11,page_0290,7,并,ông,,SYLLABLE,nghia_consensus,"[547, 2060, 646, 2176]",99,134,|嗡|東|王|翁|蓊|螉|鶲|䈵|𣸜|𩔚|𪂔|𪪳|󰎰|塕|滃|鹟,17,False,,0.608,,0,False,,False,False,False,False,False,True,False,False,True
M2_0440,syllable/stt11_page_0050_c05_100.png,stt11,page_0050,5,竈,xuống,,SYLLABLE,nghia_consensus,"[872, 1335, 978, 1447]",114,138,|下|笹|𠁑|𠖈|𡬈|𨑜|𪧍|𫳭|𫴋|𬕹|𬺗|󰞘|󰡎|󱚏|󱟫|󱪞,17,False,i,0.643,,0,False,,False,False,False,False,False,False,True,False,True
M2_0441,silver/stt11_page_0172_c03_042.png,stt11,page_0172,3,少,cho,朱,SILVER,s2_inter_s3_corrected,"[1699, 1017, 1817, 1123]",89,125,|咮|埃|木|朱|株|沫|渚|濐|硃|陼|㵭,12,False,,0.543,,0,False,,False,False,False,False,False,True,False,False,True
M2_0442,silver/stt11_page_0276_c06_109.png,stt11,page_0276,6,擦,treo,撩,SILVER,s3_head_bank_consensus,"[744, 1100, 864, 1219]",123,142,僚|尞|招|挑|掉|撈|撩|燎|繚|誂|蹽|㨄|𡼷|𢬹|𢸘|𢿞|󱏪,17,False,,0.691,,0,False,,False,False,False,False,False,True,False,False,True
M2_0443,syllable/stt11_page_0130_c06_106.png,stt11,page_0130,6,湲,nước,,SYLLABLE,nghia_consensus_tu_silver,"[698, 2025, 812, 2136]",76,133,|匿|國|娘|搩|於|渃|珠|箸|著|𣋐|𣥧|𫭔,13,False,,0.453,,0,False,,False,False,False,False,False,True,False,False,True
M2_0444,silver/stt11_page_0010_c09_162.png,stt11,page_0010,9,農,một,蔑,SILVER,s2_inter_s3_corrected,"[243, 1396, 338, 1506]",75,136,||||||||𱥺|刎|圽|堆|墓|更|歾|歿|殁|殳|沒|没|痗|蔑|車|默|𠬛|𠬠|𠬸|𣇶|𣧒|𣨏|𣳚|𣴬|𦐲|𩑦|󰓳|󰜋|󱘴,37,False,```markdown  ```,0.621,,0,False,,False,False,False,False,False,False,True,False,True
M2_0445,syllable/stt11_page_0032_c08_151.png,stt11,page_0032,8,曉,nhiều,,SYLLABLE,nghia_consensus_tu_silver,"[399, 577, 501, 697]",98,136,|堯|嬈|澆|蜫|迻|饒|𡗉|𡗊|𤄮|𩜙|𬲢|𬼀|󰕦|󰕩|󰕭|󰞬|󰬥,18,False,,0.525,,0,False,,False,False,False,False,False,True,False,False,True
M2_0446,syllable/stt11_page_0020_c08_165.png,stt11,page_0020,8,炤,lửa,,SYLLABLE,nghia_consensus,"[403, 1549, 517, 1644]",123,116,|𱪵|呂|帞|火|焒|󰌎|󰌕,8,False,,0.612,,0,False,,False,False,False,False,False,True,False,False,True
M2_0447,syllable/stt11_page_0262_c01_002.png,stt11,page_0262,1,捧,cầm,,SYLLABLE,nghia_consensus_tu_silver,"[1461, 644, 1573, 763]",112,126,乁|今|倿|及|吟|噙|岌|扲|捦|擒|檎|珡|琴|琹|禁|禽|芩|荶|菳|鈙|錦|靲|㩒|䥅|䥆|䦦|𠎘|𢄕|𢎜|𢭂|𢶒|𣗜|𤦡|𤩟|𤫍|𤫒|𤴽|𨆓|𨕤|𨨖|𨪖|𨫹|𩰔|饉|馑,45,False,,0.584,,0,False,,False,False,False,False,False,True,False,False,True
M2_0448,syllable/stt11_page_0152_c08_171.png,stt11,page_0152,8,異,là,,SYLLABLE,nghia_consensus_tu_silver,"[422, 2304, 524, 2420]",108,122,||𱺵|卥|号|囉|容|廾|時|浪|纙|罗|羅|買|邏|㼈|𢌬|𦉼|𦋝|𦌴|𦲿|𨔍|𪜀|𪡔|𫥨|𬗢|󰀳|󰐥|󰑼|󱜐|󱧭,31,False,小 母,0.680,小母,2,False,小,False,False,False,True,False,False,False,True,False
M2_0449,silver/stt11_page_0296_c02_024.png,stt11,page_0296,2,昇,người,㝵,SILVER,s2_inter_s3_corrected,"[1332, 643, 1436, 765]",84,129,仉|倘|儻|勜|匕|命|圤|徜|昆|皚|躺|辞|㝵|𠊚|𠊛|𣈗|𣈜|𤽗|𫴮|󱫱,20,False,,0.505,,0,False,,False,False,False,False,False,True,False,False,True
M2_0450,silver/stt11_page_0198_c04_071.png,stt11,page_0198,4,分,ý,衣,SILVER,s2_inter_s3_corrected,"[1510, 953, 1623, 1064]",90,109,亄|億|噫|悥|意|憶|懿|抑|曀|歖|薏|衣|鐿|镱|饐|鷧|鷾|㦉|㦤|㱅|𠶷|𡕆|𡤵|𡮕|𢡃|𢢶|𢤥|𦺳|𧘇|𩁈|󰀎|媿|季|悸|愧|歸|癔|癸|瞆|瞶|貴|贵|鯚,43,False,,0.411,,0,False,,False,False,False,False,False,True,False,False,True
M2_0451,syllable/stt11_page_0068_c08_154.png,stt11,page_0068,8,乔,trời,,SYLLABLE,nghia_consensus_tu_silver,"[388, 602, 492, 719]",85,133,|俼|天|旹|𠅜|𠳒|𡗶|𢚸|𣈗|𫯝|𫶸|󱞿|沈,13,False,```markdown  ```,0.595,,0,False,,False,False,False,False,False,False,True,False,True
M2_0452,silver/stt11_page_0016_c07_133.png,stt11,page_0016,7,按,cũng,拱,SILVER,s2_inter_s3_corrected,"[571, 619, 682, 739]",132,148,亦|供|共|吏|垬|廾|拱|拲|珙|龔|㤨|𠔏|𦱹|𩇿|𩛘|󰟔|󰠃,17,False,,0.748,,0,False,,False,False,False,False,False,True,False,False,True
M2_0453,syllable/stt11_page_0180_c06_130.png,stt11,page_0180,6,方,đức,,SYLLABLE,nghia_consensus,"[744, 2409, 848, 2512]",98,108,|𱐩|𱝮|徳|德|恴|悳|惪|㤫|㥀|㥁|䙷|𢛳|𢜖|𢠀|𢤊|𨗌|𨗤|𭲖|󰆙|󱉎,21,False,分,0.490,分,1,True,分,False,False,False,True,False,False,False,False,False
M2_0454,silver/stt11_page_0058_c05_097.png,stt11,page_0058,5,逢,c,極,SILVER,s2_inter_s3_corrected,"[882, 1422, 989, 1530]",127,114,極|󱥌,2,False,,0.622,,0,False,,False,False,False,False,False,True,False,False,True
M2_0455,silver/stt11_page_0190_c08_156.png,stt11,page_0190,8,我,thầy,柴,SILVER,s2_inter_s3_corrected,"[913, 1166, 1014, 1281]",91,133,||偨|柴|祡|茈|賴|𪪀,8,False,凡,0.485,凡,1,True,凡,False,False,False,True,False,False,False,False,False
M2_0456,syllable/stt11_page_0066_c05_095.png,stt11,page_0066,5,人,ấy,,SYLLABLE,nghia_consensus,"[872, 1254, 979, 1363]",101,129,𱍸|乙|倚|噫|娎|帝|悥|意|憶|椅|衣|衤|𠂎|𠋣|𠶷|𢡃|𧘇|𪬫|𫢚|󰀎|󱦝|󱰁|啩|怪|掛|撌|癸|紙|𠶔|𢫞|𢯗|𥿗,32,False,八,0.599,八,1,True,八,False,False,False,True,False,False,False,False,False
M2_0457,syllable/stt11_page_0134_c09_180.png,stt11,page_0134,9,新,đoạn,,SYLLABLE,nghia_consensus_tu_silver,"[243, 415, 347, 518]",83,100,断|斷|椴|段|毈|碫|籪|緞|缎|腶|鍛|锻|㫁|𠜷|𠝅|𠡱|𠩻|𠪅|𠸿|𣂢|𣂣|𣂱|𣂸|𣂾|𣃔|𣦕|𣦙|𦂰|𩏇|𭮫|󰞂|󰠣|塅|夺|奪,35,False,```markdown  ```,0.516,,0,False,,False,False,False,False,False,False,True,False,True
M2_0458,syllable/stt11_page_0234_c05_083.png,stt11,page_0234,5,行,đức,,SYLLABLE,nghia_consensus,"[850, 2111, 954, 2225]",105,138,|𱐩|𱝮|徳|德|恴|悳|惪|㤫|㥀|㥁|䙷|𢛳|𢜖|𢠀|𢤊|𨗌|𨗤|𭲖|󰆙|󱉎,21,False,上,0.656,上,1,True,上,False,False,False,True,False,False,False,False,False
M2_0459,silver/stt11_page_0042_c07_115.png,stt11,page_0042,7,教,lê,黎,SILVER,s2_inter_s3_corrected,"[585, 1811, 690, 1915]",96,124,栛|梨|梸|棃|犁|犂|琍|璃|瓈|筣|茘|荔|莉|菞|蔾|藜|蠡|黎|黧|㰀|㴝|䊍|䔧|䵓|𠠍|𤛺|𤛼|𤛿|𥝫|𥟖|𥡓|𥡚|𥢀|𦴙|𦶭|𦺙|𧅏|𨛫|𨝟|𨩂|𪏭|𪏯|𪏱|𪏵|󰣀|捗|逦|邐,48,False,```markdown  ```,0.637,,0,False,,False,False,False,False,False,False,True,False,True
M2_0460,syllable/stt11_page_0286_c04_068.png,stt11,page_0286,4,肉,lời,,SYLLABLE,nghia_consensus,"[1000, 992, 1104, 1112]",83,141,例|俐|分|利|吝|唎|坘|塁|痢|行|調|𠅜|𠇮|𠜫|𠳐|𠳒|𡗶|𢈱|𢚸|𥒥|𥝢|𥝤|𫜗|󰂫|󰢊|󱊻|唩,27,False,```markdown  ```,0.633,,0,False,,False,False,False,False,False,False,True,False,True
M2_0461,silver/stt11_page_0248_c06_111.png,stt11,page_0248,6,安,hỏi,每,SILVER,s2_inter_s3_corrected,"[711, 714, 812, 825]",100,130,哙|喂|嗨|噲|坙|每|磊|誨|𠳨|𫊹|󰢽|󰭃|󱛵,13,False,,0.616,,0,False,,False,False,False,False,False,True,False,False,True
M2_0462,syllable/stt11_page_0264_c09_184.png,stt11,page_0264,9,万,đức,,SYLLABLE,nghia_consensus,"[279, 1177, 380, 1276]",78,115,|𱐩|𱝮|徳|德|恴|悳|惪|㤫|㥀|㥁|䙷|𢛳|𢜖|𢠀|𢤊|𨗌|𨗤|𭲖|󰆙|󱉎,21,False,```markdown  ```,0.425,,0,False,,False,False,False,False,False,False,True,False,True
M2_0463,syllable/stt11_page_0110_c09_183.png,stt11,page_0110,9,岐,chê,,SYLLABLE,nghia_consensus_tu_silver,"[259, 1625, 356, 1733]",81,129,|吱|支|𠶜|𢛍,5,False,,0.472,,0,False,,False,False,False,False,False,True,False,False,True
M2_0464,syllable/stt11_page_0158_c03_047.png,stt11,page_0158,3,䍐,ra,,SYLLABLE,nghia_consensus,"[1172, 599, 1275, 705]",97,130,||||𱜂|出|加|囉|囖|威|廾|歯|羅|群|蔞|𠚢|𦉼|𦋦|𪜀|𪞷|𪡔|𫥧|𫥨|𬎷|𬙛|󰑼|󰑾|󰔏|󰝋|󰮤|󰯊|󰲺|󱈮|󱚓|󱜐|󱡾|󱤂,37,False,```markdown  ```,0.684,,0,False,,False,False,False,False,False,False,True,False,True
M2_0465,syllable/stt11_page_0146_c06_113.png,stt11,page_0146,6,王,vậy,,SYLLABLE,nghia_consensus_tu_silver,"[691, 456, 796, 569]",78,136,丕|仳|呸|物|特|盃|㔻|𠦓,8,False,```markdown  ```,0.634,,0,False,,False,False,False,False,False,False,True,False,True
M2_0466,syllable/stt11_page_0074_c03_052.png,stt11,page_0074,3,庶,mà,,SYLLABLE,nghia_consensus_tu_silver,"[1187, 1406, 1299, 1532]",112,156,|傌|嘛|女|痳|罵|菻|蔴|調|駡|高|麻|默|𢠩|𢳀|𣻕|𦋻|𦓡|𦲬|󱰷|󱰹,21,False,,0.745,,0,False,,False,False,False,False,False,True,False,False,True
M2_0467,silver/stt11_page_0064_c02_041.png,stt11,page_0064,2,將,thì,時,SILVER,s2_inter_s3_corrected,"[1387, 2364, 1491, 2474]",104,114,𱢑|匙|埘|塒|寺|峕|常|提|时|旹|時|晨|曟|榯|氏|畤|秲|茄|莳|蒔|辰|鍉|鰣|鲥|㔭|㫑|㫭|㮛|䈕|䢈|𠨱|𠨷|𠩐|𠩟|𠱾|𡗶|𡺈|𡺞|𢁈|𣅱|𣈜|𥊘|𥫽|𦔌|𦱎|𦱗|𦸎|𨑃|𨑄|𨥌|𩶬|𪰛|𬀦|󰣡|󱞑|㖘,56,False,,0.538,,0,False,,False,False,False,False,False,True,False,False,True
M2_0468,syllable/stt11_page_0098_c02_031.png,stt11,page_0098,2,人,ấy,,SYLLABLE,nghia_consensus_tu_silver,"[1330, 1457, 1437, 1565]",70,132,𱍸|乙|倚|噫|娎|帝|悥|意|憶|椅|衣|衤|𠂎|𠋣|𠶷|𢡃|𧘇|𪬫|𫢚|󰀎|󱦝|󱰁|啩|怪|掛|撌|癸|紙|𠶔|𢫞|𢯗|𥿗,32,False,,0.483,,0,False,,False,False,False,False,False,True,False,False,True
M2_0469,silver/stt11_page_0060_c01_010.png,stt11,page_0060,1,人,làm,乄,SILVER,s2_inter_s3_corrected,"[1474, 1293, 1587, 1396]",94,82,|乄|滥|漤|濫|灠|爪|爫|藍|㕚|𣩂|𣽦|𪵯|𫜵|𬈋|󰥎|󱛝,17,False,体,0.363,体,1,True,体,False,False,False,True,False,False,False,False,False
M2_0470,syllable/stt11_page_0246_c08_165.png,stt11,page_0246,8,隻,nghĩa,,SYLLABLE,nghia_consensus_tu_silver,"[399, 1370, 499, 1476]",102,130,|𱻊|义|儀|羛|義|解|誼|𠌾|󰒂,10,False,,0.566,,0,False,,False,False,False,False,False,True,False,False,True
M2_0471,silver/stt11_page_0054_c09_181.png,stt11,page_0054,9,後,việc,役,SILVER,s2_inter_s3_corrected,"[263, 1105, 368, 1214]",113,135,||𱥺|伇|役|沒|𠈧|𠈿|𭛣|󰒴|󰜄|󱮓,12,False,,0.666,,0,False,,False,False,False,False,False,True,False,False,True
M2_0472,silver/stt11_page_0226_c01_003.png,stt11,page_0226,1,尺,này,尼,SILVER,s2_inter_s3_corrected,"[1455, 699, 1559, 814]",107,138,又|呢|尼|怩|昵|㖠|㞾|䛏|𠉞|𠼱|𠽬|𡰱|𡲌|𣭙|𫢩|󱟼,16,False,山,0.590,山,1,True,山,False,False,False,True,False,False,False,False,False
M2_0473,syllable/stt11_page_0236_c02_038.png,stt11,page_0236,2,希,vua,,SYLLABLE,nghia_consensus,"[1333, 2006, 1442, 2123]",91,134,君|噖|𠀹|𠁈|𠱩|𠱭|𠱰|𠺞|𢁨|𢂜|𢃊|𤤰|𪻟|𪼀|󰯯,15,False,,0.564,,0,False,,False,False,False,False,False,True,False,False,True
M2_0474,syllable/stt11_page_0166_c03_045.png,stt11,page_0166,3,署,rô,,SYLLABLE,nghia_consensus,"[1163, 897, 1274, 1016]",108,147,噜|嚕|魲|鮋|鯈|鱸|𩼁|𩽬|𫙔|𬠩|󱅫,11,False,,0.628,,0,False,,False,False,False,False,False,True,False,False,True
M2_0475,silver/stt11_page_0080_c04_064.png,stt11,page_0080,4,昇,người,㝵,SILVER,s2_inter_s3_corrected,"[1015, 518, 1121, 640]",105,143,仉|倘|儻|勜|匕|命|圤|徜|昆|皚|躺|辞|㝵|𠊚|𠊛|𣈗|𣈜|𤽗|𫴮|󱫱,20,False,.,0.692,,0,False,,False,False,False,False,False,False,False,False,True
M2_0476,silver/stt11_page_0218_c08_151.png,stt11,page_0218,8,𮚃,tham,貪,SILVER,s2_inter_s3_corrected,"[397, 591, 495, 703]",83,138,三|傪|参|參|叄|叅|探|掺|摻|曑|耼|聃|葠|蓡|蔘|薓|貪|贪|驂|骖|㕘|𠫭|𠫰|𠫵|𠬄|𠬅|𠻝|󰉶|縿|芩,30,False,,0.567,,0,False,,False,False,False,False,False,True,False,False,True
M2_0477,syllable/stt11_page_0200_c06_120.png,stt11,page_0200,6,色,đã,,SYLLABLE,nghia_consensus,"[708, 1408, 815, 1515]",77,110,乑|也|卒|吏|吔|它|拖|易|胣|諸|陀|㐌|𠰹|𢒕|𣦁|𧭷,16,False,```markdown  ```,0.527,,0,False,,False,False,False,False,False,False,True,False,True
M2_0478,syllable/stt11_page_0214_c07_132.png,stt11,page_0214,7,万,đức,,SYLLABLE,nghia_consensus,"[536, 961, 638, 1080]",112,139,|𱐩|𱝮|徳|德|恴|悳|惪|㤫|㥀|㥁|䙷|𢛳|𢜖|𢠀|𢤊|𨗌|𨗤|𭲖|󰆙|󱉎,21,False,?,0.677,,0,False,,False,False,False,False,False,False,False,False,True
M2_0479,silver/stt11_page_0260_c02_033.png,stt11,page_0260,2,選,lên,連,SILVER,s2_inter_s3_corrected,"[1301, 1391, 1401, 1500]",82,89,年|瑨|苓|蓮|連|𢧚|𨑗|𨕭|𨖲|𫧧|𬨠|𬨺|󰁯|󰓁,14,False,```markdown  ```,0.390,,0,False,,False,False,False,False,False,False,True,False,True
M2_0480,silver/stt11_page_0112_c08_154.png,stt11,page_0112,8,夲,hạ,下,SILVER,s2_inter_s3_corrected,"[414, 645, 528, 716]",106,87,丅|下|仮|假|厦|叚|吓|唬|啊|嗄|噎|复|夏|廈|暇|煆|芐|荷|賀|贺|鍜|𠁒|𠄟|𠩴|𠷚|𢇗|𢌂|𢌉|𣣺|𤹉|吇|罅|葭,33,False,,0.426,,0,False,,False,False,False,False,False,True,False,False,True
M2_0481,syllable/stt11_page_0128_c08_168.png,stt11,page_0128,8,餘,thờ,,SYLLABLE,nghia_consensus_tu_silver,"[401, 1509, 506, 1623]",107,135,𰨂|俆|徐|悇|扵|承|於|烏|祀|祠|蜍|蠩|賒|踈|除|䜹|𠄜|𣱏|𤋬|𤕘|𥚤|𨑦|𫀟|󰯺|󱡖,25,False,,0.661,,0,False,,False,False,False,False,False,True,False,False,True
M2_0482,syllable/stt11_page_0184_c04_064.png,stt11,page_0184,4,計,ghê,,SYLLABLE,nghia_consensus,"[1019, 642, 1138, 718]",124,94,世|乩|卟|稽|䭫|䭬|𠺳|𡃊|𥞞|𥟵|𥠻|𥡞|𥡳|𥡴|𩠜|𩠥|𩠦|𩠨|󰏲,19,False,,0.529,,0,False,,False,False,False,False,False,True,False,False,True
M2_0483,silver/stt11_page_0132_c02_036.png,stt11,page_0132,2,子,sự,事,SILVER,s2_inter_s3_corrected,"[1341, 1748, 1439, 1860]",55,132,亊|事|剚|叓|殖|耡|锄|麆|㕝|𠁱|𠫺|𠭆|𠭏|𤔇|筛|篩,16,False,i j k,0.470,,0,False,,False,False,False,False,False,False,True,False,True
M2_0484,syllable/stt11_page_0298_c04_080.png,stt11,page_0298,4,趍,đi,,SYLLABLE,nghia_consensus,"[1006, 2152, 1114, 2273]",126,147,|多|岃|移|跢|迻|𠫾|𨀕|𪠞|𫺲,10,False,,0.643,,0,False,,False,False,False,False,False,True,False,False,True
M2_0485,silver/stt11_page_0034_c02_031.png,stt11,page_0034,2,手,lòng,弄,SILVER,s2_inter_s3_corrected,"[1314, 1259, 1420, 1372]",115,139,峼|弄|情|挊|挵|淚|瘧|胣|㢅|㺯|𠧗|𡀜|𡱯|𢌮|𢙱|𢚸|𪫵|𪻒|𬚼|𬛃|󰇑|󰝅|󰟯,23,False,,0.671,,0,False,,False,False,False,False,False,True,False,False,True
M2_0486,syllable/stt11_page_0186_c08_158.png,stt11,page_0186,8,聘,ngày,,SYLLABLE,nghia_consensus,"[418, 1788, 524, 1912]",127,145,ヌ||匕|又|挧|時|㝵|𣈗|𣈜|𣦍|𬏝,11,False,,0.744,,0,False,,False,False,False,False,False,True,False,False,True
M2_0487,silver/stt11_page_0254_c02_027.png,stt11,page_0254,2,昇,người,㝵,SILVER,s2_inter_s3_corrected,"[1313, 954, 1419, 1064]",106,136,仉|倘|儻|勜|匕|命|圤|徜|昆|皚|躺|辞|㝵|𠊚|𠊛|𣈗|𣈜|𤽗|𫴮|󱫱,20,False,午,0.665,午,1,True,午,False,False,False,True,False,False,False,False,False
M2_0488,syllable/stt11_page_0178_c03_058.png,stt11,page_0178,3,趍,đi,,SYLLABLE,nghia_consensus,"[1166, 1837, 1272, 1955]",96,145,|多|岃|移|跢|迻|𠫾|𨀕|𪠞|𫺲,10,False,终,0.675,终,1,True,终,False,False,False,True,False,False,False,False,False
M2_0489,syllable/stt11_page_0252_c01_012.png,stt11,page_0252,1,白,làm,,SYLLABLE,nghia_consensus,"[1494, 1473, 1575, 1577]",89,106,|乄|滥|漤|濫|灠|爪|爫|藍|㕚|𣩂|𣽦|𪵯|𫜵|𬈋|󰥎|󱛝,17,False,),0.433,,0,False,,False,False,False,False,False,False,False,False,True
M2_0490,syllable/stt11_page_0280_c06_113.png,stt11,page_0280,6,人,ấy,,SYLLABLE,nghia_consensus,"[741, 1100, 849, 1216]",109,136,𱍸|乙|倚|噫|娎|帝|悥|意|憶|椅|衣|衤|𠂎|𠋣|𠶷|𢡃|𧘇|𪬫|𫢚|󰀎|󱦝|󱰁|啩|怪|掛|撌|癸|紙|𠶔|𢫞|𢯗|𥿗,32,False,心,0.684,心,1,True,心,False,False,False,True,False,False,False,False,False
M2_0491,silver/stt11_page_0100_c09_187.png,stt11,page_0100,9,石,vậy,丕,SILVER,s2_inter_s3_corrected,"[284, 2282, 381, 2395]",78,119,丕|仳|呸|物|特|盃|㔻|𠦓,8,False,五,0.412,五,1,True,五,False,False,False,True,False,False,False,False,False
M2_0492,silver/stt11_page_0078_c06_123.png,stt11,page_0078,6,兹,nhà,茹,SILVER,s2_inter_s3_corrected,"[671, 1689, 776, 1808]",104,143,伽|傢|如|宊|家|牙|芽|茄|茹|䋈|𠖔|𡧚|𡩀|𡩅|𡩙|𡩚|𡩵|𨔽|󰕒,19,False,2,0.694,,0,False,,False,False,False,False,False,False,False,False,True
M2_0493,syllable/stt11_page_0012_c06_110.png,stt11,page_0012,6,人,ấy,,SYLLABLE,nghia_consensus_tu_silver,"[729, 726, 838, 838]",102,133,𱍸|乙|倚|噫|娎|帝|悥|意|憶|椅|衣|衤|𠂎|𠋣|𠶷|𢡃|𧘇|𪬫|𫢚|󰀎|󱦝|󱰁|啩|怪|掛|撌|癸|紙|𠶔|𢫞|𢯗|𥿗,32,False,```markdown  ```,0.694,,0,False,,False,False,False,False,False,False,True,False,True
M2_0494,silver/stt11_page_0044_c09_156.png,stt11,page_0044,9,更,a,亜,SILVER,s2_inter_s3_corrected,"[316, 819, 411, 922]",98,122,丫|了|亜|亞|兮|呀|呵|哑|啊|啞|嗄|堊|妸|娿|婀|婐|婭|客|屙|惡|枒|桠|椏|狣|疴|痾|訶|鈳|錏|錒|铔|锕|阿|雅|鴉|鵶|鸦|䢝|𠄮|𠲞|𣉩|𣏎|𩭯|𩿗|𪀨|𪀹|也|价|伽|假|價|剐|剮|叚|吔|吖|咖|啫|夏|嫁|寡|寫|惈|拁|斝|果|架|枷|柘|查|榎|槚|檟|液|珈|痂|稼|笳|箸|篾|粿|者|茄|菓|葭|蔗|蜾|賈|贾|赭|跏|輠|过|这|迦|這|過|遮|錁|锞|駕|驾|鷓|鹧|㨋|𣂃|𣨕|𥳅|𦁹|𦓅|𦩳|𧵟|𨔾|𩾷|𪇍|𪝪|𪢆|𫅷,118,False,,0.557,,0,False,,False,False,False,False,False,True,False,False,True
M2_0495,syllable/stt11_page_0216_c04_081.png,stt11,page_0216,4,覺,đâu,,SYLLABLE,nghia_consensus_tu_silver,"[1049, 1929, 1152, 2035]",99,103,|||||𱏫|丟|丢|兜|兠|厾|叨|唗|篼|芇|蔸|銩|铥|頭|颩|饕|㿡|𠙧|𤾆|𤾇|𦄓|𦆘|𦋌|𨩁|𫤩|󰠲|󰠳|󰦓|凅,34,False,```markdown  ```,0.580,,0,False,,False,False,False,False,False,False,True,False,True
M2_0496,syllable/stt11_page_0288_c05_088.png,stt11,page_0288,5,肉,lời,,SYLLABLE,nghia_consensus_tu_silver,"[896, 612, 1002, 727]",89,127,例|俐|分|利|吝|唎|坘|塁|痢|行|調|𠅜|𠇮|𠜫|𠳐|𠳒|𡗶|𢈱|𢚸|𥒥|𥝢|𥝤|𫜗|󰂫|󰢊|󱊻|唩,27,False,,0.444,,0,False,,False,False,False,False,False,True,False,False,True
M2_0497,syllable/stt11_page_0220_c05_091.png,stt11,page_0220,5,孟,vui,,SYLLABLE,nghia_consensus_tu_silver,"[888, 876, 992, 986]",120,122,|戞|杯|盃|衃|𠸟|𢝙|𢞂|𢠿|𣡝|𫽗|𬐩|󱩗|󱩘,14,False,```markdown  ```,0.735,,0,False,,False,False,False,False,False,False,True,False,True
M2_0498,syllable/stt11_page_0222_c01_010.png,stt11,page_0222,1,山,sang,,SYLLABLE,nghia_consensus,"[1461, 1324, 1573, 1436]",93,138,刅|创|刱|剏|剙|創|呛|嗆|床|廊|愴|戈|戗|戧|抢|搶|摤|朗|枪|槍|瀧|炝|熗|牀|牄|疮|瘡|禥|艭|跄|蹌|蹡|郎|郒|鎗|鏿|鑓|𠛂|𠛲|𠝀|𠝵|𠞴|𠟐|𢀨|𢲲|𢷇|𤶷|𤺨|𥎄|𦭠|𦭫|𨄂|𨖅|𨝥|𨱠|󱞻|󱮶|倉,58,False,,0.535,,0,False,,False,False,False,False,False,True,False,False,True
M2_0499,silver/stt11_page_0142_c09_177.png,stt11,page_0142,9,帖,xem,䀡,SILVER,s2_inter_s3_corrected,"[236, 652, 333, 763]",95,137,|佔|占|呫|姟|娂|瞻|袩|覘|貼|㡇|䀡|䄡|䦓|𤎥|𫀅|󰏙|󰠉,18,False,,0.562,,0,False,,False,False,False,False,False,True,False,False,True
M2_0500,syllable/stt11_page_0056_c08_148.png,stt11,page_0056,8,吊,nào,,SYLLABLE,nghia_consensus_tu_silver,"[420, 621, 525, 741]",95,146,|𱜢|儍|市|惱|牢|羅|芇|芾|閙|闹|鬧|㝹|𠅈|𠆴|𠇰|𡗚|𢂂|𦬝|𨶂|𫮇|󰅹,22,False,,0.645,,0,False,,False,False,False,False,False,True,False,False,True
M2_0501,syllable/stt11_page_0162_c04_081.png,stt11,page_0162,4,团,bấy,,SYLLABLE,nghia_consensus,"[1138, 1818, 1237, 1925]",121,127,卑|悲|曊|碑|罢|罷|貝|買|閇|閈|閉|闭|䠋|𠇍|𠐌|𠾚|𡭼|𡮁|𤰞|𥓓|𦋼|𧟽|𨳓|𨳯|𨳰|𨳲|𨵰|𪿨|󰋇|󰛠|󰭍|󱡋|󱤙|󱤣,34,False,],0.585,,0,False,,False,False,False,False,False,False,False,False,True
M2_0502,silver/stt11_page_0224_c05_107.png,stt11,page_0224,5,西,a,亜,SILVER,s2_inter_s3_corrected,"[879, 2185, 985, 2302]",104,127,丫|了|亜|亞|兮|呀|呵|哑|啊|啞|嗄|堊|妸|娿|婀|婐|婭|客|屙|惡|枒|桠|椏|狣|疴|痾|訶|鈳|錏|錒|铔|锕|阿|雅|鴉|鵶|鸦|䢝|𠄮|𠲞|𣉩|𣏎|𩭯|𩿗|𪀨|𪀹|也|价|伽|假|價|剐|剮|叚|吔|吖|咖|啫|夏|嫁|寡|寫|惈|拁|斝|果|架|枷|柘|查|榎|槚|檟|液|珈|痂|稼|笳|箸|篾|粿|者|茄|菓|葭|蔗|蜾|賈|贾|赭|跏|輠|过|这|迦|這|過|遮|錁|锞|駕|驾|鷓|鹧|㨋|𣂃|𣨕|𥳅|𦁹|𦓅|𦩳|𧵟|𨔾|𩾷|𪇍|𪝪|𪢆|𫅷,118,False,面,0.611,面,1,True,面,False,False,False,True,False,False,False,False,False
M2_0503,syllable/stt11_page_0164_c01_010.png,stt11,page_0164,1,𡬦,ông,,SYLLABLE,nghia_consensus,"[1478, 1546, 1581, 1659]",76,136,|嗡|東|王|翁|蓊|螉|鶲|䈵|𣸜|𩔚|𪂔|𪪳|󰎰|塕|滃|鹟,17,False,,0.467,,0,False,,False,False,False,False,False,True,False,False,True
M2_0504,syllable/stt11_page_0228_c05_099.png,stt11,page_0228,5,勿,đức,,SYLLABLE,nghia_consensus,"[861, 2108, 968, 2215]",67,130,|𱐩|𱝮|徳|德|恴|悳|惪|㤫|㥀|㥁|䙷|𢛳|𢜖|𢠀|𢤊|𨗌|𨗤|𭲖|󰆙|󱉎,21,False,入,0.442,入,1,True,入,False,False,False,True,False,False,False,False,False
M2_0505,syllable/stt11_page_0282_c01_001.png,stt11,page_0282,1,洶,ao,,SYLLABLE,nghia_consensus,"[1458, 537, 1561, 655]",103,143,||傉|凹|刀|呦|坳|幼|拗|泑|爊|釉|鏕|鏖|㓜|㘭|䆟|䥝|䫜|𠕄|𠯻|𢈈|𥑑|𧰽|𨰅|𪵲|𬇚|󱡥|󱧓|么|吆,31,False,,0.651,,0,False,,False,False,False,False,False,True,False,False,True
M2_0506,silver/stt11_page_0144_c08_165.png,stt11,page_0144,8,軒,ngàn,彦,SILVER,s3_head_bank_consensus,"[429, 1510, 532, 1605]",94,117,千|厈|垾|堓|屵|屽|岸|彥|彦|懯|㟁|𠦳|𡵃|𡶨|𢒊|𪶐|󰠛|󰭇|虤,19,False,```markdown  ```,0.521,,0,False,,False,False,False,False,False,False,True,False,True
M2_0507,syllable/stt11_page_0126_c08_136.png,stt11,page_0126,8,白,làm,,SYLLABLE,nghia_consensus_tu_silver,"[411, 1389, 507, 1507]",89,145,|乄|滥|漤|濫|灠|爪|爫|藍|㕚|𣩂|𣽦|𪵯|𫜵|𬈋|󰥎|󱛝,17,False,```markdown  ```,0.715,,0,False,,False,False,False,False,False,False,True,False,True
M2_0508,silver/stt11_page_0240_c07_155.png,stt11,page_0240,7,恨,răng,浪,SILVER,s2_inter_s3_corrected,"[561, 2136, 664, 2245]",87,135,|𲎩|凌|夌|浪|淩|齿|𦝄|𦢠|𪘵|𪤽|𫆢|𬹸|󰌻|󰛈|󱆋,16,False,,0.553,,0,False,,False,False,False,False,False,True,False,False,True
M2_0509,syllable/stt11_page_0072_c05_097.png,stt11,page_0072,5,祅,áo,,SYLLABLE,nghia_consensus_tu_silver,"[860, 1574, 969, 1690]",121,139,|墺|奥|奧|媄|嶴|懊|拗|澳|燠|袄|袎|襖|鐭|镺|隩|靿|㤇|𡒃|𢂅|𢂊|𥜌|𩉷|𩼈|𪥌|𬡢|噢|敎|教|敩|斆|校|槊|窖|芺|薁|覺|觉|鉸|餃|饺|𨬊|𪳞,43,False,,0.658,,0,False,,False,False,False,False,False,True,False,False,True
M2_0510,syllable/stt11_page_0188_c04_066.png,stt11,page_0188,4,𫊫,tao,,SYLLABLE,nghia_consensus_tu_silver,"[1028, 707, 1133, 820]",98,139,|傮|幍|慅|慒|掻|搔|曹|溞|糙|糟|繅|繰|缫|缲|臊|艘|蚤|蹧|遭|醩|鑿|騒|騷|骚|㮻|㿷|䖣|䗢|𠋺|𠑤|𢫼|𢭒|𢮞|𢸪|𣩒|𤔢|𥽹|𥽾|𦃐|𦏛|𦞢|𦞣|𦟅|𦠨|𦵩|𧈠|𧈡|𧎮|𧒮|𨗐|𨘜|𨙠|𨠷|𨣹|𨤇|𨤈|󰐌|唣|嘈|橝|漕|瘙|遁|遯|郕,66,False,,0.648,,0,False,,False,False,False,False,False,True,False,False,True
M2_0511,silver/stt11_page_0244_c05_106.png,stt11,page_0244,5,旱,toan,筭,SILVER,s2_inter_s3_corrected,"[865, 2211, 971, 2334]",106,151,|撰|散|櫲|狻|痠|祘|笇|筭|算|酸|鑽|䝜|𡀜|𢌺|𤷥|𥫫|𥮅|𨢽|𨣪|𪊴|󰛿|󰝺,23,False,```markdown  ```,0.756,,0,False,,False,False,False,False,False,False,True,False,True
M2_0512,silver/stt11_page_0268_c03_061.png,stt11,page_0268,3,停,làm,爫,SILVER,s2_inter_s3_corrected,"[1183, 2311, 1283, 2425]",100,139,|乄|滥|漤|濫|灠|爪|爫|藍|㕚|𣩂|𣽦|𪵯|𫜵|𬈋|󰥎|󱛝,17,False,,0.630,,0,False,,False,False,False,False,False,True,False,False,True
M2_0513,syllable/stt11_page_0118_c05_087.png,stt11,page_0118,5,夜,lời,,SYLLABLE,nghia_consensus,"[895, 606, 1003, 721]",112,138,例|俐|分|利|吝|唎|坘|塁|痢|行|調|𠅜|𠇮|𠜫|𠳐|𠳒|𡗶|𢈱|𢚸|𥒥|𥝢|𥝤|𫜗|󰂫|󰢊|󱊻|唩,27,False,,0.537,,0,False,,False,False,False,False,False,True,False,False,True
M2_0514,silver/stt11_page_0208_c05_091.png,stt11,page_0208,5,𤰞,là,罗,SILVER,s2_inter_s3_corrected,"[938, 628, 1039, 744]",113,136,||𱺵|卥|号|囉|容|廾|時|浪|纙|罗|羅|買|邏|㼈|𢌬|𦉼|𦋝|𦌴|𦲿|𨔍|𪜀|𪡔|𫥨|𬗢|󰀳|󰐥|󰑼|󱜐|󱧭,31,False,,0.632,,0,False,,False,False,False,False,False,True,False,False,True
M2_0515,syllable/stt11_page_0024_c08_174.png,stt11,page_0024,8,万,đức,,SYLLABLE,nghia_consensus,"[409, 1983, 511, 2090]",100,125,|𱐩|𱝮|徳|德|恴|悳|惪|㤫|㥀|㥁|䙷|𢛳|𢜖|𢠀|𢤊|𨗌|𨗤|𭲖|󰆙|󱉎,21,False,,0.573,,0,False,,False,False,False,False,False,True,False,False,True
M2_0516,syllable/stt11_page_0154_c05_100.png,stt11,page_0154,5,而,làm,,SYLLABLE,nghia_consensus,"[802, 1506, 914, 1618]",71,138,|乄|滥|漤|濫|灠|爪|爫|藍|㕚|𣩂|𣽦|𪵯|𫜵|𬈋|󰥎|󱛝,17,False,4,0.496,,0,False,,False,False,False,False,False,False,False,False,True
M2_0517,syllable/stt11_page_0062_c09_173.png,stt11,page_0062,9,希,vua,,SYLLABLE,nghia_consensus,"[261, 1707, 342, 1808]",71,118,君|噖|𠀹|𠁈|𠱩|𠱭|𠱰|𠺞|𢁨|𢂜|𢃊|𤤰|𪻟|𪼀|󰯯,15,False,```markdown  ```,0.568,,0,False,,False,False,False,False,False,False,True,False,True
M2_0518,syllable/stt11_page_0026_c09_196.png,stt11,page_0026,9,畏,là,,SYLLABLE,nghia_consensus_tu_silver,"[258, 1652, 361, 1759]",91,116,||𱺵|卥|号|囉|容|廾|時|浪|纙|罗|羅|買|邏|㼈|𢌬|𦉼|𦋝|𦌴|𦲿|𨔍|𪜀|𪡔|𫥨|𬗢|󰀳|󰐥|󰑼|󱜐|󱧭,31,False,```markdown  ```,0.505,,0,False,,False,False,False,False,False,False,True,False,True
M2_0519,silver/stt11_page_0010_p0028_c02_004.png,stt11,page_0010_p0028,2,歡,rê,黎,SILVER,s3_head_bank_consensus,"[1469, 802, 1572, 907]",111,129,咦|嚟|挗|犂|菞|黎|黧|㴝|䊍|𠴓|𠼪|𥟖|𥡓|𥡚|𥢀|𦴙|𦺙|𨛫|𨝟|𪏭|𪏯|𪏱|𪏵|󱫠,24,False,,0.614,,0,False,,False,False,False,False,False,True,False,False,True
M2_0520,silver/stt11_page_0094_c04_085.png,stt11,page_0094,4,啄,đội,隊,SILVER,s2_inter_s3_corrected,"[1014, 2203, 1117, 2323]",106,137,墜|憝|憞|瀩|譈|錞|队|隊|隧|𢥦|𢥲|𨺵|鐓|镦,14,False,,0.632,,0,False,,False,False,False,False,False,True,False,False,True
M2_0521,syllable/stt11_page_0270_c06_114.png,stt11,page_0270,6,燒,nhiều,,SYLLABLE,nghia_consensus_tu_silver,"[697, 868, 798, 975]",95,118,|堯|嬈|澆|蜫|迻|饒|𡗉|𡗊|𤄮|𩜙|𬲢|𬼀|󰕦|󰕩|󰕭|󰞬|󰬥,18,False,```markdown  ```,0.638,,0,False,,False,False,False,False,False,False,True,False,True
M2_0522,syllable/stt11_page_0202_c05_089.png,stt11,page_0202,5,方,đức,,SYLLABLE,nghia_consensus,"[874, 1398, 977, 1494]",67,106,|𱐩|𱝮|徳|德|恴|悳|惪|㤫|㥀|㥁|䙷|𢛳|𢜖|𢠀|𢤊|𨗌|𨗤|𭲖|󰆙|󱉎,21,False,,0.410,,0,False,,False,False,False,False,False,True,False,False,True
M2_0523,silver/stt11_page_0138_c06_115.png,stt11,page_0138,6,遥,là,邏,SILVER,s2_inter_s3_corrected,"[705, 989, 815, 1101]",120,138,||𱺵|卥|号|囉|容|廾|時|浪|纙|罗|羅|買|邏|㼈|𢌬|𦉼|𦋝|𦌴|𦲿|𨔍|𪜀|𪡔|𫥨|𬗢|󰀳|󰐥|󰑼|󱜐|󱧭,31,False,,0.630,,0,False,,False,False,False,False,False,True,False,False,True
M2_0524,syllable/stt11_page_0256_c03_063.png,stt11,page_0256,3,燒,nhiều,,SYLLABLE,nghia_consensus_tu_silver,"[1196, 2121, 1294, 2228]",86,131,|堯|嬈|澆|蜫|迻|饒|𡗉|𡗊|𤄮|𩜙|𬲢|𬼀|󰕦|󰕩|󰕭|󰞬|󰬥,18,False,凑,0.522,凑,1,True,凑,False,False,False,True,False,False,False,False,False
M2_0525,syllable/stt11_page_0052_c05_100.png,stt11,page_0052,5,燒,nhiều,,SYLLABLE,nghia_consensus_tu_silver,"[858, 1677, 968, 1792]",98,141,|堯|嬈|澆|蜫|迻|饒|𡗉|𡗊|𤄮|𩜙|𬲢|𬼀|󰕦|󰕩|󰕭|󰞬|󰬥,18,False,,0.587,,0,False,,False,False,False,False,False,True,False,False,True
M2_0526,silver/stt11_page_0096_c01_013.png,stt11,page_0096,1,悸,sợ,𢜝,SILVER,s2_inter_s3_corrected,"[1480, 1681, 1581, 1802]",85,134,咋|噏|怍|歙|翕|㒆|㤰|𢜝|𫻋|𫻐|󱨷,11,False,1.,0.578,,0,False,,False,False,False,False,False,False,False,False,True
M2_0527,silver/stt11_page_0102_c04_078.png,stt11,page_0102,4,吕,chịu,召,SILVER,s2_inter_s3_corrected,"[1023, 1570, 1128, 1684]",73,131,受|召|邵|𠮥|𠮦|𠹾|𠺥|𥃝,8,False,,0.455,,0,False,,False,False,False,False,False,True,False,False,True
M2_0528,syllable/stt11_page_0136_c06_123.png,stt11,page_0136,6,旺,uống,,SYLLABLE,nghia_consensus_tu_silver,"[762, 1410, 868, 1517]",100,131,枉|㕵|㳹|𠴝|𠶖|󱚍|󱜫|󱺆|降,9,False,,0.497,,0,False,,False,False,False,False,False,True,False,False,True
M2_0529,syllable/stt11_page_0086_c03_028.png,stt11,page_0086,3,希,vua,,SYLLABLE,nghia_consensus,"[1166, 821, 1270, 935]",101,132,君|噖|𠀹|𠁈|𠱩|𠱭|𠱰|𠺞|𢁨|𢂜|𢃊|𤤰|𪻟|𪼀|󰯯,15,False,```markdown  ```,0.686,,0,False,,False,False,False,False,False,False,True,False,True
M2_0530,silver/stt11_page_0196_c01_002.png,stt11,page_0196,1,安,cùng,其,SILVER,s2_inter_s3_corrected,"[1489, 608, 1595, 726]",86,131,供|共|其|塘|廾|弯|強|拱|拲|珙|穷|穹|窮|竆|藭|蛩|蛬|邛|䓖|䠻|𠔏|𡀳|𡃕|𥧺|𥨪|𦱹|𧅉|𧅓|𧉨|𧊡|𧊮|𧋄|𧋯|𧋳|𧌪|𧎦|𧏒|𨉺|𩇿|󰠃|棩|筇|跫|銎,44,False,```markdown  ```,0.556,,0,False,,False,False,False,False,False,False,True,False,True
M2_0531,syllable/stt11_page_0010_p0220_c03_058.png,stt11,page_0010_p0220,3,竈,xuống,,SYLLABLE,nghia_consensus,"[1165, 2179, 1269, 2300]",91,128,|下|笹|𠁑|𠖈|𡬈|𨑜|𪧍|𫳭|𫴋|𬕹|𬺗|󰞘|󰡎|󱚏|󱟫|󱪞,17,False,,0.546,,0,False,,False,False,False,False,False,True,False,False,True
M2_0532,syllable/stt11_page_0278_c01_008.png,stt11,page_0278,1,因,có,,SYLLABLE,nghia_consensus_tu_silver,"[1465, 1204, 1572, 1323]",63,106,世|个|個|古|同|固|堵|故|杏|沛|窖|箇|者|𣎏|󰡏,15,False,```markdown  ```,0.502,,0,False,,False,False,False,False,False,False,True,False,True
M2_0533,syllable/stt11_page_0160_c08_154.png,stt11,page_0160,8,谷,các,,SYLLABLE,nghia_consensus_tu_silver,"[428, 2314, 532, 2430]",112,138,各|合|恪|搁|擱|斠|格|榷|琾|硌|胳|袼|鉻|铬|閣|閤|阁|𬮤|挃|茖|詻,21,False,谷,0.601,谷,1,True,谷,False,False,True,True,False,False,False,False,False
M2_0534,syllable/stt11_page_0116_c07_136.png,stt11,page_0116,7,从,ấy,,SYLLABLE,nghia_consensus,"[604, 1174, 710, 1294]",103,126,𱍸|乙|倚|噫|娎|帝|悥|意|憶|椅|衣|衤|𠂎|𠋣|𠶷|𢡃|𧘇|𪬫|𫢚|󰀎|󱦝|󱰁|啩|怪|掛|撌|癸|紙|𠶔|𢫞|𢯗|𥿗,32,False,认,0.589,认,1,True,认,False,False,False,True,False,False,False,False,False
M2_0535,syllable/stt11_page_0046_c04_040.png,stt11,page_0046,4,餘,thờ,,SYLLABLE,nghia_consensus,"[988, 1095, 1097, 1135]",97,48,𰨂|俆|徐|悇|扵|承|於|烏|祀|祠|蜍|蠩|賒|踈|除|䜹|𠄜|𣱏|𤋬|𤕘|𥚤|𨑦|𫀟|󰯺|󱡖,25,False,```markdown  ```,0.422,,0,False,,False,False,False,False,False,False,True,False,True
M2_0536,silver/stt11_page_0182_c06_126.png,stt11,page_0182,6,湯,nước,渃,SILVER,s2_inter_s3_corrected,"[714, 2371, 816, 2482]",110,124,|匿|國|娘|搩|於|渃|珠|箸|著|𣋐|𣥧|𫭔,13,False,```markdown  ```,0.671,,0,False,,False,False,False,False,False,False,True,False,True
M2_0537,silver/stt11_page_0266_c03_048.png,stt11,page_0266,3,編,rối,綏,SILVER,s2_inter_s3_corrected,"[1173, 980, 1277, 1092]",99,135,𰦫|𱹻|対|對|磊|綏|𤂬|𤞖|𤢿|𦆹|𦇒|𫃸|𬗔|󰑚,14,False,心,0.652,心,1,True,心,False,False,False,True,False,False,False,False,False
M2_0538,syllable/stt11_page_0030_c06_111.png,stt11,page_0030,6,从,ấy,,SYLLABLE,nghia_consensus_tu_silver,"[701, 496, 814, 613]",106,145,𱍸|乙|倚|噫|娎|帝|悥|意|憶|椅|衣|衤|𠂎|𠋣|𠶷|𢡃|𧘇|𪬫|𫢚|󰀎|󱦝|󱰁|啩|怪|掛|撌|癸|紙|𠶔|𢫞|𢯗|𥿗,32,False,仪,0.613,仪,1,True,仪,False,False,False,True,False,False,False,False,False
M2_0539,silver/stt11_page_0176_c09_194.png,stt11,page_0176,9,左,của,古,SILVER,s2_inter_s3_corrected,"[277, 2197, 379, 2312]",84,141,古|咕|晫|䀡|𧵑|𧶮|𨷯|𫔳,8,False,,0.533,,0,False,,False,False,False,False,False,True,False,False,True
M2_0540,syllable/stt11_page_0014_c05_086.png,stt11,page_0014,5,嘿,ra,,SYLLABLE,nghia_consensus,"[861, 437, 969, 542]",98,106,||||𱜂|出|加|囉|囖|威|廾|歯|羅|群|蔞|𠚢|𦉼|𦋦|𪜀|𪞷|𪡔|𫥧|𫥨|𬎷|𬙛|󰑼|󰑾|󰔏|󰝋|󰮤|󰯊|󰲺|󱈮|󱚓|󱜐|󱡾|󱤂,37,False,```markdown  ```,0.569,,0,False,,False,False,False,False,False,False,True,False,True
M2_0541,syllable/stt11_page_0272_c05_084.png,stt11,page_0272,5,方,đức,,SYLLABLE,nghia_consensus,"[909, 1380, 1018, 1496]",101,142,|𱐩|𱝮|徳|德|恴|悳|惪|㤫|㥀|㥁|䙷|𢛳|𢜖|𢠀|𢤊|𨗌|𨗤|𭲖|󰆙|󱉎,21,False,厅,0.639,厅,1,True,厅,False,False,False,True,False,False,False,False,False
M2_0542,syllable/stt11_page_0242_c03_037.png,stt11,page_0242,3,万,đức,,SYLLABLE,nghia_consensus,"[1178, 547, 1277, 656]",67,129,|𱐩|𱝮|徳|德|恴|悳|惪|㤫|㥀|㥁|䙷|𢛳|𢜖|𢠀|𢤊|𨗌|𨗤|𭲖|󰆙|󱉎,21,False,,0.443,,0,False,,False,False,False,False,False,True,False,False,True
M2_0543,silver/stt11_page_0108_c03_043.png,stt11,page_0108,3,衣,áo,袄,SILVER,s2_inter_s3_corrected,"[1141, 515, 1254, 638]",122,129,|墺|奥|奧|媄|嶴|懊|拗|澳|燠|袄|袎|襖|鐭|镺|隩|靿|㤇|𡒃|𢂅|𢂊|𥜌|𩉷|𩼈|𪥌|𬡢|噢|敎|教|敩|斆|校|槊|窖|芺|薁|覺|觉|鉸|餃|饺|𨬊|𪳞,43,False,-,0.585,,0,False,,False,False,False,False,False,False,False,False,True
M2_0544,silver/stt11_page_0294_c02_030.png,stt11,page_0294,2,未,trời,𡗶,SILVER,s2_inter_s3_corrected,"[1304, 1259, 1407, 1371]",97,138,|俼|天|旹|𠅜|𠳒|𡗶|𢚸|𣈗|𫯝|𫶸|󱞿|沈,13,False,```,0.637,,0,False,,False,False,False,False,False,False,False,False,True
M2_0545,syllable/stt11_page_0174_c02_036.png,stt11,page_0174,2,咽,nói,,SYLLABLE,nghia_consensus_tu_silver,"[1330, 1796, 1425, 1900]",97,125,內|内|叻|吶|呐|唁|尼|曰|訥|㐻|㕯|𠺶|𡗠|𧨣,14,False,```markdown  ```,0.618,,0,False,,False,False,False,False,False,False,True,False,True
M2_0546,syllable/stt11_page_0018_c01_019.png,stt11,page_0018,1,茂,một,,SYLLABLE,nghia_consensus_tu_silver,"[1461, 2301, 1573, 2424]",103,143,||||||||𱥺|刎|圽|堆|墓|更|歾|歿|殁|殳|沒|没|痗|蔑|車|默|𠬛|𠬠|𠬸|𣇶|𣧒|𣨏|𣳚|𣴬|𦐲|𩑦|󰓳|󰜋|󱘴,37,False,```markdown  ```,0.735,,0,False,,False,False,False,False,False,False,True,False,True
M2_0547,syllable/stt11_page_0140_c09_167.png,stt11,page_0140,9,妃,bà,,SYLLABLE,nghia_consensus,"[260, 681, 362, 789]",108,112,𱙘|嘙|堏|壩|妑|婆|把|掱|搫|朳|杷|欛|波|潖|爬|琶|番|皤|磻|粑|繁|耙|袙|跁|鄱|鈀|靶|䎱|𣚒|𣞻|𤧲|𩚥|󰜏|󱦗|󱳠|爸,36,False,,0.520,,0,False,,False,False,False,False,False,True,False,False,True
M2_0548,syllable/stt11_page_0232_c05_084.png,stt11,page_0232,5,見,con,,SYLLABLE,nghia_consensus_tu_silver,"[876, 435, 989, 542]",121,116,ヌ||婫|岞|昆|晜|罤|群|㒭|𡥵|𣋥|𤙭|𥊽|𧲟|𫴾,15,False,,0.618,,0,False,,False,False,False,False,False,True,False,False,True
M2_0549,syllable/stt11_page_0212_c04_067.png,stt11,page_0212,4,氏,ấy,,SYLLABLE,nghia_consensus,"[1025, 776, 1128, 888]",103,138,𱍸|乙|倚|噫|娎|帝|悥|意|憶|椅|衣|衤|𠂎|𠋣|𠶷|𢡃|𧘇|𪬫|𫢚|󰀎|󱦝|󱰁|啩|怪|掛|撌|癸|紙|𠶔|𢫞|𢯗|𥿗,32,False,B,0.649,,0,False,,False,False,False,False,False,False,True,False,True
M2_0550,silver/stt11_page_0206_c07_128.png,stt11,page_0206,7,合,ấy,衣,SILVER,s2_inter_s3_corrected,"[566, 420, 671, 523]",85,100,𱍸|乙|倚|噫|娎|帝|悥|意|憶|椅|衣|衤|𠂎|𠋣|𠶷|𢡃|𧘇|𪬫|𫢚|󰀎|󱦝|󱰁|啩|怪|掛|撌|癸|紙|𠶔|𢫞|𢯗|𥿗,32,False,```,0.369,,0,False,,False,False,False,False,False,False,False,False,True
M2_0551,silver/stt11_page_0122_c07_111.png,stt11,page_0122,7,粤,là,罗,SILVER,s2_inter_s3_corrected,"[598, 734, 697, 846]",84,123,||𱺵|卥|号|囉|容|廾|時|浪|纙|罗|羅|買|邏|㼈|𢌬|𦉼|𦋝|𦌴|𦲿|𨔍|𪜀|𪡔|𫥨|𬗢|󰀳|󰐥|󰑼|󱜐|󱧭,31,False,,0.458,,0,False,,False,False,False,False,False,True,False,False,True
M2_0552,syllable/stt11_page_0156_c01_013.png,stt11,page_0156,1,白,làm,,SYLLABLE,nghia_consensus,"[1492, 1612, 1593, 1727]",86,140,|乄|滥|漤|濫|灠|爪|爫|藍|㕚|𣩂|𣽦|𪵯|𫜵|𬈋|󰥎|󱛝,17,False,```,0.608,,0,False,,False,False,False,False,False,False,False,False,True
M2_0553,silver/stt11_page_0092_c05_090.png,stt11,page_0092,5,願,tô,穌,SILVER,s2_inter_s3_corrected,"[867, 2287, 977, 2394]",122,131,囌|甦|祖|租|稣|穌|芇|苏|苴|蒩|蘇|蘓|酥|鯂|䲆|𤯳|𥗹|𥠙|𦢦|𦣑|𨢭|𨣺|𫰅,23,False,承,0.590,承,1,True,承,False,False,False,True,False,False,False,False,False
M2_0554,syllable/stt11_page_0150_c07_146.png,stt11,page_0150,7,人,ấy,,SYLLABLE,nghia_consensus,"[496, 1796, 606, 1864]",97,84,𱍸|乙|倚|噫|娎|帝|悥|意|憶|椅|衣|衤|𠂎|𠋣|𠶷|𢡃|𧘇|𪬫|𫢚|󰀎|󱦝|󱰁|啩|怪|掛|撌|癸|紙|𠶔|𢫞|𢯗|𥿗,32,False,,0.418,,0,False,,False,False,False,False,False,True,False,False,True
M2_0555,syllable/stt11_page_0148_c09_179.png,stt11,page_0148,9,斥,trời,,SYLLABLE,nghia_consensus_tu_silver,"[281, 1236, 384, 1345]",122,135,|俼|天|旹|𠅜|𠳒|𡗶|𢚸|𣈗|𫯝|𫶸|󱞿|沈,13,False,```markdown  ```,0.748,,0,False,,False,False,False,False,False,False,True,False,True
M2_0556,syllable/stt11_page_0090_c07_139.png,stt11,page_0090,7,餘,thờ,,SYLLABLE,nghia_consensus_tu_silver,"[541, 811, 650, 929]",124,114,𰨂|俆|徐|悇|扵|承|於|烏|祀|祠|蜍|蠩|賒|踈|除|䜹|𠄜|𣱏|𤋬|𤕘|𥚤|𨑦|𫀟|󰯺|󱡖,25,False,,0.589,,0,False,,False,False,False,False,False,True,False,False,True
M2_0557,silver/stt11_page_0168_c09_183.png,stt11,page_0168,9,查,trọng,重,SILVER,s2_inter_s3_corrected,"[290, 1038, 386, 1145]",55,125,中|仲|喠|狆|緟|蚛|重|𡍴|𡍺|𡒀|𡔅|𡔌|𦌋|𧝎|𨤣,15,False,```markdown  ```,0.524,,0,False,,False,False,False,False,False,False,True,False,True
M2_0558,syllable/stt11_page_0124_c02_029.png,stt11,page_0124,2,之,pha,,SYLLABLE,nghia_consensus,"[1346, 1003, 1447, 1114]",68,134,叵|坡|岥|披|波|玻|皅|破|簸|翍|芭|苩|萉|葩|陂|頗|颇|㓟|㩺|䔤|𠠉|𠶊|𤇨|𤿎|𤿐|𥸨|𦺂|𨸭|𩑼,29,False,市,0.479,市,1,True,市,False,False,False,True,False,False,False,False,False
M2_0559,syllable/stt11_page_0040_c01_010.png,stt11,page_0040,1,妨,cô,,SYLLABLE,nghia_consensus_tu_silver,"[1467, 1345, 1568, 1454]",97,134,估|呱|咕|喿|夃|姑|嫴|孤|家|搰|柧|沽|泒|瓜|瘔|笟|箍|箛|篐|罛|胍|苦|苽|菇|菰|蛄|蛌|觙|觚|軱|軲|轂|轱|辜|逭|酤|鴣|鸪|㱠|䠉|䧸|𡱨|𡲞|𡿵|𢩍|𢪿|𢻄|𤿛|𥂰|𦍬|𦣮|𦱄|𧬕|𨐞|𨑀|𨙕|𩁧|𪆘|鈷|钴|骷,61,False,,0.589,,0,False,,False,False,False,False,False,True,False,False,True
M2_0560,syllable/stt11_page_0022_c06_125.png,stt11,page_0022,6,人,ấy,,SYLLABLE,nghia_consensus_tu_silver,"[681, 1473, 788, 1577]",110,113,𱍸|乙|倚|噫|娎|帝|悥|意|憶|椅|衣|衤|𠂎|𠋣|𠶷|𢡃|𧘇|𪬫|𫢚|󰀎|󱦝|󱰁|啩|怪|掛|撌|癸|紙|𠶔|𢫞|𢯗|𥿗,32,False,,0.528,,0,False,,False,False,False,False,False,True,False,False,True
M2_0561,syllable/stt11_page_0250_c07_154.png,stt11,page_0250,7,吊,nào,,SYLLABLE,nghia_consensus_tu_silver,"[573, 1745, 671, 1851]",64,130,|𱜢|儍|市|惱|牢|羅|芇|芾|閙|闹|鬧|㝹|𠅈|𠆴|𠇰|𡗚|𢂂|𦬝|𨶂|𫮇|󰅹,22,False,,0.427,,0,False,,False,False,False,False,False,True,False,False,True
M2_0562,syllable/stt11_page_0104_c03_039.png,stt11,page_0104,3,而,làm,,SYLLABLE,nghia_consensus,"[1188, 1126, 1293, 1246]",83,129,|乄|滥|漤|濫|灠|爪|爫|藍|㕚|𣩂|𣽦|𪵯|𫜵|𬈋|󰥎|󱛝,17,False,,0.501,,0,False,,False,False,False,False,False,True,False,False,True
M2_0563,syllable/stt11_page_0120_c01_012.png,stt11,page_0120,1,仔,giữ,,SYLLABLE,nghia_consensus,"[1467, 1479, 1571, 1511]",106,38,𱠎|𰑚|与|佇|咛|啔|宁|守|抒|拧|擰|渚|竚|與|貯|㑏|𡀐|𡦂|𡨸|𡨹|𡨺|𡪄|𢬇|𢷣|𥩟|𥩽|𧵤|𪧚|𫢝|𫳘|𭁈|󰄸|󰇥|󰇾|󱟪|󱣄|󱧨|󱲝,38,False,```markdown  ```,0.347,,0,False,,False,False,False,False,False,False,True,False,True
M2_0564,syllable/stt11_page_0170_c07_072.png,stt11,page_0170,7,佩,mình,,SYLLABLE,nghia_consensus_tu_silver,"[565, 1221, 679, 1330]",102,134,命|明|春|珄|舍|𠇮|𠵴|𨉓|𨉟|󰇕|󰳁|󱝬,12,False,```markdown  ```,0.715,,0,False,,False,False,False,False,False,False,True,False,True
M2_0565,silver/stt11_page_0070_c07_138.png,stt11,page_0070,7,尺,nơi,尼,SILVER,s2_inter_s3_corrected,"[568, 1168, 671, 1280]",91,135,|匕|厼|呢|坭|尼|巴|昵|泥|㞾|𡰱|𡲌|󱟼,13,False,```markdown  ```,0.672,,0,False,,False,False,False,False,False,False,True,False,True
M2_0566,silver/stt11_page_0106_c08_150.png,stt11,page_0106,8,恩,quỷ,鬼,SILVER,s2_inter_s3_corrected,"[437, 467, 551, 585]",86,122,佹|傀|垝|姽|庋|庪|恑|祪|蛫|觤|詭|诡|騩|鬼|𢇼|𢝾|𢧩|𣆠|𤱲|𩲚|𩲞|𩲡|𩳉|𩳹|𩴿,25,False,```markdown  ```,0.586,,0,False,,False,False,False,False,False,False,True,False,True
M2_0567,silver/stt11_page_0292_c06_122.png,stt11,page_0292,6,仰,máu,泖,SILVER,s2_inter_s3_corrected,"[743, 2294, 849, 2413]",106,134,卯|昴|毛|泖|洫|茅|𣆻|𣇅|𣇯|𥁚|𧖰|𧖱|󰵄|󱧡|󱳶|󱴀,16,False,,0.635,,0,False,,False,False,False,False,False,True,False,False,True
M2_0568,syllable/stt11_page_0274_c04_071.png,stt11,page_0274,4,唼,ăn,,SYLLABLE,nghia_consensus_tu_silver,"[1023, 887, 1127, 1006]",100,143,吿|咹|安|𩛖|𫃀|𫗒,6,False,,0.627,,0,False,,False,False,False,False,False,True,False,False,True
M2_0569,syllable/stt11_page_0076_c08_145.png,stt11,page_0076,8,白,làm,,SYLLABLE,nghia_consensus,"[458, 1699, 564, 1815]",90,128,|乄|滥|漤|濫|灠|爪|爫|藍|㕚|𣩂|𣽦|𪵯|𫜵|𬈋|󰥎|󱛝,17,False,,0.583,,0,False,,False,False,False,False,False,True,False,False,True
M2_0570,silver/stt11_page_0284_c08_138.png,stt11,page_0284,8,举,trời,𡗶,SILVER,s2_inter_s3_corrected,"[429, 1846, 535, 1961]",114,133,|俼|天|旹|𠅜|𠳒|𡗶|𢚸|𣈗|𫯝|𫶸|󱞿|沈,13,False,,0.514,,0,False,,False,False,False,False,False,True,False,False,True
M2_0571,syllable/stt11_page_0258_c08_171.png,stt11,page_0258,8,妃,bà,,SYLLABLE,nghia_consensus_tu_silver,"[413, 1859, 509, 1972]",87,139,𱙘|嘙|堏|壩|妑|婆|把|掱|搫|朳|杷|欛|波|潖|爬|琶|番|皤|磻|粑|繁|耙|袙|跁|鄱|鈀|靶|䎱|𣚒|𣞻|𤧲|𩚥|󰜏|󱦗|󱳠|爸,36,False,加,0.594,加,1,True,加,False,False,False,True,False,False,False,False,False
M2_0572,silver/stt11_page_0048_c06_108.png,stt11,page_0048,6,有,nằm,南,SILVER,s2_inter_s3_corrected,"[659, 474, 760, 590]",99,142,南|噽|嚭|聮|𢆥|𦣰|𬛩|󱚬|󱚭|󱚲|󱷺,11,False,,0.618,,0,False,,False,False,False,False,False,True,False,False,True
M2_0573,silver/stt11_page_0036_c06_106.png,stt11,page_0036,6,𭃡,xem,袩,SILVER,s2_inter_s3_corrected,"[755, 699, 858, 811]",80,137,|佔|占|呫|姟|娂|瞻|袩|覘|貼|㡇|䀡|䄡|䦓|𤎥|𫀅|󰏙|󰠉,18,False,,0.528,,0,False,,False,False,False,False,False,True,False,False,True
M2_0574,silver/stt11_page_0194_c03_043.png,stt11,page_0194,3,李,học,斈,SILVER,s2_inter_s3_corrected,"[1178, 714, 1286, 841]",112,138,||学|學|教|斅|斈|鹤|𡕕|𢻯|𭓇|峃|嶨,13,False,李,0.683,李,1,True,李,False,False,True,True,False,False,False,False,False
M2_0575,syllable/stt11_page_0028_c04_070.png,stt11,page_0028,4,𡖋,làm,,SYLLABLE,nghia_consensus,"[1028, 887, 1132, 1000]",92,134,|乄|滥|漤|濫|灠|爪|爫|藍|㕚|𣩂|𣽦|𪵯|𫜵|𬈋|󰥎|󱛝,17,False,.,0.485,,0,False,,False,False,False,False,False,False,False,False,True
M2_0576,silver/stt11_page_0238_c06_116.png,stt11,page_0238,6,炉,phải,沛,SILVER,s2_inter_s3_corrected,"[712, 1004, 817, 1123]",86,147,仕|伂|塊|折|拜|拝|朝|沛|派|芾|霈|㳈|𡴬|𢪙|𢫶|𢮠|𢰛|𢱭|𢳎|𢴽|𢷎|𢹄|𣧙|𣬊|𣬓|𥙅|𨀪|𨀲|𨙶|𬆃,30,False,,0.587,,0,False,,False,False,False,False,False,True,False,False,True
M2_0577,syllable/stt11_page_0192_c03_044.png,stt11,page_0192,3,哦,dạy,,SYLLABLE,nghia_consensus,"[1184, 418, 1296, 530]",89,115,|代|抴|拽|敎|教|曳|曵|㖂|𠰺|𠸕|𤕝|𦥙|󱙦,14,False,一,0.482,一,1,True,一,False,False,False,True,False,False,False,False,False
M2_0578,silver/stt11_page_0114_c02_021.png,stt11,page_0114,2,石,vậy,丕,SILVER,s2_inter_s3_corrected,"[1312, 520, 1420, 639]",102,140,丕|仳|呸|物|特|盃|㔻|𠦓,8,False,,0.536,,0,False,,False,False,False,False,False,True,False,False,True
M2_0579,syllable/stt11_page_0204_c01_020.png,stt11,page_0204,1,因,có,,SYLLABLE,nghia_consensus,"[1517, 2313, 1616, 2422]",66,126,世|个|個|古|同|固|堵|故|杏|沛|窖|箇|者|𣎏|󰡏,15,False,,0.418,,0,False,,False,False,False,False,False,True,False,False,True
M2_0580,syllable/stt11_page_0210_c07_117.png,stt11,page_0210,7,節,sang,,SYLLABLE,nghia_consensus,"[696, 1524, 795, 1642]",121,143,刅|创|刱|剏|剙|創|呛|嗆|床|廊|愴|戈|戗|戧|抢|搶|摤|朗|枪|槍|瀧|炝|熗|牀|牄|疮|瘡|禥|艭|跄|蹌|蹡|郎|郒|鎗|鏿|鑓|𠛂|𠛲|𠝀|𠝵|𠞴|𠟐|𢀨|𢲲|𢷇|𤶷|𤺨|𥎄|𦭠|𦭫|𨄂|𨖅|𨝥|𨱠|󱞻|󱮶|倉,58,False,F,0.711,,0,False,,False,False,False,False,False,False,True,False,True
M2_0581,silver/stt11_page_0088_c08_175.png,stt11,page_0088,8,肖,về,𧗱,SILVER,s2_inter_s3_corrected,"[429, 702, 532, 824]",106,131,𱸳|揮|撝|皮|米|耒|衛|衞|還|駆|䘙|𠀄|𡗅|𢠿|𧗱|𩤸|𬩍|󰓟|󰡲|󱘌|󱪲|󱭚|𧖑,23,False,,0.604,,0,False,,False,False,False,False,False,True,False,False,True
M2_0582,syllable/stt11_page_0290_c01_010.png,stt11,page_0290,1,而,làm,,SYLLABLE,nghia_consensus,"[1449, 1333, 1558, 1442]",77,132,|乄|滥|漤|濫|灠|爪|爫|藍|㕚|𣩂|𣽦|𪵯|𫜵|𬈋|󰥎|󱛝,17,False,```,0.484,,0,False,,False,False,False,False,False,False,False,False,True
M2_0583,silver/stt11_page_0050_c06_129.png,stt11,page_0050,6,尺,này,尼,SILVER,s2_inter_s3_corrected,"[714, 2126, 819, 2238]",105,135,又|呢|尼|怩|昵|㖠|㞾|䛏|𠉞|𠼱|𠽬|𡰱|𡲌|𣭙|𫢩|󱟼,16,False,,0.568,,0,False,,False,False,False,False,False,True,False,False,True
M2_0584,silver/stt11_page_0172_c06_099.png,stt11,page_0172,6,昇,người,㝵,SILVER,s2_inter_s3_corrected,"[1261, 2085, 1378, 2203]",119,146,仉|倘|儻|勜|匕|命|圤|徜|昆|皚|躺|辞|㝵|𠊚|𠊛|𣈗|𣈜|𤽗|𫴮|󱫱,20,False,,0.734,,0,False,,False,False,False,False,False,True,False,False,True
M2_0585,silver/stt11_page_0276_c05_084.png,stt11,page_0276,5,曷,rầy,淶,SILVER,s3_head_bank_consensus,"[900, 515, 1009, 640]",85,149,唻|喍|淶|𠮹|𣈙|𧍍|𧍐|𫪁|󱛾,9,False,```markdown  ```,0.649,,0,False,,False,False,False,False,False,False,True,False,True
M2_0586,syllable/stt11_page_0130_c02_038.png,stt11,page_0130,2,色,đã,,SYLLABLE,nghia_consensus_tu_silver,"[1317, 1918, 1424, 2029]",128,137,乑|也|卒|吏|吔|它|拖|易|胣|諸|陀|㐌|𠰹|𢒕|𣦁|𧭷,16,False,i,0.766,,0,False,,False,False,False,False,False,False,True,False,True
M2_0587,syllable/stt11_page_0010_c04_057.png,stt11,page_0010,4,苑,pha,,SYLLABLE,nghia_consensus,"[1013, 1439, 1113, 1550]",118,133,叵|坡|岥|披|波|玻|皅|破|簸|翍|芭|苩|萉|葩|陂|頗|颇|㓟|㩺|䔤|𠠉|𠶊|𤇨|𤿎|𤿐|𥸨|𦺂|𨸭|𩑼,29,False,+,0.614,,0,False,,False,False,False,False,False,False,False,False,True
M2_0588,syllable/stt11_page_0032_c01_001.png,stt11,page_0032,1,趍,đi,,SYLLABLE,nghia_consensus,"[1462, 494, 1567, 610]",90,136,|多|岃|移|跢|迻|𠫾|𨀕|𪠞|𫺲,10,False,,0.567,,0,False,,False,False,False,False,False,True,False,False,True
M2_0589,silver/stt11_page_0020_c03_042.png,stt11,page_0020,3,包,đã,㐌,SILVER,s2_inter_s3_corrected,"[1169, 1072, 1271, 1176]",103,128,乑|也|卒|吏|吔|它|拖|易|胣|諸|陀|㐌|𠰹|𢒕|𣦁|𧭷,16,False,,0.611,,0,False,,False,False,False,False,False,True,False,False,True
M2_0590,syllable/stt11_page_0262_c02_033.png,stt11,page_0262,2,白,làm,,SYLLABLE,nghia_consensus,"[1322, 1729, 1421, 1839]",69,126,|乄|滥|漤|濫|灠|爪|爫|藍|㕚|𣩂|𣽦|𪵯|𫜵|𬈋|󰥎|󱛝,17,False,田,0.442,田,1,True,田,False,False,False,True,False,False,False,False,False
M2_0591,syllable/stt11_page_0152_c02_035.png,stt11,page_0152,2,白,làm,,SYLLABLE,nghia_consensus,"[1349, 1725, 1466, 1844]",92,139,|乄|滥|漤|濫|灠|爪|爫|藍|㕚|𣩂|𣽦|𪵯|𫜵|𬈋|󰥎|󱛝,17,False,,0.567,,0,False,,False,False,False,False,False,True,False,False,True
M2_0592,syllable/stt11_page_0296_c04_073.png,stt11,page_0296,4,人,ấy,,SYLLABLE,nghia_consensus_tu_silver,"[1037, 2215, 1141, 2326]",85,136,𱍸|乙|倚|噫|娎|帝|悥|意|憶|椅|衣|衤|𠂎|𠋣|𠶷|𢡃|𧘇|𪬫|𫢚|󰀎|󱦝|󱰁|啩|怪|掛|撌|癸|紙|𠶔|𢫞|𢯗|𥿗,32,False,,0.506,,0,False,,False,False,False,False,False,True,False,False,True
M2_0593,silver/stt11_page_0198_c09_174.png,stt11,page_0198,9,遵,giảng,講,SILVER,s3_head_bank_consensus,"[761, 678, 862, 791]",94,133,耩|講|讲|顜|𧪸|𧪿,6,False,ن,0.568,,0,False,,False,False,False,False,False,False,False,False,True
M2_0594,syllable/stt11_page_0068_c01_005.png,stt11,page_0068,1,馀,thờ,,SYLLABLE,nghia_consensus_tu_silver,"[1449, 916, 1558, 980]",122,77,𰨂|俆|徐|悇|扵|承|於|烏|祀|祠|蜍|蠩|賒|踈|除|䜹|𠄜|𣱏|𤋬|𤕘|𥚤|𨑦|𫀟|󰯺|󱡖,25,False,,0.457,,0,False,,False,False,False,False,False,True,False,False,True
M2_0595,silver/stt11_page_0016_c06_117.png,stt11,page_0016,6,應,ma,魔,SILVER,s2_inter_s3_corrected,"[731, 1188, 840, 1302]",94,135,么|吗|嗎|嘛|嚒|嚜|妈|媽|嫫|嬤|嬷|孖|尛|庅|摩|擵|攠|痲|痳|磨|菻|蔴|藦|蘑|靡|饝|馍|駡|髍|魔|麻|麼|麽|㕰|䁲|䃺|䯢|𡣥|𡭚|𡭯|𡮡|𢉳|𢣾|𢳀|𤹳|𥖤|𥗂|𥗘|𦇑|𦲬|𧀋|𪎚|𬍄|劘|厤|礳|耱|蚂|螞,59,False,```markdown  ```,0.600,,0,False,,False,False,False,False,False,False,True,False,True
M2_0596,silver/stt11_page_0180_c02_027.png,stt11,page_0180,2,眼,rằng,浪,SILVER,s2_inter_s3_corrected,"[1355, 992, 1457, 1109]",90,143,哏|哴|喨|坺|娘|払|浪|㖫|𠳒|𠺘|𤎔|𪘵,12,False,,0.593,,0,False,,False,False,False,False,False,True,False,False,True
M2_0597,silver/stt11_page_0058_c07_146.png,stt11,page_0058,7,甲,bằng,平,SILVER,s2_inter_s3_corrected,"[573, 1954, 694, 2061]",92,123,倗|冯|凭|凴|十|堋|平|弸|慿|憑|明|朋|棄|棚|淜|漰|甭|甮|硼|禀|評|錋|馮|鬅|鳳|鵬|鹏|䙀|𠀒|𠀭|𠌩|𠗦|𠙖|𠙥|𡔟|𢶚|𤔁|𩿾|𪀢|𪈵|𫷚|󱧩|󱬤|蹦,44,False,,0.540,,0,False,,False,False,False,False,False,True,False,False,True
M2_0598,silver/stt11_page_0190_c04_075.png,stt11,page_0190,4,邑,biết,别,SILVER,s2_inter_s3_corrected,"[1527, 1443, 1638, 1557]",135,133,|別|别|咇|彆|憋|捌|撆|柲|瘪|癟|虌|蟞|襒|蹩|鱉|鳖|鼈|龞|㿜|䠥|𠔁|𠛰|𠮠|𤻋|𪔀|𪿍|󱤞|󱩲|拐,30,False,,0.783,,0,False,,False,False,False,False,False,True,False,False,True
M2_0599,syllable/stt11_page_0066_c04_066.png,stt11,page_0066,4,𫈦,một,,SYLLABLE,nghia_consensus,"[1030, 548, 1140, 669]",126,146,||||||||𱥺|刎|圽|堆|墓|更|歾|歿|殁|殳|沒|没|痗|蔑|車|默|𠬛|𠬠|𠬸|𣇶|𣧒|𣨏|𣳚|𣴬|𦐲|𩑦|󰓳|󰜋|󱘴,37,False,,0.744,,0,False,,False,False,False,False,False,True,False,False,True
