source_row,image,book,page,column,ocr_char,syllable,label,unicode,label_level,tier,rule,s3_cosine,ink_pct,crop_w,crop_h,image_md5,seg_flag,split,split_group,bbox,s3_head_cos,s3_head_prob,s3_head_margin,s3_head_isarg,s3_bank_cos,s3_mls,s3_signals_present,s3_head_present,s3_head_disagree,s3_val,s3_present,dup_bbox,cross_col,dup_defect,similar_bridge,head_bank,gold_direct,s3_low,s3_verylow,head_disagree,bank_cos_val,bank_low,s3_missing,aspect,aspect_out,ink_out,quality_flag,suspicion,stratum,risk_reason,design_weight,item_id,audit_order,audit_batch
26262,gold/stt2_page_0310_c01_000.png,stt2,page_0310,1,奴,nó,奴,U+5974,char,GOLD,s1_inter_s2_direct,,0.152,126.0,118.0,ae67d599bd1a,ok,test,stt2|page_0310|c1,"[1459, 491, 1573, 604]",0.7447178363800049,0.0013087264960631,0.5070672035217285,1.0,0.8435885310173035,0.7447178363800049,True,True,False,,False,False,False,False,False,False,True,False,False,False,0.8435885310173035,False,False,0.9365079365079365,False,False,False,0.0,gold_direct,clean,419.05,be6105021557ce8c,0,srs
25498,gold/stt2_page_0300_c05_091.png,stt2,page_0300,5,吏,lại,吏,U+540F,char,GOLD,s1_inter_s2_direct,,0.127,149.0,165.0,6a3d2d8c6105,ok,test,stt2|page_0300|c5,"[830, 2046, 952, 2182]",0.6676186323165894,0.001213344046846,0.3045109510421753,1.0,0.7387034296989441,0.6676186323165894,True,True,False,,False,False,False,False,False,False,True,False,False,False,0.7387034296989441,False,False,1.1073825503355705,False,False,False,0.0,gold_direct,clean,419.05,f60fa24098b24cc1,1,srs
60779,gold/stt11_page_0068_c01_004.png,stt11,page_0068,1,茹,nhà,茹,U+8339,char,GOLD,s1_inter_s2_direct,,0.17,113.0,144.0,1d5a35e8d8c5,ok,val,stt11|page_0068|c1,"[1443, 822, 1547, 941]",0.577712893486023,0.0011247091460973,0.3226963579654693,1.0,0.5830731987953186,0.577712893486023,True,True,False,,False,False,False,False,False,False,True,False,False,False,0.5830731987953186,False,False,1.2743362831858407,False,False,False,0.0,gold_direct,clean,419.05,908a5ccd1d74a635,2,srs
25151,gold/stt2_page_0296_c04_070.png,stt2,page_0296,4,断,đoạn,断,U+65AD,char,GOLD,s1_inter_s2_direct,,0.173,121.0,170.0,9dbbec207d3a,ok,train,stt2|page_0296|c4,"[991, 2281, 1106, 2419]",0.6736574172973633,0.0012289641890674,0.3700361549854278,1.0,0.6341049075126648,0.6736574172973633,True,True,False,,False,False,False,False,False,False,True,False,False,False,0.6341049075126648,False,False,1.4049586776859504,False,False,False,0.0,gold_direct,clean,419.05,e29fca69a98c4a44,3,srs
62007,gold/stt11_page_0080_c06_123.png,stt11,page_0080,6,湼,nết,湼,U+6E7C,char,GOLD,s1_inter_s2_direct,,0.181,132.0,132.0,c5e88c9c294f,ok,train,stt11|page_0080|c6,"[718, 2215, 826, 2329]",0.6435175538063049,0.0011782690417021,0.3856861591339111,1.0,0.6561357378959656,0.6435175538063049,True,True,False,,False,False,False,False,False,False,True,False,False,False,0.6561357378959656,False,False,1.0,False,False,False,0.0,gold_direct,clean,419.05,16bb0b6fbac123d8,4,srs
58221,gold/stt11_page_0040_c02_030.png,stt11,page_0040,2,古,cổ,古,U+53E4,char,GOLD,s1_inter_s2_direct,,0.141,95.0,128.0,a6c88231d568,ok,train,stt11|page_0040|c2,"[1328, 1052, 1433, 1156]",0.7472105026245117,0.0013077168259769,0.4823072552680969,1.0,0.7684671878814697,0.7472105026245117,True,True,False,,False,False,False,False,False,False,True,False,False,False,0.7684671878814697,False,False,1.3473684210526315,False,False,False,0.0,gold_direct,clean,419.05,7b2706ac2c01f7c9,5,srs
45012,gold/stt4_page_0194_c05_108.png,stt4,page_0194,5,麻,mà,麻,U+9EBB,char,GOLD,s1_inter_s2_direct,,0.176,66.0,88.0,1ae8c7e94e7d,ok,train,stt4|page_0194|c5,"[585, 1444, 653, 1520]",-0.0692750215530395,0.0005786105175502,-0.7818549871444702,0.0,0.1233319044113159,0.7125799655914307,True,True,True,,False,False,False,False,False,False,True,False,False,True,0.1233319044113159,True,False,1.3333333333333333,False,False,False,0.5874999999999999,head_disagree,"head-disagree,bank=0.12(p10)",,ccfcff4d838402ad,6,active_lowmargin
32054,gold/stt4_page_0052_c09_172.png,stt4,page_0052,9,内,nói,内,U+5185,char,GOLD,s1_inter_s2_direct,,0.169,65.0,95.0,0f34237a6ad5,ok,train,stt4|page_0052|c9,"[155, 1120, 229, 1200]",0.701382577419281,0.0012715681223198,0.291407436132431,1.0,0.7137202620506287,0.701382577419281,True,True,False,,False,False,False,False,False,False,True,False,False,False,0.7137202620506287,False,False,1.4615384615384615,False,False,False,0.0,gold_direct,clean,419.05,8d27c9505ef26f51,7,srs
53458,gold/stt4_page_0284_c06_124.png,stt4,page_0284,6,𣸸,thêm,𣸸,U+23E38,char,GOLD,s1_inter_s2_direct,,0.147,68.0,95.0,a1c63d3897b0,ok,val,stt4|page_0284|c6,"[469, 1055, 535, 1132]",0.0344530940055847,0.0006560368929058,-0.7129738926887512,0.0,0.099510446190834,0.7474269866943359,True,True,True,,False,False,False,False,False,False,True,False,False,True,0.099510446190834,True,False,1.3970588235294117,False,False,False,0.5874999999999999,head_disagree,"head-disagree,bank=0.10(p10)",,6ea40ad04a63eba4,8,active_lowmargin
64381,gold/stt11_page_0110_c03_053.png,stt11,page_0110,3,麻,mà,麻,U+9EBB,char,GOLD,s1_inter_s2_direct,,0.201,112.0,140.0,897a2997e51c,ok,train,stt11|page_0110|c3,"[1146, 1690, 1258, 1816]",0.6311022043228149,0.0011594789102673,0.4053874313831329,1.0,0.8567054271697998,0.6311022043228149,True,True,False,,False,False,False,False,False,False,True,False,False,False,0.8567054271697998,False,False,1.25,False,False,False,0.0,gold_direct,clean,419.05,6eb0205f2bd7663e,9,srs
51996,gold/stt4_page_0270_c02_040.png,stt4,page_0270,2,中,trong,中,U+4E2D,char,GOLD,s1_inter_s2_direct,,0.17,68.0,91.0,a452823a4071,ok,train,stt4|page_0270|c2,"[885, 1400, 952, 1476]",-0.0221048220992088,0.0006167945102788,-0.779991589486599,0.0,-0.0193707160651683,0.7578867673873901,True,True,True,,False,False,False,False,False,False,True,False,False,True,-0.0193707160651683,True,False,1.338235294117647,False,False,False,0.5874999999999999,head_disagree,"head-disagree,bank=-0.02(p10)",,5e0f10476084e791,10,active_lowmargin
39865,gold/stt4_page_0138_c06_130.png,stt4,page_0138,6,本,bổn,本,U+672C,char,GOLD,s1_inter_s2_direct,,0.155,75.0,84.0,2295068e2729,ok,test,stt4|page_0138|c6,"[453, 1330, 523, 1403]",0.0282505173236131,0.0006423281738534,-0.7158198934048414,0.0,0.2330004274845123,0.7440704107284546,True,True,True,,False,False,False,False,False,False,True,False,False,True,0.2330004274845123,True,False,1.12,False,False,False,0.5874999999999999,head_disagree,"head-disagree,bank=0.23(p10)",,e0110fdf16293d47,11,active_lowmargin
80264,gold/stt11_page_0278_c02_038.png,stt11,page_0278,2,麻,mà,麻,U+9EBB,char,GOLD,s1_inter_s2_direct,,0.163,105.0,135.0,eddfd9c7b81b,ok,train,stt11|page_0278|c2,"[1307, 2104, 1411, 2221]",-0.1153062433004379,0.0005524638690985,-0.8285297006368637,0.0,0.0863772556185722,0.7132234573364258,True,True,True,,False,False,False,False,False,False,True,False,False,True,0.0863772556185722,True,False,1.2857142857142858,False,False,False,0.5874999999999999,head_disagree,"head-disagree,bank=0.09(p10)",,d9bd249a13be2604,12,active_lowmargin
60386,gold/stt11_page_0062_c09_177.png,stt11,page_0062,9,双,song,双,U+53CC,char,GOLD,s1_inter_s2_direct,,0.147,80.0,119.0,eb9477206c02,ok,val,stt11|page_0062|c9,"[261, 2044, 342, 2145]",0.6425292491912842,0.0011845398694276,0.3655239343643188,1.0,0.7146636247634888,0.6425292491912842,True,True,False,,False,False,False,False,False,False,True,False,False,False,0.7146636247634888,False,False,1.4875,False,False,False,0.0,gold_direct,clean,419.05,4319bf4c401c62ee,13,srs
51993,gold/stt4_page_0270_c02_037.png,stt4,page_0270,2,蓮,trên,蓮,U+84EE,char,GOLD,s1_inter_s2_direct,,0.164,44.0,92.0,118473bc7172,tall,train,stt4|page_0270|c2,"[867, 1206, 930, 1282]",0.0313533470034599,0.0006424321327358,-0.7628304436802864,0.0,0.0740804597735405,0.7941837906837463,True,True,True,,False,False,False,False,False,False,True,False,False,True,0.0740804597735405,True,False,2.090909090909091,True,False,True,0.6699999999999999,head_disagree,"head-disagree,bank=0.07(p10),aspect=2.09",,89a89a483eabdb54,14,active_lowmargin
28211,gold/stt4_page_0012_c05_076.png,stt4,page_0012,5,世,thế,世,U+4E16,char,GOLD,s1_inter_s2_direct,,0.147,71.0,88.0,e07fd3bc6308,ok,train,stt4|page_0012|c5,"[568, 375, 638, 449]",0.7421064376831055,0.0012999940663576,0.486086905002594,1.0,0.8855316042900085,0.7421064376831055,True,True,False,,False,False,False,False,False,False,True,False,False,False,0.8855316042900085,False,False,1.2394366197183098,False,False,False,0.0,gold_direct,clean,419.05,f8fd728757beda1a,15,srs
67228,gold/stt11_page_0140_c02_034.png,stt11,page_0140,2,沛,phải,沛,U+6C9B,char,GOLD,s1_inter_s2_direct,,0.195,92.0,131.0,45eb52feeb92,ok,train,stt11|page_0140|c2,"[1337, 1404, 1433, 1511]",-0.0801971778273582,0.0005726502276957,-0.7480704411864281,0.0,0.0666105523705482,0.6678732633590698,True,True,True,,False,False,False,False,False,False,True,False,False,True,0.0666105523705482,True,False,1.423913043478261,False,False,False,0.5874999999999999,head_disagree,"head-disagree,bank=0.07(p10)",,01f5c51d75f395f7,16,active_lowmargin
30038,gold/stt4_page_0032_c03_046.png,stt4,page_0032,3,南,năm,南,U+5357,char,GOLD,s1_inter_s2_direct,,0.178,55.0,104.0,e400a5fb869c,tall,test,stt4|page_0032|c3,"[751, 1011, 824, 1096]",0.744949221611023,0.0013132629683241,0.4763499498367309,1.0,0.7977340817451477,0.744949221611023,True,True,False,,False,False,False,False,False,False,True,False,False,False,0.7977340817451477,False,False,1.8909090909090909,True,False,True,0.19999999999999996,quality_flag,aspect=1.89,419.05,4f99dcaabdef2a4e,17,srs
22994,gold/stt2_page_0272_c02_022.png,stt2,page_0272,2,能,năng,能,U+80FD,char,GOLD,s1_inter_s2_direct,,0.264,120.0,158.0,81ef3857475f,ok,test,stt2|page_0272|c2,"[1299, 564, 1413, 692]",0.6945326924324036,0.0012443570885807,0.4057005047798157,1.0,0.9909483790397644,0.6945326924324036,True,True,False,,False,False,False,False,False,False,True,False,False,False,0.9909483790397644,False,False,1.3166666666666667,False,False,False,0.0,gold_direct,clean,419.05,2db00edbf1db3f79,18,srs
10795,gold/stt2_page_0126_c06_125.png,stt2,page_0126,6,時,được,時,U+6642,char,GOLD,s1_inter_s2_direct,,0.16,114.0,141.0,c67020c38f25,ok,train,stt2|page_0126|c6,"[690, 1956, 791, 2071]",-0.0400293990969657,0.0005968256155028,-0.7093997523188591,0.0,0.0826144069433212,0.6693703532218933,True,True,True,,False,False,False,False,False,False,True,False,False,True,0.0826144069433212,True,False,1.236842105263158,False,False,False,0.5874999999999999,head_disagree,"head-disagree,bank=0.08(p10)",,dd6c838fa55ba2c0,19,active_lowmargin
50877,gold/stt4_page_0258_c02_035.png,stt4,page_0258,2,事,sự,事,U+4E8B,char,GOLD,s1_inter_s2_direct,,0.192,57.0,93.0,69c8af2fa437,ok,train,stt4|page_0258|c2,"[860, 1013, 927, 1089]",0.7123004198074341,0.0012645694660022,0.4860871881246567,1.0,0.7914746403694153,0.7123004198074341,True,True,False,,False,False,False,False,False,False,True,False,False,False,0.7914746403694153,False,False,1.631578947368421,False,False,False,0.0,gold_direct,clean,419.05,27f1328efe6e01d9,20,srs
79737,gold/stt11_page_0272_c05_082.png,stt11,page_0272,5,昆,con,昆,U+6606,char,GOLD,s1_inter_s2_direct,,0.15,117.0,145.0,babcd2223cc9,ok,train,stt11|page_0272|c5,"[907, 1186, 1018, 1303]",0.6813600659370422,0.0012197226751595,0.453083723783493,1.0,0.8411755561828613,0.6813600659370422,True,True,False,,False,False,False,False,False,False,True,False,False,False,0.8411755561828613,False,False,1.2393162393162394,False,False,False,0.0,gold_direct,clean,419.05,b854f2418e3bf9c3,21,srs
48876,gold/stt4_page_0236_c06_104.png,stt4,page_0236,6,折,chết,折,U+6298,char,GOLD,s1_inter_s2_direct,,0.123,68.0,85.0,7ff442d0a4b5,ok,train,stt4|page_0236|c6,"[483, 595, 548, 664]",-0.1022551357746124,0.0005722737987525,-0.7415316998958588,0.0,-0.1064453348517417,0.6392765641212463,True,True,True,,False,False,False,False,False,False,True,False,False,True,-0.1064453348517417,True,False,1.25,False,False,False,0.5874999999999999,head_disagree,"head-disagree,bank=-0.11(p10)",,43b1cc1efbf07f7d,22,active_lowmargin
58514,gold/stt11_page_0042_c09_118.png,stt11,page_0042,9,主,chúa,主,U+4E3B,char,GOLD,s1_inter_s2_direct,,0.204,120.0,129.0,85414b5f6dcb,ok,train,stt11|page_0042|c9,"[248, 1632, 369, 1737]",0.6077848672866821,0.0011411203304305,0.2731974720954895,1.0,0.517794132232666,0.6077848672866821,True,True,False,,False,False,False,False,False,False,True,False,False,False,0.517794132232666,False,False,1.075,False,False,False,0.0,gold_direct,clean,419.05,e31134042d533a32,23,srs
21997,gold/stt2_page_0260_c05_083.png,stt2,page_0260,5,女,nữa,女,U+5973,char,GOLD,s1_inter_s2_direct,,0.129,128.0,166.0,b42e9e0fd5e9,ok,train,stt2|page_0260|c5,"[842, 1211, 951, 1345]",0.7181481719017029,0.0012789759784936,0.4675896167755127,1.0,0.7831860780715942,0.7181481719017029,True,True,False,,False,False,False,False,False,False,True,False,False,False,0.7831860780715942,False,False,1.296875,False,False,False,0.0,gold_direct,clean,419.05,a67447f59e4f3318,24,srs
64450,gold/stt11_page_0110_c06_122.png,stt11,page_0110,6,馭,ngựa,馭,U+99AD,char,GOLD,s1_inter_s2_direct,,0.134,120.0,140.0,5160184e24db,ok,train,stt11|page_0110|c6,"[682, 1984, 789, 2098]",-0.0927048996090889,0.0005659142043441,-0.8247407749295235,0.0,0.0768920630216598,0.7320358753204346,True,True,True,,False,False,False,False,False,False,True,False,False,True,0.0768920630216598,True,False,1.1666666666666667,False,False,False,0.5874999999999999,head_disagree,"head-disagree,bank=0.08(p10)",,ab63615cbf5173b7,25,active_lowmargin
5482,gold/stt2_page_0070_c01_001.png,stt2,page_0070,1,𥓓,bia,𥓓,U+254D3,char,GOLD,s1_inter_s2_direct,,0.14,121.0,150.0,39659ba3ad80,ok,train,stt2|page_0070|c1,"[1451, 612, 1560, 744]",0.6730595231056213,0.0012088231742382,0.3935756683349609,1.0,0.8523361682891846,0.6730595231056213,True,True,False,,False,False,False,False,False,False,True,False,False,False,0.8523361682891846,False,False,1.2396694214876034,False,False,False,0.0,gold_direct,clean,419.05,5ff5aa780f5e4509,26,srs
33961,gold/stt4_page_0074_c01_009.png,stt4,page_0074,1,餅,bánh,餅,U+9905,char,GOLD,s1_inter_s2_direct,,0.11,65.0,81.0,2ff9d9ce4a44,ok,train,stt4|page_0074|c1,"[955, 809, 1021, 883]",-0.0604756288230419,0.0005912698688916,-0.8417345695197582,0.0,0.0207979213446378,0.7812589406967163,True,True,True,,False,False,False,False,False,False,True,False,False,True,0.0207979213446378,True,False,1.2461538461538462,False,False,False,0.5874999999999999,head_disagree,"head-disagree,bank=0.02(p10)",,37083fa17dfec488,27,active_lowmargin
66051,gold/stt11_page_0128_c02_024.png,stt11,page_0128,2,奴,nó,奴,U+5974,char,GOLD,s1_inter_s2_direct,,0.178,98.0,140.0,49354d880600,ok,train,stt11|page_0128|c2,"[1322, 662, 1426, 777]",0.7187188863754272,0.0012824347941204,0.4962435364723205,1.0,0.8001818060874939,0.7187188863754272,True,True,False,,False,False,False,False,False,False,True,False,False,False,0.8001818060874939,False,False,1.4285714285714286,False,False,False,0.0,gold_direct,clean,419.05,cb49d2e5fe15f56f,28,srs
32990,gold/stt4_page_0062_c08_171.png,stt4,page_0062,8,寺,thì,寺,U+5BFA,char,GOLD,s1_inter_s2_direct,,0.153,67.0,96.0,046205d38a28,ok,train,stt4|page_0062|c8,"[268, 1380, 339, 1458]",0.0063378438353538,0.0006206496036611,-0.7474308386445045,0.0,0.1016641184687614,0.7537686824798584,True,True,True,,False,False,False,False,False,False,True,False,False,True,0.1016641184687614,True,False,1.4328358208955223,False,False,False,0.5874999999999999,head_disagree,"head-disagree,bank=0.10(p10)",,47cb32ab4e863890,29,active_lowmargin
39245,gold/stt4_page_0132_c03_031.png,stt4,page_0132,3,道,đạo,道,U+9053,char,GOLD,s1_inter_s2_direct,,0.135,83.0,104.0,fbfa8fbe6afe,ok,train,stt4|page_0132|c3,"[752, 968, 827, 1054]",0.7262248992919922,0.0012926823692396,0.4733769297599792,1.0,0.8026477694511414,0.7262248992919922,True,True,False,,False,False,False,False,False,False,True,False,False,False,0.8026477694511414,False,False,1.2530120481927711,False,False,False,0.0,gold_direct,clean,419.05,aaf315114e159883,30,srs
4244,gold/stt2_page_0056_c05_102.png,stt2,page_0056,5,把,bà,把,U+628A,char,GOLD,s1_inter_s2_direct,,0.211,112.0,121.0,42970a444213,ok,val,stt2|page_0056|c5,"[822, 2002, 922, 2102]",0.4837891459465027,0.0010246712481603,0.172772467136383,1.0,0.7093852758407593,0.4837891459465027,True,True,False,,False,False,False,False,False,False,True,False,False,False,0.7093852758407593,False,False,1.0803571428571428,False,False,False,0.0,gold_direct,clean,419.05,7460312bea3265c4,31,srs
26883,gold/stt2_page_0316_c07_098.png,stt2,page_0316,7,翁,ông,翁,U+7FC1,char,GOLD,s1_inter_s2_direct,,0.212,130.0,132.0,42e3fe649341,ok,train,stt2|page_0316|c7,"[576, 471, 692, 602]",0.7099484205245972,0.0012591751292347,0.460222989320755,1.0,0.9176161885261536,0.7099484205245972,True,True,False,,False,False,False,False,False,False,True,False,False,False,0.9176161885261536,False,False,1.0153846153846153,False,False,False,0.0,gold_direct,clean,419.05,b197fb32de090738,32,srs
9635,gold/stt2_page_0114_c05_093.png,stt2,page_0114,5,蚕,tao,蚤,U+86A4,char,GOLD,s1_inter_s2_similar,0.981,0.224,130.0,133.0,f06e2f7fb6ca,ok,train,stt2|page_0114|c5,"[835, 1378, 945, 1489]",0.6910144090652466,0.0012352414196357,0.2936154007911682,1.0,0.9991819262504578,0.6910144090652466,True,True,False,0.981,True,False,False,False,True,False,False,False,False,False,0.9991819262504578,False,False,1.023076923076923,False,False,False,0.30000000000000004,similar_bridge,similar-bridge,419.05,9e110409770f08b6,33,srs
74666,gold/stt11_page_0218_c03_055.png,stt11,page_0218,3,庄,chăng,庄,U+5E84,char,GOLD,s1_inter_s2_direct,,0.13,104.0,139.0,6f3cc7dc04ca,ok,train,stt11|page_0218|c3,"[1145, 1815, 1248, 1928]",0.7141640782356262,0.0012603686191141,0.4578350782394409,1.0,0.7432770133018494,0.7141640782356262,True,True,False,,False,False,False,False,False,False,True,False,False,False,0.7432770133018494,False,False,1.3365384615384615,False,False,False,0.0,gold_direct,clean,419.05,65ae17611fa74589,34,srs
12777,gold/stt2_page_0150_c05_094.png,stt2,page_0150,5,衣,ấy,衣,U+8863,char,GOLD,s1_inter_s2_direct,,0.232,97.0,147.0,1d6f788e62ee,ok,train,stt2|page_0150|c5,"[850, 1452, 956, 1572]",0.6478169560432434,0.0011750428238883,0.3989885002374649,1.0,0.8398695588111877,0.6478169560432434,True,True,False,,False,False,False,False,False,False,True,False,False,False,0.8398695588111877,False,False,1.5154639175257731,False,False,False,0.0,gold_direct,clean,419.05,b9f62322b1c9b6e0,35,srs
45435,gold/stt4_page_0198_c09_169.png,stt4,page_0198,9,怖,phải,伂,U+4F02,char,GOLD,s1_inter_s2_similar,0.835,0.17,74.0,88.0,b556538df8db,ok,test,stt4|page_0198|c9,"[192, 1431, 254, 1503]",0.7488057613372803,0.0013300658902153,0.4784727096557617,1.0,0.6444433331489563,0.7488057613372803,True,True,False,0.835,True,False,False,False,True,False,False,False,False,False,0.6444433331489563,False,False,1.1891891891891893,False,False,False,0.30000000000000004,similar_bridge,similar-bridge,419.05,767e41a5a5235176,36,srs
6004,gold/stt2_page_0074_c09_176.png,stt2,page_0074,9,咥,chối,咥,U+54A5,char,GOLD,s1_inter_s2_direct,,0.227,103.0,141.0,b0ad04dd729a,ok,train,stt2|page_0074|c9,"[208, 1232, 312, 1348]",0.018177855759859,0.000637101184111,-0.7239667288959026,0.0,0.0845642834901809,0.7421445846557617,True,True,True,,False,False,False,False,False,False,True,False,False,True,0.0845642834901809,True,False,1.3689320388349515,False,False,False,0.5874999999999999,head_disagree,"head-disagree,bank=0.08(p10)",,cabcf7e8d2b184be,37,active_lowmargin
55942,gold/stt11_page_0014_c04_073.png,stt11,page_0014,4,德,đức,德,U+5FB7,char,GOLD,s1_inter_s2_direct,,0.256,109.0,130.0,d38f47f73139,ok,train,stt11|page_0014|c4,"[1000, 1283, 1108, 1396]",-0.0890289098024368,0.0005666161887347,-0.8125814944505692,0.0,0.1252778619527816,0.7235525846481323,True,True,True,,False,False,False,False,False,False,True,False,False,True,0.1252778619527816,True,False,1.1926605504587156,False,False,False,0.5874999999999999,head_disagree,"head-disagree,bank=0.13(p10)",,d7234fad18948f02,38,active_lowmargin
19889,gold/stt2_page_0234_c08_150.png,stt2,page_0234,8,孟,mạnh,孟,U+5B5F,char,GOLD,s1_inter_s2_direct,,0.198,106.0,170.0,726997f86d90,ok,train,stt2|page_0234|c8,"[361, 1955, 477, 2094]",-0.0210597440600395,0.000608459173236,-0.7623854801058769,0.0,0.0524715632200241,0.7413257360458374,True,True,True,,False,False,False,False,False,False,True,False,False,True,0.0524715632200241,True,False,1.6037735849056605,False,False,False,0.5874999999999999,head_disagree,"head-disagree,bank=0.05(p10)",,ae2e5169b673da14,39,active_lowmargin
67949,gold/stt11_page_0146_c09_186.png,stt11,page_0146,9,時,thì,時,U+6642,char,GOLD,s1_inter_s2_direct,,0.174,85.0,116.0,3d518d507041,ok,train,stt11|page_0146|c9,"[230, 908, 320, 1016]",0.6693060994148254,0.0012104592751711,0.4116726815700531,1.0,0.7627801895141602,0.6693060994148254,True,True,False,,False,False,False,False,False,False,True,False,False,False,0.7627801895141602,False,False,1.3647058823529412,False,False,False,0.0,gold_direct,clean,419.05,378a311d4a76b9b7,40,srs
27415,gold/stt2_page_0322_c08_133.png,stt2,page_0322,8,時,thì,時,U+6642,char,GOLD,s1_inter_s2_direct,,0.214,106.0,151.0,f7573611a80f,ok,train,stt2|page_0322|c8,"[373, 460, 492, 583]",0.0098015256226062,0.00062358105788,-0.7289044670760632,0.0,0.2040092349052429,0.7387059926986694,True,True,True,,False,False,False,False,False,False,True,False,False,True,0.2040092349052429,True,False,1.4245283018867925,False,False,False,0.5874999999999999,head_disagree,"head-disagree,bank=0.20(p10)",,108ee22a08ee540b,41,active_lowmargin
29248,gold/stt4_page_0022_c08_165.png,stt4,page_0022,8,旦,đến,旦,U+65E6,char,GOLD,s1_inter_s2_direct,,0.225,50.0,65.0,013c2cb4d8a0,ok,train,stt4|page_0022|c8,"[284, 584, 350, 649]",0.7457061409950256,0.0013084639795124,0.4709195494651794,1.0,0.7876492738723755,0.7457061409950256,True,True,False,,False,False,False,False,False,False,True,False,False,False,0.7876492738723755,False,False,1.3,False,False,False,0.0,gold_direct,clean,419.05,026f151ebd287971,42,srs
57570,gold/stt11_page_0030_c07_126.png,stt11,page_0030,7,傳,truyền,傳,U+50B3,char,GOLD,s1_inter_s2_direct,,0.184,92.0,109.0,13fb2ad6865a,ok,train,stt11|page_0030|c7,"[552, 1594, 658, 1695]",-0.1386402249336242,0.0005367989651858,-0.8757284283638,0.0,-0.0087921554222702,0.7370882034301758,True,True,True,,False,False,False,False,False,False,True,False,False,True,-0.0087921554222702,True,False,1.184782608695652,False,False,False,0.5874999999999999,head_disagree,"head-disagree,bank=-0.01(p10)",,642c5d8a1cf7915e,43,active_lowmargin
45044,gold/stt4_page_0194_c07_140.png,stt4,page_0194,7,禁,cấm,禁,U+7981,char,GOLD,s1_inter_s2_direct,,0.141,88.0,85.0,e46e147a9765,ok,test,stt4|page_0194|c7,"[383, 709, 455, 782]",0.002761909738183,0.000618609774392,-0.7066584136337042,0.0,0.084935538470745,0.7094203233718872,True,True,True,,False,False,False,False,False,False,True,False,False,True,0.084935538470745,True,False,0.9659090909090909,False,False,False,0.5874999999999999,head_disagree,"head-disagree,bank=0.08(p10)",,086fa9acd5ba9442,44,active_lowmargin
18034,gold/stt2_page_0214_c01_020.png,stt2,page_0214,1,本,bốn,本,U+672C,char,GOLD,s1_inter_s2_direct,,0.225,132.0,127.0,ab429a2aedd1,ok,train,stt2|page_0214|c1,"[1444, 2357, 1552, 2460]",0.6877962350845337,0.0012368536554276,0.4569990783929825,1.0,0.8107231259346008,0.6877962350845337,True,True,False,,False,False,False,False,False,False,True,False,False,False,0.8107231259346008,False,False,0.9621212121212122,False,False,False,0.0,gold_direct,clean,419.05,0ff3104ac477b33a,45,srs
76072,gold/stt11_page_0234_c06_101.png,stt11,page_0234,6,礼,lấy,礼,U+793C,char,GOLD,s1_inter_s2_direct,,0.13,90.0,123.0,1d3936d68e5d,ok,train,stt11|page_0234|c6,"[694, 1684, 794, 1786]",-0.0777488425374031,0.0005758387851528,-0.7836040332913399,0.0,-0.0010435433359816,0.7058551907539368,True,True,True,,False,False,False,False,False,False,True,False,False,True,-0.0010435433359816,True,False,1.3666666666666667,False,False,False,0.5874999999999999,head_disagree,"head-disagree,bank=-0.00(p10)",,5dc25aa6022d8774,46,active_lowmargin
61016,gold/stt11_page_0070_c03_044.png,stt11,page_0070,3,魄,hồn,魄,U+9B44,char,GOLD,s1_inter_s2_direct,,0.173,98.0,139.0,dab4e79c6130,ok,train,stt11|page_0070|c3,"[1189, 549, 1296, 666]",0.5828818678855896,0.001097081345506,0.2942182123661041,1.0,0.8844860196113586,0.5828818678855896,True,True,False,,False,False,False,False,False,False,True,False,False,False,0.8844860196113586,False,False,1.4183673469387754,False,False,False,0.0,gold_direct,clean,419.05,b8d70d17066d12d9,47,srs
9416,gold/stt2_page_0112_c04_064.png,stt2,page_0112,4,年,nên,年,U+5E74,char,GOLD,s1_inter_s2_direct,,0.176,96.0,135.0,3bb17f42620c,ok,train,stt2|page_0112|c4,"[987, 757, 1091, 872]",0.669391930103302,0.0012053127866238,0.4158530235290527,1.0,0.8844481110572815,0.669391930103302,True,True,False,,False,False,False,False,False,False,True,False,False,False,0.8844481110572815,False,False,1.40625,False,False,False,0.0,gold_direct,clean,419.05,374770fe15027478,48,srs
26487,gold/stt2_page_0312_c04_075.png,stt2,page_0312,4,悲,bấy,悲,U+60B2,char,GOLD,s1_inter_s2_direct,,0.248,92.0,145.0,5989c8de00a8,ok,train,stt2|page_0312|c4,"[995, 1336, 1095, 1453]",0.6202487349510193,0.0011620242148637,0.3784829974174499,1.0,0.6533108949661255,0.6202487349510193,True,True,False,,False,False,False,False,False,False,True,False,False,False,0.6533108949661255,False,False,1.576086956521739,False,False,False,0.0,gold_direct,clean,419.05,67d59f2784d88ad4,49,srs
51361,gold/stt4_page_0262_c07_125.png,stt4,page_0262,7,双,song,双,U+53CC,char,GOLD,s1_inter_s2_direct,,0.122,87.0,96.0,28b50ab4f548,ok,train,stt4|page_0262|c7,"[381, 920, 452, 998]",0.0549055188894271,0.0006597683532163,-0.7232253700494766,0.0,0.0963692069053649,0.7781308889389038,True,True,True,,False,False,False,False,False,False,True,False,False,True,0.0963692069053649,True,False,1.103448275862069,False,False,False,0.5874999999999999,head_disagree,"head-disagree,bank=0.10(p10)",,0ead1d732f117a9e,50,active_lowmargin
54344,gold/stt4_page_0292_c09_202.png,stt4,page_0292,9,生,chăng,生,U+751F,char,GOLD,s1_inter_s2_direct,,0.121,70.0,104.0,0ac50cd9494a,ok,train,stt4|page_0292|c9,"[173, 1108, 246, 1192]",0.7163788080215454,0.0012893518432974,0.3823034763336181,1.0,0.6303269267082214,0.7163788080215454,True,True,False,,False,False,False,False,False,False,True,False,False,False,0.6303269267082214,False,False,1.4857142857142858,False,False,False,0.0,gold_direct,clean,419.05,ee67046209154a65,51,srs
51230,gold/stt4_page_0260_c09_194.png,stt4,page_0260,9,理,lẽ,理,U+7406,char,GOLD,s1_inter_s2_direct,,0.152,72.0,92.0,711f2891256c,ok,train,stt4|page_0260|c9,"[182, 1233, 250, 1311]",0.593830943107605,0.0011249780654907,0.3254606425762176,1.0,0.594590425491333,0.593830943107605,True,True,False,,False,False,False,False,False,False,True,False,False,False,0.594590425491333,False,False,1.2777777777777777,False,False,False,0.0,gold_direct,clean,419.05,f20f5d34f1167b7b,52,srs
76067,gold/stt11_page_0234_c06_096.png,stt11,page_0234,6,古,của,古,U+53E4,char,GOLD,s1_inter_s2_direct,,0.128,87.0,116.0,b38f86b307c9,ok,train,stt11|page_0234|c6,"[702, 1239, 805, 1345]",0.0759405046701431,0.000671723682899,-0.7037620395421982,0.0,0.1932972520589828,0.7797025442123413,True,True,True,,False,False,False,False,False,False,True,False,False,True,0.1932972520589828,True,False,1.3333333333333333,False,False,False,0.5874999999999999,head_disagree,"head-disagree,bank=0.19(p10)",,44a076724dfdde66,53,active_lowmargin
12631,gold/stt2_page_0148_c07_133.png,stt2,page_0148,7,咍,hay,咍,U+548D,char,GOLD,s1_inter_s2_direct,,0.167,131.0,144.0,aae6e5893dba,ok,train,stt2|page_0148|c7,"[524, 1250, 631, 1368]",0.0151325548067688,0.0006273425533436,-0.7678759014233947,0.0,0.1698375195264816,0.7830084562301636,True,True,True,,False,False,False,False,False,False,True,False,False,True,0.1698375195264816,True,False,1.099236641221374,False,False,False,0.5874999999999999,head_disagree,"head-disagree,bank=0.17(p10)",,10cfdada7f29dd36,54,active_lowmargin
50216,gold/stt4_page_0250_c06_113.png,stt4,page_0250,6,各,các,各,U+5404,char,GOLD,s1_inter_s2_direct,,0.113,80.0,88.0,14eff543a5d5,ok,train,stt4|page_0250|c6,"[469, 1171, 535, 1243]",-0.0306135062128305,0.0006083381013013,-0.7585143689066172,0.0,0.0267886575311422,0.7279008626937866,True,True,True,,False,False,False,False,False,False,True,False,False,True,0.0267886575311422,True,False,1.1,False,False,False,0.5874999999999999,head_disagree,"head-disagree,bank=0.03(p10)",,e0043de7b982f9e2,55,active_lowmargin
9345,gold/stt2_page_0110_c09_176.png,stt2,page_0110,9,共,cũng,共,U+5171,char,GOLD,s1_inter_s2_direct,,0.188,114.0,134.0,7663bc258b7a,ok,train,stt2|page_0110|c9,"[221, 1859, 324, 1973]",-0.0608359463512897,0.0005834751063957,-0.7893541343510151,0.0,0.0278862286359071,0.7285181879997253,True,True,True,,False,False,False,False,False,False,True,False,False,True,0.0278862286359071,True,False,1.1754385964912282,False,False,False,0.5874999999999999,head_disagree,"head-disagree,bank=0.03(p10)",,89afc69070d1474d,56,active_lowmargin
56984,gold/stt11_page_0024_c07_150.png,stt11,page_0024,7,庒,chăng,庒,U+5E92,char,GOLD,s1_inter_s2_direct,,0.161,89.0,123.0,575c7ed5e024,ok,train,stt11|page_0024|c7,"[559, 1842, 673, 1950]",0.5163658261299133,0.001036190544255,0.0533402562141418,1.0,0.5629754662513733,0.5163658261299133,True,True,False,,False,False,False,False,False,False,True,False,False,False,0.5629754662513733,False,False,1.3820224719101124,False,False,False,0.0,gold_direct,clean,419.05,80de6ca4481e0f44,57,srs
36758,gold/stt4_page_0102_c06_105.png,stt4,page_0102,6,旦,đến,旦,U+65E6,char,GOLD,s1_inter_s2_direct,,0.158,67.0,99.0,a5ecf19a3904,ok,train,stt4|page_0102|c6,"[467, 518, 538, 599]",0.639339804649353,0.0012029041536152,0.416544109582901,1.0,0.5430013537406921,0.639339804649353,True,True,False,,False,False,False,False,False,False,True,False,False,False,0.5430013537406921,False,False,1.4776119402985075,False,False,False,0.0,gold_direct,clean,419.05,c9bd70416d6c771e,58,srs
18416,gold/stt2_page_0218_c03_047.png,stt2,page_0218,3,固,có,固,U+56FA,char,GOLD,s1_inter_s2_direct,,0.153,102.0,163.0,b2655e6cce45,ok,train,stt2|page_0218|c3,"[1162, 1390, 1261, 1524]",-0.0464367941021919,0.0005924418219365,-0.7364788129925728,0.0,-0.0009665137040428,0.6900420188903809,True,True,True,,False,False,False,False,False,False,True,False,False,True,-0.0009665137040428,True,False,1.5980392156862746,False,False,False,0.5874999999999999,head_disagree,"head-disagree,bank=-0.00(p10)",,887d005b866e5f55,59,active_lowmargin
37652,gold/stt4_page_0114_c06_124.png,stt4,page_0114,6,時,thì,時,U+6642,char,GOLD,s1_inter_s2_direct,,0.191,72.0,93.0,8cadbc31f94a,ok,train,stt4|page_0114|c6,"[476, 953, 547, 1028]",0.6740109920501709,0.0012193970615044,0.1783298552036285,1.0,0.6818121075630188,0.6740109920501709,True,True,False,,False,False,False,False,False,False,True,False,False,False,0.6818121075630188,False,False,1.2916666666666667,False,False,False,0.0,gold_direct,clean,419.05,d49505e5be37536a,60,srs
32472,gold/stt4_page_0058_c02_029.png,stt4,page_0058,2,朱,cho,朱,U+6731,char,GOLD,s1_inter_s2_direct,,0.104,61.0,105.0,e015a0a75166,ok,val,stt4|page_0058|c2,"[896, 713, 969, 800]",-0.0573782920837402,0.0005930827464908,-0.7510453462600708,0.0,0.1038475707173347,0.6936670541763306,True,True,True,,False,False,False,False,False,False,True,False,False,True,0.1038475707173347,True,False,1.721311475409836,False,False,False,0.5874999999999999,head_disagree,"head-disagree,bank=0.10(p10)",,76bb4b02f68fb1cf,61,active_lowmargin
27351,gold/stt2_page_0322_c04_069.png,stt2,page_0322,4,道,đạo,道,U+9053,char,GOLD,s1_inter_s2_direct,,0.199,102.0,134.0,75828cee0666,ok,val,stt2|page_0322|c4,"[988, 1573, 1099, 1684]",-0.0229288190603256,0.0006080629536882,-0.7798554748296738,0.0,0.0368916317820549,0.7569266557693481,True,True,True,,False,False,False,False,False,False,True,False,False,True,0.0368916317820549,True,False,1.3137254901960784,False,False,False,0.5874999999999999,head_disagree,"head-disagree,bank=0.04(p10)",,54924b876b0c8bec,62,active_lowmargin
64898,gold/stt11_page_0114_c09_185.png,stt11,page_0114,9,道,đạo,道,U+9053,char,GOLD,s1_inter_s2_direct,,0.118,113.0,124.0,d5db21e3f1e8,ok,val,stt11|page_0114|c9,"[259, 2190, 366, 2290]",0.6314821243286133,0.0011769464472308,0.3278185725212097,1.0,0.7097115516662598,0.6314821243286133,True,True,False,,False,False,False,False,False,False,True,False,False,False,0.7097115516662598,False,False,1.0973451327433628,False,False,False,0.0,gold_direct,clean,419.05,cbe18cfeb6265196,63,srs
14138,gold/stt2_page_0166_c06_096.png,stt2,page_0166,6,事,sự,事,U+4E8B,char,GOLD,s1_inter_s2_direct,,0.168,139.0,165.0,22e75c0fa533,ok,train,stt2|page_0166|c6,"[678, 922, 791, 1059]",0.7264636754989624,0.0012807456078007,0.4878513216972351,1.0,0.8434330821037292,0.7264636754989624,True,True,False,,False,False,False,False,False,False,True,False,False,False,0.8434330821037292,False,False,1.1870503597122302,False,False,False,0.0,gold_direct,clean,419.05,3bee8ad8d191b026,64,srs
68386,gold/stt11_page_0152_c02_030.png,stt11,page_0152,2,於,ở,於,U+65BC,char,GOLD,s1_inter_s2_direct,,0.155,96.0,146.0,642cd8cceea4,ok,val,stt11|page_0152|c2,"[1349, 1235, 1466, 1353]",-0.0865801647305488,0.0005689667304977,-0.8144030049443245,0.0,-0.0177479144185781,0.7278228402137756,True,True,True,,False,False,False,False,False,False,True,False,False,True,-0.0177479144185781,True,False,1.5208333333333333,False,False,False,0.5874999999999999,head_disagree,"head-disagree,bank=-0.02(p10)",,2a4ca8475404a62d,65,active_lowmargin
47781,gold/stt4_page_0224_c07_133.png,stt4,page_0224,7,末,mặt,末,U+672B,char,GOLD,s1_inter_s2_direct,,0.139,83.0,91.0,8e421ac35b7b,ok,train,stt4|page_0224|c7,"[403, 731, 471, 815]",-0.1195908486843109,0.0005568804917857,-0.7289358079433441,0.0,0.0875664576888084,0.6093449592590332,True,True,True,,False,False,False,False,False,False,True,False,False,True,0.0875664576888084,True,False,1.0963855421686748,False,False,False,0.5874999999999999,head_disagree,"head-disagree,bank=0.09(p10)",,cb1bd3a9b34ea0c9,66,active_lowmargin
28706,gold/stt4_page_0016_c09_183.png,stt4,page_0016,9,双,song,双,U+53CC,char,GOLD,s1_inter_s2_direct,,0.108,75.0,83.0,7ca30a8a3cab,ok,train,stt4|page_0016|c9,"[237, 426, 298, 495]",0.7373881340026855,0.0012858881382271,0.4503948986530304,1.0,0.850671648979187,0.7373881340026855,True,True,False,,False,False,False,False,False,False,True,False,False,False,0.850671648979187,False,False,1.1066666666666667,False,False,False,0.0,gold_direct,clean,419.05,5410a10807d7e7a0,67,srs
82188,gold/stt11_page_0298_c05_103.png,stt11,page_0298,5,垩,thánh,垩,U+57A9,char,GOLD,s1_inter_s2_direct,,0.161,100.0,114.0,192604eb2207,ok,train,stt11|page_0298|c5,"[864, 2349, 965, 2455]",0.7210401296615601,0.0012606454547494,0.4471801519393921,1.0,0.885032057762146,0.7210401296615601,True,True,False,,False,False,False,False,False,False,True,False,False,False,0.885032057762146,False,False,1.14,False,False,False,0.0,gold_direct,clean,419.05,c00113eddfa50612,68,srs
25805,gold/stt2_page_0304_c03_054.png,stt2,page_0304,3,仃,đừng,仃,U+4EC3,char,GOLD,s1_inter_s2_direct,,0.176,97.0,126.0,c91a719dac14,ok,train,stt2|page_0304|c3,"[1145, 1895, 1251, 2011]",0.6057854294776917,0.0011371619766578,0.2015683054924011,1.0,0.7607062458992004,0.6057854294776917,True,True,False,,False,False,False,False,False,False,True,False,False,False,0.7607062458992004,False,False,1.2989690721649485,False,False,False,0.0,gold_direct,clean,419.05,138d8576d8dc4040,69,srs
71940,gold/stt11_page_0188_c09_191.png,stt11,page_0188,9,浪,răng,浪,U+6D6A,char,GOLD,s1_inter_s2_direct,,0.212,106.0,136.0,743c60f2e571,ok,train,stt11|page_0188|c9,"[283, 2230, 386, 2340]",0.7455607652664185,0.0013066112296655,0.4294254779815674,1.0,0.8017551302909851,0.7455607652664185,True,True,False,,False,False,False,False,False,False,True,False,False,False,0.8017551302909851,False,False,1.2830188679245282,False,False,False,0.0,gold_direct,clean,419.05,b625c33e54103106,70,srs
39375,gold/stt4_page_0134_c01_002.png,stt4,page_0134,1,韋,và,喡,U+55A1,char,GOLD,s1_inter_s2_similar,0.922,0.152,85.0,106.0,c636529e37ca,ok,train,stt4|page_0134|c1,"[948, 364, 1027, 453]",0.6784411668777466,0.0012467794585973,0.3732796013355255,1.0,0.8144639134407043,0.6784411668777466,True,True,False,0.922,True,False,False,False,True,False,False,False,False,False,0.8144639134407043,False,False,1.2470588235294118,False,False,False,0.30000000000000004,similar_bridge,similar-bridge,419.05,41a6613b3cdcddd2,71,srs
52790,gold/stt4_page_0278_c04_073.png,stt4,page_0278,4,唐,đường,唐,U+5510,char,GOLD,s1_inter_s2_direct,,0.167,129.0,137.0,e70aa49a1aac,ok,train,stt4|page_0278|c4,"[989, 574, 1094, 686]",0.6755049228668213,0.0012224968522787,0.3548317849636078,1.0,0.6971173882484436,0.6755049228668213,True,True,False,,False,False,False,False,False,False,True,False,False,False,0.6971173882484436,False,False,1.062015503875969,False,False,False,0.0,gold_direct,clean,419.05,8989a477527a5000,72,srs
45451,gold/stt4_page_0200_c01_013.png,stt4,page_0200,1,罰,phạt,罰,U+7F70,char,GOLD,s1_inter_s2_direct,,0.114,90.0,97.0,de21476d209f,ok,train,stt4|page_0200|c1,"[992, 1106, 1078, 1187]",0.6766840219497681,0.0012399562401697,0.4205453991889953,1.0,0.6862680315971375,0.6766840219497681,True,True,False,,False,False,False,False,False,False,True,False,False,False,0.6862680315971375,False,False,1.0777777777777777,False,False,False,0.0,gold_direct,clean,419.05,87cbfba4e2436134,73,srs
64816,gold/stt11_page_0114_c05_103.png,stt11,page_0114,5,其,cùng,其,U+5176,char,GOLD,s1_inter_s2_direct,,0.128,109.0,120.0,3dc0b1b7b0a8,ok,train,stt11|page_0114|c5,"[867, 2354, 972, 2466]",-0.0533569678664207,0.0005813367897644,-0.7086867317557335,0.0,0.313343346118927,0.6553297638893127,True,True,True,,False,False,False,False,False,False,True,False,False,True,0.313343346118927,True,False,1.1009174311926606,False,False,False,0.5874999999999999,head_disagree,"head-disagree,bank=0.31(p10)",,7da9c3c5f12cbbfc,74,active_lowmargin
36646,gold/stt4_page_0100_c09_184.png,stt4,page_0100,9,哭,khóc,哭,U+54ED,char,GOLD,s1_inter_s2_direct,,0.13,58.0,83.0,a5375642b7cb,ok,val,stt4|page_0100|c9,"[158, 1163, 233, 1246]",0.8176282048225403,0.001405976130627,0.5392424464225769,1.0,0.7700357437133789,0.8176282048225403,True,True,False,,False,False,False,False,False,False,True,False,False,False,0.7700357437133789,False,False,1.4310344827586208,False,False,False,0.0,gold_direct,clean,419.05,99e430a9525b84fe,75,srs
62377,gold/stt11_page_0088_c05_122.png,stt11,page_0088,5,包,vào,包,U+5305,char,GOLD,s1_inter_s2_direct,,0.131,107.0,149.0,46915be6a158,ok,train,stt11|page_0088|c5,"[900, 1812, 1006, 1933]",-0.0133868465200066,0.0006173548754304,-0.7389819631353021,0.0,-0.007300007622689,0.7255951166152954,True,True,True,,False,False,False,False,False,False,True,False,False,True,-0.007300007622689,True,False,1.3925233644859814,False,False,False,0.5874999999999999,head_disagree,"head-disagree,bank=-0.01(p10)",,0c36f6f32061a5e7,76,active_lowmargin
75165,gold/stt11_page_0222_c08_161.png,stt11,page_0222,8,古,của,古,U+53E4,char,GOLD,s1_inter_s2_direct,,0.12,91.0,126.0,ff079bc5db79,ok,train,stt11|page_0222|c8,"[434, 1317, 529, 1421]",-0.0755195543169975,0.000569368188735,-0.7779602333903313,0.0,-0.0206474047154188,0.7024406790733337,True,True,True,,False,False,False,False,False,False,True,False,False,True,-0.0206474047154188,True,False,1.3846153846153846,False,False,False,0.5874999999999999,head_disagree,"head-disagree,bank=-0.02(p10)",,6f5277cd5582f906,77,active_lowmargin
34637,gold/stt4_page_0080_c05_104.png,stt4,page_0080,5,碎,tôi,碎,U+788E,char,GOLD,s1_inter_s2_direct,,0.206,65.0,99.0,3c4ef1e1051e,ok,train,stt4|page_0080|c5,"[559, 1454, 632, 1537]",0.6320065259933472,0.0011721771443262,0.3374549448490143,1.0,0.7682139277458191,0.6320065259933472,True,True,False,,False,False,False,False,False,False,True,False,False,False,0.7682139277458191,False,False,1.523076923076923,False,False,False,0.0,gold_direct,clean,419.05,d04e44524f4609ed,78,srs
33342,gold/stt4_page_0066_c07_131.png,stt4,page_0066,7,衣,y,衣,U+8863,char,GOLD,s1_inter_s2_direct,,0.169,59.0,72.0,26e3e5c83f23,ok,train,stt4|page_0066|c7,"[375, 670, 447, 738]",0.6150691509246826,0.0011510970070958,0.295189619064331,1.0,0.6818121075630188,0.6150691509246826,True,True,False,,False,False,False,False,False,False,True,False,False,False,0.6818121075630188,False,False,1.2203389830508475,False,False,False,0.0,gold_direct,clean,419.05,b157187eecae24e4,79,srs
60119,gold/stt11_page_0060_c06_095.png,stt11,page_0060,6,双,song,双,U+53CC,char,GOLD,s1_inter_s2_direct,,0.171,96.0,112.0,16532af23965,ok,train,stt11|page_0060|c6,"[716, 424, 818, 531]",0.7241804003715515,0.0012753541814163,0.4905040562152862,1.0,0.8104512095451355,0.7241804003715515,True,True,False,,False,False,False,False,False,False,True,False,False,False,0.8104512095451355,False,False,1.1666666666666667,False,False,False,0.0,gold_direct,clean,419.05,8589a16572a32d74,80,srs
65085,gold/stt11_page_0116_c09_184.png,stt11,page_0116,9,官,quan,官,U+5B98,char,GOLD,s1_inter_s2_direct,,0.159,74.0,138.0,06aa079526fc,tall,train,stt11|page_0116|c9,"[307, 1680, 402, 1797]",0.6919770240783691,0.0012373974313959,0.4295943975448608,1.0,0.8551262021064758,0.6919770240783691,True,True,False,,False,False,False,False,False,False,True,False,False,False,0.8551262021064758,False,False,1.864864864864865,True,False,True,0.19999999999999996,quality_flag,aspect=1.86,419.05,1d69aa5d2950804b,81,srs
10539,gold/stt2_page_0124_c03_059.png,stt2,page_0124,3,坦,đất,坦,U+5766,char,GOLD,s1_inter_s2_direct,,0.21,124.0,139.0,226edfcb3ea0,ok,train,stt2|page_0124|c3,"[1134, 2055, 1247, 2168]",0.6353908777236938,0.001194889191538,0.301493227481842,1.0,0.686726987361908,0.6353908777236938,True,True,False,,False,False,False,False,False,False,True,False,False,False,0.686726987361908,False,False,1.1209677419354838,False,False,False,0.0,gold_direct,clean,419.05,4bfdd1995bcd23e1,82,srs
26896,gold/stt2_page_0316_c07_111.png,stt2,page_0316,7,郎,sang,郎,U+90CE,char,GOLD,s1_inter_s2_direct,,0.163,109.0,173.0,3f5796e4ace3,ok,train,stt2|page_0316|c7,"[556, 2014, 674, 2162]",0.7508816719055176,0.0013260765699669,0.4166116118431091,1.0,0.7170162796974182,0.7508816719055176,True,True,False,,False,False,False,False,False,False,True,False,False,False,0.7170162796974182,False,False,1.5871559633027523,False,False,False,0.0,gold_direct,clean,419.05,479322dfcd59d3d8,83,srs
13895,gold/stt2_page_0164_c01_007.png,stt2,page_0164,1,寺,thì,寺,U+5BFA,char,GOLD,s1_inter_s2_direct,,0.187,87.0,151.0,75ad31c3e55b,ok,train,stt2|page_0164|c1,"[1453, 1282, 1555, 1405]",-0.0935390964150428,0.0005709420074708,-0.7325031533837318,0.0,0.0574336200952529,0.638964056968689,True,True,True,,False,False,False,False,False,False,True,False,False,True,0.0574336200952529,True,False,1.735632183908046,False,False,False,0.5874999999999999,head_disagree,"head-disagree,bank=0.06(p10)",,03a13941bc67003c,84,active_lowmargin
46847,gold/stt4_page_0214_c06_123.png,stt4,page_0214,6,爲,vì,爲,U+7232,char,GOLD,s1_inter_s2_direct,,0.122,87.0,105.0,a2724cd8b118,ok,train,stt4|page_0214|c6,"[488, 1166, 559, 1251]",0.734973669052124,0.0012980614555999,0.5111791491508484,1.0,0.891239583492279,0.734973669052124,True,True,False,,False,False,False,False,False,False,True,False,False,False,0.891239583492279,False,False,1.206896551724138,False,False,False,0.0,gold_direct,clean,419.05,1ff5144c63bd8388,85,srs
35733,gold/stt4_page_0092_c03_048.png,stt4,page_0092,3,功,công,功,U+529F,char,GOLD,s1_inter_s2_direct,,0.194,86.0,74.0,32488afce687,ok,test,stt4|page_0092|c3,"[766, 777, 836, 855]",0.0452130623161792,0.0006525423959828,-0.737392108887434,0.0,0.0341897569596767,0.7826051712036133,True,True,True,,False,False,False,False,False,False,True,False,False,True,0.0341897569596767,True,False,0.8604651162790697,False,False,False,0.5874999999999999,head_disagree,"head-disagree,bank=0.03(p10)",,37d91c2998a0a623,86,active_lowmargin
72615,gold/stt11_page_0196_c05_100.png,stt11,page_0196,5,庫,khó,庫,U+5EAB,char,GOLD,s1_inter_s2_direct,,0.17,90.0,156.0,6bee9b65040f,ok,train,stt11|page_0196|c5,"[881, 2139, 989, 2279]",0.6980265378952026,0.0012625466333702,0.3853885531425476,1.0,0.7235507369041443,0.6980265378952026,True,True,False,,False,False,False,False,False,False,True,False,False,False,0.7235507369041443,False,False,1.7333333333333334,False,False,False,0.0,gold_direct,clean,419.05,7966cbf1d9d6eec3,87,srs
55129,gold/stt4_page_0302_c01_008.png,stt4,page_0302,1,朱,cho,朱,U+6731,char,GOLD,s1_inter_s2_direct,,0.16,65.0,100.0,60e83e110471,ok,train,stt4|page_0302|c1,"[960, 847, 1031, 929]",-0.0643074959516525,0.0005871101166121,-0.738623782992363,0.0,0.0710177421569824,0.6743162870407104,True,True,True,,False,False,False,False,False,False,True,False,False,True,0.0710177421569824,True,False,1.5384615384615385,False,False,False,0.5874999999999999,head_disagree,"head-disagree,bank=0.07(p10)",,9d5f1fcd01b85243,88,active_lowmargin
60393,gold/stt11_page_0064_c01_002.png,stt11,page_0064,1,女,nữa,女,U+5973,char,GOLD,s1_inter_s2_direct,,0.099,113.0,143.0,feef568b1f1f,ok,test,stt11|page_0064|c1,"[1525, 618, 1629, 740]",0.7658916115760803,0.0013392482651397,0.5231441855430603,1.0,0.8369686603546143,0.7658916115760803,True,True,False,,False,False,False,False,False,False,True,False,False,False,0.8369686603546143,False,False,1.2654867256637168,False,False,False,0.0,gold_direct,clean,419.05,4ee600b609b126b8,89,srs
76203,gold/stt11_page_0236_c03_052.png,stt11,page_0236,3,間,gian,間,U+9593,char,GOLD,s1_inter_s2_direct,,0.207,77.0,133.0,98d65986053b,ok,train,stt11|page_0236|c3,"[1170, 1241, 1275, 1354]",0.7315065860748291,0.0012980174506083,0.4838559031486511,1.0,0.694388210773468,0.7315065860748291,True,True,False,,False,False,False,False,False,False,True,False,False,False,0.694388210773468,False,False,1.7272727272727273,False,False,False,0.0,gold_direct,clean,419.05,74950fc41e7c2bcc,90,srs
6130,gold/stt2_page_0076_c06_112.png,stt2,page_0076,6,埃,ai,埃,U+57C3,char,GOLD,s1_inter_s2_direct,,0.251,129.0,144.0,3c973a3d6906,ok,train,stt2|page_0076|c6,"[650, 1050, 760, 1172]",0.7562682628631592,0.0013433353742584,0.409940242767334,1.0,0.8601297736167908,0.7562682628631592,True,True,False,,False,False,False,False,False,False,True,False,False,False,0.8601297736167908,False,False,1.1162790697674418,False,False,False,0.0,gold_direct,clean,419.05,cc2da38839fd058b,91,srs
74991,gold/stt11_page_0220_c09_186.png,stt11,page_0220,9,碎,tôi,碎,U+788E,char,GOLD,s1_inter_s2_direct,,0.196,83.0,125.0,fc344a7e905a,ok,train,stt11|page_0220|c9,"[287, 1270, 370, 1372]",0.0157347582280635,0.0006330034229904,-0.7409459687769413,0.0,0.1375930458307266,0.7566807270050049,True,True,True,,False,False,False,False,False,False,True,False,False,True,0.1375930458307266,True,False,1.5060240963855422,False,False,False,0.5874999999999999,head_disagree,"head-disagree,bank=0.14(p10)",,cba7e97c2998b899,92,active_lowmargin
61838,gold/stt11_page_0078_c07_149.png,stt11,page_0078,7,店,đêm,店,U+5E97,char,GOLD,s1_inter_s2_direct,,0.127,93.0,141.0,aaa198df3cb2,ok,train,stt11|page_0078|c7,"[535, 2100, 636, 2221]",0.7131319046020508,0.0012607149546965,0.3968784809112549,1.0,0.7715963125228882,0.7131319046020508,True,True,False,,False,False,False,False,False,False,True,False,False,False,0.7715963125228882,False,False,1.5161290322580645,False,False,False,0.0,gold_direct,clean,419.05,a830fee78846fcc6,93,srs
53352,gold/stt4_page_0284_c01_018.png,stt4,page_0284,1,事,sự,事,U+4E8B,char,GOLD,s1_inter_s2_direct,,0.181,60.0,79.0,eeaf9e5b9c43,ok,train,stt4|page_0284|c1,"[945, 1326, 1014, 1400]",0.7026824355125427,0.0012516288552433,0.4825283885002136,1.0,0.8485857248306274,0.7026824355125427,True,True,False,,False,False,False,False,False,False,True,False,False,False,0.8485857248306274,False,False,1.3166666666666667,False,False,False,0.0,gold_direct,clean,419.05,c6316558233c6285,94,srs
46164,gold/stt4_page_0206_c09_169.png,stt4,page_0206,9,車,xa,車,U+8ECA,char,GOLD,s1_inter_s2_direct,,0.171,78.0,85.0,a9dbb960afc5,ok,train,stt4|page_0206|c9,"[178, 1159, 243, 1229]",0.6741931438446045,0.0012451008660718,0.3958982825279236,1.0,0.5733733177185059,0.6741931438446045,True,True,False,,False,False,False,False,False,False,True,False,False,False,0.5733733177185059,False,False,1.0897435897435896,False,False,False,0.0,gold_direct,clean,419.05,6e367b3bcde48054,95,srs
69769,gold/stt11_page_0166_c03_058.png,stt11,page_0166,3,蜍,thờ,蜍,U+870D,char,GOLD,s1_inter_s2_direct,,0.172,112.0,139.0,1b88fc78d459,ok,train,stt11|page_0166|c3,"[1165, 2113, 1272, 2227]",0.5593032836914062,0.0011044699931517,-0.0747698545455932,0.0,0.5501144528388977,0.6340731382369995,True,True,True,,False,False,False,False,False,False,True,False,False,True,0.5501144528388977,False,False,1.2410714285714286,False,False,False,0.44999999999999996,head_disagree,head-disagree,419.05,26097da13ccf9ace,96,srs
59611,gold/stt11_page_0054_c08_168.png,stt11,page_0054,8,重,trọng,重,U+91CD,char,GOLD,s1_inter_s2_direct,,0.222,72.0,142.0,cb2930d5b3f2,tall,train,stt11|page_0054|c8,"[437, 1930, 539, 2046]",0.1027243733406066,0.0006930605159141,-0.7119234204292297,0.0,0.2363973557949066,0.8146477937698364,True,True,True,,False,False,False,False,False,False,True,False,False,True,0.2363973557949066,True,False,1.9722222222222223,True,False,True,0.6699999999999999,head_disagree,"head-disagree,bank=0.24(p10),aspect=1.97",,b0483cc4996a087d,97,active_lowmargin
47888,gold/stt4_page_0226_c03_054.png,stt4,page_0226,3,法,phép,法,U+6CD5,char,GOLD,s1_inter_s2_direct,,0.195,75.0,90.0,dd1eb5fa90a9,ok,train,stt4|page_0226|c3,"[751, 907, 822, 981]",0.7641235589981079,0.0013513009762391,0.4655421376228332,1.0,0.7789435386657715,0.7641235589981079,True,True,False,,False,False,False,False,False,False,True,False,False,False,0.7789435386657715,False,False,1.2,False,False,False,0.0,gold_direct,clean,419.05,1f9b5857663c2914,98,srs
9355,gold/stt2_page_0112_c01_003.png,stt2,page_0112,1,官,quan,官,U+5B98,char,GOLD,s1_inter_s2_direct,,0.162,108.0,148.0,022d5d7e786e,ok,train,stt2|page_0112|c1,"[1436, 743, 1539, 863]",0.7180798053741455,0.0012685114052146,0.494080513715744,1.0,0.8223590850830078,0.7180798053741455,True,True,False,,False,False,False,False,False,False,True,False,False,False,0.8223590850830078,False,False,1.3703703703703705,False,False,False,0.0,gold_direct,clean,419.05,9ef8e2926dc1b916,99,srs
1027,gold/stt2_page_0022_c05_094.png,stt2,page_0022,5,買,mới,買,U+8CB7,char,GOLD,s1_inter_s2_direct,,0.203,111.0,149.0,9d5bb8633aca,ok,train,stt2|page_0022|c5,"[822, 1489, 931, 1610]",0.7371983528137207,0.0013039610348641,0.4403572082519531,1.0,0.8305966854095459,0.7371983528137207,True,True,False,,False,False,False,False,False,False,True,False,False,False,0.8305966854095459,False,False,1.3423423423423424,False,False,False,0.0,gold_direct,clean,419.05,59417be8413f3434,100,srs
4257,gold/stt2_page_0056_c06_115.png,stt2,page_0056,6,女,nữa,女,U+5973,char,GOLD,s1_inter_s2_direct,,0.221,121.0,132.0,045eeeea3475,ok,train,stt2|page_0056|c6,"[658, 1102, 763, 1211]",0.7036969661712646,0.001253941678442,0.4339183270931244,1.0,0.8339285850524902,0.7036969661712646,True,True,False,,False,False,False,False,False,False,True,False,False,False,0.8339285850524902,False,False,1.0909090909090908,False,False,False,0.0,gold_direct,clean,419.05,5c74a3c273238814,101,srs
70872,gold/stt11_page_0178_c04_074.png,stt11,page_0178,4,体,thấy,体,U+4F53,char,GOLD,s1_inter_s2_direct,,0.185,124.0,136.0,804f2def9107,ok,train,stt11|page_0178|c4,"[1019, 1281, 1123, 1391]",0.7306410074234009,0.0012974494602531,0.4645588397979736,1.0,0.7346413731575012,0.7306410074234009,True,True,False,,False,False,False,False,False,False,True,False,False,False,0.7346413731575012,False,False,1.096774193548387,False,False,False,0.0,gold_direct,clean,419.05,d8138bc254612182,102,srs
76569,gold/stt11_page_0240_c02_031.png,stt11,page_0240,2,中,trong,中,U+4E2D,char,GOLD,s1_inter_s2_direct,,0.158,105.0,121.0,6d9aaa4fcb8c,ok,val,stt11|page_0240|c2,"[1315, 1200, 1421, 1302]",-0.0580113008618354,0.0005876511568203,-0.705880768597126,0.0,0.1480209082365036,0.6478694677352905,True,True,True,,False,False,False,False,False,False,True,False,False,True,0.1480209082365036,True,False,1.1523809523809523,False,False,False,0.5874999999999999,head_disagree,"head-disagree,bank=0.15(p10)",,d18f2a033a349676,103,active_lowmargin
6454,gold/stt2_page_0080_c03_057.png,stt2,page_0080,3,職,chức,職,U+8077,char,GOLD,s1_inter_s2_direct,,0.181,132.0,134.0,4b249ad973da,ok,test,stt2|page_0080|c3,"[1144, 1710, 1252, 1819]",-0.0756525099277496,0.0005741122877225,-0.753778487443924,0.0,-0.0976747870445251,0.6781259775161743,True,True,True,,False,False,False,False,False,False,True,False,False,True,-0.0976747870445251,True,False,1.0151515151515151,False,False,False,0.5874999999999999,head_disagree,"head-disagree,bank=-0.10(p10)",,353ed956997455af,104,active_lowmargin
18365,gold/stt2_page_0216_c09_171.png,stt2,page_0216,9,之,chi,之,U+4E4B,char,GOLD,s1_inter_s2_direct,,0.183,93.0,150.0,1d0736efa34b,ok,train,stt2|page_0216|c9,"[251, 2076, 354, 2201]",0.7334845066070557,0.0012957246508449,0.4266032576560974,1.0,0.7631264925003052,0.7334845066070557,True,True,False,,False,False,False,False,False,False,True,False,False,False,0.7631264925003052,False,False,1.6129032258064515,False,False,False,0.0,gold_direct,clean,419.05,807da0e2ac29596e,105,srs
1569,gold/stt2_page_0028_c04_081.png,stt2,page_0028,4,古,của,古,U+53E4,char,GOLD,s1_inter_s2_direct,,0.129,102.0,125.0,3614e17bf038,ok,test,stt2|page_0028|c4,"[959, 1766, 1062, 1867]",0.6852695345878601,0.0012387625174596,0.4046826958656311,1.0,0.7208003401756287,0.6852695345878601,True,True,False,,False,False,False,False,False,False,True,False,False,False,0.7208003401756287,False,False,1.2254901960784315,False,False,False,0.0,gold_direct,clean,419.05,8880b1d239e56efc,106,srs
49088,gold/stt4_page_0238_c06_127.png,stt4,page_0238,6,挼,nuôi,挼,U+633C,char,GOLD,s1_inter_s2_direct,,0.199,73.0,90.0,495a13599eb7,ok,val,stt4|page_0238|c6,"[475, 1521, 545, 1595]",0.7184621095657349,0.0012752761831507,0.4627477824687958,1.0,0.9344272017478944,0.7184621095657349,True,True,False,,False,False,False,False,False,False,True,False,False,False,0.9344272017478944,False,False,1.2328767123287672,False,False,False,0.0,gold_direct,clean,419.05,14ee765916ad62b7,107,srs
66388,gold/stt11_page_0130_c09_161.png,stt11,page_0130,9,共,cùng,共,U+5171,char,GOLD,s1_inter_s2_direct,,0.156,90.0,125.0,be15721e5a25,ok,train,stt11|page_0130|c9,"[253, 894, 349, 1003]",0.76365065574646,0.0013207517331466,0.5395486354827881,1.0,0.8610745668411255,0.76365065574646,True,True,False,,False,False,False,False,False,False,True,False,False,False,0.8610745668411255,False,False,1.3888888888888888,False,False,False,0.0,gold_direct,clean,419.05,32ccfd189759fecb,108,srs
61188,gold/stt11_page_0072_c02_032.png,stt11,page_0072,2,當,đáng,當,U+7576,char,GOLD,s1_inter_s2_direct,,0.226,65.0,131.0,67f5fa1c9c38,tall,train,stt11|page_0072|c2,"[1317, 1631, 1419, 1738]",0.0305629149079322,0.0006402280996553,-0.7202757820487022,0.0,0.0945627838373184,0.7508386969566345,True,True,True,,False,False,False,False,False,False,True,False,False,True,0.0945627838373184,True,False,2.0153846153846153,True,False,True,0.6699999999999999,head_disagree,"head-disagree,bank=0.09(p10),aspect=2.02",,b2a04220dc0d1a47,109,active_lowmargin
35520,gold/stt4_page_0090_c02_026.png,stt4,page_0090,2,連,trên,連,U+9023,char,GOLD,s1_inter_s2_direct,,0.224,56.0,85.0,394ec288ae1a,ok,train,stt4|page_0090|c2,"[852, 490, 923, 559]",0.0679188519716262,0.0006758790696039,-0.710358664393425,0.0,0.1453780680894851,0.7782775163650513,True,True,True,,False,False,False,False,False,False,True,False,False,True,0.1453780680894851,True,False,1.5178571428571428,False,False,False,0.5874999999999999,head_disagree,"head-disagree,bank=0.15(p10)",,a42b8333ef7f7801,110,active_lowmargin
15120,gold/stt2_page_0178_c04_065.png,stt2,page_0178,4,仕,sãi,仕,U+4ED5,char,GOLD,s1_inter_s2_direct,,0.197,129.0,163.0,1dd385f04587,ok,train,stt2|page_0178|c4,"[987, 1541, 1097, 1674]",-0.0033625923097133,0.000619834754616,-0.7477070055902004,0.0,-0.0188409611582756,0.7443444132804871,True,True,True,,False,False,False,False,False,False,True,False,False,True,-0.0188409611582756,True,False,1.2635658914728682,False,False,False,0.5874999999999999,head_disagree,"head-disagree,bank=-0.02(p10)",,fa570b4318aaa415,111,active_lowmargin
7422,gold/stt2_page_0090_c06_118.png,stt2,page_0090,6,特,được,特,U+7279,char,GOLD,s1_inter_s2_direct,,0.225,116.0,130.0,f99f6515dbe8,ok,train,stt2|page_0090|c6,"[664, 2083, 773, 2189]",-0.0122154094278812,0.0006074665579944,-0.7288877107203007,0.0,0.168371319770813,0.7166723012924194,True,True,True,,False,False,False,False,False,False,True,False,False,True,0.168371319770813,True,False,1.1206896551724137,False,False,False,0.5874999999999999,head_disagree,"head-disagree,bank=0.17(p10)",,828b93a7d66b6053,112,active_lowmargin
38748,gold/stt4_page_0126_c06_120.png,stt4,page_0126,6,邁,mươi,邁,U+9081,char,GOLD,s1_inter_s2_direct,,0.158,87.0,95.0,921a16baf0a4,ok,train,stt4|page_0126|c6,"[473, 820, 546, 897]",0.7417393326759338,0.0013067035470157,0.4849569499492645,1.0,0.8465926647186279,0.7417393326759338,True,True,False,,False,False,False,False,False,False,True,False,False,False,0.8465926647186279,False,False,1.0919540229885059,False,False,False,0.0,gold_direct,clean,419.05,46901e26ba356107,113,srs
35314,gold/stt4_page_0088_c01_006.png,stt4,page_0088,1,橑,lêu,撩,U+64A9,char,GOLD,s1_inter_s2_similar,0.903,0.151,82.0,107.0,5165ea8662ab,ok,test,stt4|page_0088|c1,"[962, 864, 1037, 952]",0.6131887435913086,0.0011608578497543,0.290054976940155,1.0,0.8994936347007751,0.6131887435913086,True,True,False,0.903,True,False,False,False,True,False,False,False,False,False,0.8994936347007751,False,False,1.3048780487804879,False,False,False,0.30000000000000004,similar_bridge,similar-bridge,419.05,fcacf80db3f3e014,114,srs
75789,gold/stt11_page_0232_c01_013.png,stt11,page_0232,1,時,thì,時,U+6642,char,GOLD,s1_inter_s2_direct,,0.168,97.0,137.0,0c92c36333b5,ok,train,stt11|page_0232|c1,"[1492, 1680, 1594, 1791]",-0.038619790226221,0.0005982983275316,-0.7711899019777775,0.0,0.0747729316353797,0.7325701117515564,True,True,True,,False,False,False,False,False,False,True,False,False,True,0.0747729316353797,True,False,1.4123711340206186,False,False,False,0.5874999999999999,head_disagree,"head-disagree,bank=0.07(p10)",,7bcdd76df6893065,115,active_lowmargin
52755,gold/stt4_page_0278_c02_038.png,stt4,page_0278,2,朱,cho,朱,U+6731,char,GOLD,s1_inter_s2_direct,,0.156,120.0,135.0,f4ef4f595afb,ok,train,stt4|page_0278|c2,"[1292, 1492, 1406, 1601]",-0.053772959858179,0.0005939713446423,-0.7719170190393925,0.0,0.0296796411275863,0.7181440591812134,True,True,True,,False,False,False,False,False,False,True,False,False,True,0.0296796411275863,True,False,1.125,False,False,False,0.5874999999999999,head_disagree,"head-disagree,bank=0.03(p10)",,e757b5c3dbb55415,116,active_lowmargin
78963,gold/stt11_page_0264_c03_061.png,stt11,page_0264,3,道,đạo,道,U+9053,char,GOLD,s1_inter_s2_direct,,0.155,101.0,138.0,c7c222a395e6,ok,train,stt11|page_0264|c3,"[1191, 2201, 1293, 2313]",0.7787066698074341,0.001356738503091,0.514535665512085,1.0,0.8010533452033997,0.7787066698074341,True,True,False,,False,False,False,False,False,False,True,False,False,False,0.8010533452033997,False,False,1.3663366336633664,False,False,False,0.0,gold_direct,clean,419.05,23ee407c8a940df3,117,srs
76579,gold/stt11_page_0240_c02_041.png,stt11,page_0240,2,些,ta,些,U+4E9B,char,GOLD,s1_inter_s2_direct,,0.215,71.0,115.0,ab38f3947649,ok,val,stt11|page_0240|c2,"[1315, 2047, 1421, 2148]",-0.0582609586417675,0.000589839706663,-0.7480994872748852,0.0,0.1904357075691223,0.6898385286331177,True,True,True,,False,False,False,False,False,False,True,False,False,True,0.1904357075691223,True,False,1.619718309859155,False,False,False,0.5874999999999999,head_disagree,"head-disagree,bank=0.19(p10)",,6d40667836d42685,118,active_lowmargin
35523,gold/stt4_page_0090_c02_029.png,stt4,page_0090,2,碎,tôi,碎,U+788E,char,GOLD,s1_inter_s2_direct,,0.107,62.0,84.0,06ffb785b94e,ok,train,stt4|page_0090|c2,"[852, 661, 923, 730]",0.0084282048046588,0.0006249430589377,-0.7572869174182415,0.0,0.1769283562898636,0.7657151222229004,True,True,True,,False,False,False,False,False,False,True,False,False,True,0.1769283562898636,True,False,1.3548387096774193,False,False,False,0.5874999999999999,head_disagree,"head-disagree,bank=0.18(p10)",,66e6bcc19ba8830e,119,active_lowmargin
30266,gold/stt4_page_0034_c05_096.png,stt4,page_0034,5,妃,rằng,娘,U+5A18,char,GOLD,s1_inter_s2_similar,0.818,0.169,87.0,88.0,1c66ed2764ae,ok,test,stt4|page_0034|c5,"[545, 857, 616, 929]",0.6701451539993286,0.001228082110174,0.367374837398529,1.0,0.6566170454025269,0.6701451539993286,True,True,False,0.818,True,False,False,False,True,False,False,False,False,False,0.6566170454025269,False,False,1.0114942528735633,False,False,False,0.30000000000000004,similar_bridge,similar-bridge,419.05,b48154e52732e55f,120,srs
32546,gold/stt4_page_0058_c05_103.png,stt4,page_0058,5,調,điều,調,U+8ABF,char,GOLD,s1_inter_s2_direct,,0.187,83.0,79.0,0b04f3ac7ada,ok,train,stt4|page_0058|c5,"[651, 1583, 726, 1655]",-0.067919373512268,0.0005701670888811,-0.7844046354293823,0.0,0.99337899684906,0.7164852619171143,True,True,True,,False,False,False,False,False,False,True,False,False,True,0.99337899684906,False,False,0.9518072289156626,False,False,False,0.44999999999999996,head_disagree,head-disagree,,602895c7c97e96d5,121,active_lowmargin
69398,gold/stt11_page_0162_c03_064.png,stt11,page_0162,3,欺,khi,欺,U+6B3A,char,GOLD,s1_inter_s2_direct,,0.171,123.0,142.0,665564189763,ok,val,stt11|page_0162|c3,"[1286, 2335, 1390, 2452]",0.0292717386037111,0.0006442973390221,-0.741276366636157,0.0,0.1028974205255508,0.7705481052398682,True,True,True,,False,False,False,False,False,False,True,False,False,True,0.1028974205255508,True,False,1.1544715447154472,False,False,False,0.5874999999999999,head_disagree,"head-disagree,bank=0.10(p10)",,d6de85c65af99426,122,active_lowmargin
6449,gold/stt2_page_0080_c03_052.png,stt2,page_0080,3,巴,ba,巴,U+5DF4,char,GOLD,s1_inter_s2_direct,,0.226,112.0,132.0,0720ab6b68c6,ok,test,stt2|page_0080|c3,"[1138, 1215, 1250, 1327]",-0.0273581705987453,0.0006073465920053,-0.7288763485848904,0.0,-0.0096829803660511,0.701518177986145,True,True,True,,False,False,False,False,False,False,True,False,False,True,-0.0096829803660511,True,False,1.1785714285714286,False,False,False,0.5874999999999999,head_disagree,"head-disagree,bank=-0.01(p10)",,a63079c158c92300,123,active_lowmargin
65485,gold/stt11_page_0120_c09_201.png,stt11,page_0120,9,分,phần,分,U+5206,char,GOLD,s1_inter_s2_direct,,0.126,99.0,124.0,82b84d9b87c5,ok,train,stt11|page_0120|c9,"[253, 2314, 358, 2414]",0.5715131759643555,0.0011096952948719,0.2378900647163391,1.0,0.597579300403595,0.5715131759643555,True,True,False,,False,False,False,False,False,False,True,False,False,False,0.597579300403595,False,False,1.2525252525252526,False,False,False,0.0,gold_direct,clean,419.05,210abe41bb64e202,124,srs
53659,gold/stt4_page_0286_c06_125.png,stt4,page_0286,6,没,một,没,U+6CA1,char,GOLD,s1_inter_s2_direct,,0.16,73.0,88.0,6ed48c278522,ok,train,stt4|page_0286|c6,"[484, 876, 551, 948]",0.5523667335510254,0.0010983265237882,0.2306165695190429,1.0,0.5000529885292053,0.5523667335510254,True,True,False,,False,False,False,False,False,False,True,False,False,False,0.5000529885292053,True,False,1.2054794520547945,False,False,False,0.25,gold_direct,bank=0.50(p10),419.05,e36803a865b8ea87,125,srs
37268,gold/stt4_page_0110_c03_044.png,stt4,page_0110,3,朱,cho,朱,U+6731,char,GOLD,s1_inter_s2_direct,,0.231,54.0,33.0,ef2b3dcf9486,ok,test,stt4|page_0110|c3,"[748, 325, 822, 357]",-0.0683820694684982,0.0005840141675435,-0.8101093620061874,0.0,0.0114847877994179,0.7417272925376892,True,True,True,,False,False,False,False,False,False,True,False,False,True,0.0114847877994179,True,False,0.6111111111111112,False,False,False,0.5874999999999999,head_disagree,"head-disagree,bank=0.01(p10)",,dffb19c8abea0437,126,active_lowmargin
5780,gold/stt2_page_0072_c07_131.png,stt2,page_0072,7,於,ở,於,U+65BC,char,GOLD,s1_inter_s2_direct,,0.197,123.0,134.0,74be10f5debc,ok,train,stt2|page_0072|c7,"[497, 2045, 598, 2156]",-0.0765174403786659,0.0005721218185499,-0.7741725221276283,0.0,0.0395195819437503,0.6976550817489624,True,True,True,,False,False,False,False,False,False,True,False,False,True,0.0395195819437503,True,False,1.089430894308943,False,False,False,0.5874999999999999,head_disagree,"head-disagree,bank=0.04(p10)",,4b0cd06d87fe8380,127,active_lowmargin
75000,gold/stt11_page_0220_c09_195.png,stt11,page_0220,9,時,thì,時,U+6642,char,GOLD,s1_inter_s2_direct,,0.153,101.0,126.0,2c7f580b9c15,ok,train,stt11|page_0220|c9,"[287, 2037, 370, 2139]",-0.113397404551506,0.0005517437239177,-0.8833315819501877,0.0,0.1692136824131012,0.7699341773986816,True,True,True,,False,False,False,False,False,False,True,False,False,True,0.1692136824131012,True,False,1.2475247524752475,False,False,False,0.5874999999999999,head_disagree,"head-disagree,bank=0.17(p10)",,364d7c3f943d3a42,128,active_lowmargin
52759,gold/stt4_page_0278_c02_042.png,stt4,page_0278,2,意,ấy,意,U+610F,char,GOLD,s1_inter_s2_direct,,0.145,117.0,132.0,1fea19eef4bf,ok,train,stt4|page_0278|c2,"[1292, 1854, 1406, 1962]",0.0188423097133636,0.000634346564766,-0.7233375608921051,0.0,0.1398661881685257,0.7421798706054688,True,True,True,,False,False,False,False,False,False,True,False,False,True,0.1398661881685257,True,False,1.1282051282051282,False,False,False,0.5874999999999999,head_disagree,"head-disagree,bank=0.14(p10)",419.05,37fa0d707ab6e09b,129,srs
1040,gold/stt2_page_0022_c06_107.png,stt2,page_0022,6,樞,xu,樞,U+6A1E,char,GOLD,s1_inter_s2_direct,,0.153,103.0,137.0,719723754a40,ok,train,stt2|page_0022|c6,"[672, 836, 775, 952]",0.0084230825304985,0.0006284224800765,-0.7511483505368233,0.0,0.8932576179504395,0.7595714330673218,True,True,True,,False,False,False,False,False,False,True,False,False,True,0.8932576179504395,False,False,1.3300970873786409,False,False,False,0.44999999999999996,head_disagree,head-disagree,,8cfaede9618a1694,130,active_lowmargin
76070,gold/stt11_page_0234_c06_099.png,stt11,page_0234,6,悶,muốn,悶,U+60B6,char,GOLD,s1_inter_s2_direct,,0.207,89.0,125.0,7cd49fbb999d,ok,train,stt11|page_0234|c6,"[702, 1503, 803, 1608]",-0.005059665068984,0.000614714808762,-0.7489993628114462,0.0,0.1012026965618133,0.7439396977424622,True,True,True,,False,False,False,False,False,False,True,False,False,True,0.1012026965618133,True,False,1.404494382022472,False,False,False,0.5874999999999999,head_disagree,"head-disagree,bank=0.10(p10)",,56ed3af649e7988c,131,active_lowmargin
58438,gold/stt11_page_0042_c06_042.png,stt11,page_0042,6,於,ở,於,U+65BC,char,GOLD,s1_inter_s2_direct,,0.239,108.0,132.0,ef9a8de9840d,ok,train,stt11|page_0042|c6,"[880, 955, 997, 1063]",0.6781800389289856,0.001218389137648,0.3894938826560974,1.0,0.823533833026886,0.6781800389289856,True,True,False,,False,False,False,False,False,False,True,False,False,False,0.823533833026886,False,False,1.2222222222222223,False,False,False,0.0,gold_direct,clean,419.05,ddca0b365dc976cc,132,srs
59225,gold/stt11_page_0050_c09_176.png,stt11,page_0050,9,如,như,如,U+5982,char,GOLD,s1_inter_s2_direct,,0.178,109.0,88.0,8f4b405cd404,ok,train,stt11|page_0050|c9,"[267, 516, 373, 588]",0.5797768831253052,0.0011117310496047,0.326815128326416,1.0,0.6064491868019104,0.5797768831253052,True,True,False,,False,False,False,False,False,False,True,False,False,False,0.6064491868019104,False,False,0.8073394495412844,False,False,False,0.0,gold_direct,clean,419.05,51d4d97dd5f7bb95,133,srs
52362,gold/stt4_page_0274_c01_007.png,stt4,page_0274,1,事,sự,事,U+4E8B,char,GOLD,s1_inter_s2_direct,,0.169,59.0,83.0,58872fc298b1,ok,train,stt4|page_0274|c1,"[978, 667, 1043, 740]",0.7181251645088196,0.0012806567829102,0.4412893652915954,1.0,0.8448996543884277,0.7181251645088196,True,True,False,,False,False,False,False,False,False,True,False,False,False,0.8448996543884277,False,False,1.4067796610169492,False,False,False,0.0,gold_direct,clean,419.05,a74a39d0d01314ea,134,srs
59363,gold/stt11_page_0052_c06_117.png,stt11,page_0052,6,欺,khi,欺,U+6B3A,char,GOLD,s1_inter_s2_direct,,0.319,83.0,137.0,85724e96791a,ok,train,stt11|page_0052|c6,"[700, 1131, 806, 1242]",0.0560351386666297,0.0006530887330882,-0.7116785869002342,0.0,0.2033836245536804,0.767713725566864,True,True,True,,False,False,False,False,False,False,True,False,False,True,0.2033836245536804,True,False,1.6506024096385543,False,True,True,0.649375,head_disagree,"head-disagree,bank=0.20(p10),ink-outlier",,ebf47b8ac1f1e4e2,135,active_lowmargin
18781,gold/stt2_page_0222_c05_090.png,stt2,page_0222,5,時,ngày,時,U+6642,char,GOLD,s1_inter_s2_direct,,0.25,113.0,149.0,a1a66fec9dc0,ok,train,stt2|page_0222|c5,"[802, 1815, 908, 1936]",0.6573570370674133,0.0011851869057863,0.4376711398363113,1.0,0.7675313353538513,0.6573570370674133,True,True,False,,False,False,False,False,False,False,True,False,False,False,0.7675313353538513,False,False,1.3185840707964602,False,False,False,0.0,gold_direct,clean,419.05,67d25a2ee1734560,136,srs
50059,gold/stt4_page_0248_c07_144.png,stt4,page_0248,7,翁,ông,翁,U+7FC1,char,GOLD,s1_inter_s2_direct,,0.163,54.0,36.0,3fd706f494d2,ok,train,stt4|page_0248|c7,"[399, 1458, 464, 1488]",-0.0970635637640953,0.0005576605326496,-0.7334973439574242,0.0,0.018278194591403,0.6364337801933289,True,True,True,,False,False,False,False,False,False,True,False,False,True,0.018278194591403,True,False,0.6666666666666666,False,False,False,0.5874999999999999,head_disagree,"head-disagree,bank=0.02(p10)",,5830dda2d4c1d153,137,active_lowmargin
5778,gold/stt2_page_0072_c07_129.png,stt2,page_0072,7,本,bốn,本,U+672C,char,GOLD,s1_inter_s2_direct,,0.184,121.0,133.0,2fc2297f4701,ok,train,stt2|page_0072|c7,"[498, 1854, 597, 1966]",-0.023225987330079,0.0006048983195796,-0.7182547692209482,0.0,0.091660127043724,0.6950287818908691,True,True,True,,False,False,False,False,False,False,True,False,False,True,0.091660127043724,True,False,1.0991735537190082,False,False,False,0.5874999999999999,head_disagree,"head-disagree,bank=0.09(p10)",,4bc4d56d3d78d448,138,active_lowmargin
14575,gold/stt2_page_0172_c02_033.png,stt2,page_0172,2,些,ta,些,U+4E9B,char,GOLD,s1_inter_s2_direct,,0.269,108.0,154.0,ca97f821937a,ok,train,stt2|page_0172|c2,"[1289, 1970, 1392, 2100]",0.7187690734863281,0.0012754930648952,0.51823890209198,1.0,0.9240868091583252,0.7187690734863281,True,True,False,,False,False,False,False,False,False,True,False,False,False,0.9240868091583252,False,False,1.4259259259259258,False,False,False,0.0,gold_direct,clean,419.05,5bff919350d1f517,139,srs
56119,gold/stt11_page_0016_c03_058.png,stt11,page_0016,3,体,thế,体,U+4F53,char,GOLD,s1_inter_s2_direct,,0.163,99.0,133.0,fdaf72e08dfb,ok,train,stt11|page_0016|c3,"[1201, 1806, 1303, 1922]",0.6131970882415771,0.0011567856417968,0.3078042864799499,1.0,0.7138682007789612,0.6131970882415771,True,True,False,,False,False,False,False,False,False,True,False,False,False,0.7138682007789612,False,False,1.3434343434343434,False,False,False,0.0,gold_direct,clean,419.05,947f6df4df093127,140,srs
65426,gold/stt11_page_0120_c07_142.png,stt11,page_0120,7,离,le,离,U+79BB,char,GOLD,s1_inter_s2_direct,,0.199,70.0,123.0,17f1e086e10b,ok,train,stt11|page_0120|c7,"[551, 937, 654, 1045]",0.7233004570007324,0.0012818874092772,0.4208934307098388,1.0,0.7728486061096191,0.7233004570007324,True,True,False,,False,False,False,False,False,False,True,False,False,False,0.7728486061096191,False,False,1.7571428571428571,False,False,False,0.0,gold_direct,clean,419.05,b78d9f201af2dd97,141,srs
29656,gold/stt4_page_0026_c08_173.png,stt4,page_0026,8,共,cùng,共,U+5171,char,GOLD,s1_inter_s2_direct,,0.171,81.0,75.0,29ad7f3c7b64,ok,train,stt4|page_0026|c8,"[270, 1570, 340, 1639]",0.6785377264022827,0.0012176088057458,0.3722609877586365,1.0,0.7901851534843445,0.6785377264022827,True,True,False,,False,False,False,False,False,False,True,False,False,False,0.7901851534843445,False,False,0.9259259259259259,False,False,False,0.0,gold_direct,clean,419.05,2321708b8bc327b9,142,srs
33324,gold/stt4_page_0066_c06_113.png,stt4,page_0066,6,德,đức,德,U+5FB7,char,GOLD,s1_inter_s2_direct,,0.213,74.0,84.0,fc2a9aaad1e3,ok,train,stt4|page_0066|c6,"[483, 311, 553, 383]",0.0204539075493812,0.0006324445130303,-0.7171884998679161,0.0,0.5991284847259521,0.7376424074172974,True,True,True,,False,False,False,False,False,False,True,False,False,True,0.5991284847259521,False,False,1.135135135135135,False,False,False,0.44999999999999996,head_disagree,head-disagree,,6e71ae1ef767ec15,143,active_lowmargin
45588,gold/stt4_page_0200_c08_150.png,stt4,page_0200,8,主,chủ,主,U+4E3B,char,GOLD,s1_inter_s2_direct,,0.103,75.0,86.0,bede2e261043,ok,val,stt4|page_0200|c8,"[305, 1328, 371, 1402]",0.5720503330230713,0.0011031412286683,0.2351277768611908,1.0,0.5294551849365234,0.5720503330230713,True,True,False,,False,False,False,False,False,False,True,False,False,False,0.5294551849365234,False,False,1.1466666666666667,False,False,False,0.0,gold_direct,clean,419.05,90b8dc20ce80a6ad,144,srs
23783,gold/stt2_page_0280_c05_104.png,stt2,page_0280,5,朱,cho,朱,U+6731,char,GOLD,s1_inter_s2_direct,,0.162,140.0,145.0,d2e1f56b6dab,ok,train,stt2|page_0280|c5,"[842, 2056, 956, 2173]",0.5082824230194092,0.0010345346527174,0.1084401607513427,1.0,0.4615600705146789,0.5082824230194092,True,True,False,,False,False,False,False,False,False,True,False,False,False,0.4615600705146789,True,False,1.0357142857142858,False,False,False,0.25,gold_direct,bank=0.46(p10),419.05,7f6b7753f7e14373,145,srs
56860,gold/stt11_page_0024_c02_026.png,stt11,page_0024,2,麻,mà,麻,U+9EBB,char,GOLD,s1_inter_s2_direct,,0.146,97.0,137.0,3c06c59925df,ok,train,stt11|page_0024|c2,"[1319, 691, 1425, 803]",0.7006579637527466,0.001238647615537,0.4888947606086731,1.0,0.8984307050704956,0.7006579637527466,True,True,False,,False,False,False,False,False,False,True,False,False,False,0.8984307050704956,False,False,1.4123711340206186,False,False,False,0.0,gold_direct,clean,419.05,df12eaaed8f65d9d,146,srs
32703,gold/stt4_page_0060_c04_074.png,stt4,page_0060,4,芸,nghề,芸,U+82B8,char,GOLD,s1_inter_s2_direct,,0.141,84.0,104.0,8c2012377eb3,ok,train,stt4|page_0060|c4,"[649, 1066, 725, 1161]",0.4979162216186523,0.0010353351244702,0.2402850985527038,1.0,0.7594285011291504,0.4979162216186523,True,True,False,,False,False,False,False,False,False,True,False,False,False,0.7594285011291504,False,False,1.2380952380952381,False,False,False,0.0,gold_direct,clean,419.05,429d6caaf04ab5ff,147,srs
565,gold/stt2_page_0018_c01_016.png,stt2,page_0018,1,吏,lại,吏,U+540F,char,GOLD,s1_inter_s2_direct,,0.138,114.0,135.0,61b3b66f2dc1,ok,train,stt2|page_0018|c1,"[1447, 1900, 1546, 2015]",0.5443415641784668,0.0010668630711734,0.2360643148422241,1.0,0.9695218801498412,0.5443415641784668,True,True,False,,False,False,False,False,False,False,True,False,False,False,0.9695218801498412,False,False,1.1842105263157894,False,False,False,0.0,gold_direct,clean,419.05,8ddb34e1dacbfc7b,148,srs
62820,gold/stt11_page_0092_c08_148.png,stt11,page_0092,8,孟,mạnh,孟,U+5B5F,char,GOLD,s1_inter_s2_direct,,0.167,95.0,125.0,1285e74e7881,ok,test,stt11|page_0092|c8,"[407, 1881, 513, 2003]",0.6934421062469482,0.0012494835536926,0.3992436528205871,1.0,0.8063812851905823,0.6934421062469482,True,True,False,,False,False,False,False,False,False,True,False,False,False,0.8063812851905823,False,False,1.3157894736842106,False,False,False,0.0,gold_direct,clean,419.05,56680aae3a144ba9,149,srs
64684,gold/stt11_page_0112_c08_164.png,stt11,page_0112,8,体,thấy,体,U+4F53,char,GOLD,s1_inter_s2_direct,,0.223,99.0,139.0,95d259ec9cf5,ok,test,stt11|page_0112|c8,"[414, 1552, 528, 1676]",-0.023606875911355,0.0006118159508332,-0.7216108236461878,0.0,0.1461411863565445,0.6980039477348328,True,True,True,,False,False,False,False,False,False,True,False,False,True,0.1461411863565445,True,False,1.404040404040404,False,False,False,0.5874999999999999,head_disagree,"head-disagree,bank=0.15(p10)",,aec685355bdff75e,150,active_lowmargin
17024,gold/stt2_page_0200_c09_164.png,stt2,page_0200,9,遣,khiến,遣,U+9063,char,GOLD,s1_inter_s2_direct,,0.192,128.0,158.0,5acfe79a971e,ok,train,stt2|page_0200|c9,"[205, 1212, 309, 1340]",0.7261444330215454,0.0012905738549306,0.4937562644481659,1.0,0.8837388157844543,0.7261444330215454,True,True,False,,False,False,False,False,False,False,True,False,False,False,0.8837388157844543,False,False,1.234375,False,False,False,0.0,gold_direct,clean,419.05,9d6d2f8430eb48ea,151,srs
15819,gold/stt2_page_0186_c06_097.png,stt2,page_0186,6,廪,lắm,廪,U+5EEA,char,GOLD,s1_inter_s2_direct,,0.239,131.0,150.0,26a8af89cd0a,ok,val,stt2|page_0186|c6,"[635, 790, 748, 912]",-0.0842742472887039,0.000570910051465,-0.8156204968690872,0.0,0.0461388528347015,0.7313462495803833,True,True,True,,False,False,False,False,False,False,True,False,False,True,0.0461388528347015,True,False,1.1450381679389312,False,False,False,0.5874999999999999,head_disagree,"head-disagree,bank=0.05(p10)",,995ff50ec1553b90,152,active_lowmargin
53390,gold/stt4_page_0284_c03_056.png,stt4,page_0284,3,乃,nãy,乃,U+4E43,char,GOLD,s1_inter_s2_direct,,0.188,73.0,93.0,f91fd31a8067,ok,train,stt4|page_0284|c3,"[752, 905, 822, 983]",0.5034885406494141,0.0010271203937008,0.1469984352588653,1.0,0.4674836993217468,0.5034885406494141,True,True,False,,False,False,False,False,False,False,True,False,False,False,0.4674836993217468,True,False,1.273972602739726,False,False,False,0.25,gold_direct,bank=0.47(p10),419.05,277c7c567a601a34,153,srs
52744,gold/stt4_page_0278_c02_027.png,stt4,page_0278,2,扒,bắt,扒,U+6252,char,GOLD,s1_inter_s2_direct,,0.138,123.0,119.0,81a402361519,ok,train,stt4|page_0278|c2,"[1289, 484, 1399, 594]",0.7008525133132935,0.0012612462742254,0.4549011588096618,1.0,0.7251629829406738,0.7008525133132935,True,True,False,,False,False,False,False,False,False,True,False,False,False,0.7251629829406738,False,False,0.967479674796748,False,False,False,0.0,gold_direct,clean,419.05,02d15d22095a6bfe,154,srs
20580,gold/stt2_page_0242_c09_160.png,stt2,page_0242,9,困,khốn,困,U+56F0,char,GOLD,s1_inter_s2_direct,,0.189,134.0,163.0,d02fbbbe9bdd,ok,train,stt2|page_0242|c9,"[243, 1899, 363, 2045]",0.6305927038192749,0.0011979781556874,0.347808688879013,1.0,0.6728519201278687,0.6305927038192749,True,True,False,,False,False,False,False,False,False,True,False,False,False,0.6728519201278687,False,False,1.2164179104477613,False,False,False,0.0,gold_direct,clean,419.05,0f4016a6f3ca3d38,155,srs
29416,gold/stt4_page_0024_c07_129.png,stt4,page_0024,7,朱,cho,朱,U+6731,char,GOLD,s1_inter_s2_direct,,0.169,54.0,29.0,de8bb682bd6f,ok,train,stt4|page_0024|c7,"[382, 268, 454, 298]",-0.024805799126625,0.000607389898505,-0.7300199419260025,0.0,0.0341974794864654,0.7052141427993774,True,True,True,,False,False,False,False,False,False,True,False,False,True,0.0341974794864654,True,False,0.5370370370370371,True,False,True,0.6699999999999999,head_disagree,"head-disagree,bank=0.03(p10),aspect=0.54",,895c2fdd313ca12f,156,active_lowmargin
47151,gold/stt4_page_0218_c03_049.png,stt4,page_0218,3,重,trọng,重,U+91CD,char,GOLD,s1_inter_s2_direct,,0.185,101.0,97.0,85967a49d539,ok,train,stt4|page_0218|c3,"[745, 938, 828, 1021]",-0.0594520159065723,0.0006049365038052,-0.7144585438072681,0.0,0.0617702230811119,0.6550065279006958,True,True,True,,False,False,False,False,False,False,True,False,False,True,0.0617702230811119,True,False,0.9603960396039604,False,False,False,0.5874999999999999,head_disagree,"head-disagree,bank=0.06(p10)",,2b20eb93f7a8ec87,157,active_lowmargin
28603,gold/stt4_page_0016_c04_080.png,stt4,page_0016,4,体,thấy,体,U+4F53,char,GOLD,s1_inter_s2_direct,,0.081,88.0,89.0,69770a5f1d0d,ok,train,stt4|page_0016|c4,"[722, 1099, 794, 1175]",0.6222996115684509,0.0011731970589607,0.2345791459083557,1.0,0.4597804546356201,0.6222996115684509,True,True,False,,False,False,False,False,False,False,True,False,False,False,0.4597804546356201,True,False,1.0113636363636365,False,True,True,0.36250000000000004,quality_flag,"bank=0.46(p10),ink-outlier",419.05,4757e262239e3ac0,158,srs
65927,gold/stt11_page_0126_c04_069.png,stt11,page_0126,4,翁,ông,翁,U+7FC1,char,GOLD,s1_inter_s2_direct,,0.179,106.0,129.0,abc0e69e2d3d,ok,train,stt11|page_0126|c4,"[1042, 1188, 1141, 1293]",-0.0116330347955226,0.000610637362115,-0.7269888482987881,0.0,0.6765767931938171,0.7153558135032654,True,True,True,,False,False,False,False,False,False,True,False,False,True,0.6765767931938171,False,False,1.2169811320754718,False,False,False,0.44999999999999996,head_disagree,head-disagree,,531f2beb8421d444,159,active_lowmargin
74321,gold/stt11_page_0214_c05_100.png,stt11,page_0214,5,謹,kín,謹,U+8B39,char,GOLD,s1_inter_s2_direct,,0.216,103.0,127.0,4b2c5268c47f,ok,train,stt11|page_0214|c5,"[830, 1985, 937, 2108]",0.5776641964912415,0.0011148194316774,0.2663595378398895,1.0,0.6628058552742004,0.5776641964912415,True,True,False,,False,False,False,False,False,False,True,False,False,False,0.6628058552742004,False,False,1.233009708737864,False,False,False,0.0,gold_direct,clean,419.05,a9c8a4a404343cae,160,srs
33965,gold/stt4_page_0074_c01_013.png,stt4,page_0074,1,磋,xây,磋,U+78CB,char,GOLD,s1_inter_s2_direct,,0.143,72.0,94.0,43be2a48a169,ok,train,stt4|page_0074|c1,"[948, 1064, 1015, 1141]",-0.0251073539257049,0.0006017849664203,-0.7827845513820648,0.0,0.0747706964612007,0.7576771974563599,True,True,True,,False,False,False,False,False,False,True,False,False,True,0.0747706964612007,True,False,1.3055555555555556,False,False,False,0.5874999999999999,head_disagree,"head-disagree,bank=0.07(p10)",,7f6e08bd72d2a58f,161,active_lowmargin
44564,gold/stt4_page_0190_c01_016.png,stt4,page_0190,1,屯,đã,拖,U+62D6,char,GOLD,s1_inter_s2_similar,0.909,0.147,75.0,97.0,b9f1f4cf9a03,ok,test,stt4|page_0190|c1,"[962, 1263, 1030, 1342]",0.3830819725990295,0.0009116522269323,-0.1540802717208862,0.0,0.9010391235351562,0.5371622443199158,True,True,True,0.909,True,False,False,False,True,False,False,False,False,True,0.9010391235351562,False,False,1.2933333333333332,False,False,False,0.615,head_disagree,"similar-bridge,head-disagree",419.05,681529ff81c7fcfd,162,srs
32986,gold/stt4_page_0062_c08_167.png,stt4,page_0062,8,衛,về,衛,U+885B,char,GOLD,s1_inter_s2_direct,,0.158,87.0,97.0,efb148f3a015,ok,train,stt4|page_0062|c8,"[268, 1129, 339, 1209]",-0.0663617849349975,0.0005788492271676,-0.8298970460891724,0.0,0.0434811525046825,0.7635352611541748,True,True,True,,False,False,False,False,False,False,True,False,False,True,0.0434811525046825,True,False,1.1149425287356323,False,False,False,0.5874999999999999,head_disagree,"head-disagree,bank=0.04(p10)",,383f5ac7cf17c928,163,active_lowmargin
42948,gold/stt4_page_0170_c09_179.png,stt4,page_0170,9,除,chừa,除,U+9664,char,GOLD,s1_inter_s2_direct,,0.148,81.0,88.0,c3293de2dea8,ok,train,stt4|page_0170|c9,"[214, 796, 287, 872]",-0.0776691660284996,0.0005769613198935,-0.8246715292334557,0.0,0.0325873419642448,0.747002363204956,True,True,True,,False,False,False,False,False,False,True,False,False,True,0.0325873419642448,True,False,1.0864197530864197,False,False,False,0.5874999999999999,head_disagree,"head-disagree,bank=0.03(p10)",,c9d479bcc1f3e616,164,active_lowmargin
34066,gold/stt4_page_0074_c06_114.png,stt4,page_0074,6,罢,thánh,聖,U+8056,char,GOLD,s1_inter_s2_similar,0.926,0.152,84.0,71.0,dd19e2e5e274,ok,train,stt4|page_0074|c6,"[469, 1389, 537, 1463]",0.032645646482706,0.0006513328989967,-0.7030040584504604,0.0,0.1523036211729049,0.7356497049331665,True,True,True,0.926,True,False,False,False,True,False,False,False,False,True,0.1523036211729049,True,False,0.8452380952380952,False,False,False,0.7112499999999999,head_disagree,"similar-bridge,head-disagree,bank=0.15(p10)",,b60a8e562f573b73,165,active_lowmargin
71892,gold/stt11_page_0188_c07_143.png,stt11,page_0188,7,寺,lòng,弄,U+5F04,char,GOLD,s1_inter_s2_similar,0.966,0.116,82.0,147.0,23c7149c336c,ok,train,stt11|page_0188|c7,"[571, 1832, 676, 1951]",0.7646324038505554,0.001344004063867,0.5105467140674591,1.0,0.7867327332496643,0.7646324038505554,True,True,False,0.966,True,False,False,False,True,False,False,False,False,False,0.7867327332496643,False,False,1.7926829268292683,False,False,False,0.30000000000000004,similar_bridge,similar-bridge,419.05,03cf1d1ee07f678b,166,srs
62840,gold/stt11_page_0092_c09_168.png,stt11,page_0092,9,時,thì,時,U+6642,char,GOLD,s1_inter_s2_direct,,0.151,91.0,140.0,0511b4f2aad4,ok,train,stt11|page_0092|c9,"[273, 1951, 368, 2073]",0.6866258382797241,0.0012181394267827,0.4542917460203171,1.0,0.8606082201004028,0.6866258382797241,True,True,False,,False,False,False,False,False,False,True,False,False,False,0.8606082201004028,False,False,1.5384615384615385,False,False,False,0.0,gold_direct,clean,419.05,1f6a00519fcc2c2f,167,srs
65449,gold/stt11_page_0120_c08_165.png,stt11,page_0120,8,時,thì,時,U+6642,char,GOLD,s1_inter_s2_direct,,0.181,110.0,128.0,1257fe0e82df,ok,train,stt11|page_0120|c8,"[402, 971, 504, 1089]",0.6548645496368408,0.0011858091456815,0.4452681839466095,1.0,0.880233645439148,0.6548645496368408,True,True,False,,False,False,False,False,False,False,True,False,False,False,0.880233645439148,False,False,1.1636363636363636,False,False,False,0.0,gold_direct,clean,419.05,49db180e3b822e7a,168,srs
27793,gold/stt2_page_0326_c09_166.png,stt2,page_0326,9,强,càng,强,U+5F3A,char,GOLD,s1_inter_s2_direct,,0.243,95.0,146.0,74e2aacbd090,ok,train,stt2|page_0326|c9,"[214, 1571, 316, 1692]",0.7624920606613159,0.0013632357586175,0.4669120907783508,1.0,0.6386417746543884,0.7624920606613159,True,True,False,,False,False,False,False,False,False,True,False,False,False,0.6386417746543884,False,False,1.5368421052631578,False,False,False,0.0,gold_direct,clean,419.05,bfda11350986414d,169,srs
50875,gold/stt4_page_0258_c02_033.png,stt4,page_0258,2,意,ấy,意,U+610F,char,GOLD,s1_inter_s2_direct,,0.187,63.0,93.0,c61c62d0e79f,ok,train,stt4|page_0258|c2,"[861, 892, 925, 967]",0.6451345682144165,0.0011854141484946,0.3721224963665008,1.0,0.8118076324462891,0.6451345682144165,True,True,False,,False,False,False,False,False,False,True,False,False,False,0.8118076324462891,False,False,1.4761904761904763,False,False,False,0.0,gold_direct,clean,419.05,1680fbc222bd46c0,170,srs
28986,gold/stt4_page_0020_c05_096.png,stt4,page_0020,5,挼,nối,挼,U+633C,char,GOLD,s1_inter_s2_direct,,0.161,77.0,88.0,b0110b9bb9bd,ok,test,stt4|page_0020|c5,"[585, 918, 662, 990]",0.668326735496521,0.0012166657252237,0.375129759311676,1.0,0.8075039386749268,0.668326735496521,True,True,False,,False,False,False,False,False,False,True,False,False,False,0.8075039386749268,False,False,1.1428571428571428,False,False,False,0.0,gold_direct,clean,419.05,0eabba14913dc861,171,srs
50215,gold/stt4_page_0250_c06_112.png,stt4,page_0250,6,代,dạy,代,U+4EE3,char,GOLD,s1_inter_s2_direct,,0.145,70.0,88.0,e18ef1a4f6f0,ok,train,stt4|page_0250|c6,"[468, 1121, 536, 1193]",-0.1061729565262794,0.0005592176457867,-0.8040049448609352,0.0,0.0279658082872629,0.6978319883346558,True,True,True,,False,False,False,False,False,False,True,False,False,True,0.0279658082872629,True,False,1.2571428571428571,False,False,False,0.5874999999999999,head_disagree,"head-disagree,bank=0.03(p10)",,135feb51be8762a3,172,active_lowmargin
60441,gold/stt11_page_0064_c03_050.png,stt11,page_0064,3,罪,tội,罪,U+7F6A,char,GOLD,s1_inter_s2_direct,,0.163,102.0,138.0,8651fcc98c1d,ok,train,stt11|page_0064|c3,"[1231, 1174, 1333, 1286]",0.6815981268882751,0.0012275150511413,0.4068860411643982,1.0,0.7935295104980469,0.6815981268882751,True,True,False,,False,False,False,False,False,False,True,False,False,False,0.7935295104980469,False,False,1.3529411764705883,False,False,False,0.0,gold_direct,clean,419.05,841cab8b2554fbd6,173,srs
1702,gold/stt2_page_0030_c01_014.png,stt2,page_0030,1,衣,ấy,衣,U+8863,char,GOLD,s1_inter_s2_direct,,0.134,86.0,128.0,183826f4d83e,ok,train,stt2|page_0030|c1,"[1431, 1827, 1515, 1933]",0.750903844833374,0.0013215782819315,0.5031743049621582,1.0,0.8725817203521729,0.750903844833374,True,True,False,,False,False,False,False,False,False,True,False,False,False,0.8725817203521729,False,False,1.4883720930232558,False,False,False,0.0,gold_direct,clean,419.05,364d05ac8182c579,174,srs
67963,gold/stt11_page_0146_c09_200.png,stt11,page_0146,9,包,bao,包,U+5305,char,GOLD,s1_inter_s2_direct,,0.12,87.0,118.0,dd7c166737ef,ok,train,stt11|page_0146|c9,"[236, 2173, 334, 2287]",0.7611079216003418,0.0013239617692306,0.5246298313140869,1.0,0.7919135093688965,0.7611079216003418,True,True,False,,False,False,False,False,False,False,True,False,False,False,0.7919135093688965,False,False,1.3563218390804597,False,False,False,0.0,gold_direct,clean,419.05,98b13949a73207a5,175,srs
51989,gold/stt4_page_0270_c02_033.png,stt4,page_0270,2,世,thế,世,U+4E16,char,GOLD,s1_inter_s2_direct,,0.184,48.0,87.0,49377215c53f,tall,train,stt4|page_0270|c2,"[867, 950, 930, 1026]",-0.0256180521100759,0.0006045073387213,-0.7031261082738638,0.0,0.0581954196095466,0.6775080561637878,True,True,True,,False,False,False,False,False,False,True,False,False,True,0.0581954196095466,True,False,1.8125,True,False,True,0.6699999999999999,head_disagree,"head-disagree,bank=0.06(p10),aspect=1.81",,1ce2988075af7587,176,active_lowmargin
31837,gold/stt4_page_0050_c07_118.png,stt4,page_0050,7,意,ấy,意,U+610F,char,GOLD,s1_inter_s2_direct,,0.154,86.0,98.0,20b8f6917930,ok,train,stt4|page_0050|c7,"[371, 976, 441, 1056]",0.6561917066574097,0.0011964202858507,0.4431935250759125,1.0,0.8075849413871765,0.6561917066574097,True,True,False,,False,False,False,False,False,False,True,False,False,False,0.8075849413871765,False,False,1.1395348837209303,False,False,False,0.0,gold_direct,clean,419.05,e19a97752e03e15b,177,srs
42961,gold/stt4_page_0170_c09_192.png,stt4,page_0170,9,固,có,固,U+56FA,char,GOLD,s1_inter_s2_direct,,0.114,88.0,80.0,be7e85464f92,ok,train,stt4|page_0170|c9,"[273, 1581, 345, 1656]",-0.0235012974590063,0.0006057257414795,-0.7357635106891394,0.0,0.1074254810810089,0.7122622132301331,True,True,True,,False,False,False,False,False,False,True,False,False,True,0.1074254810810089,True,False,0.9090909090909091,False,False,False,0.5874999999999999,head_disagree,"head-disagree,bank=0.11(p10)",,700bec7d64811933,178,active_lowmargin
50367,gold/stt4_page_0252_c04_071.png,stt4,page_0252,4,之,chi,之,U+4E4B,char,GOLD,s1_inter_s2_direct,,0.146,75.0,88.0,43facacbc2de,ok,train,stt4|page_0252|c4,"[667, 346, 735, 418]",0.7007609605789185,0.0012718808138743,0.4448719024658203,1.0,0.7381767630577087,0.7007609605789185,True,True,False,,False,False,False,False,False,False,True,False,False,False,0.7381767630577087,False,False,1.1733333333333333,False,False,False,0.0,gold_direct,clean,419.05,016fb821a539dbff,179,srs
20711,gold/stt2_page_0244_c07_128.png,stt2,page_0244,7,德,đức,德,U+5FB7,char,GOLD,s1_inter_s2_direct,,0.183,127.0,154.0,0972184e3ee2,ok,train,stt2|page_0244|c7,"[556, 1481, 665, 1607]",0.0120825991034507,0.0006289400625973,-0.7043449059128761,0.0,0.5331333875656128,0.7164275050163269,True,True,True,,False,False,False,False,False,False,True,False,False,True,0.5331333875656128,False,False,1.2125984251968505,False,False,False,0.44999999999999996,head_disagree,head-disagree,,b0d566a4f1ae3cc2,180,active_lowmargin
75188,gold/stt11_page_0222_c09_184.png,stt11,page_0222,9,召,chịu,召,U+53EC,char,GOLD,s1_inter_s2_direct,,0.14,61.0,138.0,3152b795cb9f,tall,train,stt11|page_0222|c9,"[294, 1376, 392, 1488]",0.7266126871109009,0.0012993167620152,0.4876483231782913,1.0,0.7094612717628479,0.7266126871109009,True,True,False,,False,False,False,False,False,False,True,False,False,False,0.7094612717628479,False,False,2.262295081967213,True,False,True,0.19999999999999996,quality_flag,aspect=2.26,419.05,ae96a36cb4ce1dd7,181,srs
27350,gold/stt2_page_0322_c04_068.png,stt2,page_0322,4,死,tử,死,U+6B7B,char,GOLD,s1_inter_s2_direct,,0.169,108.0,121.0,f1734e6b326c,ok,val,stt2|page_0322|c4,"[988, 1388, 1099, 1499]",-0.0787328407168388,0.0005736913881264,-0.7828340455889702,0.0,0.0174858663231134,0.7041012048721313,True,True,True,,False,False,False,False,False,False,True,False,False,True,0.0174858663231134,True,False,1.1203703703703705,False,False,False,0.5874999999999999,head_disagree,"head-disagree,bank=0.02(p10)",,7b2713edff9712f8,182,active_lowmargin
79290,gold/stt11_page_0268_c02_029.png,stt11,page_0268,2,事,sự,事,U+4E8B,char,GOLD,s1_inter_s2_direct,,0.199,92.0,142.0,d9f3717aa7eb,ok,train,stt11|page_0268|c2,"[1333, 1208, 1433, 1324]",0.6380784511566162,0.0011829974828287,0.3707544803619385,1.0,0.59579998254776,0.6380784511566162,True,True,False,,False,False,False,False,False,False,True,False,False,False,0.59579998254776,False,False,1.5434782608695652,False,False,False,0.0,gold_direct,clean,419.05,72d87428c5f8e6cd,183,srs
23521,gold/stt2_page_0278_c02_022.png,stt2,page_0278,2,旦,đến,旦,U+65E6,char,GOLD,s1_inter_s2_direct,,0.193,129.0,118.0,bbba47004c8f,ok,train,stt2|page_0278|c2,"[1275, 986, 1390, 1109]",0.0336891077458858,0.0006416169926524,-0.7287637926638126,0.0,0.0330502577126026,0.7624529004096985,True,True,True,,False,False,False,False,False,False,True,False,False,True,0.0330502577126026,True,False,0.9147286821705426,False,False,False,0.5874999999999999,head_disagree,"head-disagree,bank=0.03(p10)",,ea153a1a67c666d9,184,active_lowmargin
79407,gold/stt11_page_0268_c07_146.png,stt11,page_0268,7,碎,tôi,碎,U+788E,char,GOLD,s1_inter_s2_direct,,0.161,98.0,130.0,36254a41a243,ok,train,stt11|page_0268|c7,"[573, 1829, 676, 1942]",-0.0452731102705001,0.000595225370489,-0.7838584035634995,0.0,-0.0085268374532461,0.7385852932929993,True,True,True,,False,False,False,False,False,False,True,False,False,True,-0.0085268374532461,True,False,1.3265306122448979,False,False,False,0.5874999999999999,head_disagree,"head-disagree,bank=-0.01(p10)",,1c91f0b55ac1bbdc,185,active_lowmargin
73943,gold/stt11_page_0210_c04_076.png,stt11,page_0210,4,事,sự,事,U+4E8B,char,GOLD,s1_inter_s2_direct,,0.08,124.0,131.0,2900bedd6ce7,ok,train,stt11|page_0210|c4,"[1159, 1552, 1259, 1669]",0.6847074031829834,0.0012494837865233,0.4211945533752441,1.0,0.7176398634910583,0.6847074031829834,True,True,False,,False,False,False,False,False,False,True,False,False,False,0.7176398634910583,False,False,1.0564516129032258,False,True,True,0.15000000000000002,quality_flag,ink-outlier,419.05,94ce145b4c7a4a1f,186,srs
25708,gold/stt2_page_0302_c07_129.png,stt2,page_0302,7,祝,chốc,祝,U+795D,char,GOLD,s1_inter_s2_direct,,0.207,119.0,153.0,27e9ba77d0ef,ok,train,stt2|page_0302|c7,"[531, 1972, 646, 2097]",0.732727587223053,0.0013020551996305,0.409410297870636,1.0,0.7575909495353699,0.732727587223053,True,True,False,,False,False,False,False,False,False,True,False,False,False,0.7575909495353699,False,False,1.2857142857142858,False,False,False,0.0,gold_direct,clean,419.05,484d1b60cc977191,187,srs
8073,gold/stt2_page_0096_c08_163.png,stt2,page_0096,8,天,thiên,天,U+5929,char,GOLD,s1_inter_s2_direct,,0.195,106.0,125.0,6086cc53fae1,ok,test,stt2|page_0096|c8,"[383, 1456, 475, 1561]",-0.1205173581838607,0.0005596640985459,-0.7653560489416122,0.0,0.0344679281115531,0.6448386907577515,True,True,True,,False,False,False,False,False,False,True,False,False,True,0.0344679281115531,True,False,1.179245283018868,False,False,False,0.5874999999999999,head_disagree,"head-disagree,bank=0.03(p10)",,e7638a85dd8acde7,188,active_lowmargin
68595,gold/stt11_page_0154_c03_045.png,stt11,page_0154,3,其,cùng,其,U+5176,char,GOLD,s1_inter_s2_direct,,0.188,113.0,136.0,40185cf3b617,ok,train,stt11|page_0154|c3,"[1114, 453, 1224, 566]",-0.107793428003788,0.0005516374949365,-0.8502533212304115,0.0,0.4068954586982727,0.7424598932266235,True,True,True,,False,False,False,False,False,False,True,False,False,True,0.4068954586982727,True,False,1.2035398230088497,False,False,False,0.5874999999999999,head_disagree,"head-disagree,bank=0.41(p10)",,e6783d30e740998b,189,active_lowmargin
47226,gold/stt4_page_0218_c07_124.png,stt4,page_0218,7,唐,đường,唐,U+5510,char,GOLD,s1_inter_s2_direct,,0.225,97.0,105.0,e3c604780ad8,ok,train,stt4|page_0218|c7,"[368, 595, 447, 680]",-0.0827729254961013,0.0005824731197208,-0.842060998082161,0.0,0.0447056554257869,0.7592880725860596,True,True,True,,False,False,False,False,False,False,True,False,False,True,0.0447056554257869,True,False,1.0824742268041236,False,False,False,0.5874999999999999,head_disagree,"head-disagree,bank=0.04(p10)",,30b3a52c4eb13b6f,190,active_lowmargin
71382,gold/stt11_page_0184_c01_007.png,stt11,page_0184,1,塊,khỏi,塊,U+584A,char,GOLD,s1_inter_s2_direct,,0.122,131.0,131.0,b39e83b3f72e,ok,train,stt11|page_0184|c1,"[1482, 1083, 1589, 1202]",0.7366134524345398,0.0013124243123456,0.4804510474205017,1.0,0.7972180843353271,0.7366134524345398,True,True,False,,False,False,False,False,False,False,True,False,False,False,0.7972180843353271,False,False,1.0,False,False,False,0.0,gold_direct,clean,419.05,7b3932910c583159,191,srs
29409,gold/stt4_page_0024_c06_122.png,stt4,page_0024,6,襖,áo,襖,U+8956,char,GOLD,s1_inter_s2_direct,,0.146,71.0,94.0,116ec0ee3d15,ok,train,stt4|page_0024|c6,"[482, 1201, 553, 1283]",0.3859121799468994,0.0009289351874031,0.0758467316627502,1.0,0.3921311795711517,0.3859121799468994,True,True,False,,False,False,False,False,False,False,True,False,False,False,0.3921311795711517,True,False,1.323943661971831,False,False,False,0.25,gold_direct,bank=0.39(p10),419.05,92091301b9454741,192,srs
37836,gold/stt4_page_0116_c05_108.png,stt4,page_0116,5,丐,cái,丐,U+4E10,char,GOLD,s1_inter_s2_direct,,0.115,73.0,98.0,fa9f8bb6a6f1,ok,train,stt4|page_0116|c5,"[556, 1509, 623, 1589]",0.7392618656158447,0.0013269723858684,0.4591656029224396,1.0,0.9037786722183228,0.7392618656158447,True,True,False,,False,False,False,False,False,False,True,False,False,False,0.9037786722183228,False,False,1.3424657534246576,False,False,False,0.0,gold_direct,clean,419.05,9d4a9c69546e586b,193,srs
59641,gold/stt11_page_0056_c01_002.png,stt11,page_0056,1,几,kẻ,几,U+51E0,char,GOLD,s1_inter_s2_direct,,0.169,99.0,122.0,01fe52e74840,ok,val,stt11|page_0056|c1,"[1488, 645, 1598, 764]",0.6234678030014038,0.0011395619949325,0.3641974627971649,1.0,0.8311631679534912,0.6234678030014038,True,True,False,,False,False,False,False,False,False,True,False,False,False,0.8311631679534912,False,False,1.2323232323232323,False,False,False,0.0,gold_direct,clean,419.05,d539bc4eec11cb23,194,srs
24718,gold/stt2_page_0290_c09_152.png,stt2,page_0290,9,報,con,𡥵,U+21975,char,GOLD,s1_inter_s2_similar,0.959,0.218,101.0,147.0,f25d74eab489,ok,train,stt2|page_0290|c9,"[227, 867, 344, 998]",0.6106494665145874,0.0011500468244776,0.2954906523227691,1.0,0.8990906476974487,0.6106494665145874,True,True,False,0.959,True,False,False,False,True,False,False,False,False,False,0.8990906476974487,False,False,1.4554455445544554,False,False,False,0.30000000000000004,similar_bridge,similar-bridge,419.05,731aa664bac5d871,195,srs
45046,gold/stt4_page_0194_c07_142.png,stt4,page_0194,7,朱,cho,朱,U+6731,char,GOLD,s1_inter_s2_direct,,0.163,74.0,80.0,11ce8d0c30db,ok,test,stt4|page_0194|c7,"[383, 831, 455, 904]",0.0384182147681713,0.0006404255400411,-0.7302314825356007,0.0,0.1556795686483383,0.768649697303772,True,True,True,,False,False,False,False,False,False,True,False,False,True,0.1556795686483383,True,False,1.0810810810810811,False,False,False,0.5874999999999999,head_disagree,"head-disagree,bank=0.16(p10)",,75169bf69cacf99c,196,active_lowmargin
23572,gold/stt2_page_0278_c04_073.png,stt2,page_0278,4,徳,đức,徳,U+5FB3,char,GOLD,s1_inter_s2_direct,,0.17,101.0,146.0,a1c665d000fd,ok,val,stt2|page_0278|c4,"[984, 2303, 1088, 2421]",-0.0082930149510502,0.0006066690548323,-0.7051113666966558,0.0,0.0974920243024826,0.6968183517456055,True,True,True,,False,False,False,False,False,False,True,False,False,True,0.0974920243024826,True,False,1.4455445544554455,False,False,False,0.5874999999999999,head_disagree,"head-disagree,bank=0.10(p10)",,d5423ef16c36d5a6,197,active_lowmargin
49557,gold/stt4_page_0244_c02_031.png,stt4,page_0244,2,事,sự,事,U+4E8B,char,GOLD,s1_inter_s2_direct,,0.254,62.0,79.0,9e9b3346a457,ok,train,stt4|page_0244|c2,"[864, 849, 935, 922]",0.7362633347511292,0.0012998773017898,0.4959140568971634,1.0,0.835990846157074,0.7362633347511292,True,True,False,,False,False,False,False,False,False,True,False,False,False,0.835990846157074,False,False,1.2741935483870968,False,False,False,0.0,gold_direct,clean,419.05,2eaab11e3850a222,198,srs
64771,gold/stt11_page_0114_c03_058.png,stt11,page_0114,3,雹,bão,雹,U+96F9,char,GOLD,s1_inter_s2_direct,,0.209,89.0,147.0,01149cf6db4c,ok,train,stt11|page_0114|c3,"[1170, 2126, 1274, 2246]",0.0590448155999183,0.0006657263147644,-0.2374527379870414,0.0,0.1483054608106613,0.2964975535869598,True,True,True,,False,False,False,False,False,False,True,False,False,True,0.1483054608106613,True,False,1.651685393258427,False,False,False,0.5874999999999999,head_disagree,"head-disagree,bank=0.15(p10)",419.05,6ed7043f6db42e63,199,srs
